1 2 0.05
3 4 0.2
5 6 0.01
5 7 0.05
5 8 0.01
5 9 0.2
5 10 0.05
5 11 0.05
5 12 0.05
5 13 0.01
5 14 0.01
5 15 0.01
5 16 0.01
5 17 0.05
5 18 0.05
5 19 0.05
5 20 0.01
5 21 0.01
5 22 0.05
5 23 0.05
5 24 0.2
5 25 0.05
5 26 0.01
5 27 0.01
5 28 0.05
5 29 0.05
5 30 0.01
5 31 0.05
5 32 0.01
5 33 0.2
5 34 0.05
5 35 0.05
5 36 0.05
5 37 0.05
5 38 0.01
5 39 0.05
5 40 0.2
5 41 0.01
42 43 0.05
42 44 0.2
42 45 0.2
42 46 0.01
42 27 0.05
42 47 0.05
42 48 0.2
42 49 0.05
42 50 0.05
51 52 0.05
51 53 0.05
51 54 0.2
51 55 0.01
51 56 0.05
51 57 0.2
51 58 0.01
51 16 0.2
51 59 0.2
51 60 0.2
51 61 0.05
51 62 0.01
51 13 0.05
51 23 0.01
51 63 0.2
51 64 0.2
51 65 0.2
51 66 0.2
51 67 0.05
51 24 0.2
51 68 0.01
51 69 0.01
51 70 0.2
51 71 0.2
51 72 0.2
51 73 0.2
51 74 0.05
51 75 0.2
51 76 0.05
51 77 0.2
51 39 0.05
51 78 0.05
51 22 0.2
51 79 0.05
51 80 0.05
51 81 0.05
51 44 0.01
51 41 0.01
51 82 0.01
51 83 0.01
51 84 0.05
51 85 0.05
51 49 0.01
51 86 0.05
51 87 0.01
51 88 0.05
51 27 0.05
87 89 0.2
87 90 0.01
87 91 0.05
87 92 0.01
87 93 0.2
87 94 0.2
87 95 0.05
87 96 0.2
87 18 0.2
87 13 0.2
87 79 0.01
87 97 0.05
87 27 0.01
87 78 0.2
87 51 0.01
87 98 0.2
87 99 0.05
87 100 0.2
87 77 0.05
87 88 0.01
87 50 0.2
87 2 0.01
87 101 0.05
87 102 0.05
87 49 0.01
87 103 0.01
87 104 0.05
87 29 0.05
87 105 0.2
87 106 0.01
87 107 0.01
87 108 0.01
87 109 0.01
87 110 0.2
87 111 0.2
87 46 0.2
87 47 0.05
112 113 0.01
112 114 0.01
112 115 0.01
112 116 0.05
117 118 0.05
117 67 0.2
117 119 0.2
117 120 0.2
117 50 0.01
121 86 0.01
122 67 0.05
123 124 0.01
123 125 0.05
123 126 0.01
123 127 0.05
123 128 0.05
123 88 0.01
123 129 0.2
123 130 0.01
123 131 0.01
123 132 0.05
123 133 0.01
123 94 0.05
123 134 0.05
123 135 0.01
123 82 0.05
123 136 0.05
123 50 0.2
123 49 0.01
123 78 0.05
123 137 0.2
138 139 0.2
138 140 0.05
138 141 0.01
138 24 0.05
138 133 0.05
138 142 0.2
138 17 0.01
138 143 0.2
138 144 0.2
138 94 0.2
138 11 0.2
138 13 0.2
138 145 0.05
138 27 0.2
138 146 0.05
138 76 0.01
138 84 0.01
138 73 0.2
138 47 0.2
138 147 0.05
138 74 0.2
138 148 0.2
138 149 0.01
138 150 0.01
138 28 0.05
138 43 0.01
138 151 0.01
138 152 0.05
138 153 0.05
138 58 0.05
138 88 0.2
138 80 0.2
138 154 0.05
138 155 0.01
138 83 0.01
138 156 0.2
138 157 0.2
138 86 0.01
138 45 0.01
138 158 0.01
138 159 0.01
160 41 0.2
160 161 0.2
162 163 0.01
162 164 0.01
162 165 0.05
162 44 0.05
162 166 0.01
162 110 0.2
162 167 0.01
162 168 0.01
162 169 0.2
162 170 0.01
162 171 0.05
162 172 0.2
162 173 0.01
162 174 0.05
162 175 0.01
162 176 0.2
162 177 0.05
162 178 0.01
162 179 0.01
162 180 0.05
162 181 0.05
162 88 0.2
162 182 0.05
162 183 0.2
162 135 0.2
162 184 0.01
162 185 0.01
162 47 0.05
162 46 0.05
162 186 0.05
187 49 0.2
188 189 0.01
188 190 0.05
188 124 0.01
188 191 0.01
188 192 0.2
188 193 0.01
188 194 0.05
188 195 0.01
188 196 0.05
188 197 0.01
188 198 0.01
188 199 0.01
188 200 0.01
188 201 0.05
188 202 0.01
188 203 0.01
188 204 0.01
188 205 0.01
188 206 0.01
188 207 0.01
188 208 0.05
188 209 0.2
188 210 0.05
188 211 0.2
188 212 0.01
188 213 0.05
188 214 0.01
188 215 0.01
188 216 0.2
188 217 0.01
188 218 0.01
188 219 0.05
188 220 0.05
188 221 0.05
188 27 0.01
188 222 0.05
188 88 0.05
188 223 0.05
188 224 0.05
188 225 0.2
188 133 0.01
188 11 0.2
188 143 0.2
188 153 0.05
188 226 0.2
188 227 0.01
188 228 0.05
188 85 0.05
188 16 0.01
229 133 0.05
229 230 0.2
231 232 0.05
231 233 0.2
231 234 0.2
113 235 0.05
113 236 0.05
113 146 0.01
113 237 0.05
113 238 0.2
113 239 0.05
113 240 0.2
113 241 0.05
113 242 0.2
113 243 0.01
113 244 0.05
113 245 0.2
113 153 0.2
113 246 0.05
113 247 0.01
113 95 0.01
113 248 0.01
113 143 0.2
113 227 0.01
113 249 0.05
113 250 0.2
113 251 0.05
113 252 0.01
113 253 0.01
113 254 0.01
113 255 0.01
113 256 0.05
113 257 0.2
113 258 0.2
113 64 0.2
113 259 0.2
113 260 0.01
113 261 0.01
113 88 0.05
113 262 0.05
113 263 0.2
113 85 0.2
113 264 0.01
113 265 0.2
113 266 0.2
113 267 0.2
113 13 0.05
113 66 0.2
113 70 0.05
113 137 0.01
113 268 0.2
113 27 0.2
113 269 0.01
113 81 0.2
113 270 0.01
113 73 0.2
113 41 0.05
113 76 0.01
113 4 0.2
113 271 0.05
113 65 0.05
113 272 0.05
113 273 0.05
113 274 0.01
113 39 0.01
113 30 0.05
113 71 0.2
113 86 0.05
113 50 0.05
86 104 0.2
86 275 0.2
86 52 0.2
86 276 0.01
86 277 0.05
86 278 0.05
86 279 0.05
86 280 0.2
86 67 0.01
86 281 0.01
86 282 0.2
86 283 0.2
86 284 0.2
86 285 0.2
86 286 0.2
86 287 0.05
86 288 0.2
86 75 0.01
86 289 0.2
86 290 0.2
86 76 0.01
86 273 0.2
86 291 0.01
86 292 0.05
86 293 0.05
86 294 0.2
86 49 0.2
86 295 0.2
86 155 0.2
86 296 0.05
86 297 0.05
86 2 0.01
86 298 0.01
86 73 0.01
86 70 0.2
86 299 0.05
86 300 0.2
86 102 0.01
86 71 0.01
86 134 0.01
86 301 0.01
86 302 0.05
86 303 0.01
86 304 0.05
86 305 0.01
86 306 0.01
86 35 0.05
86 113 0.01
86 307 0.2
86 308 0.05
86 182 0.05
86 309 0.05
86 310 0.01
86 311 0.05
86 312 0.01
86 313 0.01
86 314 0.2
86 121 0.2
315 80 0.2
315 316 0.05
315 137 0.05
315 317 0.05
315 318 0.2
315 319 0.01
315 320 0.01
315 321 0.2
315 296 0.2
315 322 0.2
315 323 0.01
315 324 0.01
315 325 0.2
315 326 0.2
315 2 0.01
315 156 0.01
315 327 0.2
315 83 0.05
315 88 0.05
315 32 0.05
315 328 0.2
315 49 0.2
315 155 0.01
315 329 0.05
300 330 0.2
300 73 0.2
300 88 0.05
300 331 0.01
300 155 0.01
300 69 0.01
300 30 0.01
300 332 0.2
300 27 0.2
300 86 0.05
300 292 0.05
300 333 0.2
300 334 0.01
300 295 0.01
300 39 0.05
300 41 0.01
300 317 0.01
300 46 0.01
300 135 0.2
300 335 0.05
300 313 0.2
300 32 0.05
300 304 0.2
300 336 0.2
300 108 0.05
300 156 0.01
300 307 0.01
300 47 0.2
300 83 0.2
300 337 0.01
338 339 0.05
338 340 0.01
338 341 0.05
338 49 0.2
338 332 0.2
338 135 0.2
338 46 0.01
338 342 0.01
338 343 0.2
338 344 0.2
345 346 0.05
50 62 0.05
50 347 0.01
50 266 0.2
50 307 0.05
50 348 0.01
50 349 0.05
50 84 0.01
50 59 0.01
50 350 0.05
50 351 0.01
50 24 0.05
50 137 0.01
50 281 0.05
50 133 0.2
50 123 0.01
50 153 0.2
50 269 0.05
50 352 0.01
50 23 0.05
50 353 0.2
50 134 0.05
50 67 0.01
50 252 0.01
50 354 0.01
50 76 0.2
50 242 0.2
50 257 0.2
50 355 0.01
50 4 0.2
50 356 0.2
50 14 0.05
50 286 0.2
50 154 0.05
50 357 0.05
50 87 0.01
50 358 0.01
50 64 0.01
50 20 0.2
50 359 0.01
50 360 0.2
50 361 0.05
50 22 0.2
50 82 0.01
50 73 0.01
50 83 0.01
50 28 0.01
50 113 0.01
50 71 0.05
50 88 0.01
50 81 0.2
50 49 0.05
50 80 0.2
50 155 0.2
50 41 0.05
50 27 0.05
50 39 0.05
362 363 0.01
362 364 0.05
362 365 0.2
362 366 0.01
362 367 0.05
362 124 0.05
362 60 0.2
362 368 0.2
362 261 0.01
362 369 0.01
362 370 0.01
362 371 0.05
362 246 0.01
362 372 0.05
362 94 0.05
362 373 0.01
362 242 0.2
362 85 0.2
362 70 0.01
362 374 0.01
362 260 0.05
49 11 0.05
49 375 0.2
49 376 0.2
49 377 0.01
49 242 0.2
49 137 0.01
49 82 0.2
49 62 0.2
49 298 0.2
49 378 0.2
49 266 0.2
49 13 0.2
49 70 0.2
49 87 0.05
49 64 0.2
49 379 0.01
49 67 0.05
49 352 0.05
49 88 0.2
49 380 0.01
49 76 0.01
49 24 0.01
49 20 0.01
49 281 0.05
49 381 0.05
49 358 0.05
49 73 0.05
49 83 0.01
49 360 0.01
49 27 0.01
49 50 0.05
49 41 0.2
49 155 0.01
382 50 0.05
382 75 0.05
382 383 0.01
382 384 0.2
382 385 0.01
382 41 0.2
382 81 0.05
382 39 0.01
382 386 0.2
382 46 0.05
382 80 0.2
382 359 0.05
382 387 0.01
382 388 0.2
382 389 0.05
382 27 0.01
382 390 0.01
382 307 0.05
391 392 0.01
391 393 0.05
391 394 0.01
391 395 0.01
391 396 0.2
391 397 0.01
391 68 0.05
391 332 0.01
391 69 0.2
391 135 0.01
391 330 0.2
391 47 0.2
391 310 0.05
391 30 0.05
391 311 0.01
391 398 0.2
391 399 0.01
391 400 0.01
391 401 0.05
391 402 0.2
391 403 0.01
391 108 0.01
391 46 0.05
391 39 0.05
391 404 0.01
391 405 0.2
391 406 0.2
391 407 0.05
391 408 0.01
88 409 0.01
88 410 0.01
88 411 0.01
88 412 0.2
88 413 0.2
88 414 0.01
88 415 0.05
88 218 0.2
88 416 0.2
88 417 0.01
88 418 0.01
88 145 0.2
88 419 0.2
88 420 0.2
88 421 0.2
88 422 0.2
88 423 0.05
88 424 0.01
88 425 0.05
88 191 0.01
88 426 0.2
88 427 0.01
88 239 0.2
88 23 0.2
88 428 0.01
88 429 0.2
88 430 0.05
88 431 0.2
88 432 0.01
88 433 0.01
88 193 0.05
88 434 0.05
88 435 0.05
88 436 0.01
88 437 0.2
88 211 0.2
88 438 0.2
88 439 0.05
88 204 0.2
88 440 0.01
88 441 0.2
88 442 0.05
88 203 0.2
88 443 0.2
88 444 0.01
88 445 0.01
88 446 0.01
88 447 0.01
88 448 0.01
88 449 0.2
88 450 0.2
88 451 0.2
88 452 0.05
88 453 0.05
88 454 0.2
88 455 0.05
88 199 0.01
88 456 0.05
88 457 0.2
88 458 0.01
88 228 0.05
88 459 0.01
88 108 0.2
88 460 0.05
88 461 0.2
88 462 0.01
88 196 0.01
88 463 0.01
88 464 0.05
88 465 0.05
88 104 0.01
88 466 0.05
88 467 0.2
88 468 0.2
88 210 0.05
88 469 0.2
88 197 0.01
88 213 0.05
88 470 0.05
88 208 0.05
88 146 0.05
88 471 0.2
88 472 0.01
88 143 0.05
88 85 0.2
88 473 0.2
88 226 0.2
88 200 0.01
88 363 0.05
88 214 0.05
88 113 0.2
88 94 0.05
88 16 0.05
13 474 0.05
13 241 0.05
13 475 0.05
13 174 0.05
13 254 0.05
13 476 0.2
13 477 0.2
13 91 0.01
13 478 0.01
13 479 0.2
13 55 0.2
13 480 0.01
13 379 0.01
13 481 0.05
13 482 0.05
13 483 0.05
13 484 0.05
13 485 0.05
13 236 0.01
13 486 0.2
13 487 0.2
13 488 0.01
13 489 0.01
13 490 0.01
13 491 0.01
13 492 0.01
13 493 0.2
13 494 0.01
13 495 0.2
13 496 0.2
13 93 0.05
13 17 0.05
13 497 0.01
13 498 0.05
13 499 0.05
13 27 0.01
13 500 0.01
13 362 0.05
13 372 0.01
13 248 0.05
13 278 0.2
13 501 0.2
13 470 0.2
13 92 0.2
13 502 0.01
13 146 0.05
13 395 0.05
13 503 0.2
13 504 0.2
13 505 0.2
13 18 0.2
13 506 0.2
13 94 0.01
13 507 0.05
13 252 0.2
13 373 0.2
13 508 0.05
13 227 0.2
13 509 0.05
13 510 0.2
13 511 0.05
13 512 0.01
13 85 0.01
13 374 0.01
13 264 0.05
13 242 0.05
13 260 0.05
13 88 0.05
13 70 0.05
13 23 0.2
513 514 0.01
513 515 0.05
513 197 0.01
513 516 0.01
513 517 0.2
513 518 0.05
513 519 0.01
513 520 0.2
513 219 0.2
513 521 0.05
513 522 0.01
513 436 0.05
513 84 0.2
513 523 0.2
513 524 0.05
513 194 0.05
513 223 0.01
513 144 0.2
513 143 0.2
513 525 0.2
513 224 0.01
513 60 0.05
513 526 0.01
513 527 0.01
513 376 0.2
513 528 0.2
513 529 0.05
513 530 0.01
513 531 0.05
513 532 0.01
513 507 0.05
513 14 0.05
513 533 0.05
513 534 0.01
513 535 0.01
513 241 0.2
513 536 0.2
513 371 0.01
513 537 0.05
513 236 0.2
513 538 0.05
513 142 0.01
513 370 0.2
513 473 0.2
513 244 0.2
513 94 0.2
513 539 0.2
513 113 0.05
513 17 0.01
513 540 0.01
513 503 0.2
513 541 0.2
513 542 0.2
513 543 0.2
513 278 0.01
513 264 0.2
513 347 0.01
513 83 0.2
513 11 0.2
513 544 0.05
513 67 0.05
513 545 0.2
513 363 0.05
513 253 0.01
513 250 0.05
513 62 0.2
513 546 0.05
513 16 0.05
513 70 0.2
513 242 0.01
513 372 0.01
513 13 0.05
513 547 0.05
513 245 0.05
513 80 0.2
513 548 0.2
513 549 0.01
513 27 0.05
513 550 0.2
513 133 0.05
513 254 0.05
513 258 0.01
513 261 0.05
513 146 0.01
513 298 0.05
513 551 0.01
513 552 0.01
513 553 0.01
513 58 0.05
513 49 0.05
513 73 0.2
513 71 0.01
513 331 0.2
513 360 0.01
513 79 0.01
513 4 0.2
554 513 0.01
554 555 0.05
554 556 0.05
554 557 0.2
554 558 0.05
554 261 0.2
554 559 0.05
554 560 0.05
554 561 0.05
554 298 0.2
554 68 0.01
562 104 0.01
562 461 0.01
562 436 0.01
562 85 0.01
562 455 0.05
562 7 0.05
562 219 0.2
562 563 0.01
562 564 0.01
562 6 0.05
562 565 0.2
562 211 0.2
562 434 0.01
562 216 0.05
562 196 0.01
562 566 0.2
562 567 0.2
562 568 0.01
562 569 0.2
562 55 0.2
562 70 0.2
562 570 0.01
571 572 0.01
571 573 0.2
574 575 0.2
574 49 0.05
574 576 0.01
574 577 0.2
574 386 0.2
574 578 0.05
574 75 0.2
83 579 0.2
83 371 0.05
83 279 0.01
83 580 0.01
83 581 0.01
83 224 0.01
83 538 0.2
83 582 0.2
83 18 0.05
83 583 0.2
83 584 0.2
83 94 0.05
83 374 0.01
83 24 0.2
83 488 0.2
83 85 0.05
83 585 0.01
83 586 0.2
83 23 0.2
83 67 0.05
83 358 0.2
83 14 0.01
83 79 0.01
83 133 0.2
83 242 0.05
83 16 0.05
83 318 0.2
83 587 0.05
83 69 0.01
83 245 0.05
83 4 0.2
83 253 0.2
83 153 0.01
83 300 0.2
83 560 0.2
83 64 0.2
83 27 0.01
83 88 0.05
83 51 0.01
83 84 0.01
83 317 0.05
83 74 0.05
83 360 0.05
83 49 0.05
540 588 0.05
540 589 0.05
540 590 0.2
540 591 0.01
540 592 0.2
540 46 0.2
540 593 0.05
594 15 0.01
594 595 0.05
594 596 0.01
594 243 0.05
594 549 0.05
594 597 0.2
594 598 0.01
594 599 0.01
594 600 0.2
594 601 0.2
594 602 0.2
594 603 0.05
594 604 0.05
594 605 0.2
594 606 0.2
594 279 0.05
594 607 0.01
594 608 0.01
594 609 0.2
594 94 0.01
594 532 0.01
594 610 0.05
594 611 0.01
594 612 0.05
594 27 0.01
594 70 0.2
594 185 0.01
594 613 0.05
594 544 0.01
594 4 0.2
594 614 0.01
594 245 0.2
594 560 0.01
594 18 0.2
594 615 0.01
594 616 0.05
594 298 0.05
594 617 0.05
594 62 0.2
594 618 0.05
594 619 0.2
594 620 0.05
594 82 0.01
594 621 0.2
594 73 0.2
594 256 0.05
594 5 0.01
594 360 0.01
594 151 0.01
622 50 0.2
622 623 0.01
622 32 0.2
622 49 0.05
622 386 0.05
622 624 0.2
622 104 0.2
622 45 0.01
622 625 0.2
626 76 0.2
626 295 0.05
626 50 0.01
626 46 0.01
626 342 0.01
626 627 0.05
526 17 0.2
526 628 0.01
526 208 0.05
526 629 0.2
526 630 0.01
526 631 0.2
526 632 0.05
526 633 0.01
526 425 0.01
526 634 0.2
526 635 0.01
526 417 0.05
526 636 0.01
526 496 0.05
526 637 0.2
526 431 0.01
526 439 0.2
526 430 0.01
526 638 0.05
526 639 0.2
526 562 0.01
526 640 0.05
526 641 0.01
526 642 0.01
526 643 0.2
526 644 0.05
526 517 0.01
526 226 0.05
526 645 0.01
526 448 0.01
526 646 0.01
526 419 0.05
526 647 0.05
526 435 0.01
526 197 0.05
526 648 0.01
526 649 0.2
526 447 0.05
526 650 0.2
526 428 0.2
526 104 0.01
526 436 0.2
526 651 0.05
526 523 0.05
526 466 0.01
526 567 0.05
526 652 0.2
526 563 0.05
526 124 0.01
526 209 0.2
526 653 0.2
526 443 0.2
526 199 0.01
526 210 0.2
526 195 0.05
526 654 0.05
526 655 0.05
526 656 0.2
526 657 0.05
526 192 0.2
526 194 0.05
526 658 0.01
526 140 0.05
526 566 0.2
526 7 0.2
526 213 0.01
526 516 0.05
526 455 0.2
526 146 0.05
526 223 0.01
526 659 0.01
526 238 0.2
526 660 0.2
526 142 0.2
526 473 0.2
27 653 0.05
27 661 0.05
27 197 0.05
27 662 0.01
27 192 0.01
27 54 0.2
27 7 0.01
27 663 0.2
27 664 0.01
27 51 0.05
27 140 0.01
27 665 0.01
27 550 0.05
27 223 0.05
27 666 0.2
27 317 0.01
27 52 0.05
27 238 0.01
27 473 0.01
27 124 0.2
27 214 0.01
27 660 0.05
27 502 0.2
27 225 0.2
27 226 0.01
27 11 0.2
27 363 0.2
27 146 0.05
27 667 0.01
27 236 0.05
27 24 0.2
27 94 0.05
27 488 0.01
27 143 0.01
27 374 0.2
27 246 0.05
27 506 0.01
27 18 0.01
27 16 0.2
27 17 0.05
27 279 0.01
27 133 0.2
27 560 0.2
27 668 0.05
27 242 0.05
27 23 0.2
27 41 0.01
330 669 0.2
330 670 0.05
330 671 0.2
330 672 0.01
330 673 0.2
330 361 0.01
330 674 0.2
330 318 0.05
330 675 0.05
330 676 0.2
330 677 0.01
330 300 0.2
330 678 0.2
330 71 0.05
330 82 0.05
330 64 0.01
330 88 0.01
330 51 0.2
330 679 0.05
330 358 0.01
330 680 0.2
330 149 0.01
330 41 0.01
330 100 0.05
330 323 0.2
330 681 0.2
330 334 0.01
330 359 0.01
245 225 0.2
245 124 0.01
245 682 0.2
245 683 0.01
245 684 0.2
245 685 0.05
245 541 0.05
245 537 0.2
245 370 0.05
245 473 0.2
245 686 0.2
245 558 0.01
245 687 0.2
245 688 0.01
245 363 0.01
245 113 0.01
245 689 0.01
245 557 0.01
245 690 0.05
245 278 0.01
245 132 0.05
245 513 0.2
245 547 0.2
245 10 0.01
245 691 0.05
245 18 0.01
245 543 0.01
245 504 0.01
245 56 0.05
245 692 0.2
245 499 0.05
245 256 0.05
245 550 0.05
245 92 0.01
245 693 0.2
245 694 0.01
245 695 0.01
245 696 0.05
245 697 0.01
245 502 0.01
245 698 0.05
245 699 0.05
245 11 0.01
245 94 0.2
245 700 0.2
245 599 0.2
245 570 0.01
245 506 0.05
245 76 0.01
245 253 0.2
245 621 0.2
245 374 0.01
245 701 0.05
245 610 0.05
245 702 0.2
245 703 0.05
245 258 0.05
245 70 0.05
245 185 0.01
245 13 0.01
245 261 0.01
245 17 0.2
245 254 0.05
245 23 0.01
245 260 0.05
245 81 0.2
245 242 0.2
245 347 0.2
245 379 0.01
245 133 0.05
245 41 0.05
245 80 0.01
245 88 0.2
245 73 0.2
245 4 0.01
245 279 0.2
245 14 0.05
245 83 0.05
245 49 0.2
245 27 0.05
704 39 0.01
704 705 0.05
704 49 0.05
704 84 0.2
704 47 0.05
704 706 0.01
704 97 0.05
704 68 0.01
704 707 0.05
704 708 0.01
704 709 0.05
704 27 0.2
704 304 0.05
704 710 0.05
704 711 0.01
704 344 0.2
704 712 0.01
704 713 0.05
714 261 0.2
714 242 0.05
714 715 0.2
714 716 0.2
714 717 0.01
714 396 0.05
714 718 0.2
714 94 0.01
714 719 0.2
714 146 0.05
714 720 0.2
714 27 0.01
714 88 0.01
714 721 0.2
714 509 0.2
714 133 0.05
714 84 0.01
714 85 0.2
714 264 0.2
714 549 0.2
714 12 0.05
714 347 0.2
714 14 0.05
714 610 0.05
714 722 0.05
714 723 0.05
714 4 0.2
714 724 0.2
714 725 0.05
714 726 0.01
714 727 0.01
714 49 0.05
714 728 0.2
714 729 0.05
714 544 0.2
714 730 0.2
714 731 0.01
714 732 0.05
714 92 0.01
714 733 0.05
714 734 0.01
714 735 0.2
714 500 0.01
714 57 0.05
714 60 0.05
714 736 0.05
714 553 0.01
714 737 0.2
714 687 0.01
714 263 0.2
714 80 0.05
714 13 0.01
714 738 0.2
714 739 0.2
714 740 0.01
714 741 0.01
714 2 0.05
714 742 0.2
743 156 0.2
743 32 0.01
743 83 0.2
743 317 0.05
743 88 0.05
743 744 0.05
230 745 0.01
230 746 0.2
230 360 0.01
230 659 0.2
230 747 0.05
230 642 0.05
230 645 0.2
230 748 0.2
230 214 0.05
230 749 0.05
230 750 0.05
230 240 0.01
230 279 0.05
230 751 0.01
230 752 0.01
230 753 0.01
230 455 0.05
230 241 0.05
230 525 0.05
230 124 0.01
230 421 0.05
230 27 0.05
230 223 0.2
230 85 0.2
230 754 0.01
230 371 0.2
230 253 0.01
230 236 0.01
230 755 0.05
230 480 0.2
230 756 0.05
230 361 0.01
230 133 0.01
230 757 0.05
230 758 0.01
230 759 0.05
230 721 0.05
230 281 0.2
230 760 0.2
230 78 0.05
230 761 0.01
230 762 0.05
230 245 0.01
230 763 0.05
230 358 0.2
230 764 0.01
230 356 0.2
230 765 0.05
230 766 0.05
230 551 0.01
230 553 0.01
230 767 0.01
230 768 0.2
230 769 0.05
230 310 0.01
230 65 0.01
230 575 0.2
230 770 0.01
230 84 0.2
230 771 0.01
230 32 0.05
230 772 0.01
230 773 0.05
230 774 0.05
230 775 0.01
230 168 0.01
230 326 0.2
230 776 0.2
230 334 0.05
230 46 0.01
230 777 0.05
230 778 0.2
230 604 0.05
230 86 0.05
230 779 0.2
230 780 0.05
230 781 0.05
230 41 0.05
782 783 0.2
782 784 0.05
782 785 0.2
782 786 0.05
782 787 0.01
782 788 0.05
108 789 0.01
108 790 0.2
108 237 0.01
108 631 0.01
108 424 0.05
108 452 0.01
108 442 0.01
108 238 0.2
108 642 0.01
108 417 0.2
108 461 0.01
108 433 0.05
108 432 0.01
108 210 0.2
108 455 0.05
108 254 0.05
108 436 0.01
108 213 0.05
108 791 0.01
108 193 0.01
108 422 0.01
108 640 0.05
108 792 0.05
108 793 0.2
108 196 0.05
108 439 0.2
108 458 0.01
108 447 0.2
108 514 0.2
108 794 0.2
108 95 0.2
108 13 0.05
108 73 0.05
108 45 0.01
108 88 0.01
108 86 0.01
108 27 0.05
108 155 0.2
108 41 0.05
108 49 0.01
795 796 0.01
795 797 0.01
795 798 0.05
795 799 0.2
795 800 0.2
795 801 0.01
795 802 0.2
795 45 0.05
795 30 0.05
795 82 0.01
795 50 0.2
795 41 0.05
795 78 0.2
795 803 0.01
795 552 0.01
795 269 0.05
795 46 0.01
795 304 0.2
795 49 0.2
379 662 0.2
379 261 0.2
379 804 0.2
379 476 0.01
379 525 0.01
379 373 0.01
379 602 0.05
379 805 0.2
379 56 0.05
379 751 0.2
379 55 0.2
379 806 0.05
379 807 0.2
379 301 0.01
379 541 0.01
379 808 0.05
379 76 0.2
379 246 0.01
379 499 0.05
379 256 0.2
379 809 0.01
379 58 0.2
379 694 0.2
379 501 0.05
379 266 0.05
379 668 0.05
379 77 0.2
379 13 0.05
379 723 0.01
379 810 0.01
379 488 0.05
379 509 0.2
379 360 0.05
379 811 0.2
379 286 0.2
379 264 0.2
379 254 0.01
379 812 0.01
379 318 0.2
379 268 0.2
379 63 0.01
379 242 0.05
379 813 0.01
379 20 0.05
379 137 0.2
379 4 0.01
379 351 0.2
379 49 0.2
379 252 0.2
379 260 0.05
379 73 0.01
379 245 0.01
379 80 0.01
814 796 0.2
814 815 0.05
814 816 0.2
814 155 0.05
814 317 0.01
814 817 0.01
814 818 0.01
814 819 0.2
814 552 0.05
326 820 0.01
326 821 0.05
326 82 0.01
326 67 0.05
326 822 0.05
326 823 0.05
326 71 0.05
326 824 0.2
326 20 0.2
326 75 0.2
326 552 0.01
326 155 0.2
326 65 0.05
326 825 0.01
326 401 0.05
326 826 0.2
326 827 0.01
326 828 0.01
326 253 0.05
326 333 0.01
326 168 0.05
326 829 0.05
326 106 0.01
326 35 0.05
326 593 0.2
326 830 0.01
326 831 0.2
832 833 0.01
834 349 0.01
242 430 0.01
242 835 0.01
242 836 0.05
242 644 0.01
242 432 0.05
242 223 0.2
242 837 0.01
242 237 0.01
242 648 0.01
242 838 0.01
242 839 0.05
242 199 0.05
242 662 0.05
242 840 0.01
242 86 0.2
242 841 0.01
242 143 0.2
242 842 0.01
242 843 0.05
242 844 0.2
242 845 0.01
242 846 0.01
242 455 0.01
242 847 0.05
242 848 0.2
242 516 0.2
242 254 0.2
242 849 0.2
242 850 0.2
242 851 0.01
242 852 0.01
242 375 0.01
242 363 0.2
242 279 0.2
242 853 0.2
242 480 0.01
242 854 0.01
242 113 0.05
242 371 0.05
242 855 0.2
242 533 0.2
242 500 0.05
242 856 0.05
242 512 0.01
242 543 0.05
242 857 0.05
242 256 0.01
242 550 0.2
242 507 0.01
242 858 0.2
242 859 0.05
242 699 0.05
242 243 0.2
242 61 0.01
242 734 0.2
242 70 0.2
242 511 0.01
242 253 0.05
242 137 0.2
242 41 0.01
242 860 0.01
242 59 0.05
242 260 0.2
242 261 0.05
242 13 0.01
242 379 0.01
242 861 0.01
242 24 0.05
242 532 0.2
242 587 0.05
242 350 0.05
242 245 0.2
242 133 0.2
242 281 0.01
242 88 0.2
242 357 0.2
242 252 0.2
242 360 0.2
242 359 0.05
242 76 0.05
242 27 0.01
242 155 0.2
242 4 0.2
242 74 0.01
242 73 0.01
242 348 0.2
242 49 0.05
242 82 0.05
242 153 0.01
242 185 0.01
862 49 0.2
863 50 0.05
863 864 0.2
863 865 0.2
863 866 0.05
863 867 0.2
863 49 0.05
863 868 0.01
863 869 0.2
863 870 0.2
863 169 0.2
863 871 0.05
863 872 0.2
863 873 0.01
863 874 0.05
863 875 0.05
876 483 0.05
876 94 0.01
876 877 0.05
876 223 0.05
876 367 0.2
876 878 0.05
876 132 0.2
876 24 0.01
876 879 0.2
876 124 0.05
876 880 0.01
876 881 0.2
876 368 0.2
876 473 0.01
876 805 0.01
876 224 0.2
876 88 0.01
876 70 0.05
882 883 0.05
882 884 0.2
882 608 0.01
882 885 0.05
882 595 0.01
882 886 0.05
882 887 0.01
882 888 0.01
882 889 0.2
882 890 0.01
882 620 0.05
882 891 0.01
882 261 0.01
882 892 0.01
882 269 0.2
882 702 0.2
882 120 0.2
882 893 0.01
882 80 0.01
882 894 0.2
895 516 0.01
895 228 0.05
895 94 0.05
895 238 0.05
895 896 0.2
895 566 0.05
895 897 0.01
895 898 0.2
895 525 0.01
895 643 0.01
895 133 0.01
895 899 0.2
895 900 0.2
895 584 0.05
895 67 0.05
895 27 0.01
901 31 0.2
902 903 0.2
902 183 0.05
866 327 0.2
866 904 0.01
866 905 0.2
866 906 0.2
866 907 0.01
866 102 0.01
866 908 0.01
866 909 0.01
866 377 0.2
866 593 0.01
910 911 0.01
912 135 0.2
912 913 0.05
912 914 0.2
912 915 0.01
912 916 0.01
912 85 0.2
912 80 0.01
912 917 0.05
912 918 0.05
912 540 0.2
912 860 0.01
912 17 0.05
912 919 0.01
912 254 0.2
912 587 0.05
912 59 0.2
912 286 0.2
912 678 0.05
912 920 0.01
912 921 0.01
912 922 0.05
912 264 0.2
912 923 0.01
912 620 0.05
912 39 0.01
912 600 0.05
912 924 0.01
912 925 0.2
912 926 0.2
912 927 0.2
912 928 0.05
912 84 0.05
912 929 0.2
912 560 0.05
912 595 0.2
912 67 0.2
912 20 0.05
912 269 0.01
912 349 0.05
99 930 0.01
99 566 0.01
99 931 0.05
99 932 0.2
99 746 0.2
99 933 0.2
99 934 0.01
99 935 0.05
99 936 0.05
99 937 0.01
99 938 0.2
99 939 0.05
99 848 0.05
99 471 0.2
99 543 0.2
99 940 0.2
99 941 0.2
99 942 0.05
99 943 0.2
99 531 0.2
99 944 0.01
99 945 0.01
99 946 0.2
99 455 0.05
99 527 0.01
99 947 0.01
99 948 0.05
99 367 0.2
99 23 0.01
99 949 0.05
99 950 0.05
99 951 0.2
99 952 0.05
99 953 0.01
99 142 0.2
99 954 0.2
99 238 0.2
99 228 0.2
99 94 0.01
99 955 0.01
99 665 0.05
99 956 0.2
99 41 0.01
99 154 0.01
99 957 0.05
99 958 0.2
99 959 0.2
99 80 0.01
99 386 0.05
99 45 0.2
99 86 0.01
99 335 0.05
99 105 0.05
99 960 0.2
99 155 0.05
99 82 0.2
99 50 0.01
99 78 0.05
99 593 0.2
99 961 0.01
99 44 0.2
99 962 0.05
99 589 0.01
99 77 0.2
99 387 0.05
963 207 0.2
963 964 0.01
963 212 0.01
963 965 0.2
963 966 0.2
963 967 0.01
963 968 0.2
963 969 0.01
963 193 0.05
963 970 0.05
963 841 0.01
963 971 0.01
963 462 0.2
963 524 0.2
963 197 0.05
963 467 0.05
963 972 0.01
963 973 0.2
963 224 0.2
963 974 0.05
963 975 0.2
963 849 0.2
963 976 0.2
963 526 0.05
963 977 0.2
963 471 0.2
963 945 0.2
963 666 0.05
963 527 0.05
963 978 0.05
963 979 0.2
963 942 0.2
963 371 0.2
963 54 0.05
963 980 0.05
963 844 0.05
963 948 0.01
963 981 0.01
963 954 0.2
963 982 0.2
963 955 0.01
963 52 0.01
963 455 0.2
963 983 0.2
963 845 0.01
963 537 0.01
963 124 0.05
963 240 0.2
963 223 0.01
963 128 0.2
963 984 0.05
963 985 0.05
963 146 0.05
963 125 0.01
963 878 0.01
963 986 0.2
963 987 0.01
963 853 0.01
963 374 0.2
963 988 0.01
963 473 0.01
963 534 0.01
963 225 0.2
963 688 0.01
963 989 0.2
963 990 0.01
963 991 0.05
963 992 0.01
963 993 0.01
963 279 0.01
963 994 0.2
963 88 0.05
153 70 0.05
153 995 0.01
153 473 0.01
153 499 0.05
153 41 0.2
153 254 0.01
153 253 0.01
153 113 0.01
153 17 0.2
153 279 0.01
153 4 0.01
153 133 0.2
153 27 0.05
153 316 0.01
153 347 0.05
153 269 0.2
153 155 0.2
153 58 0.2
153 88 0.05
996 27 0.01
668 94 0.01
668 17 0.01
668 997 0.05
668 998 0.05
668 857 0.2
668 999 0.2
668 1000 0.2
668 1001 0.2
668 261 0.2
668 1002 0.2
668 18 0.05
668 1003 0.01
668 279 0.05
668 379 0.01
668 14 0.2
668 27 0.05
668 252 0.2
668 1004 0.01
668 349 0.01
668 41 0.2
1005 1006 0.2
1005 1007 0.05
1005 762 0.05
1005 1008 0.01
1005 1009 0.01
1005 1010 0.01
1005 1011 0.01
1005 1012 0.2
1005 1013 0.01
1005 1014 0.05
1005 49 0.05
1005 1015 0.01
1005 1016 0.01
1005 1017 0.05
1005 1018 0.01
1005 1019 0.2
1005 1020 0.05
1005 1021 0.05
1005 81 0.2
1005 1022 0.01
1005 50 0.2
1005 1023 0.2
1005 1024 0.05
1005 1025 0.2
1005 1026 0.2
1005 41 0.2
1005 69 0.05
1005 1027 0.2
1005 1028 0.01
1005 1029 0.2
1005 77 0.2
1005 1030 0.05
1005 1031 0.01
1005 1032 0.05
1005 1033 0.01
1034 4 0.05
1034 1035 0.05
1034 50 0.01
1034 1036 0.01
261 201 0.01
261 432 0.01
261 448 0.05
261 237 0.2
261 461 0.01
261 1037 0.01
261 584 0.05
261 228 0.2
261 538 0.01
261 238 0.05
261 1038 0.05
261 1039 0.05
261 367 0.2
261 241 0.2
261 1040 0.2
261 1041 0.2
261 1042 0.01
261 11 0.2
261 506 0.2
261 58 0.05
261 502 0.01
261 1043 0.05
261 550 0.05
261 1044 0.01
261 263 0.01
261 1045 0.01
261 505 0.05
261 347 0.01
261 718 0.2
261 1046 0.2
261 143 0.05
261 1047 0.05
261 28 0.01
261 597 0.2
261 1048 0.05
261 509 0.2
261 687 0.01
261 94 0.01
261 350 0.01
261 606 0.05
261 1049 0.01
261 1050 0.01
261 374 0.05
261 1051 0.01
261 1052 0.2
261 360 0.2
261 14 0.2
261 1053 0.01
261 1054 0.01
261 1055 0.2
261 511 0.05
261 133 0.05
261 609 0.01
261 49 0.2
261 113 0.01
261 260 0.2
261 59 0.01
261 18 0.2
261 16 0.2
261 23 0.2
261 811 0.05
261 600 0.2
261 265 0.05
261 80 0.01
261 20 0.05
261 1056 0.01
261 999 0.01
261 24 0.05
261 262 0.05
261 88 0.01
261 84 0.01
261 264 0.01
261 259 0.05
261 70 0.2
261 252 0.2
261 27 0.2
261 254 0.2
261 1057 0.2
261 13 0.05
261 560 0.01
261 242 0.01
261 245 0.01
261 185 0.2
261 379 0.05
261 17 0.01
1058 142 0.01
1058 254 0.05
1058 227 0.05
1058 1051 0.01
1058 621 0.01
1058 70 0.05
1058 18 0.2
1058 13 0.01
1058 82 0.05
1058 49 0.2
1058 80 0.2
1058 488 0.05
1058 120 0.2
1058 27 0.05
1058 76 0.01
1058 1059 0.01
1058 79 0.2
1058 245 0.05
1058 1060 0.01
1058 88 0.05
1061 1062 0.2
1061 1063 0.01
956 1064 0.05
956 850 0.01
956 27 0.01
956 4 0.01
956 70 0.05
1065 1066 0.05
1065 330 0.05
1065 138 0.2
1065 1067 0.01
1065 377 0.2
1065 1068 0.01
1065 1069 0.2
1065 1070 0.2
1065 88 0.01
769 1071 0.2
769 84 0.05
769 150 0.2
769 82 0.2
769 1072 0.01
769 681 0.05
769 151 0.05
769 1073 0.2
769 457 0.2
769 560 0.2
769 153 0.01
769 71 0.01
769 1014 0.2
769 956 0.2
769 43 0.2
769 322 0.2
769 909 0.2
769 589 0.01
769 298 0.2
919 659 0.05
919 608 0.01
919 1074 0.2
919 1075 0.05
919 912 0.01
919 1076 0.05
919 166 0.2
919 1077 0.01
800 550 0.05
800 146 0.05
800 245 0.01
800 1059 0.05
800 14 0.05
1078 13 0.05
1078 620 0.05
1078 983 0.2
1078 1079 0.05
1078 260 0.01
1078 610 0.05
1078 594 0.05
1078 74 0.2
1078 70 0.01
1078 1080 0.2
1078 259 0.05
1078 80 0.01
1078 360 0.2
1078 693 0.05
1078 27 0.2
1078 49 0.05
1078 4 0.2
1078 1081 0.01
1082 1083 0.01
1082 1084 0.05
1082 1085 0.01
1082 279 0.05
1082 370 0.2
1082 129 0.05
1082 1086 0.05
1082 1087 0.2
1082 1088 0.05
1082 225 0.2
1082 480 0.01
1082 371 0.2
1082 226 0.01
1082 1089 0.05
1082 1090 0.05
1082 688 0.05
1082 379 0.01
1082 1091 0.2
1082 1092 0.2
1082 1093 0.01
1082 428 0.01
1082 94 0.01
1082 241 0.01
1082 1094 0.2
1082 1095 0.01
1082 893 0.2
1082 84 0.05
1082 49 0.2
1082 82 0.2
1082 1096 0.01
1082 155 0.2
1082 50 0.01
1082 58 0.01
1082 488 0.2
488 1097 0.05
488 200 0.2
488 1098 0.2
488 1099 0.01
488 1100 0.2
488 686 0.05
488 375 0.2
488 531 0.01
488 805 0.05
488 256 0.2
488 133 0.05
488 92 0.05
488 1101 0.05
488 479 0.2
488 379 0.2
488 1102 0.2
488 1103 0.05
488 84 0.05
488 1050 0.01
488 1104 0.2
488 18 0.2
488 143 0.2
488 11 0.05
488 532 0.2
488 13 0.2
488 266 0.2
488 1105 0.2
488 1058 0.05
488 67 0.2
488 351 0.01
488 82 0.01
488 71 0.05
488 79 0.2
488 70 0.2
488 16 0.01
488 27 0.2
4 13 0.01
4 1051 0.2
4 596 0.05
4 730 0.05
4 258 0.01
4 1106 0.01
4 1107 0.05
4 620 0.2
4 1108 0.01
4 279 0.2
4 268 0.05
4 1109 0.01
4 927 0.01
4 63 0.2
4 134 0.05
4 379 0.05
4 1110 0.05
4 151 0.05
4 360 0.2
4 861 0.05
4 73 0.2
4 285 0.01
4 351 0.2
4 1111 0.05
4 352 0.05
4 917 0.05
4 758 0.2
4 1112 0.2
4 317 0.05
4 69 0.2
4 24 0.01
4 245 0.05
4 995 0.2
4 347 0.05
4 1113 0.2
4 291 0.05
4 188 0.05
4 133 0.2
4 80 0.05
4 1114 0.05
4 1115 0.2
4 316 0.2
4 14 0.2
4 1116 0.01
4 381 0.05
4 1117 0.2
4 28 0.01
4 50 0.01
4 113 0.05
4 27 0.01
4 292 0.05
4 58 0.01
4 671 0.01
4 88 0.05
4 1118 0.01
4 274 0.2
4 1119 0.2
4 155 0.05
4 83 0.2
4 553 0.01
4 349 0.2
4 1120 0.2
4 1121 0.01
4 1122 0.05
4 813 0.2
4 242 0.2
4 74 0.05
4 82 0.2
4 1123 0.05
4 1124 0.01
4 29 0.05
4 1125 0.05
4 1126 0.05
4 1127 0.2
4 1128 0.01
4 1129 0.2
4 1130 0.2
4 185 0.05
4 153 0.01
4 76 0.05
4 513 0.05
4 757 0.2
4 1131 0.05
4 154 0.01
4 1132 0.2
4 1133 0.2
1134 1135 0.05
1134 146 0.05
1134 1136 0.2
1134 1137 0.2
1134 640 0.05
1134 629 0.01
1134 1138 0.01
1134 1139 0.01
1134 437 0.01
1134 447 0.05
1134 516 0.2
1134 1140 0.2
1134 1141 0.2
1134 643 0.05
1134 1142 0.01
1134 1143 0.01
1134 423 0.01
1134 1144 0.01
1134 441 0.2
1134 430 0.05
1134 1145 0.01
1134 1146 0.01
1134 1147 0.2
1134 1148 0.01
1134 1149 0.05
1134 634 0.01
1134 1150 0.2
1134 1151 0.05
1134 1152 0.05
1134 1153 0.01
1134 1154 0.2
1134 418 0.05
1134 435 0.2
1134 1155 0.2
1134 1156 0.01
1134 1157 0.01
1134 417 0.2
1134 635 0.01
1134 1158 0.2
1134 1159 0.01
1134 416 0.05
1134 1160 0.2
1134 1161 0.05
1134 1162 0.01
1134 641 0.2
1134 425 0.2
1134 192 0.05
1134 1163 0.05
1134 1164 0.01
1134 639 0.05
1134 633 0.01
1134 630 0.2
1134 1165 0.01
1134 1166 0.05
1134 649 0.2
1134 647 0.01
1134 1167 0.05
1134 657 0.05
1134 1168 0.01
1134 1169 0.01
1134 203 0.01
1134 1170 0.05
1134 1171 0.05
1134 209 0.05
1134 1172 0.2
1134 1173 0.05
1134 363 0.2
1134 201 0.01
1134 237 0.05
1134 210 0.05
1134 849 0.05
1134 195 0.01
1134 1174 0.01
1134 194 0.2
1134 140 0.2
1134 1175 0.05
1134 142 0.05
16 1176 0.2
16 1177 0.2
16 1178 0.01
16 1179 0.05
16 196 0.01
16 239 0.01
16 448 0.01
16 464 0.05
16 17 0.01
16 438 0.2
16 228 0.05
16 222 0.2
16 423 0.2
16 7 0.2
16 514 0.01
16 729 0.01
16 472 0.05
16 52 0.05
16 1180 0.01
16 1181 0.01
16 1039 0.2
16 279 0.01
16 688 0.01
16 1048 0.01
16 509 0.05
16 58 0.2
16 550 0.01
16 1182 0.05
16 499 0.05
16 23 0.01
16 84 0.2
16 505 0.2
16 395 0.01
16 1183 0.05
16 1103 0.01
16 394 0.2
16 911 0.05
16 1184 0.05
16 1185 0.2
16 506 0.05
16 1186 0.01
16 734 0.05
16 1187 0.05
16 252 0.2
16 12 0.2
16 1188 0.2
16 374 0.05
16 254 0.01
16 1189 0.05
16 700 0.01
16 1109 0.05
16 1190 0.05
16 1191 0.2
16 1101 0.01
16 57 0.05
16 1192 0.01
16 261 0.2
16 1193 0.05
16 347 0.01
16 1055 0.2
16 60 0.01
16 602 0.2
16 693 0.01
16 1194 0.2
16 1195 0.05
16 83 0.01
16 511 0.01
16 1196 0.2
16 1197 0.2
16 1198 0.2
16 15 0.2
16 488 0.01
16 532 0.05
16 5 0.01
16 13 0.01
16 18 0.05
16 811 0.2
16 703 0.05
16 153 0.05
16 70 0.01
16 41 0.01
16 88 0.01
16 351 0.01
16 27 0.2
1199 286 0.05
1199 50 0.01
1199 22 0.01
1199 1200 0.01
1199 65 0.2
70 1201 0.2
70 143 0.05
70 241 0.05
70 1092 0.01
70 1040 0.2
70 52 0.01
70 145 0.2
70 848 0.01
70 223 0.05
70 1038 0.05
70 942 0.2
70 975 0.01
70 1202 0.05
70 1203 0.01
70 1204 0.01
70 516 0.05
70 948 0.01
70 701 0.05
70 9 0.2
70 1039 0.01
70 1205 0.05
70 1206 0.05
70 370 0.05
70 261 0.2
70 1207 0.01
70 214 0.01
70 1208 0.05
70 970 0.05
70 213 0.2
70 487 0.05
70 976 0.01
70 502 0.01
70 421 0.05
70 367 0.2
70 534 0.2
70 483 0.2
70 495 0.01
70 1209 0.2
70 550 0.05
70 1210 0.2
70 24 0.2
70 373 0.05
70 850 0.05
70 362 0.05
70 278 0.01
70 507 0.01
70 363 0.2
70 153 0.05
70 692 0.05
70 506 0.2
70 505 0.01
70 57 0.01
70 242 0.01
70 374 0.2
70 146 0.05
70 41 0.05
70 17 0.2
70 227 0.2
70 94 0.05
70 23 0.05
70 88 0.01
70 253 0.01
70 264 0.05
70 80 0.05
70 85 0.01
70 16 0.05
70 18 0.01
70 245 0.05
70 260 0.2
70 254 0.05
70 113 0.05
70 279 0.01
70 488 0.01
70 13 0.01
1211 1212 0.2
1211 351 0.05
1211 18 0.01
1211 70 0.2
1211 1103 0.01
1211 143 0.2
1211 104 0.2
1211 62 0.05
1211 13 0.05
1213 1214 0.2
1213 829 0.05
1213 1132 0.2
1213 764 0.2
1213 355 0.2
807 1215 0.05
807 94 0.2
807 514 0.01
807 447 0.01
807 442 0.01
807 446 0.01
807 455 0.05
807 194 0.05
807 237 0.01
807 1216 0.2
807 133 0.2
807 379 0.01
279 264 0.2
279 1097 0.01
279 1217 0.05
279 1218 0.2
279 1219 0.2
279 665 0.05
279 41 0.2
279 214 0.01
279 54 0.01
279 317 0.2
279 483 0.01
279 701 0.2
279 1037 0.2
279 1220 0.01
279 1221 0.2
279 238 0.2
279 1222 0.01
279 228 0.05
279 666 0.05
279 94 0.2
279 1039 0.05
279 736 0.05
279 143 0.05
279 375 0.2
279 1040 0.2
279 242 0.01
279 256 0.2
279 1223 0.01
279 1224 0.01
279 1225 0.05
279 1226 0.2
279 254 0.05
279 851 0.05
279 1227 0.05
279 538 0.01
279 474 0.05
279 11 0.2
279 260 0.2
279 1228 0.01
279 511 0.2
279 488 0.05
279 541 0.2
279 805 0.05
279 550 0.2
279 547 0.05
279 371 0.05
279 16 0.2
279 57 0.2
279 261 0.05
279 253 0.05
279 85 0.05
279 146 0.2
279 82 0.01
279 67 0.01
279 70 0.01
279 17 0.2
279 153 0.2
279 133 0.05
279 23 0.05
279 27 0.2
279 88 0.2
1229 1230 0.2
1229 226 0.01
1229 1168 0.01
1229 136 0.05
14 660 0.05
14 526 0.01
14 473 0.2
14 133 0.01
14 983 0.01
14 1231 0.05
14 663 0.05
14 513 0.01
14 1232 0.2
14 691 0.05
14 692 0.01
14 547 0.01
14 74 0.2
14 1233 0.2
14 550 0.05
14 245 0.01
14 553 0.2
14 80 0.01
14 671 0.2
14 18 0.01
14 81 0.05
14 70 0.05
14 83 0.01
14 49 0.01
14 4 0.05
14 723 0.2
14 13 0.05
14 668 0.2
14 610 0.05
14 1234 0.01
14 281 0.05
14 355 0.01
14 509 0.01
14 60 0.05
14 61 0.05
14 23 0.05
14 243 0.01
14 261 0.2
14 721 0.01
14 20 0.01
14 293 0.05
14 27 0.05
14 5 0.2
14 1235 0.05
14 1130 0.05
14 67 0.2
14 50 0.05
14 17 0.05
14 39 0.2
14 618 0.2
14 1236 0.01
14 59 0.01
14 154 0.2
14 1056 0.01
14 1028 0.01
14 1237 0.05
14 73 0.01
14 155 0.01
14 41 0.01
14 1238 0.2
14 64 0.05
14 681 0.2
14 1239 0.01
14 1240 0.01
14 113 0.01
14 137 0.05
14 351 0.05
14 361 0.01
14 1241 0.2
14 28 0.05
14 188 0.05
14 51 0.2
14 285 0.2
14 284 0.01
14 352 0.2
14 702 0.05
14 90 0.2
14 1242 0.01
14 349 0.05
14 356 0.01
67 461 0.2
67 667 0.01
67 236 0.01
67 499 0.01
67 1040 0.01
67 256 0.2
67 85 0.2
67 489 0.05
67 260 0.05
67 488 0.05
67 17 0.2
67 600 0.05
67 143 0.05
67 1243 0.2
67 615 0.05
67 1244 0.2
67 15 0.2
67 378 0.01
67 13 0.05
67 721 0.01
67 63 0.01
67 64 0.01
67 79 0.2
67 133 0.01
67 553 0.2
67 49 0.05
67 83 0.05
67 360 0.05
67 281 0.01
67 24 0.2
67 27 0.05
67 279 0.01
67 353 0.05
67 252 0.2
67 1245 0.01
67 797 0.01
67 88 0.01
67 80 0.01
67 286 0.2
67 23 0.01
67 361 0.01
67 532 0.01
67 20 0.01
1246 1122 0.01
1247 18 0.05
1247 291 0.2
702 1248 0.05
702 226 0.05
702 1249 0.01
702 1178 0.2
702 1250 0.2
702 432 0.01
702 1140 0.01
702 416 0.01
702 417 0.01
702 1251 0.01
702 642 0.2
702 523 0.05
702 634 0.2
702 430 0.05
702 835 0.2
702 238 0.05
702 639 0.05
702 1252 0.01
702 645 0.2
702 837 0.2
702 649 0.05
702 462 0.05
702 446 0.05
702 636 0.2
702 1253 0.2
702 192 0.01
702 473 0.2
702 564 0.2
702 197 0.2
702 140 0.01
702 1254 0.05
702 449 0.05
702 1255 0.01
702 1164 0.01
702 1256 0.2
702 522 0.05
702 459 0.01
702 1180 0.01
702 7 0.01
702 521 0.05
702 190 0.05
702 566 0.05
702 443 0.2
702 1257 0.01
702 1258 0.01
702 1259 0.2
702 1171 0.2
702 661 0.01
702 206 0.01
702 237 0.05
702 648 0.01
702 199 0.2
702 428 0.05
702 1260 0.05
702 839 0.05
702 1261 0.01
702 235 0.05
702 1262 0.05
702 195 0.01
702 212 0.2
702 194 0.01
702 652 0.2
702 223 0.2
702 1175 0.01
702 6 0.01
702 217 0.2
702 567 0.01
702 565 0.05
702 840 0.2
702 968 0.01
702 1263 0.2
702 1264 0.01
702 841 0.2
702 1265 0.01
702 665 0.01
702 209 0.01
702 1266 0.2
702 610 0.05
702 550 0.01
702 363 0.2
702 1267 0.2
702 94 0.05
702 24 0.05
702 17 0.05
702 16 0.05
702 1268 0.2
702 378 0.01
702 67 0.01
702 14 0.05
702 64 0.2
702 1269 0.01
1270 644 0.2
1270 1271 0.01
1270 461 0.2
1270 1272 0.2
1270 452 0.05
1270 473 0.01
1270 211 0.05
1270 1273 0.05
1270 518 0.01
1270 794 0.05
1270 1274 0.05
1270 1275 0.05
1270 217 0.05
1270 144 0.01
1270 11 0.01
1270 509 0.2
1270 88 0.2
1270 27 0.2
1270 1276 0.01
1270 193 0.2
1270 1208 0.2
1270 1277 0.2
1270 213 0.2
1270 1278 0.2
1270 516 0.01
1270 1279 0.05
1270 523 0.01
1270 85 0.01
1270 467 0.05
1270 317 0.05
1270 208 0.05
1270 1280 0.01
1270 1281 0.2
1270 1282 0.01
1270 1283 0.01
1270 1284 0.05
1270 224 0.05
1270 1285 0.01
1270 950 0.05
1270 1286 0.05
1270 665 0.05
1270 476 0.01
1270 1083 0.2
1270 1287 0.05
1270 221 0.01
1270 1288 0.05
1270 1289 0.2
1270 1290 0.01
1270 92 0.01
1270 57 0.05
1270 1291 0.2
1270 4 0.2
1270 1292 0.2
1270 269 0.01
64 688 0.05
64 264 0.2
64 301 0.01
64 702 0.2
64 1193 0.01
64 551 0.01
64 14 0.01
64 600 0.2
64 83 0.01
64 113 0.2
64 553 0.05
64 347 0.01
64 286 0.05
64 23 0.05
64 49 0.01
64 80 0.01
64 260 0.05
64 252 0.05
370 550 0.01
370 1038 0.01
370 1208 0.01
370 682 0.05
370 17 0.01
370 124 0.05
370 209 0.01
370 1094 0.01
370 11 0.2
370 530 0.01
370 474 0.05
370 1293 0.01
370 531 0.05
370 562 0.2
370 507 0.05
370 488 0.2
370 1227 0.01
370 53 0.05
370 18 0.2
370 371 0.2
370 88 0.05
370 699 0.01
370 877 0.05
370 256 0.01
370 379 0.05
370 529 0.01
370 16 0.05
370 1294 0.01
370 1295 0.2
370 225 0.05
370 486 0.05
370 1296 0.05
370 133 0.05
370 941 0.05
370 537 0.2
370 245 0.05
370 688 0.2
370 1297 0.2
370 1298 0.05
370 1299 0.01
370 1300 0.01
370 142 0.01
370 508 0.2
370 542 0.2
370 1301 0.05
370 990 0.2
370 608 0.2
370 1302 0.2
370 279 0.05
370 502 0.05
370 489 0.05
370 1303 0.2
370 805 0.01
370 534 0.05
370 1040 0.05
370 55 0.05
370 1304 0.01
370 1305 0.05
370 1224 0.05
370 13 0.2
370 1216 0.05
370 94 0.01
370 490 0.05
370 1306 0.2
370 253 0.05
370 1307 0.01
370 541 0.01
370 472 0.01
370 114 0.2
370 1308 0.2
370 58 0.01
370 533 0.2
370 143 0.05
370 363 0.01
370 535 0.05
370 1309 0.01
370 1289 0.05
370 1310 0.2
370 807 0.2
370 368 0.05
370 580 0.01
370 236 0.01
370 1311 0.2
370 24 0.01
370 226 0.05
370 131 0.01
370 473 0.01
370 1223 0.05
370 362 0.05
370 1312 0.05
1313 39 0.01
1313 49 0.2
1313 147 0.05
1313 1314 0.01
1313 1315 0.2
1316 1028 0.2
1316 1317 0.05
1316 1318 0.01
1316 71 0.01
1316 98 0.01
1316 1269 0.2
1316 106 0.2
1316 876 0.01
1316 1319 0.01
1316 623 0.05
1316 307 0.2
1316 43 0.05
1316 671 0.2
1316 168 0.2
1316 1320 0.2
1316 625 0.01
1316 81 0.05
1316 873 0.01
1316 772 0.01
1316 1321 0.05
1316 20 0.05
1316 1322 0.2
1316 1323 0.05
1316 1324 0.2
1316 138 0.01
1316 1325 0.05
1316 1326 0.05
1316 893 0.05
1316 1327 0.01
1316 1328 0.05
1316 829 0.01
1316 1329 0.01
1316 916 0.05
1316 1330 0.01
1316 758 0.01
1316 185 0.2
1316 552 0.01
1331 1332 0.2
1331 1333 0.05
1334 1335 0.01
1334 419 0.01
1334 567 0.05
1334 371 0.05
1334 421 0.2
1334 1336 0.05
1334 142 0.05
1334 473 0.2
1334 17 0.2
1334 805 0.05
1334 11 0.01
1334 88 0.01
1334 23 0.05
1334 1105 0.2
1334 143 0.05
1337 797 0.05
1337 27 0.01
1337 1338 0.01
1339 73 0.05
1339 49 0.01
1339 27 0.2
1339 80 0.01
1339 133 0.01
1339 553 0.2
1339 353 0.2
1339 1340 0.2
1339 1341 0.05
1339 1342 0.2
1343 245 0.05
1343 15 0.01
1344 1345 0.2
1344 1346 0.2
1344 211 0.2
1344 1347 0.2
1344 951 0.2
1344 1348 0.01
1344 1349 0.01
1344 665 0.01
1344 17 0.2
1344 1350 0.2
1344 1351 0.2
1344 132 0.01
1344 1352 0.05
1344 1353 0.2
1344 1354 0.05
1344 878 0.01
1344 277 0.05
1344 223 0.2
1344 1355 0.2
1344 530 0.05
1344 225 0.01
1344 1356 0.05
1344 1357 0.2
1344 1358 0.01
1344 188 0.05
1344 1359 0.01
1344 1360 0.2
1344 1361 0.2
1344 470 0.05
1344 209 0.05
1344 1362 0.05
1344 1224 0.01
1344 502 0.01
1344 1090 0.01
1344 1363 0.2
1344 990 0.01
1344 538 0.01
1344 1364 0.05
1344 1365 0.01
1344 534 0.05
1344 698 0.2
1344 688 0.01
1344 371 0.05
1344 699 0.01
1344 368 0.01
1344 1366 0.2
1344 56 0.01
1344 536 0.05
1344 253 0.2
1344 1367 0.05
1344 848 0.05
1344 1368 0.01
1344 88 0.2
1344 1369 0.01
1344 372 0.05
1344 1370 0.05
1344 214 0.05
1344 480 0.01
1344 537 0.01
1344 473 0.2
1344 608 0.05
1344 128 0.01
1344 370 0.01
1344 1310 0.01
1344 146 0.01
1344 94 0.01
1344 1371 0.2
1344 719 0.01
1344 396 0.05
1344 58 0.01
1344 133 0.2
1344 1372 0.2
1344 1373 0.2
1344 1374 0.2
1344 1375 0.01
1344 1376 0.05
1344 1377 0.05
1344 1296 0.2
1344 167 0.01
1344 504 0.2
1344 281 0.05
1344 24 0.05
914 926 0.01
914 912 0.2
914 1378 0.01
914 617 0.2
914 619 0.01
914 1379 0.2
914 137 0.2
914 1380 0.2
914 41 0.01
914 245 0.05
259 1381 0.05
259 610 0.01
259 188 0.2
259 602 0.01
259 605 0.05
259 16 0.05
259 702 0.05
259 286 0.01
259 619 0.05
259 586 0.05
259 84 0.05
259 1382 0.2
259 1109 0.01
259 1383 0.05
259 361 0.2
259 261 0.01
259 757 0.05
259 24 0.2
259 88 0.01
259 258 0.05
259 1384 0.05
259 253 0.01
259 13 0.05
259 70 0.01
259 1240 0.01
259 1385 0.2
259 264 0.2
259 1057 0.01
259 17 0.01
259 1386 0.2
259 1387 0.05
259 600 0.05
259 927 0.2
259 1388 0.01
259 734 0.01
259 4 0.2
259 1389 0.01
259 65 0.01
259 104 0.05
259 1390 0.01
259 74 0.05
259 317 0.01
259 43 0.2
259 1115 0.05
259 360 0.01
259 133 0.05
259 260 0.01
259 1391 0.01
259 80 0.01
259 63 0.01
259 59 0.05
259 348 0.2
259 995 0.2
259 685 0.05
259 617 0.01
259 1081 0.05
259 772 0.2
259 1245 0.01
259 113 0.05
259 1392 0.2
259 279 0.05
259 1078 0.2
259 1393 0.2
259 1079 0.2
259 245 0.05
259 1394 0.05
1395 1396 0.01
1395 27 0.01
1395 83 0.01
1395 351 0.05
1395 586 0.2
1395 59 0.01
1395 286 0.05
1395 699 0.01
1395 1397 0.2
1395 1398 0.05
1395 260 0.01
1395 88 0.01
1399 1400 0.2
1399 1031 0.01
1399 4 0.2
1399 1401 0.01
1399 263 0.2
1399 610 0.01
1399 16 0.05
1399 70 0.01
1399 88 0.2
1399 758 0.2
1399 703 0.2
1050 375 0.05
1050 550 0.2
1050 379 0.01
1050 374 0.2
1050 396 0.05
1050 1402 0.05
1050 717 0.05
1050 700 0.2
1050 1051 0.05
1050 679 0.05
1050 532 0.05
1050 884 0.05
1050 1403 0.01
1050 51 0.2
1050 316 0.01
1050 1404 0.05
1050 1049 0.2
1050 687 0.01
1050 1405 0.05
1050 813 0.05
1050 1406 0.2
1050 488 0.05
1050 1407 0.2
1050 1104 0.2
1050 65 0.2
1050 252 0.2
1050 1408 0.2
1050 618 0.2
1050 512 0.01
1050 246 0.2
1050 1409 0.01
1050 143 0.2
1050 1410 0.01
1050 13 0.2
1050 1109 0.05
1050 134 0.01
1050 59 0.01
1050 49 0.01
1050 80 0.01
1050 79 0.2
1050 285 0.2
1050 380 0.2
1050 120 0.05
1050 242 0.05
1050 361 0.01
1050 76 0.01
1050 20 0.01
1050 1411 0.2
1412 1178 0.2
1412 1413 0.05
1412 196 0.2
1412 1414 0.2
1412 1415 0.01
1412 1416 0.05
1412 1417 0.01
1412 488 0.05
1412 1418 0.2
999 668 0.05
999 261 0.05
999 1419 0.2
999 1420 0.2
999 1421 0.05
999 347 0.01
999 83 0.01
999 88 0.2
999 1384 0.01
1105 1422 0.05
1105 629 0.2
1105 430 0.01
1105 1423 0.2
1105 196 0.05
1105 424 0.2
1105 1294 0.05
1105 422 0.2
1105 515 0.05
1105 458 0.05
1105 1424 0.01
1105 461 0.05
1105 238 0.01
1105 217 0.01
1105 805 0.01
1105 1425 0.05
1105 219 0.2
1105 202 0.01
1105 1426 0.05
1105 1427 0.05
1105 1428 0.01
1105 665 0.05
1105 659 0.05
1105 473 0.2
1105 1090 0.01
1105 60 0.05
1105 1334 0.2
1105 502 0.01
1105 85 0.2
1105 1398 0.05
1105 1429 0.01
1105 1386 0.01
1105 151 0.2
1105 260 0.2
1430 1431 0.01
1430 1184 0.2
1430 360 0.2
1430 250 0.2
1430 13 0.05
1430 1432 0.2
1430 1049 0.01
1430 921 0.05
1430 153 0.2
1430 88 0.01
1430 1433 0.05
1430 1434 0.05
1430 258 0.01
1430 615 0.01
1430 621 0.2
1430 589 0.05
1430 84 0.01
1430 889 0.2
1430 1435 0.05
1430 242 0.2
1430 256 0.05
1430 1436 0.2
1430 19 0.2
1430 1390 0.01
1430 702 0.05
1430 1317 0.01
1430 739 0.2
1430 1437 0.05
1430 4 0.2
1430 1438 0.2
1430 27 0.2
1430 859 0.05
1430 151 0.05
1430 133 0.01
1430 287 0.05
1430 796 0.01
1430 1439 0.01
1430 917 0.01
1430 995 0.01
1430 69 0.2
1430 316 0.05
1430 1440 0.2
1430 962 0.01
1430 323 0.2
1430 553 0.2
1441 1442 0.01
1441 1234 0.01
1441 301 0.01
200 1443 0.05
200 208 0.2
200 1444 0.2
200 216 0.01
200 1279 0.2
200 1445 0.2
200 567 0.2
200 1446 0.01
200 840 0.01
200 1447 0.01
200 212 0.05
200 1216 0.2
200 218 0.05
200 658 0.2
200 217 0.05
200 1448 0.01
200 1449 0.2
200 1450 0.05
200 1451 0.05
200 879 0.05
200 375 0.01
200 223 0.01
200 682 0.05
200 1452 0.05
200 224 0.05
200 541 0.05
200 1453 0.01
200 24 0.01
200 1454 0.2
200 528 0.01
200 527 0.01
200 1455 0.05
200 1456 0.05
200 968 0.01
200 143 0.2
200 1457 0.05
200 1458 0.2
200 1459 0.05
200 371 0.05
200 684 0.05
200 1040 0.01
200 88 0.05
200 984 0.05
200 665 0.01
200 1460 0.05
200 878 0.05
200 370 0.01
200 688 0.2
200 1103 0.01
200 1461 0.2
200 805 0.2
200 1462 0.2
200 236 0.01
200 1309 0.01
200 473 0.2
1056 546 0.2
1056 60 0.01
1056 1463 0.01
1056 602 0.05
1056 88 0.05
1056 263 0.01
1056 4 0.01
1056 80 0.05
1056 261 0.2
1056 79 0.2
1056 1388 0.2
1056 254 0.01
1056 279 0.2
1056 241 0.2
1056 70 0.05
1056 13 0.05
1056 621 0.05
1056 262 0.01
1056 41 0.05
1056 23 0.2
1056 64 0.01
1056 27 0.05
1056 1437 0.01
1056 553 0.2
1056 28 0.05
1056 560 0.01
502 849 0.2
502 1353 0.05
502 805 0.01
502 955 0.01
502 1464 0.01
502 224 0.01
502 363 0.2
502 371 0.01
502 1094 0.01
502 1207 0.2
502 845 0.2
502 1465 0.01
502 1466 0.05
502 1467 0.2
502 1468 0.01
502 238 0.01
502 659 0.01
502 1469 0.05
502 1470 0.05
502 1450 0.05
502 1471 0.2
502 253 0.05
502 851 0.05
502 1472 0.01
502 848 0.2
502 1473 0.2
502 223 0.2
502 124 0.2
502 1474 0.05
502 880 0.05
502 128 0.05
502 1475 0.01
502 365 0.05
502 1476 0.01
502 88 0.2
502 70 0.05
502 27 0.2
502 530 0.05
502 1227 0.05
502 1216 0.2
502 1352 0.05
502 1477 0.2
502 131 0.01
502 473 0.2
502 225 0.2
502 1459 0.2
502 486 0.01
502 879 0.2
502 370 0.01
502 1478 0.2
502 1479 0.05
502 142 0.05
502 534 0.01
502 17 0.01
502 368 0.01
502 538 0.01
502 254 0.01
502 1480 0.2
502 376 0.05
502 1481 0.01
502 1482 0.01
502 501 0.01
502 1310 0.05
502 545 0.05
502 245 0.05
502 512 0.2
502 1483 0.01
502 1295 0.05
502 1484 0.05
502 548 0.01
502 1485 0.2
502 809 0.05
502 506 0.05
502 1486 0.05
502 541 0.01
502 1105 0.01
502 13 0.05
502 1487 0.2
502 347 0.05
502 1398 0.01
502 1185 0.01
502 250 0.05
502 1488 0.01
502 500 0.01
502 146 0.2
502 1296 0.05
502 394 0.2
502 700 0.01
502 4 0.2
264 420 0.01
264 805 0.05
264 1489 0.2
264 495 0.05
264 502 0.2
264 692 0.2
264 367 0.01
264 226 0.2
264 9 0.05
264 143 0.01
264 18 0.05
264 504 0.05
264 374 0.05
264 88 0.2
264 64 0.01
264 94 0.2
264 507 0.01
264 250 0.2
264 279 0.2
264 227 0.2
264 113 0.01
264 23 0.01
264 70 0.2
264 379 0.01
264 702 0.01
264 13 0.2
1490 504 0.05
1490 1491 0.05
1490 1047 0.2
1490 723 0.05
1490 1492 0.05
1490 1493 0.01
1490 1494 0.05
1490 1495 0.2
1490 1496 0.01
1490 687 0.2
1490 1497 0.05
1490 1498 0.01
1490 1193 0.05
1490 88 0.2
1490 610 0.2
1490 1499 0.2
1490 1500 0.05
1490 607 0.2
1490 609 0.01
1490 1501 0.2
1355 1502 0.05
1355 1503 0.2
1355 1504 0.2
1355 1505 0.01
1355 851 0.2
1355 990 0.05
1355 1506 0.05
1355 525 0.05
1355 1344 0.05
1355 1452 0.01
1355 1507 0.2
1355 1508 0.2
1355 1509 0.2
1437 655 0.01
1437 1510 0.05
1437 566 0.05
1437 202 0.2
1437 193 0.01
1437 1165 0.2
1437 583 0.05
1437 225 0.2
1437 534 0.2
1437 1478 0.01
1437 347 0.05
1437 702 0.05
1437 600 0.05
1437 1303 0.05
1437 687 0.01
1437 80 0.01
1437 16 0.05
1437 693 0.2
1437 88 0.05
1437 83 0.05
1437 1103 0.2
1437 185 0.01
1437 84 0.01
1511 1512 0.01
1511 1513 0.05
1511 1514 0.2
1511 1515 0.01
17 1516 0.2
17 201 0.05
17 196 0.01
17 1135 0.01
17 228 0.05
17 424 0.05
17 1422 0.2
17 1148 0.05
17 437 0.01
17 455 0.05
17 1517 0.01
17 278 0.01
17 419 0.05
17 567 0.01
17 629 0.01
17 1518 0.2
17 1519 0.01
17 1150 0.01
17 1520 0.2
17 1521 0.2
17 1105 0.01
17 637 0.2
17 432 0.2
17 431 0.01
17 635 0.01
17 1522 0.05
17 441 0.2
17 640 0.2
17 642 0.01
17 792 0.05
17 433 0.2
17 458 0.01
17 7 0.05
17 223 0.05
17 1523 0.05
17 473 0.01
17 439 0.2
17 793 0.2
17 807 0.2
17 659 0.2
17 435 0.2
17 1143 0.05
17 1164 0.01
17 237 0.2
17 211 0.05
17 226 0.05
17 219 0.2
17 208 0.2
17 514 0.2
17 222 0.2
17 436 0.2
17 209 0.05
17 199 0.01
17 702 0.2
17 452 0.05
17 213 0.2
17 1524 0.05
17 197 0.05
17 214 0.2
17 879 0.2
17 9 0.2
17 516 0.01
17 192 0.01
17 526 0.01
17 143 0.05
17 421 0.01
17 124 0.05
17 142 0.2
17 104 0.05
17 502 0.2
17 806 0.05
17 371 0.2
17 496 0.01
17 363 0.01
17 376 0.2
17 513 0.05
17 1334 0.2
17 472 0.01
17 550 0.2
17 470 0.01
17 11 0.2
17 506 0.01
17 23 0.05
17 67 0.2
17 88 0.01
17 94 0.01
17 18 0.05
17 261 0.01
17 27 0.01
1057 1525 0.2
1057 443 0.05
1057 1526 0.01
1057 452 0.01
1057 1527 0.05
1057 1528 0.01
1057 1529 0.2
1057 879 0.2
1057 547 0.2
1057 15 0.2
1057 259 0.05
1057 374 0.01
1057 49 0.2
1057 243 0.2
1057 1395 0.2
1057 619 0.2
1057 924 0.05
1057 273 0.05
1057 80 0.2
1057 27 0.2
595 807 0.05
595 1056 0.2
595 1530 0.01
595 507 0.01
595 27 0.05
595 1531 0.2
595 1459 0.01
595 1532 0.01
595 1533 0.01
595 1500 0.2
595 1534 0.2
595 373 0.2
595 57 0.01
595 92 0.01
595 363 0.01
595 241 0.2
595 699 0.05
595 11 0.05
595 509 0.01
595 1488 0.2
595 1185 0.05
595 1535 0.2
595 1536 0.01
595 1051 0.01
595 94 0.01
595 143 0.01
595 1537 0.01
595 1538 0.05
595 539 0.01
595 13 0.05
595 137 0.05
595 1539 0.01
1379 811 0.05
1379 59 0.05
1379 242 0.01
1379 927 0.05
18 1540 0.05
18 1541 0.05
18 94 0.01
18 1542 0.05
18 947 0.2
18 213 0.2
18 1543 0.2
18 848 0.01
18 1207 0.05
18 970 0.2
18 1544 0.2
18 223 0.01
18 367 0.05
18 1545 0.01
18 528 0.2
18 226 0.05
18 1352 0.2
18 1546 0.2
18 370 0.05
18 1227 0.2
18 254 0.01
18 1547 0.01
18 1548 0.05
18 495 0.2
18 479 0.05
18 1051 0.01
18 256 0.2
18 998 0.2
18 597 0.2
18 227 0.01
18 264 0.01
18 1047 0.01
18 857 0.2
18 1538 0.05
18 1549 0.2
18 509 0.01
18 374 0.05
18 88 0.01
18 146 0.2
18 252 0.2
18 13 0.01
18 1194 0.05
18 143 0.2
18 5 0.2
18 17 0.05
18 16 0.05
18 1198 0.2
18 1003 0.2
18 668 0.01
18 1550 0.05
18 27 0.01
18 23 0.05
18 70 0.05
1551 1038 0.05
1551 350 0.2
1551 1094 0.05
1551 1552 0.05
1551 1376 0.05
1551 473 0.2
1551 533 0.05
1551 702 0.01
1551 1266 0.01
1551 1553 0.05
1554 1555 0.05
1554 1556 0.01
1554 1557 0.01
1554 1558 0.01
1554 1559 0.2
1554 1560 0.2
1554 1561 0.2
1554 1562 0.01
1554 1563 0.05
1554 1564 0.2
1565 153 0.01
1565 17 0.2
1565 553 0.05
1565 279 0.05
1565 13 0.05
1565 1056 0.05
1565 262 0.01
1565 1566 0.2
374 530 0.2
374 483 0.05
374 853 0.2
374 104 0.2
374 1567 0.2
374 1568 0.2
374 1194 0.05
374 495 0.05
374 1051 0.01
374 113 0.01
374 58 0.01
374 1569 0.05
374 856 0.05
374 256 0.05
374 59 0.2
374 261 0.2
374 1104 0.01
374 1570 0.2
374 94 0.05
374 545 0.05
374 95 0.2
374 27 0.05
374 1571 0.05
374 507 0.2
374 250 0.2
374 264 0.05
374 1050 0.01
374 16 0.2
374 262 0.2
374 811 0.05
374 153 0.2
374 143 0.2
374 316 0.05
374 70 0.2
374 693 0.01
374 84 0.05
374 88 0.2
374 18 0.01
374 85 0.05
374 13 0.05
1572 1573 0.05
1572 665 0.2
1572 1574 0.05
1572 1575 0.05
1572 253 0.2
1572 1576 0.2
1572 236 0.05
1572 1577 0.2
1572 509 0.01
1572 1302 0.01
1572 488 0.01
1578 243 0.05
1578 602 0.05
1578 1579 0.05
1578 610 0.01
1578 716 0.01
1578 621 0.01
1578 4 0.2
1578 1580 0.2
1578 260 0.2
1578 13 0.01
1578 1566 0.01
1578 1056 0.2
94 1581 0.2
94 631 0.01
94 1582 0.2
94 629 0.05
94 1176 0.2
94 1540 0.01
94 1413 0.01
94 416 0.01
94 496 0.05
94 1583 0.2
94 1521 0.05
94 1584 0.01
94 1585 0.01
94 448 0.01
94 146 0.01
94 1586 0.2
94 630 0.2
94 1587 0.2
94 424 0.2
94 465 0.2
94 640 0.05
94 1148 0.2
94 790 0.2
94 445 0.2
94 1150 0.01
94 431 0.05
94 1489 0.01
94 1588 0.05
94 435 0.2
94 1589 0.05
94 1522 0.2
94 222 0.01
94 836 0.2
94 197 0.2
94 1097 0.05
94 648 0.01
94 432 0.2
94 517 0.05
94 436 0.05
94 104 0.2
94 442 0.01
94 140 0.01
94 514 0.01
94 466 0.01
94 807 0.05
94 1590 0.01
94 195 0.2
94 192 0.01
94 196 0.2
94 655 0.2
94 223 0.05
94 443 0.2
94 199 0.2
94 217 0.01
94 208 0.05
94 1591 0.05
94 1541 0.05
94 7 0.01
94 879 0.2
94 6 0.01
94 947 0.05
94 1592 0.05
94 657 0.01
94 428 0.05
94 480 0.01
94 970 0.01
94 237 0.05
94 279 0.01
94 214 0.01
94 1210 0.05
94 455 0.05
94 238 0.01
94 368 0.2
94 371 0.01
94 550 0.05
94 128 0.2
94 142 0.05
94 851 0.01
94 226 0.05
94 11 0.2
94 483 0.01
94 853 0.05
94 473 0.2
94 362 0.05
94 242 0.05
94 18 0.01
94 506 0.2
94 363 0.01
94 143 0.2
94 702 0.2
94 123 0.05
94 261 0.05
94 17 0.01
94 227 0.2
94 88 0.2
94 70 0.05
11 1593 0.2
11 440 0.05
11 1594 0.2
11 428 0.05
11 1595 0.2
11 409 0.2
11 649 0.2
11 1255 0.01
11 1596 0.05
11 523 0.01
11 423 0.2
11 1597 0.05
11 515 0.05
11 638 0.05
11 1598 0.2
11 448 0.01
11 1164 0.2
11 567 0.01
11 562 0.2
11 436 0.01
11 1589 0.2
11 1599 0.01
11 417 0.2
11 210 0.2
11 9 0.2
11 835 0.05
11 441 0.2
11 1526 0.2
11 643 0.01
11 419 0.2
11 1600 0.2
11 1252 0.2
11 1601 0.2
11 633 0.05
11 1334 0.2
11 644 0.01
11 566 0.2
11 445 0.01
11 211 0.05
11 1602 0.01
11 228 0.05
11 1271 0.2
11 1265 0.01
11 1152 0.01
11 975 0.01
11 439 0.05
11 461 0.05
11 464 0.01
11 1603 0.2
11 195 0.01
11 648 0.01
11 223 0.05
11 1592 0.01
11 1604 0.2
11 140 0.05
11 145 0.01
11 375 0.05
11 1605 0.05
11 84 0.05
11 1038 0.2
11 16 0.05
11 365 0.2
11 371 0.01
11 261 0.01
11 94 0.2
11 24 0.2
11 279 0.05
11 550 0.05
11 23 0.05
11 472 0.05
11 88 0.2
11 227 0.2
11 17 0.2
11 143 0.2
11 1051 0.01
11 1076 0.2
11 1103 0.05
11 512 0.2
143 414 0.2
143 409 0.05
143 424 0.01
143 453 0.2
143 419 0.05
143 108 0.05
143 228 0.01
143 217 0.05
143 9 0.05
143 1164 0.05
143 472 0.05
143 655 0.2
143 567 0.01
143 197 0.05
143 1422 0.2
143 208 0.05
143 6 0.01
143 452 0.2
143 439 0.2
143 518 0.05
143 104 0.05
143 210 0.05
143 652 0.01
143 648 0.01
143 473 0.05
143 192 0.01
143 441 0.01
143 128 0.2
143 365 0.01
143 943 0.2
143 238 0.01
143 470 0.01
143 455 0.05
143 213 0.05
143 566 0.05
143 145 0.05
143 237 0.05
143 421 0.2
143 223 0.05
143 200 0.01
143 17 0.2
143 371 0.05
143 113 0.05
143 11 0.01
143 94 0.01
143 261 0.2
143 88 0.05
143 16 0.2
143 23 0.01
143 67 0.2
1606 1216 0.05
1607 94 0.2
1607 1236 0.05
1608 672 0.05
1608 1609 0.2
1608 88 0.05
1608 44 0.05
1608 67 0.05
1608 1610 0.2
1608 1005 0.2
1608 765 0.01
1608 1611 0.05
1608 74 0.2
1612 479 0.05
1612 62 0.01
1613 423 0.2
1613 943 0.05
1613 192 0.05
1613 1375 0.2
1613 1358 0.01
1613 133 0.2
1614 1615 0.05
1614 1616 0.01
1617 665 0.2
1617 421 0.05
1617 1114 0.2
1617 489 0.05
1617 1618 0.05
1617 848 0.05
1617 549 0.2
1617 474 0.05
1617 1619 0.05
1617 1620 0.05
1617 1621 0.05
1617 1622 0.2
1617 278 0.01
1617 1623 0.01
1617 513 0.2
1617 1624 0.05
1617 1625 0.01
1617 1182 0.01
1617 70 0.2
1617 1224 0.2
1617 1478 0.01
1617 301 0.01
1617 88 0.05
1617 1534 0.05
1617 470 0.01
1617 603 0.05
1617 1626 0.2
1617 27 0.2
1617 1627 0.01
1617 472 0.01
1617 547 0.01
1617 1628 0.2
1617 809 0.2
1617 553 0.05
1617 1103 0.2
1617 550 0.2
1617 243 0.01
1617 1629 0.01
1617 539 0.2
1617 57 0.01
1617 1630 0.2
1617 279 0.05
1617 691 0.2
1617 545 0.05
1617 690 0.2
1617 67 0.01
1617 13 0.05
1617 347 0.01
1617 1292 0.01
1617 133 0.2
1617 4 0.01
1617 350 0.01
1536 1505 0.01
1536 124 0.01
1536 421 0.05
1536 852 0.01
1536 1090 0.01
1536 1497 0.2
1536 153 0.05
1536 1232 0.05
1536 131 0.01
1536 1631 0.2
1536 1632 0.2
1536 550 0.01
1536 253 0.2
1536 1633 0.01
1536 1478 0.2
1536 547 0.2
1536 1483 0.05
1536 347 0.01
1536 1634 0.2
1536 1185 0.01
1536 699 0.01
1536 1635 0.01
1536 1636 0.01
1536 1637 0.2
1536 1638 0.05
1536 85 0.05
1536 553 0.2
1536 726 0.05
1536 500 0.2
1536 595 0.05
1536 1639 0.01
1536 545 0.01
1536 157 0.05
1536 610 0.2
1536 15 0.2
1536 1488 0.2
1536 70 0.2
1536 691 0.01
1536 4 0.01
1634 56 0.05
1634 1640 0.01
1634 699 0.05
1634 1641 0.2
1634 691 0.05
1634 1192 0.01
1634 1642 0.01
1634 1643 0.05
1644 1645 0.05
1646 242 0.2
1647 1491 0.01
227 1648 0.01
227 667 0.01
227 1151 0.2
227 1649 0.01
227 836 0.2
227 420 0.05
227 1589 0.05
227 108 0.2
227 1650 0.01
227 432 0.01
227 461 0.01
227 649 0.2
227 657 0.2
227 113 0.01
227 647 0.01
227 9 0.05
227 1651 0.05
227 1652 0.2
227 1518 0.2
227 453 0.2
227 466 0.2
227 443 0.05
227 1653 0.05
227 1654 0.2
227 1165 0.01
227 1655 0.05
227 1590 0.05
227 6 0.01
227 1656 0.2
227 1657 0.01
227 222 0.2
227 223 0.05
227 542 0.01
227 950 0.01
227 848 0.01
227 1658 0.2
227 749 0.05
227 60 0.01
227 663 0.01
227 1659 0.05
227 228 0.01
227 947 0.2
227 1592 0.01
227 849 0.2
227 1660 0.01
227 1661 0.01
227 942 0.05
227 1662 0.01
227 1663 0.2
227 1203 0.05
227 240 0.01
227 505 0.01
227 237 0.01
227 1051 0.2
227 1039 0.2
227 1664 0.2
227 970 0.05
227 483 0.05
227 1098 0.2
227 541 0.2
227 1665 0.2
227 1666 0.05
227 1667 0.01
227 238 0.01
227 1668 0.2
227 143 0.2
227 372 0.01
227 1669 0.05
227 534 0.01
227 688 0.05
227 132 0.2
227 507 0.05
227 495 0.01
227 1670 0.05
227 1210 0.2
227 494 0.2
227 260 0.2
227 252 0.2
227 41 0.01
227 278 0.2
227 373 0.05
227 1103 0.05
227 560 0.05
227 11 0.2
227 393 0.2
227 18 0.05
227 504 0.2
227 1671 0.01
227 501 0.05
227 264 0.01
227 250 0.05
227 85 0.01
227 70 0.01
227 94 0.05
227 245 0.2
227 23 0.2
146 143 0.01
146 1672 0.2
146 1581 0.05
146 1673 0.05
146 1674 0.01
146 1675 0.01
146 1676 0.01
146 1677 0.01
146 516 0.01
146 193 0.2
146 278 0.2
146 1678 0.05
146 414 0.01
146 422 0.05
146 1105 0.01
146 1679 0.05
146 430 0.2
146 1680 0.01
146 635 0.05
146 1248 0.01
146 431 0.05
146 1164 0.01
146 1489 0.05
146 9 0.01
146 228 0.05
146 1422 0.05
146 1648 0.01
146 562 0.2
146 1136 0.05
146 1681 0.01
146 496 0.2
146 1516 0.2
146 1134 0.2
146 1540 0.05
146 1682 0.2
146 1150 0.01
146 629 0.05
146 1155 0.01
146 1683 0.2
146 432 0.05
146 452 0.05
146 204 0.05
146 448 0.05
146 1684 0.01
146 416 0.2
146 94 0.01
146 1249 0.01
146 539 0.01
146 1685 0.2
146 1686 0.2
146 639 0.05
146 1687 0.2
146 1413 0.05
146 1688 0.2
146 642 0.2
146 197 0.2
146 6 0.05
146 196 0.01
146 483 0.05
146 451 0.01
146 458 0.05
146 1588 0.2
146 1689 0.2
146 200 0.05
146 208 0.05
146 1447 0.01
146 793 0.01
146 223 0.01
146 209 0.05
146 222 0.2
146 7 0.2
146 144 0.2
146 659 0.01
146 879 0.01
146 238 0.2
146 113 0.2
146 237 0.2
146 566 0.05
146 526 0.01
146 421 0.01
146 17 0.2
146 142 0.05
146 214 0.01
146 363 0.2
146 70 0.2
146 27 0.01
146 13 0.05
1690 57 0.01
1690 128 0.01
1690 49 0.01
1690 1095 0.01
1690 1289 0.01
1690 1224 0.01
1690 132 0.05
1690 372 0.2
1690 1691 0.05
1690 473 0.05
1690 13 0.2
1690 583 0.2
1690 53 0.01
1690 879 0.2
1690 545 0.2
1690 94 0.01
1690 534 0.2
1690 1692 0.05
1690 605 0.01
1690 1299 0.01
1690 532 0.01
1690 225 0.05
1690 55 0.01
1690 143 0.2
1690 530 0.01
1690 1693 0.01
1690 667 0.05
1690 1459 0.01
1690 1227 0.2
1690 535 0.01
1690 1309 0.2
1690 1216 0.01
1690 1694 0.01
612 636 0.01
612 509 0.05
612 1695 0.2
612 1537 0.2
612 209 0.05
612 1445 0.05
612 1214 0.2
612 470 0.01
612 1373 0.05
612 1696 0.01
612 481 0.01
612 1697 0.01
612 1639 0.05
612 496 0.05
612 1404 0.01
612 244 0.05
612 722 0.01
612 259 0.05
612 61 0.05
612 602 0.05
612 399 0.05
612 32 0.01
612 84 0.05
612 94 0.2
612 594 0.05
612 1698 0.2
612 1699 0.01
612 28 0.01
1700 1701 0.2
1700 1135 0.05
1700 1178 0.2
1700 1702 0.2
1700 1703 0.05
1700 1704 0.05
1700 1413 0.01
1700 1705 0.05
692 1706 0.01
692 365 0.01
692 1707 0.01
692 124 0.01
692 985 0.05
692 214 0.2
692 879 0.2
692 279 0.2
692 142 0.05
692 1094 0.05
692 1309 0.2
692 1301 0.2
692 688 0.2
692 1216 0.2
692 530 0.2
692 941 0.2
692 533 0.2
692 264 0.05
692 1457 0.05
692 876 0.2
692 1092 0.05
692 143 0.2
692 851 0.01
692 1708 0.2
692 67 0.2
692 1296 0.01
692 92 0.05
692 262 0.05
692 1709 0.05
692 371 0.2
692 508 0.2
692 855 0.01
692 80 0.2
692 278 0.2
692 85 0.2
692 23 0.2
692 24 0.01
692 1103 0.2
692 1571 0.2
692 470 0.05
692 27 0.01
692 856 0.2
692 553 0.01
692 603 0.05
692 133 0.2
692 94 0.01
692 550 0.01
692 17 0.2
692 1640 0.2
692 242 0.05
692 146 0.05
692 548 0.01
692 13 0.01
692 699 0.2
692 363 0.01
692 509 0.05
692 88 0.2
692 500 0.05
692 545 0.01
692 70 0.05
1710 1711 0.2
1710 726 0.2
1712 15 0.05
1712 13 0.01
1712 927 0.01
1712 256 0.2
1712 95 0.01
1712 1713 0.01
1712 88 0.01
1292 264 0.2
1292 70 0.05
1292 1714 0.01
1292 394 0.2
1292 504 0.2
1292 347 0.2
1292 545 0.05
1292 1635 0.2
1292 539 0.05
1292 393 0.05
1292 1715 0.05
1292 373 0.01
1292 735 0.05
1292 13 0.01
1292 602 0.01
1292 1270 0.2
1292 95 0.01
1292 1716 0.05
1292 854 0.2
1292 722 0.01
1292 1717 0.2
1292 598 0.05
455 193 0.2
455 1718 0.05
455 1672 0.05
455 1540 0.05
455 416 0.2
455 1581 0.01
455 9 0.2
455 104 0.01
455 278 0.05
455 633 0.2
455 1719 0.2
455 1665 0.05
455 1720 0.05
455 516 0.2
455 456 0.05
455 523 0.05
455 1230 0.05
455 1721 0.01
455 1722 0.05
455 1255 0.05
455 656 0.05
455 365 0.05
455 99 0.05
455 1649 0.01
455 424 0.05
455 496 0.2
455 451 0.05
455 423 0.05
455 445 0.2
455 470 0.01
455 447 0.2
455 432 0.05
455 463 0.05
455 654 0.01
455 94 0.05
455 562 0.01
455 439 0.2
455 1520 0.2
455 203 0.05
455 219 0.05
455 204 0.2
455 453 0.2
455 433 0.05
455 566 0.05
455 421 0.05
455 1654 0.2
455 196 0.01
455 199 0.05
455 1037 0.01
455 436 0.2
455 652 0.05
455 452 0.01
455 218 0.2
455 194 0.2
455 1723 0.2
455 192 0.01
455 7 0.05
455 655 0.01
455 1724 0.01
455 223 0.2
455 371 0.2
455 208 0.2
455 1725 0.05
455 667 0.01
455 143 0.2
455 1218 0.05
455 128 0.2
455 145 0.05
455 124 0.2
455 242 0.01
455 942 0.05
455 146 0.2
455 845 0.05
455 1541 0.05
455 526 0.01
455 142 0.2
455 473 0.05
1212 1726 0.05
1212 1211 0.2
1212 79 0.2
1212 1411 0.05
1212 143 0.01
1212 1410 0.2
1727 1041 0.05
1727 137 0.01
1727 155 0.05
1727 1728 0.2
1727 58 0.01
1727 1729 0.2
1727 1224 0.01
1727 546 0.2
1727 1232 0.05
1727 256 0.2
1727 1730 0.05
1727 253 0.2
1727 1301 0.2
1727 9 0.01
1727 17 0.01
1727 13 0.2
1727 56 0.2
1727 805 0.05
1727 1632 0.2
1727 1631 0.05
1731 599 0.2
1731 242 0.2
1732 1103 0.01
1732 258 0.01
1732 1733 0.05
879 1734 0.01
879 1735 0.2
879 1521 0.05
879 1489 0.01
879 1736 0.2
879 1737 0.05
879 451 0.05
879 1738 0.2
879 628 0.01
879 140 0.01
879 1739 0.05
879 435 0.01
879 642 0.05
879 629 0.05
879 416 0.05
879 1740 0.01
879 641 0.2
879 1589 0.01
879 207 0.01
879 1741 0.2
879 419 0.05
879 1161 0.2
879 837 0.01
879 1522 0.2
879 201 0.2
879 517 0.2
879 442 0.2
879 1595 0.01
879 480 0.01
879 1742 0.2
879 199 0.2
879 219 0.05
879 192 0.2
879 194 0.01
879 1743 0.2
879 94 0.05
879 146 0.05
879 1744 0.01
879 1208 0.2
879 237 0.05
879 976 0.2
879 659 0.01
879 223 0.05
879 124 0.2
879 421 0.2
879 1295 0.2
879 17 0.2
879 142 0.01
879 1745 0.2
879 473 0.05
879 502 0.01
879 1057 0.01
226 1746 0.05
226 1230 0.05
226 1747 0.05
226 1150 0.2
226 1748 0.2
226 639 0.05
226 1517 0.01
226 443 0.2
226 650 0.01
226 641 0.2
226 9 0.01
226 6 0.01
226 517 0.05
226 526 0.2
226 836 0.2
226 1097 0.05
226 219 0.01
226 253 0.01
226 94 0.05
226 647 0.01
226 254 0.01
226 1749 0.05
226 655 0.05
226 451 0.05
226 563 0.05
226 194 0.2
226 794 0.05
226 1148 0.01
226 237 0.05
226 445 0.01
226 1481 0.2
226 1170 0.05
226 1705 0.05
226 1750 0.2
226 1751 0.2
226 566 0.2
226 208 0.01
226 1752 0.2
226 1753 0.2
226 7 0.2
226 851 0.01
226 948 0.2
226 145 0.01
226 1294 0.05
226 228 0.05
226 845 0.2
226 225 0.05
226 471 0.2
226 848 0.05
226 1754 0.2
226 502 0.05
226 54 0.05
226 483 0.01
226 1755 0.2
226 124 0.05
226 1756 0.01
226 367 0.05
226 1757 0.2
226 1758 0.2
226 60 0.05
226 1759 0.01
226 1760 0.05
226 660 0.01
226 1761 0.01
226 1762 0.01
226 27 0.2
226 1367 0.01
226 488 0.05
226 1763 0.2
226 1764 0.2
226 1765 0.01
226 538 0.05
226 533 0.2
226 492 0.05
226 956 0.2
226 855 0.05
226 1766 0.01
226 1767 0.05
226 534 0.01
226 113 0.01
226 250 0.01
226 264 0.05
504 1411 0.01
504 1768 0.01
504 1769 0.01
504 1274 0.2
504 1770 0.01
504 1095 0.01
504 852 0.2
504 89 0.05
504 1076 0.05
504 976 0.2
504 375 0.05
504 1665 0.2
504 1771 0.01
504 226 0.01
504 133 0.2
504 1367 0.2
504 1666 0.01
504 531 0.05
504 368 0.01
504 1216 0.2
504 261 0.05
504 1371 0.2
504 1772 0.01
504 538 0.2
504 486 0.2
504 248 0.05
504 1773 0.01
504 1344 0.05
504 500 0.2
504 245 0.01
504 1774 0.2
504 70 0.2
504 808 0.01
504 264 0.2
504 143 0.01
504 505 0.01
504 88 0.01
504 536 0.01
504 1047 0.05
504 690 0.05
504 1775 0.01
504 95 0.05
504 1630 0.05
504 1629 0.01
504 1776 0.05
504 1292 0.2
504 363 0.05
504 1777 0.2
504 94 0.2
504 509 0.01
504 1778 0.2
504 260 0.2
504 13 0.05
504 227 0.2
504 250 0.2
504 279 0.2
504 507 0.01
504 738 0.05
504 609 0.2
504 723 0.2
1779 1780 0.2
1779 539 0.05
1779 1781 0.01
1779 1782 0.01
1779 735 0.05
421 1783 0.01
421 1178 0.05
421 414 0.2
421 424 0.2
421 1784 0.05
421 226 0.2
421 433 0.01
421 450 0.2
421 447 0.01
421 1037 0.2
421 461 0.05
421 261 0.01
421 540 0.05
421 223 0.01
421 128 0.2
421 85 0.01
421 143 0.01
421 17 0.05
421 1481 0.05
421 1038 0.05
421 878 0.01
421 133 0.05
421 94 0.05
421 984 0.01
421 88 0.05
421 124 0.01
421 1785 0.01
421 880 0.05
421 1474 0.01
421 254 0.01
421 530 0.01
421 1309 0.01
421 375 0.2
421 70 0.01
421 146 0.01
421 427 0.2
421 224 0.2
421 1786 0.2
421 473 0.05
421 879 0.05
421 509 0.01
421 1295 0.05
1787 1524 0.05
1787 566 0.2
1787 1753 0.2
1787 1788 0.05
1787 1789 0.05
1787 1790 0.2
1787 189 0.01
1787 974 0.05
1787 943 0.2
1787 1791 0.05
1787 224 0.01
1787 1792 0.2
1787 841 0.01
1787 1793 0.01
1787 973 0.01
1787 1794 0.2
1787 238 0.2
1787 1217 0.05
1787 1348 0.01
1787 1149 0.05
1787 663 0.05
1787 1663 0.2
1787 1795 0.05
1787 1658 0.2
1787 225 0.05
1787 1796 0.05
1787 228 0.2
1787 849 0.05
1787 749 0.01
1787 1797 0.05
1787 550 0.05
1787 371 0.05
1787 1798 0.2
1787 1799 0.05
1787 1800 0.01
1787 236 0.05
1787 1801 0.01
1787 52 0.05
1787 223 0.2
1787 237 0.2
1787 1802 0.2
1787 1449 0.01
1787 1803 0.05
1787 719 0.01
1787 132 0.2
1787 1804 0.2
1787 985 0.2
1787 1481 0.05
1787 1805 0.01
1787 1806 0.2
1787 1807 0.01
1787 473 0.05
1787 1782 0.05
1787 421 0.2
1787 370 0.05
1787 428 0.01
1787 1808 0.01
1787 1809 0.01
1787 2 0.01
1810 1811 0.05
1810 1052 0.2
1810 1812 0.05
1810 1813 0.2
1810 1193 0.01
1810 143 0.05
1810 12 0.01
1810 687 0.05
1810 1488 0.2
1810 1814 0.01
1810 587 0.01
1810 1106 0.05
1810 94 0.01
1810 1130 0.05
1810 500 0.01
1810 1497 0.2
1810 549 0.2
1810 1493 0.01
1810 84 0.05
1810 60 0.05
1810 255 0.01
1810 609 0.2
1810 360 0.2
1810 43 0.05
1810 606 0.01
1810 1268 0.01
1810 736 0.01
1810 605 0.05
1810 1815 0.2
1810 88 0.05
1810 885 0.01
1810 884 0.2
1810 697 0.2
1810 731 0.2
1810 1816 0.01
1810 4 0.05
1810 1817 0.01
1810 608 0.2
1810 41 0.2
1810 752 0.2
1810 603 0.05
1810 137 0.2
1810 610 0.2
1810 85 0.01
1043 261 0.01
1049 497 0.2
1049 15 0.05
1049 143 0.01
1049 88 0.01
1049 17 0.05
1049 264 0.05
1049 13 0.01
1049 350 0.05
1049 1818 0.2
1049 506 0.01
1049 70 0.01
1049 511 0.01
1049 49 0.2
1049 12 0.01
1049 597 0.05
1049 254 0.05
1049 84 0.05
1049 261 0.05
1049 227 0.01
1049 243 0.05
1049 610 0.05
1049 916 0.05
1049 94 0.01
1049 620 0.2
1049 1193 0.05
1049 1050 0.2
1049 133 0.2
1049 4 0.05
609 279 0.05
609 133 0.05
609 379 0.01
609 278 0.01
609 499 0.01
609 506 0.01
609 151 0.01
609 599 0.05
609 512 0.2
609 1549 0.01
609 504 0.2
609 598 0.05
609 677 0.05
609 509 0.2
609 74 0.01
609 57 0.2
609 1819 0.2
609 60 0.01
609 260 0.05
609 1820 0.05
609 13 0.2
609 1821 0.01
609 457 0.2
609 293 0.05
609 811 0.01
609 1054 0.05
609 88 0.01
609 67 0.2
609 1388 0.2
609 703 0.2
609 4 0.2
609 731 0.05
609 263 0.05
609 254 0.2
609 252 0.01
609 608 0.2
609 264 0.01
609 94 0.05
609 594 0.2
609 1822 0.2
609 360 0.2
609 255 0.01
609 610 0.2
609 1490 0.05
609 251 0.01
609 49 0.05
609 84 0.05
609 1823 0.05
609 586 0.05
609 261 0.05
609 606 0.05
609 1103 0.01
609 27 0.2
609 17 0.01
609 1824 0.01
609 1825 0.05
1826 80 0.01
1826 1827 0.01
1826 1828 0.05
1745 637 0.2
1745 1526 0.01
1745 1154 0.05
1745 465 0.01
1745 1520 0.05
1745 1829 0.2
1745 1830 0.05
1745 1831 0.01
1745 222 0.2
1745 238 0.01
1745 410 0.05
1745 1147 0.05
1745 425 0.01
1745 1832 0.01
1745 1833 0.05
1745 1422 0.01
1745 1834 0.01
1745 1835 0.05
1745 471 0.2
1745 1836 0.05
1745 1447 0.05
1745 221 0.05
1745 805 0.2
1745 1283 0.05
1745 1837 0.01
1745 1725 0.01
1745 1838 0.2
1745 665 0.05
1745 317 0.01
1745 1284 0.05
1745 1839 0.2
1745 1840 0.2
1745 1841 0.2
1745 1842 0.2
1745 1843 0.2
1745 581 0.2
1745 843 0.05
1745 1844 0.01
1745 1845 0.2
1745 346 0.01
1745 1846 0.01
1745 7 0.2
1745 1793 0.05
1745 1847 0.05
1745 1848 0.01
1745 127 0.05
1745 1457 0.01
1745 984 0.2
1745 1849 0.01
1745 1850 0.2
1745 1851 0.01
1745 1458 0.2
1745 1090 0.01
1745 533 0.05
1745 1852 0.2
1745 351 0.2
1745 1853 0.05
1745 1088 0.05
1745 848 0.01
1745 1690 0.2
1745 531 0.01
1745 911 0.05
1745 1352 0.2
1745 1854 0.01
1745 1294 0.01
1745 1855 0.05
1745 1856 0.05
1745 877 0.2
1745 1857 0.01
1745 1858 0.01
1745 879 0.01
1745 941 0.01
1745 718 0.05
1745 1094 0.2
1745 1859 0.2
1745 537 0.2
1745 1103 0.01
1745 1860 0.2
1745 990 0.01
1745 534 0.05
1745 1371 0.01
1745 1861 0.01
1745 1486 0.05
1745 1862 0.05
1745 225 0.05
1745 1863 0.01
1745 1864 0.2
1745 70 0.2
1745 473 0.2
1745 279 0.05
1745 1865 0.2
1745 1224 0.2
1811 1183 0.2
1811 701 0.01
1811 94 0.05
1811 88 0.01
1811 13 0.2
1811 735 0.2
1811 254 0.05
1811 60 0.2
1811 1056 0.05
1811 693 0.05
1811 1187 0.2
1811 1866 0.01
1811 258 0.01
1811 577 0.05
1811 59 0.01
1811 74 0.05
1811 261 0.01
1811 23 0.2
1811 703 0.01
1811 27 0.05
701 228 0.01
701 1222 0.01
701 950 0.01
701 558 0.2
701 1541 0.2
701 848 0.01
701 1474 0.01
701 91 0.05
701 219 0.05
701 145 0.2
701 279 0.05
701 975 0.2
701 24 0.2
701 238 0.01
701 133 0.2
701 472 0.01
701 506 0.05
701 539 0.2
701 372 0.05
701 253 0.01
701 536 0.01
701 557 0.05
701 143 0.2
701 11 0.05
701 509 0.01
701 501 0.2
701 546 0.01
701 553 0.01
701 1051 0.05
701 62 0.01
701 617 0.01
701 16 0.01
701 60 0.05
701 532 0.01
701 254 0.01
701 1196 0.2
701 608 0.01
701 885 0.2
701 540 0.2
701 884 0.01
701 1193 0.2
701 1867 0.2
701 17 0.01
701 603 0.05
701 1106 0.01
701 1052 0.01
701 606 0.01
701 1054 0.2
701 261 0.05
701 63 0.01
701 604 0.01
701 1319 0.2
701 610 0.2
701 266 0.01
701 1825 0.05
1868 1459 0.2
1868 1869 0.05
1868 1870 0.01
1868 1871 0.05
1868 223 0.2
1868 758 0.05
1868 473 0.01
1872 1873 0.05
1872 84 0.2
1872 264 0.05
1872 602 0.2
1872 255 0.05
1874 570 0.2
1874 1071 0.05
60 155 0.01
60 980 0.05
60 1352 0.05
60 226 0.01
60 362 0.05
60 1875 0.01
60 1459 0.01
60 1728 0.05
60 1312 0.01
60 546 0.05
60 214 0.01
60 244 0.05
60 1105 0.05
60 1876 0.01
60 373 0.01
60 395 0.01
60 505 0.01
60 394 0.05
60 717 0.2
60 600 0.2
60 723 0.05
60 1571 0.01
60 322 0.01
60 1052 0.05
60 309 0.01
60 146 0.05
60 539 0.01
60 70 0.2
60 1064 0.01
60 347 0.01
60 1106 0.2
60 734 0.2
60 1437 0.05
60 261 0.2
60 1877 0.05
60 92 0.2
60 512 0.01
60 15 0.01
60 732 0.01
60 1403 0.01
60 1717 0.05
60 488 0.01
60 1878 0.05
60 1810 0.05
60 253 0.01
60 354 0.2
60 736 0.05
60 722 0.05
60 1879 0.2
60 544 0.01
60 12 0.05
60 510 0.05
60 983 0.01
60 18 0.2
60 61 0.01
60 701 0.01
60 262 0.05
60 94 0.05
60 16 0.05
60 24 0.2
60 14 0.05
60 243 0.01
60 57 0.05
60 721 0.2
60 609 0.01
60 602 0.2
60 227 0.2
60 1811 0.01
60 242 0.01
60 266 0.2
60 1193 0.05
60 59 0.01
60 859 0.05
60 82 0.01
60 260 0.2
60 4 0.01
60 133 0.01
60 1880 0.2
60 549 0.05
60 716 0.01
60 884 0.01
60 885 0.01
60 610 0.01
1881 226 0.01
1881 505 0.01
1881 242 0.01
719 1787 0.05
719 1344 0.2
719 132 0.2
719 787 0.01
719 855 0.01
719 1882 0.01
719 1883 0.05
719 1538 0.05
719 506 0.05
719 70 0.05
719 610 0.2
719 717 0.2
719 714 0.2
719 1537 0.01
845 440 0.2
845 1884 0.05
845 1885 0.05
845 839 0.2
845 194 0.05
845 199 0.01
845 1886 0.05
845 208 0.05
845 1218 0.01
845 1887 0.2
845 471 0.05
845 1265 0.01
845 1888 0.2
845 524 0.05
845 1353 0.01
845 969 0.01
845 1889 0.01
845 659 0.2
845 473 0.05
845 1890 0.05
845 1891 0.2
845 968 0.01
845 1892 0.05
845 1308 0.05
845 1534 0.05
845 1208 0.2
845 242 0.05
845 1181 0.01
845 1464 0.2
845 543 0.2
845 665 0.2
845 948 0.05
845 1657 0.01
845 145 0.2
845 1893 0.2
845 1894 0.01
845 146 0.05
845 944 0.2
845 1216 0.2
845 663 0.01
845 981 0.2
845 1592 0.2
845 954 0.01
845 1895 0.05
845 1348 0.2
845 932 0.05
845 226 0.01
845 955 0.2
845 1896 0.05
845 526 0.01
845 1897 0.01
845 1898 0.01
845 238 0.01
845 1541 0.05
845 942 0.01
845 1375 0.2
845 214 0.2
845 219 0.01
845 1899 0.2
845 1465 0.05
845 1900 0.2
845 1901 0.05
845 976 0.05
845 455 0.05
845 849 0.2
845 1902 0.01
845 1454 0.05
845 502 0.2
845 1039 0.05
845 963 0.05
845 1903 0.05
845 1904 0.2
845 938 0.05
845 1905 0.2
845 1906 0.01
845 566 0.05
845 225 0.2
845 367 0.01
845 54 0.05
845 1907 0.2
1908 209 0.01
1908 1888 0.01
1908 1909 0.01
1908 146 0.05
1908 441 0.01
1908 1910 0.01
1908 1911 0.01
1908 1912 0.01
1908 805 0.01
1908 208 0.05
1908 1277 0.2
1908 665 0.2
1908 1913 0.05
1908 845 0.01
1908 1914 0.2
1908 1905 0.05
1908 1915 0.05
1908 142 0.01
1908 879 0.2
1908 547 0.2
1908 1452 0.01
1908 1916 0.2
1908 1917 0.2
142 1918 0.01
142 428 0.2
142 1919 0.01
142 1261 0.2
142 217 0.05
142 218 0.05
142 204 0.05
142 645 0.01
142 222 0.2
142 1164 0.2
142 211 0.2
142 1524 0.05
142 516 0.01
142 839 0.2
142 969 0.2
142 1920 0.2
142 224 0.05
142 976 0.2
142 145 0.05
142 1541 0.01
142 1861 0.05
142 1744 0.05
142 9 0.01
142 975 0.01
142 227 0.01
142 99 0.01
142 228 0.01
142 940 0.01
142 363 0.01
142 1921 0.05
142 367 0.05
142 584 0.01
142 1573 0.01
142 1922 0.01
142 1543 0.01
142 1898 0.2
142 1220 0.05
142 849 0.01
142 932 0.01
142 749 0.01
142 52 0.01
142 1923 0.05
142 213 0.01
142 129 0.01
142 455 0.05
142 253 0.01
142 851 0.01
142 131 0.2
142 223 0.2
142 682 0.2
142 1353 0.2
142 526 0.05
142 1870 0.2
142 660 0.01
142 1480 0.05
142 132 0.05
142 225 0.05
142 502 0.2
142 1477 0.2
142 24 0.01
142 125 0.05
142 91 0.01
142 209 0.01
142 1924 0.2
142 984 0.2
142 879 0.01
142 1094 0.05
142 1216 0.05
142 853 0.2
142 260 0.2
142 1295 0.01
142 1092 0.05
142 1692 0.01
142 1925 0.2
142 506 0.2
142 371 0.01
142 94 0.2
142 550 0.05
142 848 0.2
142 254 0.05
142 1854 0.05
142 370 0.01
142 990 0.01
142 1926 0.2
142 250 0.2
142 855 0.01
142 17 0.2
142 480 0.01
142 214 0.2
142 146 0.05
142 41 0.05
142 486 0.05
142 509 0.01
142 534 0.01
142 1352 0.01
142 473 0.01
142 1227 0.05
142 1312 0.05
573 571 0.05
573 1048 0.2
1927 537 0.01
1927 1928 0.05
1927 533 0.01
1927 496 0.05
1927 490 0.2
1927 1929 0.05
1927 513 0.2
1927 1930 0.2
1927 699 0.01
1927 1103 0.2
1927 278 0.2
1927 541 0.01
1927 1289 0.01
1927 11 0.05
1927 691 0.01
1927 143 0.05
1927 146 0.2
1927 1931 0.01
1927 1774 0.05
1927 1932 0.2
1927 1933 0.05
1927 539 0.2
1927 921 0.2
1927 1643 0.01
1927 60 0.2
1927 1487 0.05
1927 1934 0.01
1927 1935 0.05
1927 544 0.01
1927 1936 0.2
1927 23 0.2
1927 610 0.01
1927 12 0.05
1927 1937 0.01
947 1938 0.01
947 104 0.01
947 1156 0.2
947 420 0.01
947 647 0.05
947 641 0.2
947 445 0.05
947 460 0.01
947 1652 0.05
947 473 0.05
947 465 0.01
947 506 0.05
947 648 0.05
947 1590 0.05
947 1939 0.2
947 568 0.2
947 190 0.01
947 9 0.05
947 237 0.2
947 580 0.05
947 1940 0.05
947 6 0.05
947 1724 0.01
947 658 0.05
947 1941 0.01
947 1942 0.01
947 218 0.2
947 235 0.01
947 219 0.01
947 317 0.2
947 1898 0.05
947 1921 0.01
947 970 0.01
947 1725 0.05
947 657 0.2
947 1210 0.01
947 843 0.01
947 146 0.01
947 701 0.05
947 1943 0.05
947 202 0.2
947 981 0.2
947 144 0.2
947 1944 0.2
947 849 0.05
947 1181 0.05
947 1945 0.01
947 94 0.2
947 238 0.2
947 526 0.05
947 943 0.05
947 1946 0.2
947 663 0.01
947 1658 0.01
947 18 0.05
947 52 0.2
947 1947 0.2
947 99 0.05
947 945 0.01
947 455 0.05
947 543 0.2
947 227 0.2
947 1948 0.01
947 142 0.05
947 1660 0.05
947 1039 0.2
947 942 0.05
947 228 0.2
947 982 0.2
947 1949 0.05
1665 238 0.01
1665 1584 0.05
1665 631 0.01
1665 228 0.01
1665 805 0.05
1665 417 0.01
1665 641 0.01
1665 648 0.2
1665 443 0.05
1665 446 0.05
1665 439 0.2
1665 461 0.2
1665 447 0.01
1665 1668 0.05
1665 94 0.05
1665 6 0.2
1665 1210 0.01
1665 849 0.2
1665 227 0.01
1665 237 0.2
1665 1657 0.2
1665 530 0.2
1665 225 0.05
1665 368 0.01
1665 250 0.05
1665 504 0.05
1665 487 0.2
1665 473 0.2
1665 688 0.2
1665 538 0.01
1665 13 0.2
1950 91 0.2
1950 89 0.01
393 428 0.2
393 1951 0.01
393 550 0.01
393 1952 0.01
393 691 0.2
393 717 0.2
393 1044 0.01
393 993 0.05
393 227 0.2
393 1932 0.2
393 1047 0.01
393 811 0.01
393 394 0.01
393 63 0.01
393 254 0.2
393 27 0.05
393 1953 0.05
393 1640 0.01
393 1930 0.05
393 606 0.01
393 94 0.01
393 1571 0.05
393 595 0.01
393 696 0.05
393 185 0.2
393 360 0.01
393 510 0.05
393 80 0.01
393 546 0.05
393 506 0.2
393 539 0.2
393 62 0.2
393 13 0.05
393 508 0.05
393 143 0.2
393 1292 0.2
393 61 0.2
393 1193 0.05
393 1051 0.01
393 1822 0.05
393 133 0.05
393 347 0.01
393 70 0.05
393 1880 0.2
393 49 0.05
393 261 0.2
393 88 0.2
393 608 0.05
393 884 0.01
393 885 0.05
393 736 0.2
393 95 0.2
1666 1722 0.01
1666 1954 0.01
1666 839 0.2
1666 1955 0.01
1666 1206 0.01
1666 18 0.2
1666 1956 0.01
1666 213 0.05
1666 365 0.2
1666 94 0.05
1666 1957 0.01
1666 895 0.2
1666 1039 0.2
1666 227 0.05
1666 847 0.01
1666 701 0.01
1666 495 0.01
1666 504 0.2
1666 1216 0.2
1294 420 0.05
1294 1522 0.05
1294 632 0.05
1294 1105 0.01
1294 1159 0.05
1294 146 0.2
1294 1863 0.01
1294 473 0.05
1294 463 0.05
1294 1958 0.05
1294 1171 0.05
1294 651 0.2
1294 522 0.05
1294 1709 0.05
1294 805 0.2
1294 1959 0.05
1294 1658 0.2
1294 228 0.01
1294 202 0.2
1294 1960 0.2
1294 1092 0.05
1294 239 0.01
1294 1208 0.01
1294 226 0.05
1294 1961 0.2
1294 1962 0.01
1294 1963 0.05
1294 1465 0.2
1294 751 0.2
1294 1871 0.2
1294 1472 0.2
1294 852 0.05
1294 1309 0.05
1294 1964 0.01
1294 881 0.01
1294 1965 0.01
1294 688 0.05
1294 1088 0.2
1294 1745 0.05
1294 1865 0.05
1294 1692 0.05
1294 1094 0.2
1294 225 0.05
1294 1966 0.2
1294 370 0.05
1294 1767 0.2
1294 508 0.05
1294 1905 0.05
1294 244 0.01
1294 687 0.2
1294 13 0.01
1294 1631 0.2
1294 1232 0.2
1294 131 0.2
1294 1632 0.2
1294 1876 0.01
1294 1289 0.2
1294 372 0.05
1294 1967 0.01
1294 553 0.01
1294 558 0.05
1294 472 0.05
1294 80 0.05
1294 547 0.01
1294 1968 0.05
1294 539 0.2
1294 253 0.05
1294 503 0.01
1969 1497 0.01
1969 731 0.05
1969 687 0.01
1969 610 0.2
1969 1970 0.01
1769 653 0.05
1769 658 0.01
1769 580 0.01
1769 235 0.05
1769 226 0.05
1769 1971 0.05
1769 1972 0.2
1769 1973 0.2
1769 1974 0.05
1769 1975 0.01
1769 1422 0.05
1769 524 0.01
1769 1976 0.01
1769 140 0.05
1769 664 0.05
1769 1543 0.01
1769 1797 0.05
1769 1977 0.05
1769 1978 0.05
1769 222 0.01
1769 851 0.05
1769 1979 0.01
1769 275 0.01
1769 1980 0.01
1769 1981 0.01
1769 504 0.01
1769 565 0.2
1769 228 0.05
1769 1982 0.01
1769 1983 0.2
1769 1277 0.05
1769 224 0.05
1769 1984 0.01
1769 1939 0.2
1769 661 0.2
1769 1985 0.2
1769 1986 0.05
1769 849 0.2
1769 1987 0.2
1769 1988 0.01
1769 663 0.05
1769 1281 0.05
1769 1989 0.05
1769 1829 0.05
1769 1990 0.01
1769 415 0.05
1769 1991 0.01
1769 969 0.2
1769 1447 0.05
1769 1992 0.2
1769 974 0.01
1769 1993 0.2
1769 583 0.2
1769 1265 0.05
1769 1994 0.2
1769 841 0.05
1769 1995 0.05
1769 1264 0.2
1769 1996 0.05
1769 1997 0.2
1769 1998 0.2
1769 1999 0.05
1769 2000 0.2
1769 1658 0.2
1769 2001 0.05
1769 1897 0.2
1769 444 0.05
1769 523 0.01
1769 1270 0.2
1769 2002 0.05
1769 142 0.01
1769 1888 0.01
1769 2003 0.2
1769 2004 0.05
1769 1959 0.2
1769 967 0.05
1769 1279 0.2
1769 52 0.01
1769 2005 0.01
1769 2006 0.05
1486 221 0.01
1486 124 0.05
1486 990 0.05
1486 1745 0.05
1486 736 0.05
1486 2007 0.05
1486 1953 0.2
1486 595 0.2
1486 546 0.05
1486 549 0.2
1486 12 0.05
1486 2008 0.2
1486 502 0.01
1486 1487 0.2
1486 691 0.05
1486 610 0.2
1486 70 0.05
1486 2009 0.2
1486 2010 0.2
2011 1655 0.2
2011 209 0.05
2011 1422 0.01
2011 467 0.05
2011 2012 0.01
2011 1991 0.05
2011 2013 0.05
2011 2014 0.2
2011 462 0.01
2011 2015 0.01
2011 1083 0.05
2011 2016 0.01
2011 2017 0.05
2011 2018 0.05
2011 842 0.05
2011 2019 0.2
2011 2020 0.05
2011 2021 0.01
2011 1893 0.05
2011 1464 0.05
2011 2022 0.2
2011 1459 0.2
2011 2023 0.2
2011 2024 0.2
2011 2025 0.05
2011 2026 0.2
2011 2027 0.01
2011 2028 0.2
2011 79 0.05
2011 2029 0.2
2011 2030 0.2
2011 936 0.01
2011 1099 0.01
2011 1295 0.05
2011 471 0.05
2011 2031 0.01
2011 665 0.05
2011 2032 0.05
2011 930 0.01
2011 1843 0.01
2011 950 0.2
2011 1658 0.05
2011 1892 0.2
2011 1948 0.2
2011 2033 0.05
2011 746 0.01
2011 2034 0.2
2011 694 0.2
2011 849 0.05
2011 2035 0.05
2011 1960 0.05
2011 1967 0.05
2011 2036 0.2
2011 1044 0.01
2011 570 0.05
2011 2037 0.01
539 1930 0.2
539 513 0.05
539 2038 0.2
539 58 0.05
539 2039 0.05
539 701 0.01
539 27 0.01
539 1625 0.05
539 372 0.2
539 1405 0.2
539 2040 0.05
539 2041 0.05
539 1294 0.2
539 856 0.01
539 550 0.2
539 699 0.05
539 547 0.2
539 506 0.01
539 1709 0.2
539 1617 0.05
539 809 0.05
539 88 0.2
539 2042 0.05
539 690 0.05
539 2043 0.01
539 1484 0.05
539 13 0.01
539 541 0.05
539 1295 0.01
539 1630 0.2
539 724 0.2
539 2044 0.2
539 691 0.01
539 243 0.2
539 1927 0.01
539 502 0.01
539 692 0.01
539 395 0.05
539 1643 0.01
539 242 0.05
539 94 0.2
539 1931 0.05
539 1530 0.01
539 1571 0.2
539 595 0.2
539 1185 0.2
539 1292 0.05
539 570 0.2
539 393 0.05
539 608 0.01
539 489 0.05
539 83 0.01
539 396 0.05
539 697 0.2
539 59 0.05
539 70 0.2
539 1192 0.2
539 1108 0.01
539 553 0.05
539 16 0.01
539 1488 0.05
539 11 0.2
539 60 0.01
539 253 0.01
539 85 0.05
539 736 0.05
539 610 0.05
539 146 0.05
539 509 0.01
539 80 0.2
539 500 0.2
539 133 0.01
539 4 0.2
250 104 0.2
250 443 0.2
250 2045 0.01
250 1475 0.01
250 373 0.05
250 1665 0.2
250 1363 0.01
250 131 0.05
250 241 0.2
250 478 0.01
250 494 0.2
250 372 0.2
250 254 0.01
250 621 0.01
250 488 0.01
250 1691 0.01
250 142 0.2
250 486 0.2
250 2046 0.05
250 236 0.01
250 226 0.2
250 1926 0.01
250 58 0.2
250 2047 0.05
250 242 0.05
250 2048 0.01
250 2049 0.01
250 501 0.2
250 698 0.2
250 249 0.2
250 1292 0.05
250 859 0.05
250 1637 0.2
250 4 0.01
250 2050 0.2
250 374 0.2
250 70 0.2
250 1571 0.05
250 504 0.2
250 500 0.01
250 1296 0.05
250 69 0.2
250 502 0.2
250 718 0.05
250 597 0.2
250 507 0.2
250 153 0.2
250 1717 0.2
250 509 0.01
250 2051 0.01
250 1488 0.01
250 264 0.01
250 1048 0.05
250 113 0.2
250 92 0.2
250 723 0.2
250 227 0.01
250 13 0.01
250 261 0.01
250 605 0.01
2052 1592 0.05
2052 2053 0.05
2052 2054 0.2
2052 207 0.01
2052 227 0.2
443 455 0.2
443 1248 0.05
443 113 0.01
443 104 0.2
443 193 0.2
443 631 0.01
443 1584 0.05
443 1648 0.05
443 424 0.05
443 18 0.01
443 1521 0.01
443 250 0.2
443 196 0.05
443 2055 0.01
443 1152 0.01
443 642 0.2
443 415 0.01
443 466 0.05
443 1481 0.05
443 430 0.2
443 660 0.05
443 2056 0.2
443 637 0.05
443 835 0.01
443 437 0.01
443 453 0.2
443 523 0.05
443 447 0.2
443 657 0.01
443 2035 0.01
443 1665 0.01
443 644 0.05
443 463 0.05
443 227 0.2
443 6 0.2
443 238 0.05
443 436 0.05
443 792 0.01
443 1519 0.05
443 2057 0.2
443 2058 0.01
443 568 0.01
443 1591 0.05
443 702 0.05
443 1257 0.01
443 1654 0.01
443 526 0.05
443 2059 0.2
443 209 0.05
443 211 0.2
443 1170 0.2
443 1176 0.2
443 2060 0.2
443 228 0.01
443 226 0.2
443 2061 0.01
443 562 0.05
443 206 0.05
443 841 0.05
443 2062 0.01
443 201 0.05
443 648 0.01
443 2063 0.05
443 197 0.2
443 94 0.2
443 849 0.2
443 214 0.2
443 208 0.05
443 146 0.2
443 2064 0.2
443 2065 0.05
443 1590 0.05
443 128 0.01
443 192 0.2
443 194 0.01
443 371 0.01
443 85 0.05
443 212 0.05
443 1262 0.05
443 237 0.2
443 1275 0.01
443 1941 0.2
2066 1616 0.01
2066 1496 0.2
373 209 0.05
373 250 0.2
373 365 0.2
373 1091 0.05
373 667 0.01
373 254 0.2
373 1232 0.2
373 131 0.01
373 541 0.2
373 1182 0.2
373 362 0.05
373 805 0.2
373 1773 0.05
373 1625 0.05
373 227 0.05
373 472 0.2
373 952 0.05
373 70 0.01
373 256 0.2
373 278 0.01
373 698 0.05
373 1223 0.01
373 2067 0.05
373 694 0.05
373 505 0.01
373 691 0.01
373 301 0.2
373 479 0.2
373 279 0.05
373 23 0.01
373 550 0.05
373 501 0.01
373 4 0.05
373 503 0.01
373 1192 0.05
373 92 0.01
373 1045 0.2
373 809 0.05
373 595 0.05
373 695 0.05
373 509 0.2
373 261 0.01
373 2068 0.01
373 60 0.2
373 379 0.01
373 544 0.05
373 2069 0.05
373 1047 0.05
373 13 0.2
373 1292 0.01
373 77 0.01
373 512 0.01
2070 2071 0.2
2070 421 0.05
2070 480 0.01
2070 2072 0.2
2070 209 0.2
2070 558 0.2
2070 70 0.2
2070 1294 0.01
2070 1616 0.2
2070 691 0.01
2070 545 0.2
2070 371 0.05
2070 4 0.01
850 9 0.2
850 1516 0.2
850 2073 0.2
850 2074 0.01
850 2075 0.2
850 630 0.01
850 278 0.2
850 2076 0.05
850 946 0.2
850 1673 0.05
850 1672 0.2
850 2077 0.05
850 2078 0.2
850 2079 0.2
850 2080 0.05
850 1105 0.05
850 2081 0.2
850 1422 0.01
850 635 0.05
850 633 0.01
850 2082 0.05
850 2083 0.05
850 2084 0.2
850 496 0.2
850 745 0.2
850 1722 0.01
850 2085 0.01
850 2086 0.05
850 1423 0.2
850 2087 0.01
850 1680 0.01
850 437 0.05
850 1938 0.01
850 2088 0.01
850 1164 0.01
850 1168 0.2
850 466 0.05
850 2089 0.01
850 805 0.2
850 2090 0.05
850 194 0.2
850 214 0.05
850 468 0.2
850 1258 0.05
850 1725 0.01
850 433 0.05
850 434 0.2
850 2091 0.05
850 2092 0.01
850 2093 0.05
850 1784 0.01
850 2094 0.05
850 242 0.01
850 2095 0.01
850 2096 0.2
850 1171 0.2
850 523 0.05
850 1255 0.05
850 528 0.2
850 449 0.05
850 514 0.2
850 211 0.05
850 1253 0.01
850 461 0.2
850 2097 0.2
850 453 0.01
850 2058 0.2
850 2098 0.05
850 1748 0.05
850 458 0.01
850 515 0.01
850 204 0.2
850 2099 0.2
850 2100 0.2
850 2101 0.01
850 2102 0.01
850 702 0.2
850 2103 0.01
850 216 0.2
850 1524 0.2
850 516 0.2
850 2104 0.05
850 2105 0.2
850 2106 0.2
850 511 0.01
850 2107 0.2
850 553 0.01
850 347 0.2
850 2108 0.01
850 509 0.05
850 70 0.2
850 146 0.2
850 4 0.05
850 13 0.05
850 956 0.01
2109 2110 0.2
2109 1249 0.05
2109 1423 0.2
2109 1296 0.05
2109 2111 0.05
696 245 0.05
696 699 0.01
696 2112 0.05
696 1488 0.05
696 697 0.05
696 264 0.05
696 249 0.2
696 690 0.05
696 227 0.05
696 694 0.2
696 393 0.01
696 546 0.2
696 2113 0.2
696 246 0.2
696 2114 0.05
696 94 0.2
696 549 0.05
696 57 0.2
696 726 0.05
696 503 0.05
696 489 0.01
696 2115 0.05
696 539 0.2
696 17 0.05
696 506 0.2
696 242 0.2
696 133 0.05
696 126 0.05
696 1185 0.01
696 717 0.05
696 70 0.01
696 502 0.05
696 1047 0.05
696 723 0.01
696 392 0.01
696 1493 0.05
696 13 0.01
696 4 0.2
696 258 0.05
696 511 0.01
696 92 0.05
696 88 0.05
696 610 0.2
2116 473 0.01
2116 279 0.05
2116 660 0.05
2116 421 0.01
2116 486 0.01
1189 2117 0.01
1189 1662 0.01
1189 896 0.2
1189 1099 0.2
1189 1348 0.01
1189 2118 0.05
1189 2119 0.01
1189 2120 0.01
1189 472 0.05
1189 715 0.01
1189 2121 0.05
1189 1716 0.2
1189 13 0.05
727 2060 0.01
727 214 0.01
727 85 0.05
727 2122 0.2
727 1524 0.05
727 1769 0.05
727 2123 0.05
727 2124 0.05
727 228 0.01
727 16 0.01
727 6 0.2
727 2125 0.01
727 658 0.01
727 473 0.01
727 2126 0.05
727 191 0.2
727 94 0.2
727 219 0.05
727 1547 0.05
727 146 0.2
727 2127 0.05
727 1047 0.2
727 857 0.2
727 2128 0.05
727 734 0.01
727 4 0.01
727 13 0.01
727 539 0.01
507 2035 0.05
507 374 0.05
507 1464 0.2
507 1468 0.05
507 2129 0.05
507 91 0.2
507 977 0.2
507 970 0.2
507 566 0.2
507 804 0.2
507 483 0.2
507 1220 0.2
507 948 0.05
507 1659 0.01
507 131 0.2
507 853 0.05
507 1853 0.01
507 24 0.05
507 2130 0.01
507 1173 0.01
507 2131 0.01
507 227 0.2
507 1772 0.2
507 1308 0.01
507 1697 0.01
507 1232 0.01
507 113 0.01
507 1051 0.05
507 495 0.2
507 1708 0.2
507 363 0.05
507 143 0.2
507 1223 0.01
507 2132 0.01
507 1569 0.05
507 278 0.01
507 95 0.05
507 256 0.2
507 59 0.05
507 1289 0.01
507 1757 0.05
507 809 0.01
507 11 0.2
507 2133 0.01
507 856 0.05
507 543 0.05
507 2134 0.2
507 70 0.05
507 15 0.01
507 811 0.01
507 691 0.05
507 88 0.01
507 242 0.2
507 85 0.05
507 2135 0.2
507 2136 0.2
507 859 0.2
507 241 0.05
507 1047 0.05
507 94 0.2
507 731 0.2
507 504 0.2
507 69 0.05
507 511 0.01
507 250 0.01
507 13 0.01
507 609 0.01
507 718 0.2
507 264 0.05
507 2137 0.05
2138 2139 0.01
2138 1142 0.01
2138 1147 0.01
2138 424 0.01
2138 1153 0.01
2138 2140 0.05
2138 790 0.01
2138 630 0.2
2138 447 0.01
2138 1655 0.05
2138 2141 0.2
2138 639 0.2
2138 642 0.01
2138 1589 0.2
2138 1591 0.01
2138 2001 0.05
2138 145 0.01
2138 2142 0.01
2138 2004 0.2
2138 523 0.05
2138 1262 0.05
2138 2143 0.05
2138 2144 0.2
2138 529 0.01
2138 1295 0.05
2138 546 0.05
2138 27 0.01
2138 2115 0.01
1295 206 0.2
1295 1481 0.2
1295 2145 0.2
1295 1847 0.05
1295 52 0.01
1295 144 0.2
1295 1541 0.2
1295 1472 0.05
1295 527 0.2
1295 550 0.01
1295 238 0.2
1295 1375 0.2
1295 2146 0.2
1295 976 0.2
1295 223 0.01
1295 124 0.2
1295 1707 0.05
1295 526 0.05
1295 848 0.01
1295 224 0.05
1295 2147 0.01
1295 2148 0.2
1295 488 0.05
1295 2149 0.01
1295 371 0.2
1295 2150 0.2
1295 93 0.01
1295 279 0.05
1295 365 0.05
1295 1185 0.05
1295 877 0.01
1295 368 0.01
1295 513 0.01
1295 1094 0.2
1295 879 0.2
1295 253 0.2
1295 2151 0.01
1295 1692 0.01
1295 421 0.05
1295 534 0.01
1295 2152 0.2
1295 2153 0.05
1295 214 0.2
1295 94 0.01
1295 941 0.2
1295 24 0.05
1295 1850 0.05
1295 990 0.2
1295 142 0.01
1295 988 0.01
1295 1216 0.05
1295 370 0.05
1295 473 0.2
1295 225 0.05
1295 688 0.05
1295 537 0.2
1295 1289 0.05
1295 146 0.2
1295 512 0.2
1295 855 0.05
1295 2138 0.01
1295 174 0.05
1295 547 0.05
1295 2154 0.2
1295 1232 0.01
1295 1224 0.01
1295 2155 0.05
1295 1534 0.01
1295 1932 0.2
1295 502 0.2
1295 539 0.01
1295 2156 0.05
1295 510 0.01
1295 62 0.2
1295 610 0.2
1295 1494 0.01
1295 1487 0.01
1295 691 0.05
1295 1930 0.05
1295 570 0.2
1295 1296 0.2
1295 509 0.01
1295 4 0.2
1295 70 0.05
2157 470 0.01
2157 1356 0.2
2157 2158 0.01
2157 1358 0.01
2157 1493 0.01
2157 477 0.05
805 2159 0.01
805 2160 0.05
805 201 0.01
805 2125 0.01
805 1518 0.05
805 1718 0.2
805 1918 0.2
805 17 0.01
805 430 0.05
805 1683 0.2
805 790 0.05
805 2161 0.05
805 473 0.05
805 371 0.01
805 199 0.05
805 1176 0.2
805 1161 0.05
805 629 0.2
805 2162 0.2
805 200 0.01
805 1526 0.01
805 428 0.01
805 1251 0.2
805 409 0.05
805 1665 0.05
805 631 0.2
805 419 0.05
805 416 0.05
805 108 0.05
805 634 0.05
805 432 0.01
805 1587 0.01
805 448 0.05
805 1178 0.05
805 453 0.2
805 483 0.01
805 424 0.2
805 630 0.05
805 418 0.05
805 471 0.05
805 422 0.05
805 1097 0.05
805 1143 0.2
805 1523 0.2
805 417 0.05
805 145 0.05
805 1105 0.01
805 1164 0.05
805 639 0.2
805 431 0.2
805 643 0.2
805 447 0.01
805 439 0.2
805 2075 0.05
805 745 0.2
805 1522 0.2
805 1521 0.01
805 433 0.05
805 640 0.01
805 642 0.05
805 441 0.01
805 2163 0.01
805 452 0.01
805 140 0.2
805 1334 0.2
805 211 0.2
805 435 0.05
805 222 0.01
805 562 0.05
805 237 0.2
805 2164 0.01
805 11 0.05
805 445 0.05
805 7 0.01
805 202 0.2
805 218 0.01
805 238 0.05
805 456 0.2
805 226 0.05
805 454 0.01
805 1748 0.2
805 197 0.2
805 567 0.05
805 143 0.01
805 94 0.01
805 1447 0.05
805 516 0.05
805 9 0.05
805 193 0.05
805 2061 0.01
805 208 0.2
196 2165 0.2
196 17 0.01
196 1523 0.2
196 449 0.05
196 2088 0.05
196 1719 0.2
196 2166 0.01
196 414 0.01
196 1423 0.05
196 278 0.01
196 1138 0.05
196 748 0.2
196 1688 0.2
196 1583 0.01
196 431 0.05
196 2167 0.01
196 2168 0.01
196 655 0.01
196 2169 0.01
196 1105 0.05
196 1718 0.2
196 1520 0.01
196 443 0.01
196 1422 0.01
196 1150 0.01
196 423 0.01
196 413 0.2
196 1413 0.2
196 1178 0.05
196 371 0.2
196 660 0.01
196 472 0.2
196 424 0.01
196 425 0.01
196 412 0.2
196 16 0.2
196 452 0.2
196 630 0.05
196 1255 0.01
196 417 0.2
196 1163 0.05
196 1593 0.05
196 642 0.05
196 238 0.2
196 483 0.05
196 441 0.01
196 428 0.2
196 104 0.05
196 468 0.2
196 228 0.05
196 453 0.05
196 2170 0.01
196 1526 0.01
196 975 0.05
196 88 0.2
196 193 0.01
196 426 0.2
196 1164 0.2
196 1519 0.2
196 451 0.2
196 2171 0.05
196 433 0.01
196 237 0.01
196 436 0.01
196 1590 0.05
196 463 0.2
196 9 0.2
196 203 0.2
196 197 0.2
196 6 0.01
196 201 0.2
196 445 0.2
196 562 0.05
196 218 0.05
196 466 0.01
196 208 0.05
196 146 0.01
196 94 0.05
1537 2172 0.05
1537 853 0.2
1537 534 0.2
1537 2010 0.2
1537 27 0.2
1537 133 0.05
1537 2173 0.2
1537 2174 0.01
1537 547 0.2
1537 16 0.2
1537 1633 0.01
1537 84 0.05
1537 595 0.05
1537 360 0.01
1537 1538 0.01
1537 252 0.05
1537 719 0.05
2175 2176 0.2
2177 658 0.05
2177 841 0.05
2177 194 0.05
2177 192 0.2
2177 2178 0.05
2177 702 0.05
2177 2179 0.2
2177 2180 0.05
2177 473 0.05
2177 213 0.2
2177 144 0.05
2177 452 0.01
2177 206 0.05
2177 7 0.01
2177 70 0.2
472 419 0.01
472 409 0.2
472 1163 0.01
472 16 0.05
472 196 0.01
472 7 0.05
472 427 0.2
472 1146 0.2
472 2181 0.2
472 489 0.05
472 836 0.2
472 143 0.01
472 1648 0.05
472 1521 0.2
472 792 0.01
472 515 0.2
472 433 0.01
472 203 0.05
472 432 0.2
472 461 0.2
472 794 0.01
472 453 0.05
472 1524 0.01
472 227 0.05
472 1595 0.01
472 2182 0.01
472 426 0.05
472 514 0.01
472 2183 0.2
472 465 0.01
472 1257 0.05
472 6 0.2
472 1590 0.01
472 1275 0.01
472 1592 0.2
472 568 0.05
472 658 0.05
472 1993 0.2
472 194 0.2
472 841 0.05
472 1265 0.2
472 216 0.01
472 1892 0.05
472 9 0.05
472 951 0.2
472 146 0.05
472 495 0.2
472 657 0.2
472 94 0.05
472 228 0.01
472 238 0.01
472 1180 0.01
472 144 0.2
472 566 0.01
472 1038 0.01
472 88 0.01
472 363 0.01
472 24 0.01
472 483 0.05
472 11 0.05
472 17 0.05
472 279 0.2
472 85 0.01
483 1518 0.05
483 1176 0.2
483 630 0.01
483 1587 0.2
483 473 0.05
483 200 0.01
483 1520 0.01
483 448 0.2
483 422 0.01
483 104 0.01
483 495 0.01
483 1521 0.05
483 805 0.01
483 461 0.01
483 515 0.05
483 702 0.2
483 2184 0.01
483 439 0.2
483 196 0.01
483 2075 0.05
483 197 0.2
483 1037 0.2
483 657 0.01
483 514 0.01
483 85 0.01
483 9 0.2
483 1281 0.05
483 238 0.05
483 228 0.05
483 142 0.01
483 1210 0.05
483 24 0.01
483 227 0.2
483 507 0.01
483 659 0.01
483 226 0.01
483 128 0.01
483 660 0.01
483 70 0.01
483 1666 0.05
483 486 0.05
483 13 0.2
483 133 0.2
483 279 0.05
483 363 0.2
483 472 0.05
483 94 0.01
2185 2186 0.05
2187 1934 0.01
2187 510 0.2
2187 1193 0.2
2187 489 0.2
2187 1970 0.05
506 228 0.05
506 647 0.2
506 947 0.2
506 192 0.05
506 560 0.05
506 146 0.01
506 1870 0.05
506 1427 0.01
506 226 0.05
506 133 0.05
506 372 0.05
506 499 0.01
506 1227 0.05
506 142 0.2
506 1924 0.2
506 92 0.01
506 243 0.05
506 85 0.05
506 505 0.01
506 278 0.05
506 859 0.05
506 701 0.2
506 488 0.2
506 279 0.01
506 539 0.05
506 698 0.05
506 10 0.2
506 503 0.01
506 249 0.05
506 94 0.01
506 691 0.2
506 502 0.01
506 1047 0.2
506 363 0.01
506 1818 0.2
506 347 0.01
506 677 0.05
506 1185 0.2
506 2156 0.05
506 1192 0.01
506 27 0.05
506 609 0.2
506 261 0.2
506 696 0.01
506 511 0.2
506 84 0.01
506 16 0.01
506 260 0.2
506 245 0.05
506 501 0.2
506 570 0.2
506 2069 0.05
506 13 0.2
506 4 0.05
506 70 0.01
506 254 0.01
506 17 0.2
506 509 0.01
806 665 0.2
806 133 0.01
806 2188 0.2
806 498 0.05
806 569 0.2
806 2189 0.05
806 371 0.2
806 2190 0.05
806 1758 0.05
806 805 0.01
806 1103 0.2
806 1619 0.05
806 379 0.2
806 1312 0.01
806 499 0.2
806 2191 0.01
806 2192 0.01
806 17 0.01
1377 2193 0.01
1377 13 0.2
1377 254 0.2
1377 1631 0.05
1452 2194 0.2
1452 1170 0.01
1452 648 0.01
1452 1208 0.05
1452 1605 0.2
1452 1888 0.01
1452 583 0.2
1452 524 0.01
1452 805 0.05
1452 221 0.2
1452 973 0.2
1452 974 0.2
1452 2195 0.01
1452 375 0.05
1452 2024 0.01
1452 2196 0.01
1452 943 0.05
1452 488 0.05
1452 1658 0.01
1452 1425 0.05
1452 2197 0.01
1452 471 0.01
1452 223 0.2
1452 1657 0.01
1452 1181 0.01
1452 749 0.01
1452 2198 0.2
1452 550 0.01
1452 566 0.2
1452 224 0.2
1452 665 0.05
1452 365 0.05
1452 1355 0.05
1452 986 0.05
1452 200 0.01
1452 133 0.2
1452 528 0.05
1452 241 0.01
1452 1471 0.05
1452 124 0.01
1452 421 0.01
1452 1353 0.01
1452 1851 0.05
1452 1759 0.05
1452 1632 0.05
1452 27 0.01
1452 1862 0.2
1452 2199 0.01
1452 1296 0.2
1452 557 0.05
1452 1182 0.2
1452 1224 0.2
1452 558 0.2
1452 1908 0.2
1452 604 0.05
1452 539 0.2
1452 248 0.2
1452 374 0.01
1452 1496 0.05
1452 2200 0.2
1452 14 0.01
1452 536 0.05
1452 610 0.2
1452 1484 0.05
1452 621 0.05
1452 736 0.2
1452 56 0.01
1452 489 0.01
1452 278 0.05
1452 1536 0.2
1452 1709 0.2
1452 84 0.2
1452 502 0.01
1452 70 0.01
428 1161 0.2
428 1678 0.2
428 2201 0.05
428 448 0.01
428 2202 0.05
428 91 0.05
428 2203 0.01
428 654 0.2
428 1516 0.05
428 1661 0.01
428 1680 0.01
428 431 0.01
428 419 0.01
428 2159 0.2
428 2204 0.01
428 2084 0.2
428 1230 0.2
428 2205 0.2
428 2206 0.2
428 278 0.01
428 142 0.01
428 1518 0.05
428 437 0.05
428 1584 0.01
428 631 0.01
428 657 0.05
428 1520 0.01
428 642 0.2
428 1150 0.01
428 11 0.01
428 1590 0.2
428 412 0.2
428 197 0.01
428 430 0.05
428 9 0.2
428 207 0.2
428 432 0.05
428 237 0.01
428 1587 0.01
428 639 0.05
428 1654 0.2
428 1447 0.05
428 1594 0.05
428 424 0.05
428 1134 0.01
428 1521 0.05
428 660 0.01
428 975 0.01
428 445 0.2
428 104 0.01
428 879 0.01
428 645 0.05
428 637 0.01
428 1519 0.05
428 1143 0.2
428 1164 0.05
428 140 0.05
428 648 0.05
428 113 0.2
428 483 0.01
428 17 0.05
428 2207 0.2
428 371 0.05
428 417 0.05
428 465 0.05
428 422 0.05
428 630 0.2
428 447 0.2
428 2125 0.05
428 1830 0.05
428 496 0.05
428 455 0.05
428 459 0.2
428 18 0.01
428 441 0.01
428 108 0.2
428 228 0.05
428 526 0.2
428 143 0.01
428 655 0.05
428 566 0.05
428 515 0.01
428 439 0.2
428 6 0.05
428 196 0.2
428 146 0.01
428 194 0.01
428 473 0.01
428 144 0.01
428 226 0.2
428 219 0.2
428 217 0.01
428 208 0.01
428 438 0.2
428 94 0.05
428 238 0.2
428 209 0.2
2208 2048 0.2
2209 2210 0.01
2209 200 0.2
2209 369 0.01
2211 1255 0.2
2211 645 0.05
2211 794 0.2
2211 211 0.01
2211 213 0.01
2211 452 0.01
2211 517 0.01
2211 1257 0.05
2211 521 0.01
2211 523 0.05
2211 2212 0.2
2211 468 0.01
2211 656 0.05
2211 1784 0.01
2211 2213 0.01
2211 2214 0.2
2211 94 0.05
2211 464 0.2
2211 2215 0.01
2211 2216 0.05
2211 2217 0.2
2211 2218 0.05
2211 1171 0.01
2211 436 0.2
2211 2219 0.01
363 1138 0.2
363 1748 0.05
363 2075 0.2
363 1413 0.2
363 416 0.05
363 278 0.2
363 1248 0.2
363 1176 0.01
363 640 0.05
363 1105 0.01
363 2220 0.2
363 1586 0.2
363 2168 0.05
363 1422 0.01
363 435 0.05
363 1161 0.05
363 1423 0.01
363 1722 0.01
363 2221 0.01
363 455 0.05
363 789 0.05
363 630 0.05
363 228 0.01
363 628 0.01
363 2169 0.2
363 634 0.2
363 643 0.01
363 1520 0.2
363 629 0.2
363 104 0.01
363 6 0.05
363 9 0.05
363 418 0.01
363 639 0.01
363 1526 0.05
363 1251 0.05
363 413 0.05
363 790 0.05
363 430 0.2
363 437 0.01
363 1152 0.2
363 453 0.01
363 443 0.05
363 1589 0.2
363 523 0.01
363 1523 0.05
363 417 0.05
363 642 0.01
363 1143 0.01
363 439 0.2
363 2184 0.2
363 458 0.05
363 454 0.05
363 468 0.01
363 203 0.01
363 193 0.05
363 194 0.05
363 647 0.05
363 442 0.05
363 465 0.2
363 648 0.2
363 1588 0.01
363 463 0.2
363 514 0.2
363 196 0.2
363 199 0.01
363 1273 0.2
363 1103 0.05
363 197 0.2
363 1134 0.05
363 201 0.05
363 452 0.05
363 655 0.05
363 204 0.01
363 211 0.2
363 219 0.2
363 467 0.2
363 7 0.01
363 567 0.01
363 1218 0.01
363 427 0.05
363 217 0.05
363 208 0.2
363 144 0.01
363 805 0.01
363 85 0.05
363 526 0.05
363 209 0.05
363 470 0.2
363 213 0.2
363 371 0.01
363 238 0.2
363 18 0.05
363 1173 0.05
363 473 0.05
363 94 0.2
363 702 0.2
363 88 0.2
363 146 0.2
2222 805 0.05
2223 2224 0.01
2223 347 0.01
2223 2225 0.2
2223 2009 0.01
2223 691 0.05
2226 1919 0.05
2226 2159 0.2
2226 2227 0.05
2226 2228 0.2
2226 2229 0.05
2226 2230 0.01
2226 2231 0.05
2226 1176 0.2
2226 634 0.05
2226 2232 0.05
2226 428 0.2
2226 2233 0.2
2226 1582 0.2
2226 222 0.05
2226 419 0.05
2226 1335 0.01
2226 660 0.05
2226 2234 0.01
2226 1422 0.05
2226 1148 0.01
2226 747 0.05
2226 793 0.05
2226 1105 0.01
2226 2235 0.01
2226 2236 0.2
2226 630 0.2
2226 1686 0.05
2226 425 0.2
2226 2237 0.2
2226 635 0.01
2226 2220 0.2
2226 2075 0.01
2226 2238 0.05
2226 790 0.01
2226 2078 0.01
2226 1583 0.2
2226 2141 0.01
2226 2239 0.05
2226 196 0.2
2226 629 0.05
2226 437 0.2
2226 745 0.01
2226 2240 0.05
2226 1423 0.01
2226 643 0.05
2226 2241 0.01
2226 2089 0.05
2226 1443 0.2
2226 2242 0.05
2226 2243 0.05
2226 441 0.2
2226 202 0.05
2226 2244 0.01
2226 1722 0.05
2226 2168 0.2
2226 1526 0.05
2226 1230 0.01
2226 2245 0.01
2226 418 0.01
2226 2246 0.2
2226 413 0.2
2226 365 0.01
2226 223 0.01
2226 473 0.2
2226 209 0.2
2247 83 0.01
2247 2043 0.2
2247 2248 0.2
2249 470 0.01
2249 56 0.01
2249 13 0.2
2249 502 0.01
2250 84 0.01
2250 1373 0.01
2250 2010 0.01
2250 27 0.01
202 2089 0.05
202 2251 0.01
202 1526 0.01
202 2252 0.01
202 217 0.05
202 1152 0.2
202 218 0.05
202 639 0.2
202 1740 0.05
202 1150 0.2
202 635 0.01
202 196 0.01
202 449 0.2
202 88 0.01
202 640 0.2
202 424 0.01
202 414 0.01
202 1688 0.2
202 1164 0.05
202 140 0.2
202 425 0.2
202 1519 0.01
202 441 0.2
202 203 0.05
202 447 0.05
202 211 0.01
202 197 0.2
202 419 0.05
202 1591 0.2
202 2253 0.05
202 1465 0.2
202 2254 0.01
202 947 0.05
202 1767 0.01
202 1437 0.01
202 2255 0.05
202 1222 0.01
202 228 0.05
202 666 0.05
202 2256 0.2
202 1425 0.2
202 2257 0.01
202 471 0.2
202 986 0.2
202 1208 0.01
202 213 0.2
202 945 0.01
202 1960 0.01
202 1294 0.2
202 145 0.01
202 526 0.05
202 52 0.2
202 2258 0.2
202 224 0.05
202 54 0.05
202 1105 0.2
202 584 0.01
202 950 0.2
202 226 0.01
202 955 0.01
202 2259 0.05
202 1605 0.2
202 1204 0.01
202 1280 0.05
202 364 0.01
202 253 0.2
202 146 0.05
202 1541 0.05
202 516 0.01
202 1092 0.2
202 2260 0.05
202 975 0.05
202 855 0.2
202 2261 0.01
202 2262 0.01
202 2263 0.01
202 2264 0.2
202 2265 0.01
1210 657 0.2
1210 1592 0.05
1210 1668 0.2
1210 1088 0.2
1210 1657 0.01
1210 1182 0.2
1210 2266 0.05
1210 1661 0.2
1210 937 0.01
1210 1663 0.01
1210 225 0.2
1210 1543 0.2
1210 2267 0.05
1210 982 0.05
1210 516 0.05
1210 942 0.01
1210 237 0.01
1210 849 0.01
1210 1665 0.05
1210 254 0.01
1210 94 0.01
1210 238 0.01
1210 146 0.05
1210 2268 0.05
1210 848 0.2
1210 2269 0.01
1210 505 0.01
1210 2270 0.2
1210 1786 0.2
1210 2271 0.2
1210 113 0.2
1210 689 0.2
1210 1228 0.05
1210 2272 0.01
1210 2273 0.01
1210 2274 0.01
1210 2275 0.01
1210 2262 0.2
1210 369 0.05
1210 1481 0.05
1210 227 0.01
1210 2276 0.01
1210 2154 0.2
1210 1216 0.01
1210 529 0.2
1210 2277 0.01
1210 1373 0.05
1210 92 0.01
1210 497 0.01
1210 57 0.2
1210 1232 0.2
1210 70 0.01
1210 350 0.05
1480 146 0.01
1480 2278 0.05
1480 472 0.01
1480 502 0.01
452 1413 0.05
452 1678 0.05
452 432 0.05
452 1136 0.2
452 2159 0.05
452 146 0.01
452 1168 0.01
452 1735 0.2
452 2239 0.05
452 2279 0.2
452 635 0.05
452 1783 0.2
452 1250 0.2
452 1178 0.2
452 440 0.05
452 1724 0.05
452 413 0.2
452 1154 0.05
452 789 0.05
452 642 0.05
452 437 0.05
452 448 0.01
452 496 0.01
452 196 0.01
452 1587 0.05
452 431 0.2
452 2280 0.2
452 430 0.2
452 197 0.01
452 641 0.01
452 643 0.01
452 630 0.05
452 792 0.2
452 462 0.01
452 516 0.05
452 445 0.2
452 447 0.01
452 640 0.05
452 104 0.05
452 647 0.01
452 2281 0.05
452 433 0.05
452 2164 0.2
452 450 0.05
452 1520 0.05
452 1519 0.01
452 794 0.05
452 465 0.2
452 463 0.05
452 1588 0.01
452 453 0.2
452 211 0.01
452 17 0.01
452 1037 0.01
452 1654 0.01
452 566 0.01
452 1422 0.01
452 521 0.05
452 2282 0.05
452 455 0.2
452 652 0.2
452 649 0.2
452 1261 0.01
452 201 0.2
452 645 0.01
452 1705 0.05
452 9 0.2
452 1171 0.05
452 194 0.01
452 658 0.2
452 195 0.01
452 140 0.05
452 363 0.2
452 563 0.2
452 218 0.2
452 656 0.2
452 1260 0.01
452 199 0.01
452 206 0.05
452 655 0.05
452 192 0.2
452 648 0.2
471 2203 0.01
471 430 0.01
471 746 0.2
471 468 0.01
471 461 0.05
471 449 0.2
471 363 0.01
471 195 0.05
471 2283 0.05
471 192 0.2
471 1975 0.01
471 1745 0.2
471 805 0.01
471 133 0.2
471 845 0.2
471 2284 0.05
471 1921 0.01
471 2285 0.2
471 2286 0.05
471 950 0.05
471 930 0.05
471 228 0.2
471 88 0.01
471 2287 0.2
471 146 0.01
471 1208 0.2
471 543 0.01
471 2288 0.05
471 1843 0.05
471 2011 0.05
471 1452 0.2
471 2035 0.2
471 1960 0.2
471 516 0.01
471 1541 0.2
471 665 0.01
471 202 0.2
471 944 0.2
471 99 0.01
471 1464 0.05
471 2289 0.05
471 943 0.01
471 1220 0.2
471 945 0.01
471 963 0.2
471 1893 0.01
471 2290 0.05
471 1797 0.05
471 844 0.01
471 1922 0.01
471 2291 0.2
471 2292 0.2
471 435 0.01
471 1207 0.01
471 54 0.01
471 1923 0.2
471 978 0.01
471 226 0.01
471 1884 0.2
471 2293 0.01
471 2294 0.05
471 975 0.05
471 144 0.01
471 2295 0.05
471 225 0.01
471 2296 0.05
471 749 0.05
471 473 0.2
471 2297 0.05
471 2186 0.2
471 900 0.2
471 1905 0.2
471 754 0.2
471 1980 0.05
471 1375 0.05
471 2298 0.05
471 237 0.05
471 1468 0.2
471 1296 0.05
1905 1523 0.2
1905 1687 0.05
1905 458 0.2
1905 636 0.05
1905 516 0.01
1905 2299 0.2
1905 1230 0.2
1905 2226 0.2
1905 1164 0.05
1905 1135 0.2
1905 2300 0.01
1905 2138 0.2
1905 1702 0.05
1905 2242 0.2
1905 2241 0.05
1905 201 0.05
1905 2301 0.01
1905 2302 0.05
1905 1105 0.2
1905 2240 0.05
1905 2303 0.01
1905 424 0.05
1905 2304 0.05
1905 748 0.2
1905 2244 0.01
1905 790 0.05
1905 2079 0.05
1905 1519 0.2
1905 793 0.01
1905 196 0.2
1905 2305 0.05
1905 635 0.01
1905 1585 0.2
1905 1583 0.2
1905 1748 0.2
1905 2306 0.05
1905 2307 0.2
1905 665 0.01
1905 2308 0.01
1905 65 0.05
1905 845 0.2
1905 527 0.01
1905 682 0.05
1905 226 0.05
1905 2309 0.05
1905 977 0.05
1905 242 0.05
1905 2310 0.05
1905 1841 0.01
1905 1206 0.2
1905 2296 0.01
1905 1457 0.2
1905 805 0.01
1905 609 0.01
1905 2311 0.01
1905 209 0.05
1905 2312 0.01
1905 471 0.01
1905 2313 0.05
1905 2314 0.01
1905 2315 0.05
1905 240 0.05
1905 948 0.05
1905 2316 0.05
1905 54 0.01
1905 1208 0.01
1905 219 0.01
1905 2317 0.05
1905 2318 0.05
1905 223 0.05
1905 1375 0.2
1905 2319 0.01
1905 970 0.2
1905 1451 0.2
1905 224 0.2
1905 2320 0.05
1905 1908 0.2
1905 2321 0.05
1905 2322 0.01
1905 558 0.01
1905 546 0.01
1905 545 0.05
1905 855 0.01
1905 146 0.01
1905 256 0.2
1905 1232 0.2
1905 489 0.01
1905 490 0.2
1905 2273 0.01
1905 2323 0.2
1905 1311 0.01
1905 2324 0.05
1905 363 0.2
1905 12 0.2
1905 378 0.2
1905 13 0.05
470 414 0.2
470 2141 0.01
470 432 0.2
470 2325 0.05
470 455 0.05
470 1161 0.01
470 213 0.05
470 439 0.2
470 2326 0.2
470 461 0.2
470 646 0.05
470 2327 0.2
470 237 0.05
470 2328 0.01
470 88 0.2
470 2329 0.2
470 943 0.05
470 143 0.01
470 2035 0.01
470 363 0.01
470 2330 0.01
470 1358 0.01
470 2331 0.05
470 1216 0.2
470 550 0.2
470 537 0.01
470 225 0.01
470 55 0.01
470 2332 0.01
470 358 0.05
470 2333 0.05
470 376 0.01
470 690 0.2
470 2334 0.2
470 133 0.05
470 604 0.05
470 1487 0.01
470 692 0.01
470 2335 0.01
470 952 0.2
470 2336 0.05
470 2249 0.01
470 95 0.05
470 2337 0.01
470 809 0.01
470 2338 0.2
470 23 0.2
470 1880 0.2
470 85 0.2
470 13 0.01
470 17 0.05
470 1626 0.01
470 2339 0.05
470 570 0.2
470 548 0.2
470 532 0.01
470 2340 0.2
2341 2342 0.05
2341 27 0.01
2341 70 0.01
566 454 0.2
566 1587 0.05
566 424 0.05
566 461 0.2
566 514 0.2
566 652 0.05
566 473 0.01
566 210 0.05
566 452 0.01
566 1437 0.2
566 658 0.01
566 562 0.05
566 2343 0.05
566 1658 0.2
566 99 0.01
566 237 0.05
566 132 0.05
566 944 0.05
566 1960 0.2
566 805 0.01
566 1902 0.05
566 1948 0.05
566 228 0.01
566 1221 0.2
566 365 0.2
566 2344 0.01
566 1665 0.05
566 1216 0.2
566 1657 0.01
566 975 0.2
566 895 0.01
566 455 0.01
566 52 0.01
566 472 0.01
566 213 0.05
566 2345 0.05
566 516 0.2
566 1207 0.2
566 2346 0.2
566 1912 0.05
566 2347 0.05
566 1884 0.01
566 1668 0.01
566 977 0.05
566 507 0.01
566 1208 0.2
566 2348 0.2
566 2349 0.2
566 978 0.01
566 2257 0.2
566 224 0.05
566 849 0.2
566 2186 0.05
566 143 0.01
566 2350 0.01
566 954 0.05
566 2351 0.2
566 2352 0.05
566 1923 0.2
566 2129 0.2
566 145 0.2
566 665 0.2
566 1464 0.2
566 2315 0.05
566 2353 0.2
566 2354 0.2
566 2355 0.2
566 1573 0.05
566 2356 0.05
566 749 0.01
566 527 0.01
566 682 0.2
566 2357 0.2
566 1375 0.01
566 2312 0.01
566 845 0.01
566 2358 0.05
566 968 0.01
566 1353 0.01
566 948 0.05
566 144 0.05
566 2296 0.05
566 1802 0.05
566 1220 0.01
566 754 0.01
566 1458 0.05
566 1541 0.05
566 54 0.05
566 219 0.05
566 238 0.2
566 937 0.01
566 1448 0.05
566 2359 0.05
566 526 0.2
566 1452 0.2
2338 88 0.2
2338 246 0.05
2338 691 0.05
2338 278 0.01
2338 143 0.01
2338 70 0.05
2338 1709 0.05
2338 2360 0.05
2338 2361 0.01
2338 916 0.2
2338 2362 0.2
2338 1193 0.01
2338 13 0.05
2338 2363 0.05
2338 2364 0.2
2338 1639 0.05
2338 347 0.01
2338 2365 0.01
2366 496 0.05
2366 1494 0.05
2366 1232 0.2
2366 1216 0.2
2366 1223 0.05
2366 2367 0.05
2366 2154 0.2
2366 2368 0.2
2366 2369 0.01
2366 1224 0.01
2366 2370 0.2
2366 2371 0.2
2366 2372 0.05
2366 1466 0.2
2366 704 0.05
2366 376 0.01
2366 2373 0.01
2366 244 0.05
2366 805 0.2
2366 227 0.01
2366 92 0.01
2366 543 0.01
2366 1633 0.05
2366 1929 0.2
2366 1930 0.2
2366 541 0.01
2366 1631 0.01
2366 2374 0.2
2366 15 0.2
2366 555 0.05
2366 1103 0.05
2366 691 0.01
2366 2363 0.2
2366 1880 0.01
1622 480 0.2
1622 94 0.01
1622 279 0.01
1622 146 0.2
1622 558 0.2
1622 1617 0.01
1804 2001 0.2
1804 145 0.05
1804 208 0.05
1804 749 0.2
1804 2151 0.01
1804 1972 0.2
1804 1787 0.2
1804 2375 0.05
754 471 0.01
754 527 0.01
754 1468 0.05
754 1220 0.01
754 1449 0.2
754 566 0.2
754 1961 0.01
754 534 0.01
754 473 0.2
754 1416 0.01
754 2376 0.01
754 1304 0.2
371 425 0.2
371 208 0.01
371 196 0.05
371 414 0.01
371 428 0.2
371 635 0.05
371 145 0.05
371 642 0.2
371 643 0.01
371 448 0.2
371 2237 0.2
371 1603 0.01
371 633 0.05
371 835 0.05
371 461 0.01
371 216 0.2
371 794 0.2
371 440 0.2
371 211 0.2
371 1164 0.01
371 209 0.2
371 2377 0.2
371 541 0.01
371 192 0.01
371 141 0.05
371 194 0.05
371 1724 0.05
371 224 0.05
371 2378 0.01
371 662 0.2
371 473 0.2
371 2379 0.2
371 2380 0.01
371 976 0.2
371 1748 0.05
371 1037 0.01
371 223 0.01
371 842 0.2
371 932 0.01
371 363 0.01
371 1208 0.01
371 455 0.2
371 1787 0.01
371 502 0.01
371 526 0.01
371 1541 0.2
371 54 0.05
371 91 0.01
371 200 0.01
371 94 0.05
371 878 0.05
371 124 0.01
371 375 0.05
371 851 0.05
371 550 0.01
371 133 0.05
371 143 0.01
371 24 0.01
371 17 0.2
371 242 0.2
371 11 0.2
2381 94 0.01
2381 584 0.05
2381 2382 0.2
2381 751 0.01
2381 1289 0.2
2381 1757 0.05
2381 1182 0.05
2381 1483 0.05
2381 13 0.01
2381 687 0.01
2381 2339 0.01
2381 2383 0.01
2384 2385 0.01
2384 1094 0.01
2384 535 0.05
2384 133 0.05
2384 254 0.01
144 197 0.2
144 950 0.05
144 2071 0.01
144 7 0.01
144 1282 0.01
144 943 0.01
144 947 0.05
144 222 0.05
144 2386 0.01
144 1037 0.2
144 2387 0.2
144 1944 0.05
144 934 0.05
144 2388 0.05
144 1843 0.05
144 1960 0.01
144 2266 0.2
144 2389 0.05
144 2390 0.01
144 1948 0.2
144 2292 0.05
144 472 0.05
144 2254 0.2
144 1658 0.2
144 1541 0.01
144 1884 0.2
144 1941 0.01
144 2391 0.01
144 2392 0.01
144 2393 0.2
144 932 0.01
144 2344 0.05
144 2394 0.05
144 509 0.2
144 1922 0.05
144 516 0.01
144 1296 0.05
144 213 0.05
144 2395 0.01
144 52 0.05
144 2396 0.2
144 129 0.2
144 975 0.05
144 2397 0.05
144 2398 0.01
144 2399 0.05
144 976 0.2
144 1204 0.01
144 963 0.05
144 471 0.2
144 2400 0.01
144 1353 0.01
144 2401 0.2
144 240 0.01
144 807 0.01
144 1039 0.2
144 1202 0.05
144 2402 0.05
144 2403 0.01
144 1275 0.01
144 847 0.05
144 2295 0.05
144 1102 0.2
144 2404 0.2
144 849 0.05
144 954 0.2
144 899 0.2
144 2348 0.05
144 1295 0.05
144 527 0.05
144 1448 0.01
144 2405 0.05
144 526 0.01
144 2356 0.2
144 2406 0.01
144 2407 0.2
144 214 0.2
144 1664 0.01
144 2408 0.2
144 1309 0.01
144 2409 0.2
144 610 0.05
144 4 0.01
144 2410 0.05
531 2411 0.2
531 1349 0.01
531 2412 0.01
531 1216 0.05
531 1923 0.2
531 226 0.05
531 2351 0.01
531 845 0.01
531 1464 0.01
531 2129 0.01
531 2413 0.2
531 54 0.05
531 2288 0.2
531 2414 0.2
531 686 0.05
531 370 0.01
531 1450 0.2
531 1745 0.2
531 488 0.2
531 371 0.05
531 580 0.05
531 1481 0.05
531 1758 0.05
531 2415 0.2
531 855 0.01
531 1289 0.2
531 1478 0.05
531 2172 0.01
531 504 0.01
531 2154 0.01
531 495 0.2
531 2323 0.05
531 535 0.05
531 258 0.05
531 2416 0.01
531 133 0.01
531 2383 0.01
555 2061 0.01
555 1658 0.01
555 520 0.2
555 2417 0.01
555 2096 0.05
555 2418 0.05
555 473 0.05
555 440 0.2
555 209 0.05
555 1422 0.05
555 1974 0.2
555 452 0.01
555 210 0.2
555 2419 0.05
555 1982 0.01
555 1170 0.2
555 194 0.01
555 2151 0.01
555 1477 0.05
555 2420 0.01
555 1459 0.01
555 236 0.01
555 1767 0.2
555 529 0.01
555 376 0.01
555 2421 0.05
555 2366 0.2
1301 515 0.01
1301 88 0.2
1301 143 0.05
1301 254 0.2
1301 453 0.01
1301 2422 0.01
1301 2423 0.05
1301 636 0.05
1301 363 0.01
1301 144 0.05
1301 124 0.05
1301 1040 0.01
1301 370 0.01
1301 1310 0.05
1301 1216 0.01
1301 92 0.2
1301 503 0.05
1301 17 0.05
1301 142 0.2
1301 13 0.05
1301 535 0.05
1301 489 0.01
1301 805 0.2
1301 547 0.01
1301 1708 0.2
1301 1232 0.05
1301 691 0.01
1301 244 0.2
1301 114 0.05
1301 504 0.05
1301 2424 0.01
1301 146 0.05
9 640 0.05
9 2226 0.2
9 1516 0.01
9 1176 0.2
9 2231 0.2
9 2425 0.2
9 1443 0.05
9 2426 0.05
9 1648 0.05
9 630 0.05
9 1783 0.01
9 1140 0.05
9 1145 0.01
9 2427 0.01
9 18 0.2
9 430 0.2
9 1150 0.01
9 639 0.01
9 435 0.2
9 1521 0.05
9 567 0.05
9 472 0.2
9 1143 0.2
9 644 0.05
9 647 0.2
9 792 0.05
9 144 0.05
9 517 0.01
9 2428 0.01
9 1037 0.05
9 227 0.05
9 495 0.01
9 461 0.05
9 2429 0.2
9 104 0.01
9 88 0.05
9 2430 0.05
9 2431 0.01
9 464 0.01
9 1520 0.05
9 452 0.2
9 210 0.05
9 2432 0.01
9 2433 0.05
9 463 0.01
9 2434 0.01
9 216 0.2
9 947 0.2
9 2435 0.05
9 1829 0.01
9 970 0.2
9 483 0.01
9 1654 0.05
9 2102 0.05
9 2234 0.01
9 1834 0.05
9 222 0.2
9 1543 0.2
9 1723 0.2
9 558 0.01
9 5 0.01
9 2436 0.01
9 2437 0.2
9 2177 0.2
9 2122 0.05
9 6 0.05
9 2438 0.2
9 658 0.05
9 1591 0.05
9 1753 0.05
9 2439 0.2
9 1265 0.2
9 682 0.2
9 2440 0.05
9 1956 0.05
9 2000 0.01
9 2441 0.05
9 2020 0.01
9 7 0.2
9 1666 0.01
9 2442 0.2
9 1898 0.2
9 228 0.2
9 2443 0.01
9 145 0.01
9 985 0.05
9 1207 0.2
9 2444 0.01
9 213 0.2
9 2445 0.05
9 1707 0.05
9 1471 0.05
9 264 0.01
9 501 0.2
9 94 0.2
9 372 0.05
9 70 0.01
9 751 0.05
480 226 0.2
480 641 0.01
480 2446 0.05
480 192 0.2
480 879 0.2
480 1984 0.05
480 1591 0.01
480 533 0.05
480 2017 0.01
480 2447 0.01
480 52 0.01
480 221 0.05
480 427 0.2
480 1840 0.05
480 144 0.05
480 2448 0.01
480 222 0.05
480 2345 0.01
480 843 0.2
480 842 0.2
480 2449 0.2
480 370 0.01
480 949 0.01
480 2450 0.05
480 749 0.2
480 2451 0.01
480 2255 0.2
480 70 0.2
480 143 0.01
480 2452 0.01
480 665 0.05
480 530 0.2
480 2453 0.01
480 977 0.05
480 954 0.2
480 1543 0.05
480 1926 0.05
480 526 0.05
480 219 0.01
480 534 0.05
480 2454 0.2
480 2455 0.2
480 2456 0.01
480 2457 0.01
480 214 0.05
480 238 0.01
480 1465 0.01
480 2458 0.2
480 1847 0.05
480 1875 0.01
480 1502 0.2
480 2459 0.05
480 1458 0.05
480 660 0.01
480 848 0.01
480 2460 0.2
480 2070 0.2
480 1622 0.01
480 2461 0.01
480 2352 0.01
480 132 0.2
480 94 0.05
480 2034 0.01
480 1870 0.05
480 124 0.01
480 223 0.2
480 1353 0.2
480 990 0.05
480 502 0.2
480 876 0.01
480 2462 0.2
480 473 0.2
480 1082 0.05
480 488 0.2
480 2463 0.05
480 2464 0.2
480 1216 0.05
480 2465 0.2
480 988 0.01
480 1344 0.01
480 2466 0.2
480 142 0.2
480 133 0.01
480 1772 0.05
480 13 0.05
480 114 0.2
480 857 0.2
480 88 0.05
480 242 0.2
480 236 0.2
480 146 0.01
480 2467 0.2
480 2389 0.01
1208 523 0.01
1208 2446 0.01
1208 2468 0.05
1208 453 0.05
1208 197 0.01
1208 2345 0.2
1208 217 0.01
1208 1452 0.2
1208 581 0.01
1208 1591 0.05
1208 2001 0.05
1208 467 0.01
1208 472 0.05
1208 441 0.05
1208 128 0.01
1208 1448 0.01
1208 878 0.01
1208 843 0.2
1208 363 0.01
1208 371 0.01
1208 146 0.01
1208 1661 0.05
1208 471 0.2
1208 1658 0.05
1208 930 0.01
1208 845 0.2
1208 975 0.05
1208 942 0.2
1208 52 0.05
1208 455 0.01
1208 1993 0.01
1208 370 0.2
1208 516 0.05
1208 1220 0.05
1208 219 0.01
1208 526 0.2
1208 1294 0.2
1208 534 0.01
1208 2186 0.05
1208 683 0.01
1208 805 0.01
1208 144 0.05
1208 1541 0.2
1208 54 0.05
1208 70 0.01
1208 1353 0.2
1208 566 0.01
1208 879 0.05
1208 527 0.01
1208 237 0.01
1208 225 0.05
1208 238 0.2
1208 980 0.01
1208 528 0.05
1208 1962 0.2
1208 133 0.01
1208 473 0.2
1208 1912 0.05
1208 242 0.2
1208 1465 0.2
1208 214 0.01
368 237 0.05
368 461 0.2
368 463 0.01
368 1210 0.2
368 2469 0.01
368 1542 0.01
368 1771 0.05
368 2470 0.2
368 1218 0.01
368 496 0.05
368 2471 0.05
368 145 0.05
368 805 0.01
368 1098 0.2
368 238 0.2
368 1472 0.2
368 985 0.2
368 1641 0.2
368 367 0.2
368 1353 0.2
368 852 0.01
368 124 0.01
368 24 0.2
368 209 0.05
368 2472 0.01
368 132 0.05
368 1785 0.01
368 375 0.2
368 530 0.05
368 1665 0.01
368 848 0.05
368 990 0.01
368 1295 0.05
368 1756 0.05
368 877 0.05
368 94 0.05
368 1094 0.2
368 688 0.01
368 1479 0.01
368 478 0.01
368 1299 0.2
368 131 0.2
368 1863 0.05
368 504 0.2
368 1302 0.2
368 1371 0.2
368 473 0.05
368 2046 0.05
368 1828 0.2
368 1224 0.05
368 694 0.05
368 93 0.2
368 474 0.05
368 363 0.01
368 580 0.01
368 486 0.2
368 489 0.2
368 538 0.05
368 502 0.2
368 370 0.05
368 369 0.2
368 2111 0.2
368 2473 0.05
368 1312 0.2
368 1227 0.01
368 56 0.01
368 236 0.05
368 371 0.01
368 146 0.2
368 1216 0.2
368 533 0.01
368 2474 0.01
368 13 0.01
2475 495 0.05
2475 4 0.05
2475 2038 0.05
2475 372 0.01
2475 855 0.01
2475 1929 0.05
2475 363 0.2
2475 1626 0.2
2475 1182 0.01
2475 1296 0.05
2475 2040 0.01
2475 686 0.2
2475 610 0.2
2475 547 0.01
2475 736 0.01
2475 2476 0.01
2475 809 0.05
2475 550 0.2
2475 1289 0.01
2475 2477 0.2
2475 347 0.05
2475 1485 0.2
2475 2478 0.01
2475 278 0.01
2475 146 0.01
2475 70 0.05
2475 13 0.01
2475 1709 0.2
2475 2042 0.01
2475 2479 0.05
2480 2481 0.05
2480 643 0.05
214 432 0.05
214 463 0.05
214 1523 0.01
214 436 0.05
214 642 0.05
214 1143 0.05
214 639 0.2
214 196 0.05
214 514 0.05
214 2468 0.05
214 2482 0.2
214 2001 0.01
214 452 0.05
214 202 0.05
214 199 0.01
214 2483 0.2
214 212 0.05
214 192 0.01
214 563 0.01
214 1172 0.01
214 658 0.05
214 580 0.05
214 220 0.05
214 140 0.2
214 219 0.2
214 567 0.01
214 206 0.01
214 1941 0.2
214 1723 0.05
214 1543 0.05
214 317 0.05
214 208 0.2
214 128 0.05
214 2484 0.01
214 27 0.05
214 526 0.01
214 1920 0.01
214 221 0.2
214 1759 0.2
214 1658 0.05
214 54 0.2
214 2485 0.01
214 197 0.05
214 843 0.2
214 279 0.05
214 228 0.2
214 946 0.01
214 665 0.05
214 1541 0.05
214 701 0.01
214 2486 0.01
214 2487 0.2
214 223 0.2
214 226 0.05
214 1282 0.05
214 509 0.01
214 1464 0.01
214 656 0.2
214 2488 0.01
214 749 0.2
214 845 0.01
214 60 0.2
214 133 0.05
214 70 0.01
214 1926 0.01
214 238 0.2
214 225 0.05
214 1465 0.05
214 144 0.2
214 1428 0.2
214 1472 0.05
214 17 0.05
214 124 0.2
214 502 0.01
214 2489 0.01
214 2490 0.2
214 209 0.2
214 24 0.2
214 88 0.01
214 254 0.2
214 91 0.2
214 370 0.2
214 18 0.2
214 1090 0.05
214 2491 0.01
214 688 0.01
214 534 0.05
214 142 0.05
214 1398 0.05
214 94 0.2
214 1863 0.2
214 530 0.01
214 473 0.01
214 146 0.2
214 1208 0.2
657 439 0.2
657 461 0.2
657 566 0.2
657 443 0.01
657 647 0.05
657 514 0.05
657 227 0.01
657 522 0.2
657 483 0.2
657 194 0.2
657 2060 0.01
657 1257 0.2
657 1590 0.05
657 124 0.2
657 436 0.05
657 18 0.05
657 466 0.01
657 226 0.01
657 216 0.01
657 210 0.2
657 1654 0.05
657 1171 0.2
657 1524 0.2
657 213 0.01
657 7 0.01
657 658 0.05
657 208 0.01
657 199 0.05
657 6 0.2
657 654 0.2
657 220 0.2
657 648 0.2
657 192 0.05
657 1176 0.05
657 2380 0.05
657 1724 0.2
657 54 0.05
657 143 0.01
657 219 0.05
657 974 0.01
657 526 0.05
657 1592 0.01
657 930 0.05
657 228 0.01
657 472 0.01
657 1218 0.05
657 94 0.01
657 849 0.01
657 2178 0.2
657 145 0.2
657 516 0.05
657 238 0.05
657 237 0.01
2492 2493 0.2
2492 1366 0.01
2492 2494 0.05
2492 2255 0.05
2492 2353 0.01
2492 847 0.2
2492 2295 0.01
2492 2495 0.05
2496 2497 0.01
2496 334 0.05
2496 2 0.05
2496 342 0.05
2496 45 0.01
2496 47 0.2
2498 527 0.2
2498 1768 0.2
2498 526 0.2
2498 114 0.01
2498 496 0.2
278 2088 0.05
278 2165 0.05
278 414 0.01
278 426 0.2
278 1413 0.2
278 237 0.05
278 2076 0.2
278 455 0.2
278 7 0.01
278 483 0.05
278 430 0.05
278 431 0.05
278 18 0.05
278 424 0.05
278 473 0.2
278 1176 0.01
278 2235 0.2
278 1718 0.01
278 465 0.01
278 421 0.05
278 419 0.01
278 562 0.05
278 208 0.05
278 432 0.05
278 748 0.01
278 1590 0.2
278 1254 0.05
278 448 0.05
278 196 0.01
278 1684 0.05
278 228 0.05
278 113 0.01
278 445 0.01
278 104 0.2
278 238 0.01
278 1584 0.2
278 2226 0.01
278 143 0.01
278 197 0.05
278 793 0.01
278 9 0.01
278 2499 0.05
278 428 0.01
278 1586 0.05
278 146 0.2
278 94 0.2
278 250 0.01
278 264 0.2
278 227 0.2
278 11 0.01
278 513 0.01
278 472 0.01
278 550 0.01
278 507 0.01
278 363 0.05
278 242 0.01
278 692 0.05
278 17 0.01
278 16 0.01
278 88 0.2
278 13 0.01
278 70 0.05
550 1289 0.05
550 555 0.05
550 1422 0.2
550 729 0.01
550 526 0.05
550 194 0.05
550 2013 0.05
550 1885 0.01
550 1524 0.01
550 1168 0.01
550 1891 0.05
550 224 0.05
550 228 0.2
550 1884 0.2
550 235 0.05
550 662 0.05
550 215 0.01
550 2062 0.2
550 955 0.01
550 89 0.2
550 1829 0.01
550 1992 0.01
550 124 0.2
550 658 0.01
550 427 0.05
550 2379 0.01
550 67 0.01
550 968 0.05
550 2500 0.01
550 223 0.05
550 317 0.2
550 2501 0.05
550 219 0.05
550 1286 0.05
550 1411 0.05
550 1262 0.01
550 976 0.01
550 11 0.05
550 1037 0.01
550 849 0.01
550 455 0.01
550 581 0.2
550 1791 0.2
550 1208 0.01
550 197 0.05
550 144 0.01
550 970 0.2
550 842 0.2
550 1667 0.05
550 1105 0.2
550 213 0.05
550 1787 0.2
550 1657 0.05
550 145 0.01
550 238 0.2
550 1541 0.05
550 54 0.05
550 52 0.01
550 1912 0.2
550 584 0.05
550 963 0.2
550 566 0.05
550 1452 0.05
550 1353 0.05
550 9 0.05
550 2502 0.05
550 470 0.2
550 375 0.01
550 142 0.05
550 1295 0.2
550 94 0.01
550 371 0.05
550 473 0.2
550 692 0.2
550 472 0.05
550 279 0.01
550 24 0.05
550 16 0.05
550 242 0.2
550 17 0.2
550 23 0.05
550 143 0.2
550 88 0.05
1757 475 0.2
1757 226 0.01
1757 2503 0.01
1757 1926 0.01
1757 2504 0.05
1757 93 0.2
1757 787 0.01
1757 60 0.01
1757 532 0.2
1757 855 0.01
1757 256 0.2
1757 1223 0.05
1757 70 0.2
1757 1482 0.01
1757 2505 0.05
1757 805 0.2
1757 1484 0.01
1757 844 0.05
1757 379 0.2
1757 547 0.2
1757 253 0.01
1757 133 0.05
1757 859 0.2
1757 1289 0.2
1757 13 0.05
1757 2381 0.05
1757 507 0.2
1757 94 0.2
1757 686 0.01
1757 2200 0.2
1757 64 0.2
1757 2506 0.05
1757 885 0.2
1757 539 0.05
1757 549 0.2
1757 687 0.05
1757 543 0.2
1757 809 0.05
1757 27 0.2
1757 4 0.2
1757 610 0.2
1757 242 0.2
1757 245 0.05
1757 261 0.01
1757 536 0.05
1223 1666 0.05
1223 24 0.05
1223 279 0.2
1223 1757 0.01
1223 57 0.01
1223 11 0.05
1223 253 0.01
1223 855 0.05
1223 264 0.2
1223 262 0.2
1223 143 0.2
1223 94 0.05
1223 1216 0.01
1223 56 0.2
1223 1625 0.05
1223 2041 0.05
1223 373 0.05
2507 2508 0.2
2507 1631 0.2
2507 244 0.01
2507 489 0.05
2507 1876 0.2
2507 2262 0.2
2507 2509 0.01
584 934 0.05
584 375 0.01
584 94 0.05
584 512 0.01
584 1217 0.01
584 261 0.05
584 2510 0.01
584 950 0.2
584 1222 0.05
584 2511 0.01
584 527 0.05
584 546 0.01
584 2512 0.01
584 1892 0.2
584 2402 0.01
584 2513 0.01
584 1960 0.05
584 2514 0.01
584 202 0.01
584 944 0.2
584 566 0.2
584 948 0.05
584 2515 0.05
584 955 0.2
584 1923 0.2
584 1465 0.05
584 2516 0.05
584 1922 0.05
584 1605 0.01
584 224 0.2
584 665 0.05
584 2517 0.01
584 143 0.01
584 2331 0.01
584 978 0.05
584 54 0.01
584 2129 0.05
584 849 0.2
584 979 0.2
584 1221 0.01
584 2518 0.05
584 1348 0.2
584 2519 0.05
584 1914 0.01
584 975 0.05
584 2520 0.05
584 219 0.05
584 2521 0.01
584 2259 0.01
584 52 0.05
584 1897 0.05
584 1861 0.01
584 986 0.2
584 2257 0.01
584 845 0.01
584 1663 0.05
584 124 0.05
584 516 0.01
584 145 0.01
584 2255 0.01
584 2349 0.2
584 2124 0.2
584 807 0.01
584 371 0.05
584 880 0.01
584 142 0.01
584 1863 0.01
584 1216 0.05
584 364 0.2
584 13 0.2
584 473 0.05
584 2522 0.01
584 1479 0.2
584 547 0.01
584 558 0.2
584 550 0.01
584 855 0.2
584 253 0.01
584 84 0.01
584 133 0.05
584 805 0.2
584 549 0.05
584 751 0.05
2523 4 0.05
1182 207 0.05
1182 226 0.2
1182 473 0.01
1182 1705 0.01
1182 94 0.2
1182 1171 0.01
1182 1670 0.01
1182 805 0.01
1182 2274 0.2
1182 2270 0.01
1182 133 0.05
1182 143 0.05
1182 247 0.2
1182 1104 0.01
1182 1452 0.01
1182 2039 0.2
1182 1210 0.05
1182 379 0.2
1182 260 0.05
1182 2524 0.2
1182 350 0.2
1182 373 0.2
1182 1930 0.05
1182 242 0.2
1182 1484 0.2
1182 13 0.01
1182 952 0.01
1182 1929 0.2
1182 245 0.01
1182 27 0.05
1182 253 0.05
1182 1934 0.01
1182 261 0.2
1182 2525 0.05
1182 2381 0.01
1182 2526 0.01
1182 70 0.05
1182 1626 0.05
1553 473 0.05
1553 13 0.01
1553 2527 0.01
1553 1551 0.05
1553 2528 0.2
1553 2529 0.2
1553 1631 0.2
473 654 0.05
473 416 0.2
473 201 0.01
473 496 0.05
473 1585 0.01
473 1489 0.01
473 1586 0.2
473 278 0.05
473 410 0.2
473 1521 0.01
473 2530 0.2
473 483 0.01
473 2235 0.01
473 629 0.2
473 1150 0.01
473 465 0.01
473 637 0.2
473 639 0.05
473 631 0.01
473 431 0.05
473 635 0.01
473 642 0.2
473 104 0.2
473 419 0.05
473 17 0.01
473 630 0.01
473 466 0.2
473 1148 0.2
473 199 0.05
473 463 0.05
473 208 0.05
473 432 0.01
473 702 0.2
473 656 0.05
473 453 0.01
473 1665 0.05
473 528 0.01
473 433 0.05
473 645 0.05
473 436 0.2
473 2061 0.05
473 143 0.05
473 655 0.05
473 1654 0.2
473 6 0.01
473 648 0.05
473 566 0.01
473 194 0.05
473 192 0.2
473 7 0.2
473 140 0.01
473 222 0.01
473 660 0.01
473 219 0.05
473 455 0.2
473 238 0.05
473 480 0.01
473 94 0.01
2531 1164 0.01
2531 1248 0.01
1624 1617 0.01
1624 821 0.05
1624 258 0.2
1624 302 0.05
852 2016 0.2
852 363 0.05
852 223 0.01
852 2532 0.01
852 137 0.05
852 1870 0.01
852 1472 0.01
852 665 0.01
852 1471 0.01
852 1770 0.05
852 1534 0.2
852 2533 0.2
852 1353 0.05
852 124 0.05
852 2534 0.2
852 538 0.05
852 504 0.01
852 486 0.2
852 530 0.01
852 2535 0.05
852 1094 0.2
852 125 0.05
852 984 0.01
852 2536 0.2
852 1926 0.05
852 851 0.01
852 881 0.01
852 90 0.2
852 2537 0.05
852 1084 0.2
852 246 0.01
852 478 0.2
852 143 0.01
852 1216 0.2
852 131 0.2
852 855 0.01
852 550 0.2
852 1633 0.05
852 1632 0.05
852 133 0.01
852 1187 0.05
852 687 0.2
852 242 0.05
852 547 0.05
852 2538 0.01
852 2525 0.05
852 539 0.05
852 543 0.01
852 2135 0.05
852 610 0.2
852 27 0.2
852 1484 0.05
2199 1456 0.05
2199 1932 0.01
2199 1631 0.2
2199 1352 0.05
2199 2539 0.01
2199 2540 0.01
2199 1216 0.05
2199 2541 0.05
2199 472 0.05
2199 697 0.01
2199 621 0.01
2199 236 0.01
2199 541 0.01
2199 2542 0.01
2199 1223 0.05
2199 2543 0.05
2199 278 0.2
2199 2544 0.2
2199 253 0.01
2199 1103 0.05
2199 1224 0.01
2199 550 0.01
2199 548 0.05
2199 508 0.01
2199 2038 0.01
2199 547 0.2
2199 1483 0.05
2199 394 0.2
495 1720 0.05
495 197 0.2
495 836 0.2
495 104 0.01
495 1666 0.2
495 261 0.05
495 94 0.05
495 9 0.01
495 501 0.01
495 472 0.2
495 2545 0.01
495 91 0.01
495 483 0.01
495 1227 0.2
495 489 0.01
495 260 0.2
495 227 0.05
495 541 0.05
495 143 0.2
495 499 0.05
495 18 0.01
495 1216 0.05
495 13 0.05
495 497 0.2
495 70 0.05
495 511 0.05
495 2135 0.01
495 374 0.05
495 507 0.05
495 2368 0.2
495 2546 0.01
495 584 0.01
495 1466 0.01
2547 1630 0.05
2547 2548 0.05
2547 549 0.2
2547 558 0.2
2547 2549 0.01
2547 2550 0.05
2547 2551 0.05
2547 2552 0.2
2547 2040 0.2
2547 146 0.01
2553 2138 0.01
2553 2554 0.05
2553 1051 0.2
2553 253 0.01
2553 2555 0.01
2553 1311 0.01
2553 495 0.2
2553 319 0.01
2553 12 0.05
970 2556 0.2
970 1171 0.05
970 7 0.01
970 189 0.2
970 452 0.01
970 1447 0.01
970 226 0.05
970 197 0.2
970 471 0.2
970 219 0.05
970 195 0.01
970 467 0.01
970 208 0.05
970 228 0.2
970 1654 0.01
970 2001 0.2
970 563 0.05
970 1590 0.2
970 2557 0.05
970 1797 0.01
970 1984 0.05
970 963 0.2
970 2558 0.05
970 9 0.05
970 1283 0.2
970 2559 0.05
970 1748 0.01
970 1911 0.01
970 193 0.2
970 805 0.2
970 1941 0.2
970 523 0.05
970 581 0.2
970 947 0.2
970 472 0.05
970 2560 0.01
970 550 0.05
970 1277 0.05
970 85 0.05
970 1904 0.05
970 1278 0.01
970 1221 0.05
970 1928 0.2
970 1464 0.01
970 239 0.05
970 54 0.2
970 1039 0.05
970 2561 0.2
970 237 0.05
970 1668 0.2
970 125 0.01
970 227 0.05
970 1353 0.2
970 70 0.05
970 968 0.01
970 2562 0.01
970 94 0.01
970 1352 0.05
970 1370 0.05
970 659 0.01
970 1449 0.01
970 238 0.2
970 1206 0.2
970 1755 0.05
970 1428 0.01
970 507 0.2
970 1220 0.01
970 124 0.2
970 1707 0.05
970 91 0.05
970 367 0.01
970 14 0.2
970 375 0.2
970 421 0.2
970 87 0.01
2563 2564 0.05
2563 2565 0.01
2563 2566 0.01
986 2567 0.2
986 2171 0.2
986 2448 0.01
986 2021 0.05
986 2295 0.05
986 1767 0.2
986 1222 0.05
986 979 0.01
986 1149 0.2
986 2568 0.01
986 942 0.05
986 2569 0.2
986 496 0.2
986 2387 0.01
986 2570 0.2
986 2571 0.2
986 2572 0.05
986 1843 0.01
986 2573 0.01
986 944 0.01
986 1888 0.01
986 1204 0.01
986 584 0.01
986 52 0.01
986 2574 0.01
986 2575 0.01
986 1202 0.05
986 2576 0.2
986 849 0.2
986 1884 0.01
986 954 0.01
986 2577 0.2
986 1943 0.2
986 1220 0.2
986 2578 0.01
986 2579 0.01
986 2580 0.01
986 665 0.05
986 659 0.01
986 2345 0.2
986 1861 0.2
986 2349 0.2
986 2186 0.2
986 2350 0.2
986 527 0.05
986 355 0.2
986 2581 0.05
986 2582 0.05
986 805 0.05
986 2583 0.2
986 1216 0.2
986 1451 0.01
986 878 0.2
986 2584 0.01
986 455 0.2
986 2585 0.01
986 223 0.05
986 1228 0.01
986 1921 0.01
986 1869 0.01
986 1452 0.05
986 1449 0.01
986 2288 0.01
986 1786 0.2
986 963 0.2
986 2586 0.05
986 1094 0.05
986 2587 0.2
986 473 0.01
986 214 0.05
986 1227 0.2
986 316 0.2
986 2588 0.05
986 525 0.01
986 550 0.05
2589 2590 0.01
997 142 0.05
997 1477 0.2
997 55 0.05
997 225 0.05
997 1300 0.01
997 1216 0.2
997 529 0.05
997 499 0.2
997 1697 0.05
997 1479 0.01
997 2368 0.01
997 2274 0.2
997 807 0.01
997 246 0.01
997 508 0.2
997 372 0.01
997 58 0.05
997 252 0.2
997 1232 0.2
997 558 0.05
997 13 0.01
997 805 0.05
841 443 0.05
841 976 0.2
841 237 0.01
841 199 0.05
841 195 0.05
841 143 0.01
841 192 0.01
841 1262 0.01
841 6 0.01
841 1543 0.01
841 472 0.05
841 1993 0.2
841 2164 0.01
841 1447 0.05
841 1753 0.2
841 1286 0.01
841 1769 0.05
841 208 0.01
841 1884 0.2
841 2500 0.2
841 1591 0.05
841 963 0.05
841 242 0.05
841 2591 0.01
841 1861 0.05
841 2129 0.01
841 145 0.2
841 2592 0.2
841 1284 0.01
841 702 0.2
841 2593 0.05
841 1979 0.2
841 805 0.05
841 2594 0.05
841 193 0.2
841 2595 0.2
841 2017 0.2
841 1790 0.05
841 1725 0.2
841 1974 0.2
841 2596 0.2
841 225 0.05
841 654 0.05
841 128 0.2
841 124 0.01
841 974 0.01
841 52 0.05
841 140 0.01
841 581 0.01
841 1787 0.01
841 2597 0.05
841 973 0.2
841 1920 0.05
841 1888 0.05
841 1592 0.05
841 849 0.01
841 2598 0.01
841 1984 0.05
841 1464 0.05
841 7 0.01
841 1658 0.05
2599 847 0.01
2599 2600 0.01
2599 1858 0.05
2599 56 0.2
2599 2601 0.05
2599 496 0.01
2599 538 0.2
2599 724 0.01
2599 2602 0.2
2599 2603 0.05
2599 1216 0.2
2599 2604 0.05
2599 13 0.01
2599 690 0.05
2599 372 0.01
2599 2038 0.2
2599 17 0.2
2599 513 0.2
1479 2605 0.01
1479 2606 0.05
1479 93 0.01
1479 502 0.05
1479 530 0.05
1479 667 0.01
1479 529 0.01
1479 1763 0.01
1479 584 0.2
1479 368 0.2
1479 549 0.2
1479 550 0.2
1479 1376 0.05
1479 2323 0.2
1479 2153 0.2
1479 997 0.2
1479 372 0.2
1479 13 0.01
1479 1310 0.05
2607 1869 0.2
2607 2608 0.05
2607 93 0.01
2607 805 0.01
2607 27 0.2
2604 2601 0.2
2604 2609 0.05
2604 2610 0.2
2604 2599 0.01
2604 2611 0.2
2604 787 0.05
2604 1641 0.01
2604 2612 0.05
2604 2613 0.05
2604 2614 0.05
2604 535 0.05
2604 2602 0.2
2604 490 0.2
2604 1481 0.05
2615 2616 0.01
2615 534 0.05
2615 94 0.05
2615 142 0.2
2615 56 0.2
2615 532 0.2
2615 13 0.01
2615 513 0.2
1481 461 0.2
1481 1270 0.05
1481 973 0.2
1481 1375 0.01
1481 2617 0.2
1481 2618 0.2
1481 365 0.2
1481 421 0.01
1481 2619 0.2
1481 1459 0.2
1481 1668 0.05
1481 1353 0.2
1481 124 0.05
1481 2620 0.05
1481 2621 0.01
1481 1849 0.01
1481 1850 0.2
1481 2622 0.2
1481 531 0.01
1481 13 0.05
1481 1210 0.2
1481 477 0.05
1481 2623 0.01
1481 225 0.05
1481 490 0.01
1481 1232 0.01
1481 2323 0.2
1481 2271 0.05
1481 1266 0.2
1481 724 0.2
1481 2604 0.2
1481 371 0.05
1481 529 0.01
1481 12 0.05
1481 807 0.2
1481 1216 0.2
1481 1466 0.01
1481 2366 0.01
1481 262 0.01
1481 470 0.01
1481 805 0.05
1481 244 0.2
1481 2200 0.05
2624 1787 0.01
2624 142 0.05
2624 682 0.05
445 562 0.2
445 1584 0.05
445 645 0.2
445 1176 0.01
445 17 0.05
445 264 0.01
445 639 0.05
445 439 0.2
445 947 0.05
445 435 0.01
445 452 0.01
445 85 0.2
445 461 0.05
445 522 0.05
445 9 0.2
445 1273 0.01
445 648 0.05
445 124 0.05
445 1518 0.01
445 94 0.01
445 7 0.01
445 213 0.01
445 208 0.2
445 237 0.05
445 194 0.05
445 212 0.05
445 2444 0.05
2625 1657 0.05
2625 1472 0.05
2625 1912 0.05
2626 504 0.01
1863 427 0.01
1863 648 0.01
1863 1349 0.2
1863 94 0.2
1863 238 0.01
1863 533 0.05
1863 1310 0.2
1863 490 0.05
1863 558 0.05
1863 1851 0.05
1863 1761 0.05
1863 127 0.2
1863 1364 0.05
1863 24 0.01
1863 146 0.2
1863 319 0.2
1863 2627 0.05
1863 2628 0.01
1863 2629 0.2
1863 584 0.01
1863 88 0.05
1863 2150 0.05
1863 1763 0.05
1863 1931 0.01
1863 133 0.01
1863 250 0.01
1863 226 0.2
1863 368 0.05
1863 1772 0.01
1863 60 0.2
1863 473 0.05
1863 1484 0.2
1863 535 0.2
1863 2630 0.05
1863 1305 0.2
1863 1745 0.2
1863 569 0.2
1863 1856 0.01
1863 92 0.05
1863 2631 0.05
1863 371 0.2
1863 2632 0.2
1863 1309 0.2
2633 1394 0.05
2633 1631 0.2
2633 878 0.05
2633 2634 0.2
2633 513 0.2
2633 2554 0.2
2635 2636 0.05
2637 2638 0.05
2637 2639 0.01
2637 1232 0.01
2637 856 0.01
2637 2640 0.2
376 2243 0.2
376 460 0.2
376 2641 0.2
376 663 0.01
376 513 0.05
376 49 0.01
376 375 0.01
376 372 0.2
376 988 0.01
376 895 0.2
376 667 0.01
376 1289 0.05
376 379 0.2
376 133 0.05
376 538 0.2
376 880 0.2
376 473 0.01
376 2642 0.05
376 529 0.01
376 11 0.2
376 94 0.05
376 555 0.01
376 502 0.05
376 1394 0.01
376 470 0.2
376 2274 0.01
376 58 0.05
376 550 0.2
376 805 0.2
376 1813 0.01
376 558 0.2
376 13 0.05
376 17 0.05
2643 226 0.05
1651 227 0.2
1651 1652 0.01
1651 2644 0.05
2645 547 0.01
2646 2647 0.2
2646 977 0.2
2646 1768 0.2
2648 2125 0.05
2648 1135 0.01
2648 193 0.01
2648 212 0.01
2648 1658 0.05
2648 228 0.01
2648 1458 0.2
2648 67 0.05
2648 2649 0.05
2648 27 0.2
2650 2651 0.2
1458 969 0.2
1458 2255 0.05
1458 2349 0.2
1458 94 0.05
1458 527 0.01
1458 952 0.01
1458 566 0.01
1458 2449 0.05
1458 1353 0.2
1458 968 0.2
1458 2253 0.01
1458 480 0.2
1458 2652 0.05
1458 2653 0.01
1458 526 0.05
1458 128 0.01
1458 133 0.2
1458 2654 0.2
1458 660 0.01
1458 124 0.01
1458 2537 0.01
1458 1785 0.01
1458 1461 0.01
1458 200 0.01
1458 684 0.01
1458 805 0.01
1458 209 0.2
1458 1745 0.2
1458 2655 0.01
1458 131 0.01
1458 1359 0.2
1458 2656 0.2
1458 525 0.2
1458 2657 0.01
1458 1094 0.01
1458 2658 0.05
1458 2659 0.2
1458 1457 0.01
1458 473 0.05
1458 1462 0.2
1458 688 0.2
1458 1095 0.05
2660 2661 0.2
2662 2663 0.2
496 635 0.05
496 567 0.05
496 850 0.2
496 431 0.05
496 1540 0.05
496 222 0.01
496 630 0.05
496 2235 0.2
496 629 0.2
496 1584 0.2
496 1176 0.01
496 2664 0.2
496 424 0.05
496 2205 0.2
496 473 0.05
496 278 0.05
496 193 0.01
496 1719 0.05
496 7 0.2
496 2665 0.01
496 1583 0.05
496 790 0.05
496 1679 0.01
496 2082 0.01
496 9 0.01
496 455 0.2
496 94 0.05
496 2075 0.2
496 837 0.01
496 463 0.01
496 143 0.2
496 636 0.2
496 204 0.01
496 418 0.2
496 1748 0.05
496 1523 0.01
496 1594 0.01
496 419 0.05
496 428 0.2
496 453 0.05
496 439 0.2
496 452 0.2
496 1688 0.01
496 427 0.2
496 526 0.2
496 745 0.01
496 1105 0.05
496 201 0.2
496 432 0.05
496 223 0.05
496 643 0.2
496 196 0.01
496 2125 0.01
496 562 0.01
496 516 0.2
496 228 0.05
496 238 0.2
496 472 0.2
496 371 0.05
496 18 0.01
496 11 0.01
496 146 0.05
496 17 0.2
496 805 0.2
667 427 0.01
667 1784 0.05
667 108 0.01
667 433 0.01
667 439 0.05
667 453 0.2
667 461 0.2
667 2666 0.01
667 1661 0.01
667 6 0.01
667 568 0.01
667 1592 0.05
667 67 0.05
667 494 0.01
667 2667 0.2
667 2129 0.2
667 2186 0.01
667 2329 0.01
667 2668 0.01
667 1921 0.05
667 2287 0.05
667 455 0.01
667 2669 0.01
667 434 0.05
667 2670 0.05
667 2671 0.01
667 143 0.01
667 52 0.2
667 1575 0.05
667 657 0.2
667 2672 0.01
667 1366 0.2
667 978 0.2
667 2673 0.2
667 1660 0.2
667 365 0.01
667 254 0.01
667 2674 0.2
667 1038 0.2
667 2518 0.05
667 501 0.2
667 751 0.2
667 2675 0.2
667 11 0.05
667 1668 0.2
667 23 0.2
667 550 0.05
667 880 0.01
667 530 0.2
667 1925 0.01
667 373 0.05
667 2676 0.01
667 241 0.01
667 2677 0.05
667 91 0.05
667 374 0.2
667 481 0.01
667 688 0.05
667 128 0.2
667 990 0.01
667 534 0.2
667 1309 0.01
667 1860 0.05
667 376 0.05
667 479 0.05
667 470 0.05
667 9 0.2
667 1693 0.2
667 350 0.01
667 477 0.2
667 2678 0.01
667 805 0.05
667 55 0.01
667 27 0.01
667 13 0.01
2609 751 0.05
2609 490 0.01
2609 1397 0.2
2609 2373 0.2
2609 2604 0.01
2609 77 0.2
2609 508 0.01
2609 18 0.01
2609 49 0.2
2609 1294 0.05
2609 13 0.05
2609 80 0.01
2609 1479 0.2
2609 961 0.01
2609 485 0.01
2609 2679 0.01
2609 501 0.2
2609 498 0.01
2609 488 0.2
2609 1697 0.2
2680 1955 0.05
2680 145 0.01
2680 1348 0.2
2680 665 0.01
2680 667 0.01
2680 94 0.05
2680 1040 0.05
2680 133 0.05
853 421 0.2
853 665 0.01
853 1760 0.2
853 876 0.05
853 2681 0.05
853 142 0.01
853 146 0.2
853 688 0.01
853 1094 0.05
853 507 0.01
853 1856 0.2
853 533 0.2
853 851 0.2
853 2682 0.05
853 242 0.2
853 94 0.05
853 2683 0.01
2684 2685 0.01
2686 1466 0.01
2686 1692 0.2
2686 1745 0.01
2686 244 0.01
2058 430 0.2
2058 442 0.01
2058 1522 0.01
2058 210 0.05
2058 465 0.2
2058 439 0.05
2058 443 0.01
2058 652 0.05
2058 196 0.01
2058 460 0.01
2058 647 0.05
2058 2687 0.01
2058 745 0.01
2058 463 0.05
2058 193 0.05
2058 514 0.2
2058 2688 0.2
2058 192 0.2
2058 194 0.05
2058 436 0.05
2058 521 0.01
2058 85 0.01
2058 518 0.01
2058 1725 0.01
2058 2689 0.01
2058 16 0.05
2058 1171 0.05
2058 466 0.05
2058 2690 0.2
2058 1787 0.05
2058 83 0.2
2058 2691 0.01
2692 131 0.05
2692 2693 0.01
2694 1448 0.05
2694 195 0.05
1422 431 0.01
1422 2695 0.05
1422 630 0.2
1422 2696 0.2
1422 2697 0.01
1422 2201 0.2
1422 2202 0.2
1422 2698 0.05
1422 2699 0.05
1422 1719 0.05
1422 424 0.05
1422 633 0.01
1422 2077 0.05
1422 2081 0.01
1422 1248 0.2
1422 2204 0.01
1422 2076 0.05
1422 1683 0.05
1422 2125 0.2
1422 1135 0.05
1422 363 0.2
1422 629 0.01
1422 432 0.2
1422 2700 0.05
1422 635 0.05
1422 643 0.05
1422 2168 0.2
1422 846 0.2
1422 748 0.05
1422 1150 0.01
1422 439 0.01
1422 1143 0.01
1422 1521 0.2
1422 1584 0.2
1422 278 0.2
1422 1138 0.2
1422 660 0.2
1422 1688 0.2
1422 2701 0.2
1422 2235 0.05
1422 1583 0.2
1422 419 0.05
1422 238 0.01
1422 2702 0.05
1422 640 0.2
1422 747 0.01
1422 104 0.2
1422 793 0.01
1422 1423 0.01
1422 2246 0.2
1422 1722 0.2
1422 430 0.2
1422 196 0.01
1422 413 0.05
1422 416 0.2
1422 642 0.01
1422 1164 0.05
1422 639 0.05
1422 458 0.2
1422 453 0.05
1422 2061 0.05
1422 197 0.2
1422 566 0.01
1422 146 0.05
1422 452 0.2
1422 193 0.05
1422 1745 0.05
1422 473 0.01
1422 208 0.01
2703 13 0.05
91 643 0.01
91 701 0.01
91 2704 0.05
91 666 0.2
91 143 0.05
91 1216 0.01
91 1797 0.2
91 2669 0.05
91 2705 0.2
91 1660 0.2
91 1221 0.2
91 94 0.05
91 1541 0.2
91 932 0.2
91 52 0.2
91 2255 0.2
91 1039 0.01
91 2518 0.2
91 899 0.2
91 665 0.05
91 1663 0.05
91 2673 0.2
91 1207 0.05
91 507 0.01
91 2706 0.01
91 952 0.01
91 968 0.2
91 2707 0.05
91 1667 0.05
91 85 0.2
91 660 0.05
91 372 0.05
91 87 0.01
91 2708 0.2
91 55 0.2
91 142 0.05
91 488 0.01
91 667 0.01
91 509 0.01
91 13 0.01
2709 1838 0.2
2709 2710 0.2
2709 1360 0.05
2709 2711 0.05
2709 1852 0.2
2709 1692 0.2
2709 1364 0.01
2709 1370 0.05
2709 13 0.01
2709 2712 0.2
2709 2713 0.2
2709 537 0.2
2709 2714 0.01
2709 2715 0.01
2709 2716 0.2
2709 2717 0.01
2709 2495 0.2
2709 569 0.05
2709 880 0.05
2709 508 0.05
2709 2718 0.05
2709 489 0.01
2709 687 0.05
580 1982 0.01
580 2719 0.2
580 2061 0.2
580 2702 0.01
580 2380 0.2
580 947 0.01
580 139 0.01
580 653 0.2
580 214 0.01
580 2720 0.01
580 1997 0.01
580 212 0.05
580 228 0.01
580 2721 0.2
580 2557 0.05
580 2722 0.05
580 2053 0.01
580 655 0.05
580 192 0.05
580 2723 0.05
580 2532 0.2
580 2724 0.2
580 648 0.05
580 2725 0.01
580 2726 0.2
580 1445 0.2
580 1769 0.05
580 2179 0.01
580 658 0.05
580 194 0.2
580 976 0.05
580 955 0.2
580 223 0.2
580 220 0.2
580 83 0.05
580 2288 0.05
580 534 0.05
580 990 0.01
580 851 0.05
580 531 0.01
580 1478 0.01
580 1763 0.05
580 142 0.2
580 486 0.05
580 368 0.05
580 473 0.05
580 1766 0.01
580 489 0.05
1218 639 0.01
1218 197 0.01
1218 1164 0.05
1218 211 0.05
1218 2430 0.01
1218 563 0.05
1218 146 0.01
1218 1797 0.2
1218 2054 0.2
1218 193 0.05
1218 1992 0.2
1218 2151 0.05
1218 1265 0.05
1218 1449 0.01
1218 519 0.05
1218 2727 0.01
1218 1989 0.01
1218 222 0.01
1218 223 0.01
1218 1274 0.01
1218 968 0.2
1218 1658 0.2
1218 533 0.01
1218 524 0.05
1218 52 0.2
1218 224 0.01
1218 657 0.05
1218 143 0.05
1218 1208 0.01
1218 2186 0.01
1218 1909 0.01
1218 1978 0.05
1218 144 0.2
1218 54 0.05
1218 967 0.2
1218 2728 0.01
1218 455 0.2
1218 2119 0.2
1218 375 0.2
1218 1204 0.05
1218 1275 0.05
1218 1085 0.2
1218 473 0.01
1218 990 0.01
1218 55 0.01
1218 13 0.01
1218 549 0.05
1218 242 0.01
1218 58 0.05
1218 360 0.2
2729 196 0.05
2729 2730 0.01
2729 2731 0.2
2732 2329 0.2
2732 89 0.05
2732 2608 0.05
2400 1573 0.2
2400 1838 0.01
2400 2733 0.2
2400 2734 0.2
2400 455 0.2
2400 2735 0.2
2736 513 0.01
2736 550 0.2
2736 687 0.01
2736 2737 0.2
2349 2738 0.01
2349 1839 0.2
2349 2487 0.05
2349 934 0.2
2349 2386 0.05
2349 2739 0.01
2349 2740 0.2
2349 1961 0.2
2349 2741 0.05
2349 2742 0.2
2349 224 0.01
2349 955 0.2
2349 2743 0.01
2349 2058 0.05
2349 1871 0.2
2349 91 0.2
2349 2744 0.2
2349 2745 0.01
2349 2746 0.2
2349 1902 0.2
2349 2580 0.2
2349 2747 0.05
2349 2748 0.2
2349 566 0.01
2349 516 0.05
2349 2749 0.05
2349 1836 0.01
2349 2750 0.2
2349 124 0.01
2349 1102 0.01
2349 1884 0.01
2349 1039 0.05
2349 2751 0.2
2349 2186 0.05
2349 2752 0.2
2349 17 0.05
2349 995 0.05
2349 2600 0.01
2349 1627 0.2
2349 1353 0.05
2349 954 0.01
2349 2295 0.05
2349 854 0.2
2349 2753 0.2
2349 2129 0.05
2349 219 0.2
2349 2754 0.05
2349 847 0.05
2349 260 0.2
2349 975 0.01
2349 692 0.01
2349 1205 0.05
2349 2755 0.2
2349 849 0.05
2349 9 0.01
2349 986 0.2
2349 1458 0.05
2349 70 0.05
2349 2756 0.01
2349 2757 0.2
2349 90 0.01
2349 665 0.2
2349 240 0.2
2349 2758 0.05
2349 2759 0.2
2349 1208 0.01
2349 1574 0.05
2349 1295 0.01
2349 2460 0.01
2349 2760 0.2
2349 2345 0.05
2349 2761 0.2
2349 1294 0.05
2349 2561 0.05
2349 879 0.2
2349 2762 0.2
2349 1921 0.01
2349 2763 0.2
2349 2312 0.05
2349 213 0.2
2349 1534 0.05
2219 2212 0.2
2219 1376 0.2
2219 2211 0.2
2764 667 0.2
2764 2759 0.01
2764 805 0.05
2764 2765 0.05
2764 467 0.01
2764 523 0.05
2764 2766 0.01
2764 1278 0.2
2764 208 0.01
2764 221 0.05
2764 11 0.2
2151 1833 0.01
2151 235 0.2
2151 140 0.01
2151 2053 0.01
2151 2532 0.2
2151 2767 0.01
2151 1999 0.05
2151 2768 0.05
2151 1975 0.01
2151 217 0.01
2151 2178 0.01
2151 968 0.2
2151 1658 0.01
2151 146 0.01
2151 52 0.05
2151 2769 0.05
2151 224 0.05
2151 565 0.2
2151 222 0.05
2151 145 0.01
2151 1591 0.01
2151 2770 0.01
2151 1264 0.2
2151 1997 0.2
2151 969 0.05
2151 367 0.2
2151 2771 0.2
2151 1275 0.01
2151 1274 0.05
2151 805 0.01
2151 421 0.2
2151 200 0.01
2151 240 0.01
2151 1040 0.05
2151 11 0.2
2151 17 0.01
2151 532 0.01
2151 371 0.2
2151 365 0.05
2151 209 0.05
2151 24 0.2
2151 142 0.05
2151 70 0.05
2151 1807 0.01
2151 1295 0.2
2151 1761 0.2
2151 879 0.01
2151 1849 0.05
2151 1227 0.2
2151 660 0.01
2151 127 0.2
2151 236 0.05
2151 1457 0.2
2151 534 0.01
2151 509 0.2
2151 473 0.01
2151 2772 0.05
2151 94 0.01
2151 1076 0.05
2151 27 0.2
2151 1095 0.01
2151 990 0.01
2151 225 0.01
1159 1164 0.01
1159 1294 0.05
1159 455 0.2
1159 2427 0.01
1159 219 0.05
1159 836 0.2
1159 108 0.01
1159 2773 0.2
1159 460 0.2
1159 526 0.2
1159 6 0.05
1159 1057 0.2
1159 745 0.01
1159 104 0.2
1159 453 0.01
1159 443 0.2
1159 423 0.2
1159 2774 0.05
1159 463 0.2
1159 461 0.2
1159 520 0.2
1159 202 0.01
1159 1163 0.2
1159 1984 0.2
1159 447 0.05
1159 638 0.05
1159 567 0.05
1159 425 0.05
1159 140 0.01
1159 2055 0.2
1159 1688 0.2
1159 197 0.2
1159 442 0.01
1159 642 0.05
1159 1154 0.2
1159 1701 0.05
1159 422 0.01
1159 2775 0.2
1159 635 0.05
1159 2075 0.01
1159 1162 0.2
1159 2259 0.2
1159 417 0.05
1159 517 0.2
1159 15 0.01
1159 654 0.01
1159 632 0.05
1159 1740 0.2
1159 496 0.05
1159 239 0.01
1159 790 0.05
1159 213 0.01
1159 2776 0.05
1159 639 0.05
1159 640 0.05
1159 2777 0.05
1159 1134 0.2
1159 630 0.01
1159 2778 0.01
1159 1158 0.2
1159 2138 0.05
1159 428 0.05
1159 1597 0.2
1159 636 0.01
1159 238 0.01
1159 226 0.05
1159 419 0.2
1159 196 0.2
1159 643 0.2
1159 207 0.01
1159 1265 0.2
1159 458 0.2
1159 88 0.2
1159 191 0.2
1159 1161 0.2
1159 222 0.2
1159 2141 0.01
1159 473 0.01
1159 142 0.05
2779 1413 0.2
2779 2305 0.01
2779 1135 0.2
2779 417 0.01
2779 517 0.01
2779 422 0.01
2779 425 0.01
2779 2780 0.2
2779 1763 0.2
2779 2781 0.2
2779 2782 0.2
2779 538 0.05
2779 2783 0.05
2779 60 0.05
2779 13 0.05
2779 17 0.2
2779 490 0.2
2779 254 0.05
2779 1311 0.05
2779 253 0.05
2779 1376 0.2
2779 2111 0.2
2779 2784 0.01
2785 2786 0.01
2785 688 0.2
2785 2787 0.05
2785 2788 0.05
1658 210 0.2
1658 1724 0.2
1658 211 0.05
1658 1653 0.2
1658 199 0.05
1658 208 0.2
1658 648 0.01
1658 85 0.05
1658 649 0.2
1658 1543 0.2
1658 237 0.05
1658 6 0.01
1658 842 0.05
1658 1753 0.2
1658 54 0.2
1658 843 0.01
1658 1592 0.05
1658 317 0.01
1658 214 0.01
1658 1888 0.05
1658 1218 0.05
1658 1769 0.2
1658 969 0.2
1658 363 0.2
1658 663 0.05
1658 2789 0.01
1658 1275 0.05
1658 1979 0.05
1658 1920 0.01
1658 1840 0.05
1658 2285 0.05
1658 516 0.2
1658 222 0.2
1658 197 0.01
1658 900 0.2
1658 1411 0.01
1658 7 0.01
1658 91 0.01
1658 512 0.2
1658 94 0.01
1658 227 0.05
1658 2021 0.05
1658 975 0.01
1658 1541 0.05
1658 124 0.01
1658 981 0.01
1658 219 0.2
1658 943 0.01
1658 1452 0.05
1658 566 0.01
1658 942 0.01
1658 2178 0.05
1658 2648 0.2
1658 939 0.05
1658 1216 0.05
1658 2747 0.2
1658 473 0.01
1658 1208 0.01
1658 1294 0.05
1658 2387 0.01
1658 455 0.2
1658 1947 0.05
1658 2035 0.01
1658 805 0.2
1658 947 0.01
1658 228 0.01
1658 2455 0.01
1658 2572 0.2
1658 1657 0.2
1658 2390 0.2
1658 2064 0.05
1658 1181 0.05
1658 2513 0.01
1658 657 0.01
1658 143 0.05
1658 1902 0.01
1658 2790 0.01
1658 1605 0.05
1658 2791 0.05
1658 213 0.2
1658 1787 0.2
1658 2448 0.2
1658 145 0.01
1658 841 0.01
1658 1425 0.2
1658 1039 0.01
1658 1897 0.2
2792 2793 0.05
2792 2794 0.05
2792 547 0.05
2792 1227 0.01
2792 1305 0.2
2795 1164 0.2
2795 211 0.2
1173 1134 0.01
1173 2796 0.01
1173 1658 0.05
1173 1286 0.2
1173 1705 0.01
1173 1283 0.01
1173 2001 0.05
1173 969 0.2
1173 192 0.05
1173 94 0.2
1173 567 0.05
1173 2179 0.05
1173 217 0.05
1173 526 0.05
1173 197 0.01
1173 1797 0.05
1173 226 0.2
1173 975 0.05
1173 2600 0.2
1173 225 0.01
1173 174 0.2
1173 486 0.01
1173 370 0.05
1173 264 0.05
1173 241 0.01
1173 693 0.01
1173 2797 0.05
1173 4 0.01
1173 988 0.2
1173 473 0.05
1173 509 0.2
1173 502 0.05
1173 92 0.05
1173 133 0.01
1173 1763 0.2
1173 512 0.01
1173 27 0.2
1173 1577 0.01
1173 489 0.2
1173 2192 0.2
1173 278 0.01
1173 1478 0.01
1173 507 0.2
1173 470 0.01
1173 1306 0.05
1173 2475 0.05
1173 146 0.2
1173 547 0.01
1173 1289 0.2
1173 480 0.05
1173 550 0.2
1173 363 0.01
1173 1295 0.2
976 841 0.2
976 1172 0.01
976 2798 0.01
976 193 0.01
976 192 0.05
976 655 0.01
976 580 0.2
976 568 0.05
976 1992 0.2
976 2799 0.2
976 2800 0.2
976 581 0.05
976 1753 0.05
976 235 0.05
976 131 0.2
976 455 0.2
976 197 0.05
976 504 0.05
976 1218 0.01
976 1265 0.2
976 657 0.01
976 1997 0.2
976 2501 0.2
976 142 0.01
976 516 0.05
976 2801 0.01
976 1264 0.2
976 1277 0.2
976 145 0.2
976 371 0.05
976 550 0.2
976 2802 0.01
976 523 0.2
976 213 0.01
976 2803 0.05
976 140 0.05
976 2804 0.2
976 2805 0.05
976 969 0.2
976 2806 0.2
976 1941 0.05
976 1295 0.2
976 1210 0.01
976 1856 0.2
976 2668 0.05
976 2020 0.01
976 228 0.2
976 2807 0.01
976 1944 0.2
976 238 0.2
976 222 0.05
976 963 0.05
976 2267 0.2
976 94 0.2
976 845 0.01
976 144 0.2
976 659 0.05
976 1220 0.05
976 2312 0.05
976 54 0.05
976 2808 0.01
976 1465 0.05
976 2129 0.2
976 682 0.2
976 1426 0.01
976 530 0.2
976 1454 0.01
976 1448 0.2
976 124 0.2
976 223 0.01
976 1474 0.2
976 1041 0.2
976 879 0.2
976 1668 0.05
976 242 0.2
976 363 0.05
976 133 0.2
976 367 0.05
976 473 0.05
976 224 0.05
2809 1090 0.05
2809 754 0.01
2809 1216 0.05
2809 1305 0.01
2809 1728 0.2
2809 503 0.2
2809 535 0.05
2809 2810 0.2
2809 1758 0.01
128 1783 0.2
128 2811 0.01
128 443 0.01
128 648 0.01
128 237 0.05
128 192 0.01
128 473 0.05
128 1592 0.01
128 1962 0.01
128 2001 0.05
128 235 0.2
128 974 0.01
128 193 0.05
128 1277 0.01
128 1997 0.2
128 523 0.01
128 143 0.01
128 208 0.2
128 975 0.2
128 1284 0.2
128 214 0.01
128 2061 0.05
128 1208 0.05
128 1913 0.2
128 54 0.05
128 841 0.01
128 2812 0.2
128 666 0.05
128 455 0.05
128 238 0.2
128 2129 0.01
128 133 0.05
128 683 0.2
128 665 0.2
128 847 0.2
128 2253 0.05
128 1088 0.05
128 1751 0.2
128 421 0.01
128 127 0.01
128 1038 0.01
128 980 0.01
128 1458 0.05
128 1472 0.2
128 223 0.2
128 124 0.2
128 375 0.2
128 1473 0.2
128 963 0.05
128 2813 0.05
128 370 0.2
128 483 0.01
128 1216 0.01
128 502 0.01
128 2288 0.05
128 209 0.2
128 1475 0.2
128 131 0.2
128 881 0.05
128 525 0.01
128 2270 0.05
128 123 0.01
128 94 0.2
128 2342 0.01
128 1665 0.05
128 1856 0.01
128 1090 0.01
128 474 0.05
128 1091 0.01
128 478 0.05
128 2814 0.05
128 1693 0.01
128 1875 0.2
128 1690 0.2
128 225 0.05
128 1227 0.2
128 2628 0.05
128 851 0.01
128 1094 0.01
128 848 0.05
128 2046 0.05
128 1297 0.2
128 486 0.01
128 477 0.2
128 688 0.2
128 990 0.2
128 667 0.2
128 1300 0.2
128 2815 0.05
128 941 0.05
128 262 0.05
128 530 0.01
2816 377 0.01
2816 562 0.2
2816 1309 0.01
2816 540 0.2
2816 2817 0.05
1041 1727 0.05
1041 2818 0.01
1041 2819 0.2
1041 976 0.01
1041 84 0.05
1041 2466 0.05
1041 2350 0.2
1041 525 0.2
1041 1448 0.01
1041 2198 0.05
1041 223 0.01
1041 2820 0.01
1041 2619 0.05
1041 261 0.2
2672 667 0.01
1993 2295 0.01
1993 659 0.01
1993 2821 0.2
1993 2822 0.2
1993 661 0.01
1993 472 0.2
1993 841 0.01
1993 1892 0.05
1993 214 0.01
1993 1769 0.2
1993 805 0.01
1993 2591 0.2
1993 974 0.2
1993 189 0.01
1993 94 0.2
1993 973 0.05
1993 2491 0.05
1993 1960 0.01
1993 2721 0.05
1993 1592 0.01
1993 2823 0.01
1993 1605 0.2
1993 980 0.05
1993 1899 0.01
1993 238 0.05
1993 54 0.2
1993 1464 0.01
1993 209 0.05
1993 365 0.2
1993 143 0.2
1993 1663 0.2
1993 1208 0.01
1993 1205 0.01
1993 2399 0.2
1993 849 0.01
1993 146 0.01
1993 145 0.2
1993 2824 0.05
1993 1216 0.2
1993 2353 0.2
1993 1901 0.05
2772 2179 0.01
2772 477 0.01
2772 200 0.2
2772 1456 0.05
2772 1751 0.2
2772 143 0.01
2772 18 0.2
2772 1356 0.01
2772 1507 0.01
2772 146 0.05
2772 665 0.2
2772 603 0.01
2772 1925 0.01
2772 254 0.05
2772 1358 0.2
2772 502 0.2
2772 984 0.2
2772 421 0.01
2772 530 0.01
2772 365 0.05
2772 209 0.05
2772 875 0.2
2772 1761 0.01
2772 1040 0.05
2772 1309 0.2
2772 688 0.2
2772 1085 0.2
2772 509 0.2
2772 2151 0.2
2772 279 0.01
2772 1088 0.05
2772 427 0.05
2772 2825 0.2
2772 473 0.2
2772 525 0.01
2772 142 0.05
2772 1090 0.01
1352 1748 0.01
1352 973 0.05
1352 1661 0.2
1352 935 0.05
1352 657 0.2
1352 900 0.01
1352 1039 0.2
1352 516 0.01
1352 1375 0.05
1352 807 0.05
1352 1472 0.05
1352 54 0.05
1352 1465 0.05
1352 2826 0.05
1352 1454 0.2
1352 224 0.01
1352 2226 0.2
1352 209 0.05
1352 60 0.01
1352 534 0.05
1352 1691 0.2
1352 478 0.05
1352 1568 0.01
1352 502 0.01
1352 1040 0.01
1352 990 0.01
1352 1224 0.01
1352 1477 0.05
1352 18 0.01
1352 2814 0.01
1352 372 0.01
1352 535 0.01
1352 2827 0.01
1352 1745 0.01
1352 2199 0.2
1352 13 0.2
1352 83 0.01
1352 2630 0.05
1352 608 0.01
1352 146 0.2
1352 225 0.05
1352 2828 0.2
1352 2678 0.05
1352 1309 0.2
1352 1772 0.01
1352 473 0.01
1352 142 0.01
1352 2829 0.05
1352 2830 0.05
1352 2831 0.2
1352 2676 0.2
1528 423 0.05
1528 2832 0.05
1528 2253 0.2
1528 2833 0.01
1528 2834 0.2
1528 2835 0.05
1528 2836 0.01
1528 2837 0.01
1528 2838 0.01
1528 2839 0.05
1528 1759 0.05
1528 528 0.01
1528 1758 0.05
851 2840 0.05
851 954 0.2
851 1725 0.2
851 52 0.2
851 805 0.01
851 1797 0.01
851 665 0.2
851 443 0.05
851 275 0.2
851 1769 0.01
851 1979 0.05
851 277 0.05
851 224 0.2
851 1793 0.2
851 2386 0.2
851 1891 0.01
851 2841 0.05
851 1605 0.01
851 848 0.01
851 2842 0.2
851 1465 0.01
851 659 0.2
851 237 0.2
851 146 0.05
851 227 0.05
851 2518 0.2
851 2843 0.01
851 538 0.05
851 238 0.2
851 374 0.2
851 1449 0.05
851 502 0.01
851 24 0.2
851 1088 0.05
851 1355 0.2
851 131 0.01
851 1038 0.2
851 1472 0.01
851 223 0.2
851 124 0.2
851 350 0.01
851 473 0.05
851 1851 0.2
851 1854 0.2
851 852 0.05
851 242 0.01
851 2826 0.2
851 1785 0.01
851 209 0.05
851 2844 0.01
851 474 0.2
851 1040 0.2
851 371 0.01
851 1477 0.05
851 1359 0.2
851 1767 0.05
851 2845 0.05
851 1354 0.2
851 2634 0.01
851 534 0.2
851 1299 0.2
851 2491 0.05
851 226 0.05
851 486 0.01
851 1763 0.2
851 225 0.2
851 853 0.05
851 1094 0.01
851 699 0.01
851 2846 0.01
851 128 0.01
851 530 0.2
851 1309 0.2
851 1875 0.01
851 1693 0.2
851 1856 0.01
851 142 0.2
851 2135 0.05
851 688 0.2
851 133 0.05
851 2847 0.01
851 370 0.2
851 94 0.2
851 580 0.01
2848 2494 0.2
2848 2849 0.05
2848 11 0.2
2848 2117 0.01
2848 2850 0.01
2848 2851 0.05
2848 528 0.01
2848 1352 0.05
2848 2608 0.05
2848 2852 0.01
2848 880 0.05
2848 2592 0.05
2848 224 0.05
2848 1356 0.05
2848 660 0.2
2848 2853 0.2
2848 133 0.05
2848 1479 0.05
2848 370 0.05
2848 209 0.01
2848 2148 0.01
2848 146 0.01
2848 142 0.05
1088 1210 0.2
1088 2854 0.2
1088 954 0.2
1088 849 0.2
1088 807 0.01
1088 851 0.2
1088 128 0.05
1088 133 0.2
1088 980 0.2
1088 1427 0.01
1088 223 0.01
1088 2855 0.2
1088 831 0.2
1088 1691 0.2
1088 2856 0.2
1088 1082 0.2
1088 2857 0.05
1088 2270 0.05
1088 1293 0.01
1088 2858 0.01
1088 2859 0.2
1088 1364 0.01
1088 1084 0.01
1088 2342 0.05
1088 1216 0.2
1088 525 0.01
1088 582 0.2
1088 1875 0.05
1088 1838 0.05
1088 688 0.05
1088 225 0.2
1088 2860 0.05
1088 1859 0.05
1088 1853 0.2
1088 2463 0.05
1088 1745 0.2
1088 2420 0.2
1088 1476 0.2
1088 1094 0.01
1088 534 0.05
1088 1095 0.2
1088 473 0.01
1088 2465 0.01
2861 94 0.01
2861 17 0.2
427 2862 0.01
427 94 0.2
427 2863 0.05
427 2864 0.2
427 2865 0.2
427 1788 0.2
427 1467 0.01
427 124 0.01
427 133 0.05
427 56 0.05
427 143 0.01
427 2866 0.01
427 2620 0.05
427 688 0.01
427 986 0.05
427 142 0.2
427 976 0.05
427 477 0.05
427 1850 0.05
427 125 0.2
427 421 0.2
427 225 0.2
427 483 0.05
427 941 0.2
427 478 0.01
2867 1358 0.01
1474 954 0.2
1474 1222 0.05
1474 2267 0.05
1474 978 0.01
1474 666 0.2
1474 52 0.2
1474 955 0.05
1474 124 0.01
1474 2198 0.05
1474 146 0.01
1474 665 0.2
1474 370 0.2
1474 1707 0.05
1474 2868 0.01
1474 877 0.2
1474 223 0.2
1474 2869 0.2
1474 980 0.01
1474 2571 0.01
1474 214 0.2
1474 1473 0.05
1474 421 0.01
1474 502 0.05
1474 369 0.01
1474 473 0.2
1474 1632 0.01
1854 1947 0.01
1854 955 0.2
1854 226 0.01
1854 851 0.05
1854 688 0.01
1854 13 0.01
1854 142 0.05
1854 473 0.2
1854 687 0.01
1854 88 0.05
1854 372 0.2
2870 1216 0.05
2870 944 0.05
2870 983 0.01
2870 142 0.01
2870 682 0.2
2870 1204 0.01
2870 52 0.01
2870 2871 0.01
2870 2872 0.01
2870 2873 0.2
2870 2874 0.01
2870 473 0.05
2870 2269 0.2
2870 1912 0.05
2875 2876 0.01
2875 1745 0.01
2875 992 0.01
2875 991 0.01
2875 2877 0.01
2875 2785 0.2
2875 487 0.2
2875 1298 0.01
2875 2878 0.05
2875 2879 0.01
2875 1631 0.2
2875 2880 0.2
2875 2881 0.2
2875 2882 0.2
2875 371 0.05
2875 2883 0.01
2875 853 0.2
2875 2630 0.05
2875 569 0.01
2875 2884 0.05
2875 2509 0.05
2875 2885 0.05
2875 225 0.2
2875 2886 0.2
2875 2887 0.01
2875 1853 0.01
2875 688 0.05
2875 879 0.05
2875 883 0.01
2875 474 0.05
2875 2888 0.05
2875 538 0.05
2875 2104 0.05
2875 1309 0.2
2875 537 0.05
2875 2889 0.05
2875 1479 0.01
2875 142 0.05
2875 13 0.05
2875 2527 0.01
2875 2376 0.01
2875 2890 0.01
2875 226 0.05
2875 2891 0.01
2875 2846 0.01
2875 2892 0.05
2875 2893 0.01
2875 2631 0.2
2875 2894 0.2
2875 1863 0.2
2875 279 0.2
2875 2895 0.05
2875 940 0.2
2875 1358 0.01
2875 62 0.01
2875 1299 0.2
2875 2896 0.2
2875 2897 0.01
2875 1932 0.2
2875 2898 0.01
2875 2899 0.2
2875 370 0.2
2875 2900 0.2
660 1520 0.05
660 630 0.2
660 1585 0.05
660 748 0.2
660 790 0.01
660 428 0.2
660 1335 0.01
660 2427 0.2
660 2901 0.05
660 2226 0.01
660 1422 0.05
660 2168 0.05
660 640 0.05
660 1583 0.01
660 365 0.05
660 1423 0.05
660 417 0.05
660 363 0.2
660 2235 0.2
660 1135 0.05
660 642 0.05
660 2242 0.05
660 2246 0.2
660 631 0.01
660 1722 0.01
660 1251 0.2
660 567 0.2
660 414 0.2
660 2079 0.01
660 1413 0.05
660 1593 0.01
660 2243 0.2
660 2902 0.01
660 451 0.05
660 1521 0.05
660 1688 0.2
660 2138 0.2
660 1164 0.2
660 2184 0.05
660 1739 0.01
660 430 0.01
660 633 0.01
660 9 0.01
660 419 0.05
660 2073 0.01
660 196 0.05
660 2281 0.05
660 422 0.01
660 197 0.2
660 1105 0.2
660 441 0.01
660 635 0.01
660 1748 0.2
660 425 0.01
660 427 0.2
660 448 0.05
660 1587 0.2
660 146 0.01
660 2075 0.01
660 211 0.2
660 458 0.2
660 434 0.2
660 2004 0.2
660 932 0.05
660 132 0.05
660 226 0.05
660 2460 0.05
660 238 0.2
660 27 0.2
660 1870 0.01
660 751 0.01
660 91 0.2
660 142 0.01
660 1353 0.2
660 209 0.05
660 483 0.01
660 526 0.05
660 133 0.05
660 2600 0.05
660 473 0.05
2903 1477 0.01
1092 2030 0.2
1092 2513 0.2
1092 2278 0.05
1092 2904 0.05
1092 2905 0.01
1092 2906 0.2
1092 844 0.05
1092 2907 0.2
1092 2345 0.2
1092 1280 0.01
1092 2385 0.01
1092 1208 0.2
1092 516 0.2
1092 1541 0.01
1092 2198 0.01
1092 202 0.2
1092 2908 0.05
1092 70 0.01
1092 932 0.2
1092 473 0.05
1092 2909 0.01
1092 2350 0.01
1092 975 0.05
1092 978 0.2
1092 2575 0.2
1092 129 0.2
1092 52 0.05
1092 363 0.01
1092 1465 0.2
1092 2460 0.05
1092 1452 0.2
1092 2910 0.05
1092 509 0.05
1092 1094 0.2
1092 2911 0.05
1092 692 0.2
1092 260 0.01
1092 1787 0.05
1092 421 0.2
1092 2853 0.2
1092 1294 0.2
1092 225 0.2
1092 489 0.01
1092 57 0.2
1092 142 0.2
1092 146 0.01
1092 1476 0.05
1092 582 0.2
238 1489 0.05
238 1176 0.01
238 2664 0.2
238 2912 0.01
238 1518 0.2
238 2229 0.2
238 209 0.05
238 1586 0.05
238 630 0.05
238 1150 0.01
238 790 0.01
238 1422 0.05
238 1582 0.05
238 1584 0.05
238 419 0.01
238 424 0.2
238 416 0.05
238 1587 0.01
238 1521 0.2
238 562 0.01
238 1594 0.2
238 1149 0.05
238 439 0.01
238 437 0.01
238 2913 0.2
238 496 0.01
238 7 0.2
238 636 0.2
238 637 0.2
238 430 0.05
238 1517 0.01
238 2238 0.2
238 642 0.2
238 655 0.01
238 432 0.01
238 417 0.05
238 641 0.05
238 104 0.2
238 639 0.2
238 196 0.05
238 563 0.01
238 1252 0.05
238 226 0.05
238 108 0.01
238 836 0.01
238 2125 0.05
238 143 0.05
238 645 0.01
238 466 0.05
238 1105 0.01
238 197 0.2
238 647 0.2
238 6 0.05
238 1259 0.2
238 443 0.01
238 1590 0.05
238 2380 0.05
238 192 0.01
238 208 0.2
238 444 0.05
238 657 0.2
238 237 0.01
238 843 0.05
238 211 0.01
238 1884 0.05
238 1993 0.05
238 842 0.05
238 228 0.2
238 279 0.01
238 146 0.05
238 428 0.05
238 472 0.2
238 516 0.2
238 1661 0.01
238 128 0.2
238 113 0.01
238 660 0.05
238 954 0.05
238 566 0.2
238 483 0.2
238 365 0.2
238 480 0.2
238 219 0.01
238 214 0.01
238 9 0.2
238 473 0.01
238 526 0.2
238 659 0.2
238 94 0.2
238 227 0.2
238 242 0.05
1095 416 0.2
1095 2914 0.2
1095 2073 0.2
1095 2915 0.01
1095 1605 0.2
1095 663 0.01
1095 2916 0.2
1095 2917 0.05
1095 126 0.05
1095 1459 0.05
1095 504 0.05
1095 505 0.05
1095 2918 0.01
1095 2919 0.01
1095 1086 0.2
1095 1082 0.2
1095 2920 0.01
1095 2588 0.05
1095 667 0.2
1095 2921 0.05
1095 668 0.2
1095 1040 0.01
1095 2586 0.05
1095 2922 0.01
1095 2923 0.01
1095 2677 0.05
1095 2924 0.2
1095 2415 0.05
1095 2288 0.2
1095 2925 0.01
1095 2676 0.2
1095 1458 0.2
1095 2273 0.01
1095 1091 0.05
1095 2926 0.2
1095 1371 0.2
1095 2927 0.2
1095 1875 0.05
1095 2844 0.05
1095 474 0.05
1095 2928 0.01
1095 2814 0.01
1095 1477 0.05
1095 1767 0.2
1095 488 0.01
1095 1860 0.01
1095 1967 0.05
1095 562 0.2
1095 1857 0.2
1095 583 0.01
1095 53 0.01
1095 2385 0.05
1095 55 0.01
1095 1859 0.2
1095 1692 0.01
1095 13 0.2
1095 11 0.2
1095 371 0.05
1095 879 0.01
1095 56 0.2
1095 531 0.01
1095 1289 0.2
1095 1088 0.2
1095 990 0.01
1095 1094 0.01
1095 550 0.05
1095 688 0.05
1095 2929 0.05
1095 4 0.05
1095 1309 0.2
1095 2930 0.05
1095 2931 0.2
1095 225 0.2
1095 473 0.2
572 571 0.01
572 2932 0.2
572 2510 0.05
572 2933 0.01
572 2675 0.01
842 1678 0.01
842 197 0.2
842 943 0.05
842 213 0.2
842 146 0.05
842 523 0.2
842 371 0.05
842 550 0.05
842 2061 0.01
842 441 0.2
842 1277 0.01
842 222 0.2
842 2934 0.2
842 1541 0.01
842 1658 0.01
842 2641 0.05
842 238 0.01
842 2329 0.2
842 208 0.2
842 2516 0.05
842 950 0.01
842 7 0.05
842 140 0.01
842 242 0.2
842 2011 0.2
842 843 0.01
842 1543 0.05
842 480 0.2
1749 2935 0.05
1749 207 0.01
2936 2937 0.05
2936 2938 0.01
2939 419 0.2
2939 1230 0.2
2939 140 0.01
2939 437 0.01
2939 2940 0.01
1179 2941 0.05
1179 1526 0.2
1179 473 0.01
1179 514 0.01
1179 518 0.01
1179 789 0.2
1179 462 0.05
1179 1265 0.01
1179 1180 0.05
1179 441 0.2
1179 220 0.05
1179 141 0.05
1179 2724 0.01
1179 2942 0.2
1179 494 0.01
1755 665 0.05
1755 1220 0.2
1755 1098 0.2
1755 1657 0.2
1755 530 0.01
1755 237 0.05
1755 507 0.05
1755 1471 0.01
1755 225 0.2
1755 200 0.01
1755 543 0.01
1755 2943 0.01
1755 367 0.05
1755 94 0.01
1755 2944 0.05
1755 852 0.2
1755 2619 0.01
1755 131 0.05
1755 2945 0.05
1755 2946 0.05
1755 941 0.01
1755 254 0.01
1755 226 0.05
1473 665 0.05
1473 365 0.01
1473 2534 0.2
1473 1912 0.01
1473 124 0.05
1473 502 0.01
1473 128 0.05
1473 1856 0.01
1473 534 0.05
1473 533 0.2
1473 131 0.2
1473 473 0.05
2947 2380 0.05
2947 2948 0.05
2947 213 0.05
2947 365 0.2
2947 2295 0.01
2947 1944 0.2
2947 2411 0.2
2947 2071 0.01
2947 2949 0.01
2947 2287 0.01
2947 1469 0.05
2947 88 0.05
2947 27 0.05
2288 2493 0.01
2288 145 0.2
2288 2196 0.01
2288 471 0.2
2288 52 0.05
2288 2397 0.2
2288 2950 0.01
2288 2951 0.05
2288 483 0.2
2288 2148 0.01
2288 2895 0.01
2288 1481 0.01
2288 941 0.2
2288 2952 0.2
2288 2953 0.2
2288 153 0.2
2288 2866 0.01
2288 986 0.05
2288 2910 0.05
2288 240 0.2
2288 289 0.2
2288 128 0.05
2288 2954 0.2
2288 848 0.05
2288 2955 0.05
2288 209 0.01
2288 2681 0.05
2288 129 0.01
2288 2956 0.01
2288 1850 0.2
2288 2957 0.01
2288 1086 0.05
2288 1094 0.2
2288 225 0.01
2288 2918 0.05
2288 580 0.01
2288 2958 0.01
2288 2491 0.2
2288 371 0.2
2288 1456 0.05
2288 2924 0.01
2288 2959 0.2
2288 2960 0.01
2288 1462 0.2
2288 368 0.05
2288 881 0.01
2288 473 0.05
2288 582 0.01
2288 130 0.2
2288 2342 0.05
2288 530 0.05
2288 1852 0.2
2288 1091 0.2
2288 525 0.2
2288 2931 0.05
2288 226 0.01
2288 492 0.2
2288 2414 0.01
2288 531 0.05
2288 53 0.05
2288 254 0.01
2288 1095 0.05
2288 1477 0.01
2288 363 0.05
2288 370 0.05
2288 535 0.05
2288 142 0.2
2954 659 0.01
2954 665 0.2
2954 2961 0.01
2954 1459 0.01
2954 2825 0.01
2954 1761 0.2
2954 244 0.01
2954 2962 0.01
2954 2288 0.2
2954 879 0.01
525 2963 0.2
525 804 0.2
525 1663 0.01
525 379 0.05
525 2670 0.01
525 2518 0.01
525 476 0.01
525 79 0.01
525 1896 0.01
525 1471 0.01
525 2964 0.05
525 1041 0.01
525 537 0.01
525 1355 0.2
525 2833 0.05
525 855 0.2
525 1806 0.01
525 2965 0.2
525 1353 0.05
525 223 0.05
525 124 0.05
525 1912 0.01
525 2966 0.01
525 2967 0.2
525 1624 0.01
525 2968 0.2
525 1461 0.01
525 665 0.01
525 2969 0.01
525 1785 0.2
525 1472 0.2
525 530 0.01
525 365 0.2
525 1044 0.01
525 214 0.01
525 91 0.05
525 1352 0.2
525 125 0.01
525 2970 0.01
525 421 0.01
525 550 0.01
525 1457 0.01
525 224 0.05
525 1813 0.01
525 209 0.2
525 2971 0.2
525 582 0.01
525 984 0.05
525 990 0.05
525 879 0.05
525 1692 0.01
525 128 0.05
525 1484 0.2
525 805 0.01
525 2288 0.05
525 2825 0.05
525 2919 0.01
525 1850 0.05
525 2656 0.2
525 2537 0.2
525 1458 0.2
525 2659 0.01
525 1040 0.05
525 2972 0.2
525 2973 0.2
525 1786 0.01
525 881 0.01
525 1456 0.2
525 534 0.2
525 370 0.05
525 877 0.01
525 1088 0.2
525 688 0.05
525 130 0.2
525 1477 0.05
525 986 0.05
525 1875 0.2
525 371 0.01
525 473 0.2
1364 1227 0.01
1364 663 0.01
1364 2974 0.05
1364 1850 0.01
1364 209 0.2
1364 94 0.05
1364 505 0.2
1364 370 0.2
1364 2151 0.2
1364 1863 0.01
1364 1853 0.2
1364 1613 0.2
1364 261 0.01
1364 887 0.05
1364 603 0.2
1364 488 0.2
1364 1216 0.01
1364 2975 0.05
1364 2976 0.2
1364 481 0.2
1364 1088 0.01
1364 2977 0.01
1364 24 0.05
1364 1090 0.2
1364 253 0.01
1364 1344 0.05
1364 2978 0.05
1364 1767 0.2
1364 142 0.05
1364 1437 0.05
1364 225 0.01
1364 2709 0.05
1364 1460 0.01
1364 1309 0.05
1364 473 0.01
2965 805 0.2
2965 2979 0.05
2965 133 0.05
2965 2980 0.05
2965 2981 0.05
2965 2034 0.2
2965 2147 0.01
2965 2961 0.05
2965 2982 0.01
2965 2158 0.05
2965 241 0.05
2965 2973 0.05
2965 525 0.01
2965 2983 0.05
2965 2984 0.05
2985 224 0.01
1361 2986 0.05
1361 1283 0.05
1361 2987 0.2
1361 2988 0.01
1361 2989 0.05
1361 2990 0.01
1361 499 0.05
1361 2991 0.01
1361 1862 0.2
1361 1344 0.2
1361 132 0.01
1361 473 0.01
1361 2992 0.01
1361 2993 0.01
1361 2994 0.01
1361 2995 0.05
1361 1761 0.01
2996 1835 0.05
2996 2119 0.05
2996 483 0.05
365 2234 0.2
365 2201 0.05
365 2425 0.2
365 1150 0.05
365 409 0.05
365 659 0.01
365 1654 0.2
365 639 0.05
365 439 0.01
365 461 0.05
365 1595 0.01
365 1720 0.01
365 222 0.01
365 2591 0.05
365 1790 0.2
365 2997 0.05
365 1922 0.01
365 974 0.05
365 525 0.01
365 1452 0.05
365 984 0.01
365 1797 0.05
365 1925 0.2
365 54 0.01
365 2518 0.2
365 143 0.01
365 1993 0.01
365 1216 0.05
365 375 0.05
209 2998 0.2
209 634 0.05
209 2202 0.01
209 2999 0.05
209 2696 0.05
209 3000 0.05
209 643 0.2
209 3001 0.01
209 3002 0.05
209 3003 0.2
209 3004 0.05
209 2201 0.05
209 3005 0.05
209 2205 0.01
209 1257 0.05
209 3006 0.05
209 522 0.05
209 2171 0.05
209 514 0.01
209 201 0.2
209 56 0.05
209 636 0.05
209 1149 0.01
209 3007 0.2
209 466 0.05
209 223 0.2
209 526 0.01
209 436 0.2
209 142 0.01
209 849 0.05
209 212 0.05
209 196 0.01
209 1171 0.2
209 2103 0.01
209 2182 0.2
209 563 0.05
209 124 0.2
209 1172 0.01
209 440 0.05
209 85 0.2
209 1590 0.01
209 192 0.2
209 210 0.01
209 1134 0.2
209 194 0.01
209 218 0.2
209 1653 0.01
209 1748 0.01
209 363 0.05
209 208 0.2
209 1284 0.05
209 660 0.2
209 238 0.2
209 444 0.01
209 2791 0.2
209 214 0.2
209 878 0.05
209 226 0.01
209 702 0.2
209 428 0.2
209 1481 0.05
209 502 0.01
209 483 0.05
209 128 0.01
209 242 0.2
209 473 0.05
209 1344 0.01
209 368 0.05
209 146 0.2
367 1541 0.05
367 2910 0.05
367 1663 0.01
367 1465 0.05
367 1353 0.01
367 1856 0.2
367 237 0.05
367 261 0.01
367 845 0.05
367 848 0.05
367 507 0.2
367 2977 0.05
367 2226 0.2
367 1907 0.01
367 238 0.2
367 980 0.2
367 225 0.05
367 527 0.01
367 528 0.01
367 955 0.01
367 1751 0.05
367 224 0.05
367 1484 0.05
367 3008 0.2
367 2198 0.05
367 805 0.2
367 18 0.2
367 279 0.05
367 362 0.05
367 88 0.2
367 133 0.01
367 1870 0.01
367 1759 0.05
367 143 0.05
367 254 0.05
367 375 0.01
367 363 0.2
367 2969 0.2
367 976 0.01
367 2149 0.01
367 1296 0.01
367 878 0.2
367 941 0.05
367 226 0.01
367 534 0.05
367 876 0.05
367 142 0.01
367 264 0.01
367 758 0.05
367 368 0.01
367 236 0.2
367 473 0.05
367 2971 0.01
980 2186 0.2
980 3009 0.2
980 2487 0.05
980 930 0.2
980 3010 0.01
980 982 0.01
980 847 0.05
980 3011 0.01
980 2343 0.2
980 1993 0.2
980 1892 0.2
980 663 0.01
980 963 0.01
980 3012 0.05
980 3013 0.2
980 942 0.05
980 226 0.2
980 849 0.05
980 224 0.2
980 527 0.05
980 1220 0.05
980 1668 0.01
980 3014 0.01
980 124 0.05
980 948 0.01
980 2851 0.01
980 1208 0.05
980 3015 0.05
980 367 0.05
980 3016 0.05
980 2488 0.01
980 2808 0.01
980 1751 0.01
980 1088 0.01
980 2534 0.05
980 665 0.2
980 128 0.2
980 2924 0.2
980 60 0.01
980 370 0.01
980 2964 0.01
980 2148 0.01
980 1094 0.01
980 688 0.05
980 530 0.2
980 1474 0.01
980 125 0.2
980 3017 0.01
980 984 0.01
980 881 0.05
980 142 0.01
980 2270 0.01
980 879 0.2
980 225 0.2
2586 3018 0.2
2586 986 0.01
2586 2342 0.05
2586 3019 0.05
2586 2588 0.01
2586 142 0.01
2586 225 0.2
2586 1095 0.01
3020 517 0.01
3020 805 0.2
3020 3021 0.2
3020 3022 0.2
3020 201 0.01
3020 2171 0.01
3020 2215 0.05
3020 440 0.05
3020 196 0.2
3020 211 0.2
3020 2092 0.2
3020 1171 0.01
3020 2281 0.05
3020 2089 0.01
3020 514 0.2
3023 1375 0.05
3023 473 0.2
984 3024 0.2
984 1356 0.2
984 2979 0.05
984 2592 0.05
984 1353 0.01
984 223 0.01
984 3025 0.2
984 502 0.2
984 421 0.01
984 1507 0.2
984 124 0.2
984 851 0.05
984 125 0.2
984 1481 0.05
984 688 0.2
984 530 0.05
984 27 0.2
984 17 0.2
984 990 0.01
984 371 0.05
984 1094 0.05
984 477 0.05
984 1358 0.05
984 200 0.2
984 963 0.01
984 474 0.2
984 2825 0.05
984 2772 0.01
984 127 0.05
984 1461 0.01
984 2148 0.01
984 1040 0.01
984 852 0.05
984 665 0.2
984 1863 0.01
984 1851 0.2
984 1309 0.05
984 692 0.2
984 1785 0.2
984 94 0.2
984 2911 0.01
984 2226 0.01
984 1745 0.2
984 980 0.05
984 881 0.05
984 91 0.01
984 209 0.01
984 2966 0.05
984 375 0.2
984 534 0.05
984 368 0.01
984 88 0.01
984 24 0.01
984 189 0.05
984 153 0.01
984 1853 0.01
984 224 0.2
984 2534 0.01
984 1352 0.05
984 365 0.2
984 2681 0.05
984 2953 0.01
984 133 0.01
984 1850 0.05
984 2972 0.05
984 226 0.01
984 1692 0.01
984 142 0.2
984 2151 0.05
984 525 0.05
984 1807 0.05
984 1369 0.2
984 225 0.05
984 1457 0.01
984 1477 0.2
984 2623 0.05
3026 3027 0.05
3026 568 0.01
3026 524 0.05
3026 198 0.2
3026 1422 0.01
3026 1355 0.01
3026 224 0.01
3026 1456 0.05
3026 142 0.2
3026 1084 0.01
3028 240 0.01
3028 24 0.2
3028 976 0.05
3029 1450 0.2
3030 437 0.01
3030 432 0.05
3031 464 0.05
3031 197 0.01
3031 2096 0.2
3031 194 0.01
3031 648 0.2
3031 567 0.2
3031 473 0.05
3031 124 0.01
3031 1171 0.05
3031 1149 0.01
3031 1169 0.2
3031 205 0.2
3031 981 0.2
3031 2380 0.2
3031 1653 0.05
3031 1524 0.05
3031 141 0.01
3031 1168 0.01
3031 1281 0.05
3031 2103 0.01
3031 2102 0.2
3031 219 0.2
3031 146 0.05
3031 452 0.2
3031 54 0.05
3031 1231 0.2
3031 657 0.01
3031 3032 0.01
3031 213 0.01
3031 1901 0.01
3033 1252 0.2
3033 3034 0.01
3033 238 0.05
3033 3035 0.05
3033 1168 0.01
3033 3036 0.2
3033 1941 0.2
3037 649 0.05
3037 3038 0.01
3037 1258 0.01
3037 1891 0.2
3037 470 0.01
3039 857 0.05
3039 2486 0.05
3039 133 0.2
3039 3040 0.2
3039 1767 0.2
3039 132 0.01
3039 3041 0.05
3039 1475 0.05
3039 18 0.2
375 974 0.2
375 365 0.01
375 982 0.05
375 228 0.05
375 1452 0.01
375 145 0.01
375 54 0.01
375 1660 0.2
375 1218 0.2
375 1084 0.2
375 1216 0.01
375 2518 0.2
375 143 0.01
375 489 0.2
375 1214 0.05
375 1050 0.01
375 1853 0.01
375 1411 0.01
375 124 0.01
375 128 0.05
375 688 0.05
375 367 0.01
375 93 0.05
375 856 0.2
375 421 0.05
375 368 0.2
375 49 0.2
375 504 0.01
375 1850 0.01
375 279 0.2
375 1457 0.2
375 2855 0.2
375 1232 0.01
375 488 0.05
375 533 0.05
375 376 0.2
375 246 0.05
375 242 0.05
375 1044 0.01
375 550 0.2
375 371 0.01
3042 3043 0.2
3042 1037 0.05
3042 1835 0.05
3042 3044 0.01
3045 702 0.2
3045 846 0.05
3045 2227 0.01
3045 3046 0.2
3045 142 0.01
3047 524 0.2
3047 142 0.2
3047 845 0.2
3047 427 0.2
3048 502 0.2
3048 57 0.05
3048 142 0.2
3049 560 0.05
3049 524 0.01
3049 212 0.05
3049 2980 0.05
3049 52 0.2
3049 3038 0.2
3049 969 0.05
3049 2501 0.01
3049 238 0.05
3049 1943 0.01
3049 3050 0.05
3049 2727 0.2
3049 1264 0.05
3049 237 0.05
2075 1590 0.05
2075 425 0.05
2075 222 0.2
2075 2078 0.2
2075 644 0.05
2075 1592 0.2
2075 975 0.01
2075 3051 0.01
2075 23 0.05
2075 3052 0.01
2075 483 0.01
2075 189 0.01
2075 2164 0.2
2075 1796 0.2
2075 518 0.01
2075 146 0.2
2075 1422 0.01
2075 3053 0.2
2075 145 0.05
2075 462 0.05
2075 213 0.01
2075 3054 0.01
2075 3055 0.01
2075 3056 0.01
2075 1605 0.05
2075 2427 0.05
2075 226 0.05
2075 1588 0.05
2075 193 0.2
2075 3057 0.01
2075 144 0.05
2075 3058 0.05
2075 3059 0.2
2075 793 0.2
2075 108 0.05
2075 88 0.05
2075 453 0.2
2075 1186 0.2
2075 2811 0.01
2075 791 0.05
2075 237 0.2
2075 450 0.2
2075 652 0.01
2075 217 0.2
2075 636 0.05
2075 1271 0.01
2075 140 0.01
2075 3060 0.05
2075 9 0.2
2075 3061 0.01
2075 3021 0.05
2075 459 0.2
2075 1335 0.2
2075 432 0.2
2075 1523 0.01
2075 3062 0.01
2075 3063 0.2
2075 1155 0.05
2075 3064 0.05
2075 3065 0.01
2075 3066 0.01
2075 2216 0.05
2075 2073 0.01
2075 2163 0.2
2075 3067 0.01
2075 2227 0.05
2075 451 0.05
2075 515 0.01
2075 446 0.2
2075 433 0.01
2075 468 0.05
2075 3068 0.2
2075 94 0.01
2075 1681 0.2
2075 447 0.01
2075 196 0.05
2075 1172 0.05
2075 438 0.2
2075 452 0.05
2075 211 0.05
2075 197 0.2
2075 208 0.01
2075 216 0.2
2075 203 0.05
2075 421 0.05
2075 514 0.01
2075 439 0.2
2075 517 0.01
2075 745 0.2
2075 461 0.01
2075 204 0.2
2075 442 0.2
2075 458 0.01
2075 643 0.2
2075 463 0.01
2075 419 0.2
2075 1164 0.2
3069 370 0.01
3069 749 0.05
3069 3070 0.01
3069 3071 0.05
3069 3072 0.2
3069 473 0.2
3069 133 0.01
3073 2315 0.05
3073 473 0.05
125 3074 0.01
125 3075 0.2
125 934 0.05
125 3076 0.05
125 3077 0.2
125 2352 0.01
125 970 0.05
125 3078 0.05
125 1470 0.01
125 1706 0.2
125 1468 0.2
125 1851 0.05
125 665 0.01
125 1297 0.2
125 984 0.2
125 3079 0.01
125 2502 0.01
125 852 0.05
125 985 0.2
125 980 0.05
125 3080 0.2
125 1756 0.2
125 1484 0.05
125 123 0.2
125 2880 0.05
125 1309 0.05
125 225 0.2
125 963 0.2
125 224 0.05
125 142 0.01
125 881 0.01
125 427 0.05
125 2964 0.05
125 525 0.05
189 3081 0.2
189 434 0.05
189 3082 0.01
189 1176 0.2
189 3083 0.05
189 3084 0.2
189 3085 0.2
189 365 0.2
189 1889 0.2
189 1893 0.2
189 1592 0.05
189 2061 0.05
189 1790 0.05
189 1993 0.2
189 1787 0.01
189 1920 0.01
189 2119 0.2
189 1791 0.01
189 1210 0.01
189 973 0.2
189 3086 0.2
189 1944 0.05
189 1284 0.01
189 974 0.05
189 428 0.05
189 951 0.05
189 2721 0.05
189 849 0.05
189 94 0.05
189 963 0.2
189 488 0.05
189 2584 0.2
189 1662 0.2
189 3087 0.05
189 3088 0.2
189 2494 0.05
189 2129 0.2
189 240 0.01
189 1665 0.05
189 3089 0.05
189 1044 0.01
189 3090 0.05
189 3091 0.05
3092 212 0.01
3092 3093 0.05
3092 3094 0.2
3092 1168 0.01
3092 661 0.05
3092 3095 0.05
3096 1914 0.2
1472 208 0.2
1472 978 0.05
1472 279 0.2
1472 2744 0.05
1472 1352 0.05
1472 54 0.2
1472 1465 0.01
1472 2024 0.01
1472 2456 0.2
1472 1208 0.01
1472 683 0.2
1472 2488 0.05
1472 855 0.05
1472 1856 0.01
1472 214 0.01
1472 1294 0.01
1472 852 0.2
1472 2619 0.05
1472 2972 0.2
1472 534 0.2
1472 851 0.2
1472 133 0.05
1472 502 0.2
1472 128 0.05
1472 848 0.2
2294 3097 0.2
2294 2518 0.05
2294 2146 0.01
2294 3098 0.05
2294 473 0.2
2294 133 0.01
682 1277 0.01
682 3038 0.01
682 467 0.01
682 2444 0.01
682 1605 0.01
682 2064 0.2
682 842 0.05
682 427 0.01
682 1725 0.05
682 365 0.2
682 1897 0.01
682 1888 0.05
682 1921 0.2
682 222 0.01
682 805 0.01
682 133 0.01
682 1541 0.01
682 955 0.05
682 52 0.05
682 666 0.01
682 1657 0.01
682 483 0.2
682 1904 0.2
682 219 0.05
682 516 0.01
682 54 0.2
682 213 0.2
682 1216 0.05
682 145 0.05
682 370 0.2
682 367 0.05
682 3099 0.05
682 2253 0.05
682 968 0.2
682 528 0.01
682 566 0.2
682 1206 0.05
682 2312 0.2
682 900 0.05
682 1707 0.2
682 2584 0.01
682 472 0.2
682 1428 0.01
682 238 0.05
682 1465 0.2
682 976 0.05
682 1847 0.2
682 659 0.01
682 1869 0.01
682 124 0.05
682 527 0.05
682 1474 0.2
682 94 0.2
682 488 0.2
682 1912 0.2
682 880 0.01
682 143 0.2
682 665 0.05
682 1871 0.01
682 848 0.05
682 2600 0.01
682 1448 0.2
682 2453 0.05
682 2034 0.05
682 550 0.01
682 200 0.05
682 1449 0.2
682 1427 0.01
682 791 0.2
682 142 0.01
682 1452 0.2
682 2911 0.2
682 2873 0.2
682 2619 0.2
682 113 0.05
682 371 0.2
682 279 0.05
682 224 0.01
682 236 0.2
682 2919 0.05
682 3100 0.05
682 473 0.2
682 1040 0.2
3101 3102 0.01
3101 2502 0.2
3101 473 0.01
3101 582 0.2
3103 1784 0.01
3103 461 0.05
3103 453 0.01
3103 441 0.01
3103 436 0.05
3103 1261 0.01
3103 422 0.01
3103 447 0.2
3103 745 0.2
3103 458 0.01
3103 3104 0.05
3103 567 0.05
3103 418 0.05
3103 197 0.2
3103 519 0.2
3103 202 0.2
3103 3105 0.05
3103 1944 0.01
3106 3107 0.01
3106 977 0.05
1759 212 0.2
1759 1447 0.2
1759 3108 0.2
1759 1425 0.2
1759 1283 0.05
1759 2560 0.01
1759 2354 0.01
1759 214 0.01
1759 2806 0.2
1759 1284 0.05
1759 3109 0.05
1759 1286 0.2
1759 208 0.2
1759 933 0.05
1759 3110 0.05
1759 2020 0.2
1759 843 0.01
1759 473 0.01
1759 3111 0.2
1759 3112 0.2
1759 973 0.05
1759 1846 0.01
1759 2411 0.2
1759 2071 0.05
1759 202 0.2
1759 2253 0.2
1759 3113 0.2
1759 1943 0.2
1759 3011 0.01
1759 2287 0.01
1759 2308 0.01
1759 3114 0.2
1759 663 0.01
1759 2350 0.2
1759 1426 0.01
1759 1503 0.01
1759 2606 0.05
1759 1449 0.05
1759 1528 0.05
1759 534 0.05
1759 2659 0.05
1759 236 0.01
1759 530 0.2
1759 1452 0.05
1759 226 0.05
1759 2911 0.05
1759 880 0.01
1759 367 0.2
3115 240 0.01
3115 304 0.05
3116 1164 0.05
3116 238 0.01
3117 3118 0.2
3117 3119 0.05
3117 3120 0.2
3121 654 0.2
3121 3122 0.2
3121 930 0.01
3121 1168 0.05
3121 208 0.2
3121 237 0.01
3121 213 0.05
3121 853 0.05
3121 945 0.2
3121 3123 0.01
3121 3124 0.01
3121 207 0.05
3121 94 0.2
3121 1997 0.05
3121 480 0.2
3121 3086 0.05
3121 1286 0.2
3121 975 0.01
3121 3125 0.05
3121 1666 0.05
3121 3126 0.05
3121 3127 0.2
3128 434 0.05
3128 1995 0.2
3128 133 0.01
3129 3130 0.05
223 443 0.01
223 1587 0.2
223 793 0.2
223 2567 0.05
223 193 0.05
223 1140 0.01
223 424 0.05
223 1784 0.05
223 523 0.05
223 1595 0.05
223 3131 0.01
223 514 0.05
223 436 0.01
223 242 0.05
223 439 0.05
223 447 0.2
223 208 0.01
223 496 0.01
223 2281 0.2
223 194 0.05
223 203 0.05
223 463 0.2
223 461 0.2
223 433 0.05
223 453 0.2
223 197 0.2
223 141 0.01
223 1997 0.2
223 1217 0.2
223 2532 0.05
223 702 0.01
223 84 0.01
223 3038 0.01
223 192 0.01
223 11 0.01
223 662 0.2
223 1667 0.2
223 580 0.05
223 667 0.2
223 524 0.2
223 879 0.05
223 367 0.2
223 1979 0.05
223 1921 0.05
223 24 0.01
223 1925 0.05
223 1452 0.01
223 219 0.05
223 2471 0.01
223 70 0.05
223 253 0.05
223 421 0.01
223 200 0.05
223 1295 0.2
223 1041 0.2
223 526 0.05
223 1474 0.2
223 530 0.2
223 502 0.01
223 2979 0.01
223 2034 0.01
223 855 0.05
223 534 0.01
223 963 0.01
223 941 0.01
223 132 0.2
223 990 0.05
223 54 0.01
223 227 0.05
223 878 0.01
223 1541 0.2
223 371 0.05
223 550 0.05
223 852 0.05
223 848 0.2
223 1218 0.01
223 143 0.01
223 18 0.01
223 1787 0.05
223 142 0.2
223 131 0.01
223 94 0.05
223 128 0.01
223 214 0.2
223 145 0.2
223 146 0.2
223 851 0.2
223 225 0.2
223 455 0.2
223 480 0.01
223 124 0.05
223 133 0.01
223 1353 0.01
223 473 0.2
223 976 0.2
223 665 0.01
223 224 0.05
3132 8 0.01
3132 3133 0.05
3132 1270 0.05
3132 839 0.05
3132 2653 0.2
3132 2013 0.2
3132 793 0.2
3132 2724 0.05
3132 2125 0.01
3132 1885 0.01
3132 3134 0.05
3132 218 0.2
3132 85 0.01
3132 3135 0.05
3132 3093 0.05
3132 113 0.2
3132 3136 0.01
3132 3137 0.2
3132 444 0.2
3132 3138 0.2
3132 2099 0.05
3132 3139 0.01
3132 480 0.2
3132 842 0.05
3132 3140 0.01
3132 144 0.01
3132 235 0.01
3132 516 0.01
3132 2184 0.2
3132 438 0.05
3132 3141 0.01
3132 843 0.01
3132 1705 0.01
3132 2117 0.2
3132 211 0.01
3132 3142 0.01
3132 2001 0.05
3132 2720 0.2
3132 351 0.2
3132 145 0.2
3132 1448 0.2
3132 194 0.01
3132 665 0.05
3132 3143 0.2
3132 3144 0.05
3132 2380 0.2
3132 84 0.05
3132 975 0.01
3132 1168 0.05
3132 473 0.2
3132 2596 0.2
3132 3145 0.01
3132 655 0.2
3132 208 0.01
3132 660 0.01
3132 279 0.2
3132 2366 0.05
3132 146 0.2
3132 467 0.2
3132 1447 0.05
3132 3146 0.2
3132 195 0.2
3132 2518 0.05
3132 2722 0.01
3132 1837 0.05
3132 3147 0.05
3132 900 0.2
3132 1886 0.05
3132 845 0.2
3132 3148 0.05
3132 3149 0.05
3132 1262 0.05
3132 1599 0.01
3132 1748 0.05
3132 3150 0.05
3132 1290 0.2
3132 2178 0.05
3132 2798 0.05
3132 3151 0.2
3132 3152 0.01
3132 3153 0.2
1798 58 0.05
1798 3154 0.2
1798 1221 0.01
1798 1861 0.2
1798 1799 0.05
1798 1787 0.05
683 1208 0.01
683 245 0.2
683 128 0.05
683 94 0.05
683 455 0.05
683 2868 0.05
683 226 0.05
683 1856 0.05
683 1472 0.01
683 133 0.05
2331 2129 0.2
2331 1902 0.05
2331 1221 0.2
2331 1308 0.01
2331 950 0.05
2331 1663 0.05
2331 2035 0.05
2331 1222 0.2
2331 1181 0.01
2331 3155 0.01
2331 584 0.05
2331 952 0.05
2331 1904 0.05
2331 3156 0.05
2331 1469 0.01
2331 94 0.01
2331 977 0.01
2331 3157 0.01
2331 2950 0.01
2331 1358 0.2
2331 238 0.2
2331 1961 0.01
2331 955 0.01
2331 1468 0.2
2331 968 0.05
2331 2533 0.2
2331 1085 0.05
2331 2356 0.01
2331 1470 0.05
2331 470 0.01
2331 370 0.01
2331 976 0.2
2331 1472 0.01
2331 1667 0.05
2331 2335 0.01
1262 141 0.01
1262 565 0.2
1262 1599 0.2
1262 3158 0.05
1262 192 0.2
1262 195 0.05
1262 209 0.05
1262 1524 0.01
1262 702 0.05
1262 1724 0.01
1262 1997 0.01
1262 1168 0.05
1262 930 0.05
1262 3159 0.2
1262 526 0.01
1262 194 0.01
1262 3132 0.01
1262 1448 0.01
1262 1174 0.05
1262 217 0.2
1262 841 0.01
1262 224 0.01
1262 1591 0.01
1262 2727 0.01
1262 1920 0.2
1262 1284 0.2
1262 2286 0.01
1262 3160 0.01
1262 208 0.05
1262 2805 0.05
1262 2807 0.05
1262 473 0.2
1262 1658 0.05
1262 197 0.05
1262 849 0.2
1262 1277 0.01
1262 85 0.2
1262 843 0.01
1262 133 0.05
3161 3136 0.05
3161 1038 0.01
3161 471 0.01
3161 3162 0.05
3161 3163 0.2
3161 3164 0.05
3161 370 0.05
3161 133 0.05
3161 473 0.2
3161 3024 0.05
1871 3165 0.01
1871 2349 0.05
1871 1896 0.2
1871 1502 0.05
1871 3166 0.2
1871 3167 0.05
1871 370 0.05
1871 1912 0.05
1871 124 0.01
1871 3168 0.05
1871 558 0.05
1871 3169 0.05
1871 126 0.05
1871 3170 0.2
1871 3171 0.2
1871 587 0.2
1871 3172 0.2
1871 847 0.2
1871 682 0.05
1871 2916 0.2
1871 899 0.2
1871 1210 0.05
1871 2979 0.01
1871 3173 0.01
1871 821 0.2
1871 3174 0.2
1871 2406 0.2
1871 3175 0.05
1871 665 0.05
1871 88 0.05
1871 855 0.05
1871 1751 0.05
1871 1469 0.2
1871 1294 0.05
1871 1504 0.01
1871 2454 0.01
1871 1849 0.05
1871 1449 0.01
1871 1869 0.2
1871 1100 0.05
1871 1868 0.2
1871 553 0.05
1871 1468 0.01
1871 3176 0.05
1871 1507 0.05
1871 2600 0.01
1871 805 0.01
1871 238 0.2
1871 209 0.01
1871 528 0.05
1871 2919 0.05
1871 3177 0.01
1871 3178 0.2
1871 1962 0.01
1871 473 0.2
1871 537 0.05
1871 3179 0.05
1871 3180 0.2
1871 1528 0.05
1871 2944 0.2
3181 3182 0.2
3181 1450 0.01
3181 3091 0.01
3181 17 0.2
3181 93 0.2
3181 490 0.2
3181 1040 0.2
3181 688 0.01
3181 3183 0.2
3184 3185 0.2
2184 2080 0.05
2184 2205 0.01
2184 2499 0.01
2184 3186 0.05
2184 1157 0.05
2184 414 0.01
2184 1057 0.2
2184 413 0.05
2184 419 0.05
2184 642 0.01
2184 660 0.2
2184 630 0.2
2184 437 0.01
2184 2775 0.2
2184 639 0.01
2184 2141 0.2
2184 793 0.2
2184 430 0.01
2184 641 0.01
2184 226 0.05
2184 3187 0.01
2184 1294 0.05
2184 483 0.2
2184 1271 0.2
2184 1655 0.01
2184 1164 0.01
2184 363 0.01
2184 203 0.01
2184 447 0.01
2184 432 0.05
2184 461 0.2
2184 1265 0.05
2184 213 0.2
2184 449 0.01
2184 2102 0.2
2184 1257 0.05
2184 794 0.2
2184 523 0.01
2184 436 0.01
2184 2089 0.2
2184 521 0.05
2184 3188 0.01
2184 208 0.01
2184 649 0.01
2184 192 0.01
2184 1168 0.05
2184 1705 0.01
2184 473 0.01
2184 444 0.05
124 1164 0.2
124 1458 0.2
124 2811 0.2
124 3189 0.01
124 3190 0.05
124 3191 0.2
124 449 0.2
124 463 0.01
124 1519 0.05
124 445 0.01
124 2281 0.05
124 197 0.01
124 3192 0.2
124 145 0.2
124 222 0.2
124 3193 0.2
124 1653 0.01
124 657 0.05
124 123 0.05
124 467 0.2
124 3194 0.2
124 199 0.2
124 1256 0.2
124 653 0.01
124 3195 0.05
124 2282 0.2
124 1165 0.2
124 1149 0.01
124 2419 0.05
124 565 0.05
124 636 0.2
124 188 0.2
124 526 0.05
124 1655 0.05
124 2345 0.01
124 216 0.2
124 3031 0.01
124 648 0.2
124 195 0.01
124 201 0.01
124 210 0.01
124 1171 0.2
124 2060 0.01
124 205 0.2
124 7 0.05
124 211 0.01
124 655 0.2
124 209 0.01
124 194 0.2
124 9 0.05
124 192 0.01
124 652 0.2
124 206 0.2
124 1590 0.05
124 1172 0.01
124 1168 0.05
124 1447 0.05
124 661 0.2
124 85 0.2
124 841 0.2
124 1037 0.05
124 1658 0.05
124 455 0.05
124 219 0.05
124 237 0.01
124 665 0.2
124 133 0.01
124 214 0.01
124 480 0.05
124 24 0.01
124 502 0.05
124 534 0.01
124 17 0.2
124 223 0.01
124 226 0.01
124 550 0.01
124 879 0.01
124 368 0.2
124 371 0.01
1663 950 0.01
1663 240 0.2
1663 1709 0.2
1663 942 0.2
1663 2518 0.2
1663 1098 0.05
1663 2000 0.05
1663 566 0.01
1663 1661 0.01
1663 2331 0.05
1663 543 0.2
1663 849 0.01
1663 1465 0.05
1663 2035 0.01
1663 507 0.01
1663 374 0.2
1663 948 0.01
1663 1464 0.2
1663 1787 0.05
1663 954 0.2
1663 367 0.05
1663 657 0.01
1663 1189 0.2
1663 1574 0.01
1663 2129 0.01
1663 975 0.2
1663 1665 0.2
1663 1210 0.01
1663 895 0.05
1663 1310 0.05
1663 455 0.05
1663 900 0.05
1663 237 0.2
1663 1375 0.05
1663 1181 0.05
1663 2818 0.05
1663 968 0.01
1663 3196 0.01
1663 1993 0.01
1663 1207 0.05
1663 91 0.05
1663 525 0.2
1663 227 0.05
1663 94 0.05
1663 1039 0.2
1663 584 0.01
1663 556 0.01
1663 983 0.01
1663 1662 0.05
2352 1999 0.01
2352 2286 0.05
2352 125 0.05
2352 1220 0.01
2352 85 0.05
2352 2296 0.2
2352 1464 0.2
2352 566 0.05
2352 2345 0.01
2352 659 0.2
2352 1216 0.2
2352 237 0.01
2352 1657 0.01
2352 970 0.01
2352 1351 0.2
2352 238 0.2
2352 1449 0.05
2352 1962 0.05
2352 541 0.05
2352 558 0.05
2352 990 0.2
2352 1472 0.2
2352 480 0.01
2352 133 0.05
2352 2072 0.2
2352 1805 0.01
3197 473 0.2
3197 3198 0.2
3197 3199 0.01
528 2281 0.2
528 436 0.2
528 1255 0.01
528 2731 0.2
528 1170 0.2
528 1254 0.05
528 522 0.05
528 440 0.2
528 460 0.01
528 3200 0.05
528 682 0.2
528 2146 0.01
528 371 0.05
528 238 0.05
528 124 0.01
528 200 0.01
528 3201 0.05
528 236 0.01
528 1465 0.2
528 2868 0.01
528 367 0.2
528 1907 0.01
528 985 0.05
528 990 0.01
528 1353 0.2
528 2198 0.2
528 527 0.2
528 3202 0.05
528 1450 0.01
528 1428 0.2
528 133 0.01
528 1448 0.05
528 209 0.01
528 473 0.01
528 1962 0.2
528 2943 0.05
528 1871 0.2
528 2848 0.05
528 537 0.2
528 3203 0.2
528 1309 0.05
528 18 0.01
528 3204 0.05
528 2839 0.01
528 2608 0.2
528 1452 0.01
528 1751 0.01
528 3205 0.05
528 2838 0.01
528 1528 0.01
528 2835 0.01
528 3206 0.05
528 2833 0.05
528 2837 0.01
528 2834 0.01
2833 3207 0.01
2833 1896 0.2
2833 1528 0.05
2833 525 0.2
2833 3204 0.01
2833 3208 0.2
2833 3209 0.2
2833 2835 0.01
2833 473 0.01
2833 2836 0.05
2833 3205 0.2
2833 528 0.01
2833 2834 0.01
3210 1770 0.05
3210 209 0.2
3210 758 0.05
3210 223 0.2
3210 1353 0.2
3210 473 0.01
3210 200 0.01
3210 421 0.01
3210 527 0.2
3210 133 0.2
3206 2836 0.05
3206 3205 0.01
3206 2834 0.2
3206 2835 0.05
3206 528 0.01
791 1722 0.2
791 3211 0.05
791 3212 0.01
791 461 0.05
791 2280 0.01
791 807 0.05
791 447 0.05
791 2428 0.01
791 2516 0.01
791 581 0.01
791 9 0.01
791 990 0.05
791 94 0.2
791 2600 0.01
791 527 0.01
791 1472 0.01
791 2460 0.2
791 3213 0.05
791 682 0.2
791 24 0.01
791 1453 0.05
791 133 0.01
3214 3215 0.05
3214 2452 0.05
3214 3216 0.05
3214 513 0.2
3214 2359 0.01
3214 2453 0.2
3214 209 0.01
3214 473 0.05
3214 2260 0.01
3214 3217 0.2
3214 2454 0.2
3214 2525 0.2
3214 3218 0.01
3214 1528 0.01
3214 3219 0.05
1743 1591 0.01
1743 193 0.05
1743 1984 0.01
1743 2444 0.2
1743 1888 0.2
1743 1909 0.2
1743 473 0.01
1743 2144 0.01
1743 140 0.2
1743 523 0.2
1743 146 0.05
1743 2997 0.01
1743 133 0.05
1743 849 0.01
1743 52 0.01
1743 1911 0.2
1743 441 0.05
1743 197 0.2
276 2297 0.05
276 3220 0.05
276 2453 0.01
276 684 0.01
276 1869 0.01
276 2852 0.05
276 3221 0.2
276 3222 0.2
276 2600 0.01
276 277 0.01
276 3223 0.05
276 86 0.05
2455 1464 0.01
2455 2071 0.01
2455 665 0.2
2455 2292 0.2
2455 1658 0.2
2455 526 0.05
2455 1541 0.01
2455 3224 0.01
2455 2295 0.05
2455 3225 0.01
2455 2808 0.05
2455 480 0.05
2455 2584 0.01
2455 133 0.05
2455 473 0.05
1425 3226 0.01
1425 1447 0.05
1425 54 0.01
1425 209 0.01
1425 1524 0.05
1425 3227 0.01
1425 455 0.2
1425 198 0.05
1425 1103 0.2
1425 3228 0.05
1425 1599 0.2
1425 1260 0.01
1425 3229 0.05
1425 3230 0.01
1425 2863 0.05
1425 3231 0.2
1425 3027 0.2
1425 441 0.2
1425 2790 0.05
1425 945 0.01
1425 3232 0.01
1425 1978 0.01
1425 3233 0.05
1425 3234 0.01
1425 3235 0.2
1425 225 0.2
1425 975 0.01
1425 1846 0.01
1425 1284 0.05
1425 2581 0.2
1425 1889 0.05
1425 3236 0.2
1425 2808 0.05
1425 2253 0.01
1425 2353 0.05
1425 2343 0.01
1425 3011 0.01
1425 3237 0.05
1425 2354 0.05
1425 3238 0.2
1425 1605 0.01
1425 3239 0.2
1425 2823 0.01
1425 3240 0.05
1425 3012 0.05
1425 473 0.01
1425 2196 0.05
1425 2256 0.01
1425 2390 0.2
1425 527 0.05
1425 666 0.2
1425 2585 0.01
1425 1452 0.05
1425 1208 0.2
1425 528 0.01
1425 547 0.01
1425 224 0.2
1425 1353 0.01
1425 253 0.05
1425 1657 0.01
1425 2387 0.05
1425 1658 0.01
1425 3241 0.2
3242 3243 0.2
3242 195 0.01
3242 145 0.2
3242 2380 0.01
3242 199 0.2
3242 3165 0.05
3242 438 0.01
3242 220 0.01
3242 1592 0.01
3242 1986 0.2
3242 1279 0.2
3242 1261 0.2
3242 518 0.01
3242 209 0.2
3242 2600 0.05
3242 1806 0.05
3242 3244 0.01
2618 3245 0.2
2618 2397 0.01
2618 1481 0.05
3246 3147 0.05
3246 142 0.2
3246 212 0.01
3246 199 0.2
3246 3247 0.2
3246 2905 0.2
899 421 0.2
899 3248 0.2
899 466 0.01
899 422 0.01
899 1526 0.2
899 1156 0.2
899 461 0.05
899 85 0.05
899 189 0.01
899 3249 0.01
899 1723 0.05
899 514 0.2
899 2433 0.01
899 9 0.05
899 235 0.01
899 452 0.2
899 3250 0.01
899 3027 0.05
899 217 0.2
899 805 0.05
899 54 0.01
899 2455 0.01
899 2562 0.01
899 427 0.2
899 1753 0.2
899 3251 0.05
899 1284 0.05
899 2144 0.05
899 3252 0.01
899 1994 0.2
899 1941 0.05
899 2592 0.2
899 1960 0.05
899 2905 0.05
899 2934 0.2
899 3253 0.05
899 3254 0.01
899 1204 0.2
899 2257 0.05
899 1375 0.01
899 2255 0.01
899 91 0.01
899 52 0.2
899 2443 0.01
899 1912 0.01
899 3255 0.05
899 977 0.05
899 1828 0.05
899 2397 0.05
899 1861 0.01
899 1206 0.2
899 144 0.2
899 749 0.01
899 968 0.05
899 224 0.05
899 2331 0.2
899 219 0.05
899 126 0.2
899 1869 0.2
899 1962 0.2
899 1871 0.2
899 1449 0.2
3008 518 0.2
3008 985 0.2
3008 528 0.01
3008 94 0.05
3008 367 0.01
3008 421 0.05
3008 805 0.01
3008 133 0.01
3008 2600 0.05
3256 3188 0.2
3256 473 0.05
3256 133 0.01
3256 537 0.01
3256 209 0.2
3256 2868 0.05
3256 1448 0.05
3256 88 0.2
659 1150 0.01
659 365 0.2
659 639 0.05
659 566 0.2
659 1522 0.05
659 3257 0.05
659 1993 0.05
659 849 0.05
659 851 0.05
659 145 0.01
659 986 0.2
659 938 0.2
659 2761 0.05
659 954 0.2
659 976 0.2
659 2129 0.05
659 213 0.01
659 3258 0.01
659 845 0.01
659 1657 0.2
659 2352 0.2
659 948 0.01
659 2954 0.05
659 2298 0.01
659 955 0.05
659 54 0.05
659 970 0.05
659 1206 0.01
659 219 0.01
659 502 0.01
659 530 0.05
659 2405 0.05
659 146 0.2
659 1963 0.2
659 3259 0.2
659 1894 0.01
659 1907 0.2
659 3260 0.2
659 225 0.01
659 1856 0.01
659 990 0.2
659 3261 0.2
659 1896 0.05
659 879 0.01
659 3262 0.01
659 1427 0.05
659 2466 0.05
659 91 0.05
659 2820 0.2
659 1468 0.05
659 2384 0.2
659 238 0.01
659 665 0.2
659 1449 0.05
659 985 0.01
659 3008 0.05
659 1426 0.05
659 2600 0.05
659 1751 0.2
659 3263 0.01
659 473 0.01
659 486 0.2
659 848 0.05
659 1428 0.2
659 1869 0.2
3264 2406 0.01
3264 682 0.2
3264 133 0.2
3264 3265 0.05
3264 3266 0.01
3267 3268 0.2
3267 3269 0.05
3267 3270 0.01
3267 207 0.01
3267 1705 0.01
3267 143 0.05
3267 220 0.05
3267 3271 0.05
3267 1174 0.2
3267 519 0.2
3272 1896 0.2
3272 91 0.05
3272 1448 0.05
213 448 0.2
213 104 0.2
213 447 0.01
213 3061 0.01
213 254 0.01
213 636 0.05
213 3104 0.2
213 2184 0.05
213 3273 0.05
213 2731 0.01
213 2217 0.01
213 465 0.05
213 3274 0.05
213 216 0.2
213 1172 0.2
213 567 0.05
213 1655 0.2
213 3243 0.01
213 1997 0.01
213 1797 0.05
213 2380 0.05
213 1286 0.2
213 1725 0.01
213 2596 0.05
213 2806 0.05
213 3275 0.2
213 146 0.01
213 1943 0.2
213 7 0.01
213 1984 0.05
213 222 0.05
213 1944 0.05
213 550 0.05
213 2308 0.2
213 2668 0.2
213 238 0.2
213 546 0.05
213 2255 0.2
213 3276 0.01
213 2390 0.01
213 1425 0.2
213 202 0.2
213 3032 0.01
213 1658 0.05
213 2448 0.01
213 2035 0.05
213 367 0.05
213 496 0.05
213 363 0.05
213 805 0.05
213 666 0.01
213 1657 0.2
213 2743 0.2
213 3277 0.01
213 3031 0.2
213 979 0.2
213 228 0.05
213 2673 0.05
213 3278 0.01
213 975 0.05
213 18 0.2
213 566 0.2
213 1218 0.01
213 1922 0.05
213 516 0.01
213 1666 0.01
213 3086 0.2
213 937 0.01
213 2267 0.2
213 144 0.05
213 982 0.2
213 53 0.01
213 2752 0.05
213 2295 0.05
213 142 0.05
213 143 0.05
213 2444 0.2
213 1181 0.2
213 1204 0.2
213 682 0.05
213 501 0.05
213 2259 0.01
213 103 0.05
213 219 0.2
213 1541 0.05
213 1861 0.2
213 145 0.2
213 1039 0.05
213 2345 0.05
213 659 0.05
213 526 0.05
213 2349 0.2
213 70 0.2
213 9 0.01
193 2080 0.2
193 1596 0.01
193 3279 0.2
193 3280 0.2
193 1748 0.01
193 642 0.2
193 946 0.2
193 1581 0.2
193 2697 0.05
193 3281 0.01
193 1516 0.2
193 1179 0.05
193 1678 0.2
193 455 0.2
193 3282 0.05
193 1938 0.05
193 3283 0.05
193 432 0.05
193 2088 0.01
193 631 0.2
193 496 0.05
193 414 0.2
193 2648 0.01
193 1722 0.05
193 430 0.2
193 1248 0.01
193 1422 0.01
193 1164 0.2
193 630 0.01
193 1250 0.2
193 278 0.01
193 2205 0.01
193 660 0.05
193 635 0.01
193 1676 0.2
193 1518 0.05
193 1718 0.01
193 1105 0.05
193 790 0.05
193 222 0.05
193 640 0.05
193 488 0.01
193 2700 0.01
193 443 0.01
193 1584 0.2
193 2380 0.2
193 3284 0.01
193 223 0.2
193 424 0.01
193 104 0.01
193 805 0.01
193 448 0.05
193 437 0.05
193 426 0.01
193 88 0.2
193 466 0.05
193 636 0.01
193 458 0.2
193 196 0.01
193 363 0.05
193 745 0.2
193 473 0.01
193 199 0.2
193 656 0.05
193 17 0.01
193 648 0.01
193 201 0.05
193 2125 0.05
193 140 0.05
193 194 0.05
193 146 0.05
193 217 0.05
193 654 0.01
193 516 0.01
193 2061 0.05
193 526 0.01
193 208 0.01
2357 3285 0.05
2357 2312 0.01
2357 566 0.01
2357 144 0.2
2357 3286 0.01
2357 526 0.01
2357 2405 0.05
2357 1605 0.2
2357 3287 0.01
3288 1057 0.01
3288 3289 0.2
3288 1423 0.05
3288 3268 0.01
3288 454 0.2
3288 1172 0.05
3288 528 0.05
3288 1448 0.01
3288 758 0.2
1796 1413 0.01
1796 419 0.01
1796 630 0.2
1796 422 0.01
1796 473 0.2
1796 193 0.01
1796 1587 0.01
1796 527 0.2
1796 749 0.05
1796 224 0.01
1796 2652 0.05
1796 2292 0.2
1796 975 0.05
3290 3291 0.05
295 617 0.01
295 86 0.01
295 45 0.2
295 24 0.05
295 308 0.01
295 3292 0.05
295 625 0.2
295 73 0.05
295 274 0.01
295 32 0.01
295 359 0.2
295 41 0.2
295 155 0.05
295 383 0.01
295 330 0.2
295 81 0.05
295 88 0.05
295 46 0.01
295 681 0.2
295 778 0.2
295 307 0.2
295 27 0.2
295 135 0.01
295 49 0.01
295 304 0.01
295 50 0.05
749 1524 0.2
749 1804 0.05
749 2164 0.01
749 3293 0.05
749 2035 0.2
749 746 0.05
749 227 0.05
749 946 0.2
749 3294 0.2
749 238 0.2
749 1787 0.2
749 516 0.05
749 142 0.05
749 2344 0.05
749 942 0.05
749 428 0.05
749 665 0.2
749 52 0.01
749 3295 0.2
749 897 0.2
749 975 0.01
749 1348 0.05
749 1465 0.2
749 2818 0.05
749 1464 0.2
749 2351 0.01
749 855 0.05
749 2296 0.2
749 213 0.01
749 2315 0.2
749 473 0.01
749 1207 0.05
749 1923 0.05
749 948 0.01
749 480 0.2
749 2353 0.2
749 1220 0.2
749 1039 0.2
749 471 0.05
749 3296 0.2
749 1904 0.01
749 899 0.05
749 1541 0.2
749 94 0.01
749 1206 0.05
749 2584 0.05
749 2452 0.01
749 2963 0.05
749 954 0.2
237 94 0.01
237 3186 0.01
237 1718 0.2
237 2380 0.05
237 3297 0.2
237 1587 0.2
237 108 0.01
237 430 0.05
237 419 0.01
237 423 0.2
237 414 0.05
237 1526 0.05
237 639 0.2
237 242 0.01
237 1097 0.2
237 792 0.01
237 17 0.01
237 203 0.01
237 439 0.2
237 226 0.2
237 261 0.2
237 9 0.05
237 104 0.2
237 196 0.01
237 18 0.01
237 466 0.01
237 210 0.01
237 1724 0.05
237 1705 0.05
237 428 0.2
237 702 0.05
237 1524 0.05
237 665 0.2
237 199 0.01
237 947 0.2
237 1654 0.01
237 473 0.05
237 841 0.05
237 1829 0.05
237 652 0.01
237 7 0.2
237 658 0.2
237 6 0.01
237 1590 0.05
237 85 0.01
237 1997 0.01
237 192 0.01
237 470 0.01
237 443 0.05
237 208 0.01
237 113 0.2
237 1592 0.05
237 974 0.2
237 1838 0.01
237 2035 0.01
237 146 0.05
237 228 0.01
237 566 0.2
237 1662 0.2
237 657 0.05
237 1663 0.2
237 1218 0.2
237 1210 0.2
237 807 0.01
237 367 0.2
237 849 0.05
237 227 0.2
237 1787 0.2
237 968 0.2
237 238 0.05
237 1665 0.01
237 1098 0.01
237 471 0.01
237 219 0.2
237 143 0.2
237 124 0.2
3298 3299 0.2
3298 509 0.2
3298 1667 0.01
3298 751 0.01
3298 3300 0.05
3301 133 0.2
3301 3219 0.05
3301 473 0.05
3301 2950 0.2
3302 133 0.05
2129 974 0.05
2129 2004 0.05
2129 805 0.05
2129 2001 0.01
2129 3303 0.05
2129 208 0.05
2129 1941 0.01
2129 2285 0.05
2129 1216 0.05
2129 973 0.05
2129 221 0.05
2129 2331 0.05
2129 1846 0.05
2129 1791 0.05
2129 841 0.01
2129 2119 0.2
2129 1892 0.05
2129 1220 0.01
2129 462 0.2
2129 807 0.2
2129 934 0.01
2129 1348 0.05
2129 365 0.01
2129 1663 0.01
2129 584 0.2
2129 1922 0.01
2129 2494 0.05
2129 128 0.05
2129 189 0.05
2129 3011 0.05
2129 1275 0.05
2129 1904 0.05
2129 2295 0.01
2129 3086 0.01
2129 1605 0.2
2129 2762 0.01
2129 143 0.2
2129 2518 0.05
2129 2255 0.2
2129 219 0.05
2129 966 0.01
2129 2349 0.01
2129 531 0.2
2129 2580 0.2
2129 667 0.2
2129 566 0.01
2129 527 0.05
2129 2350 0.05
2129 1469 0.01
2129 659 0.01
2129 24 0.2
2129 507 0.01
2129 2763 0.01
2129 847 0.01
2129 2353 0.2
2129 237 0.05
2129 1657 0.2
2129 954 0.2
2129 133 0.05
2129 226 0.05
2129 1468 0.01
2129 1706 0.2
2129 952 0.05
2129 2911 0.2
2129 2253 0.05
2129 534 0.05
2129 2024 0.2
2129 1962 0.01
2129 976 0.2
2129 3304 0.05
2129 3099 0.05
219 2125 0.2
219 208 0.05
219 424 0.01
219 633 0.05
219 563 0.01
219 435 0.2
219 648 0.2
219 655 0.2
219 197 0.01
219 192 0.05
219 2214 0.01
219 463 0.01
219 522 0.05
219 194 0.01
219 6 0.05
219 461 0.05
219 647 0.01
219 1447 0.05
219 141 0.01
219 1797 0.01
219 2001 0.01
219 950 0.05
219 654 0.01
219 235 0.05
219 1920 0.01
219 550 0.01
219 1888 0.05
219 2594 0.05
219 1543 0.01
219 1464 0.05
219 1657 0.2
219 1922 0.05
219 253 0.05
219 1448 0.05
219 2267 0.05
219 52 0.05
219 1216 0.05
219 516 0.2
219 849 0.01
219 584 0.2
219 682 0.2
219 845 0.2
219 1573 0.2
219 954 0.2
219 938 0.05
219 527 0.01
219 2129 0.2
219 1099 0.2
219 2124 0.01
219 2948 0.01
219 2349 0.05
219 3296 0.05
219 3305 0.2
219 2866 0.01
219 2295 0.01
219 966 0.05
219 1218 0.2
219 1208 0.2
219 1541 0.01
219 213 0.01
219 223 0.2
219 124 0.01
219 2971 0.2
219 1353 0.01
219 1923 0.05
219 948 0.01
219 665 0.01
219 224 0.05
219 2186 0.2
219 2818 0.05
219 1905 0.2
219 977 0.01
219 1468 0.2
219 3306 0.2
219 3307 0.05
219 473 0.2
219 659 0.2
219 2296 0.05
219 1295 0.2
219 2744 0.05
219 1206 0.01
219 530 0.2
219 238 0.01
219 899 0.05
219 566 0.01
219 54 0.01
219 237 0.01
219 480 0.2
219 955 0.01
219 142 0.2
219 455 0.05
219 1502 0.05
219 1465 0.05
219 133 0.05
1180 2281 0.05
1180 463 0.2
1180 1588 0.01
1180 3249 0.05
1180 528 0.01
1180 522 0.05
1180 563 0.2
1180 1705 0.05
1180 702 0.01
1180 219 0.01
1180 473 0.2
1180 218 0.05
1180 94 0.2
1180 2063 0.05
1180 1171 0.05
1180 433 0.05
1180 6 0.01
1180 3308 0.05
1180 648 0.01
1180 1208 0.01
1180 562 0.2
1180 512 0.2
1180 434 0.01
1180 3309 0.2
1180 196 0.05
1180 514 0.2
1180 1103 0.05
1180 228 0.05
1180 216 0.01
1180 3310 0.05
1180 141 0.01
1180 653 0.2
1180 209 0.01
1180 1524 0.2
1180 455 0.01
1180 226 0.2
1180 213 0.05
1180 5 0.01
1180 1724 0.05
1180 202 0.2
1180 210 0.01
1180 2062 0.2
1180 1172 0.2
1180 1277 0.01
1180 655 0.01
1180 193 0.2
1180 204 0.2
1180 9 0.05
1180 192 0.01
1180 142 0.01
1180 7 0.05
1180 1748 0.01
1180 2001 0.01
1180 567 0.05
1180 217 0.05
1180 199 0.05
1180 658 0.05
1180 194 0.01
1180 211 0.01
1180 516 0.05
1180 2163 0.2
1180 1599 0.05
1180 3311 0.2
1180 1591 0.2
1180 441 0.01
1180 1448 0.05
1180 1941 0.01
1180 1541 0.2
1180 665 0.2
1180 144 0.2
1180 140 0.2
1180 975 0.2
1180 843 0.01
1180 197 0.01
1180 1913 0.2
1180 208 0.01
1180 146 0.01
1180 472 0.01
1180 16 0.05
1180 88 0.01
1180 18 0.05
1605 1754 0.2
1605 1944 0.01
1605 1984 0.05
1605 223 0.2
1605 566 0.2
1605 512 0.05
1605 2648 0.01
1605 1425 0.2
1605 851 0.05
1605 84 0.01
1605 1275 0.01
1605 1662 0.01
1605 496 0.2
1605 3312 0.05
1605 3181 0.05
1605 3313 0.01
1605 1181 0.05
1605 499 0.05
1605 1105 0.05
1605 2155 0.2
1605 58 0.2
1605 1657 0.01
1605 2572 0.01
1605 1180 0.2
1605 944 0.2
1605 665 0.01
1605 2904 0.2
1605 527 0.05
1605 878 0.05
1605 1222 0.05
1605 751 0.2
1605 1658 0.2
1605 1960 0.05
1605 2292 0.2
1605 3314 0.2
1605 470 0.2
1605 2035 0.01
1605 2669 0.2
1605 3315 0.05
1605 1095 0.01
1605 3316 0.2
1605 3317 0.2
1605 202 0.2
1605 16 0.01
1605 1661 0.01
1605 70 0.01
1605 236 0.2
1605 1949 0.05
1605 2344 0.01
1605 1470 0.2
1605 2521 0.2
1605 654 0.2
1605 225 0.2
1605 1993 0.2
1605 239 0.2
1605 3318 0.2
1605 963 0.2
1605 52 0.05
1605 370 0.2
1605 1092 0.01
1605 2129 0.01
1605 807 0.01
1605 2186 0.2
1605 2910 0.01
1605 2408 0.01
1605 3319 0.01
1605 587 0.2
1605 1879 0.2
1605 1541 0.05
1605 2296 0.2
1605 2024 0.2
1605 3320 0.2
1605 473 0.05
1605 526 0.2
1605 133 0.05
1605 3321 0.01
1605 2456 0.01
2197 442 0.05
2197 515 0.01
2197 461 0.01
2197 518 0.01
2197 85 0.2
2197 219 0.01
2197 2178 0.05
2197 94 0.01
3322 3123 0.05
3322 205 0.2
3322 3323 0.01
3322 3324 0.05
3322 3325 0.2
3322 3326 0.01
3322 3327 0.01
3322 3328 0.05
3322 3329 0.01
3322 563 0.01
3322 3330 0.05
3322 3331 0.05
3322 3134 0.01
648 94 0.01
648 446 0.05
648 219 0.01
648 1665 0.2
648 654 0.01
648 1180 0.01
648 196 0.01
648 1863 0.2
648 2183 0.01
648 1176 0.05
648 564 0.2
648 2419 0.2
648 1257 0.01
648 128 0.05
648 436 0.2
648 2063 0.05
648 647 0.05
648 193 0.2
648 1170 0.05
648 2060 0.2
648 124 0.01
648 652 0.01
648 1168 0.05
648 2417 0.01
648 1422 0.05
648 1452 0.01
648 702 0.2
648 1172 0.01
648 143 0.05
648 1658 0.05
648 565 0.01
648 473 0.01
648 1654 0.2
648 139 0.01
648 3332 0.2
648 8 0.05
648 661 0.01
648 141 0.05
648 1724 0.01
648 444 0.01
648 645 0.01
648 1997 0.2
648 1653 0.01
648 188 0.05
648 1885 0.2
648 7 0.2
648 3159 0.05
648 194 0.2
648 3333 0.01
648 2720 0.01
648 455 0.05
648 1468 0.01
648 1705 0.2
648 206 0.01
648 2380 0.05
648 657 0.05
648 220 0.01
648 2798 0.01
648 1590 0.01
648 140 0.01
648 133 0.01
648 1174 0.01
648 212 0.05
648 438 0.2
648 199 0.05
648 2744 0.2
648 218 0.2
648 655 0.05
648 3334 0.05
648 3335 0.2
648 216 0.2
648 192 0.05
648 235 0.2
648 1974 0.01
648 658 0.05
648 1975 0.2
648 2102 0.2
648 11 0.01
648 568 0.05
648 1972 0.01
648 207 0.01
648 969 0.05
648 198 0.05
648 2194 0.01
648 1592 0.2
648 665 0.2
648 452 0.2
648 2125 0.01
648 2281 0.01
2125 1719 0.2
2125 437 0.05
2125 414 0.05
2125 642 0.05
2125 418 0.01
2125 641 0.2
2125 640 0.05
2125 1520 0.01
2125 790 0.2
2125 413 0.05
2125 441 0.01
2125 975 0.05
2125 1143 0.2
2125 23 0.2
2125 419 0.05
2125 643 0.01
2125 428 0.2
2125 422 0.05
2125 438 0.2
2125 238 0.01
2125 446 0.01
2125 451 0.05
2125 6 0.05
2125 1164 0.05
2125 450 0.01
2125 793 0.01
2125 193 0.2
2125 207 0.2
2125 237 0.2
2125 1171 0.01
2125 452 0.01
2125 201 0.05
2125 652 0.01
2125 655 0.05
2125 648 0.05
3336 13 0.05
1841 3337 0.2
1841 1745 0.2
1841 2997 0.01
1841 973 0.01
1841 455 0.01
1841 955 0.05
1841 1659 0.2
1841 228 0.01
1841 3338 0.2
1841 2021 0.05
1841 3339 0.01
1841 238 0.2
1841 1220 0.2
1841 3340 0.01
1841 2757 0.01
1841 2580 0.2
1841 1905 0.05
1841 2458 0.05
1841 980 0.2
1841 2456 0.05
1541 192 0.05
1541 199 0.01
1541 18 0.01
1541 1592 0.2
1541 843 0.2
1541 94 0.01
1541 214 0.05
1541 2071 0.01
1541 2117 0.05
1541 1542 0.2
1541 981 0.2
1541 54 0.01
1541 471 0.05
1541 2584 0.2
1541 1948 0.2
1541 1276 0.2
1541 2669 0.01
1541 945 0.2
1541 225 0.2
1541 516 0.05
1541 228 0.05
1541 24 0.05
1541 1474 0.2
1541 2345 0.01
1541 848 0.05
1541 1657 0.05
1541 2255 0.2
1541 223 0.2
1541 2395 0.05
1541 363 0.2
1541 666 0.01
1541 682 0.2
1541 91 0.2
1541 17 0.01
1541 144 0.05
1541 942 0.01
1541 932 0.05
1541 2292 0.2
1541 1809 0.2
1541 145 0.05
1541 975 0.05
1541 954 0.2
1541 1605 0.05
1541 3341 0.01
1541 845 0.2
1541 1205 0.01
1541 52 0.01
1541 880 0.2
1541 70 0.05
1541 1203 0.05
1541 16 0.05
1541 1904 0.05
1541 435 0.05
1541 455 0.01
1541 955 0.01
1541 219 0.01
1541 948 0.05
1541 213 0.2
1541 1039 0.01
1541 2353 0.01
1541 2186 0.2
1541 2600 0.01
1541 1208 0.01
1541 237 0.05
1541 3315 0.2
1541 3307 0.01
1541 2312 0.05
1541 1907 0.05
1541 238 0.05
1541 2146 0.05
1541 2963 0.01
1541 2456 0.01
1541 3342 0.05
1541 1216 0.2
1541 1207 0.01
1541 1353 0.05
1541 1465 0.01
1541 1295 0.01
1541 365 0.05
1541 224 0.01
1541 143 0.05
1541 1472 0.01
1541 371 0.2
1541 1921 0.05
1541 473 0.05
1541 566 0.2
1541 526 0.01
1541 421 0.2
2268 1543 0.05
2268 1375 0.05
2268 2967 0.01
2268 528 0.2
2268 253 0.05
2268 133 0.05
2268 473 0.05
2268 2331 0.05
2268 2456 0.05
2268 1210 0.01
2268 848 0.05
3343 1948 0.01
3343 3344 0.2
3343 2405 0.01
3343 2808 0.05
3343 3287 0.2
3343 1963 0.2
3343 2584 0.05
3343 3345 0.01
3343 2456 0.2
1543 205 0.05
1543 67 0.01
1543 1809 0.01
1543 3135 0.05
1543 1724 0.2
1543 194 0.2
1543 1997 0.05
1543 214 0.01
1543 1653 0.01
1543 238 0.2
1543 645 0.2
1543 199 0.05
1543 1590 0.2
1543 217 0.05
1543 208 0.2
1543 1885 0.05
1543 9 0.01
1543 1168 0.01
1543 211 0.2
1543 7 0.2
1543 1448 0.05
1543 473 0.2
1543 6 0.01
1543 568 0.01
1543 1972 0.2
1543 226 0.01
1543 235 0.01
1543 1913 0.01
1543 1769 0.2
1543 841 0.2
1543 3346 0.2
1543 3347 0.05
1543 1974 0.05
1543 1744 0.01
1543 2020 0.05
1543 3348 0.05
1543 2307 0.01
1543 1846 0.01
1543 1638 0.2
1543 843 0.01
1543 842 0.2
1543 1277 0.05
1543 367 0.2
1543 1797 0.2
1543 3349 0.05
1543 3350 0.01
1543 219 0.2
1543 254 0.2
1543 421 0.2
1543 85 0.05
1543 70 0.05
1543 224 0.2
1543 2950 0.01
1543 682 0.2
1543 142 0.2
1543 955 0.2
1543 1216 0.2
1543 946 0.2
1543 1210 0.05
1543 2584 0.05
1543 1465 0.05
1543 3351 0.01
1543 1207 0.05
1543 2397 0.2
1543 3352 0.05
1543 1039 0.05
1543 1793 0.01
1543 18 0.01
1543 133 0.05
1543 3353 0.05
1543 2268 0.05
1543 94 0.05
1543 279 0.05
1543 1657 0.05
1543 848 0.05
1543 502 0.2
1543 1449 0.01
948 1474 0.01
948 1216 0.2
948 1899 0.05
948 238 0.05
948 942 0.01
948 1348 0.05
948 934 0.2
948 1663 0.05
948 584 0.01
948 1947 0.05
948 845 0.2
948 99 0.05
948 3011 0.2
948 367 0.05
948 982 0.01
948 1892 0.05
948 847 0.05
948 3010 0.01
948 1296 0.01
948 849 0.01
948 2295 0.2
948 848 0.01
948 2255 0.2
948 963 0.01
948 472 0.01
948 226 0.01
948 52 0.05
948 1465 0.01
948 527 0.2
948 253 0.05
948 1665 0.01
948 665 0.05
948 473 0.01
948 94 0.01
948 70 0.05
948 455 0.01
948 1039 0.2
948 968 0.05
948 1541 0.2
948 954 0.2
948 1206 0.05
948 566 0.05
948 1657 0.05
948 1353 0.05
948 2521 0.05
948 219 0.05
948 145 0.05
948 749 0.05
948 1904 0.2
948 659 0.01
948 534 0.01
948 2706 0.01
948 1905 0.2
948 2502 0.2
948 54 0.01
948 143 0.2
948 1468 0.2
948 2413 0.2
948 237 0.05
948 507 0.05
948 3354 0.05
948 980 0.2
948 1220 0.01
948 941 0.05
3355 417 0.2
3355 1526 0.2
3355 419 0.01
3355 413 0.01
3355 7 0.05
3355 220 0.05
3355 142 0.2
3355 3094 0.01
3355 2458 0.01
3355 1258 0.2
3355 194 0.2
3355 1425 0.2
3355 199 0.05
3355 139 0.2
3355 212 0.05
3356 133 0.2
3356 1279 0.05
3357 1958 0.05
3357 665 0.01
3357 1911 0.2
3357 932 0.05
3357 1623 0.05
1265 222 0.01
1265 636 0.2
1265 2141 0.01
1265 423 0.01
1265 466 0.2
1265 196 0.2
1265 422 0.01
1265 2380 0.2
1265 2724 0.05
1265 969 0.01
1265 665 0.01
1265 1797 0.01
1265 2179 0.01
1265 1829 0.05
1265 1960 0.2
1265 1975 0.2
1265 565 0.01
1265 3038 0.05
1265 2800 0.05
1265 2768 0.05
1265 217 0.01
1265 658 0.01
1265 54 0.01
1265 3358 0.01
1265 840 0.05
1265 3359 0.01
1265 472 0.01
1265 3360 0.2
1265 1891 0.05
1265 1258 0.05
1265 1835 0.2
1265 1591 0.01
1265 518 0.01
1265 1218 0.01
1265 2483 0.01
1265 2164 0.2
1265 238 0.2
1265 1982 0.2
1265 1989 0.05
1265 976 0.05
1265 2727 0.01
1265 9 0.05
1265 2349 0.05
1265 3361 0.2
1265 3362 0.2
1265 3363 0.01
1265 1854 0.01
1265 3364 0.05
1265 583 0.05
1265 1447 0.05
1265 1769 0.05
1265 208 0.01
1265 1592 0.2
1265 1667 0.2
1265 523 0.2
1265 1264 0.2
1265 219 0.05
1265 1474 0.2
1265 2001 0.05
1265 1909 0.01
1265 3365 0.05
1265 146 0.05
1265 845 0.01
1265 805 0.2
1265 128 0.2
1265 1994 0.05
1265 1939 0.2
1265 702 0.01
1265 3366 0.05
1265 2592 0.05
1265 524 0.05
1265 2997 0.05
1265 1837 0.01
1265 1422 0.05
1265 1862 0.2
1265 1283 0.05
1265 467 0.2
1265 3367 0.05
1265 2990 0.2
1265 1277 0.05
1265 2559 0.2
1265 1913 0.01
1265 1956 0.05
1265 3163 0.2
1265 142 0.05
1265 3368 0.05
1265 979 0.01
1265 2291 0.01
1265 226 0.01
1265 3369 0.05
1265 900 0.05
3370 1652 0.2
3370 196 0.01
3370 1592 0.01
3370 146 0.01
3370 658 0.2
3370 1797 0.01
3370 512 0.05
3370 1896 0.01
3370 1921 0.2
3370 1667 0.01
3370 2331 0.01
3370 1806 0.01
954 1524 0.05
954 208 0.2
954 851 0.01
954 226 0.2
954 3371 0.05
954 455 0.05
954 3372 0.01
954 1665 0.05
954 1663 0.05
954 1464 0.05
954 1659 0.01
954 99 0.01
954 228 0.01
954 1216 0.2
954 895 0.01
954 1861 0.01
954 3373 0.2
954 52 0.01
954 1541 0.2
954 2355 0.01
954 24 0.05
954 1904 0.2
954 932 0.01
954 963 0.01
954 845 0.05
954 982 0.2
954 1897 0.2
954 1657 0.2
954 534 0.2
954 219 0.05
954 54 0.05
954 224 0.01
954 3374 0.2
954 1099 0.01
954 2124 0.2
954 854 0.2
954 2403 0.2
954 665 0.2
954 849 0.2
954 2521 0.01
954 2349 0.01
954 2746 0.01
954 2413 0.05
954 1203 0.01
954 807 0.05
954 1208 0.05
954 144 0.01
954 986 0.01
954 133 0.2
954 948 0.01
954 2186 0.05
954 143 0.2
954 566 0.05
954 527 0.05
954 238 0.2
954 968 0.01
954 659 0.2
954 1220 0.01
954 2295 0.05
954 237 0.2
954 2744 0.05
954 2129 0.05
954 2312 0.05
954 3375 0.01
954 1502 0.05
954 970 0.05
954 3376 0.05
954 955 0.05
954 480 0.05
954 977 0.01
954 749 0.05
954 2456 0.05
3348 193 0.01
3348 3377 0.01
3348 2934 0.2
3348 1543 0.01
3348 2598 0.2
3348 516 0.2
3348 942 0.2
3348 1923 0.05
3348 2403 0.01
3348 3378 0.01
3348 3379 0.01
3348 1573 0.2
3348 2350 0.2
3348 94 0.2
3348 2315 0.05
3348 1207 0.01
3380 2744 0.01
3380 2689 0.05
3380 3346 0.01
3380 1216 0.05
3380 3381 0.01
3380 211 0.2
3380 1797 0.01
3380 1264 0.05
3380 3382 0.05
1591 1164 0.01
1591 3383 0.01
1591 2094 0.2
1591 2089 0.2
1591 1103 0.01
1591 192 0.05
1591 1724 0.05
1591 1588 0.01
1591 564 0.01
1591 463 0.01
1591 1257 0.01
1591 466 0.05
1591 3384 0.01
1591 141 0.01
1591 563 0.05
1591 647 0.01
1591 1172 0.2
1591 1653 0.01
1591 195 0.05
1591 443 0.01
1591 521 0.01
1591 3385 0.05
1591 205 0.05
1591 436 0.01
1591 2059 0.05
1591 433 0.01
1591 2122 0.01
1591 452 0.2
1591 3243 0.05
1591 194 0.05
1591 1256 0.05
1591 653 0.2
1591 1258 0.2
1591 1259 0.01
1591 1171 0.2
1591 214 0.2
1591 3211 0.05
1591 656 0.05
1591 208 0.01
1591 2179 0.05
1591 207 0.01
1591 6 0.2
1591 658 0.2
1591 211 0.01
1591 1541 0.01
1591 1105 0.01
1591 213 0.01
1591 219 0.01
1591 1265 0.01
1591 467 0.01
1591 140 0.01
1591 2584 0.01
1591 967 0.05
1591 1829 0.05
1591 2062 0.01
1591 849 0.2
1591 565 0.2
1591 1997 0.2
1591 1286 0.01
1591 480 0.2
1591 2001 0.2
1591 841 0.01
1591 142 0.2
1591 202 0.05
1591 1743 0.01
1591 975 0.01
1591 663 0.01
1591 1888 0.05
1591 1599 0.05
1591 1180 0.01
1591 805 0.05
1591 2380 0.01
1591 1913 0.01
1591 1208 0.05
1591 94 0.05
1591 473 0.01
1591 2440 0.2
1591 133 0.05
1591 665 0.05
1591 193 0.01
2317 2652 0.01
2317 3386 0.2
2317 1905 0.2
3387 3388 0.2
3389 1759 0.05
3390 3391 0.05
2818 1838 0.05
2818 3162 0.01
2818 3392 0.01
2818 52 0.05
2818 91 0.2
2818 1206 0.2
2818 526 0.01
2818 562 0.2
2818 1474 0.05
2818 2355 0.2
2818 2310 0.05
2818 261 0.01
2818 1041 0.2
2818 749 0.05
2818 3393 0.05
2818 2312 0.2
2818 1706 0.2
2818 1375 0.01
2818 219 0.01
2818 238 0.05
2818 659 0.2
2818 3296 0.2
2818 65 0.2
2818 2296 0.2
654 839 0.05
654 1972 0.01
654 1723 0.2
654 1261 0.01
654 194 0.05
654 211 0.05
654 565 0.01
654 220 0.2
654 702 0.05
654 1592 0.01
654 438 0.2
654 1216 0.01
654 2798 0.01
654 3394 0.05
654 6 0.05
654 317 0.05
654 85 0.01
654 879 0.01
654 3126 0.01
654 657 0.05
654 473 0.2
654 235 0.05
654 140 0.05
654 2532 0.05
654 197 0.01
654 1265 0.05
654 192 0.05
654 2001 0.2
654 146 0.2
654 217 0.01
654 658 0.05
654 371 0.01
654 842 0.05
654 1446 0.05
654 363 0.01
654 193 0.05
654 455 0.01
654 1885 0.01
654 3395 0.05
654 199 0.05
654 143 0.05
654 145 0.01
654 202 0.01
654 509 0.2
654 133 0.05
654 2345 0.05
654 550 0.01
654 1262 0.2
654 208 0.05
654 94 0.01
654 1909 0.01
654 3396 0.01
654 224 0.2
654 849 0.05
654 3160 0.2
654 526 0.05
654 975 0.2
654 1277 0.2
654 142 0.05
654 467 0.05
654 99 0.05
654 1541 0.2
654 219 0.2
654 841 0.05
654 213 0.01
654 238 0.05
654 974 0.01
654 749 0.2
654 144 0.05
654 2255 0.05
654 516 0.01
654 52 0.05
654 982 0.01
654 2934 0.05
654 2577 0.2
654 2397 0.2
1885 656 0.01
1885 209 0.05
1885 2103 0.2
1885 6 0.01
1885 3227 0.01
1885 210 0.2
1885 218 0.01
1885 198 0.2
1885 550 0.05
1885 216 0.05
1885 3397 0.2
1885 8 0.05
1885 1654 0.2
1885 3137 0.2
1885 3125 0.01
1885 1167 0.2
1885 217 0.05
1885 3398 0.01
1885 2001 0.2
1885 845 0.2
1885 658 0.05
1885 3332 0.01
1885 193 0.05
1885 645 0.2
1885 211 0.01
1885 2062 0.05
1885 2013 0.05
1885 1997 0.05
1885 1543 0.2
1885 3399 0.2
1885 839 0.05
1885 1911 0.2
1885 1524 0.2
1885 1168 0.05
1885 2799 0.2
1885 1653 0.2
1885 648 0.2
1885 2720 0.01
1885 3400 0.2
1885 1286 0.05
1885 3159 0.01
1885 2798 0.2
1885 654 0.2
1885 139 0.01
1885 3335 0.2
1885 455 0.2
1885 3401 0.2
1885 565 0.2
1885 3132 0.01
1885 3402 0.05
1885 141 0.2
1885 1724 0.2
1885 1590 0.01
1885 3403 0.05
1885 3404 0.01
1885 1723 0.01
1885 452 0.01
1885 1261 0.01
1885 195 0.2
1885 220 0.05
1885 1446 0.05
1885 197 0.05
1885 1972 0.2
1885 94 0.05
1885 3139 0.05
1885 2061 0.2
1885 3093 0.2
1885 3405 0.2
1885 206 0.01
1885 1447 0.01
1885 3406 0.05
1885 438 0.01
1885 1705 0.2
1885 194 0.05
1885 192 0.05
1885 133 0.01
1885 199 0.05
1885 224 0.2
1885 473 0.2
1885 212 0.2
1885 2557 0.2
1885 207 0.05
1176 1596 0.05
1176 2697 0.2
1176 483 0.05
1176 448 0.2
1176 1673 0.01
1176 1516 0.2
1176 2499 0.2
1176 3285 0.01
1176 228 0.05
1176 846 0.2
1176 1520 0.01
1176 1719 0.05
1176 1938 0.01
1176 1680 0.05
1176 2085 0.01
1176 3407 0.01
1176 207 0.2
1176 1177 0.01
1176 222 0.2
1176 16 0.2
1176 1584 0.05
1176 1683 0.2
1176 2227 0.01
1176 146 0.2
1176 2220 0.01
1176 637 0.05
1176 1722 0.05
1176 1105 0.05
1176 1687 0.01
1176 463 0.2
1176 1587 0.01
1176 436 0.2
1176 278 0.05
1176 437 0.2
1176 660 0.2
1176 2168 0.05
1176 2226 0.05
1176 9 0.05
1176 2079 0.2
1176 441 0.2
1176 465 0.05
1176 432 0.01
1176 631 0.2
1176 414 0.01
1176 642 0.2
1176 1150 0.01
1176 94 0.01
1176 443 0.2
1176 143 0.01
1176 1681 0.01
1176 466 0.05
1176 424 0.01
1176 1718 0.2
1176 1423 0.05
1176 1135 0.05
1176 516 0.05
1176 445 0.01
1176 1665 0.01
1176 1688 0.05
1176 2075 0.05
1176 363 0.05
1176 2902 0.01
1176 1585 0.05
1176 639 0.01
1176 2184 0.01
1176 104 0.05
1176 238 0.05
1176 1422 0.01
1176 1737 0.01
1176 6 0.05
1176 1918 0.01
1176 790 0.05
1176 562 0.01
1176 635 0.01
1176 1583 0.2
1176 452 0.05
1176 643 0.2
1176 630 0.2
1176 196 0.01
1176 419 0.01
1176 1142 0.2
1176 433 0.01
1176 7 0.2
1176 3211 0.2
1176 793 0.01
1176 439 0.05
1176 453 0.2
1176 1164 0.05
1176 1143 0.2
1176 2169 0.2
1176 18 0.01
1176 417 0.01
1176 473 0.2
1176 648 0.01
1176 203 0.01
1176 428 0.2
1176 455 0.05
1176 208 0.05
1176 202 0.01
1946 974 0.2
1946 1176 0.05
1946 216 0.01
1946 3408 0.05
1946 224 0.2
1946 2129 0.2
1946 973 0.01
1946 665 0.2
1946 238 0.01
1946 2584 0.2
1946 2933 0.2
1946 3409 0.2
1946 947 0.01
1946 930 0.05
1946 52 0.05
1946 944 0.2
1946 3410 0.05
1946 896 0.2
1946 228 0.05
1946 2460 0.05
1946 142 0.2
2514 237 0.2
2514 209 0.01
2514 466 0.2
2514 3309 0.2
2514 653 0.05
2514 1171 0.05
2514 1422 0.2
2514 1524 0.2
2514 1265 0.01
2514 3411 0.01
2514 2910 0.2
2514 584 0.01
2514 3412 0.01
2514 2960 0.2
2514 751 0.01
2514 3316 0.01
2514 228 0.01
2514 3413 0.01
2514 665 0.05
2514 896 0.01
2514 3317 0.2
2514 224 0.05
2514 2355 0.2
2514 1084 0.2
2514 142 0.01
2078 2901 0.05
3153 3152 0.2
3153 3132 0.01
3414 3415 0.01
3414 1754 0.2
3414 1375 0.01
3414 2670 0.05
3416 71 0.2
2427 420 0.01
2427 1681 0.05
2427 203 0.2
2427 517 0.01
2427 226 0.01
3417 1753 0.01
3417 85 0.01
3417 144 0.05
3417 94 0.2
3418 1346 0.2
3245 963 0.2
3245 2380 0.2
3245 133 0.05
3245 2062 0.01
3245 509 0.01
3245 14 0.01
3245 3419 0.05
3245 208 0.01
3245 2942 0.01
3245 2618 0.01
3245 3420 0.2
3245 472 0.05
3245 226 0.05
3245 849 0.05
3245 3421 0.05
3245 279 0.01
3245 750 0.2
3245 1573 0.01
3245 2312 0.01
3245 938 0.01
3245 3422 0.05
3245 529 0.2
1281 1218 0.2
1281 1447 0.05
1281 1705 0.05
1281 235 0.05
1281 452 0.05
1281 1797 0.01
1281 53 0.01
1281 1984 0.01
1281 3423 0.05
1281 1769 0.05
1281 1990 0.05
1281 3424 0.01
1281 1748 0.05
1281 1411 0.01
1281 226 0.05
1281 415 0.2
1281 145 0.01
1281 952 0.05
1281 94 0.2
1281 3425 0.2
1281 483 0.2
1281 1204 0.2
1281 3426 0.05
1281 3427 0.05
1281 3428 0.01
1281 2470 0.01
1281 2258 0.01
1281 52 0.01
1281 2035 0.2
1281 11 0.01
1281 2600 0.01
1281 143 0.01
2432 1705 0.2
2432 9 0.05
2432 52 0.2
2432 365 0.05
2432 665 0.05
2432 3086 0.01
2432 982 0.2
516 745 0.05
516 2901 0.2
516 793 0.2
516 203 0.01
516 446 0.01
516 453 0.05
516 196 0.05
516 2281 0.01
516 1172 0.2
516 452 0.2
516 1655 0.2
516 201 0.01
516 17 0.05
516 2418 0.01
516 3132 0.05
516 199 0.05
516 1590 0.01
516 1724 0.05
516 192 0.2
516 568 0.2
516 2062 0.2
516 1447 0.01
516 217 0.2
516 976 0.01
516 805 0.05
516 3429 0.2
516 3430 0.01
516 222 0.2
516 1658 0.01
516 843 0.05
516 1984 0.05
516 666 0.05
516 1944 0.2
516 2030 0.05
516 3367 0.2
516 238 0.01
516 1960 0.2
516 471 0.01
516 895 0.01
516 657 0.01
516 950 0.2
516 2345 0.01
516 145 0.01
516 1898 0.01
516 142 0.05
516 932 0.2
516 1352 0.05
516 749 0.05
516 435 0.01
516 848 0.05
516 566 0.2
516 1667 0.05
516 526 0.01
516 1922 0.05
516 1216 0.05
516 213 0.2
516 202 0.05
516 144 0.01
516 3348 0.01
516 983 0.2
516 942 0.2
516 1210 0.01
516 219 0.05
516 3431 0.01
516 224 0.05
516 455 0.01
516 52 0.01
516 1541 0.01
516 1280 0.01
516 2295 0.2
516 584 0.2
516 242 0.05
516 54 0.2
516 1208 0.05
516 975 0.2
516 70 0.01
3432 3348 0.2
3432 471 0.01
3432 3433 0.01
3432 849 0.2
3432 133 0.2
3432 2850 0.2
3432 1220 0.2
3432 3434 0.2
946 635 0.2
946 947 0.2
946 2080 0.05
946 2077 0.2
946 7 0.01
946 850 0.01
946 1938 0.2
946 465 0.01
946 193 0.2
946 506 0.2
946 942 0.2
946 663 0.01
946 937 0.05
946 2669 0.01
946 944 0.01
946 657 0.05
946 1947 0.01
946 99 0.05
946 1544 0.2
946 950 0.2
946 749 0.05
946 145 0.05
946 228 0.2
946 1923 0.01
946 982 0.01
946 52 0.05
946 238 0.05
946 1543 0.2
946 542 0.2
946 2226 0.2
946 849 0.01
946 473 0.05
946 54 0.2
946 3097 0.05
946 94 0.01
946 1039 0.01
953 3435 0.01
953 1843 0.05
953 944 0.05
953 3436 0.05
953 955 0.05
953 99 0.01
953 3145 0.05
953 3437 0.01
953 3317 0.05
953 228 0.01
953 52 0.01
1980 1737 0.2
1980 1423 0.01
1980 3438 0.05
1980 1654 0.2
1980 192 0.01
1980 1595 0.01
1980 194 0.2
1980 567 0.05
1980 438 0.01
1980 435 0.01
1980 145 0.01
1980 471 0.01
1711 1948 0.05
1711 961 0.2
1711 2494 0.01
1711 945 0.01
1711 2259 0.2
1711 981 0.2
1711 2905 0.2
1711 1276 0.05
3439 1896 0.2
3439 1353 0.01
3439 2255 0.05
3440 3441 0.05
3440 3442 0.01
3440 3341 0.05
950 974 0.2
950 214 0.05
950 471 0.01
950 3111 0.01
950 3443 0.2
950 145 0.01
950 1663 0.05
950 1904 0.05
950 52 0.01
950 1944 0.05
950 842 0.2
950 144 0.2
950 365 0.2
950 1948 0.2
950 3367 0.2
950 1787 0.2
950 455 0.01
950 1222 0.2
950 472 0.05
950 1541 0.01
950 1464 0.2
950 2387 0.01
950 934 0.01
950 227 0.01
950 701 0.05
950 526 0.2
950 945 0.2
950 2267 0.05
950 2569 0.01
950 2331 0.05
950 124 0.05
950 2289 0.05
950 2258 0.01
950 202 0.2
950 2257 0.2
950 2011 0.05
950 1661 0.2
950 516 0.01
950 1893 0.2
950 895 0.2
950 896 0.2
950 805 0.05
950 543 0.2
950 226 0.05
950 955 0.05
950 2516 0.01
950 978 0.01
950 228 0.01
950 3444 0.2
950 844 0.2
950 1898 0.05
950 981 0.05
950 1221 0.2
950 1660 0.2
950 3445 0.2
950 1871 0.05
950 3446 0.01
950 146 0.05
950 1897 0.05
950 1280 0.2
950 849 0.01
950 54 0.01
950 238 0.2
950 3097 0.05
950 2315 0.01
207 414 0.01
207 2088 0.2
207 1176 0.2
207 2235 0.01
207 3447 0.01
207 633 0.05
207 418 0.05
207 2778 0.05
207 104 0.2
207 789 0.01
207 430 0.2
207 1602 0.2
207 1156 0.05
207 1596 0.01
207 3448 0.2
207 638 0.01
207 2163 0.2
207 3449 0.05
207 1161 0.05
207 1688 0.2
207 3450 0.2
207 1162 0.05
207 1585 0.05
207 1157 0.05
207 3451 0.01
207 435 0.01
207 1154 0.2
207 425 0.05
207 1740 0.05
207 632 0.01
207 3452 0.05
207 1159 0.2
207 423 0.01
207 1748 0.01
207 1523 0.05
207 437 0.05
207 639 0.01
207 1655 0.01
207 431 0.2
207 416 0.2
207 419 0.05
207 515 0.2
207 464 0.01
207 1277 0.05
207 644 0.05
207 2777 0.01
207 642 0.01
207 1519 0.2
207 943 0.05
207 2644 0.05
207 1587 0.01
207 879 0.01
207 1601 0.05
207 563 0.2
207 792 0.2
207 1164 0.2
207 1423 0.05
207 3453 0.2
207 1182 0.2
207 2207 0.01
207 2090 0.2
207 436 0.01
207 1172 0.01
207 188 0.05
207 210 0.01
207 2125 0.05
207 193 0.2
207 652 0.2
207 201 0.01
207 1705 0.2
207 1654 0.2
207 3333 0.05
207 1168 0.05
207 1724 0.01
207 1885 0.2
207 2380 0.01
207 195 0.01
207 657 0.2
207 841 0.2
207 228 0.2
207 1723 0.01
207 219 0.01
207 1275 0.05
207 2179 0.01
207 1447 0.05
207 648 0.01
207 204 0.05
207 452 0.01
207 567 0.2
207 199 0.2
207 192 0.05
207 3454 0.01
207 655 0.05
207 526 0.05
207 194 0.2
207 3455 0.01
207 235 0.05
207 793 0.05
207 218 0.2
3456 1458 0.05
3456 977 0.01
3456 145 0.05
3456 1402 0.2
3456 2310 0.01
3456 3457 0.05
1203 665 0.05
1203 2794 0.2
1203 70 0.05
1203 227 0.05
1203 1541 0.01
1203 133 0.01
1203 240 0.05
1203 232 0.01
1203 954 0.05
1203 2577 0.2
1203 2911 0.05
145 409 0.01
145 88 0.2
145 371 0.2
145 439 0.05
145 197 0.2
145 208 0.01
145 1654 0.01
145 1261 0.01
145 647 0.01
145 461 0.05
145 2422 0.01
145 146 0.05
145 124 0.2
145 1168 0.05
145 363 0.05
145 206 0.2
145 195 0.01
145 1590 0.05
145 3399 0.2
145 211 0.01
145 1997 0.01
145 661 0.2
145 2380 0.01
145 1797 0.2
145 655 0.01
145 1175 0.05
145 560 0.01
145 1283 0.05
145 524 0.01
145 1277 0.2
145 2151 0.05
145 968 0.05
145 1748 0.01
145 1263 0.2
145 2001 0.2
145 841 0.05
145 976 0.01
145 11 0.05
145 2285 0.01
145 1592 0.2
145 1941 0.05
145 844 0.01
145 950 0.2
145 701 0.2
145 2035 0.01
145 226 0.05
145 3032 0.2
145 2259 0.2
145 1960 0.05
145 1658 0.01
145 2448 0.01
145 1948 0.05
145 2258 0.05
145 945 0.2
145 845 0.05
145 805 0.2
145 516 0.2
145 2000 0.01
145 239 0.01
145 238 0.05
145 1221 0.05
145 932 0.01
145 550 0.05
145 1541 0.01
145 1809 0.05
145 455 0.05
145 1280 0.05
145 1204 0.2
145 975 0.2
145 52 0.05
145 2673 0.01
145 584 0.01
145 224 0.2
145 1216 0.05
145 937 0.01
145 1993 0.01
145 955 0.01
145 1657 0.05
145 849 0.05
145 213 0.05
145 1039 0.05
145 2518 0.01
145 2295 0.05
145 240 0.05
145 368 0.2
145 659 0.01
145 566 0.2
145 143 0.2
145 948 0.2
145 223 0.01
145 54 0.01
239 437 0.01
239 634 0.05
239 3452 0.2
239 1255 0.05
239 420 0.05
239 1057 0.2
239 88 0.01
239 422 0.2
239 197 0.05
239 745 0.2
239 16 0.05
239 3458 0.2
239 447 0.2
239 2138 0.05
239 2140 0.2
239 430 0.01
239 630 0.2
239 3459 0.05
239 636 0.05
239 3460 0.05
239 515 0.01
239 1159 0.2
239 425 0.01
239 104 0.05
239 419 0.05
239 1162 0.05
239 222 0.2
239 18 0.2
239 1158 0.2
239 226 0.05
239 461 0.01
239 145 0.05
239 516 0.01
239 2818 0.05
239 1605 0.01
239 23 0.2
239 113 0.01
239 1294 0.2
239 371 0.05
239 124 0.2
239 94 0.05
2598 2235 0.01
2598 2556 0.05
2598 3107 0.2
2598 1452 0.2
2598 849 0.05
2598 2938 0.01
2598 3461 0.05
2598 3462 0.01
2598 1083 0.05
2598 23 0.05
2598 977 0.2
2598 665 0.05
2598 279 0.2
2598 667 0.2
2598 208 0.01
2598 516 0.05
2598 1884 0.05
2598 1661 0.2
2598 963 0.05
2598 1984 0.05
2598 1039 0.05
2598 1666 0.05
2598 472 0.01
2598 7 0.01
2598 213 0.01
2598 1216 0.2
2598 222 0.05
2598 843 0.01
2598 2019 0.01
2598 14 0.01
2598 3463 0.05
2598 1541 0.2
2598 2997 0.05
2598 52 0.01
2598 3464 0.05
2598 975 0.2
2598 663 0.05
2598 53 0.2
2598 1888 0.2
2598 2668 0.01
2598 2947 0.05
2598 317 0.05
2598 224 0.05
2598 1425 0.05
2598 1846 0.01
2598 841 0.05
2598 146 0.2
2598 3465 0.05
2598 143 0.2
2598 2848 0.05
3466 444 0.01
3466 1705 0.05
3466 459 0.05
3466 2444 0.05
3466 200 0.2
3467 2516 0.2
3467 1319 0.05
204 1164 0.2
204 455 0.01
204 518 0.05
204 3273 0.01
204 517 0.01
204 461 0.2
204 213 0.01
204 453 0.05
204 199 0.05
204 211 0.01
204 197 0.2
204 3243 0.01
204 217 0.01
204 1168 0.01
204 2179 0.01
204 3147 0.05
204 452 0.05
204 3134 0.05
204 3139 0.01
204 2532 0.05
204 3126 0.01
204 142 0.2
204 2937 0.2
435 416 0.05
435 640 0.01
435 628 0.05
435 1135 0.01
435 1105 0.05
435 1593 0.05
435 837 0.2
435 409 0.2
435 1161 0.05
435 146 0.01
435 427 0.05
435 1649 0.05
435 629 0.2
435 879 0.05
435 204 0.2
435 202 0.2
435 1158 0.05
435 1134 0.05
435 1602 0.05
435 1265 0.01
435 632 0.2
435 2259 0.2
435 2902 0.01
435 2238 0.05
435 6 0.05
435 428 0.2
435 421 0.05
435 437 0.01
435 207 0.01
435 197 0.05
435 1164 0.05
435 647 0.2
435 94 0.2
435 630 0.01
435 523 0.01
435 562 0.01
435 943 0.01
435 417 0.2
435 1143 0.01
435 465 0.05
435 431 0.2
435 1589 0.01
435 433 0.2
435 1252 0.01
435 641 0.2
435 805 0.05
435 1259 0.2
435 104 0.05
435 655 0.01
435 1148 0.2
435 9 0.01
435 3131 0.2
435 644 0.01
435 439 0.05
435 432 0.05
435 192 0.05
435 3468 0.01
435 514 0.01
435 1521 0.2
435 447 0.01
435 7 0.2
435 108 0.01
435 419 0.01
435 633 0.2
435 3469 0.2
435 526 0.05
435 1595 0.01
435 1152 0.2
435 203 0.2
435 792 0.01
435 448 0.01
435 1522 0.2
435 1588 0.2
435 807 0.01
435 88 0.2
435 219 0.2
435 140 0.01
435 564 0.05
435 450 0.05
435 451 0.05
435 426 0.05
435 1724 0.2
435 1519 0.2
435 445 0.01
435 453 0.05
435 458 0.05
435 142 0.05
435 472 0.2
435 228 0.05
435 471 0.05
435 516 0.05
435 1218 0.01
435 1861 0.2
435 1980 0.01
435 473 0.2
435 1541 0.2
1662 1098 0.2
1662 227 0.2
1662 968 0.01
1662 1663 0.05
1662 1657 0.01
1662 1039 0.05
1662 54 0.2
1943 517 0.01
1943 473 0.2
1943 208 0.01
1943 3049 0.05
1943 1787 0.2
1943 1958 0.05
1943 3470 0.2
1943 1835 0.2
1943 657 0.05
1943 376 0.01
1943 2019 0.01
1943 140 0.05
1943 94 0.2
1943 2668 0.01
1943 2934 0.2
1943 189 0.01
1943 951 0.2
1943 52 0.2
1943 665 0.01
1943 1222 0.01
1943 943 0.01
1943 1744 0.2
1943 981 0.2
1943 146 0.05
1943 841 0.2
1943 1948 0.01
1943 2154 0.01
1943 222 0.01
1943 1759 0.01
1943 2592 0.01
1943 197 0.2
1943 213 0.05
1943 144 0.01
1943 7 0.2
1943 1592 0.05
1943 1944 0.05
1943 516 0.05
1943 975 0.01
1943 9 0.01
1943 24 0.01
1943 947 0.01
1943 472 0.2
1943 1884 0.2
1943 979 0.05
1943 1941 0.2
1943 849 0.05
1943 667 0.2
1943 3471 0.2
1943 1891 0.2
1943 526 0.01
1943 1216 0.2
1943 3224 0.2
1943 1898 0.01
1943 219 0.05
1943 143 0.05
1943 1537 0.2
1943 60 0.01
1943 1914 0.01
1943 3472 0.05
1943 1922 0.2
1943 3473 0.05
1943 1474 0.05
1943 3474 0.05
1943 1861 0.2
1943 2402 0.05
1943 2331 0.05
1943 3475 0.2
1943 986 0.2
1943 2825 0.05
3476 124 0.05
466 2697 0.01
466 426 0.05
466 654 0.05
466 1719 0.01
466 1938 0.05
466 463 0.2
466 3477 0.01
466 2998 0.01
466 2228 0.01
466 1584 0.2
466 1148 0.2
466 660 0.2
466 562 0.01
466 1520 0.01
466 629 0.01
466 1586 0.2
466 1423 0.05
466 146 0.05
466 631 0.01
466 1176 0.01
466 630 0.2
466 1518 0.05
466 637 0.05
466 437 0.2
466 1150 0.05
466 1145 0.05
466 439 0.2
466 431 0.05
466 140 0.01
466 632 0.01
466 443 0.01
466 448 0.2
466 423 0.01
466 639 0.05
466 1265 0.2
466 1523 0.2
466 104 0.2
466 2170 0.05
466 430 0.01
466 1589 0.01
466 642 0.01
466 446 0.01
466 641 0.05
466 6 0.05
466 517 0.05
466 645 0.2
466 194 0.05
466 836 0.05
466 228 0.05
466 1152 0.01
466 7 0.05
466 473 0.01
466 454 0.2
466 433 0.01
466 212 0.2
466 438 0.2
466 419 0.2
466 197 0.2
466 458 0.05
466 655 0.2
466 193 0.05
466 520 0.2
466 2237 0.05
466 636 0.01
466 468 0.05
466 447 0.2
466 1253 0.01
466 1588 0.05
466 930 0.05
466 3289 0.05
466 432 0.2
466 216 0.01
466 649 0.2
466 1722 0.05
466 3478 0.05
466 219 0.01
466 656 0.2
466 227 0.01
466 453 0.2
466 237 0.01
466 526 0.2
466 199 0.01
466 192 0.2
466 514 0.01
466 88 0.05
466 1981 0.2
466 657 0.05
466 1591 0.05
466 2058 0.05
466 2514 0.2
466 238 0.01
466 3188 0.01
466 652 0.2
466 1447 0.05
466 9 0.05
466 94 0.2
466 1654 0.01
466 196 0.01
466 1590 0.2
2124 3479 0.01
2124 649 0.05
2124 449 0.2
2124 1172 0.05
2124 452 0.01
2124 436 0.2
2124 3480 0.01
2124 1180 0.2
2124 851 0.2
2124 1897 0.05
2124 2905 0.2
2124 949 0.2
2124 2744 0.01
2124 2259 0.01
2124 2518 0.05
2124 2521 0.05
2124 2295 0.05
2124 1465 0.2
2124 584 0.05
2124 954 0.01
2124 1202 0.05
2124 219 0.01
942 2486 0.2
942 238 0.2
942 948 0.2
942 365 0.05
942 1984 0.2
942 1921 0.2
942 932 0.05
942 986 0.2
942 1663 0.05
942 946 0.05
942 666 0.05
942 228 0.05
942 1348 0.01
942 3481 0.01
942 1658 0.01
942 2807 0.2
942 1216 0.05
942 2571 0.01
942 848 0.05
942 805 0.05
942 1960 0.01
942 1661 0.2
942 99 0.05
942 543 0.01
942 1181 0.01
942 945 0.2
942 24 0.2
942 1799 0.01
942 975 0.2
942 947 0.2
942 3340 0.2
942 1039 0.2
942 938 0.2
942 981 0.01
942 3482 0.2
942 1575 0.05
942 3483 0.01
942 1896 0.05
942 1541 0.01
942 749 0.05
942 1897 0.05
942 2344 0.01
942 982 0.2
942 1914 0.2
942 1898 0.05
942 3484 0.05
942 526 0.01
942 1922 0.2
942 17 0.05
942 142 0.05
942 1294 0.01
942 2267 0.05
942 963 0.2
942 146 0.2
942 845 0.05
942 2255 0.2
942 144 0.01
942 1204 0.01
942 516 0.01
942 94 0.01
942 682 0.05
942 1902 0.2
942 1210 0.05
942 3348 0.01
942 455 0.05
942 2460 0.01
942 1208 0.05
942 473 0.05
942 227 0.2
942 1923 0.2
942 242 0.01
942 1007 0.2
942 3352 0.05
942 54 0.05
942 2673 0.01
942 52 0.2
942 2349 0.2
942 937 0.01
942 2574 0.2
942 1099 0.2
942 70 0.2
942 980 0.2
942 3485 0.01
942 133 0.05
942 3486 0.2
1280 221 0.2
1280 208 0.01
1280 527 0.05
1280 238 0.2
1280 1922 0.2
1280 1920 0.01
1280 2071 0.01
1280 2997 0.01
1280 1944 0.01
1280 143 0.01
1280 1222 0.05
1280 1541 0.01
1280 2905 0.05
1280 3317 0.05
1280 945 0.05
1280 1897 0.05
1280 52 0.01
1280 932 0.05
1280 1092 0.01
1280 666 0.05
1280 2403 0.05
1280 2743 0.01
1280 981 0.05
1280 3487 0.05
1280 145 0.01
1280 950 0.01
1280 1754 0.05
1280 2255 0.05
1280 2346 0.01
1280 665 0.01
1280 364 0.2
1280 516 0.01
1280 955 0.05
1280 643 0.05
1280 1039 0.05
1280 3171 0.01
1280 2259 0.01
1280 975 0.05
1280 978 0.01
1280 3097 0.05
1748 1521 0.05
1748 1141 0.05
1748 3488 0.01
1748 2241 0.2
1748 790 0.05
1748 409 0.01
1748 642 0.05
1748 640 0.01
1748 238 0.01
1748 3226 0.01
1748 1147 0.01
1748 431 0.2
1748 639 0.01
1748 660 0.05
1748 417 0.05
1748 1164 0.2
1748 422 0.05
1748 1587 0.05
1748 1160 0.2
1748 496 0.2
1748 425 0.05
1748 1830 0.2
1748 436 0.2
1748 630 0.2
1748 226 0.05
1748 2163 0.2
1748 636 0.05
1748 418 0.01
1748 633 0.2
1748 3489 0.05
1748 207 0.05
1748 643 0.2
1748 3490 0.05
1748 433 0.01
1748 104 0.01
1748 1589 0.2
1748 566 0.01
1748 515 0.05
1748 794 0.05
1748 2532 0.05
1748 1180 0.2
1748 3147 0.01
1748 3491 0.01
1748 2798 0.01
1748 192 0.05
1748 1447 0.05
1748 3492 0.01
1748 526 0.05
1748 194 0.01
1748 3493 0.01
1748 211 0.2
1748 658 0.01
1748 653 0.05
1748 1356 0.05
1748 52 0.01
1748 242 0.2
1748 3494 0.05
1748 1204 0.01
1748 3495 0.2
1748 1284 0.01
1748 1914 0.2
1748 208 0.05
1748 467 0.01
1748 516 0.01
1748 682 0.05
1748 841 0.01
1748 3496 0.05
1748 193 0.05
1748 488 0.05
1748 1787 0.01
1748 1352 0.05
1748 849 0.05
1748 938 0.01
1748 9 0.2
1748 214 0.05
1748 365 0.01
1748 88 0.01
1748 1592 0.2
1748 562 0.01
1748 145 0.01
1748 1283 0.2
1748 470 0.01
1748 197 0.2
1748 371 0.05
1748 805 0.01
1748 2178 0.2
1748 209 0.2
1748 441 0.05
1748 523 0.2
1748 665 0.2
3497 967 0.01
3497 654 0.01
3497 140 0.01
2164 1521 0.2
2164 648 0.2
2164 2075 0.2
2164 216 0.05
2164 656 0.2
2164 213 0.05
2164 459 0.01
2164 745 0.2
2164 516 0.2
2164 94 0.2
2164 140 0.01
2164 452 0.05
2164 211 0.2
2164 518 0.01
2164 453 0.2
2164 440 0.2
2164 8 0.01
2164 963 0.05
2164 217 0.01
2164 3359 0.2
2164 749 0.2
2164 1769 0.01
2164 438 0.01
2164 1447 0.01
2164 1843 0.2
2164 567 0.2
2164 1989 0.05
2164 1265 0.05
2164 841 0.2
2164 1999 0.05
2164 224 0.01
2164 208 0.2
2164 2196 0.05
2164 473 0.05
2164 2380 0.05
2164 805 0.01
2164 1994 0.05
2164 143 0.05
3498 2124 0.05
3498 878 0.2
3498 3499 0.05
3498 133 0.05
3498 70 0.05
3498 421 0.2
3498 3427 0.2
1526 1179 0.01
1526 3055 0.05
1526 2138 0.2
1526 413 0.05
1526 1135 0.01
1526 2226 0.01
1526 371 0.01
1526 1599 0.01
1526 1603 0.2
1526 449 0.2
1526 790 0.2
1526 2075 0.01
1526 630 0.2
1526 1745 0.01
1526 2079 0.05
1526 427 0.2
1526 451 0.2
1526 2902 0.05
1526 237 0.2
1526 2282 0.05
1526 805 0.05
1526 11 0.01
1526 437 0.01
1526 2427 0.05
1526 1722 0.2
1526 1335 0.01
1526 202 0.01
1526 2160 0.05
1526 414 0.2
1526 1413 0.05
1526 1748 0.05
1526 2567 0.05
1526 1587 0.2
1526 642 0.01
1526 219 0.01
1526 3500 0.01
1526 417 0.01
1526 425 0.01
1526 639 0.2
1526 426 0.2
1526 424 0.2
1526 1740 0.01
1526 1140 0.05
1526 1178 0.01
1526 1150 0.05
1526 430 0.2
1526 1163 0.05
1526 419 0.05
1526 1596 0.2
1526 523 0.01
1526 899 0.05
1526 793 0.2
1526 441 0.2
1526 1588 0.05
1526 517 0.05
1526 745 0.2
1526 458 0.2
1526 7 0.2
1526 146 0.01
1526 1164 0.01
1526 467 0.01
1526 1172 0.2
1526 1273 0.2
1526 140 0.05
1526 85 0.01
1526 210 0.01
1526 459 0.05
1526 2184 0.01
1526 1595 0.05
1526 23 0.05
1526 2207 0.2
1526 1519 0.2
1526 16 0.05
1526 1105 0.05
1526 515 0.05
1526 455 0.05
1526 447 0.2
1526 3226 0.01
1526 640 0.01
1526 450 0.01
1526 197 0.05
1526 196 0.2
1526 463 0.2
1526 2281 0.05
1526 195 0.2
1526 656 0.01
1526 208 0.05
1526 222 0.2
1526 3131 0.05
1526 442 0.2
1526 228 0.05
1526 1689 0.2
1526 216 0.2
1097 836 0.2
1097 496 0.01
1097 279 0.01
1097 471 0.2
1097 805 0.05
1097 488 0.01
1097 1252 0.01
1097 644 0.05
1097 226 0.01
1097 441 0.05
1097 146 0.05
1097 1897 0.2
1097 94 0.2
1097 472 0.2
1097 143 0.05
1097 199 0.01
1097 237 0.05
1178 3000 0.2
1178 1586 0.2
1178 790 0.2
1178 432 0.05
1178 3501 0.01
1178 2075 0.2
1178 3502 0.01
1178 1685 0.2
1178 3503 0.05
1178 1783 0.01
1178 471 0.01
1178 2304 0.01
1178 2169 0.01
1178 442 0.05
1178 628 0.05
1178 629 0.2
1178 452 0.01
1178 2481 0.2
1178 1154 0.2
1178 1230 0.01
1178 3504 0.2
1178 2165 0.01
1178 1593 0.01
1178 3505 0.05
1178 2162 0.01
1178 1700 0.05
1178 140 0.01
1178 1703 0.01
1178 440 0.2
1178 2242 0.05
1178 1704 0.01
1178 2235 0.05
1178 3506 0.2
1178 3507 0.01
1178 1135 0.01
1178 1702 0.2
1178 409 0.2
1178 642 0.01
1178 104 0.01
1178 1520 0.05
1178 421 0.05
1178 454 0.05
1178 416 0.2
1178 3508 0.05
1178 2166 0.01
1178 1335 0.05
1178 1412 0.2
1178 431 0.05
1178 427 0.2
1178 238 0.05
1178 419 0.05
1178 16 0.05
1178 433 0.05
1178 3509 0.2
1178 3510 0.01
1178 3511 0.05
1178 641 0.05
1178 196 0.2
1178 1519 0.2
1178 634 0.05
1178 3512 0.05
1178 453 0.2
1178 425 0.01
1178 1739 0.05
1178 414 0.05
1178 526 0.01
1178 2079 0.2
1178 3513 0.2
1178 1145 0.01
1178 88 0.2
1178 1155 0.2
1178 630 0.01
1178 805 0.2
1178 1413 0.2
1178 197 0.01
1178 417 0.2
1178 199 0.2
1178 1150 0.05
1178 430 0.05
1178 1688 0.2
1178 3514 0.05
1178 438 0.05
1178 2778 0.05
1178 1164 0.01
1178 2141 0.2
3515 1099 0.2
3515 880 0.05
3515 983 0.05
1836 1745 0.05
1836 472 0.05
1836 2003 0.05
1836 371 0.05
1836 1283 0.01
1836 2001 0.01
1836 951 0.05
1836 140 0.2
1836 2349 0.05
1836 1039 0.01
3233 2865 0.01
3233 1425 0.2
3395 930 0.05
3395 455 0.2
3395 2557 0.05
3395 565 0.05
3395 1411 0.01
3395 139 0.05
3395 218 0.01
3395 1645 0.01
3395 9 0.2
3395 213 0.2
3395 3516 0.2
3395 194 0.2
3395 195 0.01
3395 654 0.01
3395 219 0.01
3395 220 0.05
3395 415 0.01
3395 1168 0.2
3395 206 0.05
3395 3517 0.2
3395 197 0.05
3395 235 0.2
3395 658 0.05
3395 2062 0.05
3395 1797 0.05
3395 7 0.05
3395 212 0.2
3395 969 0.05
3395 192 0.05
3395 938 0.05
1259 417 0.05
1259 430 0.05
1259 458 0.01
1259 3518 0.2
1259 1252 0.01
1259 1164 0.05
1259 647 0.05
1259 447 0.2
1259 643 0.05
1259 104 0.2
1259 3519 0.05
1259 419 0.2
1259 514 0.2
1259 1602 0.2
1259 435 0.05
1259 432 0.2
1259 644 0.01
1259 437 0.01
1259 793 0.2
1259 1103 0.2
1259 526 0.2
1259 238 0.05
1259 1258 0.2
1259 467 0.01
1259 651 0.05
1259 468 0.2
1259 436 0.05
1259 563 0.01
1259 214 0.01
1259 658 0.2
1259 144 0.05
1259 518 0.05
1259 843 0.2
1259 143 0.01
1259 85 0.2
1259 566 0.01
1259 702 0.05
1259 1424 0.05
1259 209 0.05
1259 219 0.2
1259 568 0.01
1259 9 0.2
1259 7 0.05
1259 210 0.2
1259 841 0.05
1259 1422 0.2
1259 1705 0.2
1259 441 0.01
1259 213 0.05
1259 2419 0.01
1259 1842 0.01
1259 1447 0.05
1259 196 0.01
1259 146 0.2
1259 1149 0.2
1259 145 0.01
1259 2702 0.01
1259 1724 0.01
1259 2327 0.2
1259 1982 0.01
1259 3512 0.05
1259 216 0.05
1259 197 0.2
1259 839 0.01
1259 649 0.01
1259 3400 0.05
1259 211 0.2
1259 195 0.01
1259 438 0.2
1259 3520 0.01
228 1176 0.2
228 1413 0.2
228 3521 0.2
228 146 0.2
228 18 0.2
228 226 0.05
228 946 0.01
228 1423 0.01
228 1518 0.01
228 278 0.05
228 1422 0.2
228 1586 0.05
228 2235 0.01
228 7 0.05
228 1164 0.05
228 1230 0.05
228 218 0.01
228 1521 0.05
228 1723 0.05
228 630 0.2
228 414 0.05
228 1684 0.2
228 745 0.05
228 1587 0.2
228 1681 0.01
228 458 0.05
228 443 0.05
228 197 0.01
228 1665 0.2
228 17 0.01
228 1143 0.05
228 437 0.2
228 417 0.01
228 419 0.01
228 420 0.2
228 1526 0.01
228 1718 0.01
228 639 0.05
228 428 0.2
228 430 0.05
228 104 0.05
228 16 0.01
228 466 0.2
228 196 0.2
228 432 0.2
228 433 0.05
228 463 0.05
228 140 0.2
228 1520 0.05
228 465 0.2
228 506 0.05
228 203 0.2
228 1590 0.05
228 208 0.05
228 6 0.2
228 483 0.01
228 85 0.05
228 222 0.2
228 1661 0.2
228 237 0.05
228 227 0.05
228 566 0.2
228 9 0.2
228 930 0.01
2259 3522 0.01
2259 409 0.01
2259 435 0.2
2259 630 0.05
2259 416 0.01
2259 422 0.01
2259 219 0.01
2259 1159 0.01
2259 453 0.2
2259 1830 0.05
2259 1846 0.05
2259 523 0.05
2259 145 0.2
2259 3163 0.05
2259 3523 0.01
2259 543 0.05
2259 3524 0.2
2259 945 0.05
2259 1711 0.05
2259 1941 0.05
2259 666 0.2
2259 1348 0.2
2259 1573 0.05
2259 238 0.2
2259 1922 0.01
2259 2124 0.01
2259 584 0.05
2259 3487 0.2
2259 1809 0.2
2259 2399 0.05
2259 3525 0.05
2259 54 0.2
2259 3167 0.05
2259 1280 0.05
2259 2886 0.01
2259 3526 0.2
2259 975 0.05
2259 2750 0.05
2259 213 0.2
2259 473 0.05
2259 2119 0.2
2259 2402 0.05
975 1164 0.01
975 424 0.05
975 447 0.01
975 11 0.01
975 636 0.2
975 9 0.2
975 449 0.05
975 441 0.2
975 436 0.05
975 453 0.2
975 655 0.05
975 463 0.01
975 196 0.05
975 842 0.05
975 452 0.01
975 214 0.05
975 1273 0.01
975 3121 0.01
975 1524 0.2
975 192 0.05
975 654 0.2
975 193 0.05
975 2728 0.05
975 279 0.01
975 140 0.01
975 701 0.05
975 197 0.2
975 1425 0.2
975 142 0.2
975 2823 0.01
975 805 0.2
975 945 0.01
975 942 0.2
975 213 0.05
975 238 0.05
975 1541 0.05
975 566 0.05
975 526 0.2
975 219 0.2
975 371 0.2
975 1796 0.01
975 3430 0.01
975 1208 0.05
975 223 0.2
975 144 0.05
975 1280 0.01
975 473 0.05
975 516 0.2
975 146 0.05
975 471 0.01
975 145 0.2
975 899 0.01
1884 430 0.2
1884 515 0.05
1884 837 0.2
1884 641 0.05
1884 1252 0.05
1884 192 0.01
1884 943 0.01
1884 1601 0.05
1884 436 0.05
1884 3104 0.2
1884 468 0.2
1884 199 0.2
1884 196 0.2
1884 451 0.05
1884 521 0.2
1884 643 0.01
1884 845 0.2
1884 473 0.2
1884 3527 0.01
1884 550 0.05
1884 841 0.05
1884 3528 0.2
1884 3529 0.05
1884 2598 0.05
1884 1943 0.01
1884 981 0.2
1884 144 0.05
1884 1210 0.01
1884 3427 0.2
1884 1897 0.2
1884 3167 0.01
1884 1573 0.01
1884 566 0.2
1884 471 0.2
1884 1102 0.01
1884 2119 0.01
1884 986 0.05
1884 1923 0.05
1884 2349 0.05
1884 849 0.01
1604 422 0.01
1604 437 0.2
1604 2075 0.01
1604 1589 0.2
1604 451 0.05
1604 419 0.05
1604 1797 0.2
1604 211 0.01
1604 192 0.2
1604 145 0.05
1604 139 0.05
1604 200 0.2
1604 11 0.2
1604 217 0.2
1604 2194 0.01
3530 278 0.2
3530 1718 0.2
3530 473 0.2
3530 424 0.01
3530 3531 0.05
3530 3532 0.2
3530 2001 0.2
3533 1854 0.01
1575 235 0.05
1575 193 0.2
1575 145 0.05
1575 524 0.2
1575 441 0.05
1575 3465 0.2
1575 667 0.05
1575 52 0.2
1575 1039 0.2
1575 897 0.05
3534 3535 0.01
3536 3537 0.2
3536 1888 0.05
1922 235 0.2
1922 938 0.01
1922 11 0.01
1922 550 0.01
1922 2997 0.2
1922 441 0.2
1922 1265 0.01
1922 805 0.01
1922 849 0.2
1922 222 0.2
1922 228 0.05
1922 197 0.2
1922 666 0.01
1922 2669 0.2
1922 943 0.01
1922 1657 0.2
1922 279 0.2
1922 978 0.05
1922 1797 0.2
1922 1605 0.01
1922 898 0.2
1922 124 0.01
1922 94 0.2
1922 1921 0.05
1922 584 0.05
1922 471 0.2
1922 3426 0.2
1922 226 0.01
1922 1744 0.01
1922 133 0.01
1922 54 0.2
1922 1218 0.2
1922 236 0.01
1922 665 0.2
1922 1210 0.2
1922 879 0.01
1922 540 0.2
1922 3472 0.05
1922 1221 0.01
1922 982 0.05
1922 878 0.2
1922 371 0.05
1922 845 0.2
1922 2295 0.01
1922 146 0.05
1922 17 0.2
1922 1352 0.2
1922 848 0.01
1922 2129 0.01
1922 1280 0.05
1922 1896 0.01
1922 365 0.01
1922 1943 0.01
1922 375 0.01
1922 202 0.01
1922 224 0.01
1922 1927 0.05
1922 1661 0.05
1922 238 0.2
1922 1216 0.01
1922 473 0.05
1922 942 0.01
1922 91 0.01
1922 1541 0.2
1922 455 0.2
1922 751 0.2
1922 143 0.01
1922 975 0.2
1922 213 0.05
1922 1203 0.05
1922 526 0.2
1922 144 0.2
1922 963 0.01
1922 2934 0.05
1922 2267 0.2
1922 3253 0.05
1922 60 0.01
1922 142 0.05
1922 2259 0.05
1922 941 0.01
1922 1204 0.2
1922 516 0.05
1922 1348 0.01
1922 145 0.05
1922 219 0.01
1922 659 0.01
1922 52 0.05
1922 370 0.05
1258 1037 0.01
1258 658 0.01
1258 237 0.2
1258 702 0.05
1258 2060 0.05
1258 660 0.2
1258 473 0.2
1258 2122 0.05
1258 2702 0.05
1258 2001 0.2
1258 649 0.05
1258 2730 0.05
1258 2719 0.2
1258 191 0.2
1258 3211 0.05
1258 1655 0.01
1258 3274 0.01
1258 1167 0.01
1258 1172 0.01
1258 210 0.2
1258 1259 0.05
1258 94 0.2
1258 207 0.01
1258 468 0.01
1258 209 0.2
1258 2063 0.05
1258 1134 0.01
1258 652 0.01
1258 204 0.01
1258 562 0.05
1258 197 0.05
1258 516 0.05
1258 213 0.05
1258 17 0.01
1258 526 0.05
1258 2013 0.2
1258 3538 0.05
1258 1079 0.2
1258 3539 0.2
1258 3401 0.2
1258 3137 0.05
1258 139 0.01
1258 1809 0.2
1258 3144 0.05
1258 1912 0.01
1258 1260 0.05
1258 1175 0.01
1258 2062 0.01
1258 194 0.01
1258 85 0.2
1258 2907 0.01
1258 2179 0.05
1258 1592 0.05
1258 6 0.01
1258 212 0.05
1258 218 0.2
1258 3049 0.01
1258 238 0.05
1258 1797 0.2
1258 216 0.01
1258 217 0.2
1258 2054 0.2
1258 3384 0.2
1258 1891 0.01
1258 565 0.01
1258 1279 0.05
1258 3395 0.01
1258 840 0.2
1258 1748 0.01
1258 2417 0.05
1258 3147 0.01
1258 193 0.01
1258 1591 0.05
1258 1265 0.2
2641 142 0.2
2641 973 0.2
2641 365 0.2
2641 376 0.05
2641 842 0.2
2641 581 0.2
2641 1353 0.01
2641 665 0.2
2641 140 0.01
2641 133 0.2
2641 930 0.01
2641 143 0.05
3374 516 0.05
3374 954 0.05
3374 3013 0.2
2290 471 0.2
2290 363 0.2
1590 515 0.01
1590 1230 0.01
1590 1587 0.2
1590 1143 0.01
1590 414 0.01
1590 437 0.01
1590 1252 0.2
1590 419 0.01
1590 447 0.2
1590 2913 0.01
1590 1150 0.2
1590 2426 0.2
1590 140 0.05
1590 665 0.01
1590 196 0.01
1590 197 0.2
1590 3512 0.2
1590 423 0.01
1590 453 0.2
1590 3067 0.2
1590 1654 0.05
1590 2281 0.05
1590 947 0.01
1590 652 0.05
1590 153 0.01
1590 655 0.01
1590 376 0.2
1590 647 0.05
1590 1257 0.05
1590 3540 0.05
1590 1662 0.05
1590 227 0.01
1590 466 0.2
1590 656 0.2
1590 1524 0.2
1590 214 0.2
1590 443 0.05
1590 94 0.05
1590 849 0.01
1590 654 0.05
1590 124 0.05
1590 651 0.2
1590 3082 0.2
1590 1913 0.01
1590 563 0.01
1590 195 0.05
1590 968 0.05
1590 7 0.01
1590 970 0.2
1590 194 0.2
1590 238 0.05
1590 3541 0.01
1590 1468 0.01
1590 3402 0.01
1590 1286 0.2
1590 455 0.2
1590 224 0.2
1590 1265 0.2
1590 6 0.2
1590 3334 0.2
1590 534 0.01
1590 428 0.2
1590 213 0.05
1590 1705 0.05
1590 208 0.05
1590 207 0.2
1590 1262 0.01
1590 218 0.05
1590 658 0.05
1590 2557 0.01
1590 220 0.05
1590 206 0.05
1590 145 0.05
1590 228 0.2
1590 2380 0.05
1590 2061 0.2
1590 201 0.2
1590 1447 0.2
1590 452 0.01
1590 842 0.2
1590 648 0.01
1590 192 0.01
1590 237 0.2
1590 3542 0.01
1590 3543 0.2
1590 473 0.05
1590 472 0.05
1590 219 0.2
1590 1724 0.2
1590 199 0.2
3013 2905 0.2
3013 980 0.05
3013 2397 0.01
3013 3374 0.01
2162 2696 0.01
2162 3544 0.01
2162 1702 0.05
2162 3545 0.2
2162 1413 0.2
2162 1178 0.01
2162 413 0.05
2162 2165 0.05
2162 1135 0.05
2162 642 0.2
3546 3547 0.01
3546 1221 0.01
3548 2768 0.05
3548 665 0.2
3548 3549 0.05
3548 3550 0.05
3551 2229 0.01
3551 441 0.01
3551 464 0.2
3552 216 0.05
3236 878 0.2
1794 566 0.2
1794 238 0.2
3553 2059 0.2
104 1178 0.01
104 2235 0.2
104 483 0.2
104 1176 0.01
104 1586 0.2
104 278 0.05
104 1254 0.05
104 1422 0.05
104 1520 0.2
104 1585 0.01
104 471 0.01
104 2902 0.05
104 562 0.05
104 413 0.01
104 416 0.2
104 1688 0.2
104 201 0.01
104 208 0.01
104 467 0.2
104 2778 0.05
104 633 0.05
104 409 0.01
104 465 0.05
104 1164 0.01
104 418 0.01
104 1649 0.2
104 203 0.05
104 1748 0.2
104 455 0.05
104 430 0.2
104 631 0.01
104 420 0.2
104 567 0.01
104 222 0.2
104 425 0.01
104 428 0.01
104 641 0.05
104 630 0.2
104 193 0.2
104 207 0.05
104 419 0.05
104 422 0.2
104 239 0.05
104 637 0.05
104 462 0.01
104 7 0.2
104 1587 0.2
104 1589 0.01
104 639 0.01
104 515 0.2
104 642 0.01
104 466 0.2
104 1143 0.2
104 417 0.01
104 638 0.05
104 436 0.2
104 423 0.01
104 228 0.2
104 431 0.05
104 238 0.2
104 656 0.2
104 2075 0.05
104 517 0.01
104 1252 0.2
104 448 0.01
104 563 0.05
104 435 0.01
104 1259 0.05
104 441 0.01
104 1152 0.2
104 108 0.2
104 649 0.01
104 250 0.05
104 636 0.05
104 94 0.01
104 9 0.2
104 439 0.05
104 647 0.2
104 495 0.05
104 196 0.01
104 237 0.01
104 446 0.01
104 194 0.05
104 447 0.05
104 640 0.2
104 463 0.2
104 451 0.05
104 85 0.2
104 192 0.01
104 452 0.01
104 526 0.01
104 2281 0.05
104 453 0.05
104 432 0.01
104 17 0.05
104 142 0.05
104 143 0.01
104 70 0.2
104 88 0.01
104 316 0.05
2441 9 0.2
2441 528 0.2
2441 1898 0.01
3554 146 0.01
3554 3227 0.05
3554 2145 0.2
3554 3555 0.05
3554 3556 0.01
3554 3557 0.01
3554 193 0.2
3554 2765 0.05
3554 3268 0.01
3554 1264 0.01
3554 2727 0.01
3554 2769 0.2
3558 639 0.2
3558 1138 0.01
3558 2017 0.2
3558 1180 0.05
3558 2806 0.2
3558 2596 0.2
3559 453 0.2
3559 413 0.05
3559 1735 0.01
3559 793 0.01
3559 3211 0.05
3559 1422 0.2
3559 473 0.05
3559 1518 0.01
3559 488 0.2
3559 657 0.05
3188 790 0.05
3188 238 0.2
3188 431 0.2
3188 1253 0.2
3188 3560 0.01
3188 3227 0.05
3188 428 0.2
3188 2184 0.05
3188 2063 0.01
3188 3561 0.01
3188 3562 0.01
3188 466 0.01
3188 1447 0.2
3188 196 0.2
3188 3256 0.01
3188 212 0.01
3188 208 0.05
3188 191 0.01
3188 1258 0.01
3188 975 0.05
3188 473 0.05
3188 3563 0.01
3188 2345 0.05
746 1684 0.01
746 1586 0.01
746 631 0.05
746 642 0.01
746 1521 0.01
746 3564 0.2
746 230 0.2
746 2061 0.05
746 3565 0.2
746 2167 0.05
746 2234 0.2
746 1737 0.05
746 1144 0.05
746 3512 0.01
746 1589 0.05
746 2054 0.01
746 3384 0.2
746 1989 0.2
746 1994 0.05
746 2592 0.2
746 365 0.2
746 2765 0.01
746 1278 0.01
746 197 0.05
746 2026 0.2
746 2740 0.2
746 2295 0.01
746 1216 0.2
746 1981 0.05
746 749 0.2
746 3566 0.01
746 99 0.01
746 2011 0.2
746 2289 0.2
746 1843 0.05
746 1893 0.05
746 2976 0.2
746 3567 0.01
746 2652 0.2
746 2298 0.2
746 1902 0.2
746 471 0.2
2519 1425 0.01
2519 1797 0.2
2519 207 0.05
2519 566 0.05
2519 3253 0.05
2519 584 0.05
2519 2355 0.2
2519 428 0.05
2519 3427 0.01
2519 538 0.2
2519 2259 0.2
2519 807 0.2
2519 57 0.2
2519 13 0.2
2519 528 0.01
2519 2423 0.01
197 1143 0.01
197 1520 0.2
197 228 0.05
197 794 0.2
197 468 0.01
197 145 0.05
197 462 0.01
197 422 0.01
197 195 0.2
197 419 0.2
197 842 0.2
197 447 0.2
197 450 0.01
197 1588 0.2
197 436 0.01
197 203 0.01
197 656 0.05
197 517 0.01
197 88 0.05
197 458 0.01
197 2644 0.2
197 1261 0.01
197 1718 0.05
197 9 0.05
197 526 0.01
197 441 0.01
197 461 0.01
197 1152 0.2
197 454 0.01
197 647 0.05
197 464 0.2
197 463 0.05
197 433 0.01
197 1519 0.2
197 466 0.05
197 210 0.05
197 2163 0.2
197 426 0.05
197 640 0.2
197 3568 0.01
197 85 0.2
197 472 0.05
197 3022 0.05
197 1523 0.01
197 3468 0.2
197 6 0.05
197 438 0.05
197 442 0.2
197 3065 0.01
197 792 0.05
197 1422 0.01
197 943 0.05
197 452 0.05
197 202 0.2
197 516 0.01
197 94 0.01
197 1255 0.2
197 522 0.01
197 218 0.01
197 217 0.05
197 467 0.01
197 653 0.05
197 196 0.01
197 658 0.05
197 238 0.2
197 514 0.2
197 192 0.01
197 521 0.2
197 648 0.05
197 124 0.05
197 1259 0.01
197 655 0.01
197 213 0.05
197 1258 0.05
197 199 0.2
197 443 0.01
197 140 0.2
197 3569 0.01
197 1180 0.2
197 208 0.05
197 1284 0.05
197 214 0.01
197 1599 0.05
197 974 0.01
197 7 0.05
197 947 0.2
197 2997 0.05
197 219 0.01
197 222 0.2
197 2196 0.05
197 473 0.01
197 146 0.05
197 975 0.01
197 2907 0.2
197 1541 0.2
2934 2596 0.2
2934 3570 0.01
2934 1541 0.05
2934 2805 0.05
2934 3571 0.05
2934 3572 0.2
2934 1282 0.05
2934 1658 0.2
2934 3573 0.05
2934 1597 0.01
2934 3426 0.05
2934 2000 0.01
2934 581 0.2
2934 2015 0.2
2934 208 0.01
2934 1348 0.01
2934 3377 0.01
2934 1905 0.05
2934 2806 0.01
2934 146 0.01
2934 2292 0.05
2934 2905 0.2
2934 1844 0.01
2934 898 0.05
2934 1831 0.01
2934 219 0.2
2934 2807 0.05
2934 842 0.05
2934 1802 0.05
2934 3574 0.05
2934 197 0.2
2934 2019 0.01
2934 3027 0.01
2934 89 0.2
2934 963 0.2
2934 1474 0.2
2934 17 0.2
2934 1364 0.2
2934 1284 0.05
2934 3348 0.05
2934 665 0.01
2934 2411 0.2
2934 1943 0.01
2934 3575 0.01
2934 3576 0.01
2934 1037 0.05
2934 3577 0.2
2934 2285 0.01
2934 663 0.05
2934 2254 0.2
2934 3578 0.01
2934 1846 0.01
2934 18 0.2
2934 2668 0.05
2934 3579 0.05
2934 981 0.2
2934 3580 0.01
2934 1767 0.05
2934 1797 0.01
2934 3581 0.05
2934 1984 0.05
2934 3296 0.2
2934 3582 0.2
2934 848 0.01
2934 566 0.05
2934 841 0.2
2934 224 0.01
2934 2255 0.05
2934 142 0.05
2934 899 0.01
2934 975 0.05
2934 27 0.05
2934 1574 0.05
2934 516 0.2
2934 1922 0.05
2934 52 0.2
2934 654 0.05
2934 226 0.2
2234 1588 0.01
2234 2699 0.05
2234 635 0.2
2234 144 0.05
2234 1672 0.2
2234 238 0.01
2234 3583 0.2
2234 628 0.2
2234 746 0.05
2234 437 0.2
2234 642 0.01
2234 427 0.05
2234 1171 0.01
2234 3584 0.05
2864 805 0.01
2864 427 0.2
2864 3585 0.05
222 414 0.01
222 416 0.05
222 466 0.01
222 1586 0.05
222 3131 0.2
222 496 0.2
222 463 0.2
222 1588 0.05
222 2702 0.01
222 2939 0.2
222 1177 0.01
222 2169 0.05
222 18 0.05
222 1918 0.01
222 2167 0.01
222 431 0.2
222 419 0.2
222 634 0.05
222 645 0.05
222 1684 0.05
222 656 0.01
222 423 0.2
222 436 0.01
222 2061 0.2
222 1520 0.01
222 104 0.01
222 415 0.2
222 567 0.01
222 199 0.05
222 420 0.2
222 16 0.05
222 630 0.2
222 837 0.05
222 437 0.05
222 194 0.05
222 563 0.01
222 650 0.05
222 641 0.05
222 226 0.2
222 1589 0.01
222 639 0.05
222 2644 0.05
222 514 0.2
222 417 0.01
222 1745 0.01
222 1148 0.2
222 523 0.05
222 1161 0.01
222 94 0.01
222 805 0.05
222 654 0.05
222 2075 0.2
222 1522 0.2
222 562 0.2
222 648 0.2
222 85 0.05
222 142 0.05
222 647 0.2
222 468 0.05
222 192 0.05
222 461 0.05
222 17 0.2
222 124 0.2
222 140 0.05
222 1724 0.01
222 54 0.05
222 146 0.2
222 1592 0.05
222 659 0.05
222 975 0.2
222 1541 0.2
222 143 0.05
222 365 0.01
222 208 0.05
222 516 0.05
222 526 0.05
222 480 0.01
222 473 0.05
222 2117 0.2
222 88 0.05
222 7 0.05
222 228 0.2
222 1658 0.05
222 219 0.2
222 1218 0.2
222 472 0.05
222 227 0.2
222 279 0.01
222 144 0.2
222 197 0.05
222 213 0.05
222 238 0.05
222 9 0.05
222 943 0.01
222 566 0.2
1520 1422 0.01
1520 3586 0.05
1520 643 0.05
1520 1155 0.01
1520 1680 0.2
1520 1176 0.2
1520 104 0.05
1520 1516 0.01
1520 1583 0.2
1520 635 0.01
1520 846 0.01
1520 1178 0.01
1520 2184 0.2
1520 1249 0.05
1520 1518 0.2
1520 3587 0.05
1520 2075 0.2
1520 142 0.2
1520 1135 0.2
1520 1140 0.2
1520 3186 0.01
1520 3588 0.05
1520 793 0.05
1520 790 0.2
1520 2301 0.2
1520 1143 0.01
1520 431 0.01
1520 222 0.01
1520 2244 0.2
1520 418 0.05
1520 3131 0.2
1520 1161 0.2
1520 2168 0.2
1520 1517 0.01
1520 466 0.05
1520 422 0.05
1520 414 0.2
1520 16 0.05
1520 1164 0.2
1520 702 0.05
1520 1521 0.2
1520 1413 0.2
1520 419 0.01
1520 640 0.2
1520 465 0.05
1520 196 0.2
1520 2243 0.2
1520 2280 0.01
1520 423 0.2
1520 639 0.2
1520 238 0.2
1520 433 0.05
1520 197 0.05
1520 409 0.2
1520 363 0.01
1520 226 0.01
1520 413 0.01
1520 3500 0.05
1520 424 0.01
1520 430 0.05
1520 437 0.2
1520 642 0.05
1520 18 0.05
1520 473 0.01
1520 455 0.01
1520 1705 0.2
1520 515 0.01
1520 451 0.01
1520 467 0.01
1520 218 0.2
1520 514 0.2
1520 442 0.01
1520 228 0.05
1520 9 0.2
1520 144 0.2
1520 517 0.05
1520 7 0.05
1520 1254 0.05
1520 453 0.2
1520 452 0.2
1520 647 0.2
1520 208 0.2
1520 463 0.01
3589 437 0.01
3589 2141 0.01
3589 643 0.05
3590 1447 0.2
3590 2164 0.05
3590 3591 0.2
3590 2443 0.05
2493 1684 0.2
2493 841 0.01
2493 1754 0.2
2493 2287 0.01
2493 2343 0.01
2493 3592 0.05
2493 2390 0.05
2493 2288 0.01
2493 935 0.05
2493 916 0.01
2493 1925 0.2
2493 88 0.2
2493 1222 0.05
2493 606 0.2
2493 2944 0.01
2493 228 0.01
2493 1944 0.01
2493 279 0.05
2493 222 0.01
2493 1709 0.05
2493 238 0.01
2493 3593 0.2
2493 2492 0.01
2493 2329 0.05
2493 1771 0.2
2493 197 0.01
2493 3163 0.2
2493 1981 0.2
2493 1353 0.2
2493 3114 0.01
2493 2028 0.2
2493 3594 0.01
2493 227 0.2
2493 2743 0.05
2493 16 0.05
2493 3595 0.2
2493 237 0.05
2493 1084 0.2
2493 3596 0.05
2493 3597 0.2
2493 2965 0.05
2493 54 0.01
2493 934 0.2
2493 3430 0.2
2493 209 0.2
2493 3101 0.2
2493 1824 0.05
2493 665 0.05
2493 807 0.2
2493 488 0.05
2493 558 0.2
2493 1945 0.2
2493 3529 0.05
2493 2671 0.05
2493 1467 0.05
2493 2535 0.2
2493 2331 0.01
2493 3598 0.2
2493 657 0.2
2493 1039 0.05
2493 1659 0.05
2493 473 0.01
2493 2470 0.01
2493 3599 0.2
2493 2704 0.2
2493 531 0.05
2493 663 0.01
2493 1437 0.01
2493 2852 0.05
2493 944 0.05
2493 516 0.2
2493 2258 0.01
2493 3600 0.05
2493 3601 0.01
2493 1902 0.01
2493 1658 0.2
2493 2848 0.2
2493 3602 0.05
2493 3603 0.05
2493 3426 0.2
643 1676 0.05
643 2077 0.05
643 1516 0.2
643 2698 0.2
643 3407 0.05
643 201 0.2
643 3604 0.2
643 202 0.2
643 2480 0.05
643 1422 0.2
643 3046 0.05
643 1748 0.05
643 3605 0.01
643 1138 0.05
643 1584 0.2
643 2226 0.05
643 1918 0.05
643 2078 0.2
643 630 0.01
643 3186 0.05
643 3211 0.01
643 2246 0.01
643 1141 0.2
643 3606 0.2
643 1134 0.01
643 2184 0.05
643 1157 0.05
643 1722 0.05
643 2138 0.01
643 414 0.05
643 1150 0.05
643 413 0.01
643 410 0.05
643 1520 0.2
643 1521 0.2
643 463 0.05
643 3188 0.01
643 194 0.05
643 1251 0.01
643 2125 0.05
643 425 0.05
643 635 0.01
643 790 0.01
643 371 0.2
643 452 0.05
643 2902 0.2
643 835 0.2
643 633 0.2
643 2141 0.05
643 640 0.01
643 3607 0.01
643 1589 0.01
643 426 0.01
643 1681 0.05
643 1523 0.01
643 943 0.05
643 1595 0.05
643 807 0.2
643 3333 0.2
643 1587 0.05
643 449 0.2
643 2280 0.05
643 515 0.01
643 1143 0.2
643 1689 0.05
643 431 0.05
643 417 0.05
643 423 0.05
643 639 0.2
643 638 0.2
643 1164 0.05
643 642 0.01
643 805 0.05
643 794 0.01
643 422 0.05
643 526 0.01
643 641 0.2
643 437 0.2
643 439 0.05
643 448 0.01
643 3468 0.2
643 496 0.2
643 1152 0.01
643 418 0.05
643 196 0.05
643 1172 0.05
643 2075 0.2
643 419 0.05
643 1215 0.01
643 1522 0.05
643 447 0.01
643 442 0.01
643 438 0.2
643 2089 0.2
643 192 0.01
643 432 0.05
643 517 0.2
643 3453 0.2
643 793 0.05
643 473 0.01
789 1150 0.2
789 2138 0.01
789 363 0.2
789 128 0.2
789 419 0.05
789 1700 0.05
789 634 0.2
789 413 0.2
789 642 0.01
789 207 0.05
789 515 0.05
789 417 0.2
789 523 0.05
789 3366 0.2
789 1143 0.01
789 1589 0.05
789 1519 0.01
789 792 0.05
789 633 0.01
789 1602 0.2
789 437 0.2
789 1164 0.01
789 441 0.05
789 432 0.05
789 453 0.2
789 465 0.2
789 433 0.2
789 1423 0.2
789 238 0.01
789 3063 0.05
789 3608 0.2
789 1273 0.2
789 2207 0.2
789 452 0.05
789 1705 0.05
789 438 0.05
789 194 0.2
789 3609 0.01
789 450 0.05
789 108 0.01
789 461 0.05
789 449 0.01
789 442 0.2
789 451 0.01
789 1179 0.01
789 514 0.2
789 463 0.01
789 521 0.05
789 649 0.01
789 1784 0.01
2651 3610 0.2
2651 2650 0.01
2651 2343 0.01
2651 527 0.2
2651 955 0.05
2651 472 0.2
218 3468 0.01
218 3068 0.2
218 210 0.05
218 1425 0.2
218 196 0.2
218 455 0.05
218 200 0.2
218 220 0.05
218 3395 0.05
218 3611 0.01
218 3543 0.05
218 648 0.2
218 452 0.01
218 947 0.05
218 235 0.01
218 579 0.2
218 212 0.05
218 3043 0.01
218 3612 0.05
218 3613 0.2
218 664 0.05
218 1972 0.01
218 1835 0.2
218 1658 0.01
218 805 0.2
218 841 0.05
218 133 0.2
218 194 0.05
218 531 0.01
218 3155 0.2
218 965 0.2
218 1446 0.2
218 2935 0.01
218 3614 0.2
218 1216 0.2
218 3615 0.2
218 215 0.05
218 3616 0.01
218 3617 0.2
218 665 0.01
218 1279 0.2
218 2904 0.2
218 1599 0.01
218 3618 0.05
218 198 0.01
218 550 0.01
218 658 0.05
218 27 0.2
218 226 0.05
218 3619 0.01
218 2285 0.2
218 2907 0.01
218 1725 0.05
218 207 0.01
218 3038 0.01
218 2417 0.01
218 2061 0.05
218 3620 0.01
218 142 0.05
218 1447 0.05
218 3406 0.01
218 1753 0.2
218 1797 0.2
218 3529 0.2
218 209 0.05
218 1267 0.2
218 3621 0.2
218 1958 0.2
218 1959 0.05
218 3622 0.05
218 793 0.05
218 1974 0.2
218 661 0.05
218 568 0.05
218 224 0.2
218 3623 0.01
218 3624 0.05
218 145 0.01
218 1942 0.05
218 2054 0.05
218 1264 0.2
218 3625 0.05
218 2164 0.2
218 2768 0.05
218 2151 0.05
218 519 0.01
218 967 0.2
3618 133 0.05
3618 3626 0.2
3627 2443 0.05
3627 1472 0.05
3627 1948 0.2
523 419 0.2
523 1149 0.05
523 1526 0.01
523 2302 0.01
523 1604 0.01
523 3055 0.01
523 447 0.2
523 2207 0.01
523 1740 0.2
523 3131 0.2
523 1159 0.05
523 427 0.2
523 3628 0.01
523 1057 0.01
523 1105 0.01
523 2902 0.05
523 747 0.2
523 444 0.05
523 3309 0.2
523 1521 0.2
523 426 0.2
523 2567 0.01
523 192 0.05
523 199 0.05
523 633 0.2
523 2078 0.2
523 1748 0.01
523 3629 0.01
523 363 0.01
523 1038 0.05
523 3451 0.2
523 432 0.2
523 637 0.01
523 439 0.01
523 635 0.2
523 3630 0.05
523 429 0.01
523 562 0.05
523 463 0.05
523 3226 0.2
523 435 0.2
523 2141 0.2
523 3631 0.01
523 3249 0.01
523 1252 0.05
523 446 0.05
523 441 0.2
523 222 0.01
523 108 0.05
523 837 0.05
523 2430 0.05
523 201 0.01
523 3067 0.2
523 128 0.01
523 211 0.05
523 436 0.05
523 1588 0.2
523 1519 0.05
523 196 0.2
523 528 0.05
523 1254 0.05
523 460 0.01
523 794 0.01
523 1171 0.2
523 438 0.01
523 455 0.2
523 563 0.2
523 3188 0.01
523 453 0.2
523 433 0.01
523 223 0.05
523 217 0.2
523 141 0.05
523 1270 0.2
523 1422 0.01
523 526 0.2
523 214 0.2
523 209 0.05
523 462 0.05
523 193 0.01
523 146 0.2
523 94 0.2
523 144 0.01
523 142 0.2
523 145 0.01
523 473 0.01
523 213 0.01
523 843 0.05
523 472 0.2
523 467 0.05
523 228 0.2
523 516 0.05
1592 648 0.05
1592 2380 0.2
1592 3632 0.01
1592 216 0.2
1592 652 0.01
1592 3242 0.2
1592 518 0.05
1592 144 0.05
1592 1176 0.2
1592 3140 0.2
1592 1838 0.05
1592 192 0.01
1592 84 0.01
1592 128 0.2
1592 667 0.05
1592 472 0.05
1592 1098 0.05
1592 208 0.2
1592 1829 0.2
1592 2122 0.01
1592 658 0.05
1592 6 0.2
1592 1265 0.01
1592 661 0.05
1592 1997 0.05
1592 1541 0.05
1592 1921 0.05
1592 473 0.05
1592 1790 0.05
1592 2997 0.01
1592 523 0.05
1592 2440 0.05
1592 2592 0.2
1592 365 0.01
1592 1348 0.01
1592 2129 0.05
1592 145 0.2
1592 1662 0.01
1592 805 0.01
1592 237 0.01
1592 379 0.01
1592 238 0.2
1592 52 0.2
1592 657 0.2
1592 974 0.2
1592 1658 0.05
1592 54 0.01
1592 1839 0.01
1592 1993 0.05
1592 2071 0.05
1592 973 0.2
1592 943 0.2
1592 222 0.01
1592 841 0.01
1592 189 0.01
1592 1943 0.05
1592 133 0.05
1592 94 0.05
1592 228 0.05
1592 2669 0.2
1592 7 0.05
1592 849 0.2
1592 1210 0.05
1592 3167 0.05
1592 1944 0.2
1592 951 0.05
1592 1216 0.01
1592 11 0.05
1592 143 0.05
1592 1103 0.05
1592 845 0.01
1592 227 0.2
1592 1880 0.01
3633 3634 0.05
3633 3635 0.01
2065 453 0.01
2065 9 0.2
2065 522 0.2
2065 1253 0.2
2065 3333 0.2
2065 514 0.2
2065 1270 0.01
2065 219 0.05
2065 85 0.05
2065 745 0.05
2065 1518 0.05
2065 91 0.2
2065 563 0.01
2065 648 0.05
2065 658 0.01
2065 3636 0.2
2065 521 0.01
2065 1171 0.05
2065 146 0.01
2065 1447 0.05
2065 1258 0.01
2065 443 0.01
2065 652 0.05
2065 434 0.05
2065 2125 0.01
2065 3637 0.05
2065 20 0.2
2065 1575 0.05
2065 365 0.2
2065 3550 0.05
1661 1422 0.01
1661 455 0.2
1661 417 0.01
1661 439 0.01
1661 667 0.2
1661 367 0.2
1661 237 0.05
1661 663 0.2
1661 208 0.2
1661 1277 0.05
1661 3011 0.01
1661 54 0.05
1661 1663 0.05
1661 3012 0.01
1661 1665 0.2
1661 942 0.01
1661 228 0.05
1661 950 0.2
1661 91 0.05
1661 1947 0.2
1661 1181 0.05
1661 238 0.2
1661 224 0.01
1661 849 0.2
1661 1914 0.01
1661 1039 0.05
1661 978 0.2
1661 1210 0.2
1661 227 0.05
3638 3639 0.2
656 1653 0.2
656 518 0.2
656 453 0.2
656 219 0.01
656 416 0.05
656 1649 0.2
656 437 0.2
656 642 0.2
656 636 0.2
656 417 0.05
656 2778 0.01
656 455 0.01
656 641 0.05
656 1587 0.2
656 2238 0.2
656 430 0.2
656 633 0.05
656 650 0.2
656 646 0.01
656 837 0.05
656 3226 0.2
656 520 0.01
656 1523 0.05
656 1161 0.2
656 104 0.05
656 1522 0.2
656 3022 0.05
656 1215 0.01
656 223 0.2
656 441 0.2
656 433 0.01
656 435 0.05
656 88 0.05
656 515 0.05
656 446 0.01
656 203 0.01
656 450 0.2
656 458 0.05
656 451 0.05
656 1526 0.01
656 1148 0.01
656 3640 0.2
656 442 0.2
656 1705 0.2
656 211 0.2
656 473 0.01
656 640 0.01
656 654 0.01
656 464 0.05
656 2164 0.01
656 1254 0.2
656 2281 0.2
656 517 0.2
656 516 0.01
656 2215 0.2
656 3200 0.01
656 528 0.05
656 1724 0.05
656 201 0.01
656 2216 0.05
656 1588 0.05
656 141 0.01
656 466 0.05
656 196 0.2
656 1273 0.05
656 463 0.05
656 1519 0.01
656 1885 0.2
656 426 0.2
656 648 0.05
656 9 0.01
656 197 0.01
656 521 0.2
656 6 0.2
656 652 0.05
656 1742 0.2
656 193 0.2
656 191 0.2
656 647 0.05
656 194 0.01
656 930 0.05
656 436 0.01
656 440 0.2
656 649 0.01
656 1172 0.05
656 842 0.05
656 452 0.01
656 655 0.01
656 192 0.05
656 526 0.05
656 438 0.01
3641 16 0.01
3641 2239 0.05
3641 448 0.05
3641 1164 0.05
3641 3642 0.05
3641 94 0.05
3641 3643 0.01
3641 1259 0.2
3641 3137 0.2
3641 563 0.01
3641 201 0.05
3641 3644 0.2
3641 1654 0.01
3645 365 0.2
3645 53 0.05
2448 1974 0.05
2448 2020 0.2
2448 3646 0.2
2448 1944 0.01
2448 2668 0.05
2448 2997 0.01
2448 1222 0.2
2448 3579 0.05
2448 3647 0.2
2448 3378 0.05
2448 1863 0.2
2448 2390 0.01
2448 99 0.2
2448 2005 0.01
2448 2387 0.01
2448 3239 0.05
2448 3465 0.2
2448 142 0.2
2448 3648 0.01
2448 939 0.2
2448 3224 0.05
2448 1189 0.01
2448 685 0.05
2448 222 0.05
2448 2470 0.2
2448 935 0.01
2448 2680 0.2
2448 2573 0.01
2448 2444 0.2
2448 2196 0.01
2448 3566 0.01
2448 1902 0.05
2448 1038 0.01
2448 3649 0.2
2448 2256 0.05
2448 876 0.05
2448 2963 0.05
2448 1544 0.01
2448 2904 0.01
2448 2031 0.05
2448 3483 0.05
2448 1658 0.05
2448 516 0.01
2448 1205 0.2
2448 2597 0.2
2448 1437 0.05
2448 1465 0.2
2448 934 0.05
2448 3426 0.2
2448 2907 0.05
2448 749 0.2
2448 226 0.05
2448 3032 0.01
2448 213 0.01
2448 975 0.01
2448 144 0.01
2448 896 0.01
2448 1898 0.05
2448 3635 0.01
2448 955 0.05
2448 1947 0.2
2448 665 0.01
2448 145 0.05
2448 1204 0.05
2448 1541 0.01
2448 12 0.2
2448 667 0.2
2448 3650 0.2
2448 228 0.01
2448 224 0.2
2448 1216 0.05
2448 2258 0.05
2448 2032 0.05
2448 849 0.2
2448 805 0.01
2448 3241 0.2
2448 2035 0.01
2448 951 0.2
2448 1899 0.05
2448 371 0.2
2448 2257 0.01
2448 945 0.01
2448 279 0.2
2448 944 0.2
2448 1095 0.2
3651 85 0.01
3651 225 0.05
462 146 0.2
462 7 0.05
462 454 0.05
462 17 0.2
462 463 0.01
462 216 0.01
462 449 0.2
462 213 0.01
462 452 0.2
462 1523 0.01
462 458 0.2
462 439 0.05
462 197 0.2
462 9 0.01
462 702 0.01
462 975 0.01
462 1521 0.01
462 455 0.05
462 655 0.05
462 453 0.05
462 640 0.01
462 88 0.05
462 3652 0.01
462 203 0.05
462 2075 0.05
462 419 0.05
462 636 0.05
462 3653 0.2
462 140 0.05
415 192 0.05
415 124 0.05
415 3395 0.05
415 67 0.2
415 1592 0.2
415 1769 0.01
415 1283 0.01
415 1181 0.2
415 3654 0.2
415 226 0.01
415 1281 0.05
415 944 0.01
3655 1688 0.01
3655 436 0.01
3655 197 0.2
3655 745 0.05
3655 124 0.2
3655 3656 0.01
3655 2417 0.01
3655 945 0.2
3655 855 0.01
3655 955 0.2
951 3243 0.2
951 2286 0.01
951 2594 0.05
951 3657 0.05
951 1344 0.2
951 805 0.2
951 52 0.01
951 3074 0.01
951 3007 0.01
951 3658 0.05
951 3349 0.2
951 1277 0.05
951 2595 0.05
951 1836 0.05
951 1928 0.01
951 3577 0.2
951 2728 0.01
951 2285 0.05
951 2806 0.01
951 2933 0.05
951 1725 0.01
951 1941 0.2
951 221 0.01
951 2510 0.01
951 3659 0.01
951 1839 0.01
951 208 0.01
951 133 0.2
951 472 0.2
951 973 0.05
951 2020 0.05
951 88 0.05
951 140 0.05
951 1657 0.05
951 1282 0.2
951 3660 0.2
951 189 0.05
951 1944 0.2
951 3661 0.01
951 2721 0.01
951 1984 0.05
951 1943 0.2
951 955 0.05
951 1103 0.01
951 666 0.05
951 1668 0.05
951 1592 0.05
951 2493 0.05
951 222 0.2
951 2470 0.2
951 2342 0.01
951 1960 0.01
951 2448 0.2
951 3163 0.05
951 1948 0.05
951 3247 0.05
951 99 0.01
951 1189 0.2
951 1375 0.05
1276 2942 0.01
1276 3311 0.01
1276 2004 0.05
1276 3620 0.05
1276 1262 0.01
1276 2380 0.05
1276 665 0.05
1276 550 0.01
1276 3495 0.2
1276 52 0.05
1276 1270 0.05
1276 1909 0.01
1276 524 0.01
1276 1748 0.2
1276 2286 0.2
1276 1592 0.2
1276 845 0.2
1276 224 0.05
1276 1948 0.01
1276 948 0.05
1276 1895 0.05
1276 3161 0.05
1276 1204 0.05
1276 2518 0.2
1276 1711 0.05
1276 3662 0.05
1276 1541 0.01
1276 2494 0.05
1276 3162 0.2
3663 142 0.2
3664 447 0.01
3664 3665 0.2
3664 3211 0.01
3664 635 0.05
3664 629 0.01
3664 2075 0.2
3664 1230 0.05
3664 419 0.05
930 1253 0.05
930 466 0.01
930 436 0.05
930 2216 0.05
930 564 0.2
930 1172 0.01
930 521 0.05
930 1447 0.05
930 656 0.01
930 192 0.2
930 194 0.2
930 2380 0.05
930 3121 0.01
930 1171 0.01
930 3395 0.05
930 1262 0.05
930 216 0.01
930 3666 0.05
930 2460 0.05
930 208 0.2
930 657 0.05
930 845 0.2
930 980 0.01
930 1955 0.05
930 2470 0.01
930 1208 0.2
930 1946 0.01
930 2289 0.01
930 99 0.2
930 2035 0.05
930 2031 0.01
930 841 0.2
930 3667 0.01
930 1897 0.01
930 1221 0.2
930 228 0.05
930 3668 0.01
930 3669 0.01
930 979 0.01
930 982 0.2
930 1541 0.05
930 1216 0.2
1948 1943 0.01
1948 7 0.2
1948 950 0.01
1948 3296 0.05
1948 2030 0.01
1948 3670 0.01
1948 3076 0.2
1948 975 0.2
1948 1960 0.05
1948 145 0.2
1948 516 0.01
1948 2517 0.01
1948 1914 0.2
1948 1888 0.01
1948 2011 0.01
1948 2818 0.2
1948 1899 0.05
1948 3627 0.05
1948 761 0.01
1948 2648 0.05
1948 953 0.05
1948 1295 0.2
1948 944 0.05
1948 990 0.2
1948 1897 0.05
1948 951 0.2
1948 666 0.2
1948 1902 0.2
1948 3343 0.2
1948 228 0.01
1948 1276 0.05
1948 3162 0.2
1948 861 0.05
1948 947 0.2
1948 1894 0.01
1948 144 0.2
1948 143 0.2
1948 657 0.01
1948 2600 0.2
1948 566 0.01
1948 981 0.2
1948 3277 0.01
1948 496 0.2
1948 3671 0.05
1948 3382 0.01
1948 1941 0.01
1948 3317 0.2
1948 543 0.2
1948 253 0.05
1948 1922 0.2
1948 3672 0.05
1948 2292 0.01
1948 2791 0.05
1948 1711 0.2
1948 1221 0.01
1948 2402 0.2
1948 3673 0.2
1948 2331 0.05
1948 749 0.2
1948 52 0.01
1948 1541 0.01
1948 945 0.2
1744 371 0.2
1744 213 0.01
1744 1257 0.05
1744 3674 0.05
1744 438 0.05
1744 2214 0.01
1744 656 0.2
1744 2216 0.2
1744 1149 0.2
1744 195 0.05
1744 518 0.01
1744 523 0.2
1744 140 0.2
1744 222 0.01
1744 317 0.01
1744 667 0.01
1744 242 0.2
1744 878 0.05
1744 526 0.01
1744 2258 0.2
1744 1083 0.05
1744 2285 0.2
1744 516 0.01
1744 365 0.01
1744 3675 0.2
1744 843 0.05
1744 2734 0.05
1744 1984 0.2
1744 2307 0.2
1744 2598 0.05
1744 1039 0.05
1744 1920 0.05
1744 879 0.2
1744 2071 0.01
1744 3160 0.2
1744 2000 0.05
1744 1845 0.2
1744 1890 0.01
1744 841 0.2
1744 1846 0.05
1744 7 0.01
1744 2292 0.2
1744 2178 0.01
1744 938 0.01
1744 3676 0.01
1744 3677 0.2
1744 1204 0.01
1744 3567 0.01
1744 1922 0.05
1744 895 0.01
1744 3678 0.05
1744 54 0.2
1744 143 0.05
1744 1802 0.01
1744 473 0.01
1744 52 0.01
1744 1216 0.05
1744 1541 0.2
1744 983 0.2
1744 2440 0.2
1744 225 0.2
1744 2331 0.2
1744 142 0.01
1744 3679 0.2
1744 1375 0.01
1744 1221 0.2
1744 2398 0.2
1744 133 0.05
1744 1943 0.01
1744 2494 0.05
3680 3681 0.05
2791 191 0.01
2791 1422 0.2
2791 516 0.05
2791 3630 0.2
2791 201 0.2
2791 1254 0.01
2791 2215 0.01
2791 2915 0.05
2791 220 0.01
2791 54 0.05
2791 3401 0.01
2791 428 0.2
2791 1051 0.01
2791 1448 0.05
2791 444 0.01
2791 2227 0.05
2791 3682 0.05
2791 3683 0.01
2791 1168 0.2
2791 655 0.05
2791 145 0.2
2791 3684 0.01
2791 1658 0.2
2791 1221 0.01
2791 981 0.05
2791 238 0.01
2791 1948 0.05
2791 3317 0.05
2791 52 0.2
3685 655 0.01
3685 133 0.2
3685 2329 0.05
3685 943 0.01
3685 224 0.05
1947 2800 0.05
1947 1464 0.01
1947 54 0.01
1947 1270 0.2
1947 237 0.01
1947 2470 0.2
1947 197 0.2
1947 974 0.2
1947 3136 0.05
1947 1658 0.01
1947 1897 0.2
1947 1661 0.01
1947 516 0.01
1947 566 0.2
1947 946 0.05
1947 1541 0.05
1947 3348 0.01
1947 947 0.01
1947 1216 0.01
1947 94 0.05
1947 543 0.2
1947 948 0.05
1947 844 0.01
1947 3317 0.01
1947 228 0.05
1947 225 0.01
1947 1092 0.05
1947 663 0.01
1261 2207 0.05
1261 196 0.01
1261 3686 0.2
1261 447 0.2
1261 219 0.05
1261 3257 0.05
1261 1152 0.01
1261 88 0.05
1261 458 0.05
1261 463 0.01
1261 453 0.01
1261 3200 0.05
1261 436 0.01
1261 208 0.2
1261 1180 0.01
1261 197 0.05
1261 1172 0.05
1261 145 0.01
1261 523 0.05
1261 2796 0.2
1261 649 0.2
1261 563 0.05
1261 2102 0.01
1261 139 0.01
1261 661 0.01
1261 1653 0.2
1261 1724 0.2
1261 141 0.2
1261 702 0.01
1261 9 0.01
1261 839 0.2
1261 3035 0.01
1261 213 0.01
1261 452 0.01
1261 140 0.01
1261 2062 0.01
1261 654 0.01
1261 473 0.05
1261 1705 0.05
1261 1541 0.01
1261 524 0.2
1261 2013 0.01
1261 1914 0.01
1261 1167 0.01
1261 1168 0.01
1261 1885 0.2
1261 518 0.2
1261 565 0.05
1261 194 0.2
1261 217 0.05
1261 192 0.2
1261 579 0.01
1261 3242 0.2
1261 3687 0.01
1261 1753 0.01
1261 1447 0.2
1261 963 0.2
1261 1891 0.01
1261 142 0.01
3688 1147 0.2
3688 2170 0.2
3688 2730 0.01
2516 842 0.2
2516 843 0.05
2516 238 0.05
2516 805 0.05
2516 950 0.2
2516 2652 0.05
2516 3163 0.01
2516 584 0.01
2516 496 0.2
2516 1216 0.2
943 3689 0.2
943 447 0.05
943 2238 0.01
943 417 0.2
943 435 0.01
943 515 0.2
943 423 0.01
943 3289 0.2
943 3690 0.05
943 747 0.2
943 1589 0.2
943 207 0.01
943 437 0.2
943 643 0.01
943 794 0.01
943 567 0.05
943 517 0.2
943 633 0.2
943 3691 0.05
943 448 0.01
943 642 0.01
943 1252 0.05
943 1522 0.2
943 1884 0.2
943 792 0.01
943 197 0.01
943 1152 0.2
943 461 0.2
943 419 0.2
943 422 0.2
943 446 0.05
943 1171 0.01
943 496 0.2
943 2744 0.01
943 3147 0.05
943 2500 0.05
943 583 0.2
943 3364 0.2
943 3692 0.2
943 842 0.01
943 1979 0.01
943 3693 0.2
943 3240 0.01
943 3303 0.05
943 3353 0.05
943 1922 0.2
943 221 0.05
943 2596 0.05
943 3685 0.05
943 3625 0.2
943 1838 0.01
943 2510 0.01
943 208 0.05
943 1787 0.2
943 1793 0.2
943 2938 0.01
943 1592 0.2
943 973 0.05
943 1843 0.05
943 3694 0.01
943 1103 0.2
943 470 0.05
943 1943 0.05
943 3465 0.01
943 3367 0.05
943 3695 0.01
943 1984 0.01
943 1216 0.01
943 144 0.2
943 2255 0.05
943 1222 0.05
943 2807 0.05
943 3435 0.05
943 143 0.2
943 1891 0.01
943 1204 0.2
943 1217 0.2
943 947 0.01
943 3100 0.01
943 2024 0.05
943 1892 0.01
943 516 0.01
943 1452 0.05
943 2196 0.01
943 2064 0.01
943 1893 0.05
943 2005 0.01
943 222 0.05
943 1464 0.05
943 805 0.05
943 945 0.05
943 1960 0.05
943 663 0.05
943 471 0.2
1702 1674 0.01
1702 2701 0.2
1702 2076 0.05
1702 3000 0.01
1702 2079 0.01
1702 1135 0.05
1702 2246 0.2
1702 1700 0.01
1702 3696 0.01
1702 3697 0.01
1702 2696 0.01
1702 2305 0.05
1702 1142 0.05
1702 3545 0.05
1702 3605 0.05
1702 2235 0.01
1702 1704 0.2
1702 2162 0.01
1702 3506 0.05
1702 2165 0.05
1702 1413 0.05
1702 1178 0.2
3428 221 0.01
3428 1542 0.01
3428 52 0.01
3428 3698 0.05
3428 1838 0.2
3428 3465 0.05
3428 228 0.2
3428 1216 0.2
3428 1281 0.2
846 2169 0.05
846 635 0.2
846 419 0.01
846 2231 0.05
846 1422 0.05
846 3062 0.01
846 3699 0.05
846 88 0.01
846 197 0.05
846 219 0.05
846 217 0.2
846 146 0.05
846 3126 0.2
846 3700 0.01
846 3623 0.01
846 1725 0.01
846 143 0.05
846 3701 0.05
846 242 0.05
846 3702 0.01
2304 1142 0.01
2304 3000 0.2
2304 3506 0.2
2304 1700 0.05
2304 2162 0.05
2304 1178 0.01
2304 1704 0.05
2304 3588 0.05
2304 3545 0.01
2304 3504 0.2
2304 1674 0.2
2304 3697 0.2
2304 2079 0.05
2304 2139 0.01
2304 2076 0.2
2304 1412 0.01
2304 2235 0.2
2304 1413 0.01
3145 146 0.05
3145 3703 0.2
3145 3704 0.2
3145 226 0.01
3145 1902 0.2
3145 663 0.01
3145 953 0.01
3145 1366 0.01
3145 94 0.2
3145 2343 0.2
440 639 0.2
440 1520 0.05
440 363 0.05
440 94 0.05
440 228 0.01
440 1178 0.01
440 745 0.01
440 9 0.05
440 473 0.05
440 447 0.2
440 1519 0.01
440 642 0.05
440 1688 0.01
440 436 0.01
440 421 0.01
440 217 0.01
440 11 0.01
440 104 0.05
440 1105 0.01
440 146 0.01
440 419 0.05
440 439 0.05
440 1587 0.2
440 422 0.05
440 426 0.05
440 2138 0.2
440 452 0.2
440 630 0.05
440 1521 0.2
440 1150 0.01
440 193 0.01
440 108 0.2
440 409 0.2
440 3068 0.05
440 1179 0.05
440 432 0.05
440 442 0.05
440 451 0.01
440 216 0.01
440 1255 0.01
440 365 0.2
440 371 0.2
440 516 0.05
440 141 0.01
440 521 0.2
440 794 0.2
440 213 0.2
440 528 0.2
440 1273 0.05
440 464 0.2
440 1171 0.2
440 562 0.05
440 526 0.2
440 517 0.2
440 523 0.2
440 17 0.2
440 518 0.05
440 975 0.2
440 459 0.2
440 463 0.2
440 3705 0.05
440 201 0.01
440 656 0.01
440 3706 0.2
440 453 0.01
440 1689 0.01
440 438 0.01
440 1164 0.2
440 567 0.01
440 1103 0.2
440 2164 0.01
440 7 0.01
440 1168 0.05
440 3538 0.01
440 1258 0.05
440 235 0.01
440 145 0.05
440 1742 0.2
440 208 0.05
440 197 0.05
2035 3248 0.05
2035 443 0.2
2035 461 0.05
2035 2171 0.05
2035 457 0.05
2035 1411 0.05
2035 1656 0.05
2035 2016 0.01
2035 1892 0.2
2035 935 0.05
2035 133 0.2
2035 2064 0.2
2035 3707 0.05
2035 3708 0.05
2035 219 0.01
2035 2267 0.2
2035 749 0.05
2035 507 0.01
2035 663 0.05
2035 145 0.2
2035 1658 0.05
2035 930 0.2
2035 1663 0.01
2035 471 0.05
2035 237 0.01
2035 2289 0.2
2035 2331 0.01
2035 657 0.01
2035 543 0.2
2035 3032 0.2
2035 3709 0.2
2035 213 0.2
2035 2448 0.01
2035 2011 0.05
2035 1605 0.2
2035 979 0.01
2035 1366 0.2
2035 470 0.2
2035 1281 0.05
2035 2905 0.05
2035 3277 0.2
3710 3711 0.2
2122 216 0.2
2122 1258 0.05
2122 653 0.2
2122 661 0.01
2122 209 0.2
2122 1447 0.05
2122 1524 0.01
2122 9 0.2
2122 1168 0.2
2122 1592 0.05
2122 200 0.05
3712 2001 0.2
3712 1425 0.05
3713 3714 0.05
2483 208 0.2
2483 197 0.2
2483 216 0.2
2483 209 0.2
2483 655 0.2
2483 199 0.2
2483 214 0.01
2483 1984 0.2
2483 1769 0.05
2483 217 0.2
2289 1862 0.2
2289 2380 0.05
2289 2595 0.05
2289 208 0.2
2289 1725 0.05
2289 1920 0.2
2289 1592 0.05
2289 930 0.01
2289 934 0.05
2289 2470 0.01
2289 950 0.05
2289 2035 0.2
2289 2298 0.05
2289 1464 0.05
2289 471 0.05
2289 746 0.2
2556 794 0.01
2556 514 0.01
2556 1909 0.05
2556 2598 0.01
2556 2728 0.2
2556 3715 0.05
2556 2805 0.05
2556 2064 0.2
2556 3716 0.01
2556 3717 0.2
2556 441 0.2
2556 221 0.2
2556 2596 0.05
3718 283 0.01
3338 1851 0.05
3338 1282 0.01
3338 2196 0.01
3338 2295 0.2
3338 1841 0.01
3338 3708 0.01
3338 1208 0.01
3338 2390 0.01
3338 1658 0.2
3338 133 0.05
3719 2014 0.2
3719 1745 0.05
3719 1658 0.2
3720 3037 0.01
3720 220 0.05
3720 189 0.01
3720 944 0.05
3720 2267 0.01
3721 562 0.05
2380 193 0.05
2380 436 0.05
2380 562 0.2
2380 1230 0.2
2380 1161 0.2
2380 1135 0.01
2380 447 0.01
2380 424 0.05
2380 417 0.2
2380 1587 0.05
2380 196 0.05
2380 790 0.05
2380 566 0.05
2380 631 0.2
2380 428 0.2
2380 419 0.01
2380 418 0.01
2380 3211 0.2
2380 1141 0.01
2380 439 0.05
2380 453 0.2
2380 9 0.01
2380 523 0.01
2380 461 0.01
2380 442 0.05
2380 647 0.05
2380 1171 0.2
2380 455 0.2
2380 238 0.2
2380 1592 0.05
2380 930 0.05
2380 1524 0.05
2380 216 0.05
2380 208 0.05
2380 24 0.2
2380 1590 0.01
2380 1167 0.2
2380 1219 0.01
2380 145 0.05
2380 1724 0.2
2380 452 0.2
2380 199 0.05
2380 220 0.01
2380 197 0.2
2380 213 0.2
2380 2103 0.01
2380 7 0.01
2380 438 0.2
2380 658 0.01
2380 2054 0.2
2380 2099 0.2
2380 1176 0.05
2380 648 0.01
2380 1168 0.2
2380 219 0.01
2380 363 0.05
2380 2001 0.05
2380 655 0.01
2380 6 0.2
2380 2349 0.01
2380 1833 0.01
2380 217 0.05
2380 1258 0.01
2380 204 0.2
2380 226 0.05
2380 3132 0.2
2380 212 0.05
2380 2061 0.05
2380 473 0.2
2380 1265 0.01
2380 2164 0.01
2380 140 0.05
2380 841 0.2
2380 791 0.01
2380 2584 0.01
2380 3162 0.05
2380 441 0.01
2380 237 0.05
2380 1829 0.01
2380 1591 0.2
2380 849 0.2
2380 657 0.01
2380 224 0.01
2380 223 0.2
2380 805 0.2
2380 1956 0.05
2380 371 0.2
2380 133 0.2
2380 665 0.05
2380 2258 0.2
2380 3722 0.01
199 1517 0.05
199 562 0.2
199 634 0.01
199 645 0.01
199 465 0.05
199 222 0.01
199 1150 0.2
199 441 0.05
199 424 0.2
199 2238 0.01
199 523 0.2
199 468 0.2
199 3723 0.2
199 1161 0.2
199 837 0.2
199 419 0.2
199 88 0.05
199 517 0.2
199 1097 0.01
199 1522 0.05
199 463 0.01
199 1148 0.01
199 1884 0.01
199 446 0.2
199 640 0.01
199 461 0.01
199 3200 0.05
199 432 0.05
199 433 0.05
199 196 0.01
199 211 0.01
199 1724 0.2
199 140 0.01
199 17 0.01
199 1784 0.2
199 514 0.2
199 226 0.01
199 521 0.2
199 436 0.05
199 1257 0.01
199 1742 0.2
199 564 0.2
199 203 0.01
199 656 0.01
199 2380 0.05
199 363 0.01
199 124 0.2
199 141 0.01
199 209 0.2
199 455 0.01
199 657 0.01
199 654 0.05
199 702 0.01
199 219 0.01
199 146 0.2
199 9 0.2
199 213 0.05
199 218 0.01
199 563 0.2
199 195 0.05
199 653 0.05
199 655 0.01
199 1654 0.01
199 237 0.01
199 879 0.05
199 1705 0.2
199 651 0.05
199 526 0.05
199 1590 0.01
199 143 0.01
199 1723 0.01
199 208 0.05
199 658 0.2
199 7 0.01
199 85 0.01
199 1447 0.2
199 438 0.2
199 1885 0.2
199 516 0.01
199 1997 0.05
199 648 0.05
199 845 0.05
199 212 0.05
199 242 0.2
199 94 0.05
199 6 0.05
199 2061 0.2
199 473 0.01
199 452 0.2
199 194 0.01
199 192 0.01
199 217 0.01
199 197 0.01
1890 1447 0.2
1890 1744 0.05
1890 3724 0.01
1890 2411 0.01
1890 3296 0.2
1890 1851 0.05
1890 845 0.01
1890 935 0.01
1890 60 0.05
1890 1974 0.05
1890 365 0.2
1890 1891 0.2
1890 2285 0.05
1890 2196 0.05
1890 3725 0.2
1890 2390 0.2
1890 3695 0.01
1890 665 0.01
1890 224 0.05
1890 3341 0.05
1890 2031 0.01
1890 1658 0.2
1890 944 0.01
3726 1658 0.01
3727 3728 0.05
3727 3729 0.01
434 439 0.2
434 3730 0.05
434 196 0.2
434 2218 0.2
434 647 0.01
434 512 0.05
434 3731 0.05
434 1180 0.2
434 522 0.2
434 2281 0.2
434 3732 0.01
434 3733 0.01
434 1653 0.05
434 1037 0.05
434 521 0.05
434 473 0.01
434 3734 0.01
434 2689 0.01
434 1256 0.01
434 520 0.01
434 2418 0.05
434 660 0.05
434 1257 0.05
434 3243 0.2
434 3211 0.01
434 3735 0.05
434 3310 0.01
434 1655 0.01
434 3311 0.2
434 3736 0.01
434 189 0.01
434 452 0.01
434 562 0.2
434 3125 0.05
434 2935 0.2
434 88 0.05
434 3737 0.01
434 2103 0.01
434 1724 0.05
434 652 0.2
434 455 0.05
434 213 0.2
434 667 0.01
1981 1170 0.2
1981 3738 0.05
1981 655 0.05
1981 466 0.2
1981 194 0.01
1981 193 0.05
1981 3211 0.2
1981 1797 0.05
1981 1447 0.2
1981 1267 0.01
1981 3049 0.2
1981 3293 0.2
1981 660 0.01
1981 1979 0.05
1981 3620 0.01
1981 2594 0.05
1981 3739 0.05
1981 1769 0.2
1981 3740 0.01
1981 3741 0.01
1981 3362 0.01
1981 1464 0.05
1981 2756 0.05
1981 70 0.01
1981 1264 0.01
1981 1787 0.01
1981 238 0.2
1981 841 0.05
1981 219 0.05
1981 1262 0.01
1981 2812 0.01
1981 3742 0.05
1981 947 0.01
1981 1216 0.01
1981 963 0.01
1981 279 0.05
1981 3165 0.01
1981 3163 0.2
1981 934 0.2
1981 2403 0.2
1981 3743 0.05
1981 94 0.05
1981 473 0.2
1981 2493 0.05
1981 2471 0.01
1981 2342 0.01
1981 2740 0.2
1981 2023 0.01
1981 749 0.2
1981 665 0.01
1981 1754 0.01
1981 746 0.2
1981 1658 0.01
1981 3566 0.05
1981 566 0.01
1981 1945 0.05
1981 496 0.05
1981 228 0.01
1981 143 0.01
1981 478 0.01
1981 2470 0.05
1981 133 0.2
3744 3745 0.05
3744 1472 0.01
3744 1278 0.05
3744 975 0.05
3744 94 0.05
3744 2488 0.2
3744 488 0.05
3744 3746 0.05
3744 3529 0.2
3744 3747 0.01
3744 209 0.01
3744 1216 0.2
3744 3748 0.2
3744 516 0.05
3744 146 0.01
3744 1286 0.05
3744 3367 0.2
3744 143 0.05
3744 1920 0.05
3744 2791 0.2
3744 473 0.05
3744 3749 0.01
3744 133 0.2
3744 2756 0.05
3744 3750 0.01
3744 1210 0.01
3744 845 0.2
567 432 0.01
567 1586 0.05
567 3751 0.05
567 1252 0.2
567 636 0.01
567 565 0.05
567 213 0.2
567 194 0.01
567 1654 0.2
567 1172 0.05
567 52 0.05
567 212 0.2
567 805 0.01
567 200 0.05
567 2164 0.05
2702 419 0.2
2702 629 0.2
2702 1422 0.01
2702 1586 0.01
2702 3046 0.05
2702 222 0.2
2702 2077 0.2
2702 635 0.2
2702 1719 0.2
2702 526 0.05
2702 7 0.01
2702 702 0.01
2702 455 0.2
2702 94 0.05
2702 140 0.05
2702 1590 0.2
2702 654 0.01
2702 452 0.2
2702 2125 0.2
2702 975 0.05
2702 142 0.05
2702 2184 0.05
2702 217 0.01
3752 363 0.2
3752 11 0.01
3752 845 0.01
3752 2387 0.01
1277 1521 0.01
1277 207 0.01
1277 1180 0.05
1277 201 0.2
1277 655 0.01
1277 1281 0.2
1277 211 0.2
1277 94 0.2
1277 194 0.05
1277 133 0.01
1277 1724 0.01
1277 1797 0.2
1277 145 0.05
1277 975 0.2
1277 192 0.01
1277 9 0.01
1277 682 0.01
1277 213 0.2
1277 1769 0.01
1277 128 0.01
1277 1997 0.05
1277 1264 0.05
1277 3753 0.05
1277 2064 0.2
1277 473 0.05
1277 2349 0.05
1277 1447 0.2
1277 225 0.2
1277 976 0.01
1277 367 0.05
1277 974 0.2
1277 3529 0.05
1277 371 0.05
1277 1592 0.2
1277 1978 0.01
1277 455 0.01
1277 2448 0.2
1277 2594 0.05
1277 1275 0.05
1277 146 0.01
1277 805 0.05
1277 365 0.01
1277 970 0.2
1277 2411 0.01
1277 54 0.01
1277 214 0.01
1277 2001 0.2
1277 222 0.05
1277 562 0.05
1277 2030 0.01
1277 1941 0.01
1277 1725 0.05
1277 1218 0.01
1277 1661 0.01
1277 208 0.01
1277 951 0.01
1277 3396 0.01
1277 1908 0.2
1277 1605 0.01
1277 2948 0.01
1277 2387 0.01
1277 1920 0.2
1277 219 0.01
1277 140 0.05
1277 969 0.2
1277 238 0.01
1277 2806 0.05
1277 1541 0.2
1277 581 0.05
1277 3754 0.01
1277 1284 0.2
1277 842 0.2
1277 1448 0.01
1277 843 0.01
1277 3378 0.05
1277 2596 0.2
1277 2598 0.01
1277 144 0.05
1277 584 0.01
1277 1286 0.2
1277 1839 0.2
1277 1893 0.2
1277 1262 0.01
1277 2487 0.2
1277 1282 0.05
1277 1793 0.01
1277 1543 0.05
1277 1984 0.2
1277 3755 0.01
1277 516 0.01
1277 197 0.01
1277 666 0.01
1277 7 0.2
1277 3756 0.01
3670 1465 0.2
3670 950 0.01
3670 1948 0.01
3670 2295 0.01
3670 947 0.05
3670 2256 0.05
3670 2512 0.2
3670 749 0.2
3670 945 0.01
418 3757 0.2
418 3186 0.2
418 2380 0.05
418 2242 0.2
418 1520 0.05
418 414 0.05
418 647 0.2
418 641 0.01
418 2226 0.05
418 632 0.05
418 1134 0.05
418 805 0.2
418 207 0.05
418 453 0.05
418 639 0.01
418 2238 0.05
418 104 0.01
418 1155 0.05
418 436 0.2
418 2778 0.01
418 1748 0.2
418 431 0.05
418 423 0.2
418 437 0.01
418 642 0.05
418 635 0.01
418 1424 0.2
418 446 0.2
418 447 0.01
418 563 0.01
418 422 0.2
418 3758 0.05
418 3021 0.2
418 1171 0.05
418 3759 0.2
418 1718 0.01
418 473 0.01
418 450 0.2
418 837 0.05
418 3760 0.05
418 1164 0.2
418 419 0.01
418 1157 0.01
418 451 0.2
418 643 0.2
418 197 0.05
418 3761 0.05
418 2075 0.01
418 146 0.2
418 3468 0.05
418 1152 0.05
418 3451 0.05
418 517 0.2
418 441 0.05
418 458 0.05
418 88 0.01
418 3762 0.05
418 1523 0.01
418 793 0.05
418 454 0.2
3240 1172 0.2
3240 218 0.05
3240 841 0.01
3240 2768 0.2
3240 1216 0.05
3240 3763 0.05
3240 1914 0.2
3240 1999 0.05
3240 3764 0.2
3240 943 0.2
3240 2186 0.05
3240 1353 0.2
3240 91 0.01
3240 455 0.2
3240 900 0.2
3240 2256 0.05
3240 213 0.01
3240 3765 0.01
3240 1425 0.01
3528 1145 0.05
3528 3766 0.01
3528 194 0.05
3528 213 0.2
3528 805 0.05
3528 523 0.05
3528 1884 0.05
3528 1909 0.01
3528 963 0.2
3528 145 0.01
3528 473 0.01
3528 143 0.01
3528 142 0.2
3528 455 0.05
3528 11 0.2
3528 365 0.2
2329 213 0.01
2329 1925 0.2
2329 562 0.05
2329 2732 0.01
2329 667 0.01
2329 2494 0.01
2329 842 0.01
2329 52 0.01
2329 3250 0.2
2329 133 0.2
2329 470 0.01
2329 3767 0.05
3768 2227 0.2
3768 3769 0.05
3768 1164 0.01
3770 1587 0.01
3770 3771 0.05
3770 1502 0.01
3770 3764 0.01
3770 1222 0.2
3772 228 0.2
3582 1222 0.05
3582 9 0.2
7 1517 0.05
7 1582 0.2
7 634 0.05
7 946 0.01
7 278 0.2
7 416 0.05
7 2205 0.2
7 496 0.01
7 2206 0.01
7 1584 0.01
7 1518 0.01
7 1653 0.05
7 1586 0.05
7 1521 0.01
7 631 0.01
7 1176 0.2
7 2166 0.05
7 2246 0.2
7 1150 0.05
7 629 0.05
7 649 0.01
7 3773 0.01
7 641 0.01
7 1596 0.05
7 639 0.2
7 16 0.05
7 104 0.01
7 417 0.2
7 517 0.01
7 435 0.01
7 1522 0.2
7 447 0.05
7 466 0.01
7 462 0.01
7 438 0.2
7 514 0.05
7 463 0.01
7 432 0.2
7 562 0.05
7 436 0.01
7 702 0.01
7 17 0.2
7 654 0.05
7 1524 0.01
7 193 0.01
7 194 0.01
7 648 0.01
7 1168 0.05
7 124 0.05
7 567 0.2
7 655 0.01
7 1723 0.05
7 190 0.01
7 1590 0.05
7 199 0.01
7 1261 0.2
7 195 0.01
7 237 0.2
7 2380 0.01
7 455 0.2
7 1180 0.05
7 192 0.01
7 658 0.01
7 6 0.05
7 363 0.01
7 568 0.01
7 1724 0.05
7 217 0.2
7 211 0.05
7 1447 0.01
7 208 0.01
7 140 0.01
7 1745 0.05
7 226 0.01
7 473 0.01
7 238 0.01
7 143 0.05
7 85 0.05
7 222 0.01
7 842 0.01
7 219 0.01
7 133 0.01
7 202 0.01
7 841 0.05
7 1658 0.01
7 975 0.05
7 1592 0.01
7 11 0.2
7 213 0.01
7 526 0.2
7 145 0.01
7 197 0.2
7 94 0.01
7 516 0.01
7 144 0.2
7 472 0.2
7 146 0.01
7 9 0.05
7 228 0.01
3774 3775 0.2
3774 840 0.2
3774 1261 0.01
3774 1258 0.2
3774 3384 0.01
3774 1982 0.01
3774 3776 0.05
3774 1447 0.2
3774 3777 0.05
3774 3778 0.05
3774 2017 0.01
3774 3626 0.2
3774 1274 0.2
3774 1909 0.01
3774 3779 0.2
3774 2942 0.01
3774 3780 0.01
3774 1956 0.01
3774 3781 0.01
3774 146 0.05
3774 3782 0.05
3250 1597 0.01
3250 2933 0.2
3250 899 0.05
3250 805 0.05
3250 663 0.01
3250 2494 0.2
3250 965 0.05
3250 2329 0.01
3783 143 0.01
3783 2051 0.2
3783 3675 0.01
201 473 0.05
201 1680 0.01
201 1248 0.01
201 417 0.05
201 2205 0.01
201 1164 0.05
201 424 0.01
201 439 0.01
201 412 0.01
201 1140 0.01
201 447 0.01
201 207 0.2
201 437 0.2
201 3020 0.05
201 453 0.01
201 1273 0.01
201 3706 0.05
201 2214 0.01
201 438 0.01
201 656 0.05
201 745 0.2
201 1163 0.2
201 436 0.01
201 3227 0.2
201 196 0.2
201 3543 0.2
201 197 0.01
201 2059 0.01
201 3385 0.2
201 518 0.2
201 146 0.2
201 565 0.2
201 647 0.01
201 193 0.01
201 1655 0.2
201 443 0.01
201 2061 0.01
201 2012 0.05
201 3562 0.05
201 3243 0.01
201 217 0.2
201 124 0.2
201 516 0.05
201 7 0.01
201 9 0.05
201 2417 0.01
201 203 0.05
201 496 0.05
201 1277 0.01
201 1172 0.05
201 653 0.01
201 3784 0.01
201 3538 0.05
201 440 0.05
201 1134 0.2
201 1809 0.2
201 665 0.05
201 219 0.01
201 526 0.05
201 363 0.01
201 441 0.05
201 208 0.01
201 144 0.2
201 649 0.05
201 2532 0.05
201 3062 0.2
201 1724 0.05
201 141 0.05
201 3035 0.05
201 218 0.05
201 645 0.05
201 452 0.2
201 654 0.01
201 211 0.05
201 212 0.01
201 2125 0.2
201 1590 0.05
201 1168 0.2
201 702 0.01
1447 238 0.01
1447 124 0.05
1447 655 0.2
1447 85 0.05
1447 526 0.05
1447 212 0.05
1447 516 0.2
1447 2180 0.2
1447 1759 0.2
1447 1972 0.05
1447 3384 0.05
1447 219 0.2
1447 2164 0.05
1447 1753 0.2
1447 2151 0.05
1447 1974 0.01
1447 664 0.01
1447 2768 0.01
1447 3396 0.01
1447 2771 0.01
1447 54 0.01
1447 88 0.01
1447 793 0.01
1447 841 0.05
1447 443 0.05
1447 438 0.05
1447 1769 0.01
1447 472 0.01
1447 1745 0.01
1447 146 0.2
1447 1284 0.05
1447 663 0.2
1447 24 0.2
1447 1959 0.2
1447 1264 0.2
1447 3785 0.2
1447 1992 0.2
1447 1265 0.01
1447 208 0.01
1447 2500 0.2
1447 1281 0.01
1447 1661 0.01
1447 275 0.05
1447 1902 0.01
1447 583 0.05
1447 1999 0.05
1447 2061 0.2
1447 512 0.05
1447 140 0.05
1447 1997 0.2
1447 3786 0.01
1447 3647 0.05
1447 1275 0.01
1447 473 0.05
1447 2584 0.05
1447 967 0.05
1447 1939 0.05
1447 202 0.05
1447 2001 0.05
1447 1575 0.05
1447 1665 0.01
1447 94 0.01
1447 415 0.05
1447 1277 0.05
1447 7 0.05
1447 2000 0.05
1447 1591 0.01
1447 682 0.2
1447 365 0.2
1447 843 0.01
1447 2064 0.2
1447 524 0.2
1447 3787 0.05
1447 1480 0.2
1447 581 0.01
1447 363 0.01
1447 3086 0.2
1447 60 0.01
1447 3774 0.2
1447 3311 0.2
1447 2003 0.01
1447 805 0.05
1447 969 0.05
1447 1920 0.2
1447 145 0.01
1447 221 0.05
1447 2488 0.2
1447 52 0.01
1037 424 0.05
1037 517 0.01
1037 461 0.05
1037 439 0.01
1037 208 0.05
1037 745 0.01
1037 254 0.2
1037 515 0.01
1037 516 0.01
1037 432 0.01
1037 567 0.01
1037 1520 0.01
1037 463 0.01
1037 2163 0.05
1037 441 0.2
1037 495 0.05
1037 226 0.05
1037 793 0.2
1037 146 0.2
1037 451 0.01
1037 1261 0.05
1037 192 0.2
1037 647 0.05
1037 210 0.2
1037 16 0.2
1037 975 0.2
1037 563 0.01
1037 514 0.2
1037 261 0.01
1037 459 0.2
1037 483 0.05
1037 452 0.01
1037 18 0.01
1037 204 0.2
1037 467 0.05
1037 217 0.05
1037 213 0.01
1037 196 0.01
1037 211 0.01
1037 197 0.2
1037 455 0.01
1037 434 0.01
1037 94 0.2
1037 365 0.2
1037 550 0.01
1037 371 0.2
1037 124 0.01
1037 11 0.01
1037 473 0.01
1037 843 0.2
1037 9 0.05
1037 133 0.01
1037 472 0.05
1037 228 0.01
1037 144 0.05
1037 279 0.01
3788 1230 0.05
3789 439 0.01
3789 433 0.2
3789 461 0.05
3789 3790 0.2
140 430 0.2
140 635 0.05
140 1684 0.05
140 1178 0.05
140 437 0.01
140 417 0.05
140 466 0.2
140 660 0.01
140 416 0.01
140 424 0.05
140 642 0.05
140 196 0.2
140 192 0.2
140 1105 0.05
140 6 0.05
140 1252 0.05
140 435 0.05
140 2075 0.2
140 3068 0.2
140 636 0.05
140 449 0.01
140 432 0.05
140 879 0.05
140 214 0.2
140 217 0.05
140 1911 0.2
140 27 0.05
140 199 0.2
140 452 0.05
140 648 0.05
140 1275 0.05
140 2061 0.2
140 222 0.05
140 1265 0.01
140 2151 0.01
140 1134 0.05
140 3623 0.05
140 1769 0.01
140 2800 0.05
140 2001 0.01
140 1921 0.05
140 1744 0.2
140 2500 0.05
140 1591 0.01
140 3786 0.01
140 2380 0.01
140 1888 0.01
140 805 0.2
140 1909 0.01
140 11 0.05
140 1743 0.01
140 976 0.2
140 462 0.01
140 85 0.01
140 1277 0.2
140 2997 0.05
140 3396 0.2
140 1180 0.05
140 2163 0.05
140 849 0.2
140 1447 0.01
140 473 0.05
140 197 0.2
140 665 0.05
140 133 0.2
140 1541 0.2
140 3027 0.05
140 470 0.2
140 1913 0.2
140 3791 0.05
140 279 0.05
140 317 0.01
140 2848 0.2
140 1284 0.2
140 581 0.2
140 142 0.2
140 975 0.2
140 143 0.01
140 841 0.2
140 2329 0.01
140 1286 0.05
140 189 0.2
140 848 0.05
140 208 0.05
140 1216 0.05
140 526 0.05
140 228 0.05
140 213 0.2
140 238 0.05
140 7 0.05
140 472 0.05
140 516 0.01
140 144 0.01
140 842 0.05
140 1943 0.2
140 146 0.2
140 843 0.2
140 94 0.01
1164 629 0.05
1164 642 0.2
1164 1177 0.05
1164 1422 0.2
1164 2700 0.01
1164 2078 0.2
1164 1684 0.05
1164 790 0.2
1164 1135 0.01
1164 3792 0.2
1164 2244 0.2
1164 747 0.2
1164 1520 0.05
1164 1423 0.2
1164 2075 0.2
1164 1683 0.05
1164 437 0.2
1164 430 0.01
1164 635 0.2
1164 1138 0.01
1164 2231 0.01
1164 1145 0.05
1164 1248 0.2
1164 2481 0.01
1164 9 0.01
1164 447 0.05
1164 104 0.05
1164 202 0.01
1164 422 0.01
1164 1748 0.2
1164 435 0.2
1164 16 0.01
1164 1523 0.2
1164 2138 0.01
1164 645 0.01
1164 1424 0.05
1164 1155 0.01
1164 94 0.01
1164 1587 0.01
1164 1152 0.05
1164 201 0.01
1164 419 0.05
1164 204 0.01
1164 640 0.2
1164 1105 0.05
1164 514 0.01
1164 2125 0.01
1164 518 0.2
1164 142 0.2
1164 1254 0.05
1164 647 0.01
1164 238 0.01
1164 1519 0.05
1164 453 0.05
1164 1590 0.2
1164 17 0.2
1164 193 0.2
1164 454 0.05
1164 702 0.05
1164 1724 0.01
1164 1179 0.2
1164 1784 0.05
1164 1163 0.01
1164 975 0.05
1164 473 0.01
1164 655 0.05
1164 516 0.2
1164 517 0.2
1164 217 0.05
1164 371 0.01
1164 528 0.01
1164 365 0.2
1164 208 0.2
1164 1180 0.2
1164 2184 0.01
1164 427 0.05
1164 452 0.05
1164 363 0.01
1164 199 0.2
1164 144 0.2
1164 440 0.2
1164 455 0.05
1164 436 0.05
1164 1261 0.2
1164 203 0.05
1164 7 0.2
1164 438 0.2
1164 211 0.01
1164 633 0.05
1164 2281 0.01
1164 523 0.01
1164 2227 0.2
1164 146 0.2
1164 197 0.2
1164 2163 0.01
1164 450 0.2
1164 196 0.05
1164 451 0.01
1164 463 0.2
3191 2518 0.05
3191 3793 0.2
3191 652 0.01
3191 793 0.01
3191 3794 0.2
3191 1163 0.2
3191 453 0.2
3191 562 0.2
3191 3051 0.01
3191 9 0.2
3191 94 0.05
3191 2281 0.2
3191 124 0.01
3191 211 0.01
3191 2215 0.01
3191 563 0.05
3191 455 0.05
3191 195 0.2
3191 518 0.01
3191 3636 0.2
3191 466 0.05
3191 656 0.2
3191 636 0.01
3191 3795 0.01
3191 3125 0.01
3796 745 0.05
3796 371 0.05
3797 3798 0.2
2773 452 0.01
2773 1748 0.01
2773 447 0.05
2773 473 0.01
2773 197 0.2
2773 1978 0.2
2773 3799 0.2
2773 3800 0.05
3801 653 0.2
3801 3802 0.2
3801 3803 0.2
3801 1176 0.01
3801 3038 0.01
3801 3337 0.05
3801 1891 0.01
3801 2935 0.2
3804 1844 0.01
843 1658 0.2
843 1264 0.01
843 2138 0.05
843 1208 0.01
843 1277 0.2
843 2596 0.2
843 1286 0.01
843 3578 0.05
843 1759 0.01
843 1541 0.2
843 3496 0.2
843 224 0.01
843 3805 0.2
843 2444 0.01
843 208 0.05
843 2000 0.2
843 3806 0.01
843 1037 0.2
843 2938 0.2
843 3752 0.2
843 2487 0.05
843 1543 0.01
843 189 0.05
843 933 0.2
843 581 0.2
843 1280 0.01
843 317 0.05
843 3807 0.05
843 2196 0.2
843 516 0.05
843 1745 0.01
843 3808 0.01
843 146 0.01
843 3461 0.05
843 3764 0.01
843 2129 0.2
843 1661 0.01
843 947 0.01
843 197 0.05
843 934 0.01
843 1744 0.05
843 7 0.05
843 228 0.05
843 2516 0.2
843 2258 0.01
843 222 0.01
843 842 0.2
843 3809 0.2
843 3160 0.01
843 1605 0.2
843 144 0.05
843 526 0.05
843 666 0.05
843 1920 0.01
843 140 0.2
843 3810 0.01
843 1284 0.2
843 1502 0.05
843 242 0.2
843 3136 0.05
843 1839 0.2
843 1793 0.05
843 3811 0.05
843 3350 0.01
843 238 0.05
843 1944 0.2
843 214 0.01
843 3111 0.05
843 3464 0.05
843 133 0.05
843 1974 0.2
843 473 0.01
843 2020 0.2
843 1846 0.05
843 663 0.01
843 236 0.05
843 1984 0.05
843 1913 0.01
843 52 0.05
843 480 0.2
843 2071 0.05
843 368 0.01
843 279 0.01
3812 3813 0.01
3812 3814 0.01
3815 1417 0.2
3815 3816 0.05
3815 2801 0.05
3815 3817 0.01
3815 2002 0.2
3815 1221 0.01
3815 189 0.05
3815 3818 0.05
3815 2196 0.05
3815 3819 0.05
3715 3820 0.01
3715 523 0.01
3715 221 0.01
3715 1911 0.01
3715 1725 0.05
3715 2802 0.2
3715 3821 0.2
3715 52 0.05
3715 2556 0.2
3715 3822 0.01
3715 566 0.01
3715 3007 0.01
3715 3823 0.01
3715 23 0.05
3715 660 0.05
3715 1941 0.2
3715 3647 0.01
3715 94 0.01
3715 2163 0.01
3715 665 0.2
3715 2948 0.05
3715 2596 0.2
3715 2669 0.05
3824 1767 0.05
3824 426 0.2
3824 1984 0.01
3824 1216 0.05
3824 524 0.05
3824 3620 0.01
3824 467 0.05
3824 225 0.2
3824 2596 0.05
3824 3825 0.01
3824 2329 0.2
3824 3826 0.2
3824 1437 0.2
3824 1944 0.05
3824 133 0.2
3824 3371 0.01
3824 222 0.2
3824 1231 0.05
2195 745 0.01
2195 1862 0.05
2195 221 0.2
2195 974 0.01
2195 2598 0.01
2195 1284 0.2
2195 2997 0.01
2195 2111 0.01
3827 418 0.2
3827 1271 0.2
3827 447 0.01
3827 517 0.05
3827 3131 0.2
3827 211 0.05
2821 805 0.05
2821 193 0.2
2821 2910 0.05
2821 2997 0.05
2821 2990 0.2
2821 1993 0.05
2821 2411 0.2
2821 1941 0.01
2821 208 0.2
2821 1278 0.05
2821 467 0.05
2821 3828 0.2
3829 3830 0.01
3829 2163 0.2
194 1653 0.01
194 1584 0.01
194 1447 0.05
194 629 0.05
194 656 0.05
194 1649 0.2
194 421 0.05
194 424 0.01
194 2238 0.05
194 637 0.2
194 222 0.05
194 192 0.05
194 1938 0.01
194 837 0.2
194 643 0.01
194 453 0.01
194 466 0.05
194 1522 0.2
194 446 0.01
194 447 0.05
194 223 0.05
194 1784 0.2
194 807 0.05
194 461 0.01
194 219 0.05
194 3640 0.2
194 3831 0.01
194 3832 0.2
194 451 0.01
194 2281 0.01
194 657 0.05
194 651 0.05
194 2058 0.2
194 520 0.05
194 3195 0.2
194 521 0.01
194 1256 0.05
194 654 0.2
194 1588 0.01
194 1134 0.01
194 433 0.01
194 235 0.05
194 3542 0.05
194 7 0.2
194 655 0.05
194 124 0.05
194 1742 0.01
194 1654 0.01
194 85 0.01
194 455 0.01
194 965 0.05
194 653 0.05
194 1723 0.2
194 452 0.2
194 702 0.01
194 648 0.01
194 1705 0.2
194 2440 0.2
194 195 0.2
194 879 0.01
194 206 0.05
194 1972 0.01
194 199 0.2
194 526 0.2
194 567 0.05
194 473 0.05
194 6 0.2
3833 1171 0.2
1083 2596 0.01
1083 1270 0.05
1083 1287 0.2
1083 2011 0.05
1083 1082 0.01
1083 933 0.05
1083 1802 0.05
1083 3834 0.05
1083 1846 0.05
1083 2806 0.2
1083 222 0.05
1083 2000 0.05
1083 562 0.2
1083 2020 0.01
1083 52 0.2
1083 143 0.05
1083 1744 0.05
1083 665 0.2
1083 2598 0.2
1083 91 0.2
1083 133 0.05
208 1176 0.05
208 448 0.05
208 631 0.01
208 975 0.05
208 1584 0.01
208 437 0.2
208 416 0.2
208 790 0.01
208 1413 0.05
208 2077 0.2
208 2184 0.2
208 2380 0.01
208 1521 0.2
208 445 0.2
208 630 0.2
208 2168 0.05
208 1586 0.2
208 278 0.2
208 463 0.2
208 438 0.01
208 371 0.2
208 792 0.05
208 629 0.05
208 200 0.2
208 16 0.05
208 104 0.01
208 2061 0.2
208 879 0.01
208 566 0.01
208 203 0.05
208 9 0.2
208 1140 0.01
208 442 0.01
208 660 0.2
208 219 0.05
208 453 0.01
208 1519 0.05
208 436 0.05
208 468 0.05
208 365 0.05
208 526 0.05
208 439 0.2
208 6 0.01
208 17 0.01
208 1520 0.2
208 430 0.01
208 836 0.05
208 1740 0.05
208 424 0.01
208 465 0.2
208 1164 0.05
208 642 0.01
208 223 0.01
208 196 0.01
208 514 0.01
208 145 0.05
208 143 0.2
208 1257 0.01
208 1591 0.2
208 199 0.05
208 146 0.05
208 428 0.01
208 657 0.01
208 212 0.05
208 845 0.2
208 1724 0.2
208 228 0.01
208 1447 0.2
208 217 0.01
208 1592 0.05
208 1265 0.2
208 128 0.2
208 88 0.01
208 226 0.01
208 363 0.2
208 841 0.2
208 805 0.01
208 1422 0.01
208 193 0.2
208 237 0.05
208 209 0.01
208 214 0.2
208 1472 0.01
208 1262 0.01
208 1270 0.2
208 238 0.2
208 455 0.2
208 7 0.05
208 1661 0.01
208 197 0.05
208 1180 0.2
208 473 0.2
208 930 0.01
208 943 0.2
208 222 0.01
208 94 0.2
208 843 0.2
208 140 0.05
3835 1724 0.05
3835 3836 0.01
3835 3194 0.2
3835 1720 0.01
3835 2182 0.05
3835 2163 0.2
3835 208 0.01
3835 1171 0.01
3835 1830 0.2
3835 523 0.05
3835 1264 0.2
3835 963 0.05
3835 3837 0.2
3838 514 0.05
3838 1592 0.01
1599 2229 0.01
1599 1105 0.01
1599 1150 0.05
1599 515 0.05
1599 2244 0.05
1599 747 0.05
1599 3839 0.05
1599 1586 0.05
1599 201 0.05
1599 1737 0.05
1599 634 0.01
1599 1179 0.2
1599 1141 0.2
1599 462 0.01
1599 790 0.05
1599 2226 0.2
1599 3248 0.05
1599 562 0.05
1599 1178 0.2
1599 2079 0.01
1599 424 0.05
1599 431 0.05
1599 3211 0.2
1599 2220 0.2
1599 1163 0.05
1599 1413 0.01
1599 417 0.01
1599 3512 0.01
1599 447 0.05
1599 419 0.05
1599 3451 0.01
1599 1153 0.05
1599 425 0.05
1599 427 0.01
1599 461 0.2
1599 496 0.2
1599 1688 0.2
1599 442 0.05
1599 794 0.01
1599 642 0.2
1599 455 0.01
1599 423 0.05
1599 2253 0.05
1599 1589 0.05
1599 11 0.05
1599 1655 0.05
1599 2090 0.05
1599 1176 0.01
1599 192 0.05
1599 195 0.2
1599 144 0.05
1599 655 0.2
1599 212 0.05
1599 1524 0.2
1599 2532 0.01
1599 220 0.01
1599 1797 0.05
1599 516 0.05
1599 228 0.01
1599 1960 0.2
1599 441 0.2
1599 1275 0.01
1599 842 0.05
1599 208 0.05
1599 805 0.05
1599 197 0.2
1599 843 0.2
3840 3045 0.2
3841 424 0.05
3841 473 0.2
3841 94 0.01
3841 213 0.05
3842 3843 0.05
3185 458 0.01
3185 3844 0.01
3185 3845 0.01
3185 3846 0.01
3185 213 0.2
3185 52 0.2
3185 3847 0.2
3185 3848 0.2
3185 3317 0.01
3185 3849 0.01
3185 3184 0.05
3185 3850 0.01
2728 636 0.05
2728 2163 0.01
2728 528 0.05
2728 2094 0.05
2728 3851 0.2
2728 1168 0.2
2728 3718 0.2
2728 3822 0.01
2728 3779 0.05
2728 1791 0.05
2728 3150 0.2
2728 2014 0.01
2728 1425 0.01
2728 3317 0.01
2728 3074 0.01
2728 523 0.2
2728 951 0.2
2728 2556 0.2
2728 975 0.05
2728 224 0.2
2728 3572 0.01
2728 1262 0.05
2728 1759 0.2
2728 2608 0.05
2728 1840 0.05
2728 2997 0.2
2728 2948 0.05
2728 1277 0.01
2728 1353 0.01
2728 663 0.05
2728 2598 0.01
2728 1787 0.05
2728 365 0.01
2728 94 0.01
2728 1888 0.05
2728 488 0.2
2728 1218 0.2
2728 3852 0.2
2728 2001 0.05
2728 133 0.01
2728 3007 0.2
2728 843 0.01
2728 3396 0.01
2728 1913 0.2
2728 221 0.2
2728 1286 0.2
2728 665 0.05
2728 2596 0.2
3569 3853 0.05
3569 11 0.01
3569 85 0.05
3569 1335 0.05
3569 3760 0.01
3569 567 0.2
3569 522 0.05
3569 456 0.05
3569 457 0.2
3569 464 0.05
3569 793 0.05
3569 3139 0.01
3569 3854 0.05
3569 2307 0.05
3569 1277 0.05
3569 2019 0.01
3569 214 0.05
3569 467 0.2
3569 1280 0.01
3855 208 0.01
3855 94 0.2
3855 2001 0.05
3855 2942 0.01
2284 438 0.05
2284 1524 0.01
2284 1797 0.01
2284 2937 0.2
2284 2532 0.2
2284 2559 0.01
2284 1274 0.01
2284 2799 0.2
2284 3384 0.05
2284 213 0.2
2284 1989 0.05
2284 1984 0.01
2284 1264 0.2
2284 1862 0.05
2284 3856 0.05
2284 441 0.2
2284 217 0.05
2284 1275 0.2
2284 197 0.2
2284 3311 0.01
2284 471 0.2
2284 2003 0.2
2284 2005 0.2
2284 3366 0.05
2284 1909 0.01
2284 1283 0.2
2284 581 0.2
2284 3857 0.01
2284 3858 0.05
2284 523 0.01
2284 3859 0.01
2284 1613 0.01
2284 467 0.01
2284 1911 0.01
2284 2802 0.01
2284 2987 0.01
2284 1941 0.2
2284 2013 0.2
2284 1273 0.05
2284 3494 0.2
2284 3860 0.2
2284 142 0.05
1725 793 0.05
1725 1797 0.2
1725 1277 0.01
1725 682 0.2
1725 2486 0.2
1725 3861 0.2
1725 219 0.2
1725 2532 0.05
1725 3311 0.05
1725 1939 0.01
1725 947 0.01
1725 3862 0.2
1725 1278 0.01
1725 367 0.01
1725 3863 0.05
1725 2411 0.2
1725 3864 0.2
1725 2667 0.2
1725 3145 0.2
1725 3865 0.01
1725 2289 0.2
1725 1961 0.01
1725 228 0.2
1725 144 0.2
1725 3866 0.2
1725 317 0.05
1725 1809 0.01
1725 1179 0.05
1725 1745 0.01
1725 2806 0.05
1725 3715 0.2
1725 2331 0.05
1725 841 0.05
1725 471 0.05
1725 2014 0.05
1725 1353 0.01
1725 3867 0.05
1725 363 0.01
1725 843 0.01
1725 2592 0.05
1725 1913 0.2
1725 2934 0.01
1725 455 0.2
1725 950 0.2
1725 1047 0.01
1725 846 0.2
1725 562 0.2
1725 951 0.01
1725 665 0.2
1725 663 0.05
1725 849 0.2
1725 142 0.2
1725 899 0.01
1725 3754 0.2
1725 221 0.05
1725 2596 0.2
1725 1447 0.01
1725 225 0.2
1725 2117 0.01
1725 1941 0.01
1725 85 0.2
1725 365 0.05
1725 226 0.05
1725 213 0.05
1725 1838 0.05
1725 13 0.2
1725 1862 0.01
1725 197 0.01
1725 279 0.05
1725 27 0.2
1725 2866 0.05
1725 526 0.2
1725 208 0.2
1725 1541 0.01
1725 1218 0.01
1725 224 0.01
1725 3868 0.2
1725 3396 0.05
1725 3869 0.2
1725 133 0.05
1725 2035 0.2
1725 52 0.01
1725 3428 0.2
2061 2077 0.01
2061 1254 0.05
2061 746 0.05
2061 640 0.05
2061 631 0.05
2061 1746 0.01
2061 412 0.2
2061 1688 0.2
2061 1140 0.2
2061 2243 0.01
2061 3449 0.01
2061 639 0.01
2061 238 0.01
2061 222 0.01
2061 419 0.01
2061 517 0.01
2061 528 0.05
2061 436 0.05
2061 1422 0.01
2061 521 0.2
2061 194 0.01
2061 216 0.05
2061 636 0.05
2061 1524 0.2
2061 443 0.2
2061 555 0.05
2061 3870 0.01
2061 473 0.01
2061 1169 0.05
2061 3871 0.2
2061 2724 0.2
2061 1167 0.01
2061 3142 0.01
2061 1590 0.05
2061 655 0.05
2061 2001 0.01
2061 140 0.01
2061 2380 0.05
2061 1974 0.2
2061 199 0.01
2061 3872 0.2
2061 218 0.05
2061 3038 0.05
2061 1447 0.01
2061 3873 0.01
2061 2532 0.01
2061 3240 0.05
2061 221 0.05
2061 1986 0.05
2061 2417 0.05
2061 3085 0.05
2061 3874 0.05
2061 236 0.05
2061 3625 0.05
2061 3311 0.01
2061 2005 0.05
2061 1274 0.2
2061 1286 0.01
2061 2062 0.01
2061 1754 0.05
2061 3875 0.01
2061 2003 0.2
2061 2559 0.05
2061 2789 0.05
2061 3876 0.05
2061 189 0.01
2061 1425 0.2
2061 1911 0.2
2061 805 0.05
2061 128 0.05
2061 1225 0.05
2061 193 0.05
2061 1910 0.05
2061 3877 0.01
2061 3303 0.2
2061 1278 0.01
2061 1512 0.05
2061 2030 0.01
2061 208 0.05
2061 1279 0.2
2061 2801 0.2
2061 523 0.01
2061 849 0.05
2061 237 0.05
2061 3878 0.01
2061 441 0.05
2061 224 0.05
2061 3007 0.05
2061 3127 0.05
2061 2596 0.05
2061 3396 0.05
3879 2689 0.01
1687 2165 0.2
1687 200 0.2
1687 455 0.2
1687 473 0.2
1687 17 0.2
1687 3827 0.05
1687 1673 0.2
1687 222 0.05
1687 2184 0.2
1687 2205 0.05
1687 1422 0.2
1687 441 0.05
1687 2227 0.01
1687 2235 0.2
1687 2380 0.05
1687 2078 0.2
1687 419 0.2
1687 3583 0.01
1687 238 0.01
1687 1443 0.2
1687 428 0.01
1687 104 0.01
1687 421 0.05
1687 1722 0.01
1687 1741 0.05
1687 2244 0.2
1687 643 0.2
1687 414 0.2
1687 3055 0.2
1687 431 0.01
1687 196 0.2
1687 202 0.05
1687 1748 0.01
1687 2543 0.2
2001 1658 0.2
2001 2380 0.2
2001 217 0.05
2001 560 0.05
2001 192 0.01
2001 1265 0.01
2001 3880 0.01
2001 219 0.2
2001 128 0.2
2001 1997 0.05
2001 1769 0.01
2001 1447 0.05
2001 1945 0.05
2001 2138 0.2
2001 197 0.2
2001 1284 0.2
2001 145 0.05
2001 1941 0.01
2001 52 0.05
2001 955 0.05
2001 146 0.05
2001 1277 0.2
2001 1748 0.01
2001 1920 0.2
2001 238 0.05
2001 1208 0.2
2001 1909 0.01
2001 142 0.2
2001 3625 0.2
2001 2129 0.05
2001 667 0.01
2001 523 0.2
2001 208 0.01
2001 3303 0.01
2001 2596 0.05
2001 2163 0.2
2001 1283 0.2
2163 514 0.01
2163 146 0.01
2163 196 0.2
2163 446 0.01
2163 515 0.2
2163 2281 0.2
2163 216 0.2
2163 794 0.01
2163 238 0.05
2163 436 0.05
2163 522 0.01
2163 2766 0.05
2163 1171 0.05
2163 1999 0.01
2163 805 0.2
2163 3464 0.01
2163 1941 0.05
2163 224 0.05
2163 2596 0.05
2163 142 0.05
2163 3829 0.2
2163 3830 0.05
3881 473 0.2
3881 2201 0.05
3881 94 0.01
3882 2030 0.2
3882 224 0.05
3009 238 0.2
3009 980 0.01
3009 124 0.2
3009 2619 0.01
2281 3883 0.2
2281 223 0.2
2281 3629 0.05
2281 461 0.05
2281 238 0.2
2281 3200 0.2
2281 3273 0.2
2281 658 0.2
2281 1180 0.01
2281 1654 0.05
2281 528 0.05
2281 201 0.05
2281 452 0.2
2281 656 0.05
2281 7 0.2
2281 451 0.2
2281 453 0.05
2281 442 0.2
2281 438 0.2
2281 522 0.05
2281 208 0.01
2281 2163 0.01
2281 193 0.01
2281 1273 0.01
2281 195 0.2
2281 192 0.05
2281 194 0.05
2281 463 0.01
2281 196 0.01
2281 237 0.05
2281 124 0.2
2281 1257 0.01
2281 219 0.01
2281 514 0.05
2281 473 0.01
2281 6 0.01
2281 648 0.01
3884 2822 0.05
3884 2801 0.2
3074 275 0.05
3074 878 0.05
3074 2854 0.05
3074 462 0.01
3074 3885 0.2
3074 3886 0.01
3074 842 0.05
3074 1278 0.2
3074 523 0.05
3074 3887 0.2
3074 3745 0.05
3074 2560 0.2
3074 1862 0.2
3074 467 0.2
3074 60 0.05
3074 3888 0.2
3074 951 0.2
3074 125 0.05
3074 1978 0.2
3074 3889 0.01
3074 3868 0.05
3074 3150 0.2
3074 843 0.2
3074 2014 0.01
3074 94 0.01
3074 253 0.01
3074 230 0.2
3074 1543 0.2
3074 666 0.2
3074 7 0.2
3074 581 0.2
3074 2490 0.01
3074 1262 0.05
3074 1725 0.05
3074 140 0.05
3074 2942 0.2
3074 2805 0.01
3074 2001 0.01
3074 3396 0.2
3074 2728 0.05
3074 665 0.05
3074 2596 0.05
3074 3007 0.01
3822 558 0.01
3822 214 0.05
3822 221 0.2
3822 9 0.05
3890 562 0.01
3890 1265 0.05
3890 220 0.2
3890 1448 0.2
3890 975 0.01
3890 516 0.01
3890 199 0.05
3890 1447 0.2
3890 565 0.2
3890 194 0.01
3890 235 0.2
3890 213 0.01
3890 7 0.2
3890 1541 0.05
3890 143 0.05
3890 658 0.01
3890 52 0.01
3890 192 0.05
3890 1446 0.01
3890 142 0.05
3890 207 0.01
3890 3384 0.2
3890 473 0.2
3890 1279 0.05
3890 1258 0.05
3890 1992 0.05
3891 1586 0.05
3891 27 0.2
3891 1248 0.2
3891 473 0.01
3891 643 0.05
3891 3052 0.01
3891 3892 0.01
3891 563 0.01
3891 3893 0.2
3891 3894 0.05
3891 3735 0.2
3891 3273 0.05
3891 436 0.05
3891 665 0.2
3891 192 0.01
3891 3517 0.05
3891 2180 0.05
3891 524 0.2
3891 653 0.2
3891 3333 0.05
441 2697 0.2
441 1676 0.05
441 199 0.05
441 424 0.05
441 642 0.2
441 1681 0.2
441 805 0.2
441 108 0.2
441 641 0.05
441 11 0.05
441 807 0.05
441 437 0.01
441 419 0.2
441 794 0.01
441 523 0.05
441 1097 0.01
441 104 0.2
441 563 0.01
441 2075 0.01
441 449 0.2
441 202 0.05
441 1152 0.01
441 196 0.2
441 3761 0.01
441 1164 0.01
441 192 0.01
441 210 0.2
441 2061 0.01
441 94 0.01
441 2163 0.2
441 16 0.01
441 463 0.01
441 454 0.2
441 203 0.05
441 452 0.01
441 514 0.01
441 1519 0.05
441 517 0.01
441 1526 0.01
441 228 0.01
441 9 0.2
441 562 0.2
441 745 0.05
441 88 0.2
441 439 0.05
441 1522 0.01
441 649 0.2
441 458 0.01
441 193 0.05
441 447 0.01
441 85 0.2
441 515 0.05
441 1105 0.2
441 446 0.2
441 432 0.2
441 442 0.2
441 363 0.01
441 453 0.01
441 204 0.2
441 211 0.05
441 461 0.2
441 518 0.01
441 197 0.01
441 238 0.05
441 436 0.2
441 201 0.05
441 1172 0.2
441 217 0.05
441 1270 0.2
441 473 0.05
441 146 0.01
441 526 0.2
441 143 0.01
441 145 0.2
441 208 0.2
441 18 0.2
441 467 0.2
441 219 0.05
441 1422 0.05
3895 238 0.2
3895 447 0.05
3895 417 0.2
3895 3449 0.2
3895 224 0.05
3895 1264 0.01
3895 519 0.05
3895 226 0.05
3895 3311 0.2
3895 208 0.01
3896 1265 0.2
3366 3897 0.01
3366 94 0.05
3366 197 0.05
3366 789 0.2
3366 441 0.05
3366 1587 0.01
3366 1589 0.2
3366 2698 0.01
3366 1994 0.05
3366 2295 0.05
3366 1447 0.01
3366 3898 0.05
3366 1265 0.05
3366 2284 0.01
3366 2003 0.2
3366 3899 0.2
3366 52 0.05
3366 3900 0.05
3366 3901 0.05
3366 524 0.2
3366 146 0.01
3366 665 0.01
3366 1941 0.2
3366 1909 0.05
3366 2285 0.2
3366 3902 0.05
3366 3868 0.05
3366 2757 0.2
3366 133 0.05
3366 2539 0.05
3366 1283 0.01
3366 2013 0.2
3366 3903 0.2
3366 224 0.01
3366 667 0.01
3366 2440 0.01
3366 1748 0.05
3366 3349 0.2
3904 143 0.05
3904 2668 0.05
3904 2001 0.05
3820 3715 0.2
417 1584 0.2
417 1176 0.01
417 2241 0.2
417 628 0.05
417 2901 0.2
417 748 0.05
417 1142 0.05
417 3905 0.2
417 1586 0.2
417 660 0.01
417 2242 0.2
417 2426 0.2
417 1918 0.2
417 2380 0.01
417 1593 0.01
417 2169 0.05
417 790 0.2
417 222 0.05
417 702 0.2
417 1251 0.05
417 638 0.05
417 634 0.01
417 631 0.01
417 451 0.05
417 1161 0.2
417 649 0.2
417 629 0.01
417 363 0.01
417 3508 0.05
417 1684 0.2
417 1665 0.01
417 1526 0.05
417 365 0.05
417 3906 0.05
417 1688 0.05
417 837 0.2
417 1178 0.01
417 424 0.2
417 228 0.05
417 88 0.05
417 3907 0.01
417 805 0.01
417 423 0.01
417 3773 0.05
417 431 0.2
417 1150 0.01
417 636 0.01
417 428 0.05
417 1748 0.01
417 630 0.01
417 196 0.01
417 425 0.05
417 633 0.05
417 1143 0.01
417 641 0.01
417 1134 0.01
417 526 0.01
417 1740 0.2
417 454 0.01
417 1154 0.01
417 3895 0.05
417 2055 0.01
417 789 0.01
417 419 0.05
417 430 0.2
417 2141 0.01
417 1519 0.2
417 643 0.01
417 140 0.01
417 639 0.01
417 1521 0.2
417 632 0.2
417 453 0.2
417 7 0.01
417 1587 0.01
417 104 0.01
417 432 0.01
417 3289 0.05
417 197 0.2
417 635 0.2
417 1588 0.05
417 656 0.05
417 1718 0.2
417 11 0.2
417 146 0.01
417 447 0.05
417 439 0.05
417 640 0.2
417 463 0.2
417 238 0.05
417 514 0.05
417 435 0.05
417 517 0.2
417 437 0.01
417 655 0.01
417 642 0.01
417 438 0.01
3908 3245 0.05
3908 2001 0.2
3908 1216 0.01
3909 145 0.01
3909 2362 0.05
3909 3250 0.01
3909 278 0.2
444 2141 0.2
444 445 0.01
444 430 0.01
444 238 0.05
444 3466 0.01
444 1171 0.2
444 2345 0.05
444 648 0.05
444 1279 0.05
444 655 0.2
444 52 0.05
444 1920 0.01
444 133 0.01
444 1425 0.05
444 1465 0.01
2280 452 0.2
2280 1938 0.05
3910 1524 0.01
3910 1797 0.2
3910 2307 0.2
3910 216 0.2
3910 3038 0.05
3910 2532 0.05
3910 3472 0.01
3910 1838 0.2
3910 200 0.2
3910 2770 0.01
3910 1422 0.01
3910 3911 0.2
652 1152 0.01
652 805 0.05
652 644 0.05
652 238 0.2
652 3212 0.01
652 2058 0.01
652 439 0.2
652 453 0.01
652 1588 0.01
652 363 0.05
652 3832 0.01
652 447 0.05
652 461 0.2
652 1665 0.01
652 88 0.2
652 517 0.01
652 745 0.05
652 566 0.05
652 196 0.2
652 794 0.2
652 442 0.2
652 1254 0.05
652 514 0.05
652 2183 0.05
652 1590 0.05
652 656 0.01
652 526 0.2
652 438 0.05
652 436 0.05
652 1172 0.2
652 649 0.01
652 2090 0.05
652 563 0.05
652 464 0.01
652 466 0.01
652 3243 0.01
652 1655 0.05
652 1654 0.01
652 219 0.2
652 2059 0.2
652 455 0.01
652 1258 0.01
652 648 0.05
652 2418 0.01
652 204 0.01
652 146 0.05
652 124 0.05
652 2060 0.05
652 434 0.2
652 2796 0.01
652 1270 0.2
652 1592 0.2
652 1260 0.01
652 1705 0.01
652 143 0.2
652 205 0.01
652 3538 0.05
652 3912 0.01
652 207 0.01
652 3193 0.2
652 3913 0.2
652 212 0.2
652 645 0.05
652 6 0.2
652 3543 0.01
652 216 0.05
652 661 0.05
652 518 0.01
652 2096 0.01
652 658 0.05
652 208 0.2
652 452 0.01
652 1171 0.2
652 1168 0.2
652 2103 0.05
652 201 0.2
652 2102 0.2
652 211 0.05
652 1163 0.01
652 1524 0.01
652 145 0.2
652 237 0.2
652 1997 0.2
652 213 0.2
652 217 0.2
652 2125 0.01
652 702 0.2
652 1447 0.01
652 94 0.05
652 793 0.01
3541 3853 0.01
3541 3405 0.05
3541 133 0.01
3541 3135 0.05
3541 1168 0.05
3541 3914 0.2
3541 2179 0.05
3541 1590 0.01
3541 2099 0.05
3541 1942 0.2
3541 452 0.01
3541 1705 0.2
3915 1978 0.05
3916 8 0.05
3916 2096 0.05
3916 2018 0.2
3916 3917 0.01
3916 1974 0.05
3916 3632 0.05
3916 1524 0.05
3916 224 0.2
3916 3322 0.05
3916 3918 0.2
3916 205 0.01
3916 1645 0.2
3916 3919 0.01
3916 1180 0.05
3916 2103 0.01
3916 85 0.01
217 200 0.01
217 463 0.05
217 433 0.01
217 461 0.2
217 210 0.2
217 1103 0.2
217 199 0.01
217 190 0.2
217 648 0.2
217 661 0.01
217 1219 0.01
217 2724 0.01
217 471 0.01
217 472 0.05
217 9 0.2
217 655 0.05
217 2380 0.2
217 1180 0.01
217 228 0.05
217 1886 0.01
217 1833 0.05
217 192 0.2
217 27 0.05
217 235 0.2
217 3920 0.2
217 208 0.01
217 653 0.01
217 1218 0.2
217 214 0.05
217 1261 0.01
217 220 0.05
217 133 0.2
217 212 0.2
217 1262 0.01
217 3454 0.2
217 702 0.01
217 1753 0.05
217 2062 0.01
217 658 0.2
217 965 0.01
217 194 0.01
217 3921 0.05
217 3880 0.05
217 519 0.01
217 124 0.2
217 1913 0.01
217 236 0.01
217 1605 0.01
217 516 0.05
217 363 0.05
217 88 0.01
217 54 0.01
217 963 0.01
217 7 0.01
217 968 0.2
217 2151 0.2
217 85 0.2
217 1265 0.2
217 1725 0.05
217 2001 0.2
217 1216 0.01
217 3038 0.01
217 279 0.05
217 224 0.05
217 975 0.05
217 899 0.01
217 1425 0.2
217 18 0.2
217 1452 0.2
217 146 0.2
217 24 0.01
217 143 0.01
217 581 0.05
217 455 0.01
217 222 0.01
217 1984 0.01
217 219 0.2
217 1275 0.05
217 1105 0.2
217 140 0.01
217 1270 0.05
217 1541 0.05
217 2532 0.2
217 142 0.2
217 1286 0.05
217 2054 0.05
217 94 0.01
217 197 0.05
217 145 0.01
3922 654 0.05
3922 8 0.2
3922 1955 0.2
3922 3543 0.2
3922 2179 0.2
3922 473 0.2
3922 438 0.05
3922 2099 0.05
3923 453 0.01
3923 515 0.01
3923 458 0.05
3923 442 0.01
3924 2013 0.01
3924 1833 0.2
3924 1599 0.05
3924 1175 0.2
3924 665 0.05
3924 841 0.2
3924 3925 0.05
3924 371 0.05
3924 145 0.01
1742 879 0.01
1742 565 0.01
1742 3926 0.05
1742 1655 0.2
1742 194 0.05
1742 1940 0.2
1742 3927 0.2
1742 649 0.2
3850 1039 0.05
3850 1992 0.01
3850 523 0.01
3850 1960 0.05
3850 963 0.05
3850 1264 0.2
3850 3185 0.2
3850 142 0.2
3850 2003 0.2
438 16 0.05
438 3928 0.2
438 208 0.2
438 419 0.01
438 1155 0.05
438 427 0.01
438 641 0.05
438 637 0.01
438 17 0.01
438 649 0.01
438 409 0.01
438 790 0.05
438 2138 0.01
438 2165 0.01
438 422 0.01
438 1178 0.05
438 433 0.2
438 639 0.05
438 430 0.01
438 514 0.2
438 1602 0.01
438 3248 0.05
438 202 0.2
438 635 0.01
438 466 0.05
438 3827 0.2
438 1161 0.05
438 437 0.2
438 417 0.05
438 642 0.05
438 453 0.2
438 793 0.01
438 211 0.05
438 1167 0.01
438 7 0.01
438 439 0.2
438 458 0.01
438 643 0.2
438 522 0.05
438 517 0.01
438 515 0.2
438 1522 0.05
438 455 0.01
438 442 0.05
438 460 0.2
438 457 0.01
438 441 0.05
438 3188 0.05
438 2171 0.2
438 1253 0.01
438 446 0.2
438 461 0.01
438 447 0.01
438 3273 0.05
438 3200 0.01
438 219 0.01
438 1164 0.05
438 1254 0.05
438 2281 0.05
438 2216 0.01
438 440 0.05
438 2282 0.05
438 217 0.2
438 436 0.01
438 197 0.01
438 201 0.01
438 516 0.2
438 426 0.05
438 2089 0.05
438 1723 0.01
438 521 0.2
438 1265 0.05
438 652 0.01
438 193 0.2
438 1171 0.01
438 567 0.05
438 1592 0.01
438 238 0.05
438 195 0.01
438 472 0.05
438 473 0.01
438 428 0.2
438 218 0.01
438 6 0.05
438 199 0.05
438 204 0.05
438 192 0.01
438 452 0.2
438 2184 0.2
438 563 0.01
438 648 0.01
438 146 0.05
438 194 0.2
438 656 0.2
438 2164 0.2
1939 947 0.05
1939 197 0.2
1939 636 0.01
1939 3227 0.2
1939 228 0.2
1939 1898 0.05
1939 1769 0.01
1939 1989 0.05
1939 3929 0.2
1939 1997 0.01
1939 3930 0.2
1939 1447 0.05
1939 3494 0.2
1939 3931 0.01
1939 1999 0.05
1939 3932 0.05
1939 3933 0.2
1939 202 0.2
1939 3934 0.2
1939 236 0.05
1939 3753 0.05
1939 3311 0.01
1939 2380 0.2
1939 2062 0.05
1939 2594 0.2
1939 2003 0.05
1939 1974 0.01
1939 2017 0.2
1939 583 0.05
1939 1265 0.2
1939 1279 0.2
1939 3935 0.01
1939 1909 0.2
1939 3936 0.01
1939 2559 0.01
1939 3874 0.2
1939 1283 0.2
1939 1725 0.05
1939 2822 0.05
1939 3937 0.01
1939 94 0.05
1939 3938 0.2
3939 279 0.01
658 1164 0.05
658 196 0.2
658 521 0.01
658 2060 0.01
658 211 0.01
658 647 0.05
658 238 0.01
658 1180 0.05
658 1885 0.05
658 1171 0.05
658 652 0.2
658 651 0.05
658 205 0.2
658 190 0.01
658 1172 0.05
658 1259 0.2
658 204 0.01
658 645 0.2
658 541 0.2
658 216 0.2
658 566 0.01
658 968 0.2
658 1422 0.2
658 193 0.2
658 1724 0.05
658 214 0.2
658 1653 0.05
658 649 0.2
658 1705 0.2
658 661 0.01
658 199 0.01
658 657 0.01
658 654 0.01
658 452 0.01
658 237 0.01
658 1590 0.01
658 2724 0.2
658 2380 0.01
658 455 0.01
658 1448 0.01
658 947 0.05
658 195 0.01
658 1829 0.2
658 3543 0.2
658 1997 0.05
658 228 0.2
658 438 0.2
658 2177 0.01
658 206 0.01
658 653 0.2
658 139 0.01
658 7 0.2
658 3147 0.2
658 565 0.2
658 648 0.2
658 2327 0.01
658 1175 0.05
658 655 0.2
658 1748 0.01
658 363 0.2
658 3395 0.2
658 194 0.2
658 235 0.05
658 558 0.2
658 1216 0.01
658 1769 0.05
658 217 0.01
658 2179 0.05
658 192 0.2
658 1176 0.2
658 580 0.01
658 1768 0.01
658 526 0.2
658 472 0.01
658 200 0.01
658 1447 0.05
658 1591 0.2
658 1833 0.2
658 3890 0.05
658 220 0.01
658 6 0.05
658 1265 0.2
658 9 0.01
658 218 0.2
658 473 0.2
658 550 0.01
658 1753 0.05
658 1797 0.2
658 1592 0.2
658 198 0.05
658 568 0.2
658 664 0.2
658 1279 0.05
520 3940 0.2
520 1159 0.2
520 842 0.2
520 643 0.05
520 3941 0.2
520 3848 0.05
520 1523 0.2
520 496 0.2
520 470 0.01
520 3468 0.2
520 458 0.01
520 439 0.05
520 1673 0.2
520 1681 0.2
520 656 0.01
520 463 0.2
520 789 0.01
520 3942 0.2
520 208 0.05
520 1335 0.05
520 518 0.01
520 466 0.01
520 655 0.05
520 17 0.05
520 450 0.05
520 204 0.01
520 197 0.2
520 975 0.2
520 515 0.2
520 201 0.2
520 3943 0.05
520 203 0.01
520 514 0.05
520 3944 0.2
520 3945 0.2
520 794 0.05
520 652 0.01
520 526 0.01
520 1164 0.05
520 478 0.05
520 3946 0.05
520 523 0.2
520 3056 0.01
520 3947 0.05
520 513 0.01
520 3242 0.2
520 3948 0.05
520 455 0.05
520 3949 0.05
520 1784 0.2
520 196 0.05
520 522 0.05
520 436 0.05
520 2094 0.05
520 2281 0.01
520 217 0.05
520 194 0.01
520 1163 0.01
520 434 0.05
520 521 0.01
520 1165 0.01
520 727 0.01
520 1259 0.05
520 220 0.2
520 2418 0.05
520 211 0.01
520 226 0.05
520 441 0.05
520 140 0.01
520 1724 0.2
520 205 0.01
520 193 0.05
520 555 0.01
520 209 0.05
520 1705 0.2
520 1654 0.01
520 8 0.05
520 3396 0.05
520 3950 0.01
520 3951 0.01
520 2013 0.01
520 3227 0.01
520 745 0.2
520 1914 0.05
520 452 0.01
520 139 0.05
520 1445 0.01
3952 3953 0.2
3050 2013 0.2
3050 665 0.01
3050 584 0.2
3050 3954 0.01
3050 94 0.05
3050 3955 0.05
3050 3049 0.01
3050 970 0.01
3050 3042 0.2
3050 3620 0.01
3050 3108 0.2
3050 1978 0.05
3050 215 0.01
3050 2144 0.01
3050 2440 0.01
3050 1992 0.01
3050 1999 0.01
3050 1658 0.2
3050 471 0.05
3050 3360 0.2
3050 237 0.01
3050 2768 0.01
3050 702 0.2
3050 1265 0.2
3050 663 0.2
3050 467 0.2
3050 2804 0.01
3050 2765 0.05
3050 3764 0.05
3050 3552 0.2
3050 1277 0.01
3050 3956 0.2
3050 3786 0.2
3050 142 0.05
3050 3957 0.01
3050 1599 0.05
3050 52 0.2
3050 3958 0.2
3050 3618 0.2
3050 3959 0.2
661 2915 0.2
661 3960 0.01
661 3137 0.2
661 70 0.2
661 1103 0.2
661 2122 0.01
661 472 0.2
661 196 0.2
661 1259 0.01
661 436 0.2
661 702 0.01
661 1724 0.05
661 652 0.2
661 658 0.01
661 648 0.01
661 3951 0.2
661 218 0.01
661 1260 0.2
661 438 0.01
661 145 0.05
661 2380 0.01
661 192 0.2
661 141 0.05
661 1261 0.2
661 1829 0.2
661 1658 0.2
661 217 0.2
661 220 0.2
661 1524 0.2
661 124 0.01
661 3140 0.01
661 216 0.05
661 1480 0.05
661 235 0.05
661 1993 0.05
661 27 0.2
661 3038 0.05
661 567 0.01
661 3961 0.2
661 1753 0.2
661 3962 0.05
661 24 0.2
661 841 0.05
661 3963 0.01
661 219 0.05
661 1262 0.2
661 1577 0.05
661 2349 0.05
661 2501 0.05
661 3964 0.2
661 3965 0.05
661 470 0.05
661 1447 0.01
661 1978 0.01
661 3966 0.05
661 94 0.01
661 2768 0.01
661 3967 0.05
661 133 0.05
661 193 0.05
661 3740 0.05
661 3378 0.05
661 899 0.05
661 214 0.01
661 225 0.2
661 49 0.01
661 52 0.01
661 1265 0.2
661 2329 0.05
661 2062 0.05
661 1769 0.05
661 1984 0.01
661 295 0.2
661 473 0.05
661 3556 0.05
661 1997 0.2
661 213 0.05
661 3625 0.05
661 990 0.05
661 143 0.05
661 1592 0.05
661 142 0.01
661 208 0.01
661 224 0.2
661 3346 0.2
3968 133 0.2
3968 3969 0.05
3455 1164 0.05
3455 437 0.2
3455 1583 0.01
3455 636 0.2
3455 3226 0.2
3455 3970 0.05
3455 1257 0.2
3455 436 0.05
3455 3543 0.05
3455 1604 0.01
3455 207 0.01
3455 3251 0.2
3971 3972 0.2
3971 2770 0.01
3043 1978 0.01
3043 3973 0.2
3043 218 0.01
3043 3974 0.01
3043 1541 0.2
3043 473 0.01
3043 197 0.05
3333 1689 0.05
3333 2099 0.05
3333 436 0.05
3333 447 0.01
3333 2065 0.05
3333 2237 0.05
3333 460 0.05
3333 94 0.05
3333 3690 0.05
3333 446 0.01
3333 443 0.05
3333 3200 0.05
3333 133 0.01
3333 2171 0.05
3333 1253 0.01
3333 461 0.05
3333 643 0.05
3333 219 0.01
3333 211 0.01
518 790 0.01
518 3975 0.01
518 196 0.05
518 104 0.05
518 218 0.05
518 643 0.05
518 193 0.01
518 441 0.05
518 745 0.2
518 458 0.2
518 1163 0.05
518 440 0.2
518 442 0.01
518 523 0.2
518 464 0.01
518 197 0.2
518 438 0.05
518 647 0.2
518 514 0.05
518 417 0.05
518 452 0.05
518 1179 0.05
192 1277 0.2
192 1649 0.01
192 1150 0.01
192 630 0.05
192 1517 0.01
192 1589 0.05
192 2238 0.01
192 637 0.01
192 423 0.05
192 841 0.01
192 3723 0.05
192 641 0.05
192 431 0.01
192 644 0.2
192 517 0.01
192 433 0.05
192 642 0.01
192 435 0.2
192 463 0.01
192 1522 0.01
192 1148 0.2
192 222 0.01
192 446 0.01
192 643 0.2
192 2171 0.2
192 3640 0.2
192 219 0.05
192 1255 0.01
192 1748 0.01
192 466 0.05
192 521 0.01
192 564 0.2
192 455 0.2
192 1588 0.05
192 930 0.01
192 1972 0.01
192 657 0.01
192 214 0.2
192 238 0.05
192 124 0.2
192 203 0.01
192 468 0.01
192 1654 0.01
192 480 0.2
192 1723 0.01
192 1168 0.2
192 1705 0.05
192 648 0.01
192 7 0.05
192 195 0.01
192 1885 0.2
192 656 0.05
192 237 0.01
192 2768 0.01
192 140 0.2
192 452 0.2
192 702 0.05
192 526 0.01
192 17 0.01
192 94 0.05
192 199 0.01
192 223 0.05
192 567 0.2
192 658 0.01
192 6 0.01
192 235 0.05
192 473 0.01
192 194 0.01
3976 209 0.2
2227 1682 0.2
2227 1178 0.05
2227 631 0.2
2227 629 0.2
2227 1176 0.01
2227 2162 0.01
2227 2167 0.2
2227 745 0.2
2227 1583 0.2
2227 217 0.01
2227 1177 0.2
2227 2226 0.01
2227 2085 0.05
2227 790 0.05
2227 463 0.05
2227 419 0.05
2227 441 0.2
2227 3977 0.2
2227 639 0.01
2227 363 0.05
2227 414 0.01
2227 1413 0.05
2227 1683 0.05
2227 3604 0.2
2227 2231 0.05
2227 520 0.2
2227 1654 0.01
2227 1249 0.2
2227 1684 0.01
2227 642 0.01
2227 465 0.05
2227 278 0.2
2227 2078 0.2
2227 1673 0.05
2227 1105 0.2
2227 1653 0.2
2227 567 0.05
2227 1676 0.01
2227 2184 0.2
2227 1520 0.2
2227 562 0.2
2227 634 0.05
2227 222 0.2
2227 630 0.01
2227 1489 0.05
2227 1517 0.05
2227 431 0.01
2227 9 0.2
2227 371 0.05
2227 1248 0.2
2227 1519 0.01
2227 428 0.01
2227 3853 0.01
2227 516 0.2
2227 1150 0.01
2227 1140 0.01
2227 437 0.2
2227 1423 0.2
2227 143 0.01
2227 418 0.01
2227 640 0.2
2227 1586 0.01
2227 3285 0.2
2227 1720 0.05
2227 2220 0.05
2227 837 0.2
2227 2125 0.2
2227 451 0.2
2227 146 0.05
2227 7 0.2
1972 436 0.01
1972 1170 0.01
1972 1724 0.05
1972 192 0.2
1972 654 0.2
1972 524 0.2
1972 1885 0.2
1972 1899 0.01
1972 217 0.01
1972 212 0.05
1972 238 0.01
1972 1283 0.05
1972 969 0.2
1972 194 0.2
1972 3517 0.05
1972 1769 0.05
1972 1447 0.05
1972 1543 0.05
1972 974 0.05
1972 218 0.05
1972 438 0.05
1972 1982 0.05
1972 197 0.05
1972 3802 0.05
1972 3147 0.2
1972 3978 0.01
1972 1804 0.01
1972 1979 0.05
1972 3623 0.05
1972 3979 0.01
1972 3384 0.01
1972 968 0.2
1972 1999 0.01
1972 1264 0.2
1972 1768 0.05
1972 3980 0.01
212 2205 0.01
212 1584 0.2
212 636 0.05
212 466 0.05
212 745 0.05
212 456 0.2
212 2773 0.05
212 446 0.01
212 436 0.05
212 1271 0.01
212 656 0.01
212 419 0.01
212 143 0.05
212 526 0.01
212 467 0.05
212 141 0.05
212 208 0.01
212 2103 0.01
212 702 0.2
212 201 0.05
212 1590 0.01
212 139 0.05
212 219 0.05
212 3454 0.2
212 1168 0.01
212 2440 0.2
212 648 0.2
212 214 0.2
212 206 0.05
212 7 0.05
212 2380 0.05
212 2125 0.2
212 211 0.2
212 199 0.01
212 217 0.2
212 655 0.2
212 145 0.05
212 567 0.01
212 580 0.05
212 2227 0.01
212 140 0.01
212 218 0.05
212 235 0.05
212 220 0.05
212 653 0.01
212 1447 0.2
212 2062 0.2
212 805 0.01
212 473 0.2
212 975 0.01
212 1265 0.05
212 207 0.2
212 194 0.01
212 192 0.01
2182 1164 0.01
2182 1784 0.2
2182 2281 0.2
2182 472 0.2
2182 16 0.05
2182 1588 0.2
2182 1103 0.01
2182 975 0.01
2182 427 0.05
2182 140 0.01
2182 209 0.05
2182 2417 0.05
2182 567 0.01
2182 1175 0.01
2182 658 0.01
2182 213 0.2
2182 3981 0.2
2182 211 0.01
2182 2773 0.2
2182 455 0.01
2182 146 0.05
2182 2096 0.01
2182 2796 0.05
2182 652 0.01
2182 216 0.2
2182 8 0.05
2182 2018 0.2
2182 7 0.01
2182 3982 0.2
2182 3983 0.01
2182 3984 0.01
2182 1219 0.2
2182 1168 0.2
2182 3985 0.2
2182 208 0.01
2182 1705 0.01
2182 3986 0.2
2182 563 0.01
2182 212 0.01
2182 2054 0.05
2182 1922 0.2
3987 3988 0.05
211 439 0.05
211 496 0.01
211 254 0.2
211 805 0.05
211 447 0.01
211 202 0.01
211 422 0.01
211 1148 0.2
211 1596 0.01
211 1152 0.2
211 636 0.2
211 3068 0.01
211 1523 0.01
211 515 0.2
211 3989 0.2
211 3057 0.01
211 1270 0.01
211 523 0.2
211 371 0.2
211 1520 0.01
211 17 0.2
211 94 0.01
211 421 0.05
211 745 0.01
211 562 0.2
211 3020 0.05
211 142 0.2
211 452 0.2
211 197 0.2
211 2089 0.01
211 214 0.2
211 1037 0.05
211 436 0.2
211 658 0.2
211 521 0.2
211 1171 0.05
211 647 0.05
211 1172 0.05
211 2417 0.01
211 3479 0.01
211 124 0.01
211 1277 0.05
211 2063 0.05
211 1658 0.05
211 1524 0.01
211 210 0.05
211 193 0.2
211 54 0.2
211 1654 0.05
211 2182 0.05
211 190 0.2
211 652 0.2
211 645 0.05
211 1724 0.01
211 1705 0.2
211 201 0.2
211 145 0.01
211 139 0.05
211 216 0.2
211 1259 0.05
211 204 0.01
211 654 0.2
211 3135 0.01
211 363 0.05
211 195 0.2
211 212 0.2
211 2062 0.2
211 1748 0.05
211 655 0.2
211 238 0.01
211 2179 0.01
211 218 0.05
211 516 0.2
211 88 0.2
211 224 0.2
211 1344 0.2
211 1265 0.01
211 1105 0.05
211 206 0.01
211 213 0.01
211 526 0.05
211 1262 0.01
211 192 0.05
211 217 0.2
211 11 0.2
211 7 0.05
211 3384 0.2
3990 3038 0.01
3990 133 0.2
3990 1264 0.01
3990 3991 0.2
653 442 0.05
653 432 0.01
653 196 0.05
653 2214 0.01
653 514 0.05
653 426 0.01
653 661 0.05
653 16 0.2
653 124 0.01
653 1591 0.05
653 1149 0.01
653 1168 0.05
653 1258 0.2
653 3735 0.01
653 3211 0.05
653 2122 0.05
653 3310 0.05
653 452 0.05
653 647 0.05
653 526 0.01
653 563 0.01
653 1171 0.01
653 219 0.2
653 2059 0.05
653 238 0.2
653 201 0.2
653 1172 0.2
653 2418 0.01
653 209 0.05
653 1422 0.01
653 3992 0.2
653 199 0.01
653 1170 0.05
653 580 0.01
653 3927 0.2
653 1524 0.01
653 194 0.2
653 534 0.05
653 2102 0.2
653 658 0.2
653 417 0.2
653 197 0.01
653 139 0.01
653 1975 0.01
653 1541 0.01
653 655 0.05
653 2179 0.01
653 1748 0.01
653 206 0.05
653 2557 0.01
653 1705 0.2
653 226 0.2
653 1445 0.2
653 2378 0.05
653 1167 0.01
653 217 0.01
653 1899 0.01
653 220 0.05
653 27 0.01
653 1769 0.2
653 2799 0.2
653 1797 0.2
653 3891 0.2
653 3993 0.05
653 211 0.05
653 85 0.2
653 1447 0.05
653 212 0.01
653 3406 0.2
653 3801 0.2
653 207 0.05
653 3994 0.2
653 1346 0.01
653 3038 0.01
653 1974 0.01
653 133 0.05
653 3447 0.01
3995 3956 0.2
3995 3996 0.05
3995 3480 0.05
3995 1975 0.2
3997 2164 0.05
3997 3787 0.01
1588 1719 0.05
1588 443 0.01
1588 1135 0.01
1588 1138 0.01
1588 2235 0.2
1588 143 0.2
1588 146 0.2
1588 1684 0.2
1588 3998 0.05
1588 3642 0.2
1588 631 0.01
1588 2167 0.2
1588 1681 0.2
1588 629 0.05
1588 632 0.2
1588 630 0.01
1588 2141 0.2
1588 639 0.05
1588 202 0.2
1588 419 0.2
1588 1523 0.01
1588 1152 0.01
1588 642 0.05
1588 1164 0.05
1588 417 0.05
1588 1589 0.2
1588 3519 0.2
1588 217 0.01
1588 449 0.05
1588 219 0.01
1588 437 0.2
1588 435 0.05
1588 222 0.01
1588 439 0.2
1588 2075 0.2
1588 1673 0.05
1588 1526 0.05
1588 515 0.05
1588 213 0.2
1588 447 0.2
1588 454 0.01
1588 652 0.01
1588 453 0.2
1588 446 0.2
1588 640 0.05
1588 458 0.05
1588 517 0.01
1588 450 0.2
1588 648 0.01
1588 466 0.05
1588 564 0.05
1588 658 0.05
1588 9 0.2
1588 140 0.2
1588 85 0.05
1588 211 0.01
1588 975 0.01
1588 451 0.2
1588 465 0.01
1588 794 0.2
1588 523 0.05
1588 371 0.2
1588 1784 0.05
1588 363 0.05
1588 94 0.01
1588 563 0.05
1588 440 0.01
1588 1172 0.05
1588 522 0.2
1588 199 0.2
1588 518 0.05
1588 438 0.2
1588 7 0.01
1588 1273 0.05
1588 1180 0.05
1588 656 0.05
1588 2213 0.05
1588 464 0.01
1588 436 0.05
1588 1519 0.01
1588 3999 0.01
1588 514 0.01
1588 1724 0.01
1588 3384 0.05
1588 463 0.05
1588 1705 0.01
1588 1591 0.01
1588 197 0.2
1588 1171 0.01
1588 433 0.05
1588 3385 0.2
1588 192 0.05
1588 1165 0.05
1588 521 0.01
1588 194 0.2
1588 452 0.01
1588 473 0.2
1588 1524 0.05
1588 124 0.2
1588 193 0.2
4000 2180 0.05
4000 473 0.2
3849 2848 0.05
3849 3185 0.2
3849 2013 0.01
3849 1264 0.01
1834 463 0.05
1834 218 0.05
1834 1974 0.01
1834 1745 0.01
1834 3038 0.01
1834 9 0.01
839 238 0.01
839 4001 0.05
839 471 0.05
839 2720 0.05
839 1645 0.2
839 1265 0.01
839 965 0.05
839 217 0.05
839 242 0.01
839 645 0.2
839 194 0.05
839 192 0.01
839 212 0.05
839 142 0.05
839 702 0.2
839 213 0.01
839 220 0.2
839 208 0.01
839 199 0.05
839 1653 0.01
839 845 0.2
839 654 0.2
839 1259 0.01
839 1261 0.05
839 3132 0.05
839 3611 0.05
839 1885 0.01
839 3543 0.01
839 4002 0.2
839 216 0.05
839 649 0.01
839 219 0.05
839 473 0.05
839 428 0.05
839 1167 0.2
839 2184 0.01
839 2013 0.01
839 1666 0.2
839 4003 0.2
839 452 0.01
839 4004 0.01
839 237 0.2
839 94 0.05
839 141 0.05
3402 665 0.2
3402 7 0.01
3402 207 0.05
3402 224 0.01
3402 1258 0.2
3402 206 0.05
3402 2458 0.01
3402 213 0.2
3402 3159 0.2
3402 142 0.01
3402 1590 0.2
3402 1885 0.05
3402 1723 0.2
3402 199 0.2
3402 2380 0.01
3402 145 0.2
3402 3137 0.01
3402 220 0.05
3402 1833 0.05
3402 4005 0.01
3402 4006 0.05
3402 4007 0.05
3402 3404 0.05
3402 133 0.2
3360 215 0.01
3360 1265 0.05
3360 208 0.05
3360 3369 0.2
3360 2727 0.05
793 452 0.05
793 2240 0.05
793 1152 0.2
793 4008 0.01
793 1272 0.01
793 1253 0.2
793 3273 0.2
793 4009 0.01
793 4010 0.01
793 4011 0.01
793 4012 0.2
793 1273 0.01
793 2796 0.2
793 3735 0.05
793 1259 0.2
793 3211 0.05
793 4013 0.2
793 88 0.05
793 2280 0.2
793 1170 0.2
793 1165 0.05
793 417 0.01
793 3310 0.2
793 4014 0.05
793 4015 0.05
793 216 0.2
793 213 0.2
793 198 0.05
793 1524 0.2
793 4016 0.05
793 4017 0.01
793 2419 0.05
793 2125 0.05
793 2013 0.2
793 3404 0.05
793 4018 0.05
793 2557 0.2
793 2179 0.01
793 4019 0.01
793 226 0.01
793 4020 0.05
793 652 0.2
793 212 0.2
793 4021 0.05
793 1913 0.01
793 4022 0.2
793 2768 0.2
793 3786 0.01
793 1725 0.01
793 2935 0.2
793 3623 0.01
793 4023 0.01
793 207 0.05
793 4024 0.05
793 2145 0.2
793 3542 0.05
793 2532 0.05
793 840 0.01
793 473 0.05
793 4025 0.01
793 665 0.05
793 218 0.05
793 3447 0.05
793 4026 0.01
793 3337 0.2
793 3038 0.05
793 3359 0.05
793 1279 0.01
793 4027 0.2
793 3802 0.05
793 94 0.2
793 3978 0.2
793 4028 0.2
793 963 0.05
793 3620 0.05
793 3956 0.2
793 3231 0.05
793 3195 0.01
793 214 0.05
793 1447 0.01
793 1481 0.2
793 146 0.01
793 3369 0.01
793 2417 0.01
793 142 0.05
793 3349 0.2
793 1351 0.2
793 4029 0.05
793 208 0.01
793 849 0.05
3293 1886 0.2
3293 3529 0.01
3293 1975 0.2
3293 2800 0.01
3293 228 0.01
3293 1598 0.2
3293 841 0.2
3293 1981 0.01
3293 1277 0.01
3293 94 0.05
3293 3147 0.2
3293 1997 0.2
3293 13 0.01
3293 664 0.05
3293 749 0.05
3293 968 0.05
3293 1979 0.2
3293 1194 0.01
3293 3108 0.2
3293 140 0.05
3293 4030 0.01
3293 1999 0.01
3293 213 0.01
2235 2697 0.05
2235 4031 0.2
2235 2081 0.2
2235 2082 0.01
2235 1680 0.2
2235 1150 0.2
2235 2088 0.05
2235 1540 0.05
2235 1155 0.05
2235 2125 0.01
2235 496 0.05
2235 1248 0.05
2235 1136 0.2
2235 4032 0.05
2235 1516 0.2
2235 4033 0.01
2235 1682 0.05
2235 2085 0.01
2235 2076 0.2
2235 1249 0.2
2235 278 0.05
2235 1588 0.05
2235 2481 0.2
2235 2241 0.05
2235 1954 0.2
2235 2598 0.01
2235 473 0.05
2235 2205 0.01
2235 1254 0.01
2235 3046 0.01
2235 1735 0.01
2235 463 0.2
2235 1250 0.2
2235 747 0.05
2235 1489 0.05
2235 1164 0.01
2235 4034 0.2
2235 2279 0.2
2235 1443 0.01
2235 4001 0.2
2235 1918 0.01
2235 436 0.05
2235 1586 0.05
2235 1736 0.2
2235 437 0.01
2235 659 0.01
2235 228 0.2
2235 1138 0.05
2235 2700 0.2
2235 2221 0.05
2235 3285 0.01
2235 640 0.05
2235 837 0.2
2235 631 0.2
2235 1141 0.01
2235 1143 0.2
2235 2226 0.05
2235 4035 0.05
2235 425 0.01
2235 1686 0.05
2235 4036 0.05
2235 1146 0.05
2235 635 0.2
2235 1422 0.2
2235 1584 0.2
2235 2244 0.05
2235 4037 0.2
2235 629 0.01
2235 1718 0.05
2235 1687 0.05
2235 660 0.2
2235 4038 0.05
2235 422 0.05
2235 790 0.05
2235 3502 0.01
2235 2237 0.2
2235 1737 0.05
2235 3226 0.2
2235 1583 0.2
2235 2168 0.05
2235 2701 0.01
2235 1593 0.2
2235 424 0.01
2235 1423 0.2
2235 419 0.05
2235 3588 0.05
2235 1142 0.05
2235 2305 0.2
2235 1674 0.2
2235 655 0.01
2235 3000 0.05
2235 1413 0.05
2235 468 0.2
2235 1135 0.01
2235 140 0.05
2235 1702 0.01
2235 3505 0.01
2235 2242 0.01
2235 2079 0.05
2235 1178 0.2
3880 1591 0.01
3880 192 0.01
3880 146 0.05
3880 7 0.01
3880 965 0.2
3880 143 0.2
3880 215 0.01
3880 473 0.2
3880 1835 0.05
3880 1216 0.01
3880 1975 0.2
3880 217 0.01
3880 212 0.01
3880 3038 0.01
3880 2001 0.01
3880 1258 0.01
3880 1797 0.2
3880 207 0.2
3880 213 0.05
3880 2378 0.01
3880 197 0.05
3880 1897 0.2
3880 52 0.2
3880 963 0.01
3880 133 0.2
3880 3384 0.01
3880 142 0.05
3880 275 0.05
216 422 0.01
216 432 0.01
216 636 0.01
216 2171 0.01
216 465 0.05
216 4039 0.2
216 4040 0.2
216 3273 0.01
216 2163 0.01
216 1689 0.2
216 449 0.2
216 371 0.2
216 440 0.01
216 3455 0.05
216 466 0.05
216 3999 0.05
216 4041 0.2
216 2281 0.2
216 1273 0.2
216 454 0.05
216 2061 0.01
216 3949 0.01
216 226 0.05
216 3543 0.01
216 514 0.01
216 1257 0.2
216 3211 0.05
216 3195 0.2
216 4042 0.2
216 2122 0.2
216 238 0.05
216 2125 0.01
216 1256 0.05
216 521 0.2
216 213 0.01
216 3912 0.01
216 3149 0.2
216 1724 0.01
216 1592 0.01
216 200 0.05
216 793 0.05
216 124 0.2
216 647 0.01
216 1524 0.01
216 562 0.05
216 661 0.01
216 652 0.05
216 143 0.01
216 188 0.01
216 1168 0.05
216 665 0.05
216 1259 0.2
216 196 0.01
216 467 0.01
216 9 0.2
216 191 0.01
216 219 0.01
216 3913 0.2
216 2102 0.01
216 658 0.05
216 193 0.05
216 1654 0.05
216 645 0.2
216 1974 0.01
216 2380 0.01
216 649 0.05
216 1171 0.05
216 651 0.05
216 141 0.01
216 211 0.2
216 3159 0.05
216 648 0.01
216 2179 0.05
216 930 0.01
216 1769 0.05
216 805 0.2
216 4043 0.2
216 133 0.05
216 4044 0.01
1835 4045 0.05
1835 218 0.2
1835 217 0.01
1835 3346 0.2
1835 1745 0.05
1835 1997 0.01
1835 3044 0.05
1835 2801 0.2
1835 235 0.05
1835 1265 0.05
1835 1753 0.2
1835 1829 0.2
1835 3873 0.05
1835 3384 0.2
1835 1447 0.2
1835 2013 0.2
4046 2245 0.05
1510 2258 0.05
1510 94 0.01
1510 208 0.05
2074 3250 0.05
2074 1135 0.05
2074 1164 0.01
2074 454 0.01
2074 516 0.01
2074 1413 0.05
2074 3283 0.01
2074 471 0.05
2074 419 0.01
2074 1161 0.01
2074 4047 0.01
2074 3226 0.2
2074 661 0.01
2074 2125 0.01
2074 3082 0.05
2074 1524 0.05
1163 472 0.2
1163 422 0.05
1163 3508 0.01
1163 4048 0.05
1163 647 0.01
1163 3191 0.01
1163 1595 0.01
1163 419 0.01
1163 203 0.2
1163 1526 0.01
1163 439 0.2
1163 518 0.2
1163 447 0.01
1163 461 0.2
1163 228 0.2
1163 515 0.2
1163 451 0.2
1163 442 0.05
1163 1255 0.2
1163 4049 0.2
1163 794 0.05
1163 3999 0.01
1163 201 0.2
1163 1689 0.2
1163 1720 0.2
1163 1422 0.2
1163 2214 0.01
1163 192 0.01
1163 1171 0.05
1163 452 0.2
1163 652 0.01
1163 213 0.05
4050 4051 0.05
4050 4052 0.01
4050 4053 0.05
4050 194 0.05
4050 212 0.05
4050 192 0.05
4054 2937 0.05
4054 3135 0.01
6 1584 0.01
6 466 0.01
6 562 0.01
6 1649 0.01
6 1517 0.01
6 1589 0.05
6 113 0.01
6 3468 0.01
6 1265 0.05
6 645 0.05
6 213 0.01
6 465 0.01
6 563 0.05
6 419 0.01
6 108 0.05
6 649 0.01
6 238 0.2
6 2281 0.2
6 2214 0.01
6 792 0.01
6 146 0.01
6 197 0.01
6 443 0.01
6 143 0.2
6 514 0.01
6 655 0.05
6 428 0.01
6 219 0.01
6 2125 0.01
6 140 0.05
6 1665 0.05
6 208 0.2
6 196 0.05
6 521 0.01
6 656 0.05
6 1654 0.2
6 3310 0.05
6 1257 0.05
6 436 0.2
6 472 0.2
6 3512 0.05
6 5 0.05
6 1885 0.2
6 455 0.2
6 947 0.2
6 467 0.2
6 473 0.2
6 8 0.05
6 2102 0.01
6 2724 0.2
6 226 0.2
6 1658 0.01
6 1590 0.01
6 438 0.2
6 1168 0.2
6 654 0.05
6 657 0.05
6 220 0.2
6 2720 0.2
6 1468 0.01
6 228 0.05
6 652 0.05
6 4055 0.01
6 2380 0.2
6 206 0.01
6 568 0.2
6 7 0.01
6 1258 0.05
6 199 0.2
6 1997 0.01
6 1543 0.01
6 1591 0.2
6 840 0.05
6 2557 0.05
6 702 0.05
6 94 0.2
6 4056 0.2
6 227 0.2
6 192 0.01
6 1833 0.01
6 85 0.01
6 194 0.05
6 1976 0.05
6 1592 0.2
6 841 0.2
6 1346 0.05
6 237 0.05
6 1598 0.01
6 658 0.05
6 2178 0.01
6 2500 0.01
6 1279 0.05
6 667 0.2
6 9 0.2
1168 1685 0.2
1168 850 0.05
1168 194 0.01
1168 3735 0.01
1168 443 0.05
1168 526 0.01
1168 648 0.05
1168 2417 0.2
1168 1134 0.05
1168 7 0.05
1168 440 0.01
1168 216 0.01
1168 124 0.05
1168 1169 0.2
1168 1170 0.05
1168 645 0.2
1168 518 0.2
1168 237 0.2
1168 3121 0.01
1168 2102 0.01
1168 2178 0.2
1168 3927 0.01
1168 2182 0.05
1168 4057 0.01
1168 1654 0.2
1168 4058 0.01
1168 196 0.01
1168 652 0.01
1168 1422 0.05
1168 145 0.2
1168 2728 0.01
1168 975 0.01
1168 8 0.2
1168 3332 0.2
1168 1653 0.05
1168 470 0.05
1168 190 0.2
1168 208 0.2
1168 1524 0.01
1168 1997 0.2
1168 968 0.05
1168 3401 0.2
1168 4002 0.01
1168 438 0.05
1168 550 0.05
1168 3033 0.01
1168 2103 0.01
1168 665 0.01
1168 219 0.2
1168 6 0.05
1168 1176 0.01
1168 2798 0.01
1168 1261 0.05
1168 235 0.05
1168 4007 0.2
1168 94 0.05
1168 207 0.05
1168 1886 0.2
1168 1705 0.2
1168 473 0.05
1168 204 0.01
1168 516 0.05
1168 3135 0.01
1168 139 0.2
1168 226 0.01
1168 3517 0.05
1168 206 0.01
1168 455 0.05
1168 2122 0.01
1168 1797 0.2
1168 2184 0.01
1168 197 0.01
1168 3611 0.2
1168 3543 0.01
1168 2380 0.05
1168 195 0.01
1168 3333 0.01
1168 1666 0.01
1168 2099 0.05
1168 843 0.2
1168 655 0.05
1168 212 0.05
1168 192 0.01
1168 201 0.01
1168 3140 0.2
1168 2744 0.05
1168 3132 0.2
1168 452 0.01
2012 3926 0.01
2012 2327 0.01
2012 94 0.2
2012 483 0.05
2012 1447 0.01
2012 209 0.01
2012 201 0.2
2012 2355 0.01
2012 661 0.2
2012 841 0.05
2012 2059 0.01
2012 7 0.2
2012 702 0.05
2012 2011 0.2
2012 2060 0.01
2012 1149 0.2
2012 563 0.05
2012 4059 0.01
2012 124 0.05
2012 1258 0.05
2179 1165 0.05
2179 661 0.01
2179 2099 0.05
2179 2532 0.05
2179 3135 0.2
2179 235 0.2
2179 655 0.05
2179 363 0.05
2179 1149 0.01
2179 195 0.2
2179 204 0.05
2179 2329 0.05
2179 452 0.05
2179 1260 0.05
2179 1174 0.01
2179 145 0.01
2179 216 0.05
2179 1356 0.2
2179 1175 0.2
2179 653 0.05
2179 207 0.2
2179 1591 0.2
2179 518 0.05
2179 1590 0.2
2179 793 0.05
2179 1265 0.2
2179 223 0.05
2179 7 0.05
2179 955 0.01
2179 211 0.2
2179 194 0.05
2179 1753 0.01
2179 3395 0.2
2179 226 0.05
2179 94 0.01
2179 218 0.2
2179 1422 0.2
2179 3529 0.01
2179 473 0.05
2179 470 0.01
2179 2937 0.01
2179 684 0.05
2179 702 0.2
2179 199 0.01
2179 1797 0.05
2179 580 0.05
2179 658 0.2
2179 969 0.2
2179 2768 0.05
2179 219 0.01
2180 579 0.05
2180 220 0.01
2180 1446 0.2
2180 212 0.05
2180 567 0.05
2180 216 0.05
2180 1279 0.2
2180 2653 0.01
2180 142 0.01
2180 3891 0.01
2180 1447 0.01
3297 194 0.05
3297 237 0.01
4060 520 0.01
4060 665 0.05
4060 133 0.05
4060 3126 0.2
4060 1797 0.2
655 146 0.2
655 416 0.2
655 2698 0.05
655 637 0.01
655 645 0.01
655 635 0.2
655 9 0.01
655 466 0.01
655 659 0.2
655 562 0.2
655 1918 0.05
655 3285 0.01
655 1653 0.2
655 209 0.2
655 1584 0.01
655 1161 0.05
655 634 0.05
655 424 0.2
655 628 0.2
655 1141 0.01
655 436 0.2
655 2235 0.01
655 1335 0.01
655 1586 0.01
655 2205 0.05
655 448 0.01
655 1520 0.01
655 196 0.2
655 2125 0.2
655 143 0.05
655 837 0.05
655 238 0.2
655 419 0.2
655 432 0.01
655 417 0.01
655 435 0.2
655 1148 0.2
655 462 0.05
655 517 0.05
655 437 0.2
655 428 0.01
655 514 0.2
655 3200 0.01
655 439 0.2
655 1519 0.05
655 520 0.2
655 515 0.01
655 451 0.05
655 1526 0.05
655 458 0.05
655 975 0.05
655 805 0.2
655 88 0.2
655 1272 0.05
655 1254 0.01
655 464 0.05
655 460 0.2
655 465 0.05
655 564 0.05
655 2433 0.05
655 94 0.2
655 653 0.2
655 1590 0.01
655 649 0.2
655 2483 0.01
655 199 0.01
655 194 0.05
655 226 0.2
655 219 0.2
655 124 0.05
655 563 0.01
655 211 0.05
655 452 0.01
655 192 0.2
655 1599 0.2
655 658 0.05
655 976 0.2
655 526 0.2
655 195 0.2
655 656 0.01
655 3132 0.01
655 145 0.01
655 197 0.01
655 228 0.01
655 648 0.05
655 2380 0.05
655 363 0.05
655 1447 0.2
655 1168 0.05
655 2061 0.01
655 455 0.2
655 217 0.2
655 473 0.2
655 7 0.01
655 193 0.05
655 203 0.2
655 212 0.2
3454 220 0.2
3454 191 0.01
3454 440 0.2
3454 9 0.2
3454 212 0.05
3454 2327 0.05
3454 94 0.05
3454 3144 0.01
3454 1751 0.05
3454 213 0.2
3454 217 0.2
4061 468 0.2
4061 142 0.2
4061 969 0.01
1724 424 0.01
1724 3511 0.05
1724 1740 0.01
1724 431 0.2
1724 1522 0.2
1724 441 0.05
1724 1521 0.05
1724 2214 0.2
1724 453 0.05
1724 1518 0.01
1724 3644 0.05
1724 2178 0.01
1724 521 0.01
1724 1265 0.01
1724 3737 0.2
1724 459 0.01
1724 463 0.01
1724 3194 0.2
1724 16 0.01
1724 464 0.01
1724 433 0.2
1724 647 0.05
1724 85 0.05
1724 1588 0.2
1724 1591 0.01
1724 1273 0.01
1724 436 0.05
1724 203 0.01
1724 237 0.2
1724 209 0.2
1724 4062 0.2
1724 1658 0.2
1724 434 0.2
1724 428 0.2
1724 1974 0.01
1724 651 0.2
1724 205 0.2
1724 3913 0.01
1724 210 0.05
1724 1262 0.05
1724 645 0.05
1724 1524 0.2
1724 468 0.2
1724 211 0.05
1724 947 0.2
1724 216 0.2
1724 1997 0.01
1724 195 0.2
1724 197 0.2
1724 218 0.2
1724 658 0.2
1724 2702 0.2
1724 3927 0.05
1724 563 0.2
1724 1654 0.01
1724 2096 0.05
1724 1972 0.01
1724 3542 0.05
1724 565 0.2
1724 975 0.2
1724 193 0.05
1724 1913 0.05
1724 67 0.05
1724 54 0.05
1724 526 0.05
1724 2102 0.05
1724 516 0.2
1724 1167 0.05
1724 194 0.05
1724 452 0.2
1724 1541 0.2
1724 201 0.05
1724 145 0.01
1724 965 0.2
1724 649 0.01
1724 648 0.2
1724 7 0.01
1724 1261 0.2
1724 1543 0.05
1724 2380 0.2
1724 220 0.01
1724 3404 0.2
1724 1885 0.2
1724 208 0.05
1724 455 0.01
1724 657 0.01
1724 207 0.2
1724 1590 0.2
1724 222 0.01
1724 2062 0.05
1724 142 0.05
1724 213 0.05
1724 94 0.2
1724 1277 0.05
4063 3447 0.01
468 1735 0.05
468 1584 0.2
468 414 0.01
468 660 0.05
468 630 0.2
468 409 0.01
468 463 0.2
468 635 0.2
468 1523 0.01
468 792 0.01
468 462 0.01
468 3469 0.01
468 193 0.01
468 1718 0.2
468 422 0.2
468 3468 0.01
468 1152 0.05
468 1597 0.01
468 4064 0.01
468 2075 0.01
468 419 0.01
468 1884 0.05
468 3068 0.2
468 196 0.01
468 442 0.05
468 222 0.01
468 2214 0.2
468 438 0.2
468 471 0.2
468 643 0.01
468 208 0.2
468 203 0.01
468 88 0.01
468 3249 0.2
468 218 0.2
468 3200 0.05
468 2171 0.2
468 3188 0.05
468 1255 0.01
468 458 0.01
468 444 0.05
468 466 0.2
468 793 0.2
468 4065 0.2
468 237 0.2
468 447 0.05
468 515 0.05
468 363 0.05
468 1253 0.2
468 465 0.01
468 201 0.2
468 1257 0.2
468 450 0.05
468 1260 0.05
468 794 0.2
468 2211 0.01
468 1519 0.2
468 1689 0.05
468 3894 0.05
468 3706 0.2
468 4066 0.01
468 2345 0.2
468 1655 0.05
468 192 0.2
468 1940 0.01
468 2063 0.01
468 1705 0.05
468 941 0.05
468 2380 0.01
468 1445 0.05
468 8 0.2
468 649 0.2
468 195 0.2
468 3543 0.05
468 3346 0.01
468 194 0.2
468 199 0.2
468 975 0.2
468 139 0.2
468 563 0.2
468 133 0.05
468 226 0.2
468 143 0.05
468 146 0.01
468 197 0.2
1524 648 0.2
1524 1103 0.01
1524 2345 0.2
1524 238 0.2
1524 1592 0.2
1524 145 0.05
1524 661 0.05
1524 146 0.2
1524 3399 0.2
1524 1997 0.01
1524 142 0.01
1524 220 0.2
1524 1168 0.2
1524 3912 0.2
1524 842 0.05
1524 1913 0.01
1524 758 0.01
1524 975 0.2
1524 849 0.2
1524 2284 0.05
1524 237 0.05
1524 610 0.01
1524 978 0.01
1524 228 0.2
1524 1295 0.05
1524 2292 0.2
1524 133 0.05
1524 1599 0.05
1524 1447 0.05
4067 1587 0.01
4067 1745 0.01
645 655 0.2
645 1593 0.2
645 2229 0.2
645 3046 0.05
645 1584 0.2
645 2238 0.01
645 702 0.01
645 1586 0.2
645 1684 0.2
645 412 0.01
645 631 0.01
645 4068 0.01
645 1161 0.01
645 222 0.01
645 2301 0.05
645 2246 0.05
645 199 0.2
645 3686 0.2
645 450 0.2
645 2169 0.01
645 2530 0.05
645 2243 0.05
645 409 0.2
645 2166 0.2
645 2160 0.01
645 445 0.05
645 419 0.01
645 430 0.05
645 416 0.2
645 431 0.01
645 1654 0.05
645 428 0.05
645 1164 0.01
645 1162 0.05
645 630 0.05
645 432 0.01
645 426 0.2
645 1336 0.2
645 639 0.2
645 837 0.2
645 6 0.2
645 640 0.2
645 644 0.05
645 466 0.2
645 422 0.05
645 3468 0.01
645 9 0.05
645 238 0.05
645 562 0.01
645 2211 0.01
645 460 0.05
645 521 0.05
645 2214 0.05
645 436 0.05
645 4069 0.01
645 473 0.01
645 3309 0.01
645 94 0.05
645 1149 0.01
645 2418 0.2
645 1653 0.05
645 526 0.05
645 563 0.05
645 206 0.05
645 2013 0.05
645 1172 0.05
645 205 0.05
645 2096 0.01
645 658 0.2
645 1940 0.05
645 3927 0.05
645 3082 0.01
645 216 0.01
645 652 0.05
645 195 0.2
645 143 0.01
645 1724 0.05
645 3586 0.2
645 237 0.01
645 468 0.2
645 1168 0.2
645 208 0.2
645 217 0.01
645 190 0.01
645 1219 0.05
645 211 0.01
645 3332 0.05
645 839 0.05
645 142 0.05
645 649 0.05
645 648 0.01
645 1885 0.01
645 141 0.2
645 3035 0.01
645 201 0.01
645 452 0.2
3611 4042 0.2
3611 4070 0.2
3611 443 0.2
3611 1265 0.05
3611 4071 0.05
3611 1705 0.2
3611 216 0.2
3611 1524 0.2
3611 213 0.01
3611 208 0.05
3611 142 0.2
3611 1446 0.05
3611 145 0.05
3611 85 0.01
3611 1259 0.01
3611 839 0.2
3611 656 0.01
3611 2799 0.01
3611 1645 0.05
3611 197 0.05
3611 2179 0.01
3611 1797 0.01
3611 1149 0.2
3611 218 0.01
3611 3093 0.01
3611 220 0.01
3611 195 0.2
3611 3038 0.2
3611 3346 0.05
3611 4072 0.2
3611 2099 0.05
3611 473 0.01
3611 141 0.05
3611 900 0.2
3611 217 0.01
3611 452 0.05
3611 2001 0.2
3611 1168 0.05
3611 143 0.01
3611 3543 0.01
4073 426 0.2
4073 793 0.2
4073 4074 0.01
4073 1165 0.05
4073 649 0.2
4073 191 0.01
4073 1524 0.01
4073 197 0.2
4073 208 0.01
4073 8 0.2
4073 220 0.05
3538 3512 0.05
3538 193 0.05
3538 563 0.05
3538 440 0.05
3538 197 0.01
3538 201 0.2
3538 3832 0.01
3538 4062 0.05
3538 214 0.05
3538 1168 0.01
3538 1422 0.2
3538 216 0.2
3538 1171 0.01
3538 2791 0.05
3538 4075 0.2
3538 2063 0.01
3538 208 0.05
3538 4002 0.2
3538 4057 0.2
3538 7 0.05
3538 145 0.05
3538 1265 0.05
3538 3953 0.05
3538 213 0.05
3538 3133 0.2
3538 842 0.05
3538 2103 0.05
3538 841 0.01
3538 141 0.05
3538 649 0.2
3538 212 0.01
3538 2796 0.01
3538 217 0.01
3538 3227 0.01
3538 207 0.05
3538 1172 0.2
3538 3332 0.2
3538 210 0.2
3538 652 0.2
3538 205 0.2
195 1248 0.01
195 946 0.2
195 1898 0.2
195 636 0.05
195 442 0.01
195 197 0.05
195 1526 0.01
195 464 0.05
195 3511 0.01
195 3273 0.05
195 3248 0.2
195 436 0.2
195 2216 0.2
195 1744 0.01
195 2281 0.05
195 2214 0.2
195 2811 0.2
195 522 0.2
195 463 0.2
195 1653 0.2
195 1591 0.05
195 2096 0.01
195 647 0.05
195 565 0.01
195 188 0.01
195 1170 0.2
195 3243 0.05
195 4015 0.05
195 568 0.05
195 1655 0.05
195 199 0.01
195 1172 0.2
195 124 0.2
195 2702 0.2
195 3242 0.2
195 1724 0.01
195 970 0.05
195 1940 0.05
195 526 0.05
195 645 0.01
195 1942 0.05
195 1590 0.05
195 1654 0.05
195 1134 0.05
195 473 0.01
195 4076 0.05
195 8 0.01
195 146 0.2
195 518 0.01
195 438 0.01
195 702 0.05
195 2013 0.2
195 468 0.2
195 7 0.2
195 1259 0.01
195 139 0.05
195 4077 0.05
195 452 0.2
195 1797 0.2
195 4078 0.01
195 363 0.05
195 3125 0.05
195 1167 0.01
195 3611 0.01
195 471 0.05
195 201 0.2
195 841 0.05
195 1885 0.05
195 11 0.01
195 658 0.2
195 1168 0.01
195 145 0.05
195 1356 0.05
195 3140 0.2
195 2798 0.01
195 3093 0.01
195 4079 0.01
195 192 0.05
195 2179 0.01
195 1705 0.01
195 2694 0.05
195 194 0.2
195 206 0.05
195 655 0.05
195 1599 0.2
195 207 0.01
195 211 0.01
195 1262 0.05
195 3132 0.05
195 3543 0.05
195 94 0.01
195 563 0.01
469 567 0.05
410 2077 0.2
410 419 0.2
410 629 0.2
410 643 0.05
410 642 0.2
410 473 0.2
410 449 0.01
410 1722 0.05
410 409 0.01
410 437 0.01
410 1150 0.01
410 1587 0.2
410 639 0.05
410 424 0.01
410 631 0.05
410 194 0.2
4080 4081 0.05
4080 216 0.01
4080 3832 0.05
4080 94 0.01
4080 7 0.01
4080 467 0.01
4080 970 0.2
4080 1261 0.01
4080 1724 0.2
4080 208 0.01
4080 1524 0.2
4080 211 0.2
4080 206 0.01
4080 213 0.01
4080 190 0.2
4080 4082 0.01
4080 1645 0.01
3140 1171 0.2
3140 196 0.2
3140 4083 0.2
3140 428 0.01
3140 209 0.01
3140 1955 0.01
3140 3333 0.01
3140 235 0.2
3140 1829 0.05
3140 195 0.2
3140 3144 0.2
3140 4084 0.2
3140 3132 0.05
3140 2062 0.2
3140 841 0.05
3140 1984 0.2
3140 224 0.05
3140 1168 0.01
3140 1592 0.01
3140 1447 0.01
3140 212 0.01
3562 3211 0.01
3562 636 0.05
3562 88 0.05
3562 516 0.2
3562 975 0.05
3562 211 0.01
3562 661 0.05
3562 483 0.2
3562 2054 0.05
3562 562 0.01
3562 201 0.2
3562 2063 0.01
3562 473 0.05
3562 218 0.05
3562 212 0.2
3562 228 0.01
3562 540 0.05
3562 4085 0.2
3562 197 0.2
3562 3332 0.05
3562 654 0.2
3562 1658 0.01
3125 1665 0.05
3125 4086 0.2
3125 2183 0.05
3125 518 0.05
3125 4087 0.2
3125 4088 0.01
3125 434 0.01
3125 3975 0.01
3125 1163 0.2
3125 1654 0.01
3125 85 0.01
3125 4089 0.01
3125 1171 0.01
3125 146 0.2
3125 4090 0.2
3125 4091 0.05
3125 3121 0.05
3125 3191 0.05
3125 4092 0.2
3125 3912 0.05
3125 3137 0.01
3125 4093 0.05
3125 3353 0.05
3125 1448 0.01
3125 4094 0.2
3125 468 0.2
3125 3134 0.05
3125 4095 0.2
3125 4096 0.01
3125 195 0.01
3125 4097 0.2
3125 3334 0.01
3125 3799 0.2
3125 3139 0.2
3125 969 0.01
3125 213 0.05
3794 196 0.05
3794 3191 0.2
4098 437 0.05
4098 1171 0.05
4098 193 0.05
4098 452 0.01
4098 3093 0.2
4098 3094 0.01
1645 652 0.2
1645 1653 0.01
1645 4071 0.2
1645 702 0.05
1645 444 0.2
1645 4080 0.01
1645 4082 0.01
1645 473 0.01
1645 4099 0.2
1645 7 0.05
1645 3035 0.01
1645 4100 0.01
1645 4101 0.01
1645 3332 0.2
1645 3395 0.2
1645 563 0.01
1645 1149 0.05
1645 2013 0.01
1645 1955 0.2
1645 1447 0.05
1645 2103 0.05
1645 2721 0.2
1645 468 0.05
1645 438 0.01
1645 1168 0.2
1645 4102 0.2
1645 2720 0.2
1645 3611 0.2
1645 3333 0.01
1645 226 0.2
1645 3093 0.05
1645 133 0.01
1645 2327 0.01
649 660 0.05
649 4103 0.01
649 238 0.01
649 1649 0.05
649 417 0.01
649 7 0.05
649 430 0.05
649 438 0.01
649 204 0.01
649 11 0.2
649 2079 0.05
649 447 0.2
649 431 0.2
649 1152 0.05
649 643 0.2
649 1587 0.01
649 1134 0.2
649 453 0.05
649 3942 0.05
649 108 0.2
649 422 0.05
649 702 0.05
649 496 0.2
649 442 0.2
649 446 0.01
649 211 0.01
649 745 0.2
649 441 0.01
649 1784 0.05
649 1522 0.2
649 193 0.01
649 1423 0.2
649 227 0.01
649 517 0.05
649 128 0.01
649 465 0.2
649 463 0.01
649 104 0.05
649 451 0.05
649 219 0.2
649 794 0.05
649 226 0.01
649 449 0.01
649 454 0.01
649 466 0.05
649 526 0.05
649 522 0.01
649 203 0.2
649 2644 0.01
649 436 0.01
649 196 0.2
649 146 0.01
649 94 0.01
649 1172 0.2
649 655 0.01
649 467 0.01
649 6 0.01
649 518 0.05
649 210 0.05
649 1257 0.2
649 563 0.01
649 1265 0.2
649 652 0.01
649 191 0.2
649 190 0.2
649 141 0.01
649 1768 0.01
649 2184 0.2
649 192 0.2
649 201 0.2
649 1524 0.05
649 541 0.2
649 1723 0.2
649 145 0.01
649 143 0.2
649 2063 0.01
649 216 0.05
649 658 0.05
649 2096 0.2
649 516 0.2
649 1705 0.2
649 468 0.01
649 208 0.05
649 661 0.05
649 473 0.2
649 645 0.2
649 1724 0.01
649 656 0.2
649 452 0.05
649 4062 0.2
649 648 0.05
649 3194 0.05
649 217 0.01
649 199 0.2
649 1171 0.01
463 416 0.05
463 1422 0.05
463 1718 0.01
463 1413 0.05
463 419 0.2
463 418 0.05
463 218 0.2
463 1150 0.01
463 1230 0.2
463 2235 0.05
463 630 0.05
463 412 0.05
463 640 0.05
463 214 0.05
463 790 0.2
463 448 0.01
463 3211 0.01
463 562 0.05
463 643 0.2
463 1143 0.01
463 629 0.2
463 1251 0.01
463 1655 0.01
463 423 0.2
463 635 0.01
463 417 0.01
463 1152 0.01
463 641 0.01
463 837 0.2
463 422 0.01
463 1602 0.2
463 439 0.2
463 642 0.2
463 238 0.01
463 1521 0.2
463 443 0.05
463 227 0.2
463 441 0.01
463 223 0.2
463 222 0.01
463 1834 0.05
463 445 0.01
463 515 0.2
463 447 0.01
463 217 0.05
463 658 0.2
463 1689 0.05
463 1164 0.05
463 3188 0.05
463 455 0.2
463 1253 0.2
463 228 0.01
463 88 0.01
463 104 0.05
463 2171 0.2
463 2163 0.2
463 426 0.2
463 7 0.05
463 649 0.05
463 140 0.2
463 789 0.05
463 432 0.2
463 442 0.01
463 647 0.2
463 1520 0.05
463 451 0.01
463 436 0.05
463 459 0.2
463 433 0.01
463 208 0.2
463 2058 0.01
463 1519 0.2
463 192 0.01
463 452 0.05
463 468 0.2
463 219 0.05
463 656 0.2
463 702 0.01
463 124 0.01
463 196 0.2
463 9 0.01
463 453 0.01
463 203 0.2
463 363 0.01
463 195 0.05
463 199 0.05
463 465 0.05
463 197 0.01
463 1588 0.05
463 473 0.01
463 464 0.2
4104 460 0.01
4104 4105 0.2
4104 4106 0.2
4104 4107 0.2
1653 2227 0.2
1653 416 0.05
1653 452 0.2
1653 1584 0.2
1653 1150 0.01
1653 140 0.2
1653 455 0.2
1653 363 0.01
1653 514 0.01
1653 195 0.05
1653 124 0.05
1653 227 0.01
1653 445 0.2
1653 434 0.05
1653 1591 0.2
1653 436 0.05
1653 226 0.01
1653 85 0.2
1653 1257 0.05
1653 238 0.05
1653 645 0.01
1653 2090 0.2
1653 1655 0.2
1653 1723 0.2
1653 9 0.01
1653 6 0.05
1653 210 0.01
1653 4057 0.01
1653 655 0.01
1653 94 0.05
1653 2060 0.05
1653 567 0.2
1653 1590 0.05
1653 658 0.01
1653 213 0.01
1653 199 0.05
1653 1654 0.01
1653 438 0.05
1653 428 0.2
1653 1997 0.2
1653 2380 0.2
1653 190 0.01
1653 237 0.05
1653 654 0.01
1653 651 0.01
1653 473 0.01
1653 1524 0.01
1653 1645 0.2
1653 1724 0.05
1653 1168 0.05
1653 1261 0.2
1653 194 0.05
1653 192 0.2
1653 656 0.01
1653 2702 0.2
1653 146 0.01
1653 219 0.2
1653 2184 0.2
1653 197 0.01
1653 142 0.01
1653 208 0.2
1653 1885 0.01
1653 648 0.05
1653 563 0.01
1653 206 0.05
1653 7 0.2
1653 217 0.01
1653 209 0.05
3644 1724 0.2
3644 473 0.01
3644 1705 0.05
3644 194 0.05
3644 1654 0.01
431 1518 0.05
431 94 0.05
431 631 0.05
431 447 0.2
431 2169 0.01
431 1520 0.2
431 2168 0.01
431 1783 0.05
431 413 0.01
431 2246 0.2
431 1688 0.01
431 1150 0.2
431 3248 0.01
431 473 0.01
431 790 0.01
431 649 0.01
431 422 0.05
431 645 0.05
431 1587 0.01
431 1684 0.2
431 3512 0.2
431 745 0.05
431 1140 0.2
431 466 0.2
431 436 0.05
431 433 0.05
431 417 0.2
431 423 0.05
431 425 0.2
431 1159 0.2
431 642 0.2
431 633 0.01
431 632 0.05
431 526 0.05
431 630 0.01
431 435 0.05
431 452 0.05
431 3188 0.01
431 635 0.01
431 4108 0.05
431 638 0.05
431 2163 0.01
431 1681 0.01
431 3055 0.2
431 641 0.2
431 3691 0.05
431 463 0.01
431 1521 0.01
431 9 0.05
431 104 0.2
431 238 0.05
431 146 0.2
431 441 0.05
431 1164 0.2
431 453 0.2
431 419 0.05
431 1252 0.2
431 794 0.2
745 431 0.01
191 226 0.2
191 4109 0.05
191 417 0.01
191 656 0.05
191 648 0.05
191 4042 0.2
191 219 0.2
191 636 0.01
191 193 0.01
191 2178 0.2
191 3188 0.01
191 649 0.2
191 516 0.2
191 3454 0.2
191 2419 0.05
191 196 0.01
191 3512 0.2
191 1724 0.01
191 211 0.05
191 216 0.05
191 4073 0.01
191 438 0.05
191 452 0.05
191 238 0.2
191 1524 0.01
191 4110 0.01
191 208 0.05
3289 2075 0.05
3289 441 0.2
3289 94 0.05
3289 85 0.05
3289 219 0.01
3289 745 0.05
3289 140 0.2
3289 453 0.01
3289 1143 0.01
3289 641 0.05
3289 647 0.01
3289 1251 0.01
3289 428 0.2
3289 425 0.2
3289 11 0.01
3289 2902 0.05
3289 1265 0.2
3289 1523 0.2
3289 635 0.01
3289 4111 0.01
3289 437 0.05
3289 419 0.05
3289 2141 0.2
3289 447 0.2
3289 2915 0.2
3289 439 0.05
3289 652 0.2
3289 1152 0.01
3289 417 0.01
3289 943 0.05
3289 1164 0.2
3289 2063 0.2
3289 237 0.01
3289 2171 0.2
3289 564 0.05
3289 211 0.05
3289 191 0.2
3289 3288 0.01
3289 454 0.2
3289 17 0.2
3289 442 0.01
3289 466 0.2
3289 514 0.05
3289 2766 0.2
3289 4112 0.01
3289 213 0.05
3289 458 0.01
3289 1722 0.05
1516 1648 0.01
1516 643 0.2
1516 473 0.05
1516 2234 0.01
1516 238 0.2
1516 193 0.2
1516 4113 0.2
1516 3586 0.05
1516 17 0.01
1516 2999 0.05
1516 428 0.2
1516 2699 0.01
1516 2201 0.01
1516 4114 0.2
1516 3583 0.01
1516 2088 0.01
1516 1413 0.01
1516 1176 0.05
1516 2665 0.01
1516 850 0.01
1516 1672 0.01
1516 1680 0.2
1516 3283 0.2
1516 630 0.05
1516 1540 0.01
1516 1679 0.05
1516 2077 0.05
1516 146 0.01
1516 1520 0.2
1516 1136 0.05
1516 2228 0.2
1516 2159 0.05
1516 2235 0.01
1516 4115 0.2
1516 1155 0.01
1516 2206 0.01
1516 1178 0.2
1516 2230 0.2
1516 1249 0.2
1516 2161 0.2
1516 1248 0.01
1516 3285 0.05
1516 9 0.05
1516 2698 0.05
4116 932 0.05
4116 4117 0.05
426 424 0.05
426 1586 0.01
426 3551 0.05
426 465 0.2
426 447 0.2
426 202 0.2
426 2427 0.05
426 211 0.05
426 238 0.05
426 453 0.05
426 464 0.01
426 419 0.05
426 196 0.05
426 435 0.01
426 1037 0.2
426 445 0.05
426 237 0.05
426 203 0.2
426 197 0.2
426 1164 0.05
426 450 0.01
426 1689 0.05
426 523 0.05
426 2063 0.05
426 4118 0.2
426 449 0.2
426 2213 0.05
426 3706 0.2
426 514 0.01
426 2060 0.2
426 3249 0.05
426 656 0.05
426 146 0.01
426 4119 0.2
426 2218 0.2
426 2281 0.01
426 472 0.01
426 2501 0.01
426 653 0.05
3912 1156 0.01
3912 639 0.01
3912 238 0.01
3912 3242 0.2
3912 6 0.01
3912 1171 0.01
3912 4069 0.2
3912 196 0.01
3912 667 0.01
3912 2281 0.2
3912 2215 0.05
3912 1265 0.01
3912 3309 0.05
3912 4120 0.05
3912 3007 0.2
3912 1165 0.2
3912 3243 0.01
3912 216 0.05
3912 1258 0.01
3912 226 0.01
3912 2102 0.01
3912 94 0.01
3912 3927 0.2
3912 4121 0.05
3912 4057 0.05
3912 1592 0.2
3912 85 0.01
3912 665 0.2
3912 8 0.2
3912 4117 0.01
3912 3543 0.01
3912 1524 0.05
3912 1149 0.01
3912 143 0.2
3912 2724 0.2
651 3927 0.2
651 436 0.2
651 194 0.2
651 521 0.2
651 3385 0.05
651 9 0.01
651 702 0.05
651 656 0.01
651 3311 0.05
651 1524 0.05
651 879 0.05
651 192 0.05
651 1259 0.05
651 85 0.05
651 1149 0.2
651 209 0.01
651 199 0.01
651 226 0.01
651 1590 0.2
651 563 0.2
651 4122 0.05
651 658 0.2
651 1891 0.01
651 1745 0.2
651 526 0.05
651 3799 0.05
651 1974 0.05
651 133 0.05
651 197 0.2
651 444 0.2
651 1997 0.2
651 3035 0.05
651 565 0.2
651 842 0.01
651 1134 0.05
651 1829 0.2
651 1277 0.2
651 140 0.05
651 4002 0.05
651 193 0.01
651 1653 0.05
651 94 0.05
651 195 0.05
651 848 0.05
651 1654 0.01
651 1294 0.05
651 1705 0.05
651 17 0.01
651 3396 0.2
651 213 0.2
651 4123 0.05
651 2102 0.05
651 467 0.05
651 216 0.2
651 2154 0.05
651 208 0.2
651 473 0.01
651 206 0.01
651 3136 0.2
651 2840 0.01
651 452 0.01
2530 562 0.01
2530 631 0.01
2530 453 0.05
2530 1584 0.2
2530 4034 0.01
2530 417 0.2
2530 4068 0.01
2530 2089 0.05
2530 2221 0.01
2530 3285 0.01
2530 473 0.01
2530 640 0.05
2530 2238 0.05
2530 639 0.01
2530 426 0.05
2530 419 0.2
2530 2220 0.01
2530 3832 0.2
2530 518 0.05
2530 470 0.01
2530 1143 0.2
2530 1230 0.2
2530 2078 0.05
2530 1105 0.01
2530 629 0.01
2530 1164 0.2
2530 2075 0.05
2530 1413 0.05
2530 1718 0.2
2530 437 0.2
2530 2567 0.01
2530 447 0.2
2530 222 0.2
2530 428 0.2
2530 1443 0.01
2530 645 0.05
2530 630 0.01
2530 642 0.05
2530 422 0.01
2530 425 0.2
2530 1135 0.01
2530 1161 0.01
2530 238 0.2
190 1437 0.2
190 445 0.01
190 216 0.05
190 4124 0.2
190 467 0.05
190 2688 0.2
190 1149 0.01
190 1524 0.01
190 702 0.05
190 141 0.2
190 3385 0.2
190 3539 0.01
190 214 0.05
190 1172 0.05
190 188 0.01
190 3243 0.2
190 203 0.01
190 2060 0.01
190 4125 0.01
190 205 0.05
190 563 0.01
190 144 0.2
190 2063 0.01
190 526 0.01
190 2096 0.2
190 9 0.01
190 145 0.05
190 196 0.05
190 1654 0.01
190 197 0.01
190 947 0.2
190 193 0.01
190 16 0.05
190 238 0.01
190 124 0.2
190 226 0.01
190 2418 0.2
190 4126 0.2
190 85 0.2
190 2434 0.01
190 2796 0.01
190 658 0.2
190 649 0.2
190 4080 0.01
190 565 0.01
190 3332 0.2
190 194 0.05
190 1940 0.2
190 3871 0.01
190 1997 0.01
190 1653 0.01
190 7 0.05
190 217 0.2
190 4127 0.05
190 213 0.01
190 932 0.2
190 219 0.2
190 4002 0.01
190 8 0.05
190 645 0.2
190 1724 0.01
190 192 0.05
190 2840 0.2
190 208 0.01
190 1219 0.2
190 94 0.01
190 211 0.2
190 1168 0.2
190 452 0.05
190 473 0.2
190 142 0.01
190 199 0.01
190 2500 0.05
190 1705 0.05
8 2796 0.2
8 1654 0.2
8 654 0.05
8 655 0.01
8 970 0.01
8 1179 0.01
8 85 0.05
8 207 0.05
8 2702 0.01
8 139 0.05
8 2164 0.2
8 1885 0.2
8 197 0.05
8 3132 0.2
8 3082 0.01
8 526 0.2
8 2063 0.2
8 188 0.2
8 208 0.05
8 3542 0.01
8 2768 0.05
8 2096 0.2
8 7 0.05
8 473 0.05
8 4123 0.2
8 520 0.01
8 1940 0.01
8 199 0.2
8 212 0.05
8 1262 0.01
8 204 0.01
8 1997 0.2
8 665 0.01
8 194 0.2
8 3035 0.05
8 518 0.01
8 2102 0.05
8 702 0.05
8 652 0.05
8 563 0.05
8 649 0.01
8 4057 0.05
8 2182 0.05
8 193 0.01
8 1653 0.01
8 565 0.2
8 648 0.2
8 5 0.01
8 6 0.2
8 113 0.01
8 9 0.2
8 214 0.01
8 2179 0.05
8 1265 0.01
8 218 0.05
8 645 0.01
8 1541 0.2
8 1724 0.05
8 201 0.01
8 2125 0.2
8 657 0.2
8 1286 0.01
8 206 0.05
8 975 0.05
8 195 0.2
8 141 0.05
8 145 0.05
8 190 0.01
8 1171 0.2
8 94 0.05
8 1590 0.05
8 1168 0.05
8 213 0.05
8 146 0.01
8 3332 0.05
8 438 0.05
8 1524 0.2
8 452 0.2
8 211 0.2
8 2103 0.2
8 1705 0.05
8 219 0.2
8 3135 0.01
8 4089 0.05
4089 4055 0.05
4089 145 0.01
4089 143 0.01
4089 441 0.01
4089 1722 0.2
4089 205 0.01
4089 3870 0.2
4089 4057 0.05
4089 1176 0.01
4089 3125 0.01
4089 3983 0.2
4089 189 0.05
4089 1168 0.01
4089 8 0.01
4057 1653 0.2
4057 649 0.05
4057 1169 0.01
4057 3913 0.2
4057 4089 0.01
4057 206 0.01
4057 3912 0.2
4057 4128 0.01
4057 1168 0.2
4057 2102 0.05
4057 3586 0.2
4057 211 0.2
4057 2101 0.05
4057 1171 0.01
4057 8 0.05
4057 452 0.2
4057 2103 0.2
3056 2075 0.05
3056 522 0.05
3056 523 0.01
3056 213 0.05
3056 1705 0.2
4121 1176 0.01
4121 2064 0.05
4121 2444 0.05
4121 3370 0.05
4121 3912 0.05
4121 4129 0.05
4121 2772 0.01
4121 4130 0.01
4121 4002 0.01
4121 143 0.2
4121 128 0.01
4121 208 0.2
4121 211 0.2
4121 4131 0.05
3055 363 0.05
3055 1164 0.05
3055 1105 0.01
3055 1688 0.2
3055 642 0.2
3055 419 0.2
1940 203 0.05
1940 3869 0.05
1940 1974 0.05
1940 3480 0.2
1940 128 0.2
1940 567 0.01
1940 1286 0.05
1940 9 0.2
1940 4132 0.05
1940 649 0.05
1940 441 0.01
1940 205 0.05
1940 4133 0.01
1940 1172 0.01
1940 204 0.2
1940 651 0.2
1940 467 0.05
1940 3832 0.2
1940 947 0.05
1940 842 0.01
1940 4134 0.01
1940 3440 0.01
1940 3268 0.2
1940 444 0.2
1940 1742 0.01
1940 468 0.2
1940 1724 0.05
1940 4135 0.05
1940 3632 0.01
1940 3918 0.01
1940 3913 0.01
1940 210 0.01
1940 2719 0.2
1940 3872 0.05
1940 4073 0.2
1940 1723 0.01
1940 2796 0.05
1940 207 0.01
1940 3082 0.05
1940 729 0.01
1940 4136 0.05
1940 1524 0.01
1940 191 0.2
1940 648 0.2
1940 139 0.05
1940 3332 0.01
1940 1169 0.2
1940 3538 0.05
1940 1658 0.01
1940 462 0.2
1940 2102 0.01
1940 1982 0.2
1940 645 0.05
1940 2103 0.01
1940 146 0.05
1940 565 0.2
1940 2001 0.05
1940 4075 0.01
1940 518 0.05
1940 452 0.05
1940 1654 0.01
1940 195 0.05
1940 206 0.05
1940 4058 0.05
1940 201 0.05
1940 2063 0.2
1940 145 0.2
1940 198 0.01
1940 217 0.2
1940 975 0.05
1940 1842 0.05
1940 3688 0.05
1940 190 0.05
1940 7 0.2
1940 216 0.01
1940 197 0.01
1940 563 0.2
1940 2702 0.2
1940 3927 0.05
1940 54 0.2
1940 1171 0.05
1940 3062 0.05
1940 1705 0.2
1940 208 0.01
1940 8 0.01
1940 211 0.01
1940 213 0.2
3975 432 0.2
3975 3771 0.05
3975 3125 0.05
3193 2281 0.01
3193 2214 0.01
3193 645 0.01
3193 194 0.2
3193 124 0.01
3193 238 0.01
3193 526 0.2
3193 1705 0.05
3193 7 0.05
3193 2060 0.2
3193 192 0.2
3193 965 0.01
3193 652 0.01
3193 17 0.05
3193 188 0.01
3193 3586 0.2
3193 208 0.2
3193 1654 0.2
3193 2103 0.05
3193 3396 0.05
3193 4100 0.2
3193 1524 0.05
3193 1171 0.2
1654 1161 0.01
1654 409 0.05
1654 1649 0.05
1654 645 0.2
1654 1980 0.2
1654 523 0.2
1654 1219 0.05
1654 1665 0.2
1654 461 0.05
1654 213 0.01
1654 365 0.2
1654 470 0.05
1654 428 0.05
1654 1590 0.2
1654 2281 0.01
1654 1668 0.2
1654 4069 0.2
1654 1723 0.01
1654 1652 0.05
1654 2687 0.01
1654 4137 0.2
1654 467 0.05
1654 1518 0.05
1654 1784 0.05
1654 463 0.2
1654 3396 0.05
1654 521 0.05
1654 452 0.05
1654 238 0.01
1654 206 0.01
1654 227 0.01
1654 455 0.01
1654 1265 0.05
1654 1705 0.01
1654 445 0.01
1654 94 0.2
1654 436 0.2
1654 563 0.05
1654 2060 0.2
1654 2419 0.05
1654 85 0.05
1654 1170 0.05
1654 568 0.05
1654 520 0.2
1654 657 0.2
1654 564 0.2
1654 466 0.01
1654 2090 0.2
1654 3274 0.01
1654 4138 0.01
1654 145 0.2
1654 113 0.01
1654 3310 0.01
1654 1257 0.05
1654 1655 0.01
1654 6 0.2
1654 443 0.2
1654 190 0.2
1654 652 0.01
1654 1653 0.2
1654 565 0.01
1654 199 0.01
1654 4139 0.2
1654 237 0.01
1654 3332 0.2
1654 3193 0.2
1654 4002 0.01
1654 3890 0.2
1654 2096 0.01
1654 219 0.01
1654 194 0.05
1654 3125 0.2
1654 207 0.01
1654 567 0.01
1654 4140 0.2
1654 3644 0.01
1654 473 0.2
1654 1997 0.01
1654 648 0.2
1654 965 0.2
1654 9 0.01
1654 665 0.01
1654 1168 0.05
1654 195 0.01
1654 651 0.2
1654 192 0.01
2096 792 0.01
2096 3674 0.01
2096 1722 0.2
2096 647 0.01
2096 4141 0.01
2096 2218 0.05
2096 228 0.05
2096 521 0.05
2096 4142 0.05
2096 195 0.2
2096 2730 0.01
2096 3211 0.05
2096 565 0.01
2096 1655 0.01
2096 3031 0.2
2096 4143 0.05
2096 4144 0.2
2096 3243 0.01
2096 4145 0.05
2096 190 0.2
2096 555 0.2
2096 2418 0.05
2096 2103 0.05
2096 455 0.05
2096 2796 0.01
2096 645 0.2
2096 563 0.2
2096 4146 0.2
2096 1171 0.2
2096 191 0.01
2096 3916 0.2
2096 1654 0.05
2096 205 0.01
2096 193 0.01
2096 1724 0.05
2096 8 0.2
2096 2182 0.01
2096 652 0.2
2096 4147 0.2
2096 649 0.01
2096 4148 0.01
2096 3137 0.01
2096 213 0.2
2096 1168 0.05
2096 208 0.05
2096 1705 0.2
632 1140 0.2
632 1149 0.05
632 441 0.05
632 418 0.2
632 433 0.01
632 211 0.05
632 1740 0.2
632 449 0.01
632 636 0.01
632 238 0.05
632 1155 0.2
632 1154 0.2
632 635 0.01
632 639 0.2
632 104 0.2
632 425 0.05
632 2075 0.2
632 1157 0.01
632 108 0.2
632 1521 0.01
632 430 0.05
632 640 0.05
632 419 0.2
632 2778 0.05
632 431 0.01
632 837 0.05
632 526 0.01
632 197 0.2
632 2282 0.01
632 633 0.01
632 466 0.05
632 747 0.2
632 2203 0.05
632 438 0.2
632 1294 0.2
632 217 0.05
632 642 0.2
632 410 0.01
632 442 0.01
632 1156 0.05
632 435 0.05
632 1159 0.01
632 422 0.01
632 630 0.05
632 146 0.05
632 437 0.01
632 193 0.2
632 207 0.01
632 417 0.05
632 3489 0.2
632 1519 0.2
3586 1584 0.05
3586 419 0.01
3586 1176 0.2
3586 424 0.05
3586 2163 0.05
3586 1675 0.2
3586 473 0.01
3586 2088 0.05
3586 437 0.05
3586 1516 0.01
3586 2695 0.2
3586 443 0.01
3586 1719 0.05
3586 3055 0.05
3586 1593 0.01
3586 1489 0.05
3586 1683 0.01
3586 3248 0.2
3586 2202 0.01
3586 2699 0.01
3586 4114 0.2
3586 1144 0.01
3586 238 0.2
3586 3452 0.01
3586 1521 0.01
3586 1587 0.01
3586 453 0.2
3586 1422 0.2
3586 425 0.05
3586 1164 0.2
3586 414 0.05
3586 3512 0.05
3586 526 0.2
3586 4149 0.01
3586 639 0.2
3586 4150 0.05
3586 4151 0.2
3586 651 0.2
3586 4152 0.2
3586 467 0.01
3586 1524 0.01
3586 1262 0.01
3586 848 0.01
3586 3636 0.05
3586 2979 0.01
3586 3050 0.01
3586 3890 0.05
3586 3334 0.05
3586 4140 0.05
3586 965 0.05
3586 192 0.05
3586 645 0.05
3586 4058 0.05
3586 4153 0.05
3586 4154 0.01
3586 3193 0.01
3586 142 0.05
3586 3094 0.2
3586 2065 0.01
3586 3332 0.01
3586 226 0.01
3586 4057 0.2
3586 2722 0.05
3586 428 0.05
3586 4123 0.05
3586 462 0.05
3586 518 0.2
3586 1955 0.2
3586 930 0.01
3586 3927 0.01
3586 212 0.2
3586 516 0.01
3586 1171 0.01
3586 218 0.01
3586 565 0.01
3586 1972 0.2
3586 204 0.01
3586 3135 0.2
3586 563 0.05
3586 208 0.01
3586 2772 0.01
3586 652 0.01
3586 3983 0.05
3586 975 0.2
3586 8 0.2
3586 4155 0.2
3586 1446 0.2
3586 3396 0.2
3586 4156 0.2
3586 213 0.2
3586 1705 0.05
3586 2102 0.01
3586 567 0.05
3586 206 0.05
2090 3189 0.05
2090 850 0.2
2090 196 0.01
2090 1653 0.01
2090 649 0.05
2090 1599 0.2
2090 209 0.2
2090 3311 0.01
2090 2652 0.2
2090 1168 0.2
2090 207 0.05
2090 1262 0.05
2090 565 0.05
2090 197 0.2
2090 238 0.01
2090 192 0.2
2090 2702 0.05
2090 436 0.2
2090 656 0.2
2090 879 0.05
2090 563 0.05
2090 141 0.05
2090 652 0.2
2090 473 0.2
2090 194 0.01
2090 1171 0.01
2090 7 0.05
4069 446 0.05
4069 522 0.01
4069 196 0.05
4069 645 0.2
4069 4157 0.05
4069 1665 0.05
4069 1654 0.05
4069 2094 0.2
4069 4158 0.05
4069 94 0.2
4069 1518 0.05
4069 2281 0.05
4069 496 0.05
4069 3912 0.05
4069 4159 0.05
4069 193 0.01
4069 4160 0.01
4069 1705 0.2
4069 1257 0.2
4069 3082 0.2
4069 1974 0.01
4069 8 0.01
4161 2327 0.05
4161 4002 0.2
4161 213 0.2
4161 4162 0.2
4161 2102 0.05
4161 4058 0.05
4161 85 0.05
4161 4163 0.05
4161 2065 0.01
4161 8 0.05
4161 452 0.01
4164 4165 0.05
4166 473 0.2
4166 212 0.05
4166 208 0.01
4166 649 0.05
4166 1524 0.05
2302 640 0.05
4167 8 0.05
4168 3927 0.01
4168 1168 0.2
1722 466 0.01
1722 2075 0.05
1722 196 0.05
1722 203 0.05
1722 472 0.01
1722 3773 0.05
1722 634 0.05
1722 1526 0.05
1722 1689 0.01
1722 1254 0.01
1722 16 0.05
1722 1179 0.2
1722 4169 0.2
1722 2811 0.01
1722 3553 0.01
1722 18 0.01
1722 647 0.2
1722 204 0.2
1722 4141 0.01
1722 4170 0.05
1722 2282 0.2
1722 640 0.05
1722 3478 0.2
1722 438 0.2
1722 365 0.05
1722 216 0.05
1722 3289 0.05
1722 4171 0.01
1722 4119 0.01
1722 1270 0.2
1722 3705 0.05
1722 4172 0.2
1722 2184 0.2
1722 211 0.05
1722 3309 0.2
1722 17 0.2
1722 1830 0.01
1722 4173 0.05
1722 4174 0.01
1722 228 0.2
1722 11 0.2
1722 516 0.2
1722 459 0.05
1722 633 0.05
1722 441 0.01
1722 4175 0.05
1722 1520 0.05
1722 4176 0.2
1722 3999 0.01
1722 4177 0.2
1722 454 0.05
1722 467 0.01
1722 513 0.01
1722 3067 0.05
1722 1180 0.01
1722 1164 0.2
1722 2728 0.01
1722 517 0.2
1722 1422 0.05
1722 4178 0.2
1722 4179 0.2
1722 550 0.2
1722 1255 0.2
1722 975 0.05
1722 2915 0.01
1722 2163 0.2
1722 2096 0.01
1722 4180 0.05
1722 3948 0.01
1722 427 0.01
1722 1588 0.2
1722 449 0.2
1722 455 0.01
1722 143 0.2
1722 3947 0.2
1722 2422 0.2
1722 193 0.05
1722 562 0.05
1722 3737 0.2
1722 2556 0.01
1722 460 0.05
1722 745 0.2
1722 518 0.2
1722 213 0.2
1722 452 0.2
1722 3690 0.2
1722 8 0.01
203 1581 0.01
203 1722 0.01
203 1178 0.2
203 17 0.2
203 1489 0.05
203 1583 0.2
203 1585 0.01
203 1720 0.05
203 637 0.05
203 1783 0.2
203 1230 0.05
203 413 0.05
203 431 0.05
203 1140 0.05
203 495 0.2
203 143 0.2
203 424 0.05
203 1718 0.2
203 2055 0.05
203 1143 0.01
203 523 0.2
203 104 0.2
203 202 0.05
203 417 0.05
203 4181 0.01
203 518 0.2
203 435 0.01
203 792 0.05
203 237 0.2
203 564 0.2
203 421 0.05
203 1163 0.2
203 427 0.01
203 2326 0.2
203 449 0.01
203 218 0.05
203 223 0.01
203 428 0.05
203 3200 0.05
203 9 0.2
203 454 0.01
203 633 0.05
203 261 0.2
203 193 0.05
203 516 0.2
203 217 0.05
203 438 0.01
203 462 0.05
203 656 0.01
203 439 0.05
203 88 0.01
203 447 0.05
203 472 0.01
203 108 0.2
203 1526 0.2
203 2184 0.05
203 440 0.05
203 667 0.2
203 461 0.05
203 432 0.05
203 464 0.05
203 442 0.05
203 3131 0.2
203 1164 0.05
203 451 0.01
203 450 0.05
203 228 0.01
203 465 0.2
203 433 0.01
203 657 0.2
203 445 0.2
203 18 0.2
203 1595 0.2
203 463 0.01
203 1519 0.05
203 196 0.01
203 455 0.05
203 453 0.01
203 2089 0.05
203 210 0.2
203 459 0.05
203 1784 0.2
203 16 0.2
203 201 0.01
203 436 0.2
203 647 0.2
203 1134 0.05
203 363 0.01
203 192 0.2
203 655 0.2
203 526 0.01
203 1724 0.01
203 199 0.2
203 1176 0.05
203 7 0.2
203 213 0.2
203 208 0.2
4182 1938 0.01
838 473 0.01
838 192 0.2
838 194 0.05
838 3082 0.01
205 521 0.2
205 655 0.05
205 520 0.05
205 2501 0.2
205 1258 0.2
205 238 0.2
205 565 0.2
205 3031 0.2
205 196 0.2
205 1103 0.01
205 124 0.2
205 85 0.2
205 146 0.01
205 190 0.2
205 2125 0.05
205 363 0.2
205 2500 0.2
205 199 0.05
205 2719 0.01
205 567 0.01
205 18 0.2
205 2532 0.01
205 648 0.2
205 2102 0.2
205 192 0.05
205 658 0.05
205 563 0.05
205 237 0.01
205 516 0.01
205 3953 0.05
205 1524 0.01
205 645 0.05
205 1169 0.01
205 144 0.05
205 1262 0.05
205 218 0.05
205 145 0.2
205 2063 0.01
205 210 0.01
205 3632 0.05
205 441 0.2
205 211 0.01
205 3322 0.2
205 213 0.2
205 526 0.2
205 729 0.2
205 3538 0.2
205 1724 0.05
205 558 0.2
205 7 0.01
205 8 0.2
205 2103 0.05
205 467 0.01
205 1171 0.05
205 842 0.05
205 195 0.01
205 965 0.2
205 201 0.05
205 652 0.2
205 3832 0.05
205 206 0.2
205 1885 0.05
205 4073 0.05
205 3227 0.01
205 193 0.01
205 1543 0.2
205 207 0.2
205 140 0.2
205 1277 0.01
205 2380 0.2
205 2096 0.2
205 197 0.05
205 1942 0.05
205 661 0.2
205 212 0.05
205 3543 0.01
205 1705 0.2
205 975 0.01
205 1653 0.05
205 452 0.05
205 1940 0.2
205 94 0.05
205 3916 0.2
205 3913 0.05
205 216 0.01
205 133 0.2
4183 2103 0.01
2701 3000 0.01
2701 1142 0.01
2701 2235 0.05
2701 1178 0.05
2701 2079 0.01
2701 1135 0.05
2701 1702 0.05
2701 1704 0.01
2701 3697 0.01
2701 3504 0.01
2701 3545 0.2
2701 2304 0.01
2701 2305 0.05
2701 1674 0.2
2701 1413 0.01
2701 523 0.05
4165 3284 0.05
4165 1423 0.2
4165 3771 0.01
4165 1172 0.2
4165 1255 0.05
4165 1265 0.01
4165 566 0.05
4165 464 0.01
4165 1257 0.05
4165 3243 0.2
4165 3082 0.2
4165 1171 0.2
4165 4164 0.01
4184 4185 0.2
4184 7 0.05
4184 213 0.01
4184 452 0.01
4184 2935 0.05
2418 521 0.2
2418 1259 0.05
2418 219 0.01
2418 436 0.01
2418 1103 0.01
2418 210 0.01
2418 1171 0.05
2418 702 0.05
2418 473 0.01
2418 201 0.01
2418 645 0.2
2418 445 0.05
2418 1163 0.2
2418 2125 0.05
2418 452 0.01
2418 85 0.05
2418 1980 0.05
2418 7 0.05
2418 526 0.05
2418 516 0.2
2418 1447 0.01
2418 2060 0.01
2418 218 0.01
2418 464 0.01
2418 205 0.2
2418 6 0.01
2418 3636 0.05
2418 1149 0.05
2418 440 0.01
2418 3311 0.01
2418 1260 0.2
2418 209 0.01
2418 567 0.2
2418 214 0.05
2418 4186 0.01
2418 4187 0.2
2418 466 0.2
2418 4073 0.01
2418 2096 0.05
2418 88 0.2
2418 197 0.2
2418 2282 0.2
2418 1165 0.05
2418 653 0.05
2418 655 0.2
2418 879 0.01
2418 658 0.05
2418 4147 0.05
2418 208 0.01
2418 1705 0.01
2418 1172 0.01
2418 54 0.01
2418 141 0.05
2418 144 0.05
2418 3243 0.2
2418 217 0.2
2418 146 0.05
2418 3562 0.2
2418 648 0.01
2418 3832 0.2
2418 1437 0.2
2418 647 0.01
2418 192 0.01
2418 563 0.2
2418 1655 0.2
2418 17 0.01
2418 652 0.05
2418 1258 0.01
2418 656 0.05
2418 565 0.01
2418 428 0.05
2418 2123 0.01
2418 1524 0.01
2418 211 0.05
2418 1170 0.01
2418 213 0.2
2418 3309 0.2
2418 1262 0.01
2418 568 0.2
2418 2179 0.01
2418 94 0.05
2418 124 0.2
2418 467 0.05
2418 1265 0.05
2418 194 0.05
2418 434 0.2
2418 3539 0.05
2418 2419 0.01
2418 207 0.01
2418 518 0.01
2418 1724 0.05
2418 16 0.2
2418 193 0.01
2419 4112 0.01
2419 464 0.2
2419 465 0.05
2419 213 0.01
2419 426 0.05
2419 648 0.01
2419 1654 0.01
2419 4125 0.2
2419 1705 0.05
2419 1103 0.01
2419 197 0.05
2419 3636 0.2
2419 1171 0.05
2419 124 0.05
2419 1265 0.2
2419 216 0.01
2419 191 0.05
2419 4188 0.2
2419 563 0.05
2419 526 0.2
2419 209 0.05
2419 192 0.2
2419 555 0.01
2419 194 0.2
2419 226 0.05
2419 473 0.01
4189 201 0.01
4190 191 0.2
4190 3137 0.05
4190 8 0.01
4190 4093 0.05
4190 376 0.05
4190 194 0.05
4190 473 0.05
4190 2227 0.01
2282 1150 0.2
2282 523 0.05
2282 641 0.2
2282 211 0.2
2282 442 0.01
2282 467 0.2
2282 16 0.2
2282 1254 0.2
2282 458 0.05
2282 794 0.05
2282 4191 0.2
2282 517 0.01
2282 146 0.01
2282 514 0.05
2282 1273 0.05
2282 1518 0.01
2282 219 0.2
2282 124 0.2
2282 452 0.2
2282 217 0.05
2282 2001 0.05
2282 1655 0.2
2282 4192 0.2
2282 1172 0.2
2282 436 0.05
2282 197 0.01
3853 2168 0.2
3853 2227 0.05
4115 1516 0.01
4115 432 0.05
4115 4047 0.2
3309 436 0.05
3309 1270 0.01
3309 1149 0.05
3309 468 0.2
3309 1655 0.2
3309 2418 0.01
3309 188 0.05
3309 1172 0.2
3309 2054 0.05
3309 473 0.01
3309 444 0.05
3309 1705 0.2
3309 2060 0.05
3309 2417 0.01
3309 645 0.05
3309 1258 0.2
1595 1701 0.01
1595 410 0.01
1595 1151 0.01
1595 11 0.05
1595 413 0.05
1595 436 0.2
1595 472 0.2
1595 9 0.2
1595 656 0.01
1595 238 0.2
1595 1523 0.2
1595 427 0.01
1595 1143 0.05
1595 633 0.05
1595 223 0.05
1595 237 0.2
1595 464 0.01
1595 3131 0.2
1595 646 0.01
1595 3103 0.05
1595 435 0.05
1595 3104 0.01
1595 792 0.01
1595 1718 0.2
1595 7 0.01
1595 439 0.05
1595 463 0.05
1595 450 0.05
1595 433 0.01
1595 1163 0.05
1595 365 0.01
1595 461 0.05
1595 451 0.01
1595 455 0.05
1595 228 0.2
1595 564 0.2
1595 203 0.01
1595 1720 0.2
1595 1519 0.2
1595 453 0.2
1595 452 0.01
4141 1689 0.05
4141 442 0.2
4141 1163 0.2
4141 523 0.05
4141 3140 0.2
4141 472 0.2
4141 4137 0.01
4141 3705 0.05
4141 1171 0.2
4141 3953 0.01
4141 647 0.01
4141 193 0.01
4141 88 0.2
4141 201 0.01
4141 1588 0.05
4141 4049 0.2
4141 204 0.2
4141 1705 0.2
4141 466 0.05
4141 433 0.2
4141 464 0.05
4141 526 0.2
4141 459 0.2
4141 1519 0.2
4141 514 0.05
4141 453 0.2
4141 658 0.05
4141 128 0.05
4141 1891 0.01
4141 2915 0.01
4141 141 0.01
4141 1422 0.05
4141 2063 0.2
4141 143 0.2
4141 195 0.2
4141 2096 0.01
4141 2215 0.2
4141 2433 0.01
4141 203 0.01
4141 4119 0.01
4141 455 0.01
4141 473 0.2
4141 463 0.2
4141 521 0.05
4141 2689 0.2
4141 434 0.01
4141 3243 0.01
4141 2058 0.01
4141 1273 0.2
4141 3737 0.05
4141 196 0.05
4141 2418 0.01
4141 436 0.2
4141 211 0.01
4141 1176 0.01
4141 208 0.2
4141 648 0.05
4141 2688 0.2
4141 1172 0.2
4141 194 0.2
4141 124 0.01
4141 216 0.2
4141 94 0.01
4141 1655 0.05
4141 213 0.2
4141 2345 0.05
4141 217 0.05
4141 2125 0.01
4141 563 0.01
4141 146 0.01
4141 197 0.2
465 946 0.05
465 1141 0.2
465 1159 0.01
465 1150 0.01
465 1589 0.2
465 3518 0.2
465 446 0.05
465 6 0.2
465 447 0.01
465 2915 0.2
465 194 0.01
465 3104 0.2
465 2214 0.05
465 2122 0.01
465 2430 0.2
465 899 0.2
465 113 0.05
465 140 0.01
465 1148 0.01
465 471 0.05
465 2281 0.05
465 432 0.01
465 444 0.01
465 567 0.2
465 1655 0.05
465 2282 0.01
465 442 0.05
465 1520 0.01
465 526 0.2
465 2731 0.01
465 3944 0.2
465 1519 0.05
465 261 0.01
465 454 0.01
465 9 0.2
465 440 0.05
465 94 0.05
465 317 0.01
465 4119 0.01
465 1170 0.01
465 2005 0.01
465 468 0.2
465 563 0.05
465 206 0.2
465 2419 0.05
465 843 0.2
465 794 0.01
465 365 0.05
465 1254 0.05
465 1720 0.05
465 4193 0.05
465 4176 0.01
465 3125 0.01
465 4194 0.2
465 1588 0.05
465 453 0.05
465 426 0.05
465 228 0.2
465 4195 0.01
465 517 0.2
465 521 0.01
465 2433 0.05
465 655 0.05
465 1164 0.01
465 473 0.01
465 146 0.01
465 3705 0.05
465 2163 0.01
465 947 0.2
465 452 0.01
465 1724 0.2
465 217 0.2
465 745 0.05
465 216 0.05
465 203 0.05
465 199 0.2
465 436 0.2
465 208 0.2
465 1171 0.01
465 433 0.05
465 219 0.2
465 514 0.2
465 85 0.2
465 214 0.2
465 211 0.2
465 4196 0.05
465 1273 0.2
465 463 0.2
465 2063 0.2
465 449 0.05
465 213 0.05
465 196 0.01
465 647 0.05
465 197 0.05
465 1172 0.2
465 1103 0.2
465 363 0.01
4197 1833 0.05
4197 1270 0.2
4197 6 0.05
4197 563 0.2
4197 2063 0.01
4197 518 0.05
4197 4145 0.05
4197 516 0.01
4197 205 0.2
4197 201 0.2
4197 440 0.01
4198 1705 0.05
4198 4017 0.01
436 4199 0.05
436 1423 0.2
436 1176 0.2
436 1584 0.01
436 1489 0.2
436 2221 0.01
436 1586 0.2
436 2426 0.05
436 143 0.2
436 453 0.2
436 655 0.2
436 1150 0.01
436 635 0.01
436 2169 0.01
436 432 0.2
436 630 0.01
436 439 0.01
436 222 0.05
436 521 0.05
436 223 0.05
436 7 0.05
436 1148 0.05
436 562 0.2
436 443 0.05
436 1784 0.2
436 455 0.05
436 526 0.2
436 17 0.01
436 1972 0.05
436 2061 0.2
436 433 0.2
436 514 0.05
436 9 0.2
436 1654 0.05
436 1257 0.01
436 473 0.2
436 208 0.01
436 94 0.05
436 6 0.2
436 656 0.01
4017 228 0.01
4017 3147 0.2
4017 2164 0.2
4017 572 0.2
4017 4198 0.05
4017 793 0.2
4017 518 0.2
4017 2062 0.01
4017 1176 0.05
4017 1171 0.01
4017 2125 0.01
4017 140 0.2
4017 2329 0.01
4017 211 0.2
4017 9 0.05
4017 85 0.2
4017 209 0.05
4017 49 0.01
4017 1541 0.01
4017 142 0.2
4017 133 0.01
4017 516 0.2
4017 13 0.2
4017 1103 0.2
4017 2063 0.2
4017 201 0.2
4017 467 0.2
4017 496 0.01
4017 4200 0.2
4017 1258 0.05
4017 27 0.01
4017 146 0.01
4017 1259 0.05
1784 562 0.2
1784 1595 0.2
1784 1148 0.05
1784 448 0.05
1784 433 0.05
1784 421 0.01
1784 223 0.01
1784 199 0.05
1784 514 0.2
1784 432 0.01
1784 3200 0.05
1784 451 0.01
1784 1588 0.2
1784 7 0.05
1784 219 0.01
1784 455 0.01
1784 1654 0.01
1784 196 0.01
1784 203 0.05
1784 192 0.2
1784 1257 0.05
1784 194 0.2
1784 436 0.01
1424 2556 0.2
1424 196 0.2
1424 745 0.01
1424 449 0.2
1424 2252 0.05
1424 523 0.2
1424 1681 0.01
1424 447 0.05
1424 1259 0.2
1424 4201 0.05
1424 1253 0.01
1424 1423 0.2
1424 3607 0.2
1424 1105 0.2
1424 461 0.05
1424 3273 0.01
4202 514 0.2
4202 452 0.01
4202 473 0.01
640 1164 0.01
640 1520 0.01
640 629 0.2
640 463 0.05
640 1588 0.2
640 2075 0.01
640 140 0.2
640 1719 0.05
640 2235 0.05
640 1584 0.05
640 432 0.01
640 238 0.05
640 635 0.05
640 2205 0.01
640 9 0.01
640 431 0.01
640 1683 0.01
640 643 0.2
640 2078 0.2
640 416 0.2
640 430 0.2
640 439 0.2
640 1150 0.01
640 1718 0.2
640 1422 0.05
640 418 0.01
640 2221 0.05
640 660 0.05
640 424 0.05
640 2236 0.05
640 630 0.05
640 1161 0.05
640 448 0.2
640 3186 0.01
640 414 0.2
640 2241 0.01
640 1413 0.05
640 1688 0.2
640 1587 0.01
640 413 0.01
640 410 0.05
640 3906 0.05
640 1748 0.01
640 2302 0.01
640 419 0.2
640 2913 0.01
640 1517 0.05
640 417 0.01
640 1143 0.2
640 526 0.01
640 641 0.05
640 647 0.01
640 642 0.2
640 108 0.05
640 567 0.2
640 4203 0.2
640 517 0.05
640 447 0.2
640 3468 0.05
640 437 0.2
640 1522 0.05
640 442 0.05
640 4204 0.2
640 461 0.05
640 438 0.01
640 104 0.05
640 1526 0.01
640 192 0.05
640 518 0.05
640 454 0.05
640 805 0.01
640 213 0.05
640 3257 0.2
640 2281 0.05
640 1423 0.01
640 563 0.05
640 462 0.2
640 94 0.05
640 1705 0.2
640 2171 0.2
640 146 0.2
640 656 0.2
640 658 0.05
640 452 0.05
640 7 0.01
640 1171 0.05
640 473 0.05
640 3999 0.2
640 458 0.05
640 436 0.2
640 1519 0.05
640 2216 0.01
640 522 0.2
640 2282 0.01
640 528 0.05
640 1273 0.2
640 745 0.01
640 197 0.2
640 459 0.2
640 3705 0.01
4205 793 0.2
4205 1259 0.01
4205 841 0.01
2915 237 0.2
2915 514 0.2
2915 433 0.05
2915 461 0.2
2915 447 0.05
2915 2345 0.2
2915 1524 0.2
2915 452 0.2
2915 1265 0.05
2915 3007 0.05
2915 193 0.2
2915 209 0.2
3200 3068 0.01
3200 203 0.01
3200 210 0.05
3200 655 0.2
3200 463 0.2
3200 447 0.01
3200 1172 0.01
3200 213 0.2
3200 432 0.2
3200 515 0.2
3200 363 0.01
3200 640 0.01
3200 1784 0.05
3200 2163 0.05
3200 3333 0.05
3200 3273 0.01
3200 1261 0.01
3200 457 0.01
3200 564 0.01
3200 197 0.05
3200 458 0.05
3200 438 0.2
3200 2171 0.2
3200 104 0.2
3200 2281 0.2
3200 648 0.05
3200 483 0.2
3200 805 0.05
3200 451 0.01
3200 442 0.05
3200 440 0.2
3200 199 0.05
3200 514 0.05
3200 449 0.01
3200 794 0.01
3200 2430 0.01
3200 436 0.05
3200 452 0.01
3200 1255 0.01
3200 464 0.05
3200 216 0.2
3200 656 0.01
3200 2214 0.2
3200 473 0.05
3200 528 0.2
3200 2216 0.2
3248 4206 0.05
3248 417 0.01
3248 2035 0.01
3248 439 0.05
3248 1649 0.01
3248 409 0.2
3248 1140 0.2
3248 453 0.01
3248 431 0.01
3248 443 0.2
3248 437 0.01
3248 88 0.2
3248 790 0.2
3248 838 0.2
3248 6 0.2
3248 423 0.01
3248 1648 0.2
3248 792 0.01
3248 639 0.2
3248 514 0.2
3248 216 0.05
3248 1272 0.2
3248 522 0.2
3248 658 0.05
3248 193 0.2
3248 442 0.01
3248 195 0.2
3248 463 0.01
3248 213 0.01
3248 1165 0.01
3248 1273 0.2
3248 238 0.01
3248 94 0.05
3248 191 0.2
4207 649 0.2
4207 2060 0.01
1740 879 0.05
1740 207 0.2
1740 1830 0.05
1740 417 0.2
1740 1160 0.01
1740 563 0.2
1740 1161 0.05
1740 146 0.01
1740 430 0.05
1740 208 0.2
1740 2778 0.2
1740 217 0.01
1740 94 0.05
1740 641 0.2
1740 453 0.05
3061 419 0.2
3061 2326 0.2
3061 1271 0.05
3061 1526 0.2
3061 1273 0.2
636 3186 0.2
636 1918 0.01
636 3503 0.05
636 1254 0.05
636 2728 0.2
636 1142 0.05
636 3455 0.05
636 417 0.05
636 2141 0.01
636 4208 0.01
636 526 0.2
636 1160 0.05
636 1159 0.2
636 4209 0.2
636 1748 0.05
636 1593 0.2
636 422 0.01
636 419 0.05
636 1265 0.01
636 4210 0.2
636 16 0.01
636 3449 0.05
636 94 0.2
636 4211 0.05
636 3248 0.2
636 633 0.05
636 3452 0.01
636 442 0.2
636 4109 0.2
636 3489 0.05
636 3468 0.2
636 1152 0.2
636 462 0.2
636 466 0.2
636 1215 0.05
636 519 0.05
636 211 0.2
636 3249 0.2
636 1037 0.01
636 3021 0.2
636 3189 0.01
636 3257 0.2
636 2915 0.2
636 2326 0.05
636 457 0.2
636 646 0.05
636 193 0.05
636 3105 0.2
636 4212 0.2
636 441 0.05
636 643 0.2
636 461 0.01
636 465 0.01
636 454 0.2
636 439 0.2
636 647 0.2
636 702 0.05
636 140 0.05
636 1423 0.2
636 7 0.2
636 436 0.2
636 975 0.01
636 458 0.2
636 213 0.2
636 518 0.05
636 196 0.2
636 447 0.05
636 104 0.05
636 446 0.05
636 444 0.2
636 1172 0.01
636 655 0.2
636 3562 0.01
636 209 0.01
636 1103 0.01
636 144 0.2
636 141 0.01
636 452 0.01
636 218 0.01
636 2125 0.01
636 1165 0.01
636 464 0.2
636 1171 0.2
636 191 0.05
636 3274 0.2
636 237 0.2
636 2061 0.05
636 1599 0.01
636 189 0.01
636 124 0.01
636 3191 0.05
636 3149 0.2
636 223 0.05
636 473 0.01
636 652 0.01
636 1524 0.2
4213 192 0.05
4213 194 0.01
4213 4214 0.01
4213 216 0.01
3469 468 0.2
3469 1152 0.2
3469 514 0.2
3469 197 0.01
3469 1522 0.2
3469 435 0.05
3469 194 0.01
3469 7 0.2
3469 208 0.01
3469 192 0.01
3469 213 0.01
3469 458 0.01
3469 146 0.2
3469 1271 0.2
3469 237 0.01
3469 517 0.2
4215 430 0.05
4215 1140 0.05
4215 1526 0.01
4215 2902 0.01
4215 3839 0.05
4216 2184 0.01
4217 2494 0.2
1257 1668 0.01
1257 143 0.2
1257 794 0.2
1257 4196 0.01
1257 522 0.05
1257 3455 0.01
1257 1171 0.05
1257 514 0.2
1257 2184 0.2
1257 2060 0.2
1257 472 0.05
1257 238 0.05
1257 2689 0.05
1257 219 0.2
1257 3385 0.01
1257 1172 0.05
1257 192 0.01
1257 436 0.2
1257 196 0.05
1257 208 0.05
1257 648 0.01
1257 443 0.2
1257 702 0.01
1257 521 0.05
1257 199 0.05
1257 526 0.05
1257 434 0.05
1257 649 0.05
1257 2125 0.05
1257 194 0.05
1257 94 0.2
1257 237 0.05
1257 467 0.05
1257 3243 0.2
1257 4125 0.05
1257 216 0.05
1257 665 0.01
1257 661 0.2
1257 6 0.05
1257 1654 0.01
1257 209 0.2
1257 1524 0.2
1257 473 0.01
1257 226 0.01
4042 437 0.05
4042 3628 0.01
4042 1152 0.05
4042 210 0.2
4042 446 0.2
4042 644 0.01
4042 793 0.2
4042 216 0.05
4042 1165 0.05
4042 4218 0.05
4042 208 0.2
4042 191 0.2
4042 1172 0.01
1272 1748 0.2
1272 1155 0.01
1272 635 0.2
1272 1143 0.2
1272 2075 0.2
1272 643 0.01
1272 422 0.01
1272 644 0.01
1272 647 0.2
1272 3468 0.2
1272 470 0.05
1272 807 0.2
1272 445 0.05
1272 564 0.2
1272 3333 0.2
1272 191 0.05
1272 458 0.2
1272 1270 0.05
1272 466 0.2
1272 3273 0.01
1272 228 0.01
1272 518 0.05
1272 444 0.2
1272 516 0.2
1272 453 0.2
1272 94 0.01
1272 2171 0.05
1272 2430 0.05
1272 2054 0.05
1272 1172 0.01
1272 197 0.01
1272 3248 0.2
1272 793 0.05
1272 648 0.2
1272 2915 0.2
1272 146 0.01
1272 432 0.05
1272 208 0.05
1272 3999 0.2
1272 3832 0.2
1272 196 0.01
1272 1422 0.01
1272 649 0.01
1272 3200 0.05
1272 462 0.01
1272 879 0.01
1272 1668 0.2
1272 1689 0.2
1272 226 0.05
1272 655 0.05
1272 436 0.2
1272 702 0.2
1272 473 0.2
1272 449 0.01
1272 566 0.05
1272 528 0.05
1272 4119 0.2
1272 213 0.2
1272 517 0.01
1272 1254 0.2
1272 522 0.2
1272 506 0.05
1272 455 0.05
1272 468 0.05
1272 555 0.05
1272 2091 0.05
1272 2197 0.2
1272 216 0.05
1272 1180 0.2
1272 3062 0.01
1272 975 0.2
1272 3007 0.01
1272 514 0.2
1272 3665 0.01
1272 3912 0.05
1272 211 0.01
1272 2281 0.05
1272 3636 0.01
1272 195 0.05
1272 142 0.01
1272 2329 0.2
1272 3466 0.2
1272 1273 0.05
1272 2433 0.05
1272 2089 0.2
1272 3020 0.2
1272 1171 0.05
1272 2184 0.05
1272 661 0.2
1272 1437 0.05
1272 434 0.2
3211 1584 0.2
3211 2167 0.2
3211 631 0.01
3211 642 0.01
3211 4219 0.2
3211 1685 0.2
3211 1443 0.2
3211 419 0.05
3211 4220 0.2
3211 2300 0.01
3211 196 0.01
3211 250 0.01
3211 242 0.01
3211 113 0.05
3211 1997 0.05
3211 2345 0.05
3211 3007 0.2
3211 1265 0.2
3211 2063 0.01
3211 7 0.01
3211 143 0.2
3211 652 0.2
3211 473 0.05
3211 226 0.01
3211 649 0.05
3211 2103 0.05
3211 848 0.05
3211 208 0.2
3211 211 0.05
3211 566 0.05
3211 1437 0.01
3211 1260 0.05
3211 94 0.2
3211 2096 0.2
3211 191 0.2
3211 436 0.01
3211 1425 0.2
3211 201 0.05
3211 3951 0.01
3211 2280 0.05
3211 128 0.05
3211 54 0.05
3211 2125 0.01
3211 216 0.01
3211 3542 0.2
3211 467 0.2
3211 1943 0.05
3211 199 0.05
3211 455 0.2
3211 651 0.05
3211 3562 0.01
3211 4073 0.05
3211 1705 0.2
3211 2090 0.05
3211 194 0.05
3211 466 0.2
3211 658 0.01
3211 3890 0.2
3211 563 0.05
3211 1172 0.01
3211 443 0.05
3211 1149 0.05
3211 1257 0.2
3211 1273 0.01
3211 438 0.2
3211 3687 0.05
3211 9 0.2
3211 1445 0.05
3211 656 0.01
3211 219 0.01
3211 4221 0.01
3211 3137 0.01
3211 1262 0.2
3211 702 0.05
3211 141 0.2
3211 516 0.01
3211 434 0.01
3211 4222 0.2
3211 558 0.05
3211 3243 0.05
3211 1171 0.01
3211 2796 0.05
3211 213 0.2
3211 2179 0.05
3211 124 0.05
3211 1447 0.05
3211 1258 0.2
3211 1259 0.2
3211 1524 0.2
3211 209 0.01
3211 661 0.2
3211 653 0.2
3211 452 0.2
3211 3832 0.2
3211 3554 0.01
3211 793 0.01
3211 4223 0.05
2422 146 0.2
2422 453 0.01
2422 514 0.05
2422 461 0.05
2422 518 0.01
2422 2163 0.2
2422 1254 0.05
2422 436 0.2
2422 211 0.01
2422 1652 0.05
2422 2429 0.05
2422 794 0.01
2422 464 0.2
2422 2430 0.05
2422 473 0.05
2422 145 0.05
2091 3560 0.2
2091 1272 0.2
2091 4223 0.01
2091 3735 0.2
2232 2481 0.01
2232 4224 0.2
2232 3046 0.05
2232 1583 0.05
2232 1584 0.2
2232 2246 0.01
2232 424 0.2
2232 1164 0.2
2232 1443 0.2
2232 2226 0.2
2232 3642 0.01
2232 4225 0.01
433 1248 0.05
433 278 0.05
433 1413 0.01
433 2243 0.01
433 1178 0.05
433 427 0.2
433 1784 0.05
433 3513 0.05
433 495 0.05
433 431 0.05
433 420 0.05
433 632 0.05
433 424 0.01
433 204 0.2
433 438 0.05
433 2138 0.05
433 790 0.01
433 1830 0.05
433 3449 0.2
433 1748 0.05
433 1589 0.05
433 4226 0.2
433 1938 0.01
433 254 0.2
433 644 0.2
433 1595 0.05
433 88 0.05
433 642 0.2
433 3789 0.2
433 197 0.2
433 792 0.05
433 667 0.2
433 466 0.05
433 1673 0.2
433 1215 0.2
433 656 0.05
433 1037 0.05
433 472 0.05
433 439 0.05
433 850 0.05
433 237 0.05
433 789 0.05
433 515 0.01
433 2915 0.05
433 217 0.2
433 447 0.01
433 514 0.01
433 213 0.01
433 564 0.2
433 223 0.01
433 228 0.2
433 805 0.2
433 643 0.05
433 516 0.05
433 1105 0.2
433 2281 0.2
433 461 0.2
433 1423 0.01
433 3131 0.01
433 4157 0.2
433 192 0.01
433 1668 0.05
433 17 0.05
433 432 0.01
433 108 0.01
433 1720 0.2
433 1180 0.2
433 465 0.01
433 464 0.05
433 442 0.2
433 203 0.2
433 436 0.05
433 452 0.05
433 522 0.2
433 199 0.01
433 4174 0.2
433 1520 0.2
433 1164 0.05
433 633 0.2
433 450 0.2
433 794 0.2
433 2207 0.01
433 473 0.05
433 196 0.05
433 2446 0.01
433 4176 0.05
433 1519 0.05
433 453 0.01
433 2688 0.01
433 1724 0.2
433 563 0.01
433 1172 0.01
433 521 0.2
433 201 0.2
433 1588 0.2
433 3309 0.01
433 194 0.05
433 661 0.2
433 526 0.01
1177 2700 0.01
1177 1581 0.2
1177 228 0.01
1177 2695 0.2
1177 4227 0.01
1177 1164 0.05
1177 2205 0.2
1177 4228 0.01
1177 16 0.2
1177 222 0.05
1177 473 0.2
1177 1176 0.2
1177 1688 0.2
1177 413 0.05
1177 238 0.05
1177 2427 0.05
1177 442 0.05
4229 1258 0.01
2123 3007 0.2
3131 1737 0.2
3131 413 0.2
3131 640 0.2
3131 642 0.2
3131 16 0.01
3131 414 0.01
3131 427 0.05
3131 667 0.01
3131 1784 0.01
3131 424 0.05
3131 419 0.01
3131 473 0.05
3131 428 0.05
3131 947 0.05
3131 2075 0.2
3131 1528 0.05
3131 192 0.05
3131 633 0.2
3131 1158 0.05
3131 515 0.05
3131 1152 0.01
3131 421 0.01
3131 641 0.01
3131 237 0.2
3131 644 0.2
3131 4181 0.05
3131 202 0.01
3131 459 0.05
3131 523 0.2
3131 439 0.01
3131 3104 0.05
3131 1595 0.05
3131 223 0.01
3131 1163 0.05
3131 451 0.2
3131 458 0.05
3131 452 0.05
3131 9 0.05
3131 453 0.2
3131 228 0.05
3131 447 0.2
3131 196 0.05
3131 792 0.2
3131 201 0.2
3131 210 0.01
3131 2280 0.05
3131 1526 0.2
3131 461 0.05
3131 238 0.01
3131 2281 0.01
3131 1273 0.2
3131 647 0.2
3131 455 0.2
3131 1720 0.01
3131 514 0.2
3131 463 0.05
3131 450 0.01
3131 197 0.05
3131 211 0.2
3131 432 0.01
3131 94 0.2
3131 1519 0.05
3131 442 0.01
3131 1520 0.05
3131 433 0.05
3131 146 0.2
2433 421 0.2
2433 643 0.2
2433 456 0.05
2433 745 0.05
2433 564 0.2
2433 465 0.05
2433 1171 0.2
2433 460 0.05
2433 518 0.05
2433 211 0.05
2433 2215 0.2
2433 1103 0.05
2433 4230 0.2
2433 2089 0.05
2433 18 0.01
2433 514 0.05
2433 1270 0.01
2433 124 0.01
2433 655 0.2
2433 521 0.01
2433 3735 0.01
2433 1165 0.2
2433 4231 0.01
3385 4117 0.05
3385 4232 0.2
3385 192 0.01
3385 4124 0.2
3385 514 0.05
3385 193 0.05
3385 651 0.05
3385 436 0.2
3385 206 0.05
3385 647 0.01
3385 1588 0.2
3385 1172 0.01
3385 216 0.2
3385 2345 0.2
3385 1591 0.05
3385 563 0.2
3385 201 0.01
3385 3540 0.01
3385 190 0.2
3385 4142 0.2
3385 473 0.05
3385 452 0.2
3385 521 0.01
3385 238 0.01
3385 1256 0.05
3385 4233 0.05
3385 1257 0.2
3385 4234 0.2
3640 1589 0.01
3640 446 0.05
3640 473 0.01
3640 192 0.01
3640 194 0.05
3640 794 0.05
3640 452 0.2
3640 464 0.05
1649 2243 0.05
1649 3248 0.01
1649 432 0.05
1649 649 0.2
1649 1665 0.01
1649 412 0.2
1649 1521 0.01
1649 436 0.2
1649 192 0.05
1649 656 0.01
1649 647 0.2
1649 85 0.2
1649 219 0.05
1649 6 0.01
1649 455 0.05
1649 23 0.05
1649 227 0.01
1649 439 0.2
1649 1654 0.05
1649 417 0.2
1649 1587 0.2
1649 104 0.2
1649 194 0.01
1649 435 0.01
1649 639 0.05
1649 448 0.01
1649 453 0.05
1649 94 0.01
1649 473 0.01
2126 2089 0.2
2126 438 0.2
2126 727 0.05
514 515 0.01
514 423 0.2
514 428 0.01
514 1589 0.2
514 1143 0.01
514 640 0.2
514 217 0.01
514 1152 0.01
514 467 0.05
514 417 0.2
514 197 0.2
514 209 0.01
514 435 0.01
514 657 0.05
514 363 0.01
514 517 0.2
514 199 0.05
514 1520 0.05
514 108 0.05
514 104 0.2
514 143 0.05
514 792 0.2
514 451 0.05
514 223 0.2
514 419 0.01
514 562 0.05
514 456 0.2
514 3789 0.01
514 439 0.2
514 2422 0.2
514 261 0.05
514 145 0.01
514 446 0.01
514 7 0.01
514 655 0.2
514 465 0.01
514 447 0.01
514 3068 0.01
514 196 0.05
514 433 0.05
514 228 0.2
514 461 0.2
514 3200 0.01
514 455 0.2
514 214 0.05
514 226 0.05
514 213 0.2
514 789 0.01
514 1665 0.2
514 473 0.2
514 442 0.05
514 1037 0.05
514 208 0.05
514 658 0.01
514 426 0.05
514 563 0.2
514 483 0.01
514 647 0.2
514 436 0.2
514 216 0.2
514 1519 0.05
514 453 0.01
514 94 0.05
514 1180 0.2
514 2915 0.01
514 1588 0.01
514 2281 0.05
514 653 0.05
514 1705 0.05
514 9 0.2
514 464 0.05
514 652 0.01
514 146 0.05
514 466 0.01
514 463 0.05
514 18 0.2
514 793 0.05
514 3020 0.01
514 452 0.2
514 88 0.2
514 238 0.05
514 1171 0.2
514 85 0.2
514 193 0.05
514 1103 0.01
514 566 0.05
514 219 0.2
514 210 0.01
514 192 0.2
514 203 0.05
514 2125 0.2
514 518 0.2
514 472 0.01
514 899 0.01
4235 640 0.2
4235 466 0.01
4235 3512 0.2
4235 4236 0.01
4235 85 0.01
4235 195 0.01
4235 436 0.2
4235 521 0.2
4235 473 0.2
4235 194 0.01
629 418 0.01
629 7 0.05
629 4237 0.05
629 104 0.05
629 3407 0.2
629 1413 0.01
629 1161 0.2
629 3761 0.05
629 640 0.2
629 1719 0.01
629 631 0.2
629 790 0.01
629 1521 0.05
629 1422 0.2
629 641 0.01
629 1140 0.2
629 846 0.05
629 635 0.2
629 1718 0.05
629 3211 0.01
629 278 0.01
629 1138 0.05
629 1520 0.01
629 1584 0.2
629 473 0.2
629 2079 0.01
629 414 0.2
629 1683 0.01
629 630 0.05
629 793 0.05
629 428 0.05
629 1134 0.05
629 419 0.05
629 2901 0.01
629 2167 0.2
629 2235 0.2
629 238 0.2
629 424 0.01
629 2499 0.01
629 1586 0.2
629 2076 0.05
629 2702 0.2
629 2226 0.01
629 431 0.2
629 447 0.05
629 1588 0.05
629 412 0.05
629 409 0.05
629 2169 0.2
629 1143 0.2
629 2243 0.05
629 3553 0.2
629 1150 0.01
629 416 0.2
629 363 0.01
629 1746 0.2
629 430 0.2
629 439 0.01
629 526 0.2
629 1526 0.01
629 208 0.05
629 417 0.05
629 463 0.2
629 1681 0.05
629 642 0.05
629 17 0.01
629 413 0.01
629 1164 0.01
629 432 0.01
629 435 0.05
629 636 0.01
629 146 0.2
629 450 0.01
629 1423 0.05
629 451 0.2
629 442 0.01
629 452 0.01
629 197 0.05
629 1273 0.05
1830 2170 0.05
1830 437 0.01
1830 837 0.01
1830 1143 0.2
1830 3459 0.05
1830 2163 0.2
1830 1148 0.01
1830 1748 0.05
1830 458 0.05
1830 425 0.01
1830 1424 0.05
1830 431 0.05
1830 11 0.05
1830 104 0.2
1830 514 0.05
1830 2913 0.2
1830 639 0.05
1830 371 0.2
1830 433 0.01
1830 211 0.01
1830 447 0.2
1830 2567 0.01
1830 1155 0.05
1830 201 0.2
1830 207 0.01
1830 427 0.2
1830 1158 0.01
1830 419 0.05
1830 1521 0.05
1830 2259 0.05
1830 633 0.01
1830 473 0.01
1830 1745 0.05
1830 2141 0.2
1830 459 0.01
1830 108 0.2
1830 428 0.05
1830 18 0.2
1830 238 0.05
1830 1740 0.2
1830 94 0.2
1830 462 0.05
1830 9 0.05
1830 450 0.01
1830 794 0.2
1830 1720 0.01
1830 4238 0.01
1830 1164 0.2
1830 4239 0.01
1830 1598 0.01
1830 2215 0.05
1830 438 0.05
1830 521 0.2
1830 4119 0.05
1830 237 0.2
1830 3835 0.2
1830 206 0.01
1830 1885 0.2
1830 213 0.2
1830 217 0.05
1830 197 0.2
1830 219 0.2
1830 528 0.05
1830 2281 0.05
1830 1180 0.05
1830 146 0.05
1830 523 0.05
1830 208 0.05
1830 1172 0.2
1830 1171 0.05
1830 1257 0.05
1830 1705 0.2
1830 7 0.05
1830 436 0.01
1830 2214 0.2
1830 3999 0.2
1830 518 0.05
1830 145 0.05
1830 6 0.05
4240 464 0.05
4240 3455 0.2
4240 1169 0.05
4240 1422 0.01
4240 2054 0.05
4240 4223 0.05
3453 468 0.05
3453 421 0.01
3453 1164 0.2
3453 1252 0.2
3453 1522 0.01
3453 643 0.05
2098 1252 0.2
2098 1521 0.05
2098 1522 0.05
2098 85 0.2
2098 642 0.05
2098 419 0.01
2098 426 0.01
2098 447 0.2
2098 144 0.2
2098 514 0.2
2098 9 0.05
2098 850 0.01
2098 843 0.01
2098 463 0.01
2098 461 0.01
2098 433 0.2
2098 432 0.05
2098 465 0.2
2098 3273 0.05
2098 363 0.01
2098 94 0.05
2098 449 0.01
2098 104 0.05
2098 211 0.2
4241 196 0.01
4241 261 0.01
4241 4242 0.01
4241 4243 0.05
4241 2345 0.01
4241 194 0.2
4241 1167 0.2
2089 4149 0.01
2089 4244 0.01
2089 438 0.2
2089 3192 0.05
2089 211 0.2
2089 3020 0.05
2089 2281 0.01
2089 2059 0.01
2089 1705 0.05
2089 203 0.05
2089 2184 0.05
2089 1591 0.01
2089 514 0.2
2089 1257 0.2
4118 426 0.2
4118 4245 0.2
4118 3989 0.05
4118 515 0.05
4118 213 0.01
4118 1705 0.05
4118 3067 0.01
4118 436 0.05
4118 1273 0.05
4118 140 0.01
4118 1163 0.2
4118 211 0.01
459 4224 0.2
459 88 0.01
459 515 0.01
459 3257 0.2
459 451 0.01
459 1253 0.2
459 440 0.01
459 640 0.01
459 702 0.05
459 2213 0.01
459 2446 0.05
459 196 0.01
459 463 0.2
459 1724 0.2
459 514 0.01
459 3308 0.01
459 3705 0.05
459 1519 0.05
459 1741 0.2
459 3999 0.2
459 436 0.05
459 9 0.2
459 7 0.2
459 1720 0.2
459 1219 0.05
459 210 0.05
459 433 0.05
459 453 0.05
459 217 0.05
459 1705 0.2
459 2215 0.01
459 656 0.05
459 4119 0.05
459 203 0.01
459 452 0.05
459 1171 0.2
3249 636 0.2
3249 642 0.2
3249 496 0.05
3249 461 0.2
3249 563 0.2
3249 566 0.2
3249 1295 0.05
3249 4196 0.01
3249 426 0.01
3249 899 0.2
3249 1524 0.2
4246 4247 0.05
4248 146 0.2
3560 1517 0.2
3560 473 0.2
3560 4249 0.05
3560 2091 0.01
3560 194 0.05
3560 2329 0.05
3560 1258 0.01
3560 146 0.05
3560 1037 0.05
3560 1172 0.2
3560 2184 0.2
3560 3188 0.01
3560 4142 0.05
2244 1136 0.01
2244 3905 0.05
2244 1335 0.01
2244 790 0.05
2244 201 0.01
2244 2235 0.05
2244 424 0.01
2244 1583 0.05
2244 1599 0.05
2244 2167 0.05
2244 2241 0.01
2244 1905 0.2
2244 4250 0.01
2244 4251 0.01
2244 1687 0.01
2244 1520 0.01
2244 3588 0.2
2244 640 0.2
2244 2481 0.2
2244 1594 0.05
2244 419 0.2
2244 1164 0.01
2244 1142 0.05
2244 1593 0.2
2244 4149 0.05
2244 4252 0.01
2244 3067 0.05
2244 4253 0.2
2244 745 0.2
2244 197 0.05
453 1661 0.01
453 4254 0.2
453 416 0.2
453 1737 0.01
453 2380 0.01
453 1783 0.01
453 628 0.05
453 3773 0.2
453 1718 0.2
453 2138 0.2
453 2251 0.05
453 656 0.05
453 3248 0.2
453 427 0.05
453 448 0.05
453 1587 0.05
453 1740 0.01
453 1649 0.05
453 412 0.05
453 418 0.2
453 1178 0.05
453 145 0.2
453 805 0.01
453 421 0.05
453 424 0.05
453 632 0.2
453 1154 0.01
453 836 0.2
453 630 0.05
453 417 0.05
453 431 0.2
453 633 0.05
453 642 0.2
453 194 0.01
453 1152 0.01
453 516 0.2
453 1521 0.2
453 443 0.01
453 789 0.01
453 363 0.2
453 1270 0.2
453 842 0.01
453 439 0.05
453 16 0.01
453 435 0.01
453 2915 0.2
453 2184 0.2
453 445 0.2
453 1261 0.01
453 1588 0.05
453 2282 0.01
453 1422 0.01
453 975 0.2
453 441 0.01
453 2170 0.01
453 515 0.2
453 447 0.2
453 88 0.05
453 667 0.01
453 223 0.01
453 513 0.05
453 104 0.05
453 458 0.05
453 462 0.01
453 3131 0.01
453 108 0.05
453 473 0.01
453 455 0.01
453 2281 0.2
453 1255 0.01
453 432 0.01
453 465 0.05
453 451 0.2
453 201 0.2
453 227 0.01
453 204 0.05
453 472 0.2
453 450 0.2
453 440 0.05
453 2164 0.2
453 647 0.01
453 1595 0.01
453 464 0.05
453 208 0.01
453 1724 0.01
453 214 0.01
453 466 0.01
453 1519 0.05
453 463 0.2
453 196 0.2
453 203 0.2
453 459 0.2
453 433 0.2
453 452 0.05
1938 2088 0.01
1938 4031 0.2
1938 4199 0.05
1938 1719 0.05
1938 1521 0.2
1938 1678 0.01
1938 419 0.01
1938 146 0.2
1938 6 0.01
1938 2281 0.2
1938 745 0.05
1938 3285 0.2
1938 3282 0.01
1938 946 0.2
1938 1176 0.2
1938 193 0.05
1938 3407 0.01
1938 2080 0.05
1938 2081 0.2
1938 4255 0.2
1938 2700 0.05
1938 1254 0.01
1938 144 0.2
1938 1583 0.01
1938 473 0.2
1938 455 0.05
1938 1595 0.05
1938 642 0.01
1938 947 0.2
1938 433 0.01
1938 194 0.2
1938 794 0.2
4256 1251 0.01
4256 1526 0.05
4256 413 0.05
4256 2345 0.01
4256 473 0.2
1741 642 0.05
1741 1601 0.05
1741 211 0.05
1741 419 0.05
1741 1164 0.01
1741 447 0.01
1741 192 0.05
1741 426 0.05
1741 515 0.01
1741 17 0.2
1741 432 0.01
1741 3104 0.05
1741 879 0.01
1741 3188 0.05
1741 522 0.2
1741 563 0.2
1741 464 0.01
1741 194 0.01
1741 1273 0.01
1741 94 0.2
1741 3644 0.01
1741 1518 0.2
1741 436 0.05
1741 459 0.05
1741 452 0.05
1741 473 0.2
1741 466 0.2
1741 514 0.2
1741 1705 0.2
1518 414 0.2
1518 562 0.2
1518 790 0.05
1518 439 0.01
1518 419 0.01
1518 2163 0.05
1518 483 0.2
1518 422 0.05
1518 448 0.01
1518 7 0.05
1518 466 0.2
1518 630 0.01
1518 1665 0.05
1518 2530 0.2
1518 431 0.01
1518 228 0.05
1518 1520 0.01
1518 1584 0.01
1518 104 0.2
1518 428 0.2
1518 227 0.2
1518 94 0.01
1518 473 0.2
1518 6 0.2
4257 3060 0.05
4066 211 0.05
4066 450 0.05
4066 1163 0.05
4066 3947 0.2
4066 1705 0.2
4066 1422 0.05
4066 521 0.01
4066 2915 0.01
4066 1171 0.2
4066 453 0.05
4066 203 0.05
4066 4258 0.01
4066 2281 0.2
4066 455 0.01
4066 2419 0.01
4066 197 0.01
3942 458 0.2
3942 6 0.01
3942 216 0.01
3942 1171 0.2
449 278 0.05
449 1135 0.05
449 465 0.2
449 4259 0.2
449 431 0.05
449 748 0.01
449 1138 0.05
449 1423 0.01
449 414 0.05
449 196 0.01
449 413 0.2
449 1526 0.01
449 4260 0.2
449 1588 0.01
449 3761 0.01
449 641 0.05
449 642 0.2
449 4261 0.2
449 789 0.05
449 3273 0.2
449 1180 0.2
449 3832 0.2
449 1668 0.01
449 4262 0.01
449 455 0.2
449 3226 0.2
449 702 0.2
449 3200 0.05
449 3067 0.01
449 517 0.2
449 216 0.05
449 2227 0.05
449 4263 0.05
449 4264 0.01
449 427 0.05
449 1722 0.01
449 2184 0.01
449 143 0.2
449 460 0.01
449 3944 0.01
449 1519 0.05
449 794 0.2
449 656 0.01
449 1255 0.2
449 217 0.05
449 2556 0.2
449 1265 0.2
449 426 0.01
449 124 0.2
449 3249 0.01
449 4066 0.01
449 514 0.2
449 211 0.01
449 2094 0.05
3944 4178 0.01
3944 4265 0.2
3944 2122 0.05
3944 3838 0.05
3944 1526 0.05
3944 789 0.05
3944 3055 0.05
3944 4049 0.2
3944 3945 0.2
3944 640 0.2
3944 4266 0.05
3944 3478 0.2
3944 4267 0.2
3944 454 0.05
3944 450 0.05
3944 453 0.05
3944 459 0.2
3944 4268 0.2
3944 4176 0.01
3944 421 0.2
3944 462 0.01
3944 4165 0.2
3944 451 0.01
3944 4191 0.01
3944 520 0.05
3944 465 0.2
3944 4119 0.01
3944 2213 0.01
3944 449 0.05
3944 211 0.01
1593 104 0.2
1593 1251 0.05
1593 228 0.05
1593 142 0.05
1593 645 0.2
1593 629 0.05
1593 94 0.2
1593 747 0.05
1593 2138 0.2
1593 2169 0.05
1593 746 0.05
1593 412 0.01
1593 2425 0.01
1593 447 0.05
1593 793 0.2
1593 1105 0.05
1593 2167 0.05
1593 2242 0.05
1593 640 0.05
1593 2567 0.01
1593 631 0.01
1593 363 0.01
1593 2235 0.2
1593 146 0.01
1593 426 0.2
1593 642 0.2
1593 1135 0.01
1593 417 0.2
1593 2207 0.01
1593 1687 0.05
1593 630 0.01
1593 2913 0.05
1593 660 0.2
1593 1594 0.01
1593 3686 0.05
1593 440 0.01
1593 1604 0.01
1593 2078 0.05
1593 11 0.01
1593 2165 0.2
1593 202 0.05
1593 419 0.2
1593 422 0.05
1593 2075 0.05
1593 1178 0.01
1593 4149 0.2
1593 2244 0.01
1593 2246 0.2
1593 2168 0.05
1593 1519 0.05
1593 2243 0.2
1593 636 0.01
1593 1673 0.2
1593 435 0.01
1593 1230 0.2
1593 1526 0.05
1593 413 0.05
1593 2778 0.01
1593 222 0.01
1593 204 0.05
1593 514 0.01
1593 197 0.05
1593 515 0.2
1593 1588 0.01
1593 635 0.01
1593 4269 0.01
1593 437 0.01
1593 433 0.01
1593 196 0.05
1593 523 0.01
1593 1164 0.05
1593 430 0.2
1593 639 0.05
1593 513 0.01
1593 9 0.01
1593 3033 0.01
1593 2213 0.01
1593 3706 0.05
1593 473 0.01
1593 219 0.01
3060 3051 0.05
4270 2094 0.2
4270 1273 0.2
4270 4271 0.2
4270 3308 0.2
4272 3285 0.01
4086 1272 0.05
4086 445 0.2
4086 1447 0.2
4086 522 0.01
454 441 0.2
454 11 0.2
454 792 0.05
454 418 0.01
454 3451 0.01
454 1157 0.05
454 633 0.01
454 447 0.05
454 566 0.01
454 88 0.2
454 4109 0.2
454 417 0.01
454 649 0.01
454 522 0.05
454 1722 0.01
454 464 0.2
454 3478 0.2
454 1164 0.2
454 458 0.01
454 216 0.2
4265 3706 0.01
4265 455 0.01
4265 464 0.05
4265 523 0.05
4265 528 0.01
4265 522 0.05
4273 2227 0.01
1720 1273 0.05
1720 633 0.05
1720 647 0.2
1720 451 0.01
1720 365 0.05
1720 473 0.05
1720 1163 0.01
1720 514 0.2
1720 472 0.05
1720 453 0.01
1720 463 0.01
1720 436 0.05
1720 1595 0.01
1720 1519 0.2
1720 228 0.2
1720 4119 0.2
1720 203 0.2
1720 459 0.2
1519 3281 0.05
1519 17 0.05
1519 1586 0.05
1519 2227 0.01
1519 1673 0.05
1519 1735 0.2
1519 1736 0.05
1519 1718 0.05
1519 1141 0.05
1519 1684 0.2
1519 1593 0.05
1519 1230 0.2
1519 1521 0.2
1519 1178 0.2
1519 424 0.05
1519 208 0.2
1519 3500 0.01
1519 1413 0.2
1519 414 0.01
1519 1251 0.05
1519 428 0.05
1519 425 0.2
1519 431 0.05
1519 1335 0.2
1519 2778 0.05
1519 417 0.05
1519 630 0.01
1519 430 0.01
1519 202 0.01
1519 632 0.01
1519 423 0.2
1519 1589 0.01
1519 207 0.2
1519 1252 0.2
1519 789 0.2
1519 641 0.2
1519 1152 0.2
1519 792 0.2
1519 633 0.05
1519 657 0.01
1519 443 0.05
1519 419 0.01
1519 441 0.05
1519 975 0.01
1519 1526 0.01
1519 435 0.05
1519 363 0.05
1519 655 0.05
1519 447 0.2
1519 432 0.2
1519 1423 0.2
1519 442 0.01
1519 2163 0.05
1519 3131 0.2
1519 1164 0.2
1519 146 0.01
1519 523 0.05
1519 440 0.2
1519 438 0.05
1519 640 0.2
1519 468 0.05
1519 465 0.01
1519 196 0.2
1519 452 0.01
1519 451 0.2
1519 1163 0.01
1519 517 0.05
1519 3309 0.01
1519 1689 0.01
1519 463 0.01
1519 237 0.05
1519 433 0.2
1519 449 0.2
1519 656 0.05
1519 1588 0.01
1519 514 0.05
1519 4141 0.05
1519 1595 0.01
1519 197 0.01
1519 436 0.05
1519 1724 0.01
1519 124 0.05
1519 203 0.01
1519 217 0.01
1519 459 0.2
1519 453 0.05
4274 2281 0.2
4274 211 0.05
3051 3060 0.2
4275 4276 0.2
1689 451 0.05
1689 1423 0.05
1689 1272 0.05
1689 449 0.01
1689 11 0.01
1689 2207 0.2
1689 3147 0.01
1689 4176 0.05
1689 2163 0.01
1689 216 0.01
1689 468 0.05
1689 440 0.05
1689 464 0.2
1689 1526 0.01
1689 426 0.2
1689 363 0.01
1689 1519 0.01
1689 4277 0.2
1689 1163 0.01
1255 1150 0.01
1255 4206 0.2
1255 660 0.2
1255 194 0.2
1255 11 0.01
1255 642 0.01
1255 1156 0.05
1255 442 0.01
1255 455 0.01
1255 94 0.05
1255 196 0.05
1255 1521 0.01
1255 208 0.2
1255 451 0.2
1255 518 0.01
1255 460 0.05
1255 515 0.2
1255 1423 0.01
1255 446 0.05
1255 1253 0.05
1255 564 0.05
1255 436 0.2
1255 447 0.05
1255 461 0.01
1255 514 0.05
1255 2430 0.05
1255 453 0.05
1255 2058 0.01
1255 1163 0.05
1255 211 0.2
1255 2171 0.01
1255 517 0.05
1255 197 0.05
1255 192 0.2
1255 526 0.05
1255 794 0.2
1255 523 0.01
1255 702 0.2
1255 452 0.2
1255 2281 0.01
1255 522 0.01
1255 213 0.01
2567 523 0.05
4238 2214 0.01
4238 2429 0.05
4238 436 0.2
4238 1784 0.01
4238 523 0.2
4238 794 0.05
4238 1830 0.05
2216 3104 0.2
2216 4278 0.2
2216 3384 0.2
2216 438 0.05
2216 4279 0.2
2216 209 0.01
2216 4280 0.01
2216 640 0.05
2216 451 0.05
2216 1171 0.2
2216 1689 0.05
2216 2215 0.2
2216 521 0.05
2216 1255 0.2
2216 648 0.01
2216 2766 0.05
2216 208 0.05
2216 656 0.05
2216 3200 0.2
2216 975 0.05
2216 930 0.2
2216 514 0.01
2216 7 0.05
2216 196 0.01
2216 211 0.2
2216 2687 0.01
2216 528 0.2
2216 216 0.01
2216 517 0.05
2216 522 0.05
2216 2183 0.01
2216 436 0.2
2216 1784 0.2
2216 563 0.01
2216 213 0.2
2216 1705 0.2
2216 192 0.01
2216 194 0.05
2216 473 0.01
2216 2214 0.2
2216 1744 0.05
2216 195 0.2
2216 1519 0.2
2216 2213 0.05
2216 3894 0.2
2216 455 0.01
2216 426 0.2
2216 3706 0.05
2216 523 0.2
2216 468 0.01
2216 2211 0.05
2216 146 0.2
2216 449 0.05
1141 4281 0.05
1141 2138 0.05
1141 438 0.2
1141 628 0.2
1141 1685 0.05
1141 630 0.2
1141 516 0.01
1141 1143 0.01
1141 422 0.05
1141 1648 0.2
1141 3606 0.01
1141 640 0.2
1141 448 0.05
1141 416 0.01
1141 17 0.2
1141 789 0.05
1141 1134 0.05
1141 414 0.2
1141 2139 0.2
1141 1583 0.01
1141 363 0.05
1141 465 0.2
1141 4282 0.2
1141 214 0.2
1141 2089 0.2
1141 365 0.05
1141 194 0.01
1141 2056 0.01
1141 202 0.01
1141 660 0.2
1141 418 0.05
1141 1684 0.2
1141 201 0.2
1141 1140 0.05
1141 1155 0.2
1141 4047 0.05
1141 1748 0.2
1141 1150 0.01
1141 452 0.01
1141 197 0.01
1141 1230 0.01
1141 1135 0.05
1141 2241 0.2
1141 146 0.05
1141 1161 0.05
1141 463 0.05
1141 4283 0.05
1141 208 0.2
1141 655 0.01
1141 2380 0.05
1141 2207 0.05
1141 447 0.05
1141 436 0.05
1141 1252 0.05
1141 2301 0.2
1141 433 0.05
1141 2184 0.01
1141 1519 0.01
1141 140 0.01
1141 108 0.05
1141 2243 0.01
1141 2426 0.01
1141 426 0.01
1141 2246 0.01
1141 642 0.2
1141 1142 0.2
1141 2299 0.01
1141 631 0.01
1141 1178 0.05
1141 466 0.01
1141 6 0.2
1141 1164 0.2
1141 1154 0.05
1141 1179 0.2
1141 419 0.01
4277 2213 0.01
4277 1689 0.2
4277 436 0.01
4277 3894 0.01
3458 239 0.01
517 1150 0.2
517 424 0.01
517 416 0.2
517 4284 0.01
517 423 0.2
517 417 0.2
517 638 0.05
517 805 0.05
517 104 0.2
517 943 0.05
517 513 0.2
517 1587 0.01
517 642 0.01
517 1252 0.2
517 226 0.2
517 633 0.2
517 641 0.2
517 430 0.2
517 238 0.01
517 199 0.05
517 837 0.05
517 437 0.05
517 526 0.01
517 1148 0.2
517 3690 0.05
517 3020 0.2
517 466 0.05
517 1037 0.05
517 644 0.2
517 1152 0.01
517 3226 0.2
517 192 0.05
517 1602 0.2
517 422 0.01
517 2061 0.01
517 1215 0.01
517 1522 0.2
517 6 0.05
517 452 0.05
517 1523 0.2
517 655 0.01
517 640 0.2
517 439 0.05
517 2125 0.2
517 3021 0.2
517 807 0.2
517 1271 0.01
517 446 0.01
517 3105 0.01
517 419 0.01
517 975 0.05
517 203 0.05
517 636 0.01
517 1422 0.01
517 1526 0.2
517 9 0.05
517 441 0.05
517 3189 0.05
517 447 0.05
517 88 0.2
517 436 0.01
517 518 0.2
517 146 0.05
517 643 0.01
517 1588 0.01
517 204 0.05
517 450 0.05
517 1253 0.05
517 649 0.2
517 197 0.2
517 652 0.2
517 449 0.01
517 432 0.01
517 442 0.01
517 563 0.2
517 656 0.05
517 465 0.2
517 1273 0.01
517 440 0.05
517 1164 0.01
517 1520 0.01
517 3067 0.05
517 647 0.2
517 426 0.05
517 451 0.05
517 648 0.01
517 514 0.05
517 438 0.01
517 94 0.2
517 208 0.01
517 1519 0.01
517 213 0.2
517 7 0.01
517 193 0.01
517 196 0.05
2171 642 0.05
2171 423 0.05
2171 211 0.05
2171 7 0.05
2171 461 0.2
2171 2280 0.2
2171 216 0.05
2171 643 0.2
2171 88 0.05
2171 3021 0.05
2171 3057 0.01
2171 3200 0.05
2171 3333 0.01
2171 3020 0.05
2171 194 0.01
2171 2035 0.01
2171 2281 0.01
2171 208 0.2
2171 1272 0.01
2171 4285 0.05
2171 463 0.01
2171 192 0.05
2171 226 0.2
2171 209 0.01
2171 451 0.05
2171 3022 0.2
2171 640 0.2
2171 452 0.01
2171 2731 0.2
2171 1254 0.2
2171 473 0.01
2171 521 0.2
2171 1255 0.01
2171 522 0.05
2171 1744 0.2
2171 794 0.05
2171 196 0.05
2171 2178 0.05
2171 2213 0.01
2171 1180 0.05
2171 460 0.01
2171 3249 0.01
2941 528 0.2
4286 376 0.2
4286 523 0.05
4286 4287 0.01
4288 4289 0.05
4290 1652 0.05
4290 468 0.2
4290 460 0.01
4290 4291 0.05
4290 2213 0.01
4290 473 0.2
4040 426 0.01
4040 522 0.2
4040 226 0.01
4040 4292 0.01
4040 3008 0.2
4040 4293 0.2
4040 4294 0.05
4040 442 0.2
4040 655 0.2
4040 454 0.01
4040 3926 0.01
4040 4295 0.05
4040 3236 0.2
4040 3067 0.05
4040 2422 0.2
4040 745 0.01
4040 449 0.05
4040 196 0.2
4040 2430 0.2
4040 460 0.01
4040 433 0.01
4040 564 0.2
4040 142 0.2
4040 94 0.01
4040 523 0.01
451 641 0.05
451 1720 0.05
451 449 0.05
451 2241 0.2
451 3827 0.05
451 1586 0.05
451 879 0.01
451 439 0.2
451 1161 0.2
451 1684 0.05
451 414 0.2
451 425 0.01
451 1251 0.01
451 1587 0.05
451 1152 0.2
451 1520 0.01
451 2242 0.2
451 2138 0.01
451 660 0.2
451 1230 0.2
451 413 0.01
451 238 0.2
451 629 0.01
451 88 0.01
451 2778 0.2
451 1335 0.01
451 634 0.01
451 424 0.05
451 1150 0.2
451 1521 0.01
451 1162 0.2
451 3459 0.2
451 455 0.2
451 630 0.05
451 642 0.05
451 1594 0.01
451 435 0.05
451 416 0.01
451 419 0.2
451 4296 0.05
451 635 0.2
451 417 0.2
451 1523 0.05
451 448 0.2
451 792 0.05
451 437 0.01
451 418 0.01
451 1255 0.2
451 1423 0.05
451 515 0.2
451 447 0.05
451 1526 0.05
451 655 0.05
451 228 0.2
451 567 0.01
451 1037 0.01
451 2170 0.01
451 1163 0.01
451 1595 0.05
451 3309 0.01
451 461 0.05
451 226 0.05
451 201 0.2
451 652 0.05
451 426 0.05
451 2125 0.05
451 3188 0.2
451 104 0.01
451 2163 0.01
451 454 0.05
451 656 0.2
451 3131 0.05
451 3200 0.2
451 459 0.2
451 647 0.2
451 640 0.05
451 1689 0.2
451 432 0.01
451 2281 0.2
451 1588 0.01
451 453 0.2
451 458 0.01
451 146 0.2
451 203 0.2
451 633 0.01
451 1164 0.05
451 464 0.2
451 450 0.05
451 194 0.01
451 517 0.2
451 1519 0.05
451 433 0.05
451 463 0.05
451 196 0.01
451 421 0.01
451 4297 0.01
1254 2235 0.01
1254 1135 0.05
1254 2700 0.2
1254 278 0.01
1254 639 0.01
1254 2061 0.2
1254 1251 0.05
1254 790 0.05
1254 2499 0.01
1254 1722 0.2
1254 2226 0.05
1254 9 0.05
1254 635 0.01
1254 2168 0.05
1254 1423 0.2
1254 416 0.05
1254 4034 0.2
1254 445 0.01
1254 1586 0.05
1254 414 0.05
1254 1489 0.2
1254 1686 0.2
1254 466 0.2
1254 746 0.2
1254 1583 0.05
1254 104 0.05
1254 745 0.2
1254 94 0.01
1254 437 0.05
1254 4237 0.2
1254 227 0.05
1254 199 0.05
1254 2160 0.01
1254 1938 0.05
1254 238 0.01
1254 1666 0.01
1254 975 0.2
1254 655 0.01
1254 213 0.05
1254 17 0.01
1254 2197 0.05
1254 2430 0.05
1254 146 0.05
1254 2731 0.2
1254 2171 0.2
1254 2059 0.05
1254 442 0.2
1254 1255 0.01
1254 3609 0.05
1254 432 0.01
1254 219 0.01
1254 2422 0.2
1254 656 0.2
1254 523 0.2
1254 1652 0.01
1254 4012 0.2
1254 4298 0.01
1254 451 0.01
1254 463 0.2
1254 4299 0.2
1254 528 0.01
1254 633 0.2
1254 465 0.01
1254 3831 0.2
1254 436 0.01
1254 522 0.2
1254 794 0.05
1254 196 0.2
1254 1520 0.2
1254 2791 0.05
1254 2281 0.2
1254 473 0.2
1254 4300 0.05
633 2085 0.05
633 2081 0.2
633 1719 0.2
633 850 0.05
633 1150 0.2
633 238 0.05
633 660 0.2
633 1134 0.01
633 1740 0.05
633 526 0.2
633 431 0.2
633 427 0.2
633 1748 0.05
633 516 0.01
633 416 0.2
633 636 0.05
633 451 0.2
633 2280 0.05
633 1596 0.05
633 219 0.2
633 417 0.2
633 454 0.2
633 642 0.05
633 1161 0.2
633 805 0.01
633 463 0.05
633 207 0.05
633 423 0.01
633 2238 0.2
633 643 0.2
633 218 0.01
633 1143 0.2
633 655 0.2
633 2138 0.01
633 444 0.01
633 1422 0.2
633 838 0.2
633 445 0.01
633 3519 0.05
633 452 0.01
633 564 0.05
633 1522 0.2
633 462 0.2
633 1589 0.2
633 635 0.2
633 371 0.01
633 194 0.2
633 458 0.2
633 437 0.05
633 943 0.01
633 792 0.05
633 641 0.2
633 639 0.2
633 17 0.01
633 11 0.01
633 140 0.2
633 523 0.05
633 422 0.05
633 94 0.01
633 473 0.01
633 453 0.2
633 656 0.01
633 517 0.05
633 226 0.05
633 242 0.05
633 435 0.01
633 837 0.2
633 202 0.2
633 3942 0.2
633 1152 0.2
633 192 0.05
633 4064 0.2
633 1519 0.01
633 197 0.2
633 433 0.2
633 514 0.05
633 419 0.05
633 441 0.05
633 213 0.05
633 640 0.01
633 203 0.01
633 439 0.05
633 211 0.2
633 436 0.01
633 196 0.05
633 447 0.01
633 1254 0.05
633 455 0.2
633 1164 0.2
458 1150 0.01
458 745 0.2
458 424 0.2
458 413 0.2
458 228 0.2
458 1526 0.01
458 1747 0.01
458 146 0.01
458 425 0.05
458 4109 0.2
458 642 0.2
458 441 0.05
458 3055 0.2
458 1259 0.01
458 641 0.05
458 1252 0.05
458 204 0.05
458 201 0.2
458 208 0.05
458 108 0.01
458 636 0.01
458 447 0.2
458 446 0.05
458 197 0.2
458 452 0.01
458 9 0.05
458 2035 0.05
458 473 0.01
458 1273 0.2
458 226 0.2
458 658 0.2
458 655 0.05
458 4301 0.05
458 643 0.01
458 1253 0.2
458 3273 0.01
458 2430 0.2
458 3478 0.01
458 2170 0.2
458 453 0.05
458 2915 0.01
458 461 0.05
458 211 0.2
458 449 0.2
458 438 0.05
458 442 0.2
458 2282 0.2
458 640 0.2
458 216 0.01
458 454 0.01
837 412 0.05
837 1680 0.01
837 516 0.2
837 2227 0.2
837 3285 0.05
837 2235 0.01
837 2241 0.01
837 2242 0.05
837 1230 0.2
837 435 0.01
837 639 0.2
837 1140 0.2
837 417 0.2
837 634 0.01
837 1150 0.2
837 431 0.01
837 1155 0.2
837 632 0.01
837 425 0.2
837 496 0.05
837 1830 0.2
837 222 0.01
837 4302 0.01
837 2141 0.05
837 641 0.2
837 1589 0.05
837 635 0.01
837 644 0.2
837 655 0.01
837 1148 0.01
837 194 0.2
837 1884 0.2
837 794 0.01
837 192 0.05
837 1252 0.05
837 452 0.2
837 702 0.2
837 443 0.2
837 1164 0.2
837 197 0.05
837 463 0.2
837 567 0.01
837 645 0.01
837 3187 0.05
837 437 0.05
837 447 0.05
837 514 0.2
837 517 0.2
837 879 0.05
837 242 0.2
837 2237 0.01
837 793 0.2
837 441 0.2
837 4303 0.01
837 1152 0.01
837 1718 0.2
837 633 0.2
837 656 0.01
837 418 0.05
837 419 0.05
4304 655 0.2
4304 433 0.01
4304 2058 0.01
4304 2430 0.05
4304 523 0.2
4304 436 0.2
4305 2481 0.2
4305 794 0.2
4306 2168 0.2
4306 2246 0.2
4306 473 0.05
3945 1273 0.01
3945 522 0.05
3945 208 0.05
3945 1164 0.01
3945 514 0.05
3945 517 0.01
3945 520 0.2
3945 4307 0.01
3945 4308 0.2
3945 3831 0.2
3945 436 0.01
3945 4309 0.2
4310 4112 0.01
4310 4308 0.2
4310 4311 0.05
4310 4312 0.2
4245 4307 0.01
4245 4313 0.2
4245 4118 0.01
4245 3478 0.01
4245 522 0.01
1253 452 0.2
1253 3063 0.2
1253 460 0.01
1253 1423 0.01
1253 467 0.05
1253 3188 0.01
1253 446 0.01
1253 197 0.01
1253 447 0.05
1253 4314 0.05
1253 457 0.2
1253 3989 0.01
1253 218 0.01
1253 3131 0.2
1253 2065 0.2
1253 1163 0.2
1253 647 0.01
1253 656 0.2
1253 443 0.2
1253 104 0.2
1253 438 0.01
1253 436 0.2
1253 2811 0.05
1253 521 0.05
1253 237 0.2
1253 226 0.2
1253 113 0.2
1253 1519 0.05
1253 450 0.01
1253 3333 0.01
1253 440 0.01
1253 461 0.05
1253 88 0.05
1253 466 0.05
1253 432 0.2
1253 4315 0.01
1253 204 0.2
1253 454 0.2
1253 458 0.2
1253 517 0.05
1253 363 0.05
1253 192 0.01
1253 1261 0.05
1253 194 0.01
1253 2280 0.2
1253 526 0.01
1253 793 0.05
1253 1273 0.01
1253 1689 0.01
1253 3273 0.05
1253 468 0.2
1253 7 0.05
1253 444 0.05
1253 2430 0.05
1253 2171 0.2
1253 3894 0.05
1253 522 0.01
1253 459 0.05
1253 473 0.01
1253 463 0.2
1253 702 0.2
1253 213 0.2
1253 442 0.01
1253 640 0.05
1253 1105 0.2
1253 658 0.2
1253 3893 0.2
1253 451 0.05
1253 228 0.05
1253 453 0.05
1253 146 0.05
1253 211 0.2
1253 528 0.05
1253 3226 0.2
1253 518 0.05
1253 449 0.01
1253 2281 0.2
1253 1254 0.05
1253 1255 0.2
432 567 0.05
432 1581 0.2
432 1672 0.01
432 2201 0.2
432 1675 0.05
432 1678 0.05
432 4114 0.2
432 630 0.05
432 4031 0.2
432 3583 0.01
432 452 0.2
432 3642 0.01
432 1719 0.05
432 193 0.2
432 1680 0.2
432 1248 0.01
432 1489 0.01
432 2168 0.01
432 702 0.01
432 2241 0.2
432 214 0.2
432 436 0.01
432 1230 0.01
432 2243 0.05
432 413 0.05
432 629 0.05
432 428 0.2
432 3513 0.01
432 631 0.05
432 805 0.2
432 2140 0.05
432 422 0.2
432 1603 0.05
432 1148 0.01
432 1523 0.2
432 417 0.01
432 645 0.05
432 238 0.2
432 437 0.2
432 3691 0.2
432 641 0.05
432 642 0.01
432 1521 0.05
432 455 0.01
432 242 0.05
432 1681 0.01
432 446 0.01
432 2075 0.2
432 419 0.2
432 94 0.01
432 1215 0.2
432 3065 0.05
432 85 0.01
432 515 0.05
432 447 0.2
432 1037 0.01
432 522 0.01
432 228 0.2
432 2184 0.05
432 1519 0.2
432 194 0.2
432 461 0.05
432 450 0.05
432 104 0.05
432 473 0.01
432 192 0.2
432 140 0.2
432 465 0.01
432 3131 0.2
432 433 0.05
432 1423 0.05
432 203 0.05
432 794 0.2
432 213 0.05
432 7 0.2
432 196 0.2
432 199 0.01
432 463 0.01
432 563 0.2
432 466 0.05
432 647 0.05
442 634 0.2
442 2238 0.01
442 2778 0.05
442 3519 0.05
442 2197 0.2
442 642 0.2
442 3691 0.01
442 2055 0.2
442 646 0.2
442 1152 0.05
442 792 0.05
442 1768 0.05
442 519 0.01
442 644 0.05
442 4316 0.2
442 2380 0.05
442 1718 0.05
442 1523 0.2
442 649 0.05
442 3021 0.01
442 195 0.2
442 3226 0.05
442 1271 0.05
442 1521 0.05
442 429 0.05
442 3065 0.01
442 419 0.01
442 3064 0.01
442 2075 0.2
442 1215 0.05
442 807 0.05
442 3189 0.05
442 1422 0.01
442 3105 0.01
442 643 0.2
442 3068 0.05
442 515 0.2
442 447 0.01
442 463 0.2
442 1254 0.05
442 465 0.2
442 3131 0.05
442 4194 0.01
442 433 0.01
442 4141 0.2
442 2282 0.01
442 975 0.2
442 4317 0.01
442 1526 0.05
442 563 0.01
442 3923 0.2
442 3057 0.01
442 441 0.01
442 4040 0.05
442 3200 0.2
442 629 0.2
442 3248 0.05
442 4070 0.05
442 363 0.01
442 3273 0.05
442 789 0.2
442 656 0.2
442 1253 0.01
442 1519 0.05
442 203 0.01
442 1423 0.05
442 3609 0.05
442 658 0.05
442 652 0.2
442 1784 0.05
442 518 0.01
442 514 0.2
442 460 0.05
442 193 0.05
442 521 0.01
442 458 0.01
442 647 0.2
442 1163 0.01
442 146 0.01
442 653 0.05
442 517 0.01
442 522 0.2
442 2214 0.05
442 794 0.2
442 879 0.01
442 219 0.05
442 2281 0.01
442 208 0.2
442 94 0.01
442 436 0.01
442 1273 0.05
442 464 0.01
442 4176 0.01
442 213 0.2
442 451 0.01
442 1520 0.05
442 440 0.05
4201 2178 0.05
4201 656 0.2
4201 655 0.01
4201 789 0.05
4201 2281 0.2
4201 196 0.01
4201 4318 0.05
4201 17 0.01
4201 2184 0.01
4201 4286 0.01
4201 432 0.01
4201 146 0.2
4201 226 0.01
4201 3067 0.2
4201 213 0.01
4201 209 0.05
4201 94 0.01
4201 195 0.05
4201 140 0.2
4201 1424 0.05
4201 458 0.2
4319 4320 0.05
4319 94 0.05
4319 11 0.01
1148 466 0.05
1148 1489 0.2
1148 1583 0.2
1148 1150 0.2
1148 278 0.05
1148 238 0.2
1148 745 0.01
1148 1585 0.01
1148 428 0.2
1148 1586 0.2
1148 448 0.2
1148 2226 0.01
1148 2901 0.05
1148 140 0.05
1148 462 0.01
1148 431 0.05
1148 2426 0.01
1148 437 0.2
1148 2076 0.05
1148 455 0.01
1148 2169 0.2
1148 1140 0.05
1148 3773 0.2
1148 1649 0.01
1148 1784 0.2
1148 365 0.2
1148 2055 0.2
1148 1134 0.01
1148 642 0.2
1148 631 0.01
1148 1521 0.2
1148 630 0.2
1148 1830 0.05
1148 3723 0.2
1148 197 0.2
1148 1589 0.01
1148 639 0.01
1148 1143 0.01
1148 1587 0.2
1148 432 0.05
1148 2238 0.05
1148 837 0.2
1148 222 0.01
1148 3469 0.2
1148 435 0.01
1148 1161 0.05
1148 1215 0.05
1148 514 0.05
1148 523 0.05
1148 4316 0.2
1148 563 0.2
1148 517 0.05
1148 441 0.01
1148 655 0.05
1148 792 0.05
1148 211 0.2
1148 793 0.2
1148 419 0.05
1148 496 0.2
1148 1152 0.05
1148 3468 0.01
1148 1522 0.01
1148 515 0.2
1148 192 0.01
1148 518 0.2
1148 199 0.2
1148 9 0.05
1148 17 0.2
1148 3257 0.05
1148 436 0.05
1148 656 0.2
1148 194 0.2
1148 465 0.05
1148 94 0.05
1148 564 0.01
1148 1705 0.2
1148 473 0.2
1148 226 0.01
1148 4321 0.2
2229 1599 0.01
2229 468 0.2
2229 1517 0.01
2229 643 0.01
2229 419 0.2
2229 453 0.01
2229 1519 0.2
2229 196 0.01
2229 1735 0.2
2229 278 0.05
2229 645 0.05
2229 1422 0.05
2229 4034 0.05
2229 1584 0.2
2229 1683 0.01
2229 438 0.05
2229 436 0.2
2229 1722 0.01
2229 1586 0.2
2229 2226 0.05
2229 222 0.05
2229 1423 0.2
2229 465 0.01
2229 2168 0.2
2229 629 0.05
2229 748 0.01
2229 414 0.2
2229 2279 0.01
2229 747 0.2
2229 2221 0.05
2229 238 0.01
1155 2243 0.01
1155 2207 0.01
1155 3284 0.05
1155 2140 0.01
1155 643 0.01
1155 1159 0.2
1155 1134 0.2
1155 1272 0.2
1155 1154 0.2
1155 423 0.2
1155 425 0.2
1155 1481 0.05
1155 431 0.01
1155 3289 0.2
1155 642 0.05
1155 790 0.05
1155 1164 0.05
1155 630 0.05
1155 422 0.2
1155 4322 0.05
1155 1162 0.05
1155 3989 0.05
1155 3273 0.01
1155 4323 0.05
4321 1148 0.05
1423 2699 0.2
1423 4324 0.05
1423 443 0.2
1423 1540 0.05
1423 3407 0.01
1423 1683 0.01
1423 422 0.01
1423 2081 0.01
1423 1719 0.2
1423 1680 0.2
1423 414 0.01
1423 2204 0.05
1423 634 0.05
1423 1735 0.05
1423 2163 0.01
1423 2085 0.2
1423 2125 0.01
1423 437 0.2
1423 1918 0.01
1423 846 0.05
1423 1255 0.05
1423 1586 0.05
1423 4032 0.01
1423 228 0.2
1423 2168 0.05
1423 1687 0.05
1423 1688 0.2
1423 1142 0.05
1423 2244 0.01
1423 1105 0.2
1423 445 0.05
1423 196 0.2
1423 1489 0.05
1423 363 0.01
1423 747 0.01
1423 1176 0.05
1423 201 0.2
1423 2075 0.01
1423 453 0.05
1423 1138 0.05
1423 2220 0.05
1423 1685 0.05
1423 1422 0.2
1423 4325 0.2
1423 2427 0.2
1423 466 0.05
1423 1523 0.05
1423 2499 0.2
1423 2226 0.05
1423 660 0.01
1423 1584 0.05
1423 1684 0.2
1423 419 0.01
1423 793 0.05
1423 642 0.01
1423 631 0.05
1423 1135 0.05
1423 1585 0.2
1423 424 0.01
1423 2235 0.2
1423 431 0.05
1423 635 0.2
1423 1583 0.2
1423 418 0.2
1423 465 0.2
1423 9 0.05
1423 197 0.01
1423 1520 0.01
1423 567 0.2
1423 11 0.01
1423 516 0.01
1423 433 0.05
1423 454 0.2
1423 104 0.2
1423 441 0.01
1423 1526 0.01
1423 222 0.05
1423 7 0.01
1423 146 0.05
1423 94 0.05
1423 1155 0.2
1423 473 0.2
1423 436 0.05
1423 458 0.2
1423 449 0.05
1423 452 0.05
1423 238 0.05
1423 204 0.2
1423 143 0.05
1423 1722 0.05
1423 1689 0.2
1423 217 0.05
1423 432 0.01
1423 629 0.01
1423 518 0.01
1423 1519 0.2
1423 3131 0.2
1423 193 0.05
1423 463 0.01
4326 3572 0.2
1523 790 0.05
1523 1540 0.2
1523 222 0.2
1523 1145 0.01
1523 1155 0.2
1523 2088 0.2
1523 424 0.2
1523 416 0.2
1523 1413 0.05
1523 1521 0.2
1523 1178 0.05
1523 9 0.05
1523 631 0.01
1523 1518 0.01
1523 2235 0.2
1523 196 0.05
1523 2125 0.2
1523 1423 0.05
1523 660 0.01
1523 413 0.05
1523 1520 0.2
1523 4327 0.01
1523 414 0.01
1523 278 0.05
1523 640 0.01
1523 448 0.01
1523 1719 0.05
1523 3452 0.05
1523 1595 0.01
1523 201 0.2
1523 702 0.2
1523 1147 0.01
1523 496 0.2
1523 3131 0.01
1523 2163 0.05
1523 203 0.2
1523 4269 0.2
1523 1589 0.2
1523 433 0.05
1523 1681 0.01
1523 792 0.2
1523 807 0.2
1523 3468 0.01
1523 1665 0.05
1523 643 0.2
1523 194 0.2
1523 192 0.05
1523 468 0.01
1523 466 0.05
1523 473 0.05
1523 104 0.2
1523 523 0.2
1523 219 0.01
1523 943 0.05
1523 432 0.01
1523 805 0.05
1523 446 0.05
1523 1252 0.2
1523 439 0.01
1523 642 0.01
1523 562 0.05
1523 422 0.01
1523 146 0.05
1523 228 0.2
1523 656 0.05
1523 426 0.01
1523 745 0.2
1523 437 0.2
1523 3021 0.05
1523 3723 0.05
1523 520 0.05
1523 436 0.05
1523 463 0.05
1523 427 0.01
1523 447 0.01
1523 2075 0.05
1523 567 0.2
1523 1152 0.01
1523 4328 0.05
1523 418 0.2
1523 461 0.05
1523 518 0.05
1523 646 0.2
1523 3735 0.05
1523 1522 0.01
1523 442 0.01
1523 1270 0.05
1523 455 0.01
1523 193 0.2
4329 473 0.05
1954 2235 0.2
1954 1155 0.01
1954 1740 0.01
1954 197 0.05
1954 793 0.2
4330 4331 0.01
4332 430 0.01
4332 518 0.01
4333 4065 0.01
2110 473 0.01
456 1178 0.2
456 2901 0.05
456 365 0.05
456 88 0.05
456 1589 0.05
456 3082 0.05
456 1152 0.01
456 108 0.05
456 2171 0.01
456 461 0.05
456 439 0.2
456 3226 0.2
456 643 0.05
456 3022 0.01
456 193 0.05
456 805 0.01
456 213 0.05
456 2433 0.05
456 4334 0.2
1522 438 0.01
1522 642 0.01
1522 4269 0.01
1522 218 0.05
1522 3511 0.2
1522 2056 0.2
1522 432 0.2
1522 423 0.05
1522 633 0.01
1522 238 0.01
1522 417 0.05
1522 526 0.2
1522 430 0.2
1522 805 0.05
1522 1589 0.2
1522 794 0.01
1522 1587 0.01
1522 1148 0.05
1522 1252 0.2
1522 437 0.2
1522 3055 0.01
1522 4335 0.05
1522 943 0.01
1522 146 0.05
1522 747 0.05
1522 2098 0.05
1522 422 0.05
1522 419 0.01
1522 4296 0.05
1522 1161 0.2
1522 1601 0.2
1522 3469 0.05
1522 564 0.2
1522 7 0.01
1522 199 0.2
1522 838 0.05
1522 222 0.2
1522 656 0.01
1522 3468 0.01
1522 3021 0.05
1522 1294 0.05
1522 1718 0.05
1522 450 0.2
1522 517 0.05
1522 1523 0.05
1522 648 0.2
1522 2238 0.2
1522 1215 0.05
1522 567 0.05
1522 3568 0.01
1522 1152 0.05
1522 4336 0.05
1522 194 0.2
1522 4064 0.01
1522 441 0.01
1522 3189 0.2
1522 640 0.2
1522 643 0.2
1522 3453 0.05
1522 429 0.05
1522 659 0.01
1522 94 0.01
1522 192 0.2
1522 649 0.05
1522 1423 0.05
1522 2915 0.01
1522 4074 0.2
1522 1261 0.01
1522 515 0.01
1522 460 0.2
1522 1588 0.2
1522 965 0.01
1522 17 0.05
1522 197 0.05
1522 436 0.05
1522 452 0.05
1522 458 0.05
3607 422 0.05
3607 2778 0.05
3607 423 0.01
3607 643 0.2
3607 641 0.05
3607 4284 0.05
3607 805 0.05
3607 2089 0.01
3607 3273 0.01
3607 1424 0.01
3607 213 0.05
3607 745 0.05
3607 793 0.2
3607 791 0.05
3607 461 0.05
2170 567 0.05
2170 1155 0.2
2170 444 0.01
2170 3289 0.2
2170 9 0.05
2170 635 0.2
2170 3688 0.01
2170 238 0.05
2170 747 0.01
2170 1143 0.01
2170 2915 0.2
2170 203 0.01
2170 104 0.2
2170 975 0.2
2170 3273 0.05
2170 1273 0.2
2170 453 0.05
2170 702 0.05
2170 793 0.01
2170 199 0.2
2170 1590 0.2
2170 196 0.2
2170 192 0.2
2170 204 0.2
2170 146 0.05
2170 2644 0.01
2170 436 0.05
2170 461 0.05
1413 1517 0.05
1413 1176 0.2
1413 4337 0.05
1413 4033 0.2
1413 1675 0.05
1413 1179 0.2
1413 4237 0.05
1413 452 0.01
1413 4338 0.05
1413 2241 0.2
1413 635 0.05
1413 2075 0.2
1413 2082 0.01
1413 1489 0.01
1413 1678 0.2
1413 631 0.05
1413 1516 0.01
1413 745 0.01
1413 363 0.01
1413 4199 0.2
1413 208 0.05
1413 1164 0.01
1413 1748 0.2
1413 2168 0.01
1413 629 0.2
1413 1155 0.01
1413 4031 0.2
1413 1719 0.2
1413 2080 0.2
1413 3004 0.01
1413 458 0.05
1413 1248 0.05
1413 2166 0.05
1413 2081 0.05
1413 2077 0.01
1413 94 0.2
1413 1422 0.2
1413 2088 0.05
1413 1680 0.05
1413 630 0.05
1413 2074 0.2
1413 1718 0.01
1413 2227 0.01
1413 417 0.05
1413 1586 0.2
1413 1683 0.2
1413 1143 0.05
1413 1674 0.05
1413 2779 0.01
1413 2076 0.05
1413 2304 0.2
1413 3588 0.2
1413 3545 0.2
1413 1424 0.01
1413 414 0.2
1413 628 0.05
1413 3605 0.05
1413 3000 0.2
1413 146 0.01
1413 1142 0.01
1413 660 0.01
1413 3504 0.2
1413 3697 0.05
1413 2530 0.01
1413 3686 0.01
1413 1704 0.05
1413 2235 0.01
1413 1230 0.05
1413 640 0.01
1413 1684 0.05
1413 1178 0.2
1413 1700 0.05
1413 1703 0.2
1413 2162 0.05
1413 3506 0.01
1413 1135 0.05
1413 1702 0.01
1413 1520 0.05
1413 4149 0.05
1413 412 0.2
1413 196 0.2
1413 2701 0.01
1413 1796 0.05
1413 1526 0.05
1413 441 0.05
1413 437 0.2
1413 1150 0.01
1413 3513 0.01
1413 1412 0.2
1413 419 0.01
1413 2079 0.01
1413 642 0.05
1413 1599 0.01
1413 424 0.05
1413 1519 0.2
1413 2165 0.2
1413 433 0.2
3452 3586 0.05
3452 1701 0.05
3452 473 0.01
3452 1164 0.01
3452 523 0.2
3452 207 0.2
3452 2203 0.2
3452 636 0.01
3452 425 0.05
3452 2141 0.05
4039 3333 0.01
4039 18 0.2
4039 216 0.2
4339 426 0.05
4339 208 0.2
4339 192 0.01
4339 436 0.05
4339 517 0.2
4339 94 0.05
4339 194 0.2
4339 197 0.01
4339 451 0.05
4340 790 0.2
4341 4342 0.05
4250 1688 0.05
4250 1422 0.01
4250 3131 0.05
4250 431 0.01
4250 4343 0.01
4250 200 0.2
4250 4281 0.2
4250 4212 0.05
4250 1423 0.2
4250 197 0.01
4250 2244 0.05
4250 4344 0.2
4250 88 0.01
4250 1251 0.05
4250 1526 0.01
4250 1443 0.05
4250 2300 0.2
4250 453 0.01
4250 1740 0.05
4250 639 0.2
4250 1164 0.05
4250 4251 0.2
4250 457 0.2
4250 458 0.05
2237 2226 0.01
2237 419 0.05
2237 1179 0.01
2237 2235 0.01
2237 4039 0.05
2237 417 0.2
2237 1161 0.05
2237 3761 0.05
2237 1176 0.2
2237 439 0.2
2237 2901 0.05
2237 562 0.05
2237 1105 0.01
2237 3588 0.05
2237 371 0.01
2237 636 0.2
2237 1423 0.2
2237 3022 0.2
2237 4345 0.01
2237 430 0.05
2237 4346 0.01
2237 422 0.01
2237 3519 0.2
2237 635 0.2
2237 437 0.01
2237 1152 0.05
2237 3065 0.05
2237 1523 0.05
2237 4347 0.01
2237 458 0.2
2237 203 0.05
2237 2422 0.2
2237 461 0.01
2237 518 0.01
2237 447 0.01
2237 1585 0.05
2237 363 0.05
2237 466 0.2
2237 94 0.01
2237 1271 0.05
2237 3064 0.05
2237 515 0.2
2237 1526 0.05
2237 1335 0.01
2237 3333 0.05
2237 473 0.01
2237 3188 0.01
2237 454 0.2
1335 4348 0.2
1335 424 0.05
1335 3642 0.01
1335 1164 0.2
1335 9 0.05
1335 2073 0.2
1335 1138 0.01
1335 3285 0.05
1335 655 0.01
1335 1919 0.05
1335 2160 0.2
1335 2244 0.05
1335 88 0.01
1335 417 0.05
1335 523 0.2
1335 1177 0.05
1335 567 0.2
1335 413 0.01
1335 790 0.05
1335 1684 0.01
1335 222 0.05
1335 201 0.05
1335 2075 0.2
1335 3758 0.01
1335 747 0.01
1335 4346 0.2
1335 794 0.01
1335 3519 0.01
1335 4349 0.01
1335 3569 0.01
1335 3489 0.05
1335 1156 0.2
1335 4350 0.2
1335 2166 0.05
1335 104 0.01
1335 1150 0.01
1335 1154 0.01
1335 3513 0.05
1335 1334 0.01
1335 1178 0.05
1335 630 0.05
1335 409 0.05
1335 643 0.2
1335 2243 0.2
1335 1105 0.01
1335 2078 0.05
1335 1147 0.05
1335 204 0.2
1335 11 0.01
1335 416 0.01
1335 1587 0.2
1335 1526 0.01
1335 2138 0.01
1335 1519 0.2
1335 461 0.05
1335 3468 0.01
1335 517 0.05
1335 526 0.05
1335 451 0.01
1335 196 0.05
1335 473 0.01
1335 436 0.2
1335 238 0.01
1335 108 0.2
1335 2141 0.01
1335 421 0.01
1335 4269 0.2
1335 3451 0.05
1335 202 0.05
1335 433 0.2
1335 449 0.2
1335 2197 0.2
1335 146 0.01
1335 419 0.05
1335 439 0.01
1335 3827 0.2
1335 1152 0.2
1335 447 0.05
1335 644 0.2
1335 1602 0.01
1335 640 0.01
1335 203 0.2
1335 432 0.2
1335 217 0.2
1335 450 0.2
1335 427 0.05
1335 437 0.2
1335 793 0.2
1335 520 0.01
1335 3630 0.2
1335 441 0.01
1335 197 0.2
1335 363 0.05
1335 1155 0.2
1335 454 0.05
1335 3188 0.05
1335 2237 0.05
1335 458 0.2
515 420 0.01
515 789 0.01
515 423 0.05
515 483 0.2
515 4296 0.01
515 3212 0.05
515 648 0.01
515 639 0.2
515 643 0.01
515 431 0.2
515 642 0.05
515 11 0.2
515 1588 0.05
515 792 0.05
515 6 0.05
515 943 0.2
515 207 0.2
515 430 0.05
515 644 0.2
515 1884 0.05
515 2913 0.05
515 1589 0.05
515 1602 0.05
515 437 0.05
515 641 0.01
515 1587 0.01
515 1724 0.01
515 3936 0.05
515 140 0.2
515 472 0.01
515 1037 0.05
515 465 0.01
515 2163 0.01
515 1172 0.05
515 228 0.01
515 3022 0.2
515 1522 0.2
515 237 0.05
515 807 0.01
515 1265 0.2
515 219 0.2
515 432 0.01
515 363 0.05
515 440 0.01
515 522 0.01
515 460 0.2
515 1105 0.01
515 438 0.01
515 463 0.01
515 652 0.2
515 2171 0.01
515 213 0.01
515 445 0.2
515 1273 0.01
515 218 0.05
515 1254 0.01
515 3268 0.05
515 1255 0.01
515 3200 0.01
515 426 0.05
515 4351 0.05
515 108 0.2
515 4352 0.05
515 2915 0.01
515 468 0.01
515 210 0.05
515 451 0.05
515 447 0.05
515 647 0.2
515 459 0.2
515 518 0.01
515 1163 0.2
515 1270 0.01
515 461 0.2
515 2644 0.05
515 517 0.05
515 4353 0.05
515 452 0.01
515 17 0.05
515 2280 0.05
515 4354 0.2
515 4118 0.01
515 1164 0.01
515 3257 0.2
515 211 0.01
515 196 0.05
515 655 0.05
515 441 0.01
515 473 0.2
515 442 0.01
515 453 0.2
515 454 0.2
515 458 0.2
515 197 0.01
515 514 0.05
515 446 0.01
448 2530 0.01
448 416 0.2
448 208 0.2
448 428 0.01
448 2699 0.2
448 3283 0.01
448 1176 0.05
448 1719 0.01
448 1680 0.01
448 1150 0.01
448 94 0.01
448 1586 0.05
448 1518 0.01
448 4355 0.2
448 1584 0.2
448 655 0.2
448 1148 0.05
448 483 0.2
448 2236 0.2
448 412 0.2
448 413 0.2
448 1526 0.01
448 1740 0.2
448 1688 0.2
448 1135 0.01
448 1684 0.01
448 1649 0.01
448 463 0.01
448 1718 0.05
448 472 0.05
448 207 0.01
448 1596 0.05
448 1594 0.2
448 3906 0.2
448 805 0.01
448 1162 0.2
448 466 0.01
448 1156 0.01
448 2203 0.01
448 452 0.01
448 425 0.01
448 790 0.05
448 16 0.05
448 660 0.2
448 1265 0.2
448 2902 0.01
448 2141 0.01
448 371 0.01
448 630 0.01
448 2913 0.05
448 2138 0.2
448 222 0.05
448 635 0.2
448 423 0.2
448 2778 0.01
448 836 0.05
448 2238 0.2
448 11 0.05
448 1589 0.05
448 639 0.05
448 237 0.05
448 2282 0.2
448 1152 0.05
448 436 0.2
448 431 0.05
448 453 0.01
448 943 0.05
448 422 0.2
448 640 0.05
448 437 0.05
448 193 0.05
448 1784 0.2
448 523 0.05
448 1522 0.2
448 1164 0.05
448 104 0.01
448 1681 0.05
448 642 0.05
448 197 0.05
448 451 0.05
448 2075 0.2
448 643 0.01
448 439 0.05
448 526 0.2
448 419 0.2
448 435 0.01
448 441 0.05
448 17 0.01
448 261 0.05
448 447 0.2
448 793 0.01
448 88 0.2
448 458 0.2
448 213 0.01
448 421 0.2
448 1523 0.01
4065 514 0.05
4065 1523 0.05
4065 3104 0.05
4065 441 0.2
4065 4356 0.05
4065 515 0.05
4065 451 0.05
4065 468 0.01
4065 745 0.2
4065 1164 0.2
4065 4333 0.05
4065 199 0.05
447 1423 0.05
447 1230 0.01
447 748 0.01
447 629 0.01
447 1737 0.2
447 1250 0.2
447 2380 0.2
447 17 0.01
447 416 0.2
447 790 0.05
447 647 0.2
447 2242 0.2
447 3488 0.01
447 431 0.05
447 630 0.2
447 3500 0.01
447 1140 0.05
447 3513 0.01
447 2251 0.2
447 1739 0.2
447 412 0.05
447 649 0.01
447 201 0.01
447 631 0.2
447 2280 0.05
447 1164 0.01
447 1251 0.05
447 424 0.2
447 417 0.01
447 1587 0.05
447 2075 0.2
447 419 0.05
447 2098 0.05
447 421 0.05
447 1152 0.05
447 526 0.05
447 3827 0.01
447 1521 0.2
447 1601 0.2
447 3131 0.2
447 1335 0.05
447 435 0.2
447 641 0.2
447 837 0.2
447 455 0.05
447 523 0.01
447 642 0.05
447 223 0.01
447 422 0.2
447 633 0.05
447 1523 0.01
447 437 0.05
447 193 0.05
447 636 0.2
447 1424 0.05
447 1665 0.01
447 643 0.01
447 450 0.01
447 975 0.2
447 465 0.01
447 194 0.2
447 439 0.01
447 517 0.05
447 3200 0.01
447 1519 0.2
447 448 0.2
447 464 0.01
447 104 0.2
447 203 0.2
447 108 0.01
447 438 0.01
447 2184 0.05
447 7 0.2
447 192 0.2
447 1255 0.01
447 652 0.05
447 2915 0.2
447 88 0.05
447 468 0.05
447 466 0.05
447 640 0.05
447 436 0.01
447 441 0.01
447 197 0.2
447 452 0.05
447 463 0.01
447 146 0.01
447 451 0.01
447 515 0.2
447 458 0.2
447 453 0.01
447 432 0.2
447 461 0.05
447 514 0.01
447 433 0.01
1585 146 0.2
1585 2082 0.01
1585 418 0.2
1585 1684 0.01
1585 1249 0.01
1585 2246 0.2
1585 1422 0.05
1585 635 0.2
1585 473 0.05
1585 630 0.2
1585 1447 0.2
1585 203 0.01
1585 1148 0.01
1585 430 0.2
1585 660 0.01
1585 1150 0.2
1585 437 0.2
1585 140 0.2
1585 228 0.01
1585 1248 0.05
1585 432 0.2
1585 1718 0.01
1585 94 0.05
1585 443 0.05
1585 238 0.2
1585 2075 0.05
1585 2241 0.01
1585 2481 0.2
1585 1176 0.2
1585 1722 0.01
1585 1735 0.2
1585 1586 0.01
1585 2698 0.01
1585 1584 0.01
1585 631 0.05
1585 790 0.05
1585 1685 0.05
1585 104 0.05
1585 1737 0.01
1585 1423 0.05
1585 2167 0.01
1585 1905 0.05
1585 207 0.2
1585 2237 0.05
1585 2239 0.05
1585 424 0.01
1585 417 0.2
1585 4209 0.01
1585 455 0.05
3564 4357 0.01
4336 1522 0.01
4336 455 0.2
4336 4358 0.2
4336 228 0.01
439 1540 0.05
439 428 0.2
439 640 0.05
439 1584 0.2
439 9 0.01
439 2380 0.01
439 3248 0.2
439 448 0.05
439 483 0.05
439 423 0.01
439 365 0.2
439 445 0.2
439 238 0.01
439 17 0.01
439 3451 0.2
439 526 0.01
439 1143 0.2
439 417 0.01
439 805 0.01
439 835 0.05
439 1252 0.01
439 644 0.01
439 145 0.2
439 3131 0.2
439 657 0.01
439 517 0.05
439 3789 0.01
439 514 0.01
439 792 0.05
439 633 0.01
439 108 0.05
439 237 0.05
439 652 0.2
439 470 0.01
439 2075 0.01
439 636 0.05
439 434 0.01
439 1595 0.05
439 667 0.2
439 203 0.01
439 456 0.01
439 647 0.2
439 1163 0.2
439 433 0.01
439 11 0.05
439 88 0.05
439 447 0.2
439 461 0.2
439 453 0.01
439 213 0.05
439 455 0.2
3760 228 0.2
3760 3067 0.05
3760 446 0.05
3760 108 0.01
3760 562 0.01
3760 3021 0.01
3760 145 0.01
3760 441 0.05
3760 516 0.01
3760 458 0.2
3760 418 0.05
3760 2075 0.2
3760 793 0.2
3760 649 0.2
3760 3212 0.2
2428 514 0.2
2428 3644 0.2
2428 636 0.2
2428 793 0.05
2428 791 0.2
2428 196 0.2
3058 1722 0.01
3058 104 0.05
3058 422 0.2
3058 2203 0.05
3058 2902 0.05
3058 2075 0.01
3058 793 0.01
2073 3226 0.01
4064 2689 0.01
4064 213 0.05
4064 1522 0.05
4064 3065 0.01
4064 468 0.01
4064 7 0.2
4064 2326 0.2
4064 419 0.01
4359 4360 0.01
4359 4361 0.2
4361 4359 0.05
3773 7 0.2
3773 4362 0.05
3773 1747 0.2
3773 1143 0.2
3773 1601 0.01
3773 417 0.05
4149 2205 0.01
4149 4113 0.2
4149 1150 0.2
4149 1583 0.2
4149 4250 0.05
4149 2243 0.05
4149 4363 0.01
4149 3488 0.2
4149 4364 0.01
4149 4365 0.01
4149 1593 0.2
4149 2244 0.05
4149 2169 0.01
4149 641 0.2
4149 4366 0.2
4149 419 0.05
4149 1151 0.2
4149 638 0.01
4149 3839 0.01
4149 642 0.01
4149 430 0.2
4149 1413 0.01
4149 4367 0.2
4149 635 0.2
4149 1684 0.2
4149 3586 0.01
4149 4368 0.01
4149 4150 0.2
4149 639 0.01
4149 2089 0.05
4149 745 0.01
4149 238 0.01
4149 1162 0.2
4149 1158 0.01
4149 4237 0.2
4149 3289 0.2
4149 437 0.2
4149 1587 0.2
4149 3489 0.2
4149 468 0.05
4149 633 0.2
4149 2098 0.01
4149 436 0.01
4149 85 0.05
4149 2141 0.01
4149 196 0.01
3054 458 0.2
4369 1938 0.01
4212 636 0.01
1681 836 0.01
1681 1271 0.01
1681 1424 0.2
1681 196 0.2
1681 3052 0.05
1681 2326 0.05
419 1672 0.01
419 1152 0.2
419 2165 0.2
419 1524 0.2
419 1582 0.2
419 1540 0.01
419 1176 0.2
419 2081 0.05
419 1586 0.2
419 428 0.2
419 1683 0.2
419 278 0.05
419 465 0.05
419 515 0.05
419 430 0.01
419 18 0.01
419 2205 0.01
419 2226 0.01
419 1422 0.01
419 1938 0.01
419 1584 0.01
419 629 0.01
419 793 0.01
419 3211 0.2
419 2235 0.2
419 143 0.2
419 631 0.01
419 1135 0.05
419 1161 0.2
419 1143 0.05
419 526 0.2
419 2702 0.2
419 4149 0.2
419 222 0.05
419 9 0.05
419 1722 0.05
419 413 0.01
419 790 0.05
419 645 0.01
419 1413 0.01
419 660 0.05
419 1520 0.05
419 1684 0.01
419 1150 0.05
419 2184 0.2
419 1178 0.05
419 424 0.05
419 1688 0.2
419 228 0.05
419 431 0.05
419 635 0.01
419 630 0.05
419 104 0.05
419 418 0.2
419 439 0.2
419 639 0.05
419 417 0.2
419 416 0.01
419 1587 0.05
419 238 0.05
419 6 0.2
419 641 0.05
419 1105 0.05
419 642 0.2
419 448 0.01
419 2061 0.01
419 1718 0.05
419 633 0.01
419 837 0.01
419 196 0.2
419 426 0.2
419 466 0.2
419 1519 0.2
419 7 0.01
419 463 0.01
419 473 0.05
419 447 0.2
419 146 0.2
419 432 0.05
419 640 0.01
419 237 0.01
419 2075 0.05
419 458 0.2
419 1681 0.05
437 2088 0.01
437 2698 0.01
437 17 0.05
437 1675 0.2
437 222 0.05
437 635 0.2
437 1540 0.01
437 414 0.01
437 748 0.05
437 2076 0.2
437 1719 0.2
437 2125 0.05
437 850 0.01
437 1423 0.05
437 1164 0.2
437 1138 0.2
437 1176 0.05
437 1413 0.01
437 2169 0.05
437 466 0.05
437 2235 0.2
437 1586 0.01
437 2227 0.2
437 1584 0.05
437 1443 0.05
437 631 0.01
437 1521 0.05
437 639 0.05
437 1596 0.05
437 790 0.2
437 634 0.01
437 1162 0.2
437 1157 0.2
437 1154 0.01
437 1604 0.05
437 363 0.05
437 418 0.2
437 207 0.01
437 438 0.01
437 425 0.05
437 630 0.05
437 4149 0.01
437 3289 0.05
437 2913 0.05
437 1593 0.2
437 656 0.2
437 218 0.01
437 2778 0.2
437 443 0.01
437 1143 0.2
437 638 0.01
437 2238 0.2
437 637 0.05
437 633 0.2
437 432 0.01
437 3055 0.2
437 417 0.05
437 423 0.01
437 201 0.01
437 2055 0.2
437 515 0.2
437 1252 0.2
437 441 0.05
437 448 0.01
437 1522 0.05
437 458 0.01
437 238 0.05
437 4042 0.05
437 837 0.2
437 641 0.2
437 193 0.2
437 1152 0.2
437 465 0.2
437 146 0.01
437 422 0.05
437 643 0.2
437 642 0.01
437 1588 0.01
437 1602 0.05
437 517 0.2
437 516 0.05
437 4335 0.01
437 1335 0.05
437 451 0.2
437 1718 0.01
437 1523 0.05
437 789 0.05
437 463 0.01
437 447 0.05
437 462 0.05
437 2184 0.01
437 449 0.01
437 7 0.05
437 655 0.2
437 197 0.2
437 640 0.01
437 88 0.05
437 452 0.2
437 419 0.05
4370 4042 0.05
4370 644 0.01
4370 108 0.2
4370 567 0.05
1673 2235 0.01
1673 414 0.2
1673 1178 0.2
1673 1176 0.2
1673 1719 0.2
1673 1135 0.2
1673 4033 0.01
1673 196 0.2
1673 1519 0.05
1673 416 0.2
1673 1526 0.2
1673 3468 0.05
1673 449 0.2
1673 212 0.01
1673 450 0.01
1673 419 0.05
1673 1271 0.2
1673 1588 0.05
1673 433 0.01
2165 1105 0.01
2165 1164 0.05
2165 1748 0.05
2165 2242 0.01
2165 104 0.05
2165 2080 0.01
2165 419 0.2
2165 2076 0.01
2165 1702 0.2
2165 2079 0.01
2165 1718 0.05
2165 2696 0.05
2165 2235 0.2
2165 196 0.05
2165 473 0.01
2165 3000 0.01
2165 1178 0.2
2165 567 0.01
2165 630 0.05
2165 1135 0.01
2165 1413 0.01
2165 1150 0.05
2165 201 0.2
2165 1674 0.01
2165 641 0.05
2165 437 0.05
1521 1524 0.2
1521 2205 0.2
1521 2201 0.05
1521 2077 0.01
1521 1540 0.2
1521 975 0.01
1521 1722 0.01
1521 1719 0.01
1521 414 0.05
1521 1748 0.2
1521 2184 0.01
1521 2088 0.01
1521 2235 0.05
1521 458 0.05
1521 1938 0.01
1521 567 0.01
1521 2164 0.05
1521 422 0.05
1521 2166 0.2
1521 2168 0.2
1521 562 0.05
1521 2206 0.01
1521 208 0.01
1521 629 0.05
1521 452 0.05
1521 426 0.05
1521 1718 0.01
1521 636 0.2
1521 748 0.01
1521 1164 0.2
1521 1586 0.05
1521 635 0.01
1521 1135 0.01
1521 1138 0.2
1521 879 0.01
1521 278 0.2
1521 1590 0.2
1521 445 0.01
1521 1422 0.01
1521 746 0.01
1521 637 0.2
1521 3605 0.05
1521 1178 0.2
1521 419 0.2
1521 7 0.2
1521 1523 0.2
1521 228 0.2
1521 1105 0.05
1521 108 0.2
1521 1179 0.05
1521 440 0.05
1521 443 0.2
1521 566 0.2
1521 660 0.05
1521 1519 0.01
1521 1587 0.01
1521 473 0.05
1521 431 0.01
1521 94 0.2
1521 416 0.01
1521 420 0.2
1521 424 0.01
1521 371 0.2
1521 642 0.2
1521 428 0.05
1521 483 0.05
1521 466 0.2
1521 363 0.05
1521 437 0.2
1521 1150 0.01
1521 140 0.01
1521 631 0.05
1521 790 0.01
1521 747 0.05
1521 104 0.2
1521 2163 0.2
1521 523 0.05
1521 643 0.2
1521 639 0.05
1521 417 0.01
1521 641 0.2
1521 432 0.2
1521 238 0.2
1521 447 0.01
1521 472 0.2
1521 1152 0.05
1521 1520 0.2
1521 210 0.05
1521 219 0.05
1521 436 0.01
1521 18 0.2
1521 465 0.01
1521 2075 0.01
1521 453 0.05
1521 9 0.05
1521 237 0.05
1521 463 0.01
2902 1161 0.05
2902 630 0.01
2902 104 0.01
2902 453 0.2
2902 631 0.05
2902 2302 0.05
2902 2141 0.2
2902 636 0.2
2902 423 0.01
2902 442 0.2
2902 448 0.01
2902 643 0.01
2902 635 0.2
2902 421 0.01
2902 461 0.01
2902 197 0.01
2902 11 0.01
2902 4371 0.01
2902 4111 0.2
2902 3489 0.01
2902 793 0.05
2902 447 0.05
2902 639 0.05
2902 94 0.05
2902 1928 0.05
2902 2063 0.2
2902 4372 0.01
2902 216 0.05
2902 4141 0.05
2902 4373 0.01
2902 3396 0.05
2902 1920 0.01
2902 93 0.05
2902 3562 0.2
2902 807 0.01
2902 1526 0.01
2902 4374 0.01
2902 88 0.2
1157 414 0.05
1157 643 0.05
1157 1528 0.05
1157 425 0.2
1157 422 0.2
1157 419 0.2
1157 430 0.05
1157 2075 0.01
1157 1164 0.2
1157 1134 0.2
1157 2778 0.2
1157 441 0.05
1157 454 0.01
1157 418 0.05
1157 437 0.01
1157 212 0.05
2238 1150 0.05
2238 2530 0.05
2238 2226 0.2
2238 1443 0.01
2238 631 0.05
2238 1162 0.01
2238 199 0.01
2238 435 0.01
2238 425 0.05
2238 1528 0.05
2238 418 0.2
2238 436 0.01
2238 194 0.01
2238 2141 0.2
2238 3489 0.05
2238 630 0.05
2238 1587 0.01
2238 238 0.2
2238 442 0.01
2238 523 0.2
2238 432 0.05
2238 196 0.01
2238 4284 0.05
2238 422 0.01
2238 417 0.2
2238 421 0.05
2238 446 0.2
2238 1148 0.2
2238 448 0.2
2238 643 0.05
2238 439 0.05
2238 514 0.01
2238 517 0.2
2238 943 0.05
2238 423 0.2
2238 449 0.2
2238 197 0.05
2238 644 0.01
2238 639 0.05
2238 1143 0.01
2238 1589 0.01
2238 638 0.05
2238 640 0.05
2238 635 0.2
2238 437 0.01
2238 642 0.01
2238 1252 0.05
2238 1164 0.05
2238 564 0.05
2238 656 0.01
2238 3568 0.01
2238 192 0.05
2238 633 0.01
2238 1522 0.05
2238 3054 0.05
2238 419 0.2
4375 2056 0.05
4375 94 0.2
4375 514 0.2
4375 635 0.05
4375 442 0.01
4375 430 0.2
4375 2089 0.05
4375 3511 0.01
4375 1587 0.2
4375 1593 0.05
4375 523 0.05
4375 3065 0.05
4375 467 0.2
4375 3103 0.01
4375 461 0.05
4375 449 0.01
4375 422 0.01
4375 427 0.05
4375 649 0.01
4375 1597 0.05
4375 4351 0.05
4375 4319 0.05
4375 473 0.01
4375 1155 0.01
4375 466 0.01
4375 745 0.01
4375 452 0.01
4375 421 0.01
4375 429 0.05
4375 104 0.2
4375 793 0.05
4375 453 0.05
4375 213 0.2
4375 143 0.2
4375 3189 0.2
4376 4377 0.05
4376 566 0.2
4376 196 0.01
4376 793 0.05
4376 212 0.01
1718 424 0.01
1718 1677 0.2
1718 3853 0.01
1718 1540 0.05
1718 805 0.01
1718 4259 0.2
1718 1176 0.01
1718 3530 0.05
1718 193 0.05
1718 790 0.01
1718 278 0.05
1718 4378 0.05
1718 630 0.05
1718 2530 0.01
1718 1249 0.01
1718 3211 0.2
1718 2301 0.2
1718 1783 0.01
1718 196 0.2
1718 425 0.2
1718 447 0.01
1718 18 0.05
1718 423 0.2
1718 2055 0.05
1718 417 0.2
1718 467 0.2
1718 108 0.2
1718 433 0.05
1718 641 0.05
1718 254 0.05
1718 1164 0.2
1718 3789 0.01
1718 1270 0.01
1718 145 0.05
1718 94 0.05
1718 1595 0.01
1718 146 0.05
1718 197 0.01
1718 3212 0.2
1718 437 0.05
1718 418 0.01
1718 1522 0.2
1718 837 0.2
1718 3061 0.2
1718 228 0.05
1718 793 0.2
1718 419 0.05
1718 442 0.05
1718 473 0.2
1162 450 0.2
1162 1150 0.01
1162 1251 0.01
1162 419 0.01
1162 495 0.2
1162 1097 0.01
1162 4296 0.01
1162 448 0.2
1162 437 0.05
1162 435 0.05
1162 431 0.05
1162 1424 0.01
1162 1604 0.05
1162 1154 0.2
1162 2779 0.05
1162 789 0.2
1162 2140 0.05
1162 632 0.2
1162 515 0.2
1162 641 0.2
1162 643 0.01
1162 371 0.2
1162 439 0.2
1162 790 0.01
1162 458 0.01
1162 1161 0.01
1162 447 0.2
1162 640 0.2
1162 217 0.2
1162 430 0.05
1162 2238 0.01
1162 207 0.01
1162 526 0.01
1162 2141 0.2
1162 567 0.2
1162 793 0.2
1162 4379 0.01
1162 2567 0.05
1162 451 0.01
1162 453 0.2
1162 633 0.2
1162 211 0.2
1162 422 0.01
1162 1523 0.2
1162 239 0.05
1162 423 0.05
1162 455 0.2
1162 636 0.2
1162 473 0.01
1162 1599 0.2
1162 1134 0.05
1162 146 0.05
1162 523 0.05
1162 1748 0.01
1162 2170 0.01
1162 745 0.05
1162 2138 0.01
1162 426 0.01
1162 1524 0.05
1162 421 0.01
1162 635 0.2
1162 642 0.2
1162 1158 0.2
1162 1155 0.2
1162 1688 0.01
1162 425 0.01
1162 639 0.01
1162 645 0.05
1162 85 0.01
1152 1524 0.05
1152 201 0.05
1152 414 0.05
1152 437 0.05
1152 1443 0.2
1152 3827 0.01
1152 4380 0.2
1152 4381 0.2
1152 1718 0.01
1152 3226 0.2
1152 2422 0.01
1152 2237 0.01
1152 140 0.05
1152 204 0.01
1152 473 0.2
1152 1602 0.2
1152 4203 0.2
1152 517 0.01
1152 442 0.01
1152 419 0.2
1152 563 0.2
1152 462 0.05
1152 2163 0.05
1152 943 0.01
1152 435 0.01
1152 196 0.01
1152 238 0.2
1152 1171 0.01
1152 3104 0.2
1152 1519 0.05
1152 466 0.05
1152 655 0.2
1152 3212 0.05
1152 447 0.01
1152 3188 0.05
1152 516 0.05
1152 237 0.2
1152 4316 0.05
1152 1270 0.2
1152 4064 0.01
1152 199 0.2
1152 203 0.2
1152 745 0.05
1152 1423 0.05
1152 562 0.01
1152 3942 0.05
1152 566 0.2
1152 463 0.2
1152 842 0.05
1152 455 0.01
1152 1422 0.01
1152 193 0.2
1152 658 0.01
1152 1261 0.05
1152 643 0.2
1152 453 0.01
1152 449 0.2
1152 441 0.2
1152 210 0.2
1152 3021 0.05
1152 1294 0.05
1152 4382 0.2
1152 930 0.05
1152 1521 0.05
1152 647 0.01
1152 438 0.05
1152 837 0.2
1152 218 0.2
1152 1523 0.05
1152 418 0.2
1152 3468 0.2
1152 436 0.01
1152 211 0.01
1152 458 0.2
1152 212 0.01
1152 7 0.05
1152 793 0.2
1152 429 0.01
1152 222 0.01
1152 2075 0.01
1152 1148 0.01
1152 646 0.05
1152 519 0.2
1152 146 0.2
1152 4383 0.2
1152 104 0.01
1152 636 0.05
1152 468 0.2
1152 1522 0.01
1152 197 0.01
1152 3064 0.05
1152 192 0.05
1152 194 0.01
1152 446 0.01
4296 419 0.05
4296 2075 0.01
4296 238 0.01
4296 432 0.05
4296 423 0.05
4296 641 0.01
4296 417 0.01
4296 430 0.01
4296 442 0.2
4296 473 0.2
4296 1161 0.05
4296 1143 0.05
4296 837 0.05
4296 2163 0.01
4296 451 0.2
4296 526 0.05
4296 462 0.2
4296 1164 0.01
4296 517 0.01
4296 1522 0.05
4296 514 0.01
4296 3568 0.05
4296 4172 0.05
4296 1523 0.2
4296 2237 0.2
4296 1681 0.05
4384 1523 0.01
4384 3226 0.05
747 2231 0.01
747 2125 0.01
747 518 0.01
747 1250 0.2
747 2226 0.01
747 1584 0.01
747 2246 0.01
747 1144 0.01
747 4281 0.2
747 422 0.2
747 635 0.01
747 419 0.05
747 3453 0.2
747 4109 0.05
747 226 0.01
747 639 0.05
747 464 0.05
747 218 0.05
747 943 0.01
747 3771 0.01
747 458 0.01
747 431 0.2
747 3839 0.2
747 196 0.05
747 1164 0.05
747 793 0.05
747 2075 0.2
747 1335 0.2
747 1336 0.2
747 1522 0.2
747 644 0.2
747 4385 0.2
4386 1678 0.2
4386 4387 0.01
4386 1919 0.05
4386 1250 0.05
4386 3642 0.01
1161 2902 0.01
1161 805 0.2
1161 4388 0.01
1161 363 0.2
1161 3604 0.01
1161 1654 0.01
1161 655 0.01
1161 1735 0.01
1161 2205 0.01
1161 1586 0.01
1161 1583 0.05
1161 1521 0.01
1161 1139 0.01
1161 1584 0.05
1161 628 0.01
1161 1736 0.01
1161 640 0.05
1161 451 0.01
1161 2237 0.01
1161 1918 0.05
1161 2380 0.05
1161 645 0.05
1161 2169 0.01
1161 2246 0.2
1161 1141 0.2
1161 1135 0.2
1161 2074 0.01
1161 1520 0.01
1161 419 0.05
1161 1142 0.01
1161 425 0.01
1161 2243 0.2
1161 1250 0.2
1161 435 0.2
1161 631 0.05
1161 417 0.01
1161 436 0.01
1161 1600 0.2
1161 1602 0.05
1161 2530 0.05
1161 656 0.2
1161 650 0.01
1161 1150 0.05
1161 1522 0.2
1161 879 0.01
1161 470 0.2
1161 1148 0.2
1161 222 0.2
1161 428 0.2
1161 1589 0.05
1161 4296 0.01
1161 633 0.01
1161 1740 0.01
1161 2141 0.05
1161 1739 0.05
1161 630 0.05
1161 1159 0.2
1161 438 0.01
1161 1134 0.05
1161 1162 0.05
1161 207 0.01
1161 3907 0.01
1161 4389 0.2
1161 430 0.2
1161 635 0.01
1161 1147 0.2
1161 4390 0.01
1161 1140 0.05
1161 199 0.01
3686 191 0.01
3686 1135 0.2
3686 2246 0.2
3686 1251 0.01
3686 2138 0.05
3686 3058 0.01
3686 2075 0.05
3686 440 0.01
3686 1261 0.05
3686 3505 0.2
3686 1413 0.05
3686 437 0.2
3686 1593 0.2
3686 419 0.01
3686 645 0.2
3686 202 0.05
3686 4296 0.2
3686 421 0.2
3686 1177 0.05
3686 2243 0.2
3686 1143 0.01
3686 642 0.01
3686 1587 0.2
3686 197 0.05
3686 1164 0.05
3686 441 0.2
3686 458 0.05
3686 449 0.05
3686 793 0.05
4391 1155 0.05
4391 1335 0.2
4391 1683 0.05
4391 2357 0.01
4391 278 0.2
4391 793 0.2
4391 473 0.2
4391 3905 0.05
4391 2089 0.01
4391 455 0.2
4391 428 0.2
4391 4236 0.01
4391 2499 0.01
4392 791 0.01
4392 213 0.05
4392 3942 0.01
4392 3760 0.2
4392 3082 0.2
4392 745 0.2
4392 3103 0.05
4393 4394 0.2
4395 466 0.01
422 1423 0.01
422 2220 0.01
422 2235 0.2
422 3186 0.05
422 2300 0.2
422 1520 0.05
422 1593 0.01
422 2246 0.05
422 2160 0.01
422 424 0.2
422 631 0.01
422 660 0.2
422 3607 0.2
422 1251 0.05
422 416 0.01
422 1149 0.2
422 238 0.05
422 192 0.05
422 805 0.05
422 1157 0.05
422 899 0.2
422 1604 0.2
422 239 0.05
422 1105 0.05
422 2778 0.05
422 196 0.05
422 432 0.01
422 1156 0.2
422 1154 0.05
422 1701 0.05
422 3058 0.05
422 428 0.01
422 632 0.05
422 1159 0.05
422 635 0.05
422 1163 0.01
422 496 0.05
422 1748 0.05
422 639 0.05
422 790 0.2
422 104 0.01
422 630 0.05
422 1162 0.05
422 425 0.2
422 528 0.05
422 1688 0.05
422 3284 0.2
422 636 0.01
422 2141 0.2
422 642 0.2
422 448 0.2
422 423 0.01
422 641 0.2
422 2253 0.01
422 446 0.01
422 4109 0.05
422 1587 0.05
422 1796 0.01
422 747 0.2
422 1164 0.2
422 108 0.2
422 463 0.05
422 1155 0.2
422 1522 0.05
422 1265 0.2
422 2089 0.05
422 1602 0.2
422 442 0.05
422 197 0.2
422 211 0.05
422 437 0.05
422 88 0.05
422 650 0.05
422 2125 0.05
422 2915 0.01
422 633 0.05
422 793 0.01
422 645 0.05
422 517 0.2
422 226 0.01
422 1521 0.05
422 462 0.05
422 468 0.05
422 418 0.2
422 447 0.01
422 464 0.01
422 563 0.01
422 466 0.05
422 441 0.05
422 1523 0.05
422 647 0.05
422 419 0.05
422 473 0.05
422 1152 0.05
422 458 0.2
422 643 0.2
4355 1176 0.2
4355 3211 0.05
4355 419 0.05
4355 516 0.2
4355 1164 0.05
4355 448 0.05
4355 2902 0.01
4355 2698 0.2
2698 2699 0.2
2698 1678 0.01
2698 2246 0.2
2698 2426 0.05
2698 629 0.01
2698 2162 0.01
2698 411 0.05
2698 3281 0.05
2698 643 0.2
2698 208 0.01
2698 1148 0.05
2698 449 0.05
2698 2125 0.01
2698 2241 0.05
2698 436 0.01
2698 1594 0.01
2698 140 0.2
2698 2076 0.01
2698 1834 0.2
2698 3977 0.01
2698 2235 0.01
2698 3853 0.01
2698 437 0.05
2698 1676 0.2
2698 2499 0.01
2698 1688 0.01
2698 1520 0.01
2698 238 0.2
2698 430 0.2
2698 488 0.01
2698 4355 0.05
2698 3046 0.01
2698 567 0.05
2698 104 0.2
2698 846 0.01
2698 448 0.01
2698 2075 0.2
2698 1587 0.05
2698 4396 0.01
2698 94 0.2
2698 4397 0.01
2698 1585 0.01
2698 634 0.01
2698 702 0.01
2698 655 0.2
2698 1178 0.2
2698 642 0.01
2698 465 0.05
2698 278 0.2
2698 516 0.01
2698 431 0.2
2698 445 0.05
2698 1255 0.2
2698 143 0.01
2698 2184 0.01
2698 639 0.01
2698 2902 0.01
2698 1248 0.2
2698 2230 0.01
2698 1176 0.05
2698 3455 0.01
2698 146 0.2
2698 18 0.2
2698 201 0.01
2698 3923 0.2
2698 419 0.05
2698 793 0.2
2698 452 0.01
2698 1583 0.2
2698 748 0.05
2698 658 0.2
2698 4398 0.2
2698 1150 0.05
2698 3211 0.01
2698 1164 0.01
2698 1584 0.01
2698 640 0.2
2698 1422 0.01
2698 9 0.2
2698 745 0.01
2698 3285 0.01
2698 638 0.2
2698 453 0.05
2698 428 0.01
2698 2221 0.05
2698 197 0.2
2698 418 0.2
2698 222 0.01
2698 196 0.01
2698 2220 0.2
2698 432 0.05
2698 473 0.01
2698 1681 0.01
2698 1271 0.01
2698 458 0.2
2698 3771 0.2
2698 441 0.05
2698 466 0.01
836 4399 0.05
836 1097 0.05
836 409 0.05
836 104 0.2
836 471 0.05
836 2135 0.05
836 227 0.05
836 1159 0.05
836 250 0.2
836 517 0.01
836 4400 0.01
836 1681 0.2
836 1152 0.01
836 437 0.01
836 1521 0.2
836 453 0.01
836 208 0.01
836 665 0.01
836 1143 0.05
836 242 0.05
836 639 0.01
836 495 0.01
836 226 0.2
836 466 0.2
836 452 0.01
836 472 0.01
836 1993 0.05
836 94 0.05
650 146 0.05
650 792 0.05
650 1161 0.2
650 648 0.2
650 793 0.05
650 418 0.05
650 422 0.01
650 656 0.05
650 447 0.01
650 526 0.05
792 424 0.01
792 2913 0.2
792 85 0.05
792 472 0.2
792 455 0.01
792 641 0.05
792 238 0.05
792 3883 0.01
792 943 0.05
792 791 0.01
792 1602 0.05
792 454 0.2
792 2096 0.2
792 1522 0.2
792 427 0.05
792 217 0.05
792 2170 0.05
792 567 0.01
792 432 0.01
792 649 0.2
792 642 0.05
792 140 0.01
792 453 0.01
792 2063 0.2
792 2644 0.01
792 465 0.2
792 1148 0.2
792 104 0.2
792 108 0.01
792 442 0.05
792 3789 0.01
792 201 0.01
792 1768 0.01
792 1520 0.01
792 6 0.05
792 1481 0.2
792 1585 0.05
792 1164 0.2
792 3103 0.2
792 211 0.01
792 654 0.2
792 1718 0.01
792 437 0.01
792 1152 0.2
792 2075 0.01
792 464 0.05
792 3082 0.05
792 1601 0.05
792 213 0.01
792 210 0.2
792 1261 0.2
792 192 0.05
792 1521 0.01
792 468 0.2
792 440 0.05
792 648 0.2
792 441 0.01
792 208 0.05
792 1523 0.01
792 1724 0.01
792 199 0.05
792 633 0.2
792 435 0.2
792 146 0.2
792 1595 0.05
792 144 0.2
792 443 0.2
792 447 0.2
792 196 0.2
792 9 0.2
792 650 0.2
792 467 0.2
792 2915 0.2
792 463 0.2
792 450 0.2
792 197 0.05
792 452 0.01
792 1271 0.2
792 219 0.01
792 789 0.2
792 461 0.2
792 436 0.05
792 1519 0.2
792 517 0.01
792 2163 0.2
792 439 0.01
792 518 0.05
792 451 0.2
792 237 0.2
792 203 0.2
792 204 0.05
792 514 0.05
792 433 0.05
792 647 0.01
792 228 0.2
1596 631 0.05
1596 193 0.05
1596 1518 0.05
1596 2205 0.2
1596 414 0.05
1596 104 0.05
1596 1176 0.2
1596 1582 0.2
1596 2077 0.01
1596 448 0.2
1596 3511 0.05
1596 2125 0.01
1596 3630 0.2
1596 466 0.01
1596 1155 0.01
1596 420 0.01
1596 1143 0.01
1596 1150 0.01
1596 1604 0.01
1596 2163 0.2
1596 1654 0.2
1596 426 0.01
1596 455 0.05
1596 432 0.05
1596 201 0.01
1596 228 0.05
1596 424 0.05
1596 3773 0.05
1596 88 0.2
1596 209 0.2
1596 4210 0.05
1596 465 0.05
1596 640 0.05
1596 419 0.05
1596 423 0.2
1596 648 0.2
1596 436 0.01
1596 452 0.01
1596 143 0.01
1596 1590 0.05
1596 7 0.01
1596 421 0.05
1596 562 0.05
1596 1605 0.01
1596 1688 0.01
1596 422 0.01
1596 447 0.01
1596 1251 0.01
1596 566 0.2
1596 633 0.05
1596 113 0.01
1596 2902 0.2
1596 217 0.05
1596 17 0.2
1596 2075 0.05
1596 437 0.01
1596 1689 0.05
1596 642 0.05
1596 16 0.01
1596 1681 0.01
1596 747 0.05
1596 636 0.2
1596 442 0.05
1596 1265 0.2
1596 11 0.2
1596 2779 0.2
1596 430 0.2
1596 207 0.05
1596 196 0.05
1596 425 0.01
1596 3249 0.2
1596 214 0.01
1596 1252 0.05
1596 641 0.01
1596 238 0.01
1596 94 0.01
1596 473 0.2
1596 1526 0.2
1596 1152 0.2
1596 213 0.2
1596 4401 0.01
1596 431 0.01
1596 108 0.01
1596 197 0.2
1596 1164 0.01
1596 146 0.01
1596 745 0.2
1596 459 0.05
1596 211 0.01
1596 204 0.05
1596 458 0.01
637 2205 0.01
637 1176 0.05
637 1584 0.01
637 655 0.05
637 466 0.01
637 419 0.2
637 1150 0.01
637 631 0.01
637 412 0.05
637 642 0.2
637 453 0.05
637 445 0.2
637 1587 0.01
637 641 0.05
637 428 0.05
637 140 0.01
637 104 0.05
637 526 0.05
637 639 0.2
637 416 0.05
637 1521 0.05
637 238 0.01
637 443 0.05
637 17 0.01
637 437 0.01
637 473 0.05
637 194 0.2
637 192 0.2
637 94 0.05
4402 4403 0.01
4402 2221 0.05
3282 2699 0.2
3282 4404 0.01
3282 1688 0.05
3282 1142 0.05
3282 2665 0.05
3282 204 0.01
3282 4033 0.2
3282 3005 0.01
3282 1540 0.2
3282 1423 0.2
3282 1748 0.2
3282 3131 0.2
3282 465 0.01
3282 745 0.2
3282 1176 0.05
3282 17 0.2
3282 473 0.01
3282 2246 0.01
3282 196 0.2
3282 635 0.2
3282 3283 0.2
3282 3285 0.2
3282 201 0.01
3282 630 0.05
3282 437 0.2
3282 414 0.01
3282 193 0.05
3282 146 0.05
3282 104 0.01
3282 1422 0.05
3282 496 0.2
3282 4405 0.01
3282 2125 0.05
3282 418 0.01
3282 2075 0.2
3282 2077 0.01
3282 1135 0.2
1648 1516 0.2
1648 414 0.01
1648 1164 0.01
1648 2169 0.05
1648 94 0.01
1648 238 0.01
1648 222 0.05
1648 2426 0.2
1648 140 0.2
1648 1155 0.05
1648 227 0.2
1648 483 0.01
1648 1518 0.05
1648 1146 0.05
1648 443 0.01
1648 1520 0.2
1648 1141 0.05
1648 2138 0.05
1648 197 0.05
1648 4250 0.05
1648 1249 0.2
1648 208 0.05
1648 514 0.2
1648 9 0.01
1648 473 0.01
1648 419 0.2
1648 2777 0.01
1648 523 0.2
1648 17 0.01
1648 2167 0.2
1648 1587 0.2
1648 472 0.01
1648 649 0.2
1648 644 0.01
1648 461 0.2
1648 422 0.05
4047 1249 0.01
4047 4115 0.01
4047 1676 0.2
4406 793 0.05
4406 211 0.2
2913 418 0.05
2913 3211 0.01
2913 790 0.05
2913 746 0.05
2913 1422 0.2
2913 463 0.05
2913 1423 0.01
2913 466 0.2
2913 1593 0.01
2913 447 0.2
2913 1443 0.01
2913 200 0.01
2913 108 0.2
2913 208 0.01
2913 660 0.01
2913 2246 0.2
2913 516 0.2
2913 419 0.05
2913 196 0.05
2913 140 0.01
2913 1740 0.05
2913 420 0.01
2913 4281 0.2
2913 1830 0.2
2913 1521 0.01
2913 85 0.05
2913 792 0.05
2913 523 0.01
2913 211 0.05
2913 94 0.05
2913 442 0.01
2913 432 0.2
2913 3226 0.05
2913 448 0.2
2913 1152 0.05
2913 423 0.2
2913 2055 0.01
2913 197 0.2
2913 465 0.2
2913 517 0.01
2913 640 0.2
2913 635 0.01
2913 437 0.2
2913 2778 0.2
2913 1164 0.05
2913 1598 0.05
2913 642 0.05
2913 441 0.2
2913 1589 0.2
2913 514 0.2
2913 446 0.05
2913 430 0.05
2913 641 0.05
2913 1601 0.01
430 2697 0.05
430 363 0.01
430 1138 0.2
430 146 0.05
430 790 0.01
430 1584 0.01
430 2077 0.2
430 1719 0.2
430 193 0.01
430 1136 0.2
430 1249 0.2
430 1105 0.05
430 278 0.05
430 2228 0.2
430 1585 0.05
430 2085 0.05
430 805 0.01
430 1248 0.2
430 1250 0.05
430 1252 0.05
430 629 0.2
430 634 0.01
430 413 0.01
430 631 0.05
430 471 0.01
430 412 0.2
430 428 0.01
430 1134 0.05
430 1520 0.05
430 1526 0.01
430 1150 0.01
430 419 0.05
430 645 0.2
430 3907 0.2
430 1688 0.2
430 640 0.05
430 1161 0.05
430 1162 0.05
430 1178 0.05
430 1519 0.2
430 88 0.01
430 1521 0.05
430 443 0.05
430 1157 0.01
430 660 0.2
430 1156 0.2
430 2055 0.2
430 1517 0.05
430 465 0.01
430 2184 0.2
430 417 0.05
430 635 0.2
430 238 0.2
430 452 0.01
430 228 0.01
430 1740 0.01
430 641 0.05
430 515 0.05
430 441 0.01
430 463 0.2
430 466 0.01
430 207 0.2
430 1143 0.2
430 438 0.05
430 4296 0.2
430 237 0.2
430 2913 0.2
430 426 0.01
430 17 0.2
430 204 0.01
430 702 0.05
430 1587 0.05
430 1522 0.01
430 639 0.2
430 192 0.01
430 656 0.01
430 449 0.01
430 567 0.05
430 2075 0.01
430 208 0.01
430 9 0.01
430 94 0.05
430 197 0.2
430 140 0.2
430 526 0.05
430 431 0.05
430 3055 0.01
430 145 0.2
430 458 0.2
430 196 0.01
430 437 0.01
430 242 0.01
430 3188 0.01
430 211 0.2
430 104 0.05
430 108 0.05
430 517 0.2
430 643 0.2
430 642 0.05
430 1164 0.01
4109 747 0.01
4109 191 0.01
4109 2141 0.01
4109 3453 0.05
4109 2230 0.01
4109 458 0.01
4109 1152 0.01
4109 3055 0.01
4109 3450 0.05
4109 452 0.05
4109 196 0.01
4109 94 0.2
4109 3519 0.05
4109 422 0.05
4109 4407 0.05
4109 3468 0.2
642 2088 0.2
642 1680 0.05
642 1719 0.2
642 2204 0.2
642 2206 0.05
642 1586 0.2
642 2227 0.01
642 1176 0.05
642 748 0.2
642 2168 0.2
642 746 0.2
642 1584 0.05
642 2125 0.05
642 1919 0.01
642 3211 0.2
642 660 0.2
642 1583 0.01
642 1593 0.2
642 424 0.01
642 410 0.05
642 428 0.01
642 2171 0.05
642 443 0.01
642 637 0.2
642 1443 0.01
642 789 0.05
642 214 0.2
642 629 0.2
642 445 0.2
642 631 0.05
642 1148 0.05
642 452 0.01
642 1521 0.01
642 140 0.05
642 632 0.05
642 473 0.05
642 1150 0.01
642 656 0.2
642 202 0.01
642 1255 0.05
642 879 0.2
642 790 0.01
642 1594 0.2
642 416 0.05
642 418 0.2
642 1587 0.2
642 630 0.05
642 17 0.05
642 431 0.2
642 451 0.2
642 465 0.2
642 1517 0.05
642 2778 0.2
642 371 0.01
642 2913 0.01
642 2238 0.05
642 515 0.2
642 449 0.05
642 643 0.01
642 635 0.2
642 640 0.2
642 466 0.05
642 2163 0.01
642 219 0.05
642 419 0.05
642 207 0.2
642 2075 0.2
642 439 0.2
642 417 0.01
642 1143 0.05
642 1599 0.05
642 196 0.2
642 238 0.01
642 146 0.05
642 441 0.2
642 9 0.05
642 639 0.05
642 1424 0.05
642 1523 0.05
642 422 0.01
642 526 0.2
642 641 0.01
642 1718 0.01
642 432 0.2
642 438 0.01
642 1164 0.05
642 448 0.01
642 192 0.05
642 1681 0.2
642 433 0.2
642 633 0.2
642 437 0.2
642 463 0.05
642 104 0.01
642 1152 0.2
642 447 0.2
2481 2205 0.2
2481 140 0.2
2481 635 0.01
2481 4408 0.01
2481 1150 0.05
2481 17 0.05
2481 1138 0.05
2481 2220 0.01
2481 2426 0.01
2481 414 0.2
2481 217 0.05
2481 228 0.01
2481 1681 0.2
2481 1720 0.05
2481 202 0.01
2481 1684 0.01
2481 2700 0.01
2481 2235 0.01
2481 1422 0.01
2481 2168 0.01
2481 1249 0.05
2481 146 0.01
2481 2079 0.01
2481 196 0.05
2481 2075 0.2
2481 416 0.05
2481 1423 0.2
2481 441 0.01
2481 465 0.01
2481 1176 0.05
2481 1585 0.01
2481 2164 0.05
2481 2231 0.05
2481 3046 0.05
2481 1676 0.05
2481 2480 0.2
2481 1164 0.01
2481 4404 0.01
2481 447 0.01
2481 3686 0.01
2481 1178 0.05
2481 2244 0.01
2481 4409 0.01
2481 3696 0.05
2481 419 0.01
2481 4305 0.2
3628 4410 0.2
3628 4042 0.01
2230 793 0.2
2230 2226 0.2
2230 4109 0.2
1252 200 0.01
1252 1884 0.01
1252 461 0.01
1252 1596 0.05
1252 199 0.01
1252 794 0.01
1252 702 0.01
1252 1422 0.01
1252 3469 0.05
1252 435 0.05
1252 219 0.01
1252 655 0.2
1252 203 0.01
1252 1526 0.05
1252 437 0.05
1252 563 0.05
1252 1270 0.2
1252 452 0.01
1252 2689 0.2
1252 441 0.05
1252 211 0.01
1252 4284 0.05
1252 208 0.05
1252 650 0.01
1252 431 0.01
1252 451 0.05
1252 1601 0.01
1252 567 0.2
1252 222 0.2
1252 792 0.05
1252 1519 0.2
1252 3033 0.01
1252 3453 0.05
1252 470 0.01
1252 2238 0.05
1252 1523 0.2
1252 1259 0.2
1252 439 0.01
1252 1097 0.01
1252 1177 0.01
1252 2282 0.05
1252 104 0.01
1252 2776 0.01
1252 108 0.01
1252 1164 0.01
1252 1522 0.01
1252 526 0.01
1252 458 0.2
1252 7 0.05
1252 514 0.05
1252 523 0.05
1252 192 0.05
1252 3055 0.01
1252 11 0.2
1252 562 0.2
1252 146 0.05
1252 1830 0.2
1252 94 0.01
1252 644 0.05
1252 242 0.05
1252 639 0.2
1252 3827 0.01
1252 436 0.01
1252 633 0.05
1252 455 0.05
1252 446 0.2
1252 453 0.2
1252 837 0.01
1252 656 0.05
1252 450 0.2
1252 517 0.05
1252 1681 0.01
1252 197 0.05
1252 419 0.2
1252 943 0.2
1252 422 0.2
1252 430 0.01
1252 194 0.2
1252 641 0.01
1252 1152 0.01
1252 2098 0.01
1252 473 0.05
1252 643 0.2
1252 238 0.01
3839 453 0.01
3839 1526 0.2
3839 642 0.2
3839 4149 0.2
3839 414 0.2
3839 411 0.01
3839 3771 0.05
3839 431 0.01
3839 458 0.2
3839 1152 0.05
3839 793 0.01
3839 422 0.01
3839 3883 0.2
4411 94 0.05
4411 431 0.01
1600 417 0.01
1600 523 0.01
1600 422 0.05
1600 1161 0.2
1600 11 0.2
3450 4109 0.05
3450 1155 0.2
3450 420 0.05
4412 4413 0.05
4284 2777 0.2
4284 1259 0.01
4284 517 0.2
4284 431 0.01
4284 447 0.2
4284 1143 0.2
4284 197 0.01
4284 417 0.2
4284 2238 0.2
4284 638 0.05
4284 642 0.2
4284 432 0.05
4284 458 0.05
4284 639 0.2
4284 526 0.01
4284 446 0.2
4284 451 0.01
4284 1587 0.2
4284 419 0.05
4284 146 0.05
4284 794 0.2
4284 108 0.05
4284 523 0.05
4284 1252 0.01
4284 3607 0.05
4284 745 0.05
4284 1589 0.01
4284 1097 0.2
4284 793 0.01
1587 483 0.2
1587 365 0.01
1587 223 0.2
1587 2380 0.01
1587 1443 0.05
1587 455 0.05
1587 410 0.2
1587 631 0.01
1587 1140 0.01
1587 433 0.2
1587 417 0.01
1587 2160 0.2
1587 649 0.05
1587 413 0.05
1587 1526 0.01
1587 228 0.2
1587 431 0.05
1587 1649 0.2
1587 428 0.2
1587 424 0.01
1587 425 0.01
1587 630 0.2
1587 3512 0.01
1587 3500 0.05
1587 635 0.05
1587 637 0.2
1587 2125 0.01
1587 1688 0.01
1587 1251 0.01
1587 566 0.05
1587 1335 0.2
1587 16 0.2
1587 418 0.05
1587 1748 0.2
1587 660 0.01
1587 2141 0.05
1587 452 0.2
1587 104 0.2
1587 470 0.2
1587 642 0.01
1587 4149 0.01
1587 2138 0.05
1587 793 0.01
1587 2238 0.2
1587 3188 0.05
1587 646 0.2
1587 453 0.01
1587 237 0.05
1587 523 0.2
1587 238 0.01
1587 638 0.2
1587 639 0.05
1587 647 0.01
1587 6 0.2
1587 648 0.05
1587 4351 0.05
1587 192 0.01
1587 442 0.2
1587 656 0.2
1587 436 0.01
1587 196 0.05
1587 2253 0.01
1587 4284 0.2
1587 1796 0.01
1587 514 0.01
1587 643 0.2
1587 193 0.01
1587 432 0.01
1587 1164 0.2
1587 94 0.05
1587 443 0.05
1587 1152 0.01
1587 201 0.01
1587 473 0.2
1587 423 0.05
1587 2203 0.01
1587 464 0.05
1587 3630 0.05
1587 2644 0.01
1587 519 0.2
1587 1589 0.2
1587 641 0.01
1587 1522 0.01
1587 207 0.05
1587 794 0.05
1587 447 0.05
1587 441 0.01
1587 108 0.01
1587 515 0.01
1587 446 0.05
1587 517 0.2
1587 419 0.01
1587 430 0.2
1587 644 0.01
1587 422 0.2
1587 2777 0.05
3631 1677 0.05
3631 523 0.2
1589 792 0.2
1589 143 0.05
1589 630 0.05
1589 1148 0.01
1589 1655 0.01
1589 1517 0.05
1589 975 0.05
1589 222 0.01
1589 1748 0.2
1589 197 0.2
1589 433 0.01
1589 1523 0.2
1589 456 0.05
1589 465 0.05
1589 640 0.05
1589 455 0.05
1589 442 0.01
1589 228 0.01
1589 652 0.2
1589 1681 0.05
1589 219 0.05
1589 438 0.05
1589 746 0.05
1589 2089 0.01
1589 85 0.2
1589 639 0.01
1589 196 0.01
1589 643 0.05
1589 835 0.2
1589 363 0.05
1589 635 0.05
1589 1519 0.01
1589 2238 0.2
1589 1604 0.05
1589 94 0.01
1589 423 0.2
1589 837 0.2
1589 648 0.01
1589 633 0.2
1589 647 0.01
1589 6 0.2
1589 2163 0.01
1589 214 0.05
1589 514 0.2
1589 2055 0.05
1589 1588 0.01
1589 562 0.05
1589 2138 0.01
1589 2913 0.01
1589 1143 0.2
1589 430 0.2
1589 417 0.01
1589 17 0.01
1589 2777 0.2
1589 446 0.05
1589 1336 0.01
1589 432 0.2
1589 431 0.05
1589 563 0.01
1589 642 0.01
1589 201 0.05
1589 435 0.2
1589 146 0.05
1589 473 0.05
1589 447 0.2
1589 104 0.2
1589 526 0.05
1589 655 0.2
1589 192 0.05
1589 448 0.2
1589 2075 0.01
1589 463 0.01
1589 9 0.01
1589 11 0.01
1589 466 0.01
1589 452 0.01
1589 515 0.2
1589 1587 0.05
1589 439 0.05
1589 238 0.2
1589 1522 0.01
1589 789 0.05
1589 441 0.01
1589 641 0.2
1589 1161 0.05
1589 517 0.01
1589 436 0.05
1589 419 0.2
1589 458 0.2
1589 211 0.2
1589 793 0.2
1589 437 0.2
1589 1164 0.05
1589 523 0.2
641 1422 0.2
641 3583 0.2
641 1413 0.2
641 2125 0.01
641 414 0.01
641 2055 0.05
641 85 0.05
641 413 0.2
641 1520 0.2
641 2166 0.2
641 1178 0.01
641 420 0.01
641 1154 0.2
641 423 0.01
641 1665 0.01
641 637 0.05
641 1164 0.05
641 630 0.05
641 1162 0.2
641 1740 0.2
641 424 0.2
641 7 0.2
641 1747 0.2
641 430 0.2
641 1134 0.05
641 425 0.01
641 417 0.01
641 635 0.01
641 1718 0.05
641 465 0.01
641 445 0.2
641 1143 0.05
641 1589 0.01
641 441 0.01
641 1587 0.2
641 3131 0.2
641 207 0.01
641 515 0.2
641 431 0.2
641 633 0.2
641 438 0.01
641 656 0.2
641 480 0.05
641 563 0.2
641 1884 0.01
641 435 0.05
641 650 0.01
641 226 0.05
641 219 0.2
641 3923 0.01
641 647 0.2
641 448 0.05
641 1596 0.01
641 432 0.2
641 3055 0.01
641 639 0.05
641 640 0.05
641 3519 0.01
641 3453 0.05
641 2184 0.2
641 458 0.05
641 1602 0.01
641 2913 0.01
641 237 0.2
641 526 0.05
641 238 0.2
641 18 0.05
641 146 0.01
641 1336 0.2
641 2098 0.01
641 2075 0.01
641 11 0.01
641 140 0.01
641 1681 0.01
641 2282 0.2
641 642 0.01
641 1259 0.05
641 1519 0.01
641 466 0.01
641 17 0.01
641 452 0.05
641 447 0.01
641 450 0.05
641 104 0.2
641 643 0.05
641 192 0.2
641 108 0.05
641 419 0.05
641 422 0.05
641 517 0.05
641 451 0.05
641 1522 0.05
641 9 0.01
641 1521 0.2
641 1666 0.2
641 463 0.05
641 437 0.05
641 473 0.05
4410 3628 0.01
639 2077 0.01
639 1176 0.05
639 3046 0.2
639 1254 0.05
639 1586 0.2
639 1584 0.2
639 635 0.05
639 2425 0.2
639 1737 0.01
639 146 0.01
639 2246 0.2
639 440 0.01
639 410 0.01
639 1520 0.05
639 413 0.01
639 363 0.2
639 409 0.05
639 1688 0.2
639 214 0.2
639 428 0.01
639 202 0.05
639 365 0.01
639 1649 0.01
639 1526 0.01
639 140 0.05
639 837 0.2
639 228 0.05
639 4149 0.2
639 445 0.01
639 631 0.2
639 1154 0.2
639 7 0.05
639 422 0.2
639 1150 0.2
639 1251 0.01
639 438 0.05
639 1748 0.01
639 423 0.05
639 418 0.05
639 1521 0.05
639 634 0.01
639 9 0.2
639 466 0.2
639 425 0.01
639 790 0.2
639 473 0.01
639 637 0.05
639 1134 0.01
639 2184 0.01
639 659 0.01
639 2061 0.05
639 207 0.05
639 630 0.01
639 1588 0.05
639 3248 0.05
639 104 0.01
639 419 0.2
639 417 0.05
639 222 0.2
639 1148 0.05
639 1422 0.01
639 437 0.01
639 1593 0.2
639 2138 0.01
639 702 0.01
639 1587 0.05
639 2238 0.01
639 2778 0.01
639 643 0.2
639 747 0.01
639 526 0.01
639 238 0.01
639 226 0.2
639 805 0.2
639 448 0.2
639 633 0.05
639 237 0.01
639 642 0.01
639 641 0.2
639 430 0.01
639 645 0.05
2056 3697 0.05
2056 2774 0.2
2056 1522 0.2
2056 4375 0.2
2056 443 0.2
2056 1164 0.2
2056 442 0.01
4414 3771 0.05
4414 1587 0.2
2055 1584 0.05
2055 641 0.05
2055 660 0.05
2055 1148 0.05
2055 4415 0.01
2055 4281 0.2
2055 203 0.01
2055 637 0.2
2055 2913 0.01
2055 1589 0.05
2055 1718 0.2
2055 1523 0.2
2055 430 0.05
2055 417 0.05
2055 644 0.05
2055 3771 0.05
2055 446 0.2
2055 437 0.2
2055 442 0.01
2055 1336 0.01
2055 1152 0.01
2055 1521 0.2
2055 514 0.01
2055 473 0.05
2055 794 0.01
1143 9 0.01
1143 643 0.01
1143 416 0.2
1143 630 0.01
1143 203 0.05
1143 790 0.2
1143 428 0.2
1143 419 0.2
1143 463 0.2
1143 629 0.2
1143 1520 0.01
1143 197 0.01
1143 631 0.2
1143 1594 0.05
1143 2530 0.01
1143 2235 0.2
1143 1422 0.01
1143 1423 0.2
1143 636 0.2
1143 425 0.2
1143 1159 0.2
1143 3289 0.01
1143 424 0.01
1143 17 0.2
1143 423 0.2
1143 3773 0.2
1143 104 0.2
1143 417 0.2
1143 437 0.05
1143 642 0.05
1143 789 0.2
1143 641 0.2
1143 640 0.2
2167 3853 0.01
2167 635 0.01
2167 2234 0.01
2167 2077 0.2
2167 426 0.05
2167 4416 0.2
2167 4417 0.05
2167 1248 0.01
2167 2279 0.01
2167 3977 0.05
2167 3998 0.2
2167 1105 0.01
2167 629 0.01
2167 201 0.05
2167 200 0.05
2167 4418 0.2
2167 4283 0.05
2167 1422 0.05
2167 1150 0.2
2167 4037 0.05
2167 447 0.01
2167 748 0.05
2167 217 0.05
2167 3588 0.05
2167 1144 0.05
2167 747 0.05
2167 1583 0.05
2167 2075 0.01
2167 463 0.05
2167 2244 0.01
2167 746 0.05
2167 418 0.05
2167 1586 0.05
2167 2701 0.05
2167 3186 0.01
2167 222 0.01
2167 363 0.05
2167 2078 0.2
2167 2220 0.01
2167 489 0.2
2167 1738 0.05
2167 1423 0.01
2167 2079 0.2
2167 2499 0.05
2167 1737 0.01
2167 1135 0.01
2167 2197 0.2
2167 88 0.01
2167 2168 0.05
2167 419 0.05
2167 453 0.01
2167 1740 0.2
2167 1593 0.05
2167 1588 0.2
2167 1585 0.01
2167 1251 0.2
2167 516 0.05
2167 2246 0.01
2167 416 0.05
2167 196 0.05
2167 1526 0.01
2167 202 0.05
2167 1164 0.05
2167 642 0.01
2167 146 0.05
2167 2305 0.01
2167 2300 0.01
2167 1686 0.05
2167 1603 0.2
2203 471 0.01
2203 1156 0.2
2203 517 0.05
2203 425 0.2
2203 448 0.2
2203 3058 0.05
2203 1655 0.2
2203 643 0.2
2203 3452 0.05
2203 644 0.2
2203 2141 0.2
2203 4419 0.2
2203 1152 0.2
2203 4420 0.05
2203 4421 0.05
2203 1587 0.05
4422 437 0.05
4422 2204 0.2
4422 1524 0.05
4422 2082 0.05
4422 1722 0.2
4422 1164 0.2
4423 3760 0.05
423 1520 0.2
423 441 0.01
423 660 0.2
423 196 0.01
423 412 0.2
423 222 0.2
423 1681 0.01
423 439 0.01
423 9 0.2
423 3906 0.05
423 1590 0.01
423 1140 0.2
423 88 0.05
423 631 0.2
423 237 0.01
423 1251 0.05
423 4296 0.05
423 790 0.2
423 1688 0.05
423 2776 0.05
423 805 0.01
423 639 0.2
423 2902 0.05
423 466 0.05
423 1740 0.05
423 1158 0.2
423 455 0.01
423 3248 0.01
423 1134 0.01
423 418 0.2
423 16 0.01
423 207 0.2
423 473 0.2
423 417 0.2
423 647 0.01
423 3607 0.01
423 1528 0.2
423 630 0.01
423 3451 0.2
423 633 0.01
423 419 0.05
423 2913 0.05
423 11 0.2
423 2778 0.05
423 641 0.2
423 835 0.05
423 642 0.2
423 515 0.01
423 193 0.2
423 1265 0.05
423 2171 0.2
423 517 0.05
423 1522 0.2
423 1665 0.2
423 197 0.2
423 448 0.05
423 648 0.05
423 431 0.01
423 2238 0.2
423 1718 0.05
423 1143 0.2
423 430 0.05
423 463 0.05
423 1589 0.2
423 643 0.2
423 422 0.2
423 638 0.05
423 94 0.01
423 1152 0.05
423 104 0.2
423 1521 0.05
423 1519 0.05
423 446 0.05
423 943 0.05
423 192 0.2
423 238 0.01
423 1587 0.05
423 437 0.05
423 447 0.2
423 1599 0.2
4424 642 0.2
635 630 0.01
635 144 0.05
635 4114 0.05
635 1719 0.2
635 1135 0.2
635 1672 0.01
635 1680 0.05
635 4425 0.05
635 2079 0.2
635 2702 0.05
635 1422 0.2
635 846 0.05
635 2166 0.2
635 1718 0.2
635 1520 0.2
635 3061 0.05
635 414 0.2
635 2206 0.01
635 4404 0.05
635 1423 0.05
635 629 0.01
635 1685 0.01
635 3285 0.01
635 643 0.2
635 1105 0.01
635 1740 0.01
635 1583 0.05
635 1164 0.2
635 2235 0.05
635 1737 0.2
635 2078 0.05
635 424 0.2
635 639 0.01
635 3055 0.05
635 516 0.2
635 452 0.2
635 636 0.01
635 146 0.01
635 104 0.01
635 2075 0.2
635 2167 0.05
635 2243 0.05
635 4296 0.01
635 458 0.01
635 1161 0.2
635 462 0.2
635 430 0.2
635 1147 0.05
635 1157 0.01
635 437 0.01
635 1150 0.01
635 371 0.01
635 454 0.2
635 425 0.01
635 790 0.05
635 4426 0.01
635 1134 0.01
635 422 0.2
635 4237 0.05
635 523 0.2
635 196 0.05
635 1159 0.2
635 203 0.05
635 517 0.05
635 418 0.01
635 431 0.2
635 640 0.2
635 2913 0.01
635 473 0.2
635 468 0.05
635 429 0.2
635 447 0.2
635 3289 0.05
635 2237 0.2
635 1523 0.01
635 2427 0.2
635 1336 0.2
635 2326 0.01
635 211 0.05
635 1589 0.2
635 1152 0.05
635 837 0.2
635 442 0.2
635 515 0.01
635 1143 0.2
635 526 0.2
635 4065 0.01
635 419 0.05
635 641 0.01
635 417 0.01
635 633 0.01
635 642 0.2
2245 193 0.05
2245 17 0.2
2245 4149 0.05
2245 4427 0.05
2245 1722 0.2
2245 4046 0.05
638 438 0.2
638 4149 0.05
638 1251 0.2
638 453 0.01
638 468 0.05
638 1250 0.2
638 419 0.05
638 2530 0.05
638 1919 0.2
638 3289 0.2
638 422 0.05
638 192 0.05
638 3839 0.2
638 413 0.01
638 414 0.2
638 642 0.2
638 417 0.05
638 431 0.2
638 437 0.2
638 3519 0.2
638 2238 0.2
638 639 0.05
638 11 0.2
638 2777 0.2
638 104 0.2
638 1156 0.2
638 790 0.2
638 425 0.01
638 1159 0.05
638 1587 0.2
638 2778 0.05
638 526 0.2
638 4284 0.05
638 423 0.01
638 1598 0.05
638 517 0.05
638 643 0.2
4428 1518 0.01
4428 1918 0.2
4428 428 0.2
630 1422 0.01
630 1540 0.01
630 1520 0.05
630 432 0.2
630 1176 0.2
630 1138 0.05
630 2168 0.01
630 1413 0.01
630 850 0.01
630 414 0.2
630 1516 0.05
630 2163 0.01
630 1719 0.01
630 1665 0.01
630 193 0.05
630 790 0.2
630 483 0.01
630 2161 0.05
630 466 0.2
630 1718 0.2
630 1518 0.01
630 629 0.2
630 1584 0.01
630 412 0.05
630 371 0.05
630 9 0.2
630 424 0.2
630 208 0.05
630 2246 0.01
630 413 0.2
630 433 0.2
630 1178 0.01
630 631 0.05
630 465 0.01
630 1150 0.2
630 805 0.01
630 422 0.05
630 222 0.2
630 428 0.01
630 2075 0.2
630 2184 0.01
630 1155 0.01
630 451 0.01
630 463 0.05
630 1154 0.05
630 146 0.01
630 455 0.01
630 1517 0.05
630 1521 0.05
630 1148 0.05
630 438 0.2
630 226 0.2
630 425 0.2
630 1748 0.05
630 196 0.01
630 523 0.01
630 416 0.01
630 238 0.2
630 645 0.2
630 633 0.05
630 1134 0.2
630 1588 0.2
630 108 0.01
630 2238 0.05
630 1161 0.01
630 1519 0.05
630 1740 0.01
630 436 0.05
630 192 0.01
630 228 0.2
630 639 0.01
630 417 0.01
630 419 0.05
630 104 0.05
630 635 0.2
630 648 0.01
630 94 0.01
630 423 0.05
630 17 0.01
630 526 0.2
630 448 0.01
630 3451 0.2
630 11 0.2
630 1587 0.01
630 431 0.05
630 453 0.01
630 1152 0.01
630 197 0.05
630 363 0.2
630 1164 0.05
630 2138 0.01
630 421 0.01
630 642 0.01
630 641 0.2
630 1143 0.05
630 447 0.01
630 140 0.2
630 473 0.01
630 452 0.2
630 437 0.05
4429 238 0.01
4429 145 0.01
1517 1150 0.01
1517 430 0.05
1517 197 0.05
1517 192 0.2
1517 421 0.01
1517 1589 0.01
1517 523 0.01
1517 226 0.01
1517 642 0.01
4430 4372 0.01
4430 638 0.01
2778 4431 0.2
2778 3697 0.05
2778 4366 0.05
2778 4432 0.2
2778 1443 0.01
2778 1593 0.2
2778 4433 0.2
2778 632 0.2
2778 4434 0.05
2778 1150 0.01
2778 1178 0.05
2778 1255 0.01
2778 207 0.05
2778 422 0.2
2778 3489 0.2
2778 1157 0.01
2778 2774 0.01
2778 1156 0.2
2778 4426 0.05
2778 1160 0.05
2778 1159 0.01
2778 3735 0.01
2778 418 0.05
2778 3832 0.05
2778 416 0.01
2778 3607 0.05
2778 630 0.01
2778 425 0.2
2778 1740 0.01
2778 431 0.01
2778 641 0.05
2778 643 0.2
2778 423 0.01
2778 2913 0.2
2778 3451 0.2
2778 451 0.05
2778 638 0.01
2778 656 0.2
2778 473 0.2
2778 4269 0.2
2778 197 0.05
2778 1519 0.05
2778 237 0.2
2778 140 0.05
2778 454 0.01
2778 442 0.05
2778 794 0.01
2778 1718 0.2
2778 146 0.2
2778 447 0.2
2778 1143 0.05
2778 417 0.2
2778 1164 0.01
2778 419 0.01
2778 437 0.01
2778 448 0.05
2778 642 0.01
2778 639 0.2
4435 4436 0.05
4435 4437 0.01
4236 629 0.01
4236 1685 0.05
4236 1748 0.05
4236 414 0.05
4236 237 0.05
4236 419 0.2
4236 4038 0.2
4236 416 0.01
4236 3630 0.2
4236 3839 0.05
4236 2079 0.01
4236 3906 0.05
4236 425 0.05
4236 1251 0.01
4236 3452 0.2
4236 4235 0.01
4236 3459 0.05
4236 1528 0.01
4236 2141 0.05
4438 642 0.05
4439 472 0.2
416 455 0.01
416 448 0.05
416 975 0.05
416 441 0.05
416 2242 0.01
416 567 0.2
416 3583 0.01
416 1677 0.2
416 363 0.05
416 2165 0.05
416 431 0.2
416 1688 0.05
416 630 0.01
416 1675 0.2
416 473 0.01
416 2204 0.05
416 2079 0.05
416 2235 0.01
416 2076 0.05
416 2696 0.01
416 2699 0.01
416 1489 0.05
416 237 0.05
416 1661 0.05
416 1678 0.2
416 140 0.05
416 1720 0.05
416 418 0.2
416 465 0.05
416 414 0.01
416 2081 0.2
416 1719 0.2
416 1178 0.01
416 2088 0.05
416 2080 0.01
416 1683 0.01
416 7 0.05
416 1136 0.2
416 4440 0.2
416 278 0.05
416 9 0.01
416 1684 0.01
416 2167 0.05
416 633 0.2
416 1583 0.01
416 1586 0.2
416 1521 0.01
416 1138 0.2
416 640 0.05
416 2075 0.01
416 222 0.2
416 3285 0.2
416 1722 0.2
416 655 0.01
416 1422 0.2
416 1748 0.01
416 453 0.2
416 439 0.2
416 104 0.2
416 1135 0.05
416 2530 0.01
416 629 0.05
416 4296 0.2
416 238 0.01
416 3906 0.2
416 641 0.01
416 422 0.05
416 425 0.05
416 523 0.2
416 1105 0.01
416 1164 0.05
416 2778 0.05
416 1655 0.2
416 450 0.01
416 4109 0.2
416 463 0.01
416 1523 0.05
416 433 0.01
416 437 0.2
416 745 0.05
416 635 0.2
416 642 0.2
416 637 0.01
416 94 0.05
416 643 0.2
416 146 0.01
416 517 0.2
416 207 0.05
416 1681 0.05
416 451 0.05
416 3055 0.05
416 17 0.2
416 1589 0.01
416 3188 0.2
416 427 0.05
416 436 0.2
416 2902 0.2
416 1143 0.2
416 196 0.2
416 419 0.05
3449 4325 0.2
3449 1748 0.05
3449 104 0.01
3449 433 0.2
3449 423 0.05
3449 2776 0.01
3449 439 0.2
3449 3691 0.2
3449 473 0.05
3449 4441 0.05
3449 1423 0.05
3449 641 0.2
3449 2061 0.05
3449 191 0.2
3449 3895 0.2
3449 4442 0.2
3449 636 0.01
2141 2226 0.05
2141 3565 0.01
2141 1583 0.01
2141 1601 0.05
2141 430 0.05
2141 2902 0.05
2141 1159 0.01
2141 636 0.01
2141 4443 0.2
2141 1152 0.2
2141 1148 0.2
2141 3459 0.05
2141 417 0.05
2141 3589 0.2
2141 425 0.01
2141 1265 0.05
2141 3761 0.2
2141 437 0.01
2141 563 0.05
2141 422 0.01
2141 1587 0.01
2141 416 0.2
2141 2238 0.05
2141 1588 0.2
2141 238 0.05
2141 3526 0.05
2141 837 0.01
2141 4244 0.05
2141 191 0.05
2141 4109 0.01
2141 448 0.2
2141 2203 0.2
2141 442 0.01
2141 431 0.01
2141 3452 0.01
2141 470 0.01
2141 1158 0.05
2141 432 0.05
2141 652 0.05
2141 2184 0.2
2141 642 0.05
2141 444 0.01
2141 1655 0.05
2141 473 0.05
2141 196 0.2
2141 1164 0.2
2141 1161 0.2
2141 4444 0.2
2141 643 0.2
2141 514 0.2
2141 3569 0.01
2141 523 0.05
2141 436 0.01
2141 2138 0.01
2141 4149 0.2
2141 466 0.2
2141 104 0.05
2141 85 0.05
2141 462 0.01
2141 1523 0.01
2141 421 0.01
1145 4445 0.05
1145 419 0.2
1145 790 0.2
1145 2168 0.05
1145 1150 0.05
1145 655 0.01
1145 1248 0.2
1145 1676 0.2
1145 1135 0.05
1145 2700 0.05
1145 2205 0.05
1145 238 0.2
1145 427 0.2
1145 7 0.2
1145 2206 0.01
1145 1586 0.05
1145 140 0.05
1145 208 0.01
1145 371 0.05
1145 636 0.2
1145 1164 0.05
1145 3752 0.2
1145 146 0.01
1145 660 0.01
1145 17 0.2
1145 4446 0.2
1145 9 0.01
1145 437 0.05
1145 466 0.01
1145 473 0.05
1145 1140 0.01
1145 1134 0.01
1145 108 0.2
1145 1747 0.2
1145 16 0.05
1145 1178 0.01
1145 436 0.01
1145 642 0.01
1145 435 0.01
1145 432 0.05
1145 417 0.01
1145 431 0.05
1145 1143 0.01
1145 453 0.01
1145 3451 0.05
1145 196 0.2
1145 635 0.01
1145 442 0.2
1145 643 0.05
3508 636 0.05
3508 2231 0.2
3508 635 0.05
3508 1137 0.01
3508 2080 0.2
3508 228 0.2
3508 4447 0.2
3508 419 0.2
3508 1164 0.05
3508 4282 0.05
3508 3975 0.05
3508 1583 0.05
3508 426 0.01
3508 2301 0.05
3508 1443 0.05
3508 2168 0.2
3508 146 0.01
3508 1178 0.01
3508 453 0.2
3508 197 0.05
3508 424 0.01
3508 417 0.2
3508 642 0.01
3508 425 0.2
3508 2140 0.01
3508 431 0.2
3508 4048 0.01
3508 4448 0.05
3508 745 0.2
3508 523 0.01
3508 4449 0.01
3508 216 0.2
3508 1163 0.2
3508 3489 0.01
425 2089 0.2
425 2235 0.05
425 1584 0.01
425 2226 0.01
425 1583 0.05
425 631 0.01
425 451 0.2
425 1161 0.2
425 2251 0.01
425 371 0.2
425 647 0.01
425 1602 0.05
425 3586 0.05
425 2243 0.05
425 1144 0.05
425 1739 0.01
425 2075 0.2
425 1587 0.01
425 1178 0.01
425 3513 0.01
425 1526 0.01
425 634 0.05
425 1143 0.2
425 1140 0.01
425 3289 0.05
425 424 0.01
425 88 0.01
425 643 0.2
425 1599 0.05
425 196 0.2
425 4434 0.2
425 632 0.01
425 1519 0.05
425 1157 0.01
425 837 0.2
425 2914 0.05
425 1156 0.05
425 526 0.05
425 238 0.05
425 1745 0.05
425 1718 0.01
425 636 0.01
425 1596 0.01
425 202 0.2
425 458 0.05
425 790 0.05
425 2779 0.05
425 3508 0.01
425 4426 0.2
425 2203 0.05
425 638 0.2
425 660 0.01
425 448 0.01
425 1159 0.05
425 1155 0.01
425 2776 0.01
425 641 0.01
425 442 0.01
425 1594 0.01
425 104 0.01
425 239 0.01
425 17 0.05
425 192 0.05
425 431 0.05
425 640 0.05
425 416 0.01
425 2238 0.01
425 412 0.01
425 417 0.05
425 1154 0.05
425 422 0.2
425 633 0.05
425 635 0.2
425 1748 0.05
425 1830 0.05
425 1162 0.01
425 1158 0.2
425 630 0.05
425 1134 0.2
425 419 0.05
425 207 0.01
425 3452 0.2
425 2141 0.01
425 437 0.2
425 2778 0.05
425 639 0.2
4379 3452 0.2
4379 1158 0.01
4379 1161 0.01
4441 4450 0.05
4441 2141 0.01
3531 652 0.2
3531 4372 0.05
2079 3000 0.05
2079 2305 0.2
2079 1674 0.05
2079 2165 0.01
2079 3504 0.2
2079 3545 0.2
2079 3605 0.01
2079 1142 0.01
2079 3697 0.05
2079 1700 0.2
2079 2235 0.01
2079 1704 0.01
2079 1703 0.01
2079 1702 0.01
2079 2138 0.05
2079 649 0.05
2079 192 0.2
2079 196 0.2
2079 238 0.2
2079 1413 0.05
2079 1178 0.01
2079 1147 0.2
4451 422 0.2
4451 16 0.2
4451 3455 0.05
4451 4351 0.05
4451 2171 0.01
4419 2141 0.2
4419 2203 0.05
1594 466 0.2
1594 1520 0.2
1594 1143 0.2
1594 1686 0.01
1594 3211 0.01
1594 2301 0.2
1594 197 0.2
1594 1593 0.05
1594 2244 0.2
1594 9 0.01
1594 1718 0.05
1594 409 0.2
1594 426 0.01
1594 630 0.01
1594 428 0.2
1594 647 0.05
1594 448 0.05
1594 94 0.01
1594 1150 0.05
1594 228 0.01
1594 238 0.05
1594 1164 0.2
1594 419 0.2
1594 473 0.01
1594 526 0.05
1594 642 0.05
1594 451 0.05
790 1683 0.05
790 805 0.05
790 2913 0.01
790 748 0.2
790 433 0.2
790 3046 0.2
790 1518 0.2
790 4440 0.01
790 1718 0.01
790 660 0.01
790 1150 0.2
790 193 0.01
790 2236 0.05
790 1255 0.01
790 1422 0.01
790 516 0.05
790 2244 0.2
790 4038 0.05
790 2226 0.01
790 1584 0.2
790 1599 0.2
790 9 0.05
790 1740 0.2
790 436 0.05
790 1423 0.2
790 1585 0.2
790 1681 0.05
790 2235 0.05
790 1424 0.2
790 4452 0.2
790 629 0.01
790 463 0.2
790 566 0.2
790 747 0.01
790 222 0.01
790 1176 0.2
790 518 0.01
790 1905 0.01
790 1141 0.01
790 3761 0.05
790 1520 0.01
790 640 0.05
790 4453 0.2
790 2241 0.01
790 647 0.2
790 417 0.01
790 2125 0.01
790 4454 0.05
790 2169 0.01
790 1722 0.2
790 238 0.01
790 2299 0.01
790 108 0.05
790 631 0.05
790 837 0.2
790 410 0.2
790 208 0.01
790 438 0.05
790 3839 0.2
790 371 0.05
790 1335 0.2
790 473 0.01
790 363 0.2
790 1748 0.2
790 413 0.01
790 3500 0.05
790 451 0.2
790 146 0.05
790 431 0.2
790 3513 0.05
790 409 0.2
790 419 0.05
790 412 0.05
790 630 0.05
790 3451 0.05
790 1521 0.05
790 1057 0.05
790 437 0.01
790 423 0.01
790 1143 0.2
790 3248 0.05
790 1688 0.01
790 94 0.2
790 425 0.05
790 643 0.2
790 447 0.01
790 1587 0.2
790 1156 0.01
790 638 0.01
790 635 0.05
790 1162 0.2
790 642 0.01
790 448 0.05
790 1155 0.2
790 4340 0.2
790 422 0.01
790 2138 0.2
790 639 0.2
790 1159 0.01
790 191 0.05
4455 419 0.01
4455 1722 0.01
4455 473 0.05
4455 2243 0.05
1583 94 0.05
1583 1248 0.01
1583 1254 0.01
1583 1176 0.2
1583 2221 0.05
1583 1161 0.05
1583 3046 0.05
1583 748 0.2
1583 793 0.2
1583 1138 0.2
1583 2239 0.05
1583 1586 0.05
1583 4456 0.05
1583 412 0.2
1583 3769 0.01
1583 488 0.01
1583 465 0.05
1583 660 0.01
1583 1919 0.05
1583 4457 0.2
1583 745 0.05
1583 437 0.2
1583 1150 0.05
1583 419 0.05
1583 425 0.05
1583 4458 0.2
1583 630 0.2
1583 4037 0.05
1583 4459 0.01
1583 4460 0.2
1583 200 0.01
1583 455 0.2
1583 2244 0.2
1583 3664 0.05
1583 196 0.05
1583 3211 0.05
1583 1178 0.2
1583 416 0.05
1583 634 0.2
1583 3186 0.05
1583 2226 0.01
1583 3588 0.01
1583 2141 0.05
1583 638 0.2
1583 1748 0.2
1583 2380 0.05
1583 4149 0.2
1583 3503 0.01
1583 631 0.01
1583 473 0.01
1583 3504 0.2
1583 2243 0.2
1583 3975 0.01
1583 2425 0.01
1583 441 0.05
1583 4461 0.01
1583 4462 0.01
1583 438 0.01
1583 640 0.05
1583 4282 0.01
1583 1142 0.01
1583 3606 0.01
1583 2235 0.2
1583 1447 0.01
1583 1722 0.05
1583 2165 0.01
1583 2300 0.05
1583 3438 0.05
1583 2139 0.01
1583 1135 0.2
1583 1141 0.2
1583 1423 0.2
1583 4344 0.2
1583 1905 0.2
1583 3508 0.05
1583 635 0.2
1583 2301 0.01
1583 2168 0.2
1583 1443 0.01
1583 1588 0.01
1583 3226 0.01
1583 1422 0.2
1583 642 0.05
4463 4464 0.2
4463 4465 0.2
4209 1159 0.2
4209 2140 0.01
4209 422 0.05
4209 496 0.2
4209 636 0.01
4209 2141 0.2
1688 4466 0.2
1688 1422 0.01
1688 746 0.05
1688 426 0.01
1688 640 0.05
1688 196 0.2
1688 634 0.05
1688 2167 0.05
1688 1150 0.2
1688 448 0.05
1688 4037 0.05
1688 412 0.01
1688 2061 0.2
1688 2138 0.01
1688 3055 0.01
1688 1740 0.05
1688 3773 0.2
1688 431 0.2
1688 104 0.2
1688 629 0.2
1688 660 0.01
1688 1587 0.2
1688 465 0.05
1688 633 0.05
1688 631 0.2
1688 3906 0.2
1688 1251 0.2
1688 639 0.2
1688 416 0.2
1688 417 0.01
1688 197 0.05
1688 238 0.2
1688 642 0.2
1688 419 0.2
1688 630 0.2
1688 422 0.05
2166 2082 0.01
2166 4467 0.05
2166 1672 0.01
2166 4114 0.2
2166 2499 0.05
2166 4468 0.01
2166 1540 0.05
2166 2125 0.01
2166 140 0.01
2166 2235 0.2
2166 1674 0.05
2166 1413 0.05
2166 1680 0.2
2166 2228 0.05
2166 278 0.2
2166 2088 0.01
2166 4469 0.01
2166 3853 0.01
2166 1683 0.01
2166 1521 0.05
2166 2204 0.01
2166 196 0.05
2166 635 0.2
2166 2169 0.2
2166 1164 0.01
2166 7 0.01
2166 2138 0.01
2166 1135 0.01
2166 437 0.2
2166 419 0.01
2166 642 0.2
2166 1178 0.2
2166 517 0.2
2166 420 0.2
2166 425 0.01
2166 1335 0.2
2166 453 0.01
2166 645 0.05
2166 641 0.05
2166 1155 0.2
2166 1747 0.2
2166 94 0.2
2166 3977 0.2
4409 1164 0.2
1154 642 0.01
1154 436 0.2
1154 1745 0.01
1154 409 0.01
1154 2165 0.05
1154 452 0.01
1154 473 0.01
1154 424 0.2
1154 1718 0.01
1154 3512 0.01
1154 1155 0.05
1154 1521 0.05
1154 1134 0.2
1154 639 0.01
1154 1163 0.01
1154 420 0.05
1154 238 0.01
1154 633 0.01
1154 453 0.2
1154 1143 0.01
1154 1158 0.2
1154 4296 0.2
1154 417 0.05
1154 1164 0.05
1154 197 0.01
1154 211 0.05
1154 419 0.05
1154 431 0.2
1154 630 0.05
1154 425 0.01
1154 641 0.2
1154 207 0.2
1154 437 0.05
1154 450 0.01
1154 3451 0.05
1154 429 0.01
1154 196 0.2
3284 2075 0.01
3284 1526 0.2
3284 1155 0.05
3284 1164 0.05
3284 451 0.01
3284 3895 0.2
3284 442 0.2
3284 422 0.2
3284 1158 0.2
3284 523 0.05
3284 4302 0.01
4470 473 0.2
4470 418 0.05
4470 1603 0.2
411 2699 0.2
411 2201 0.2
411 418 0.2
411 417 0.05
411 1586 0.01
411 1784 0.05
411 2902 0.2
411 88 0.05
411 470 0.01
411 145 0.01
411 1649 0.2
411 3451 0.05
411 365 0.05
411 217 0.01
411 2160 0.2
411 423 0.05
411 201 0.2
411 416 0.01
411 453 0.01
411 445 0.2
411 1146 0.2
411 439 0.2
411 1147 0.05
411 213 0.2
411 1159 0.01
411 3068 0.2
411 745 0.05
411 1891 0.2
411 426 0.01
411 4471 0.05
4283 196 0.01
4283 228 0.05
412 526 0.05
412 228 0.01
412 2088 0.01
412 1517 0.05
412 837 0.01
412 1139 0.2
412 1718 0.05
412 2698 0.2
412 465 0.05
412 1138 0.2
412 1583 0.2
412 630 0.01
412 433 0.2
412 1519 0.01
412 463 0.05
412 1688 0.05
412 1745 0.01
412 2425 0.05
412 1423 0.2
412 645 0.01
412 3211 0.01
412 452 0.2
412 1141 0.01
412 448 0.05
412 641 0.05
412 629 0.01
412 208 0.01
412 432 0.01
412 637 0.05
412 631 0.01
412 633 0.05
412 635 0.05
412 419 0.01
412 1265 0.01
412 430 0.01
412 371 0.2
412 201 0.2
412 6 0.2
412 227 0.2
412 642 0.01
412 1413 0.05
412 453 0.2
412 473 0.05
412 643 0.2
412 422 0.01
412 17 0.05
412 647 0.2
412 1150 0.01
412 1649 0.05
412 1143 0.05
412 805 0.2
412 238 0.01
412 2125 0.05
412 515 0.05
412 447 0.01
412 437 0.01
412 424 0.2
412 193 0.2
412 94 0.05
412 196 0.01
412 423 0.01
412 425 0.01
2084 850 0.2
2084 1680 0.2
2084 2204 0.2
2084 1679 0.05
2084 428 0.01
4208 1134 0.2
4208 526 0.2
4208 1155 0.05
4208 422 0.05
4208 94 0.01
4208 496 0.05
4208 523 0.05
4208 636 0.05
4208 2084 0.2
4208 1161 0.05
1153 1599 0.2
1153 416 0.2
1153 473 0.01
1153 2138 0.01
1153 441 0.05
1153 523 0.05
1153 437 0.05
1153 417 0.2
1144 1250 0.05
1144 3511 0.01
1144 747 0.05
1144 2160 0.01
1144 1134 0.01
1144 3586 0.05
1144 4367 0.2
1144 425 0.05
1144 196 0.01
1144 4150 0.01
1144 3512 0.01
1146 4472 0.01
1146 1648 0.2
1146 2242 0.2
1146 3906 0.2
1146 472 0.01
1146 1134 0.2
1146 411 0.05
1146 2160 0.01
1156 4404 0.01
1156 1599 0.05
1156 3769 0.01
1156 629 0.05
1156 2078 0.2
1156 634 0.2
1156 436 0.2
1156 3046 0.2
1156 278 0.2
1156 702 0.2
1156 441 0.2
1156 1149 0.05
1156 631 0.01
1156 947 0.2
1156 517 0.2
1156 3912 0.2
1156 1587 0.05
1156 455 0.01
1156 2280 0.05
1156 747 0.05
1156 466 0.2
1156 1522 0.2
1156 9 0.01
1156 2055 0.2
1156 637 0.01
1156 562 0.05
1156 425 0.01
1156 3131 0.05
1156 640 0.2
1156 193 0.01
1156 17 0.01
1156 2138 0.05
1156 630 0.01
1156 428 0.01
1156 447 0.01
1156 426 0.2
1156 1335 0.2
1156 416 0.01
1156 2345 0.05
1156 197 0.05
1156 2902 0.2
1156 1796 0.05
1156 2089 0.05
1156 638 0.05
1156 1528 0.01
1156 1097 0.2
1156 422 0.2
1156 4473 0.05
1156 6 0.05
1156 1164 0.2
1156 94 0.2
1156 899 0.01
1156 1688 0.05
1156 467 0.05
1156 16 0.2
1156 461 0.01
1156 2075 0.2
1156 27 0.05
1156 3451 0.2
1156 2777 0.01
1156 2419 0.2
1156 2238 0.01
1156 3309 0.2
1156 4353 0.01
1156 88 0.2
1156 473 0.01
1156 647 0.05
1156 1602 0.01
1156 2779 0.01
1156 1521 0.05
1156 4210 0.05
1156 641 0.01
1156 437 0.2
1156 430 0.2
1156 222 0.2
1156 465 0.01
1156 448 0.05
1156 660 0.05
1156 1255 0.05
1156 632 0.05
1156 635 0.2
1156 1422 0.01
1156 3706 0.2
1156 207 0.01
1156 442 0.2
1156 745 0.01
1156 85 0.01
1156 237 0.05
1156 419 0.05
1156 417 0.2
1156 1134 0.2
1156 636 0.05
1156 238 0.05
1156 639 0.2
1156 418 0.05
1156 2778 0.05
1156 790 0.05
4474 422 0.05
4475 4474 0.05
3907 642 0.01
3907 441 0.2
3907 419 0.05
3907 430 0.2
3907 3906 0.2
3907 4434 0.01
3907 417 0.2
3907 635 0.01
3907 1161 0.2
3907 94 0.2
3907 1155 0.05
3907 473 0.05
3907 472 0.2
3907 745 0.01
3907 416 0.05
3907 523 0.01
3907 470 0.2
3907 435 0.01
634 209 0.01
634 2202 0.2
634 7 0.01
634 1719 0.2
634 1423 0.05
634 2227 0.05
634 1584 0.2
634 2698 0.2
634 1518 0.2
634 1735 0.2
634 3046 0.01
634 1517 0.01
634 2226 0.05
634 2902 0.01
634 1737 0.01
634 793 0.05
634 1583 0.01
634 222 0.05
634 1249 0.2
634 4476 0.05
634 4250 0.2
634 1590 0.01
634 745 0.05
634 1443 0.2
634 2426 0.2
634 2078 0.01
634 18 0.01
634 4296 0.2
634 463 0.05
634 1520 0.01
634 747 0.2
634 1688 0.2
634 146 0.01
634 448 0.01
634 628 0.01
634 655 0.01
634 199 0.2
634 363 0.05
634 640 0.05
634 2168 0.01
634 196 0.05
634 452 0.2
634 447 0.05
634 1135 0.05
634 465 0.05
634 789 0.05
634 1230 0.05
634 2246 0.2
634 442 0.01
634 430 0.2
634 371 0.2
634 192 0.01
634 630 0.01
634 1178 0.2
634 1140 0.2
634 466 0.01
634 416 0.2
634 425 0.2
634 702 0.05
634 462 0.2
634 1164 0.01
634 631 0.05
634 453 0.05
634 635 0.05
634 1105 0.01
634 420 0.05
634 436 0.01
634 85 0.2
634 805 0.01
634 1740 0.2
634 454 0.01
634 239 0.05
634 837 0.01
634 642 0.05
634 2140 0.01
634 1134 0.2
634 424 0.01
634 1150 0.05
634 1251 0.05
634 419 0.01
634 417 0.05
634 1156 0.2
634 3912 0.05
634 451 0.2
634 197 0.05
634 437 0.2
634 639 0.2
634 473 0.01
634 2138 0.2
634 94 0.01
634 526 0.01
4224 459 0.01
4224 2075 0.2
4477 1689 0.05
4477 237 0.05
4477 1443 0.2
4477 472 0.01
4477 3489 0.01
1150 2205 0.05
1150 2165 0.01
1150 425 0.01
1150 17 0.05
1150 2235 0.01
1150 1582 0.01
1150 448 0.2
1150 1585 0.2
1150 1540 0.2
1150 4033 0.2
1150 1148 0.05
1150 463 0.05
1150 1145 0.05
1150 2227 0.01
1150 2698 0.2
1150 458 0.01
1150 1422 0.2
1150 1176 0.05
1150 1584 0.2
1150 748 0.01
1150 4478 0.01
1150 790 0.2
1150 1586 0.01
1150 1583 0.05
1150 659 0.01
1150 466 0.2
1150 2220 0.01
1150 4038 0.01
1150 1685 0.2
1150 2167 0.01
1150 1918 0.2
1150 637 0.05
1150 424 0.01
1150 2246 0.01
1150 789 0.05
1150 1141 0.2
1150 7 0.01
1150 2169 0.01
1150 2242 0.05
1150 1250 0.2
1150 517 0.05
1150 1681 0.01
1150 238 0.05
1150 641 0.2
1150 643 0.01
1150 439 0.01
1150 196 0.05
1150 428 0.01
1150 441 0.2
1150 422 0.01
1150 473 0.2
1150 431 0.2
1150 1722 0.2
1150 1164 0.2
1150 1684 0.2
1150 146 0.01
1150 1587 0.05
1150 414 0.05
1150 104 0.05
1150 1520 0.01
1150 631 0.05
1150 629 0.2
1150 413 0.2
1150 1517 0.05
1150 1688 0.05
1150 412 0.01
1150 1413 0.05
1150 1161 0.01
1150 365 0.01
1150 426 0.05
1150 202 0.01
1150 1526 0.2
1150 9 0.2
1150 430 0.01
1150 640 0.01
1150 1594 0.2
1150 199 0.05
1150 451 0.01
1150 2079 0.05
1150 432 0.2
1150 1178 0.01
1150 1521 0.05
1150 837 0.2
1150 437 0.2
1150 630 0.05
1150 192 0.2
1150 94 0.01
1150 419 0.2
1150 417 0.2
1150 639 0.2
1150 465 0.05
1150 416 0.01
1150 1105 0.05
1150 2778 0.2
1150 635 0.2
1150 436 0.05
1150 642 0.01
1150 634 0.2
1150 140 0.2
1150 633 0.2
1489 1540 0.2
1489 2202 0.01
1489 1719 0.2
1489 1586 0.2
1489 1683 0.05
1489 278 0.01
1489 631 0.05
1489 1423 0.01
1489 238 0.2
1489 1150 0.01
1489 419 0.2
1489 473 0.01
1489 197 0.05
1489 1584 0.01
1489 2235 0.05
1489 1684 0.2
1489 431 0.2
1489 630 0.01
1489 94 0.05
420 4367 0.01
420 145 0.05
420 1747 0.2
420 2060 0.01
420 805 0.05
420 3912 0.05
420 1294 0.2
420 424 0.05
420 1521 0.2
420 433 0.05
420 515 0.2
420 264 0.01
420 140 0.05
420 465 0.01
420 1095 0.01
420 99 0.2
420 219 0.01
420 1154 0.01
420 199 0.05
420 641 0.2
420 473 0.2
420 642 0.2
420 417 0.2
420 239 0.2
420 435 0.01
420 1587 0.05
420 17 0.05
420 2913 0.05
420 227 0.2
420 416 0.01
420 4281 0.2
420 16 0.05
420 631 0.05
420 523 0.2
420 947 0.2
420 104 0.2
420 452 0.2
420 447 0.05
420 453 0.2
420 514 0.01
420 196 0.2
420 211 0.01
420 228 0.01
420 461 0.05
420 94 0.2
420 423 0.05
420 466 0.01
420 1164 0.2
420 238 0.05
420 4434 0.2
420 2776 0.2
420 1150 0.2
4464 4463 0.01
4479 104 0.05
4479 745 0.05
4479 523 0.2
1251 1250 0.01
1251 422 0.2
1251 417 0.01
1251 1587 0.01
1251 1596 0.2
1251 197 0.01
1251 633 0.2
1251 419 0.01
1251 463 0.05
1251 447 0.01
1251 639 0.2
1251 1519 0.05
631 94 0.05
631 1523 0.2
631 1719 0.01
631 4113 0.01
631 1413 0.01
631 1676 0.05
631 193 0.05
631 656 0.01
631 2227 0.01
631 2159 0.01
631 466 0.01
631 1249 0.05
631 1489 0.05
631 1176 0.01
631 2530 0.05
631 1735 0.05
631 746 0.05
631 443 0.01
631 2235 0.2
631 2165 0.2
631 1582 0.05
631 3211 0.05
631 1665 0.2
631 4459 0.05
631 1585 0.2
631 2380 0.05
631 2426 0.01
631 410 0.01
631 425 0.2
631 1740 0.2
631 1423 0.01
631 1583 0.05
631 1588 0.01
631 428 0.01
631 1593 0.01
631 645 0.05
631 567 0.05
631 2061 0.01
631 2238 0.2
631 1135 0.05
631 412 0.01
631 629 0.2
631 1251 0.01
631 1143 0.05
631 637 0.2
631 1684 0.01
631 640 0.01
631 7 0.2
631 660 0.2
631 238 0.01
631 659 0.01
631 647 0.05
631 1517 0.05
631 2243 0.01
631 1722 0.01
631 1250 0.01
631 1587 0.2
631 431 0.01
631 417 0.2
631 1161 0.05
631 146 0.2
631 1150 0.2
631 473 0.2
631 635 0.01
631 196 0.05
631 4480 0.05
631 108 0.2
631 516 0.2
631 2163 0.05
631 422 0.01
631 423 0.2
631 432 0.01
631 2075 0.2
631 430 0.01
631 445 0.01
631 447 0.05
631 420 0.2
631 4320 0.01
631 416 0.05
631 639 0.2
631 88 0.01
631 1164 0.2
631 418 0.2
631 526 0.01
631 145 0.2
631 197 0.05
631 437 0.2
631 641 0.2
631 419 0.01
631 1155 0.05
631 642 0.01
631 441 0.05
631 630 0.05
631 9 0.01
631 1156 0.05
631 1521 0.01
631 1148 0.2
631 2902 0.05
631 104 0.2
631 745 0.01
2168 3521 0.05
2168 1248 0.05
2168 2082 0.01
2168 635 0.05
2168 2077 0.05
2168 1682 0.05
2168 445 0.2
2168 745 0.01
2168 2159 0.2
2168 1155 0.2
2168 430 0.2
2168 1249 0.01
2168 428 0.01
2168 2206 0.2
2168 3285 0.01
2168 1683 0.05
2168 3975 0.01
2168 3853 0.01
2168 418 0.05
2168 2075 0.05
2168 436 0.2
2168 2231 0.01
2168 630 0.2
2168 208 0.01
2168 3605 0.01
2168 1517 0.05
2168 1254 0.05
2168 237 0.01
2168 3587 0.05
2168 2229 0.2
2168 1590 0.01
2168 642 0.01
2168 1594 0.2
2168 1918 0.2
2168 9 0.01
2168 217 0.2
2168 1138 0.2
2168 747 0.2
2168 1037 0.01
2168 495 0.05
2168 1139 0.01
2168 371 0.05
2168 488 0.01
2168 660 0.2
2168 1520 0.01
2168 238 0.05
2168 975 0.05
2168 1586 0.01
2168 748 0.01
2168 431 0.05
2168 204 0.05
2168 416 0.2
2168 432 0.2
2168 1718 0.05
2168 837 0.01
2168 562 0.2
2168 1583 0.2
2168 2076 0.05
2168 462 0.2
2168 419 0.01
2168 483 0.2
2168 1335 0.05
2168 1164 0.01
2168 3211 0.05
2168 452 0.05
2168 146 0.01
2168 2079 0.01
2168 473 0.2
2168 2167 0.05
2168 1176 0.01
2168 1178 0.2
2168 793 0.01
2168 2235 0.2
2168 197 0.05
2168 1722 0.01
2168 202 0.05
2168 455 0.05
2168 196 0.2
2168 3452 0.2
2168 1143 0.01
2168 4282 0.05
2168 424 0.2
1140 629 0.01
1140 1249 0.2
1140 488 0.01
1140 433 0.01
1140 4481 0.2
1140 4215 0.05
1140 443 0.01
1140 449 0.05
1140 1526 0.01
1140 2427 0.2
1140 3928 0.2
1140 1587 0.05
1140 1154 0.05
1140 1151 0.05
1140 1443 0.01
1140 363 0.05
1140 748 0.05
1140 3248 0.01
1140 3131 0.01
1140 371 0.2
1140 1722 0.01
1140 1724 0.2
1140 2280 0.01
1140 3554 0.01
1140 437 0.2
1140 417 0.01
1140 455 0.01
1140 413 0.01
1140 1747 0.05
1140 4482 0.05
1140 409 0.2
1140 2061 0.2
1140 208 0.2
1140 432 0.01
1140 3977 0.01
1140 3511 0.2
1140 643 0.05
1140 1251 0.2
1140 702 0.2
1140 203 0.01
1140 1739 0.01
1140 647 0.2
1140 453 0.01
1140 632 0.2
1140 447 0.2
1140 1447 0.05
1140 630 0.01
1140 415 0.05
1140 2207 0.01
1140 201 0.01
1140 223 0.2
1140 648 0.05
1140 1164 0.2
1140 526 0.01
1140 2165 0.05
1140 1161 0.01
1140 431 0.2
1140 423 0.05
1140 1523 0.05
1140 1134 0.05
1140 636 0.01
1140 837 0.2
1140 222 0.2
1140 4434 0.05
1140 642 0.05
1140 425 0.05
1140 635 0.01
1140 104 0.01
1140 436 0.01
1140 639 0.05
1140 3906 0.01
1140 1105 0.2
1140 6 0.05
1140 1147 0.05
1140 228 0.2
1140 4377 0.01
1140 517 0.01
1140 975 0.01
1140 416 0.01
1140 1150 0.05
1140 2138 0.05
1140 523 0.05
1140 424 0.2
1140 145 0.01
1140 452 0.05
1140 239 0.2
1140 1701 0.2
1140 1687 0.2
1140 745 0.2
1140 4483 0.01
1140 631 0.01
1140 3530 0.05
1140 4149 0.05
1140 430 0.01
1140 1178 0.05
4484 4485 0.05
4484 1155 0.01
4484 745 0.01
4484 437 0.05
4484 1178 0.2
4484 523 0.01
4484 441 0.01
4486 630 0.2
3977 3000 0.2
3977 414 0.01
3977 2125 0.05
3977 2227 0.01
3977 2167 0.2
3977 3488 0.01
3977 468 0.01
3977 3226 0.2
3977 2165 0.05
3977 196 0.01
3977 217 0.05
3977 140 0.2
3977 428 0.05
3977 3760 0.05
3977 3033 0.05
3977 459 0.2
3977 2166 0.01
3977 1140 0.01
3977 2426 0.01
3977 4260 0.2
3977 239 0.05
3977 3507 0.2
3977 631 0.01
3977 473 0.2
3977 3912 0.2
4390 1161 0.01
4487 1413 0.01
424 1683 0.01
424 2696 0.2
424 1719 0.01
424 278 0.01
424 2913 0.05
424 1176 0.01
424 1722 0.2
424 1681 0.05
424 2232 0.05
424 975 0.05
424 2244 0.01
424 1270 0.2
424 1523 0.05
424 217 0.01
424 1164 0.01
424 1584 0.2
424 2167 0.05
424 4037 0.01
424 3689 0.2
424 1585 0.2
424 640 0.05
424 793 0.05
424 748 0.2
424 2235 0.05
424 2380 0.01
424 3211 0.01
424 630 0.2
424 2301 0.01
424 451 0.2
424 2078 0.2
424 2241 0.05
424 792 0.01
424 24 0.2
424 2168 0.2
424 1413 0.01
424 642 0.01
424 1105 0.05
424 547 0.2
424 1520 0.2
424 523 0.05
424 412 0.05
424 3906 0.2
424 2427 0.05
424 655 0.2
424 202 0.01
424 17 0.2
424 1150 0.2
424 365 0.01
424 635 0.2
424 641 0.01
424 458 0.01
424 1519 0.2
424 1587 0.05
424 208 0.2
424 422 0.05
424 426 0.2
424 414 0.2
424 2075 0.2
424 419 0.2
424 427 0.01
424 437 0.2
424 203 0.01
424 223 0.2
424 428 0.05
424 1178 0.2
424 238 0.2
424 194 0.01
424 417 0.05
424 85 0.01
424 88 0.05
424 516 0.2
424 3827 0.05
424 108 0.2
424 3289 0.01
424 201 0.01
424 425 0.05
424 465 0.2
424 219 0.05
424 805 0.01
424 1521 0.05
424 2138 0.05
424 3841 0.01
424 517 0.01
424 455 0.01
424 634 0.05
424 193 0.01
424 1718 0.05
424 211 0.01
424 441 0.2
424 1143 0.01
424 146 0.2
424 447 0.05
424 197 0.2
424 514 0.01
424 196 0.05
424 199 0.01
424 453 0.01
424 433 0.2
424 473 0.2
424 94 0.01
1684 1680 0.05
1684 2076 0.2
1684 416 0.01
1684 1719 0.2
1684 2077 0.2
1684 1136 0.2
1684 1585 0.05
1684 1164 0.05
1684 146 0.2
1684 1249 0.05
1684 2227 0.2
1684 2493 0.05
1684 2481 0.01
1684 1138 0.05
1684 1588 0.2
1684 746 0.05
1684 748 0.2
1684 278 0.2
1684 1489 0.05
1684 4478 0.01
1684 140 0.2
1684 1919 0.01
1684 3285 0.01
1684 1582 0.2
1684 1736 0.05
1684 645 0.01
1684 1423 0.01
1684 1135 0.2
1684 1737 0.2
1684 451 0.01
1684 1443 0.2
1684 1586 0.2
1684 631 0.05
1684 4068 0.2
1684 2301 0.01
1684 1141 0.2
1684 1519 0.05
1684 3697 0.05
1684 2241 0.2
1684 222 0.01
1684 1413 0.2
1684 2242 0.01
1684 1250 0.01
1684 228 0.05
1684 1150 0.2
1684 448 0.05
1684 1335 0.01
1684 413 0.01
1684 417 0.05
1684 409 0.05
1684 465 0.01
1684 431 0.2
1684 419 0.01
1684 1739 0.2
1684 3513 0.01
3906 4034 0.01
3906 412 0.05
3906 1688 0.05
3906 1146 0.05
3906 238 0.05
3906 2125 0.01
3906 640 0.01
3906 423 0.05
3906 3773 0.01
3906 1739 0.01
3906 4488 0.05
3906 424 0.05
3906 417 0.2
3906 414 0.05
3906 421 0.05
3906 448 0.05
3906 4434 0.05
3906 3907 0.01
3906 1140 0.2
3906 419 0.05
3906 416 0.01
4260 2240 0.2
4260 2168 0.01
4260 2302 0.05
4260 416 0.2
4260 3977 0.2
4260 217 0.01
4260 1164 0.2
4260 197 0.2
4260 2073 0.05
4260 196 0.2
4260 1230 0.2
4260 473 0.05
4260 465 0.05
4260 2160 0.01
4260 438 0.05
4260 642 0.2
4260 1178 0.2
4260 3514 0.05
4260 523 0.05
4260 4434 0.2
4260 1147 0.01
4260 67 0.01
4260 449 0.2
2160 1678 0.01
2160 4489 0.2
2160 1587 0.05
2160 411 0.2
2160 422 0.05
2160 1146 0.05
2160 645 0.05
2160 1590 0.2
2160 1144 0.2
1919 1676 0.2
1919 1683 0.2
1919 2701 0.2
1919 1105 0.01
1919 1586 0.2
1919 217 0.2
1919 748 0.01
1919 431 0.01
1919 197 0.05
1919 1335 0.2
1919 473 0.2
1919 4490 0.2
1919 1684 0.05
1919 142 0.05
1919 642 0.01
1919 1583 0.01
1919 2700 0.01
1919 639 0.05
1919 2427 0.2
1919 1736 0.01
1919 638 0.05
1919 1584 0.2
1919 2079 0.2
1919 449 0.01
1919 805 0.05
1919 437 0.05
1919 463 0.01
1919 641 0.05
1919 2902 0.01
1919 1150 0.2
1919 417 0.01
1919 1521 0.2
1919 3761 0.05
1919 2914 0.05
1919 635 0.05
1919 526 0.05
1919 452 0.2
4036 745 0.2
4036 1335 0.2
4036 1422 0.01
4036 2235 0.2
4036 425 0.2
4491 94 0.2
3928 197 0.2
3928 4038 0.01
3928 1105 0.01
3928 438 0.01
3928 639 0.05
3928 1140 0.05
3928 2243 0.2
3500 447 0.01
3500 1520 0.01
3500 790 0.01
3500 1526 0.05
3500 3513 0.01
3500 1521 0.2
3500 1587 0.01
3500 1519 0.2
1739 431 0.05
1739 3906 0.05
1739 879 0.2
1739 805 0.01
1739 419 0.05
1739 194 0.2
1739 1135 0.01
1739 2243 0.01
1739 639 0.01
1739 473 0.2
1739 425 0.05
1739 1684 0.2
1739 1587 0.2
1739 1161 0.05
1739 1748 0.01
1739 447 0.01
1739 2138 0.01
1739 1178 0.01
1739 2427 0.05
1739 4367 0.05
1739 1140 0.05
1739 2567 0.2
1739 523 0.05
1739 94 0.2
1739 441 0.01
1739 417 0.2
1739 745 0.2
4150 4283 0.2
4150 639 0.2
4150 642 0.2
4150 4363 0.2
4150 4364 0.05
4150 1521 0.05
4150 3586 0.2
4150 1144 0.05
4150 2243 0.05
4150 2251 0.01
4150 4368 0.01
4150 4149 0.2
4492 85 0.01
4038 1138 0.01
4038 790 0.2
4038 3211 0.01
4038 2235 0.2
4038 526 0.01
4038 447 0.2
4038 2162 0.05
4038 1583 0.2
4038 518 0.01
4038 2073 0.05
4038 792 0.01
4038 104 0.01
4038 4422 0.05
4038 1150 0.2
4038 1443 0.05
4038 1135 0.2
4038 1603 0.2
4038 17 0.01
4038 1413 0.2
4038 1689 0.05
4038 1251 0.05
4038 702 0.01
4038 437 0.05
4038 94 0.2
4038 473 0.05
4038 3928 0.05
4038 421 0.05
4038 453 0.05
4038 146 0.05
4038 747 0.05
4038 2243 0.01
4038 3131 0.01
4038 642 0.01
4038 196 0.05
4038 422 0.2
4038 419 0.2
4038 452 0.01
4038 633 0.2
1135 975 0.05
1135 1523 0.01
1135 1255 0.05
1135 2231 0.2
1135 2076 0.05
1135 1520 0.05
1135 1521 0.2
1135 1138 0.05
1135 1584 0.01
1135 1736 0.2
1135 1684 0.05
1135 660 0.05
1135 1593 0.01
1135 1423 0.01
1135 2380 0.2
1135 630 0.01
1135 1674 0.01
1135 631 0.2
1135 2701 0.2
1135 3000 0.2
1135 2305 0.05
1135 2166 0.05
1135 2779 0.2
1135 1161 0.2
1135 2241 0.01
1135 628 0.05
1135 462 0.2
1135 2165 0.01
1135 3545 0.2
1135 1142 0.2
1135 3504 0.01
1135 2139 0.01
1135 4068 0.05
1135 3605 0.2
1135 419 0.2
1135 3697 0.05
1135 1230 0.01
1135 436 0.01
1135 435 0.2
1135 2169 0.05
1135 1703 0.05
1135 2079 0.05
1135 2235 0.01
1135 1700 0.01
1135 416 0.2
1135 2246 0.2
1135 2242 0.2
1135 2251 0.01
1135 3506 0.2
1135 2530 0.01
1135 448 0.01
1135 1526 0.2
1135 409 0.01
1135 413 0.01
1135 1702 0.01
1135 1178 0.01
1135 1413 0.2
4068 424 0.2
4068 2530 0.01
4068 451 0.05
4068 1685 0.01
4068 645 0.01
4068 2169 0.01
4068 1684 0.2
4068 2246 0.05
4068 1135 0.2
4068 414 0.01
4068 196 0.01
1685 363 0.2
1685 3285 0.2
1685 88 0.2
1685 4493 0.05
1685 4494 0.01
1685 2205 0.01
1685 1168 0.01
1685 793 0.05
1685 635 0.01
1685 2499 0.01
1685 1248 0.01
1685 4325 0.01
1685 238 0.05
1685 3186 0.01
1685 975 0.01
1685 424 0.2
1685 1230 0.2
1685 4037 0.01
1685 3211 0.2
1685 1150 0.05
1685 1585 0.2
1685 1164 0.05
1685 1178 0.2
1685 2425 0.01
1685 371 0.05
1685 1105 0.01
1685 414 0.01
1685 1586 0.2
1685 197 0.01
1685 745 0.05
1685 1423 0.01
1685 4068 0.01
1685 1141 0.2
1685 146 0.2
1685 473 0.2
1685 1722 0.01
1685 412 0.2
1685 466 0.05
1685 642 0.05
409 422 0.2
409 447 0.01
409 1594 0.01
409 1150 0.05
409 439 0.05
409 219 0.01
409 629 0.01
409 455 0.01
409 3248 0.05
409 1746 0.2
409 196 0.01
409 410 0.01
409 2243 0.05
409 415 0.05
409 3839 0.01
409 645 0.01
409 1230 0.01
409 438 0.2
409 1520 0.01
409 218 0.01
409 2251 0.01
409 365 0.01
409 88 0.2
409 1654 0.01
409 2259 0.05
409 435 0.2
409 143 0.05
409 226 0.2
409 197 0.2
409 1178 0.01
409 6 0.05
409 472 0.05
409 1587 0.01
409 201 0.05
409 1748 0.05
409 523 0.2
409 85 0.01
409 413 0.2
409 145 0.05
409 1335 0.2
409 11 0.05
409 208 0.05
409 428 0.2
409 790 0.2
409 639 0.01
409 238 0.2
409 416 0.01
409 419 0.01
409 1740 0.01
409 1140 0.05
409 1684 0.2
409 630 0.01
409 1164 0.2
409 468 0.05
409 1135 0.2
409 423 0.01
409 805 0.05
409 1154 0.2
409 94 0.01
409 104 0.05
409 745 0.01
409 1722 0.01
4035 2089 0.05
4035 196 0.05
1443 630 0.01
1443 1135 0.2
1443 2232 0.01
1443 196 0.05
1443 1141 0.05
1443 1684 0.05
1443 419 0.2
1443 9 0.2
1443 636 0.2
1443 1164 0.01
1443 2235 0.01
1443 414 0.05
1443 226 0.01
1443 2076 0.2
1443 1583 0.05
1443 453 0.05
1443 640 0.05
1443 363 0.05
1443 1740 0.01
1443 1687 0.05
1443 3211 0.05
1443 2300 0.2
1443 4250 0.2
1443 2238 0.2
1443 793 0.2
1443 2380 0.05
1443 426 0.05
1443 3055 0.05
1443 1587 0.05
1443 1686 0.01
1443 634 0.01
1443 200 0.05
1443 3188 0.01
1443 1722 0.01
1443 2226 0.05
1443 473 0.01
1443 462 0.05
1443 1681 0.01
1443 2913 0.2
1443 201 0.01
1443 4477 0.2
1443 4038 0.2
1443 437 0.05
1443 648 0.05
1443 1150 0.01
1443 631 0.2
1443 2530 0.01
1443 2168 0.01
1443 4495 0.05
1443 2778 0.2
1443 1230 0.05
1443 413 0.2
1443 238 0.01
1443 1140 0.01
1443 3508 0.05
1443 1151 0.01
1443 1152 0.05
1443 642 0.2
413 3757 0.01
413 748 0.05
413 4417 0.05
413 3211 0.2
413 3186 0.05
413 643 0.2
413 94 0.2
413 448 0.05
413 1746 0.05
413 410 0.05
413 431 0.2
413 1230 0.2
413 1443 0.2
413 630 0.01
413 1593 0.2
413 1143 0.2
413 104 0.01
413 1135 0.2
413 1422 0.01
413 1178 0.01
413 638 0.01
413 639 0.2
413 449 0.2
413 647 0.01
413 1594 0.2
413 3511 0.05
413 3355 0.2
413 3131 0.05
413 1271 0.05
413 146 0.05
413 450 0.2
413 437 0.01
413 1520 0.2
413 633 0.05
413 1155 0.01
413 414 0.05
413 1335 0.2
413 2125 0.05
413 1688 0.01
413 1164 0.01
413 1413 0.05
413 790 0.2
413 1140 0.2
413 17 0.01
413 1150 0.01
413 1151 0.05
413 1177 0.2
413 9 0.2
413 1684 0.01
413 789 0.2
413 363 0.2
413 4256 0.05
413 426 0.01
413 430 0.2
413 420 0.2
413 88 0.01
413 629 0.01
413 1595 0.05
413 642 0.2
413 452 0.01
413 409 0.05
413 208 0.05
413 1587 0.01
413 458 0.05
413 203 0.05
413 197 0.01
413 451 0.2
413 432 0.2
413 419 0.05
413 428 0.05
413 473 0.05
413 640 0.01
413 412 0.05
413 453 0.01
413 1739 0.2
413 2226 0.05
413 196 0.01
413 641 0.01
1721 455 0.05
748 4496 0.01
748 2077 0.01
748 2088 0.01
748 1136 0.01
748 1722 0.05
748 2159 0.01
748 1164 0.01
748 1138 0.2
748 660 0.2
748 437 0.05
748 2206 0.05
748 515 0.2
748 431 0.05
748 745 0.2
748 790 0.01
748 413 0.05
748 642 0.2
748 16 0.01
748 1684 0.01
748 1178 0.05
748 1520 0.05
748 2530 0.01
748 1584 0.2
748 1248 0.01
748 641 0.01
748 2229 0.2
748 630 0.2
748 201 0.05
748 3285 0.01
748 417 0.2
748 445 0.05
748 1517 0.2
748 196 0.01
748 3605 0.2
748 278 0.2
748 1139 0.2
748 2901 0.2
748 4237 0.2
748 1150 0.2
748 473 0.2
748 436 0.01
748 371 0.05
748 143 0.05
748 1526 0.2
748 439 0.2
748 629 0.01
748 643 0.2
748 640 0.2
748 2075 0.01
748 197 0.05
748 462 0.01
748 506 0.05
748 793 0.01
748 453 0.05
748 635 0.05
748 424 0.01
748 2241 0.2
748 1521 0.05
748 1583 0.05
748 202 0.01
748 1251 0.01
748 451 0.01
748 468 0.05
748 2079 0.2
748 1424 0.01
748 104 0.2
748 419 0.05
748 416 0.01
748 1586 0.2
748 458 0.05
748 447 0.01
748 2168 0.05
748 363 0.05
748 2234 0.2
748 2242 0.05
748 1423 0.05
748 1105 0.01
748 426 0.01
748 2184 0.2
2664 197 0.05
2664 879 0.01
2664 4149 0.01
4497 2077 0.01
4497 1422 0.01
4497 437 0.05
4497 449 0.05
1250 4113 0.01
1250 193 0.05
1250 2205 0.05
1250 1138 0.05
1250 1248 0.2
1250 1676 0.01
1250 4378 0.05
1250 635 0.2
1250 793 0.2
1250 2235 0.05
1250 418 0.2
1250 4440 0.2
1250 1523 0.01
1250 4468 0.05
1250 143 0.2
1250 747 0.01
1250 3285 0.01
1250 1735 0.01
1250 4386 0.01
1250 414 0.01
1250 447 0.05
1250 2167 0.05
1250 452 0.05
1250 2243 0.01
1250 1520 0.01
1250 146 0.01
1250 1593 0.01
1250 2242 0.2
1250 419 0.01
1250 433 0.01
1250 2251 0.05
1250 639 0.05
1250 745 0.05
1250 3248 0.2
1250 443 0.2
1250 1140 0.2
1250 453 0.2
1250 702 0.05
1250 1251 0.2
1250 1150 0.01
1250 1684 0.01
1250 1718 0.2
1250 430 0.2
1250 642 0.01
1250 1230 0.2
1250 466 0.05
1250 1161 0.2
1250 365 0.01
1250 631 0.01
1250 638 0.2
1250 409 0.05
1250 637 0.2
1250 104 0.01
1250 1587 0.05
1250 1526 0.2
1250 202 0.2
1250 2138 0.05
1230 108 0.2
1230 447 0.2
1230 2425 0.01
1230 465 0.2
1230 228 0.05
1230 2300 0.01
1230 453 0.05
1230 1178 0.2
1230 1413 0.05
1230 2299 0.05
1230 2169 0.05
1230 419 0.05
1230 2160 0.2
1230 2138 0.01
1230 451 0.01
1230 1519 0.01
1230 634 0.2
1230 567 0.2
1230 2226 0.01
1230 1250 0.01
1230 410 0.01
1230 1443 0.05
1230 88 0.01
1230 1593 0.05
1230 414 0.2
1230 226 0.05
4481 4459 0.01
4481 1924 0.2
4481 13 0.05
4481 27 0.05
4481 3285 0.01
4481 2530 0.01
4481 2079 0.01
4481 1703 0.01
4481 1140 0.2
4481 2243 0.01
2242 228 0.05
2242 1424 0.01
2242 432 0.01
2242 630 0.01
2242 437 0.2
2242 643 0.2
2242 2138 0.2
2242 473 0.2
2242 3055 0.05
2242 1154 0.01
2242 191 0.2
2242 447 0.05
2242 417 0.05
2242 1135 0.05
2242 2246 0.01
2242 634 0.01
2242 635 0.01
2242 1230 0.05
2242 418 0.2
2242 1684 0.2
2242 1661 0.01
2242 440 0.05
2242 562 0.01
2242 1143 0.05
2242 197 0.2
2242 837 0.2
2242 2168 0.2
2242 108 0.2
2242 2226 0.01
2242 1526 0.2
2242 431 0.01
2242 1105 0.2
2242 642 0.01
2242 2169 0.01
2242 2075 0.01
2242 200 0.2
2242 458 0.05
2242 422 0.01
2242 1740 0.01
2242 1722 0.01
2242 416 0.2
2242 222 0.01
2242 1593 0.2
2242 1250 0.01
2242 2299 0.05
2242 1164 0.01
2242 208 0.2
2242 1178 0.01
2242 196 0.05
2242 1150 0.01
2242 202 0.2
2242 454 0.2
2242 441 0.2
2242 1146 0.2
2242 217 0.2
2242 629 0.01
2242 146 0.05
2242 2244 0.01
2242 419 0.2
3506 409 0.01
3506 1703 0.2
3506 2079 0.01
3506 1178 0.01
3506 413 0.05
3506 1135 0.2
3506 1702 0.05
3506 1413 0.05
2426 417 0.05
2426 430 0.2
2426 2246 0.05
2246 1526 0.2
2246 3211 0.2
2246 435 0.2
2246 2168 0.01
2246 1783 0.2
2246 1740 0.2
2246 2299 0.2
2246 2226 0.01
2246 439 0.2
2246 2167 0.2
2246 975 0.2
2246 7 0.01
2246 18 0.05
2246 455 0.2
2246 523 0.01
2246 471 0.2
2246 1746 0.01
2246 4038 0.01
2246 199 0.05
2246 1150 0.01
2246 223 0.05
2246 643 0.2
2246 630 0.01
2246 143 0.01
2246 1161 0.05
2246 2162 0.01
2246 1520 0.2
2246 2702 0.05
2246 3226 0.2
2246 1422 0.2
2246 1149 0.05
2246 1250 0.01
2246 567 0.2
2246 792 0.05
2246 3055 0.01
2246 645 0.2
2246 414 0.05
2246 3606 0.01
2246 441 0.2
2246 2301 0.2
2246 2234 0.05
2246 4108 0.05
2246 1687 0.05
2246 1251 0.2
2246 639 0.2
2246 3488 0.01
2246 2089 0.2
2246 1718 0.2
2246 1523 0.01
2246 1593 0.2
2246 473 0.01
2246 4068 0.01
2246 17 0.05
2246 2242 0.2
2246 363 0.01
2246 2913 0.2
2246 4498 0.2
2246 642 0.05
2246 1105 0.01
2246 1164 0.01
2246 1178 0.01
2246 1135 0.01
2246 433 0.05
2246 222 0.05
2246 85 0.01
2246 197 0.2
2246 431 0.2
2246 411 0.01
2246 1702 0.2
2246 416 0.01
2246 629 0.05
2246 426 0.01
2246 2530 0.2
2246 2939 0.01
2246 447 0.05
1704 3513 0.05
1704 1526 0.2
1704 412 0.01
1704 1413 0.05
1704 1702 0.2
1704 1178 0.05
1704 2079 0.05
2169 1143 0.2
2169 419 0.05
2169 1248 0.2
2169 2205 0.05
2169 432 0.01
2169 1586 0.2
2169 1648 0.2
2169 222 0.01
2169 2166 0.2
2169 1176 0.01
2169 4068 0.01
2169 1161 0.2
2169 417 0.05
2169 1178 0.05
2169 3773 0.05
2169 363 0.05
2169 1148 0.2
2169 440 0.01
2169 436 0.2
2169 1135 0.2
2169 1230 0.01
2169 431 0.01
2169 197 0.01
2169 4149 0.01
2169 630 0.2
2169 2242 0.05
2169 196 0.05
2169 416 0.05
2169 2299 0.2
2169 523 0.05
2169 1834 0.01
2169 437 0.05
2169 629 0.2
2169 421 0.2
2169 238 0.01
2169 1718 0.05
2169 1150 0.05
2169 453 0.05
2169 413 0.01
2169 2246 0.05
2169 445 0.01
2169 642 0.01
2169 645 0.05
4476 792 0.05
4476 3606 0.01
4476 2243 0.05
4476 745 0.05
4476 634 0.05
4476 453 0.05
4499 745 0.05
4499 466 0.05
4499 16 0.05
4500 473 0.01
4500 3998 0.2
4500 635 0.2
4500 1748 0.2
4500 2082 0.05
4500 4501 0.2
4500 278 0.01
4500 4502 0.2
4500 1718 0.2
1686 452 0.05
1686 441 0.05
1686 1423 0.05
1686 3285 0.05
1686 412 0.2
1686 4457 0.01
1686 201 0.05
1686 1141 0.05
1686 3488 0.01
628 1141 0.05
628 455 0.2
628 2246 0.2
628 1523 0.01
628 1178 0.2
628 879 0.05
628 465 0.05
628 1254 0.01
628 18 0.05
628 2184 0.01
628 67 0.05
628 1138 0.01
628 453 0.2
628 2234 0.01
628 1748 0.05
628 2125 0.2
628 466 0.05
628 425 0.05
628 1161 0.01
628 1587 0.05
628 431 0.05
628 418 0.2
628 9 0.2
628 441 0.05
628 452 0.05
628 660 0.01
628 483 0.01
628 2221 0.2
628 1150 0.2
628 473 0.01
628 196 0.01
628 643 0.2
628 416 0.2
628 2168 0.01
628 140 0.01
628 634 0.01
628 1422 0.01
628 421 0.01
628 1135 0.2
628 108 0.2
628 631 0.2
628 85 0.05
628 436 0.2
628 637 0.05
628 1251 0.2
628 94 0.01
628 447 0.01
628 432 0.2
628 526 0.05
628 641 0.05
628 640 0.01
628 639 0.01
628 642 0.05
628 424 0.2
628 516 0.2
628 363 0.05
628 1521 0.01
628 629 0.01
628 1413 0.05
628 448 0.2
628 193 0.01
628 204 0.2
628 419 0.05
628 3773 0.05
628 435 0.01
628 1164 0.05
628 655 0.2
628 1143 0.2
628 417 0.2
628 197 0.05
1142 2696 0.2
1142 3000 0.01
1142 2081 0.2
1142 417 0.01
1142 636 0.05
1142 2701 0.01
1142 1674 0.01
1142 3697 0.05
1142 3606 0.05
1142 2076 0.2
1142 1740 0.2
1142 4283 0.2
1142 1583 0.01
1142 3211 0.01
1142 1134 0.01
1142 1141 0.05
1142 437 0.05
1142 3605 0.01
1142 1178 0.05
1142 2235 0.05
1142 2304 0.01
1142 2138 0.2
1142 2168 0.01
1142 3488 0.2
1142 1151 0.01
1142 1700 0.01
1142 1702 0.2
1142 1135 0.01
1142 1413 0.01
1142 1230 0.01
1142 2299 0.01
1142 1161 0.01
1142 2246 0.01
1142 2244 0.01
3504 2079 0.2
3504 1740 0.05
3504 419 0.2
3504 747 0.2
3504 1413 0.01
3504 3697 0.2
3504 1135 0.01
3504 1178 0.2
4454 1178 0.2
4454 1583 0.2
4454 790 0.05
3697 413 0.05
3697 1703 0.01
3697 1704 0.05
3697 1684 0.05
3697 2162 0.01
3697 3000 0.05
3697 3545 0.01
3697 2305 0.2
3697 2056 0.01
3697 146 0.2
3697 3504 0.05
3697 2079 0.05
3697 2778 0.2
3697 421 0.05
3697 1702 0.05
3697 1135 0.01
3697 1413 0.2
3697 1178 0.01
3000 3697 0.01
3000 2076 0.05
3000 2696 0.2
3000 1142 0.05
3000 1178 0.01
3000 1135 0.2
3000 1722 0.01
3000 2305 0.05
3000 792 0.05
3000 1702 0.05
3000 2235 0.01
3000 1413 0.05
2139 4150 0.01
2139 2241 0.2
2139 1143 0.01
2139 4503 0.05
2139 1718 0.01
2139 642 0.01
2139 146 0.01
2139 1135 0.2
2139 437 0.05
2139 416 0.01
2139 17 0.05
2139 1164 0.05
2139 94 0.05
2139 2138 0.05
2139 414 0.05
2139 419 0.2
3605 2279 0.2
3605 437 0.01
3605 142 0.01
3605 196 0.05
3605 197 0.2
3605 1702 0.01
3605 416 0.2
3605 3588 0.2
3488 4150 0.2
3488 1748 0.2
3488 2301 0.05
3488 4149 0.05
3488 455 0.05
3488 656 0.2
3488 447 0.01
3488 2246 0.2
3488 1142 0.05
3488 2243 0.01
3488 2168 0.05
3545 2243 0.01
3545 414 0.05
3545 1413 0.01
3545 1135 0.05
3545 1142 0.2
2076 418 0.2
2076 630 0.05
2076 1586 0.2
2076 1684 0.05
2076 278 0.01
2076 437 0.05
2076 4033 0.2
2076 2235 0.05
2076 3565 0.2
2076 2162 0.01
2076 1135 0.01
2076 2079 0.05
2076 1583 0.01
2076 3000 0.2
2076 629 0.01
2076 1674 0.01
2076 1148 0.05
2076 1443 0.05
2076 1702 0.01
2076 2168 0.01
2076 1413 0.05
2076 1142 0.2
2076 1178 0.01
2076 2304 0.2
2305 2701 0.2
2305 2235 0.2
2305 1674 0.05
2305 1142 0.05
2305 3000 0.05
2305 2696 0.2
2305 3438 0.2
2305 196 0.01
2305 2779 0.01
2305 2079 0.05
2305 1702 0.01
2305 1413 0.2
2305 3697 0.05
2305 1135 0.01
4469 2166 0.01
4469 222 0.05
4469 2427 0.2
2241 2698 0.2
2241 1413 0.05
2241 1585 0.2
2241 441 0.2
2241 630 0.01
2241 2235 0.2
2241 1584 0.2
2241 629 0.2
2241 2221 0.01
2241 1586 0.01
2241 1156 0.05
2241 1686 0.01
2241 1230 0.05
2241 748 0.2
2241 1918 0.01
2241 417 0.2
2241 2244 0.2
2241 3211 0.05
2241 1164 0.05
2241 837 0.05
2241 419 0.01
2241 418 0.2
2241 416 0.01
2241 1252 0.2
2241 424 0.01
2241 639 0.2
2241 363 0.01
2241 437 0.01
2241 2078 0.2
2241 2139 0.05
2241 430 0.05
2241 436 0.05
2241 1748 0.01
2241 2246 0.05
2241 635 0.01
2241 790 0.2
2241 432 0.2
2241 2138 0.2
2241 640 0.2
2241 2226 0.01
2241 1687 0.05
2241 1135 0.2
2241 473 0.01
2241 447 0.01
2241 466 0.01
2241 1684 0.2
4504 1138 0.01
4504 412 0.01
4504 2226 0.01
4504 4068 0.2
1674 2166 0.2
1674 2078 0.01
1674 2075 0.05
1674 2082 0.2
1674 2696 0.2
1674 1142 0.01
1674 3000 0.2
1674 3506 0.01
1674 2162 0.2
1674 1178 0.01
1674 3545 0.05
1674 3504 0.01
1674 1702 0.05
1674 3697 0.2
1674 2079 0.2
1674 2076 0.05
1674 2165 0.05
1674 2235 0.01
1674 1413 0.2
2301 3211 0.05
2301 1583 0.01
2301 1686 0.05
2301 3508 0.05
2301 424 0.01
2301 748 0.2
2301 645 0.05
2301 1423 0.01
2301 1594 0.05
2301 1718 0.2
2301 1520 0.01
2301 1684 0.01
2301 2168 0.01
2301 419 0.2
2301 4418 0.05
2301 2246 0.01
2301 1141 0.01
2301 3488 0.05
2301 196 0.05
2301 642 0.2
2301 437 0.05
2301 447 0.01
3606 643 0.2
4505 1586 0.05
4505 222 0.2
4505 1687 0.01
4505 1583 0.2
4506 197 0.2
4506 437 0.05
4506 208 0.2
4507 1600 0.05
3438 2167 0.05
3438 1583 0.01
3438 437 0.01
3438 2138 0.01
3438 447 0.05
3438 1980 0.01
3438 2078 0.05
3438 196 0.05
3438 3760 0.2
3438 1686 0.01
3438 2305 0.05
3438 1722 0.05
2303 2246 0.05
2303 196 0.2
4508 1255 0.2
2696 2235 0.2
2696 2165 0.01
2696 424 0.2
2696 209 0.01
2696 416 0.2
2696 3281 0.05
2696 1674 0.05
2696 3000 0.01
2696 1142 0.05
2696 1413 0.2
2161 1676 0.2
2161 1516 0.2
2161 1164 0.05
2161 630 0.01
2161 2231 0.2
2161 439 0.2
2161 745 0.2
1737 635 0.01
1737 453 0.2
1737 4034 0.05
1737 1164 0.2
1737 1736 0.05
1737 879 0.05
1737 1586 0.05
1737 1135 0.05
1737 437 0.05
1737 1684 0.01
1737 447 0.2
1737 1585 0.05
1737 746 0.2
1737 2167 0.05
1737 639 0.01
1737 419 0.01
1737 1423 0.2
3583 1675 0.05
3583 2697 0.05
3583 424 0.2
3583 2165 0.05
3583 1516 0.05
3583 1582 0.2
3583 1248 0.01
3583 641 0.05
3583 2234 0.2
3583 643 0.01
3583 1179 0.2
3583 1164 0.01
3583 222 0.05
3583 454 0.01
3583 416 0.2
3583 747 0.05
3583 1678 0.2
3583 2125 0.01
3583 2077 0.05
3583 1138 0.01
3583 1422 0.01
3583 1523 0.05
3583 1719 0.01
3583 1680 0.05
3583 3642 0.05
3583 432 0.05
3583 4509 0.01
3583 1687 0.01
2279 1675 0.05
2279 1581 0.05
2279 1422 0.05
2279 3605 0.05
2279 452 0.2
2279 447 0.01
2279 1135 0.01
2279 1164 0.01
2279 1722 0.01
4510 416 0.01
4510 1583 0.05
4461 636 0.2
4461 447 0.05
4461 2078 0.2
4461 3333 0.01
4461 1583 0.05
4251 2244 0.01
4251 2300 0.2
4251 792 0.05
4251 4250 0.2
4462 4511 0.05
4462 1583 0.01
2425 417 0.01
2425 1141 0.01
2425 1582 0.2
2425 1593 0.05
2425 1517 0.01
2425 128 0.2
2425 2380 0.05
2425 432 0.2
2425 1685 0.05
2425 639 0.01
2425 659 0.01
2425 1230 0.2
2425 642 0.05
2425 94 0.01
2425 238 0.05
2425 437 0.2
2425 1150 0.2
2425 2076 0.01
2425 208 0.05
2425 473 0.05
2425 419 0.05
2425 660 0.01
2425 1583 0.05
2425 365 0.2
1249 443 0.2
1249 2082 0.2
1249 1719 0.05
1249 2077 0.01
1249 1136 0.01
1249 193 0.01
1249 2220 0.05
1249 2076 0.05
1249 4512 0.01
1249 2085 0.2
1249 702 0.01
1249 1613 0.01
1249 1176 0.2
1249 1105 0.2
1249 1138 0.05
1249 1422 0.2
1249 748 0.05
1249 2241 0.05
1249 2235 0.05
1249 1164 0.2
1249 1587 0.01
1249 430 0.05
1249 2184 0.2
1249 2125 0.05
1249 1250 0.01
1249 104 0.01
1249 2168 0.2
1249 1684 0.01
1249 4228 0.01
1249 2205 0.01
1249 1516 0.2
1249 635 0.01
1249 631 0.01
1249 4047 0.2
1249 3030 0.2
1249 3604 0.01
1249 1140 0.2
1249 1413 0.01
1249 1520 0.05
1249 2481 0.05
1249 1938 0.05
1249 1248 0.2
1249 3285 0.01
1249 1648 0.01
1249 1718 0.01
1249 1423 0.2
1249 365 0.05
1249 634 0.05
1918 4033 0.01
1918 2077 0.05
1918 1423 0.05
1918 805 0.01
1918 2206 0.2
1918 655 0.01
1918 1735 0.05
1918 2235 0.2
1918 1586 0.05
1918 2168 0.01
1918 416 0.01
1918 222 0.01
1918 3285 0.05
1918 659 0.05
1918 4478 0.05
1918 142 0.01
1918 4428 0.01
1918 633 0.05
1918 2221 0.01
1918 1584 0.2
1918 7 0.01
1918 1736 0.2
1918 1150 0.05
1918 643 0.01
1918 2241 0.01
1918 4513 0.2
1918 1582 0.05
1918 417 0.05
1918 1161 0.05
1918 745 0.05
3998 1688 0.01
3998 2220 0.01
3998 636 0.2
4514 4515 0.05
2901 1584 0.01
2901 146 0.2
2901 428 0.01
2901 630 0.2
2901 660 0.2
2901 437 0.2
2901 659 0.01
2901 1688 0.05
2901 432 0.01
2901 238 0.05
2901 201 0.05
2901 417 0.05
2901 3285 0.05
2901 748 0.2
2901 456 0.05
2901 1148 0.05
2901 193 0.2
2901 4457 0.05
2901 629 0.05
2901 4037 0.05
2901 2078 0.2
2901 516 0.05
2901 2237 0.2
2239 1164 0.2
2239 197 0.01
2239 1736 0.05
2239 3186 0.05
2239 4516 0.2
2239 2226 0.01
2239 1583 0.01
2239 1585 0.05
2239 452 0.05
2239 636 0.05
2239 667 0.2
4517 636 0.01
4517 745 0.01
4517 629 0.01
4517 2243 0.01
4517 1178 0.05
4517 452 0.2
4517 1151 0.01
4516 2239 0.2
1586 3281 0.01
1586 2227 0.01
1586 3853 0.2
1586 416 0.01
1586 2076 0.01
1586 2238 0.01
1586 143 0.2
1586 228 0.2
1586 473 0.2
1586 2228 0.2
1586 222 0.2
1586 4440 0.01
1586 199 0.2
1586 1413 0.01
1586 2220 0.05
1586 363 0.05
1586 2246 0.2
1586 208 0.05
1586 1148 0.05
1586 660 0.2
1586 1422 0.2
1586 104 0.05
1586 562 0.2
1586 1517 0.2
1586 7 0.05
1586 567 0.05
1586 2702 0.2
1586 1105 0.01
1586 2499 0.01
1586 1683 0.01
1586 1161 0.05
1586 17 0.05
1586 426 0.05
1586 516 0.01
1586 146 0.2
1586 2078 0.2
1586 1722 0.01
1586 1135 0.2
1586 439 0.2
1586 2229 0.2
1586 2279 0.2
1586 1919 0.2
1586 1521 0.2
1586 197 0.2
1586 1138 0.05
1586 1178 0.2
1586 2226 0.01
1586 837 0.01
1586 1735 0.05
1586 634 0.2
1586 445 0.2
1586 645 0.01
1586 411 0.2
1586 1583 0.05
1586 436 0.2
1586 1584 0.01
1586 4237 0.05
1586 639 0.05
1586 655 0.05
1586 414 0.01
1586 431 0.01
1586 94 0.01
1586 1585 0.2
1586 1918 0.05
1586 2169 0.01
1586 2075 0.2
1586 437 0.01
1586 1164 0.2
1586 432 0.01
1586 428 0.2
1586 640 0.05
1586 1582 0.05
1586 630 0.01
1586 2235 0.2
1586 1423 0.05
1586 635 0.2
1586 466 0.01
1586 417 0.05
1586 278 0.01
1586 238 0.01
1586 465 0.01
1586 2236 0.05
1586 1150 0.05
1586 629 0.01
1586 1684 0.01
1586 1685 0.2
1586 748 0.2
1586 451 0.05
1586 642 0.2
1586 419 0.2
1586 2168 0.2
3522 3455 0.05
4037 1737 0.2
4037 1683 0.2
4037 3696 0.01
4037 466 0.05
4037 2380 0.01
4037 412 0.01
4037 416 0.2
4037 2235 0.2
4037 3500 0.05
4037 659 0.2
4037 417 0.2
4037 1164 0.2
4037 1586 0.05
4037 4237 0.01
4037 1521 0.05
4037 1688 0.05
4037 483 0.01
4037 2300 0.01
4037 3538 0.2
4037 628 0.01
4037 1970 0.01
4037 146 0.05
4037 1582 0.05
4037 104 0.01
4037 473 0.01
4037 228 0.2
4037 424 0.05
4037 2499 0.2
4037 3211 0.01
4037 2901 0.05
4037 1685 0.05
4037 4357 0.2
4037 2427 0.01
4037 3186 0.01
4037 1583 0.01
4037 745 0.2
4037 2220 0.05
4518 635 0.01
4518 2078 0.2
4518 2499 0.01
2221 419 0.2
2221 3905 0.05
2221 1583 0.2
2221 437 0.01
2221 629 0.2
2221 238 0.2
2221 1584 0.05
2221 2530 0.01
2221 2235 0.01
2221 1918 0.2
2221 628 0.2
2221 640 0.05
3565 2567 0.2
3565 1164 0.05
3565 1230 0.2
3565 2076 0.05
3565 1686 0.01
3565 1423 0.05
3565 746 0.01
3565 3502 0.2
3565 2141 0.01
1582 1596 0.2
1582 2998 0.01
1582 1675 0.05
1582 94 0.01
1582 7 0.2
1582 3583 0.2
1582 1248 0.01
1582 4113 0.01
1582 1678 0.05
1582 419 0.01
1582 4031 0.01
1582 1680 0.2
1582 1719 0.01
1582 1150 0.05
1582 4034 0.2
1582 3046 0.05
1582 2226 0.01
1582 1586 0.01
1582 1584 0.2
1582 238 0.05
1582 3285 0.01
1582 4404 0.05
1582 631 0.2
1582 1684 0.05
1582 4037 0.01
1582 1230 0.2
1582 1583 0.01
1582 1164 0.01
1582 2425 0.05
1582 2220 0.01
1582 1918 0.01
1582 3502 0.2
4219 94 0.05
2220 1585 0.05
2220 3768 0.2
2220 1588 0.05
2220 790 0.01
2220 2235 0.01
2220 2075 0.05
2220 1748 0.2
2220 441 0.01
2220 1057 0.05
2220 4440 0.01
2220 1599 0.2
2220 422 0.2
2220 1582 0.05
2220 3998 0.2
4519 1748 0.2
3502 1970 0.05
3502 1178 0.05
3502 1582 0.01
3502 424 0.2
3502 2235 0.05
3502 3998 0.05
3502 3565 0.05
3502 1154 0.05
3502 451 0.01
3502 2499 0.05
4459 72 0.2
4459 631 0.01
4459 1748 0.05
4459 747 0.2
4459 473 0.05
4520 1784 0.01
4521 4219 0.01
3186 431 0.2
3186 1583 0.2
3186 228 0.2
3186 422 0.05
3186 2184 0.01
3186 643 0.05
3186 418 0.05
3186 640 0.05
3186 237 0.01
3186 636 0.2
3186 1520 0.01
3186 437 0.05
3186 419 0.05
4357 1422 0.05
4357 202 0.01
4357 142 0.05
4357 3564 0.05
4357 4037 0.05
1676 2227 0.05
1676 1919 0.05
1676 2205 0.01
1676 1250 0.05
1676 4047 0.01
4458 1583 0.01
4522 1178 0.01
4523 1178 0.05
4523 2077 0.05
4523 2204 0.05
4523 1682 0.01
4523 465 0.01
4523 1919 0.2
4523 1422 0.05
4523 793 0.05
4523 1423 0.01
4523 1687 0.05
4523 635 0.2
4523 2279 0.2
4523 426 0.01
4523 1585 0.05
4523 3642 0.05
4523 2220 0.2
4523 4499 0.01
4523 2499 0.2
4523 3538 0.2
4524 1164 0.05
4524 1135 0.2
4524 3583 0.01
4524 473 0.05
4524 3453 0.05
4524 202 0.01
4524 4525 0.05
4524 638 0.05
4524 2481 0.01
4524 1584 0.01
4524 451 0.2
4524 1178 0.05
4524 2246 0.05
4524 419 0.01
1736 1683 0.01
1736 1586 0.2
1736 432 0.05
1736 2075 0.01
1736 1918 0.05
1736 1919 0.05
1736 1161 0.01
1736 1150 0.2
1736 630 0.01
1736 879 0.01
1736 2239 0.2
1736 1519 0.2
1736 140 0.05
1736 1584 0.01
1736 3588 0.2
1736 1164 0.05
1736 1135 0.01
1736 1737 0.05
1736 1684 0.2
1584 208 0.01
1584 140 0.05
1584 1600 0.01
1584 466 0.2
1584 496 0.2
1584 430 0.01
1584 431 0.2
1584 417 0.05
1584 1176 0.2
1584 437 0.2
1584 7 0.2
1584 17 0.01
1584 637 0.05
1584 445 0.01
1584 436 0.2
1584 634 0.2
1584 439 0.01
1584 1517 0.2
1584 1137 0.2
1584 1585 0.05
1584 655 0.05
1584 748 0.01
1584 2530 0.01
1584 94 0.01
1584 1150 0.05
1584 448 0.2
1584 2901 0.2
1584 1254 0.01
1584 1735 0.2
1584 2664 0.01
1584 2229 0.01
1584 1737 0.2
1584 645 0.05
1584 1518 0.01
1584 1489 0.01
1584 1665 0.05
1584 1586 0.01
1584 2232 0.01
1584 629 0.05
1584 278 0.01
1584 6 0.05
1584 2055 0.2
1584 4478 0.01
1584 1422 0.05
1584 1161 0.01
1584 468 0.01
1584 2221 0.05
1584 194 0.2
1584 419 0.05
1584 642 0.05
1584 443 0.01
1584 630 0.05
1584 428 0.05
1584 2238 0.05
1584 1139 0.01
1584 1582 0.01
1584 1918 0.05
1584 238 0.2
1584 432 0.2
1584 4457 0.05
1584 425 0.01
1584 416 0.2
1584 1919 0.01
1584 640 0.01
1584 643 0.05
1584 639 0.01
1584 1135 0.01
1584 3211 0.2
1584 2235 0.2
1584 1423 0.01
1584 424 0.01
1584 193 0.2
1584 790 0.01
1584 1736 0.05
1672 455 0.05
1672 3280 0.2
1672 146 0.05
1672 104 0.01
1672 419 0.05
1672 432 0.2
1672 424 0.05
1672 4467 0.05
1672 1675 0.01
1672 4526 0.05
1672 1678 0.01
1672 2234 0.05
1672 642 0.05
1672 2204 0.2
1672 850 0.01
1672 1516 0.2
1672 635 0.05
3769 3768 0.2
3769 3046 0.2
3769 3285 0.01
3769 1164 0.2
3769 4457 0.2
3769 2236 0.2
3769 2168 0.01
3769 747 0.05
3769 1583 0.01
3769 142 0.01
2700 2205 0.2
2700 1135 0.01
2700 1142 0.2
2700 3285 0.05
2700 1422 0.01
2700 193 0.05
2700 431 0.01
2700 793 0.2
2700 1919 0.01
2700 1164 0.01
2700 2246 0.2
2700 2427 0.01
2700 643 0.01
2700 418 0.05
2700 630 0.01
4527 1143 0.2
4527 424 0.01
4457 1584 0.01
4457 2901 0.01
4457 639 0.05
4457 1255 0.01
4457 146 0.01
4457 1686 0.2
4457 4306 0.01
4457 432 0.01
4457 1164 0.05
4457 455 0.2
4457 2075 0.01
4457 1583 0.2
4457 4250 0.05
4457 1585 0.01
4457 424 0.05
4457 142 0.05
4457 2089 0.01
4457 431 0.05
4457 3769 0.05
4457 1178 0.05
4457 196 0.01
4457 2427 0.05
4457 745 0.05
1139 2168 0.01
1139 748 0.01
1139 1161 0.01
1139 432 0.2
1139 238 0.2
1139 197 0.01
1139 94 0.05
1139 1134 0.05
1139 1584 0.2
1139 470 0.05
2236 1138 0.05
4509 3583 0.2
1735 2228 0.2
1735 2075 0.01
1735 631 0.2
1735 437 0.05
1735 2220 0.2
1735 635 0.05
1735 879 0.01
1735 1585 0.05
1735 238 0.05
1735 438 0.05
1735 196 0.2
1735 1918 0.01
1735 371 0.05
1735 748 0.01
1735 4528 0.01
1735 452 0.01
1735 4325 0.2
1735 4417 0.05
1735 1135 0.05
1735 1517 0.01
1735 2168 0.01
1735 1519 0.05
1735 2229 0.2
1735 1161 0.05
1735 1583 0.05
1735 634 0.2
1735 1105 0.2
1735 793 0.2
1735 3046 0.05
1735 1164 0.01
1735 642 0.2
1735 1938 0.05
1735 4236 0.05
1735 2078 0.05
1735 747 0.05
1735 1686 0.05
1735 1248 0.2
1735 473 0.2
1735 143 0.2
1735 9 0.05
1735 1584 0.2
1735 3998 0.2
1735 2235 0.01
1735 278 0.2
1735 1586 0.2
1735 4478 0.01
1735 1250 0.2
1735 3285 0.01
3285 4113 0.2
3285 3282 0.01
3285 223 0.05
3285 1719 0.01
3285 2085 0.2
3285 1600 0.05
3285 702 0.05
3285 1683 0.2
3285 4228 0.05
3285 1516 0.01
3285 3975 0.2
3285 2244 0.2
3285 1249 0.01
3285 1686 0.2
3285 430 0.2
3285 1248 0.01
3285 2205 0.2
3285 2079 0.2
3285 3046 0.2
3285 1584 0.01
3285 2168 0.01
3285 1164 0.01
3285 496 0.01
3285 2232 0.01
3285 1250 0.05
3285 3905 0.2
3285 4478 0.01
3285 4529 0.2
3285 2427 0.05
3285 1135 0.01
3285 1919 0.01
3285 837 0.2
3285 1918 0.2
3285 1138 0.2
3285 2901 0.2
3285 629 0.2
3285 104 0.01
3285 2499 0.01
3285 2692 0.05
3285 2700 0.01
3285 1587 0.2
3285 793 0.01
3285 1230 0.05
3285 2664 0.01
3285 2229 0.2
3285 437 0.05
3285 1684 0.01
3285 747 0.05
3285 416 0.2
3285 2235 0.05
3285 2425 0.2
3285 2236 0.01
3285 2530 0.05
3285 4272 0.01
3285 2220 0.2
3285 1335 0.01
3285 143 0.2
3285 425 0.01
3285 2567 0.2
3285 1735 0.2
3285 1938 0.05
3285 3769 0.05
3285 1582 0.2
3285 842 0.05
3285 4481 0.01
4254 1680 0.05
4254 1585 0.05
4254 1164 0.05
4254 3644 0.2
4254 3046 0.05
4254 453 0.2
4254 4530 0.01
4378 2226 0.2
4378 1718 0.2
4478 4468 0.05
4478 1735 0.01
4478 416 0.2
4478 3452 0.01
4478 2221 0.2
4478 1250 0.05
4478 473 0.2
4478 1584 0.01
4478 3998 0.01
4478 1684 0.05
4478 1150 0.01
4478 2075 0.05
4478 2246 0.01
4478 1587 0.2
4478 2168 0.2
4478 466 0.01
4478 425 0.01
4478 4068 0.05
4478 17 0.2
4478 2567 0.2
4478 1748 0.01
4478 2427 0.05
4478 1918 0.01
4478 1335 0.01
4478 1583 0.01
4478 793 0.2
4478 1164 0.05
4478 142 0.05
4478 745 0.05
4478 437 0.2
4478 2220 0.01
4478 428 0.01
4478 238 0.01
4490 2139 0.2
4490 1718 0.2
4490 747 0.05
4490 2221 0.2
3905 417 0.01
3905 1138 0.2
3905 2499 0.2
3905 2160 0.05
3905 193 0.05
3905 4404 0.2
3905 1142 0.05
3905 2235 0.2
3905 3285 0.01
3905 2125 0.2
3905 2079 0.01
3905 197 0.01
3905 1523 0.05
3905 2244 0.2
3905 1164 0.2
3905 2221 0.2
3905 416 0.05
3905 432 0.01
3905 419 0.2
1138 430 0.01
1138 465 0.05
1138 146 0.05
1138 1586 0.2
1138 452 0.01
1138 793 0.01
1138 432 0.05
1138 431 0.05
1138 3285 0.2
1138 1681 0.01
1138 2205 0.05
1138 228 0.05
1138 2075 0.2
1138 629 0.2
1138 1413 0.2
1138 441 0.2
1138 4398 0.05
1138 1588 0.05
1138 2242 0.01
1138 462 0.01
1138 2168 0.05
1138 1255 0.2
1138 1684 0.2
1138 642 0.01
1138 2700 0.2
1138 140 0.01
1138 1423 0.05
1138 3906 0.2
1138 1683 0.2
1138 222 0.01
1138 630 0.2
1138 196 0.05
1138 640 0.2
1138 419 0.01
1138 1135 0.2
1138 458 0.01
1138 437 0.01
1138 1335 0.01
1138 3054 0.2
1138 1164 0.05
1138 2235 0.2
1138 635 0.05
1138 418 0.01
1138 1422 0.05
1138 416 0.01
1138 197 0.01
1138 436 0.2
1138 2236 0.2
1138 466 0.05
1138 1583 0.2
1138 628 0.01
1138 412 0.2
1138 1134 0.05
3642 416 0.2
3642 4531 0.01
3642 2080 0.05
3642 432 0.05
3642 2125 0.2
3642 1423 0.05
3642 1517 0.05
3642 1146 0.2
3642 746 0.2
3642 3046 0.05
3642 4532 0.01
3642 441 0.01
3642 2232 0.2
3642 629 0.05
3642 4404 0.2
3642 1422 0.01
3642 4533 0.2
3642 4034 0.05
3642 1588 0.2
3642 3131 0.05
3642 2221 0.01
3642 793 0.2
3642 4386 0.05
3642 1164 0.01
3642 428 0.05
3642 3641 0.05
3642 1919 0.01
3642 4490 0.2
3642 2246 0.05
3642 2089 0.05
3642 3285 0.01
3642 1583 0.05
3642 473 0.2
3642 2236 0.2
3642 410 0.05
4034 2235 0.01
4034 2221 0.2
4034 1422 0.05
4034 2530 0.05
4034 4534 0.05
4034 419 0.05
4034 793 0.05
4034 3642 0.01
4535 3642 0.2
4536 2915 0.01
4536 2246 0.01
4537 1057 0.2
4397 2167 0.01
4397 1164 0.2
3544 3046 0.05
3544 1159 0.01
3544 4067 0.05
3544 419 0.2
3544 432 0.01
3544 3131 0.05
3544 4478 0.01
3544 2238 0.05
3544 2499 0.2
3544 365 0.05
3544 2162 0.01
3544 466 0.01
3544 3838 0.2
4001 3285 0.01
4001 2235 0.2
4001 146 0.2
4001 839 0.2
4001 416 0.2
4468 4478 0.05
4468 1164 0.05
4225 2232 0.01
1683 567 0.2
1683 1135 0.01
1683 2077 0.05
1683 2125 0.05
1683 1248 0.01
1683 419 0.01
1683 418 0.05
1683 4206 0.01
1683 473 0.01
1683 2226 0.05
1683 790 0.01
1683 416 0.01
1683 2204 0.2
1683 4037 0.2
1683 2168 0.05
1683 140 0.05
1683 1736 0.2
1683 629 0.01
3046 3544 0.2
3046 3642 0.2
3046 3285 0.2
3046 1156 0.2
3046 3587 0.05
3046 4281 0.05
3046 562 0.01
3046 642 0.01
3046 1519 0.01
3046 453 0.05
3046 4538 0.01
3046 1683 0.05
3046 1335 0.05
3046 790 0.01
3046 1582 0.01
3046 104 0.01
3046 1230 0.05
3046 643 0.01
3046 432 0.2
3046 1150 0.05
3046 18 0.05
3046 1489 0.01
3046 363 0.2
3046 4355 0.01
3046 4236 0.01
3046 1735 0.2
3046 3769 0.01
3046 473 0.05
3046 793 0.05
3046 1423 0.2
3046 2235 0.01
3046 2701 0.2
3046 1584 0.01
3046 1586 0.01
3046 1138 0.2
3046 196 0.05
3046 639 0.01
3046 9 0.05
3046 645 0.01
3046 4254 0.01
3046 140 0.01
3046 197 0.2
3046 2075 0.05
3046 437 0.01
3046 1583 0.01
3046 2702 0.2
3046 2239 0.2
3046 634 0.05
3046 1164 0.01
3046 2232 0.05
3046 4034 0.2
3046 2481 0.05
3046 2221 0.05
3046 748 0.01
3046 426 0.01
3046 1518 0.2
3046 371 0.05
3046 747 0.01
3046 441 0.01
4539 793 0.05
2205 1179 0.01
2205 4149 0.05
2205 1596 0.05
2205 1520 0.05
2205 4422 0.05
2205 637 0.05
2205 416 0.2
2205 660 0.05
2205 9 0.2
2205 228 0.05
2205 3280 0.05
2205 643 0.01
2205 17 0.05
2205 2138 0.05
2205 1135 0.05
2205 3131 0.01
2205 7 0.01
2205 496 0.01
2205 1586 0.05
2205 1447 0.01
2205 1687 0.01
2205 443 0.2
2205 1150 0.05
2205 222 0.01
2205 516 0.2
2205 640 0.01
2205 146 0.01
2205 1177 0.2
2205 2700 0.01
2205 432 0.01
2205 452 0.01
2205 793 0.05
2205 1250 0.01
2205 1145 0.2
2205 193 0.2
2205 1676 0.05
2205 1138 0.01
2205 1422 0.2
2205 846 0.05
2205 441 0.05
2205 2169 0.01
2205 196 0.01
2205 1249 0.01
2205 3975 0.2
2205 439 0.01
2205 1685 0.01
2205 421 0.2
2205 2235 0.2
2205 430 0.01
2205 212 0.2
2205 1248 0.2
2205 209 0.01
2205 655 0.05
2205 365 0.05
2205 2184 0.01
2205 1161 0.05
2205 419 0.05
2205 201 0.2
2205 3285 0.2
2205 411 0.2
4396 1248 0.2
4396 197 0.01
1248 4467 0.05
1248 643 0.2
1248 443 0.05
1248 3583 0.05
1248 635 0.2
1248 1135 0.05
1248 2160 0.01
1248 4496 0.2
1248 4031 0.05
1248 1586 0.2
1248 1719 0.2
1248 842 0.2
1248 1678 0.05
1248 1582 0.01
1248 4114 0.2
1248 1413 0.01
1248 1680 0.05
1248 104 0.05
1248 414 0.05
1248 201 0.01
1248 432 0.2
1248 363 0.01
1248 1422 0.01
1248 2077 0.05
1248 1683 0.01
1248 2085 0.01
1248 193 0.2
1248 2228 0.01
1248 2206 0.01
1248 642 0.05
1248 1136 0.2
1248 2235 0.2
1248 2167 0.2
1248 4149 0.05
1248 2165 0.01
1248 1919 0.01
1248 3792 0.05
1248 1682 0.01
1248 1600 0.01
1248 4033 0.05
1248 1583 0.2
1248 4206 0.05
1248 2075 0.05
1248 1177 0.05
1248 2078 0.05
1248 2169 0.05
1248 3853 0.2
1248 1138 0.01
1248 1164 0.2
1248 1676 0.2
1248 4032 0.05
1248 441 0.01
1248 278 0.2
1248 3284 0.05
1248 1516 0.2
1248 793 0.05
1248 3975 0.2
1248 2227 0.01
1248 2698 0.2
1248 430 0.05
1248 3998 0.05
1248 2205 0.2
1248 4396 0.05
1248 433 0.05
1248 1250 0.05
1248 2220 0.2
1248 1443 0.2
1248 2530 0.01
1248 748 0.05
1248 4417 0.01
1248 3285 0.2
1248 1735 0.05
1248 1685 0.2
1248 1686 0.01
1248 466 0.2
1248 3891 0.01
1248 4440 0.05
3587 1919 0.05
4538 4468 0.01
4538 1683 0.2
4538 1164 0.2
4538 146 0.05
4538 414 0.05
4538 4409 0.2
4538 1422 0.05
4540 4397 0.01
4540 2246 0.01
4540 1683 0.2
4540 1518 0.2
4540 1722 0.05
4540 3891 0.05
4528 629 0.01
4528 413 0.05
4528 1735 0.01
4528 1423 0.01
4528 2246 0.2
4528 640 0.05
1137 1584 0.01
1137 1164 0.05
1137 1134 0.2
1137 442 0.2
1137 4541 0.2
1137 1139 0.05
1137 4037 0.01
1137 1150 0.05
2081 631 0.2
2081 2168 0.2
2081 1540 0.01
2081 1719 0.05
2081 1135 0.2
2081 431 0.05
2081 140 0.05
2081 1517 0.2
2081 1683 0.2
2081 237 0.01
2081 2088 0.05
2081 465 0.01
2081 643 0.2
2081 2075 0.05
2081 1423 0.2
2081 1413 0.05
2081 2235 0.01
2081 1938 0.01
2081 633 0.2
2081 1142 0.2
2081 419 0.2
2081 414 0.05
2081 1422 0.2
4542 745 0.01
4542 4355 0.01
4542 1164 0.2
1677 3001 0.05
1677 443 0.05
1677 4543 0.05
1677 1675 0.01
1677 660 0.05
1677 790 0.05
1677 1230 0.01
1677 2080 0.01
1677 4032 0.01
1677 1678 0.01
4032 1677 0.05
4032 2206 0.01
4032 4113 0.05
4032 1136 0.05
4032 2235 0.01
4032 1423 0.05
4032 1248 0.2
2231 747 0.2
2231 1683 0.05
2231 2165 0.2
2231 104 0.01
2231 2699 0.05
2231 846 0.05
2231 1135 0.05
2231 2161 0.2
2231 2227 0.05
2231 1423 0.05
2231 2481 0.2
2231 9 0.01
2231 635 0.05
2231 1422 0.2
2231 793 0.01
2231 1164 0.05
4544 238 0.2
4545 1423 0.05
4545 419 0.05
4545 1164 0.2
4545 2125 0.01
4545 1593 0.2
4546 1516 0.05
4547 483 0.2
3766 470 0.2
2206 2999 0.2
2206 4496 0.05
2206 4032 0.01
2206 1719 0.2
2206 748 0.05
2206 1176 0.01
2206 1540 0.2
2206 2159 0.2
2206 7 0.2
2206 1918 0.05
2206 642 0.2
2206 1516 0.01
2206 2125 0.2
2206 3853 0.01
2206 196 0.2
2206 2168 0.2
2206 4548 0.2
2206 454 0.05
2206 104 0.05
2206 635 0.01
2206 413 0.2
2206 2079 0.2
2206 1683 0.05
2206 1145 0.05
2206 201 0.01
2206 1585 0.05
2206 2161 0.2
2206 745 0.01
3407 1938 0.05
3407 526 0.01
3407 1176 0.01
3407 2080 0.05
3407 635 0.01
3407 1150 0.05
3407 1680 0.2
3407 94 0.2
3407 1423 0.01
4228 473 0.01
4228 1177 0.05
4228 3285 0.2
4228 1249 0.01
4548 4549 0.01
4548 2160 0.2
4548 2206 0.01
4550 2075 0.2
1136 426 0.05
1136 1526 0.2
1136 454 0.01
1136 846 0.05
1136 805 0.2
1136 2901 0.01
1136 1178 0.01
1136 417 0.2
1136 1836 0.05
1136 745 0.2
1136 193 0.2
1136 1735 0.05
1136 222 0.05
1136 18 0.01
1136 202 0.2
1136 439 0.05
1136 1588 0.01
1136 496 0.01
1136 567 0.05
1136 424 0.01
1136 278 0.05
1136 197 0.01
1136 238 0.01
1136 204 0.05
1136 2234 0.2
1136 4032 0.05
1136 2227 0.2
1136 3761 0.2
1136 2236 0.2
1136 458 0.2
1136 416 0.01
1136 430 0.05
1136 208 0.2
1136 4551 0.2
1136 1519 0.2
1136 3530 0.05
1136 217 0.01
1136 452 0.01
1136 1105 0.01
1136 1683 0.01
1136 2700 0.01
1136 2075 0.05
1136 1134 0.01
1136 635 0.2
1136 2206 0.2
1136 2664 0.2
1136 562 0.05
1136 418 0.01
1136 1684 0.05
1136 879 0.2
1136 2125 0.05
1136 411 0.01
1136 2078 0.05
1136 4552 0.05
1136 1142 0.01
1136 3033 0.05
1136 3768 0.01
1136 2226 0.01
1136 1516 0.2
1136 1135 0.01
1136 2085 0.2
1136 2168 0.01
1136 2204 0.05
1136 3853 0.01
1136 228 0.05
1136 1249 0.01
1136 2079 0.2
1136 1594 0.01
1136 445 0.01
1136 483 0.05
1136 1583 0.05
1136 462 0.2
1136 432 0.05
1136 2244 0.05
1136 1150 0.01
1136 449 0.01
1136 4206 0.05
1136 1248 0.01
1136 146 0.01
1136 2184 0.2
1136 2235 0.01
1136 1164 0.01
1136 630 0.05
1136 419 0.2
1136 642 0.01
1136 1682 0.01
1136 1489 0.01
1136 1676 0.05
1136 748 0.2
1136 4149 0.05
1136 1600 0.2
1136 2160 0.2
1136 790 0.01
1136 196 0.05
1136 2228 0.01
1136 2159 0.05
4553 2168 0.01
2085 2073 0.05
2085 3004 0.05
2085 1179 0.01
2085 3280 0.01
2085 1680 0.2
2085 1584 0.01
2085 791 0.05
2085 2088 0.05
2085 1526 0.2
2085 4237 0.05
2085 1540 0.05
2085 2244 0.05
2085 2168 0.01
2085 1176 0.2
2085 850 0.05
2085 1938 0.05
2085 1673 0.01
2085 1679 0.05
2085 633 0.01
2085 2080 0.05
2085 2082 0.05
2085 2081 0.2
2085 4332 0.01
2085 629 0.05
2085 2228 0.05
2085 3030 0.05
2085 4206 0.05
2085 419 0.2
2085 2075 0.01
2085 745 0.01
2085 3466 0.01
2085 2226 0.05
2085 2204 0.01
2085 2159 0.01
2085 430 0.2
2085 4033 0.01
2085 2227 0.2
2085 1682 0.01
2085 2700 0.2
2085 1702 0.2
2085 790 0.05
2085 2079 0.01
2085 1735 0.05
2085 1422 0.01
2085 1248 0.2
2085 202 0.01
4206 1136 0.2
4206 1682 0.01
4206 1248 0.2
4206 2228 0.01
4206 473 0.05
2159 4149 0.01
2159 419 0.2
2159 437 0.01
2159 4554 0.01
2159 1164 0.05
2159 748 0.05
2159 1683 0.05
2159 2164 0.05
2159 745 0.05
2159 1516 0.2
2159 452 0.05
2159 2075 0.01
2159 1143 0.05
2159 432 0.01
2159 2206 0.2
2159 1136 0.05
2159 805 0.05
2159 631 0.01
2159 2226 0.2
2159 2079 0.01
2159 790 0.01
2159 1422 0.05
2159 204 0.01
2159 94 0.01
2159 2168 0.01
2159 4206 0.01
2159 2184 0.05
4033 2244 0.05
4033 1675 0.01
4033 2082 0.05
4033 4425 0.2
4033 3285 0.01
4033 1918 0.2
4033 1586 0.01
4033 2556 0.2
4033 656 0.01
4033 1679 0.2
4033 1150 0.05
4033 4272 0.05
4033 1673 0.01
4033 458 0.01
4033 2076 0.2
4033 4213 0.05
4033 642 0.01
4033 9 0.01
4033 2085 0.05
4033 1588 0.05
4033 1590 0.05
4033 204 0.01
4033 1135 0.05
4033 1722 0.01
4033 837 0.05
4033 1138 0.01
4033 2700 0.01
4033 1248 0.2
4033 2206 0.05
4033 1683 0.05
4033 2168 0.05
4033 196 0.05
4033 1682 0.01
4033 202 0.2
4033 2235 0.05
4033 228 0.01
4033 567 0.05
4033 1178 0.2
4033 432 0.05
4033 419 0.2
1682 437 0.2
1682 238 0.05
1682 745 0.2
1682 473 0.2
1682 3061 0.2
1682 2228 0.05
1682 4206 0.01
2228 466 0.2
2228 430 0.2
2228 2206 0.05
2228 1136 0.05
2228 1586 0.05
2228 4206 0.05
2228 1682 0.05
1540 2697 0.2
1540 1581 0.05
1540 1518 0.01
1540 226 0.05
1540 1489 0.2
1540 4114 0.2
1540 439 0.2
1540 433 0.01
1540 1523 0.2
1540 4555 0.01
1540 2235 0.01
1540 4199 0.2
1540 94 0.01
1540 437 0.05
1540 660 0.2
1540 2080 0.05
1540 1718 0.2
1540 18 0.05
1540 1150 0.2
4551 1523 0.05
4551 143 0.2
4551 1177 0.2
4551 745 0.05
4551 2204 0.05
4551 1136 0.2
2086 850 0.01
2086 196 0.01
2204 4551 0.01
2204 2084 0.01
2204 1423 0.2
2204 1719 0.05
2204 642 0.05
2204 1136 0.05
2204 2085 0.05
2204 2166 0.01
2204 1683 0.01
2204 1422 0.05
2204 428 0.05
2204 4556 0.2
2204 473 0.01
4556 2204 0.01
2912 2077 0.2
2912 238 0.05
2077 2080 0.05
2077 1164 0.01
2077 1142 0.01
2077 2697 0.05
2077 643 0.2
2077 837 0.01
2077 2184 0.01
2077 418 0.05
2077 946 0.01
2077 2087 0.05
2077 4440 0.01
2077 793 0.05
2077 2204 0.01
2077 1681 0.05
2077 1682 0.01
2077 3282 0.05
2077 437 0.01
2077 4425 0.05
2077 748 0.01
2077 4338 0.01
2077 208 0.2
2077 2088 0.2
2077 975 0.2
2077 846 0.01
2077 410 0.05
2077 430 0.01
2077 654 0.01
2077 660 0.05
2077 2664 0.05
2077 4523 0.2
2077 2162 0.01
2077 2648 0.05
2077 2169 0.01
2077 1679 0.05
2077 2159 0.01
2077 4497 0.01
2077 458 0.2
2077 4398 0.2
2077 419 0.2
2077 642 0.2
2077 416 0.05
2077 452 0.2
2077 1673 0.01
2077 1150 0.05
2077 1177 0.05
2077 639 0.05
2077 466 0.05
2077 2061 0.05
2077 104 0.01
2077 630 0.05
2077 2075 0.2
2077 3033 0.01
2077 2125 0.05
2077 1594 0.01
2077 1688 0.01
2077 1249 0.01
2077 7 0.01
2077 1584 0.01
2077 1676 0.2
2077 4039 0.01
2077 278 0.01
2077 516 0.2
2077 1447 0.05
2077 496 0.2
2077 2082 0.01
2077 2167 0.2
2077 2702 0.2
2077 1516 0.01
2077 1586 0.2
2077 196 0.01
2077 1135 0.05
2077 1517 0.05
2077 2168 0.01
2077 1590 0.05
2077 1136 0.2
2077 2206 0.01
2077 3605 0.01
2077 1735 0.05
2077 2499 0.2
2077 2205 0.01
2077 146 0.01
2077 2085 0.01
2077 1178 0.01
2077 1722 0.05
2077 1422 0.01
2077 2912 0.2
2077 2079 0.01
2077 1683 0.05
2077 4206 0.2
2077 1687 0.05
2077 2081 0.05
2077 635 0.01
2077 1588 0.05
2077 2235 0.2
2077 1248 0.2
2077 1583 0.05
2077 1684 0.2
2077 1918 0.05
4227 1177 0.01
1679 2085 0.2
1679 146 0.05
1679 1680 0.05
1679 4557 0.01
1679 4033 0.2
1679 2077 0.05
1679 1516 0.2
1679 496 0.2
1679 2084 0.05
4255 1938 0.2
2665 3282 0.2
2665 1523 0.05
2665 496 0.01
2665 1516 0.01
1719 443 0.01
1719 567 0.01
1719 2279 0.05
1719 146 0.2
1719 4355 0.2
1719 2242 0.05
1719 1672 0.2
1719 1683 0.01
1719 1675 0.01
1719 2697 0.01
1719 1177 0.05
1719 2699 0.05
1719 466 0.2
1719 2696 0.01
1719 2165 0.2
1719 3586 0.05
1719 17 0.2
1719 2698 0.01
1719 641 0.2
1719 140 0.01
1719 465 0.01
1719 1687 0.2
1719 1523 0.05
1719 2702 0.01
1719 631 0.01
1719 1489 0.2
1719 1938 0.2
1719 655 0.01
1719 3282 0.2
1719 1413 0.2
1719 455 0.05
1719 432 0.05
1719 633 0.05
1719 1680 0.2
1719 448 0.05
1719 414 0.2
1719 431 0.05
1719 9 0.01
1719 104 0.05
1719 1155 0.2
1719 1673 0.2
1719 2088 0.05
1719 1582 0.01
1719 975 0.05
1719 2206 0.2
1719 1176 0.05
1719 640 0.05
1719 1423 0.2
1719 1681 0.01
1719 629 0.2
1719 1588 0.05
1719 2075 0.01
1719 2168 0.01
1719 2204 0.2
1719 634 0.01
1719 430 0.05
1719 228 0.2
1719 1583 0.2
1719 1135 0.05
1719 630 0.2
1719 2220 0.05
1719 1722 0.05
1719 2163 0.2
1719 416 0.05
1719 363 0.05
1719 1684 0.05
1719 516 0.01
1719 371 0.05
1719 2238 0.05
1719 441 0.01
1719 642 0.2
1719 2125 0.05
1719 1422 0.05
1719 196 0.2
1719 2235 0.01
1719 437 0.05
1719 1585 0.05
1719 496 0.2
1719 1586 0.05
1719 424 0.01
1719 419 0.01
1719 635 0.01
1719 1676 0.01
1719 1164 0.05
1719 1718 0.2
1719 1248 0.05
2088 416 0.01
2088 4114 0.05
2088 2698 0.2
2088 1413 0.2
2088 414 0.05
2088 437 0.2
2088 3004 0.05
2088 642 0.05
2088 3521 0.01
2088 196 0.05
2088 1540 0.01
2088 2080 0.01
2080 4031 0.2
2080 18 0.05
2080 846 0.2
3281 1164 0.01
3281 2941 0.2
3281 2695 0.2
3281 2082 0.05
3281 1422 0.05
3281 1519 0.01
3281 2204 0.2
3281 2242 0.01
3281 3521 0.01
3281 2201 0.2
3281 1689 0.01
3281 516 0.01
3281 2165 0.2
3281 630 0.05
3281 4396 0.05
3281 193 0.01
3281 1142 0.01
3281 1586 0.01
3281 458 0.2
3281 2696 0.01
3281 463 0.2
3281 2080 0.2
3281 1135 0.05
3281 2698 0.2
3281 635 0.2
3281 454 0.01
3281 1675 0.01
3281 2079 0.01
3281 1520 0.2
3281 1677 0.2
3281 1423 0.05
3281 414 0.01
3281 3131 0.05
3281 2279 0.05
3281 1583 0.01
3281 2699 0.01
3281 2077 0.01
3281 643 0.01
3281 1678 0.05
3281 2125 0.2
4558 496 0.01
4559 1676 0.05
3283 1516 0.2
3283 448 0.01
2083 4557 0.2
2083 2077 0.05
2083 3998 0.2
2083 9 0.2
2083 2080 0.01
2083 635 0.01
4560 793 0.01
4560 146 0.2
4561 1680 0.01
4562 567 0.01
4557 2079 0.05
4557 1540 0.2
4557 2235 0.01
4557 2083 0.05
4557 1423 0.05
4557 238 0.01
4557 635 0.01
4557 1164 0.2
4557 94 0.2
4557 2125 0.01
4557 452 0.2
4557 2080 0.05
4557 17 0.05
4557 1679 0.05
4557 1176 0.01
4557 745 0.2
4557 473 0.01
4557 2076 0.2
4557 2075 0.01
3004 1135 0.05
3004 4555 0.05
3004 1680 0.01
3004 2080 0.01
3004 2088 0.01
3004 146 0.2
3004 1413 0.05
3004 1722 0.01
3004 1155 0.2
3004 1164 0.01
3004 414 0.2
3004 473 0.2
3004 4031 0.01
3004 413 0.2
3004 2235 0.05
4563 1680 0.2
1680 455 0.01
1680 1176 0.05
1680 1138 0.2
1680 428 0.01
1680 3055 0.01
1680 1585 0.05
1680 4438 0.01
1680 143 0.05
1680 567 0.01
1680 652 0.05
1680 3285 0.2
1680 2082 0.05
1680 3827 0.01
1680 2086 0.05
1680 1918 0.2
1680 1676 0.05
1680 642 0.05
1680 4398 0.05
1680 436 0.2
1680 1155 0.05
1680 440 0.01
1680 747 0.2
1680 4564 0.2
1680 4565 0.01
1680 201 0.01
1680 216 0.05
1680 432 0.05
1680 837 0.2
1680 3761 0.01
1680 1526 0.05
1680 237 0.01
1680 1146 0.01
1680 2168 0.2
1680 2159 0.01
1680 1422 0.2
1680 2125 0.01
1680 516 0.01
1680 2083 0.2
1680 1413 0.05
1680 633 0.05
1680 222 0.05
1680 1142 0.2
1680 2081 0.01
1680 448 0.2
1680 629 0.05
1680 218 0.01
1680 562 0.05
1680 2279 0.05
1680 1423 0.01
1680 94 0.01
1680 458 0.05
1680 1179 0.05
1680 418 0.2
1680 3998 0.05
1680 4033 0.2
1680 4561 0.01
1680 146 0.2
1680 2941 0.2
1680 1679 0.01
1680 2075 0.2
1680 4440 0.05
1680 745 0.01
1680 3283 0.2
1680 630 0.01
1680 1683 0.2
1680 439 0.01
1680 2087 0.2
1680 1105 0.2
1680 640 0.05
1680 2166 0.05
1680 4566 0.01
1680 1135 0.05
1680 1248 0.2
1680 4567 0.05
1680 416 0.05
1680 1684 0.2
1680 4254 0.05
1680 4568 0.2
1680 4272 0.01
1680 3853 0.2
1680 449 0.2
1680 2235 0.2
1680 2080 0.2
1680 635 0.2
1680 228 0.01
1680 1164 0.01
1680 2077 0.2
1680 1516 0.05
1680 9 0.2
1680 2700 0.05
1680 1582 0.01
1680 1520 0.05
1680 946 0.2
1680 414 0.05
1680 850 0.2
4567 363 0.01
4567 2075 0.05
4567 946 0.05
4567 416 0.05
4567 1680 0.01
4531 3005 0.05
4531 3642 0.01
4569 4570 0.01
4571 636 0.05
4572 1938 0.01
4113 1675 0.01
4113 1413 0.05
4113 1516 0.05
4113 4149 0.05
4113 1135 0.2
4113 1422 0.2
4113 2081 0.01
4113 1423 0.01
4113 4032 0.05
4113 1677 0.01
4113 1678 0.01
4113 1540 0.05
4113 416 0.01
4113 3285 0.05
4113 1582 0.05
4113 1680 0.05
4113 1248 0.01
4113 1676 0.05
4113 631 0.05
4113 146 0.2
4113 473 0.05
3521 4555 0.05
3521 238 0.2
3521 237 0.01
3521 228 0.01
3521 3004 0.01
3521 1540 0.05
3521 208 0.01
3521 2088 0.2
3521 2080 0.05
4496 2481 0.05
4031 2202 0.01
4031 2235 0.05
4031 2125 0.05
4031 2695 0.05
4031 432 0.2
4031 2080 0.2
4031 1676 0.2
4031 2228 0.01
4031 2077 0.05
4031 1135 0.01
4031 418 0.2
4031 2088 0.05
4031 363 0.01
4031 1164 0.2
4031 1683 0.05
4031 837 0.2
4031 629 0.2
4031 416 0.05
4031 1582 0.2
4031 196 0.2
4031 1413 0.05
4573 146 0.05
2695 1422 0.2
2695 3281 0.05
2695 1581 0.05
2695 1177 0.01
2695 2697 0.01
2695 4467 0.05
2695 3586 0.2
2695 2279 0.2
2695 1135 0.05
2695 4031 0.2
2695 1164 0.05
2695 2088 0.01
2695 2080 0.05
2695 104 0.05
2695 635 0.01
2695 1673 0.2
4199 1517 0.2
4199 2088 0.2
4199 436 0.2
4199 1150 0.05
4199 1678 0.01
4199 1938 0.2
4199 1540 0.05
4199 1413 0.2
3002 2077 0.05
3002 209 0.05
1678 1524 0.05
1678 428 0.05
1678 432 0.01
1678 1586 0.01
1678 3586 0.05
1678 4114 0.05
1678 204 0.05
1678 424 0.01
1678 1675 0.01
1678 2202 0.2
1678 4386 0.2
1678 4031 0.2
1678 4445 0.05
1678 4496 0.01
1678 1672 0.01
1678 2075 0.01
1678 2699 0.2
1678 643 0.05
1678 2698 0.2
1678 4574 0.01
1678 3281 0.05
1678 1164 0.05
1678 193 0.01
1678 1583 0.01
1678 1518 0.05
1678 4199 0.2
1678 228 0.05
1678 2081 0.2
1678 1582 0.01
1678 4575 0.01
1678 1938 0.05
1678 2160 0.2
1678 3282 0.05
1678 842 0.01
1678 452 0.2
1678 2077 0.2
1678 1677 0.2
1678 1413 0.01
4576 2901 0.2
4576 4254 0.01
3757 418 0.01
4577 146 0.01
4577 473 0.2
4577 745 0.01
4555 2696 0.05
4555 3521 0.2
4555 4114 0.05
4555 1540 0.2
4555 3004 0.2
4502 2080 0.2
4502 1678 0.01
4502 455 0.01
2699 1422 0.01
2699 745 0.2
2699 2159 0.05
4327 1540 0.05
4327 2234 0.05
4327 196 0.05
4327 437 0.2
1675 1719 0.01
1675 104 0.01
1675 2076 0.01
1675 424 0.01
1675 3583 0.05
1675 2242 0.01
1675 1581 0.01
1675 2087 0.01
1675 228 0.01
1675 2228 0.05
1675 1672 0.05
1675 4033 0.2
1675 1678 0.05
1675 4113 0.01
1675 516 0.01
1675 629 0.01
1675 432 0.05
1675 2165 0.2
1675 1582 0.05
1675 437 0.2
1675 3002 0.05
1675 197 0.05
1675 1135 0.2
1675 643 0.2
1675 3586 0.05
1675 2699 0.2
1675 2082 0.2
1675 2201 0.05
1675 2202 0.2
1675 1683 0.2
1675 2279 0.2
1675 2081 0.01
1675 196 0.2
1675 1677 0.2
1675 4578 0.2
1675 842 0.05
1675 2235 0.01
1675 455 0.05
1675 1676 0.05
1675 2698 0.01
1675 2695 0.05
1675 630 0.01
1675 2075 0.05
1675 278 0.05
1675 1248 0.01
1675 146 0.05
1675 1489 0.2
1675 635 0.01
1675 1164 0.05
1675 2077 0.01
1675 1523 0.01
1675 2080 0.2
1675 2088 0.01
1675 745 0.05
1675 1413 0.05
1675 2125 0.05
1675 416 0.01
1675 4031 0.01
4445 1413 0.2
4445 2088 0.2
4574 1678 0.01
4579 2235 0.2
4580 2077 0.01
4580 635 0.01
4580 4581 0.01
4580 4579 0.05
2201 2235 0.01
2201 3281 0.01
2201 2699 0.2
2201 432 0.01
2201 1422 0.01
2201 1540 0.05
2201 4114 0.2
2201 562 0.01
2201 365 0.05
2201 439 0.05
2202 413 0.2
2202 428 0.01
2202 634 0.2
2202 1164 0.01
2202 1422 0.05
2202 2163 0.2
2202 437 0.01
2202 473 0.05
2202 4555 0.2
4114 1678 0.2
4114 635 0.05
4114 3004 0.01
4114 432 0.01
4114 2201 0.01
4114 1516 0.01
4114 3586 0.2
4114 2088 0.01
4114 1248 0.2
4114 4555 0.2
4114 2080 0.01
4114 1540 0.01
3001 3000 0.01
3001 1135 0.05
3001 1677 0.2
3001 473 0.01
3001 209 0.05
3001 146 0.01
2999 4496 0.2
2999 1422 0.01
2999 1516 0.05
2999 2075 0.2
2999 454 0.01
2999 842 0.05
2999 416 0.01
2999 222 0.05
2697 1176 0.2
2697 4582 0.05
2697 4489 0.01
2697 2165 0.01
2697 430 0.05
2697 4031 0.2
2697 3004 0.01
2697 3583 0.2
2697 747 0.2
2697 3280 0.05
2697 1152 0.05
2697 2078 0.01
2697 1145 0.01
2697 2080 0.05
2697 1164 0.01
2697 452 0.01
2697 2082 0.05
2697 2125 0.05
2697 441 0.01
2697 455 0.05
2697 94 0.05
2697 4467 0.01
2697 1135 0.01
2697 1161 0.01
2697 146 0.05
2697 2231 0.01
2697 1540 0.01
2697 193 0.05
2697 1734 0.05
2697 1526 0.2
2697 643 0.01
2697 3586 0.01
2697 466 0.01
2697 2160 0.05
2697 416 0.2
2697 630 0.05
2697 1520 0.2
2697 2695 0.05
2697 1137 0.01
2697 140 0.01
2697 640 0.01
2697 2081 0.2
2697 418 0.2
2697 2235 0.01
2697 431 0.2
2697 2077 0.05
2697 473 0.01
2697 1678 0.2
2697 208 0.2
4583 1518 0.01
4583 1584 0.2
4583 1423 0.2
4583 1719 0.01
4583 7 0.01
4583 2202 0.2
4583 660 0.01
4583 2530 0.2
4583 2167 0.01
4583 1648 0.2
4583 2168 0.2
4583 1919 0.2
4583 1954 0.05
4583 3565 0.05
4583 4459 0.01
4583 628 0.05
4583 3046 0.01
4583 424 0.2
4583 2698 0.01
4583 2481 0.2
4583 2227 0.05
4583 1176 0.05
4583 1164 0.01
4583 1136 0.2
4583 146 0.05
4583 2077 0.2
4583 1680 0.01
4583 1675 0.05
4584 1586 0.2
1734 473 0.01
1734 879 0.2
4585 1422 0.2
4585 1178 0.01
4585 4586 0.05
4587 630 0.05
4324 1423 0.2
4489 2075 0.05
4588 278 0.2
4467 1518 0.2
4467 2184 0.01
4467 2697 0.2
4467 416 0.05
4467 1672 0.05
4467 2695 0.01
4467 2231 0.05
4467 2998 0.05
4467 1164 0.01
4467 146 0.05
4467 455 0.01
4467 2696 0.05
4467 4031 0.05
4467 2235 0.05
4467 1683 0.01
4467 196 0.01
4467 419 0.05
4467 2088 0.01
4467 1135 0.2
4467 1248 0.2
4467 2077 0.05
4467 2080 0.05
4467 473 0.01
2998 3281 0.05
2998 2228 0.01
2998 1135 0.05
2998 1179 0.05
2998 1677 0.05
2998 1585 0.05
2998 1684 0.01
2998 144 0.01
2998 3975 0.01
2998 1523 0.2
2998 3004 0.01
2998 3131 0.01
2998 1422 0.05
2998 2078 0.2
2998 94 0.05
2998 2076 0.05
2998 2201 0.2
2998 2231 0.01
2998 1516 0.05
2998 1155 0.2
2998 1722 0.01
2998 4031 0.2
2998 1164 0.05
2998 197 0.05
2998 209 0.05
2998 455 0.2
2998 745 0.05
2998 1682 0.2
2998 2699 0.05
2998 2138 0.01
2998 4466 0.01
2998 1586 0.05
2998 419 0.2
2998 414 0.2
2998 642 0.05
2998 1582 0.05
2998 2696 0.01
2998 443 0.01
2998 630 0.2
2998 635 0.2
2998 1672 0.2
2998 3792 0.05
2998 140 0.05
2998 1150 0.01
2998 4467 0.05
2998 146 0.05
2998 3508 0.01
2998 473 0.05
2998 412 0.05
2998 1683 0.01
2998 466 0.2
2998 431 0.01
2998 2235 0.01
2998 1673 0.05
2998 2080 0.05
2998 4589 0.2
4590 4591 0.01
4590 418 0.01
4526 455 0.05
4526 1422 0.05
4526 146 0.2
4526 1677 0.05
4526 208 0.01
4526 4496 0.05
4526 437 0.05
4526 1672 0.05
4526 348 0.05
4592 455 0.05
4592 424 0.2
4592 466 0.05
4592 1518 0.2
4592 745 0.2
4592 562 0.2
4592 416 0.2
4592 2081 0.01
4592 1673 0.01
4591 4590 0.05
1581 418 0.05
1581 2699 0.01
1581 203 0.05
1581 1675 0.05
1581 1588 0.05
1581 2077 0.01
1581 4501 0.2
1581 416 0.05
1581 1135 0.2
1581 2696 0.01
1581 2204 0.01
1581 2279 0.2
1581 432 0.05
1581 1683 0.01
1581 2201 0.01
1581 2695 0.05
1581 642 0.2
1581 363 0.05
1581 2235 0.05
1581 1161 0.2
1581 441 0.01
1581 452 0.01
1581 2231 0.05
1581 2082 0.01
1581 201 0.05
1581 4593 0.05
1581 193 0.05
1581 1177 0.2
1581 455 0.01
1581 1718 0.2
1581 1540 0.2
1581 640 0.01
1581 1422 0.01
1581 94 0.01
4594 745 0.01
4593 745 0.05
4593 1581 0.2
3280 264 0.01
3280 238 0.05
3280 1164 0.05
3280 365 0.01
3280 193 0.01
3280 1672 0.05
3280 3583 0.2
3280 2205 0.2
3280 3715 0.05
3280 1489 0.2
3280 104 0.05
3280 745 0.01
3280 201 0.05
3279 193 0.01
3279 1422 0.2
3279 2077 0.2
3279 1600 0.01
3279 94 0.2
3279 1672 0.01
3279 424 0.2
3279 1518 0.2
3279 437 0.05
3279 1177 0.01
3279 363 0.05
3279 2204 0.01
3279 426 0.05
3279 631 0.01
3279 635 0.05
3279 1683 0.01
3279 473 0.2
3279 2079 0.01
3279 1722 0.2
3279 745 0.05
3279 1164 0.01
4595 1422 0.05
4596 473 0.05
4597 2204 0.2
4597 2695 0.01
4597 1672 0.05
4597 1683 0.05
4597 1164 0.01
4598 3283 0.2
4598 473 0.2
4598 633 0.05
4582 2697 0.2
593 1494 0.01
593 4599 0.05
593 24 0.01
593 361 0.01
593 4600 0.01
593 299 0.05
593 4601 0.05
593 822 0.05
593 134 0.05
593 1069 0.2
593 4602 0.2
593 588 0.01
593 4603 0.2
593 65 0.2
593 679 0.2
593 4604 0.01
593 4605 0.05
593 800 0.05
593 4606 0.05
593 4607 0.05
593 826 0.01
593 552 0.2
593 4608 0.01
593 624 0.01
593 380 0.05
593 99 0.05
593 4609 0.2
593 1067 0.01
593 4610 0.2
593 4611 0.2
593 4612 0.05
593 109 0.05
593 3597 0.2
593 4613 0.05
593 4614 0.01
593 233 0.05
593 155 0.2
593 818 0.01
593 831 0.01
593 80 0.05
593 1131 0.01
593 4615 0.05
593 4616 0.2
593 4617 0.2
593 333 0.2
593 4618 0.01
593 4619 0.01
593 168 0.2
593 327 0.05
593 4620 0.2
593 167 0.2
593 45 0.01
593 4621 0.01
593 1200 0.2
593 4622 0.05
593 326 0.01
593 296 0.2
593 4623 0.2
593 360 0.01
161 4624 0.05
161 4625 0.05
161 560 0.2
161 46 0.2
161 106 0.05
161 332 0.2
161 45 0.01
161 41 0.01
161 182 0.01
161 165 0.05
161 4626 0.2
161 337 0.05
161 4627 0.05
161 4628 0.01
161 4629 0.05
161 4630 0.2
161 97 0.2
161 4631 0.05
161 160 0.01
4632 46 0.05
4632 47 0.01
1869 2485 0.01
1869 900 0.01
1869 4633 0.01
1869 516 0.01
1869 4634 0.2
1869 2518 0.2
1869 4635 0.05
1869 4636 0.05
1869 4637 0.2
1869 1226 0.05
1869 2146 0.05
1869 3157 0.2
1869 2759 0.2
1869 3353 0.2
1869 2607 0.01
1869 4638 0.01
1869 899 0.01
1869 879 0.2
1869 1894 0.05
1869 2352 0.01
1869 2416 0.01
1869 2453 0.2
1869 1217 0.2
1869 4639 0.2
1869 1847 0.01
1869 1502 0.2
1869 2319 0.05
1869 3219 0.01
1869 4640 0.05
1869 223 0.01
1869 1666 0.01
1869 1504 0.01
1869 988 0.05
1869 276 0.2
1869 3173 0.2
1869 3266 0.2
1869 3174 0.05
1869 3100 0.2
1869 1667 0.05
1869 4641 0.01
1869 2525 0.01
1869 2406 0.2
1869 626 0.01
1869 4642 0.2
1869 1751 0.2
1869 4643 0.01
1869 986 0.05
1869 1428 0.05
1869 1448 0.01
1869 2460 0.01
1869 1449 0.01
1869 4644 0.2
1869 3202 0.05
1869 2260 0.01
1869 1469 0.01
1869 3008 0.05
1869 9 0.05
1869 2198 0.01
1869 2950 0.2
1869 2356 0.2
1869 970 0.01
1869 3181 0.01
1869 2853 0.2
1869 1787 0.05
1869 1503 0.2
1869 4645 0.01
1869 4646 0.05
1869 990 0.05
1869 2919 0.2
1869 1664 0.05
1869 238 0.2
1869 1871 0.01
1869 659 0.2
1869 682 0.01
1869 791 0.05
4647 46 0.2
4647 4648 0.01
4647 4649 0.05
23 835 0.01
23 657 0.01
23 1366 0.01
23 239 0.2
23 104 0.01
23 55 0.01
23 11 0.05
23 278 0.2
23 494 0.2
23 856 0.05
23 470 0.05
23 988 0.2
23 373 0.05
23 503 0.2
23 227 0.2
23 17 0.01
23 1103 0.2
23 479 0.01
23 143 0.2
23 85 0.05
23 18 0.2
23 261 0.05
23 260 0.05
23 264 0.05
23 279 0.05
23 13 0.05
23 133 0.01
23 64 0.05
23 41 0.01
23 27 0.05
23 88 0.05
23 5 0.01
23 70 0.01
23 24 0.01
23 67 0.2
23 49 0.01
23 16 0.05
4650 4651 0.01
4650 740 0.2
4652 1029 0.01
41 9 0.05
41 1839 0.2
41 279 0.2
41 228 0.01
41 970 0.05
41 143 0.05
41 319 0.05
41 473 0.05
41 153 0.2
41 4653 0.05
41 1187 0.2
41 4654 0.05
41 142 0.05
41 668 0.01
41 236 0.01
41 16 0.05
41 113 0.01
41 80 0.2
41 244 0.2
41 511 0.2
41 256 0.2
41 227 0.2
41 23 0.2
41 94 0.05
41 13 0.05
41 59 0.05
41 58 0.01
41 396 0.01
41 5 0.05
41 27 0.01
41 4655 0.2
41 242 0.05
41 70 0.01
41 350 0.2
317 560 0.05
317 558 0.05
317 1941 0.2
317 1270 0.2
317 1725 0.05
317 3378 0.05
317 2064 0.05
317 526 0.2
317 1889 0.2
317 933 0.05
317 1920 0.05
317 1658 0.2
317 222 0.2
317 214 0.05
317 140 0.01
317 208 0.01
317 1745 0.05
317 279 0.2
317 975 0.05
317 228 0.05
317 2000 0.2
317 7 0.05
317 3675 0.01
317 1913 0.01
317 843 0.2
317 2487 0.05
317 94 0.01
317 52 0.05
317 238 0.01
317 286 0.01
317 51 0.05
317 1110 0.01
317 242 0.01
317 28 0.01
317 553 0.01
317 19 0.2
317 285 0.2
317 137 0.05
317 4 0.2
317 120 0.01
317 67 0.01
317 4656 0.05
317 355 0.05
317 188 0.01
317 133 0.01
317 353 0.01
317 4657 0.01
317 65 0.2
317 24 0.05
317 14 0.05
317 360 0.2
317 284 0.2
317 23 0.2
317 245 0.01
317 4658 0.05
317 995 0.2
317 76 0.2
317 64 0.01
317 84 0.2
317 671 0.2
317 386 0.01
317 58 0.05
317 1031 0.2
317 81 0.2
317 348 0.01
317 80 0.01
317 73 0.2
317 31 0.01
317 78 0.05
317 82 0.05
317 50 0.05
317 39 0.01
317 83 0.05
317 1200 0.05
317 30 0.05
317 334 0.01
317 41 0.05
317 155 0.2
317 49 0.01
317 185 0.01
317 46 0.05
317 86 0.01
317 27 0.05
