0 372 0.2
0 2143 0.2
0 1626 0.05
0 600 0.01
0 1017 0.2
0 275 0.2
0 1242 0.05
0 787 0.05
0 1137 0.01
0 2035 0.05
0 1109 0.05
0 2821 0.2
0 2673 0.05
0 1149 0.05
0 2153 0.2
1 2244 0.2
1 2682 0.01
1 1324 0.01
1 306 0.01
1 127 0.2
1 1555 0.05
1 512 0.05
1 1669 0.01
1 1632 0.2
1 1170 0.2
1 476 0.05
1 106 0.2
1 698 0.05
1 2488 0.2
1 608 0.01
2 2453 0.05
2 1752 0.01
2 1957 0.01
2 1859 0.2
2 246 0.01
2 213 0.01
2 204 0.2
2 1868 0.2
2 1275 0.01
2 2933 0.2
2 1176 0.01
2 271 0.01
2 1632 0.05
2 338 0.01
2 1954 0.2
2 2278 0.05
2 871 0.2
2 2071 0.2
2 1716 0.05
2 2495 0.01
2 2250 0.05
2 2337 0.2
2 1749 0.01
2 2134 0.05
2 2739 0.2
2 1793 0.2
3 2880 0.05
3 154 0.05
3 1886 0.05
3 174 0.01
3 304 0.05
3 1838 0.2
3 2345 0.2
3 2675 0.05
3 1215 0.2
3 1876 0.05
3 946 0.05
3 2965 0.05
3 241 0.05
3 1884 0.2
3 2855 0.05
4 2693 0.05
4 874 0.01
4 2779 0.05
4 1903 0.2
4 580 0.01
4 2000 0.2
4 26 0.01
4 1522 0.01
4 1822 0.01
4 221 0.01
4 574 0.2
4 1183 0.05
4 1770 0.2
4 2468 0.2
4 1810 0.01
4 192 0.2
4 2835 0.2
4 56 0.01
4 1926 0.2
5 2692 0.05
5 197 0.05
5 2594 0.05
5 2656 0.2
5 2038 0.05
5 1397 0.05
5 879 0.01
5 713 0.2
5 554 0.2
5 2084 0.05
5 130 0.2
5 2345 0.01
5 998 0.2
5 845 0.01
5 109 0.05
5 411 0.2
5 2956 0.01
5 469 0.01
5 2005 0.01
6 2129 0.2
6 2518 0.2
6 792 0.2
6 396 0.2
6 2363 0.05
6 2053 0.05
6 1830 0.2
6 2835 0.05
6 852 0.05
6 818 0.05
6 571 0.05
6 1204 0.05
6 453 0.01
6 801 0.2
6 392 0.01
6 180 0.05
6 2225 0.2
6 1209 0.2
6 32 0.2
7 2875 0.05
7 2167 0.05
7 2663 0.01
7 2907 0.05
7 1231 0.2
7 2965 0.05
7 1618 0.05
7 1220 0.05
7 2596 0.01
8 1599 0.01
8 908 0.01
8 501 0.05
8 2493 0.05
8 1749 0.05
8 608 0.05
8 1930 0.2
8 66 0.2
8 255 0.05
8 892 0.01
8 777 0.01
8 1732 0.05
8 307 0.2
8 253 0.01
8 2955 0.01
8 221 0.2
8 982 0.05
8 1643 0.01
9 2585 0.2
9 1761 0.01
9 1540 0.2
9 2274 0.01
9 2331 0.05
9 584 0.01
9 1204 0.01
9 1633 0.01
9 1268 0.05
9 2726 0.05
9 2257 0.01
9 568 0.2
9 1251 0.2
9 439 0.05
10 1673 0.01
10 1094 0.05
10 381 0.05
10 180 0.01
10 109 0.05
10 688 0.01
10 94 0.01
10 2738 0.2
10 1572 0.05
10 732 0.01
10 1266 0.05
10 161 0.2
10 769 0.01
10 1619 0.05
10 2973 0.05
10 1528 0.01
10 753 0.05
10 2565 0.01
10 1381 0.2
10 356 0.05
10 2161 0.2
10 2852 0.2
10 1188 0.05
11 1135 0.01
11 960 0.2
11 832 0.01
11 1381 0.05
11 2353 0.05
11 200 0.2
11 765 0.05
11 452 0.05
11 1641 0.01
11 517 0.05
11 1608 0.05
11 2794 0.01
11 1234 0.2
11 2572 0.2
11 207 0.2
11 1539 0.05
11 609 0.2
11 2889 0.01
11 2877 0.2
11 1307 0.2
11 216 0.01
11 1199 0.05
12 1042 0.05
12 557 0.05
12 410 0.2
12 2613 0.01
12 1179 0.05
12 1340 0.05
12 978 0.05
12 1774 0.01
12 2543 0.2
12 1411 0.05
12 2351 0.2
12 1136 0.2
12 382 0.2
12 1379 0.05
12 947 0.2
12 1777 0.05
12 1276 0.05
13 1858 0.2
13 925 0.2
13 1778 0.2
13 2602 0.2
13 2181 0.2
13 1610 0.05
13 981 0.2
13 610 0.05
13 456 0.05
13 1020 0.01
13 2114 0.01
13 49 0.01
13 1703 0.2
13 1084 0.2
13 1785 0.2
13 728 0.05
13 2030 0.05
13 2212 0.05
14 1366 0.2
14 912 0.2
14 2550 0.05
14 753 0.01
14 1561 0.05
14 142 0.01
14 747 0.2
14 2834 0.05
14 1931 0.01
14 1814 0.05
14 21 0.05
14 1268 0.05
14 2990 0.05
14 575 0.05
14 2687 0.05
14 2401 0.05
14 2854 0.01
14 165 0.05
14 2276 0.2
14 1070 0.01
14 492 0.01
15 1477 0.01
15 2111 0.01
15 898 0.2
15 2958 0.05
15 1773 0.2
15 770 0.05
15 394 0.05
15 2303 0.05
15 2086 0.05
15 2935 0.01
15 2543 0.2
15 2051 0.01
15 1875 0.2
15 45 0.2
15 1100 0.2
15 1842 0.05
15 2603 0.05
15 51 0.05
15 187 0.05
16 2566 0.2
16 1273 0.2
16 2154 0.2
16 1043 0.01
16 2409 0.01
16 66 0.2
16 390 0.01
16 294 0.2
16 1926 0.01
16 1165 0.2
16 537 0.01
16 1105 0.01
16 693 0.05
17 2172 0.2
17 2237 0.01
17 2200 0.05
17 1951 0.05
17 776 0.05
17 989 0.2
17 2173 0.01
17 2960 0.05
17 1736 0.01
17 348 0.05
17 2788 0.05
17 2740 0.2
17 1520 0.05
17 462 0.05
17 852 0.01
17 2942 0.05
17 338 0.2
17 679 0.2
17 1578 0.01
17 1901 0.2
17 2749 0.01
17 473 0.05
17 1336 0.05
17 2295 0.01
17 1030 0.05
17 493 0.05
17 1328 0.01
18 2886 0.2
18 2284 0.2
18 60 0.05
18 1967 0.01
18 108 0.01
18 120 0.01
18 2229 0.2
18 1929 0.01
18 824 0.01
18 79 0.01
18 1694 0.05
18 1149 0.05
18 1720 0.01
18 1932 0.01
18 2370 0.05
19 1851 0.01
19 154 0.2
19 1282 0.05
19 2354 0.2
19 199 0.05
19 2358 0.05
19 51 0.2
19 1189 0.2
19 1678 0.2
19 2507 0.01
19 2098 0.2
19 989 0.05
19 1228 0.01
19 1351 0.2
19 2171 0.01
19 1236 0.2
19 1877 0.2
19 1886 0.01
19 110 0.2
19 2785 0.05
19 2431 0.01
19 1155 0.2
19 242 0.05
20 2345 0.2
20 2349 0.05
20 2238 0.2
20 2819 0.05
20 1762 0.2
20 1955 0.05
20 1667 0.2
20 1071 0.2
20 2161 0.2
20 804 0.01
20 1146 0.2
20 1212 0.05
20 1753 0.01
20 1548 0.05
20 1944 0.05
20 294 0.01
20 1990 0.01
20 1207 0.2
20 1603 0.05
20 260 0.05
20 2921 0.01
20 2407 0.2
20 1765 0.2
20 1812 0.2
21 324 0.2
21 2254 0.01
21 374 0.05
21 373 0.05
21 186 0.05
21 1856 0.01
21 1605 0.2
21 2272 0.05
21 438 0.2
21 575 0.2
21 1670 0.05
21 2211 0.2
21 2833 0.05
21 2999 0.05
22 2816 0.01
22 774 0.01
22 1665 0.2
22 274 0.2
22 798 0.05
22 853 0.05
22 1367 0.05
22 1424 0.2
22 2056 0.01
22 2651 0.05
23 1353 0.2
23 2490 0.01
23 2695 0.2
23 73 0.05
23 1777 0.01
23 1655 0.2
23 1020 0.2
23 2266 0.2
23 1000 0.01
23 1565 0.2
23 28 0.01
23 1289 0.01
23 630 0.05
23 2863 0.2
23 2418 0.01
23 641 0.2
24 1953 0.01
24 2627 0.2
24 2579 0.01
24 2521 0.05
24 1895 0.05
24 957 0.01
24 1420 0.05
24 2186 0.2
24 332 0.01
24 885 0.05
24 1000 0.05
24 536 0.05
24 1496 0.01
24 1469 0.01
24 1729 0.05
24 127 0.2
24 2392 0.05
25 743 0.2
25 1326 0.01
25 2079 0.2
25 557 0.05
25 2198 0.05
25 1972 0.05
25 2255 0.01
25 967 0.01
25 684 0.05
25 2003 0.05
25 1941 0.05
25 1175 0.01
25 2071 0.2
25 2570 0.2
25 2962 0.2
25 1233 0.05
25 1213 0.01
26 653 0.05
26 198 0.2
26 1679 0.05
26 1230 0.2
26 1002 0.01
26 330 0.2
26 1702 0.2
26 1261 0.2
26 1986 0.05
26 1307 0.2
26 1203 0.01
26 2984 0.2
26 531 0.2
26 2524 0.2
26 687 0.05
26 829 0.01
26 1879 0.05
26 1327 0.05
26 1569 0.2
26 262 0.05
26 1047 0.01
26 1293 0.2
26 1434 0.2
27 1068 0.01
27 64 0.05
27 1247 0.01
27 2474 0.2
27 2514 0.05
27 362 0.05
27 1486 0.2
27 799 0.2
27 1288 0.05
27 1112 0.01
27 1268 0.05
27 1929 0.2
27 717 0.01
27 2046 0.2
27 2476 0.05
27 2361 0.01
27 2850 0.05
27 606 0.2
28 1996 0.2
28 615 0.01
28 286 0.05
28 2682 0.01
28 1965 0.01
28 1498 0.01
28 745 0.05
28 1949 0.2
28 1532 0.05
28 2000 0.05
28 1885 0.01
28 2894 0.01
28 2813 0.01
28 945 0.2
28 217 0.01
28 2215 0.05
28 1164 0.05
28 1417 0.2
28 80 0.01
28 1599 0.2
28 735 0.05
28 202 0.01
29 902 0.01
29 2904 0.05
29 1536 0.2
29 947 0.05
29 734 0.01
29 856 0.05
29 1089 0.2
29 1538 0.2
29 2925 0.01
29 1556 0.01
29 1431 0.05
29 2567 0.2
29 2884 0.2
29 1099 0.01
29 541 0.05
29 2857 0.01
29 304 0.01
29 196 0.05
29 327 0.01
29 823 0.05
29 1073 0.01
29 485 0.01
29 1534 0.05
29 1192 0.2
30 419 0.01
30 2184 0.2
30 2367 0.01
30 584 0.2
30 2570 0.05
30 753 0.2
30 1290 0.01
30 738 0.01
30 542 0.05
30 2586 0.2
30 2620 0.05
31 837 0.2
31 491 0.2
31 1621 0.01
31 623 0.05
31 1548 0.2
31 795 0.01
31 2629 0.05
31 201 0.05
31 576 0.01
31 1788 0.01
31 1467 0.2
31 2192 0.05
31 2105 0.05
31 2050 0.05
31 2196 0.2
31 1235 0.05
31 56 0.01
31 344 0.05
32 2166 0.05
32 1511 0.05
32 1591 0.05
32 1367 0.05
32 1145 0.2
32 2445 0.05
32 633 0.05
32 1007 0.01
32 650 0.2
32 892 0.05
32 2857 0.05
32 734 0.01
32 424 0.01
32 1358 0.05
32 2369 0.2
32 1089 0.2
32 1567 0.2
32 2616 0.05
32 2021 0.05
32 204 0.2
32 1783 0.01
32 553 0.05
33 1124 0.01
33 2198 0.05
33 38 0.01
33 953 0.01
33 2504 0.05
33 2120 0.2
33 1544 0.2
33 1081 0.2
33 2818 0.2
33 209 0.2
33 2509 0.2
33 2586 0.2
33 1665 0.2
33 2563 0.01
33 1374 0.01
33 1022 0.2
34 2499 0.2
34 916 0.05
34 2823 0.05
34 2191 0.2
34 2681 0.05
34 278 0.01
34 2855 0.01
34 1069 0.05
34 1264 0.05
34 2043 0.2
34 77 0.05
34 614 0.05
34 2148 0.05
34 2843 0.2
34 1408 0.01
34 1220 0.01
34 2478 0.2
34 71 0.01
34 1777 0.01
34 2510 0.05
34 2476 0.01
34 1749 0.01
34 2178 0.05
34 574 0.01
34 514 0.05
34 2907 0.01
34 2890 0.05
34 1491 0.2
35 87 0.05
35 1333 0.2
35 2361 0.01
35 1435 0.01
35 1561 0.05
35 251 0.05
35 992 0.01
35 578 0.2
35 2642 0.2
35 1371 0.01
35 1583 0.05
35 2309 0.2
36 1941 0.01
36 2659 0.01
36 995 0.05
36 1452 0.2
36 2853 0.05
36 1801 0.2
36 2173 0.05
36 1820 0.05
36 2219 0.01
36 1054 0.01
36 1018 0.2
36 1716 0.05
36 108 0.01
36 117 0.2
36 1369 0.05
36 521 0.05
36 1385 0.2
36 2381 0.2
37 1222 0.05
37 618 0.01
37 1763 0.01
37 2204 0.01
37 2667 0.05
37 648 0.05
37 1215 0.2
37 2312 0.05
37 157 0.01
37 2845 0.2
37 2755 0.2
37 1323 0.2
37 973 0.01
37 1565 0.01
37 538 0.2
37 1018 0.05
37 2728 0.01
37 2492 0.05
37 2508 0.2
37 1681 0.2
37 285 0.2
38 297 0.01
38 1905 0.2
38 2878 0.05
38 1233 0.05
38 1820 0.2
38 250 0.05
38 1061 0.2
38 435 0.01
38 558 0.05
38 1493 0.05
38 1772 0.2
38 248 0.05
38 1175 0.2
38 2022 0.2
38 1958 0.2
39 2297 0.2
39 1984 0.01
39 1372 0.2
39 187 0.01
39 2194 0.2
39 1937 0.05
39 2755 0.01
39 2047 0.2
39 500 0.01
39 2782 0.05
39 2331 0.05
39 308 0.05
39 2986 0.01
39 197 0.01
39 1168 0.05
39 2048 0.05
39 688 0.05
39 891 0.2
39 1278 0.2
39 2876 0.01
39 1934 0.05
39 2128 0.01
40 2939 0.2
40 302 0.2
40 1120 0.01
40 2297 0.01
40 1301 0.05
40 245 0.01
40 940 0.05
40 1294 0.2
40 1338 0.2
40 1388 0.01
40 1648 0.05
40 1048 0.05
40 774 0.2
40 2479 0.2
40 453 0.2
40 2925 0.2
41 2276 0.2
41 1223 0.05
41 930 0.05
41 2827 0.2
41 2871 0.01
41 1001 0.2
41 1234 0.2
41 2724 0.01
41 1216 0.01
41 2505 0.2
41 1143 0.01
41 647 0.05
41 1377 0.05
42 395 0.01
42 351 0.2
42 2563 0.2
42 568 0.2
42 890 0.01
42 2566 0.05
42 2800 0.2
42 680 0.2
42 1018 0.2
42 557 0.2
42 60 0.2
42 1833 0.05
42 1158 0.05
42 727 0.2
42 1842 0.01
42 579 0.05
42 2493 0.01
42 2638 0.05
42 2470 0.01
43 433 0.2
43 2056 0.2
43 826 0.05
43 1243 0.01
43 2755 0.2
43 2555 0.05
43 1026 0.01
43 1736 0.2
43 733 0.2
43 2556 0.2
43 2858 0.05
43 757 0.01
43 839 0.01
43 646 0.05
43 1792 0.01
43 2347 0.2
43 174 0.2
43 1713 0.01
43 2110 0.05
43 2700 0.05
43 803 0.2
43 1894 0.2
43 1943 0.01
44 2191 0.01
44 656 0.01
44 2445 0.01
44 2936 0.2
44 1341 0.2
44 2869 0.05
44 134 0.05
44 677 0.2
44 731 0.01
44 886 0.2
44 1902 0.01
44 2438 0.2
44 858 0.01
44 546 0.05
44 1478 0.01
45 2267 0.01
45 2123 0.05
45 2750 0.05
45 2377 0.05
45 1123 0.05
45 1523 0.05
45 414 0.05
45 2243 0.01
45 1425 0.05
45 450 0.05
45 527 0.01
45 2108 0.01
45 2893 0.01
45 2734 0.05
45 1825 0.01
45 809 0.05
45 2275 0.01
45 1804 0.01
46 2346 0.05
46 671 0.05
46 1086 0.2
46 2467 0.2
46 869 0.05
46 92 0.05
46 2433 0.01
46 1215 0.01
46 1167 0.2
46 881 0.05
46 1594 0.05
46 1707 0.2
46 2683 0.2
46 2629 0.2
46 646 0.05
46 856 0.05
47 2266 0.05
47 2635 0.05
47 550 0.01
47 491 0.2
47 2575 0.01
47 1991 0.2
47 1321 0.2
47 2406 0.2
47 135 0.2
47 2208 0.2
47 626 0.05
47 2038 0.01
47 52 0.05
47 1622 0.01
47 433 0.2
47 1654 0.01
47 2004 0.01
47 1332 0.05
47 2002 0.05
48 1684 0.01
48 252 0.05
48 2761 0.01
48 1182 0.05
48 2684 0.01
48 2471 0.05
48 146 0.01
48 1109 0.05
48 2739 0.05
48 1823 0.05
48 903 0.01
48 1867 0.05
48 723 0.05
48 2763 0.01
48 168 0.05
48 1377 0.05
48 2759 0.01
48 2490 0.05
49 1479 0.01
49 1165 0.05
49 1295 0.05
49 1062 0.05
49 2615 0.05
49 2762 0.2
49 461 0.2
49 1240 0.2
49 2954 0.2
49 1945 0.2
49 280 0.01
49 961 0.2
49 2391 0.05
49 422 0.2
49 1962 0.2
49 1379 0.05
49 1914 0.2
49 459 0.05
49 268 0.05
49 2538 0.01
49 789 0.2
49 2726 0.2
50 2351 0.2
50 1195 0.01
50 1001 0.01
50 1876 0.2
50 2885 0.05
50 1036 0.2
50 2287 0.01
50 2437 0.05
50 478 0.2
50 2490 0.2
50 1656 0.05
50 1215 0.05
50 886 0.01
50 106 0.01
50 2633 0.2
50 1233 0.01
50 2213 0.2
50 1655 0.01
50 736 0.05
50 575 0.01
50 2929 0.2
51 1720 0.05
51 2899 0.05
51 499 0.2
51 315 0.01
51 1404 0.05
51 2925 0.01
51 2550 0.05
51 2936 0.2
51 1908 0.05
51 423 0.01
51 1103 0.2
51 171 0.05
51 102 0.05
51 1996 0.2
52 2751 0.2
52 2141 0.01
52 560 0.05
52 734 0.05
52 2050 0.05
52 2728 0.05
52 414 0.01
52 193 0.01
52 2646 0.05
52 212 0.2
52 1818 0.01
52 366 0.01
52 1714 0.05
52 859 0.01
52 1905 0.05
52 2472 0.01
52 994 0.05
52 2783 0.05
53 1029 0.05
53 854 0.05
53 870 0.01
53 2059 0.2
53 2009 0.01
53 1001 0.01
53 2229 0.05
53 302 0.2
53 2638 0.01
53 2569 0.01
53 1223 0.01
53 661 0.2
53 1162 0.05
53 2633 0.01
53 2325 0.2
53 2783 0.05
53 167 0.05
53 1548 0.01
54 703 0.01
54 952 0.2
54 1174 0.2
54 716 0.05
54 2196 0.05
54 859 0.01
54 1994 0.2
54 2881 0.05
54 261 0.01
54 826 0.05
54 878 0.05
54 2280 0.01
54 1743 0.05
54 1434 0.05
54 2817 0.2
55 2048 0.2
55 2797 0.2
55 450 0.01
55 2456 0.2
55 1879 0.05
55 147 0.2
55 521 0.2
55 2961 0.01
55 1119 0.2
55 981 0.01
55 608 0.05
55 2480 0.01
55 564 0.05
55 2041 0.01
55 150 0.01
55 1157 0.05
55 93 0.01
56 2256 0.01
56 1073 0.05
56 1406 0.01
56 781 0.2
56 1660 0.2
56 2851 0.01
56 1938 0.2
56 2251 0.2
56 163 0.01
56 2358 0.05
56 1187 0.2
56 1909 0.01
56 805 0.2
56 1606 0.01
57 2900 0.01
57 1616 0.05
57 1380 0.05
57 1319 0.01
57 2368 0.05
57 480 0.01
57 789 0.01
57 1497 0.01
57 307 0.05
57 995 0.01
57 2052 0.05
57 404 0.05
57 1841 0.2
57 1085 0.05
57 1185 0.05
57 654 0.05
57 1808 0.05
57 1399 0.2
57 371 0.05
57 1887 0.2
57 2747 0.2
58 456 0.01
58 534 0.2
58 1296 0.2
58 1516 0.05
58 2721 0.05
58 1555 0.2
58 746 0.05
58 625 0.2
58 461 0.2
58 2806 0.05
58 662 0.05
58 1344 0.2
58 1284 0.2
58 2347 0.01
58 1714 0.2
58 2861 0.05
58 551 0.05
58 97 0.2
58 161 0.2
58 1579 0.01
58 1229 0.01
58 965 0.01
58 2981 0.05
59 1143 0.05
59 1380 0.05
59 611 0.2
59 607 0.05
59 1263 0.01
59 125 0.2
59 1169 0.05
59 2238 0.05
59 962 0.2
59 1511 0.05
60 382 0.2
60 539 0.2
60 2021 0.01
60 82 0.2
60 1499 0.05
60 274 0.01
60 1557 0.05
60 695 0.2
60 1572 0.05
60 2769 0.05
60 1990 0.2
60 1757 0.2
60 592 0.01
61 685 0.01
61 1673 0.01
61 711 0.01
61 398 0.01
61 2948 0.05
61 410 0.01
61 887 0.2
61 443 0.2
61 758 0.01
61 1504 0.01
61 2730 0.05
61 149 0.05
61 2759 0.2
61 664 0.01
61 998 0.05
61 1386 0.01
61 2528 0.05
62 1871 0.01
62 1241 0.01
62 2120 0.2
62 468 0.2
62 540 0.2
62 285 0.01
62 498 0.01
62 1571 0.01
62 2630 0.01
62 1775 0.2
63 107 0.05
63 1859 0.2
63 683 0.2
63 185 0.01
63 1495 0.2
63 438 0.01
63 2162 0.01
63 1627 0.05
63 1295 0.05
63 2283 0.05
63 2520 0.2
63 2642 0.01
63 416 0.01
63 138 0.01
63 2675 0.05
63 1144 0.01
64 713 0.2
64 985 0.01
64 848 0.01
64 589 0.2
64 1994 0.01
64 2201 0.2
64 1930 0.2
64 744 0.2
64 2498 0.2
64 1574 0.2
64 1671 0.2
64 1527 0.05
64 1707 0.01
64 2921 0.01
64 2712 0.01
64 276 0.05
64 481 0.05
64 957 0.2
64 1779 0.01
64 2732 0.2
65 1965 0.05
65 458 0.2
65 2833 0.01
65 374 0.05
65 456 0.05
65 2547 0.01
65 882 0.05
65 2542 0.01
65 570 0.05
65 760 0.2
65 133 0.01
65 536 0.01
65 1089 0.2
65 1636 0.05
65 2305 0.05
65 2694 0.01
65 502 0.2
65 669 0.05
65 2772 0.01
65 1096 0.01
66 1462 0.2
66 597 0.05
66 1882 0.05
66 2120 0.01
66 2062 0.05
66 1490 0.05
66 284 0.01
66 2778 0.01
66 2317 0.05
66 1871 0.2
66 127 0.01
66 2055 0.01
66 648 0.05
66 550 0.05
66 2096 0.2
66 2783 0.2
66 2283 0.2
66 384 0.01
66 554 0.01
66 2772 0.05
66 2948 0.01
66 430 0.2
66 499 0.2
67 2195 0.2
67 444 0.01
67 1840 0.05
67 2524 0.2
67 1887 0.01
67 1602 0.01
67 582 0.05
67 2303 0.01
67 372 0.05
67 531 0.01
67 1673 0.01
67 2213 0.01
67 1637 0.2
67 2985 0.05
67 139 0.01
67 999 0.01
67 891 0.05
68 1508 0.05
68 2168 0.2
68 298 0.2
68 1319 0.05
68 1362 0.2
68 908 0.01
68 1926 0.05
68 1106 0.01
68 2933 0.2
68 546 0.2
68 484 0.2
68 2631 0.01
68 2644 0.01
68 2157 0.2
68 422 0.2
68 849 0.05
68 851 0.2
68 1694 0.05
68 947 0.01
68 2652 0.05
69 1295 0.2
69 1322 0.05
69 1454 0.05
69 2033 0.05
69 2523 0.01
69 813 0.2
69 2599 0.01
69 1112 0.05
69 2365 0.2
69 2389 0.01
69 1334 0.05
69 1744 0.2
69 2806 0.2
69 918 0.01
69 479 0.01
69 133 0.05
69 157 0.01
69 2668 0.05
70 1835 0.01
70 2057 0.05
70 1484 0.01
70 1895 0.01
70 1566 0.2
70 800 0.2
70 2722 0.05
70 960 0.01
70 2422 0.05
70 2153 0.01
70 1251 0.2
70 832 0.01
70 1637 0.01
70 298 0.2
70 241 0.01
70 2008 0.2
70 1608 0.01
71 1063 0.01
71 537 0.01
71 2323 0.05
71 1829 0.2
71 2188 0.2
71 656 0.05
71 1166 0.01
71 827 0.05
71 2314 0.01
71 629 0.05
71 1919 0.01
71 2519 0.2
71 1309 0.01
71 1170 0.2
71 1007 0.05
71 752 0.05
71 1770 0.05
71 671 0.2
72 2676 0.05
72 129 0.2
72 1372 0.05
72 2525 0.2
72 1831 0.2
72 2761 0.2
72 1158 0.2
72 925 0.2
72 2609 0.2
72 360 0.01
72 546 0.01
73 2771 0.01
73 2486 0.01
73 2636 0.05
73 1362 0.01
73 172 0.2
73 2480 0.01
73 203 0.05
73 1174 0.01
73 704 0.01
73 803 0.2
73 2663 0.01
73 1633 0.01
73 1880 0.01
73 1614 0.2
74 1485 0.05
74 192 0.2
74 2800 0.2
74 2904 0.01
74 2540 0.05
74 2788 0.05
74 561 0.01
74 2229 0.01
74 2246 0.05
74 614 0.2
74 1063 0.2
74 1284 0.2
74 1904 0.01
74 2093 0.2
74 1301 0.2
74 1003 0.05
74 1647 0.05
74 2134 0.05
75 1542 0.05
75 643 0.01
75 1813 0.2
75 1018 0.01
75 1106 0.2
75 2501 0.2
75 2773 0.05
75 79 0.05
75 2902 0.05
75 2480 0.2
75 2933 0.05
75 832 0.05
76 1883 0.2
76 308 0.01
76 2947 0.01
76 2538 0.05
76 853 0.2
76 1826 0.2
76 2571 0.01
76 2058 0.2
76 1102 0.05
76 848 0.05
76 441 0.01
76 161 0.05
76 2443 0.05
76 1342 0.2
76 1481 0.2
76 2624 0.01
76 2406 0.05
76 299 0.05
76 997 0.05
77 1048 0.2
77 781 0.2
77 1983 0.05
77 2163 0.2
77 1126 0.01
77 1567 0.05
77 1945 0.05
77 628 0.2
77 1379 0.01
77 2848 0.2
77 2949 0.05
77 263 0.05
77 2898 0.01
77 2880 0.01
77 1043 0.2
78 1652 0.05
78 1198 0.2
78 2678 0.05
78 2349 0.01
78 1621 0.2
78 582 0.2
78 1629 0.01
78 2835 0.2
78 2705 0.01
78 390 0.01
78 2914 0.05
78 1135 0.01
78 1063 0.01
78 782 0.2
79 458 0.01
79 1926 0.01
79 1566 0.05
79 1313 0.2
79 1123 0.2
79 1283 0.2
79 1411 0.01
79 2953 0.05
79 1902 0.01
79 318 0.01
79 1911 0.01
79 2649 0.01
79 607 0.05
80 2848 0.2
80 2677 0.05
80 695 0.2
80 1931 0.05
80 1612 0.05
80 1340 0.01
80 2338 0.01
80 152 0.01
80 2822 0.01
80 231 0.05
80 1807 0.05
80 1007 0.01
80 1396 0.01
80 1008 0.2
80 2278 0.2
80 1723 0.01
81 2156 0.01
81 1686 0.05
81 226 0.01
81 907 0.01
81 1562 0.05
81 2958 0.01
81 302 0.01
81 2400 0.05
81 1832 0.01
81 233 0.2
81 2868 0.2
81 1616 0.01
81 1933 0.01
81 1004 0.05
81 557 0.2
81 2810 0.05
81 2437 0.01
81 974 0.05
81 2099 0.05
81 990 0.01
81 2740 0.01
82 1207 0.01
82 1383 0.05
82 2794 0.01
82 2156 0.05
82 693 0.01
82 803 0.2
82 572 0.01
82 962 0.01
82 2386 0.01
82 1201 0.01
82 1053 0.01
83 816 0.05
83 1599 0.01
83 2850 0.2
83 1055 0.05
83 1560 0.01
83 1653 0.2
83 1577 0.2
83 2601 0.05
83 358 0.05
83 2792 0.05
83 987 0.2
83 863 0.05
83 1362 0.01
83 553 0.05
84 2753 0.01
84 94 0.2
84 852 0.2
84 1572 0.2
84 605 0.2
84 1761 0.05
84 1319 0.01
84 2102 0.2
84 407 0.01
84 994 0.2
84 921 0.2
84 2205 0.01
84 249 0.01
84 1079 0.05
84 1147 0.05
84 2387 0.05
85 1330 0.01
85 1786 0.2
85 2774 0.05
85 1368 0.01
85 998 0.05
85 1507 0.01
85 1903 0.05
85 2818 0.2
85 2858 0.05
85 578 0.01
85 1407 0.05
85 1682 0.05
85 2556 0.01
85 1367 0.05
85 1205 0.01
86 1384 0.05
86 1262 0.01
86 2524 0.01
86 516 0.2
86 1155 0.01
86 182 0.01
86 1553 0.2
86 2703 0.01
86 602 0.2
86 1877 0.05
86 2431 0.05
86 733 0.01
86 1027 0.01
87 207 0.05
87 2823 0.05
87 2640 0.05
87 1167 0.2
87 226 0.05
87 2043 0.01
87 1771 0.01
87 2733 0.05
87 1382 0.2
87 1205 0.01
87 1477 0.01
87 2628 0.05
87 1719 0.05
87 1878 0.05
87 1414 0.05
87 251 0.05
87 1847 0.01
87 896 0.2
87 1913 0.05
87 2113 0.2
87 1640 0.01
87 2162 0.05
87 1600 0.05
88 1289 0.01
88 162 0.05
88 721 0.05
88 2244 0.01
88 2605 0.01
88 810 0.01
88 1984 0.2
88 865 0.05
88 694 0.2
88 2356 0.2
88 271 0.2
88 752 0.05
88 788 0.2
88 492 0.2
88 2365 0.05
88 1038 0.01
88 966 0.05
88 2692 0.01
88 1135 0.05
88 1006 0.2
89 1209 0.05
89 1621 0.2
89 307 0.2
89 243 0.2
89 865 0.2
89 1728 0.2
89 683 0.2
89 2011 0.01
89 762 0.05
89 2824 0.2
89 2920 0.2
89 678 0.01
89 898 0.01
89 2747 0.05
89 2514 0.01
89 1978 0.05
89 346 0.01
89 810 0.01
89 686 0.01
89 2023 0.05
90 2191 0.01
90 257 0.2
90 2293 0.05
90 2552 0.01
90 2193 0.01
90 2637 0.05
90 1637 0.2
90 1196 0.2
90 1714 0.05
90 496 0.05
90 1712 0.05
91 998 0.05
91 1296 0.05
91 753 0.01
91 2677 0.01
91 1777 0.2
91 2419 0.01
91 1820 0.05
91 356 0.01
91 864 0.2
91 2631 0.05
91 2496 0.2
91 2130 0.05
91 1913 0.01
91 576 0.2
92 471 0.01
92 1279 0.2
92 1200 0.05
92 801 0.05
92 917 0.2
92 1106 0.05
92 925 0.05
92 1822 0.05
92 2527 0.2
92 1935 0.01
92 1951 0.2
92 914 0.05
92 615 0.05
92 1643 0.2
92 2968 0.01
92 2254 0.01
92 1278 0.05
92 864 0.01
93 1222 0.01
93 1929 0.2
93 2800 0.01
93 1331 0.05
93 1516 0.05
93 1666 0.01
93 1627 0.05
93 1841 0.01
93 611 0.05
93 2287 0.01
93 2669 0.01
93 637 0.2
93 1560 0.01
93 638 0.01
93 1717 0.01
93 1019 0.2
93 1524 0.01
93 2978 0.05
93 1408 0.01
93 586 0.2
94 368 0.01
94 512 0.01
94 2777 0.2
94 2403 0.2
94 2614 0.2
94 2121 0.2
94 2472 0.01
94 526 0.05
94 2267 0.01
94 1557 0.01
94 2285 0.01
94 1665 0.05
94 763 0.05
94 2444 0.2
94 2036 0.05
94 2341 0.05
94 1406 0.05
94 175 0.05
94 2631 0.01
94 361 0.01
94 388 0.01
94 1158 0.2
94 926 0.01
95 655 0.2
95 2013 0.2
95 2404 0.2
95 1237 0.05
95 1701 0.05
95 2986 0.01
95 1544 0.05
95 2198 0.2
95 1530 0.01
95 2491 0.2
95 2431 0.05
95 1053 0.2
95 2771 0.01
95 2455 0.05
95 535 0.01
95 505 0.01
96 913 0.05
96 1213 0.05
96 1318 0.01
96 2131 0.05
96 2016 0.2
96 782 0.01
96 2305 0.05
96 1429 0.2
96 1060 0.2
96 1672 0.01
96 902 0.01
96 697 0.05
96 2274 0.05
96 1037 0.05
96 1146 0.05
96 2816 0.2
97 954 0.05
97 629 0.05
97 2537 0.01
97 938 0.05
97 615 0.2
97 1796 0.01
97 2012 0.01
97 2842 0.01
97 1269 0.01
97 1288 0.2
97 1663 0.05
97 1229 0.05
97 1458 0.01
97 1315 0.2
97 1348 0.01
97 2954 0.01
97 2228 0.05
97 2664 0.2
97 2729 0.05
97 297 0.05
98 484 0.01
98 2162 0.01
98 1769 0.2
98 918 0.2
98 2826 0.05
98 740 0.01
98 495 0.2
98 1520 0.2
98 2719 0.05
98 2773 0.2
98 1289 0.01
98 2210 0.01
98 1593 0.05
98 1582 0.2
98 545 0.05
98 2291 0.05
98 1730 0.05
98 1689 0.01
98 879 0.01
98 883 0.05
98 2160 0.05
98 192 0.05
98 352 0.05
98 206 0.05
98 691 0.01
99 2684 0.01
99 2390 0.01
99 2576 0.05
99 942 0.05
99 214 0.2
99 1094 0.05
99 2811 0.01
99 2829 0.05
99 2181 0.01
99 833 0.05
99 1168 0.2
99 2478 0.05
99 1041 0.01
100 603 0.01
100 1977 0.2
100 1940 0.01
100 1718 0.05
100 257 0.2
100 1603 0.01
100 1464 0.01
100 2179 0.2
100 349 0.2
100 1610 0.05
100 1312 0.2
100 2782 0.05
100 2349 0.2
100 1907 0.01
100 1922 0.2
101 1688 0.01
101 1158 0.2
101 1645 0.01
101 2342 0.05
101 735 0.2
101 1337 0.2
101 1627 0.2
101 245 0.01
101 805 0.2
101 2433 0.05
101 2846 0.2
101 949 0.05
101 2096 0.2
101 2856 0.2
101 2786 0.2
101 918 0.05
101 253 0.05
101 180 0.2
102 1126 0.05
102 2537 0.01
102 1846 0.01
102 2072 0.2
102 497 0.2
102 2413 0.01
102 491 0.01
102 340 0.05
102 2909 0.01
102 1213 0.2
102 1086 0.2
102 2254 0.05
102 143 0.2
103 436 0.05
103 2948 0.2
103 924 0.05
103 1566 0.05
103 729 0.05
103 1804 0.05
103 1212 0.01
103 2832 0.01
103 148 0.05
103 438 0.2
103 2237 0.01
103 1524 0.05
103 1596 0.2
103 219 0.2
103 1356 0.2
103 187 0.05
103 2474 0.01
103 1392 0.05
104 2954 0.2
104 435 0.05
104 1536 0.01
104 2630 0.01
104 2253 0.2
104 196 0.05
104 1361 0.2
104 1088 0.05
104 2815 0.01
104 2542 0.05
104 671 0.01
104 1686 0.01
104 1890 0.2
104 2629 0.2
104 1506 0.05
104 2681 0.05
104 1066 0.01
104 546 0.05
104 288 0.01
104 2698 0.2
105 1277 0.01
105 374 0.05
105 2707 0.01
105 397 0.01
105 568 0.2
105 1791 0.01
105 2000 0.2
105 116 0.05
105 2740 0.2
105 2945 0.05
105 2645 0.2
105 639 0.2
105 1062 0.2
105 1818 0.05
105 1178 0.05
105 324 0.2
105 2100 0.01
105 669 0.2
105 482 0.2
105 312 0.05
105 1656 0.01
106 464 0.2
106 1306 0.01
106 2815 0.05
106 1346 0.2
106 1859 0.2
106 2472 0.05
106 2493 0.01
106 905 0.2
106 1060 0.05
106 500 0.05
106 677 0.2
106 1615 0.01
106 1682 0.2
106 407 0.01
107 2494 0.2
107 1478 0.05
107 423 0.05
107 220 0.2
107 756 0.01
107 1546 0.05
107 803 0.05
107 413 0.2
107 1121 0.01
107 1167 0.05
107 1914 0.01
107 2521 0.2
107 877 0.2
107 886 0.2
107 2366 0.2
107 330 0.01
107 109 0.05
107 456 0.01
107 920 0.05
108 2298 0.2
108 1724 0.01
108 854 0.01
108 2402 0.2
108 1742 0.05
108 2657 0.05
108 536 0.01
108 512 0.2
108 2784 0.2
108 1493 0.2
108 481 0.2
108 415 0.05
108 2971 0.01
109 1699 0.2
109 2577 0.05
109 2696 0.2
109 2777 0.2
109 857 0.2
109 2001 0.01
109 299 0.2
109 1689 0.2
109 2461 0.2
109 2201 0.2
109 1841 0.2
109 2864 0.01
109 2186 0.05
109 2313 0.2
109 2709 0.01
109 1817 0.01
109 2853 0.01
109 1722 0.01
110 2187 0.2
110 2978 0.01
110 2560 0.05
110 908 0.2
110 399 0.05
110 868 0.2
110 2647 0.01
110 1623 0.2
110 2372 0.01
110 1203 0.01
110 620 0.01
110 1470 0.01
110 1156 0.01
110 1363 0.01
110 2424 0.05
111 343 0.05
111 1174 0.05
111 2921 0.05
111 562 0.01
111 2008 0.05
111 2723 0.01
111 362 0.2
111 1886 0.2
111 290 0.01
111 628 0.2
111 1025 0.05
111 2633 0.05
111 1096 0.01
111 454 0.05
111 1093 0.01
112 1167 0.2
112 2403 0.05
112 213 0.2
112 1396 0.01
112 691 0.05
112 2980 0.01
112 2583 0.01
112 2728 0.05
112 579 0.01
112 1747 0.05
112 391 0.2
112 2339 0.2
112 1495 0.05
112 1039 0.01
112 2901 0.01
112 1625 0.01
112 243 0.05
112 2262 0.2
112 135 0.05
112 2296 0.01
112 1832 0.2
113 472 0.05
113 1005 0.05
113 2531 0.01
113 2289 0.01
113 1254 0.2
113 788 0.05
113 424 0.2
113 548 0.01
113 988 0.01
113 2528 0.2
113 1760 0.05
113 1553 0.01
113 2041 0.01
113 2230 0.05
113 314 0.2
113 1749 0.01
113 2394 0.05
114 2211 0.05
114 1990 0.01
114 1965 0.05
114 1727 0.2
114 981 0.2
114 1160 0.05
114 866 0.01
114 2188 0.2
114 944 0.2
114 1661 0.2
114 2212 0.05
114 2186 0.01
114 2588 0.05
114 305 0.01
114 2126 0.2
114 2030 0.05
114 2857 0.2
114 920 0.01
115 919 0.2
115 2881 0.05
115 251 0.01
115 2856 0.2
115 2765 0.01
115 1120 0.2
115 1885 0.05
115 1871 0.05
115 2405 0.2
115 1958 0.2
115 1363 0.2
115 1139 0.2
115 2975 0.05
115 2692 0.05
115 1777 0.2
116 168 0.2
116 488 0.2
116 671 0.01
116 1358 0.05
116 1688 0.05
116 1996 0.2
116 377 0.01
116 2821 0.05
116 1902 0.01
117 1377 0.05
117 143 0.2
117 1247 0.05
117 1188 0.05
117 1950 0.01
117 824 0.01
117 1573 0.2
117 2652 0.2
117 2302 0.2
117 1737 0.01
117 1958 0.05
117 710 0.2
117 2185 0.01
117 676 0.01
117 1392 0.2
118 1989 0.01
118 497 0.01
118 1226 0.01
118 1095 0.05
118 711 0.01
118 2803 0.01
118 1928 0.2
118 332 0.2
118 1669 0.01
118 1191 0.01
118 2510 0.2
118 2534 0.01
118 2669 0.01
118 1824 0.01
118 2492 0.01
118 887 0.05
118 2399 0.05
118 586 0.01
118 164 0.05
118 2337 0.2
118 1792 0.01
118 2841 0.01
118 2974 0.05
118 394 0.05
119 1620 0.2
119 719 0.05
119 1986 0.2
119 371 0.05
119 1058 0.2
119 656 0.2
119 420 0.01
119 1386 0.01
119 762 0.01
119 2339 0.01
119 488 0.2
119 1002 0.01
119 984 0.01
119 2359 0.01
119 914 0.01
119 144 0.01
119 2958 0.2
119 2019 0.05
119 1592 0.01
119 1133 0.2
119 918 0.05
119 572 0.2
120 483 0.05
120 2032 0.01
120 1150 0.2
120 1585 0.2
120 1305 0.05
120 1341 0.01
120 651 0.2
120 712 0.01
120 2659 0.01
120 2400 0.05
120 672 0.01
120 1800 0.2
120 2682 0.05
120 485 0.2
120 509 0.05
120 1298 0.2
120 2715 0.01
120 1059 0.05
120 1054 0.2
120 1002 0.01
120 1490 0.01
121 2597 0.01
121 551 0.01
121 1481 0.05
121 815 0.2
121 1401 0.2
121 2195 0.01
121 1914 0.01
121 837 0.05
121 859 0.2
121 354 0.01
121 738 0.2
121 1667 0.01
121 2355 0.2
121 2732 0.2
121 1330 0.01
121 1576 0.05
121 2543 0.01
121 820 0.05
122 383 0.01
122 1465 0.2
122 1631 0.01
122 132 0.01
122 2037 0.05
122 152 0.2
122 1439 0.05
122 1383 0.05
122 1398 0.2
122 1103 0.2
122 185 0.2
122 2187 0.2
122 245 0.01
122 1683 0.2
122 1364 0.01
122 2376 0.01
122 2979 0.05
122 2345 0.2
122 1443 0.05
122 1750 0.2
122 691 0.05
122 2059 0.2
122 1125 0.01
122 2508 0.2
122 2469 0.01
122 2088 0.01
123 1996 0.01
123 1534 0.01
123 601 0.05
123 1605 0.01
123 2842 0.2
123 646 0.05
123 1336 0.2
123 2294 0.05
123 2123 0.05
123 458 0.01
123 1185 0.05
123 1376 0.05
123 1056 0.05
123 2886 0.05
123 488 0.01
123 399 0.05
124 2617 0.05
124 2941 0.01
124 2548 0.01
124 2792 0.05
124 2961 0.01
124 2427 0.05
124 2188 0.05
124 1732 0.2
124 2493 0.2
124 2733 0.2
124 598 0.01
124 190 0.01
124 1332 0.05
124 1372 0.2
124 2729 0.2
124 909 0.01
124 1743 0.2
125 2593 0.01
125 990 0.2
125 1367 0.01
125 1710 0.2
125 156 0.2
125 289 0.01
125 784 0.2
125 1519 0.2
125 239 0.2
125 2064 0.01
125 2953 0.2
125 2808 0.05
125 1663 0.01
125 978 0.01
125 2910 0.2
125 2042 0.2
125 1882 0.05
125 888 0.05
126 2315 0.05
126 2885 0.2
126 1941 0.2
126 2206 0.01
126 1000 0.05
126 265 0.2
126 2456 0.05
126 771 0.2
126 950 0.05
126 644 0.01
126 1061 0.05
126 769 0.01
126 2272 0.05
126 1408 0.05
126 1151 0.05
126 828 0.01
126 921 0.05
127 1012 0.01
127 249 0.01
127 584 0.2
127 712 0.01
127 2383 0.05
127 1148 0.01
127 963 0.05
127 2547 0.05
127 1439 0.05
127 462 0.2
127 2389 0.05
127 2101 0.01
127 2633 0.2
127 2699 0.2
127 812 0.2
127 280 0.05
127 1030 0.01
127 1803 0.01
127 2187 0.01
128 1353 0.01
128 731 0.2
128 2462 0.01
128 2484 0.2
128 1249 0.05
128 472 0.2
128 535 0.01
128 200 0.01
128 550 0.2
128 193 0.05
128 878 0.05
128 671 0.2
128 2050 0.01
128 2120 0.01
128 2861 0.2
128 2416 0.01
128 219 0.05
128 433 0.01
128 749 0.2
128 208 0.01
128 273 0.01
128 2716 0.05
129 2345 0.2
129 1175 0.01
129 2661 0.01
129 1352 0.05
129 2907 0.05
129 1356 0.2
129 2012 0.01
129 791 0.05
129 468 0.01
129 1721 0.01
129 153 0.05
129 2193 0.2
129 711 0.2
129 2848 0.2
129 1678 0.01
129 1440 0.01
129 1940 0.05
130 1728 0.01
130 404 0.2
130 2062 0.2
130 523 0.01
130 2955 0.01
130 2340 0.01
130 2435 0.05
130 1121 0.05
130 2440 0.2
130 2585 0.01
130 1999 0.01
131 938 0.05
131 2704 0.01
131 2835 0.01
131 2324 0.05
131 727 0.01
131 2474 0.05
131 1938 0.05
131 1790 0.2
131 1162 0.05
131 235 0.01
131 1794 0.05
131 712 0.05
131 2303 0.2
131 1020 0.05
131 963 0.05
131 605 0.01
131 1160 0.01
131 1080 0.05
131 2127 0.05
132 2478 0.01
132 1842 0.05
132 2324 0.05
132 2216 0.01
132 926 0.2
132 2732 0.2
132 2614 0.2
132 1650 0.01
132 2793 0.05
132 1022 0.2
132 1130 0.01
132 953 0.05
132 1651 0.05
132 2635 0.2
132 1262 0.2
132 551 0.01
132 2102 0.01
132 1118 0.01
132 252 0.05
132 2601 0.01
132 2605 0.2
133 1192 0.2
133 1125 0.01
133 2058 0.2
133 1214 0.05
133 1938 0.05
133 2734 0.2
133 1698 0.2
133 2691 0.2
133 727 0.01
133 2613 0.01
133 1332 0.05
133 2261 0.2
133 2342 0.2
133 1628 0.05
133 2538 0.01
133 551 0.2
133 1374 0.01
133 787 0.2
133 2706 0.2
133 2269 0.05
133 2839 0.2
133 2308 0.2
134 2827 0.05
134 2695 0.05
134 2702 0.05
134 147 0.05
134 2720 0.05
134 179 0.2
134 1464 0.05
134 429 0.2
134 335 0.2
134 2952 0.2
134 1294 0.2
134 356 0.01
134 2716 0.2
134 659 0.05
135 1869 0.05
135 1404 0.05
135 796 0.01
135 1354 0.01
135 2172 0.05
135 2422 0.05
135 2229 0.01
135 882 0.2
135 2331 0.05
135 198 0.01
135 904 0.05
135 2505 0.2
135 1477 0.2
135 2931 0.05
135 2503 0.05
135 1838 0.05
135 1481 0.05
135 216 0.01
135 1042 0.2
136 2373 0.01
136 301 0.01
136 1545 0.01
136 833 0.2
136 242 0.05
136 2797 0.2
136 1754 0.05
136 216 0.05
136 532 0.2
136 2002 0.2
136 1763 0.2
136 2396 0.2
136 1737 0.01
136 507 0.01
136 360 0.01
136 552 0.01
136 2264 0.01
137 1828 0.05
137 2455 0.2
137 1012 0.01
137 155 0.05
137 2065 0.01
137 2651 0.05
137 1940 0.2
137 555 0.2
137 576 0.2
137 244 0.01
137 1675 0.05
137 2073 0.2
137 2390 0.05
137 2562 0.01
137 1808 0.2
137 726 0.01
137 2730 0.05
137 1464 0.05
138 2146 0.05
138 1664 0.05
138 2094 0.05
138 1107 0.2
138 1012 0.05
138 1320 0.01
138 2687 0.01
138 1355 0.01
138 1968 0.01
138 1052 0.05
138 929 0.01
138 2866 0.01
138 2396 0.05
138 1951 0.2
138 1598 0.05
138 1004 0.05
139 790 0.05
139 1003 0.05
139 1240 0.2
139 1767 0.05
139 974 0.05
139 2433 0.2
139 2658 0.01
139 2818 0.05
139 837 0.2
139 1959 0.2
140 2453 0.05
140 1927 0.05
140 2373 0.01
140 1322 0.05
140 2413 0.05
140 2822 0.01
140 872 0.05
140 381 0.2
140 2146 0.2
140 666 0.2
140 2889 0.01
141 608 0.05
141 2974 0.05
141 2764 0.05
141 1956 0.01
141 2636 0.05
141 2680 0.05
141 2395 0.05
141 1372 0.01
141 1969 0.01
141 1247 0.01
141 770 0.2
141 2899 0.01
141 936 0.2
141 589 0.05
142 1794 0.2
142 2056 0.05
142 298 0.2
142 2896 0.01
142 2712 0.01
142 1968 0.2
142 1665 0.01
142 2824 0.01
142 1433 0.2
142 2503 0.01
142 2111 0.05
142 1695 0.05
142 252 0.01
142 930 0.2
143 346 0.2
143 1218 0.05
143 2183 0.01
143 812 0.2
143 2632 0.2
143 429 0.01
143 831 0.05
143 620 0.2
143 375 0.05
143 537 0.2
143 2893 0.01
143 2145 0.05
143 460 0.01
143 227 0.01
144 2264 0.05
144 1590 0.01
144 686 0.05
144 1416 0.01
144 2573 0.05
144 2572 0.05
144 356 0.01
144 2597 0.2
144 384 0.05
144 1795 0.2
144 2706 0.05
144 2311 0.05
144 417 0.05
144 889 0.2
144 2442 0.2
145 2644 0.05
145 1896 0.01
145 2034 0.01
145 2564 0.2
145 2604 0.01
145 1056 0.2
145 211 0.01
145 2091 0.01
146 1688 0.2
146 1475 0.01
146 790 0.01
146 1926 0.2
146 2356 0.05
146 581 0.05
146 2434 0.05
146 2122 0.01
146 1875 0.01
146 1170 0.05
146 1315 0.05
146 2031 0.05
146 1517 0.01
146 384 0.05
147 2234 0.2
147 2216 0.05
147 2760 0.05
147 2847 0.05
147 2415 0.05
147 522 0.2
147 2840 0.05
147 231 0.05
147 1074 0.05
147 2020 0.2
147 1344 0.2
147 2101 0.2
147 2936 0.01
147 2144 0.05
147 592 0.2
147 1156 0.05
147 1529 0.01
148 1626 0.2
148 801 0.2
148 2729 0.01
148 2687 0.01
148 1662 0.2
148 361 0.01
148 332 0.01
148 1459 0.01
148 2984 0.05
148 1762 0.2
148 1113 0.01
148 2122 0.05
149 2649 0.2
149 1881 0.2
149 848 0.2
149 399 0.05
149 616 0.05
149 2176 0.2
149 517 0.2
149 1855 0.2
149 1050 0.01
149 1045 0.2
149 952 0.05
149 1382 0.2
149 717 0.2
149 2727 0.05
149 213 0.2
149 2923 0.01
149 2042 0.2
149 743 0.05
149 1912 0.05
149 1445 0.2
149 326 0.2
150 2253 0.05
150 2226 0.01
150 2259 0.01
150 595 0.2
150 1149 0.2
150 971 0.05
150 2397 0.05
150 635 0.05
150 832 0.2
150 578 0.05
150 485 0.05
150 1967 0.01
150 185 0.2
150 1971 0.01
150 167 0.2
150 2748 0.2
150 2712 0.05
150 1452 0.2
150 1892 0.2
151 2028 0.2
151 1874 0.05
151 1389 0.2
151 295 0.01
151 2649 0.2
151 1191 0.05
151 2704 0.01
151 2201 0.05
151 2185 0.05
151 1910 0.2
151 1202 0.2
151 2824 0.2
151 538 0.05
151 1047 0.05
151 502 0.05
151 1322 0.2
151 827 0.05
151 611 0.01
151 1580 0.05
151 2025 0.2
151 1128 0.01
151 1942 0.05
152 185 0.01
152 717 0.05
152 1633 0.01
152 514 0.05
152 2699 0.01
152 633 0.2
152 2875 0.01
152 497 0.2
152 2079 0.05
152 1768 0.01
152 1636 0.05
153 1185 0.01
153 1937 0.2
153 2664 0.2
153 1230 0.05
153 827 0.05
153 1887 0.05
153 1188 0.05
153 298 0.05
153 669 0.05
153 1186 0.05
153 1237 0.2
153 2101 0.05
153 509 0.01
153 2981 0.2
153 2387 0.2
153 2609 0.01
153 531 0.2
153 1622 0.01
153 2765 0.2
153 871 0.01
153 2045 0.05
153 182 0.01
153 1006 0.05
154 1851 0.05
154 2156 0.01
154 2494 0.05
154 386 0.2
154 2833 0.2
154 1624 0.2
154 519 0.2
154 1102 0.01
154 182 0.01
154 815 0.05
154 559 0.05
154 886 0.2
154 2958 0.05
154 2424 0.01
154 785 0.2
154 2658 0.05
154 538 0.05
155 369 0.05
155 1358 0.05
155 2629 0.2
155 936 0.01
155 2415 0.01
155 2396 0.2
155 2353 0.05
155 2428 0.2
155 2343 0.05
155 663 0.2
155 1831 0.01
155 1792 0.2
155 2599 0.2
156 444 0.2
156 563 0.2
156 1475 0.05
156 1861 0.05
156 1513 0.01
156 1526 0.2
156 2634 0.05
156 346 0.05
156 848 0.05
156 1319 0.05
156 310 0.05
156 2260 0.01
156 177 0.05
156 2376 0.01
157 2132 0.05
157 1643 0.05
157 2681 0.05
157 1289 0.01
157 587 0.01
157 1752 0.05
157 2771 0.2
157 2173 0.01
157 2057 0.2
158 1927 0.01
158 1645 0.05
158 2521 0.05
158 729 0.05
158 2201 0.05
158 1556 0.2
158 2670 0.05
158 848 0.01
158 1561 0.2
158 1232 0.2
158 616 0.2
158 707 0.2
158 2659 0.2
158 2259 0.05
158 533 0.05
158 1865 0.05
159 561 0.01
159 2176 0.05
159 1674 0.05
159 465 0.2
159 250 0.01
159 409 0.05
159 436 0.05
159 1758 0.05
159 2974 0.2
159 1310 0.2
159 915 0.05
159 1524 0.05
159 1903 0.05
159 2773 0.2
159 2866 0.05
159 920 0.2
159 1982 0.2
160 1014 0.2
160 2344 0.05
160 2284 0.05
160 373 0.2
160 503 0.05
160 2619 0.01
160 2160 0.01
160 924 0.05
160 2186 0.2
160 1878 0.05
160 2065 0.01
160 1560 0.01
160 1976 0.2
160 2770 0.05
161 2647 0.01
161 2469 0.2
161 656 0.05
161 1190 0.01
161 1026 0.01
161 2271 0.2
161 521 0.05
161 397 0.01
161 2095 0.05
161 2516 0.2
161 1863 0.05
161 2925 0.01
161 2433 0.2
161 175 0.2
161 683 0.2
161 1825 0.2
161 1755 0.01
161 429 0.05
161 453 0.05
161 1964 0.2
161 1194 0.05
161 377 0.2
161 1806 0.2
161 1909 0.2
161 550 0.05
161 2443 0.01
161 1440 0.2
162 2435 0.2
162 2636 0.2
162 1488 0.05
162 2451 0.01
162 951 0.2
162 1816 0.2
162 1853 0.05
162 296 0.05
162 2466 0.01
162 887 0.01
162 1838 0.05
162 1958 0.05
163 1493 0.2
163 2449 0.2
163 883 0.01
163 634 0.2
163 998 0.01
163 2656 0.05
163 1764 0.05
163 1153 0.2
163 1488 0.05
163 2942 0.05
163 1189 0.2
163 2627 0.01
163 839 0.2
163 2634 0.2
163 2995 0.05
163 1061 0.01
163 639 0.2
163 2358 0.05
164 2669 0.01
164 717 0.01
164 185 0.05
164 1927 0.2
164 571 0.05
164 1186 0.01
164 547 0.05
164 959 0.05
164 726 0.01
164 819 0.05
164 945 0.05
164 2395 0.05
164 904 0.2
164 1015 0.2
164 528 0.05
165 880 0.01
165 1469 0.05
165 2102 0.05
165 1117 0.01
165 1954 0.05
165 676 0.05
165 1920 0.2
165 1189 0.01
165 249 0.2
165 2204 0.01
165 928 0.05
165 777 0.01
165 1067 0.2
165 905 0.05
165 2723 0.2
165 1133 0.05
165 1204 0.01
165 408 0.2
165 1279 0.05
166 1545 0.01
166 2166 0.05
166 2383 0.2
166 336 0.01
166 1877 0.05
166 938 0.01
166 1653 0.01
166 2564 0.05
166 1569 0.2
166 207 0.01
166 275 0.05
166 2487 0.05
166 1618 0.2
166 2678 0.05
166 1647 0.2
166 1696 0.01
167 2535 0.05
167 2027 0.2
167 744 0.2
167 890 0.01
167 1562 0.01
167 1812 0.01
167 1598 0.05
167 2490 0.2
167 1370 0.01
167 629 0.01
167 2452 0.2
167 1766 0.01
167 1609 0.01
167 2679 0.01
167 1108 0.2
167 1798 0.05
167 1094 0.2
167 2518 0.2
168 1422 0.01
168 2270 0.01
168 1307 0.01
168 398 0.05
168 1296 0.05
168 2377 0.01
168 2391 0.01
168 492 0.05
168 780 0.2
168 2445 0.2
168 223 0.01
168 2515 0.05
168 2726 0.2
168 2319 0.05
168 690 0.01
168 2783 0.2
168 386 0.01
168 2086 0.01
168 2934 0.2
168 998 0.05
168 1189 0.2
168 1174 0.2
169 794 0.2
169 1767 0.05
169 1150 0.2
169 2873 0.2
169 1294 0.01
169 2726 0.01
169 2596 0.2
169 1643 0.2
170 2944 0.01
170 426 0.2
170 1467 0.05
170 2160 0.05
170 1587 0.05
170 1011 0.01
170 1622 0.01
170 202 0.01
170 1951 0.01
170 1397 0.2
170 1789 0.01
170 1392 0.2
170 1280 0.05
170 1503 0.2
170 1094 0.01
170 1996 0.05
170 2487 0.05
170 1137 0.05
170 2190 0.2
171 1262 0.05
171 1292 0.01
171 504 0.01
171 1658 0.2
171 2077 0.01
171 1850 0.01
171 396 0.01
171 2266 0.01
171 2994 0.2
171 2850 0.2
171 2128 0.01
171 2781 0.05
171 180 0.2
171 815 0.05
171 2263 0.05
171 740 0.2
171 2239 0.05
171 1922 0.2
171 2103 0.2
171 2990 0.05
171 688 0.01
171 1154 0.01
171 609 0.2
171 1042 0.05
171 804 0.01
171 1586 0.2
171 2137 0.2
171 2080 0.01
172 1189 0.2
172 2251 0.05
172 2380 0.05
172 1236 0.2
172 2639 0.2
172 2031 0.05
172 1567 0.01
172 173 0.2
172 606 0.2
172 894 0.05
172 1441 0.05
172 807 0.01
172 936 0.05
172 2069 0.2
172 1711 0.05
172 552 0.01
173 1786 0.05
173 2977 0.2
173 2217 0.2
173 1871 0.2
173 2495 0.05
173 642 0.01
173 274 0.2
173 2546 0.01
173 1190 0.01
173 2082 0.2
173 705 0.01
173 1747 0.05
173 1301 0.05
173 181 0.01
173 251 0.2
174 2163 0.01
174 1888 0.05
174 516 0.2
174 1766 0.01
174 2795 0.01
174 1820 0.05
174 589 0.01
174 2829 0.05
174 1921 0.01
174 2114 0.05
174 2020 0.05
174 1160 0.01
174 2703 0.01
174 1827 0.05
174 1996 0.05
174 1978 0.2
174 2589 0.2
174 699 0.01
174 1667 0.05
174 2789 0.2
174 757 0.2
175 958 0.05
175 2953 0.2
175 1406 0.2
175 1768 0.2
175 1668 0.01
175 1236 0.2
175 736 0.05
175 1529 0.01
175 2717 0.05
175 2224 0.2
175 2853 0.2
175 2685 0.05
175 1734 0.2
175 2314 0.05
176 523 0.2
176 2744 0.01
176 453 0.2
176 2090 0.2
176 1094 0.2
176 544 0.2
176 2402 0.2
176 2652 0.05
176 1228 0.2
176 1373 0.01
176 1235 0.01
177 1083 0.2
177 2519 0.05
177 1517 0.05
177 427 0.01
177 271 0.2
177 2476 0.05
177 1961 0.05
177 1730 0.05
177 2438 0.05
177 339 0.2
177 2291 0.05
177 2906 0.2
177 1850 0.01
177 2793 0.01
177 2483 0.05
177 718 0.01
177 905 0.05
177 245 0.05
178 1682 0.2
178 1925 0.01
178 2157 0.2
178 2118 0.05
178 981 0.2
178 1485 0.05
178 1116 0.05
178 206 0.01
178 1478 0.2
178 1082 0.05
178 2309 0.01
178 1782 0.2
178 1745 0.05
178 2408 0.05
178 2523 0.01
179 817 0.01
179 948 0.2
179 1214 0.2
179 531 0.01
179 699 0.01
179 1349 0.01
179 1474 0.05
179 275 0.01
179 523 0.05
179 2639 0.01
179 1286 0.2
179 2848 0.01
179 2329 0.05
179 1238 0.01
179 1682 0.2
179 1018 0.01
179 1157 0.01
179 412 0.2
179 2402 0.05
179 561 0.01
179 393 0.2
179 1556 0.01
179 709 0.05
179 1160 0.01
179 1698 0.01
180 1133 0.05
180 2814 0.05
180 1283 0.05
180 247 0.2
180 1702 0.01
180 2362 0.05
180 2306 0.2
180 1949 0.05
180 1751 0.01
180 2454 0.05
180 2273 0.05
180 2024 0.01
180 1076 0.01
180 1519 0.2
180 447 0.01
180 2253 0.05
181 1043 0.01
181 546 0.01
181 1002 0.2
181 2306 0.01
181 1711 0.01
181 919 0.01
181 769 0.2
181 2665 0.05
181 1723 0.2
181 636 0.05
181 2958 0.05
181 1384 0.05
181 2902 0.05
182 1825 0.01
182 1893 0.01
182 1191 0.01
182 1128 0.05
182 1165 0.01
182 2845 0.2
182 2903 0.01
182 2234 0.2
182 394 0.2
182 932 0.2
182 631 0.01
182 1407 0.2
183 2911 0.2
183 956 0.05
183 276 0.05
183 2714 0.2
183 2313 0.01
183 2942 0.01
183 878 0.05
183 638 0.05
183 479 0.05
183 2355 0.01
183 1590 0.05
183 1274 0.01
183 2177 0.01
183 1059 0.01
183 1356 0.01
183 910 0.2
183 1327 0.2
183 392 0.05
183 647 0.01
183 1786 0.05
183 2572 0.01
183 1278 0.01
183 1440 0.2
183 2676 0.05
183 812 0.2
184 2418 0.2
184 2102 0.01
184 2412 0.01
184 276 0.01
184 1480 0.01
184 1136 0.2
184 600 0.05
184 2246 0.2
184 2489 0.01
184 2048 0.05
184 1712 0.01
184 1160 0.01
184 981 0.2
184 858 0.2
184 608 0.01
184 862 0.01
184 742 0.2
184 271 0.2
184 1118 0.05
184 511 0.01
184 1680 0.01
185 1640 0.05
185 299 0.01
185 341 0.01
185 448 0.2
185 2958 0.05
185 576 0.05
185 959 0.05
185 2621 0.2
185 1306 0.2
185 1361 0.05
185 710 0.05
185 398 0.01
185 902 0.01
185 741 0.2
186 1123 0.05
186 1263 0.01
186 332 0.05
186 2870 0.01
186 1695 0.05
186 2429 0.2
186 661 0.2
186 1186 0.01
186 2185 0.05
186 2606 0.05
186 1754 0.01
186 2696 0.01
186 2094 0.2
186 1164 0.2
186 1699 0.01
186 2619 0.01
186 2548 0.05
186 2307 0.05
186 1273 0.01
186 1669 0.01
186 1438 0.05
186 2279 0.2
186 551 0.01
186 1294 0.01
186 1986 0.2
186 1341 0.01
187 284 0.2
187 1695 0.05
187 267 0.2
187 435 0.2
187 994 0.05
187 2746 0.01
187 1333 0.01
187 196 0.05
187 2326 0.05
187 2750 0.2
187 1376 0.01
187 1299 0.2
187 1480 0.05
187 649 0.05
187 1229 0.05
187 2323 0.2
187 2440 0.05
187 578 0.05
187 1496 0.01
188 1328 0.05
188 198 0.05
188 1932 0.2
188 1642 0.05
188 1805 0.05
188 422 0.01
188 1924 0.05
188 1668 0.05
188 1785 0.05
188 2783 0.01
188 2971 0.05
188 1144 0.01
188 2546 0.01
188 511 0.05
188 1022 0.05
188 1326 0.05
188 2836 0.01
188 1447 0.05
189 1002 0.2
189 2523 0.05
189 1231 0.2
189 1783 0.2
189 1838 0.2
189 993 0.2
189 309 0.05
189 2783 0.01
189 754 0.2
189 2999 0.05
189 535 0.05
189 904 0.05
189 217 0.01
189 2481 0.2
189 2232 0.2
190 304 0.01
190 2593 0.05
190 1862 0.05
190 2209 0.01
190 1023 0.01
190 1458 0.05
190 945 0.2
190 1337 0.2
190 2657 0.01
190 2437 0.05
190 679 0.01
190 2939 0.05
190 1487 0.2
190 218 0.01
191 1455 0.01
191 2042 0.2
191 2212 0.05
191 2644 0.2
191 539 0.05
191 936 0.05
191 2846 0.05
191 2448 0.01
191 576 0.2
191 436 0.01
191 1830 0.05
191 1614 0.05
191 2657 0.2
191 241 0.2
192 372 0.05
192 2030 0.05
192 1562 0.01
192 1138 0.05
192 1611 0.05
192 2183 0.2
192 501 0.05
192 675 0.01
192 1201 0.05
192 1374 0.05
192 1501 0.2
192 1517 0.01
192 2648 0.2
192 2297 0.05
192 1862 0.01
192 1246 0.2
192 2340 0.05
192 1897 0.05
192 2569 0.2
192 2299 0.01
193 607 0.2
193 1240 0.2
193 1173 0.01
193 488 0.2
193 1487 0.05
193 721 0.01
193 1624 0.01
193 2857 0.05
193 2472 0.01
193 2942 0.01
193 545 0.05
193 2781 0.2
194 1086 0.2
194 1310 0.2
194 2078 0.05
194 2090 0.01
194 1355 0.05
194 945 0.2
194 1276 0.05
194 1114 0.2
194 2525 0.05
194 2192 0.01
194 1618 0.05
194 2603 0.01
194 2996 0.05
194 2084 0.01
195 976 0.05
195 1462 0.2
195 1631 0.2
195 2328 0.2
195 2666 0.2
195 2600 0.01
195 917 0.05
195 1329 0.01
195 311 0.01
195 1574 0.05
195 576 0.05
195 1178 0.2
195 919 0.2
195 2671 0.01
195 1837 0.05
195 1481 0.2
195 2719 0.01
195 1125 0.01
195 2826 0.05
195 1143 0.2
196 2432 0.01
196 699 0.05
196 1246 0.01
196 1992 0.05
196 810 0.05
196 1284 0.2
196 936 0.05
196 1889 0.01
196 838 0.2
196 833 0.01
196 311 0.2
196 579 0.2
196 2576 0.2
196 2263 0.05
196 1524 0.05
196 1767 0.05
196 675 0.2
196 1321 0.01
197 2825 0.2
197 1397 0.01
197 2229 0.05
197 459 0.05
197 514 0.01
197 852 0.05
197 2239 0.01
197 1575 0.05
197 2994 0.01
197 2956 0.01
198 2266 0.05
198 1903 0.05
198 1921 0.01
198 1629 0.01
198 1643 0.2
198 2995 0.05
198 2981 0.05
198 1284 0.01
198 2686 0.2
198 2242 0.2
198 1167 0.2
198 2348 0.01
199 1445 0.01
199 2880 0.05
199 2552 0.05
199 1187 0.2
199 2636 0.05
199 1249 0.01
199 2966 0.2
199 460 0.05
199 2396 0.05
199 2215 0.05
199 1944 0.05
199 2266 0.05
199 2063 0.01
199 902 0.2
199 2031 0.2
199 1780 0.05
199 370 0.05
199 1391 0.05
199 2811 0.01
200 2483 0.05
200 2773 0.05
200 757 0.05
200 359 0.01
200 2843 0.2
200 1641 0.01
200 1032 0.2
200 2708 0.2
200 375 0.01
200 707 0.01
200 2824 0.2
200 2949 0.01
200 1745 0.05
200 889 0.2
200 1914 0.01
200 804 0.05
200 1887 0.01
201 1946 0.01
201 1500 0.2
201 2340 0.2
201 2583 0.01
201 2656 0.01
201 2682 0.05
201 1558 0.01
201 1132 0.05
201 2427 0.01
201 1174 0.2
201 453 0.05
201 1595 0.2
201 760 0.05
201 812 0.2
201 1867 0.01
201 2843 0.01
201 1419 0.05
201 2201 0.05
201 2503 0.05
201 2493 0.2
202 2915 0.01
202 2255 0.2
202 2845 0.2
202 1861 0.2
202 2475 0.01
202 2119 0.01
202 2138 0.2
202 942 0.01
202 2297 0.05
202 2609 0.2
203 2530 0.2
203 392 0.05
203 1583 0.05
203 623 0.2
203 691 0.05
203 2023 0.2
203 2686 0.05
203 1218 0.2
203 2720 0.2
203 1896 0.2
203 1047 0.2
203 909 0.01
203 2225 0.01
203 2030 0.01
203 2952 0.2
203 2690 0.01
204 1258 0.05
204 2790 0.05
204 861 0.01
204 2536 0.01
204 2602 0.2
204 1338 0.01
204 2912 0.05
204 1582 0.01
204 2515 0.2
204 2096 0.01
204 1570 0.2
204 345 0.2
204 1248 0.01
204 1532 0.01
204 2071 0.05
204 1544 0.05
204 2324 0.2
204 403 0.01
204 2609 0.01
205 2392 0.05
205 1902 0.2
205 744 0.01
205 1901 0.2
205 2454 0.01
205 2264 0.2
205 1611 0.2
205 2386 0.05
205 881 0.2
205 1725 0.01
205 886 0.05
205 2535 0.01
205 903 0.01
205 1449 0.05
206 1139 0.05
206 2759 0.2
206 2766 0.05
206 2893 0.2
206 2989 0.01
206 1391 0.05
206 552 0.01
206 408 0.05
206 740 0.05
206 572 0.05
206 893 0.01
207 401 0.05
207 396 0.2
207 1152 0.05
207 993 0.01
207 688 0.2
207 1476 0.05
207 532 0.05
207 985 0.2
207 1830 0.05
207 323 0.2
207 1134 0.01
207 488 0.05
207 2546 0.01
207 2566 0.01
207 2467 0.05
207 562 0.01
207 2711 0.05
207 1708 0.2
207 1788 0.05
207 2806 0.01
208 378 0.01
208 2444 0.01
208 1604 0.2
208 1731 0.01
208 1557 0.01
208 816 0.05
208 1088 0.05
208 2117 0.05
208 1913 0.01
208 1273 0.2
208 2956 0.01
208 511 0.05
208 699 0.2
208 1920 0.05
208 1203 0.01
208 2899 0.2
208 1064 0.05
208 503 0.2
209 2335 0.05
209 1306 0.01
209 2034 0.2
209 1622 0.2
209 2834 0.05
209 1301 0.01
209 1982 0.2
209 2786 0.01
209 994 0.2
209 1363 0.05
209 2770 0.01
209 689 0.01
209 951 0.01
209 2125 0.2
210 1034 0.01
210 1178 0.05
210 2390 0.05
210 1718 0.05
210 2463 0.2
210 2486 0.05
210 1703 0.2
210 2423 0.05
210 622 0.01
210 733 0.2
210 2668 0.2
210 1683 0.01
210 348 0.01
210 1981 0.01
210 1087 0.05
210 1808 0.05
210 2622 0.01
210 2289 0.01
211 1810 0.2
211 780 0.05
211 2688 0.2
211 1490 0.2
211 1246 0.05
211 2631 0.01
211 2366 0.2
211 2700 0.2
211 2056 0.2
211 600 0.2
211 2720 0.2
211 623 0.05
211 1480 0.01
211 1392 0.05
211 1252 0.05
211 1754 0.2
211 650 0.2
211 2918 0.01
211 357 0.05
212 1623 0.05
212 495 0.2
212 2662 0.01
212 2848 0.05
212 2332 0.05
212 2375 0.05
212 1354 0.2
212 2860 0.01
212 1879 0.2
212 465 0.05
212 1428 0.2
212 2749 0.2
212 990 0.01
212 1238 0.01
212 2818 0.05
212 2516 0.05
213 2209 0.01
213 1024 0.01
213 658 0.05
213 2730 0.2
213 240 0.2
213 1207 0.2
213 2598 0.01
213 2778 0.01
213 1585 0.05
213 318 0.05
213 683 0.05
213 2345 0.05
213 560 0.01
213 1457 0.01
213 1198 0.01
213 1376 0.2
213 2487 0.01
213 2406 0.05
213 2497 0.2
213 873 0.01
213 2785 0.01
214 1086 0.2
214 2448 0.2
214 2201 0.05
214 2450 0.05
214 735 0.05
214 2705 0.05
214 2802 0.05
214 507 0.01
214 2027 0.2
214 1480 0.2
214 1582 0.01
214 2413 0.2
214 1706 0.05
214 1119 0.01
214 858 0.05
214 760 0.05
214 296 0.01
215 347 0.05
215 953 0.01
215 734 0.2
215 686 0.01
215 733 0.2
215 1063 0.05
215 1171 0.01
215 2496 0.05
215 2378 0.01
215 450 0.05
215 2470 0.05
215 2697 0.01
215 1041 0.01
216 1407 0.01
216 1116 0.05
216 407 0.2
216 2362 0.01
216 2971 0.2
216 2496 0.05
216 1357 0.01
216 2121 0.05
216 968 0.05
216 1881 0.01
216 1577 0.01
216 1860 0.01
216 1777 0.05
216 1016 0.01
216 1156 0.05
216 582 0.05
217 2745 0.01
217 1904 0.01
217 2248 0.05
217 1132 0.2
217 773 0.2
217 1366 0.05
217 471 0.2
217 505 0.05
217 2873 0.01
217 2352 0.2
217 1435 0.05
217 1665 0.01
217 1607 0.01
217 1368 0.2
217 945 0.2
217 1192 0.2
217 1620 0.01
218 1623 0.2
218 1012 0.2
218 1553 0.05
218 508 0.01
218 1840 0.2
218 2332 0.01
218 1273 0.05
218 1769 0.2
218 582 0.01
218 2670 0.05
218 2558 0.01
218 363 0.01
218 1584 0.01
218 703 0.2
219 2811 0.01
219 1416 0.05
219 1470 0.05
219 414 0.2
219 1927 0.01
219 1201 0.05
219 1507 0.2
219 571 0.05
219 937 0.01
219 674 0.05
219 2177 0.05
219 391 0.2
219 1259 0.2
219 2981 0.01
219 341 0.01
219 1605 0.01
219 1595 0.05
219 2826 0.05
219 2743 0.2
219 2910 0.2
219 600 0.01
219 2102 0.05
219 2634 0.2
219 1789 0.2
219 1388 0.2
220 2261 0.05
220 352 0.05
220 378 0.01
220 370 0.2
220 941 0.05
220 1730 0.2
220 1892 0.01
220 1667 0.01
220 349 0.2
220 2508 0.01
220 2003 0.2
220 986 0.05
220 1469 0.01
221 2758 0.01
221 617 0.2
221 525 0.01
221 1566 0.05
221 2641 0.01
221 2209 0.05
221 2906 0.05
221 1522 0.01
221 866 0.05
221 1419 0.01
221 444 0.05
221 2812 0.01
221 1420 0.01
221 801 0.05
221 2042 0.01
221 2325 0.01
221 1292 0.05
221 2559 0.01
221 2295 0.2
221 2762 0.05
221 2111 0.2
221 1011 0.01
221 1158 0.01
222 1692 0.2
222 913 0.05
222 729 0.2
222 2248 0.01
222 2630 0.2
222 1984 0.01
222 1395 0.05
222 346 0.05
222 2653 0.2
222 1316 0.05
222 2244 0.01
222 2856 0.05
222 2453 0.05
222 2390 0.01
222 757 0.05
222 1727 0.05
222 2471 0.2
222 1760 0.2
223 2266 0.01
223 2646 0.01
223 629 0.2
223 2510 0.05
223 460 0.2
223 2511 0.05
223 259 0.2
223 2829 0.2
223 608 0.05
223 1728 0.05
223 1521 0.05
223 1099 0.2
223 1240 0.01
223 2320 0.05
223 712 0.01
223 1100 0.2
223 1917 0.2
223 352 0.05
223 713 0.01
223 1022 0.05
223 2617 0.05
224 2454 0.2
224 1375 0.01
224 1234 0.2
224 1106 0.01
224 1229 0.2
224 1670 0.05
224 1682 0.2
224 272 0.2
224 1318 0.2
224 1712 0.05
224 1452 0.05
224 1287 0.01
224 2656 0.01
224 1930 0.2
224 1292 0.01
224 2289 0.01
224 1939 0.01
225 1266 0.01
225 607 0.05
225 2490 0.01
225 2862 0.01
225 256 0.01
225 2242 0.01
225 625 0.2
225 349 0.2
225 990 0.2
225 761 0.2
225 1761 0.01
226 508 0.01
226 1640 0.2
226 1674 0.2
226 790 0.05
226 897 0.01
226 1418 0.01
226 1631 0.05
226 1274 0.01
226 340 0.2
226 2695 0.2
226 1125 0.2
226 2708 0.2
227 1824 0.01
227 2046 0.05
227 289 0.01
227 1600 0.05
227 663 0.01
227 2177 0.01
227 619 0.05
227 819 0.01
227 1835 0.2
227 2999 0.05
227 279 0.05
227 1770 0.05
227 2290 0.2
227 529 0.05
227 1232 0.05
227 1295 0.01
227 794 0.05
227 2917 0.2
227 1230 0.01
228 2075 0.05
228 2290 0.01
228 998 0.2
228 564 0.01
228 2960 0.05
228 2455 0.05
228 1502 0.05
228 2942 0.2
228 2554 0.2
228 1353 0.2
228 1655 0.05
228 2622 0.05
228 848 0.01
228 1388 0.05
228 968 0.2
229 1328 0.01
229 1201 0.05
229 2608 0.01
229 2185 0.05
229 601 0.01
229 1091 0.2
229 1369 0.01
229 1695 0.2
229 1383 0.2
229 2731 0.01
229 2008 0.01
229 896 0.01
229 1816 0.01
229 325 0.2
229 2619 0.05
229 2161 0.01
229 320 0.01
229 695 0.2
229 2324 0.2
229 2668 0.2
229 1043 0.01
229 1419 0.05
229 1811 0.05
229 2841 0.05
229 1042 0.01
229 727 0.2
229 1570 0.2
230 1441 0.05
230 952 0.05
230 1531 0.01
230 393 0.2
230 499 0.2
230 2440 0.05
230 2452 0.01
230 2466 0.01
230 2619 0.01
230 1152 0.2
230 1898 0.2
230 435 0.2
231 889 0.2
231 818 0.2
231 2708 0.05
231 2638 0.01
231 2640 0.05
231 482 0.05
231 2906 0.2
231 804 0.2
231 1920 0.01
231 1482 0.2
231 647 0.2
231 1699 0.2
231 1824 0.01
232 2080 0.05
232 984 0.2
232 376 0.2
232 2236 0.05
232 1023 0.01
232 313 0.01
232 1727 0.05
232 456 0.05
232 1613 0.2
232 2507 0.2
232 710 0.2
232 2603 0.01
232 2859 0.01
232 238 0.05
232 2458 0.2
232 862 0.01
232 2871 0.05
232 772 0.2
232 1944 0.01
232 891 0.05
232 2205 0.01
233 1510 0.2
233 1002 0.2
233 2986 0.05
233 1285 0.05
233 2641 0.05
233 2347 0.2
233 2249 0.01
233 2948 0.05
233 1068 0.2
233 356 0.01
233 1954 0.2
234 1284 0.05
234 2619 0.2
234 972 0.01
234 2501 0.01
234 1329 0.2
234 2343 0.05
234 1521 0.01
234 1544 0.2
234 2707 0.2
234 673 0.2
234 679 0.05
234 2128 0.2
234 594 0.05
234 2864 0.01
234 1490 0.01
234 2808 0.01
234 2831 0.01
234 1115 0.2
234 1241 0.01
235 2447 0.2
235 1509 0.01
235 2356 0.05
235 1457 0.2
235 2663 0.2
235 1193 0.01
235 1410 0.2
235 1493 0.2
235 2842 0.05
235 1819 0.2
235 1812 0.05
235 2798 0.05
235 2722 0.2
235 589 0.05
235 757 0.2
236 2288 0.2
236 1896 0.01
236 1021 0.05
236 2353 0.2
236 2666 0.01
236 1844 0.01
236 1978 0.05
236 1976 0.05
236 2003 0.05
236 2695 0.2
236 613 0.05
236 2516 0.2
236 2441 0.05
237 980 0.2
237 1001 0.2
237 2598 0.01
237 1788 0.05
237 548 0.01
237 2284 0.01
237 2364 0.01
237 591 0.01
237 1412 0.01
237 2988 0.2
238 2901 0.2
238 2506 0.2
238 664 0.01
238 2646 0.05
238 2409 0.2
238 1168 0.05
238 866 0.2
238 887 0.2
238 2103 0.05
238 1764 0.05
238 2783 0.01
238 852 0.05
238 510 0.2
239 2372 0.2
239 1932 0.2
239 598 0.05
239 1220 0.2
239 2373 0.2
239 2304 0.05
239 1328 0.01
239 739 0.2
239 364 0.01
239 635 0.2
239 1529 0.05
239 1595 0.2
239 2254 0.2
239 829 0.01
239 2863 0.2
239 573 0.01
239 1411 0.05
239 2565 0.2
239 919 0.01
240 1642 0.2
240 2628 0.05
240 652 0.2
240 1542 0.01
240 1967 0.05
240 325 0.01
240 510 0.01
240 2242 0.05
240 1553 0.2
240 1074 0.2
240 2884 0.2
240 675 0.05
240 327 0.01
240 2578 0.05
240 868 0.01
240 2658 0.05
240 1933 0.05
241 2584 0.05
241 2516 0.2
241 748 0.2
241 2021 0.01
241 1490 0.01
241 379 0.2
241 269 0.2
241 374 0.05
241 2350 0.01
241 1931 0.2
241 2455 0.01
241 777 0.05
241 1416 0.01
241 932 0.01
242 2645 0.05
242 1135 0.2
242 1921 0.05
242 415 0.05
242 273 0.01
242 2281 0.05
242 1032 0.05
242 1736 0.2
242 1272 0.2
242 845 0.05
242 1889 0.2
242 1423 0.05
242 801 0.01
242 2038 0.01
242 381 0.01
242 609 0.05
242 477 0.2
243 847 0.01
243 1370 0.05
243 974 0.01
243 485 0.2
243 1463 0.01
243 308 0.05
243 1758 0.2
243 1409 0.2
243 2224 0.05
243 2547 0.05
243 1590 0.05
243 555 0.01
243 2317 0.01
243 1110 0.2
243 429 0.05
244 292 0.01
244 1456 0.05
244 2329 0.2
244 1430 0.05
244 346 0.2
244 1199 0.05
244 2727 0.05
244 1664 0.01
244 251 0.01
244 255 0.05
244 2892 0.05
244 409 0.05
244 1307 0.05
244 399 0.05
244 1501 0.05
245 2402 0.01
245 647 0.01
245 2015 0.2
245 669 0.2
245 2560 0.2
245 2139 0.05
245 2998 0.2
245 325 0.2
245 2631 0.05
245 2089 0.05
245 1590 0.05
245 858 0.2
245 2559 0.01
245 2630 0.05
245 1005 0.05
245 837 0.2
245 2782 0.05
245 2186 0.01
245 274 0.05
246 2543 0.05
246 2216 0.2
246 1163 0.05
246 1362 0.05
246 2025 0.05
246 2164 0.01
246 2478 0.2
246 757 0.01
246 2617 0.2
246 1537 0.2
246 1127 0.01
246 707 0.05
246 917 0.01
246 2707 0.01
246 2702 0.2
247 2530 0.05
247 1630 0.05
247 1409 0.2
247 1138 0.05
247 2170 0.01
247 1241 0.05
247 2534 0.2
247 1738 0.01
247 2361 0.01
247 2398 0.05
247 1969 0.05
247 2936 0.01
247 2349 0.01
247 2877 0.2
248 403 0.01
248 1630 0.05
248 2617 0.2
248 2925 0.01
248 1103 0.2
248 350 0.05
248 798 0.2
248 1096 0.2
248 275 0.2
248 1729 0.01
248 1684 0.01
248 2537 0.2
248 1539 0.01
248 2130 0.01
248 304 0.2
249 2220 0.2
249 2280 0.2
249 359 0.2
249 1585 0.05
249 2319 0.01
249 497 0.01
249 2926 0.05
249 2303 0.2
249 850 0.05
249 2482 0.05
249 1898 0.2
249 2452 0.2
249 1342 0.2
249 1903 0.05
249 640 0.01
249 752 0.2
249 894 0.05
249 610 0.05
249 2055 0.01
250 2559 0.01
250 2424 0.01
250 1887 0.05
250 2867 0.05
250 2571 0.05
250 528 0.05
250 2465 0.05
250 833 0.2
250 886 0.2
250 1107 0.01
250 765 0.2
250 279 0.05
250 674 0.01
250 2889 0.05
250 2897 0.2
250 1903 0.01
250 2066 0.2
250 389 0.05
250 646 0.2
250 1370 0.01
251 370 0.05
251 2577 0.01
251 1610 0.05
251 2088 0.01
251 266 0.2
251 2537 0.05
251 2848 0.01
251 979 0.2
251 1154 0.05
251 1686 0.01
251 1080 0.01
251 2139 0.2
251 455 0.01
251 578 0.01
251 2711 0.05
252 459 0.05
252 2311 0.05
252 264 0.05
252 2759 0.2
252 706 0.01
252 1182 0.2
252 1076 0.05
252 1856 0.01
252 819 0.05
252 781 0.2
252 2275 0.01
252 929 0.2
252 2670 0.01
253 617 0.01
253 1129 0.01
253 1810 0.2
253 1273 0.01
253 2506 0.05
253 930 0.05
253 1141 0.05
253 2343 0.2
253 318 0.2
254 967 0.05
254 2828 0.05
254 1740 0.05
254 2149 0.05
254 1432 0.2
254 2983 0.01
254 613 0.01
254 595 0.01
254 1906 0.01
254 2021 0.05
254 2556 0.2
254 1177 0.05
255 1703 0.05
255 2890 0.01
255 2325 0.2
255 1512 0.2
255 1135 0.05
255 1557 0.2
255 2717 0.05
255 1287 0.2
255 668 0.2
255 1829 0.01
255 509 0.01
256 2364 0.2
256 2802 0.05
256 1435 0.01
256 1808 0.2
256 770 0.01
256 1853 0.05
256 1731 0.2
257 454 0.2
257 949 0.2
257 2564 0.2
257 2101 0.2
257 2023 0.05
257 1030 0.2
257 2568 0.01
257 2323 0.01
257 517 0.05
257 1247 0.01
257 1449 0.01
257 1499 0.01
257 1313 0.05
257 2348 0.05
257 1490 0.05
257 1720 0.05
257 1159 0.2
257 2682 0.01
258 2652 0.01
258 2932 0.2
258 2214 0.05
258 830 0.01
258 494 0.2
258 2740 0.2
258 1076 0.2
258 1939 0.2
258 2689 0.05
258 1646 0.01
258 2833 0.01
258 2674 0.05
258 1574 0.01
258 1881 0.01
258 2155 0.2
258 645 0.05
258 743 0.01
259 684 0.2
259 2189 0.01
259 1071 0.05
259 2398 0.01
259 2953 0.01
259 2264 0.05
259 1964 0.05
259 353 0.01
259 2817 0.01
259 1872 0.05
259 365 0.05
259 2589 0.05
259 1581 0.01
259 2983 0.05
259 1727 0.2
259 2109 0.2
259 1185 0.05
259 2634 0.2
259 2458 0.05
260 2442 0.05
260 1950 0.01
260 1667 0.05
260 1097 0.2
260 1383 0.2
260 2189 0.05
260 2923 0.01
260 542 0.05
260 2169 0.01
260 2070 0.05
260 2515 0.05
260 1764 0.05
260 735 0.2
260 1184 0.05
260 1853 0.01
260 1810 0.01
260 2984 0.05
260 548 0.01
260 591 0.01
260 891 0.2
260 1026 0.05
260 2578 0.2
261 2868 0.2
261 1077 0.05
261 1377 0.01
261 391 0.2
261 2420 0.2
261 2125 0.2
261 2504 0.2
261 2793 0.05
261 278 0.05
261 2826 0.05
261 1275 0.2
261 1427 0.2
261 451 0.2
261 2127 0.05
261 737 0.05
262 920 0.2
262 361 0.2
262 1825 0.01
262 1286 0.01
262 2653 0.05
262 2396 0.2
262 1562 0.01
262 2071 0.2
262 2016 0.05
262 2939 0.05
262 2604 0.01
262 2717 0.2
262 2908 0.2
262 1906 0.01
262 2558 0.01
263 1699 0.01
263 1305 0.01
263 1133 0.05
263 2591 0.05
263 1720 0.2
263 294 0.01
263 1907 0.01
263 643 0.2
263 2102 0.01
263 1851 0.2
263 1147 0.01
263 2081 0.2
263 2890 0.05
263 301 0.05
263 1154 0.2
263 834 0.05
263 1153 0.05
263 1289 0.2
263 1139 0.05
263 641 0.01
264 809 0.01
264 2013 0.2
264 2637 0.01
264 1299 0.2
264 1207 0.2
264 701 0.05
264 1852 0.05
264 515 0.2
264 1466 0.05
264 1141 0.2
264 1868 0.05
264 973 0.05
264 2884 0.2
265 2906 0.2
265 1199 0.2
265 1489 0.05
265 685 0.2
265 2739 0.01
265 1185 0.05
265 1519 0.05
265 1818 0.05
265 2163 0.01
265 1312 0.05
265 1024 0.2
265 570 0.2
265 2985 0.05
265 1322 0.2
265 496 0.05
265 1031 0.2
265 1629 0.05
265 1267 0.01
266 525 0.2
266 522 0.2
266 2804 0.01
266 1529 0.2
266 1628 0.05
266 357 0.01
266 567 0.2
266 2654 0.01
266 2141 0.05
266 2898 0.05
266 1377 0.2
266 2894 0.2
266 1057 0.01
266 577 0.01
266 1368 0.01
267 1641 0.2
267 1946 0.2
267 2409 0.05
267 2912 0.2
267 867 0.05
267 1778 0.05
267 1451 0.01
267 351 0.2
267 2169 0.2
267 2112 0.01
267 2411 0.2
267 1733 0.2
267 380 0.01
267 957 0.01
267 2451 0.05
268 1274 0.2
268 2567 0.05
268 771 0.01
268 1248 0.01
268 1983 0.01
268 732 0.2
268 2271 0.01
268 2756 0.05
268 655 0.05
268 2623 0.2
268 1695 0.05
268 1149 0.2
268 796 0.05
268 2754 0.01
269 607 0.01
269 1370 0.05
269 1266 0.2
269 1768 0.2
269 2179 0.01
269 2331 0.01
269 1297 0.05
269 2729 0.2
269 1291 0.05
269 2822 0.05
269 2463 0.2
269 1059 0.2
269 2597 0.2
269 1123 0.01
270 1270 0.05
270 725 0.2
270 1395 0.2
270 1373 0.05
270 2695 0.01
270 1666 0.05
270 1259 0.2
270 1976 0.05
270 1413 0.05
270 1106 0.05
270 2578 0.01
270 2683 0.2
270 1946 0.01
270 449 0.01
270 681 0.05
270 2061 0.01
270 1035 0.05
270 2265 0.05
270 2420 0.01
270 2370 0.2
270 2762 0.05
270 2510 0.2
270 1046 0.01
270 2557 0.2
271 1096 0.01
271 611 0.05
271 2073 0.2
271 2300 0.01
271 460 0.01
271 1709 0.2
271 2715 0.01
271 1536 0.2
271 1144 0.05
271 1460 0.2
271 2487 0.2
271 2106 0.05
271 2304 0.01
271 1336 0.05
272 1591 0.05
272 2001 0.2
272 773 0.2
272 1885 0.2
272 1186 0.05
272 893 0.05
272 1665 0.2
272 2790 0.01
272 844 0.2
272 465 0.05
272 1192 0.01
273 2698 0.2
273 2453 0.2
273 2859 0.01
273 640 0.01
273 1957 0.2
273 949 0.01
273 1079 0.01
273 2539 0.2
273 1002 0.01
273 1954 0.01
273 1264 0.01
273 1545 0.05
273 2129 0.05
273 2577 0.2
273 1112 0.01
273 2655 0.01
273 410 0.2
273 2249 0.2
273 1304 0.01
274 1942 0.05
274 2978 0.05
274 2296 0.05
274 309 0.05
274 1324 0.2
274 1089 0.2
274 1038 0.2
274 1729 0.01
274 928 0.05
274 1740 0.2
274 1712 0.05
274 2408 0.01
274 1037 0.05
274 2450 0.01
274 1395 0.05
274 2499 0.01
274 539 0.05
274 1904 0.01
274 1122 0.2
274 2302 0.05
274 1868 0.2
274 2267 0.2
274 892 0.01
275 517 0.2
275 844 0.05
275 1229 0.01
275 1026 0.05
275 2320 0.2
275 463 0.01
275 564 0.01
275 2009 0.05
275 2078 0.05
275 315 0.01
275 628 0.05
275 799 0.2
275 1598 0.2
275 2242 0.01
275 2702 0.01
275 2266 0.05
275 1249 0.05
275 566 0.05
275 885 0.01
275 1341 0.01
275 2677 0.05
275 1635 0.2
275 2446 0.2
275 1437 0.01
275 2385 0.05
275 1655 0.2
276 937 0.05
276 1412 0.01
276 2405 0.05
276 1056 0.2
276 2921 0.2
276 1974 0.2
276 990 0.2
276 700 0.01
276 1958 0.05
276 1588 0.2
276 1665 0.2
276 2311 0.05
276 1768 0.05
276 2015 0.2
276 478 0.05
276 2651 0.01
276 2488 0.2
277 2154 0.2
277 2839 0.01
277 1300 0.2
277 1552 0.2
277 1042 0.2
277 1786 0.05
277 1963 0.01
277 477 0.05
277 1806 0.2
277 1073 0.01
277 1807 0.2
277 1131 0.05
277 894 0.05
277 2920 0.05
277 528 0.05
277 1054 0.01
277 1733 0.2
277 2144 0.2
277 2581 0.2
277 2387 0.2
277 312 0.01
277 2187 0.2
277 982 0.05
278 2765 0.05
278 2896 0.2
278 1465 0.2
278 575 0.01
278 2252 0.2
278 595 0.01
278 2928 0.05
278 2381 0.01
278 374 0.2
278 2414 0.2
278 2025 0.01
278 2108 0.01
279 1801 0.05
279 2132 0.05
279 405 0.01
279 2040 0.05
279 338 0.2
279 661 0.2
279 1613 0.2
279 1740 0.05
279 2280 0.01
279 579 0.05
279 435 0.05
279 2034 0.05
279 1411 0.2
279 1900 0.2
279 553 0.05
279 2774 0.01
279 2721 0.05
280 2437 0.2
280 2529 0.05
280 585 0.2
280 747 0.01
280 824 0.01
280 312 0.01
280 2241 0.01
280 1516 0.2
280 2525 0.05
280 2298 0.2
280 1553 0.01
280 2737 0.01
280 966 0.2
281 1429 0.01
281 2662 0.2
281 840 0.05
281 2419 0.05
281 2882 0.05
281 1593 0.05
281 1138 0.01
281 386 0.2
281 750 0.05
281 894 0.2
281 340 0.01
281 1050 0.05
281 1437 0.05
281 1065 0.05
281 2561 0.2
281 1559 0.01
281 827 0.01
281 2173 0.01
281 2672 0.01
281 2825 0.01
282 2072 0.01
282 1933 0.01
282 1905 0.05
282 2175 0.2
282 1515 0.05
282 1527 0.05
282 568 0.2
282 2159 0.2
283 2181 0.2
283 1675 0.05
283 580 0.2
283 1341 0.2
283 2056 0.05
283 1299 0.01
283 2929 0.01
283 1441 0.05
283 1138 0.01
283 1224 0.2
283 1007 0.01
283 1625 0.05
283 2262 0.01
283 871 0.2
283 1207 0.2
283 2201 0.01
283 2849 0.2
283 874 0.05
283 2873 0.01
283 1395 0.01
284 1141 0.2
284 2014 0.2
284 1580 0.01
284 769 0.05
284 682 0.01
284 1535 0.05
284 1006 0.05
284 2017 0.2
284 1714 0.01
284 1755 0.01
284 826 0.2
284 1690 0.2
284 2116 0.05
284 1789 0.2
284 1883 0.2
285 559 0.2
285 581 0.01
285 792 0.2
285 2450 0.05
285 1948 0.05
285 2119 0.2
285 856 0.05
285 1640 0.01
285 1647 0.01
285 2613 0.05
285 2458 0.2
285 2744 0.2
285 811 0.2
285 774 0.05
285 1161 0.05
286 1766 0.01
286 1231 0.01
286 1862 0.01
286 788 0.2
286 2852 0.05
286 1802 0.01
286 2051 0.2
286 2341 0.05
286 1475 0.01
286 539 0.2
286 1275 0.05
287 2212 0.01
287 1136 0.2
287 2339 0.01
287 322 0.05
287 2838 0.05
287 1716 0.05
287 2913 0.2
287 631 0.01
287 2615 0.2
287 1166 0.01
287 1423 0.05
287 486 0.2
288 2355 0.05
288 1244 0.05
288 2340 0.2
288 1578 0.2
288 1435 0.05
288 2949 0.01
288 913 0.2
288 639 0.2
288 1943 0.2
288 2966 0.05
288 2397 0.2
288 2788 0.05
288 2554 0.05
288 359 0.2
288 1708 0.2
289 2569 0.2
289 2578 0.05
289 1704 0.01
289 2971 0.2
289 1588 0.05
289 2310 0.2
289 2476 0.01
289 1062 0.2
289 2733 0.05
289 963 0.01
289 513 0.2
289 491 0.2
289 757 0.01
290 2899 0.05
290 2105 0.05
290 1956 0.2
290 2163 0.01
290 2940 0.05
290 1237 0.05
290 963 0.01
290 2331 0.2
290 2514 0.2
290 2217 0.05
290 2472 0.2
290 1893 0.05
290 2800 0.01
290 2419 0.2
290 1158 0.05
290 2077 0.01
290 1230 0.05
290 2838 0.2
290 1305 0.01
290 728 0.2
290 2068 0.01
290 1100 0.05
290 1311 0.01
291 2815 0.2
291 1934 0.01
291 1275 0.01
291 2409 0.01
291 365 0.01
291 2550 0.2
291 1508 0.2
291 1778 0.05
291 1251 0.05
291 2947 0.01
291 1978 0.01
291 1704 0.05
292 2495 0.05
292 1657 0.2
292 1607 0.01
292 485 0.05
292 1703 0.05
292 2787 0.2
292 1811 0.05
292 1430 0.05
292 479 0.05
292 587 0.01
292 1845 0.2
292 2491 0.05
292 1463 0.05
292 2106 0.2
292 2428 0.05
293 992 0.2
293 2655 0.05
293 2187 0.01
293 2154 0.01
293 2703 0.2
293 978 0.05
293 636 0.01
293 2335 0.2
293 706 0.05
293 1872 0.01
293 2716 0.05
293 477 0.01
293 2833 0.01
294 1969 0.01
294 2162 0.01
294 1395 0.05
294 1096 0.2
294 2644 0.05
294 2761 0.05
294 1467 0.05
294 517 0.05
294 1741 0.2
294 1009 0.05
294 751 0.05
295 1626 0.05
295 2810 0.05
295 587 0.2
295 2846 0.05
295 2482 0.05
295 2995 0.2
295 2516 0.05
295 1524 0.01
295 1931 0.2
295 2261 0.01
295 2801 0.2
295 2050 0.2
295 1460 0.05
296 2060 0.05
296 1595 0.05
296 346 0.01
296 2542 0.01
296 2910 0.05
296 2192 0.01
296 756 0.05
296 1253 0.2
296 2520 0.05
297 1494 0.2
297 1465 0.01
297 1004 0.2
297 2318 0.01
297 420 0.01
297 1312 0.01
297 713 0.01
297 968 0.2
297 1491 0.05
297 2329 0.05
297 1590 0.2
297 1630 0.01
297 923 0.01
297 1637 0.05
297 2601 0.2
297 1696 0.05
297 1526 0.2
297 1517 0.01
298 1865 0.05
298 2820 0.01
298 770 0.05
298 2898 0.05
298 969 0.01
298 913 0.05
298 2309 0.01
298 2924 0.01
298 2581 0.05
298 615 0.01
298 695 0.05
298 570 0.01
298 2020 0.2
298 1250 0.2
298 1235 0.01
298 567 0.05
298 1137 0.2
298 2395 0.2
298 2502 0.01
298 1855 0.2
298 2531 0.05
299 2251 0.01
299 1049 0.2
299 683 0.01
299 2596 0.01
299 781 0.2
299 744 0.2
299 867 0.05
299 2484 0.01
299 2866 0.05
299 848 0.01
299 599 0.05
299 1785 0.01
299 1929 0.01
299 505 0.05
299 1100 0.05
299 798 0.01
299 2544 0.05
300 2202 0.2
300 358 0.01
300 847 0.01
300 1157 0.05
300 1259 0.05
300 2032 0.01
300 2478 0.05
300 1599 0.2
300 2413 0.01
300 1758 0.05
300 683 0.01
300 1779 0.01
301 330 0.05
301 1182 0.2
301 336 0.2
301 903 0.2
301 1694 0.2
301 605 0.05
301 2239 0.05
301 2397 0.2
301 1574 0.05
301 902 0.2
301 1242 0.01
301 2340 0.01
301 927 0.2
301 893 0.2
301 796 0.05
301 1999 0.05
301 2077 0.05
302 1809 0.01
302 513 0.2
302 1839 0.2
302 1953 0.05
302 1453 0.2
302 313 0.01
302 1228 0.2
302 2742 0.05
302 1028 0.05
302 1376 0.2
302 1811 0.05
302 1700 0.01
302 2982 0.01
302 2920 0.01
303 2014 0.2
303 2078 0.2
303 1851 0.01
303 1843 0.01
303 428 0.2
303 663 0.2
303 2752 0.05
303 1876 0.2
303 550 0.2
303 2226 0.05
303 1923 0.2
303 675 0.05
303 2585 0.05
303 2954 0.2
303 843 0.2
303 514 0.2
303 2227 0.2
304 2737 0.01
304 1023 0.05
304 1728 0.01
304 2979 0.05
304 995 0.05
304 725 0.2
304 1687 0.05
304 2735 0.2
304 2406 0.2
304 2749 0.05
304 475 0.2
304 824 0.2
304 2290 0.05
304 671 0.01
304 797 0.05
305 830 0.05
305 2796 0.2
305 2363 0.01
305 1357 0.2
305 757 0.01
305 2460 0.01
305 2705 0.01
305 2464 0.2
305 1742 0.2
305 2018 0.05
305 1924 0.01
305 640 0.05
305 546 0.05
305 2600 0.05
305 1503 0.05
305 2092 0.2
305 1309 0.05
306 632 0.01
306 2424 0.01
306 677 0.01
306 404 0.01
306 2350 0.05
306 2188 0.05
306 1062 0.01
306 2517 0.2
306 1995 0.2
306 980 0.01
306 1407 0.01
306 2452 0.05
307 641 0.05
307 2749 0.05
307 2998 0.2
307 2963 0.2
307 716 0.01
307 2103 0.05
307 2485 0.01
307 1080 0.2
307 319 0.01
307 1772 0.2
307 2040 0.01
307 332 0.05
307 733 0.05
307 1013 0.05
307 435 0.2
307 1237 0.2
307 2855 0.01
307 1968 0.2
307 2624 0.01
307 384 0.05
307 549 0.01
307 1356 0.05
307 658 0.05
307 1955 0.01
308 1023 0.2
308 458 0.05
308 576 0.2
308 2684 0.2
308 2194 0.01
308 2396 0.2
308 2085 0.01
308 811 0.2
308 2778 0.01
308 363 0.05
308 1696 0.2
308 1048 0.05
308 2401 0.2
308 1545 0.01
308 2833 0.05
308 723 0.2
308 1342 0.01
308 2541 0.01
308 2343 0.01
308 2666 0.2
309 2595 0.2
309 2683 0.01
309 1166 0.05
309 2323 0.01
309 997 0.2
309 1080 0.2
309 1097 0.01
309 2396 0.2
310 2705 0.01
310 1470 0.05
310 2878 0.2
310 2814 0.01
310 1247 0.01
310 999 0.05
310 1176 0.05
311 2425 0.2
311 950 0.01
311 2271 0.05
311 813 0.05
311 1527 0.2
311 603 0.05
311 1373 0.05
311 2879 0.2
311 1058 0.05
311 1579 0.01
311 1298 0.05
311 699 0.2
311 571 0.2
311 1536 0.01
311 488 0.05
311 1893 0.01
311 2858 0.2
311 1352 0.01
311 426 0.2
311 604 0.05
312 2090 0.01
312 477 0.05
312 2521 0.2
312 2913 0.2
312 861 0.01
312 314 0.2
312 2825 0.2
312 1274 0.01
312 763 0.2
312 1524 0.2
312 1839 0.01
312 1316 0.05
312 428 0.2
312 2070 0.2
312 448 0.01
312 2865 0.01
312 994 0.2
312 2568 0.2
312 1669 0.05
313 2979 0.2
313 2707 0.01
313 2256 0.2
313 430 0.05
313 2071 0.2
313 1337 0.01
313 2139 0.05
313 1688 0.05
313 2545 0.01
313 1387 0.05
313 1746 0.2
313 2562 0.05
313 2019 0.2
313 2849 0.05
313 527 0.01
314 1175 0.01
314 2350 0.05
314 1138 0.05
314 2617 0.2
314 1422 0.01
314 1705 0.2
314 325 0.05
314 815 0.01
314 2962 0.01
314 377 0.05
314 456 0.05
314 2752 0.01
314 2046 0.2
314 991 0.01
314 1229 0.05
314 380 0.2
314 1978 0.2
314 1753 0.2
314 2911 0.05
314 1890 0.2
314 1618 0.01
315 1225 0.05
315 1983 0.2
315 2570 0.01
315 942 0.05
315 447 0.2
315 699 0.2
315 1462 0.05
315 843 0.05
315 1787 0.2
315 2995 0.2
315 678 0.2
315 2017 0.2
315 2152 0.05
315 2813 0.2
315 2485 0.05
315 1297 0.01
315 1542 0.05
316 634 0.01
316 2963 0.01
316 2836 0.01
316 2024 0.01
316 321 0.01
316 1630 0.01
316 2461 0.05
316 1055 0.01
316 1700 0.2
316 1234 0.2
316 1758 0.05
316 1253 0.01
316 2780 0.05
317 1801 0.05
317 2667 0.2
317 689 0.2
317 1013 0.2
317 2076 0.05
317 2093 0.01
317 1538 0.01
317 829 0.2
317 1857 0.05
317 986 0.2
317 2319 0.05
317 2029 0.2
317 2149 0.05
317 2246 0.05
317 443 0.05
317 1704 0.2
317 2011 0.01
317 2597 0.2
317 903 0.05
317 2491 0.2
317 2265 0.05
317 344 0.2
317 1739 0.01
318 1282 0.01
318 1356 0.05
318 2676 0.01
318 457 0.2
318 1485 0.2
318 2960 0.01
318 1017 0.01
318 1047 0.01
318 1521 0.01
318 1094 0.05
318 1072 0.01
318 2232 0.01
318 1726 0.05
318 1944 0.2
318 431 0.01
319 2310 0.01
319 1953 0.05
319 2341 0.05
319 884 0.2
319 2742 0.05
319 2739 0.01
319 1512 0.2
319 2450 0.05
319 1558 0.2
319 1783 0.05
319 857 0.2
320 1734 0.01
320 2143 0.05
320 758 0.2
320 1132 0.01
320 1745 0.01
320 520 0.2
320 2479 0.2
320 961 0.2
320 2031 0.05
320 967 0.2
320 988 0.05
320 1123 0.05
320 1428 0.01
320 2446 0.2
321 2051 0.05
321 2768 0.05
321 1560 0.2
321 1562 0.01
321 1907 0.01
321 533 0.01
321 1145 0.2
321 2586 0.2
321 416 0.01
321 1730 0.01
321 1421 0.01
321 384 0.05
321 1430 0.2
321 1327 0.05
321 1072 0.05
321 1760 0.05
321 2720 0.2
321 2997 0.05
321 2058 0.01
321 1696 0.2
322 1550 0.05
322 350 0.01
322 2146 0.01
322 962 0.2
322 2563 0.2
322 2342 0.05
322 1383 0.05
322 1509 0.01
322 948 0.01
322 1239 0.01
322 2893 0.05
322 770 0.05
322 2826 0.01
322 2457 0.2
322 2431 0.01
322 1165 0.2
322 2700 0.05
322 2085 0.01
323 2496 0.01
323 1763 0.05
323 1163 0.05
323 1418 0.01
323 1842 0.05
323 1528 0.01
323 2094 0.2
323 1224 0.2
323 1003 0.01
323 911 0.01
323 1446 0.05
323 724 0.01
323 518 0.05
323 1807 0.2
323 1762 0.01
323 1801 0.01
323 1675 0.2
323 2230 0.01
323 376 0.2
323 1829 0.05
323 1878 0.2
323 2134 0.05
323 444 0.2
323 2965 0.05
324 663 0.05
324 1077 0.05
324 1791 0.01
324 2674 0.2
324 1025 0.01
324 1901 0.05
324 708 0.01
324 2866 0.01
324 618 0.05
324 614 0.01
324 993 0.01
324 1378 0.05
324 2988 0.2
324 763 0.05
324 2616 0.2
325 1471 0.05
325 1809 0.05
325 1132 0.2
325 2936 0.2
325 720 0.01
325 1508 0.05
325 578 0.2
325 946 0.01
325 1890 0.2
325 1192 0.05
325 1036 0.01
325 822 0.05
325 2067 0.2
325 687 0.2
325 399 0.01
326 1185 0.2
326 680 0.05
326 1639 0.01
326 1482 0.05
326 1759 0.2
326 2217 0.05
326 2803 0.2
326 1360 0.05
326 1112 0.2
326 1126 0.01
326 2394 0.2
326 2269 0.01
326 2365 0.2
326 2118 0.2
326 766 0.05
327 1343 0.01
327 1518 0.05
327 2870 0.01
327 1917 0.2
327 581 0.2
327 1970 0.05
327 2763 0.2
327 2760 0.05
327 2741 0.2
327 1443 0.01
327 2465 0.05
327 1817 0.01
327 2345 0.2
327 2723 0.01
327 1861 0.05
327 2617 0.05
327 2141 0.2
327 1082 0.01
327 2256 0.2
328 761 0.01
328 2661 0.05
328 2796 0.01
328 598 0.01
328 1600 0.2
328 1122 0.2
328 2700 0.01
328 1318 0.05
328 1143 0.05
328 2254 0.05
328 366 0.01
328 2398 0.01
328 2521 0.01
328 427 0.05
328 1807 0.01
328 1401 0.01
328 1065 0.2
328 2731 0.05
328 2840 0.2
328 2505 0.01
328 2804 0.01
329 1793 0.05
329 1882 0.01
329 2400 0.05
329 756 0.05
329 2061 0.05
329 1713 0.05
329 2713 0.05
329 884 0.2
329 2392 0.2
329 1262 0.2
329 1287 0.2
330 2212 0.2
330 2677 0.05
330 2397 0.01
330 2258 0.2
330 2874 0.05
330 1052 0.01
330 1488 0.01
330 1074 0.05
330 1486 0.2
330 2117 0.2
330 2971 0.2
330 2435 0.05
330 406 0.01
330 2587 0.2
330 1043 0.01
330 2776 0.2
331 1997 0.05
331 2541 0.01
331 1750 0.2
331 2394 0.01
331 1528 0.2
331 451 0.2
331 2665 0.2
331 682 0.2
331 1705 0.01
331 474 0.01
332 2705 0.2
332 2658 0.01
332 1885 0.2
332 817 0.01
332 1385 0.2
332 1225 0.2
332 2399 0.05
332 2324 0.05
332 2516 0.05
332 821 0.2
332 762 0.2
332 2761 0.05
332 1719 0.01
333 2386 0.2
333 1927 0.05
333 2509 0.05
333 483 0.05
333 430 0.05
333 2167 0.05
333 729 0.01
333 797 0.01
333 667 0.2
333 1990 0.05
333 1794 0.05
333 2165 0.01
333 1701 0.01
333 595 0.01
334 2760 0.01
334 1535 0.2
334 2398 0.2
334 1221 0.01
334 2592 0.05
334 1623 0.05
334 2255 0.05
334 873 0.2
334 2660 0.05
334 1587 0.01
334 1952 0.2
335 2536 0.2
335 1033 0.2
335 2152 0.2
335 1939 0.05
335 2484 0.01
335 377 0.01
335 2342 0.2
335 1673 0.01
335 1014 0.05
335 2643 0.01
335 561 0.2
335 1892 0.2
335 2367 0.05
335 1944 0.01
335 2225 0.2
335 570 0.05
335 1745 0.2
335 2220 0.2
335 917 0.2
335 1714 0.01
335 2137 0.2
335 702 0.2
336 453 0.05
336 2700 0.05
336 2335 0.01
336 337 0.01
336 1892 0.05
336 2134 0.2
336 2225 0.2
336 2974 0.01
336 1803 0.2
336 1463 0.2
336 2803 0.01
336 2729 0.2
336 2962 0.01
336 1052 0.01
336 470 0.05
336 2592 0.01
336 527 0.2
336 842 0.2
337 1025 0.2
337 1647 0.05
337 393 0.01
337 1985 0.05
337 1206 0.2
337 2008 0.01
337 2387 0.05
337 581 0.2
337 2220 0.05
337 2663 0.2
337 1374 0.05
337 574 0.01
337 1952 0.01
337 1823 0.01
337 2599 0.05
337 2704 0.2
337 2702 0.01
338 1092 0.2
338 701 0.01
338 685 0.05
338 1949 0.05
338 477 0.2
338 1990 0.05
338 1904 0.2
338 2817 0.2
338 1925 0.05
338 873 0.01
338 1319 0.05
338 1346 0.2
338 443 0.01
338 1006 0.2
338 1804 0.2
338 1573 0.05
339 1126 0.2
339 1445 0.05
339 539 0.01
339 2067 0.01
339 1005 0.01
339 412 0.05
339 486 0.01
339 429 0.2
339 1204 0.2
339 959 0.2
339 1812 0.2
339 2595 0.2
339 1336 0.2
339 2586 0.01
339 1399 0.2
339 966 0.2
340 425 0.2
340 985 0.2
340 1750 0.05
340 1329 0.01
340 1414 0.2
340 1460 0.01
340 1452 0.01
340 2861 0.01
340 1727 0.05
340 343 0.01
340 703 0.05
340 1106 0.2
340 1688 0.2
340 2823 0.01
340 2858 0.01
341 1041 0.2
341 2794 0.05
341 2980 0.01
341 1949 0.01
341 1842 0.05
341 1459 0.2
341 410 0.01
341 1669 0.2
341 2048 0.2
341 2599 0.05
341 1643 0.2
341 1156 0.2
341 1656 0.2
341 2007 0.05
341 2130 0.05
341 1642 0.05
342 1269 0.01
342 2205 0.05
342 1096 0.01
342 2379 0.01
342 721 0.01
342 2580 0.01
342 2841 0.05
342 2262 0.2
342 1320 0.2
342 2235 0.05
342 458 0.05
342 1210 0.05
342 2223 0.01
342 2631 0.2
342 1708 0.01
342 2849 0.01
342 2592 0.2
342 916 0.2
342 629 0.01
342 1082 0.2
342 1979 0.2
342 1433 0.01
342 1974 0.05
343 1167 0.01
343 1160 0.2
343 1285 0.05
343 2149 0.2
343 2604 0.01
343 2086 0.01
343 1023 0.2
343 1092 0.05
343 2506 0.2
343 1712 0.05
343 2471 0.05
343 1021 0.05
343 1550 0.2
344 2385 0.2
344 1208 0.05
344 2254 0.01
344 717 0.01
344 2651 0.2
344 2736 0.01
344 2336 0.2
344 1837 0.01
344 1315 0.01
344 2500 0.2
344 413 0.2
344 886 0.05
344 2199 0.05
344 380 0.05
345 2066 0.01
345 2640 0.2
345 636 0.01
345 594 0.2
345 1697 0.2
345 1235 0.01
345 2664 0.01
345 2698 0.01
345 800 0.01
345 2385 0.05
345 1336 0.05
345 740 0.2
346 2968 0.2
346 556 0.05
346 1819 0.05
346 1170 0.05
346 2738 0.01
346 2913 0.01
346 352 0.01
346 2455 0.01
346 2438 0.2
346 566 0.01
346 2194 0.01
346 1136 0.01
346 2642 0.01
346 2362 0.05
346 2423 0.2
347 2698 0.01
347 2903 0.05
347 2752 0.01
347 1877 0.05
347 1992 0.01
347 2818 0.2
347 1385 0.01
347 550 0.01
347 2167 0.05
347 1476 0.05
347 1105 0.2
347 2751 0.2
347 2300 0.2
347 645 0.01
347 1846 0.01
347 1178 0.2
347 2472 0.05
347 2362 0.2
347 495 0.01
347 1171 0.01
347 1672 0.05
347 2631 0.01
348 1016 0.01
348 2613 0.05
348 1248 0.01
348 1075 0.05
348 2771 0.05
348 788 0.01
348 2897 0.05
348 2335 0.01
348 1391 0.05
348 2235 0.01
348 1226 0.2
348 2415 0.2
348 2213 0.01
348 952 0.01
348 2143 0.2
348 2627 0.05
348 2329 0.01
348 794 0.01
348 1961 0.01
348 1967 0.01
348 527 0.01
348 1983 0.05
348 2349 0.2
348 601 0.2
348 2607 0.01
348 2690 0.05
348 1970 0.01
349 373 0.01
349 1486 0.05
349 1089 0.2
349 1898 0.01
349 2955 0.01
349 1106 0.01
349 1403 0.2
349 2794 0.2
349 726 0.01
349 2874 0.01
349 1956 0.01
349 811 0.2
349 1691 0.05
350 988 0.01
350 2737 0.01
350 1217 0.01
350 1123 0.2
350 1626 0.2
350 1463 0.2
350 2473 0.01
350 2459 0.2
350 697 0.05
350 1127 0.01
350 979 0.01
351 1556 0.05
351 1703 0.05
351 2736 0.2
351 1161 0.05
351 2983 0.01
351 1282 0.2
351 1200 0.01
351 446 0.05
351 535 0.01
351 996 0.05
351 2613 0.05
351 1340 0.01
351 1400 0.05
351 2165 0.01
351 2335 0.01
351 1309 0.2
352 588 0.2
352 781 0.05
352 2921 0.05
352 2384 0.01
352 2852 0.2
352 2968 0.2
352 1491 0.2
352 2690 0.2
352 2665 0.01
352 2357 0.05
352 2413 0.2
352 2786 0.01
352 1460 0.2
353 2506 0.2
353 1779 0.05
353 1340 0.01
353 2476 0.01
353 2732 0.01
353 2988 0.05
353 663 0.01
353 1611 0.01
353 2029 0.05
353 1866 0.2
353 1245 0.01
353 2901 0.05
353 582 0.01
353 2267 0.05
353 2536 0.01
353 379 0.01
354 1005 0.05
354 1153 0.2
354 1686 0.05
354 827 0.05
354 2466 0.01
354 2903 0.05
354 2065 0.01
354 1508 0.01
354 2025 0.05
354 2790 0.2
354 2268 0.01
354 642 0.2
354 1772 0.05
354 1645 0.01
354 424 0.01
355 1343 0.01
355 889 0.2
355 644 0.01
355 2035 0.01
355 1077 0.2
355 1996 0.05
355 2843 0.05
355 1377 0.01
355 383 0.01
355 575 0.2
355 2243 0.01
355 775 0.05
355 844 0.01
355 1708 0.05
355 1152 0.05
356 2418 0.01
356 1798 0.2
356 1589 0.01
356 2434 0.05
356 2039 0.2
356 1251 0.2
356 2892 0.2
356 2077 0.05
356 2215 0.05
356 2127 0.05
356 2763 0.01
356 1237 0.01
356 1211 0.2
356 2809 0.01
356 474 0.01
356 918 0.05
356 1019 0.01
356 1582 0.2
356 1166 0.2
357 767 0.05
357 1875 0.05
357 2750 0.05
357 1573 0.01
357 2879 0.01
357 2241 0.2
357 970 0.01
357 1206 0.2
357 1120 0.05
357 1703 0.2
357 1440 0.01
357 1749 0.2
357 1833 0.01
357 815 0.01
357 1976 0.2
358 1751 0.05
358 2297 0.01
358 1239 0.05
358 425 0.01
358 2342 0.2
358 2080 0.05
358 2033 0.05
358 539 0.05
358 2807 0.01
358 2563 0.01
358 1178 0.2
359 1823 0.05
359 2989 0.05
359 2166 0.2
359 456 0.01
359 660 0.2
359 2103 0.01
359 700 0.05
359 2650 0.05
359 2984 0.05
359 946 0.01
359 1593 0.01
359 1412 0.01
359 815 0.2
359 2805 0.05
359 664 0.2
359 1578 0.05
360 1862 0.05
360 1482 0.2
360 530 0.2
360 2041 0.2
360 2177 0.2
360 2506 0.2
360 697 0.05
360 2301 0.05
360 1693 0.2
360 2547 0.05
360 2632 0.2
360 805 0.01
360 2751 0.01
360 1063 0.01
360 2399 0.2
361 476 0.01
361 1304 0.2
361 1259 0.2
361 1366 0.01
361 1185 0.01
361 2373 0.01
361 1220 0.01
361 2178 0.01
361 1432 0.01
361 438 0.05
361 2011 0.05
361 1940 0.01
361 2718 0.2
361 572 0.2
361 671 0.2
361 1066 0.2
362 2498 0.01
362 2645 0.05
362 575 0.2
362 2997 0.01
362 1491 0.2
362 2379 0.01
362 1572 0.05
362 481 0.05
362 2283 0.01
362 1891 0.05
362 1884 0.05
362 1086 0.01
362 1739 0.2
362 517 0.2
362 616 0.01
362 1443 0.05
362 2033 0.05
362 2934 0.05
362 1035 0.2
362 2049 0.05
363 2605 0.01
363 2114 0.05
363 409 0.05
363 1398 0.01
363 1136 0.05
363 2994 0.2
363 2313 0.01
363 2350 0.2
363 1727 0.01
363 1940 0.2
363 2449 0.2
363 2945 0.2
363 1546 0.2
364 452 0.05
364 936 0.01
364 1507 0.2
364 447 0.2
364 1486 0.2
364 1367 0.05
364 385 0.05
364 432 0.05
364 1267 0.2
364 761 0.2
364 2993 0.2
364 668 0.2
364 2328 0.2
364 2228 0.05
364 2918 0.01
365 2993 0.01
365 2644 0.01
365 2680 0.01
365 2386 0.05
365 2894 0.2
365 1633 0.05
365 2559 0.01
365 1393 0.01
365 845 0.01
365 770 0.05
365 543 0.2
365 2758 0.05
365 2015 0.01
365 568 0.05
365 2115 0.05
365 1988 0.05
365 412 0.05
365 1007 0.01
365 1624 0.05
365 746 0.05
366 2671 0.01
366 930 0.2
366 1018 0.2
366 2359 0.2
366 432 0.05
366 848 0.01
366 1737 0.2
366 2121 0.2
366 2985 0.05
366 1530 0.05
366 776 0.05
366 512 0.01
366 581 0.01
366 1019 0.05
366 1851 0.05
366 2337 0.2
366 1726 0.05
366 669 0.05
367 1449 0.01
367 1299 0.2
367 631 0.01
367 1619 0.01
367 2697 0.01
367 2660 0.2
367 1868 0.2
367 1702 0.01
367 2892 0.05
367 613 0.2
367 2648 0.2
367 2963 0.05
367 1979 0.05
367 2902 0.05
367 1131 0.01
367 1402 0.05
368 2095 0.05
368 909 0.05
368 784 0.01
368 1283 0.05
368 2896 0.2
368 418 0.01
368 2128 0.2
368 2002 0.05
368 1929 0.01
368 2327 0.05
368 2398 0.2
368 955 0.01
368 2862 0.01
368 442 0.2
369 538 0.01
369 1498 0.2
369 2640 0.2
369 2251 0.01
369 617 0.05
369 1024 0.05
369 2692 0.01
369 975 0.2
369 1232 0.2
369 1732 0.01
369 2599 0.05
369 2886 0.2
369 1788 0.05
369 2092 0.2
369 1165 0.05
369 2820 0.05
369 2883 0.01
369 2892 0.01
369 984 0.01
369 1821 0.05
369 1733 0.01
369 2169 0.05
369 2419 0.05
369 834 0.01
369 721 0.05
369 1454 0.01
369 1149 0.05
369 1774 0.01
369 1881 0.01
370 931 0.01
370 491 0.05
370 2821 0.01
370 2090 0.05
370 2959 0.05
370 2833 0.01
370 592 0.2
370 747 0.2
370 2619 0.01
370 382 0.01
370 1762 0.05
370 1106 0.2
370 1874 0.01
370 1384 0.05
370 509 0.05
370 1539 0.01
370 1409 0.01
370 1251 0.2
370 2832 0.01
370 1822 0.2
370 1812 0.05
370 2481 0.05
370 2856 0.01
370 837 0.05
371 1496 0.05
371 2652 0.05
371 1101 0.2
371 861 0.01
371 755 0.01
371 2252 0.05
371 694 0.01
371 2457 0.05
371 1209 0.2
371 2448 0.01
371 2045 0.05
372 2090 0.2
372 1053 0.05
372 817 0.2
372 2803 0.01
372 2129 0.2
372 2832 0.01
372 1904 0.05
372 469 0.01
372 699 0.2
372 483 0.01
372 612 0.01
372 2758 0.2
373 1925 0.2
373 2684 0.05
373 2912 0.2
373 1085 0.2
373 506 0.01
373 2339 0.01
373 744 0.2
373 2229 0.01
373 2491 0.2
373 1032 0.05
373 1021 0.2
373 686 0.2
373 2043 0.05
373 2942 0.05
374 2809 0.01
374 2518 0.01
374 778 0.01
374 2584 0.05
374 2654 0.05
374 2360 0.05
374 1600 0.05
374 1359 0.2
374 1983 0.05
374 2140 0.05
374 1291 0.05
374 1132 0.05
375 2714 0.05
375 2172 0.2
375 909 0.05
375 514 0.05
375 760 0.01
375 2941 0.05
375 1807 0.01
375 2468 0.2
375 2820 0.05
375 850 0.05
375 2243 0.01
375 690 0.2
375 460 0.2
375 2377 0.01
375 2064 0.2
375 574 0.05
376 527 0.01
376 1431 0.2
376 1230 0.2
376 2558 0.2
376 1113 0.01
376 1427 0.05
376 1080 0.05
376 2410 0.01
376 962 0.2
376 1446 0.2
376 1100 0.01
376 1148 0.2
376 488 0.05
376 2827 0.01
376 1339 0.01
376 545 0.01
377 2315 0.2
377 1719 0.05
377 2227 0.2
377 2543 0.05
377 2275 0.01
377 2013 0.05
377 1521 0.01
377 1329 0.2
377 1370 0.2
377 1117 0.01
377 2532 0.05
377 1051 0.2
378 1519 0.05
378 1336 0.01
378 2639 0.01
378 2006 0.01
378 650 0.01
378 2017 0.2
378 1240 0.2
378 409 0.2
378 1829 0.05
378 2374 0.05
378 1303 0.2
378 2053 0.01
378 2718 0.2
378 1950 0.01
378 2633 0.2
378 570 0.2
379 1556 0.01
379 1817 0.05
379 1562 0.01
379 1058 0.2
379 2519 0.01
379 1223 0.2
379 2217 0.01
379 757 0.05
379 1535 0.01
379 888 0.01
379 2864 0.05
379 2352 0.05
379 1927 0.01
379 2775 0.01
379 1778 0.2
379 2999 0.2
379 518 0.2
380 1098 0.01
380 1634 0.01
380 2861 0.01
380 1744 0.2
380 875 0.2
380 739 0.05
380 1783 0.01
380 717 0.01
380 2694 0.2
380 2493 0.05
380 1571 0.2
380 2653 0.05
380 2319 0.05
380 468 0.05
380 1437 0.2
380 2665 0.01
380 2091 0.2
380 1674 0.2
380 1097 0.01
380 768 0.2
380 442 0.2
380 2122 0.01
380 1035 0.2
381 1205 0.01
381 920 0.05
381 1768 0.01
381 2270 0.05
381 1650 0.01
381 1146 0.2
381 2240 0.05
381 1975 0.01
381 1225 0.2
381 1247 0.05
381 1288 0.05
381 382 0.05
381 1759 0.05
381 2526 0.05
381 1703 0.2
381 2915 0.05
381 1782 0.01
381 1345 0.05
381 1697 0.2
381 1606 0.01
381 1150 0.05
381 2600 0.01
381 408 0.2
382 962 0.05
382 2646 0.05
382 2058 0.05
382 1660 0.01
382 1122 0.2
382 2942 0.2
382 2740 0.05
382 856 0.01
382 1089 0.01
382 628 0.2
382 1785 0.2
382 1330 0.05
382 1571 0.2
382 2522 0.05
382 2759 0.05
382 2287 0.05
382 649 0.05
383 834 0.2
383 676 0.05
383 2031 0.2
383 1025 0.05
383 2201 0.2
383 2336 0.01
383 2730 0.2
383 1711 0.05
383 656 0.01
383 2149 0.2
383 548 0.05
383 1513 0.01
383 1219 0.01
383 553 0.2
383 2294 0.05
384 2134 0.01
384 600 0.01
384 2842 0.05
384 906 0.01
384 1202 0.05
384 2035 0.01
384 1029 0.01
384 2535 0.2
384 1285 0.2
384 759 0.2
384 2810 0.01
384 421 0.2
385 2043 0.2
385 1345 0.01
385 2145 0.05
385 2585 0.05
385 1563 0.05
385 566 0.05
385 1109 0.2
385 1656 0.01
385 2303 0.05
385 2371 0.01
385 688 0.2
385 2819 0.01
385 2229 0.05
385 847 0.01
385 1576 0.01
385 763 0.05
386 779 0.05
386 2772 0.2
386 758 0.2
386 1640 0.01
386 2316 0.01
386 708 0.2
386 1028 0.2
386 920 0.05
386 581 0.05
386 2475 0.2
386 1034 0.2
387 1350 0.01
387 1023 0.2
387 2452 0.2
387 1903 0.2
387 2841 0.05
387 1355 0.01
387 2191 0.05
387 1247 0.2
387 930 0.2
387 2913 0.01
387 1766 0.2
387 2293 0.01
387 571 0.05
387 996 0.01
387 678 0.01
387 2432 0.2
387 2219 0.05
387 948 0.01
387 1842 0.01
387 869 0.05
388 2424 0.2
388 1031 0.01
388 2937 0.05
388 481 0.05
388 888 0.2
388 1681 0.2
388 1588 0.01
388 1740 0.05
388 2264 0.01
388 1369 0.2
388 2357 0.01
388 2166 0.01
388 894 0.01
388 1488 0.01
388 2055 0.2
388 2089 0.05
389 2988 0.01
389 2882 0.05
389 474 0.01
389 1924 0.01
389 464 0.05
389 1062 0.2
389 2665 0.05
389 2884 0.2
389 2006 0.01
389 402 0.05
390 756 0.2
390 2317 0.2
390 2782 0.01
390 2532 0.05
390 2360 0.01
390 2281 0.01
390 2297 0.01
390 1891 0.2
390 1355 0.05
390 1451 0.05
390 2985 0.05
390 2750 0.01
390 1265 0.01
390 525 0.05
391 2378 0.01
391 2535 0.05
391 1796 0.05
391 2329 0.2
391 2166 0.05
391 621 0.01
391 690 0.2
391 2092 0.05
391 1008 0.05
391 1090 0.01
391 1340 0.05
391 1180 0.05
391 2686 0.05
391 1578 0.05
391 1238 0.05
391 1494 0.05
391 1758 0.01
391 2086 0.01
391 1109 0.2
391 1136 0.01
392 1484 0.05
392 2528 0.2
392 994 0.2
392 1274 0.05
392 521 0.2
392 2027 0.01
392 1184 0.05
392 1574 0.05
392 1337 0.01
392 487 0.05
392 1934 0.2
392 1505 0.2
392 1910 0.01
392 600 0.01
392 2052 0.2
392 1310 0.2
393 2725 0.2
393 1789 0.2
393 847 0.05
393 2108 0.01
393 549 0.2
393 1461 0.01
393 477 0.01
393 2692 0.01
393 2394 0.05
393 556 0.2
393 1451 0.2
393 2749 0.05
393 1926 0.05
393 1256 0.2
393 2934 0.2
393 1710 0.01
393 2376 0.05
393 2156 0.05
393 1177 0.05
393 1333 0.01
394 438 0.2
394 2480 0.2
394 1842 0.01
394 2143 0.2
394 2552 0.05
394 2738 0.01
394 2934 0.2
394 699 0.2
394 1373 0.2
394 931 0.01
394 1283 0.2
394 1204 0.01
394 2741 0.05
395 1526 0.05
395 903 0.05
395 949 0.2
395 1210 0.01
395 2736 0.2
395 2078 0.2
395 2614 0.01
395 2219 0.05
395 2669 0.01
395 470 0.05
395 2377 0.01
395 2587 0.05
396 1470 0.2
396 1613 0.05
396 2733 0.01
396 2561 0.2
396 2740 0.05
396 1012 0.01
396 951 0.05
396 1519 0.01
396 595 0.01
396 2961 0.05
396 1704 0.2
396 1699 0.01
396 1961 0.2
396 2089 0.01
397 2699 0.2
397 2570 0.01
397 2127 0.01
397 1303 0.05
397 1620 0.01
397 1351 0.01
397 1414 0.2
397 2769 0.2
397 1391 0.01
397 1199 0.2
397 1657 0.2
397 875 0.01
397 2406 0.05
397 1243 0.05
398 475 0.01
398 1918 0.2
398 1868 0.01
398 1753 0.01
398 536 0.2
398 1357 0.2
398 1190 0.2
398 653 0.01
398 975 0.05
398 937 0.2
398 1756 0.01
398 908 0.2
398 1604 0.01
398 477 0.05
398 1612 0.05
398 1917 0.05
398 1683 0.05
399 1794 0.05
399 1203 0.2
399 2698 0.01
399 2273 0.2
399 2228 0.05
399 1480 0.01
399 2117 0.2
399 2133 0.2
400 1790 0.05
400 1742 0.2
400 2151 0.01
400 2345 0.01
400 1514 0.01
400 2770 0.2
400 1993 0.05
400 2400 0.2
400 2387 0.01
400 1057 0.2
400 2977 0.01
400 2677 0.2
400 2784 0.05
400 1456 0.2
400 2744 0.2
400 2716 0.01
400 907 0.2
401 932 0.01
401 2853 0.05
401 1860 0.05
401 1544 0.01
401 1634 0.2
401 2207 0.2
401 2550 0.01
401 641 0.05
401 2363 0.2
401 1439 0.2
401 2384 0.2
401 1590 0.01
402 933 0.01
402 808 0.01
402 2114 0.01
402 1045 0.01
402 2799 0.05
402 2199 0.05
402 1798 0.01
402 1744 0.05
402 1422 0.01
402 2685 0.2
402 1125 0.01
402 2826 0.01
402 2420 0.2
402 2282 0.05
402 1088 0.01
402 2628 0.2
402 1823 0.05
403 1777 0.2
403 1908 0.05
403 1059 0.05
403 932 0.01
403 2357 0.01
403 2856 0.2
403 551 0.05
403 2383 0.05
403 548 0.2
403 1398 0.01
403 962 0.05
403 801 0.01
403 906 0.05
403 2066 0.2
404 2971 0.2
404 1597 0.05
404 1349 0.2
404 1197 0.2
404 2421 0.01
404 1872 0.01
404 2825 0.05
404 1267 0.2
404 1816 0.01
404 1702 0.01
404 1646 0.2
404 1788 0.01
404 1750 0.05
404 1692 0.05
405 2682 0.2
405 1305 0.01
405 2828 0.01
405 2817 0.2
405 2488 0.2
405 706 0.2
405 689 0.01
405 1346 0.05
405 2033 0.2
405 1714 0.2
405 1174 0.01
405 2874 0.2
405 2849 0.2
405 2669 0.2
405 2509 0.05
406 2497 0.2
406 2808 0.2
406 2874 0.01
406 2041 0.01
406 469 0.2
406 2541 0.01
406 2756 0.01
406 1767 0.05
406 1593 0.2
406 1988 0.2
406 2128 0.01
406 1545 0.05
407 2564 0.05
407 1292 0.2
407 1332 0.05
407 2908 0.01
407 1287 0.2
407 608 0.05
407 1762 0.01
407 819 0.05
407 1595 0.2
407 1490 0.2
407 823 0.2
408 2154 0.01
408 715 0.01
408 1547 0.01
408 2231 0.01
408 830 0.05
408 2038 0.01
408 956 0.2
408 1450 0.05
408 1104 0.2
408 532 0.05
408 1114 0.01
408 441 0.2
408 633 0.01
408 841 0.05
408 2917 0.05
408 2199 0.2
408 2350 0.01
408 2882 0.01
408 1471 0.01
408 1348 0.2
408 1510 0.05
408 1123 0.05
409 2306 0.2
409 960 0.01
409 2952 0.01
409 546 0.2
409 2000 0.2
409 1247 0.05
409 2411 0.05
409 1928 0.05
409 808 0.01
409 1452 0.01
409 871 0.05
409 2108 0.2
409 2016 0.01
409 938 0.01
409 1393 0.2
409 705 0.01
409 2771 0.05
409 2657 0.05
409 2332 0.05
409 1858 0.01
409 1212 0.01
409 2091 0.01
409 1196 0.2
410 1692 0.01
410 653 0.05
410 432 0.01
410 878 0.05
410 1648 0.2
410 2653 0.05
410 2786 0.05
410 1484 0.2
410 1272 0.05
410 1550 0.05
410 2631 0.01
410 1322 0.01
410 1990 0.05
410 998 0.2
410 2753 0.2
410 2211 0.2
410 2780 0.05
410 1221 0.2
410 1814 0.01
411 1159 0.05
411 1803 0.01
411 1817 0.01
411 1934 0.05
411 573 0.05
411 656 0.05
411 725 0.01
411 2865 0.2
411 1775 0.05
411 951 0.01
411 1218 0.2
411 1162 0.2
411 721 0.2
411 1840 0.05
411 1633 0.2
411 2140 0.01
411 582 0.2
411 571 0.01
411 2155 0.05
411 1152 0.2
411 457 0.2
411 2234 0.2
411 430 0.01
411 1666 0.05
411 2659 0.05
412 2379 0.05
412 2755 0.05
412 2484 0.01
412 1600 0.2
412 1749 0.05
412 1590 0.2
412 1378 0.2
412 572 0.05
412 2623 0.2
412 2576 0.01
413 953 0.05
413 2432 0.05
413 2400 0.2
413 2304 0.01
413 2713 0.2
413 2015 0.01
413 2056 0.05
413 1128 0.2
413 483 0.05
413 517 0.05
413 2057 0.01
413 603 0.2
413 642 0.05
413 788 0.05
413 1801 0.01
413 650 0.05
413 1585 0.05
414 1211 0.05
414 2963 0.05
414 2970 0.2
414 1391 0.05
414 1072 0.2
414 1609 0.05
414 1564 0.2
414 2957 0.01
414 2621 0.2
414 473 0.2
414 506 0.05
414 1691 0.05
414 2625 0.2
414 964 0.01
414 1900 0.05
415 1963 0.01
415 2765 0.2
415 1764 0.2
415 2686 0.2
415 1242 0.2
415 475 0.01
415 1102 0.05
415 619 0.05
415 1663 0.05
415 2096 0.2
415 2782 0.2
415 535 0.01
415 699 0.01
415 1612 0.2
415 711 0.05
415 1270 0.01
415 2875 0.05
415 963 0.01
416 2199 0.05
416 691 0.05
416 919 0.05
416 1631 0.01
416 1009 0.01
416 2457 0.05
416 1950 0.05
416 893 0.05
416 1808 0.2
416 1527 0.01
416 505 0.01
416 2796 0.01
416 710 0.05
416 1030 0.2
416 1860 0.01
416 1705 0.2
417 994 0.05
417 1892 0.2
417 2303 0.2
417 2775 0.2
417 2046 0.01
417 2357 0.05
417 2023 0.01
417 1651 0.2
417 2715 0.01
417 1377 0.01
417 2376 0.05
417 2941 0.2
417 484 0.05
418 1378 0.01
418 542 0.01
418 761 0.2
418 603 0.05
418 2141 0.01
418 1515 0.01
418 2988 0.2
418 1198 0.2
418 1580 0.01
418 2748 0.05
418 1849 0.01
418 1074 0.05
418 1551 0.05
418 2809 0.01
418 1051 0.2
419 571 0.01
419 2677 0.05
419 422 0.2
419 2523 0.2
419 2105 0.01
419 667 0.2
419 2054 0.2
419 2308 0.05
419 2732 0.05
419 747 0.05
419 2085 0.01
419 2492 0.01
419 2873 0.2
419 2547 0.05
419 1519 0.01
419 2866 0.2
419 1471 0.2
419 1015 0.05
419 1587 0.01
419 602 0.05
419 440 0.2
419 2915 0.2
420 2010 0.2
420 2913 0.01
420 1315 0.2
420 1571 0.01
420 1652 0.2
420 2582 0.01
420 442 0.01
420 1215 0.01
420 2147 0.2
420 1672 0.05
420 1823 0.01
420 1658 0.01
420 1835 0.2
420 1990 0.05
420 776 0.05
420 2664 0.2
420 1919 0.05
421 2731 0.01
421 967 0.05
421 1044 0.01
421 1626 0.01
421 2080 0.05
421 2703 0.05
421 2230 0.05
421 1609 0.05
421 2297 0.05
421 2992 0.05
421 2804 0.05
421 2315 0.05
421 1569 0.2
421 1554 0.05
421 2874 0.01
421 643 0.2
421 2531 0.01
421 2052 0.2
421 1829 0.01
421 426 0.01
422 1327 0.2
422 2871 0.2
422 2141 0.05
422 2314 0.2
422 2345 0.2
422 2326 0.01
422 998 0.05
422 1290 0.05
422 1387 0.01
422 1124 0.05
422 1265 0.05
422 2430 0.05
422 1520 0.01
422 453 0.2
422 2386 0.2
422 625 0.2
422 2822 0.05
422 2033 0.01
422 1921 0.01
423 1845 0.2
423 1060 0.05
423 2373 0.01
423 1974 0.01
423 2928 0.2
423 1056 0.05
423 1697 0.05
423 426 0.01
423 630 0.05
423 2967 0.2
423 2100 0.01
423 2278 0.2
423 1287 0.05
423 2765 0.01
423 2258 0.01
423 1296 0.05
424 550 0.05
424 1440 0.05
424 2573 0.01
424 1704 0.2
424 1586 0.01
424 1684 0.05
424 836 0.05
424 597 0.2
424 1577 0.05
424 1771 0.05
424 2133 0.2
424 1443 0.05
424 1740 0.2
424 1640 0.2
424 2389 0.01
424 2112 0.2
424 2594 0.01
424 1973 0.05
424 2722 0.01
424 1078 0.01
425 1259 0.2
425 842 0.05
425 2807 0.2
425 1110 0.05
425 2234 0.05
425 2902 0.05
425 2802 0.05
425 2357 0.05
425 2583 0.05
425 2108 0.05
425 2387 0.01
425 2585 0.05
425 2983 0.2
425 914 0.01
425 964 0.05
425 1702 0.01
425 2156 0.05
425 1811 0.01
426 2316 0.05
426 1749 0.01
426 2742 0.01
426 876 0.2
426 1313 0.2
426 2796 0.01
426 1640 0.2
426 2894 0.05
426 2804 0.2
427 702 0.2
427 444 0.2
427 2062 0.05
427 1316 0.2
427 925 0.05
427 907 0.05
427 855 0.2
427 1349 0.01
427 2085 0.2
427 1990 0.2
427 1200 0.2
427 808 0.2
427 1389 0.01
427 1608 0.2
427 1683 0.05
428 2744 0.05
428 1210 0.2
428 1394 0.2
428 2872 0.01
428 1977 0.05
428 530 0.01
428 927 0.05
428 1963 0.2
428 1129 0.01
428 2845 0.01
428 1075 0.05
428 1131 0.01
429 1715 0.05
429 1860 0.2
429 2474 0.05
429 1832 0.05
429 1015 0.05
429 2581 0.01
429 2200 0.01
429 2236 0.2
429 1534 0.05
429 2848 0.01
430 2752 0.2
430 505 0.01
430 1322 0.05
430 2613 0.2
430 2435 0.01
430 1226 0.01
430 440 0.01
430 1910 0.2
430 532 0.2
430 2827 0.2
431 684 0.01
431 1342 0.01
431 1190 0.2
431 712 0.2
431 2519 0.2
431 540 0.05
431 1823 0.05
431 1229 0.01
431 2479 0.01
431 496 0.2
431 932 0.01
431 1629 0.01
431 1913 0.01
432 2007 0.05
432 673 0.2
432 2615 0.05
432 2066 0.05
432 2720 0.05
432 1571 0.2
432 1873 0.2
432 1787 0.2
432 2818 0.01
432 2286 0.01
432 755 0.05
433 1788 0.01
433 1571 0.05
433 454 0.05
433 875 0.05
433 2509 0.2
433 2225 0.05
433 1881 0.01
433 1695 0.01
433 435 0.01
433 1701 0.05
433 2888 0.2
433 1400 0.01
433 1599 0.05
433 1461 0.05
433 1390 0.05
433 1694 0.2
433 2945 0.01
433 1370 0.05
434 2300 0.2
434 2059 0.01
434 2418 0.2
434 2872 0.2
434 2482 0.05
434 1447 0.01
434 2488 0.01
434 1072 0.05
434 2292 0.01
434 1132 0.01
434 1512 0.05
434 555 0.05
434 2033 0.05
434 1089 0.05
434 2329 0.05
434 598 0.05
434 2938 0.2
434 2301 0.05
435 2561 0.2
435 2038 0.2
435 2635 0.2
435 467 0.2
435 2758 0.01
435 534 0.2
435 2959 0.01
435 2724 0.2
435 2119 0.01
435 924 0.05
435 1714 0.2
435 2293 0.05
435 1964 0.05
435 1776 0.01
435 2184 0.05
435 2361 0.01
435 2880 0.2
435 1792 0.05
435 2497 0.05
436 1741 0.05
436 971 0.05
436 1477 0.05
436 633 0.2
436 2288 0.01
436 491 0.01
436 1619 0.01
436 2218 0.2
436 606 0.05
436 1457 0.05
436 1732 0.05
436 1331 0.2
436 977 0.01
436 1641 0.01
436 552 0.2
436 2870 0.2
436 1414 0.2
436 1005 0.2
436 2900 0.05
436 1660 0.05
436 2350 0.01
436 1104 0.2
436 2167 0.2
436 1743 0.2
436 2696 0.01
437 538 0.05
437 2583 0.2
437 717 0.05
437 1122 0.05
437 842 0.2
437 1953 0.05
437 2219 0.01
437 1370 0.01
437 1559 0.2
437 1498 0.05
437 2316 0.05
437 2148 0.05
437 2593 0.05
437 1180 0.2
437 2601 0.2
438 2266 0.05
438 554 0.2
438 1041 0.2
438 827 0.2
438 1334 0.05
438 580 0.2
438 1888 0.01
438 2661 0.2
438 995 0.05
438 1693 0.2
438 988 0.05
438 2662 0.01
438 1450 0.2
438 1329 0.01
438 2964 0.05
438 2825 0.01
438 1741 0.2
438 972 0.2
438 2454 0.01
438 1424 0.05
439 1372 0.2
439 515 0.01
439 740 0.2
439 2857 0.2
439 2524 0.2
439 1144 0.05
439 828 0.2
439 606 0.01
439 2312 0.2
439 2248 0.05
439 1313 0.05
439 1045 0.05
439 1403 0.05
439 643 0.05
439 862 0.01
439 2326 0.05
439 968 0.01
440 1765 0.05
440 2091 0.01
440 2487 0.05
440 1315 0.05
440 2246 0.05
440 2008 0.05
440 1858 0.2
440 1595 0.01
440 2227 0.05
440 1887 0.2
440 2290 0.05
440 2703 0.01
440 2841 0.01
441 1697 0.2
441 1475 0.05
441 804 0.05
441 1012 0.05
441 2099 0.2
441 449 0.01
441 2525 0.2
441 2076 0.05
441 2464 0.05
441 1193 0.01
441 1120 0.05
441 2066 0.05
441 604 0.01
441 2349 0.2
441 1161 0.01
441 1702 0.2
441 2256 0.01
441 2777 0.05
441 2769 0.05
441 2593 0.01
441 454 0.01
441 1393 0.05
442 1566 0.2
442 2370 0.01
442 2008 0.2
442 2950 0.01
442 1973 0.01
442 2711 0.05
442 1862 0.05
442 2616 0.2
442 1951 0.2
442 1668 0.2
442 1341 0.2
442 2790 0.01
442 736 0.2
442 1844 0.01
442 834 0.2
442 2830 0.2
442 2053 0.2
443 2764 0.05
443 918 0.2
443 1625 0.05
443 1852 0.05
443 779 0.05
443 580 0.01
443 2948 0.2
443 1540 0.05
443 1970 0.05
443 2892 0.01
443 1602 0.01
443 1500 0.01
444 589 0.2
444 1944 0.2
444 1071 0.2
444 767 0.2
444 1721 0.01
444 1780 0.2
444 1783 0.2
444 2937 0.01
444 1859 0.05
444 2324 0.05
445 2259 0.05
445 2807 0.2
445 1103 0.05
445 792 0.2
445 1926 0.05
445 1174 0.2
445 1988 0.05
445 1643 0.01
445 1248 0.01
445 1690 0.05
445 2862 0.05
445 738 0.01
445 2448 0.2
445 2911 0.05
445 1644 0.01
445 2972 0.05
446 1851 0.05
446 636 0.2
446 1707 0.05
446 2306 0.2
446 2993 0.2
446 1161 0.05
446 1966 0.01
446 1427 0.05
446 2326 0.01
446 2971 0.01
446 2057 0.2
447 1389 0.05
447 2521 0.01
447 1016 0.2
447 2773 0.01
447 1849 0.01
447 2340 0.01
447 2606 0.01
447 1775 0.01
447 2266 0.2
447 1432 0.05
447 456 0.01
447 1899 0.05
447 836 0.2
447 1805 0.2
447 1222 0.2
447 2421 0.05
447 2609 0.05
447 2019 0.01
447 823 0.2
448 1706 0.05
448 1996 0.05
448 1208 0.05
448 665 0.05
448 1313 0.05
448 1303 0.2
448 2312 0.05
448 2419 0.05
448 1100 0.01
448 1766 0.05
448 2890 0.01
449 626 0.05
449 1155 0.05
449 1747 0.05
449 1096 0.01
449 2174 0.05
449 2735 0.2
449 1367 0.2
449 1603 0.05
449 504 0.05
449 639 0.01
449 2334 0.01
449 2883 0.01
449 606 0.2
449 2071 0.05
449 2836 0.05
450 714 0.01
450 2869 0.01
450 2176 0.2
450 1102 0.2
450 2922 0.01
450 2600 0.01
450 1994 0.2
450 1451 0.01
450 1364 0.2
450 2183 0.2
450 2724 0.01
450 2110 0.05
451 1335 0.2
451 1908 0.01
451 495 0.2
451 1845 0.01
451 694 0.01
451 547 0.2
451 985 0.2
451 1181 0.01
451 2561 0.01
451 661 0.05
451 702 0.01
451 1233 0.05
451 1622 0.05
451 1382 0.01
451 1135 0.05
451 688 0.2
451 2793 0.05
451 1883 0.05
451 1188 0.2
451 1291 0.05
452 2608 0.2
452 1319 0.05
452 2069 0.2
452 1693 0.01
452 1309 0.01
452 617 0.01
452 2785 0.2
452 1143 0.01
452 1355 0.01
452 816 0.01
452 1089 0.01
452 1840 0.05
452 637 0.01
453 643 0.05
453 812 0.01
453 2337 0.05
453 2937 0.01
453 1443 0.05
453 1260 0.2
453 2125 0.05
453 1268 0.05
453 2379 0.2
453 462 0.2
453 2512 0.05
453 2435 0.2
453 1804 0.01
454 1160 0.05
454 2155 0.05
454 2849 0.2
454 1568 0.05
454 1622 0.01
454 2682 0.2
454 1880 0.01
454 899 0.05
454 2857 0.05
454 1932 0.2
454 612 0.2
454 2991 0.2
454 1308 0.01
454 2250 0.01
454 2031 0.01
454 2097 0.01
454 2806 0.05
454 2457 0.05
454 1408 0.2
454 2303 0.05
454 1103 0.01
454 1770 0.01
455 1733 0.01
455 2841 0.2
455 1906 0.05
455 638 0.05
455 2627 0.05
455 1873 0.05
455 2426 0.05
455 2431 0.05
455 1314 0.01
455 2757 0.05
455 2517 0.2
455 911 0.2
455 498 0.01
455 756 0.2
455 2732 0.2
455 655 0.05
455 503 0.01
456 2619 0.2
456 1202 0.05
456 1246 0.05
456 2949 0.01
456 1802 0.01
456 1382 0.01
456 488 0.01
456 2085 0.2
456 1083 0.05
457 1494 0.01
457 2440 0.2
457 2957 0.2
457 2500 0.05
457 2206 0.01
457 1272 0.2
457 2939 0.01
457 902 0.2
457 658 0.05
458 2855 0.05
458 2338 0.01
458 2083 0.01
458 1716 0.05
458 1699 0.2
458 2867 0.05
458 2895 0.05
458 1669 0.2
458 1565 0.05
458 1916 0.05
458 2482 0.05
458 2364 0.2
458 2232 0.01
458 2082 0.01
458 1842 0.2
458 808 0.01
459 1532 0.01
459 2060 0.2
459 1211 0.05
459 947 0.2
459 2757 0.05
459 764 0.05
459 2809 0.2
459 1288 0.01
460 1718 0.05
460 2751 0.05
460 2822 0.05
460 2019 0.2
460 2014 0.01
460 896 0.01
460 2286 0.2
460 877 0.2
460 1734 0.2
460 1683 0.01
460 2846 0.2
460 2945 0.2
460 600 0.2
460 2896 0.01
461 789 0.05
461 1580 0.2
461 793 0.01
461 1105 0.05
461 757 0.01
461 1132 0.05
461 896 0.2
461 474 0.05
461 618 0.01
461 2714 0.05
461 888 0.2
461 1429 0.2
461 928 0.05
461 1222 0.01
461 866 0.2
461 2894 0.2
461 1286 0.05
462 2969 0.2
462 1684 0.2
462 892 0.01
462 1439 0.05
462 1669 0.2
462 2865 0.2
462 1046 0.01
462 878 0.01
462 744 0.2
462 591 0.05
462 1156 0.2
462 1730 0.05
462 2077 0.05
462 1164 0.01
462 2993 0.01
462 2063 0.2
462 547 0.05
463 2092 0.01
463 542 0.05
463 2050 0.2
463 2376 0.05
463 1384 0.2
463 1817 0.01
463 2294 0.2
463 1971 0.2
463 916 0.05
463 713 0.01
463 1941 0.05
463 1506 0.2
463 1187 0.2
463 1558 0.01
464 1890 0.2
464 1562 0.05
464 1972 0.01
464 720 0.05
464 2719 0.2
464 2084 0.05
464 733 0.05
464 1438 0.05
464 2532 0.2
464 2226 0.05
464 2205 0.01
465 2154 0.01
465 2658 0.01
465 976 0.05
465 1296 0.2
465 1423 0.01
465 2688 0.2
465 1643 0.2
465 2708 0.2
465 1884 0.05
465 1683 0.01
465 1955 0.01
465 763 0.2
465 2627 0.2
465 2292 0.05
465 1970 0.2
465 1905 0.05
466 2098 0.01
466 2309 0.2
466 1874 0.05
466 1157 0.01
466 749 0.05
466 2809 0.01
466 2876 0.01
466 2709 0.01
466 1763 0.01
466 2328 0.05
466 1407 0.2
466 1818 0.05
466 850 0.05
466 2765 0.05
466 2978 0.01
466 1982 0.2
466 848 0.05
466 1669 0.05
466 835 0.01
466 2670 0.2
467 1956 0.01
467 2593 0.2
467 2404 0.05
467 2345 0.05
467 1853 0.2
467 2892 0.01
467 1858 0.01
467 2021 0.2
467 2883 0.01
467 2600 0.2
467 2196 0.01
467 1523 0.01
467 1370 0.2
467 2655 0.05
467 1870 0.01
467 2197 0.05
467 732 0.2
467 1594 0.05
468 2310 0.01
468 2681 0.01
468 1993 0.05
468 1382 0.2
468 1140 0.01
468 1560 0.2
468 1025 0.01
468 953 0.01
468 2611 0.01
468 1949 0.05
468 2403 0.2
468 2711 0.2
468 2540 0.2
469 2792 0.01
469 2942 0.01
469 2739 0.2
469 742 0.2
469 2904 0.01
469 736 0.05
469 822 0.01
469 1661 0.01
469 1554 0.05
469 2653 0.2
469 1680 0.05
469 2587 0.2
469 2029 0.05
469 2394 0.2
469 2688 0.05
469 1780 0.2
469 670 0.05
469 1814 0.01
470 1741 0.2
470 1505 0.05
470 888 0.2
470 995 0.05
470 558 0.05
470 1739 0.05
470 2457 0.05
470 703 0.2
470 1230 0.05
470 2221 0.2
470 2533 0.2
470 1488 0.01
470 1604 0.01
470 1885 0.2
470 2629 0.01
470 2071 0.2
470 2917 0.2
470 1414 0.05
471 1918 0.01
471 1659 0.01
471 1577 0.01
471 2272 0.2
471 1151 0.2
471 2753 0.05
471 594 0.01
471 2481 0.2
471 1960 0.2
471 2185 0.2
471 2073 0.05
471 905 0.05
471 2920 0.2
471 1504 0.05
472 1083 0.2
472 2960 0.01
472 2909 0.2
472 1289 0.01
472 650 0.2
472 1068 0.2
472 2381 0.05
472 831 0.05
472 1665 0.01
472 2885 0.2
472 2396 0.2
472 2282 0.01
472 2534 0.2
473 1577 0.05
473 1263 0.2
473 1576 0.01
473 1974 0.01
473 1191 0.2
473 1793 0.01
473 1222 0.2
473 848 0.2
473 1934 0.2
473 2057 0.05
473 535 0.05
473 2790 0.2
474 1324 0.2
474 1707 0.2
474 2139 0.2
474 1740 0.2
474 2597 0.05
474 2292 0.05
474 961 0.2
474 991 0.2
474 1335 0.2
474 934 0.01
474 1867 0.05
474 1822 0.05
474 726 0.05
474 776 0.05
474 915 0.01
475 2990 0.2
475 1857 0.05
475 1082 0.2
475 2109 0.2
475 1787 0.05
475 2346 0.2
475 2189 0.05
475 2352 0.01
475 2166 0.01
475 2812 0.01
475 832 0.05
475 526 0.01
475 1706 0.2
475 2395 0.2
475 709 0.2
476 2786 0.05
476 1974 0.05
476 1775 0.2
476 1810 0.05
476 2739 0.05
476 2823 0.01
476 1701 0.2
476 1178 0.2
476 1530 0.01
476 2803 0.2
476 2370 0.01
476 2827 0.01
476 1689 0.05
476 743 0.05
477 572 0.2
477 1617 0.01
477 680 0.01
477 1448 0.05
477 2299 0.05
477 739 0.2
477 620 0.01
477 2284 0.05
477 617 0.05
477 2260 0.01
478 1262 0.2
478 974 0.01
478 1261 0.2
478 1066 0.05
478 1938 0.05
478 1333 0.2
478 1585 0.05
478 1886 0.05
478 516 0.05
478 985 0.01
478 1551 0.2
478 1009 0.01
478 2404 0.01
478 1987 0.01
479 1250 0.05
479 2102 0.2
479 1631 0.05
479 889 0.05
479 2344 0.01
479 2372 0.2
479 1495 0.05
480 2827 0.01
480 1961 0.2
480 970 0.01
480 2111 0.2
480 2697 0.05
480 2938 0.01
480 2849 0.2
480 1404 0.2
480 2049 0.2
480 2608 0.2
480 710 0.2
480 646 0.01
480 1276 0.01
480 1693 0.01
480 988 0.01
480 1446 0.01
480 2001 0.01
480 2935 0.05
480 1334 0.05
481 2653 0.01
481 2061 0.2
481 740 0.2
481 2748 0.2
481 2171 0.01
481 1783 0.2
481 2859 0.05
481 2931 0.2
481 1184 0.2
481 792 0.05
481 855 0.01
481 2761 0.05
481 878 0.01
481 2808 0.2
481 597 0.05
481 2900 0.05
481 2403 0.2
482 2300 0.05
482 977 0.05
482 1899 0.05
482 2530 0.01
482 2128 0.01
482 1521 0.05
482 2208 0.2
482 1398 0.2
482 1801 0.01
482 2407 0.05
482 2972 0.01
482 1872 0.05
482 583 0.05
482 1059 0.05
482 1287 0.05
482 1587 0.01
482 851 0.2
482 2670 0.2
482 717 0.01
482 2226 0.2
482 1687 0.01
482 2270 0.01
482 1850 0.2
482 2032 0.01
482 1290 0.01
483 849 0.2
483 2580 0.01
483 2844 0.01
483 2521 0.2
483 644 0.05
483 569 0.01
483 2912 0.2
484 2735 0.2
484 2190 0.01
484 2707 0.01
484 2946 0.01
484 1660 0.05
484 1366 0.01
484 2586 0.2
484 1087 0.01
484 1517 0.01
484 1935 0.05
484 700 0.05
484 2677 0.01
484 2826 0.2
484 2426 0.05
484 2518 0.05
484 742 0.2
484 1615 0.2
484 1475 0.05
485 2285 0.01
485 1424 0.01
485 910 0.2
485 919 0.05
485 591 0.01
485 678 0.05
485 1700 0.01
485 1858 0.2
485 716 0.2
485 2371 0.01
485 831 0.01
485 1131 0.05
485 2153 0.05
485 2937 0.01
485 1930 0.01
485 2064 0.01
486 527 0.05
486 2037 0.05
486 1512 0.2
486 986 0.05
486 1724 0.05
486 2505 0.05
486 2410 0.01
486 1273 0.01
486 1779 0.05
486 601 0.01
486 1981 0.05
486 1355 0.01
486 1667 0.05
487 2700 0.05
487 1036 0.2
487 1762 0.01
487 2261 0.05
487 1201 0.05
487 1853 0.2
487 2788 0.2
487 1889 0.2
487 1663 0.01
487 1844 0.01
487 853 0.05
487 1655 0.01
487 621 0.2
487 863 0.01
487 2002 0.01
487 2109 0.01
487 1488 0.05
488 2104 0.01
488 587 0.2
488 508 0.01
488 574 0.2
488 2664 0.2
488 2892 0.05
488 1471 0.05
488 2303 0.2
488 1294 0.2
489 2194 0.2
489 719 0.01
489 1527 0.2
489 1528 0.01
489 1718 0.2
489 2985 0.01
489 1359 0.05
489 1617 0.01
489 1282 0.2
489 1792 0.05
489 1154 0.05
489 1284 0.05
489 2979 0.05
490 2788 0.2
490 1621 0.2
490 2406 0.05
490 919 0.2
490 2559 0.05
490 2441 0.2
490 2293 0.2
490 2287 0.05
490 2786 0.05
490 1411 0.05
490 697 0.05
491 2333 0.2
491 2900 0.01
491 517 0.01
491 1820 0.2
491 1237 0.01
491 2376 0.05
491 2552 0.2
491 798 0.05
491 2009 0.2
491 1868 0.05
491 1738 0.2
491 1718 0.2
492 1839 0.2
492 2696 0.05
492 1872 0.05
492 2807 0.2
492 858 0.01
492 2254 0.01
492 1276 0.2
492 2607 0.2
492 1675 0.2
492 1031 0.2
492 2806 0.2
492 658 0.2
492 581 0.01
492 2870 0.2
492 1123 0.05
492 2776 0.2
492 1323 0.05
492 1763 0.2
492 741 0.2
492 1450 0.05
493 1729 0.05
493 1872 0.01
493 1706 0.01
493 631 0.01
493 541 0.2
493 1210 0.01
493 2298 0.05
493 2575 0.05
493 1743 0.01
493 2911 0.01
493 1726 0.05
493 1963 0.01
493 2365 0.01
493 1882 0.05
494 2954 0.2
494 2195 0.2
494 768 0.01
494 1328 0.01
494 2049 0.05
494 2301 0.01
494 951 0.01
494 1714 0.01
494 2071 0.01
494 2008 0.05
494 2014 0.05
494 2407 0.05
494 2942 0.05
494 2362 0.05
494 1376 0.05
494 2217 0.05
494 664 0.01
494 1343 0.2
494 2238 0.2
495 1015 0.05
495 2318 0.05
495 2129 0.2
495 2931 0.01
495 1211 0.05
495 2643 0.01
495 2529 0.2
495 2400 0.01
495 2053 0.05
495 1961 0.01
495 2590 0.01
495 2379 0.05
495 2486 0.01
495 2377 0.2
495 1906 0.01
495 1202 0.01
496 1438 0.01
496 1974 0.05
496 1510 0.2
496 2161 0.01
496 779 0.01
496 596 0.05
496 2506 0.01
496 1431 0.05
496 1032 0.01
496 944 0.2
496 1348 0.01
496 2032 0.01
496 641 0.2
496 1618 0.01
497 1869 0.2
497 918 0.05
497 572 0.2
497 2625 0.2
497 680 0.2
497 2005 0.01
497 637 0.2
497 2049 0.2
497 499 0.2
497 1600 0.2
497 1011 0.05
497 2964 0.2
497 2475 0.01
497 1591 0.01
497 1968 0.01
497 2732 0.05
498 2613 0.2
498 2785 0.01
498 1042 0.05
498 1228 0.05
498 667 0.2
498 1582 0.01
498 811 0.01
498 1079 0.05
498 2708 0.05
498 905 0.2
499 1233 0.05
499 2348 0.05
499 2845 0.01
499 2190 0.01
499 2787 0.01
499 2003 0.01
499 2453 0.05
499 2851 0.01
499 2993 0.2
499 2675 0.05
499 591 0.2
499 2913 0.01
499 1065 0.01
499 1105 0.2
499 960 0.2
499 2144 0.01
499 2046 0.2
500 1862 0.05
500 1682 0.05
500 2133 0.05
500 1026 0.01
500 2456 0.05
500 2092 0.01
500 2903 0.01
500 1711 0.05
500 1823 0.01
500 1310 0.05
500 2365 0.05
500 1896 0.01
500 799 0.2
500 512 0.05
500 1508 0.01
500 2249 0.01
500 1292 0.01
501 1910 0.05
501 1358 0.01
501 2737 0.05
501 2689 0.2
501 1576 0.05
501 1481 0.2
501 944 0.2
501 2978 0.05
501 539 0.05
501 1020 0.05
501 2691 0.2
501 2125 0.05
501 2799 0.01
501 1426 0.05
502 555 0.05
502 1925 0.01
502 1655 0.05
502 2440 0.2
502 863 0.05
502 1678 0.05
502 2106 0.2
502 1239 0.2
502 652 0.05
502 2457 0.01
502 1041 0.2
503 564 0.05
503 2860 0.05
503 2465 0.01
503 2508 0.05
503 1480 0.01
503 2306 0.05
503 2835 0.05
503 2817 0.05
503 2937 0.05
503 767 0.2
503 866 0.2
503 2501 0.2
504 2414 0.2
504 692 0.2
504 1845 0.05
504 2746 0.2
504 2226 0.05
504 2527 0.01
504 1800 0.2
504 2654 0.2
504 2154 0.05
504 1482 0.01
504 1857 0.05
504 1885 0.2
504 1590 0.05
504 1882 0.01
504 2208 0.01
504 1464 0.2
504 781 0.01
504 609 0.2
504 2019 0.2
505 2753 0.01
505 1120 0.2
505 2486 0.05
505 2973 0.2
505 2398 0.01
505 2751 0.01
505 2440 0.05
505 2835 0.2
505 611 0.2
505 548 0.01
505 1641 0.2
505 1500 0.05
505 944 0.2
505 1216 0.2
506 1862 0.01
506 2241 0.2
506 1287 0.05
506 1431 0.2
506 1115 0.01
506 1303 0.05
506 2954 0.2
506 627 0.01
506 2912 0.2
506 2362 0.2
506 1676 0.05
506 2868 0.2
507 2790 0.2
507 2464 0.2
507 1451 0.2
507 2642 0.01
507 1682 0.01
507 575 0.01
507 2867 0.01
507 1728 0.2
507 2589 0.05
507 2355 0.05
507 634 0.05
507 2065 0.01
507 2169 0.05
508 647 0.2
508 2678 0.2
508 1204 0.05
508 1265 0.01
508 849 0.2
508 1755 0.01
508 1894 0.05
508 2165 0.2
508 2513 0.2
508 1965 0.2
508 2008 0.2
508 900 0.05
508 2325 0.2
508 2907 0.2
508 1481 0.2
508 1923 0.01
508 526 0.01
509 1919 0.2
509 1119 0.05
509 1576 0.01
509 1436 0.05
509 1257 0.01
509 1034 0.2
509 1033 0.2
509 2139 0.2
509 1231 0.01
509 2277 0.05
509 822 0.01
509 2164 0.2
509 824 0.2
509 1870 0.2
510 2717 0.01
510 2113 0.05
510 1838 0.2
510 1547 0.2
510 2073 0.2
510 1106 0.05
510 2858 0.05
510 2056 0.01
510 2417 0.2
510 1991 0.01
510 2895 0.01
510 2524 0.2
510 2012 0.2
510 592 0.01
510 1875 0.05
510 2701 0.01
510 1012 0.2
510 680 0.2
511 2196 0.01
511 1895 0.05
511 2371 0.01
511 1223 0.05
511 2756 0.2
511 2494 0.01
511 2170 0.05
511 1263 0.01
511 1191 0.05
511 1321 0.05
511 1018 0.2
511 2167 0.01
511 711 0.2
511 2212 0.2
511 1931 0.05
511 2088 0.05
512 1124 0.2
512 2929 0.2
512 553 0.01
512 2340 0.05
512 867 0.05
512 1760 0.01
512 2566 0.05
512 1641 0.2
512 2957 0.05
512 585 0.01
512 2521 0.2
512 1940 0.05
512 1593 0.05
512 2409 0.05
513 859 0.01
513 2332 0.01
513 2786 0.2
513 2472 0.05
513 1763 0.2
513 2697 0.05
513 2944 0.01
513 2695 0.01
513 1215 0.2
513 2488 0.05
513 2797 0.05
513 2978 0.05
513 2281 0.05
514 2744 0.01
514 2668 0.2
514 1845 0.2
514 2181 0.01
514 596 0.01
514 2828 0.05
514 824 0.2
515 525 0.01
515 2312 0.2
515 1608 0.05
515 898 0.2
515 2652 0.05
515 1310 0.01
515 2062 0.2
515 566 0.2
515 2500 0.2
515 595 0.01
515 1893 0.2
515 2750 0.05
515 2871 0.01
515 1203 0.05
516 1126 0.2
516 2131 0.01
516 2347 0.2
516 1858 0.2
516 2976 0.2
516 1838 0.01
516 1426 0.2
516 2440 0.05
516 1879 0.05
516 633 0.05
516 2905 0.2
516 1453 0.01
516 2693 0.05
516 2475 0.01
516 1670 0.05
516 888 0.05
516 1775 0.01
516 1404 0.01
516 1976 0.01
517 977 0.01
517 2612 0.05
517 2057 0.2
517 537 0.01
517 2081 0.01
517 2128 0.2
517 2693 0.2
517 2065 0.05
517 2225 0.05
517 1423 0.05
517 949 0.01
517 1503 0.05
517 2123 0.01
517 1103 0.05
517 887 0.01
517 2091 0.2
517 1832 0.05
517 2147 0.2
517 1445 0.05
517 2118 0.05
517 2496 0.05
518 2187 0.05
518 2353 0.05
518 2832 0.2
518 2139 0.01
518 2900 0.01
518 532 0.05
518 969 0.05
518 2757 0.2
518 1099 0.05
518 2477 0.2
518 2434 0.05
518 2741 0.01
519 1724 0.05
519 2686 0.2
519 1100 0.01
519 2070 0.01
519 2835 0.05
519 1796 0.05
519 2844 0.01
519 2867 0.05
519 1725 0.01
519 2479 0.01
519 1593 0.05
519 1960 0.2
519 1251 0.2
519 1200 0.01
519 612 0.2
519 2470 0.2
520 1985 0.05
520 822 0.05
520 796 0.05
520 2088 0.2
520 2848 0.05
520 2212 0.01
520 2325 0.2
520 945 0.2
520 2636 0.05
520 746 0.01
520 1061 0.2
520 2372 0.01
520 2206 0.05
520 533 0.05
521 2270 0.05
521 2981 0.2
521 1206 0.05
521 2353 0.2
521 1375 0.2
521 1063 0.01
521 1506 0.05
521 2925 0.05
521 2543 0.05
521 931 0.05
521 920 0.2
521 2544 0.05
521 1892 0.2
521 1670 0.05
521 1023 0.01
521 768 0.01
521 2170 0.2
521 1792 0.2
521 2799 0.01
521 2350 0.01
522 1760 0.01
522 2548 0.05
522 1204 0.05
522 1276 0.01
522 2426 0.05
522 1323 0.2
522 1647 0.01
522 2561 0.01
522 539 0.05
522 2213 0.2
522 1700 0.05
522 1106 0.2
522 1708 0.01
522 2011 0.2
522 562 0.01
522 2363 0.05
522 2806 0.05
522 892 0.01
522 2765 0.05
523 1345 0.2
523 2044 0.2
523 608 0.01
523 2251 0.05
523 802 0.01
523 1268 0.2
523 2945 0.01
523 1615 0.05
523 2232 0.01
523 2561 0.05
523 2300 0.01
523 1958 0.05
523 1474 0.05
523 1358 0.2
523 2789 0.05
523 1335 0.05
523 1718 0.05
524 1928 0.01
524 2886 0.05
524 2124 0.01
524 2820 0.01
524 2987 0.2
524 1641 0.2
524 550 0.2
524 2650 0.01
524 1804 0.01
524 1861 0.2
524 1006 0.01
524 821 0.05
524 1611 0.2
524 2419 0.05
524 1080 0.01
525 2258 0.2
525 2992 0.2
525 1462 0.2
525 1500 0.2
525 1251 0.01
525 1052 0.2
525 2430 0.01
525 2361 0.2
525 1414 0.2
525 2479 0.2
525 616 0.01
525 1554 0.05
525 1306 0.2
525 2103 0.05
525 1238 0.05
525 760 0.2
525 2722 0.2
525 1569 0.01
525 2062 0.2
526 1136 0.01
526 1587 0.01
526 600 0.05
526 2402 0.05
526 2422 0.01
526 1188 0.01
526 2753 0.05
526 2180 0.05
526 1476 0.2
526 2430 0.01
526 2536 0.05
527 2843 0.05
527 2355 0.2
527 1757 0.2
527 2353 0.05
527 2371 0.01
527 1839 0.2
527 1747 0.01
527 2056 0.2
527 1538 0.01
527 923 0.2
527 578 0.05
527 1354 0.05
527 555 0.05
527 2255 0.05
527 1040 0.2
527 2908 0.05
527 1758 0.01
527 848 0.2
527 2586 0.01
527 868 0.2
528 2437 0.01
528 745 0.01
528 1278 0.2
528 1977 0.2
528 2197 0.2
528 2853 0.01
528 2787 0.01
528 783 0.2
528 1529 0.2
528 2483 0.01
528 1435 0.05
528 985 0.05
528 1855 0.01
528 1080 0.2
529 719 0.2
529 865 0.05
529 2885 0.05
529 1350 0.2
529 928 0.2
529 2966 0.05
529 1527 0.01
529 2993 0.01
529 2604 0.2
529 1962 0.2
529 1948 0.01
529 2002 0.05
529 1097 0.05
530 1457 0.05
530 1061 0.05
530 1961 0.01
530 2169 0.05
530 1311 0.2
530 777 0.05
530 2324 0.2
530 1448 0.05
530 543 0.01
530 1038 0.2
530 1211 0.01
530 1056 0.01
530 2493 0.01
530 2074 0.2
530 1191 0.05
531 2259 0.05
531 2516 0.05
531 1197 0.01
531 1125 0.05
531 2108 0.01
531 2994 0.01
531 1478 0.2
531 633 0.01
531 1601 0.05
531 2615 0.2
531 1251 0.2
531 548 0.01
532 592 0.2
532 2278 0.01
532 659 0.2
532 1539 0.2
532 2659 0.2
532 1950 0.01
532 845 0.01
532 896 0.2
532 571 0.01
532 1204 0.01
532 2750 0.01
532 2655 0.05
532 1602 0.01
532 1130 0.05
532 2268 0.2
532 691 0.01
532 1392 0.2
532 2985 0.05
532 2310 0.2
532 2958 0.2
533 2700 0.05
533 1564 0.2
533 2260 0.01
533 1257 0.2
533 1648 0.2
533 2772 0.2
533 1578 0.01
533 2012 0.01
533 2486 0.01
533 2507 0.01
534 2367 0.05
534 825 0.01
534 552 0.01
534 1858 0.2
534 1993 0.01
534 1897 0.05
534 1508 0.2
534 537 0.2
534 1926 0.01
534 2404 0.01
534 2680 0.01
534 2894 0.2
534 1944 0.2
534 1901 0.05
534 2626 0.05
534 967 0.2
535 2609 0.05
535 1633 0.01
535 969 0.01
535 910 0.05
535 2978 0.05
535 776 0.01
535 611 0.05
535 1741 0.2
535 1561 0.01
535 2061 0.2
535 1554 0.2
535 1377 0.01
535 2052 0.05
535 2256 0.01
535 1279 0.2
535 2642 0.01
536 2751 0.05
536 2249 0.2
536 2531 0.01
536 1649 0.2
536 594 0.2
536 2357 0.01
536 2714 0.2
536 1527 0.2
536 2908 0.05
536 2304 0.01
537 2978 0.2
537 2358 0.2
537 1470 0.05
537 1918 0.01
537 1832 0.05
537 1641 0.2
537 2632 0.01
537 1029 0.05
537 2425 0.2
537 1267 0.01
537 1697 0.2
537 2178 0.05
538 830 0.01
538 1592 0.2
538 2437 0.2
538 2463 0.2
538 1914 0.2
538 2660 0.05
538 1124 0.2
538 1207 0.2
538 2997 0.05
539 2220 0.2
539 2325 0.05
539 1157 0.05
539 1550 0.2
539 1343 0.01
539 1957 0.01
539 2149 0.2
539 752 0.01
539 2187 0.2
539 2211 0.01
539 1700 0.01
539 2989 0.05
539 2835 0.05
539 1522 0.2
539 767 0.2
540 1857 0.05
540 2662 0.05
540 1296 0.01
540 2217 0.2
540 1255 0.2
540 1917 0.01
540 2034 0.05
540 2478 0.05
540 918 0.2
540 2364 0.01
540 759 0.2
540 2398 0.2
540 1202 0.2
540 2400 0.01
540 638 0.05
540 1495 0.01
540 1018 0.2
541 2962 0.2
541 822 0.01
541 2842 0.05
541 2651 0.05
541 1578 0.2
541 1376 0.05
541 2291 0.05
541 1017 0.01
541 638 0.01
541 1096 0.2
541 1710 0.2
541 1671 0.01
541 2031 0.2
541 1828 0.05
541 2127 0.01
541 2741 0.05
541 1947 0.2
541 2888 0.2
541 2036 0.2
542 1086 0.2
542 1032 0.01
542 2109 0.2
542 1401 0.2
542 2912 0.05
542 1301 0.01
542 2711 0.05
542 740 0.05
542 1605 0.2
542 1925 0.05
542 2185 0.2
542 1930 0.2
542 655 0.01
542 1367 0.2
542 2825 0.01
543 2873 0.01
543 2431 0.05
543 2754 0.2
543 2771 0.2
543 1468 0.2
543 2480 0.2
543 1271 0.2
543 1200 0.2
543 1208 0.01
543 1767 0.05
543 1192 0.05
543 2822 0.05
543 2664 0.2
543 2972 0.01
543 1746 0.01
543 1937 0.2
543 2111 0.2
543 936 0.01
543 1456 0.05
544 2676 0.2
544 2841 0.01
544 1107 0.2
544 1625 0.05
544 796 0.05
544 1339 0.2
544 893 0.05
544 2879 0.2
544 1303 0.2
544 2187 0.05
545 1567 0.05
545 1920 0.2
545 1546 0.05
545 1633 0.01
545 1230 0.01
545 2596 0.2
545 1621 0.01
545 2795 0.05
545 1655 0.01
545 2916 0.2
545 2706 0.2
545 1749 0.05
545 2930 0.05
545 2281 0.2
545 962 0.2
545 1329 0.01
546 1903 0.05
546 2070 0.2
546 1854 0.01
546 1067 0.01
546 1503 0.01
546 1303 0.2
546 2884 0.2
546 1193 0.2
546 1794 0.01
546 823 0.05
546 1319 0.05
546 964 0.01
546 1981 0.01
546 2280 0.2
546 2852 0.05
546 2613 0.05
546 1674 0.01
547 1958 0.2
547 2647 0.2
547 1672 0.05
547 779 0.05
547 2759 0.05
547 2785 0.2
547 2540 0.01
547 1933 0.2
547 2169 0.2
547 1803 0.01
547 784 0.05
548 1083 0.05
548 1282 0.2
548 1403 0.05
548 1191 0.2
548 1042 0.05
548 980 0.2
548 2081 0.01
548 1891 0.2
548 1107 0.2
548 2518 0.2
548 2092 0.05
548 1584 0.05
548 682 0.2
549 2065 0.2
549 2170 0.01
549 2057 0.01
549 1346 0.01
549 2466 0.05
549 1907 0.2
549 1229 0.2
549 1681 0.2
549 2714 0.01
549 2719 0.01
549 1901 0.01
549 1977 0.05
549 1555 0.01
549 2105 0.05
550 1230 0.2
550 1472 0.01
550 2046 0.05
550 1279 0.2
550 2883 0.2
550 1803 0.2
550 2839 0.05
550 1643 0.05
550 1259 0.2
550 1729 0.01
550 1678 0.01
550 656 0.01
550 1645 0.05
550 1068 0.01
550 2430 0.2
551 2043 0.2
551 659 0.01
551 2967 0.05
551 1928 0.2
551 751 0.05
551 1658 0.01
551 614 0.05
551 1777 0.2
551 2511 0.05
551 1767 0.05
551 679 0.01
551 938 0.2
551 1850 0.05
551 1273 0.05
551 1261 0.2
552 746 0.05
552 725 0.01
552 684 0.05
552 2958 0.2
552 1827 0.05
552 795 0.05
552 1656 0.05
552 1994 0.05
552 2941 0.05
553 1822 0.01
553 1236 0.01
553 1761 0.2
553 2918 0.2
553 2731 0.01
553 2889 0.05
553 1959 0.05
553 897 0.01
553 2399 0.2
554 2627 0.2
554 1610 0.2
554 2839 0.01
554 2949 0.2
554 1312 0.01
554 936 0.2
554 2856 0.01
554 1494 0.01
554 2581 0.2
554 1007 0.2
554 1579 0.05
554 2989 0.01
554 2774 0.05
554 787 0.2
554 1628 0.05
555 1891 0.05
555 1591 0.2
555 1685 0.2
555 1652 0.01
555 1705 0.2
555 1560 0.01
555 904 0.05
555 1552 0.01
555 1226 0.01
555 2955 0.2
555 2244 0.01
555 2196 0.01
555 1711 0.01
555 2578 0.01
555 2916 0.05
555 1939 0.2
555 2093 0.05
555 2448 0.05
555 1501 0.05
556 1972 0.01
556 2128 0.01
556 2725 0.05
556 1545 0.2
556 2428 0.2
556 1223 0.01
556 2010 0.2
556 1915 0.05
556 1589 0.05
556 2046 0.05
556 2450 0.05
556 1013 0.05
556 2897 0.2
556 1321 0.05
556 1856 0.05
556 1795 0.01
556 1140 0.05
556 1645 0.2
556 2599 0.05
557 1230 0.2
557 2394 0.05
557 1318 0.05
557 1410 0.2
557 730 0.05
557 1828 0.01
557 1140 0.2
557 817 0.05
557 900 0.05
557 2836 0.05
557 2030 0.2
557 572 0.05
557 2500 0.2
557 1646 0.01
557 1750 0.2
557 795 0.05
557 2680 0.05
557 1294 0.2
557 1626 0.05
558 1321 0.01
558 900 0.01
558 1408 0.01
558 1874 0.01
558 1117 0.01
558 2993 0.01
558 2028 0.05
558 1719 0.05
558 1122 0.05
558 1388 0.05
558 2452 0.2
558 2684 0.05
558 1622 0.05
558 1090 0.01
558 659 0.01
558 1054 0.05
559 799 0.05
559 1186 0.2
559 1149 0.2
559 1339 0.05
559 1364 0.01
559 2165 0.2
559 981 0.05
559 1220 0.2
559 2407 0.2
559 996 0.2
559 976 0.05
559 1138 0.05
559 1984 0.05
559 889 0.01
559 2071 0.05
559 1989 0.01
559 2415 0.2
559 2884 0.2
560 2573 0.05
560 2326 0.05
560 1140 0.01
560 2401 0.05
560 2723 0.2
560 666 0.2
560 1028 0.05
560 1291 0.01
560 1181 0.01
560 2236 0.05
560 1712 0.01
560 1899 0.05
560 2313 0.2
560 2646 0.05
560 1015 0.2
560 2716 0.01
560 1621 0.01
561 1225 0.2
561 2870 0.01
561 833 0.2
561 2095 0.05
561 1242 0.2
561 947 0.01
561 2442 0.01
561 2762 0.2
561 2945 0.2
561 2606 0.05
562 1046 0.05
562 1112 0.2
562 2873 0.2
562 1717 0.05
562 820 0.05
562 2690 0.2
562 2630 0.05
562 2235 0.01
562 1552 0.01
562 2976 0.2
562 2351 0.2
562 2150 0.01
562 1407 0.2
562 1466 0.01
562 1291 0.01
562 1227 0.2
562 1108 0.01
562 2009 0.05
562 891 0.01
562 1767 0.2
563 927 0.2
563 2168 0.2
563 2790 0.05
563 1689 0.05
563 1940 0.2
563 995 0.01
563 1534 0.01
563 2364 0.2
563 625 0.01
563 1037 0.01
563 996 0.2
563 1785 0.2
563 2789 0.05
563 1225 0.05
563 1916 0.2
563 2780 0.05
563 790 0.05
563 2537 0.01
563 2635 0.05
563 1411 0.01
563 2621 0.05
563 2246 0.2
563 2081 0.2
563 1642 0.01
564 2354 0.2
564 2474 0.2
564 697 0.05
564 1029 0.2
564 2250 0.01
564 1784 0.05
564 2212 0.01
564 2673 0.05
564 1520 0.01
564 1372 0.2
564 2869 0.05
564 1208 0.2
565 2124 0.05
565 1690 0.05
565 1630 0.05
565 828 0.2
565 934 0.01
565 2480 0.2
565 2047 0.05
565 2748 0.05
565 2104 0.05
565 1093 0.2
565 2338 0.2
565 688 0.2
565 1550 0.2
565 2561 0.01
565 2423 0.2
565 1788 0.2
565 1556 0.05
565 1553 0.01
566 898 0.05
566 617 0.2
566 2476 0.2
566 2717 0.01
566 639 0.2
566 1371 0.2
566 2678 0.2
566 686 0.05
566 1338 0.05
566 2865 0.05
566 2191 0.05
566 2627 0.2
566 1466 0.05
566 1201 0.2
566 1153 0.2
566 2406 0.01
566 2799 0.2
566 1142 0.05
567 2379 0.01
567 2880 0.01
567 2067 0.2
567 900 0.05
567 2156 0.2
567 918 0.05
567 1943 0.01
567 2130 0.2
567 1396 0.01
567 1535 0.2
567 2481 0.05
567 1698 0.2
567 2710 0.2
567 1730 0.01
568 2851 0.2
568 823 0.01
568 1101 0.05
568 2884 0.01
568 2337 0.2
568 962 0.01
568 1884 0.01
568 2458 0.05
568 2692 0.01
568 1063 0.05
568 1871 0.05
568 2798 0.2
568 2708 0.05
568 1450 0.05
568 983 0.01
569 2055 0.01
569 891 0.2
569 770 0.2
569 1485 0.05
569 2365 0.05
569 629 0.2
569 2592 0.05
569 2417 0.2
569 943 0.05
569 2029 0.05
569 2361 0.2
569 1311 0.05
570 2594 0.05
570 846 0.2
570 828 0.01
570 1478 0.2
570 2798 0.01
570 1452 0.05
570 836 0.2
570 673 0.01
570 2511 0.01
570 1668 0.01
570 2151 0.05
570 2288 0.2
570 663 0.01
571 1010 0.05
571 1696 0.01
571 1297 0.01
571 2349 0.2
571 2704 0.2
571 1632 0.2
571 2259 0.01
571 1720 0.05
571 2145 0.2
571 1282 0.05
571 2414 0.01
571 1011 0.01
571 1323 0.2
571 2090 0.01
572 1343 0.2
572 1288 0.05
572 2969 0.05
572 1822 0.2
572 1448 0.2
572 2240 0.01
572 1946 0.01
572 741 0.01
572 2418 0.05
572 903 0.2
572 2973 0.2
572 1646 0.01
572 2612 0.2
572 2682 0.01
572 2987 0.05
572 771 0.05
572 1906 0.05
572 2781 0.05
572 2400 0.01
572 1250 0.01
572 1085 0.05
573 2063 0.01
573 2950 0.2
573 1572 0.05
573 2788 0.05
573 1149 0.01
573 776 0.05
573 2754 0.01
573 1924 0.05
573 1140 0.2
573 606 0.01
573 1871 0.2
573 620 0.05
573 792 0.01
573 1418 0.01
573 2459 0.05
573 1543 0.2
573 2277 0.01
573 660 0.01
573 2733 0.01
573 2097 0.01
573 1406 0.05
573 2177 0.05
573 627 0.2
573 2113 0.01
574 1837 0.01
574 1183 0.2
574 1827 0.2
574 1792 0.01
574 637 0.01
574 1680 0.05
574 983 0.01
574 803 0.2
574 2694 0.05
574 1198 0.05
574 2950 0.01
575 1955 0.05
575 2936 0.05
575 966 0.01
575 2314 0.01
575 1644 0.05
575 1380 0.2
575 2130 0.05
575 2452 0.01
575 1940 0.01
575 850 0.2
575 1401 0.2
576 2032 0.05
576 2943 0.01
576 1176 0.01
576 1973 0.2
576 1547 0.05
576 2645 0.05
576 2330 0.05
576 2350 0.01
576 1970 0.2
576 2127 0.05
576 984 0.2
576 792 0.01
576 715 0.2
576 2406 0.2
576 971 0.2
576 1339 0.05
576 1976 0.01
576 1143 0.01
577 1015 0.05
577 1141 0.01
577 666 0.01
577 2928 0.05
577 2497 0.2
577 1491 0.2
577 1523 0.01
578 2847 0.05
578 1121 0.2
578 1496 0.2
578 1651 0.2
578 1609 0.01
578 1205 0.05
578 2108 0.01
578 1218 0.05
578 2415 0.01
578 1750 0.2
578 2589 0.01
578 619 0.2
579 2718 0.05
579 2840 0.2
579 2273 0.05
579 2885 0.01
579 2002 0.05
579 836 0.2
579 679 0.2
579 1266 0.2
579 1497 0.05
579 963 0.2
579 2853 0.05
579 908 0.01
579 2367 0.05
579 1874 0.01
579 2053 0.2
579 1700 0.01
579 1665 0.2
579 1709 0.01
579 2347 0.05
579 1229 0.05
579 2809 0.2
580 1426 0.05
580 2886 0.01
580 1773 0.01
580 770 0.05
580 1864 0.01
580 2700 0.05
580 756 0.2
580 2787 0.05
580 2452 0.01
580 1291 0.01
580 1076 0.05
580 1200 0.01
580 661 0.01
580 2476 0.01
580 1547 0.2
580 2319 0.01
580 2526 0.01
580 974 0.05
580 2491 0.05
580 1692 0.2
580 682 0.2
580 853 0.2
581 1391 0.01
581 1579 0.05
581 1128 0.05
581 1748 0.2
581 2872 0.01
581 2695 0.01
581 2123 0.05
581 2007 0.01
581 958 0.2
581 1698 0.05
582 1088 0.01
582 2365 0.05
582 2306 0.05
582 1898 0.2
582 585 0.2
582 804 0.01
582 2016 0.01
582 978 0.05
582 2231 0.05
582 2706 0.05
582 763 0.05
582 2291 0.01
583 2914 0.2
583 2099 0.05
583 2818 0.2
583 1310 0.2
583 1529 0.01
583 1190 0.2
583 1816 0.01
583 2533 0.2
583 654 0.05
583 760 0.01
583 2620 0.2
583 2682 0.2
583 1456 0.05
583 2034 0.05
583 1157 0.2
584 2461 0.05
584 1410 0.2
584 1551 0.2
584 2569 0.01
584 1267 0.01
584 1108 0.05
584 923 0.2
584 1810 0.05
584 2638 0.05
584 1323 0.2
584 1946 0.01
584 1993 0.01
584 994 0.2
584 2694 0.01
584 929 0.05
584 2376 0.2
584 1811 0.2
584 2952 0.01
584 1069 0.05
584 2291 0.2
584 863 0.05
585 1084 0.01
585 2913 0.2
585 2599 0.2
585 850 0.05
585 939 0.01
585 2753 0.05
585 2454 0.05
585 2850 0.05
586 951 0.05
586 2319 0.01
586 1236 0.01
586 1295 0.05
586 1340 0.05
586 844 0.01
586 2916 0.05
586 2844 0.05
586 2883 0.2
586 1159 0.05
586 730 0.05
586 2915 0.05
586 2642 0.2
586 2594 0.2
586 1063 0.2
586 853 0.2
586 883 0.2
586 2168 0.01
586 2478 0.2
586 1249 0.05
586 2628 0.05
587 600 0.2
587 659 0.05
587 1877 0.2
587 1503 0.05
587 2308 0.2
587 1158 0.2
587 897 0.2
588 2943 0.01
588 2484 0.01
588 916 0.01
588 1440 0.01
588 2569 0.05
588 1361 0.01
588 1969 0.01
588 2568 0.05
588 2214 0.01
588 2166 0.01
588 776 0.01
588 826 0.05
588 2965 0.01
588 1075 0.2
588 1539 0.01
588 800 0.2
588 2698 0.01
588 1997 0.01
588 732 0.05
588 2266 0.2
589 1650 0.05
589 1168 0.01
589 2220 0.2
589 1094 0.01
589 2255 0.05
589 847 0.01
589 2272 0.05
589 1819 0.2
589 995 0.01
589 2167 0.2
589 1759 0.01
589 2135 0.05
590 2959 0.2
590 815 0.01
590 2404 0.01
590 1220 0.01
590 892 0.2
590 2258 0.05
590 2302 0.01
590 2210 0.01
590 836 0.01
590 2009 0.01
590 1134 0.01
590 1222 0.2
590 1476 0.05
590 1402 0.2
590 1138 0.01
590 2545 0.05
590 2830 0.01
590 2677 0.2
590 2718 0.01
590 1057 0.2
590 2965 0.05
591 2898 0.05
591 2071 0.05
591 1669 0.01
591 1174 0.01
591 2028 0.05
591 2881 0.2
591 1831 0.2
591 2598 0.01
591 727 0.01
591 901 0.05
591 2691 0.01
591 2472 0.01
591 1541 0.01
591 1909 0.01
591 975 0.2
591 2929 0.01
592 2257 0.2
592 664 0.01
592 2778 0.01
592 1215 0.01
592 2525 0.01
592 2592 0.01
592 2629 0.01
592 1073 0.05
592 2258 0.2
592 923 0.2
592 2264 0.01
592 2498 0.2
592 1150 0.2
592 2197 0.2
592 2019 0.01
593 686 0.05
593 1785 0.2
593 1137 0.01
593 859 0.05
593 1254 0.01
593 2060 0.2
593 1786 0.2
593 1942 0.05
593 741 0.2
594 2687 0.01
594 1075 0.2
594 2661 0.01
594 1287 0.05
594 2708 0.01
594 2452 0.01
594 2192 0.2
594 1221 0.05
594 1596 0.05
594 2808 0.01
594 2796 0.2
594 1597 0.05
595 1560 0.05
595 1931 0.01
595 1876 0.2
595 884 0.05
595 1319 0.2
595 1379 0.2
595 1807 0.2
595 788 0.05
595 2921 0.05
595 2779 0.2
595 771 0.05
595 1900 0.05
595 1577 0.05
596 1764 0.01
596 2978 0.2
596 1136 0.2
596 1812 0.05
596 603 0.05
596 1924 0.2
596 1313 0.05
596 2885 0.01
596 1005 0.05
596 779 0.01
596 806 0.05
596 1213 0.01
596 674 0.2
596 769 0.01
596 1233 0.01
596 2102 0.2
596 1026 0.05
597 2019 0.01
597 612 0.2
597 1804 0.01
597 1673 0.05
597 1160 0.01
597 1078 0.01
597 2912 0.05
597 664 0.01
597 846 0.01
597 2734 0.05
597 646 0.01
597 886 0.01
597 995 0.2
597 1228 0.05
598 1373 0.05
598 2700 0.05
598 1746 0.2
598 1117 0.01
598 2732 0.05
598 701 0.01
598 1543 0.05
598 2963 0.2
598 2635 0.01
598 2367 0.05
598 2178 0.01
599 1048 0.2
599 1413 0.01
599 1022 0.05
599 1026 0.05
599 924 0.2
599 1770 0.2
599 1043 0.2
599 1494 0.2
599 1915 0.05
599 2316 0.2
600 2914 0.05
600 2686 0.05
600 1822 0.01
600 2771 0.2
600 2122 0.2
600 1837 0.2
600 1394 0.01
600 913 0.2
600 2841 0.05
600 1207 0.01
600 1371 0.2
600 2410 0.01
600 2099 0.01
600 2651 0.05
600 1923 0.05
601 2868 0.01
601 2531 0.2
601 2495 0.01
601 1353 0.01
601 1210 0.01
601 2175 0.01
601 1633 0.2
601 650 0.01
601 2414 0.01
601 2324 0.2
601 1897 0.2
601 2804 0.01
602 2731 0.01
602 2807 0.2
602 1842 0.05
602 2966 0.01
602 2198 0.2
602 741 0.01
602 1107 0.01
602 2205 0.05
602 2798 0.2
602 1395 0.01
602 1742 0.05
603 1791 0.01
603 2540 0.05
603 1142 0.2
603 2789 0.01
603 2463 0.2
603 1578 0.2
603 829 0.05
603 2249 0.01
603 1013 0.2
603 2635 0.2
603 1874 0.01
603 2713 0.05
603 762 0.05
603 1510 0.01
603 2242 0.01
603 2893 0.05
603 2043 0.05
603 922 0.01
603 934 0.01
603 1059 0.2
603 640 0.01
603 1189 0.05
604 2687 0.05
604 2441 0.05
604 2643 0.05
604 1178 0.2
604 2778 0.01
604 2045 0.2
604 2985 0.2
604 2697 0.2
604 1904 0.2
604 2755 0.01
604 1669 0.2
604 1398 0.2
604 1649 0.01
604 1956 0.2
604 2447 0.2
604 2936 0.05
604 2783 0.01
604 2975 0.05
604 1478 0.05
604 1967 0.01
605 1557 0.2
605 2402 0.2
605 2437 0.2
605 1408 0.01
605 2932 0.01
605 1894 0.2
605 1070 0.05
605 1311 0.05
605 2893 0.01
605 864 0.05
605 2559 0.01
605 2459 0.05
605 1292 0.2
605 2689 0.2
605 797 0.01
605 1932 0.01
606 2263 0.2
606 1615 0.2
606 2032 0.05
606 2948 0.2
606 1941 0.2
606 1137 0.2
606 1307 0.05
606 1740 0.2
606 2926 0.01
606 2261 0.2
606 1320 0.2
607 1342 0.01
607 2320 0.05
607 1962 0.01
607 2068 0.01
607 2393 0.2
607 844 0.2
607 1573 0.2
607 961 0.05
607 2963 0.05
607 1390 0.2
607 2933 0.05
607 1360 0.05
607 1454 0.2
607 1181 0.05
608 2005 0.01
608 2286 0.2
608 2678 0.2
608 1342 0.01
608 2568 0.05
608 996 0.05
608 641 0.01
608 1425 0.01
608 1113 0.01
608 1275 0.2
608 1528 0.2
609 2147 0.2
609 2038 0.01
609 939 0.01
609 1823 0.01
609 2880 0.05
609 1789 0.01
609 2014 0.2
609 1464 0.05
609 2584 0.01
609 2457 0.2
609 2981 0.05
609 1310 0.2
610 2830 0.05
610 2652 0.2
610 1871 0.05
610 2023 0.05
610 2197 0.2
610 2423 0.05
610 1839 0.05
610 1855 0.05
610 985 0.2
610 1854 0.2
610 1082 0.05
610 1309 0.01
610 1288 0.2
610 1119 0.2
610 976 0.01
610 2890 0.05
611 621 0.2
611 1672 0.01
611 1116 0.2
611 2706 0.05
611 2806 0.2
611 1065 0.05
611 2099 0.05
611 1636 0.01
611 2960 0.2
611 1103 0.2
611 897 0.05
611 2237 0.2
611 1601 0.01
611 2490 0.2
611 1411 0.01
611 2428 0.05
611 2887 0.2
611 1028 0.01
611 2185 0.2
611 1429 0.01
611 992 0.05
611 1453 0.01
611 2152 0.2
611 1189 0.2
611 1535 0.05
612 883 0.2
612 1697 0.2
612 1719 0.2
612 1338 0.05
612 1155 0.2
612 896 0.01
612 1184 0.01
612 2236 0.2
612 2050 0.2
612 691 0.01
612 996 0.05
612 2182 0.05
612 2946 0.2
612 1290 0.05
613 2198 0.01
613 747 0.2
613 1934 0.05
613 1447 0.01
613 1088 0.01
613 1692 0.05
613 1341 0.2
613 2096 0.05
613 903 0.05
613 1436 0.05
613 1724 0.2
614 733 0.2
614 2118 0.01
614 2701 0.2
614 786 0.2
614 2421 0.05
614 2974 0.01
614 918 0.2
614 2171 0.05
614 2554 0.2
614 2890 0.05
614 2994 0.05
614 2073 0.05
614 711 0.01
615 1365 0.01
615 765 0.01
615 1741 0.05
615 2142 0.05
615 1927 0.01
615 1812 0.05
615 1647 0.05
615 1390 0.01
615 2007 0.2
615 2152 0.01
615 2394 0.01
615 2577 0.05
615 1299 0.05
616 1004 0.05
616 836 0.2
616 984 0.2
616 1878 0.01
616 868 0.01
616 621 0.05
616 1749 0.2
616 872 0.01
616 719 0.05
616 1897 0.01
616 803 0.05
616 1272 0.01
616 749 0.2
616 2444 0.2
617 1412 0.01
617 1743 0.05
617 810 0.01
617 664 0.05
617 692 0.01
617 2997 0.2
617 1219 0.05
617 650 0.01
617 1757 0.01
617 707 0.01
617 2367 0.2
617 2068 0.01
618 1294 0.05
618 2627 0.2
618 729 0.05
618 707 0.2
618 2593 0.01
618 2450 0.2
618 645 0.01
618 1944 0.2
618 2388 0.2
618 1195 0.05
618 1489 0.01
619 2852 0.2
619 2423 0.01
619 2012 0.2
619 2826 0.01
619 1964 0.01
619 2735 0.05
619 757 0.01
619 812 0.2
619 1571 0.05
619 2228 0.05
619 2625 0.2
619 2828 0.05
620 1715 0.05
620 2572 0.05
620 1091 0.2
620 1005 0.05
620 660 0.01
620 1441 0.05
620 1984 0.05
620 2738 0.2
620 1723 0.2
620 1604 0.2
620 701 0.05
620 1739 0.05
620 2903 0.05
620 1811 0.01
620 1399 0.2
620 1943 0.05
621 923 0.2
621 827 0.01
621 1892 0.01
621 2305 0.05
621 843 0.2
621 968 0.2
621 1748 0.01
621 2997 0.05
621 1279 0.2
621 2422 0.01
621 724 0.2
621 2111 0.01
621 973 0.2
621 681 0.01
621 2864 0.2
621 1163 0.01
622 769 0.01
622 2215 0.01
622 668 0.05
622 1981 0.05
622 2814 0.2
622 623 0.01
622 2818 0.05
622 926 0.05
622 885 0.2
622 1627 0.2
623 2670 0.05
623 1848 0.01
623 2196 0.01
623 1204 0.01
623 2571 0.2
623 2076 0.2
623 809 0.05
623 1316 0.05
623 1171 0.2
623 661 0.2
623 1776 0.2
623 2663 0.01
623 803 0.01
623 2033 0.05
623 2105 0.05
623 666 0.2
624 2544 0.01
624 1209 0.01
624 2392 0.2
624 2877 0.2
624 2529 0.01
624 2322 0.05
624 2096 0.01
624 2427 0.2
624 1462 0.01
624 2493 0.2
624 2243 0.01
624 929 0.2
624 732 0.05
624 1557 0.2
624 1874 0.01
624 2977 0.01
624 1829 0.05
624 2725 0.2
625 2842 0.2
625 2813 0.01
625 1136 0.01
625 1746 0.2
625 1339 0.05
625 2200 0.05
625 1364 0.01
625 773 0.05
625 1852 0.01
625 2185 0.01
625 2829 0.01
625 1639 0.01
625 1721 0.05
625 2097 0.01
625 2566 0.2
625 2482 0.05
626 814 0.2
626 2897 0.01
626 2467 0.01
626 2122 0.01
626 2430 0.05
626 2473 0.05
626 1554 0.01
626 1613 0.01
626 2678 0.01
626 2669 0.05
626 2274 0.2
626 2010 0.2
626 2051 0.2
626 866 0.05
627 1863 0.2
627 2874 0.05
627 904 0.01
627 2141 0.05
627 2921 0.05
627 1195 0.01
627 1962 0.05
627 882 0.05
627 1901 0.05
627 2131 0.2
627 2129 0.01
627 2829 0.05
627 2345 0.01
627 1858 0.05
627 1141 0.2
627 2568 0.01
627 2327 0.05
628 2781 0.01
628 660 0.05
628 1804 0.05
628 1295 0.01
628 1533 0.2
628 1664 0.05
628 2796 0.01
628 2296 0.05
628 2434 0.2
628 1962 0.01
628 2679 0.05
628 2880 0.05
628 2419 0.01
628 2332 0.2
628 746 0.01
629 1321 0.01
629 1325 0.05
629 2106 0.01
629 2952 0.2
629 1861 0.05
629 1700 0.01
629 1440 0.01
629 2204 0.05
629 2432 0.01
629 2757 0.01
629 2587 0.01
629 1426 0.2
630 2041 0.05
630 2640 0.01
630 1075 0.2
630 2684 0.05
630 2342 0.01
630 1770 0.05
630 1768 0.01
630 1582 0.05
630 2943 0.2
630 1417 0.01
630 1532 0.05
630 2301 0.01
630 717 0.01
630 869 0.05
630 1184 0.01
630 969 0.2
630 1070 0.05
630 1351 0.05
630 2619 0.01
630 1857 0.2
631 664 0.05
631 701 0.2
631 1097 0.05
631 2596 0.01
631 2929 0.05
631 2511 0.05
631 779 0.01
631 1181 0.01
631 2439 0.2
631 2650 0.01
631 2804 0.05
631 2920 0.01
631 2904 0.05
631 2318 0.01
631 2775 0.01
631 2645 0.01
631 2622 0.01
631 1821 0.05
631 1023 0.01
631 984 0.05
631 2589 0.2
631 1005 0.01
631 2399 0.2
631 1693 0.2
631 1644 0.05
631 2609 0.05
632 1699 0.2
632 1961 0.2
632 2847 0.01
632 2408 0.05
632 1832 0.01
632 2934 0.2
632 1401 0.2
632 1020 0.05
632 1089 0.2
633 969 0.01
633 871 0.2
633 2341 0.2
633 892 0.05
633 801 0.2
633 2620 0.2
633 2752 0.01
633 2798 0.05
633 2339 0.01
633 2082 0.01
633 1541 0.05
633 2758 0.01
633 1287 0.01
633 2251 0.2
633 1118 0.01
633 2432 0.2
633 1450 0.2
633 1095 0.2
633 2979 0.2
634 777 0.2
634 1521 0.01
634 1840 0.01
634 2734 0.2
634 2245 0.01
634 2813 0.2
634 992 0.05
634 1937 0.01
634 2828 0.01
634 2277 0.2
634 1417 0.2
634 979 0.2
634 841 0.2
634 732 0.01
635 1417 0.01
635 2923 0.2
635 2296 0.2
635 2511 0.05
635 706 0.2
635 777 0.01
635 1852 0.2
635 1633 0.01
635 1993 0.2
636 881 0.2
636 1115 0.2
636 832 0.01
636 2569 0.2
636 2921 0.2
636 2713 0.05
636 1063 0.05
636 1108 0.2
636 1240 0.01
636 2808 0.05
636 822 0.2
636 1359 0.2
637 644 0.05
637 1064 0.2
637 2689 0.01
637 1409 0.05
637 1619 0.05
637 2232 0.2
637 1579 0.01
637 1858 0.05
637 2157 0.2
637 736 0.05
637 1589 0.01
637 2154 0.01
637 2533 0.05
637 715 0.05
637 776 0.05
637 1802 0.2
637 877 0.01
637 2137 0.05
637 1938 0.01
638 1458 0.2
638 1531 0.2
638 1974 0.05
638 2559 0.2
638 2404 0.2
638 2626 0.05
638 1256 0.05
638 1623 0.05
638 1069 0.2
638 1845 0.01
638 1272 0.01
639 1311 0.01
639 1688 0.05
639 912 0.01
639 1596 0.01
639 2840 0.2
639 2926 0.2
639 2155 0.2
639 2173 0.01
640 2185 0.2
640 2302 0.05
640 2481 0.01
640 1326 0.05
640 1303 0.01
640 2801 0.01
640 2542 0.2
640 2054 0.05
640 2551 0.05
641 1339 0.05
641 2259 0.05
641 1491 0.2
641 1596 0.2
641 1648 0.01
641 1155 0.2
641 2625 0.05
641 2512 0.05
641 1999 0.05
641 948 0.2
641 2497 0.01
641 1117 0.01
642 2070 0.05
642 2472 0.01
642 2289 0.2
642 1735 0.2
642 727 0.01
642 2432 0.05
642 704 0.01
642 823 0.2
642 1427 0.2
642 1663 0.01
642 1210 0.2
642 2401 0.05
642 2721 0.01
642 1150 0.2
642 1546 0.2
642 800 0.01
642 1990 0.01
642 2569 0.2
643 982 0.01
643 1778 0.05
643 2983 0.05
643 1532 0.2
643 812 0.01
643 1333 0.01
643 2320 0.2
643 1544 0.01
643 1743 0.2
643 2558 0.01
643 1336 0.05
643 1916 0.05
643 1307 0.01
644 2175 0.2
644 1396 0.05
644 1506 0.2
644 1483 0.01
644 988 0.01
644 1064 0.01
644 2434 0.05
644 1015 0.01
644 1317 0.2
644 1878 0.05
644 2519 0.2
644 1782 0.01
644 1550 0.2
644 2332 0.01
645 2915 0.05
645 2810 0.2
645 2999 0.05
645 2047 0.01
645 1120 0.2
645 1699 0.2
645 2961 0.05
645 1020 0.2
645 2747 0.05
645 1206 0.01
645 1597 0.01
645 1892 0.01
645 1030 0.2
645 2442 0.05
645 2287 0.01
645 1935 0.2
645 1377 0.01
645 937 0.2
645 1614 0.01
645 2098 0.2
646 1167 0.2
646 1666 0.01
646 1540 0.2
646 1022 0.2
646 1121 0.2
646 1179 0.05
646 703 0.05
646 2092 0.05
646 2618 0.01
646 1812 0.05
646 670 0.01
646 771 0.2
646 1324 0.05
646 1881 0.01
646 655 0.01
646 695 0.01
646 1708 0.2
647 1780 0.2
647 2238 0.2
647 2693 0.05
647 2313 0.01
647 720 0.05
647 2432 0.05
647 695 0.2
647 690 0.05
647 2870 0.2
647 2820 0.05
648 1272 0.05
648 2005 0.01
648 1539 0.2
648 2118 0.05
648 2137 0.05
648 2932 0.01
648 2178 0.2
648 1678 0.2
648 1243 0.01
648 2706 0.2
648 818 0.01
648 1780 0.05
648 2231 0.01
648 2702 0.2
648 879 0.2
648 1797 0.01
648 2802 0.2
648 1696 0.01
649 1323 0.01
649 715 0.05
649 1386 0.2
649 1898 0.2
649 1218 0.01
649 1069 0.05
649 2060 0.01
649 1687 0.2
649 801 0.2
649 831 0.2
650 1490 0.2
650 2472 0.01
650 1533 0.05
650 1082 0.05
650 1043 0.05
650 753 0.05
650 760 0.05
650 1582 0.01
650 843 0.2
650 1932 0.2
650 990 0.2
650 2070 0.05
650 1998 0.01
650 1991 0.01
651 1944 0.05
651 1236 0.01
651 2110 0.05
651 2244 0.01
651 2264 0.05
651 1642 0.01
651 1837 0.05
651 1940 0.01
651 2384 0.2
651 2275 0.01
651 825 0.2
651 1002 0.2
651 2664 0.2
651 1546 0.2
651 1350 0.01
651 846 0.05
651 1923 0.05
652 2872 0.01
652 777 0.2
652 2069 0.01
652 733 0.2
652 827 0.2
652 2700 0.01
652 1411 0.2
652 1002 0.05
652 1480 0.2
652 1376 0.2
652 1068 0.01
652 2760 0.05
652 1590 0.05
652 1860 0.2
652 1519 0.05
652 1588 0.2
652 2789 0.01
652 858 0.01
652 1639 0.01
652 1920 0.01
653 1602 0.05
653 2591 0.05
653 843 0.05
653 814 0.2
653 1108 0.2
653 2538 0.01
653 2368 0.01
653 916 0.05
653 2127 0.05
653 709 0.05
653 1142 0.05
653 1120 0.05
653 2816 0.01
654 1016 0.2
654 1660 0.2
654 1551 0.01
654 722 0.05
654 2301 0.01
654 1996 0.05
654 1590 0.05
654 2142 0.2
654 910 0.01
654 1804 0.2
654 2197 0.01
654 2732 0.05
654 1760 0.05
654 1744 0.05
654 815 0.2
654 1271 0.2
654 1525 0.01
654 2803 0.01
654 753 0.2
654 2843 0.05
655 2570 0.01
655 2782 0.2
655 2260 0.2
655 2342 0.01
655 835 0.2
655 856 0.05
655 698 0.01
655 2345 0.01
655 2357 0.2
655 2580 0.01
655 1063 0.01
655 2456 0.05
655 2710 0.05
655 1159 0.05
655 1141 0.2
655 1456 0.05
655 1494 0.05
656 1117 0.05
656 2271 0.05
656 861 0.05
656 2728 0.05
656 1508 0.01
656 993 0.05
656 1053 0.01
656 1401 0.05
656 764 0.01
656 1612 0.05
656 2463 0.2
656 1557 0.2
656 1494 0.05
656 2991 0.05
656 2007 0.01
656 2056 0.2
656 685 0.01
656 2307 0.05
656 1574 0.01
657 1442 0.2
657 1050 0.01
657 1333 0.01
657 857 0.01
657 1104 0.05
657 1413 0.2
658 1350 0.01
658 2533 0.2
658 2821 0.01
658 1306 0.01
658 2592 0.05
658 2104 0.2
658 1891 0.01
658 2622 0.01
658 2424 0.01
658 2604 0.01
658 1161 0.01
658 1353 0.2
658 1596 0.01
659 1537 0.01
659 1093 0.2
659 753 0.01
659 2054 0.01
659 736 0.05
659 2315 0.01
659 748 0.05
659 2166 0.01
659 1519 0.2
659 1366 0.2
659 978 0.2
660 2419 0.01
660 730 0.2
660 1179 0.05
660 698 0.05
660 797 0.05
660 1152 0.2
660 805 0.2
660 1293 0.2
660 2814 0.05
660 1807 0.01
660 2146 0.05
661 1531 0.05
661 1072 0.01
661 2714 0.2
661 1188 0.01
661 1875 0.05
661 2617 0.05
661 1610 0.05
661 1396 0.05
661 2687 0.05
661 2133 0.2
661 2620 0.01
661 2070 0.05
661 873 0.01
661 2556 0.2
661 2922 0.05
662 2864 0.2
662 2880 0.2
662 1799 0.2
662 1702 0.05
662 2822 0.2
662 2374 0.01
662 875 0.05
662 1585 0.2
662 1532 0.01
662 1733 0.01
662 1662 0.2
663 817 0.01
663 1321 0.05
663 1934 0.2
663 1777 0.05
663 2129 0.01
663 1625 0.05
663 1016 0.01
663 2515 0.01
663 1735 0.05
663 1410 0.05
663 2450 0.2
663 669 0.01
663 1697 0.01
663 2304 0.2
663 742 0.05
663 1164 0.01
663 1649 0.2
663 856 0.01
663 1423 0.2
664 1346 0.2
664 762 0.05
664 789 0.05
664 1221 0.05
664 1185 0.2
664 933 0.05
664 1803 0.2
665 725 0.01
665 1609 0.01
665 1354 0.2
665 2309 0.2
665 2211 0.2
665 2316 0.05
665 1561 0.05
665 1616 0.2
665 993 0.2
665 1952 0.05
665 1406 0.05
665 1551 0.2
665 1006 0.2
665 1112 0.01
665 1351 0.01
666 1494 0.2
666 1848 0.2
666 1155 0.05
666 2223 0.05
666 1243 0.05
666 1254 0.01
666 1201 0.2
666 2723 0.01
666 2135 0.2
666 2852 0.01
666 1672 0.01
666 1704 0.01
667 2343 0.2
667 2382 0.05
667 1591 0.2
667 1707 0.05
667 1270 0.05
667 1166 0.01
667 1420 0.2
667 2060 0.05
667 669 0.05
667 2366 0.05
667 1404 0.01
667 2825 0.2
667 2287 0.2
667 1518 0.01
668 2928 0.2
668 1463 0.2
668 2661 0.05
668 1819 0.01
668 2030 0.05
668 1737 0.2
668 2621 0.2
668 2505 0.01
668 1301 0.2
668 1614 0.01
668 1156 0.2
668 1422 0.05
668 2904 0.05
668 1445 0.05
668 2819 0.01
668 2439 0.2
669 1002 0.05
669 1059 0.2
669 1065 0.05
669 735 0.05
669 2923 0.05
669 2469 0.01
669 744 0.01
669 1302 0.2
669 2863 0.2
669 2754 0.01
669 1766 0.2
669 2810 0.05
669 2255 0.01
669 2262 0.2
669 2037 0.2
670 1274 0.01
670 791 0.01
670 2981 0.01
670 2681 0.05
670 2632 0.2
670 1394 0.01
670 1459 0.2
670 2631 0.05
670 2868 0.2
670 1310 0.05
670 2686 0.01
671 2942 0.01
671 1719 0.05
671 2230 0.05
671 2986 0.2
671 1770 0.2
671 983 0.01
671 949 0.05
671 2239 0.01
671 1084 0.01
671 1070 0.01
672 2662 0.05
672 2016 0.05
672 2892 0.05
672 1275 0.2
672 1732 0.01
672 2147 0.2
672 2085 0.2
672 2786 0.05
672 1026 0.01
672 2850 0.01
672 2777 0.01
672 1077 0.05
672 2526 0.05
672 2942 0.05
672 920 0.2
672 1303 0.2
673 1116 0.05
673 1343 0.2
673 999 0.2
673 1777 0.01
673 806 0.2
673 1216 0.05
673 1067 0.01
673 2024 0.2
673 1591 0.05
673 1136 0.05
674 1552 0.05
674 1245 0.2
674 1130 0.01
674 928 0.2
674 1011 0.01
674 1887 0.2
674 1141 0.05
674 2152 0.05
674 2029 0.2
674 2703 0.2
674 1846 0.01
674 2407 0.2
674 1304 0.2
674 2656 0.05
675 2487 0.2
675 771 0.05
675 2266 0.2
675 1292 0.05
675 1035 0.01
675 1558 0.2
675 1947 0.01
675 2500 0.2
675 2609 0.2
675 1532 0.05
675 2017 0.01
675 2463 0.2
675 974 0.01
675 1969 0.2
676 2251 0.05
676 1914 0.05
676 2465 0.05
676 1931 0.2
676 1764 0.01
676 1898 0.2
676 2474 0.01
676 963 0.05
676 2459 0.05
676 2337 0.2
676 1806 0.2
676 1808 0.05
676 2338 0.01
676 2285 0.01
676 1595 0.2
677 2657 0.2
677 1793 0.05
677 1621 0.05
677 2457 0.01
677 1799 0.01
677 1314 0.2
677 1086 0.2
677 1192 0.2
677 2981 0.01
678 2558 0.01
678 1801 0.05
678 2896 0.2
678 1276 0.01
678 2600 0.01
678 2496 0.05
678 2755 0.01
678 1650 0.05
678 2171 0.2
678 2165 0.01
678 1146 0.2
678 2656 0.01
678 2011 0.05
678 918 0.2
678 2264 0.2
678 2914 0.2
678 1188 0.05
679 1259 0.2
679 2523 0.05
679 2105 0.01
679 2338 0.01
679 1732 0.05
679 2075 0.01
679 762 0.2
679 1682 0.2
679 2076 0.2
679 910 0.01
679 1663 0.01
679 1198 0.05
680 2236 0.05
680 876 0.01
680 1090 0.01
680 2873 0.2
680 2264 0.2
680 782 0.01
680 2830 0.2
680 803 0.2
680 691 0.2
680 2573 0.05
680 2334 0.05
680 2487 0.05
680 1659 0.01
680 1185 0.2
680 2710 0.01
680 829 0.01
680 1368 0.05
680 2009 0.2
681 968 0.2
681 2842 0.01
681 1454 0.05
681 1718 0.2
681 1057 0.05
681 1889 0.2
681 1867 0.05
681 2097 0.01
681 2331 0.05
681 2453 0.01
681 2779 0.05
681 2286 0.05
681 2692 0.01
681 2086 0.2
681 2951 0.01
681 2753 0.01
681 1320 0.01
681 2488 0.2
681 2027 0.05
681 2566 0.2
682 1745 0.01
682 2518 0.2
682 2344 0.2
682 2395 0.01
682 2132 0.05
682 968 0.2
682 2477 0.05
682 2172 0.05
682 1483 0.05
682 2242 0.05
682 2050 0.05
683 2005 0.01
683 1523 0.01
683 2321 0.05
683 2657 0.01
683 862 0.2
683 738 0.05
683 2174 0.05
683 1669 0.2
683 2581 0.2
683 2362 0.05
683 1981 0.2
683 1125 0.01
683 2956 0.2
683 1505 0.01
683 1972 0.05
683 2088 0.05
684 708 0.01
684 1253 0.01
684 2227 0.05
684 2965 0.01
684 2216 0.05
684 1459 0.01
684 2332 0.05
684 1753 0.05
684 1323 0.05
684 1419 0.01
684 1809 0.05
685 2203 0.01
685 753 0.05
685 863 0.2
685 2674 0.01
685 1840 0.01
685 2060 0.2
685 2123 0.05
685 1340 0.05
685 2989 0.05
685 1926 0.2
685 1858 0.01
685 1964 0.2
685 1726 0.05
685 2400 0.2
685 2428 0.2
685 809 0.01
685 1582 0.2
686 2966 0.05
686 869 0.2
686 2357 0.01
686 2882 0.05
686 1618 0.05
686 1658 0.2
686 2637 0.05
686 1069 0.01
686 1681 0.05
686 2762 0.2
687 1510 0.01
687 1308 0.2
687 2720 0.05
687 1547 0.2
687 967 0.05
687 1145 0.2
687 868 0.05
687 2445 0.05
687 2334 0.01
687 2407 0.01
687 2841 0.05
687 2675 0.01
687 1179 0.05
687 1747 0.05
687 2700 0.01
687 1437 0.01
687 839 0.05
687 1412 0.2
687 1795 0.05
687 2387 0.01
688 1364 0.2
688 1182 0.05
688 1700 0.05
688 2219 0.01
688 2213 0.2
688 1827 0.01
688 2596 0.01
688 2958 0.2
688 2892 0.2
688 1228 0.01
688 2443 0.05
688 1099 0.05
688 2731 0.2
688 2882 0.2
688 1572 0.01
689 1887 0.2
689 1325 0.05
689 2083 0.2
689 2014 0.2
689 2783 0.05
689 2907 0.01
689 1546 0.05
689 1368 0.2
689 2394 0.01
689 2032 0.2
689 1758 0.2
689 1916 0.05
689 1165 0.05
689 1992 0.05
690 2625 0.05
690 2360 0.05
690 1754 0.05
690 2762 0.01
690 1322 0.01
690 2973 0.01
690 2937 0.05
690 787 0.05
690 2294 0.01
690 2355 0.05
690 1404 0.05
691 2603 0.01
691 1578 0.01
691 1038 0.05
691 1604 0.05
691 1561 0.2
691 2320 0.01
691 1621 0.01
691 1957 0.2
691 2818 0.2
692 2346 0.01
692 1501 0.05
692 2655 0.05
692 1495 0.2
692 1057 0.05
692 2190 0.05
692 2852 0.01
692 767 0.2
692 2240 0.01
692 1814 0.2
692 1979 0.05
693 1442 0.05
693 1248 0.05
693 2779 0.05
693 916 0.01
693 850 0.05
693 2905 0.05
693 2795 0.05
693 1172 0.05
693 2094 0.2
693 1145 0.05
693 1113 0.01
693 1050 0.01
694 2807 0.05
694 1559 0.2
694 2519 0.2
694 2631 0.2
694 2555 0.2
694 2459 0.01
694 2124 0.2
694 2549 0.05
694 2849 0.05
694 1010 0.2
694 2125 0.05
695 1938 0.05
695 2063 0.01
695 1210 0.05
695 2965 0.2
695 2004 0.05
695 1433 0.2
695 2154 0.01
695 1241 0.01
695 2635 0.2
696 717 0.01
696 1400 0.2
696 2693 0.05
696 2367 0.05
696 2323 0.01
696 2756 0.05
696 1600 0.05
696 960 0.05
696 2434 0.05
696 2112 0.05
696 761 0.05
696 2361 0.2
697 1046 0.2
697 977 0.2
697 2533 0.01
697 2362 0.2
697 764 0.2
697 2790 0.2
697 2664 0.01
697 2683 0.01
697 2841 0.2
697 1613 0.2
697 1850 0.2
697 1745 0.05
697 2255 0.05
697 2003 0.2
697 2487 0.2
697 1999 0.01
698 1967 0.05
698 2650 0.01
698 1972 0.05
698 2157 0.01
698 2260 0.2
698 722 0.2
698 866 0.05
698 1528 0.2
698 2343 0.01
698 2814 0.2
698 1953 0.05
698 2405 0.01
698 797 0.05
698 962 0.2
698 2663 0.2
698 1503 0.01
698 2247 0.05
698 700 0.2
698 2063 0.2
699 847 0.05
699 1156 0.01
699 2503 0.01
699 2095 0.01
699 2564 0.2
699 2973 0.2
699 2505 0.2
699 2298 0.2
699 1689 0.05
699 1107 0.2
699 965 0.01
699 2305 0.2
700 2600 0.05
700 917 0.05
700 1854 0.05
700 842 0.01
700 739 0.05
700 2703 0.01
700 1330 0.01
700 1127 0.2
700 1661 0.05
700 1641 0.2
700 2666 0.01
701 1002 0.05
701 1407 0.2
701 2068 0.05
701 2158 0.2
701 1534 0.2
701 2928 0.05
701 1687 0.2
701 914 0.2
701 2714 0.2
701 1138 0.2
701 1643 0.2
702 2331 0.2
702 2229 0.2
702 1719 0.2
702 2214 0.01
702 1659 0.2
702 2641 0.2
702 1248 0.05
702 2537 0.05
702 1065 0.01
702 2525 0.05
703 2531 0.2
703 1064 0.01
703 1154 0.05
703 1338 0.01
703 900 0.05
703 1115 0.05
703 1653 0.05
703 865 0.01
703 1849 0.01
703 1858 0.05
703 2314 0.05
703 1313 0.2
703 2647 0.05
703 1644 0.01
703 1966 0.05
703 1459 0.2
703 1414 0.01
704 820 0.05
704 2047 0.05
704 2354 0.01
704 1831 0.05
704 2425 0.01
704 2342 0.01
704 2414 0.2
705 1128 0.05
705 2591 0.01
705 2907 0.05
705 2687 0.05
705 1119 0.01
705 2502 0.01
705 1414 0.2
705 1673 0.2
705 1148 0.2
705 2539 0.05
705 2963 0.01
705 1592 0.01
706 2646 0.05
706 2759 0.01
706 2441 0.2
706 1816 0.2
706 1717 0.01
706 772 0.01
706 1741 0.2
706 860 0.2
706 2085 0.01
706 1227 0.05
706 1752 0.05
706 767 0.05
706 1242 0.2
706 992 0.01
706 2778 0.05
707 2921 0.01
707 1929 0.05
707 1747 0.2
707 718 0.2
707 1361 0.2
707 751 0.05
707 2609 0.2
707 1071 0.2
707 1994 0.2
707 2211 0.2
707 1860 0.2
707 2868 0.2
708 1999 0.2
708 2714 0.2
708 1024 0.05
708 1676 0.05
708 2898 0.05
708 945 0.01
708 2464 0.2
708 810 0.01
708 1753 0.2
708 1276 0.01
708 1443 0.01
708 851 0.05
708 2386 0.05
708 2937 0.2
708 1794 0.2
709 1882 0.2
709 2272 0.01
709 2462 0.01
709 817 0.05
709 2309 0.05
709 771 0.05
709 2831 0.2
709 2071 0.2
709 844 0.05
709 1080 0.05
709 881 0.01
709 2457 0.2
709 1713 0.05
709 1302 0.01
710 808 0.05
710 1945 0.05
710 1374 0.01
710 2815 0.2
710 1692 0.05
710 2061 0.2
710 2625 0.2
710 902 0.2
710 1499 0.05
710 922 0.05
710 818 0.2
710 2157 0.01
710 1741 0.05
710 2763 0.05
710 1811 0.2
710 2284 0.05
711 2260 0.2
711 721 0.01
711 2369 0.01
711 765 0.05
711 2427 0.01
711 2982 0.2
711 2008 0.2
711 2333 0.01
711 2360 0.01
711 944 0.2
711 2544 0.01
711 1181 0.05
711 2500 0.01
712 2774 0.01
712 1542 0.05
712 1667 0.01
712 1850 0.05
712 884 0.05
712 2253 0.05
712 2282 0.01
712 1925 0.05
713 2612 0.05
713 1299 0.01
713 896 0.01
713 1391 0.05
713 1320 0.05
713 2234 0.2
713 2564 0.01
713 1444 0.01
713 2730 0.01
713 1489 0.2
713 1026 0.01
713 2043 0.2
713 2103 0.05
713 1075 0.01
713 1609 0.05
713 1204 0.01
713 2905 0.2
714 2113 0.01
714 1165 0.05
714 2500 0.01
714 2686 0.05
714 2581 0.05
714 1591 0.05
714 2338 0.2
714 1643 0.05
714 1097 0.2
714 990 0.2
714 1420 0.01
714 1392 0.01
714 2391 0.01
714 2699 0.01
715 2811 0.05
715 2473 0.05
715 2124 0.05
715 1951 0.01
715 2497 0.2
715 1878 0.01
716 1069 0.01
716 1238 0.05
716 2276 0.05
716 1086 0.01
716 1640 0.05
716 2105 0.05
716 1034 0.01
716 2348 0.01
716 741 0.05
716 2179 0.01
716 1558 0.01
716 1548 0.2
716 2204 0.2
717 2804 0.2
717 2423 0.2
717 2622 0.01
717 2654 0.2
717 2510 0.01
717 980 0.01
717 1186 0.01
717 2909 0.01
717 2803 0.05
717 796 0.05
717 2191 0.2
717 1725 0.05
717 933 0.05
717 1229 0.05
717 2599 0.2
717 1966 0.01
717 1468 0.05
718 2502 0.2
718 1549 0.2
718 1514 0.2
718 2900 0.2
718 2314 0.05
718 1360 0.2
718 1982 0.05
718 1434 0.05
718 895 0.01
718 721 0.01
718 2686 0.01
718 2431 0.2
718 1057 0.05
719 1701 0.01
719 2008 0.05
719 2644 0.05
719 1053 0.2
719 2156 0.2
719 1920 0.2
719 942 0.01
719 821 0.05
719 1535 0.2
719 2958 0.01
719 1179 0.01
719 2530 0.01
719 2198 0.01
719 2919 0.05
720 896 0.01
720 1711 0.05
720 2255 0.05
720 2681 0.05
720 2219 0.05
720 2952 0.01
720 2024 0.05
720 2877 0.05
720 1386 0.2
720 1891 0.2
720 2802 0.2
720 1792 0.2
720 2044 0.01
721 1783 0.05
721 1823 0.2
721 757 0.05
721 1903 0.01
721 1773 0.05
721 1538 0.2
721 2418 0.05
721 2626 0.2
721 1960 0.05
721 2765 0.2
721 1730 0.05
721 1807 0.2
722 2481 0.2
722 1588 0.01
722 957 0.01
722 2301 0.2
722 1219 0.05
723 1726 0.01
723 831 0.01
723 1048 0.05
723 1649 0.05
723 1796 0.01
723 1346 0.2
723 1543 0.01
723 2573 0.2
723 1592 0.01
723 1571 0.05
723 2761 0.2
723 2893 0.01
723 1111 0.05
724 1283 0.01
724 2280 0.2
724 1528 0.05
724 2890 0.01
724 990 0.2
724 2351 0.2
724 740 0.01
724 1243 0.01
724 774 0.01
724 2218 0.2
724 2698 0.01
724 1481 0.05
724 1351 0.05
724 788 0.05
725 2572 0.01
725 2833 0.2
725 2420 0.2
725 1584 0.05
725 1208 0.01
725 1354 0.05
725 2232 0.2
725 1745 0.2
725 2578 0.05
725 2110 0.2
725 1016 0.01
725 1090 0.01
725 2878 0.2
725 2795 0.2
725 1405 0.2
725 1648 0.01
725 924 0.2
725 1646 0.05
725 1406 0.01
725 1799 0.01
726 1325 0.01
726 1838 0.01
726 1949 0.01
726 2302 0.01
726 1019 0.2
726 1454 0.01
726 2636 0.2
726 1449 0.2
726 2276 0.2
726 1528 0.2
726 2084 0.01
726 2547 0.2
726 2002 0.2
726 1436 0.01
726 2266 0.01
726 2329 0.05
726 1998 0.01
726 1986 0.2
727 1631 0.2
727 2985 0.05
727 1943 0.2
727 1614 0.05
727 1080 0.05
727 2078 0.05
727 1925 0.05
727 2257 0.01
727 1590 0.05
727 2536 0.2
727 2819 0.01
727 2758 0.2
727 1037 0.2
727 1245 0.05
727 1455 0.2
727 2155 0.01
728 2063 0.01
728 1804 0.01
728 1466 0.05
728 1630 0.2
728 1979 0.01
728 1179 0.01
728 1082 0.05
728 881 0.2
728 2129 0.2
728 1230 0.05
728 2128 0.05
728 1357 0.2
728 2431 0.01
728 1086 0.01
728 2371 0.2
728 1517 0.01
728 1046 0.01
729 1863 0.05
729 983 0.01
729 1142 0.01
729 2492 0.05
729 1620 0.01
729 2500 0.05
729 2795 0.05
729 2450 0.05
729 2767 0.01
729 1837 0.01
729 2166 0.01
729 2495 0.2
729 1824 0.01
729 2402 0.01
730 1608 0.05
730 1076 0.05
730 2146 0.2
730 1128 0.05
730 1742 0.2
730 2915 0.2
730 2228 0.2
730 2427 0.2
730 2375 0.2
730 1210 0.2
731 2079 0.01
731 1069 0.2
731 2200 0.01
731 1951 0.2
731 802 0.05
731 2701 0.2
731 1185 0.2
731 754 0.01
731 1900 0.2
731 2967 0.05
731 1196 0.2
732 1516 0.2
732 2287 0.01
732 1858 0.2
732 2916 0.01
732 1181 0.01
732 1817 0.05
732 1736 0.05
732 1201 0.01
732 2187 0.05
732 2962 0.2
732 2704 0.05
732 1024 0.05
732 2965 0.2
732 1961 0.2
732 2158 0.01
732 2418 0.01
732 1240 0.05
732 1137 0.2
733 2886 0.05
733 1567 0.2
733 1318 0.2
733 2910 0.01
733 1462 0.05
733 2748 0.01
733 1108 0.2
733 766 0.01
733 2083 0.01
733 1765 0.05
733 1770 0.2
733 2652 0.01
734 1360 0.01
734 1238 0.01
734 1763 0.05
734 1288 0.2
734 1708 0.01
734 1066 0.2
734 1705 0.05
734 742 0.01
734 802 0.2
734 2716 0.05
734 1047 0.05
734 1078 0.01
734 2016 0.2
734 1120 0.05
734 1895 0.05
735 1895 0.2
735 2530 0.01
735 1106 0.2
735 1724 0.05
735 2697 0.2
735 1626 0.05
735 1694 0.01
735 1225 0.01
735 2665 0.01
736 2234 0.01
736 1107 0.2
736 2340 0.05
736 2397 0.01
736 2017 0.01
736 1861 0.05
736 2827 0.01
736 2178 0.05
736 1804 0.01
736 1859 0.2
736 2678 0.01
736 2207 0.05
736 773 0.01
736 1668 0.01
736 2458 0.05
736 890 0.05
736 2352 0.2
736 1595 0.01
736 2962 0.05
736 2079 0.2
737 2792 0.2
737 1674 0.2
737 2116 0.2
737 2442 0.2
737 2847 0.2
737 2690 0.2
737 2554 0.2
737 1724 0.01
737 1575 0.05
737 2796 0.2
737 1004 0.05
738 1119 0.01
738 1265 0.05
738 2931 0.05
738 1713 0.05
738 2652 0.2
738 2997 0.2
738 2359 0.05
738 2417 0.05
738 1814 0.05
738 2697 0.01
738 1539 0.2
738 844 0.05
738 2020 0.2
738 1031 0.2
738 2043 0.01
738 887 0.01
738 1251 0.2
738 820 0.05
738 1943 0.01
738 1439 0.05
738 829 0.2
738 1503 0.05
738 1576 0.2
739 2467 0.05
739 2242 0.01
739 1163 0.01
739 2337 0.2
739 1699 0.2
739 1157 0.01
739 1711 0.05
739 1486 0.01
739 2184 0.2
739 2352 0.01
739 2780 0.2
739 1123 0.01
739 750 0.01
740 2837 0.2
740 2160 0.2
740 2453 0.2
740 1413 0.01
740 754 0.2
740 2797 0.05
740 1535 0.05
740 1466 0.05
740 1368 0.05
740 2723 0.2
740 2199 0.01
740 2457 0.2
741 2286 0.2
741 2428 0.05
741 1367 0.01
741 1851 0.01
741 774 0.2
741 2393 0.05
741 879 0.2
741 2751 0.2
741 2615 0.05
741 1735 0.2
741 1179 0.2
741 2677 0.01
741 1894 0.05
742 1794 0.2
742 2503 0.01
742 2782 0.2
742 2777 0.05
742 1897 0.01
742 1836 0.2
742 910 0.01
742 2367 0.01
742 1248 0.2
742 2828 0.2
742 1770 0.2
743 1139 0.2
743 787 0.2
743 1332 0.01
743 1881 0.05
743 1263 0.2
743 1495 0.2
743 1088 0.05
743 1283 0.05
743 2117 0.2
743 2629 0.01
743 1403 0.2
743 1783 0.2
743 1458 0.2
743 1394 0.01
743 1867 0.01
744 1997 0.05
744 2386 0.01
744 1577 0.01
744 2040 0.05
744 2342 0.05
744 2250 0.01
744 1334 0.01
744 1782 0.01
744 1199 0.01
744 955 0.05
744 2875 0.2
744 1991 0.2
744 1650 0.05
744 1859 0.2
744 828 0.2
745 2467 0.2
745 1505 0.05
745 2058 0.2
745 1073 0.05
745 2662 0.01
745 2848 0.2
745 1665 0.01
745 1329 0.05
745 2202 0.05
745 1718 0.2
746 1168 0.05
746 1609 0.2
746 2197 0.01
746 1997 0.01
746 2793 0.05
746 1792 0.01
746 1749 0.2
746 2974 0.2
746 2438 0.05
746 2809 0.2
746 2894 0.2
746 755 0.01
746 1566 0.05
746 979 0.01
746 1843 0.05
746 1618 0.01
746 2571 0.2
747 1628 0.01
747 2144 0.2
747 2805 0.01
747 1707 0.01
747 885 0.2
747 1117 0.2
747 2179 0.05
748 1102 0.01
748 1046 0.05
748 2825 0.01
748 2206 0.01
748 915 0.01
748 2360 0.05
748 2312 0.2
748 1723 0.05
748 2856 0.05
748 2258 0.2
748 2124 0.2
748 1990 0.01
748 2219 0.2
748 856 0.2
748 1132 0.01
748 1835 0.2
748 1595 0.01
749 1529 0.2
749 2289 0.05
749 2093 0.2
749 2002 0.01
749 1875 0.01
749 1406 0.2
749 1381 0.2
749 2570 0.05
749 1789 0.2
749 2946 0.05
749 2589 0.01
749 2531 0.05
749 1080 0.05
749 791 0.01
749 751 0.2
749 1998 0.2
749 2990 0.05
749 1187 0.01
749 2549 0.05
749 2249 0.05
750 2572 0.05
750 941 0.01
750 1199 0.05
750 838 0.05
750 2736 0.01
750 2735 0.01
750 2821 0.2
750 1876 0.2
751 1728 0.2
751 2865 0.2
751 2861 0.2
751 1811 0.2
751 1539 0.05
751 2199 0.01
751 2253 0.01
751 1214 0.01
751 1879 0.2
751 1444 0.01
751 1224 0.2
751 814 0.01
751 2810 0.01
751 1001 0.05
751 1981 0.01
752 2581 0.2
752 1606 0.05
752 1170 0.01
752 2384 0.05
752 2471 0.05
752 2447 0.01
752 1818 0.01
752 2808 0.01
752 784 0.05
752 2915 0.2
753 2203 0.01
753 2220 0.01
753 900 0.05
753 1498 0.2
753 1531 0.01
753 1062 0.2
753 962 0.05
753 922 0.2
753 2428 0.05
753 1294 0.01
753 2627 0.2
753 2666 0.05
753 1203 0.01
753 1625 0.01
753 1199 0.01
753 1396 0.05
754 1300 0.05
754 1037 0.2
754 1639 0.2
754 2803 0.05
754 1315 0.2
754 2594 0.01
754 1771 0.2
754 2723 0.2
754 1836 0.01
754 2766 0.01
754 1394 0.01
754 2869 0.01
754 2396 0.01
754 1010 0.2
755 1395 0.01
755 2579 0.01
755 1514 0.2
755 2703 0.01
755 1589 0.01
755 2624 0.05
755 2779 0.05
755 1584 0.2
755 1472 0.05
755 1205 0.05
755 1952 0.05
756 2318 0.2
756 819 0.05
756 1026 0.2
756 1342 0.05
756 2153 0.01
756 1463 0.01
756 1615 0.01
756 1692 0.2
756 799 0.2
756 1887 0.2
756 1911 0.01
756 2909 0.05
756 2105 0.2
756 1406 0.05
756 1609 0.01
757 1587 0.05
757 1660 0.01
757 2201 0.05
757 1764 0.05
757 1812 0.05
757 913 0.01
757 1097 0.01
757 2696 0.2
757 2694 0.01
757 961 0.2
757 2518 0.05
758 2826 0.05
758 2414 0.2
758 2656 0.2
758 795 0.2
758 1271 0.01
758 899 0.05
759 1552 0.01
759 2794 0.2
759 2688 0.2
759 1399 0.2
759 1186 0.2
759 1591 0.2
759 1692 0.01
759 1604 0.05
760 2784 0.2
760 1993 0.2
760 823 0.05
760 1300 0.01
760 2821 0.2
760 907 0.2
760 848 0.05
760 1204 0.01
760 2308 0.2
760 1246 0.2
760 1534 0.01
760 2021 0.05
760 1914 0.2
760 761 0.01
760 975 0.05
761 924 0.01
761 816 0.05
761 1821 0.05
761 1465 0.05
761 938 0.01
761 1290 0.01
761 2326 0.01
761 1846 0.2
761 1050 0.2
761 2885 0.05
761 2283 0.01
761 1791 0.05
762 2044 0.05
762 2943 0.01
762 1646 0.01
762 2619 0.05
762 1688 0.2
762 2892 0.01
762 2635 0.05
762 2316 0.2
762 2296 0.05
762 1857 0.2
762 2937 0.2
762 1930 0.2
762 1380 0.2
762 938 0.01
762 818 0.05
762 2006 0.05
762 976 0.05
763 2029 0.01
763 2623 0.2
763 814 0.05
763 2514 0.2
763 1534 0.05
763 2585 0.2
763 1381 0.05
763 1309 0.01
763 2641 0.2
763 1902 0.05
763 1012 0.05
763 2695 0.01
763 1941 0.2
763 1282 0.05
763 1657 0.01
763 2505 0.01
763 2183 0.01
764 1513 0.05
764 2226 0.01
764 2362 0.01
764 815 0.2
764 1466 0.05
764 2038 0.01
764 1651 0.05
764 2689 0.2
764 2183 0.05
764 1399 0.2
764 2132 0.2
764 1887 0.01
764 1607 0.2
764 2358 0.2
764 2267 0.01
764 2092 0.2
764 2955 0.01
764 2457 0.01
764 1410 0.01
765 2032 0.2
765 1498 0.01
765 1021 0.2
765 2336 0.05
765 1006 0.01
765 2798 0.05
765 2289 0.05
765 2709 0.01
765 1430 0.2
765 1057 0.2
765 2458 0.01
765 2758 0.2
765 1434 0.05
765 918 0.01
766 1288 0.01
766 1126 0.05
766 2246 0.2
766 864 0.05
766 1092 0.05
766 2034 0.2
766 1466 0.01
766 770 0.01
766 2896 0.01
766 2762 0.05
766 1968 0.05
766 1371 0.05
767 2721 0.01
767 2437 0.2
767 1360 0.05
767 1593 0.01
767 1768 0.01
767 2502 0.01
767 2982 0.01
767 848 0.01
767 1574 0.05
767 1982 0.01
767 2313 0.01
768 2123 0.01
768 1266 0.01
768 895 0.01
768 816 0.01
768 2989 0.01
768 2164 0.01
768 2569 0.05
768 2618 0.05
768 2478 0.05
768 1843 0.05
768 1077 0.01
768 2352 0.01
768 2638 0.05
768 2111 0.01
768 2404 0.05
769 1809 0.2
769 2015 0.05
769 1756 0.2
769 2704 0.2
769 1997 0.2
769 1639 0.01
769 2575 0.05
769 2248 0.05
769 1662 0.2
769 2098 0.2
769 2761 0.01
769 1626 0.2
769 1519 0.01
769 2110 0.05
769 2211 0.05
769 1701 0.01
770 1691 0.2
770 2850 0.01
770 2425 0.05
770 2645 0.01
770 961 0.2
770 2727 0.05
770 1198 0.2
770 1346 0.05
770 1416 0.05
771 2669 0.2
771 2016 0.2
771 1223 0.05
771 2288 0.2
771 1582 0.2
771 925 0.2
771 1655 0.2
771 1576 0.05
771 2842 0.2
771 2699 0.01
771 1665 0.05
771 1079 0.05
771 2386 0.2
771 2787 0.2
771 2944 0.05
771 2213 0.2
771 2421 0.05
771 908 0.01
772 2856 0.01
772 1129 0.01
772 2087 0.05
772 1686 0.01
772 2421 0.05
772 2719 0.2
772 2476 0.05
772 1622 0.05
772 2412 0.2
772 1702 0.2
772 1425 0.05
772 2223 0.05
772 2377 0.01
772 1227 0.2
772 1179 0.05
772 2470 0.2
772 2673 0.05
772 1692 0.01
773 1752 0.01
773 2123 0.2
773 2333 0.05
773 2606 0.2
773 2741 0.01
773 2312 0.01
773 2526 0.05
773 1114 0.01
773 2797 0.01
773 803 0.2
773 881 0.05
773 1364 0.05
773 1838 0.05
774 1194 0.01
774 2405 0.2
774 861 0.05
774 1222 0.2
774 2604 0.01
774 930 0.01
774 1577 0.01
774 967 0.01
774 1013 0.01
774 1487 0.01
774 2356 0.05
774 2679 0.01
775 2773 0.2
775 1949 0.05
775 1398 0.01
775 1204 0.01
775 2356 0.2
775 2233 0.05
775 1526 0.2
775 1297 0.2
775 1658 0.01
775 2337 0.01
776 1578 0.2
776 2558 0.2
776 1166 0.01
776 1999 0.01
776 2792 0.2
776 2162 0.01
776 1535 0.05
776 1114 0.01
776 1263 0.01
776 2380 0.01
776 1218 0.05
776 1029 0.01
776 2984 0.05
776 2175 0.05
777 1130 0.2
777 2343 0.2
777 2321 0.2
777 1587 0.05
777 1192 0.05
777 1589 0.2
777 2383 0.05
777 2477 0.05
777 2809 0.2
777 2900 0.05
777 1381 0.01
777 2852 0.05
777 1214 0.01
778 2361 0.01
778 2607 0.2
778 867 0.2
778 1676 0.2
778 2798 0.2
778 2524 0.05
778 2032 0.01
778 932 0.01
778 2814 0.01
778 2543 0.05
778 2138 0.05
778 2275 0.2
778 2489 0.05
778 1624 0.01
778 1322 0.01
779 2196 0.2
779 2841 0.01
779 1300 0.01
779 934 0.05
779 1969 0.01
779 1604 0.05
779 1450 0.2
779 1327 0.05
779 2742 0.2
779 1165 0.05
779 2749 0.01
780 1571 0.01
780 2175 0.05
780 1872 0.05
780 1313 0.01
780 1090 0.01
780 2890 0.05
780 790 0.01
780 1668 0.2
780 1913 0.05
780 1295 0.05
780 2372 0.2
781 1733 0.2
781 1736 0.2
781 1658 0.05
781 1396 0.2
781 2926 0.05
781 808 0.2
781 2361 0.2
781 1336 0.01
782 2116 0.05
782 1171 0.01
782 1224 0.05
782 859 0.05
782 2965 0.2
782 2292 0.2
782 2630 0.05
782 1700 0.05
782 2328 0.01
782 922 0.2
782 2139 0.2
782 2492 0.01
782 955 0.05
782 2978 0.2
782 1407 0.2
783 2318 0.05
783 2419 0.2
783 1278 0.01
783 840 0.01
783 825 0.05
783 2279 0.2
783 2602 0.05
783 1609 0.2
783 2265 0.05
783 1283 0.05
783 1305 0.01
783 2461 0.01
783 1778 0.01
784 1018 0.2
784 886 0.05
784 1988 0.05
784 2931 0.2
784 2338 0.2
784 1600 0.05
784 2315 0.01
784 2785 0.05
785 1722 0.05
785 1123 0.01
785 2181 0.05
785 1062 0.2
785 1712 0.01
785 1372 0.05
785 1203 0.05
785 1287 0.05
785 1943 0.01
785 2493 0.05
785 2361 0.05
785 894 0.2
785 2746 0.05
786 1991 0.2
786 987 0.05
786 965 0.01
786 1622 0.01
786 1035 0.2
786 1093 0.2
786 2217 0.01
786 1927 0.05
786 2795 0.01
786 821 0.2
787 2885 0.01
787 1009 0.2
787 2974 0.05
787 2785 0.2
787 1121 0.05
787 2164 0.2
787 2326 0.01
787 2074 0.05
787 799 0.05
787 1314 0.05
787 1648 0.05
788 1292 0.2
788 2668 0.05
788 1173 0.05
788 1479 0.2
788 2407 0.2
788 1591 0.05
788 1127 0.05
788 2342 0.2
788 1251 0.01
788 1012 0.05
788 1570 0.01
788 2866 0.2
788 1466 0.01
788 2164 0.2
788 2124 0.2
788 2543 0.2
788 1914 0.01
788 2803 0.2
788 1882 0.2
788 823 0.2
788 887 0.01
789 867 0.05
789 822 0.05
789 2926 0.05
789 2524 0.05
789 2482 0.05
789 1949 0.01
789 2094 0.01
789 1175 0.05
789 2609 0.05
789 2778 0.2
789 2552 0.2
789 2538 0.05
789 1951 0.05
789 1132 0.2
790 1796 0.05
790 1517 0.2
790 1638 0.05
790 2054 0.2
790 2094 0.01
790 2002 0.2
790 2099 0.05
790 1821 0.2
790 2245 0.2
790 2663 0.01
790 2124 0.05
790 1029 0.05
790 2548 0.2
790 2972 0.01
790 1787 0.05
791 2703 0.2
791 2762 0.2
791 2155 0.05
791 2471 0.05
791 1131 0.01
791 2737 0.01
791 1096 0.01
791 1934 0.01
791 2589 0.05
791 2683 0.01
791 2608 0.01
791 1047 0.05
791 1506 0.01
792 1204 0.01
792 1018 0.05
792 1271 0.01
792 1970 0.05
792 2573 0.2
792 2228 0.01
792 2491 0.01
792 1983 0.2
792 2167 0.01
792 2277 0.2
792 1639 0.2
792 2823 0.2
792 1239 0.05
792 2995 0.05
792 1211 0.05
793 2104 0.2
793 2702 0.01
793 2428 0.05
793 2193 0.01
793 1547 0.05
793 1405 0.05
793 1710 0.05
793 2869 0.2
793 1834 0.2
793 2712 0.01
793 1005 0.05
793 1705 0.01
793 2809 0.05
793 2398 0.05
793 1258 0.05
793 1876 0.2
793 2063 0.2
793 2572 0.05
793 2412 0.05
794 1431 0.05
794 1921 0.01
794 1353 0.2
794 1730 0.05
794 2112 0.05
794 1832 0.01
794 2036 0.2
794 1638 0.05
794 1672 0.01
794 2507 0.05
795 1213 0.05
795 1035 0.01
795 2948 0.2
795 1787 0.2
795 2480 0.01
795 1136 0.01
795 2190 0.01
795 1454 0.01
795 2689 0.01
795 2104 0.01
795 1287 0.05
795 1730 0.01
795 2802 0.01
796 2357 0.05
796 2049 0.05
796 2483 0.2
796 2008 0.05
796 1803 0.01
796 1635 0.05
796 2569 0.01
796 2237 0.05
796 838 0.05
796 1961 0.01
796 2830 0.2
796 2854 0.01
796 1737 0.2
796 2672 0.01
797 2301 0.2
797 1171 0.05
797 1370 0.2
797 1105 0.05
797 2412 0.05
797 2987 0.01
797 2300 0.2
797 2754 0.05
797 1320 0.05
797 1177 0.01
797 2817 0.05
797 960 0.01
797 2839 0.05
798 2129 0.01
798 1288 0.01
798 1102 0.2
798 2092 0.01
798 1289 0.01
798 1917 0.01
798 1018 0.2
798 1422 0.2
798 889 0.05
798 1419 0.05
798 2824 0.2
798 2927 0.2
798 2342 0.01
799 2626 0.01
799 2486 0.01
799 2871 0.05
799 2241 0.2
799 910 0.01
799 1304 0.05
799 1414 0.2
799 1661 0.05
800 1875 0.01
800 2238 0.05
800 1408 0.2
800 2390 0.05
800 2210 0.2
800 1623 0.01
800 1570 0.2
800 2924 0.2
800 2817 0.05
801 1831 0.2
801 893 0.2
801 1923 0.05
801 1034 0.05
801 2758 0.2
801 1339 0.05
801 2239 0.01
801 2617 0.01
801 1531 0.05
801 2339 0.05
801 1115 0.2
802 2502 0.05
802 1810 0.01
802 2137 0.01
802 2208 0.2
802 2775 0.01
802 1198 0.01
802 1578 0.2
802 2881 0.01
802 1399 0.01
802 2712 0.2
802 1560 0.2
802 2519 0.05
802 2424 0.05
803 1351 0.05
803 1560 0.2
803 2340 0.01
803 2615 0.05
803 2339 0.01
803 2558 0.05
803 2023 0.01
803 2910 0.01
803 1273 0.01
803 2894 0.01
803 1493 0.05
803 2471 0.01
803 2182 0.2
803 2825 0.05
803 2511 0.05
804 1026 0.01
804 2969 0.2
804 2206 0.05
804 1959 0.05
804 2722 0.2
804 1603 0.01
804 1946 0.2
804 1373 0.05
804 2031 0.01
804 2561 0.05
804 2425 0.2
804 2547 0.05
804 2123 0.05
804 1639 0.01
805 1367 0.01
805 1769 0.05
805 2507 0.2
805 1089 0.01
805 1476 0.05
805 1883 0.01
805 2623 0.01
805 1447 0.01
805 2845 0.05
805 835 0.01
805 2760 0.05
805 2796 0.01
805 2336 0.01
805 1328 0.2
805 1668 0.01
805 2763 0.05
806 2662 0.05
806 2253 0.01
806 2789 0.01
806 2260 0.01
806 1189 0.2
806 1587 0.05
807 1491 0.05
807 1335 0.2
807 811 0.2
807 2739 0.05
807 1621 0.2
807 1619 0.2
807 1875 0.01
807 1050 0.2
807 2761 0.05
807 1454 0.05
807 1584 0.05
808 2515 0.01
808 1656 0.2
808 1792 0.2
808 2900 0.05
808 1038 0.01
808 1335 0.01
808 1307 0.05
808 2439 0.05
808 1124 0.2
808 2776 0.2
808 1476 0.05
808 1478 0.2
809 2955 0.2
809 2015 0.05
809 2109 0.01
809 1078 0.2
809 856 0.2
809 1490 0.01
809 1952 0.01
809 1252 0.01
809 1147 0.01
809 1094 0.01
809 2829 0.01
810 2708 0.2
810 1163 0.05
810 2814 0.01
810 2892 0.2
810 2780 0.2
810 2551 0.01
810 2193 0.01
810 2376 0.2
810 2689 0.01
810 1754 0.05
810 1022 0.01
810 2030 0.01
810 2669 0.01
810 1419 0.05
810 2985 0.05
810 1856 0.05
810 2729 0.01
810 1094 0.05
811 1640 0.05
811 1998 0.2
811 2920 0.01
811 1992 0.05
811 2591 0.2
811 1834 0.01
811 842 0.2
811 960 0.01
811 1870 0.05
811 2652 0.05
811 2470 0.2
811 1345 0.2
812 2928 0.2
812 1894 0.05
812 1757 0.2
812 2326 0.05
812 830 0.05
812 1814 0.01
812 854 0.05
812 855 0.01
812 2112 0.2
812 1597 0.01
812 2075 0.05
812 995 0.01
812 2770 0.05
812 1188 0.2
812 1507 0.2
813 2494 0.05
813 1476 0.05
813 1154 0.2
813 1430 0.05
813 2445 0.01
813 2600 0.05
813 2492 0.2
813 1635 0.01
813 1449 0.01
813 1995 0.2
813 2484 0.2
813 1897 0.2
813 2105 0.05
813 2665 0.01
813 884 0.01
813 2905 0.01
814 2932 0.05
814 2362 0.2
814 2772 0.05
814 1957 0.01
814 2748 0.2
815 920 0.05
815 1237 0.2
815 2886 0.2
815 1887 0.01
815 1387 0.05
815 1963 0.05
815 1364 0.2
815 1722 0.05
815 2136 0.01
815 2860 0.01
815 1533 0.01
815 1507 0.2
815 2691 0.05
816 1176 0.2
816 2632 0.2
816 2186 0.2
816 1972 0.05
816 1117 0.05
816 2293 0.05
816 1476 0.01
816 1064 0.2
816 2977 0.2
816 2649 0.01
816 2093 0.05
817 911 0.01
817 1967 0.05
817 2043 0.05
817 2807 0.01
817 1774 0.01
817 1024 0.2
817 2270 0.2
817 1925 0.05
817 2401 0.05
817 1229 0.01
817 2788 0.05
817 1303 0.01
817 2361 0.01
818 2425 0.05
818 1077 0.05
818 2005 0.01
818 2323 0.01
818 2279 0.05
818 1321 0.01
818 2858 0.05
818 1013 0.05
818 1436 0.2
818 2663 0.05
818 1371 0.05
819 2011 0.05
819 1538 0.01
819 1697 0.05
819 1641 0.2
819 977 0.05
819 2351 0.01
819 2196 0.01
819 2335 0.2
819 2484 0.2
819 2366 0.01
819 2930 0.05
819 2470 0.05
819 1884 0.05
819 1670 0.2
819 2285 0.01
819 2295 0.01
819 2361 0.01
820 2400 0.2
820 2436 0.05
820 2623 0.05
820 2236 0.2
820 1950 0.01
820 2725 0.01
820 2687 0.01
820 2486 0.05
820 1328 0.2
820 2844 0.05
820 1787 0.01
820 2539 0.01
821 1194 0.05
821 1314 0.2
821 2499 0.2
821 1492 0.01
821 1068 0.2
821 928 0.05
821 1892 0.01
821 1056 0.2
821 1746 0.01
821 1420 0.05
821 2814 0.2
822 2847 0.05
822 890 0.01
822 2852 0.01
822 1840 0.01
822 2206 0.2
822 2919 0.01
822 1567 0.05
822 1593 0.01
822 1363 0.2
822 1944 0.05
822 1613 0.01
823 2920 0.2
823 1157 0.05
823 903 0.05
823 2819 0.05
823 1389 0.05
824 2623 0.01
824 993 0.05
824 1113 0.05
824 923 0.05
824 1719 0.2
824 1617 0.05
824 2881 0.01
824 907 0.01
824 2477 0.2
824 2461 0.05
825 1201 0.05
825 2488 0.2
825 2601 0.2
825 1609 0.01
825 1870 0.05
825 2862 0.05
825 2167 0.01
825 840 0.05
826 2142 0.2
826 1785 0.2
826 1798 0.01
826 1128 0.01
826 1545 0.2
826 2259 0.05
826 1240 0.01
826 2052 0.2
826 2341 0.01
826 2268 0.2
826 1177 0.01
826 2896 0.05
826 2004 0.2
827 876 0.01
827 2569 0.05
827 1862 0.2
827 1908 0.01
827 2185 0.05
827 2063 0.2
827 2719 0.2
827 2219 0.01
827 1193 0.05
827 1131 0.05
827 1159 0.2
827 1024 0.05
827 1268 0.05
828 2345 0.2
828 2820 0.2
828 2141 0.01
828 1104 0.2
828 2884 0.01
828 1140 0.05
828 1567 0.2
828 2952 0.05
828 2245 0.05
828 1942 0.05
828 1067 0.01
828 1187 0.01
828 1155 0.01
828 1922 0.01
828 2603 0.01
828 2392 0.01
828 1238 0.05
828 1004 0.05
828 2230 0.01
828 1624 0.2
829 981 0.01
829 1489 0.2
829 1412 0.05
829 2430 0.2
829 1186 0.01
829 1897 0.05
829 1339 0.05
829 1509 0.01
830 938 0.2
830 837 0.01
830 1962 0.2
830 2772 0.01
830 2476 0.01
830 2947 0.01
830 2149 0.05
830 1543 0.01
831 2541 0.05
831 899 0.01
831 2406 0.2
831 2103 0.01
831 1461 0.01
831 2988 0.05
831 2649 0.05
831 2035 0.05
831 1393 0.01
831 975 0.05
832 1044 0.2
832 1311 0.01
832 2922 0.2
832 1513 0.01
832 967 0.2
832 1569 0.01
832 2130 0.2
832 2212 0.05
832 2826 0.2
832 1835 0.2
832 2278 0.2
832 2375 0.2
832 2249 0.05
832 2222 0.2
832 1705 0.05
833 1404 0.05
833 1093 0.01
833 2596 0.05
833 2049 0.05
833 1423 0.2
833 2028 0.01
833 1486 0.2
833 2842 0.01
833 2224 0.2
833 1501 0.2
833 1527 0.01
833 2643 0.05
833 1109 0.2
834 1627 0.2
834 2238 0.2
834 2195 0.01
834 1320 0.01
834 1184 0.05
834 2280 0.01
834 2757 0.2
834 846 0.05
834 894 0.01
834 2058 0.2
834 1231 0.01
835 1393 0.2
835 1680 0.05
835 1208 0.2
835 1100 0.2
835 970 0.01
835 1253 0.2
835 1746 0.2
835 2137 0.05
835 2165 0.01
835 1890 0.2
835 2584 0.2
835 1322 0.01
835 1557 0.2
835 2896 0.2
835 2388 0.01
835 1284 0.2
836 1068 0.2
836 1600 0.2
836 2965 0.2
836 1261 0.01
836 2115 0.05
836 1981 0.01
836 1392 0.2
836 1063 0.01
836 1077 0.01
836 2983 0.05
836 2351 0.2
836 2793 0.01
837 1624 0.05
837 1539 0.01
837 2248 0.05
837 2805 0.05
837 1895 0.05
837 2927 0.01
837 882 0.01
837 1698 0.05
837 1373 0.05
837 1396 0.2
837 1163 0.05
837 1686 0.01
837 2988 0.05
837 2403 0.05
837 2244 0.01
837 1079 0.01
837 2721 0.2
838 2905 0.2
838 1661 0.2
838 1871 0.2
838 1521 0.05
838 978 0.01
838 2599 0.01
838 1900 0.01
838 870 0.01
838 1737 0.05
838 2352 0.05
838 1830 0.01
838 1110 0.01
838 1513 0.05
838 2909 0.01
838 1508 0.01
838 2688 0.05
839 2114 0.2
839 2676 0.2
839 1913 0.01
839 1850 0.01
839 2563 0.2
839 1844 0.05
839 1889 0.05
839 2203 0.05
839 1256 0.01
839 2923 0.01
839 2902 0.2
840 2170 0.2
840 2967 0.05
840 2303 0.05
840 2637 0.2
840 1539 0.01
840 2757 0.05
840 2009 0.01
840 2345 0.2
840 2808 0.05
840 2332 0.01
840 851 0.05
841 2936 0.2
841 1235 0.05
841 1356 0.01
841 2847 0.01
841 2681 0.01
841 2406 0.2
841 1481 0.05
841 1527 0.05
841 2246 0.2
841 1457 0.01
841 2150 0.2
841 2203 0.05
841 2858 0.05
841 962 0.05
842 879 0.01
842 2791 0.2
842 1004 0.2
842 1268 0.05
842 1553 0.05
842 1558 0.2
842 1011 0.05
842 1552 0.05
842 1023 0.01
842 2944 0.2
842 1083 0.01
842 2561 0.2
842 2273 0.01
842 1263 0.01
842 1644 0.01
842 1048 0.2
843 1376 0.01
843 1162 0.05
843 992 0.01
843 2957 0.01
843 2846 0.2
843 2027 0.2
843 1562 0.01
843 1007 0.2
843 2839 0.2
843 1315 0.01
843 1600 0.2
843 1388 0.05
843 2346 0.05
843 2593 0.05
843 2452 0.05
843 1768 0.01
843 977 0.05
843 2180 0.01
844 2673 0.05
844 1811 0.2
844 2195 0.2
844 994 0.2
844 1406 0.2
844 1089 0.05
844 2940 0.01
844 1278 0.05
844 1362 0.05
844 2263 0.2
844 2243 0.05
844 1323 0.2
844 2742 0.05
844 2559 0.05
844 2539 0.2
844 1926 0.2
844 1095 0.2
845 1266 0.01
845 1580 0.2
845 2046 0.05
845 1398 0.05
845 2762 0.2
845 2893 0.05
845 1432 0.05
846 2775 0.01
846 2738 0.2
846 1087 0.01
846 2672 0.01
846 2222 0.01
846 1766 0.05
846 2339 0.05
846 1888 0.05
846 2317 0.2
846 1872 0.2
846 1845 0.2
846 2213 0.05
847 1720 0.2
847 1865 0.01
847 2681 0.05
847 1112 0.01
847 2365 0.05
847 2054 0.2
847 2856 0.01
847 1467 0.2
847 1330 0.05
847 2726 0.01
847 2005 0.2
848 2270 0.05
848 2804 0.01
848 2547 0.05
848 2218 0.2
848 1654 0.01
848 1725 0.05
848 1702 0.01
848 1243 0.05
848 1017 0.01
848 2903 0.01
848 897 0.05
849 2297 0.05
849 2887 0.05
849 2072 0.05
849 2336 0.2
849 1182 0.05
849 2394 0.01
849 2287 0.01
849 1911 0.01
849 2196 0.01
849 1879 0.01
849 2843 0.2
849 2748 0.05
849 2871 0.01
850 1467 0.2
850 2818 0.01
850 2283 0.2
850 2169 0.2
850 905 0.05
850 1481 0.01
850 1929 0.2
850 1599 0.01
850 1028 0.2
850 1283 0.2
850 1043 0.2
851 2562 0.2
851 1242 0.01
851 1480 0.01
851 984 0.05
851 2597 0.05
851 2610 0.01
851 2687 0.01
851 1304 0.05
851 2962 0.05
851 2669 0.01
851 2374 0.01
851 1811 0.2
851 943 0.01
851 1495 0.2
852 2842 0.05
852 2700 0.2
852 1445 0.01
852 2762 0.2
852 1385 0.2
852 2555 0.05
852 1941 0.01
852 1497 0.2
852 2782 0.2
852 2701 0.01
852 1961 0.01
853 2727 0.01
853 1535 0.05
853 1381 0.01
853 1249 0.01
853 1028 0.05
853 2910 0.05
853 2957 0.01
853 2298 0.2
853 1482 0.05
853 2656 0.01
853 1896 0.01
853 1402 0.05
854 2418 0.2
854 2908 0.05
854 2711 0.2
854 1818 0.01
854 1148 0.2
854 1719 0.2
854 2509 0.05
854 1935 0.01
854 2427 0.01
854 1679 0.2
854 1264 0.05
854 2456 0.01
854 2624 0.2
855 1363 0.2
855 2500 0.2
855 2695 0.01
855 1276 0.05
855 940 0.01
855 885 0.01
855 2970 0.05
855 2939 0.05
855 979 0.05
855 2424 0.2
855 2255 0.01
855 2392 0.2
855 1028 0.05
855 2459 0.05
855 2189 0.01
856 1359 0.01
856 2850 0.2
856 2303 0.2
856 1485 0.2
856 1004 0.01
856 2789 0.05
856 1256 0.05
856 1878 0.01
856 2611 0.05
856 1710 0.05
856 2803 0.2
857 1120 0.2
857 2280 0.01
857 2979 0.2
857 1939 0.2
857 1008 0.01
857 2219 0.01
857 2201 0.05
857 1760 0.2
857 2111 0.01
858 2745 0.2
858 1795 0.2
858 1022 0.2
858 2556 0.2
858 1780 0.05
858 1796 0.05
858 1101 0.2
858 1113 0.2
858 1338 0.01
858 1529 0.01
858 1797 0.2
858 2226 0.05
858 2326 0.05
858 954 0.05
858 960 0.01
858 1846 0.2
858 2064 0.2
859 2408 0.05
859 2148 0.2
859 2616 0.2
859 2878 0.01
859 1749 0.2
859 1943 0.2
859 2091 0.2
859 2442 0.2
859 1938 0.01
859 887 0.05
859 1622 0.2
859 2948 0.01
859 1485 0.05
859 2114 0.05
859 2474 0.2
859 1276 0.2
859 1636 0.01
860 1465 0.01
860 1760 0.05
860 2973 0.05
860 2393 0.01
860 1019 0.2
860 1083 0.05
860 2669 0.05
860 1615 0.01
860 2981 0.01
860 1953 0.01
860 1882 0.2
860 1895 0.05
860 2252 0.01
860 2547 0.01
860 2361 0.05
860 2165 0.05
860 1354 0.2
860 1303 0.05
861 1386 0.05
861 2338 0.01
861 2813 0.05
861 2191 0.01
861 2316 0.05
861 1396 0.01
861 2901 0.05
861 1398 0.05
861 2858 0.01
861 1028 0.01
861 1266 0.05
861 1220 0.2
862 2939 0.01
862 1716 0.05
862 1883 0.2
862 2935 0.2
862 1763 0.01
862 2124 0.05
862 1352 0.05
862 2876 0.01
862 2043 0.01
862 1045 0.05
862 1337 0.2
862 2800 0.05
862 1516 0.05
862 1416 0.01
862 2107 0.05
862 2441 0.2
862 1204 0.05
863 2343 0.01
863 2745 0.01
863 1962 0.01
863 1554 0.01
863 1769 0.05
863 919 0.2
863 2061 0.2
863 2102 0.05
863 2544 0.01
863 2821 0.2
863 1876 0.2
863 1513 0.05
863 2052 0.2
864 2323 0.05
864 1083 0.01
864 2139 0.2
864 1760 0.05
864 1382 0.05
864 2475 0.01
864 2977 0.01
864 1299 0.05
865 1234 0.01
865 941 0.2
865 1667 0.05
865 2713 0.01
865 1236 0.2
865 894 0.01
865 2994 0.01
865 1006 0.2
865 2168 0.01
865 1004 0.2
865 2588 0.05
865 2152 0.05
865 1152 0.2
865 2740 0.2
865 2133 0.05
865 1805 0.05
865 2775 0.2
865 2518 0.2
865 1911 0.2
866 1340 0.05
866 1150 0.2
866 2494 0.05
866 1788 0.05
866 2426 0.05
866 997 0.01
866 1716 0.01
867 2208 0.2
867 1759 0.01
867 1408 0.2
867 2203 0.05
867 2678 0.05
867 912 0.01
867 2878 0.01
867 2411 0.05
867 1236 0.05
867 1847 0.05
867 2597 0.01
867 1702 0.05
867 2422 0.05
868 1453 0.01
868 2628 0.05
868 1168 0.01
868 957 0.05
868 2246 0.2
868 1308 0.01
868 2777 0.2
869 2921 0.2
869 2390 0.05
869 2464 0.01
869 2384 0.01
869 2927 0.2
869 1872 0.05
869 1865 0.01
869 2890 0.05
869 917 0.05
869 2458 0.05
870 2684 0.05
870 1865 0.05
870 2322 0.05
870 1991 0.05
870 1934 0.2
870 1554 0.2
870 1216 0.01
870 1102 0.2
870 2700 0.05
870 1234 0.01
870 2062 0.05
870 1201 0.01
870 2205 0.05
870 1403 0.2
870 2310 0.01
871 2416 0.2
871 2396 0.05
871 1594 0.05
871 1626 0.01
871 2707 0.05
871 1962 0.2
871 2256 0.2
871 2004 0.01
871 2355 0.01
871 2202 0.2
871 1026 0.05
872 2959 0.2
872 2044 0.05
872 1084 0.01
872 2488 0.2
872 907 0.2
872 2834 0.01
872 1354 0.01
872 1894 0.01
872 2966 0.01
872 2484 0.01
872 1334 0.2
873 2072 0.2
873 906 0.05
873 2578 0.05
873 1317 0.2
873 979 0.01
873 949 0.05
873 952 0.01
873 2347 0.05
873 2983 0.2
873 2797 0.2
873 1618 0.2
873 2260 0.2
873 1802 0.05
873 2621 0.2
873 2876 0.2
873 2006 0.01
874 2622 0.2
874 1939 0.05
874 1257 0.05
874 1967 0.05
874 1827 0.01
874 2376 0.2
874 1265 0.05
874 1007 0.2
874 1352 0.05
874 976 0.2
874 2603 0.2
874 2022 0.2
874 1609 0.01
874 2731 0.01
875 1971 0.05
875 2093 0.2
875 1347 0.2
875 2527 0.2
875 2785 0.05
875 2519 0.01
875 2418 0.05
875 1297 0.2
875 944 0.05
875 1564 0.01
875 2311 0.05
875 2617 0.05
875 1886 0.01
876 2893 0.2
876 2234 0.05
876 2065 0.01
876 1177 0.01
876 1124 0.05
876 2742 0.01
876 1660 0.05
876 2518 0.05
876 2988 0.01
876 2008 0.2
876 2758 0.05
876 1898 0.2
876 2537 0.05
876 1356 0.05
876 1257 0.01
877 2208 0.2
877 1399 0.05
877 906 0.05
877 1737 0.01
877 2962 0.05
877 2761 0.2
877 1960 0.2
877 2483 0.2
877 2084 0.2
877 2460 0.05
877 2879 0.2
877 2061 0.2
878 2506 0.01
878 894 0.2
878 2536 0.05
878 1381 0.2
878 1981 0.05
878 1657 0.01
878 2205 0.01
878 1425 0.2
878 1323 0.2
878 1138 0.2
878 1866 0.05
879 1449 0.2
879 908 0.01
879 1827 0.2
879 1826 0.05
879 1851 0.05
879 1460 0.2
879 2378 0.2
879 2867 0.05
879 911 0.01
879 2717 0.05
879 1696 0.2
879 2908 0.01
879 2916 0.2
880 2952 0.2
880 1409 0.05
880 2450 0.01
880 2529 0.01
880 2815 0.05
880 1670 0.2
880 2144 0.2
880 1834 0.01
880 1942 0.05
880 1250 0.01
880 2339 0.01
880 887 0.05
880 1316 0.05
880 1463 0.05
880 1579 0.2
880 2574 0.01
881 1540 0.2
881 2389 0.05
881 1227 0.05
881 2690 0.05
881 1675 0.01
881 1937 0.05
881 1623 0.01
881 2645 0.2
881 2314 0.05
881 2309 0.05
881 2935 0.05
881 2167 0.01
881 2939 0.05
882 1118 0.01
882 1041 0.05
882 2457 0.01
882 966 0.2
882 1015 0.2
882 1950 0.2
882 1054 0.05
882 1221 0.2
882 2901 0.2
882 1296 0.05
883 1609 0.01
883 2981 0.01
883 1161 0.05
883 2027 0.05
883 948 0.05
883 1693 0.05
883 2323 0.05
883 2484 0.01
883 1943 0.01
883 2546 0.05
883 1039 0.2
883 2837 0.05
883 1606 0.2
883 2591 0.2
884 2401 0.05
884 2261 0.05
884 2322 0.01
884 2473 0.2
884 1778 0.2
884 2490 0.01
884 1253 0.2
885 2150 0.01
885 2496 0.05
885 2180 0.2
885 1425 0.2
885 1494 0.05
885 2746 0.01
885 1986 0.2
885 1245 0.05
885 1889 0.01
885 1586 0.05
885 1629 0.01
885 2199 0.01
886 2423 0.05
886 2420 0.05
886 1146 0.01
886 949 0.05
886 1705 0.2
886 2005 0.01
886 1047 0.05
886 1214 0.01
886 1545 0.2
886 1820 0.2
886 1861 0.01
886 950 0.05
886 2594 0.01
887 1839 0.2
887 2926 0.01
887 2513 0.2
887 2017 0.01
887 2985 0.01
887 2611 0.01
887 2145 0.2
887 2776 0.01
887 1675 0.05
887 2045 0.01
887 1603 0.2
887 1406 0.01
887 1298 0.2
887 902 0.01
888 1963 0.01
888 2411 0.01
888 2455 0.2
888 2166 0.2
888 2918 0.05
888 2093 0.01
888 2827 0.01
888 990 0.2
888 2747 0.01
888 938 0.05
888 2780 0.05
888 2729 0.05
888 1012 0.2
889 1517 0.05
889 1400 0.01
889 2021 0.2
889 1455 0.2
889 1383 0.01
889 2312 0.2
889 1955 0.05
889 2684 0.05
889 944 0.05
889 2009 0.01
889 1782 0.01
889 2337 0.05
889 2330 0.2
889 2589 0.01
889 2376 0.2
889 2672 0.2
890 2330 0.01
890 1248 0.05
890 2159 0.2
890 1844 0.05
890 2815 0.05
890 2281 0.05
890 912 0.2
890 1888 0.05
890 1045 0.05
890 1836 0.05
890 2039 0.2
891 1215 0.05
891 1441 0.05
891 1630 0.01
891 1213 0.05
891 1725 0.01
891 2614 0.01
891 1230 0.01
891 2141 0.01
891 1595 0.2
891 1064 0.2
891 2827 0.2
891 2829 0.05
891 2121 0.2
891 2742 0.05
892 1904 0.05
892 2368 0.01
892 1629 0.2
892 1665 0.01
892 2425 0.01
892 1673 0.2
892 1287 0.05
892 2935 0.2
892 2166 0.01
892 1769 0.01
892 1357 0.2
892 2782 0.01
892 1681 0.05
892 2472 0.01
892 2189 0.01
892 2253 0.01
893 1911 0.01
893 1057 0.05
893 1747 0.01
893 1832 0.05
893 2174 0.2
893 2057 0.05
893 2695 0.2
893 1255 0.2
893 2826 0.05
893 1524 0.2
894 1013 0.01
894 1202 0.01
894 2514 0.05
894 2192 0.2
894 2984 0.2
894 2153 0.2
894 1152 0.01
894 1103 0.05
894 918 0.01
894 2297 0.05
894 2979 0.2
894 2158 0.05
894 2910 0.2
894 1499 0.2
894 2151 0.01
894 1582 0.01
894 1014 0.05
894 2464 0.2
894 2479 0.2
895 952 0.2
895 2071 0.01
895 1741 0.2
895 2349 0.2
895 1621 0.01
895 1683 0.2
895 2086 0.05
895 2963 0.01
895 2042 0.2
895 2862 0.2
895 2090 0.01
895 2699 0.01
895 1413 0.2
896 2464 0.2
896 1997 0.01
896 2047 0.01
896 1191 0.05
896 1391 0.2
896 2847 0.01
896 1018 0.05
896 1575 0.2
896 2019 0.01
896 2596 0.2
896 2472 0.01
896 1041 0.01
896 2227 0.01
896 1964 0.2
896 2360 0.05
896 2889 0.05
897 1443 0.2
897 904 0.2
897 2445 0.2
897 952 0.01
897 1608 0.2
897 2398 0.01
897 1918 0.2
897 2939 0.01
897 1020 0.2
897 1823 0.01
897 1100 0.01
897 1513 0.01
897 1366 0.2
897 2036 0.2
897 1903 0.01
897 2759 0.05
898 1999 0.2
898 2358 0.2
898 1682 0.05
898 2970 0.01
898 2078 0.2
898 1456 0.01
898 2840 0.2
898 1769 0.05
898 1970 0.05
898 1511 0.2
899 2804 0.05
899 2079 0.01
899 1635 0.05
899 2354 0.05
899 2748 0.05
899 2109 0.05
900 1208 0.2
900 2833 0.01
900 1578 0.01
900 2648 0.2
900 1465 0.2
900 2802 0.2
900 2217 0.01
900 2749 0.05
900 1078 0.05
900 1814 0.05
901 1879 0.2
901 1540 0.01
901 1690 0.2
901 2862 0.05
901 1507 0.01
901 2420 0.2
901 1417 0.2
901 2511 0.2
902 1839 0.05
902 2772 0.01
902 2529 0.05
902 1148 0.01
902 1213 0.2
902 1680 0.01
902 1816 0.01
902 944 0.2
902 1615 0.2
902 1334 0.05
902 1023 0.2
902 2382 0.01
902 1510 0.01
902 1274 0.01
902 2743 0.01
902 2283 0.05
902 2483 0.2
902 2166 0.05
903 2470 0.2
903 1618 0.01
903 1196 0.05
903 1549 0.05
903 2521 0.01
903 1328 0.2
903 1967 0.01
903 1508 0.2
903 1926 0.2
903 1346 0.01
903 2039 0.2
903 1414 0.01
903 1305 0.2
903 2594 0.2
903 2108 0.05
903 2605 0.05
903 2634 0.01
904 2619 0.2
904 2526 0.05
904 2481 0.2
904 1306 0.01
904 2268 0.2
904 2448 0.05
904 1436 0.01
904 1927 0.2
905 1693 0.2
905 2356 0.01
905 2061 0.01
905 959 0.05
905 1329 0.2
905 1664 0.05
905 2257 0.01
905 2984 0.01
905 1623 0.01
905 2470 0.2
905 1649 0.01
905 1407 0.05
905 2371 0.05
906 2498 0.05
906 2304 0.01
906 1678 0.05
906 920 0.2
906 2027 0.2
906 1260 0.01
906 1259 0.01
906 1588 0.2
906 1622 0.05
906 1944 0.2
906 2485 0.05
906 1311 0.05
906 1371 0.2
906 2908 0.2
907 1656 0.2
907 2063 0.2
907 1390 0.01
907 1008 0.01
907 2413 0.2
907 2797 0.05
907 2466 0.2
907 2493 0.05
908 1077 0.2
908 1376 0.05
908 1216 0.2
908 1840 0.01
908 2872 0.01
908 2804 0.01
908 2776 0.01
908 1593 0.2
908 2678 0.01
908 932 0.2
909 2091 0.2
909 2362 0.2
909 1138 0.2
909 2419 0.05
909 1732 0.2
909 1089 0.05
909 2840 0.05
909 2367 0.05
909 1866 0.2
909 1579 0.05
909 2651 0.05
909 2301 0.2
910 2921 0.01
910 1455 0.01
910 2373 0.05
910 1550 0.05
910 1664 0.01
910 1603 0.05
910 2845 0.01
910 2286 0.2
910 2305 0.2
910 1425 0.2
910 2424 0.05
910 1453 0.01
910 1155 0.01
910 1701 0.2
910 1518 0.01
910 1221 0.01
910 958 0.01
911 2749 0.2
911 2947 0.2
911 1821 0.05
911 2097 0.05
911 2102 0.05
911 2418 0.2
911 2115 0.2
911 1769 0.01
911 1369 0.01
911 1266 0.05
911 1898 0.05
911 2360 0.2
911 2516 0.2
911 2607 0.2
911 1930 0.2
911 914 0.01
911 2784 0.2
912 2076 0.01
912 1541 0.01
912 1060 0.01
912 1428 0.01
912 1840 0.01
912 1557 0.2
912 2220 0.05
912 2460 0.01
912 2347 0.2
912 1713 0.01
912 2035 0.01
912 1259 0.2
912 989 0.05
912 2000 0.01
913 2616 0.2
913 2681 0.01
913 2450 0.01
913 2752 0.01
913 2370 0.2
913 1601 0.05
913 2874 0.01
913 1047 0.2
914 1003 0.05
914 2112 0.05
914 1461 0.05
914 1257 0.05
914 2415 0.01
914 2593 0.01
914 2190 0.05
914 2986 0.01
914 2978 0.05
914 1874 0.01
914 2517 0.2
914 1149 0.01
914 1061 0.05
914 1494 0.2
915 1061 0.05
915 2767 0.2
915 2273 0.2
915 2066 0.01
915 2502 0.01
915 1335 0.2
915 1383 0.01
915 2358 0.01
915 2031 0.01
915 1281 0.05
915 2245 0.01
915 2111 0.05
915 1990 0.05
915 2596 0.05
915 1817 0.05
916 1363 0.2
916 1475 0.2
916 2822 0.2
916 1959 0.01
916 2616 0.01
916 2994 0.01
916 1870 0.05
916 2013 0.05
916 2229 0.05
916 1251 0.01
916 1296 0.01
916 2061 0.01
916 2872 0.01
917 2314 0.05
917 1992 0.05
917 1534 0.2
917 2366 0.2
917 2269 0.05
917 2577 0.2
917 2351 0.01
917 1125 0.2
917 1098 0.2
917 1002 0.05
917 2672 0.05
918 1433 0.05
918 935 0.05
918 2650 0.01
918 2770 0.01
918 2638 0.2
918 1071 0.01
918 1365 0.2
918 2556 0.2
918 2172 0.05
918 1706 0.2
919 1717 0.01
919 1898 0.2
919 2336 0.2
919 2954 0.2
919 2315 0.05
919 2025 0.05
919 2885 0.01
919 1271 0.05
919 1331 0.05
919 2240 0.05
919 2759 0.01
919 1270 0.05
919 1175 0.05
919 2869 0.01
920 2230 0.05
920 2202 0.2
920 1402 0.2
920 1192 0.01
920 1326 0.05
920 1155 0.05
920 2937 0.05
920 2338 0.2
920 2351 0.05
921 1222 0.2
921 2868 0.05
921 2087 0.05
921 2144 0.05
921 1005 0.05
921 2476 0.05
921 1525 0.2
921 2062 0.05
921 2754 0.2
921 1739 0.05
922 2651 0.2
922 2079 0.05
922 1654 0.05
922 1320 0.2
922 1280 0.01
922 2104 0.05
922 1948 0.01
923 2905 0.2
923 1231 0.05
923 2814 0.05
923 1814 0.01
923 1312 0.05
923 1391 0.05
923 1960 0.2
923 1075 0.2
923 1450 0.2
923 2577 0.05
923 1256 0.05
923 1550 0.05
923 1003 0.01
923 1541 0.01
924 2140 0.05
924 2770 0.2
924 2613 0.2
924 2533 0.01
924 2923 0.05
924 2936 0.2
924 1716 0.01
924 2004 0.05
924 2642 0.05
924 2504 0.2
924 961 0.05
925 2855 0.01
925 2268 0.05
925 1646 0.01
925 1174 0.05
925 1977 0.05
925 2290 0.05
925 1004 0.2
925 947 0.05
925 1658 0.2
925 2460 0.05
925 2957 0.01
925 1319 0.2
925 1263 0.2
925 2522 0.01
926 1757 0.05
926 2127 0.2
926 1100 0.05
926 1019 0.05
926 1132 0.01
926 1024 0.2
926 1023 0.2
926 2933 0.05
926 1131 0.01
926 1004 0.2
926 2987 0.2
926 2749 0.01
926 1167 0.2
926 1057 0.05
926 1239 0.01
926 1590 0.2
927 1784 0.05
927 2540 0.01
927 2657 0.05
927 1167 0.01
927 1976 0.05
927 948 0.05
927 1584 0.01
927 2690 0.2
927 1106 0.2
927 2298 0.01
927 1915 0.01
927 1930 0.2
928 2673 0.2
928 1983 0.01
928 1259 0.01
928 2529 0.05
928 1749 0.01
928 2349 0.01
928 2928 0.01
928 2516 0.01
928 2785 0.2
928 1484 0.01
929 2962 0.01
929 1647 0.2
929 1200 0.2
929 1813 0.2
929 1406 0.05
929 2985 0.05
929 975 0.2
929 2628 0.05
929 2616 0.01
930 1798 0.05
930 999 0.05
930 1570 0.01
930 2051 0.05
930 1830 0.2
930 2955 0.01
930 1372 0.05
930 995 0.2
930 2162 0.05
930 2974 0.05
931 1478 0.2
931 2267 0.05
931 1709 0.2
931 2905 0.01
931 980 0.05
931 1804 0.2
931 2218 0.01
931 1468 0.01
931 2759 0.2
931 1144 0.2
931 1918 0.05
932 1250 0.05
932 2954 0.05
932 1059 0.2
932 2106 0.2
932 1628 0.01
932 1242 0.2
932 999 0.2
932 1918 0.05
932 2204 0.01
932 1316 0.2
932 1764 0.01
932 1805 0.05
932 1353 0.2
932 2102 0.2
933 2708 0.05
933 2334 0.2
933 2938 0.2
933 2608 0.2
933 2949 0.2
933 1282 0.2
933 2095 0.2
933 2055 0.01
933 1761 0.05
933 1302 0.2
933 1964 0.05
933 2891 0.01
933 1030 0.05
933 1931 0.2
933 1228 0.2
933 2628 0.2
933 1644 0.2
933 1639 0.05
933 2443 0.01
933 1041 0.01
933 2372 0.2
933 1681 0.2
933 2431 0.05
933 2212 0.2
933 2918 0.2
934 2009 0.05
934 1407 0.01
934 2967 0.01
934 1688 0.01
934 2171 0.2
934 1896 0.2
934 1957 0.01
934 2341 0.01
934 2045 0.2
934 2798 0.01
935 1694 0.05
935 2084 0.2
935 2151 0.05
935 2146 0.2
935 2824 0.05
935 1597 0.01
935 2197 0.01
935 2952 0.01
935 2781 0.01
936 2809 0.05
936 1103 0.2
936 2923 0.05
936 1426 0.01
936 1837 0.01
936 2195 0.05
936 2708 0.01
936 2003 0.2
936 1863 0.2
936 1610 0.2
936 2623 0.2
936 1606 0.01
937 2761 0.01
937 1569 0.05
937 2942 0.2
937 2344 0.01
937 1029 0.05
937 1774 0.2
937 2324 0.05
937 1956 0.2
937 1295 0.05
938 2953 0.2
938 2918 0.01
938 1291 0.2
938 2338 0.2
938 1148 0.05
938 1131 0.2
939 1757 0.05
939 1267 0.01
939 2940 0.01
939 2872 0.2
939 2737 0.05
939 2357 0.2
939 2865 0.05
939 2922 0.05
939 1355 0.2
939 2361 0.01
939 1222 0.05
939 954 0.2
939 1756 0.05
939 2968 0.05
940 1553 0.2
940 2264 0.2
940 2401 0.05
940 1331 0.01
940 1251 0.01
940 2956 0.01
940 2475 0.2
940 2933 0.05
940 2567 0.01
940 2661 0.01
940 2179 0.2
940 2851 0.2
940 2732 0.05
940 2429 0.01
940 2590 0.2
941 1549 0.01
941 1829 0.2
941 2872 0.2
941 1715 0.05
941 2564 0.05
941 2988 0.05
941 2268 0.2
941 2371 0.01
941 1970 0.05
941 1033 0.2
941 2954 0.05
941 2509 0.01
941 2554 0.05
941 1985 0.05
941 2333 0.01
941 1678 0.2
942 2410 0.05
942 2486 0.05
942 2882 0.01
942 1555 0.05
942 1334 0.01
942 1440 0.2
942 1575 0.01
942 2644 0.2
942 1291 0.01
942 2661 0.05
942 2476 0.05
942 1733 0.05
942 1420 0.05
942 2454 0.01
942 2642 0.05
942 1447 0.2
942 2429 0.05
942 1250 0.2
942 2110 0.01
943 1698 0.2
943 2839 0.05
943 1838 0.01
943 2841 0.2
943 1931 0.05
943 1141 0.2
943 2830 0.05
943 2782 0.01
943 1497 0.01
943 2115 0.05
943 2754 0.01
943 2071 0.01
943 2258 0.2
943 2385 0.05
943 1187 0.2
944 1029 0.01
944 2042 0.05
944 2133 0.2
944 2636 0.05
944 2544 0.05
944 2495 0.2
944 2412 0.05
944 1394 0.2
945 2442 0.01
945 951 0.05
945 2573 0.05
945 1867 0.2
945 1554 0.01
945 2342 0.2
945 1963 0.05
945 1802 0.2
945 2093 0.2
945 2233 0.01
945 2454 0.01
945 2166 0.05
945 1609 0.2
945 2128 0.2
945 1851 0.01
945 992 0.05
946 1870 0.05
946 2177 0.2
946 1559 0.2
946 1791 0.2
946 2735 0.05
946 2485 0.2
946 1252 0.01
946 2729 0.05
946 2664 0.01
946 2786 0.2
947 1568 0.2
947 2583 0.01
947 2594 0.05
947 1981 0.05
947 1365 0.01
947 2446 0.01
947 2409 0.01
947 1547 0.01
947 2774 0.2
948 1180 0.01
948 2860 0.05
948 969 0.01
948 2729 0.2
948 2930 0.01
948 2209 0.01
948 2937 0.2
948 2833 0.05
948 1448 0.05
948 2047 0.2
948 2388 0.2
948 2460 0.05
948 2829 0.2
948 1680 0.01
949 1659 0.05
949 1927 0.05
949 1998 0.01
949 1827 0.2
949 1229 0.05
949 2188 0.2
949 2200 0.05
949 2471 0.01
949 2599 0.2
949 2172 0.05
949 2904 0.2
950 1794 0.2
950 975 0.05
950 1831 0.01
950 1859 0.01
950 2651 0.05
950 1233 0.05
950 2959 0.2
950 2299 0.2
950 1488 0.2
950 2616 0.2
950 1308 0.05
950 1932 0.2
950 1327 0.2
950 1294 0.01
950 1531 0.01
950 2781 0.2
950 2643 0.2
950 2350 0.2
950 1973 0.05
950 2353 0.2
950 1769 0.2
951 2351 0.05
951 2128 0.01
951 1929 0.01
951 955 0.2
951 1219 0.2
951 1467 0.01
951 2665 0.2
951 1318 0.2
951 1022 0.2
952 1954 0.2
952 2062 0.2
952 1317 0.01
952 2320 0.01
952 2334 0.2
952 1785 0.01
952 2938 0.01
952 2803 0.05
952 1001 0.2
952 1971 0.05
952 1313 0.2
952 2226 0.01
952 1307 0.01
953 2392 0.01
953 1998 0.01
953 2496 0.05
953 1739 0.01
953 1619 0.01
953 1269 0.05
953 1943 0.01
953 2872 0.2
953 2161 0.05
953 2033 0.01
954 1345 0.2
954 1049 0.05
954 2373 0.01
954 1683 0.01
954 1192 0.05
954 1110 0.2
954 2808 0.05
954 2339 0.2
954 2565 0.05
954 2496 0.01
955 1789 0.01
955 1016 0.2
955 1696 0.2
955 1899 0.05
955 2099 0.2
955 1384 0.2
955 1618 0.01
955 1260 0.2
955 2737 0.2
955 2092 0.01
955 1073 0.01
955 1846 0.2
956 1083 0.01
956 1568 0.01
956 1113 0.2
956 2485 0.01
956 1280 0.2
956 1757 0.01
956 1379 0.01
956 1798 0.01
956 987 0.05
956 985 0.05
956 1186 0.2
956 1765 0.05
956 2237 0.2
957 1931 0.2
957 1555 0.01
957 2439 0.05
957 2594 0.01
957 1809 0.2
957 2112 0.05
957 1744 0.2
957 1519 0.2
957 2868 0.01
957 2554 0.05
957 1655 0.05
957 1303 0.2
957 1421 0.05
957 2820 0.05
957 2571 0.01
958 2187 0.01
958 2211 0.05
958 2176 0.01
958 2999 0.2
958 2338 0.05
958 2921 0.2
959 2210 0.2
959 1184 0.01
959 1758 0.01
959 2425 0.2
959 1475 0.2
959 1282 0.01
959 2593 0.2
959 2600 0.05
960 1112 0.01
960 1851 0.01
960 1315 0.05
960 2723 0.01
960 2146 0.05
960 1724 0.01
960 1118 0.2
960 2815 0.01
961 2585 0.2
961 2201 0.2
961 991 0.01
961 2980 0.2
961 2654 0.01
961 1363 0.01
961 1243 0.05
961 2398 0.05
961 2459 0.2
961 2391 0.05
961 2814 0.01
961 2010 0.05
961 1493 0.01
961 1864 0.01
961 2411 0.01
961 1892 0.05
961 1057 0.2
962 2860 0.2
962 2106 0.05
962 2252 0.2
962 1062 0.01
962 2268 0.05
962 1245 0.2
962 1915 0.2
962 2181 0.01
962 1687 0.05
962 1341 0.01
963 1653 0.01
963 1481 0.01
963 1511 0.05
963 1761 0.2
963 1712 0.01
963 1099 0.01
963 2228 0.05
963 1512 0.2
963 2967 0.01
963 1282 0.01
963 1063 0.01
963 1527 0.01
963 2053 0.2
964 1571 0.05
964 1218 0.01
964 1072 0.2
964 975 0.2
964 1598 0.05
964 1684 0.2
964 1349 0.05
964 2390 0.2
965 1581 0.05
965 1950 0.05
965 1105 0.05
965 2021 0.01
965 2670 0.01
965 1261 0.01
965 1691 0.05
965 2854 0.05
965 1841 0.01
965 1137 0.2
965 2464 0.01
965 2775 0.05
965 1942 0.01
966 2642 0.01
966 2592 0.2
966 1732 0.01
966 1659 0.01
966 2383 0.01
966 2398 0.05
966 2177 0.01
966 1481 0.05
967 1485 0.2
967 2053 0.05
967 2843 0.05
967 1986 0.05
967 1662 0.2
967 1388 0.2
967 2078 0.2
967 2265 0.05
967 1588 0.2
967 2900 0.01
967 1188 0.05
967 1811 0.01
967 1771 0.2
967 2984 0.01
967 1118 0.01
967 2740 0.2
967 2675 0.01
968 2426 0.2
968 1812 0.05
968 2019 0.01
968 1755 0.2
968 2803 0.01
968 2360 0.01
968 1960 0.01
968 1703 0.05
968 1373 0.05
968 1611 0.2
968 2616 0.05
968 2722 0.2
968 1935 0.2
968 1822 0.2
969 2023 0.05
969 2916 0.01
969 1395 0.2
969 2610 0.01
969 1363 0.2
969 2958 0.01
969 1939 0.2
969 2155 0.05
969 2021 0.2
969 1188 0.2
970 1313 0.2
970 2496 0.05
970 2534 0.05
970 2621 0.05
970 1876 0.2
970 2687 0.2
970 1806 0.2
971 1076 0.05
971 1689 0.2
971 1443 0.2
971 1346 0.05
971 2617 0.01
971 2987 0.05
971 2226 0.05
971 2033 0.05
972 2947 0.01
972 1218 0.2
972 1953 0.01
972 1510 0.05
972 1338 0.05
972 2908 0.05
972 1251 0.05
972 1294 0.01
972 2938 0.2
972 2320 0.01
972 1361 0.05
972 2898 0.05
972 2012 0.05
972 2552 0.01
973 1180 0.2
973 2828 0.05
973 2092 0.2
973 1522 0.01
973 2797 0.05
973 2016 0.05
973 2728 0.05
973 2656 0.01
973 2553 0.05
973 2959 0.05
973 2234 0.05
973 2810 0.05
973 2977 0.05
973 2239 0.2
973 1550 0.05
973 2956 0.05
974 1140 0.05
974 1467 0.2
974 1420 0.01
974 2021 0.05
974 1569 0.2
974 1728 0.05
974 2431 0.01
974 1878 0.05
974 2069 0.01
975 1719 0.2
975 2970 0.2
975 1522 0.2
975 1195 0.2
975 1914 0.2
975 1225 0.05
975 1550 0.05
975 1054 0.05
975 2387 0.05
975 1528 0.01
976 2428 0.2
976 1939 0.2
976 1793 0.01
976 1878 0.01
976 1332 0.05
976 1562 0.01
976 1053 0.01
977 1286 0.05
977 2989 0.2
977 1693 0.05
977 2210 0.01
977 1090 0.01
977 1477 0.01
977 2087 0.2
977 2104 0.01
977 1621 0.01
977 2488 0.05
977 1126 0.2
977 1531 0.2
977 1228 0.2
977 1209 0.05
978 2342 0.05
978 2714 0.05
978 1313 0.2
978 2659 0.01
978 1626 0.2
978 2847 0.01
978 2778 0.05
978 2048 0.05
978 1722 0.05
979 1124 0.01
979 1267 0.2
979 1473 0.05
979 1687 0.2
979 1211 0.01
979 1587 0.05
979 2943 0.05
979 1326 0.01
979 1923 0.01
979 2774 0.05
979 1189 0.01
979 2958 0.01
979 2321 0.05
980 2907 0.01
980 2403 0.2
980 2261 0.01
980 2027 0.2
980 2010 0.2
980 1327 0.01
980 1538 0.05
980 1857 0.01
980 2633 0.01
980 1013 0.05
980 2662 0.05
980 2297 0.01
980 1837 0.01
981 2116 0.01
981 2750 0.05
981 1291 0.01
981 2672 0.01
981 2639 0.05
981 2034 0.05
981 2951 0.01
981 1664 0.2
981 1138 0.05
981 2316 0.05
981 1040 0.01
981 2298 0.05
982 1788 0.01
982 1931 0.2
982 2469 0.01
983 1514 0.05
983 2989 0.01
983 1848 0.01
983 2619 0.01
983 1520 0.2
983 2559 0.2
983 2780 0.2
983 1736 0.2
983 1950 0.2
983 1993 0.2
983 1923 0.05
983 2872 0.05
983 2656 0.01
983 1643 0.01
983 1863 0.05
984 2828 0.01
984 2321 0.01
984 2630 0.01
984 2346 0.2
984 1102 0.05
984 2701 0.2
984 1716 0.01
984 1076 0.2
984 2467 0.05
984 2375 0.05
984 1529 0.05
984 2377 0.2
984 2455 0.2
985 1445 0.01
985 2306 0.05
985 2367 0.01
985 2692 0.01
985 1760 0.01
985 1889 0.2
985 2148 0.2
985 1138 0.05
985 1767 0.05
985 1743 0.01
985 2795 0.2
985 2178 0.01
985 1126 0.2
985 1186 0.2
985 1323 0.05
985 1427 0.2
986 2323 0.2
986 2798 0.2
986 1872 0.2
986 1355 0.2
986 996 0.2
986 2294 0.2
986 2173 0.2
986 2636 0.01
986 2803 0.2
986 1494 0.01
986 1037 0.01
987 2691 0.2
987 1939 0.2
987 2046 0.05
987 1091 0.01
987 2838 0.2
987 2181 0.01
987 2576 0.05
987 2430 0.2
987 2268 0.2
987 2357 0.01
987 1635 0.05
987 2842 0.01
987 2067 0.2
987 2035 0.01
987 2028 0.05
987 2818 0.05
988 1244 0.01
988 2356 0.01
988 2916 0.2
988 1485 0.2
988 1381 0.2
988 1508 0.2
988 2218 0.05
988 2608 0.05
988 1776 0.01
988 1624 0.05
988 1226 0.01
988 1493 0.01
988 2028 0.05
988 1394 0.2
989 2207 0.2
989 2848 0.05
989 2274 0.2
989 2689 0.01
989 2824 0.2
990 2355 0.05
990 1307 0.01
990 2765 0.2
990 2510 0.01
990 1784 0.05
990 1761 0.01
990 1255 0.2
990 2494 0.2
990 1302 0.01
990 1911 0.01
991 1240 0.05
991 1882 0.01
991 1381 0.05
991 1446 0.01
991 1113 0.2
991 1189 0.01
991 2552 0.01
991 1897 0.2
991 1796 0.2
991 1974 0.01
991 2798 0.2
991 2773 0.2
991 1659 0.05
991 1110 0.01
992 2788 0.01
992 1334 0.05
992 2922 0.01
992 1010 0.01
992 2287 0.01
992 2602 0.05
992 2139 0.2
992 1537 0.01
992 1641 0.01
992 2610 0.2
992 2474 0.2
992 2455 0.2
992 1617 0.2
992 2969 0.05
992 1826 0.01
992 1564 0.05
993 2849 0.05
993 2550 0.05
993 1724 0.2
993 2377 0.01
993 1513 0.2
993 2890 0.2
993 1892 0.01
993 1133 0.05
993 1349 0.01
993 1574 0.01
993 1710 0.01
993 1950 0.01
993 1407 0.05
993 2792 0.05
994 1590 0.2
994 2291 0.2
994 2399 0.2
994 2712 0.05
994 2842 0.2
994 1401 0.01
994 2579 0.01
994 1750 0.01
994 2356 0.05
995 1936 0.01
995 2543 0.2
995 1482 0.2
995 1976 0.2
995 2125 0.01
995 2581 0.05
995 1638 0.01
995 1580 0.05
995 2909 0.05
995 1775 0.2
996 2833 0.2
996 1784 0.05
996 2314 0.01
996 1980 0.01
996 1173 0.05
996 2963 0.05
996 2448 0.2
996 2751 0.2
996 1917 0.2
996 2977 0.01
997 1366 0.05
997 1796 0.01
997 2538 0.2
997 1034 0.01
997 1531 0.01
997 2934 0.01
997 1847 0.2
997 2546 0.05
997 1299 0.05
998 1903 0.2
998 1870 0.2
998 2543 0.05
998 2208 0.01
998 1308 0.05
998 2361 0.05
998 1169 0.05
998 2554 0.01
998 1190 0.01
998 2985 0.2
998 2139 0.01
998 1741 0.01
998 2708 0.05
999 1636 0.05
999 1346 0.05
999 2528 0.01
999 2307 0.01
999 2663 0.05
999 2626 0.05
999 2132 0.05
999 1159 0.01
999 1996 0.01
1000 1513 0.2
1000 2175 0.01
1000 1014 0.01
1000 2708 0.01
1000 2683 0.05
1000 2157 0.01
1000 2737 0.05
1000 1445 0.05
1000 1897 0.05
1000 2168 0.01
1000 1825 0.01
1000 1406 0.01
1000 1890 0.01
1000 2843 0.01
1000 2325 0.05
1000 1733 0.05
1000 1898 0.2
1000 1497 0.05
1000 1927 0.05
1000 1231 0.05
1001 2605 0.01
1001 2075 0.2
1001 1623 0.05
1001 2365 0.2
1001 2488 0.01
1001 1967 0.2
1001 2955 0.05
1001 2762 0.05
1001 1150 0.2
1001 2346 0.01
1001 2756 0.2
1001 2224 0.2
1001 2859 0.2
1001 2053 0.05
1001 2958 0.05
1002 2641 0.2
1002 2966 0.01
1002 1064 0.05
1002 1048 0.01
1002 1701 0.01
1002 1464 0.01
1002 1857 0.01
1002 1506 0.01
1002 2716 0.2
1002 2303 0.01
1003 1978 0.2
1003 1736 0.01
1003 2202 0.01
1003 2800 0.05
1003 2665 0.01
1003 1330 0.05
1003 1254 0.01
1003 1591 0.05
1003 2920 0.01
1003 2894 0.01
1003 1179 0.01
1003 1607 0.2
1003 1413 0.2
1003 2572 0.2
1003 1181 0.01
1003 2588 0.2
1003 2688 0.01
1004 1935 0.2
1004 1940 0.01
1004 2201 0.01
1004 1746 0.01
1004 2974 0.05
1004 1795 0.01
1004 2697 0.01
1004 2609 0.05
1004 2273 0.01
1005 1965 0.05
1005 1961 0.01
1005 1191 0.05
1005 2931 0.05
1005 1120 0.2
1005 1514 0.05
1005 1279 0.2
1006 2333 0.2
1006 2527 0.01
1006 2124 0.2
1006 1919 0.05
1006 1535 0.01
1006 1863 0.01
1006 1547 0.2
1006 2497 0.01
1006 1518 0.05
1006 2407 0.05
1006 1378 0.05
1006 2759 0.05
1006 2786 0.2
1006 1106 0.2
1006 2684 0.05
1007 2712 0.05
1007 2271 0.05
1007 1569 0.01
1007 2244 0.01
1007 1298 0.05
1007 2367 0.2
1007 1492 0.01
1007 1400 0.05
1007 2989 0.05
1007 1996 0.05
1007 1467 0.2
1007 2608 0.01
1007 1629 0.01
1008 2371 0.05
1008 2147 0.05
1008 2040 0.01
1008 2272 0.05
1008 1385 0.2
1008 2546 0.05
1008 1029 0.01
1008 1408 0.01
1008 2726 0.05
1008 1609 0.01
1008 1206 0.05
1008 2005 0.05
1008 1514 0.05
1008 1421 0.05
1008 1045 0.05
1008 1626 0.2
1008 1821 0.01
1008 2662 0.01
1008 1832 0.05
1009 2920 0.2
1009 2796 0.05
1009 1356 0.05
1009 1479 0.01
1009 2996 0.05
1009 2739 0.05
1009 1195 0.2
1009 2660 0.05
1009 1217 0.2
1009 2221 0.01
1009 1634 0.05
1009 2584 0.05
1010 2952 0.05
1010 1751 0.01
1010 1015 0.01
1010 2966 0.05
1010 1940 0.2
1010 2614 0.01
1010 1935 0.2
1010 1400 0.01
1010 1360 0.05
1010 1555 0.2
1010 1755 0.05
1010 2550 0.05
1010 2852 0.01
1010 1509 0.05
1011 2153 0.05
1011 1712 0.2
1011 2204 0.05
1011 2634 0.2
1011 2490 0.01
1011 2942 0.05
1011 1493 0.05
1011 2492 0.01
1011 2931 0.05
1011 1036 0.01
1011 1796 0.2
1011 2798 0.2
1011 2379 0.05
1011 1918 0.01
1012 2611 0.2
1012 1187 0.2
1012 1052 0.01
1012 1262 0.05
1013 1886 0.2
1013 1219 0.2
1013 2769 0.05
1013 1163 0.01
1013 2168 0.01
1013 1041 0.01
1013 2729 0.05
1013 1935 0.01
1013 2713 0.01
1013 2201 0.05
1013 1460 0.05
1013 1823 0.05
1013 2691 0.01
1014 1134 0.2
1014 2128 0.2
1014 1756 0.05
1014 1818 0.01
1014 1457 0.01
1014 1667 0.01
1014 2059 0.2
1014 2230 0.2
1014 2467 0.2
1014 2889 0.2
1015 2690 0.05
1015 2141 0.05
1015 1079 0.01
1015 1780 0.05
1015 1819 0.01
1015 1258 0.01
1015 1866 0.05
1015 2963 0.01
1016 1092 0.2
1016 1325 0.2
1016 2266 0.05
1016 1318 0.01
1016 1457 0.2
1016 2836 0.05
1016 1176 0.2
1016 1156 0.01
1016 2329 0.2
1016 1465 0.2
1016 1338 0.05
1016 2092 0.2
1016 1600 0.01
1016 2756 0.2
1016 1373 0.2
1017 1514 0.01
1017 2723 0.05
1017 1140 0.2
1017 1444 0.2
1017 2403 0.2
1017 1118 0.05
1017 1863 0.05
1017 1385 0.2
1018 2976 0.2
1018 2690 0.01
1018 2142 0.05
1018 2864 0.05
1018 1452 0.05
1018 2264 0.05
1018 1622 0.2
1018 1443 0.2
1018 1122 0.05
1018 1792 0.05
1018 2239 0.2
1018 1287 0.05
1018 1194 0.2
1018 2041 0.2
1018 1225 0.2
1018 2331 0.05
1018 2576 0.05
1018 2155 0.01
1018 2742 0.05
1018 1951 0.2
1018 2562 0.05
1019 2927 0.01
1019 1241 0.2
1019 2647 0.2
1019 1397 0.2
1019 2463 0.01
1019 2748 0.2
1019 2041 0.05
1019 2528 0.01
1019 1498 0.05
1019 2002 0.2
1019 2611 0.01
1019 1365 0.05
1020 2283 0.05
1020 2153 0.05
1020 1700 0.2
1020 2897 0.05
1020 2001 0.2
1020 2524 0.05
1020 1291 0.2
1020 1988 0.2
1020 1898 0.05
1020 1656 0.01
1020 1164 0.2
1020 1445 0.05
1020 1543 0.2
1020 1857 0.2
1021 2826 0.05
1021 1290 0.05
1021 1405 0.01
1021 2627 0.05
1021 2118 0.01
1021 2002 0.01
1021 1396 0.2
1021 2308 0.01
1021 1371 0.05
1021 1279 0.2
1021 2830 0.01
1022 2793 0.2
1022 1141 0.05
1022 2533 0.05
1022 1534 0.2
1022 1334 0.2
1022 2332 0.2
1022 1779 0.05
1023 1616 0.05
1023 2384 0.01
1023 2781 0.01
1023 2223 0.2
1023 2497 0.01
1023 1994 0.2
1023 2498 0.01
1023 1445 0.05
1023 2333 0.05
1023 2337 0.05
1023 1234 0.01
1024 1871 0.2
1024 2354 0.2
1024 1562 0.2
1024 1239 0.2
1024 2226 0.2
1024 1413 0.2
1024 2793 0.01
1024 1811 0.05
1024 2329 0.05
1024 2720 0.01
1024 1584 0.01
1024 1331 0.05
1024 1574 0.01
1024 1814 0.01
1024 2065 0.01
1024 1209 0.2
1025 2472 0.01
1025 1369 0.2
1025 2970 0.2
1025 1160 0.05
1025 2188 0.2
1025 2720 0.2
1025 1542 0.05
1025 1728 0.01
1025 2133 0.05
1025 2086 0.01
1026 2543 0.2
1026 2212 0.05
1026 2980 0.05
1026 2674 0.05
1026 2847 0.01
1026 1755 0.05
1026 1821 0.01
1026 2709 0.01
1026 1922 0.01
1026 2358 0.2
1026 1594 0.2
1026 2224 0.01
1026 2474 0.05
1026 2065 0.01
1026 2999 0.01
1026 2459 0.2
1027 1228 0.2
1027 2448 0.01
1027 1398 0.01
1027 1412 0.05
1027 2832 0.05
1027 2527 0.05
1027 1589 0.05
1027 2910 0.01
1027 1895 0.2
1028 2001 0.05
1028 1740 0.01
1028 1099 0.2
1028 2184 0.2
1028 2772 0.2
1028 2164 0.05
1028 1690 0.01
1028 1613 0.2
1028 1656 0.01
1028 1369 0.01
1028 2696 0.05
1029 2167 0.05
1029 1369 0.05
1029 1647 0.2
1029 1187 0.01
1029 2476 0.05
1029 2901 0.2
1029 2731 0.2
1029 2144 0.01
1029 1227 0.01
1029 1304 0.2
1029 1970 0.2
1029 2566 0.2
1029 2613 0.2
1029 1316 0.2
1029 1607 0.05
1029 1984 0.01
1029 1313 0.01
1030 1479 0.01
1030 2116 0.05
1030 2711 0.01
1030 1129 0.01
1030 2799 0.01
1030 2143 0.01
1030 2272 0.2
1030 1926 0.05
1030 1079 0.01
1030 1968 0.2
1030 1448 0.05
1030 2705 0.01
1031 2285 0.2
1031 1160 0.05
1031 2033 0.05
1031 1667 0.05
1031 1268 0.2
1031 2528 0.01
1031 1632 0.2
1031 1231 0.05
1031 2301 0.05
1031 1377 0.2
1031 1616 0.01
1032 2964 0.05
1032 1880 0.01
1032 2603 0.2
1032 1686 0.01
1032 2333 0.05
1032 2046 0.2
1032 1945 0.01
1032 1595 0.05
1032 1158 0.05
1032 1241 0.2
1032 2361 0.01
1032 2794 0.05
1032 2294 0.05
1033 1288 0.05
1033 1451 0.01
1033 2491 0.01
1033 2012 0.01
1033 1743 0.01
1033 2321 0.05
1033 1893 0.2
1033 2083 0.2
1033 2553 0.2
1033 2512 0.05
1033 2676 0.05
1033 2563 0.05
1033 1868 0.01
1034 2697 0.01
1034 2295 0.2
1034 2189 0.2
1034 2664 0.05
1034 1268 0.01
1035 1943 0.01
1035 2788 0.2
1035 1748 0.01
1035 1993 0.01
1035 1604 0.05
1035 2476 0.2
1035 1129 0.2
1035 2611 0.2
1035 1140 0.05
1035 1267 0.05
1035 1815 0.2
1035 2893 0.01
1035 1306 0.2
1035 1919 0.01
1036 2263 0.05
1036 2403 0.01
1036 2884 0.01
1036 2831 0.2
1036 2178 0.05
1036 2629 0.01
1036 1588 0.05
1036 1526 0.01
1036 1044 0.01
1036 2721 0.05
1036 1976 0.01
1036 1873 0.01
1036 2610 0.01
1036 1979 0.01
1037 1939 0.01
1037 1971 0.01
1037 2328 0.01
1037 2398 0.2
1037 1328 0.01
1037 2090 0.01
1037 2244 0.2
1037 2773 0.05
1037 1858 0.2
1037 2215 0.01
1037 2758 0.2
1037 1476 0.01
1037 1806 0.05
1037 2386 0.01
1038 1529 0.2
1038 2397 0.01
1038 2066 0.01
1038 1492 0.01
1038 1468 0.2
1038 2458 0.01
1038 1667 0.2
1038 1490 0.05
1038 1966 0.2
1039 1981 0.01
1039 1510 0.05
1039 2365 0.2
1039 2032 0.2
1039 1543 0.01
1039 1196 0.01
1039 1295 0.05
1039 1145 0.05
1039 1384 0.05
1039 2175 0.2
1040 1882 0.2
1040 1474 0.05
1040 2373 0.01
1040 1394 0.01
1040 1142 0.01
1040 2021 0.05
1040 2129 0.2
1040 2503 0.05
1040 2537 0.01
1041 2414 0.01
1041 1800 0.05
1041 2744 0.01
1041 2573 0.01
1041 2567 0.2
1041 1374 0.01
1041 1122 0.2
1041 1531 0.01
1041 1744 0.05
1041 1089 0.01
1042 2255 0.2
1042 1315 0.05
1042 1251 0.05
1042 1588 0.01
1042 2904 0.2
1042 2996 0.05
1042 1643 0.2
1042 2988 0.2
1042 1266 0.05
1042 1055 0.01
1043 1455 0.05
1043 1651 0.05
1043 2027 0.01
1043 2138 0.01
1043 2200 0.01
1043 1230 0.05
1043 2918 0.01
1043 2151 0.01
1043 1926 0.05
1043 2948 0.05
1043 1469 0.05
1043 2033 0.2
1043 2623 0.05
1043 1579 0.05
1044 1533 0.05
1044 2392 0.01
1044 2252 0.01
1044 1791 0.2
1044 1721 0.05
1044 1347 0.2
1044 1282 0.01
1044 2039 0.2
1044 1547 0.01
1044 1297 0.2
1044 1167 0.2
1044 1229 0.01
1044 1838 0.05
1044 1331 0.05
1044 2867 0.2
1044 2707 0.2
1045 2731 0.01
1045 1633 0.05
1045 2958 0.2
1045 1060 0.05
1045 1957 0.05
1045 1396 0.2
1045 2151 0.05
1045 2387 0.01
1045 1961 0.01
1045 1445 0.05
1045 2303 0.01
1045 2613 0.05
1045 2627 0.2
1045 1798 0.01
1045 1180 0.05
1045 1046 0.01
1046 1609 0.01
1046 2500 0.05
1046 2207 0.01
1046 2345 0.01
1046 2962 0.01
1046 1460 0.2
1046 1819 0.05
1046 2493 0.2
1046 2074 0.05
1046 2617 0.05
1046 2822 0.2
1047 2190 0.05
1047 1597 0.05
1047 2869 0.01
1047 1596 0.2
1047 2053 0.01
1047 2798 0.01
1047 2279 0.01
1047 2716 0.01
1047 2029 0.01
1047 1352 0.05
1048 2639 0.01
1048 2417 0.2
1048 1938 0.01
1048 2935 0.2
1048 2146 0.2
1048 2188 0.01
1048 2202 0.01
1048 2126 0.01
1048 2748 0.01
1049 2865 0.2
1049 1455 0.05
1049 1370 0.05
1049 1597 0.05
1049 2610 0.2
1049 2908 0.05
1050 1962 0.05
1050 1580 0.05
1050 2788 0.2
1050 1981 0.01
1050 1696 0.01
1050 2856 0.2
1050 2134 0.2
1050 2460 0.05
1050 1839 0.2
1051 1435 0.01
1051 2303 0.05
1051 1862 0.01
1051 1461 0.2
1051 1239 0.01
1051 2518 0.01
1051 1519 0.05
1052 1973 0.2
1052 1127 0.05
1052 2955 0.01
1052 1540 0.01
1052 2667 0.2
1052 1403 0.2
1052 2439 0.05
1052 1453 0.05
1052 1927 0.05
1053 2655 0.05
1053 1573 0.05
1053 2751 0.01
1053 1142 0.2
1053 1560 0.05
1053 1370 0.01
1053 1697 0.2
1053 1546 0.01
1053 2472 0.2
1053 1253 0.2
1053 2262 0.05
1053 1713 0.2
1053 1805 0.05
1053 1183 0.2
1054 1382 0.2
1054 1324 0.01
1054 2678 0.2
1054 2235 0.01
1054 1061 0.05
1054 2904 0.2
1054 2555 0.05
1054 1742 0.01
1054 2104 0.05
1054 1745 0.05
1055 1673 0.2
1055 2203 0.05
1055 1409 0.05
1055 2563 0.05
1055 2945 0.2
1055 1230 0.2
1055 2155 0.05
1055 2010 0.2
1055 1119 0.05
1055 1896 0.05
1055 2960 0.05
1055 1311 0.05
1056 1309 0.05
1056 2526 0.2
1056 1786 0.01
1056 1393 0.01
1056 1538 0.2
1056 2343 0.2
1056 1887 0.05
1056 1131 0.01
1056 2417 0.05
1056 2865 0.01
1056 1966 0.05
1056 2140 0.01
1056 2078 0.05
1056 1216 0.2
1056 2301 0.2
1056 2740 0.2
1056 1851 0.01
1056 1890 0.2
1056 1995 0.01
1056 2345 0.2
1056 1378 0.05
1057 1084 0.01
1057 2738 0.01
1057 2363 0.01
1057 2850 0.05
1057 1656 0.05
1057 2187 0.05
1057 1871 0.05
1057 1650 0.05
1057 2532 0.2
1057 1234 0.2
1057 2846 0.2
1057 2810 0.05
1057 2365 0.01
1058 1394 0.05
1058 1618 0.05
1058 1129 0.2
1058 1997 0.05
1058 2078 0.05
1058 1506 0.2
1058 1531 0.05
1059 2970 0.05
1059 2143 0.2
1059 2426 0.05
1059 1740 0.2
1059 2562 0.01
1059 2435 0.01
1059 2043 0.2
1059 2992 0.01
1059 2575 0.2
1059 2898 0.01
1059 1703 0.01
1059 2554 0.2
1059 2849 0.01
1059 2175 0.05
1059 1438 0.01
1059 2859 0.05
1059 2411 0.05
1060 2400 0.05
1060 1242 0.2
1060 1694 0.05
1060 2528 0.05
1060 2288 0.01
1060 1592 0.2
1061 1843 0.2
1061 2952 0.01
1061 2716 0.01
1061 2770 0.01
1061 1350 0.01
1061 1144 0.05
1061 1394 0.05
1061 1477 0.2
1061 1643 0.01
1062 1210 0.01
1062 2474 0.05
1062 1181 0.05
1062 2857 0.05
1062 2849 0.2
1062 2535 0.01
1062 2757 0.01
1062 2055 0.2
1063 2509 0.2
1063 1296 0.2
1063 1527 0.05
1063 2027 0.05
1063 1069 0.05
1063 2409 0.2
1063 1093 0.05
1063 1867 0.05
1063 1483 0.2
1063 1615 0.2
1063 2158 0.01
1063 2588 0.2
1063 1481 0.01
1063 1882 0.01
1063 1807 0.2
1063 2590 0.2
1063 1772 0.2
1064 1370 0.01
1064 1960 0.01
1064 2372 0.01
1064 2722 0.01
1064 1302 0.2
1065 1552 0.05
1065 1224 0.2
1065 2569 0.05
1065 2125 0.01
1065 1708 0.2
1065 1293 0.01
1065 1245 0.05
1065 1647 0.2
1065 1331 0.05
1065 2166 0.05
1065 1910 0.01
1065 1587 0.01
1065 2478 0.05
1066 1072 0.01
1066 2308 0.01
1066 1805 0.01
1066 1548 0.05
1066 2239 0.2
1066 1175 0.2
1066 1608 0.01
1066 1487 0.2
1066 1315 0.05
1066 1941 0.01
1067 1522 0.01
1067 2226 0.01
1067 1563 0.05
1067 1632 0.01
1067 2280 0.2
1067 1644 0.05
1067 2421 0.01
1067 1111 0.2
1067 2853 0.01
1067 2932 0.01
1067 1301 0.05
1068 2266 0.2
1068 2860 0.05
1068 1469 0.2
1068 1915 0.05
1068 1241 0.05
1068 1909 0.01
1068 2544 0.2
1068 1198 0.01
1068 2872 0.05
1068 2196 0.01
1068 1605 0.2
1068 2713 0.05
1068 1521 0.2
1069 1194 0.05
1069 1305 0.01
1069 2687 0.05
1069 1727 0.05
1069 1221 0.2
1069 2127 0.2
1069 1362 0.01
1069 2409 0.01
1069 2891 0.05
1069 2285 0.01
1069 2549 0.01
1069 1466 0.2
1069 1116 0.2
1069 2711 0.2
1069 1093 0.01
1069 1738 0.01
1069 1509 0.01
1070 2195 0.2
1070 2870 0.2
1070 2898 0.05
1070 1237 0.05
1070 2711 0.01
1070 1747 0.01
1071 2677 0.01
1071 1473 0.01
1071 2067 0.05
1071 1323 0.05
1071 2894 0.01
1071 2262 0.01
1071 1472 0.01
1071 2546 0.2
1071 2741 0.05
1071 1499 0.05
1071 2789 0.05
1071 2275 0.2
1071 2396 0.05
1071 2652 0.01
1071 1841 0.05
1072 2872 0.2
1072 1751 0.05
1072 2821 0.2
1072 1196 0.01
1072 1129 0.2
1072 1104 0.01
1072 1962 0.2
1072 1693 0.2
1072 2518 0.01
1072 2055 0.05
1072 2120 0.01
1072 2830 0.01
1072 2508 0.05
1072 1929 0.05
1073 2753 0.05
1073 2944 0.2
1073 1156 0.01
1073 1785 0.2
1073 2897 0.2
1073 1338 0.01
1073 1398 0.01
1073 2035 0.05
1073 2551 0.01
1073 2034 0.01
1074 2747 0.2
1074 2978 0.01
1074 2005 0.05
1074 1403 0.05
1074 2501 0.01
1074 1388 0.2
1074 1652 0.2
1074 2071 0.05
1074 2700 0.01
1074 2725 0.05
1074 1870 0.01
1074 2424 0.05
1074 2540 0.01
1074 2294 0.05
1075 2531 0.2
1075 1377 0.05
1075 2374 0.01
1075 2683 0.2
1075 1812 0.01
1075 1225 0.01
1075 1179 0.05
1075 2892 0.2
1075 1155 0.05
1075 2174 0.2
1075 2433 0.05
1075 2973 0.01
1076 2394 0.05
1076 1427 0.01
1076 1843 0.2
1076 2132 0.2
1076 1933 0.01
1076 2235 0.2
1076 2722 0.2
1076 2185 0.2
1076 1582 0.01
1076 1538 0.05
1076 2738 0.05
1077 2675 0.05
1077 2512 0.2
1077 2600 0.2
1077 1838 0.01
1077 2282 0.2
1077 1610 0.2
1078 2050 0.2
1078 1801 0.2
1078 1904 0.05
1078 2566 0.05
1078 2370 0.01
1078 2870 0.05
1078 1211 0.2
1078 1603 0.05
1078 2510 0.2
1078 2271 0.05
1078 2595 0.05
1078 2117 0.01
1078 1147 0.2
1078 1195 0.2
1078 2958 0.05
1078 2656 0.05
1079 2871 0.05
1079 1490 0.01
1079 1557 0.2
1079 1573 0.2
1079 2070 0.05
1079 1954 0.01
1079 1969 0.2
1079 1115 0.05
1079 1333 0.05
1079 1829 0.2
1079 1661 0.05
1079 2377 0.2
1079 2293 0.2
1080 2117 0.2
1080 1617 0.2
1080 2448 0.01
1080 2037 0.01
1080 2148 0.05
1080 1679 0.05
1080 2027 0.05
1080 2425 0.2
1080 1860 0.05
1080 2376 0.01
1080 1612 0.2
1081 2070 0.2
1081 1568 0.05
1081 1212 0.01
1081 2957 0.01
1081 2914 0.01
1081 2577 0.01
1081 1393 0.01
1081 1453 0.05
1081 2280 0.2
1081 2464 0.2
1082 2839 0.2
1082 2279 0.05
1082 1513 0.01
1082 2687 0.01
1082 2179 0.05
1082 1367 0.05
1082 2896 0.2
1082 1537 0.05
1082 2376 0.05
1082 1971 0.05
1083 2197 0.01
1083 2092 0.2
1083 1259 0.2
1083 1314 0.2
1083 1800 0.01
1083 1257 0.2
1083 1428 0.05
1083 1746 0.05
1083 2180 0.2
1083 1149 0.2
1083 2898 0.2
1083 2749 0.05
1083 2405 0.05
1083 2422 0.01
1083 2173 0.2
1084 2667 0.05
1084 2897 0.2
1084 1229 0.01
1084 2950 0.01
1084 1509 0.01
1084 2734 0.2
1084 2553 0.05
1084 2800 0.01
1084 2548 0.2
1084 1714 0.01
1085 2161 0.01
1085 1923 0.2
1085 1897 0.2
1085 1503 0.2
1085 1398 0.01
1085 2812 0.2
1085 2236 0.05
1085 1665 0.2
1085 2031 0.05
1085 1566 0.01
1085 1812 0.2
1085 1688 0.05
1085 2863 0.2
1085 2358 0.01
1086 1863 0.2
1086 2212 0.05
1086 1925 0.05
1086 1528 0.2
1086 1617 0.01
1086 2270 0.05
1086 1187 0.05
1086 2323 0.2
1086 2220 0.2
1086 1747 0.01
1086 2304 0.01
1086 2845 0.01
1086 2947 0.05
1086 1390 0.01
1086 2921 0.05
1087 1621 0.05
1087 2378 0.2
1087 2685 0.2
1087 2643 0.05
1087 1511 0.01
1087 2978 0.01
1087 1677 0.01
1087 1842 0.01
1087 1476 0.2
1087 1354 0.01
1087 2743 0.01
1087 1386 0.05
1088 2526 0.05
1088 1990 0.01
1088 2724 0.05
1088 2495 0.01
1088 2726 0.2
1088 2278 0.01
1088 1981 0.05
1088 2384 0.2
1088 2959 0.01
1089 2398 0.05
1089 1650 0.01
1089 2136 0.05
1089 2612 0.2
1089 1459 0.2
1089 2155 0.01
1090 1761 0.01
1090 2338 0.05
1090 2080 0.01
1090 2892 0.05
1090 2334 0.05
1090 2487 0.2
1090 1130 0.05
1090 1793 0.05
1090 2445 0.01
1091 1500 0.2
1091 2758 0.05
1091 2679 0.2
1091 1936 0.05
1091 2988 0.01
1091 1749 0.05
1091 1171 0.01
1092 2199 0.01
1092 1725 0.05
1092 2364 0.2
1092 1153 0.2
1092 2337 0.01
1092 1261 0.05
1092 2556 0.2
1092 1260 0.2
1092 2407 0.2
1093 2874 0.2
1093 1829 0.2
1093 2480 0.01
1093 1107 0.01
1093 1689 0.05
1093 1894 0.05
1093 2844 0.2
1093 1514 0.01
1093 1740 0.05
1093 1462 0.05
1093 1397 0.01
1093 1181 0.2
1093 1325 0.05
1093 2813 0.01
1093 1487 0.2
1093 1309 0.05
1093 2195 0.05
1093 1188 0.01
1093 1184 0.2
1094 1625 0.01
1094 2223 0.01
1094 2430 0.05
1094 1290 0.01
1094 2812 0.01
1094 2525 0.01
1094 1897 0.2
1094 1984 0.2
1094 1431 0.2
1095 1841 0.01
1095 2107 0.2
1095 2909 0.05
1095 1444 0.2
1095 2281 0.2
1095 2324 0.2
1095 2570 0.2
1095 1306 0.2
1095 1998 0.05
1095 1713 0.2
1095 1872 0.05
1095 1862 0.01
1096 2697 0.2
1096 1120 0.2
1096 1637 0.05
1096 1221 0.05
1096 2497 0.05
1096 1742 0.01
1096 2728 0.05
1096 2369 0.01
1096 1489 0.05
1096 2146 0.2
1096 1578 0.05
1097 2224 0.01
1097 2612 0.01
1097 2078 0.2
1097 1290 0.2
1097 1440 0.05
1097 2270 0.2
1097 2844 0.05
1097 1974 0.01
1097 1851 0.05
1097 1920 0.05
1097 2973 0.2
1098 2028 0.2
1098 2827 0.01
1098 2576 0.2
1098 2956 0.2
1098 2569 0.01
1098 1183 0.2
1098 2625 0.2
1098 2413 0.05
1098 1433 0.2
1098 2352 0.05
1099 1320 0.2
1099 1544 0.05
1099 1233 0.2
1099 2026 0.05
1099 1951 0.05
1099 2380 0.01
1099 2901 0.05
1099 2192 0.05
1099 1482 0.2
1099 1383 0.01
1099 2940 0.01
1100 2590 0.01
1100 1525 0.01
1100 2700 0.01
1100 2045 0.05
1100 1628 0.05
1100 2183 0.2
1100 1344 0.2
1100 2513 0.2
1100 1792 0.05
1101 2178 0.05
1101 2533 0.01
1101 2213 0.01
1101 2296 0.05
1101 1842 0.2
1101 1149 0.01
1101 1938 0.01
1101 2757 0.2
1101 2098 0.01
1101 2689 0.05
1101 1707 0.2
1102 2668 0.2
1102 1155 0.2
1102 2055 0.01
1102 1905 0.2
1102 1501 0.01
1102 1365 0.05
1102 2359 0.01
1102 1258 0.01
1102 2152 0.01
1102 1642 0.2
1102 1662 0.05
1102 1390 0.2
1103 2360 0.01
1103 2985 0.2
1103 1930 0.05
1103 2433 0.01
1103 2593 0.01
1103 2365 0.2
1103 1178 0.2
1103 2553 0.01
1103 1211 0.05
1103 2805 0.05
1103 1849 0.05
1103 2773 0.01
1104 1474 0.01
1104 2515 0.2
1104 2300 0.01
1104 2852 0.05
1104 2354 0.2
1104 1860 0.01
1104 2091 0.2
1104 1297 0.2
1104 2600 0.05
1104 2353 0.01
1104 2582 0.2
1104 1520 0.2
1104 1805 0.05
1104 1139 0.2
1104 2162 0.05
1105 2621 0.2
1105 2131 0.05
1105 1691 0.05
1105 1744 0.05
1105 1732 0.01
1105 2861 0.01
1105 2407 0.01
1105 2285 0.05
1105 2871 0.2
1105 1793 0.05
1106 2522 0.05
1106 1679 0.2
1106 1274 0.05
1107 2752 0.2
1107 2418 0.05
1107 1839 0.05
1107 2157 0.05
1107 1403 0.01
1107 2488 0.2
1107 2712 0.05
1107 1803 0.05
1107 1914 0.2
1108 2962 0.05
1108 2463 0.01
1108 2937 0.2
1108 2195 0.01
1108 1856 0.01
1108 2910 0.05
1108 1828 0.01
1108 2961 0.01
1108 1399 0.01
1108 1629 0.05
1109 1255 0.01
1109 2620 0.01
1109 1381 0.2
1109 1813 0.05
1109 1934 0.01
1109 2935 0.01
1109 2952 0.05
1109 1613 0.05
1109 2586 0.2
1109 1253 0.05
1109 2370 0.05
1109 1885 0.2
1110 2206 0.2
1110 1947 0.05
1110 1304 0.05
1110 2259 0.01
1110 2771 0.05
1110 2716 0.01
1110 2197 0.01
1110 1181 0.05
1110 1432 0.01
1110 2979 0.05
1111 1310 0.2
1111 1619 0.05
1111 2531 0.05
1111 2704 0.05
1111 2807 0.01
1111 2266 0.05
1111 1183 0.2
1111 1210 0.2
1111 1735 0.2
1111 1327 0.05
1111 1286 0.01
1111 1409 0.2
1111 2066 0.05
1111 2400 0.2
1111 2594 0.01
1112 1695 0.05
1112 2442 0.01
1112 2217 0.01
1112 1625 0.05
1112 1249 0.2
1112 2420 0.2
1112 2796 0.05
1112 2032 0.05
1112 1524 0.05
1112 2111 0.2
1112 2214 0.01
1113 1869 0.01
1113 2804 0.05
1113 2749 0.05
1113 2696 0.05
1113 2850 0.05
1113 2084 0.01
1113 1114 0.2
1113 2753 0.2
1113 1289 0.05
1113 1714 0.01
1114 1814 0.01
1114 2145 0.2
1114 1854 0.05
1114 1398 0.01
1114 1979 0.2
1114 2874 0.05
1114 2995 0.01
1114 1964 0.2
1114 1802 0.05
1114 1521 0.2
1114 2112 0.05
1114 1295 0.2
1115 2049 0.01
1115 2246 0.05
1115 1158 0.2
1115 2314 0.05
1115 1725 0.01
1115 1793 0.01
1115 2345 0.01
1115 2042 0.01
1115 2979 0.2
1116 1372 0.2
1116 1807 0.2
1116 1167 0.01
1116 1676 0.01
1116 1955 0.2
1116 2511 0.05
1116 1706 0.01
1116 2512 0.05
1116 2771 0.2
1116 2496 0.01
1116 2169 0.2
1116 2634 0.2
1116 2702 0.01
1116 2989 0.2
1117 1785 0.01
1117 1917 0.2
1117 2307 0.2
1117 2467 0.2
1117 1378 0.2
1117 1295 0.2
1117 2576 0.01
1117 2160 0.05
1117 1126 0.01
1117 2782 0.2
1117 1724 0.01
1118 2637 0.2
1118 1854 0.2
1118 1566 0.2
1118 2485 0.01
1118 2283 0.2
1118 1661 0.01
1118 1671 0.2
1118 1278 0.2
1118 2094 0.05
1118 1227 0.2
1118 2921 0.01
1118 1670 0.01
1118 2738 0.05
1119 1701 0.05
1119 1845 0.01
1119 1697 0.01
1119 1379 0.2
1119 1975 0.01
1119 2774 0.05
1119 1366 0.2
1119 2362 0.05
1119 1656 0.05
1119 1852 0.05
1119 2456 0.2
1120 1178 0.01
1120 1629 0.01
1120 2595 0.2
1120 2174 0.01
1120 2192 0.2
1120 2734 0.05
1120 2185 0.2
1120 2361 0.05
1120 1724 0.2
1120 1168 0.05
1121 2608 0.2
1121 1964 0.01
1121 1659 0.01
1121 2567 0.05
1121 1179 0.01
1121 1274 0.05
1121 1791 0.2
1121 2911 0.01
1121 2196 0.05
1121 1779 0.01
1121 2610 0.2
1121 1682 0.2
1121 2544 0.2
1121 2798 0.01
1122 1508 0.01
1122 1666 0.2
1122 2454 0.01
1122 1879 0.05
1122 2795 0.05
1122 1734 0.05
1122 1706 0.2
1122 2308 0.01
1122 1658 0.05
1122 1441 0.05
1122 2146 0.01
1123 1481 0.01
1123 2561 0.01
1123 1840 0.01
1123 2724 0.2
1123 1304 0.05
1123 1383 0.05
1123 1184 0.2
1124 1781 0.01
1124 1348 0.01
1124 2799 0.01
1124 1725 0.05
1124 1164 0.01
1124 1765 0.2
1124 2678 0.2
1124 2001 0.05
1124 1727 0.2
1124 1476 0.05
1125 2422 0.01
1125 2958 0.05
1125 2010 0.05
1125 1232 0.2
1125 1414 0.01
1125 1789 0.05
1125 2988 0.05
1125 2855 0.2
1125 1851 0.05
1125 1166 0.01
1126 2628 0.01
1126 2786 0.2
1126 2113 0.01
1126 1372 0.05
1126 1679 0.05
1126 1774 0.05
1126 1271 0.2
1126 2350 0.05
1126 2839 0.01
1126 1479 0.05
1127 1230 0.01
1127 1735 0.2
1127 2452 0.01
1127 1565 0.05
1127 2734 0.01
1127 2327 0.05
1127 2776 0.01
1127 1665 0.05
1127 2187 0.05
1128 2787 0.2
1128 2753 0.2
1128 2819 0.01
1128 1166 0.05
1128 2015 0.01
1128 2585 0.2
1128 1759 0.01
1128 1631 0.2
1128 1990 0.01
1128 2808 0.05
1129 1174 0.01
1129 1572 0.01
1129 1661 0.05
1129 2200 0.01
1129 1225 0.01
1129 1824 0.01
1130 1780 0.05
1130 1636 0.05
1130 2394 0.01
1130 2825 0.2
1130 2663 0.05
1130 2433 0.05
1130 1857 0.2
1130 1403 0.05
1130 2944 0.2
1130 1867 0.2
1130 1358 0.05
1130 2216 0.05
1130 1429 0.05
1130 1653 0.05
1130 1479 0.2
1130 2132 0.2
1130 2937 0.05
1131 2872 0.05
1131 1699 0.2
1131 2128 0.05
1131 1266 0.05
1131 2790 0.2
1131 1632 0.05
1131 1976 0.2
1131 1856 0.01
1131 2210 0.01
1131 2106 0.2
1131 2177 0.05
1131 1882 0.01
1131 2391 0.2
1132 1983 0.2
1132 2623 0.2
1132 1748 0.01
1132 1159 0.01
1132 2917 0.01
1132 1873 0.05
1132 2625 0.05
1132 2404 0.2
1133 1786 0.2
1133 2180 0.05
1133 2054 0.05
1133 1826 0.05
1133 2886 0.01
1133 1950 0.05
1133 1645 0.01
1133 1280 0.01
1133 2378 0.01
1133 2766 0.05
1134 1331 0.01
1134 1877 0.01
1134 1907 0.05
1134 2390 0.2
1134 2822 0.05
1134 2107 0.05
1134 2629 0.01
1134 2413 0.2
1134 2666 0.2
1134 2170 0.2
1135 2135 0.05
1135 1732 0.05
1135 2019 0.2
1135 2477 0.05
1135 1164 0.2
1135 2677 0.2
1135 2802 0.05
1135 2116 0.2
1135 1224 0.2
1135 1893 0.01
1135 1394 0.2
1135 2860 0.05
1135 2977 0.05
1135 2798 0.05
1136 1814 0.05
1136 2331 0.05
1136 2260 0.01
1136 1513 0.01
1136 2987 0.05
1136 1172 0.01
1136 1414 0.01
1136 1279 0.05
1136 2315 0.2
1137 2697 0.01
1137 2595 0.2
1137 2250 0.2
1137 2356 0.2
1137 1691 0.2
1137 2450 0.01
1137 1664 0.05
1137 2195 0.01
1137 2338 0.01
1137 1677 0.05
1137 2421 0.05
1138 1393 0.05
1138 1556 0.01
1138 2933 0.2
1138 2409 0.2
1138 2028 0.2
1138 2628 0.2
1138 1522 0.05
1138 2099 0.05
1138 2924 0.05
1138 2523 0.05
1138 1966 0.05
1139 2413 0.01
1139 1726 0.2
1139 2111 0.01
1139 2241 0.05
1139 1300 0.05
1139 2126 0.2
1139 2492 0.01
1139 1544 0.01
1139 2516 0.2
1139 1237 0.01
1139 2321 0.01
1139 2197 0.05
1139 2231 0.05
1139 1327 0.2
1139 1292 0.05
1139 1969 0.05
1139 2983 0.05
1139 2462 0.05
1139 1203 0.01
1139 2892 0.01
1140 1894 0.2
1140 2882 0.2
1140 2922 0.2
1140 2662 0.05
1140 2976 0.01
1140 2297 0.2
1140 1685 0.05
1140 1785 0.01
1140 1475 0.2
1140 2974 0.01
1140 1504 0.2
1140 1213 0.01
1140 1973 0.2
1140 1635 0.01
1140 2109 0.01
1140 1730 0.01
1140 2341 0.2
1140 1428 0.05
1141 2351 0.01
1141 1995 0.2
1141 2682 0.2
1141 2306 0.01
1141 2803 0.05
1141 2934 0.2
1141 1200 0.2
1142 1846 0.01
1142 2285 0.05
1142 1308 0.2
1142 1787 0.2
1142 2432 0.01
1142 1515 0.05
1142 2689 0.01
1142 2114 0.2
1142 1252 0.2
1143 1438 0.01
1143 1755 0.01
1143 1928 0.01
1143 2497 0.01
1143 1894 0.2
1143 1823 0.01
1143 1562 0.05
1143 2689 0.05
1143 1422 0.05
1143 2668 0.05
1144 2156 0.05
1144 2279 0.2
1144 2173 0.05
1144 2408 0.01
1144 2684 0.2
1144 1160 0.05
1144 1223 0.05
1144 2694 0.2
1144 2907 0.2
1144 2839 0.05
1144 1974 0.2
1144 2034 0.2
1144 2580 0.2
1144 2361 0.05
1144 1470 0.2
1145 2441 0.2
1145 1671 0.2
1145 2552 0.05
1145 1568 0.05
1145 1846 0.2
1145 2992 0.2
1145 2217 0.2
1145 1294 0.2
1145 1820 0.05
1145 1431 0.2
1146 1826 0.2
1146 1710 0.05
1146 1190 0.05
1146 2611 0.2
1146 1717 0.2
1146 1384 0.05
1146 1463 0.01
1146 1588 0.01
1146 1552 0.05
1146 1998 0.2
1146 2111 0.01
1147 1629 0.05
1147 2273 0.2
1147 2578 0.05
1147 1933 0.05
1147 2361 0.01
1147 2485 0.2
1147 2965 0.2
1147 2102 0.01
1147 1731 0.05
1147 1173 0.2
1147 1830 0.2
1148 2803 0.01
1148 1540 0.01
1148 2013 0.2
1148 2633 0.2
1148 1729 0.2
1148 2500 0.05
1148 2097 0.01
1148 2677 0.01
1148 1610 0.2
1148 2318 0.2
1148 2882 0.2
1149 1489 0.2
1149 2007 0.01
1149 2795 0.01
1149 2273 0.05
1149 1392 0.2
1149 1562 0.2
1149 1908 0.05
1150 2522 0.05
1150 1476 0.2
1150 2907 0.05
1150 1610 0.2
1150 2904 0.2
1150 2281 0.2
1150 1639 0.2
1150 2867 0.2
1150 2217 0.05
1150 2184 0.01
1150 1805 0.01
1150 2030 0.01
1150 2488 0.01
1150 1289 0.01
1150 2534 0.05
1151 2180 0.05
1151 2787 0.01
1151 2938 0.2
1151 2866 0.01
1151 2631 0.01
1151 1600 0.05
1151 2653 0.01
1151 2137 0.05
1152 2122 0.01
1152 2090 0.01
1152 2550 0.05
1152 2175 0.01
1152 1989 0.01
1152 1946 0.2
1152 1802 0.05
1152 2338 0.05
1153 2705 0.05
1153 2826 0.01
1153 2944 0.01
1153 1600 0.01
1153 2778 0.05
1153 2949 0.01
1153 1428 0.2
1153 2840 0.05
1153 2396 0.2
1153 1660 0.05
1153 1211 0.05
1154 2477 0.05
1154 1891 0.01
1154 1226 0.01
1154 1463 0.2
1154 2339 0.2
1154 1397 0.2
1154 2186 0.05
1154 1635 0.2
1154 2395 0.01
1154 1832 0.01
1154 1240 0.2
1154 2291 0.05
1154 2386 0.2
1154 2388 0.2
1154 2360 0.2
1154 2631 0.01
1154 2155 0.2
1155 2343 0.2
1155 1185 0.05
1155 2446 0.01
1155 2177 0.05
1155 1816 0.05
1155 2044 0.01
1156 1272 0.2
1156 2829 0.05
1156 2852 0.2
1156 1460 0.05
1156 1654 0.05
1156 1581 0.01
1156 2476 0.01
1156 1420 0.2
1156 2992 0.2
1157 2494 0.05
1157 2354 0.05
1157 1565 0.05
1157 1830 0.05
1157 2697 0.01
1157 2160 0.01
1157 2365 0.2
1157 2917 0.01
1158 2895 0.05
1158 2973 0.05
1158 1527 0.2
1158 1761 0.05
1158 1323 0.05
1158 1327 0.01
1158 1493 0.05
1159 1317 0.2
1159 1321 0.01
1159 2976 0.01
1159 2429 0.05
1159 1234 0.2
1159 2763 0.01
1159 2497 0.2
1159 2918 0.2
1159 1160 0.2
1159 1488 0.01
1159 1520 0.2
1159 1260 0.05
1159 2478 0.2
1159 2167 0.2
1160 2351 0.2
1160 1536 0.2
1160 2875 0.2
1160 1434 0.05
1160 2231 0.01
1160 1365 0.01
1160 1728 0.01
1160 1527 0.01
1160 1717 0.01
1160 2229 0.2
1160 1842 0.05
1161 1322 0.2
1161 1871 0.01
1161 2078 0.05
1161 1579 0.01
1161 2987 0.01
1161 1420 0.01
1161 1382 0.05
1161 1586 0.01
1161 1892 0.2
1161 1354 0.05
1162 2111 0.01
1162 1704 0.01
1162 2215 0.05
1162 2279 0.2
1162 2106 0.05
1162 1670 0.01
1162 2606 0.01
1162 1515 0.05
1162 1324 0.2
1162 1265 0.01
1162 2158 0.01
1163 1583 0.01
1163 1996 0.01
1163 1868 0.05
1163 1945 0.2
1163 1426 0.01
1163 2926 0.05
1163 1419 0.01
1163 2198 0.05
1163 2111 0.2
1164 1922 0.05
1164 2752 0.01
1164 1446 0.2
1164 2790 0.2
1164 1891 0.05
1164 1979 0.05
1164 1794 0.01
1164 1242 0.01
1164 2861 0.05
1164 2338 0.05
1164 2994 0.2
1164 1611 0.2
1164 2456 0.2
1164 2519 0.2
1165 1861 0.05
1165 2974 0.2
1165 2440 0.01
1165 1312 0.2
1165 2731 0.2
1165 2509 0.01
1165 2951 0.01
1165 1958 0.01
1165 2405 0.01
1165 1170 0.05
1165 2712 0.01
1165 2714 0.05
1166 2656 0.05
1166 1422 0.2
1166 1631 0.01
1166 2335 0.01
1166 2654 0.2
1166 2847 0.05
1166 1954 0.01
1166 2679 0.05
1166 2552 0.05
1166 2703 0.01
1166 1280 0.2
1167 1838 0.05
1167 2828 0.2
1167 2537 0.2
1167 1491 0.05
1167 1648 0.01
1167 2701 0.01
1167 1274 0.01
1167 1507 0.01
1167 1523 0.05
1167 2650 0.2
1167 2359 0.01
1167 2068 0.2
1167 2911 0.2
1167 2164 0.05
1168 1732 0.2
1168 2361 0.05
1168 1322 0.01
1168 1849 0.2
1168 2732 0.05
1168 2671 0.2
1168 1349 0.2
1168 2057 0.2
1168 2850 0.05
1168 2838 0.01
1168 1892 0.2
1169 2842 0.05
1169 1315 0.05
1169 2623 0.01
1169 2909 0.05
1169 1832 0.01
1169 1515 0.05
1169 2484 0.05
1169 1631 0.05
1169 1637 0.01
1169 2353 0.05
1170 2922 0.05
1170 1927 0.2
1170 2351 0.2
1170 2426 0.2
1170 1306 0.05
1170 1929 0.2
1170 1600 0.05
1170 2684 0.01
1170 1720 0.01
1171 2193 0.05
1171 1730 0.2
1171 1247 0.05
1171 2780 0.2
1171 1794 0.05
1171 2484 0.05
1171 2541 0.01
1171 1698 0.2
1172 2034 0.05
1172 1840 0.01
1172 2162 0.01
1172 1493 0.01
1172 1687 0.2
1172 2186 0.2
1172 2340 0.2
1173 2075 0.01
1173 2799 0.2
1173 2914 0.2
1173 2513 0.2
1173 2196 0.01
1173 2106 0.05
1173 1837 0.05
1173 1682 0.2
1173 1957 0.2
1173 1203 0.05
1173 1839 0.01
1173 1944 0.2
1173 2351 0.05
1173 2686 0.2
1174 2194 0.01
1174 1921 0.01
1174 1398 0.01
1174 1642 0.01
1174 2442 0.2
1174 2083 0.05
1174 2240 0.2
1174 2802 0.05
1174 1188 0.01
1174 1722 0.2
1175 1244 0.05
1175 1935 0.05
1175 2646 0.05
1175 1426 0.01
1175 2891 0.05
1175 2380 0.2
1175 2295 0.05
1175 1550 0.01
1175 2008 0.01
1176 2895 0.2
1176 1718 0.01
1176 2801 0.01
1176 2011 0.2
1176 2785 0.2
1176 1489 0.05
1176 2177 0.2
1177 2803 0.2
1177 2776 0.01
1177 2262 0.05
1177 1364 0.05
1177 1189 0.05
1177 2403 0.05
1177 2333 0.2
1177 2649 0.05
1177 1628 0.2
1177 2238 0.2
1177 1866 0.01
1177 1539 0.2
1178 2775 0.2
1178 2925 0.05
1178 2851 0.2
1178 2727 0.2
1178 2982 0.2
1178 2280 0.05
1178 2036 0.2
1178 2917 0.2
1178 2575 0.2
1178 2517 0.05
1178 2185 0.2
1179 1794 0.05
1179 2024 0.2
1179 2647 0.2
1179 2608 0.01
1179 1921 0.2
1179 1510 0.01
1179 1608 0.01
1179 2366 0.01
1179 2262 0.2
1179 2903 0.2
1179 2906 0.01
1179 2825 0.01
1179 1308 0.05
1180 2029 0.2
1180 1523 0.05
1180 2886 0.2
1180 1994 0.05
1180 2244 0.01
1180 2522 0.2
1180 2601 0.2
1180 1471 0.01
1180 2719 0.05
1180 1586 0.05
1181 2654 0.05
1181 1765 0.2
1181 1638 0.05
1181 2137 0.2
1181 2216 0.05
1181 1808 0.05
1181 2389 0.05
1182 1798 0.05
1182 2565 0.2
1182 1812 0.2
1182 1267 0.05
1182 2239 0.05
1182 2721 0.01
1182 2732 0.01
1182 1591 0.2
1182 1414 0.01
1183 1219 0.05
1183 2053 0.2
1183 2335 0.05
1183 1877 0.05
1183 2079 0.01
1183 2518 0.01
1183 2724 0.2
1183 2443 0.01
1183 2627 0.01
1184 1206 0.01
1184 2542 0.01
1184 1784 0.01
1184 2387 0.05
1184 2854 0.05
1184 2869 0.05
1184 1658 0.01
1185 1343 0.05
1185 1710 0.01
1185 2345 0.01
1185 1563 0.01
1185 2734 0.05
1185 2489 0.05
1185 2265 0.05
1185 2470 0.01
1185 2942 0.2
1185 1456 0.05
1185 1618 0.2
1185 1947 0.01
1186 2234 0.2
1186 1769 0.05
1186 2555 0.05
1186 2089 0.05
1186 2407 0.2
1186 1806 0.2
1186 1756 0.2
1186 2296 0.05
1187 2809 0.01
1187 2653 0.01
1187 2349 0.05
1187 1722 0.2
1187 1967 0.01
1187 1196 0.2
1187 2148 0.05
1187 2264 0.05
1187 2725 0.01
1187 1261 0.01
1187 2759 0.2
1187 2425 0.05
1187 1685 0.05
1188 1573 0.05
1188 1225 0.05
1188 2143 0.01
1188 2241 0.01
1188 1555 0.2
1188 2239 0.01
1188 2002 0.2
1188 2063 0.2
1188 1269 0.01
1188 1380 0.05
1188 1356 0.01
1188 2668 0.01
1189 1228 0.01
1189 2902 0.01
1189 2629 0.05
1189 2739 0.05
1189 1383 0.2
1189 2540 0.2
1189 1717 0.2
1190 2926 0.2
1190 2751 0.05
1190 1668 0.05
1190 1917 0.01
1190 2785 0.2
1190 2928 0.05
1190 2134 0.2
1190 2231 0.2
1190 1962 0.01
1190 1563 0.2
1190 1761 0.2
1190 1622 0.05
1190 2943 0.2
1191 1221 0.05
1191 1388 0.2
1191 1871 0.01
1191 1655 0.2
1192 1510 0.2
1192 1976 0.01
1192 1542 0.2
1192 1256 0.01
1192 2389 0.01
1192 1469 0.2
1192 2605 0.01
1192 1617 0.2
1192 2243 0.01
1193 1758 0.2
1193 1307 0.05
1193 2837 0.05
1193 2674 0.2
1193 1597 0.2
1193 2884 0.01
1193 2175 0.2
1193 2615 0.2
1193 2520 0.05
1193 1985 0.2
1193 2128 0.2
1193 1899 0.2
1193 2773 0.01
1194 2169 0.05
1194 2587 0.2
1194 2009 0.01
1194 1228 0.05
1194 2275 0.01
1195 2935 0.2
1195 2614 0.2
1195 2595 0.05
1195 2557 0.2
1195 2730 0.01
1195 1291 0.05
1195 2078 0.05
1195 1844 0.01
1195 2405 0.2
1195 1359 0.01
1195 2693 0.01
1195 2781 0.05
1195 1530 0.01
1196 2856 0.05
1196 2900 0.2
1196 2736 0.2
1196 2323 0.2
1196 2061 0.2
1196 2635 0.2
1196 1736 0.01
1196 1781 0.05
1196 2550 0.2
1196 2560 0.05
1196 1924 0.01
1196 2304 0.2
1197 1851 0.2
1197 2488 0.05
1197 2913 0.01
1197 1423 0.01
1197 2692 0.2
1197 2208 0.2
1197 2475 0.2
1197 1975 0.01
1197 1399 0.05
1197 1977 0.2
1197 2576 0.05
1197 1231 0.2
1197 2882 0.05
1198 2883 0.01
1198 2677 0.2
1198 2161 0.01
1198 2634 0.01
1198 1210 0.05
1198 1968 0.01
1198 1854 0.2
1198 1427 0.2
1198 2896 0.2
1199 2445 0.05
1199 2565 0.01
1199 2393 0.2
1199 2219 0.05
1199 2418 0.05
1200 2261 0.01
1200 2356 0.2
1200 2707 0.01
1200 2579 0.05
1200 1235 0.2
1200 2740 0.2
1200 1928 0.05
1200 1948 0.01
1200 2010 0.2
1200 2325 0.01
1200 2690 0.01
1200 2625 0.05
1201 2961 0.05
1201 2127 0.05
1201 1743 0.05
1201 2554 0.2
1201 1470 0.05
1201 2353 0.2
1201 2385 0.05
1202 2711 0.05
1202 1978 0.2
1202 1678 0.2
1202 2676 0.01
1202 1332 0.2
1202 2721 0.2
1202 2789 0.05
1202 2411 0.01
1202 2654 0.2
1202 1348 0.01
1202 1922 0.2
1202 2269 0.01
1203 2234 0.05
1203 1576 0.2
1203 2512 0.2
1203 2894 0.05
1203 2266 0.05
1203 2701 0.05
1203 1581 0.2
1203 2366 0.2
1204 2398 0.2
1204 1404 0.01
1204 1242 0.01
1204 2193 0.01
1204 1927 0.05
1204 1453 0.01
1204 1620 0.2
1204 2902 0.05
1204 2043 0.05
1205 1392 0.01
1205 1730 0.2
1205 2670 0.05
1205 2948 0.01
1205 2269 0.05
1205 1237 0.01
1205 2723 0.05
1206 2711 0.01
1206 1912 0.01
1206 2198 0.2
1206 1755 0.01
1206 1960 0.01
1206 1235 0.01
1207 2173 0.05
1207 2223 0.2
1207 2332 0.2
1207 2504 0.05
1207 1885 0.05
1207 2757 0.01
1207 1529 0.05
1207 2702 0.05
1207 1596 0.01
1208 1338 0.2
1208 1387 0.2
1208 2325 0.05
1208 2616 0.2
1208 2651 0.01
1208 2597 0.2
1208 2819 0.2
1208 2776 0.05
1208 1345 0.05
1208 2834 0.01
1208 1809 0.01
1208 2729 0.01
1208 1648 0.2
1209 2533 0.05
1209 1678 0.01
1209 1402 0.05
1209 2711 0.01
1209 1862 0.05
1209 2019 0.05
1209 2765 0.01
1209 1370 0.05
1209 1667 0.05
1209 2012 0.05
1209 2488 0.01
1209 2800 0.2
1209 2244 0.2
1210 2707 0.05
1210 1604 0.05
1210 1941 0.01
1210 1751 0.05
1210 1532 0.2
1210 1662 0.2
1210 2138 0.2
1210 2094 0.05
1210 1273 0.01
1210 2915 0.01
1210 2377 0.05
1211 2855 0.01
1211 2864 0.2
1211 1717 0.2
1211 1382 0.2
1211 2919 0.05
1211 1444 0.01
1211 1521 0.2
1211 1401 0.2
1211 2735 0.2
1211 2910 0.2
1211 1581 0.05
1212 1877 0.2
1212 2094 0.01
1212 2667 0.01
1212 2316 0.2
1212 1665 0.2
1212 2076 0.2
1212 2714 0.2
1212 1581 0.05
1212 2578 0.05
1212 1921 0.2
1213 2913 0.2
1213 2295 0.2
1213 1838 0.01
1213 1486 0.2
1214 2042 0.05
1214 1596 0.2
1214 2263 0.05
1214 1811 0.2
1214 2877 0.01
1214 2264 0.05
1214 1359 0.01
1214 2902 0.05
1214 1461 0.2
1215 2463 0.01
1215 2233 0.05
1215 1999 0.2
1215 1918 0.05
1215 2720 0.2
1215 2300 0.01
1215 1258 0.05
1215 2382 0.2
1215 1953 0.2
1215 2533 0.05
1215 1292 0.05
1215 1682 0.05
1216 2842 0.01
1216 2083 0.05
1217 1813 0.05
1217 2349 0.01
1217 2020 0.05
1217 2236 0.05
1217 1571 0.2
1217 2439 0.2
1217 1236 0.05
1217 2676 0.01
1217 2173 0.2
1217 2163 0.01
1217 2556 0.05
1217 1230 0.05
1218 1857 0.2
1218 2891 0.2
1218 1601 0.2
1218 2116 0.2
1218 2900 0.05
1218 1425 0.05
1218 2680 0.01
1218 1501 0.01
1218 2753 0.01
1218 2319 0.01
1218 2114 0.2
1218 2438 0.05
1219 1285 0.05
1219 1329 0.05
1219 2648 0.2
1219 1642 0.2
1219 1944 0.01
1219 1810 0.05
1219 1500 0.01
1219 2024 0.01
1219 2229 0.01
1219 2241 0.01
1219 1598 0.01
1219 2224 0.05
1220 2464 0.01
1220 2344 0.01
1220 1662 0.05
1220 1899 0.05
1220 1222 0.2
1220 1471 0.01
1220 2791 0.05
1220 2062 0.05
1220 2718 0.2
1221 2118 0.05
1221 2480 0.2
1221 2997 0.05
1221 1750 0.2
1221 2802 0.2
1221 2133 0.01
1221 1870 0.2
1221 2859 0.2
1221 1476 0.01
1222 2617 0.05
1222 2404 0.01
1222 2803 0.05
1222 1692 0.05
1222 1356 0.01
1222 2010 0.2
1222 1776 0.05
1222 1489 0.2
1222 1449 0.2
1222 2852 0.2
1222 1403 0.01
1222 1548 0.01
1222 1353 0.05
1222 2306 0.2
1222 2583 0.01
1222 1771 0.01
1223 1440 0.01
1223 2615 0.05
1223 2825 0.05
1223 2990 0.01
1223 1420 0.01
1223 1427 0.01
1224 2098 0.05
1224 2415 0.2
1224 1433 0.2
1224 2556 0.2
1224 1955 0.01
1224 2120 0.05
1224 2099 0.05
1224 2348 0.2
1225 2617 0.05
1225 2525 0.2
1225 1434 0.01
1225 1604 0.2
1225 1533 0.2
1225 1519 0.01
1225 2156 0.01
1225 2086 0.05
1225 1298 0.05
1225 1864 0.05
1225 2765 0.05
1225 2028 0.05
1225 1409 0.05
1226 2717 0.01
1226 2134 0.01
1226 1488 0.01
1226 1925 0.01
1226 1530 0.01
1226 1667 0.05
1226 1532 0.2
1226 2956 0.2
1226 2903 0.2
1227 1945 0.05
1227 1724 0.05
1227 1954 0.01
1227 1296 0.01
1227 1714 0.2
1227 1335 0.2
1227 2643 0.2
1227 2812 0.05
1227 1747 0.2
1227 2600 0.01
1227 1604 0.05
1227 2690 0.05
1227 2406 0.2
1228 2643 0.2
1228 1541 0.01
1228 2801 0.01
1228 2067 0.01
1228 1995 0.01
1228 2955 0.2
1228 1768 0.01
1228 1263 0.05
1228 2223 0.05
1228 1568 0.2
1228 1918 0.05
1228 1746 0.2
1228 2762 0.01
1228 2267 0.05
1228 1831 0.01
1229 2077 0.05
1229 1260 0.2
1229 2623 0.2
1229 2807 0.2
1229 2437 0.05
1229 1643 0.2
1229 2496 0.05
1229 2556 0.2
1229 2003 0.01
1229 2447 0.01
1229 2876 0.05
1229 2468 0.01
1229 1379 0.05
1229 2038 0.01
1229 2561 0.2
1229 2414 0.01
1230 2948 0.01
1230 1956 0.2
1230 2802 0.05
1230 1573 0.05
1230 1852 0.01
1230 1780 0.2
1230 1468 0.2
1230 2455 0.2
1230 2105 0.01
1230 2914 0.01
1230 2057 0.05
1231 2444 0.01
1231 2670 0.01
1231 2043 0.2
1231 1790 0.05
1231 1920 0.2
1231 2582 0.2
1231 1856 0.01
1231 1643 0.2
1232 1663 0.01
1232 1898 0.01
1232 2573 0.05
1232 1297 0.05
1232 1541 0.01
1232 2101 0.2
1232 2014 0.05
1233 2711 0.2
1233 2568 0.2
1233 2805 0.2
1233 1444 0.2
1233 1249 0.2
1233 1346 0.05
1233 2344 0.01
1233 2474 0.2
1233 2189 0.2
1233 1733 0.01
1233 1904 0.01
1233 1875 0.2
1233 1538 0.01
1233 2741 0.2
1234 2484 0.05
1234 1950 0.01
1234 2756 0.05
1234 1404 0.01
1234 1259 0.01
1234 2724 0.2
1234 1338 0.05
1234 1979 0.01
1234 1883 0.05
1234 1828 0.05
1234 1998 0.01
1234 1807 0.2
1235 2855 0.01
1235 2135 0.2
1235 2185 0.01
1235 2734 0.2
1235 2452 0.01
1235 2559 0.01
1235 2045 0.2
1235 2319 0.05
1236 1350 0.01
1236 1378 0.05
1236 2668 0.2
1236 1257 0.2
1236 2608 0.2
1236 2658 0.05
1236 1818 0.2
1236 2996 0.2
1236 1369 0.2
1237 2871 0.05
1237 2629 0.05
1237 2773 0.05
1237 2833 0.2
1237 2029 0.2
1237 1829 0.01
1237 2177 0.2
1237 2223 0.05
1237 1476 0.05
1237 2268 0.01
1238 2560 0.2
1238 2519 0.01
1238 2651 0.2
1238 2064 0.05
1238 2814 0.05
1238 2267 0.05
1238 1641 0.05
1238 1330 0.01
1238 2981 0.2
1238 2247 0.01
1238 1817 0.05
1239 2881 0.2
1239 1851 0.01
1239 1616 0.2
1239 2817 0.05
1239 2920 0.05
1239 1339 0.2
1239 1559 0.05
1239 2904 0.05
1239 2223 0.2
1239 2608 0.05
1239 2379 0.01
1239 2570 0.05
1239 1680 0.05
1239 2850 0.05
1239 2989 0.01
1239 2648 0.01
1240 2586 0.01
1240 2560 0.2
1240 2792 0.01
1240 2547 0.05
1240 1993 0.05
1240 2696 0.01
1240 2388 0.2
1240 2140 0.2
1240 1663 0.05
1240 2174 0.05
1240 1840 0.2
1240 2149 0.05
1240 2735 0.01
1241 1273 0.05
1241 2700 0.01
1241 2940 0.01
1241 1424 0.01
1241 2622 0.2
1241 1879 0.2
1241 2718 0.01
1241 1335 0.05
1241 2125 0.01
1242 1814 0.05
1242 2429 0.05
1242 2090 0.2
1242 1900 0.05
1242 2326 0.05
1242 1344 0.05
1242 2339 0.01
1242 1635 0.05
1242 2328 0.01
1243 1518 0.05
1243 1398 0.2
1243 1592 0.01
1243 2140 0.2
1243 1333 0.05
1243 2870 0.2
1243 2820 0.05
1244 2305 0.2
1244 2309 0.05
1244 2397 0.05
1244 1755 0.05
1244 2639 0.05
1244 2708 0.2
1244 2645 0.2
1244 2632 0.01
1244 2974 0.05
1244 2822 0.2
1244 2525 0.2
1245 2820 0.01
1245 2977 0.2
1245 2323 0.01
1245 1874 0.2
1245 1512 0.05
1245 2271 0.05
1245 2880 0.05
1245 1875 0.01
1245 2785 0.05
1245 2940 0.01
1245 2152 0.2
1246 2017 0.2
1246 2886 0.01
1246 2955 0.2
1246 1772 0.01
1246 2062 0.05
1246 2711 0.01
1246 2603 0.01
1246 1409 0.2
1246 2550 0.2
1246 1740 0.2
1246 1267 0.05
1247 2611 0.01
1247 1780 0.2
1247 2327 0.01
1247 1353 0.01
1247 2516 0.01
1247 2784 0.05
1247 2215 0.05
1247 1783 0.05
1247 1820 0.05
1247 2948 0.01
1248 2147 0.05
1248 1366 0.01
1248 2740 0.05
1248 1533 0.2
1248 1946 0.2
1248 2556 0.01
1248 2289 0.01
1248 2057 0.01
1248 2908 0.01
1248 2301 0.01
1249 1843 0.2
1249 1868 0.2
1249 2264 0.01
1249 2731 0.01
1249 1484 0.05
1249 1601 0.2
1249 2493 0.05
1249 1583 0.2
1249 2890 0.01
1250 2329 0.01
1250 2603 0.05
1250 2817 0.05
1250 1310 0.01
1250 2738 0.2
1250 2295 0.2
1251 2562 0.01
1251 2919 0.01
1251 1994 0.01
1251 2573 0.01
1251 1266 0.2
1251 2683 0.2
1251 2965 0.01
1251 2769 0.01
1251 1357 0.05
1251 1933 0.05
1251 2732 0.01
1251 1352 0.01
1252 2840 0.05
1252 1857 0.2
1252 2000 0.01
1252 2987 0.01
1252 1296 0.05
1252 2038 0.05
1252 2832 0.01
1252 2709 0.01
1252 1564 0.2
1252 2483 0.01
1252 2076 0.2
1253 1740 0.05
1253 2055 0.05
1253 1288 0.2
1253 1915 0.01
1253 2343 0.05
1253 2615 0.05
1253 1615 0.05
1253 2920 0.05
1253 1643 0.2
1253 1749 0.05
1254 2719 0.05
1254 1427 0.2
1254 2621 0.01
1254 2952 0.2
1254 2805 0.2
1254 2532 0.05
1254 1266 0.2
1254 2893 0.01
1254 1836 0.01
1254 2235 0.01
1254 1376 0.2
1255 1826 0.05
1255 2983 0.2
1255 2867 0.2
1255 2869 0.2
1255 2084 0.05
1255 2572 0.2
1255 1926 0.01
1255 2596 0.2
1255 1729 0.01
1255 2672 0.05
1256 1906 0.05
1256 2820 0.05
1256 2366 0.01
1256 1668 0.01
1256 2379 0.05
1256 1666 0.05
1256 1707 0.01
1256 1606 0.2
1256 2059 0.2
1257 1853 0.2
1257 2406 0.2
1257 1873 0.05
1257 1302 0.05
1257 1583 0.2
1257 2290 0.01
1257 1691 0.2
1257 2253 0.2
1258 2810 0.01
1258 2055 0.05
1258 1967 0.05
1258 2973 0.2
1258 1778 0.2
1258 2533 0.05
1258 1460 0.2
1258 2874 0.2
1258 2763 0.01
1258 1463 0.05
1259 1486 0.2
1259 1358 0.2
1259 1669 0.01
1259 1811 0.05
1259 1984 0.2
1259 1678 0.2
1259 2045 0.01
1260 2390 0.05
1260 2635 0.05
1260 2625 0.05
1260 2788 0.05
1260 1684 0.01
1260 2461 0.2
1260 2395 0.2
1261 1809 0.2
1261 1267 0.05
1261 1662 0.05
1261 1825 0.01
1261 2400 0.05
1261 1842 0.01
1261 2586 0.01
1261 2117 0.01
1261 1732 0.05
1261 1369 0.05
1261 2599 0.05
1262 2962 0.01
1262 1821 0.05
1262 1851 0.05
1262 1818 0.05
1262 1339 0.2
1262 2551 0.2
1262 2825 0.05
1262 1374 0.05
1262 1573 0.05
1263 2037 0.2
1263 1471 0.05
1263 1833 0.01
1263 2749 0.2
1263 1845 0.2
1263 2454 0.05
1263 1979 0.01
1263 2152 0.05
1263 2056 0.05
1263 2145 0.05
1263 1829 0.05
1264 1923 0.05
1264 2563 0.2
1264 2838 0.2
1264 1346 0.05
1264 2039 0.2
1264 2817 0.2
1265 1805 0.01
1265 2878 0.01
1265 2220 0.2
1265 2820 0.01
1265 2298 0.05
1265 1311 0.05
1265 2348 0.01
1265 2408 0.01
1265 2536 0.2
1265 2695 0.01
1265 2169 0.05
1265 2583 0.01
1265 2290 0.01
1265 2090 0.05
1265 1769 0.05
1266 2077 0.05
1266 1575 0.2
1266 2728 0.05
1266 2997 0.2
1266 1712 0.2
1266 1773 0.01
1266 2764 0.2
1266 2844 0.2
1267 2300 0.05
1267 1673 0.01
1267 2992 0.05
1267 2792 0.05
1267 2155 0.01
1267 2486 0.2
1268 2289 0.2
1268 1422 0.01
1268 2347 0.05
1268 2564 0.01
1268 2263 0.2
1268 1352 0.05
1268 2049 0.2
1268 2219 0.01
1268 2613 0.2
1268 2601 0.05
1268 2324 0.01
1268 1606 0.01
1268 1897 0.01
1268 2728 0.2
1269 1476 0.05
1269 2205 0.01
1269 1873 0.2
1269 1917 0.01
1269 1546 0.01
1269 2351 0.2
1269 2283 0.01
1269 2470 0.05
1270 1621 0.05
1270 1432 0.01
1270 2111 0.01
1270 1770 0.05
1270 2115 0.01
1270 1499 0.01
1270 1876 0.05
1270 1694 0.2
1270 2820 0.05
1270 2154 0.05
1270 2808 0.01
1271 2755 0.05
1271 1891 0.05
1271 2144 0.05
1271 1866 0.2
1271 1901 0.01
1271 2355 0.05
1271 2401 0.01
1271 2073 0.2
1271 2381 0.01
1271 1609 0.01
1271 2823 0.2
1271 1352 0.2
1271 2242 0.01
1271 2533 0.05
1271 1668 0.05
1272 2445 0.01
1272 2632 0.2
1272 2582 0.2
1272 2406 0.05
1272 1289 0.2
1272 1941 0.01
1272 1622 0.01
1272 2842 0.05
1273 2881 0.2
1273 1348 0.2
1273 2945 0.05
1273 2205 0.2
1273 1433 0.2
1273 2127 0.05
1273 1652 0.2
1273 2690 0.01
1273 1784 0.01
1273 1555 0.01
1274 1465 0.2
1274 2132 0.2
1274 2966 0.05
1274 2606 0.2
1274 1692 0.2
1274 2499 0.2
1274 1589 0.05
1274 1462 0.05
1274 2433 0.01
1275 1383 0.2
1275 2253 0.05
1275 1306 0.05
1275 1966 0.05
1275 2720 0.05
1275 2118 0.01
1276 1634 0.05
1276 1515 0.01
1276 1721 0.2
1276 2830 0.05
1276 2138 0.01
1276 1677 0.2
1276 1803 0.2
1276 1734 0.05
1276 1685 0.01
1276 2483 0.2
1276 2641 0.05
1276 2753 0.05
1276 2913 0.05
1276 1649 0.05
1276 1659 0.05
1277 1405 0.05
1277 2459 0.2
1277 1283 0.2
1277 2873 0.01
1277 1721 0.05
1277 1868 0.01
1277 2035 0.2
1277 2990 0.01
1277 1844 0.2
1277 1889 0.05
1277 2575 0.05
1277 1921 0.01
1277 1847 0.05
1277 1424 0.01
1278 2791 0.01
1278 2365 0.2
1278 2427 0.01
1278 2135 0.2
1278 2048 0.05
1278 1325 0.05
1278 2199 0.05
1278 1563 0.05
1278 1997 0.01
1278 2392 0.2
1278 2997 0.2
1278 2094 0.01
1279 2459 0.05
1279 2479 0.01
1279 1361 0.05
1279 2511 0.01
1279 2323 0.2
1279 2351 0.05
1279 1697 0.01
1280 1748 0.05
1280 2724 0.2
1280 2942 0.05
1280 2953 0.01
1280 1744 0.01
1280 2806 0.05
1280 1665 0.01
1280 2919 0.2
1280 1464 0.05
1280 1777 0.01
1280 1285 0.2
1280 2736 0.2
1280 2027 0.05
1281 1518 0.05
1281 2949 0.2
1281 2847 0.01
1281 1663 0.05
1281 1552 0.05
1281 2330 0.05
1281 1973 0.01
1281 1309 0.01
1281 2386 0.05
1281 2824 0.2
1281 2540 0.05
1282 1784 0.01
1282 2673 0.01
1282 2279 0.01
1282 2092 0.05
1282 2047 0.05
1282 2507 0.2
1282 2066 0.01
1282 2477 0.05
1282 1608 0.05
1282 2516 0.2
1282 2120 0.01
1282 1590 0.05
1282 2853 0.2
1282 1968 0.05
1282 1438 0.01
1283 2617 0.05
1283 1505 0.05
1283 2243 0.01
1283 2211 0.01
1283 1348 0.05
1283 2840 0.05
1283 1557 0.2
1283 2063 0.05
1283 2236 0.01
1283 1614 0.2
1283 1664 0.2
1283 2923 0.01
1283 2438 0.01
1284 1787 0.05
1284 1806 0.01
1284 1297 0.2
1284 1409 0.05
1284 1862 0.2
1284 1530 0.01
1284 1537 0.01
1284 2192 0.2
1284 2164 0.01
1284 2702 0.05
1284 2133 0.01
1284 1965 0.2
1284 2844 0.05
1284 1612 0.05
1284 2313 0.2
1284 1764 0.01
1285 2552 0.2
1285 1543 0.05
1285 2915 0.05
1285 1448 0.01
1285 2358 0.05
1285 1399 0.2
1285 1479 0.05
1285 2787 0.01
1285 2317 0.05
1285 2992 0.2
1285 2667 0.2
1285 1462 0.2
1285 2134 0.05
1285 1292 0.05
1285 2025 0.2
1285 1580 0.01
1285 1758 0.2
1286 1962 0.05
1286 1665 0.01
1286 2477 0.05
1286 1819 0.2
1286 1554 0.01
1286 1465 0.05
1286 2515 0.01
1286 1606 0.2
1286 2724 0.05
1286 1466 0.05
1286 2115 0.2
1286 2306 0.01
1287 2660 0.2
1287 2682 0.01
1287 1831 0.2
1287 2052 0.05
1287 2073 0.01
1287 2043 0.2
1288 2940 0.2
1288 2888 0.01
1288 1541 0.05
1288 2119 0.2
1288 1349 0.05
1288 2182 0.2
1289 1645 0.01
1289 2696 0.05
1289 2863 0.2
1289 2864 0.01
1289 2417 0.01
1289 2605 0.2
1289 1631 0.01
1289 1833 0.2
1289 1377 0.2
1290 1609 0.01
1290 2253 0.05
1290 2791 0.01
1290 2420 0.05
1290 2404 0.2
1290 2647 0.05
1290 2540 0.05
1290 1608 0.05
1290 1485 0.05
1290 1521 0.01
1291 2542 0.01
1291 1449 0.01
1291 1878 0.2
1291 1549 0.01
1291 1329 0.05
1292 1643 0.2
1292 1884 0.01
1292 2777 0.05
1292 1695 0.05
1292 2389 0.2
1292 2406 0.2
1293 2817 0.01
1293 1689 0.2
1293 1993 0.2
1293 2779 0.2
1293 2266 0.01
1293 1301 0.2
1293 1446 0.01
1293 2534 0.2
1293 1418 0.05
1294 1831 0.01
1294 1886 0.01
1294 2511 0.01
1294 1733 0.01
1295 2141 0.01
1295 1872 0.05
1295 1492 0.2
1295 1321 0.05
1295 1838 0.01
1295 2500 0.2
1295 2411 0.01
1295 2923 0.05
1295 2060 0.01
1295 2693 0.01
1295 1458 0.01
1295 2308 0.05
1296 2235 0.01
1296 2752 0.05
1296 1684 0.2
1296 2448 0.05
1297 2567 0.01
1297 1595 0.05
1297 2287 0.01
1297 1467 0.01
1297 2392 0.2
1297 2452 0.05
1297 1808 0.01
1297 2192 0.05
1297 1461 0.2
1298 2631 0.01
1298 2002 0.05
1298 2726 0.05
1298 2037 0.01
1298 1806 0.05
1298 2173 0.01
1298 2424 0.05
1298 2811 0.01
1298 2968 0.01
1298 2341 0.05
1298 2378 0.2
1299 1812 0.05
1299 2639 0.05
1299 1564 0.2
1299 1416 0.01
1299 2375 0.01
1299 1489 0.05
1299 1367 0.01
1299 2381 0.2
1300 1372 0.05
1300 2764 0.01
1300 2241 0.05
1300 2735 0.05
1301 2152 0.01
1301 1990 0.01
1301 2470 0.2
1301 1311 0.2
1301 2605 0.05
1301 2731 0.2
1301 1562 0.2
1302 1854 0.05
1302 2857 0.05
1302 1532 0.01
1302 2729 0.05
1302 1595 0.01
1302 2969 0.2
1302 2663 0.05
1302 1960 0.01
1302 2008 0.2
1302 2435 0.01
1302 2356 0.2
1303 1937 0.2
1303 2504 0.2
1303 2560 0.2
1303 1903 0.05
1303 2793 0.01
1303 1651 0.05
1303 2179 0.05
1303 1924 0.01
1303 2790 0.2
1303 1634 0.05
1303 2057 0.01
1303 2189 0.05
1303 1456 0.2
1303 2141 0.2
1303 1486 0.01
1304 2511 0.01
1304 2819 0.05
1304 1573 0.05
1304 2005 0.01
1304 1672 0.01
1304 1939 0.2
1304 1849 0.2
1304 2388 0.01
1305 2148 0.2
1305 2551 0.01
1305 2728 0.05
1305 1841 0.05
1305 1814 0.05
1306 2365 0.05
1306 1853 0.2
1306 2705 0.01
1306 1846 0.2
1306 1942 0.01
1306 1528 0.2
1306 1359 0.05
1306 2854 0.05
1306 2855 0.01
1306 2535 0.05
1306 2864 0.01
1306 1984 0.01
1307 1414 0.05
1307 1806 0.01
1307 1444 0.2
1307 2661 0.2
1307 2960 0.2
1307 1965 0.2
1307 2385 0.01
1307 2624 0.01
1307 2110 0.01
1308 1680 0.2
1308 2050 0.05
1308 1402 0.01
1308 2876 0.05
1308 1570 0.05
1308 2342 0.2
1308 1910 0.2
1308 1894 0.01
1308 2549 0.2
1308 1329 0.2
1308 2241 0.2
1308 2853 0.05
1309 1375 0.2
1309 2793 0.05
1309 2705 0.05
1309 1888 0.2
1309 1735 0.2
1309 1395 0.01
1309 2047 0.01
1309 2411 0.05
1309 1442 0.01
1309 2653 0.2
1309 2870 0.05
1309 1521 0.05
1309 2233 0.05
1309 1320 0.05
1309 1818 0.01
1310 1985 0.2
1310 2372 0.05
1310 1436 0.2
1310 2785 0.05
1310 2627 0.05
1310 2248 0.05
1310 1924 0.05
1310 2589 0.05
1310 1876 0.05
1310 2085 0.01
1311 2327 0.01
1311 2213 0.2
1311 2918 0.2
1311 2277 0.2
1311 1938 0.2
1311 2148 0.2
1311 1723 0.05
1311 1406 0.05
1311 2385 0.01
1311 2603 0.2
1311 2073 0.01
1311 2908 0.05
1311 2987 0.05
1312 2104 0.05
1312 1645 0.05
1312 1553 0.05
1312 2159 0.05
1312 1584 0.01
1312 1616 0.01
1312 1997 0.01
1312 2742 0.2
1312 2806 0.01
1312 1638 0.01
1312 2245 0.01
1312 1424 0.01
1312 2654 0.2
1312 1382 0.01
1313 2470 0.01
1313 2013 0.01
1313 2597 0.2
1313 2848 0.2
1313 2264 0.2
1313 2419 0.05
1313 1349 0.05
1314 1814 0.01
1314 2795 0.2
1314 1901 0.2
1314 2420 0.05
1314 2276 0.01
1314 1850 0.01
1314 2946 0.05
1314 2959 0.05
1314 2140 0.2
1314 2894 0.2
1314 2627 0.01
1314 1836 0.05
1314 1851 0.05
1314 1509 0.2
1314 2967 0.05
1315 1365 0.05
1315 2547 0.05
1315 2264 0.2
1315 2269 0.2
1315 1952 0.2
1315 1814 0.2
1315 2290 0.2
1316 2478 0.01
1316 2822 0.2
1316 2766 0.05
1316 1729 0.2
1316 2443 0.01
1316 2466 0.2
1316 1688 0.2
1317 1590 0.01
1317 1399 0.05
1317 2135 0.01
1317 2705 0.05
1317 2877 0.05
1317 1517 0.01
1317 2554 0.01
1317 1513 0.2
1317 2587 0.01
1317 2230 0.05
1317 1828 0.2
1317 1685 0.01
1317 2709 0.05
1317 2052 0.01
1317 1660 0.01
1317 2584 0.05
1318 1865 0.01
1318 2482 0.05
1318 2993 0.01
1318 1889 0.2
1318 2655 0.05
1318 2591 0.05
1318 2040 0.05
1318 2618 0.01
1318 2000 0.05
1319 2681 0.2
1319 2491 0.2
1319 2913 0.2
1319 1586 0.2
1319 2388 0.2
1319 1813 0.2
1319 1483 0.2
1319 2886 0.01
1320 1769 0.2
1320 2608 0.05
1320 1598 0.05
1320 2368 0.01
1320 2140 0.05
1320 1632 0.05
1320 1956 0.05
1321 1339 0.05
1321 1758 0.01
1321 1681 0.01
1321 2611 0.2
1321 1459 0.01
1321 2654 0.2
1321 2470 0.01
1321 2284 0.01
1321 2461 0.01
1321 2403 0.01
1321 1879 0.01
1321 2870 0.01
1322 1509 0.01
1322 1524 0.2
1322 2688 0.01
1322 1587 0.01
1322 2880 0.2
1322 2259 0.05
1322 1662 0.05
1322 2064 0.01
1323 2569 0.01
1323 1771 0.01
1323 2637 0.05
1323 2370 0.2
1323 2263 0.2
1323 2097 0.01
1323 1604 0.01
1323 2651 0.01
1323 2435 0.01
1323 2111 0.2
1324 2492 0.05
1324 2804 0.05
1324 1693 0.01
1324 2838 0.05
1324 1460 0.01
1324 2377 0.01
1324 2651 0.05
1324 1847 0.01
1324 1891 0.2
1324 2242 0.01
1324 2631 0.05
1324 1398 0.2
1324 2865 0.2
1324 1405 0.01
1324 2400 0.01
1325 1424 0.05
1325 1951 0.05
1325 1841 0.05
1325 1835 0.01
1325 1409 0.05
1325 1787 0.01
1325 2207 0.05
1325 1871 0.2
1325 1971 0.01
1325 1399 0.05
1325 1777 0.05
1325 2109 0.01
1326 2411 0.2
1326 2720 0.05
1326 2647 0.05
1326 2218 0.2
1326 2793 0.05
1326 2300 0.05
1326 1968 0.2
1326 2259 0.2
1326 1514 0.01
1326 2286 0.01
1327 2001 0.2
1327 2833 0.01
1327 1690 0.2
1327 2858 0.05
1327 1392 0.2
1327 2292 0.01
1327 2374 0.01
1327 1403 0.01
1327 2897 0.05
1328 2955 0.2
1328 1577 0.05
1328 2457 0.01
1328 1651 0.01
1328 2288 0.01
1328 2061 0.2
1328 2571 0.2
1328 1649 0.05
1328 2188 0.01
1329 1778 0.05
1329 1522 0.05
1329 1976 0.05
1329 1694 0.05
1329 2783 0.2
1329 2687 0.2
1329 1984 0.01
1329 2014 0.01
1330 1874 0.01
1330 1856 0.2
1330 1855 0.05
1330 1637 0.2
1330 2821 0.2
1330 1618 0.2
1330 2890 0.01
1330 2379 0.01
1330 2935 0.01
1331 2024 0.05
1331 2916 0.05
1331 2712 0.01
1331 1454 0.2
1331 1510 0.05
1331 2675 0.01
1331 2252 0.01
1331 2148 0.01
1331 1494 0.2
1332 1481 0.2
1332 1950 0.01
1332 1896 0.05
1332 2981 0.05
1332 1831 0.05
1332 2900 0.05
1332 1443 0.01
1332 2756 0.05
1333 1505 0.2
1333 2804 0.2
1333 2344 0.05
1333 2353 0.05
1333 2914 0.2
1333 2126 0.01
1333 2811 0.2
1333 1975 0.05
1333 2532 0.01
1334 2336 0.01
1334 2285 0.01
1334 2981 0.05
1334 1549 0.05
1334 1858 0.05
1334 1484 0.01
1335 2261 0.2
1335 1716 0.2
1335 2205 0.01
1335 2066 0.01
1335 2725 0.2
1335 2436 0.2
1335 2294 0.2
1335 1444 0.2
1335 1773 0.05
1335 1653 0.2
1335 2700 0.2
1336 1648 0.01
1336 1624 0.2
1336 2870 0.2
1336 2646 0.05
1336 2819 0.01
1336 1790 0.05
1336 2419 0.2
1336 1416 0.2
1336 2381 0.05
1337 1570 0.05
1337 2180 0.2
1337 2263 0.05
1337 2511 0.2
1337 2546 0.2
1337 2723 0.2
1337 2210 0.2
1337 2549 0.01
1337 2765 0.2
1337 2026 0.2
1337 1991 0.01
1338 1862 0.2
1338 2197 0.2
1338 2243 0.01
1338 2463 0.2
1338 1575 0.2
1338 1342 0.05
1338 1673 0.2
1338 1929 0.2
1338 1737 0.05
1338 2030 0.05
1339 1637 0.05
1339 2065 0.01
1339 2449 0.01
1339 2692 0.01
1339 1715 0.2
1339 2484 0.01
1339 2168 0.2
1340 2383 0.2
1340 1778 0.2
1340 2948 0.01
1340 2325 0.01
1340 1393 0.01
1340 2863 0.05
1340 1624 0.01
1340 1588 0.05
1340 2586 0.05
1340 2441 0.01
1340 2749 0.05
1340 1801 0.05
1340 2480 0.2
1340 2588 0.05
1340 1447 0.01
1340 2667 0.05
1340 1686 0.01
1340 2321 0.05
1341 2366 0.01
1341 2024 0.01
1341 2429 0.01
1341 1594 0.05
1341 2985 0.01
1341 1699 0.01
1341 2784 0.2
1341 2508 0.2
1341 1834 0.2
1342 2345 0.05
1342 2787 0.05
1342 1525 0.05
1342 2003 0.2
1342 1938 0.05
1342 1468 0.2
1342 1407 0.05
1342 1477 0.2
1342 1350 0.2
1342 2940 0.05
1342 1753 0.01
1342 2684 0.01
1342 2112 0.01
1342 1954 0.05
1343 2299 0.01
1343 2022 0.01
1343 1430 0.01
1343 2953 0.2
1343 1368 0.2
1343 2191 0.2
1343 2010 0.05
1343 2709 0.05
1343 2442 0.01
1343 2610 0.05
1344 1632 0.2
1344 1845 0.2
1344 2118 0.05
1344 2084 0.05
1344 2430 0.01
1344 1658 0.2
1344 2012 0.05
1344 2594 0.2
1344 2831 0.05
1344 1429 0.2
1345 2762 0.05
1345 2455 0.2
1345 1885 0.01
1345 2972 0.01
1345 2601 0.01
1345 2940 0.05
1345 2246 0.05
1345 1640 0.05
1345 2877 0.05
1345 1772 0.01
1345 1978 0.2
1346 1464 0.01
1346 2332 0.01
1346 1644 0.2
1346 2438 0.01
1346 1718 0.2
1346 2649 0.01
1346 1471 0.05
1346 2145 0.05
1346 2657 0.2
1346 1765 0.05
1347 2331 0.01
1347 2582 0.2
1347 1764 0.2
1347 1864 0.2
1348 1839 0.2
1348 2765 0.05
1348 2817 0.2
1348 1393 0.05
1348 2055 0.2
1348 1593 0.05
1348 2883 0.2
1349 1803 0.01
1349 2622 0.05
1349 2409 0.2
1349 2018 0.05
1349 2769 0.01
1349 2543 0.05
1349 2158 0.01
1349 2708 0.01
1349 2566 0.01
1349 2100 0.05
1349 2509 0.2
1349 2613 0.05
1349 2070 0.05
1349 1622 0.01
1350 2744 0.2
1350 2867 0.01
1350 2240 0.01
1350 2692 0.05
1350 1587 0.2
1350 1570 0.2
1350 2271 0.05
1350 2904 0.01
1350 2508 0.05
1350 1796 0.01
1350 1517 0.2
1350 1630 0.01
1350 2680 0.2
1351 1855 0.2
1351 1754 0.01
1351 1976 0.2
1351 2516 0.01
1351 2917 0.2
1351 2501 0.05
1351 2035 0.01
1351 2820 0.2
1352 2720 0.2
1352 2938 0.2
1352 2648 0.2
1352 2950 0.2
1352 2327 0.2
1352 1458 0.2
1352 1568 0.01
1352 1547 0.05
1352 1643 0.01
1352 1630 0.05
1352 1759 0.2
1352 2209 0.01
1352 2967 0.05
1352 1478 0.01
1352 2466 0.05
1352 1790 0.01
1353 2724 0.2
1353 2664 0.05
1353 2567 0.01
1353 2044 0.2
1353 1784 0.01
1353 2340 0.2
1353 2027 0.01
1353 2065 0.2
1354 1441 0.05
1354 1968 0.05
1354 1844 0.2
1354 2586 0.05
1354 1686 0.2
1354 2385 0.01
1354 2376 0.2
1354 2541 0.2
1354 1927 0.05
1354 2336 0.01
1355 1669 0.05
1355 2293 0.05
1355 1995 0.01
1355 2214 0.01
1355 2723 0.01
1355 2283 0.05
1355 1857 0.05
1355 2949 0.05
1355 1871 0.01
1355 1491 0.05
1355 1937 0.2
1355 2419 0.05
1355 2256 0.2
1355 2529 0.01
1355 2850 0.2
1356 2196 0.2
1356 2759 0.2
1356 2641 0.01
1356 1477 0.05
1356 2078 0.05
1356 2836 0.01
1356 1403 0.2
1356 1476 0.2
1356 1601 0.05
1356 2474 0.01
1356 2860 0.05
1356 2320 0.01
1356 2645 0.05
1356 2942 0.01
1356 1825 0.2
1356 1401 0.01
1356 1858 0.05
1356 2818 0.05
1357 1621 0.2
1357 1722 0.2
1357 2350 0.05
1357 1969 0.01
1357 2828 0.05
1357 1531 0.2
1357 2462 0.01
1357 1443 0.2
1357 2670 0.2
1357 1979 0.2
1357 2290 0.2
1357 1543 0.05
1357 2311 0.2
1357 2901 0.2
1357 2103 0.05
1357 2088 0.2
1358 2214 0.01
1358 1763 0.05
1358 2515 0.05
1358 2783 0.2
1358 1448 0.01
1358 2971 0.01
1358 1591 0.2
1358 1556 0.01
1358 2700 0.2
1358 1385 0.2
1359 2417 0.2
1359 2685 0.01
1359 1861 0.01
1359 2717 0.01
1359 2808 0.05
1359 2872 0.05
1359 1452 0.05
1359 2203 0.01
1360 1620 0.05
1360 2248 0.01
1360 2345 0.2
1360 2132 0.01
1360 1524 0.2
1360 2581 0.05
1361 2260 0.01
1361 2383 0.01
1361 2786 0.01
1361 2868 0.2
1361 2253 0.05
1361 1519 0.2
1361 2626 0.2
1361 2637 0.01
1361 2054 0.2
1361 2782 0.05
1361 1958 0.2
1362 2584 0.01
1362 1691 0.05
1362 2816 0.01
1362 1508 0.2
1363 2174 0.05
1363 2258 0.2
1363 1469 0.01
1363 2841 0.01
1363 2511 0.05
1363 2113 0.05
1363 1755 0.2
1363 1858 0.01
1363 1413 0.01
1363 1399 0.01
1363 2386 0.05
1363 1855 0.01
1364 2922 0.01
1364 2717 0.2
1364 1967 0.05
1364 2206 0.01
1364 2635 0.01
1364 2534 0.05
1364 2270 0.2
1364 2681 0.05
1365 1398 0.01
1365 1912 0.2
1365 1470 0.05
1365 2607 0.01
1365 2434 0.05
1365 1444 0.2
1365 2019 0.01
1365 2215 0.05
1365 1611 0.05
1365 2451 0.05
1365 2462 0.2
1365 2047 0.05
1365 2574 0.01
1366 2128 0.05
1366 2908 0.01
1366 2976 0.05
1366 2886 0.01
1366 2306 0.05
1366 2607 0.01
1366 2846 0.01
1366 2151 0.2
1366 2011 0.01
1367 1432 0.05
1367 2598 0.01
1367 1934 0.01
1367 2566 0.01
1367 2621 0.01
1367 1864 0.01
1367 2559 0.01
1367 1615 0.01
1368 1900 0.05
1368 2510 0.05
1368 2472 0.2
1368 2304 0.05
1368 2137 0.05
1368 1639 0.05
1368 2424 0.05
1368 1926 0.01
1368 2338 0.01
1368 2404 0.01
1369 1489 0.01
1369 2098 0.01
1369 1580 0.05
1369 2919 0.01
1369 1882 0.2
1369 2164 0.05
1369 2381 0.2
1370 1489 0.01
1370 1597 0.2
1370 1379 0.05
1370 1994 0.2
1370 1869 0.2
1370 1517 0.05
1370 1406 0.01
1370 1967 0.01
1370 1585 0.05
1370 2408 0.2
1371 1763 0.05
1371 2456 0.01
1371 2003 0.01
1371 2506 0.05
1371 2608 0.05
1371 2193 0.01
1371 2595 0.01
1371 2161 0.2
1371 2122 0.2
1371 2294 0.01
1371 1589 0.01
1372 2536 0.2
1372 1758 0.2
1372 2316 0.05
1372 1894 0.2
1372 1671 0.2
1372 2191 0.01
1372 2208 0.01
1372 2831 0.01
1372 1974 0.05
1372 2227 0.05
1372 1675 0.2
1372 2456 0.05
1373 2076 0.01
1373 2334 0.2
1373 2650 0.05
1373 1715 0.05
1373 2360 0.05
1373 2372 0.01
1373 2861 0.01
1373 2294 0.05
1374 2784 0.05
1374 2523 0.05
1374 2470 0.2
1374 1853 0.01
1374 1502 0.05
1374 2090 0.01
1374 2539 0.2
1374 2603 0.05
1374 2621 0.05
1374 1824 0.01
1374 2435 0.01
1374 2703 0.2
1374 1714 0.2
1375 1829 0.01
1375 2640 0.01
1375 2142 0.01
1375 2695 0.05
1375 2863 0.2
1375 1710 0.01
1375 2306 0.05
1375 2997 0.2
1376 1592 0.2
1376 2044 0.05
1377 2431 0.2
1377 2544 0.01
1377 2071 0.2
1377 1919 0.2
1377 2715 0.05
1377 2276 0.2
1377 2549 0.2
1377 1500 0.01
1377 1595 0.2
1377 2355 0.05
1378 1518 0.2
1378 1379 0.05
1378 1715 0.05
1378 2208 0.05
1378 2361 0.05
1378 2668 0.05
1378 1613 0.2
1378 2944 0.01
1378 1600 0.2
1379 2711 0.01
1379 2340 0.05
1379 2678 0.01
1379 1935 0.01
1379 2989 0.2
1379 1606 0.2
1379 2049 0.05
1379 2519 0.01
1379 2478 0.2
1380 1938 0.05
1380 2898 0.05
1380 1793 0.01
1380 1922 0.05
1380 2260 0.05
1380 1410 0.01
1381 2623 0.01
1381 1745 0.01
1381 1818 0.2
1381 2641 0.2
1381 2107 0.2
1381 1862 0.01
1381 2741 0.05
1381 2572 0.05
1381 2773 0.01
1381 2563 0.01
1381 2828 0.05
1381 1534 0.05
1381 1444 0.05
1381 2959 0.2
1382 1552 0.01
1382 2308 0.01
1382 2067 0.05
1382 2775 0.05
1382 1606 0.01
1382 2764 0.01
1382 1773 0.05
1382 1848 0.01
1382 2134 0.01
1382 2012 0.05
1382 2061 0.2
1382 2189 0.01
1382 1786 0.01
1383 2241 0.2
1383 2146 0.05
1383 1545 0.2
1383 2461 0.01
1383 1489 0.05
1383 1713 0.01
1383 2497 0.01
1383 2959 0.2
1383 2089 0.05
1383 2709 0.01
1383 2687 0.05
1384 2433 0.2
1384 2935 0.2
1384 2754 0.05
1384 1726 0.01
1384 2297 0.05
1384 2189 0.05
1384 2541 0.01
1384 2814 0.05
1384 2717 0.01
1384 2320 0.2
1384 2373 0.01
1384 1997 0.01
1384 2663 0.05
1384 2216 0.05
1384 2808 0.2
1385 2780 0.05
1385 2743 0.05
1385 1600 0.01
1385 2669 0.05
1385 1451 0.05
1385 1661 0.05
1385 2393 0.2
1386 2552 0.2
1386 2632 0.05
1386 2255 0.2
1386 2533 0.05
1386 2662 0.05
1386 2221 0.2
1386 2881 0.05
1386 1913 0.05
1386 2267 0.05
1386 1595 0.2
1386 2804 0.01
1386 2423 0.05
1386 2606 0.2
1386 2056 0.2
1387 2511 0.05
1387 1810 0.2
1387 1611 0.01
1387 1702 0.01
1387 2292 0.01
1387 1987 0.2
1387 1973 0.01
1387 2355 0.01
1388 1857 0.01
1388 1583 0.01
1388 1528 0.05
1388 2215 0.2
1388 1410 0.2
1388 2439 0.2
1388 2314 0.2
1388 2986 0.2
1388 2258 0.01
1388 2469 0.01
1388 1542 0.05
1388 2762 0.01
1389 1536 0.01
1389 2018 0.2
1389 2466 0.05
1389 2306 0.2
1389 2150 0.05
1389 2848 0.01
1389 2600 0.2
1390 2733 0.2
1390 1573 0.05
1390 2589 0.01
1390 2303 0.05
1390 2049 0.2
1390 2968 0.05
1391 1437 0.2
1391 1879 0.01
1391 1859 0.2
1391 1850 0.05
1391 2529 0.01
1391 1596 0.05
1391 2289 0.2
1391 2173 0.05
1391 2905 0.05
1391 2089 0.05
1391 2088 0.01
1391 2215 0.05
1392 2079 0.2
1392 2189 0.01
1392 1790 0.01
1392 1483 0.2
1392 2797 0.05
1392 2226 0.2
1392 2819 0.05
1392 2201 0.2
1392 2526 0.01
1392 2306 0.05
1392 1753 0.01
1392 2084 0.05
1392 2595 0.2
1392 2134 0.01
1392 2561 0.01
1393 2625 0.2
1393 1980 0.05
1393 1687 0.2
1393 2932 0.05
1393 1594 0.2
1393 2012 0.05
1393 1658 0.01
1393 2269 0.05
1393 1913 0.01
1393 2411 0.01
1393 1859 0.2
1393 2378 0.05
1393 1617 0.05
1393 2080 0.01
1393 1674 0.2
1394 2398 0.05
1394 1631 0.2
1394 2121 0.01
1395 2478 0.2
1395 2936 0.01
1395 2603 0.01
1395 1889 0.2
1395 2364 0.05
1395 2973 0.05
1395 1792 0.2
1395 1772 0.2
1395 1961 0.01
1395 2327 0.2
1395 2796 0.2
1396 1488 0.05
1396 1610 0.01
1396 2457 0.05
1396 2308 0.2
1396 1776 0.01
1397 2652 0.01
1397 1558 0.01
1397 2529 0.2
1397 1792 0.01
1397 2627 0.05
1398 1454 0.2
1398 2143 0.2
1398 2201 0.05
1398 1889 0.2
1398 2263 0.2
1398 1692 0.2
1399 1609 0.01
1399 1898 0.01
1399 2212 0.01
1399 1779 0.01
1399 2654 0.01
1399 2846 0.05
1399 2904 0.01
1399 2053 0.01
1399 1507 0.2
1400 2759 0.01
1400 1755 0.01
1400 2548 0.2
1400 2624 0.2
1401 2230 0.05
1401 2142 0.2
1401 1759 0.2
1401 2865 0.05
1401 1960 0.2
1401 2884 0.01
1401 2757 0.2
1401 2826 0.2
1401 2048 0.01
1401 1704 0.2
1402 2183 0.2
1402 2475 0.01
1402 1815 0.01
1402 2126 0.05
1402 2005 0.01
1402 2146 0.01
1402 2806 0.01
1402 1690 0.01
1402 2872 0.01
1402 2586 0.01
1403 1676 0.05
1403 1526 0.2
1403 2808 0.2
1403 2601 0.01
1403 1882 0.01
1403 1534 0.01
1403 2884 0.2
1403 2952 0.2
1403 2579 0.2
1403 2900 0.2
1403 1971 0.05
1403 2722 0.01
1404 2685 0.01
1404 2471 0.2
1404 2913 0.01
1404 1955 0.01
1404 2961 0.2
1404 1728 0.2
1404 1749 0.2
1404 2109 0.05
1405 2654 0.2
1405 2975 0.05
1405 2511 0.01
1405 2792 0.2
1405 1544 0.2
1405 1588 0.05
1405 2818 0.2
1405 2855 0.01
1405 1984 0.05
1405 2459 0.2
1405 2505 0.05
1405 2758 0.05
1405 1452 0.05
1405 1789 0.2
1405 1925 0.01
1406 2925 0.01
1406 2874 0.05
1406 1593 0.01
1406 2169 0.2
1406 1968 0.2
1406 2622 0.2
1406 1601 0.05
1407 2795 0.01
1407 2849 0.01
1407 2221 0.2
1407 1561 0.05
1407 1690 0.05
1407 2193 0.05
1408 2472 0.01
1408 2174 0.05
1408 2217 0.05
1408 1683 0.2
1408 1922 0.05
1408 1981 0.2
1408 2321 0.05
1408 2506 0.05
1408 1897 0.05
1409 1985 0.05
1409 2637 0.01
1409 2797 0.01
1409 2977 0.05
1409 1619 0.01
1409 2384 0.01
1410 2635 0.05
1410 1432 0.2
1410 2840 0.01
1410 2889 0.05
1410 2940 0.2
1410 1861 0.2
1410 1418 0.2
1410 1660 0.2
1410 2038 0.05
1410 2019 0.2
1410 1585 0.2
1410 1835 0.2
1410 2225 0.01
1410 2882 0.2
1411 2119 0.2
1411 1735 0.2
1411 2432 0.05
1411 1666 0.01
1411 1688 0.01
1411 1791 0.01
1411 2361 0.2
1411 2800 0.2
1411 2694 0.01
1411 1507 0.01
1411 2737 0.01
1411 2279 0.01
1412 1439 0.01
1412 2575 0.2
1412 1540 0.05
1412 2949 0.01
1412 2834 0.2
1412 1544 0.01
1412 2018 0.2
1413 1983 0.01
1413 1760 0.05
1413 1445 0.01
1413 2366 0.2
1413 1463 0.2
1413 2188 0.2
1413 1472 0.01
1413 1897 0.01
1413 1946 0.2
1413 2542 0.2
1413 2891 0.05
1414 2812 0.2
1414 1527 0.05
1414 2657 0.01
1414 2607 0.01
1414 1754 0.01
1414 2589 0.2
1414 2731 0.05
1414 2329 0.01
1414 1682 0.05
1414 2432 0.05
1414 1722 0.2
1414 2554 0.05
1415 2984 0.01
1415 2406 0.05
1416 1973 0.05
1416 2497 0.01
1416 2852 0.01
1416 1437 0.05
1416 2462 0.01
1416 2733 0.2
1416 2725 0.01
1416 2639 0.2
1417 2125 0.2
1417 1825 0.2
1417 2744 0.01
1417 1878 0.01
1417 1471 0.2
1417 2312 0.2
1417 1755 0.05
1417 2616 0.2
1418 2218 0.05
1418 2810 0.01
1418 1820 0.05
1418 2945 0.01
1418 2436 0.2
1418 1770 0.05
1418 2813 0.2
1418 2971 0.01
1418 1695 0.2
1419 1654 0.05
1419 2267 0.01
1419 2819 0.05
1419 2529 0.01
1419 2174 0.2
1419 1479 0.2
1419 1862 0.2
1419 1808 0.05
1419 2815 0.01
1419 2950 0.2
1420 2033 0.2
1420 2802 0.05
1420 1941 0.01
1420 2646 0.01
1420 1869 0.01
1420 1982 0.2
1420 1777 0.01
1420 2000 0.01
1420 2618 0.05
1420 1462 0.01
1420 2311 0.2
1420 1858 0.05
1420 2773 0.05
1420 2978 0.2
1421 2321 0.2
1421 1885 0.05
1421 2491 0.01
1421 2681 0.01
1421 2252 0.01
1421 2593 0.05
1421 2953 0.05
1421 1647 0.01
1422 1612 0.01
1422 2640 0.05
1422 1499 0.2
1422 2650 0.05
1422 2498 0.2
1423 2735 0.05
1423 1425 0.01
1423 2591 0.2
1423 1952 0.05
1423 1579 0.01
1423 2266 0.05
1423 2940 0.2
1423 1743 0.01
1423 2747 0.2
1423 2307 0.05
1423 1661 0.01
1424 1715 0.05
1424 2374 0.01
1424 2218 0.05
1424 2124 0.05
1424 2984 0.2
1424 1594 0.01
1424 2598 0.01
1424 1849 0.05
1424 1728 0.05
1424 2002 0.05
1424 2877 0.2
1424 2093 0.05
1424 2475 0.05
1424 2774 0.2
1424 2726 0.05
1425 1672 0.05
1425 1441 0.01
1425 1778 0.01
1425 2394 0.01
1425 2773 0.2
1425 1884 0.2
1426 1950 0.01
1426 1496 0.01
1426 1964 0.01
1426 1752 0.01
1426 1939 0.2
1426 2670 0.2
1426 2939 0.01
1426 1647 0.05
1426 2403 0.2
1426 2340 0.2
1426 2657 0.05
1426 1708 0.2
1427 2475 0.01
1427 2087 0.01
1427 2212 0.2
1427 1643 0.05
1427 2129 0.2
1428 1965 0.01
1428 1542 0.01
1428 2391 0.01
1428 2242 0.01
1428 2781 0.05
1428 2892 0.05
1428 2612 0.01
1428 1489 0.01
1428 2087 0.01
1428 1898 0.2
1428 1643 0.05
1428 2343 0.01
1428 2788 0.05
1428 2164 0.2
1428 1578 0.2
1429 2675 0.05
1429 2869 0.2
1429 1908 0.01
1429 2797 0.2
1429 1461 0.2
1429 2177 0.01
1429 1674 0.01
1429 2294 0.05
1429 2404 0.01
1429 2484 0.2
1430 1795 0.01
1430 1635 0.01
1430 2923 0.2
1430 2930 0.01
1430 2944 0.05
1430 1566 0.05
1430 1763 0.01
1431 1847 0.01
1431 2619 0.05
1431 2263 0.05
1431 2167 0.05
1431 2740 0.05
1431 2660 0.01
1431 1734 0.01
1432 1885 0.05
1432 2524 0.01
1432 2959 0.05
1432 2467 0.2
1432 1507 0.2
1432 2286 0.01
1432 2522 0.05
1432 1480 0.2
1433 1966 0.2
1433 1502 0.2
1433 1633 0.2
1433 2772 0.05
1433 2365 0.05
1433 2010 0.2
1433 2883 0.2
1434 2278 0.05
1434 2250 0.01
1434 2663 0.2
1434 1882 0.01
1434 2646 0.2
1434 1544 0.01
1435 2412 0.2
1435 2606 0.01
1435 2269 0.05
1435 2577 0.05
1435 1553 0.2
1435 2571 0.05
1435 1579 0.2
1436 2822 0.01
1436 2335 0.05
1436 2009 0.01
1436 2296 0.01
1436 1988 0.2
1436 2212 0.2
1436 1846 0.2
1436 1552 0.05
1436 2435 0.05
1436 1902 0.01
1437 2914 0.01
1437 2805 0.2
1437 2873 0.2
1437 2065 0.01
1437 2879 0.01
1438 2979 0.2
1438 1802 0.01
1438 1551 0.01
1438 1687 0.01
1438 2651 0.01
1438 2363 0.2
1438 2862 0.01
1438 2701 0.2
1438 2290 0.05
1438 1713 0.2
1438 2119 0.01
1439 1831 0.05
1439 1758 0.2
1439 1826 0.01
1439 2746 0.2
1439 2589 0.05
1439 2303 0.2
1439 1702 0.01
1439 2027 0.01
1439 1630 0.05
1440 2869 0.05
1440 1442 0.05
1440 1506 0.05
1440 2556 0.2
1440 2524 0.05
1440 2202 0.2
1440 2016 0.2
1440 1720 0.2
1440 2303 0.05
1440 1801 0.01
1441 1455 0.05
1441 1723 0.2
1441 1854 0.05
1441 2295 0.01
1441 2290 0.05
1441 1906 0.2
1441 1804 0.01
1441 2354 0.01
1442 2303 0.01
1442 2140 0.2
1442 2172 0.05
1442 2433 0.05
1442 2704 0.2
1442 1460 0.2
1442 2700 0.2
1442 2936 0.2
1442 2021 0.01
1442 1713 0.01
1442 2189 0.05
1442 1870 0.05
1442 1904 0.01
1443 2236 0.01
1443 1814 0.05
1443 2258 0.01
1443 1623 0.2
1443 1501 0.05
1443 2899 0.01
1443 2224 0.2
1443 2463 0.01
1443 1710 0.01
1444 2518 0.2
1444 2770 0.01
1444 2148 0.01
1444 2388 0.01
1444 2690 0.05
1444 2771 0.05
1444 1636 0.05
1444 2976 0.01
1445 1724 0.05
1445 1541 0.01
1445 1531 0.05
1445 1678 0.2
1445 2504 0.01
1445 2302 0.05
1445 2626 0.2
1445 2172 0.2
1446 2742 0.05
1446 2115 0.2
1446 1659 0.2
1446 1594 0.05
1446 1588 0.05
1446 2682 0.05
1446 1722 0.2
1446 1748 0.2
1446 1647 0.2
1446 1456 0.01
1446 1965 0.2
1446 1552 0.01
1446 2585 0.2
1447 2104 0.2
1447 2684 0.05
1447 1488 0.01
1447 2213 0.2
1447 2026 0.05
1447 2528 0.2
1447 2462 0.01
1448 2293 0.2
1448 2725 0.01
1448 2645 0.2
1448 2263 0.05
1448 1944 0.2
1448 1515 0.05
1448 1658 0.2
1448 1596 0.01
1448 1958 0.01
1448 1782 0.05
1448 2573 0.05
1448 2656 0.05
1449 2552 0.01
1449 1768 0.05
1449 1797 0.05
1449 2182 0.05
1449 2128 0.01
1449 2901 0.05
1449 2354 0.05
1449 2921 0.05
1449 1546 0.01
1449 2172 0.01
1449 2456 0.01
1449 1715 0.2
1449 1907 0.05
1449 2942 0.01
1449 2813 0.2
1450 2736 0.05
1450 1751 0.01
1450 2286 0.01
1450 2763 0.2
1450 2994 0.2
1450 2552 0.01
1450 2093 0.05
1451 1765 0.01
1451 2237 0.2
1451 1928 0.05
1451 1767 0.2
1451 1729 0.2
1451 2394 0.05
1451 2568 0.01
1451 1978 0.05
1451 2821 0.2
1451 2913 0.2
1451 1600 0.01
1452 2698 0.01
1452 2838 0.01
1452 2352 0.2
1452 1530 0.01
1452 2411 0.01
1452 1749 0.05
1452 1913 0.01
1452 1851 0.2
1452 2652 0.05
1453 1590 0.05
1453 1554 0.2
1453 2844 0.05
1453 2800 0.01
1453 2855 0.05
1454 1943 0.01
1454 2370 0.01
1454 2385 0.2
1454 2403 0.2
1454 1779 0.05
1455 1516 0.2
1455 1575 0.2
1455 2338 0.01
1455 1830 0.05
1455 2265 0.2
1455 2105 0.05
1455 2432 0.2
1455 2910 0.2
1456 1885 0.2
1456 2524 0.01
1456 1940 0.05
1456 2375 0.05
1456 2760 0.01
1456 1592 0.05
1456 1646 0.2
1456 2173 0.05
1457 2265 0.01
1457 1629 0.01
1457 2642 0.05
1457 2399 0.05
1457 2116 0.05
1457 2044 0.05
1457 2871 0.05
1457 1695 0.2
1458 2606 0.05
1458 1639 0.01
1458 2542 0.2
1458 1848 0.05
1458 1844 0.05
1458 2386 0.05
1458 1671 0.05
1458 2880 0.05
1458 2509 0.05
1458 2794 0.01
1459 2165 0.05
1459 2378 0.05
1459 1740 0.01
1459 1657 0.01
1459 2372 0.01
1459 1484 0.01
1459 2806 0.01
1459 1853 0.05
1459 2148 0.01
1460 1808 0.01
1460 2043 0.2
1460 1497 0.2
1460 2334 0.2
1460 2890 0.01
1460 2407 0.2
1460 1479 0.05
1460 1615 0.2
1461 2717 0.2
1461 1708 0.2
1461 1930 0.01
1461 2598 0.05
1461 2344 0.2
1461 2633 0.05
1462 2772 0.05
1462 2888 0.2
1462 2448 0.2
1462 1475 0.01
1462 2973 0.05
1462 2362 0.01
1462 2390 0.05
1462 1817 0.2
1463 1826 0.05
1463 2039 0.01
1463 2997 0.05
1463 2728 0.05
1463 2282 0.05
1463 2463 0.01
1463 2605 0.05
1463 2105 0.01
1463 2444 0.2
1463 2823 0.2
1464 2168 0.01
1464 1918 0.01
1464 1728 0.05
1464 1944 0.2
1464 1586 0.2
1464 2367 0.2
1464 2347 0.2
1465 2904 0.05
1465 2050 0.2
1465 2034 0.01
1465 1957 0.2
1465 2556 0.05
1466 2881 0.01
1466 2253 0.2
1466 2361 0.05
1466 2462 0.2
1466 1967 0.2
1466 2529 0.2
1466 2528 0.2
1466 1642 0.2
1466 2897 0.2
1467 2856 0.01
1467 1547 0.01
1467 2916 0.05
1467 1818 0.01
1467 2102 0.05
1467 2949 0.01
1467 2390 0.01
1467 2956 0.2
1467 2471 0.2
1468 1535 0.2
1468 2751 0.05
1468 2504 0.2
1468 2588 0.05
1468 2873 0.01
1468 2130 0.01
1468 1967 0.01
1468 2410 0.2
1468 2051 0.2
1468 2370 0.01
1468 1917 0.01
1469 2641 0.2
1469 2423 0.01
1469 1853 0.01
1469 1824 0.2
1469 1966 0.2
1469 2578 0.2
1469 2230 0.01
1469 2323 0.01
1469 2316 0.2
1470 2354 0.01
1470 2921 0.05
1470 2423 0.01
1470 2251 0.01
1470 2393 0.01
1470 2153 0.05
1470 2464 0.05
1470 1860 0.05
1470 2114 0.2
1470 2795 0.05
1470 2882 0.2
1471 2007 0.2
1471 2293 0.2
1471 2821 0.2
1471 2904 0.01
1471 2039 0.01
1471 2670 0.05
1471 2062 0.01
1471 1660 0.05
1472 2837 0.05
1472 2873 0.05
1472 1631 0.2
1472 1764 0.01
1472 1671 0.01
1472 2723 0.05
1472 2554 0.05
1473 2076 0.2
1473 2620 0.05
1473 2391 0.01
1473 2993 0.2
1473 2046 0.2
1474 1793 0.2
1474 1839 0.01
1474 1726 0.2
1474 2471 0.05
1474 2431 0.2
1474 2390 0.01
1474 2998 0.01
1474 2474 0.2
1474 2852 0.05
1474 2017 0.2
1475 2092 0.2
1475 2772 0.2
1475 1478 0.01
1475 1708 0.05
1475 2672 0.05
1475 2595 0.01
1475 2553 0.05
1475 2486 0.2
1475 1768 0.01
1475 2637 0.2
1475 2550 0.2
1475 1557 0.01
1476 2681 0.2
1476 2717 0.01
1476 2263 0.2
1476 2959 0.05
1476 1619 0.05
1476 2560 0.2
1476 1668 0.2
1476 2944 0.01
1476 2772 0.05
1476 2737 0.01
1476 1917 0.05
1477 2144 0.2
1477 2828 0.05
1477 1699 0.01
1477 2586 0.05
1477 1824 0.2
1477 2903 0.01
1478 2285 0.05
1478 1628 0.05
1478 2154 0.2
1478 1899 0.05
1478 2003 0.01
1478 2804 0.05
1478 2648 0.2
1478 2289 0.05
1478 1669 0.05
1478 2319 0.01
1479 2121 0.2
1479 1718 0.05
1479 2030 0.2
1479 2724 0.2
1479 1662 0.2
1479 1599 0.2
1479 2173 0.05
1479 1888 0.2
1479 1762 0.01
1479 2952 0.2
1479 1696 0.05
1479 1684 0.2
1479 2077 0.01
1479 2009 0.05
1480 2083 0.05
1480 2029 0.2
1480 2584 0.2
1480 2412 0.2
1480 1761 0.2
1480 2409 0.05
1480 2809 0.2
1480 2965 0.2
1480 1629 0.2
1480 2072 0.01
1480 2229 0.2
1481 2364 0.2
1481 2550 0.05
1481 2882 0.01
1481 2380 0.2
1481 2562 0.01
1481 2467 0.05
1481 2819 0.05
1481 1482 0.01
1481 1562 0.05
1481 2676 0.05
1481 1519 0.01
1481 2726 0.05
1481 2942 0.01
1481 2064 0.2
1481 2835 0.05
1481 2614 0.05
1481 1537 0.05
1482 1635 0.01
1482 1836 0.05
1482 2082 0.05
1482 2210 0.01
1482 1952 0.05
1482 2839 0.05
1482 1780 0.2
1482 1841 0.01
1482 1951 0.2
1482 2793 0.2
1482 1664 0.2
1482 1598 0.2
1482 2102 0.2
1482 2151 0.2
1483 1775 0.2
1483 1500 0.05
1483 1674 0.05
1483 2973 0.2
1483 2676 0.2
1483 2193 0.2
1483 1887 0.05
1483 2054 0.01
1483 1672 0.01
1483 2274 0.01
1483 1783 0.2
1483 1826 0.01
1484 2266 0.2
1484 2818 0.01
1484 2372 0.2
1484 2985 0.05
1484 1495 0.01
1484 2792 0.05
1485 2923 0.05
1485 2209 0.2
1485 1885 0.01
1485 2526 0.05
1486 1946 0.01
1486 2806 0.01
1486 2022 0.01
1486 2552 0.01
1486 1690 0.05
1486 2146 0.2
1487 1822 0.2
1487 2581 0.2
1487 1661 0.05
1487 1873 0.01
1487 2515 0.2
1487 2031 0.2
1487 2415 0.01
1487 1490 0.2
1487 2845 0.2
1487 2007 0.01
1488 2101 0.05
1488 2932 0.01
1488 1605 0.05
1488 2751 0.05
1488 1897 0.01
1488 1690 0.05
1488 1687 0.05
1488 2912 0.2
1488 1848 0.05
1488 2144 0.2
1488 1721 0.2
1488 2025 0.01
1488 2731 0.05
1489 1579 0.05
1489 2877 0.01
1489 1782 0.01
1489 2011 0.05
1490 1568 0.2
1490 1625 0.01
1490 2174 0.05
1490 2290 0.01
1490 1757 0.01
1490 1651 0.01
1490 2678 0.2
1491 2540 0.2
1491 2953 0.2
1491 1735 0.01
1491 1626 0.01
1491 1878 0.05
1491 2067 0.05
1491 2575 0.05
1491 2440 0.05
1491 2125 0.05
1491 2644 0.2
1491 2400 0.2
1491 1873 0.05
1491 2328 0.01
1492 2770 0.01
1492 1754 0.01
1492 1626 0.2
1492 2053 0.01
1492 2442 0.2
1492 1927 0.05
1492 2032 0.05
1492 1881 0.2
1493 1562 0.05
1493 2854 0.2
1493 2947 0.05
1493 2612 0.01
1493 2691 0.05
1493 2667 0.05
1493 1594 0.2
1494 2999 0.2
1494 2907 0.01
1494 2148 0.01
1494 1789 0.05
1495 1609 0.2
1495 1640 0.01
1495 2782 0.2
1495 1868 0.2
1495 2064 0.01
1495 2368 0.2
1495 1602 0.2
1495 2780 0.2
1496 1723 0.2
1496 2407 0.2
1496 1747 0.2
1496 2690 0.2
1496 2997 0.2
1496 2497 0.05
1496 2755 0.05
1496 1731 0.05
1496 1918 0.05
1496 1647 0.01
1496 2608 0.05
1496 2205 0.01
1496 2132 0.2
1496 2038 0.2
1497 2284 0.05
1497 2506 0.01
1497 1906 0.01
1497 1500 0.01
1497 1909 0.01
1497 2211 0.2
1497 2730 0.05
1497 2632 0.05
1497 2061 0.2
1497 2930 0.01
1497 2269 0.05
1498 2209 0.05
1498 2979 0.2
1498 1651 0.05
1498 1607 0.01
1498 1688 0.01
1498 1512 0.01
1498 2738 0.2
1498 1560 0.2
1498 2615 0.2
1499 2372 0.01
1499 2637 0.01
1499 2811 0.2
1499 2615 0.01
1499 2040 0.05
1499 1999 0.05
1500 2114 0.2
1500 2110 0.2
1500 1834 0.05
1500 2248 0.05
1500 2785 0.01
1500 2345 0.01
1500 2083 0.01
1501 2912 0.05
1501 2859 0.05
1501 2862 0.05
1501 2568 0.01
1501 1586 0.05
1501 2447 0.05
1501 2922 0.05
1501 2718 0.2
1502 2220 0.01
1502 1805 0.01
1502 2258 0.05
1502 2780 0.2
1502 2582 0.05
1502 2592 0.01
1502 2073 0.05
1502 1527 0.05
1502 1865 0.05
1502 1937 0.01
1503 1630 0.01
1503 2218 0.01
1503 2360 0.01
1503 1885 0.01
1503 1659 0.05
1503 1632 0.05
1503 1816 0.2
1503 2084 0.2
1504 2230 0.01
1504 2126 0.2
1504 1823 0.01
1504 2019 0.2
1504 2557 0.2
1504 2449 0.01
1504 2350 0.05
1504 2673 0.01
1504 2370 0.05
1504 1899 0.01
1505 2517 0.01
1505 2781 0.2
1505 2099 0.01
1505 1675 0.2
1505 2456 0.05
1505 2085 0.2
1505 1696 0.05
1505 2900 0.2
1505 1671 0.2
1505 2102 0.01
1505 2191 0.2
1505 1683 0.05
1505 2434 0.01
1506 2778 0.01
1506 2410 0.2
1506 2931 0.01
1506 1604 0.01
1506 2699 0.2
1506 2364 0.05
1506 2426 0.2
1507 1789 0.2
1507 2543 0.01
1507 2382 0.01
1507 2938 0.01
1507 2501 0.2
1507 2759 0.05
1507 1895 0.05
1507 1960 0.05
1508 1900 0.05
1508 1730 0.05
1508 2852 0.05
1508 2841 0.2
1508 2312 0.05
1508 2518 0.05
1508 2888 0.05
1508 1967 0.2
1508 2866 0.05
1508 2950 0.01
1508 2370 0.01
1508 2658 0.05
1508 1597 0.01
1509 2755 0.05
1509 2887 0.2
1509 1851 0.05
1509 1777 0.01
1509 1733 0.05
1509 2341 0.2
1509 1710 0.2
1509 1543 0.2
1509 2089 0.2
1509 2105 0.2
1509 1522 0.2
1510 2201 0.01
1510 1954 0.05
1510 2631 0.05
1510 2679 0.05
1510 1655 0.05
1510 1565 0.2
1510 2559 0.05
1511 2382 0.05
1511 1914 0.05
1511 2845 0.2
1511 1703 0.05
1511 2555 0.2
1511 2478 0.2
1511 2961 0.05
1511 2266 0.2
1511 2767 0.05
1511 1852 0.05
1511 2124 0.05
1511 2402 0.05
1512 2385 0.01
1512 2811 0.2
1512 2843 0.2
1512 2281 0.01
1512 2489 0.05
1512 2613 0.01
1512 1649 0.05
1513 2341 0.2
1513 2203 0.01
1513 2315 0.05
1513 2120 0.05
1513 2088 0.2
1513 2234 0.2
1513 2891 0.01
1513 1621 0.2
1513 1876 0.2
1513 1820 0.2
1513 1709 0.2
1514 1751 0.05
1514 1952 0.01
1514 1782 0.05
1514 2195 0.05
1514 1799 0.01
1514 1648 0.01
1515 2852 0.2
1515 2760 0.2
1515 1708 0.05
1515 1647 0.01
1515 1641 0.05
1515 2352 0.01
1516 2618 0.01
1516 1766 0.2
1516 2383 0.05
1517 2709 0.05
1517 2109 0.2
1517 2567 0.05
1517 2046 0.01
1517 1849 0.05
1517 1690 0.2
1517 1831 0.01
1517 2303 0.05
1517 2424 0.05
1517 2579 0.2
1517 2273 0.05
1517 1802 0.2
1517 2329 0.05
1518 2083 0.05
1518 2954 0.05
1518 2311 0.05
1518 1794 0.05
1518 2121 0.01
1518 2487 0.2
1519 1858 0.05
1519 1842 0.2
1519 1562 0.2
1519 2749 0.01
1519 2308 0.01
1519 1794 0.01
1519 2431 0.01
1519 2255 0.2
1519 2008 0.2
1519 1903 0.05
1519 2328 0.01
1519 2809 0.05
1519 2908 0.05
1519 2334 0.2
1519 1793 0.05
1520 2271 0.01
1520 1975 0.05
1520 2127 0.2
1520 2974 0.2
1520 2358 0.2
1520 1818 0.2
1520 2167 0.2
1520 1524 0.05
1520 1815 0.05
1521 2615 0.2
1521 2041 0.2
1521 2789 0.05
1521 2193 0.2
1521 2905 0.01
1522 1523 0.01
1522 2519 0.05
1522 2529 0.2
1522 1646 0.2
1522 2687 0.01
1522 2228 0.2
1522 2565 0.05
1522 1784 0.05
1522 1552 0.2
1522 2346 0.05
1523 1818 0.05
1523 2721 0.01
1523 2587 0.01
1523 2122 0.01
1523 1650 0.05
1523 1885 0.01
1524 2811 0.05
1524 2870 0.05
1524 2308 0.05
1524 1914 0.01
1524 1920 0.2
1524 2887 0.2
1524 2305 0.05
1524 1776 0.05
1524 2426 0.01
1524 1546 0.05
1524 2907 0.01
1524 2929 0.01
1525 2870 0.01
1525 2002 0.01
1525 2929 0.05
1525 2707 0.01
1525 2969 0.2
1525 2657 0.01
1525 2618 0.2
1525 2061 0.2
1525 2913 0.01
1525 1751 0.2
1525 2446 0.2
1525 1972 0.2
1525 1547 0.2
1525 2346 0.05
1525 1940 0.2
1526 1612 0.01
1526 2119 0.2
1526 1631 0.2
1526 1840 0.2
1527 1836 0.05
1527 1581 0.2
1527 1986 0.2
1527 2056 0.05
1527 2518 0.05
1527 1991 0.01
1527 2940 0.2
1527 2998 0.05
1527 1560 0.05
1528 1867 0.05
1528 2992 0.01
1528 2653 0.01
1528 1616 0.05
1528 2097 0.01
1528 2962 0.2
1528 2796 0.05
1528 2697 0.2
1528 2221 0.01
1528 2493 0.2
1528 2874 0.05
1528 2731 0.05
1528 2743 0.01
1528 1613 0.01
1528 1897 0.2
1529 1794 0.05
1529 1586 0.05
1529 2098 0.2
1529 2968 0.01
1529 2997 0.01
1529 2236 0.05
1529 2520 0.05
1529 1799 0.01
1529 1806 0.2
1530 2481 0.01
1530 2885 0.05
1530 2245 0.05
1530 1614 0.05
1530 1600 0.05
1530 2535 0.01
1530 2288 0.2
1530 2965 0.2
1530 1603 0.2
1531 2056 0.2
1531 2875 0.05
1531 2918 0.2
1531 2531 0.05
1531 1792 0.2
1531 2944 0.05
1531 2693 0.01
1531 1991 0.05
1531 2812 0.01
1531 2164 0.05
1531 2254 0.2
1532 1825 0.01
1532 2299 0.01
1532 2042 0.01
1532 2012 0.01
1532 1566 0.01
1532 2274 0.05
1532 2348 0.2
1532 2456 0.01
1532 2514 0.01
1532 2929 0.01
1532 1915 0.2
1532 2088 0.01
1532 2569 0.2
1532 2208 0.01
1532 2237 0.01
1533 1721 0.01
1533 1808 0.01
1533 2143 0.2
1533 2092 0.05
1533 2642 0.2
1533 2836 0.2
1533 2030 0.01
1533 2206 0.01
1533 1631 0.2
1534 2185 0.2
1534 2670 0.05
1534 2613 0.05
1534 1948 0.2
1534 2158 0.05
1534 1979 0.05
1534 1918 0.05
1534 2054 0.05
1534 2458 0.2
1534 2030 0.05
1535 2117 0.01
1535 1728 0.05
1535 2637 0.2
1535 2862 0.2
1535 2400 0.01
1535 1820 0.01
1535 1963 0.2
1535 2112 0.01
1536 1851 0.01
1536 2622 0.2
1536 2253 0.01
1536 2400 0.01
1536 2854 0.01
1536 2951 0.2
1536 1541 0.2
1536 2354 0.01
1536 2980 0.2
1536 2269 0.2
1536 2315 0.01
1536 1974 0.05
1537 1624 0.05
1537 1768 0.2
1537 2236 0.2
1537 2673 0.05
1537 2201 0.2
1537 2988 0.2
1537 2493 0.01
1537 2727 0.05
1537 2124 0.2
1537 1767 0.2
1538 1546 0.2
1538 2193 0.01
1538 2029 0.2
1539 2419 0.05
1539 2484 0.05
1539 1567 0.2
1539 2690 0.2
1539 2952 0.05
1539 1849 0.01
1540 2561 0.01
1540 1732 0.2
1540 2528 0.05
1540 2147 0.05
1540 1591 0.2
1540 2154 0.05
1540 2750 0.05
1540 2700 0.05
1540 1896 0.01
1541 2978 0.05
1541 2737 0.01
1541 1571 0.2
1541 2472 0.01
1541 2140 0.05
1542 2635 0.01
1542 1749 0.2
1542 1932 0.01
1542 2255 0.05
1542 2566 0.05
1542 2930 0.05
1542 1643 0.2
1543 2446 0.2
1543 2430 0.05
1543 2476 0.05
1543 2781 0.2
1543 2125 0.2
1543 2365 0.2
1543 2625 0.2
1543 2658 0.01
1543 2247 0.2
1543 1887 0.01
1543 2769 0.05
1544 1553 0.05
1544 1733 0.01
1544 2306 0.2
1544 2340 0.05
1544 2451 0.05
1544 1782 0.2
1544 1767 0.01
1544 1950 0.01
1544 1853 0.05
1544 2730 0.01
1544 2206 0.05
1544 2952 0.05
1544 1557 0.05
1544 1658 0.2
1545 2225 0.05
1545 1611 0.2
1545 2848 0.2
1545 1610 0.2
1545 2777 0.2
1545 1924 0.2
1545 2819 0.05
1545 2960 0.01
1545 2798 0.05
1545 2646 0.05
1545 2731 0.05
1545 2367 0.05
1545 1904 0.01
1545 2350 0.01
1545 2488 0.01
1546 2925 0.2
1546 2136 0.2
1546 2461 0.2
1546 2798 0.05
1546 2456 0.01
1546 2790 0.2
1546 2943 0.01
1546 2937 0.2
1546 2194 0.01
1546 2928 0.05
1546 2436 0.05
1546 1868 0.2
1547 2526 0.01
1547 2336 0.2
1547 2684 0.2
1547 2309 0.01
1547 1659 0.2
1547 2318 0.2
1547 2367 0.01
1547 1868 0.2
1547 2003 0.01
1547 2375 0.01
1548 1987 0.01
1548 2941 0.01
1548 2549 0.01
1548 1991 0.01
1548 2995 0.05
1548 1644 0.2
1548 2039 0.01
1548 1816 0.01
1549 2844 0.2
1549 2346 0.2
1549 2663 0.2
1549 1717 0.05
1549 1953 0.01
1549 2520 0.01
1549 2452 0.05
1550 1651 0.2
1550 2677 0.05
1550 1632 0.01
1550 1808 0.05
1550 1739 0.05
1550 2028 0.01
1550 2299 0.2
1550 2051 0.05
1550 2478 0.2
1550 2102 0.05
1550 1612 0.01
1550 2912 0.01
1551 2386 0.05
1551 1683 0.01
1551 2306 0.01
1551 1895 0.2
1551 1555 0.05
1551 2389 0.05
1551 2784 0.05
1552 2723 0.05
1552 2736 0.01
1552 2442 0.2
1552 1776 0.01
1552 2029 0.01
1552 1988 0.01
1552 2693 0.01
1552 1777 0.01
1552 1780 0.2
1552 2905 0.05
1553 2793 0.01
1553 1936 0.05
1553 1792 0.01
1553 1855 0.05
1553 1832 0.05
1554 1893 0.2
1554 2509 0.2
1554 2806 0.05
1555 1616 0.01
1555 2503 0.01
1555 1862 0.05
1555 2762 0.05
1555 2369 0.05
1555 2461 0.2
1555 2675 0.05
1555 2849 0.05
1555 2980 0.05
1556 2185 0.2
1556 2915 0.01
1556 2540 0.01
1556 1602 0.01
1556 1590 0.01
1556 1932 0.01
1556 1668 0.01
1556 2493 0.01
1556 2855 0.2
1556 1961 0.2
1557 2181 0.05
1557 1819 0.05
1557 2785 0.01
1557 2584 0.05
1557 1767 0.2
1557 2307 0.05
1557 2031 0.05
1557 2767 0.01
1557 2806 0.01
1558 2358 0.2
1558 1845 0.05
1558 2490 0.2
1558 2254 0.05
1558 1899 0.2
1558 2955 0.01
1558 2452 0.01
1558 2010 0.2
1558 2950 0.05
1558 2458 0.2
1558 2826 0.05
1558 2422 0.05
1559 1909 0.2
1559 2214 0.2
1559 2684 0.05
1559 2781 0.2
1559 2167 0.01
1559 1590 0.01
1559 2530 0.05
1560 2394 0.01
1560 2446 0.01
1560 2538 0.01
1560 2659 0.2
1560 1598 0.2
1560 2532 0.01
1560 2981 0.01
1560 1891 0.05
1560 2845 0.05
1561 2888 0.2
1561 2749 0.2
1561 1974 0.2
1561 1601 0.2
1561 2852 0.01
1561 2075 0.2
1561 2910 0.2
1561 1626 0.01
1561 1651 0.2
1561 2157 0.01
1561 2213 0.01
1561 2207 0.05
1561 2654 0.2
1561 2796 0.01
1562 2342 0.05
1562 1792 0.01
1562 1663 0.01
1562 1645 0.05
1562 2490 0.05
1562 1785 0.01
1562 2589 0.2
1562 1822 0.05
1562 2854 0.05
1562 2816 0.01
1562 2581 0.05
1562 2508 0.05
1562 2450 0.2
1562 2328 0.2
1562 1680 0.2
1562 1860 0.2
1562 2010 0.2
1563 1576 0.2
1563 2170 0.2
1563 2678 0.01
1563 1804 0.05
1563 2912 0.05
1563 2421 0.2
1563 2280 0.05
1563 1771 0.05
1563 2918 0.2
1563 2556 0.05
1564 2059 0.05
1564 1838 0.2
1564 2818 0.2
1564 2274 0.05
1564 1682 0.01
1564 2747 0.01
1564 2861 0.01
1564 1660 0.01
1565 2132 0.05
1565 2405 0.2
1565 1698 0.05
1565 2059 0.2
1565 2580 0.05
1565 2353 0.01
1565 2226 0.01
1565 1967 0.2
1565 1917 0.01
1566 2538 0.01
1566 1837 0.05
1566 1838 0.01
1566 2998 0.05
1566 1751 0.05
1566 2255 0.05
1566 2693 0.2
1566 2646 0.2
1566 2739 0.05
1566 1663 0.01
1566 2624 0.2
1567 2798 0.05
1567 2595 0.05
1567 2915 0.2
1567 1591 0.05
1567 2697 0.05
1567 1649 0.2
1567 2583 0.01
1567 2153 0.2
1567 2410 0.01
1567 1698 0.01
1567 2729 0.2
1567 2994 0.01
1568 2323 0.01
1568 1758 0.05
1568 2421 0.2
1568 1870 0.2
1568 2321 0.05
1568 2693 0.2
1568 1576 0.2
1568 2107 0.05
1568 1700 0.01
1568 2654 0.05
1569 2526 0.01
1569 2943 0.2
1569 2186 0.01
1569 1884 0.2
1569 1858 0.05
1569 2591 0.05
1569 2506 0.01
1570 1955 0.01
1570 2901 0.05
1570 2177 0.2
1570 2376 0.01
1570 2666 0.2
1571 1732 0.01
1571 1843 0.05
1571 1939 0.05
1571 2251 0.01
1571 1655 0.01
1571 2277 0.2
1571 2294 0.01
1572 2024 0.01
1572 2300 0.01
1572 2990 0.2
1572 1975 0.05
1572 1857 0.01
1572 1983 0.2
1572 2028 0.2
1572 2076 0.01
1572 1707 0.05
1572 2497 0.01
1572 1914 0.05
1572 1769 0.05
1573 2977 0.2
1573 2706 0.2
1573 2005 0.2
1573 2086 0.05
1573 2982 0.2
1573 2608 0.05
1573 2595 0.01
1573 1641 0.05
1573 1761 0.2
1573 2478 0.2
1574 2076 0.05
1574 2967 0.2
1574 2823 0.2
1574 2914 0.2
1574 2701 0.01
1574 2519 0.2
1574 2219 0.2
1574 2186 0.2
1574 2325 0.2
1574 2467 0.01
1574 2857 0.2
1574 1928 0.05
1574 2396 0.2
1574 2837 0.2
1575 1979 0.05
1575 2064 0.01
1575 2275 0.2
1575 2699 0.2
1575 2803 0.2
1575 1818 0.01
1576 2627 0.05
1576 1814 0.05
1576 2829 0.01
1576 2456 0.01
1576 1661 0.2
1576 2667 0.05
1576 2679 0.01
1576 1683 0.01
1576 1641 0.01
1576 1610 0.01
1576 2294 0.01
1577 1917 0.2
1577 2588 0.05
1577 2466 0.01
1577 2666 0.2
1577 1835 0.01
1577 1586 0.01
1577 2392 0.01
1578 1736 0.2
1578 1614 0.01
1578 2496 0.01
1578 1796 0.01
1578 2701 0.01
1578 2057 0.05
1578 2331 0.01
1579 2825 0.01
1579 2892 0.2
1579 2019 0.01
1579 2286 0.01
1579 2583 0.2
1579 2698 0.2
1579 2857 0.01
1579 2711 0.2
1579 2164 0.2
1580 1794 0.05
1580 1602 0.05
1580 2402 0.01
1580 2180 0.2
1580 2138 0.2
1580 2513 0.2
1580 2156 0.01
1580 2946 0.05
1581 2718 0.05
1581 1997 0.05
1581 2548 0.01
1581 2411 0.05
1581 1994 0.01
1581 2129 0.01
1581 1889 0.01
1582 2065 0.05
1582 1730 0.05
1582 2596 0.2
1582 1856 0.01
1583 2659 0.05
1583 2456 0.05
1583 1905 0.05
1583 2493 0.2
1583 1609 0.2
1583 1964 0.2
1583 2997 0.01
1583 2475 0.01
1583 2763 0.05
1583 1795 0.01
1583 2705 0.2
1584 2603 0.01
1584 2328 0.05
1584 2765 0.05
1584 1841 0.05
1584 1790 0.01
1584 2937 0.2
1584 2323 0.05
1584 2142 0.2
1584 2883 0.2
1584 1598 0.2
1584 2084 0.2
1584 2880 0.2
1585 2120 0.05
1585 2357 0.05
1585 2485 0.2
1585 1605 0.05
1585 2636 0.01
1585 2511 0.01
1585 1851 0.05
1585 2795 0.01
1586 1674 0.01
1586 2114 0.05
1586 1677 0.01
1586 1669 0.01
1586 2678 0.05
1586 2881 0.01
1586 1928 0.01
1586 2798 0.2
1586 2811 0.05
1586 2591 0.05
1587 1706 0.01
1587 2012 0.05
1587 2923 0.01
1587 2322 0.01
1587 1990 0.2
1587 2266 0.05
1587 2315 0.01
1587 1692 0.2
1587 1857 0.2
1588 1694 0.2
1588 2265 0.05
1588 2521 0.01
1588 2782 0.05
1588 1907 0.01
1588 2391 0.2
1588 2374 0.05
1589 1669 0.2
1589 1923 0.05
1589 1824 0.2
1589 2083 0.2
1589 2954 0.05
1589 2168 0.05
1589 2314 0.05
1589 2860 0.05
1589 1645 0.2
1589 2698 0.05
1589 1826 0.05
1590 1893 0.05
1590 2143 0.05
1590 2117 0.2
1590 2896 0.2
1591 2445 0.2
1591 2092 0.2
1591 2694 0.05
1591 2776 0.05
1591 1898 0.2
1591 2948 0.01
1591 2861 0.05
1591 1636 0.01
1591 1599 0.2
1592 1759 0.2
1592 2298 0.05
1592 2003 0.01
1592 1834 0.01
1592 2497 0.01
1592 2341 0.01
1592 2052 0.2
1592 2337 0.01
1592 1705 0.01
1593 2773 0.05
1593 2604 0.05
1593 1936 0.01
1593 2931 0.05
1593 2336 0.2
1593 2217 0.05
1593 2296 0.05
1593 2793 0.2
1593 1812 0.01
1593 1788 0.01
1594 2261 0.05
1594 1600 0.01
1594 2764 0.2
1594 2496 0.01
1594 2113 0.01
1594 1907 0.01
1594 2699 0.01
1594 2232 0.05
1594 1981 0.2
1594 1917 0.2
1595 2392 0.2
1595 2757 0.2
1595 2480 0.2
1595 2311 0.01
1595 1841 0.01
1596 2682 0.05
1596 2645 0.05
1596 2636 0.01
1596 2030 0.2
1597 1716 0.2
1597 1943 0.01
1597 2850 0.01
1597 2393 0.2
1597 2700 0.01
1597 2554 0.05
1597 1728 0.05
1597 2352 0.01
1597 2413 0.01
1597 2756 0.05
1597 2275 0.05
1597 1816 0.01
1598 2913 0.05
1598 2303 0.05
1598 2780 0.05
1598 1757 0.05
1599 2722 0.05
1599 2827 0.2
1599 1829 0.05
1599 2606 0.05
1599 2150 0.01
1599 2880 0.01
1599 1953 0.2
1599 1956 0.2
1599 2825 0.01
1599 2568 0.01
1599 1744 0.01
1599 1803 0.05
1599 2690 0.2
1599 2477 0.01
1599 2458 0.01
1599 2316 0.2
1599 2583 0.05
1599 1998 0.01
1600 2402 0.2
1600 2189 0.2
1600 2972 0.05
1600 1875 0.05
1600 2873 0.2
1600 2165 0.01
1600 2122 0.2
1600 1959 0.01
1600 1944 0.2
1601 2235 0.01
1601 1682 0.05
1601 1603 0.2
1601 2422 0.2
1601 1696 0.2
1601 2504 0.01
1601 1785 0.05
1601 2823 0.01
1601 2114 0.01
1601 2132 0.05
1601 2269 0.2
1601 1845 0.2
1601 2086 0.2
1602 1896 0.05
1602 1888 0.01
1602 2353 0.01
1602 2409 0.05
1602 2910 0.2
1602 2143 0.05
1602 2236 0.2
1602 2373 0.05
1602 2710 0.2
1602 1732 0.2
1602 1736 0.01
1603 2346 0.2
1603 2276 0.01
1603 1684 0.2
1603 2562 0.05
1603 2892 0.05
1604 1983 0.05
1604 1925 0.05
1605 2712 0.05
1605 1746 0.05
1605 2363 0.01
1605 1657 0.2
1605 1713 0.01
1605 1780 0.01
1606 2580 0.2
1606 2181 0.01
1606 2037 0.2
1606 2974 0.2
1606 1810 0.2
1606 2817 0.01
1606 1770 0.01
1606 1765 0.05
1607 2503 0.01
1607 2740 0.2
1607 2300 0.2
1607 1806 0.2
1607 2242 0.05
1607 2228 0.05
1608 2004 0.05
1608 2204 0.05
1608 1818 0.2
1608 1841 0.2
1609 2166 0.05
1609 2341 0.01
1609 2996 0.01
1609 2651 0.2
1609 1752 0.01
1609 2674 0.2
1609 2737 0.2
1609 2960 0.01
1609 2631 0.01
1609 1615 0.2
1610 2070 0.05
1610 1886 0.2
1610 2993 0.2
1610 1642 0.05
1611 2006 0.01
1611 2861 0.2
1611 2639 0.05
1611 1708 0.01
1611 2505 0.2
1611 1982 0.01
1611 2143 0.01
1611 2186 0.05
1611 2291 0.2
1611 2187 0.05
1611 2172 0.05
1611 2801 0.05
1612 2244 0.01
1612 2329 0.01
1612 1727 0.05
1612 2774 0.05
1612 1791 0.01
1612 2097 0.01
1613 2424 0.05
1613 2445 0.2
1613 2990 0.01
1613 2850 0.01
1614 2443 0.01
1614 2504 0.05
1614 2417 0.05
1614 2862 0.01
1614 2136 0.05
1614 2431 0.01
1614 1855 0.05
1614 2833 0.05
1614 2808 0.2
1614 2726 0.2
1614 2325 0.05
1614 2413 0.01
1615 2610 0.01
1615 1963 0.05
1615 2096 0.2
1615 2191 0.01
1615 2108 0.01
1615 1710 0.2
1615 2662 0.01
1616 1724 0.2
1616 2339 0.01
1616 2801 0.05
1616 1963 0.01
1616 2983 0.2
1616 1999 0.2
1616 2114 0.05
1616 1913 0.05
1617 2967 0.05
1617 2925 0.05
1617 1640 0.2
1617 2765 0.2
1617 2246 0.2
1617 2254 0.2
1617 2797 0.2
1617 2482 0.2
1617 2274 0.01
1617 1884 0.05
1617 2486 0.2
1617 2347 0.01
1618 2706 0.05
1618 1660 0.01
1618 1752 0.2
1618 1853 0.05
1618 2853 0.2
1618 1628 0.05
1618 1928 0.01
1618 1924 0.2
1618 2332 0.05
1618 2533 0.05
1619 2671 0.05
1619 1927 0.01
1619 2836 0.01
1619 1755 0.2
1619 2345 0.2
1619 1625 0.01
1619 2348 0.2
1619 2644 0.2
1620 2044 0.01
1620 2712 0.01
1620 2203 0.2
1620 2194 0.01
1620 1901 0.05
1620 2332 0.05
1620 1828 0.2
1620 2577 0.05
1620 2018 0.05
1620 2609 0.01
1621 2696 0.05
1621 2845 0.2
1621 2852 0.01
1621 2240 0.01
1621 2853 0.2
1621 2799 0.05
1621 2330 0.05
1622 2967 0.01
1622 2114 0.01
1622 1748 0.2
1622 2914 0.05
1623 2103 0.01
1623 1794 0.01
1623 1735 0.05
1623 1750 0.2
1623 2410 0.01
1623 1804 0.2
1623 2695 0.2
1623 2534 0.2
1623 2129 0.05
1623 2949 0.2
1623 2275 0.01
1623 2622 0.2
1624 2001 0.2
1624 2591 0.05
1624 1639 0.01
1624 2681 0.2
1624 2097 0.05
1624 1807 0.05
1624 1692 0.2
1625 2602 0.05
1625 2966 0.2
1625 2056 0.05
1625 2461 0.01
1625 1626 0.05
1625 2364 0.05
1625 2024 0.2
1625 2228 0.05
1626 2394 0.2
1626 2146 0.05
1626 2170 0.05
1626 1923 0.2
1626 2703 0.2
1626 2077 0.01
1626 2859 0.01
1626 2299 0.01
1627 2282 0.05
1627 2278 0.2
1627 1749 0.2
1627 1977 0.2
1627 1737 0.01
1627 2556 0.05
1628 2837 0.05
1628 1928 0.2
1628 2813 0.01
1628 2892 0.01
1628 2027 0.01
1628 2904 0.01
1628 1863 0.05
1628 2426 0.2
1628 2726 0.01
1628 2929 0.2
1628 1956 0.2
1628 2864 0.2
1629 2482 0.2
1629 1986 0.05
1629 2488 0.05
1629 1870 0.05
1629 1975 0.2
1629 2177 0.01
1629 2510 0.05
1629 2882 0.2
1629 2223 0.05
1630 2936 0.2
1630 1800 0.01
1630 2863 0.2
1630 2048 0.01
1630 2854 0.2
1630 2622 0.2
1630 2626 0.05
1630 1795 0.01
1630 1847 0.05
1630 1960 0.2
1630 2984 0.2
1630 2940 0.01
1631 2224 0.01
1631 2919 0.2
1631 1960 0.01
1631 2794 0.05
1631 2970 0.2
1631 2729 0.01
1631 1645 0.05
1631 2459 0.05
1631 2051 0.2
1632 2055 0.01
1632 2476 0.05
1632 2565 0.01
1632 2217 0.05
1632 2381 0.2
1632 1961 0.2
1632 2960 0.2
1632 2302 0.01
1633 1703 0.01
1633 1900 0.2
1633 2564 0.01
1633 2356 0.2
1634 2238 0.01
1634 2440 0.05
1634 2790 0.2
1634 2423 0.05
1634 1847 0.01
1634 1639 0.05
1634 1890 0.05
1634 2212 0.2
1634 2944 0.01
1634 2312 0.01
1635 2245 0.01
1635 2477 0.01
1635 2335 0.05
1635 2533 0.01
1635 1712 0.01
1635 1939 0.01
1635 1910 0.05
1635 2719 0.01
1635 2850 0.05
1635 1837 0.01
1635 2271 0.05
1635 2250 0.05
1635 2713 0.05
1636 2649 0.05
1636 2935 0.05
1636 2569 0.01
1636 2506 0.05
1636 1843 0.2
1636 2300 0.2
1637 2783 0.01
1637 2336 0.2
1637 1996 0.05
1637 1717 0.2
1637 1972 0.2
1637 1955 0.01
1637 2050 0.01
1637 1853 0.01
1637 2749 0.01
1637 1904 0.01
1637 1889 0.01
1638 1801 0.01
1638 1868 0.01
1638 2535 0.01
1638 2189 0.2
1638 1683 0.2
1638 2135 0.01
1638 1900 0.2
1638 2246 0.01
1638 2973 0.05
1639 1641 0.2
1639 1984 0.2
1639 1720 0.01
1639 1761 0.05
1639 2989 0.01
1639 2701 0.01
1639 2406 0.01
1639 2472 0.2
1639 2316 0.01
1639 2806 0.2
1639 1816 0.2
1640 2713 0.01
1640 2412 0.01
1640 2082 0.05
1640 2535 0.2
1640 2232 0.2
1640 2194 0.2
1640 2389 0.2
1640 1714 0.01
1640 2428 0.2
1640 2536 0.01
1640 2318 0.05
1641 2692 0.05
1641 2741 0.01
1641 2384 0.05
1641 2514 0.05
1641 2418 0.01
1641 2487 0.2
1641 2429 0.05
1641 1730 0.2
1641 2288 0.05
1641 2669 0.05
1641 2674 0.05
1642 2531 0.05
1642 2613 0.01
1642 2890 0.2
1642 2327 0.2
1642 1949 0.2
1642 2814 0.05
1642 2709 0.05
1642 1647 0.2
1642 2060 0.2
1643 2077 0.01
1643 1698 0.05
1643 1988 0.2
1643 2561 0.2
1644 2048 0.2
1644 2252 0.2
1644 2354 0.01
1644 2403 0.01
1644 2045 0.05
1644 2900 0.05
1644 2033 0.2
1644 2796 0.05
1644 1883 0.05
1644 2709 0.05
1644 2964 0.01
1644 2584 0.2
1645 1961 0.2
1645 2970 0.01
1645 1730 0.05
1645 2376 0.2
1645 1833 0.05
1645 2612 0.2
1645 1738 0.2
1645 2772 0.01
1646 2778 0.2
1646 2788 0.01
1646 2355 0.2
1646 2575 0.2
1646 2717 0.2
1646 2642 0.01
1646 2660 0.2
1646 2344 0.01
1647 1797 0.01
1647 2678 0.2
1647 2382 0.01
1647 2613 0.2
1647 2601 0.05
1647 2549 0.05
1647 2847 0.05
1648 2866 0.01
1648 2098 0.2
1648 1959 0.05
1648 2442 0.2
1648 1674 0.2
1648 2924 0.2
1648 1766 0.05
1648 2738 0.2
1648 1953 0.01
1649 2982 0.01
1649 2409 0.05
1649 1953 0.05
1649 1755 0.05
1649 2033 0.2
1649 2425 0.2
1649 1864 0.2
1649 2446 0.01
1649 2185 0.05
1650 2744 0.2
1650 2709 0.2
1650 2336 0.2
1650 2592 0.01
1650 2381 0.2
1650 1875 0.2
1651 1705 0.05
1651 1686 0.05
1651 2439 0.2
1651 2501 0.01
1651 2925 0.2
1651 2114 0.2
1651 2504 0.2
1651 2646 0.05
1651 2081 0.2
1651 2420 0.05
1652 1757 0.05
1652 2199 0.05
1652 2808 0.05
1652 2351 0.2
1652 1836 0.2
1652 1895 0.05
1652 2096 0.05
1652 2162 0.2
1652 2316 0.05
1653 2529 0.05
1653 2561 0.2
1653 2339 0.05
1653 1674 0.2
1653 1857 0.05
1654 1862 0.05
1654 2980 0.05
1654 1827 0.05
1654 2959 0.01
1654 2150 0.2
1654 2124 0.2
1654 2567 0.2
1654 2349 0.2
1655 2107 0.01
1655 2457 0.01
1655 2090 0.05
1655 1746 0.05
1655 1760 0.01
1655 1872 0.2
1655 2262 0.05
1655 2566 0.2
1655 1770 0.01
1656 2966 0.01
1656 2348 0.2
1656 1852 0.2
1656 1773 0.01
1656 2470 0.05
1656 2419 0.01
1656 2193 0.01
1656 2580 0.2
1656 2626 0.01
1657 1714 0.05
1657 2045 0.05
1657 1703 0.05
1657 1981 0.2
1657 2716 0.01
1657 2966 0.2
1657 2879 0.2
1657 1929 0.01
1657 2942 0.05
1657 2035 0.05
1657 2337 0.2
1658 2332 0.2
1658 1994 0.05
1658 2296 0.05
1658 2612 0.05
1658 2745 0.01
1659 2371 0.05
1659 2694 0.01
1659 2629 0.2
1659 2942 0.2
1659 2547 0.05
1659 1848 0.05
1659 2195 0.05
1659 1770 0.01
1659 1792 0.2
1659 1836 0.2
1659 2862 0.05
1660 2616 0.01
1660 2454 0.01
1660 2870 0.05
1660 2584 0.01
1660 2479 0.01
1661 2925 0.01
1661 2375 0.01
1661 2364 0.01
1661 2603 0.01
1661 1989 0.2
1661 2436 0.05
1662 2115 0.2
1662 1953 0.05
1662 1724 0.2
1662 1784 0.2
1662 2282 0.2
1662 2727 0.01
1662 1839 0.2
1663 2611 0.2
1663 2805 0.2
1663 1880 0.01
1663 2418 0.01
1663 1975 0.2
1663 1934 0.2
1663 1726 0.01
1663 2912 0.2
1663 2468 0.2
1663 1860 0.05
1663 2007 0.05
1663 2827 0.05
1664 1989 0.05
1664 2542 0.2
1664 2949 0.01
1664 2760 0.01
1664 2772 0.2
1664 2751 0.2
1664 2865 0.2
1664 2511 0.01
1664 2314 0.05
1664 2797 0.2
1664 2082 0.01
1664 1753 0.05
1665 2087 0.2
1665 2188 0.2
1665 2630 0.2
1666 1826 0.2
1666 2352 0.01
1666 2712 0.2
1666 1870 0.2
1666 2210 0.2
1666 2308 0.2
1666 2047 0.01
1667 1937 0.05
1667 2073 0.01
1667 2265 0.01
1667 2080 0.2
1667 2897 0.2
1667 2050 0.2
1667 2581 0.01
1667 2290 0.05
1667 2991 0.2
1667 2915 0.05
1667 1891 0.01
1668 2150 0.05
1668 2062 0.05
1668 2413 0.2
1668 1900 0.01
1668 2676 0.2
1668 2618 0.05
1669 2761 0.05
1669 2718 0.05
1669 1994 0.01
1669 1932 0.2
1669 1733 0.2
1670 2221 0.05
1670 1856 0.2
1670 2940 0.2
1670 2520 0.05
1670 2196 0.05
1670 1683 0.01
1670 2066 0.01
1671 2262 0.2
1671 2098 0.05
1671 2817 0.01
1671 2389 0.05
1671 2476 0.2
1671 2962 0.2
1671 1740 0.2
1671 2003 0.05
1672 2731 0.2
1672 2659 0.05
1672 1800 0.01
1672 2245 0.05
1672 1918 0.01
1672 2093 0.05
1672 2011 0.05
1672 2375 0.2
1672 2484 0.01
1673 2464 0.2
1673 1724 0.05
1673 2253 0.01
1673 1855 0.05
1673 2942 0.01
1673 1675 0.2
1673 2498 0.2
1673 2897 0.2
1673 1890 0.05
1673 2121 0.05
1674 1805 0.01
1674 1838 0.05
1674 2998 0.01
1674 1810 0.2
1674 2350 0.2
1674 2382 0.05
1674 2257 0.01
1674 1980 0.2
1675 2027 0.2
1675 2538 0.05
1675 2217 0.01
1675 2517 0.01
1675 2793 0.2
1676 2955 0.01
1676 1879 0.01
1676 2227 0.01
1676 2237 0.05
1676 1991 0.05
1676 2914 0.05
1676 1803 0.05
1676 1967 0.01
1677 2354 0.01
1677 2102 0.2
1677 2616 0.2
1677 2434 0.01
1677 2617 0.2
1677 2270 0.05
1678 2625 0.01
1678 1729 0.05
1678 1821 0.01
1678 2011 0.01
1678 2244 0.05
1678 2521 0.05
1678 2088 0.2
1678 2535 0.2
1679 2681 0.2
1679 1858 0.2
1679 1847 0.01
1679 1822 0.2
1679 2121 0.01
1679 1885 0.05
1679 2541 0.01
1679 1860 0.2
1679 1999 0.2
1680 1783 0.2
1680 1695 0.2
1680 1889 0.01
1680 1713 0.01
1680 1883 0.01
1680 2466 0.01
1680 2161 0.01
1680 1722 0.01
1680 2774 0.2
1680 1736 0.2
1681 2037 0.2
1681 2601 0.05
1681 2308 0.01
1681 2134 0.05
1682 2153 0.01
1682 2237 0.01
1682 2889 0.05
1682 2630 0.05
1682 2905 0.01
1682 1922 0.2
1682 2976 0.01
1682 1733 0.05
1682 2443 0.01
1682 2141 0.05
1683 1734 0.01
1683 2651 0.05
1683 2725 0.2
1683 2166 0.05
1683 1815 0.01
1683 2609 0.05
1683 2778 0.05
1683 2393 0.05
1684 1695 0.05
1684 2264 0.05
1684 2629 0.05
1684 2262 0.01
1684 1799 0.01
1684 2577 0.01
1684 2040 0.01
1684 1740 0.05
1685 2980 0.05
1685 2959 0.2
1685 2368 0.01
1685 1760 0.05
1685 2390 0.05
1685 2199 0.2
1685 2279 0.2
1686 2743 0.01
1686 2841 0.05
1686 2523 0.2
1686 2370 0.05
1686 2356 0.05
1686 2985 0.01
1686 2782 0.01
1686 2613 0.2
1686 1915 0.01
1686 2839 0.05
1686 2180 0.01
1687 2318 0.01
1687 2043 0.2
1687 1743 0.05
1687 2461 0.2
1687 2528 0.05
1687 1937 0.2
1687 2981 0.05
1687 2228 0.05
1687 2492 0.01
1687 2832 0.01
1688 2593 0.05
1688 2554 0.05
1688 2075 0.05
1688 2774 0.01
1688 1854 0.05
1688 2547 0.01
1688 2899 0.05
1689 1907 0.2
1689 2475 0.01
1689 2191 0.01
1689 2455 0.2
1690 2303 0.01
1690 2645 0.05
1690 2637 0.05
1691 2828 0.01
1691 2128 0.05
1691 2031 0.05
1691 1740 0.05
1691 1900 0.01
1691 2196 0.05
1691 2689 0.2
1691 2839 0.05
1691 2765 0.2
1691 2439 0.05
1691 2213 0.2
1691 2004 0.2
1691 2728 0.05
1692 2261 0.05
1692 2109 0.2
1692 2072 0.2
1692 2392 0.01
1692 2384 0.01
1692 1918 0.05
1692 2329 0.01
1692 2369 0.05
1692 2595 0.05
1692 2775 0.01
1692 2259 0.05
1692 2744 0.05
1692 2566 0.2
1692 2042 0.05
1692 2849 0.05
1693 1756 0.2
1693 2567 0.01
1693 1895 0.2
1693 1926 0.05
1693 2765 0.01
1693 2383 0.05
1693 2335 0.01
1694 1734 0.2
1694 2158 0.01
1694 2991 0.2
1694 1703 0.05
1694 2117 0.01
1694 2194 0.05
1694 2515 0.2
1694 2877 0.01
1694 2461 0.2
1694 2108 0.05
1694 2034 0.01
1694 2179 0.05
1695 2019 0.01
1695 2415 0.2
1695 1844 0.01
1695 2464 0.2
1695 2276 0.2
1695 2692 0.05
1695 1701 0.2
1695 2165 0.2
1695 2325 0.05
1695 1894 0.05
1695 2199 0.01
1696 1810 0.01
1696 2571 0.01
1696 1938 0.05
1696 1931 0.01
1696 2334 0.01
1696 1952 0.01
1697 2579 0.05
1697 2691 0.2
1697 1797 0.2
1697 1925 0.2
1697 2207 0.01
1698 2520 0.01
1698 2757 0.05
1698 2460 0.05
1698 2771 0.01
1698 2864 0.2
1698 2084 0.05
1698 2885 0.05
1698 1725 0.2
1698 1849 0.01
1699 2133 0.2
1699 2855 0.2
1699 1743 0.2
1699 2174 0.01
1699 2942 0.2
1699 1768 0.01
1699 2311 0.2
1699 2873 0.01
1700 2286 0.05
1700 2962 0.01
1700 2198 0.2
1700 2741 0.01
1700 2778 0.05
1701 2102 0.01
1701 2052 0.01
1701 2095 0.2
1701 2881 0.2
1701 2968 0.2
1701 1842 0.01
1701 2803 0.2
1701 2200 0.01
1701 1988 0.05
1702 1800 0.01
1702 2908 0.05
1702 1819 0.2
1702 2030 0.01
1702 2361 0.01
1702 2066 0.2
1702 1866 0.05
1702 2905 0.05
1702 2518 0.05
1702 2588 0.2
1702 2094 0.01
1702 2475 0.01
1703 2875 0.2
1703 2224 0.2
1703 1867 0.01
1703 2022 0.2
1703 2264 0.05
1703 2189 0.2
1703 2227 0.2
1703 2774 0.01
1704 2483 0.01
1704 2950 0.2
1704 2885 0.2
1704 1753 0.01
1704 2607 0.01
1704 1891 0.01
1704 2150 0.05
1704 2066 0.01
1704 1763 0.01
1704 2735 0.2
1705 2852 0.01
1705 2331 0.2
1705 2628 0.01
1705 2323 0.2
1705 1706 0.2
1705 2025 0.01
1705 2264 0.05
1706 2337 0.05
1706 2531 0.01
1706 2282 0.05
1706 2795 0.05
1706 1837 0.2
1706 2727 0.01
1707 2477 0.05
1707 2757 0.05
1707 2680 0.05
1707 1900 0.01
1707 2975 0.2
1707 2238 0.2
1707 2324 0.2
1707 1787 0.05
1707 2836 0.01
1707 2097 0.05
1708 2655 0.2
1708 2194 0.01
1708 1816 0.01
1708 2820 0.05
1708 1879 0.01
1709 2908 0.2
1709 1886 0.01
1709 2413 0.01
1709 1943 0.01
1709 2525 0.2
1709 2939 0.05
1709 2960 0.2
1710 2949 0.01
1710 1970 0.01
1710 2858 0.2
1710 2865 0.01
1710 2832 0.05
1710 1929 0.01
1710 2887 0.01
1710 2244 0.05
1711 2150 0.01
1711 1886 0.05
1711 2417 0.05
1711 2522 0.01
1711 2912 0.2
1711 2962 0.2
1711 1971 0.05
1711 2148 0.2
1712 2520 0.01
1712 2207 0.2
1712 2817 0.05
1712 2454 0.05
1712 2675 0.2
1713 2833 0.2
1713 2442 0.01
1713 1878 0.05
1713 1958 0.2
1713 2894 0.2
1713 2331 0.01
1713 2028 0.2
1713 2858 0.05
1713 2734 0.01
1713 2369 0.05
1713 2409 0.05
1714 2160 0.2
1714 2140 0.05
1714 2494 0.01
1714 2250 0.05
1714 2028 0.2
1714 2877 0.01
1714 2500 0.2
1714 2444 0.2
1715 1942 0.2
1715 2963 0.2
1715 1770 0.01
1715 2380 0.01
1715 2808 0.2
1715 2782 0.2
1715 2421 0.01
1715 1763 0.05
1716 2212 0.05
1716 1743 0.05
1716 1977 0.2
1716 1972 0.01
1716 2646 0.01
1716 2430 0.05
1716 2608 0.01
1716 1801 0.05
1716 2211 0.01
1716 2863 0.2
1716 2882 0.05
1717 2692 0.01
1717 2518 0.01
1717 1832 0.2
1717 2727 0.05
1717 2950 0.2
1718 2232 0.05
1718 1949 0.2
1718 2445 0.2
1718 2547 0.2
1718 2846 0.2
1718 2673 0.2
1718 2924 0.05
1719 1858 0.01
1719 2617 0.01
1719 2149 0.2
1719 2815 0.01
1719 2326 0.01
1719 2936 0.01
1719 1760 0.01
1719 1994 0.05
1719 2403 0.01
1719 2943 0.05
1719 2283 0.01
1719 2875 0.05
1719 1857 0.2
1720 1818 0.2
1720 2180 0.01
1720 2050 0.05
1720 1881 0.2
1720 2439 0.2
1720 2830 0.01
1720 1811 0.01
1721 2852 0.05
1721 2231 0.05
1721 1857 0.01
1721 2336 0.05
1721 1882 0.05
1721 2959 0.01
1721 2785 0.2
1721 2397 0.05
1722 1910 0.2
1722 2042 0.05
1722 1868 0.05
1722 1978 0.05
1723 2710 0.2
1723 2138 0.01
1723 2600 0.05
1723 2563 0.05
1723 2298 0.05
1723 2033 0.05
1723 2914 0.2
1723 2291 0.01
1723 2359 0.05
1723 2398 0.05
1723 2418 0.05
1724 1971 0.01
1724 1744 0.05
1724 2254 0.05
1724 1999 0.01
1724 1979 0.01
1724 2341 0.05
1724 2340 0.05
1724 1927 0.2
1725 2137 0.05
1725 1966 0.2
1725 2611 0.2
1725 2612 0.01
1726 1947 0.05
1726 2637 0.2
1726 2178 0.05
1727 1958 0.01
1727 2585 0.05
1727 2169 0.01
1727 2415 0.01
1727 2928 0.2
1727 2647 0.01
1727 2477 0.2
1727 2772 0.01
1727 2435 0.05
1727 2709 0.05
1727 2699 0.05
1728 1786 0.2
1728 2360 0.2
1728 2409 0.01
1728 2836 0.05
1728 2944 0.2
1728 1835 0.05
1728 1738 0.01
1729 2787 0.2
1729 2561 0.2
1729 2897 0.05
1729 2952 0.05
1729 2525 0.01
1729 2483 0.2
1729 2191 0.2
1730 2694 0.2
1730 2938 0.2
1730 2776 0.05
1730 2867 0.05
1730 2069 0.05
1730 1986 0.05
1730 2458 0.05
1730 2338 0.01
1731 2859 0.2
1731 2975 0.2
1731 2069 0.01
1731 2786 0.2
1731 2820 0.05
1731 2033 0.2
1731 2976 0.05
1732 2953 0.01
1732 2695 0.05
1732 2417 0.05
1732 2396 0.01
1732 1848 0.05
1732 1833 0.2
1732 2726 0.01
1733 2484 0.01
1733 2153 0.2
1733 2446 0.05
1733 2812 0.01
1733 1926 0.01
1733 1748 0.01
1733 2972 0.05
1733 2945 0.01
1733 2881 0.2
1733 2536 0.05
1733 2981 0.05
1733 2836 0.01
1733 2171 0.05
1733 2021 0.2
1733 2017 0.05
1733 2049 0.2
1734 2598 0.05
1734 2746 0.01
1734 2874 0.05
1734 2312 0.2
1734 2606 0.05
1734 1792 0.2
1734 2910 0.01
1734 2719 0.05
1734 2340 0.01
1734 2075 0.05
1734 2824 0.01
1734 1950 0.2
1734 2007 0.2
1735 1945 0.2
1735 2273 0.01
1735 2824 0.01
1735 1827 0.05
1735 2513 0.05
1735 1819 0.2
1735 2727 0.01
1736 2711 0.2
1736 2042 0.01
1736 2984 0.2
1736 2024 0.01
1736 2345 0.2
1736 2497 0.01
1736 2743 0.01
1736 2401 0.2
1736 2286 0.05
1736 2199 0.2
1736 2649 0.2
1737 2827 0.01
1737 2178 0.2
1737 2807 0.2
1737 2086 0.2
1737 2648 0.01
1737 2028 0.01
1737 2983 0.01
1737 2119 0.2
1737 1823 0.01
1737 2255 0.05
1737 2305 0.01
1737 2095 0.2
1737 2251 0.01
1737 2694 0.01
1737 2643 0.2
1738 2978 0.2
1738 2099 0.2
1738 2299 0.05
1738 2397 0.01
1738 2019 0.01
1738 1912 0.2
1738 2944 0.05
1739 2476 0.2
1739 2851 0.05
1739 2991 0.05
1739 2598 0.2
1739 2468 0.01
1740 2829 0.01
1740 2877 0.01
1740 1839 0.2
1740 2615 0.01
1740 2264 0.05
1740 2860 0.2
1740 2309 0.01
1740 2341 0.2
1741 1810 0.2
1741 2098 0.01
1741 2294 0.01
1741 2243 0.05
1741 1770 0.01
1741 1837 0.01
1742 2254 0.01
1742 2771 0.2
1742 1800 0.01
1742 2307 0.01
1742 2765 0.05
1742 2033 0.2
1742 2103 0.2
1742 2935 0.01
1743 2552 0.05
1743 2175 0.05
1743 2864 0.2
1743 2275 0.2
1743 2401 0.2
1743 2699 0.2
1743 2161 0.01
1743 2251 0.05
1744 2221 0.2
1744 2396 0.2
1744 2881 0.2
1744 2485 0.2
1744 2022 0.05
1744 2692 0.01
1744 2095 0.01
1745 2668 0.05
1745 1847 0.01
1745 1962 0.01
1745 2393 0.01
1745 1832 0.01
1745 1766 0.05
1745 2734 0.01
1745 2371 0.2
1746 2810 0.01
1746 1892 0.2
1746 2629 0.05
1746 2998 0.05
1746 2009 0.2
1746 2098 0.01
1746 2507 0.01
1746 2666 0.01
1746 2792 0.05
1746 2436 0.2
1747 2067 0.01
1747 2081 0.05
1747 2828 0.01
1747 2525 0.05
1747 2425 0.01
1747 1753 0.05
1747 2901 0.2
1747 2063 0.05
1748 2872 0.01
1748 2478 0.05
1748 2452 0.05
1748 2652 0.01
1748 2158 0.2
1748 2715 0.2
1749 2276 0.2
1749 2493 0.2
1749 2637 0.05
1749 2852 0.2
1749 2568 0.01
1749 2915 0.2
1749 1961 0.01
1749 2174 0.2
1749 2593 0.05
1749 2546 0.01
1750 2254 0.05
1750 2366 0.01
1750 2752 0.01
1750 2072 0.01
1751 2890 0.2
1751 2110 0.2
1751 1797 0.05
1751 1777 0.05
1751 2572 0.01
1751 2591 0.01
1751 2844 0.2
1751 2239 0.2
1751 2128 0.2
1751 2260 0.2
1752 2132 0.05
1752 1943 0.2
1752 2745 0.05
1752 2277 0.2
1752 2368 0.05
1752 2043 0.01
1752 2244 0.01
1752 2041 0.05
1752 1826 0.01
1752 2359 0.05
1752 1883 0.2
1753 2591 0.01
1753 2990 0.01
1753 1901 0.05
1753 2839 0.05
1753 1959 0.2
1753 2950 0.2
1753 2017 0.05
1754 2390 0.01
1754 2182 0.05
1754 1879 0.01
1754 2110 0.2
1754 2901 0.05
1754 1974 0.2
1754 2030 0.2
1755 2632 0.2
1755 2172 0.01
1755 2213 0.01
1755 2339 0.01
1755 2849 0.05
1755 1817 0.2
1755 2467 0.2
1755 1952 0.05
1756 2410 0.2
1756 2459 0.05
1756 2422 0.2
1756 2593 0.2
1756 1854 0.01
1756 2958 0.05
1756 2186 0.01
1757 2505 0.2
1757 1840 0.01
1757 2048 0.2
1757 2601 0.2
1757 2248 0.2
1757 2240 0.05
1757 1790 0.2
1758 2358 0.2
1758 2594 0.05
1758 2505 0.2
1758 2768 0.05
1758 1782 0.01
1758 1761 0.05
1758 1913 0.05
1758 2579 0.2
1758 2054 0.01
1758 2812 0.2
1759 2455 0.2
1759 2475 0.2
1759 2441 0.05
1759 2324 0.2
1760 2382 0.2
1760 2085 0.2
1760 2213 0.05
1760 2468 0.05
1760 1843 0.01
1761 1849 0.2
1761 2538 0.05
1761 2553 0.05
1761 2540 0.2
1761 2576 0.2
1761 2286 0.05
1761 2487 0.01
1761 1798 0.01
1762 2479 0.05
1762 2896 0.01
1762 2431 0.2
1762 2184 0.01
1762 2216 0.2
1762 2387 0.2
1763 2037 0.2
1763 2973 0.2
1763 2342 0.01
1763 2445 0.01
1763 2273 0.05
1764 2013 0.01
1764 2080 0.01
1764 2010 0.05
1764 2164 0.01
1764 2118 0.05
1764 2127 0.2
1764 2401 0.01
1765 1838 0.01
1765 2420 0.2
1765 2181 0.05
1765 2021 0.01
1765 2801 0.01
1765 1823 0.05
1765 1896 0.01
1765 1844 0.05
1765 1944 0.2
1766 2677 0.01
1766 2214 0.05
1766 1781 0.05
1766 2957 0.2
1766 2020 0.2
1766 2748 0.2
1766 2089 0.2
1766 2165 0.05
1767 2659 0.05
1767 1956 0.01
1767 2313 0.01
1767 2868 0.2
1767 1806 0.2
1767 2490 0.05
1767 2091 0.2
1767 2802 0.01
1767 2866 0.2
1768 2876 0.05
1768 2920 0.01
1768 2572 0.05
1768 2119 0.01
1768 2057 0.01
1768 2155 0.05
1769 1875 0.05
1769 2756 0.01
1769 1838 0.01
1769 1808 0.01
1769 2998 0.2
1769 2855 0.2
1769 2529 0.2
1769 2692 0.2
1770 2692 0.05
1770 2274 0.2
1770 2906 0.05
1770 2020 0.2
1770 2899 0.2
1770 2033 0.01
1770 2433 0.2
1770 2548 0.01
1770 1812 0.2
1771 1915 0.2
1771 2873 0.05
1771 2037 0.05
1771 2002 0.2
1771 2224 0.2
1771 2933 0.05
1771 2834 0.01
1771 1887 0.05
1772 2059 0.01
1772 2710 0.01
1772 2396 0.05
1772 1782 0.2
1772 2737 0.05
1772 2609 0.05
1772 2388 0.05
1772 2036 0.2
1772 1878 0.01
1772 2392 0.05
1772 1926 0.01
1772 1951 0.01
1773 2717 0.01
1773 1814 0.05
1773 2054 0.05
1773 2947 0.01
1773 1918 0.2
1774 2350 0.01
1774 2945 0.2
1774 1816 0.01
1774 2613 0.2
1774 2711 0.2
1774 2393 0.01
1775 2496 0.01
1775 1998 0.01
1775 1863 0.01
1775 2676 0.05
1775 2105 0.01
1775 2285 0.2
1776 2516 0.01
1776 2813 0.01
1776 2318 0.05
1776 2188 0.05
1776 2552 0.01
1776 2430 0.01
1776 2421 0.05
1776 2082 0.05
1776 2114 0.05
1776 2999 0.2
1776 1820 0.2
1777 2047 0.05
1777 1889 0.01
1777 2261 0.2
1777 2112 0.2
1777 2686 0.2
1778 2583 0.2
1778 2575 0.2
1778 2498 0.2
1778 2707 0.01
1778 2459 0.2
1778 1891 0.2
1778 2947 0.05
1778 2258 0.2
1778 2645 0.2
1778 2454 0.2
1779 2443 0.05
1779 2858 0.05
1779 1966 0.01
1779 2710 0.05
1779 1938 0.2
1779 2498 0.01
1779 1822 0.05
1779 2017 0.05
1779 1785 0.01
1779 1988 0.05
1779 2237 0.2
1779 2961 0.2
1779 2116 0.01
1780 2172 0.2
1780 2077 0.01
1780 2581 0.05
1780 2272 0.05
1780 2639 0.2
1780 2297 0.2
1780 2375 0.05
1781 2713 0.2
1781 2310 0.2
1781 2931 0.01
1781 2993 0.01
1781 1863 0.05
1781 2995 0.2
1781 2236 0.05
1781 2455 0.01
1781 1818 0.2
1781 2620 0.01
1781 2220 0.2
1781 2466 0.01
1782 2648 0.01
1782 2232 0.01
1782 1858 0.05
1782 2794 0.2
1782 2374 0.05
1782 2071 0.05
1782 2033 0.2
1782 2749 0.2
1782 2478 0.01
1782 1886 0.2
1782 2832 0.2
1782 1936 0.2
1782 2548 0.01
1783 2798 0.01
1783 2458 0.01
1783 2323 0.01
1783 2285 0.05
1783 2289 0.05
1783 2615 0.2
1783 1972 0.01
1783 2235 0.05
1783 2225 0.05
1783 2440 0.05
1783 2664 0.01
1783 2353 0.2
1783 1798 0.01
1784 1904 0.2
1784 2732 0.01
1784 2321 0.05
1784 1877 0.05
1785 2397 0.01
1785 2394 0.05
1785 2780 0.2
1785 2520 0.2
1785 1941 0.2
1785 2023 0.01
1785 2519 0.2
1785 2626 0.05
1785 2682 0.05
1785 2532 0.01
1785 2540 0.2
1786 2903 0.01
1786 1958 0.01
1786 2099 0.05
1786 2266 0.05
1786 2420 0.01
1786 2343 0.01
1786 1873 0.2
1786 1956 0.01
1786 1951 0.05
1786 2507 0.2
1786 2298 0.05
1786 2005 0.05
1786 1851 0.01
1787 2010 0.01
1787 2353 0.05
1787 2571 0.2
1787 1872 0.01
1787 2142 0.01
1788 2694 0.2
1788 2013 0.05
1788 2714 0.05
1788 2284 0.01
1788 2252 0.2
1788 1874 0.05
1788 1877 0.05
1788 2679 0.2
1789 2618 0.05
1789 2853 0.05
1789 2538 0.2
1789 1844 0.05
1789 2181 0.2
1789 2729 0.2
1789 2857 0.01
1789 1955 0.2
1790 2296 0.01
1790 2295 0.01
1790 2088 0.2
1790 2865 0.05
1790 2690 0.2
1790 1869 0.05
1791 2861 0.05
1791 2597 0.2
1791 2834 0.2
1791 1858 0.05
1791 2519 0.05
1791 2200 0.2
1792 2953 0.01
1792 2546 0.05
1792 2289 0.05
1792 2011 0.2
1792 2202 0.01
1792 2678 0.01
1792 2293 0.05
1792 2454 0.2
1793 2898 0.2
1793 2591 0.2
1793 1872 0.2
1793 2036 0.01
1793 2484 0.01
1793 2670 0.05
1793 2351 0.2
1793 2616 0.2
1793 2002 0.2
1794 2225 0.2
1794 2032 0.05
1795 2978 0.2
1795 2705 0.2
1795 1996 0.2
1795 2217 0.01
1795 2166 0.01
1795 2692 0.01
1795 2071 0.01
1796 2688 0.2
1796 1830 0.05
1796 2807 0.01
1797 2586 0.2
1797 1993 0.01
1797 2953 0.01
1797 2384 0.05
1797 2936 0.2
1797 2971 0.2
1798 2024 0.01
1798 2695 0.05
1798 2525 0.2
1798 2417 0.05
1798 2206 0.01
1798 1827 0.01
1798 2441 0.2
1798 1903 0.01
1799 2146 0.05
1799 2527 0.05
1799 1955 0.2
1799 2199 0.2
1799 2958 0.01
1799 2249 0.01
1799 2649 0.2
1799 2987 0.2
1800 2758 0.2
1800 2942 0.2
1800 2182 0.2
1800 2826 0.01
1800 2277 0.01
1801 2920 0.2
1801 2996 0.05
1801 2783 0.05
1802 2706 0.05
1802 2607 0.01
1802 2822 0.05
1802 2660 0.01
1802 2060 0.2
1802 2595 0.01
1802 2727 0.05
1802 2156 0.2
1802 2308 0.05
1802 2769 0.05
1802 2139 0.01
1802 2446 0.05
1803 2662 0.05
1803 2075 0.05
1803 1887 0.05
1803 2653 0.2
1803 2076 0.01
1804 1960 0.01
1804 2336 0.05
1804 2028 0.2
1804 2168 0.01
1804 2210 0.05
1804 2130 0.2
1804 1887 0.05
1805 2893 0.05
1805 2198 0.05
1805 2029 0.05
1805 2393 0.01
1805 1868 0.01
1806 2395 0.05
1806 2946 0.05
1806 2391 0.05
1806 2182 0.05
1807 2237 0.2
1807 1869 0.05
1807 1928 0.05
1807 2942 0.2
1807 2094 0.2
1807 2607 0.05
1807 2949 0.01
1808 2930 0.2
1808 2072 0.05
1808 2007 0.01
1808 1987 0.05
1809 2259 0.2
1809 1904 0.2
1809 2131 0.01
1809 2850 0.01
1809 2784 0.2
1809 1912 0.2
1810 2447 0.05
1810 2853 0.01
1810 2663 0.2
1810 2843 0.2
1810 2629 0.01
1810 2235 0.05
1811 2767 0.05
1811 2668 0.2
1811 1920 0.05
1811 2686 0.05
1811 2552 0.2
1811 2856 0.05
1811 2484 0.01
1811 2207 0.2
1811 2039 0.2
1811 1969 0.05
1811 2432 0.01
1811 2557 0.01
1812 2812 0.05
1812 1882 0.05
1812 1968 0.01
1812 2221 0.2
1813 2843 0.2
1813 2632 0.05
1813 2452 0.2
1813 2417 0.01
1813 1962 0.2
1813 2962 0.2
1813 2496 0.01
1813 2090 0.05
1813 2559 0.05
1813 2671 0.05
1813 2445 0.2
1813 2028 0.05
1813 2436 0.05
1813 2951 0.05
1814 2944 0.2
1814 2007 0.01
1814 2884 0.05
1814 2664 0.2
1815 2254 0.05
1815 2566 0.01
1815 2385 0.01
1815 1924 0.01
1815 2793 0.01
1816 1821 0.05
1816 2917 0.05
1816 2645 0.2
1816 2625 0.2
1816 2716 0.05
1816 2134 0.01
1816 2131 0.05
1816 1988 0.05
1816 2945 0.2
1817 2214 0.01
1817 2449 0.01
1817 2071 0.01
1817 2470 0.05
1817 2140 0.05
1817 2812 0.01
1817 2645 0.05
1817 2102 0.05
1817 2466 0.2
1818 2825 0.01
1818 2001 0.05
1818 2814 0.01
1818 1852 0.05
1818 2531 0.01
1818 2846 0.2
1819 2500 0.2
1819 1880 0.05
1819 2776 0.2
1819 2594 0.2
1819 2918 0.01
1819 1824 0.01
1819 2161 0.2
1819 2311 0.01
1819 2038 0.01
1820 2125 0.05
1820 2073 0.01
1820 2204 0.05
1820 2566 0.05
1820 1991 0.01
1820 2686 0.01
1820 2487 0.2
1821 2954 0.2
1821 2822 0.01
1821 2870 0.05
1821 2187 0.01
1821 2595 0.05
1822 2785 0.01
1822 2133 0.01
1822 2604 0.05
1822 2031 0.2
1822 2193 0.05
1822 2976 0.01
1823 1875 0.05
1823 1986 0.05
1823 2750 0.05
1823 2159 0.2
1823 2884 0.01
1823 2568 0.01
1823 2444 0.01
1823 2641 0.05
1824 2773 0.01
1824 2966 0.01
1824 2338 0.05
1824 2673 0.2
1824 1886 0.05
1824 1896 0.01
1824 2179 0.05
1825 1993 0.01
1825 2437 0.01
1825 2886 0.2
1825 2182 0.2
1826 2244 0.01
1826 2864 0.01
1826 2933 0.01
1826 2298 0.2
1826 2050 0.01
1826 2156 0.2
1826 2077 0.2
1826 1949 0.01
1826 2070 0.01
1827 2883 0.01
1827 2433 0.05
1827 2990 0.2
1827 2702 0.01
1827 2500 0.01
1827 1943 0.05
1827 2828 0.2
1827 1882 0.05
1828 2561 0.05
1828 2519 0.2
1828 2145 0.05
1828 2202 0.01
1828 2852 0.05
1828 1938 0.01
1829 2206 0.2
1829 2163 0.2
1829 2699 0.05
1829 2321 0.01
1829 1945 0.01
1829 2563 0.01
1829 2443 0.01
1829 2255 0.05
1829 2379 0.05
1829 2229 0.05
1829 2405 0.2
1830 1996 0.2
1830 2608 0.01
1830 2472 0.05
1830 2237 0.05
1831 1923 0.01
1831 2141 0.2
1831 2725 0.2
1831 2684 0.05
1831 2457 0.05
1831 2084 0.01
1831 1944 0.2
1832 1853 0.01
1832 2339 0.2
1832 2284 0.05
1832 2106 0.2
1832 2766 0.01
1833 2636 0.01
1833 2606 0.05
1833 2559 0.05
1833 2906 0.2
1833 2802 0.01
1834 2824 0.01
1834 2344 0.05
1834 2349 0.01
1834 2534 0.2
1834 2441 0.2
1834 2704 0.05
1834 2357 0.05
1835 2347 0.05
1835 2035 0.2
1835 1860 0.05
1835 2773 0.01
1835 1941 0.05
1835 2823 0.05
1836 2857 0.01
1836 2603 0.2
1836 2579 0.2
1836 2289 0.01
1836 2275 0.2
1836 2545 0.01
1837 2520 0.01
1837 2487 0.01
1837 2335 0.01
1837 2521 0.01
1837 2970 0.05
1838 2789 0.2
1838 2557 0.2
1838 1978 0.2
1839 2925 0.01
1839 2610 0.05
1839 2527 0.01
1839 2426 0.01
1839 2629 0.2
1840 2102 0.01
1840 2597 0.01
1840 2598 0.2
1840 2158 0.05
1840 2018 0.05
1840 2753 0.05
1840 2767 0.05
1840 2087 0.2
1840 1913 0.01
1841 2425 0.01
1841 1908 0.05
1841 2397 0.01
1841 2861 0.01
1841 2584 0.01
1841 2710 0.2
1841 2426 0.2
1841 2978 0.01
1841 2603 0.2
1841 2010 0.01
1841 1897 0.05
1842 2341 0.01
1842 2555 0.2
1842 2732 0.01
1842 2583 0.05
1842 2483 0.2
1842 2411 0.2
1842 1994 0.01
1842 1876 0.2
1842 2686 0.05
1843 2261 0.05
1843 2287 0.2
1843 2429 0.2
1843 2314 0.05
1843 2114 0.2
1843 2371 0.05
1844 2252 0.05
1844 2142 0.05
1844 2472 0.2
1844 2530 0.05
1844 2577 0.2
1845 2823 0.2
1845 2796 0.05
1845 2078 0.01
1846 2595 0.05
1846 2208 0.01
1846 2241 0.05
1846 2368 0.05
1846 2716 0.01
1846 2248 0.01
1846 2636 0.05
1846 2913 0.01
1846 1963 0.2
1847 2537 0.01
1847 2581 0.01
1847 2530 0.01
1847 2029 0.05
1847 2487 0.05
1847 1953 0.2
1848 2883 0.05
1848 2348 0.2
1848 2669 0.05
1848 2744 0.01
1848 1996 0.2
1848 2970 0.05
1848 2437 0.05
1849 2119 0.05
1849 1959 0.05
1849 2617 0.2
1849 2917 0.2
1849 2762 0.01
1849 2620 0.01
1849 2753 0.01
1849 2061 0.01
1849 2846 0.01
1849 1939 0.01
1850 2646 0.05
1850 2564 0.01
1850 2492 0.01
1850 2334 0.01
1850 2049 0.05
1850 2066 0.01
1851 2710 0.05
1851 2081 0.05
1851 2183 0.05
1851 2570 0.01
1851 2067 0.01
1852 2317 0.2
1852 2278 0.2
1852 2039 0.01
1852 1942 0.2
1852 2479 0.2
1852 2262 0.05
1852 2020 0.01
1852 2151 0.2
1853 2028 0.2
1853 1991 0.2
1853 2541 0.05
1853 2937 0.2
1854 2320 0.2
1854 2960 0.01
1854 2069 0.01
1855 2176 0.01
1855 2927 0.01
1855 2095 0.05
1855 1895 0.01
1855 2893 0.2
1855 2253 0.01
1856 2526 0.05
1856 2750 0.01
1856 2847 0.2
1856 2544 0.2
1856 2484 0.2
1856 2266 0.01
1856 2277 0.2
1856 2989 0.01
1857 2603 0.05
1857 2443 0.05
1857 2616 0.05
1857 2659 0.2
1857 1959 0.05
1857 2743 0.01
1858 2878 0.01
1858 2070 0.2
1858 2202 0.2
1858 2331 0.2
1858 2820 0.01
1859 2879 0.2
1859 1920 0.01
1859 2573 0.05
1859 2294 0.2
1859 2902 0.01
1859 2651 0.01
1859 2699 0.01
1859 2011 0.01
1859 2827 0.01
1859 2709 0.2
1859 1892 0.01
1859 2710 0.01
1860 2784 0.2
1860 2197 0.05
1860 2939 0.05
1860 2488 0.01
1860 2705 0.01
1861 2020 0.05
1861 2589 0.01
1861 2402 0.2
1861 2332 0.01
1861 2584 0.05
1861 2283 0.2
1861 2856 0.05
1861 1936 0.05
1861 2626 0.05
1861 2036 0.2
1862 1999 0.05
1862 2259 0.2
1862 2811 0.05
1862 2255 0.01
1862 2457 0.01
1862 2965 0.01
1862 2008 0.2
1862 2053 0.2
1863 1899 0.05
1863 2745 0.01
1863 2642 0.05
1863 2607 0.2
1863 2932 0.2
1863 2434 0.01
1863 2972 0.01
1863 2534 0.05
1863 2161 0.2
1864 2032 0.2
1864 2354 0.01
1865 2530 0.2
1865 2371 0.01
1865 2479 0.2
1865 2100 0.2
1865 2664 0.01
1865 2984 0.01
1865 2844 0.05
1865 2955 0.01
1866 2785 0.01
1866 2805 0.05
1866 2448 0.05
1867 2981 0.2
1867 2657 0.2
1867 2724 0.2
1867 2315 0.01
1867 1919 0.05
1867 2653 0.05
1867 2930 0.2
1867 1916 0.2
1868 2750 0.2
1868 2938 0.05
1868 1935 0.05
1868 2247 0.05
1868 2758 0.05
1868 2966 0.05
1868 2054 0.05
1869 2431 0.05
1869 2716 0.01
1869 2206 0.2
1869 2057 0.05
1869 2652 0.2
1869 2912 0.01
1869 2634 0.2
1869 2076 0.2
1869 1990 0.01
1869 2073 0.05
1870 2265 0.05
1870 2447 0.01
1870 2986 0.01
1870 2331 0.01
1871 2309 0.2
1871 2860 0.05
1871 1882 0.05
1871 2513 0.2
1871 2371 0.01
1871 2616 0.05
1872 2551 0.05
1872 2736 0.05
1873 2316 0.2
1873 2697 0.2
1873 1903 0.2
1874 2332 0.01
1874 1987 0.01
1874 2912 0.05
1874 2677 0.01
1874 2641 0.2
1874 2868 0.2
1874 2416 0.05
1874 1899 0.2
1875 2528 0.05
1875 2050 0.2
1875 2283 0.2
1875 2694 0.01
1875 2174 0.2
1875 2387 0.01
1875 2409 0.01
1875 2480 0.01
1875 2702 0.01
1875 2427 0.2
1876 2635 0.2
1876 2651 0.05
1876 2822 0.2
1876 2863 0.05
1876 2689 0.2
1876 1917 0.2
1877 2544 0.05
1877 2993 0.05
1877 2777 0.05
1877 2010 0.2
1878 2762 0.05
1878 2038 0.2
1878 2202 0.05
1878 2289 0.2
1878 2852 0.05
1879 2633 0.2
1879 2994 0.05
1879 2805 0.2
1879 2147 0.2
1879 2556 0.05
1879 2156 0.05
1880 2936 0.05
1880 1888 0.01
1880 2327 0.2
1880 2485 0.05
1880 2257 0.01
1880 2890 0.01
1880 2680 0.2
1881 2988 0.05
1881 2336 0.05
1881 2332 0.01
1881 2339 0.2
1881 2588 0.2
1881 2782 0.2
1881 2674 0.01
1881 2249 0.05
1882 2929 0.01
1882 2715 0.05
1883 2603 0.2
1883 2976 0.01
1883 1970 0.05
1883 2723 0.01
1883 1931 0.01
1883 2280 0.01
1884 2824 0.2
1884 2833 0.01
1884 2010 0.05
1884 2531 0.01
1884 2291 0.2
1884 2969 0.01
1884 2641 0.05
1885 2898 0.05
1885 2121 0.05
1885 2534 0.2
1885 2379 0.05
1885 2093 0.01
1885 2275 0.01
1885 2641 0.01
1885 2883 0.2
1885 2691 0.2
1886 2199 0.05
1886 2408 0.05
1886 1993 0.05
1886 2070 0.05
1887 2791 0.2
1887 2606 0.2
1887 2389 0.01
1887 2584 0.05
1887 2166 0.2
1887 2111 0.2
1887 1936 0.01
1887 2655 0.01
1887 2095 0.05
1888 2612 0.01
1888 2182 0.01
1888 2235 0.05
1888 2457 0.05
1888 2421 0.05
1888 2064 0.2
1888 2442 0.2
1888 1890 0.01
1888 2901 0.01
1888 2388 0.2
1888 2149 0.2
1888 2375 0.05
1888 2565 0.2
1888 2861 0.01
1888 2186 0.01
1889 2640 0.2
1889 1960 0.2
1889 1985 0.2
1889 2048 0.01
1889 2718 0.05
1889 1990 0.05
1890 2901 0.2
1890 1904 0.05
1890 2520 0.01
1890 2021 0.01
1890 2951 0.2
1890 1948 0.05
1890 2294 0.05
1891 2767 0.01
1891 2257 0.2
1891 2015 0.01
1891 2145 0.2
1891 2083 0.01
1892 2222 0.2
1892 2909 0.2
1892 2910 0.2
1892 1897 0.01
1892 2482 0.2
1892 2735 0.01
1893 2755 0.2
1893 2957 0.2
1893 2482 0.2
1893 2635 0.01
1893 2090 0.2
1894 2988 0.2
1894 1919 0.01
1894 2691 0.2
1894 2125 0.05
1894 2801 0.01
1894 2035 0.05
1894 2679 0.01
1895 2377 0.2
1895 1965 0.2
1895 1939 0.05
1895 2359 0.2
1895 1933 0.2
1895 2010 0.05
1895 2078 0.05
1895 2994 0.01
1896 2758 0.05
1896 2795 0.01
1896 2319 0.05
1896 2640 0.2
1896 2713 0.01
1897 2046 0.05
1897 2026 0.01
1897 2438 0.2
1897 2672 0.01
1897 2056 0.05
1898 2190 0.05
1898 2892 0.01
1898 2696 0.05
1898 2493 0.2
1898 2475 0.05
1898 1940 0.05
1899 2587 0.2
1899 2854 0.05
1899 2663 0.01
1899 1902 0.01
1899 2436 0.05
1899 2827 0.2
1899 2048 0.05
1899 1911 0.01
1900 2023 0.2
1900 2026 0.05
1900 2908 0.2
1900 2443 0.01
1900 2814 0.05
1901 2602 0.01
1901 2068 0.2
1901 2565 0.01
1901 2883 0.05
1901 2125 0.05
1901 2745 0.05
1901 1954 0.05
1902 1983 0.05
1902 1948 0.01
1902 2663 0.2
1902 2147 0.05
1903 2848 0.2
1903 2052 0.2
1903 2956 0.05
1903 2286 0.05
1903 2205 0.01
1903 2688 0.2
1903 2662 0.01
1903 2781 0.01
1903 2401 0.05
1904 2561 0.05
1904 2117 0.05
1904 2191 0.2
1904 1948 0.01
1904 1967 0.01
1904 2010 0.2
1905 2098 0.05
1905 2919 0.05
1905 2189 0.05
1905 2824 0.05
1905 2921 0.05
1906 2909 0.01
1906 2324 0.01
1906 2189 0.01
1906 2869 0.2
1906 2284 0.01
1907 2809 0.01
1907 2228 0.01
1907 2668 0.2
1907 2846 0.2
1907 2601 0.2
1908 2222 0.2
1908 2785 0.2
1908 2945 0.05
1908 2968 0.2
1908 2812 0.01
1908 2156 0.01
1909 2327 0.01
1909 2112 0.01
1909 2572 0.01
1910 2906 0.05
1910 2555 0.2
1910 2789 0.01
1910 2567 0.01
1910 2155 0.2
1910 2860 0.2
1910 2391 0.2
1910 2094 0.2
1910 2253 0.2
1911 2122 0.01
1911 2643 0.01
1911 2651 0.2
1911 2704 0.2
1911 2415 0.01
1911 2605 0.2
1911 1979 0.01
1911 2794 0.01
1911 1984 0.2
1912 2986 0.01
1912 2042 0.01
1912 2247 0.2
1912 2239 0.05
1912 2980 0.01
1912 2649 0.05
1912 1914 0.05
1912 2002 0.05
1912 2648 0.2
1912 2491 0.05
1912 2721 0.01
1913 2214 0.2
1913 2891 0.05
1913 2969 0.2
1913 2030 0.01
1913 2403 0.2
1913 2231 0.2
1913 2485 0.01
1913 1938 0.2
1914 2706 0.01
1914 2456 0.05
1914 2730 0.2
1914 2851 0.05
1914 2854 0.05
1914 2356 0.05
1914 2657 0.01
1914 2520 0.2
1914 2782 0.01
1914 2310 0.2
1915 2030 0.01
1915 2818 0.2
1915 2844 0.2
1915 2757 0.05
1915 2299 0.05
1915 2896 0.01
1916 2961 0.05
1916 1951 0.2
1916 2363 0.05
1916 2235 0.2
1916 2770 0.2
1916 2289 0.05
1917 2440 0.01
1917 2868 0.05
1917 1983 0.2
1918 2999 0.2
1918 1955 0.05
1918 2631 0.2
1918 2350 0.01
1918 2413 0.2
1919 2959 0.01
1919 2057 0.01
1919 2434 0.01
1919 2158 0.01
1919 2812 0.05
1919 2215 0.05
1919 2570 0.01
1919 1977 0.01
1919 2149 0.01
1919 2487 0.01
1919 2347 0.05
1920 2476 0.01
1920 1961 0.05
1920 2102 0.2
1920 2541 0.01
1920 2203 0.05
1920 2914 0.2
1920 2854 0.05
1921 2889 0.05
1921 2099 0.05
1921 2576 0.2
1921 1946 0.01
1921 2721 0.05
1921 2613 0.01
1921 2703 0.05
1922 2030 0.05
1922 2928 0.2
1922 2472 0.05
1922 2684 0.05
1923 2959 0.05
1923 2408 0.05
1923 1950 0.01
1923 2575 0.01
1923 2459 0.2
1923 2276 0.01
1923 2294 0.05
1924 2432 0.2
1924 1949 0.01
1924 2913 0.01
1924 2847 0.01
1924 2307 0.01
1924 2094 0.2
1924 2560 0.2
1924 2697 0.05
1924 2980 0.05
1924 2231 0.2
1924 2392 0.05
1924 2521 0.01
1924 2408 0.01
1924 2086 0.05
1924 2143 0.05
1925 2224 0.05
1925 2128 0.01
1925 1983 0.01
1925 2521 0.01
1925 2339 0.05
1925 2514 0.2
1925 2050 0.2
1926 2188 0.2
1926 2777 0.2
1926 2417 0.05
1926 2448 0.05
1926 2920 0.05
1926 2506 0.01
1926 2297 0.01
1927 2125 0.05
1927 2087 0.2
1927 2797 0.05
1927 2253 0.05
1927 2702 0.01
1927 2172 0.05
1927 2344 0.2
1928 2249 0.01
1928 2488 0.2
1928 2654 0.05
1928 2199 0.01
1928 2421 0.05
1928 2428 0.01
1928 2523 0.01
1929 2396 0.2
1929 2013 0.2
1929 2387 0.05
1930 2484 0.2
1930 2532 0.2
1930 2360 0.01
1930 2775 0.2
1930 2579 0.01
1930 2977 0.2
1931 2979 0.2
1931 2404 0.2
1931 2938 0.2
1931 2787 0.2
1932 2723 0.2
1932 2562 0.2
1932 2172 0.05
1932 2311 0.05
1932 2797 0.2
1932 2920 0.2
1932 2534 0.2
1933 2210 0.01
1933 2679 0.01
1933 2174 0.01
1933 2335 0.05
1933 2317 0.2
1933 2713 0.2
1934 1976 0.05
1934 2700 0.2
1934 2919 0.01
1934 2937 0.2
1934 2505 0.05
1934 2456 0.05
1934 2806 0.05
1934 2952 0.2
1935 2607 0.01
1935 2086 0.01
1935 2480 0.05
1935 2563 0.01
1935 2869 0.2
1936 2846 0.01
1936 2299 0.2
1936 2014 0.05
1936 2359 0.01
1936 2617 0.05
1937 2457 0.01
1937 2622 0.05
1937 2081 0.01
1937 2891 0.2
1937 2576 0.05
1938 2267 0.01
1938 2246 0.05
1938 2368 0.2
1938 2872 0.01
1939 2742 0.05
1939 2525 0.05
1939 2652 0.2
1939 2916 0.01
1939 2024 0.01
1939 2949 0.01
1939 2560 0.2
1939 2315 0.2
1939 2977 0.05
1940 2127 0.01
1940 2026 0.01
1940 2388 0.2
1940 2051 0.2
1940 2928 0.05
1940 2115 0.01
1940 2242 0.05
1940 2831 0.2
1940 2437 0.2
1940 2048 0.01
1940 2698 0.2
1940 2677 0.05
1940 2109 0.05
1941 2893 0.2
1941 2287 0.2
1941 1958 0.2
1942 2971 0.01
1942 2561 0.01
1942 2069 0.05
1942 2349 0.2
1942 2477 0.05
1942 2425 0.2
1943 2444 0.01
1943 1962 0.05
1943 2037 0.2
1943 2411 0.01
1943 2072 0.2
1943 2536 0.05
1943 2251 0.05
1944 2345 0.01
1944 2151 0.05
1944 2898 0.2
1944 2722 0.05
1944 1959 0.2
1944 2584 0.05
1944 2578 0.2
1945 2299 0.01
1945 2354 0.05
1946 2702 0.01
1946 2503 0.05
1946 2829 0.05
1946 2175 0.01
1946 2949 0.05
1946 2698 0.01
1946 2947 0.2
1946 2657 0.2
1946 2064 0.2
1947 2193 0.05
1947 2849 0.05
1947 2353 0.2
1947 2357 0.05
1948 2053 0.01
1948 2674 0.05
1948 2614 0.2
1948 2701 0.05
1948 2730 0.2
1948 2735 0.2
1948 2284 0.01
1948 2901 0.01
1948 2442 0.2
1948 2454 0.01
1948 2050 0.2
1948 2628 0.01
1948 2543 0.05
1949 2263 0.2
1949 2840 0.2
1949 2843 0.01
1949 2336 0.2
1949 2853 0.01
1950 2645 0.05
1950 2181 0.2
1950 2696 0.2
1950 2727 0.05
1950 2876 0.2
1950 2596 0.01
1950 2016 0.05
1950 2550 0.2
1951 2579 0.05
1951 2657 0.05
1951 2075 0.2
1951 2987 0.01
1952 2059 0.01
1952 2818 0.01
1952 2548 0.2
1952 2891 0.2
1952 2211 0.2
1952 2549 0.05
1952 2726 0.05
1952 2924 0.2
1952 2285 0.2
1952 2041 0.01
1953 2401 0.05
1953 2961 0.01
1953 2164 0.05
1953 2185 0.2
1953 2881 0.2
1953 2661 0.01
1954 2686 0.2
1954 2867 0.05
1954 2722 0.01
1955 2664 0.05
1955 2470 0.05
1955 2964 0.05
1956 2102 0.05
1956 2815 0.05
1956 2512 0.01
1957 1987 0.05
1957 2708 0.05
1957 2018 0.01
1957 2910 0.05
1957 2577 0.05
1957 2769 0.05
1957 2354 0.2
1958 2316 0.05
1958 2350 0.05
1959 2152 0.2
1959 2214 0.05
1959 2376 0.05
1959 2584 0.01
1959 2954 0.2
1959 2601 0.05
1959 2497 0.01
1959 2808 0.05
1959 2530 0.05
1959 2489 0.01
1959 2280 0.05
1959 2191 0.01
1960 2587 0.2
1960 2944 0.2
1960 2693 0.01
1960 2586 0.01
1960 2899 0.05
1961 2765 0.2
1961 2996 0.05
1961 2051 0.2
1961 2957 0.05
1961 2173 0.01
1961 2421 0.05
1961 2669 0.01
1962 2449 0.05
1962 2255 0.01
1962 2035 0.05
1962 2364 0.2
1962 1982 0.05
1963 2518 0.05
1963 2766 0.05
1964 2230 0.2
1964 2039 0.01
1964 2960 0.05
1964 2383 0.05
1964 2282 0.2
1964 2915 0.01
1965 2701 0.05
1965 1986 0.2
1965 2058 0.2
1965 2225 0.01
1966 2013 0.01
1967 2387 0.05
1967 2305 0.01
1967 2975 0.01
1967 2195 0.01
1967 2048 0.01
1967 2412 0.01
1967 2443 0.01
1968 2626 0.2
1968 2316 0.2
1968 2671 0.2
1968 2242 0.01
1969 2290 0.2
1969 2973 0.01
1969 2343 0.05
1969 2928 0.2
1969 2839 0.2
1969 2066 0.01
1970 2656 0.05
1970 2225 0.01
1970 2552 0.01
1970 2912 0.01
1970 2786 0.01
1971 2840 0.2
1971 2736 0.01
1971 2370 0.01
1971 2190 0.01
1971 2189 0.2
1971 2312 0.05
1972 2210 0.05
1972 2828 0.05
1972 2316 0.05
1972 2081 0.2
1972 2494 0.2
1972 2008 0.01
1973 2301 0.05
1973 2423 0.2
1973 2339 0.05
1974 1994 0.2
1974 2263 0.05
1974 2151 0.01
1974 1991 0.2
1974 2705 0.05
1974 2268 0.01
1974 2690 0.01
1974 2150 0.2
1974 2902 0.01
1974 2170 0.01
1974 2645 0.2
1974 2179 0.01
1975 2689 0.01
1975 2893 0.05
1975 2930 0.05
1975 2592 0.2
1975 2738 0.2
1976 2283 0.01
1976 2048 0.05
1976 2779 0.05
1976 2301 0.2
1976 2441 0.01
1976 2304 0.2
1977 2513 0.01
1977 2419 0.2
1977 2545 0.05
1977 2258 0.01
1977 2679 0.2
1977 2692 0.01
1977 2574 0.05
1978 2134 0.2
1978 1999 0.2
1978 2082 0.05
1978 2247 0.05
1978 2903 0.05
1978 2017 0.2
1978 2640 0.01
1978 2341 0.05
1978 2664 0.2
1978 2184 0.05
1979 2525 0.01
1979 2327 0.05
1979 2931 0.05
1979 2077 0.01
1979 2507 0.2
1979 2723 0.05
1979 2495 0.2
1980 2204 0.05
1980 2998 0.01
1980 2611 0.01
1980 2697 0.05
1980 2605 0.2
1980 2912 0.01
1981 2965 0.2
1981 2309 0.05
1981 2642 0.2
1981 2003 0.05
1981 2397 0.05
1981 2695 0.05
1981 2758 0.05
1982 2298 0.2
1982 2148 0.2
1982 2784 0.01
1983 2498 0.01
1983 2440 0.05
1983 2478 0.2
1983 2172 0.01
1983 2453 0.2
1983 2244 0.05
1983 2731 0.01
1984 2567 0.01
1984 2115 0.01
1984 2094 0.2
1984 2787 0.01
1984 2322 0.2
1984 2335 0.2
1984 2352 0.2
1985 2860 0.05
1985 2445 0.01
1985 2585 0.2
1985 2358 0.05
1986 2007 0.2
1986 2477 0.01
1987 2318 0.01
1987 2894 0.05
1987 2565 0.2
1987 2516 0.05
1988 2740 0.05
1988 2682 0.01
1988 2293 0.2
1988 2982 0.05
1988 2920 0.05
1988 2130 0.01
1988 2103 0.2
1988 2204 0.01
1988 2913 0.2
1989 2486 0.2
1989 2410 0.01
1989 2437 0.2
1989 2423 0.01
1989 2772 0.2
1990 2997 0.2
1990 2959 0.05
1990 2642 0.05
1990 2448 0.2
1990 2895 0.2
1991 2430 0.2
1991 2102 0.01
1991 2547 0.01
1991 2801 0.2
1991 2654 0.05
1991 2117 0.05
1991 2266 0.01
1992 2562 0.01
1992 2717 0.05
1992 2299 0.2
1992 2485 0.01
1992 2014 0.05
1992 2951 0.2
1992 2797 0.01
1992 2906 0.2
1992 2482 0.05
1992 2620 0.2
1993 2942 0.2
1993 2429 0.05
1993 2954 0.2
1993 2428 0.05
1993 2044 0.01
1993 2761 0.2
1994 2568 0.2
1994 2739 0.05
1994 2644 0.05
1994 2057 0.2
1995 2659 0.01
1995 2148 0.05
1995 2832 0.05
1995 2714 0.05
1995 2474 0.05
1995 2041 0.01
1995 2946 0.05
1996 2979 0.01
1996 2248 0.05
1996 2395 0.2
1996 2463 0.2
1996 2024 0.01
1997 2980 0.05
1998 2943 0.2
1998 2700 0.01
1998 2296 0.05
1998 2596 0.01
1998 2159 0.2
1999 2530 0.01
1999 2329 0.01
1999 2210 0.2
1999 2705 0.2
1999 2453 0.01
2000 2238 0.01
2000 2091 0.2
2000 2479 0.01
2001 2274 0.01
2001 2963 0.2
2001 2904 0.2
2001 2171 0.01
2001 2234 0.2
2001 2879 0.05
2001 2652 0.2
2001 2016 0.01
2002 2388 0.05
2002 2880 0.2
2002 2392 0.05
2002 2006 0.2
2002 2484 0.2
2002 2346 0.01
2002 2371 0.2
2002 2840 0.05
2002 2467 0.05
2003 2707 0.05
2003 2137 0.2
2003 2253 0.05
2003 2477 0.01
2003 2968 0.01
2003 2408 0.2
2003 2416 0.01
2003 2398 0.01
2003 2909 0.01
2003 2573 0.01
2003 2263 0.01
2003 2188 0.01
2004 2521 0.2
2004 2161 0.2
2004 2036 0.01
2004 2279 0.05
2004 2726 0.2
2005 2997 0.01
2005 2411 0.01
2005 2438 0.05
2005 2125 0.2
2005 2900 0.01
2005 2325 0.01
2006 2180 0.2
2006 2153 0.01
2006 2817 0.01
2006 2430 0.01
2006 2775 0.05
2006 2899 0.01
2006 2815 0.01
2007 2855 0.05
2007 2667 0.05
2007 2032 0.01
2007 2977 0.05
2008 2039 0.01
2008 2363 0.05
2008 2899 0.01
2009 2628 0.2
2009 2345 0.01
2009 2898 0.2
2009 2268 0.2
2009 2703 0.2
2009 2987 0.2
2009 2509 0.01
2009 2070 0.05
2009 2890 0.2
2010 2915 0.2
2010 2251 0.2
2010 2699 0.2
2010 2248 0.05
2011 2358 0.2
2011 2116 0.2
2011 2217 0.01
2011 2038 0.2
2011 2628 0.01
2011 2448 0.01
2011 2098 0.2
2012 2685 0.01
2012 2994 0.01
2012 2298 0.01
2012 2712 0.2
2012 2801 0.2
2013 2761 0.05
2013 2904 0.05
2013 2386 0.05
2013 2206 0.01
2013 2811 0.2
2013 2851 0.2
2013 2230 0.2
2013 2733 0.05
2013 2566 0.01
2014 2600 0.01
2014 2804 0.2
2014 2817 0.2
2014 2751 0.01
2014 2800 0.2
2014 2832 0.05
2014 2080 0.01
2014 2696 0.01
2014 2959 0.01
2014 2738 0.01
2015 2643 0.2
2015 2971 0.01
2015 2206 0.05
2015 2969 0.2
2015 2831 0.05
2015 2289 0.2
2015 2550 0.2
2015 2498 0.01
2016 2353 0.01
2016 2129 0.05
2017 2717 0.05
2017 2186 0.2
2017 2585 0.05
2017 2242 0.05
2017 2179 0.05
2017 2692 0.05
2017 2704 0.01
2018 2883 0.01
2018 2269 0.05
2018 2878 0.01
2018 2892 0.2
2018 2167 0.01
2018 2597 0.05
2018 2623 0.2
2018 2742 0.2
2018 2019 0.2
2018 2452 0.2
2018 2366 0.2
2018 2944 0.05
2018 2175 0.05
2018 2177 0.05
2019 2433 0.01
2019 2728 0.01
2019 2508 0.2
2019 2223 0.05
2019 2034 0.2
2020 2423 0.2
2020 2390 0.05
2020 2525 0.01
2020 2521 0.01
2021 2087 0.01
2021 2124 0.05
2021 2077 0.05
2021 2459 0.2
2021 2079 0.05
2021 2192 0.2
2021 2548 0.01
2022 2211 0.2
2022 2508 0.01
2022 2426 0.05
2022 2769 0.05
2022 2023 0.01
2023 2147 0.01
2023 2290 0.2
2023 2049 0.01
2023 2467 0.01
2023 2566 0.05
2023 2783 0.2
2024 2759 0.01
2024 2359 0.2
2024 2124 0.2
2024 2691 0.01
2024 2295 0.01
2025 2723 0.2
2025 2767 0.05
2025 2288 0.05
2025 2807 0.01
2025 2682 0.05
2026 2420 0.2
2026 2550 0.2
2026 2469 0.05
2026 2283 0.05
2026 2824 0.05
2026 2702 0.2
2026 2837 0.05
2026 2242 0.2
2026 2568 0.2
2027 2447 0.05
2027 2984 0.05
2027 2500 0.01
2027 2968 0.2
2027 2167 0.2
2028 2251 0.2
2028 2159 0.05
2028 2479 0.05
2028 2830 0.01
2028 2085 0.01
2028 2057 0.01
2028 2074 0.05
2028 2523 0.01
2028 2080 0.2
2028 2082 0.01
2029 2792 0.05
2029 2375 0.2
2029 2981 0.01
2029 2706 0.01
2029 2839 0.01
2029 2930 0.2
2030 2560 0.2
2030 2174 0.2
2030 2354 0.2
2031 2778 0.05
2031 2326 0.2
2031 2930 0.01
2031 2152 0.05
2032 2670 0.05
2032 2174 0.2
2032 2983 0.2
2033 2245 0.05
2033 2304 0.2
2033 2555 0.05
2033 2484 0.05
2033 2311 0.01
2033 2346 0.2
2033 2536 0.01
2033 2961 0.05
2033 2360 0.2
2034 2059 0.2
2034 2068 0.01
2034 2270 0.01
2035 2602 0.2
2035 2980 0.2
2035 2652 0.01
2035 2164 0.05
2035 2449 0.2
2035 2797 0.2
2035 2762 0.05
2036 2100 0.01
2036 2437 0.05
2036 2206 0.2
2036 2546 0.01
2036 2071 0.2
2036 2758 0.2
2036 2834 0.05
2036 2933 0.01
2037 2834 0.01
2037 2684 0.05
2037 2258 0.2
2037 2571 0.01
2037 2706 0.05
2037 2631 0.05
2037 2719 0.05
2037 2474 0.01
2038 2388 0.05
2038 2588 0.2
2038 2944 0.01
2038 2075 0.05
2039 2568 0.01
2039 2272 0.01
2039 2486 0.01
2040 2108 0.05
2040 2993 0.2
2040 2503 0.2
2040 2780 0.01
2040 2743 0.01
2040 2170 0.01
2040 2142 0.05
2040 2452 0.05
2041 2561 0.2
2042 2226 0.05
2042 2964 0.05
2043 2393 0.2
2043 2056 0.05
2044 2970 0.05
2044 2710 0.05
2044 2864 0.05
2044 2964 0.05
2044 2078 0.01
2044 2124 0.05
2044 2945 0.01
2044 2486 0.01
2044 2768 0.05
2045 2255 0.05
2045 2756 0.2
2045 2782 0.05
2045 2166 0.05
2045 2533 0.05
2046 2187 0.2
2046 2060 0.2
2046 2827 0.2
2046 2762 0.2
2046 2301 0.2
2046 2639 0.01
2046 2503 0.2
2046 2350 0.05
2046 2636 0.01
2046 2986 0.2
2046 2734 0.05
2047 2444 0.05
2047 2937 0.2
2047 2430 0.05
2047 2251 0.2
2047 2910 0.2
2047 2406 0.2
2048 2484 0.2
2048 2727 0.01
2048 2436 0.01
2048 2749 0.01
2049 2288 0.01
2049 2828 0.05
2049 2059 0.2
2049 2923 0.01
2049 2052 0.01
2050 2984 0.2
2050 2183 0.2
2050 2316 0.2
2050 2642 0.01
2050 2852 0.01
2051 2066 0.2
2051 2124 0.01
2051 2148 0.01
2052 2155 0.05
2052 2442 0.01
2053 2157 0.2
2053 2228 0.05
2053 2286 0.01
2054 2949 0.05
2055 2174 0.2
2055 2504 0.05
2055 2100 0.2
2055 2973 0.01
2055 2493 0.01
2055 2233 0.2
2055 2325 0.2
2055 2178 0.01
2056 2757 0.01
2056 2725 0.01
2056 2248 0.2
2057 2316 0.01
2057 2858 0.01
2057 2820 0.05
2057 2991 0.05
2057 2193 0.01
2057 2565 0.01
2057 2908 0.01
2057 2337 0.05
2058 2810 0.2
2058 2935 0.01
2058 2350 0.01
2058 2334 0.01
2058 2558 0.2
2058 2984 0.2
2058 2210 0.05
2058 2556 0.2
2058 2119 0.01
2059 2163 0.05
2059 2908 0.2
2059 2939 0.2
2059 2079 0.2
2059 2704 0.2
2060 2298 0.2
2060 2845 0.01
2060 2077 0.2
2060 2475 0.2
2060 2966 0.05
2060 2717 0.2
2061 2411 0.05
2061 2380 0.2
2061 2869 0.2
2061 2219 0.05
2061 2705 0.01
2061 2103 0.01
2061 2861 0.2
2061 2710 0.01
2062 2786 0.2
2062 2352 0.2
2062 2715 0.01
2062 2124 0.05
2062 2563 0.2
2062 2994 0.01
2062 2538 0.2
2062 2556 0.2
2063 2145 0.01
2063 2898 0.2
2063 2259 0.01
2063 2387 0.2
2063 2419 0.2
2063 2530 0.2
2063 2632 0.2
2063 2982 0.05
2063 2191 0.01
2063 2877 0.2
2064 2144 0.01
2064 2644 0.2
2064 2672 0.01
2064 2817 0.05
2065 2413 0.01
2065 2803 0.01
2065 2379 0.05
2066 2415 0.05
2066 2083 0.05
2066 2935 0.2
2066 2957 0.05
2066 2394 0.01
2066 2954 0.01
2066 2229 0.01
2067 2356 0.2
2067 2500 0.01
2067 2292 0.05
2067 2486 0.2
2068 2335 0.01
2068 2697 0.2
2068 2218 0.05
2068 2393 0.2
2068 2871 0.05
2068 2840 0.05
2069 2465 0.01
2069 2172 0.05
2069 2629 0.2
2069 2140 0.05
2069 2911 0.2
2069 2389 0.2
2070 2243 0.2
2070 2674 0.2
2070 2820 0.05
2070 2948 0.05
2070 2521 0.05
2070 2220 0.05
2071 2220 0.2
2071 2465 0.01
2071 2719 0.01
2072 2613 0.2
2072 2319 0.05
2072 2330 0.01
2072 2711 0.01
2072 2269 0.01
2072 2536 0.05
2072 2359 0.05
2073 2973 0.2
2073 2237 0.01
2074 2560 0.05
2074 2390 0.01
2074 2505 0.05
2074 2803 0.05
2074 2142 0.05
2074 2280 0.01
2074 2809 0.01
2074 2144 0.2
2074 2126 0.01
2075 2188 0.2
2075 2906 0.2
2075 2252 0.01
2075 2368 0.2
2075 2335 0.05
2076 2902 0.01
2076 2650 0.05
2077 2087 0.2
2077 2587 0.05
2077 2291 0.01
2077 2968 0.01
2077 2526 0.01
2077 2636 0.01
2077 2948 0.01
2078 2367 0.2
2078 2228 0.2
2078 2568 0.05
2078 2235 0.01
2078 2803 0.05
2078 2185 0.2
2078 2570 0.05
2079 2494 0.01
2079 2210 0.01
2079 2269 0.2
2079 2114 0.05
2079 2603 0.01
2079 2915 0.05
2079 2832 0.2
2080 2622 0.2
2080 2586 0.01
2080 2494 0.01
2080 2121 0.01
2081 2455 0.01
2081 2931 0.2
2081 2709 0.05
2081 2214 0.01
2081 2864 0.05
2081 2134 0.01
2082 2303 0.2
2082 2906 0.05
2082 2485 0.05
2082 2916 0.01
2082 2713 0.2
2082 2092 0.01
2082 2726 0.05
2082 2447 0.05
2083 2106 0.05
2083 2773 0.05
2083 2959 0.2
2083 2261 0.05
2083 2116 0.01
2083 2454 0.05
2083 2578 0.05
2083 2254 0.05
2083 2448 0.01
2083 2174 0.2
2084 2889 0.2
2084 2610 0.2
2085 2467 0.2
2085 2642 0.05
2085 2513 0.05
2085 2425 0.01
2085 2655 0.05
2085 2430 0.01
2085 2547 0.2
2086 2627 0.05
2087 2259 0.05
2087 2363 0.2
2088 2173 0.05
2088 2761 0.2
2088 2106 0.05
2088 2131 0.05
2088 2449 0.01
2089 2239 0.2
2089 2899 0.05
2089 2277 0.2
2090 2757 0.01
2090 2426 0.05
2090 2343 0.2
2091 2112 0.2
2091 2429 0.2
2091 2117 0.05
2091 2550 0.2
2092 2936 0.2
2092 2619 0.2
2092 2308 0.05
2093 2623 0.01
2093 2324 0.05
2093 2278 0.2
2093 2327 0.05
2093 2678 0.05
2093 2682 0.01
2093 2748 0.2
2094 2483 0.01
2094 2267 0.2
2094 2477 0.01
2094 2987 0.05
2094 2893 0.05
2094 2588 0.01
2094 2718 0.05
2095 2713 0.01
2095 2944 0.05
2095 2507 0.01
2095 2478 0.2
2095 2260 0.01
2095 2577 0.2
2095 2254 0.01
2095 2358 0.01
2095 2337 0.01
2096 2751 0.01
2096 2254 0.01
2096 2868 0.05
2096 2772 0.2
2096 2243 0.05
2097 2267 0.2
2097 2390 0.01
2097 2626 0.01
2098 2766 0.2
2098 2411 0.01
2099 2578 0.2
2099 2356 0.05
2099 2558 0.01
2099 2971 0.05
2099 2259 0.2
2099 2707 0.05
2099 2752 0.01
2099 2633 0.2
2099 2650 0.2
2099 2670 0.05
2099 2270 0.2
2100 2583 0.2
2100 2473 0.01
2101 2669 0.01
2101 2358 0.01
2101 2439 0.01
2101 2137 0.05
2102 2431 0.01
2102 2167 0.2
2102 2742 0.2
2102 2733 0.01
2102 2606 0.2
2103 2429 0.01
2103 2812 0.01
2103 2434 0.2
2103 2721 0.2
2104 2734 0.01
2104 2762 0.01
2104 2795 0.05
2105 2161 0.05
2105 2521 0.2
2105 2518 0.05
2106 2733 0.05
2106 2553 0.05
2106 2852 0.2
2106 2567 0.2
2106 2999 0.05
2107 2635 0.2
2107 2272 0.05
2107 2161 0.05
2107 2965 0.05
2107 2993 0.01
2108 2763 0.05
2108 2326 0.2
2108 2117 0.05
2108 2781 0.2
2108 2277 0.2
2108 2830 0.01
2108 2737 0.05
2108 2337 0.05
2108 2280 0.05
2108 2845 0.2
2109 2806 0.2
2109 2414 0.2
2109 2840 0.05
2109 2644 0.01
2109 2587 0.05
2109 2157 0.05
2110 2588 0.01
2110 2559 0.05
2110 2686 0.05
2111 2483 0.2
2111 2475 0.05
2111 2633 0.05
2111 2743 0.2
2112 2503 0.2
2112 2869 0.2
2113 2587 0.05
2113 2643 0.01
2113 2469 0.01
2113 2955 0.2
2114 2880 0.05
2114 2794 0.01
2114 2984 0.01
2114 2362 0.05
2114 2273 0.05
2114 2366 0.2
2114 2238 0.2
2115 2922 0.01
2115 2385 0.01
2115 2967 0.05
2115 2576 0.05
2116 2339 0.01
2116 2670 0.2
2116 2277 0.01
2116 2604 0.05
2116 2433 0.2
2116 2427 0.2
2117 2583 0.01
2117 2826 0.01
2117 2696 0.2
2117 2129 0.05
2117 2182 0.2
2117 2619 0.05
2117 2154 0.2
2117 2352 0.01
2117 2722 0.2
2118 2142 0.01
2118 2641 0.01
2118 2357 0.2
2119 2206 0.01
2119 2638 0.01
2120 2485 0.01
2120 2503 0.01
2120 2310 0.05
2120 2769 0.01
2120 2295 0.05
2120 2358 0.2
2121 2850 0.2
2121 2719 0.01
2121 2768 0.05
2122 2690 0.05
2122 2860 0.05
2122 2919 0.01
2122 2776 0.01
2122 2951 0.01
2123 2770 0.05
2123 2841 0.01
2123 2658 0.01
2124 2285 0.2
2124 2379 0.05
2124 2988 0.2
2125 2289 0.01
2125 2457 0.2
2125 2734 0.01
2125 2701 0.01
2125 2580 0.05
2125 2391 0.05
2126 2142 0.01
2126 2658 0.2
2126 2215 0.05
2127 2808 0.05
2127 2841 0.01
2127 2525 0.05
2127 2200 0.2
2128 2986 0.01
2128 2195 0.2
2128 2898 0.01
2129 2704 0.2
2129 2485 0.05
2129 2149 0.01
2129 2332 0.2
2130 2469 0.01
2130 2342 0.01
2130 2373 0.05
2130 2382 0.2
2130 2795 0.01
2130 2923 0.01
2130 2275 0.01
2130 2800 0.05
2130 2682 0.01
2131 2442 0.01
2131 2148 0.01
2131 2587 0.2
2132 2554 0.01
2132 2699 0.2
2132 2569 0.01
2132 2435 0.2
2132 2687 0.2
2132 2449 0.01
2133 2404 0.01
2133 2694 0.05
2133 2409 0.05
2133 2895 0.2
2133 2199 0.05
2133 2490 0.2
2134 2342 0.05
2134 2687 0.05
2134 2583 0.2
2134 2461 0.05
2134 2341 0.2
2134 2236 0.01
2134 2693 0.01
2134 2152 0.01
2135 2704 0.01
2135 2882 0.05
2135 2888 0.01
2135 2453 0.2
2135 2919 0.2
2135 2896 0.05
2136 2340 0.01
2136 2933 0.2
2136 2437 0.2
2136 2447 0.01
2137 2664 0.05
2137 2720 0.05
2137 2335 0.01
2137 2161 0.01
2137 2324 0.05
2137 2480 0.05
2137 2435 0.2
2137 2854 0.2
2137 2848 0.05
2138 2243 0.2
2138 2824 0.01
2138 2364 0.05
2138 2717 0.2
2138 2965 0.2
2138 2276 0.01
2138 2444 0.2
2139 2386 0.2
2139 2787 0.2
2139 2168 0.05
2139 2393 0.05
2140 2406 0.2
2140 2367 0.2
2140 2697 0.01
2140 2955 0.2
2140 2183 0.05
2140 2820 0.05
2141 2497 0.01
2141 2625 0.2
2141 2348 0.01
2141 2667 0.01
2141 2519 0.2
2141 2725 0.2
2141 2457 0.05
2142 2733 0.2
2142 2985 0.2
2142 2628 0.05
2142 2690 0.05
2142 2791 0.01
2142 2211 0.2
2142 2545 0.05
2142 2250 0.01
2142 2272 0.2
2143 2961 0.05
2143 2319 0.01
2143 2887 0.05
2143 2897 0.05
2144 2620 0.2
2144 2330 0.05
2144 2234 0.2
2144 2364 0.05
2145 2888 0.2
2145 2897 0.2
2145 2446 0.01
2145 2423 0.2
2145 2386 0.05
2145 2426 0.01
2145 2785 0.01
2145 2318 0.01
2146 2798 0.05
2146 2857 0.05
2146 2763 0.01
2146 2659 0.2
2146 2397 0.05
2147 2576 0.2
2147 2329 0.2
2147 2701 0.2
2147 2791 0.05
2147 2503 0.01
2148 2444 0.01
2148 2727 0.05
2148 2981 0.05
2148 2614 0.2
2148 2477 0.2
2148 2580 0.2
2148 2974 0.05
2149 2776 0.01
2149 2561 0.01
2149 2473 0.01
2149 2633 0.05
2149 2230 0.2
2149 2343 0.01
2150 2951 0.2
2150 2173 0.01
2151 2196 0.2
2151 2377 0.01
2151 2374 0.01
2151 2959 0.05
2151 2901 0.01
2151 2420 0.05
2151 2526 0.05
2151 2512 0.05
2151 2751 0.2
2152 2355 0.2
2152 2844 0.05
2152 2698 0.05
2152 2461 0.2
2152 2203 0.01
2153 2179 0.01
2153 2943 0.2
2153 2902 0.01
2153 2633 0.05
2153 2510 0.2
2153 2531 0.05
2153 2256 0.2
2154 2231 0.01
2154 2162 0.05
2155 2772 0.05
2155 2437 0.05
2155 2978 0.05
2155 2261 0.05
2155 2277 0.01
2156 2807 0.01
2156 2538 0.2
2156 2389 0.05
2156 2606 0.05
2157 2966 0.2
2157 2284 0.05
2157 2828 0.2
2158 2732 0.01
2158 2366 0.2
2159 2172 0.01
2159 2483 0.05
2159 2203 0.05
2159 2434 0.01
2159 2269 0.05
2160 2861 0.01
2160 2805 0.2
2161 2493 0.01
2161 2500 0.05
2161 2836 0.05
2161 2642 0.01
2161 2573 0.05
2161 2586 0.05
2161 2341 0.2
2162 2503 0.05
2162 2783 0.01
2163 2801 0.2
2163 2630 0.2
2163 2770 0.2
2163 2806 0.01
2163 2640 0.05
2163 2416 0.01
2163 2279 0.05
2163 2532 0.2
2164 2464 0.01
2164 2768 0.01
2164 2483 0.2
2165 2430 0.2
2166 2476 0.01
2166 2213 0.05
2166 2559 0.05
2167 2276 0.05
2167 2521 0.2
2167 2710 0.01
2167 2793 0.01
2167 2570 0.05
2167 2608 0.01
2167 2378 0.05
2167 2974 0.2
2167 2662 0.2
2168 2561 0.05
2169 2488 0.05
2169 2301 0.05
2169 2502 0.01
2169 2739 0.2
2170 2857 0.2
2170 2962 0.01
2170 2352 0.2
2170 2206 0.01
2170 2613 0.2
2170 2647 0.05
2171 2797 0.05
2171 2246 0.05
2171 2611 0.01
2172 2209 0.2
2172 2307 0.05
2172 2532 0.2
2172 2909 0.2
2172 2377 0.05
2172 2362 0.2
2172 2487 0.05
2172 2240 0.01
2173 2508 0.2
2173 2634 0.05
2173 2930 0.2
2173 2910 0.01
2173 2336 0.01
2173 2745 0.2
2174 2711 0.01
2174 2453 0.05
2174 2773 0.2
2174 2625 0.05
2174 2222 0.01
2174 2993 0.2
2175 2734 0.01
2175 2743 0.01
2175 2826 0.2
2175 2423 0.01
2175 2277 0.05
2175 2352 0.01
2176 2610 0.01
2176 2943 0.2
2177 2776 0.05
2177 2626 0.05
2177 2718 0.2
2178 2907 0.2
2178 2876 0.05
2178 2320 0.01
2178 2364 0.05
2178 2780 0.2
2178 2779 0.01
2178 2427 0.2
2179 2259 0.2
2179 2327 0.01
2180 2772 0.05
2180 2804 0.2
2180 2857 0.05
2180 2532 0.05
2180 2439 0.01
2180 2816 0.05
2180 2292 0.01
2181 2196 0.2
2181 2799 0.05
2181 2853 0.01
2181 2342 0.05
2181 2837 0.2
2181 2677 0.2
2182 2778 0.01
2182 2516 0.05
2182 2705 0.05
2182 2188 0.2
2183 2282 0.01
2183 2631 0.01
2183 2484 0.05
2183 2350 0.01
2184 2725 0.05
2184 2878 0.01
2184 2465 0.01
2184 2373 0.2
2184 2197 0.2
2184 2889 0.05
2184 2603 0.05
2185 2516 0.05
2185 2657 0.01
2185 2747 0.2
2185 2485 0.01
2185 2868 0.05
2185 2547 0.05
2185 2666 0.2
2185 2987 0.2
2185 2778 0.05
2186 2761 0.01
2186 2619 0.01
2186 2457 0.05
2186 2632 0.05
2186 2676 0.01
2187 2986 0.2
2187 2951 0.2
2187 2306 0.2
2187 2699 0.2
2187 2927 0.2
2187 2708 0.05
2187 2856 0.05
2187 2651 0.05
2187 2626 0.2
2188 2566 0.05
2188 2375 0.01
2188 2490 0.05
2188 2792 0.2
2188 2972 0.2
2189 2811 0.2
2189 2595 0.05
2189 2350 0.2
2189 2538 0.2
2190 2202 0.01
2190 2546 0.05
2190 2717 0.2
2190 2896 0.05
2190 2762 0.2
2191 2961 0.2
2191 2864 0.01
2191 2952 0.2
2191 2842 0.05
2192 2323 0.05
2192 2915 0.01
2192 2479 0.01
2192 2922 0.2
2192 2979 0.2
2192 2287 0.2
2193 2967 0.2
2193 2814 0.05
2193 2416 0.05
2193 2813 0.2
2193 2316 0.05
2193 2693 0.2
2193 2755 0.05
2193 2227 0.01
2194 2274 0.01
2194 2677 0.01
2194 2898 0.05
2194 2232 0.2
2195 2624 0.05
2195 2221 0.2
2196 2872 0.05
2196 2918 0.05
2196 2412 0.05
2196 2280 0.05
2196 2436 0.05
2197 2623 0.05
2197 2277 0.2
2197 2714 0.05
2197 2912 0.01
2197 2936 0.05
2197 2843 0.01
2197 2742 0.2
2198 2229 0.2
2199 2432 0.05
2199 2450 0.2
2199 2381 0.05
2199 2879 0.2
2199 2727 0.2
2200 2242 0.2
2200 2932 0.2
2200 2518 0.01
2200 2503 0.05
2200 2278 0.2
2200 2793 0.05
2200 2676 0.05
2201 2720 0.05
2201 2603 0.2
2201 2993 0.01
2201 2315 0.01
2201 2902 0.05
2201 2567 0.2
2201 2837 0.05
2202 2523 0.05
2202 2878 0.01
2202 2828 0.01
2202 2572 0.2
2202 2441 0.05
2202 2621 0.05
2202 2925 0.05
2203 2211 0.01
2203 2329 0.05
2203 2333 0.05
2203 2432 0.01
2203 2503 0.01
2204 2236 0.2
2204 2482 0.05
2204 2293 0.05
2204 2347 0.01
2204 2600 0.05
2204 2539 0.05
2204 2429 0.2
2204 2261 0.2
2205 2813 0.2
2205 2658 0.01
2205 2716 0.2
2205 2642 0.01
2205 2759 0.05
2206 2444 0.01
2206 2564 0.05
2206 2495 0.2
2206 2356 0.01
2207 2299 0.01
2207 2696 0.01
2207 2395 0.2
2207 2652 0.05
2207 2273 0.05
2207 2412 0.05
2207 2481 0.01
2208 2710 0.01
2208 2471 0.05
2208 2857 0.2
2208 2374 0.05
2208 2893 0.2
2208 2636 0.05
2208 2539 0.01
2208 2870 0.05
2208 2967 0.2
2208 2510 0.05
2209 2343 0.2
2209 2576 0.05
2209 2853 0.2
2209 2611 0.01
2210 2477 0.01
2210 2347 0.01
2210 2868 0.05
2210 2377 0.05
2210 2534 0.05
2211 2313 0.2
2211 2417 0.2
2211 2985 0.01
2212 2965 0.2
2212 2510 0.2
2212 2831 0.01
2212 2366 0.2
2213 2450 0.01
2213 2526 0.01
2213 2236 0.2
2213 2266 0.01
2214 2671 0.05
2214 2238 0.2
2214 2714 0.01
2214 2256 0.2
2214 2504 0.01
2215 2609 0.05
2215 2257 0.05
2215 2960 0.2
2215 2230 0.05
2215 2966 0.2
2215 2759 0.2
2216 2390 0.01
2216 2298 0.2
2216 2498 0.2
2216 2987 0.01
2216 2837 0.2
2216 2658 0.01
2216 2873 0.05
2216 2543 0.05
2217 2801 0.05
2217 2858 0.05
2217 2910 0.01
2217 2974 0.05
2217 2539 0.05
2217 2987 0.2
2218 2477 0.05
2218 2524 0.2
2218 2900 0.01
2218 2877 0.01
2218 2840 0.2
2218 2836 0.01
2218 2704 0.01
2219 2534 0.01
2219 2494 0.2
2219 2560 0.01
2219 2415 0.01
2219 2865 0.01
2219 2472 0.01
2219 2427 0.01
2220 2252 0.01
2220 2344 0.2
2220 2926 0.05
2220 2851 0.05
2221 2356 0.05
2221 2414 0.01
2221 2832 0.05
2221 2712 0.2
2221 2585 0.01
2221 2830 0.2
2221 2284 0.2
2222 2843 0.2
2222 2239 0.05
2222 2297 0.05
2223 2339 0.05
2223 2671 0.2
2223 2918 0.2
2223 2683 0.2
2223 2934 0.2
2223 2446 0.01
2223 2981 0.05
2223 2914 0.01
2224 2771 0.05
2224 2308 0.2
2224 2933 0.05
2224 2279 0.05
2224 2526 0.05
2225 2626 0.01
2225 2316 0.01
2225 2489 0.2
2225 2884 0.2
2225 2838 0.05
2225 2295 0.01
2225 2845 0.05
2226 2583 0.01
2226 2834 0.01
2226 2898 0.01
2226 2600 0.01
2226 2791 0.2
2226 2603 0.01
2227 2450 0.05
2227 2261 0.01
2228 2629 0.05
2229 2335 0.01
2229 2557 0.05
2229 2410 0.05
2229 2235 0.2
2230 2945 0.01
2230 2410 0.05
2230 2665 0.01
2231 2780 0.2
2231 2725 0.05
2232 2555 0.05
2232 2277 0.2
2233 2771 0.05
2233 2945 0.01
2233 2328 0.05
2233 2978 0.01
2234 2308 0.05
2234 2631 0.01
2234 2831 0.2
2235 2622 0.01
2235 2312 0.01
2236 2348 0.2
2236 2345 0.01
2236 2658 0.01
2237 2797 0.2
2237 2634 0.01
2237 2692 0.05
2237 2611 0.2
2237 2561 0.01
2237 2342 0.01
2237 2413 0.05
2238 2471 0.05
2238 2851 0.05
2238 2535 0.05
2238 2327 0.05
2238 2926 0.01
2238 2706 0.2
2238 2582 0.01
2238 2705 0.05
2238 2629 0.2
2239 2636 0.05
2239 2865 0.05
2239 2596 0.2
2239 2294 0.01
2239 2241 0.05
2239 2373 0.2
2240 2327 0.05
2240 2564 0.01
2240 2992 0.05
2241 2466 0.2
2241 2287 0.01
2241 2824 0.01
2242 2563 0.01
2242 2908 0.01
2243 2873 0.01
2243 2953 0.01
2243 2672 0.05
2244 2697 0.2
2244 2984 0.01
2244 2287 0.05
2244 2409 0.2
2244 2438 0.05
2244 2943 0.05
2244 2669 0.01
2244 2371 0.01
2244 2306 0.05
2245 2581 0.05
2245 2470 0.01
2245 2400 0.2
2245 2484 0.01
2246 2397 0.2
2246 2691 0.01
2246 2801 0.05
2246 2789 0.05
2246 2976 0.01
2247 2978 0.05
2247 2617 0.01
2247 2551 0.05
2247 2488 0.05
2247 2305 0.2
2248 2919 0.2
2248 2989 0.2
2248 2514 0.05
2248 2750 0.2
2249 2282 0.05
2249 2889 0.2
2249 2255 0.2
2250 2533 0.2
2250 2723 0.2
2251 2397 0.01
2251 2407 0.01
2252 2813 0.2
2252 2494 0.2
2252 2431 0.05
2253 2792 0.2
2253 2277 0.01
2253 2732 0.2
2253 2925 0.01
2253 2609 0.05
2253 2824 0.2
2254 2635 0.05
2254 2914 0.01
2254 2722 0.01
2254 2624 0.2
2254 2467 0.05
2254 2812 0.2
2255 2793 0.2
2256 2601 0.05
2256 2777 0.01
2256 2475 0.05
2256 2634 0.05
2256 2574 0.05
2256 2301 0.2
2256 2379 0.2
2257 2918 0.01
2257 2278 0.01
2257 2739 0.01
2257 2288 0.01
2257 2569 0.2
2257 2658 0.2
2258 2666 0.2
2258 2403 0.2
2258 2900 0.01
2258 2499 0.05
2259 2435 0.2
2259 2267 0.2
2259 2936 0.2
2259 2287 0.2
2259 2591 0.05
2260 2630 0.01
2260 2312 0.05
2260 2407 0.01
2260 2817 0.05
2260 2785 0.2
2261 2751 0.05
2261 2748 0.01
2261 2294 0.01
2262 2300 0.01
2262 2694 0.2
2262 2885 0.05
2262 2561 0.05
2262 2846 0.05
2263 2404 0.2
2263 2950 0.2
2263 2827 0.05
2263 2485 0.01
2264 2764 0.05
2264 2976 0.2
2264 2436 0.05
2264 2939 0.05
2265 2286 0.05
2266 2438 0.2
2266 2363 0.2
2266 2667 0.2
2267 2591 0.2
2267 2870 0.01
2267 2641 0.05
2268 2409 0.05
2268 2807 0.01
2268 2824 0.01
2268 2497 0.01
2268 2929 0.01
2269 2344 0.01
2269 2855 0.2
2269 2400 0.01
2269 2913 0.2
2269 2928 0.2
2269 2614 0.2
2269 2866 0.05
2269 2568 0.01
2270 2994 0.2
2270 2294 0.05
2270 2515 0.01
2270 2587 0.01
2271 2735 0.2
2271 2475 0.2
2272 2281 0.05
2272 2290 0.01
2272 2681 0.05
2272 2671 0.01
2272 2350 0.01
2273 2923 0.01
2273 2510 0.01
2273 2605 0.01
2274 2429 0.01
2274 2645 0.05
2274 2585 0.05
2274 2821 0.2
2274 2842 0.05
2275 2683 0.2
2275 2499 0.05
2275 2787 0.05
2275 2928 0.01
2275 2693 0.01
2275 2808 0.01
2275 2310 0.01
2275 2462 0.2
2276 2711 0.05
2276 2692 0.2
2276 2852 0.05
2276 2736 0.05
2277 2660 0.05
2277 2513 0.01
2277 2856 0.05
2277 2382 0.2
2277 2754 0.05
2277 2780 0.2
2278 2337 0.05
2278 2526 0.2
2278 2305 0.2
2279 2612 0.05
2279 2469 0.01
2280 2632 0.01
2280 2512 0.01
2280 2477 0.2
2281 2818 0.01
2281 2854 0.2
2281 2367 0.2
2281 2783 0.05
2282 2957 0.05
2282 2875 0.05
2282 2949 0.01
2282 2816 0.05
2282 2508 0.01
2282 2794 0.01
2282 2398 0.05
2283 2295 0.05
2283 2419 0.05
2283 2845 0.01
2283 2846 0.2
2284 2503 0.2
2284 2799 0.01
2284 2394 0.2
2285 2778 0.01
2285 2990 0.2
2285 2842 0.2
2285 2866 0.05
2285 2676 0.2
2286 2721 0.01
2286 2707 0.05
2286 2515 0.01
2286 2373 0.05
2286 2771 0.05
2287 2650 0.2
2287 2478 0.2
2288 2887 0.2
2288 2533 0.05
2288 2541 0.01
2288 2842 0.2
2288 2655 0.01
2288 2723 0.05
2289 2438 0.2
2289 2750 0.2
2290 2387 0.01
2290 2478 0.2
2290 2496 0.2
2290 2631 0.2
2290 2969 0.2
2290 2384 0.2
2290 2683 0.05
2291 2637 0.01
2291 2325 0.05
2291 2595 0.05
2291 2763 0.2
2291 2468 0.01
2292 2551 0.01
2292 2542 0.05
2292 2752 0.05
2292 2384 0.05
2293 2309 0.01
2293 2502 0.01
2294 2538 0.05
2294 2847 0.2
2294 2776 0.01
2294 2745 0.2
2294 2719 0.01
2294 2426 0.2
2295 2955 0.05
2295 2611 0.05
2295 2342 0.01
2295 2407 0.05
2296 2918 0.01
2297 2546 0.01
2297 2904 0.05
2297 2866 0.05
2297 2444 0.01
2297 2653 0.2
2297 2596 0.01
2297 2518 0.05
2298 2523 0.2
2298 2420 0.05
2298 2692 0.01
2298 2583 0.2
2299 2719 0.01
2299 2865 0.01
2300 2772 0.2
2301 2896 0.05
2301 2766 0.01
2301 2630 0.01
2301 2913 0.05
2302 2851 0.01
2302 2325 0.05
2302 2567 0.01
2302 2482 0.05
2302 2571 0.2
2302 2661 0.01
2302 2979 0.05
2302 2995 0.01
2302 2555 0.2
2303 2486 0.2
2303 2368 0.2
2304 2854 0.01
2304 2600 0.01
2304 2906 0.01
2304 2808 0.01
2305 2902 0.05
2305 2866 0.05
2305 2962 0.05
2305 2823 0.05
2305 2848 0.05
2306 2458 0.05
2306 2355 0.01
2306 2878 0.01
2306 2621 0.2
2306 2908 0.01
2306 2616 0.2
2307 2326 0.05
2307 2787 0.2
2307 2994 0.05
2308 2325 0.01
2308 2611 0.2
2308 2765 0.05
2308 2539 0.2
2308 2400 0.01
2308 2901 0.01
2308 2893 0.01
2309 2373 0.2
2309 2663 0.05
2309 2525 0.01
2310 2315 0.01
2311 2715 0.01
2311 2854 0.2
2312 2633 0.01
2312 2324 0.05
2312 2504 0.05
2312 2854 0.01
2312 2946 0.01
2312 2718 0.01
2314 2969 0.05
2314 2490 0.01
2314 2887 0.2
2314 2595 0.2
2315 2390 0.01
2315 2984 0.2
2315 2452 0.2
2315 2570 0.01
2316 2321 0.05
2316 2382 0.01
2316 2484 0.2
2316 2328 0.2
2316 2662 0.05
2316 2429 0.2
2317 2319 0.01
2317 2753 0.01
2317 2602 0.2
2317 2791 0.2
2317 2324 0.05
2317 2596 0.05
2318 2809 0.2
2318 2369 0.05
2319 2847 0.2
2319 2368 0.2
2319 2327 0.05
2319 2513 0.05
2320 2704 0.05
2320 2866 0.2
2320 2756 0.2
2320 2611 0.05
2321 2835 0.01
2321 2573 0.01
2321 2361 0.05
2322 2508 0.01
2322 2809 0.05
2322 2650 0.05
2323 2748 0.05
2323 2585 0.2
2323 2538 0.05
2323 2961 0.05
2323 2854 0.05
2324 2442 0.05
2324 2732 0.2
2324 2394 0.05
2325 2596 0.05
2325 2464 0.05
2325 2574 0.01
2325 2558 0.2
2326 2468 0.01
2326 2984 0.05
2326 2372 0.05
2326 2484 0.05
2326 2627 0.01
2327 2945 0.01
2327 2929 0.2
2327 2387 0.01
2327 2363 0.01
2327 2369 0.05
2327 2724 0.01
2328 2706 0.2
2328 2825 0.05
2328 2915 0.05
2328 2828 0.05
2330 2778 0.2
2330 2523 0.05
2330 2764 0.01
2330 2870 0.01
2330 2442 0.01
2330 2987 0.01
2331 2521 0.05
2331 2437 0.05
2331 2996 0.01
2331 2850 0.2
2331 2818 0.05
2332 2534 0.01
2332 2365 0.01
2332 2746 0.2
2332 2941 0.01
2333 2575 0.05
2333 2766 0.2
2334 2499 0.2
2334 2561 0.05
2334 2864 0.01
2334 2594 0.2
2334 2642 0.05
2335 2783 0.01
2335 2971 0.2
2336 2908 0.01
2336 2387 0.2
2336 2926 0.2
2337 2732 0.01
2337 2455 0.2
2337 2782 0.05
2338 2360 0.05
2338 2628 0.05
2338 2796 0.05
2338 2908 0.2
2338 2572 0.01
2338 2544 0.01
2339 2429 0.01
2339 2494 0.05
2340 2775 0.01
2340 2706 0.05
2340 2641 0.2
2340 2450 0.01
2341 2508 0.2
2341 2569 0.05
2341 2519 0.2
2341 2860 0.01
2342 2432 0.05
2342 2965 0.01
2343 2494 0.01
2343 2992 0.01
2344 2436 0.05
2344 2529 0.05
2344 2883 0.2
2344 2511 0.05
2345 2605 0.01
2345 2346 0.01
2345 2557 0.2
2345 2350 0.05
2345 2877 0.01
2345 2970 0.2
2345 2699 0.05
2346 2928 0.05
2346 2554 0.05
2346 2949 0.2
2346 2711 0.05
2346 2646 0.01
2346 2557 0.01
2347 2782 0.2
2347 2888 0.05
2347 2552 0.05
2348 2506 0.2
2348 2416 0.05
2349 2426 0.2
2349 2496 0.01
2350 2761 0.05
2350 2489 0.05
2350 2893 0.05
2350 2610 0.05
2351 2740 0.2
2351 2915 0.05
2351 2874 0.2
2353 2909 0.2
2353 2659 0.01
2353 2801 0.05
2353 2787 0.2
2354 2431 0.2
2355 2520 0.2
2355 2618 0.2
2355 2406 0.05
2355 2733 0.01
2355 2455 0.2
2355 2675 0.01
2355 2916 0.2
2356 2404 0.01
2356 2653 0.2
2356 2651 0.05
2357 2425 0.2
2357 2974 0.05
2357 2740 0.2
2357 2476 0.01
2357 2610 0.05
2357 2631 0.2
2357 2902 0.2
2358 2774 0.2
2358 2661 0.2
2358 2465 0.05
2358 2417 0.2
2358 2454 0.01
2359 2996 0.2
2359 2853 0.2
2359 2802 0.2
2359 2460 0.01
2359 2844 0.05
2360 2993 0.2
2360 2736 0.05
2360 2879 0.05
2360 2767 0.01
2360 2409 0.2
2360 2873 0.01
2361 2917 0.05
2361 2964 0.05
2361 2596 0.01
2361 2704 0.05
2362 2627 0.05
2362 2783 0.01
2362 2928 0.01
2362 2710 0.2
2363 2578 0.05
2364 2655 0.05
2364 2828 0.05
2364 2633 0.01
2364 2467 0.01
2365 2369 0.05
2365 2807 0.05
2365 2850 0.2
2365 2480 0.2
2365 2730 0.2
2365 2729 0.01
2365 2528 0.2
2366 2439 0.2
2366 2496 0.05
2366 2530 0.2
2367 2666 0.05
2367 2471 0.01
2367 2521 0.01
2367 2623 0.05
2368 2939 0.2
2368 2466 0.2
2368 2969 0.2
2368 2592 0.01
2368 2680 0.01
2369 2735 0.05
2369 2617 0.01
2369 2745 0.2
2369 2736 0.2
2369 2687 0.05
2369 2429 0.01
2370 2440 0.2
2370 2417 0.05
2370 2692 0.01
2371 2855 0.01
2372 2392 0.2
2372 2489 0.01
2372 2576 0.05
2373 2890 0.2
2373 2925 0.01
2373 2702 0.2
2373 2546 0.01
2373 2503 0.05
2373 2940 0.05
2374 2427 0.01
2374 2846 0.2
2374 2386 0.05
2374 2941 0.01
2374 2671 0.01
2374 2806 0.05
2375 2484 0.01
2375 2703 0.05
2375 2750 0.2
2376 2542 0.01
2376 2755 0.01
2376 2381 0.05
2377 2816 0.2
2377 2862 0.05
2377 2506 0.05
2378 2424 0.2
2378 2972 0.01
2378 2605 0.05
2378 2411 0.05
2378 2660 0.01
2378 2390 0.05
2378 2397 0.01
2378 2569 0.05
2378 2951 0.2
2379 2898 0.01
2379 2960 0.2
2380 2398 0.01
2380 2957 0.2
2381 2919 0.05
2381 2860 0.2
2381 2854 0.05
2381 2587 0.01
2382 2579 0.2
2382 2714 0.2
2382 2862 0.01
2382 2858 0.2
2382 2902 0.01
2382 2516 0.2
2382 2761 0.01
2383 2431 0.01
2383 2757 0.05
2383 2883 0.2
2383 2620 0.01
2383 2687 0.01
2385 2960 0.2
2385 2725 0.05
2385 2520 0.01
2385 2759 0.01
2386 2408 0.05
2386 2564 0.05
2386 2684 0.05
2386 2948 0.2
2386 2896 0.01
2386 2861 0.01
2387 2717 0.01
2387 2802 0.01
2387 2600 0.01
2387 2687 0.01
2388 2900 0.05
2388 2517 0.2
2389 2692 0.2
2389 2844 0.2
2389 2988 0.2
2389 2592 0.01
2390 2598 0.05
2390 2406 0.05
2390 2398 0.2
2391 2661 0.05
2391 2547 0.01
2392 2680 0.01
2392 2451 0.05
2392 2767 0.01
2392 2923 0.01
2392 2424 0.2
2393 2762 0.01
2393 2620 0.2
2394 2762 0.2
2394 2572 0.05
2394 2836 0.05
2395 2727 0.01
2395 2779 0.01
2395 2827 0.01
2395 2925 0.2
2396 2492 0.2
2396 2411 0.05
2398 2716 0.2
2398 2585 0.05
2398 2423 0.01
2398 2560 0.2
2399 2706 0.01
2399 2753 0.2
2399 2883 0.2
2400 2445 0.05
2401 2856 0.2
2401 2566 0.01
2401 2644 0.05
2401 2570 0.01
2401 2942 0.2
2402 2693 0.05
2402 2680 0.05
2402 2743 0.05
2402 2968 0.05
2402 2785 0.2
2403 2957 0.01
2403 2790 0.01
2403 2885 0.2
2403 2528 0.01
2403 2759 0.01
2404 2540 0.01
2404 2863 0.01
2404 2664 0.05
2404 2926 0.05
2405 2976 0.05
2405 2449 0.01
2405 2965 0.2
2405 2641 0.2
2405 2585 0.05
2405 2738 0.01
2406 2966 0.05
2406 2886 0.01
2406 2856 0.01
2406 2659 0.05
2406 2531 0.2
2407 2620 0.01
2407 2805 0.05
2407 2987 0.05
2407 2537 0.2
2407 2474 0.01
2407 2596 0.05
2407 2840 0.05
2408 2496 0.05
2408 2440 0.05
2408 2605 0.01
2409 2507 0.2
2410 2783 0.2
2410 2696 0.2
2410 2991 0.05
2410 2522 0.2
2411 2753 0.01
2411 2752 0.2
2411 2988 0.2
2411 2510 0.05
2411 2748 0.01
2412 2726 0.05
2412 2471 0.2
2412 2414 0.2
2413 2545 0.01
2413 2721 0.01
2413 2573 0.01
2414 2967 0.05
2414 2964 0.05
2414 2819 0.01
2414 2526 0.2
2414 2536 0.05
2415 2560 0.2
2415 2536 0.2
2415 2935 0.01
2415 2559 0.05
2415 2795 0.01
2416 2760 0.01
2416 2471 0.05
2416 2499 0.2
2416 2655 0.05
2416 2751 0.2
2416 2706 0.05
2417 2516 0.2
2417 2918 0.2
2417 2909 0.05
2417 2963 0.05
2417 2957 0.2
2417 2924 0.05
2417 2422 0.01
2417 2650 0.01
2418 2846 0.01
2418 2632 0.01
2418 2508 0.05
2418 2581 0.2
2419 2737 0.05
2419 2888 0.05
2419 2785 0.2
2420 2968 0.01
2420 2945 0.01
2420 2437 0.01
2420 2575 0.2
2420 2482 0.01
2420 2447 0.05
2420 2750 0.05
2421 2566 0.05
2422 2493 0.01
2422 2515 0.05
2422 2782 0.01
2422 2848 0.05
2423 2884 0.2
2423 2641 0.01
2423 2734 0.2
2425 2441 0.2
2425 2443 0.05
2425 2551 0.05
2426 2994 0.05
2426 2602 0.05
2426 2807 0.01
2427 2441 0.2
2427 2565 0.2
2428 2954 0.01
2428 2900 0.05
2428 2774 0.05
2429 2431 0.05
2429 2826 0.05
2429 2751 0.2
2429 2632 0.01
2430 2518 0.01
2430 2431 0.2
2430 2900 0.01
2431 2669 0.2
2431 2673 0.01
2432 2525 0.01
2432 2613 0.05
2432 2651 0.01
2432 2511 0.2
2432 2895 0.05
2432 2764 0.05
2433 2519 0.01
2433 2689 0.2
2433 2808 0.05
2433 2510 0.01
2433 2687 0.01
2434 2666 0.2
2434 2883 0.2
2435 2839 0.2
2435 2982 0.05
2435 2585 0.01
2436 2929 0.05
2436 2895 0.05
2437 2575 0.2
2437 2508 0.05
2438 2630 0.05
2438 2676 0.01
2439 2514 0.01
2440 2786 0.05
2440 2730 0.01
2441 2533 0.05
2441 2929 0.01
2441 2888 0.2
2442 2819 0.05
2442 2891 0.2
2442 2634 0.05
2444 2750 0.01
2444 2717 0.05
2445 2619 0.2
2445 2449 0.05
2445 2714 0.2
2445 2972 0.2
2446 2503 0.2
2446 2487 0.2
2446 2870 0.2
2447 2846 0.2
2447 2478 0.01
2447 2958 0.01
2447 2717 0.01
2447 2985 0.05
2448 2752 0.01
2448 2922 0.05
2448 2892 0.01
2448 2533 0.01
2448 2785 0.01
2448 2823 0.05
2449 2754 0.05
2449 2914 0.05
2449 2594 0.2
2449 2514 0.05
2449 2696 0.2
2449 2720 0.2
2450 2906 0.01
2450 2508 0.01
2450 2935 0.01
2450 2640 0.2
2450 2927 0.05
2451 2574 0.05
2451 2750 0.01
2451 2531 0.01
2452 2892 0.05
2452 2692 0.01
2452 2818 0.05
2453 2600 0.2
2453 2471 0.05
2453 2783 0.2
2453 2902 0.2
2454 2500 0.05
2454 2707 0.2
2455 2702 0.05
2455 2469 0.01
2455 2951 0.01
2455 2864 0.01
2455 2698 0.01
2455 2487 0.2
2455 2985 0.2
2455 2962 0.2
2456 2518 0.01
2456 2708 0.2
2456 2767 0.01
2456 2574 0.01
2457 2461 0.2
2457 2537 0.05
2457 2514 0.01
2457 2687 0.2
2458 2560 0.01
2458 2462 0.01
2458 2716 0.2
2458 2989 0.05
2458 2905 0.01
2458 2714 0.01
2459 2802 0.01
2459 2693 0.01
2459 2820 0.2
2460 2695 0.2
2460 2548 0.05
2460 2692 0.2
2460 2634 0.01
2460 2962 0.2
2460 2626 0.05
2461 2812 0.05
2462 2813 0.01
2462 2505 0.05
2463 2679 0.01
2463 2620 0.01
2463 2494 0.01
2464 2718 0.01
2464 2743 0.05
2464 2864 0.2
2465 2938 0.2
2465 2973 0.05
2465 2578 0.01
2466 2986 0.2
2466 2729 0.01
2466 2768 0.05
2466 2922 0.05
2466 2515 0.05
2467 2867 0.2
2468 2689 0.05
2468 2939 0.2
2468 2981 0.01
2468 2918 0.05
2468 2537 0.05
2468 2735 0.2
2469 2795 0.05
2469 2579 0.2
2469 2697 0.2
2469 2472 0.05
2470 2608 0.2
2470 2557 0.01
2470 2942 0.2
2471 2854 0.2
2471 2805 0.05
2471 2822 0.2
2471 2668 0.2
2471 2490 0.05
2471 2766 0.2
2471 2624 0.01
2472 2532 0.01
2472 2861 0.2
2472 2563 0.2
2472 2975 0.05
2472 2681 0.05
2473 2642 0.05
2473 2905 0.2
2474 2535 0.05
2474 2712 0.01
2474 2915 0.2
2475 2882 0.01
2475 2848 0.2
2475 2617 0.05
2476 2782 0.05
2476 2628 0.05
2476 2811 0.01
2476 2933 0.05
2476 2861 0.05
2476 2607 0.2
2477 2759 0.05
2477 2820 0.01
2477 2583 0.2
2477 2582 0.01
2478 2951 0.01
2478 2794 0.2
2478 2833 0.2
2479 2640 0.2
2479 2655 0.2
2479 2503 0.2
2480 2550 0.05
2480 2783 0.01
2480 2777 0.05
2481 2487 0.05
2481 2643 0.05
2481 2699 0.01
2481 2927 0.01
2481 2939 0.05
2482 2895 0.01
2482 2621 0.2
2482 2863 0.01
2483 2747 0.2
2483 2497 0.01
2483 2977 0.01
2484 2585 0.05
2484 2616 0.05
2485 2566 0.2
2485 2881 0.01
2485 2489 0.05
2486 2650 0.2
2486 2836 0.01
2487 2922 0.05
2487 2510 0.2
2488 2777 0.05
2488 2953 0.05
2488 2739 0.01
2488 2951 0.05
2488 2617 0.2
2489 2815 0.05
2489 2749 0.2
2489 2902 0.2
2490 2811 0.01
2490 2650 0.01
2490 2991 0.2
2490 2858 0.2
2490 2812 0.05
2491 2822 0.01
2491 2620 0.05
2491 2767 0.05
2492 2919 0.2
2492 2917 0.05
2492 2522 0.05
2493 2580 0.05
2493 2507 0.05
2493 2532 0.01
2493 2777 0.01
2493 2668 0.05
2493 2876 0.05
2495 2916 0.2
2495 2549 0.2
2495 2572 0.2
2496 2963 0.2
2496 2562 0.05
2496 2657 0.2
2496 2857 0.01
2497 2500 0.05
2497 2539 0.05
2497 2679 0.01
2498 2879 0.05
2498 2663 0.01
2498 2855 0.01
2498 2587 0.2
2499 2911 0.01
2499 2713 0.05
2500 2670 0.05
2500 2988 0.05
2501 2564 0.01
2501 2512 0.2
2502 2786 0.01
2503 2707 0.01
2503 2549 0.05
2503 2930 0.2
2504 2613 0.2
2504 2779 0.05
2505 2678 0.05
2505 2981 0.05
2506 2527 0.01
2506 2566 0.05
2507 2655 0.2
2508 2777 0.2
2508 2589 0.01
2508 2859 0.01
2509 2946 0.2
2509 2650 0.01
2509 2790 0.01
2509 2984 0.2
2509 2970 0.05
2510 2623 0.05
2510 2637 0.05
2511 2842 0.01
2511 2731 0.05
2511 2859 0.2
2512 2824 0.05
2512 2560 0.05
2512 2567 0.05
2512 2780 0.2
2512 2855 0.05
2513 2764 0.2
2513 2840 0.05
2513 2544 0.01
2513 2737 0.01
2513 2919 0.05
2513 2886 0.2
2514 2926 0.2
2514 2683 0.2
2514 2716 0.01
2514 2522 0.01
2515 2536 0.05
2515 2802 0.05
2515 2855 0.01
2515 2900 0.05
2515 2600 0.05
2515 2551 0.05
2516 2600 0.2
2516 2864 0.05
2516 2807 0.2
2517 2980 0.2
2517 2964 0.2
2517 2783 0.01
2518 2717 0.2
2519 2966 0.2
2519 2750 0.01
2520 2848 0.05
2520 2525 0.2
2520 2963 0.01
2521 2561 0.2
2521 2538 0.01
2521 2953 0.05
2521 2787 0.2
2521 2966 0.2
2522 2738 0.01
2522 2864 0.05
2522 2776 0.01
2523 2808 0.05
2523 2926 0.2
2524 2700 0.2
2524 2586 0.2
2524 2747 0.01
2524 2541 0.2
2525 2880 0.01
2525 2783 0.2
2526 2533 0.01
2526 2981 0.01
2526 2929 0.2
2526 2967 0.01
2527 2534 0.2
2527 2875 0.05
2528 2689 0.2
2528 2826 0.2
2528 2845 0.2
2530 2814 0.05
2530 2808 0.05
2530 2934 0.2
2532 2950 0.05
2532 2670 0.05
2532 2810 0.05
2532 2598 0.2
2532 2802 0.05
2532 2996 0.2
2533 2574 0.05
2533 2849 0.01
2533 2951 0.01
2533 2801 0.01
2533 2776 0.05
2534 2700 0.01
2534 2985 0.2
2534 2629 0.01
2534 2724 0.01
2535 2997 0.05
2536 2540 0.2
2536 2744 0.05
2536 2942 0.05
2537 2980 0.01
2538 2953 0.2
2538 2574 0.2
2539 2691 0.01
2539 2935 0.05
2539 2550 0.2
2540 2995 0.05
2541 2706 0.2
2541 2976 0.01
2542 2637 0.2
2542 2794 0.2
2542 2739 0.05
2542 2555 0.2
2543 2968 0.01
2543 2607 0.2
2543 2937 0.01
2543 2597 0.05
2543 2703 0.01
2545 2972 0.2
2545 2616 0.2
2545 2937 0.2
2546 2669 0.2
2547 2775 0.05
2547 2904 0.05
2548 2986 0.01
2548 2865 0.05
2548 2678 0.05
2549 2687 0.01
2549 2960 0.2
2550 2869 0.01
2550 2934 0.2
2550 2867 0.2
2551 2989 0.2
2551 2916 0.05
2551 2904 0.2
2552 2868 0.2
2552 2701 0.2
2552 2935 0.2
2553 2853 0.2
2553 2808 0.05
2553 2595 0.2
2554 2721 0.01
2554 2817 0.01
2554 2814 0.05
2555 2872 0.05
2555 2873 0.01
2556 2597 0.05
2557 2593 0.01
2557 2698 0.05
2557 2567 0.01
2557 2947 0.01
2557 2606 0.05
2557 2953 0.05
2557 2807 0.01
2557 2618 0.05
2558 2602 0.05
2559 2797 0.01
2559 2617 0.01
2560 2794 0.01
2561 2968 0.2
2562 2811 0.2
2562 2627 0.05
2562 2890 0.2
2563 2686 0.2
2563 2941 0.2
2563 2948 0.01
2563 2834 0.2
2564 2780 0.05
2565 2598 0.01
2565 2595 0.2
2566 2693 0.01
2567 2976 0.01
2568 2594 0.2
2568 2762 0.01
2568 2922 0.05
2568 2803 0.05
2569 2828 0.2
2569 2598 0.05
2569 2746 0.01
2569 2940 0.01
2570 2845 0.2
2570 2840 0.2
2571 2927 0.01
2571 2946 0.01
2571 2705 0.01
2571 2612 0.05
2571 2672 0.2
2572 2809 0.2
2572 2691 0.01
2572 2622 0.05
2572 2802 0.05
2573 2606 0.01
2573 2840 0.01
2573 2645 0.01
2573 2683 0.2
2574 2918 0.2
2575 2808 0.05
2575 2867 0.05
2576 2988 0.2
2576 2598 0.2
2576 2866 0.2
2576 2962 0.2
2577 2982 0.2
2577 2868 0.2
2577 2837 0.05
2577 2819 0.01
2577 2907 0.05
2578 2826 0.01
2578 2651 0.01
2578 2723 0.2
2578 2808 0.05
2579 2613 0.01
2580 2897 0.2
2581 2640 0.01
2581 2808 0.01
2581 2907 0.2
2581 2644 0.05
2582 2810 0.05
2583 2718 0.05
2583 2692 0.01
2584 2651 0.05
2584 2604 0.2
2584 2852 0.01
2584 2897 0.2
2584 2805 0.2
2584 2781 0.05
2585 2807 0.2
2586 2598 0.05
2586 2818 0.2
2587 2921 0.01
2587 2803 0.01
2587 2747 0.05
2588 2809 0.05
2589 2596 0.2
2589 2650 0.01
2589 2908 0.05
2590 2675 0.05
2590 2627 0.01
2590 2856 0.2
2592 2719 0.2
2592 2846 0.2
2592 2594 0.01
2592 2820 0.01
2593 2813 0.05
2594 2803 0.2
2594 2595 0.2
2595 2883 0.05
2595 2886 0.2
2595 2801 0.2
2597 2815 0.05
2597 2711 0.05
2597 2860 0.2
2598 2661 0.2
2598 2745 0.01
2598 2867 0.2
2598 2680 0.2
2598 2707 0.05
2599 2694 0.05
2599 2760 0.2
2600 2720 0.2
2600 2820 0.05
2600 2973 0.01
2601 2959 0.01
2601 2652 0.01
2601 2770 0.01
2602 2816 0.01
2602 2646 0.05
2602 2927 0.2
2603 2605 0.05
2603 2657 0.01
2604 2840 0.05
2605 2630 0.2
2605 2855 0.2
2605 2880 0.01
2606 2862 0.05
2607 2945 0.01
2607 2744 0.2
2607 2884 0.05
2608 2878 0.01
2608 2910 0.05
2608 2982 0.01
2609 2779 0.01
2609 2994 0.05
2609 2808 0.01
2611 2973 0.05
2611 2910 0.05
2612 2731 0.2
2612 2964 0.01
2612 2813 0.05
2613 2967 0.01
2613 2683 0.01
2616 2844 0.01
2617 2987 0.2
2617 2869 0.2
2617 2813 0.05
2617 2622 0.01
2617 2982 0.2
2617 2766 0.05
2618 2671 0.05
2618 2842 0.01
2619 2868 0.05
2620 2982 0.01
2620 2875 0.2
2620 2649 0.2
2620 2892 0.05
2620 2666 0.05
2621 2839 0.2
2621 2715 0.05
2621 2787 0.05
2622 2906 0.2
2622 2674 0.05
2623 2637 0.01
2624 2917 0.2
2624 2705 0.01
2625 2757 0.2
2626 2826 0.05
2626 2738 0.05
2626 2948 0.05
2626 2904 0.01
2627 2773 0.05
2627 2884 0.05
2627 2739 0.2
2627 2700 0.2
2627 2642 0.05
2627 2859 0.2
2628 2810 0.01
2628 2911 0.2
2629 2841 0.2
2630 2868 0.05
2630 2691 0.05
2631 2777 0.2
2631 2701 0.01
2632 2905 0.01
2633 2856 0.05
2633 2653 0.05
2634 2788 0.2
2634 2789 0.05
2634 2808 0.2
2635 2866 0.05
2635 2855 0.05
2635 2654 0.05
2637 2953 0.2
2637 2897 0.2
2638 2655 0.05
2639 2803 0.01
2639 2737 0.2
2639 2931 0.01
2639 2825 0.05
2640 2878 0.2
2641 2704 0.05
2641 2847 0.05
2641 2882 0.01
2641 2875 0.2
2641 2756 0.01
2641 2815 0.01
2641 2941 0.01
2642 2774 0.2
2642 2840 0.05
2642 2664 0.01
2642 2742 0.2
2642 2994 0.2
2643 2726 0.2
2643 2857 0.01
2643 2707 0.01
2643 2788 0.05
2643 2883 0.2
2644 2854 0.01
2644 2810 0.01
2644 2842 0.2
2645 2987 0.2
2645 2973 0.2
2645 2880 0.05
2645 2878 0.01
2646 2676 0.2
2646 2793 0.05
2646 2701 0.2
2647 2772 0.05
2650 2679 0.2
2650 2701 0.05
2651 2889 0.01
2652 2906 0.2
2652 2810 0.01
2652 2814 0.05
2653 2688 0.2
2653 2692 0.01
2653 2728 0.05
2654 2799 0.2
2654 2856 0.2
2654 2771 0.01
2654 2766 0.2
2654 2868 0.01
2654 2995 0.05
2654 2917 0.01
2656 2914 0.05
2656 2872 0.01
2657 2872 0.2
2657 2690 0.05
2658 2905 0.05
2658 2688 0.2
2659 2751 0.2
2660 2916 0.01
2660 2722 0.05
2661 2872 0.05
2661 2751 0.05
2661 2978 0.01
2662 2927 0.2
2662 2909 0.01
2662 2723 0.01
2662 2768 0.05
2664 2786 0.05
2664 2930 0.05
2664 2938 0.05
2666 2767 0.05
2666 2973 0.05
2666 2949 0.05
2667 2687 0.05
2668 2912 0.05
2669 2923 0.01
2669 2728 0.2
2670 2708 0.05
2670 2897 0.2
2671 2734 0.01
2671 2751 0.05
2672 2966 0.01
2672 2696 0.2
2672 2954 0.2
2673 2844 0.2
2674 2713 0.01
2675 2808 0.01
2676 2955 0.2
2677 2869 0.01
2678 2745 0.2
2678 2718 0.01
2679 2754 0.01
2679 2791 0.01
2679 2749 0.01
2679 2752 0.05
2681 2805 0.01
2681 2691 0.01
2681 2907 0.01
2682 2717 0.01
2682 2847 0.05
2682 2689 0.2
2683 2876 0.2
2684 2749 0.2
2684 2859 0.2
2684 2938 0.01
2685 2924 0.01
2686 2945 0.05
2686 2985 0.2
2686 2848 0.2
2687 2860 0.05
2687 2792 0.2
2688 2700 0.2
2689 2842 0.2
2690 2929 0.01
2690 2710 0.05
2690 2944 0.2
2691 2935 0.01
2692 2850 0.01
2692 2768 0.01
2693 2722 0.01
2693 2715 0.01
2694 2840 0.05
2694 2766 0.05
2694 2771 0.2
2695 2728 0.2
2695 2816 0.2
2697 2744 0.01
2697 2851 0.2
2698 2978 0.05
2700 2788 0.2
2700 2990 0.05
2700 2725 0.2
2700 2847 0.2
2700 2882 0.05
2701 2898 0.2
2701 2780 0.01
2702 2866 0.01
2703 2715 0.01
2703 2830 0.2
2703 2843 0.01
2704 2971 0.2
2704 2713 0.2
2704 2838 0.2
2704 2837 0.01
2705 2925 0.2
2706 2950 0.01
2706 2821 0.01
2706 2993 0.01
2706 2918 0.01
2707 2943 0.01
2709 2964 0.05
2710 2981 0.01
2710 2985 0.2
2710 2876 0.05
2711 2726 0.05
2712 2833 0.05
2713 2934 0.05
2713 2744 0.2
2713 2717 0.01
2715 2824 0.2
2716 2777 0.2
2718 2770 0.05
2718 2987 0.01
2719 2735 0.2
2721 2838 0.05
2721 2991 0.2
2722 2960 0.05
2723 2938 0.2
2723 2871 0.2
2723 2731 0.01
2724 2877 0.01
2724 2961 0.01
2724 2919 0.2
2725 2879 0.01
2726 2851 0.2
2727 2854 0.01
2728 2790 0.01
2729 2837 0.05
2730 2777 0.2
2730 2914 0.05
2731 2992 0.2
2731 2931 0.05
2731 2827 0.2
2732 2876 0.01
2733 2814 0.2
2734 2835 0.01
2734 2742 0.05
2734 2898 0.2
2734 2771 0.01
2735 2793 0.01
2736 2864 0.01
2736 2741 0.2
2736 2910 0.01
2737 2862 0.2
2737 2949 0.01
2737 2977 0.2
2737 2970 0.2
2739 2781 0.01
2739 2996 0.01
2740 2955 0.2
2740 2866 0.01
2741 2880 0.01
2742 2927 0.05
2743 2933 0.2
2743 2942 0.05
2744 2878 0.2
2744 2903 0.01
2744 2768 0.2
2745 2976 0.05
2746 2946 0.01
2746 2852 0.05
2746 2909 0.2
2746 2996 0.01
2747 2833 0.05
2748 2799 0.05
2748 2911 0.2
2751 2975 0.05
2752 2808 0.01
2752 2785 0.2
2753 2800 0.05
2753 2812 0.05
2753 2808 0.05
2753 2772 0.01
2753 2917 0.2
2754 2847 0.2
2754 2881 0.05
2757 2839 0.2
2757 2817 0.01
2759 2827 0.2
2759 2933 0.01
2760 2858 0.2
2761 2830 0.01
2762 2966 0.01
2762 2837 0.05
2763 2878 0.2
2763 2855 0.2
2763 2839 0.2
2765 2829 0.05
2765 2917 0.2
2766 2917 0.01
2767 2818 0.2
2768 2952 0.01
2768 2778 0.01
2769 2996 0.01
2769 2950 0.01
2770 2894 0.2
2772 2999 0.2
2773 2940 0.05
2773 2883 0.2
2774 2987 0.2
2774 2891 0.2
2774 2981 0.2
2775 2883 0.05
2775 2818 0.2
2775 2814 0.2
2776 2952 0.2
2776 2838 0.2
2776 2809 0.01
2777 2779 0.2
2778 2826 0.2
2779 2970 0.01
2784 2809 0.01
2786 2952 0.01
2786 2820 0.01
2787 2789 0.2
2788 2841 0.2
2789 2863 0.2
2789 2859 0.2
2789 2805 0.2
2789 2981 0.01
2792 2934 0.01
2793 2821 0.05
2793 2980 0.01
2794 2796 0.01
2794 2918 0.01
2796 2982 0.2
2796 2808 0.01
2796 2880 0.2
2797 2919 0.2
2797 2886 0.05
2797 2838 0.05
2798 2862 0.2
2798 2849 0.05
2799 2890 0.2
2799 2813 0.01
2800 2903 0.01
2801 2907 0.01
2801 2868 0.2
2803 2895 0.05
2803 2874 0.05
2803 2905 0.01
2804 2894 0.01
2804 2940 0.2
2805 2851 0.2
2805 2825 0.01
2806 2918 0.05
2806 2995 0.05
2807 2871 0.05
2807 2965 0.01
2808 2867 0.05
2808 2954 0.01
2812 2928 0.05
2812 2903 0.05
2813 2995 0.01
2813 2868 0.05
2815 2851 0.2
2816 2966 0.05
2817 2895 0.01
2817 2893 0.05
2818 2970 0.2
2818 2929 0.05
2819 2869 0.2
2819 2858 0.05
2820 2894 0.05
2823 2966 0.2
2823 2866 0.05
2823 2856 0.01
2824 2878 0.01
2824 2921 0.01
2825 2989 0.2
2825 2910 0.01
2826 2897 0.2
2826 2898 0.2
2826 2930 0.2
2827 2887 0.01
2827 2893 0.01
2829 2883 0.01
2830 2842 0.2
2830 2901 0.01
2832 2866 0.05
2833 2845 0.05
2833 2995 0.01
2833 2935 0.2
2835 2951 0.01
2839 2997 0.01
2839 2957 0.05
2840 2950 0.2
2840 2880 0.01
2842 2844 0.2
2844 2962 0.2
2846 2928 0.05
2848 2993 0.2
2848 2859 0.2
2849 2945 0.01
2850 2926 0.01
2850 2898 0.05
2851 2975 0.01
2851 2971 0.01
2851 2978 0.2
2852 2942 0.2
2853 2992 0.01
2853 2957 0.05
2853 2961 0.01
2856 2879 0.05
2856 2883 0.01
2861 2880 0.05
2862 2937 0.2
2862 2926 0.2
2863 2989 0.05
2864 2973 0.01
2864 2913 0.01
2865 2932 0.01
2867 2882 0.05
2868 2906 0.01
2868 2914 0.05
2868 2895 0.2
2870 2992 0.05
2875 2912 0.05
2876 2976 0.01
2880 2992 0.2
2881 2988 0.05
2884 2938 0.05
2885 2948 0.05
2887 2922 0.2
2893 2933 0.2
2899 2911 0.2
2906 2965 0.05
2909 2973 0.01
2914 2930 0.2
2916 2951 0.05
2916 2967 0.05
2917 2978 0.2
2922 2990 0.2
2923 2937 0.05
2927 2929 0.2
2930 2969 0.01
2931 2966 0.2
2934 2960 0.05
2937 2983 0.01
2937 2984 0.2
2938 2969 0.01
2939 2960 0.05
2940 2972 0.01
2943 2971 0.2
2944 2970 0.05
2944 2993 0.05
2947 2957 0.2
2947 2996 0.2
2952 2964 0.2
2953 2995 0.01
2953 2991 0.01
2955 2969 0.01
2957 2989 0.2
2958 2975 0.05
2958 2970 0.01
2960 2967 0.01
2962 2969 0.2
2971 2991 0.01
2974 2989 0.2
2974 2986 0.2
2978 2986 0.01
2983 2989 0.05
2990 2995 0.2
2992 2995 0.2
2997 2999 0.01
