579 949 0.2
56 655 0.01
557 755 0.01
53 342 0.2
800 813 0.05
322 607 0.01
28 900 0.01
165 255 0.01
416 956 0.2
106 414 0.01
222 562 0.2
265 689 0.2
109 657 0.2
181 337 0.01
494 511 0.2
735 832 0.05
9 918 0.01
519 568 0.01
261 467 0.01
15 46 0.01
87 222 0.01
850 878 0.2
108 841 0.2
582 801 0.01
319 477 0.2
527 623 0.01
31 573 0.2
500 641 0.2
754 943 0.2
331 779 0.2
76 895 0.05
149 637 0.01
298 780 0.05
112 346 0.2
501 771 0.05
348 799 0.01
369 983 0.01
352 747 0.2
962 963 0.05
27 764 0.05
670 933 0.05
311 507 0.01
152 752 0.01
715 726 0.05
242 927 0.01
71 600 0.01
127 358 0.05
488 512 0.01
588 748 0.05
207 712 0.05
701 747 0.2
231 331 0.05
50 647 0.01
18 555 0.2
678 906 0.05
27 360 0.2
248 765 0.01
740 988 0.05
317 945 0.01
72 608 0.2
411 770 0.05
324 471 0.2
47 342 0.2
14 660 0.05
781 894 0.2
173 375 0.01
545 548 0.2
398 996 0.01
179 687 0.01
286 822 0.2
531 579 0.01
140 368 0.05
613 782 0.01
362 535 0.01
648 863 0.01
124 208 0.05
275 439 0.05
619 898 0.05
379 908 0.2
604 740 0.05
17 986 0.01
82 250 0.05
126 247 0.05
382 905 0.01
39 636 0.2
12 766 0.05
275 987 0.2
631 657 0.2
17 423 0.2
56 425 0.01
232 491 0.2
878 879 0.2
474 558 0.01
369 740 0.2
168 450 0.2
415 979 0.01
586 877 0.01
527 829 0.05
205 775 0.05
369 604 0.05
531 949 0.2
443 551 0.2
230 974 0.2
472 925 0.01
760 902 0.2
222 681 0.05
561 908 0.01
850 879 0.01
94 175 0.01
439 987 0.05
344 960 0.05
121 940 0.05
526 813 0.01
87 562 0.01
138 304 0.2
544 660 0.2
875 946 0.05
213 941 0.01
410 693 0.2
812 825 0.05
2 510 0.05
425 655 0.2
47 53 0.05
563 960 0.01
381 825 0.05
139 530 0.01
329 417 0.01
248 396 0.2
727 735 0.2
239 242 0.2
253 478 0.05
40 230 0.2
211 231 0.2
505 706 0.05
286 603 0.2
521 952 0.05
405 580 0.05
663 769 0.01
263 653 0.01
309 835 0.2
288 912 0.05
716 957 0.01
443 779 0.01
526 800 0.01
36 594 0.01
114 826 0.2
577 867 0.01
452 610 0.2
624 875 0.05
358 874 0.2
774 775 0.01
123 543 0.05
163 619 0.05
313 687 0.2
292 550 0.05
816 967 0.2
191 706 0.05
624 946 0.2
562 681 0.01
604 988 0.2
183 601 0.2
408 911 0.01
658 908 0.2
94 952 0.2
280 512 0.05
20 233 0.2
520 654 0.05
212 243 0.01
742 989 0.05
332 882 0.05
418 809 0.01
132 488 0.05
52 584 0.01
40 893 0.2
945 958 0.2
280 421 0.05
344 563 0.2
468 566 0.01
309 423 0.2
842 850 0.01
303 895 0.2
61 293 0.05
352 424 0.2
617 905 0.2
329 569 0.2
260 525 0.01
174 248 0.01
605 725 0.05
150 634 0.01
7 520 0.2
121 474 0.2
673 733 0.01
374 554 0.2
135 968 0.05
175 521 0.05
356 469 0.01
259 416 0.01
206 618 0.05
256 260 0.05
725 962 0.01
333 953 0.01
519 831 0.01
851 966 0.2
424 467 0.01
74 790 0.01
718 741 0.2
720 768 0.05
91 737 0.01
145 778 0.2
443 809 0.01
315 967 0.01
423 986 0.2
238 871 0.05
697 781 0.2
163 898 0.01
387 682 0.05
52 98 0.2
171 273 0.2
338 702 0.05
148 652 0.01
603 822 0.2
319 872 0.2
158 605 0.2
422 818 0.01
121 524 0.2
551 809 0.05
81 831 0.05
283 597 0.2
632 819 0.2
842 879 0.05
474 940 0.05
132 858 0.2
330 446 0.05
194 711 0.01
433 785 0.01
239 508 0.01
54 165 0.01
559 887 0.05
60 229 0.01
105 112 0.2
172 653 0.2
654 669 0.01
4 746 0.2
274 643 0.01
40 974 0.01
352 701 0.01
360 852 0.2
738 759 0.2
338 586 0.01
431 784 0.01
483 707 0.01
702 947 0.01
310 349 0.05
103 421 0.01
596 760 0.2
700 874 0.01
423 438 0.05
346 461 0.2
153 620 0.05
105 461 0.01
379 561 0.2
268 825 0.01
14 544 0.2
284 640 0.2
182 197 0.2
333 969 0.05
426 642 0.01
763 978 0.05
38 765 0.05
245 337 0.01
397 849 0.01
412 466 0.01
204 546 0.2
328 354 0.05
714 950 0.05
331 443 0.05
166 794 0.05
17 438 0.05
186 654 0.2
568 831 0.01
58 446 0.2
542 808 0.2
524 917 0.2
382 400 0.01
78 961 0.01
106 995 0.05
84 503 0.2
261 747 0.05
162 858 0.01
99 176 0.01
61 63 0.01
396 765 0.01
223 716 0.2
493 556 0.05
241 869 0.01
699 723 0.05
360 764 0.01
33 919 0.05
633 866 0.05
604 983 0.01
50 716 0.01
234 780 0.05
226 271 0.2
692 890 0.01
278 437 0.01
259 956 0.2
94 521 0.2
69 268 0.01
220 930 0.01
459 903 0.01
189 588 0.01
316 921 0.05
93 980 0.05
599 613 0.05
822 962 0.01
108 873 0.05
615 772 0.01
645 972 0.01
286 962 0.05
350 931 0.01
407 482 0.05
740 983 0.05
563 630 0.05
212 874 0.05
268 881 0.05
850 921 0.2
953 969 0.2
732 902 0.2
253 477 0.2
366 452 0.2
499 529 0.05
239 927 0.01
704 830 0.01
4 602 0.05
192 707 0.01
179 313 0.01
512 858 0.2
230 893 0.2
206 689 0.2
37 120 0.01
453 479 0.2
174 744 0.05
136 314 0.01
25 910 0.01
565 796 0.2
262 741 0.05
373 607 0.2
45 554 0.2
344 630 0.01
316 956 0.01
65 77 0.2
296 543 0.01
717 721 0.01
87 681 0.01
19 284 0.2
475 824 0.01
575 846 0.2
179 628 0.01
587 731 0.05
132 162 0.01
268 381 0.2
205 885 0.01
365 496 0.2
842 878 0.2
90 738 0.01
232 385 0.2
231 779 0.01
679 934 0.05
92 240 0.2
398 899 0.2
452 663 0.2
171 840 0.2
714 785 0.05
176 595 0.05
211 331 0.01
424 894 0.2
165 828 0.2
109 631 0.05
44 727 0.01
83 900 0.05
234 298 0.05
558 693 0.01
189 748 0.2
198 723 0.2
118 638 0.05
487 884 0.05
628 687 0.05
567 674 0.01
536 729 0.01
170 759 0.05
546 977 0.2
128 584 0.2
581 958 0.01
558 940 0.01
488 858 0.2
97 236 0.01
25 936 0.2
42 171 0.05
251 667 0.01
603 962 0.05
214 789 0.01
263 380 0.01
62 783 0.05
191 505 0.05
315 816 0.01
601 622 0.05
414 995 0.2
291 880 0.2
418 443 0.05
115 499 0.2
574 788 0.2
520 669 0.2
677 944 0.01
112 461 0.2
157 884 0.2
420 489 0.05
418 551 0.2
725 963 0.01
53 209 0.01
204 518 0.05
402 787 0.01
300 862 0.01
295 460 0.2
635 746 0.2
467 747 0.01
6 368 0.05
32 421 0.05
660 921 0.2
455 539 0.01
435 861 0.2
533 596 0.05
264 381 0.01
663 667 0.2
172 836 0.2
127 874 0.05
218 447 0.2
253 997 0.05
336 632 0.05
725 822 0.01
282 870 0.01
273 840 0.2
207 292 0.05
139 244 0.05
31 749 0.01
623 829 0.01
209 342 0.05
151 313 0.01
73 514 0.2
264 837 0.05
369 988 0.01
364 497 0.2
117 761 0.05
210 937 0.2
466 999 0.2
299 668 0.05
146 391 0.2
205 774 0.01
329 455 0.01
44 735 0.01
347 584 0.2
220 337 0.01
224 918 0.2
644 916 0.01
743 816 0.05
184 621 0.2
727 832 0.2
335 902 0.01
775 885 0.05
176 734 0.01
792 955 0.01
134 162 0.05
424 747 0.05
324 691 0.01
352 467 0.05
707 728 0.01
474 693 0.2
213 853 0.01
54 255 0.2
532 668 0.01
21 110 0.05
524 940 0.2
862 992 0.05
639 809 0.2
52 128 0.2
175 952 0.01
280 488 0.01
236 257 0.01
139 536 0.01
444 699 0.05
538 684 0.01
11 943 0.01
839 930 0.2
456 540 0.05
44 832 0.05
151 339 0.2
71 468 0.2
52 347 0.01
794 973 0.05
356 518 0.01
290 984 0.2
180 974 0.01
226 565 0.05
785 873 0.01
235 391 0.05
37 262 0.01
47 490 0.01
53 853 0.05
86 889 0.05
627 907 0.05
184 274 0.01
834 898 0.01
389 396 0.01
417 539 0.2
66 293 0.01
21 51 0.05
100 688 0.05
568 801 0.05
220 245 0.01
121 558 0.05
39 333 0.05
244 530 0.2
17 309 0.2
227 302 0.05
418 686 0.2
243 874 0.2
105 346 0.05
261 352 0.01
434 728 0.01
207 550 0.05
444 723 0.01
893 974 0.2
136 538 0.05
781 856 0.01
343 634 0.01
36 427 0.2
339 543 0.05
476 733 0.05
357 440 0.2
455 757 0.05
111 878 0.05
459 889 0.2
42 840 0.2
261 424 0.01
27 852 0.05
192 728 0.2
413 923 0.01
115 529 0.05
335 596 0.01
24 436 0.2
162 488 0.05
608 778 0.01
132 512 0.2
406 892 0.2
505 703 0.2
477 478 0.2
596 902 0.2
30 480 0.2
40 361 0.2
85 925 0.01
81 519 0.05
465 696 0.05
417 455 0.01
48 786 0.2
662 952 0.05
528 784 0.2
585 950 0.05
833 965 0.2
172 263 0.01
99 595 0.2
191 703 0.05
280 858 0.2
69 825 0.05
119 711 0.2
351 384 0.05
95 532 0.05
233 469 0.05
243 726 0.2
431 448 0.05
285 606 0.2
670 939 0.01
377 907 0.01
135 148 0.05
394 610 0.2
477 997 0.05
486 589 0.2
123 296 0.2
338 435 0.01
98 584 0.2
255 828 0.2
120 262 0.05
212 358 0.05
241 652 0.2
382 617 0.01
97 745 0.05
572 883 0.05
551 779 0.01
178 528 0.05
342 853 0.2
7 120 0.2
84 150 0.2
805 864 0.05
910 936 0.05
383 550 0.05
251 769 0.05
35 57 0.2
517 647 0.01
614 964 0.2
32 280 0.05
500 787 0.2
366 663 0.01
286 963 0.2
148 968 0.01
595 734 0.05
17 591 0.2
647 716 0.2
317 958 0.2
366 610 0.2
224 646 0.05
312 951 0.01
697 894 0.01
395 843 0.2
119 555 0.05
81 323 0.01
265 898 0.01
379 658 0.01
435 702 0.01
582 599 0.01
438 986 0.01
217 936 0.05
179 611 0.2
278 343 0.01
24 595 0.05
121 917 0.05
384 930 0.2
130 803 0.2
627 696 0.01
597 767 0.2
514 562 0.2
848 892 0.05
47 359 0.05
76 303 0.05
115 546 0.01
411 566 0.01
892 980 0.2
94 662 0.2
222 514 0.01
160 626 0.01
278 634 0.05
195 955 0.01
338 861 0.01
86 459 0.2
237 586 0.2
223 957 0.05
127 288 0.01
617 645 0.2
643 650 0.01
300 549 0.01
363 523 0.05
638 983 0.01
218 618 0.05
346 855 0.2
181 245 0.2
28 83 0.2
677 796 0.2
51 648 0.05
200 835 0.05
564 859 0.2
227 512 0.2
174 765 0.2
348 975 0.05
120 520 0.2
166 973 0.05
169 395 0.01
322 373 0.2
115 362 0.05
75 317 0.05
316 416 0.05
570 870 0.01
215 495 0.2
380 646 0.05
72 504 0.2
591 986 0.05
61 913 0.2
528 644 0.01
313 611 0.05
203 394 0.05
381 812 0.01
70 685 0.2
22 470 0.05
83 385 0.01
237 861 0.05
461 855 0.05
91 395 0.05
678 793 0.2
542 678 0.01
667 769 0.01
276 779 0.01
466 799 0.01
33 323 0.05
138 143 0.2
151 509 0.01
266 809 0.2
249 390 0.01
711 849 0.01
118 250 0.05
477 872 0.05
292 712 0.05
318 960 0.2
214 730 0.05
258 695 0.05
7 654 0.01
256 525 0.01
879 921 0.05
88 353 0.05
120 654 0.2
404 768 0.2
302 488 0.01
338 947 0.2
616 723 0.05
8 51 0.05
240 625 0.01
739 889 0.05
162 512 0.05
20 41 0.05
539 745 0.05
517 957 0.2
352 894 0.2
302 512 0.2
75 945 0.2
92 625 0.2
332 679 0.01
316 850 0.05
163 265 0.01
577 713 0.05
521 765 0.05
617 972 0.05
180 399 0.01
822 963 0.05
144 263 0.05
264 292 0.2
797 867 0.2
312 624 0.05
206 265 0.2
497 797 0.01
221 998 0.05
67 253 0.01
650 661 0.2
321 692 0.2
270 762 0.01
145 954 0.05
198 751 0.2
202 400 0.2
418 664 0.2
235 590 0.01
78 388 0.01
250 638 0.2
730 971 0.05
122 944 0.01
18 485 0.05
244 970 0.01
620 820 0.01
647 957 0.05
252 942 0.05
122 876 0.05
751 987 0.01
169 843 0.05
290 743 0.05
518 546 0.05
13 534 0.05
410 591 0.05
447 618 0.05
954 964 0.05
842 921 0.01
573 868 0.05
223 754 0.01
158 510 0.2
146 289 0.2
439 751 0.01
79 691 0.05
186 669 0.01
113 574 0.2
196 282 0.01
535 847 0.2
781 904 0.01
408 802 0.01
2 855 0.01
403 531 0.01
192 483 0.01
400 905 0.2
98 347 0.01
307 516 0.01
664 686 0.01
95 770 0.05
565 876 0.2
15 836 0.01
174 396 0.2
151 179 0.01
423 835 0.05
54 101 0.2
360 517 0.05
879 959 0.05
335 760 0.01
700 777 0.2
192 763 0.2
933 939 0.2
276 443 0.2
223 802 0.01
238 413 0.01
544 921 0.05
389 437 0.01
342 359 0.2
84 634 0.01
126 749 0.05
633 688 0.2
417 569 0.2
67 478 0.05
746 774 0.05
198 444 0.2
305 494 0.01
764 852 0.01
616 699 0.2
578 677 0.2
231 443 0.2
37 186 0.01
123 508 0.01
451 625 0.2
318 563 0.05
448 870 0.2
283 749 0.2
737 868 0.01
122 677 0.2
301 499 0.01
799 975 0.05
203 390 0.2
435 947 0.05
406 681 0.2
334 560 0.05
447 894 0.01
691 696 0.2
186 880 0.2
886 942 0.05
211 662 0.01
590 614 0.05
234 764 0.05
211 639 0.01
50 957 0.05
10 698 0.05
599 801 0.2
39 797 0.05
335 732 0.2
323 919 0.01
356 560 0.05
74 169 0.01
79 888 0.2
276 331 0.2
407 753 0.2
26 317 0.05
313 509 0.2
163 689 0.2
367 609 0.05
296 339 0.05
558 848 0.05
379 382 0.2
82 638 0.2
665 909 0.05
621 625 0.05
758 887 0.01
630 845 0.01
38 521 0.05
91 868 0.05
145 608 0.01
517 716 0.05
35 646 0.2
878 921 0.2
308 778 0.2
516 672 0.05
399 974 0.05
96 855 0.01
123 239 0.05
32 541 0.05
127 212 0.01
212 670 0.05
645 905 0.01
14 794 0.05
209 359 0.05
729 970 0.05
615 924 0.05
142 568 0.2
91 348 0.2
860 872 0.05
416 536 0.2
583 601 0.01
212 726 0.2
605 644 0.01
203 610 0.01
299 463 0.01
167 354 0.2
183 622 0.05
87 514 0.05
211 779 0.2
217 911 0.01
68 432 0.2
492 556 0.05
256 665 0.2
243 715 0.2
1 179 0.05
433 485 0.05
363 694 0.01
433 714 0.01
276 409 0.05
87 101 0.01
261 701 0.05
421 858 0.2
841 873 0.01
555 711 0.05
434 707 0.2
115 204 0.2
802 957 0.05
158 725 0.05
696 888 0.2
281 733 0.2
395 737 0.05
583 890 0.05
198 439 0.2
307 915 0.2
184 650 0.05
382 645 0.05
437 634 0.2
802 911 0.05
60 530 0.05
542 793 0.05
67 477 0.05
157 487 0.01
46 159 0.01
264 825 0.2
124 321 0.01
37 654 0.05
31 572 0.01
0 287 0.2
811 866 0.2
788 924 0.2
385 491 0.01
350 947 0.01
249 769 0.01
150 343 0.2
82 291 0.05
102 124 0.05
630 960 0.2
4 587 0.2
71 566 0.2
551 686 0.2
689 898 0.05
151 687 0.01
84 105 0.01
362 847 0.05
50 517 0.01
266 443 0.05
46 420 0.01
27 517 0.05
80 646 0.01
14 973 0.2
613 851 0.2
253 319 0.01
235 614 0.05
686 809 0.01
266 639 0.01
164 961 0.2
324 465 0.05
340 597 0.2
169 790 0.01
367 926 0.2
697 904 0.05
561 658 0.01
305 616 0.01
128 347 0.2
237 877 0.05
84 112 0.05
704 748 0.05
178 784 0.05
144 653 0.05
814 892 0.01
378 949 0.01
171 373 0.05
426 705 0.05
336 819 0.01
630 798 0.01
510 822 0.05
305 321 0.05
791 902 0.01
864 888 0.2
211 443 0.2
379 905 0.2
547 917 0.01
110 674 0.01
1 611 0.01
186 291 0.2
283 883 0.05
158 644 0.01
9 224 0.01
127 243 0.01
903 931 0.2
656 871 0.05
187 629 0.2
468 600 0.2
33 370 0.2
255 865 0.01
730 891 0.2
540 820 0.05
38 248 0.05
458 507 0.05
592 852 0.05
264 812 0.2
214 971 0.05
217 408 0.05
90 194 0.2
53 359 0.2
525 944 0.01
697 856 0.2
366 667 0.2
66 409 0.01
42 273 0.01
127 912 0.2
415 985 0.01
421 541 0.05
68 201 0.2
54 828 0.01
738 865 0.01
93 289 0.01
181 220 0.01
26 839 0.2
566 600 0.01
713 861 0.01
295 593 0.01
572 573 0.05
307 583 0.05
14 166 0.2
568 582 0.2
123 339 0.05
410 722 0.05
418 639 0.01
166 660 0.01
247 749 0.05
639 744 0.2
310 602 0.05
447 701 0.2
180 182 0.05
101 255 0.01
581 808 0.2
349 731 0.01
107 286 0.05
746 935 0.2
4 774 0.2
312 946 0.2
19 458 0.01
732 791 0.05
286 725 0.01
516 569 0.2
6 140 0.01
151 611 0.2
402 994 0.01
252 682 0.05
357 628 0.01
265 619 0.01
495 653 0.01
406 814 0.01
81 568 0.05
47 853 0.2
692 854 0.2
169 588 0.2
348 868 0.05
532 770 0.05
421 512 0.01
129 622 0.05
268 812 0.2
33 278 0.05
73 184 0.2
8 457 0.05
351 648 0.05
72 145 0.2
256 944 0.2
485 504 0.05
136 684 0.05
451 643 0.01
310 731 0.2
431 528 0.01
440 628 0.05
388 961 0.2
524 547 0.05
333 931 0.2
983 988 0.05
64 392 0.01
303 306 0.01
57 188 0.01
227 488 0.2
200 309 0.2
327 661 0.2
772 924 0.01
374 867 0.2
143 304 0.05
60 244 0.2
362 529 0.01
244 729 0.01
115 549 0.05
129 497 0.2
122 565 0.2
525 924 0.05
113 553 0.05
518 519 0.01
343 437 0.2
603 963 0.05
12 515 0.2
80 380 0.05
282 431 0.01
158 822 0.05
107 510 0.05
101 165 0.05
5 805 0.05
309 438 0.05
141 301 0.2
458 992 0.01
281 476 0.01
919 961 0.05
716 754 0.05
177 403 0.2
661 885 0.05
70 422 0.05
70 749 0.2
13 641 0.05
203 452 0.2
111 850 0.01
632 993 0.05
312 372 0.01
834 948 0.05
172 215 0.05
69 881 0.05
29 123 0.01
199 806 0.05
259 530 0.2
599 782 0.01
672 915 0.2
22 403 0.2
404 720 0.05
243 358 0.05
224 609 0.01
296 440 0.01
418 779 0.2
23 857 0.05
402 500 0.2
296 357 0.05
61 66 0.2
519 801 0.05
693 814 0.01
49 354 0.01
438 790 0.05
526 913 0.2
29 564 0.01
141 827 0.05
507 992 0.05
603 725 0.2
316 878 0.05
359 490 0.01
447 747 0.01
316 544 0.2
482 541 0.2
573 749 0.01
360 592 0.2
319 997 0.01
63 437 0.05
224 666 0.2
618 907 0.01
111 371 0.2
509 687 0.05
605 822 0.01
2 158 0.01
541 571 0.01
419 503 0.05
443 639 0.01
515 585 0.2
452 769 0.01
17 835 0.05
15 82 0.2
606 782 0.05
251 663 0.2
309 986 0.2
318 783 0.05
747 894 0.05
282 448 0.05
96 644 0.05
276 486 0.01
118 384 0.05
86 153 0.2
49 394 0.01
281 668 0.05
52 130 0.01
92 732 0.2
49 328 0.2
283 572 0.2
319 478 0.01
63 293 0.01
101 808 0.05
6 499 0.05
198 699 0.05
89 598 0.2
230 361 0.05
4 731 0.01
69 561 0.05
2 107 0.2
273 373 0.05
95 209 0.2
266 744 0.2
396 437 0.2
451 621 0.05
26 118 0.01
323 831 0.05
329 539 0.2
129 329 0.05
378 579 0.05
342 490 0.05
899 996 0.2
703 706 0.2
149 566 0.05
204 549 0.05
133 424 0.05
646 918 0.01
331 551 0.2
533 715 0.01
110 877 0.2
438 558 0.05
476 673 0.01
441 573 0.05
372 951 0.01
58 330 0.05
212 933 0.2
74 588 0.05
614 954 0.2
618 781 0.05
734 941 0.05
308 457 0.2
381 837 0.2
8 75 0.01
31 441 0.05
411 532 0.01
466 975 0.01
49 390 0.2
330 841 0.2
7 559 0.05
364 622 0.01
435 636 0.05
103 280 0.01
765 952 0.2
146 235 0.05
7 393 0.01
88 882 0.2
132 280 0.01
916 999 0.05
550 712 0.2
774 885 0.01
424 701 0.01
358 700 0.05
226 876 0.05
0 366 0.05
107 537 0.2
492 493 0.2
326 920 0.05
102 208 0.2
37 880 0.01
12 585 0.05
145 308 0.2
14 921 0.2
285 782 0.05
168 372 0.05
190 723 0.2
67 319 0.2
121 406 0.05
89 804 0.2
47 209 0.01
406 848 0.2
412 672 0.01
605 962 0.01
100 633 0.2
184 643 0.2
146 865 0.05
122 256 0.01
113 483 0.2
49 135 0.01
231 409 0.05
318 630 0.01
581 945 0.2
639 662 0.2
324 440 0.01
559 758 0.05
86 273 0.01
602 911 0.2
565 909 0.05
467 701 0.01
15 250 0.01
338 877 0.05
67 207 0.01
80 263 0.05
311 977 0.05
308 590 0.05
152 592 0.05
321 547 0.01
72 778 0.01
308 391 0.2
472 580 0.05
39 969 0.2
665 675 0.2
719 830 0.01
539 757 0.01
779 809 0.01
24 176 0.01
593 683 0.2
549 599 0.05
274 621 0.2
26 930 0.2
385 872 0.01
19 640 0.05
351 638 0.2
159 995 0.01
565 665 0.01
6 922 0.05
536 956 0.2
112 855 0.05
281 853 0.05
713 867 0.05
440 471 0.2
300 827 0.01
142 519 0.05
306 732 0.05
279 703 0.2
248 744 0.2
357 509 0.01
232 449 0.01
272 737 0.05
471 691 0.05
464 884 0.2
619 834 0.05
397 994 0.2
318 344 0.05
0 667 0.2
566 637 0.05
5 357 0.05
752 896 0.05
491 928 0.01
177 773 0.05
242 508 0.05
666 795 0.01
51 457 0.01
301 458 0.05
209 853 0.2
289 980 0.05
11 754 0.2
117 823 0.05
252 886 0.2
637 815 0.05
722 981 0.01
206 856 0.2
412 999 0.05
102 494 0.05
806 973 0.01
671 676 0.2
931 953 0.2
518 552 0.2
274 451 0.01
125 174 0.2
298 771 0.2
73 854 0.05
635 935 0.05
19 157 0.01
435 904 0.2
351 863 0.05
202 576 0.01
260 677 0.2
821 888 0.01
332 934 0.2
423 790 0.05
516 915 0.2
337 930 0.2
140 922 0.2
272 547 0.2
749 767 0.01
810 990 0.2
397 711 0.01
321 335 0.2
142 535 0.2
473 996 0.01
54 514 0.05
547 692 0.05
498 944 0.01
40 399 0.2
372 946 0.05
347 480 0.2
10 404 0.01
163 856 0.01
62 698 0.05
610 663 0.05
69 812 0.2
618 894 0.05
600 754 0.01
63 409 0.01
302 682 0.01
566 770 0.2
613 966 0.05
215 653 0.2
611 687 0.2
46 836 0.05
589 951 0.01
430 592 0.05
586 702 0.05
424 781 0.05
260 944 0.2
276 551 0.05
314 538 0.01
318 698 0.05
591 739 0.01
237 338 0.01
315 567 0.01
742 759 0.2
614 906 0.2
122 796 0.2
629 932 0.05
819 993 0.2
605 963 0.05
112 503 0.01
280 302 0.05
272 940 0.01
167 683 0.05
924 944 0.2
661 775 0.01
460 683 0.05
96 916 0.05
618 856 0.2
216 993 0.2
225 359 0.2
20 503 0.05
13 500 0.2
433 873 0.05
345 347 0.2
691 888 0.05
529 768 0.01
201 234 0.2
103 541 0.01
602 746 0.05
236 724 0.01
447 467 0.2
202 620 0.2
129 569 0.05
284 992 0.2
447 781 0.01
183 693 0.2
396 634 0.01
75 958 0.2
406 917 0.05
849 994 0.2
246 515 0.05
38 396 0.2
51 863 0.05
344 977 0.01
63 913 0.01
266 551 0.01
721 805 0.01
114 140 0.05
395 868 0.05
436 492 0.01
156 320 0.01
458 862 0.01
13 625 0.2
558 814 0.01
91 169 0.05
180 230 0.05
580 925 0.05
860 928 0.2
262 592 0.2
266 276 0.2
224 367 0.2
59 203 0.05
128 480 0.2
417 745 0.2
701 894 0.2
247 767 0.01
260 796 0.05
101 222 0.2
673 989 0.01
58 83 0.05
35 188 0.2
348 466 0.05
18 504 0.05
438 835 0.01
83 449 0.2
514 681 0.05
438 693 0.01
555 626 0.05
133 894 0.05
560 840 0.01
15 159 0.05
305 511 0.01
100 694 0.2
333 636 0.05
562 917 0.2
204 356 0.2
384 839 0.05
215 263 0.01
22 736 0.05
41 323 0.05
465 471 0.01
261 447 0.01
362 499 0.05
226 796 0.01
641 787 0.2
105 503 0.01
382 972 0.2
378 531 0.2
134 228 0.2
600 943 0.01
137 155 0.01
185 241 0.05
244 536 0.01
46 351 0.01
83 232 0.2
626 680 0.01
406 524 0.01
252 926 0.2
159 666 0.01
38 419 0.2
26 945 0.01
894 904 0.01
474 524 0.05
34 208 0.01
206 907 0.2
332 860 0.01
416 729 0.05
471 753 0.01
81 518 0.01
26 384 0.2
331 418 0.05
286 510 0.01
283 767 0.01
218 904 0.2
400 617 0.01
99 147 0.01
469 560 0.01
128 130 0.05
470 834 0.01
202 820 0.2
354 982 0.05
5 864 0.01
732 760 0.01
69 381 0.05
231 276 0.01
316 660 0.01
424 447 0.2
408 600 0.05
748 830 0.2
754 957 0.01
641 848 0.2
467 894 0.01
650 885 0.05
100 926 0.05
406 562 0.05
534 828 0.2
856 904 0.2
349 473 0.01
861 904 0.05
125 248 0.2
139 416 0.01
55 490 0.2
405 925 0.01
53 490 0.2
288 358 0.2
545 709 0.2
18 119 0.05
448 484 0.05
583 915 0.2
6 529 0.01
316 879 0.01
67 997 0.05
235 308 0.05
758 923 0.05
194 849 0.2
614 678 0.01
181 733 0.05
542 906 0.2
356 546 0.05
388 959 0.01
533 726 0.01
586 861 0.05
24 492 0.2
91 790 0.01
878 959 0.01
416 530 0.01
35 380 0.05
331 809 0.2
668 733 0.2
190 616 0.2
99 585 0.2
525 677 0.2
410 558 0.05
82 118 0.05
202 617 0.2
96 158 0.2
172 380 0.05
594 860 0.05
62 318 0.2
860 934 0.2
142 582 0.05
110 567 0.01
138 871 0.2
369 638 0.01
139 729 0.2
686 951 0.2
74 309 0.2
140 826 0.2
163 206 0.01
128 345 0.05
771 780 0.05
333 797 0.01
766 844 0.05
211 418 0.05
541 927 0.05
433 950 0.05
635 684 0.05
190 511 0.2
120 393 0.01
11 420 0.05
63 276 0.05
468 637 0.05
385 900 0.2
665 876 0.05
186 520 0.05
143 238 0.01
183 474 0.2
485 555 0.05
259 316 0.01
32 523 0.01
358 912 0.01
173 767 0.01
233 356 0.05
508 927 0.01
854 890 0.2
139 776 0.2
729 850 0.05
201 764 0.01
530 536 0.2
325 929 0.01
455 569 0.2
260 665 0.2
79 859 0.2
366 769 0.05
157 284 0.2
151 296 0.01
619 689 0.05
222 406 0.05
856 894 0.2
537 612 0.05
165 865 0.2
152 430 0.01
167 394 0.05
142 801 0.2
514 621 0.05
312 686 0.05
177 593 0.01
166 921 0.2
15 420 0.2
344 845 0.01
350 903 0.01
313 628 0.2
93 892 0.05
380 653 0.01
427 712 0.01
341 580 0.05
575 759 0.2
906 980 0.05
116 787 0.01
825 881 0.05
750 838 0.2
112 125 0.01
660 794 0.05
274 650 0.2
111 879 0.2
378 857 0.2
17 410 0.2
93 681 0.2
626 711 0.2
470 993 0.01
99 246 0.2
105 150 0.2
349 651 0.2
331 409 0.05
36 453 0.01
915 979 0.01
84 125 0.05
20 552 0.2
371 442 0.05
583 622 0.05
257 352 0.05
95 668 0.01
752 880 0.01
322 981 0.01
248 521 0.2
422 685 0.2
515 766 0.05
181 839 0.01
21 877 0.01
160 873 0.2
921 956 0.2
621 854 0.01
73 996 0.01
352 447 0.2
152 896 0.2
67 550 0.01
71 149 0.05
156 857 0.05
279 505 0.05
528 916 0.05
149 600 0.01
689 856 0.05
757 857 0.05
571 796 0.2
210 492 0.05
126 659 0.2
701 903 0.2
221 991 0.01
175 662 0.01
447 904 0.01
71 637 0.01
702 861 0.2
101 681 0.01
702 793 0.2
793 947 0.01
402 641 0.05
890 917 0.05
836 995 0.2
361 893 0.05
31 868 0.05
332 594 0.2
370 919 0.05
785 950 0.05
181 314 0.05
594 928 0.01
410 438 0.2
729 956 0.01
278 396 0.05
271 876 0.05
252 387 0.01
259 544 0.05
185 229 0.2
419 765 0.2
155 631 0.2
426 756 0.05
86 373 0.2
2 96 0.2
91 799 0.05
441 572 0.01
341 405 0.01
103 571 0.05
410 986 0.2
454 885 0.01
533 573 0.01
119 849 0.01
577 797 0.05
248 389 0.01
352 903 0.01
55 863 0.05
635 774 0.05
465 691 0.05
46 250 0.01
651 771 0.01
963 999 0.05
487 821 0.2
311 404 0.05
905 972 0.01
300 499 0.01
29 859 0.05
13 681 0.2
122 226 0.2
483 763 0.01
304 871 0.2
782 966 0.2
760 791 0.2
523 694 0.05
719 748 0.01
314 365 0.05
235 289 0.2
237 713 0.01
777 787 0.05
212 700 0.01
300 301 0.05
212 715 0.01
504 925 0.05
144 495 0.2
660 973 0.05
693 986 0.2
6 301 0.05
336 948 0.2
181 673 0.2
465 907 0.05
465 627 0.05
223 517 0.01
84 248 0.05
79 296 0.01
396 744 0.05
192 434 0.01
147 595 0.2
108 785 0.05
743 984 0.2
221 355 0.05
368 768 0.01
618 689 0.05
37 520 0.01
41 552 0.01
747 903 0.05
243 700 0.2
247 760 0.05
204 851 0.2
402 534 0.01
337 839 0.05
395 715 0.05
327 650 0.2
115 518 0.05
45 374 0.01
168 486 0.05
671 984 0.01
497 622 0.01
16 144 0.2
647 741 0.2
608 766 0.01
107 612 0.2
284 458 0.2
275 751 0.01
334 977 0.05
507 720 0.05
478 997 0.2
312 875 0.2
221 550 0.01
173 340 0.01
612 762 0.01
150 503 0.01
211 809 0.05
166 842 0.01
38 84 0.01
176 436 0.2
84 765 0.01
892 906 0.2
848 940 0.01
407 471 0.01
95 411 0.2
345 480 0.05
458 499 0.05
808 958 0.2
517 718 0.2
29 239 0.05
306 902 0.2
13 402 0.2
41 233 0.2
759 865 0.2
9 414 0.2
131 294 0.05
26 638 0.2
380 836 0.05
410 953 0.01
220 839 0.05
195 792 0.01
425 835 0.05
335 547 0.05
517 741 0.2
258 508 0.05
607 981 0.05
315 743 0.2
401 428 0.01
74 998 0.05
1 228 0.2
257 724 0.01
223 943 0.05
135 652 0.05
103 858 0.05
78 919 0.01
16 653 0.01
15 351 0.05
221 292 0.05
361 675 0.01
495 559 0.2
85 472 0.01
206 218 0.2
6 362 0.2
396 521 0.2
784 913 0.05
90 759 0.05
159 836 0.2
120 186 0.2
716 802 0.2
202 905 0.01
6 847 0.05
577 861 0.2
57 277 0.2
220 317 0.01
405 472 0.05
71 217 0.2
172 291 0.05
115 535 0.2
150 278 0.01
310 369 0.01
81 356 0.05
316 729 0.01
170 575 0.05
441 975 0.2
389 634 0.01
385 860 0.2
307 601 0.2
514 854 0.01
246 766 0.01
483 574 0.01
38 278 0.2
119 194 0.05
27 201 0.05
11 411 0.2
690 881 0.2
72 119 0.2
277 462 0.01
352 781 0.05
31 533 0.05
2 346 0.05
981 999 0.05
304 320 0.05
519 582 0.05
74 835 0.2
659 979 0.2
592 741 0.01
715 737 0.2
776 948 0.2
549 582 0.05
508 543 0.01
390 394 0.05
242 260 0.01
199 452 0.2
181 930 0.2
511 823 0.05
24 493 0.05
410 474 0.05
498 743 0.2
138 238 0.2
403 470 0.2
263 495 0.01
917 940 0.05
367 942 0.01
4 310 0.2
464 827 0.2
504 608 0.01
368 922 0.05
349 988 0.05
376 620 0.2
111 316 0.2
12 246 0.2
384 638 0.05
59 976 0.01
269 434 0.2
159 795 0.2
743 967 0.01
372 551 0.05
170 738 0.2
853 941 0.05
51 55 0.2
655 835 0.05
551 951 0.01
726 933 0.2
197 955 0.2
74 423 0.2
421 488 0.2
107 822 0.2
70 126 0.01
615 788 0.2
63 389 0.2
558 986 0.05
151 628 0.2
591 693 0.05
212 939 0.01
200 425 0.05
374 797 0.05
563 798 0.01
377 465 0.01
27 234 0.05
272 799 0.05
449 491 0.01
7 669 0.01
469 518 0.01
105 855 0.01
602 731 0.01
108 433 0.05
116 402 0.01
190 439 0.2
496 587 0.2
683 982 0.2
408 602 0.2
263 836 0.01
583 692 0.2
590 793 0.05
151 357 0.2
104 635 0.01
931 947 0.2
20 469 0.05
14 66 0.01
340 375 0.01
142 847 0.01
653 836 0.2
590 954 0.2
29 543 0.01
41 503 0.2
20 150 0.05
286 537 0.01
442 755 0.05
129 601 0.05
121 848 0.2
134 858 0.2
478 812 0.01
238 656 0.05
198 297 0.2
406 558 0.05
227 280 0.2
599 851 0.05
538 635 0.01
462 811 0.2
40 180 0.01
260 927 0.05
793 906 0.05
170 742 0.01
149 468 0.05
242 525 0.2
163 834 0.2
127 700 0.05
579 993 0.05
683 773 0.05
20 105 0.05
597 749 0.2
394 683 0.2
572 868 0.05
544 956 0.01
262 718 0.01
122 498 0.2
782 851 0.01
524 558 0.05
184 854 0.01
521 662 0.2
128 803 0.05
46 82 0.05
92 335 0.2
271 565 0.01
267 939 0.2
372 589 0.2
248 952 0.01
350 701 0.05
498 984 0.01
216 462 0.01
390 769 0.05
594 882 0.05
139 259 0.2
50 223 0.01
184 514 0.05
592 752 0.01
59 390 0.01
559 923 0.05
642 688 0.05
588 704 0.01
377 557 0.05
309 790 0.01
831 919 0.05
256 677 0.2
28 860 0.05
282 570 0.01
368 529 0.05
185 745 0.01
29 79 0.05
652 968 0.01
381 881 0.01
31 126 0.05
439 723 0.01
314 673 0.2
84 346 0.2
231 639 0.05
188 367 0.01
9 995 0.01
394 452 0.01
117 275 0.05
310 651 0.05
666 918 0.2
129 183 0.01
806 970 0.2
80 666 0.05
48 609 0.05
264 268 0.2
485 785 0.01
170 846 0.01
581 604 0.01
176 246 0.05
43 440 0.01
16 89 0.01
492 937 0.2
125 346 0.2
423 591 0.2
71 754 0.2
404 960 0.05
41 150 0.01
18 626 0.05
387 475 0.01
504 555 0.05
28 385 0.01
145 235 0.01
737 940 0.01
442 557 0.05
339 611 0.2
310 740 0.2
4 935 0.05
537 963 0.01
311 720 0.01
39 435 0.05
636 697 0.2
454 661 0.2
587 774 0.01
242 482 0.2
573 659 0.2
474 814 0.2
674 786 0.01
461 762 0.2
272 659 0.01
391 865 0.05
327 454 0.05
491 860 0.01
678 808 0.2
348 737 0.05
636 797 0.01
410 814 0.2
169 748 0.05
311 992 0.01
177 683 0.2
588 843 0.2
33 38 0.01
610 769 0.2
519 851 0.05
38 952 0.01
661 774 0.2
62 972 0.2
856 898 0.2
102 511 0.2
38 634 0.2
215 380 0.01
99 734 0.05
178 431 0.05
202 382 0.01
454 684 0.2
23 757 0.05
427 594 0.05
561 825 0.05
450 779 0.2
461 612 0.01
306 791 0.05
305 692 0.01
395 790 0.05
199 366 0.01
403 579 0.2
787 990 0.2
817 862 0.2
201 852 0.01
372 686 0.2
572 749 0.2
729 878 0.05
324 696 0.01
108 330 0.01
129 969 0.05
233 552 0.2
311 529 0.05
56 835 0.2
501 987 0.01
17 693 0.2
272 348 0.05
693 722 0.2
216 632 0.05
113 763 0.2
43 421 0.01
8 648 0.01
600 637 0.01
631 965 0.2
535 552 0.05
903 953 0.01
70 247 0.05
84 396 0.01
277 429 0.01
459 739 0.01
102 321 0.01
184 899 0.05
199 610 0.05
460 593 0.2
292 383 0.05
322 724 0.2
60 378 0.05
355 998 0.05
178 526 0.01
15 172 0.2
121 693 0.01
428 887 0.05
235 906 0.05
61 409 0.01
295 683 0.2
518 568 0.05
289 906 0.05
77 901 0.01
647 718 0.05
297 751 0.05
116 994 0.05
507 977 0.2
24 734 0.05
507 529 0.05
948 949 0.05
217 600 0.01
179 509 0.05
43 103 0.2
517 802 0.05
499 549 0.05
464 717 0.2
810 994 0.05
87 406 0.01
123 242 0.2
79 324 0.05
221 712 0.01
31 283 0.05
105 762 0.2
217 538 0.01
523 688 0.2
670 874 0.05
482 927 0.05
548 709 0.01
681 917 0.01
889 903 0.05
331 639 0.2
203 683 0.05
786 795 0.05
621 650 0.05
275 761 0.2
413 559 0.2
415 803 0.05
854 996 0.01
139 378 0.2
359 853 0.05
860 900 0.05
158 962 0.05
185 869 0.01
31 659 0.2
443 686 0.05
587 602 0.2
127 189 0.05
374 497 0.05
287 366 0.2
746 911 0.01
137 430 0.01
372 450 0.2
1 43 0.2
32 103 0.05
155 657 0.05
195 991 0.2
133 781 0.2
12 844 0.2
152 880 0.01
758 891 0.01
70 818 0.01
251 708 0.2
410 981 0.2
465 888 0.05
726 939 0.01
118 839 0.01
672 722 0.01
398 854 0.01
162 280 0.2
158 963 0.05
192 978 0.05
501 651 0.05
452 667 0.2
189 395 0.01
660 961 0.2
245 575 0.01
270 373 0.2
114 368 0.05
693 940 0.05
205 635 0.05
183 814 0.05
115 977 0.01
578 796 0.2
81 851 0.01
94 211 0.2
848 980 0.05
470 531 0.05
190 494 0.05
771 987 0.2
613 801 0.05
373 459 0.01
685 749 0.01
60 139 0.01
704 843 0.2
551 639 0.01
176 941 0.05
257 903 0.2
115 300 0.05
416 921 0.2
389 484 0.01
579 948 0.05
198 987 0.05
42 424 0.2
30 193 0.05
175 211 0.01
54 87 0.2
848 986 0.05
122 260 0.2
32 482 0.05
376 978 0.01
219 676 0.01
104 684 0.01
333 903 0.01
474 848 0.05
293 913 0.01
509 628 0.2
664 809 0.05
126 596 0.01
716 943 0.2
799 868 0.05
480 584 0.2
453 594 0.05
155 871 0.2
37 291 0.01
472 504 0.2
71 943 0.2
199 773 0.05
979 985 0.05
311 768 0.01
463 476 0.2
911 935 0.2
485 873 0.2
652 869 0.2
705 755 0.01
164 388 0.05
317 930 0.2
146 255 0.01
534 625 0.01
261 894 0.01
438 591 0.01
132 756 0.01
412 916 0.05
842 959 0.01
499 507 0.05
126 208 0.2
137 520 0.2
61 276 0.05
46 489 0.05
130 415 0.2
32 407 0.01
189 243 0.2
189 843 0.01
549 827 0.01
412 799 0.05
211 952 0.05
54 222 0.2
41 81 0.2
315 674 0.05
57 891 0.2
715 868 0.05
158 286 0.05
108 485 0.2
11 770 0.01
517 764 0.01
39 953 0.05
52 803 0.2
42 467 0.01
349 740 0.05
533 749 0.05
24 99 0.2
247 596 0.2
100 619 0.05
150 323 0.01
318 798 0.2
524 641 0.2
668 853 0.2
531 834 0.01
433 504 0.01
168 589 0.05
114 922 0.2
1 687 0.01
149 839 0.01
81 469 0.2
230 399 0.01
222 917 0.05
362 549 0.01
297 444 0.01
292 812 0.05
377 606 0.2
949 993 0.01
172 495 0.05
182 788 0.2
124 126 0.05
487 888 0.01
98 128 0.05
729 921 0.01
159 420 0.2
203 773 0.2
405 446 0.05
622 890 0.01
585 714 0.2
12 608 0.05
67 872 0.2
650 775 0.2
274 899 0.01
406 474 0.2
525 927 0.2
124 305 0.01
100 523 0.2
97 776 0.2
395 588 0.01
53 281 0.01
898 948 0.2
30 345 0.2
574 615 0.2
278 323 0.2
28 872 0.05
517 852 0.2
483 728 0.01
814 848 0.01
145 964 0.01
32 512 0.01
606 966 0.2
150 233 0.2
264 550 0.05
384 863 0.2
190 275 0.01
533 760 0.2
320 328 0.05
140 768 0.2
130 345 0.2
451 650 0.01
337 733 0.05
563 977 0.2
872 934 0.2
4 635 0.05
854 917 0.2
474 601 0.05
367 918 0.05
533 868 0.01
272 524 0.2
744 765 0.05
248 419 0.05
84 419 0.05
93 101 0.01
377 755 0.2
183 410 0.01
9 646 0.01
554 988 0.05
335 533 0.05
634 765 0.05
960 977 0.05
37 592 0.01
212 267 0.05
121 547 0.2
91 272 0.01
91 940 0.05
121 272 0.2
524 848 0.05
361 974 0.2
797 969 0.05
382 908 0.05
565 677 0.01
619 633 0.05
850 959 0.2
174 952 0.2
639 952 0.01
90 844 0.05
278 370 0.01
431 870 0.05
370 409 0.01
607 724 0.05
710 978 0.05
188 942 0.01
120 495 0.01
18 711 0.01
277 993 0.01
918 995 0.05
696 907 0.05
204 977 0.2
118 408 0.05
163 694 0.01
267 670 0.01
403 949 0.05
125 503 0.2
265 856 0.2
448 784 0.05
568 851 0.01
507 768 0.01
101 562 0.05
562 854 0.2
21 648 0.05
157 458 0.05
322 722 0.05
498 567 0.05
175 231 0.01
517 592 0.01
126 760 0.05
544 961 0.2
618 904 0.05
234 852 0.01
801 831 0.01
106 237 0.2
57 386 0.05
105 233 0.01
73 621 0.01
518 851 0.05
609 666 0.05
592 880 0.2
188 216 0.2
162 227 0.2
250 384 0.05
239 260 0.05
378 530 0.2
245 281 0.01
37 741 0.01
861 867 0.05
183 364 0.01
243 395 0.05
135 328 0.2
188 224 0.05
124 335 0.05
139 956 0.05
14 370 0.01
182 399 0.05
311 458 0.01
401 971 0.2
231 809 0.2
87 808 0.01
293 409 0.05
582 613 0.2
500 777 0.05
596 732 0.01
417 757 0.05
21 674 0.2
256 796 0.05
11 566 0.2
430 752 0.05
400 576 0.2
609 918 0.2
270 607 0.2
546 560 0.01
874 933 0.01
427 453 0.01
45 740 0.05
54 681 0.05
235 678 0.05
142 362 0.2
257 424 0.05
409 779 0.01
36 712 0.01
778 954 0.2
621 643 0.2
26 958 0.05
223 600 0.2
236 697 0.01
748 843 0.01
64 788 0.01
73 562 0.01
90 711 0.2
530 956 0.05
107 807 0.05
189 777 0.2
916 963 0.05
43 541 0.01
449 900 0.2
145 391 0.2
231 418 0.01
177 460 0.05
208 321 0.2
485 925 0.05
712 882 0.01
75 457 0.05
132 421 0.2
334 540 0.2
43 927 0.05
277 971 0.2
397 626 0.05
71 408 0.2
80 159 0.2
43 753 0.2
9 367 0.05
302 932 0.2
237 414 0.2
310 988 0.05
147 585 0.05
196 703 0.01
266 331 0.05
644 725 0.05
675 876 0.2
111 729 0.01
319 860 0.05
277 730 0.2
539 569 0.05
660 850 0.2
286 605 0.2
390 982 0.2
701 904 0.01
515 608 0.2
53 668 0.05
764 780 0.05
207 221 0.2
679 882 0.2
554 740 0.2
38 503 0.01
188 646 0.2
718 804 0.01
70 767 0.2
388 879 0.05
108 160 0.01
118 351 0.2
670 726 0.2
298 501 0.2
352 459 0.2
238 559 0.05
474 917 0.01
606 613 0.2
526 784 0.01
321 854 0.01
56 153 0.2
18 85 0.2
758 971 0.01
554 867 0.01
189 704 0.01
500 848 0.05
193 506 0.05
323 343 0.05
777 874 0.01
549 801 0.05
213 281 0.2
646 666 0.01
814 986 0.05
501 751 0.2
364 814 0.2
701 781 0.05
790 835 0.2
392 788 0.2
63 66 0.01
316 842 0.2
469 840 0.01
231 662 0.2
1 628 0.01
329 969 0.2
590 678 0.05
37 669 0.2
376 820 0.05
60 185 0.2
459 747 0.05
81 919 0.05
692 917 0.01
245 930 0.05
747 781 0.2
4 911 0.05
106 836 0.2
397 990 0.05
276 809 0.2
29 508 0.2
591 953 0.2
872 900 0.2
489 863 0.2
137 262 0.05
38 150 0.2
679 928 0.05
619 688 0.01
169 649 0.01
268 837 0.05
531 993 0.2
9 106 0.05
153 889 0.01
278 765 0.05
118 983 0.05
79 864 0.2
438 474 0.01
651 761 0.2
397 810 0.2
55 648 0.05
73 398 0.05
248 634 0.05
57 730 0.05
739 931 0.2
724 969 0.2
54 496 0.05
256 565 0.05
819 923 0.01
486 551 0.2
102 979 0.2
183 969 0.2
357 687 0.05
86 171 0.05
577 636 0.05
231 551 0.01
43 407 0.05
843 868 0.01
352 697 0.05
120 669 0.2
547 890 0.01
259 536 0.05
414 918 0.05
392 947 0.2
194 397 0.05
441 985 0.2
808 906 0.05
35 891 0.01
238 304 0.01
601 915 0.2
739 829 0.05
771 935 0.2
529 546 0.2
82 957 0.05
86 739 0.01
233 630 0.01
581 988 0.2
2 822 0.2
354 394 0.2
209 668 0.01
470 866 0.01
416 544 0.01
387 886 0.2
266 779 0.2
8 317 0.01
744 952 0.2
163 948 0.01
485 841 0.01
201 432 0.01
336 949 0.05
400 972 0.05
667 708 0.2
510 605 0.05
518 831 0.01
249 251 0.2
681 892 0.01
300 458 0.01
25 161 0.2
103 228 0.01
417 724 0.05
391 778 0.2
26 220 0.05
754 802 0.05
299 532 0.2
510 855 0.01
370 961 0.05
103 512 0.05
39 577 0.05
189 874 0.2
812 881 0.01
142 831 0.01
587 746 0.2
29 691 0.2
571 927 0.01
74 438 0.2
495 654 0.2
430 852 0.2
250 351 0.01
20 84 0.01
185 539 0.05
173 597 0.01
45 752 0.01
184 451 0.05
821 859 0.05
149 411 0.01
78 879 0.2
63 266 0.05
726 874 0.01
436 734 0.01
132 753 0.05
260 565 0.2
74 748 0.2
49 249 0.01
371 878 0.05
167 982 0.05
561 812 0.05
89 647 0.2
411 468 0.2
282 784 0.2
32 858 0.05
182 974 0.01
113 197 0.2
284 456 0.05
355 680 0.05
52 345 0.01
548 645 0.01
124 760 0.05
2 461 0.01
529 535 0.2
198 275 0.05
207 882 0.2
156 185 0.05
228 858 0.2
382 561 0.01
117 190 0.01
605 916 0.2
17 558 0.05
705 756 0.05
180 954 0.2
97 530 0.2
411 839 0.01
266 418 0.01
623 906 0.2
515 778 0.2
9 609 0.05
187 363 0.05
206 781 0.2
436 595 0.05
240 451 0.01
281 846 0.05
29 296 0.2
259 921 0.01
136 673 0.01
549 862 0.01
255 496 0.05
254 571 0.05
132 302 0.01
148 241 0.01
538 746 0.05
618 627 0.05
305 398 0.01
574 924 0.05
872 997 0.05
435 586 0.05
757 833 0.05
244 259 0.2
741 852 0.2
456 992 0.2
217 910 0.01
462 993 0.05
186 495 0.2
639 779 0.05
244 416 0.2
23 336 0.01
3 368 0.01
75 391 0.2
208 247 0.01
303 760 0.05
611 695 0.05
557 705 0.01
298 935 0.05
440 691 0.2
246 846 0.2
15 638 0.2
415 915 0.05
336 579 0.2
266 870 0.01
386 942 0.2
153 576 0.05
456 640 0.05
943 957 0.2
558 892 0.01
282 913 0.01
7 37 0.01
118 802 0.05
835 986 0.01
23 143 0.05
505 838 0.2
707 763 0.2
424 697 0.05
125 419 0.05
12 950 0.2
8 21 0.2
149 815 0.05
96 178 0.2
73 222 0.2
188 386 0.01
121 183 0.01
262 520 0.2
801 851 0.2
250 291 0.01
303 902 0.2
435 577 0.05
348 573 0.2
232 900 0.2
272 868 0.05
669 752 0.01
341 929 0.2
586 947 0.01
660 879 0.01
399 893 0.2
242 541 0.2
250 957 0.01
302 387 0.2
169 189 0.2
372 875 0.01
155 520 0.01
597 883 0.05
165 496 0.2
324 357 0.05
580 792 0.01
151 543 0.2
160 555 0.01
423 558 0.2
56 200 0.2
680 900 0.05
722 953 0.01
406 940 0.2
374 577 0.05
262 647 0.01
444 920 0.05
746 775 0.01
252 367 0.2
654 880 0.05
125 765 0.05
265 688 0.2
162 228 0.01
66 276 0.2
401 413 0.05
43 858 0.2
78 660 0.05
34 102 0.2
307 622 0.01
96 528 0.05
281 342 0.05
38 175 0.01
825 837 0.2
50 89 0.01
149 314 0.2
298 764 0.01
187 932 0.01
404 507 0.05
67 712 0.05
129 797 0.2
714 873 0.01
25 217 0.2
171 257 0.01
362 552 0.01
270 322 0.05
27 592 0.01
699 899 0.05
975 999 0.05
7 238 0.01
33 961 0.01
423 848 0.2
413 871 0.2
196 870 0.2
530 776 0.05
619 948 0.05
365 454 0.05
110 586 0.05
444 616 0.05
218 781 0.05
129 455 0.01
92 902 0.2
184 661 0.2
157 862 0.2
379 645 0.01
179 440 0.2
102 692 0.05
300 992 0.01
88 332 0.01
153 820 0.2
495 887 0.05
10 318 0.2
161 481 0.01
67 292 0.2
527 614 0.01
389 765 0.01
117 511 0.01
576 620 0.05
122 665 0.05
174 389 0.2
249 663 0.2
473 890 0.2
278 389 0.05
194 994 0.2
731 774 0.05
337 673 0.01
200 655 0.01
665 796 0.05
281 673 0.05
50 718 0.01
314 337 0.05
393 520 0.01
190 305 0.2
496 865 0.01
104 538 0.01
456 820 0.2
32 488 0.05
73 731 0.2
22 462 0.01
186 215 0.01
796 944 0.01
564 728 0.01
239 543 0.01
11 600 0.2
65 818 0.01
153 655 0.05
579 834 0.2
905 908 0.2
211 551 0.2
396 952 0.01
239 258 0.01
513 965 0.2
204 519 0.01
238 923 0.05
783 845 0.05
678 892 0.01
93 641 0.2
123 440 0.01
790 848 0.01
205 746 0.01
244 378 0.2
862 884 0.05
449 453 0.01
179 357 0.2
74 395 0.2
921 973 0.05
76 767 0.2
340 939 0.2
303 791 0.2
9 666 0.05
547 854 0.01
250 943 0.05
560 977 0.01
407 541 0.2
204 300 0.2
598 887 0.01
123 927 0.05
24 556 0.05
340 767 0.05
346 503 0.01
760 895 0.2
398 473 0.2
132 134 0.2
487 864 0.01
311 546 0.2
203 982 0.2
263 646 0.05
383 658 0.2
87 581 0.05
55 457 0.01
379 400 0.05
372 624 0.2
308 954 0.2
619 694 0.05
53 213 0.2
815 910 0.05
90 119 0.2
350 739 0.05
530 729 0.05
91 843 0.01
37 647 0.05
636 904 0.05
32 753 0.01
28 680 0.2
126 767 0.05
384 411 0.01
203 663 0.01
156 833 0.05
39 867 0.2
441 685 0.01
671 743 0.05
13 621 0.01
256 876 0.2
45 988 0.05
189 700 0.05
395 777 0.2
7 887 0.2
53 95 0.01
102 659 0.05
334 820 0.01
392 574 0.05
29 242 0.01
73 87 0.05
184 775 0.2
426 755 0.01
438 848 0.05
171 459 0.05
143 871 0.01
273 560 0.2
218 894 0.2
66 973 0.01
41 831 0.01
411 600 0.05
205 661 0.05
79 821 0.2
83 491 0.2
13 93 0.2
243 670 0.01
26 351 0.01
121 601 0.01
537 962 0.2
265 618 0.2
796 909 0.2
192 710 0.2
223 647 0.01
71 223 0.05
789 971 0.01
518 977 0.05
761 987 0.05
412 915 0.01
567 944 0.01
448 570 0.01
289 391 0.2
160 841 0.01
433 841 0.2
317 581 0.05
737 790 0.01
529 977 0.2
196 570 0.2
219 225 0.2
649 843 0.01
928 934 0.05
518 549 0.01
59 982 0.2
316 536 0.05
358 670 0.05
450 486 0.05
283 685 0.05
494 823 0.2
5 721 0.2
187 541 0.05
499 862 0.05
290 816 0.05
236 745 0.05
22 177 0.2
614 793 0.05
121 814 0.05
109 155 0.01
119 504 0.2
258 927 0.05
69 645 0.05
354 390 0.01
54 534 0.05
310 983 0.05
159 489 0.05
324 888 0.01
425 576 0.2
97 259 0.01
120 741 0.2
230 498 0.01
627 691 0.01
547 940 0.05
255 289 0.2
80 144 0.2
305 899 0.2
395 726 0.2
161 936 0.05
96 612 0.05
101 581 0.01
723 899 0.01
349 369 0.05
365 989 0.01
250 754 0.05
102 305 0.2
604 638 0.01
8 945 0.05
499 546 0.2
178 800 0.2
834 949 0.2
864 884 0.05
536 834 0.05
660 842 0.05
10 960 0.2
356 977 0.2
356 552 0.2
183 558 0.05
250 420 0.05
33 521 0.01
533 737 0.2
66 794 0.05
179 339 0.01
146 738 0.01
47 225 0.2
314 684 0.2
384 648 0.05
204 862 0.01
14 293 0.2
209 532 0.2
42 261 0.01
536 776 0.2
231 266 0.01
724 813 0.01
464 721 0.2
546 992 0.01
53 532 0.01
143 413 0.05
64 110 0.01
408 839 0.2
602 935 0.01
476 668 0.01
587 958 0.2
431 913 0.01
101 514 0.01
284 507 0.01
722 969 0.2
122 578 0.05
697 776 0.05
145 614 0.01
213 342 0.2
188 918 0.2
600 802 0.2
47 213 0.2
124 659 0.05
232 860 0.2
309 998 0.05
313 339 0.01
292 381 0.01
150 469 0.2
380 918 0.2
64 590 0.05
36 882 0.01
524 681 0.01
79 357 0.2
378 776 0.2
351 930 0.05
633 642 0.2
234 360 0.05
105 634 0.01
61 437 0.2
575 989 0.2
175 765 0.2
220 384 0.05
67 812 0.01
125 396 0.01
542 581 0.01
817 966 0.2
577 757 0.01
390 610 0.01
181 532 0.01
498 677 0.2
151 440 0.2
718 852 0.05
211 266 0.05
285 613 0.05
850 956 0.05
144 380 0.01
253 658 0.05
17 790 0.05
243 933 0.05
324 407 0.2
412 975 0.01
168 708 0.2
759 989 0.01
174 521 0.05
227 858 0.2
636 969 0.01
206 898 0.2
350 392 0.2
27 802 0.01
181 365 0.01
625 732 0.05
80 653 0.05
571 677 0.05
143 857 0.2
413 758 0.05
715 933 0.01
607 722 0.2
368 826 0.01
554 604 0.2
404 709 0.01
96 510 0.01
240 732 0.05
926 942 0.05
182 230 0.2
329 757 0.05
411 930 0.2
262 654 0.01
842 970 0.2
370 660 0.01
550 812 0.01
207 264 0.01
963 975 0.2
538 911 0.2
206 447 0.05
31 70 0.05
183 583 0.01
389 448 0.01
73 661 0.2
93 406 0.05
94 765 0.2
342 668 0.2
527 739 0.2
183 722 0.01
497 969 0.01
278 521 0.05
229 241 0.01
262 393 0.01
291 638 0.2
314 839 0.01
201 360 0.2
28 67 0.05
459 931 0.01
132 426 0.05
502 535 0.01
124 247 0.2
126 573 0.01
679 860 0.2
69 908 0.05
391 590 0.2
175 370 0.2
166 544 0.05
588 790 0.05
530 745 0.2
217 802 0.01
152 651 0.2
26 983 0.2
126 533 0.01
119 608 0.2
636 903 0.2
435 867 0.05
204 560 0.01
97 417 0.01
129 364 0.05
796 876 0.01
69 379 0.01
599 827 0.05
499 768 0.2
273 459 0.2
729 842 0.2
54 562 0.05
280 541 0.05
501 780 0.01
97 416 0.2
447 627 0.05
724 800 0.05
353 837 0.05
106 713 0.01
204 966 0.05
178 644 0.2
143 167 0.05
311 499 0.05
496 661 0.01
76 173 0.2
82 880 0.2
694 926 0.2
266 448 0.05
544 973 0.01
591 981 0.2
453 680 0.05
167 460 0.01
581 731 0.2
39 931 0.01
68 764 0.01
14 316 0.05
309 655 0.01
584 838 0.05
279 838 0.2
737 799 0.2
131 807 0.01
2 286 0.2
808 945 0.05
196 589 0.05
270 343 0.05
81 164 0.01
38 94 0.01
612 855 0.01
136 149 0.05
458 720 0.05
355 991 0.05
856 948 0.05
7 155 0.01
891 971 0.01
78 959 0.01
72 766 0.01
368 499 0.05
337 532 0.05
107 603 0.2
578 944 0.2
868 975 0.2
42 352 0.05
335 791 0.01
870 951 0.01
356 851 0.01
98 130 0.05
84 461 0.2
32 187 0.01
219 290 0.2
669 880 0.2
470 579 0.05
546 549 0.05
753 755 0.01
583 917 0.05
290 671 0.05
208 305 0.05
455 833 0.01
751 771 0.2
896 965 0.2
602 802 0.01
30 347 0.2
803 914 0.2
510 725 0.01
828 865 0.2
75 808 0.05
529 720 0.01
256 675 0.01
466 916 0.05
7 871 0.05
739 903 0.05
209 490 0.05
235 954 0.01
16 50 0.01
145 590 0.01
301 827 0.05
111 842 0.05
11 489 0.05
97 724 0.05
38 174 0.05
503 634 0.01
100 866 0.05
332 928 0.05
101 958 0.01
282 486 0.2
50 741 0.2
785 841 0.05
71 936 0.2
22 993 0.2
33 175 0.01
75 220 0.05
41 469 0.01
406 980 0.01
93 906 0.05
588 719 0.01
19 992 0.05
93 402 0.05
7 186 0.2
138 156 0.05
162 756 0.05
178 913 0.05
12 99 0.05
585 766 0.05
415 659 0.2
259 729 0.2
861 947 0.01
110 772 0.05
636 701 0.05
95 299 0.2
385 449 0.2
319 934 0.01
257 697 0.05
507 546 0.05
327 828 0.01
168 779 0.05
23 833 0.05
478 658 0.05
510 603 0.2
97 257 0.2
698 960 0.2
257 747 0.05
435 701 0.2
657 965 0.01
800 913 0.05
445 938 0.05
300 599 0.05
34 511 0.05
80 224 0.05
7 495 0.01
125 484 0.2
1 313 0.01
18 160 0.2
40 182 0.2
95 342 0.01
85 580 0.2
400 645 0.2
813 913 0.01
158 916 0.2
730 789 0.05
923 971 0.2
281 575 0.01
614 623 0.05
246 941 0.05
38 41 0.2
333 497 0.01
178 389 0.05
190 198 0.2
466 672 0.05
225 490 0.01
211 409 0.2
293 544 0.05
181 281 0.01
196 431 0.05
341 472 0.2
115 507 0.01
744 809 0.2
426 753 0.05
693 953 0.05
360 802 0.01
721 864 0.05
93 165 0.2
156 304 0.05
203 769 0.2
232 928 0.05
147 950 0.2
893 984 0.2
133 467 0.2
136 637 0.05
561 905 0.2
655 981 0.01
41 84 0.05
229 869 0.2
54 661 0.2
79 440 0.2
37 495 0.2
130 584 0.01
371 729 0.01
283 340 0.01
501 935 0.2
156 539 0.2
229 530 0.05
327 885 0.01
429 462 0.2
289 849 0.2
336 993 0.01
150 437 0.2
51 110 0.2
71 910 0.2
563 845 0.2
85 405 0.05
283 573 0.05
257 459 0.05
603 605 0.01
825 908 0.01
281 532 0.01
79 696 0.05
67 383 0.01
13 562 0.2
616 899 0.2
38 323 0.2
369 581 0.2
300 464 0.2
787 994 0.2
184 398 0.2
362 518 0.01
272 474 0.05
107 855 0.05
107 963 0.05
527 964 0.05
685 818 0.2
376 400 0.2
131 537 0.2
82 172 0.2
817 888 0.01
259 660 0.05
17 655 0.01
531 948 0.05
364 406 0.01
519 549 0.05
470 898 0.05
258 339 0.01
553 763 0.01
764 935 0.2
829 991 0.01
194 555 0.05
525 796 0.05
459 701 0.05
86 903 0.05
1 695 0.01
73 775 0.2
350 747 0.05
635 775 0.05
154 640 0.05
860 882 0.01
568 599 0.05
715 874 0.2
146 165 0.2
129 417 0.05
211 276 0.05
49 167 0.01
281 337 0.05
555 849 0.01
45 880 0.2
93 255 0.01
189 358 0.01
543 564 0.05
18 925 0.2
97 139 0.01
641 681 0.2
236 636 0.01
503 765 0.2
113 978 0.01
94 231 0.2
463 668 0.01
390 452 0.2
175 409 0.01
115 862 0.05
260 924 0.2
377 627 0.05
67 860 0.05
414 713 0.01
547 583 0.05
166 879 0.2
546 552 0.01
850 970 0.01
417 969 0.2
49 203 0.2
588 830 0.05
610 773 0.05
130 979 0.01
207 427 0.2
183 497 0.2
472 955 0.01
47 55 0.05
85 485 0.2
549 568 0.05
738 742 0.05
494 692 0.01
49 610 0.2
572 685 0.01
557 753 0.01
644 963 0.05
174 484 0.2
532 930 0.01
435 797 0.2
426 557 0.01
696 821 0.2
323 961 0.01
414 836 0.05
834 856 0.05
90 865 0.01
34 124 0.05
383 991 0.01
799 999 0.05
183 953 0.2
256 924 0.05
423 693 0.2
439 501 0.2
265 834 0.05
272 573 0.2
148 897 0.05
513 833 0.2
178 813 0.05
438 940 0.2
16 263 0.01
171 270 0.05
96 605 0.05
468 815 0.05
814 953 0.2
167 328 0.01
826 922 0.2
379 617 0.2
43 482 0.05
766 846 0.2
253 872 0.2
265 557 0.01
20 630 0.2
593 773 0.01
218 615 0.05
10 709 0.01
360 741 0.01
524 562 0.05
235 964 0.01
243 777 0.01
170 844 0.05
318 845 0.2
702 877 0.01
13 787 0.2
166 850 0.05
527 906 0.05
569 672 0.2
594 712 0.01
237 435 0.2
491 900 0.05
206 377 0.05
390 663 0.01
513 896 0.05
106 918 0.2
267 358 0.2
697 701 0.2
1 858 0.2
90 146 0.01
116 810 0.2
160 485 0.01
165 534 0.05
307 513 0.05
514 661 0.01
113 788 0.01
353 882 0.05
83 872 0.05
374 988 0.2
437 765 0.01
557 689 0.05
16 647 0.01
279 584 0.05
688 694 0.01
56 309 0.01
13 222 0.05
311 960 0.2
533 902 0.2
455 745 0.2
726 868 0.05
48 187 0.05
301 529 0.2
496 958 0.05
782 817 0.05
31 685 0.2
962 999 0.05
389 744 0.05
331 450 0.01
96 107 0.01
601 693 0.2
350 702 0.01
26 369 0.01
174 419 0.05
837 881 0.01
323 634 0.05
265 371 0.01
590 906 0.2
364 601 0.05
366 806 0.01
611 628 0.05
962 975 0.2
6 535 0.2
693 848 0.05
292 825 0.2
164 323 0.2
132 227 0.01
239 525 0.2
660 956 0.01
307 569 0.05
111 959 0.2
536 970 0.05
101 289 0.2
194 626 0.01
211 521 0.2
892 986 0.05
4 775 0.2
410 423 0.01
46 995 0.05
307 672 0.01
248 437 0.2
12 72 0.2
273 762 0.01
42 257 0.05
487 817 0.01
619 856 0.05
113 192 0.05
638 740 0.05
702 797 0.01
213 734 0.05
324 753 0.01
46 638 0.01
233 762 0.01
337 365 0.2
558 790 0.2
137 393 0.2
107 461 0.05
831 851 0.2
13 514 0.2
406 641 0.2
470 619 0.05
498 974 0.01
630 977 0.2
223 408 0.01
623 678 0.01
68 161 0.01
532 566 0.01
222 854 0.2
689 907 0.05
32 132 0.2
61 526 0.05
6 115 0.2
575 742 0.2
639 664 0.01
130 914 0.05
281 299 0.2
421 571 0.05
301 862 0.05
49 148 0.2
306 760 0.05
479 810 0.2
323 519 0.2
45 669 0.01
321 494 0.01
88 719 0.05
508 909 0.01
291 653 0.05
484 744 0.2
861 877 0.01
20 798 0.2
299 733 0.01
124 494 0.01
442 705 0.01
293 437 0.2
299 853 0.05
518 535 0.01
34 494 0.2
111 921 0.05
309 591 0.05
342 532 0.01
350 459 0.2
246 585 0.2
447 907 0.05
9 926 0.2
5 324 0.05
296 509 0.05
153 202 0.05
134 512 0.01
39 903 0.2
43 242 0.01
243 843 0.05
434 483 0.2
357 471 0.2
107 962 0.05
302 858 0.2
58 385 0.05
182 361 0.05
990 994 0.05
46 172 0.05
257 636 0.2
28 449 0.01
783 807 0.2
169 737 0.01
112 150 0.2
369 731 0.05
7 262 0.2
214 277 0.2
379 825 0.2
157 992 0.05
32 43 0.01
710 763 0.2
456 821 0.05
557 907 0.01
279 706 0.05
0 663 0.01
115 311 0.05
272 533 0.05
287 667 0.05
27 68 0.05
172 186 0.05
135 320 0.2
208 494 0.2
139 970 0.01
678 980 0.2
134 488 0.05
387 824 0.05
119 146 0.2
542 590 0.01
133 352 0.01
486 779 0.01
604 945 0.2
409 443 0.05
78 164 0.01
264 712 0.01
780 852 0.01
216 470 0.05
388 606 0.05
698 783 0.01
1 134 0.05
520 559 0.01
301 922 0.2
138 320 0.01
601 890 0.2
33 343 0.05
141 922 0.01
321 890 0.05
292 837 0.01
182 954 0.2
193 345 0.05
205 650 0.05
339 440 0.01
215 836 0.05
299 476 0.2
31 247 0.2
443 486 0.01
100 252 0.01
287 708 0.05
206 894 0.2
87 917 0.05
355 397 0.2
74 189 0.2
701 947 0.01
424 618 0.05
248 278 0.2
569 969 0.01
845 960 0.2
402 990 0.01
635 885 0.01
198 899 0.01
133 956 0.05
306 895 0.01
790 986 0.01
45 186 0.2
506 965 0.01
257 894 0.2
48 932 0.2
310 604 0.05
467 781 0.01
315 578 0.01
518 560 0.2
633 898 0.05
268 561 0.01
471 696 0.05
192 269 0.2
24 147 0.01
381 382 0.05
921 970 0.01
482 753 0.01
591 814 0.05
19 507 0.01
356 840 0.2
117 439 0.01
365 587 0.01
83 446 0.05
130 347 0.05
636 867 0.05
46 384 0.01
613 817 0.05
137 657 0.01
507 862 0.2
551 664 0.2
129 307 0.01
759 846 0.01
470 949 0.2
215 923 0.2
535 549 0.01
537 649 0.2
596 749 0.2
817 864 0.01
510 962 0.05
111 133 0.05
82 983 0.2
549 851 0.01
537 999 0.2
373 840 0.2
170 989 0.01
682 932 0.05
310 587 0.2
587 661 0.2
14 259 0.05
715 777 0.01
291 836 0.01
591 655 0.01
188 926 0.01
187 523 0.01
282 589 0.2
2 112 0.2
349 602 0.05
375 767 0.05
334 344 0.05
349 996 0.05
642 705 0.01
370 544 0.01
133 697 0.05
704 719 0.2
109 137 0.01
291 983 0.01
120 559 0.2
36 332 0.2
633 811 0.2
404 563 0.2
688 866 0.2
350 793 0.05
623 739 0.2
499 535 0.01
271 671 0.2
157 464 0.05
233 518 0.01
579 819 0.2
738 844 0.2
413 656 0.2
28 232 0.01
20 356 0.2
217 637 0.05
245 733 0.05
478 561 0.2
244 806 0.01
268 645 0.01
182 574 0.05
623 986 0.05
532 733 0.01
120 137 0.01
725 916 0.05
231 952 0.2
519 535 0.2
403 736 0.01
549 613 0.2
364 797 0.01
144 172 0.05
641 980 0.05
244 956 0.01
500 524 0.05
317 351 0.2
122 671 0.05
573 799 0.05
138 833 0.2
700 933 0.2
409 437 0.01
544 794 0.05
162 421 0.01
7 137 0.01
150 396 0.2
544 850 0.01
408 538 0.01
494 616 0.05
772 788 0.01
329 516 0.01
498 671 0.01
360 718 0.05
165 289 0.2
377 689 0.05
86 620 0.2
356 519 0.2
123 258 0.2
163 618 0.05
11 468 0.05
149 217 0.2
439 761 0.05
93 222 0.01
489 770 0.2
393 887 0.2
180 893 0.2
733 989 0.2
269 728 0.01
63 396 0.05
431 570 0.01
400 620 0.05
233 503 0.01
12 714 0.2
723 751 0.01
636 931 0.01
78 370 0.2
372 418 0.05
248 503 0.05
812 908 0.2
56 86 0.2
118 602 0.2
63 278 0.2
636 861 0.2
118 930 0.01
345 584 0.05
448 528 0.2
43 628 0.05
91 438 0.2
372 486 0.01
122 525 0.01
195 829 0.01
56 981 0.01
523 932 0.05
686 946 0.01
731 988 0.05
14 961 0.2
371 689 0.2
478 908 0.01
6 768 0.05
753 858 0.2
599 966 0.2
226 578 0.2
334 546 0.2
235 778 0.01
679 690 0.01
198 616 0.01
124 902 0.2
314 637 0.01
262 517 0.2
15 995 0.01
113 707 0.01
323 469 0.05
339 509 0.05
180 197 0.2
200 423 0.2
261 459 0.2
86 655 0.05
429 593 0.01
97 539 0.05
486 951 0.01
579 632 0.2
174 639 0.05
149 532 0.2
197 574 0.01
55 342 0.01
309 425 0.05
17 56 0.05
18 680 0.05
671 876 0.2
115 552 0.01
566 943 0.05
416 850 0.2
812 837 0.2
819 949 0.2
111 377 0.01
152 310 0.05
100 682 0.05
92 451 0.2
178 448 0.05
82 351 0.01
697 747 0.05
13 54 0.2
208 760 0.01
362 546 0.05
149 408 0.01
107 158 0.05
142 549 0.01
171 607 0.2
561 645 0.2
411 637 0.2
261 553 0.01
278 919 0.01
207 383 0.2
684 746 0.2
216 926 0.01
289 614 0.01
726 737 0.01
876 909 0.01
204 499 0.01
82 836 0.05
546 862 0.05
129 513 0.05
581 740 0.01
711 994 0.01
809 951 0.01
616 791 0.2
141 300 0.2
206 619 0.2
72 555 0.2
440 687 0.05
745 776 0.01
339 508 0.05
401 758 0.01
163 688 0.05
543 859 0.2
265 755 0.05
290 490 0.05
276 450 0.01
60 806 0.2
285 959 0.05
582 851 0.01
921 961 0.2
604 958 0.2
50 754 0.01
173 901 0.01
317 384 0.01
402 849 0.2
427 479 0.01
519 552 0.05
508 665 0.01
15 291 0.05
478 872 0.05
497 867 0.05
774 935 0.05
350 889 0.01
447 697 0.2
26 602 0.05
258 909 0.01
640 992 0.05
168 551 0.01
189 830 0.05
36 860 0.2
158 855 0.05
229 287 0.2
74 91 0.2
869 913 0.01
641 892 0.05
9 188 0.05
226 677 0.2
304 328 0.05
722 999 0.01
218 701 0.2
344 798 0.2
581 587 0.01
215 654 0.01
767 895 0.01
164 966 0.05
520 871 0.01
701 931 0.01
54 93 0.2
238 520 0.05
623 991 0.2
600 911 0.2
314 733 0.01
288 874 0.05
699 920 0.01
397 680 0.2
395 748 0.05
21 863 0.2
567 677 0.2
35 224 0.05
469 552 0.01
52 480 0.01
854 899 0.2
270 612 0.01
184 996 0.05
93 848 0.05
623 964 0.01
829 964 0.01
793 931 0.2
124 596 0.05
115 301 0.01
4 349 0.01
441 749 0.01
393 559 0.2
527 678 0.05
371 850 0.2
260 508 0.05
803 832 0.05
462 470 0.2
247 533 0.01
747 904 0.2
441 868 0.01
118 369 0.2
931 969 0.01
388 851 0.2
398 692 0.05
601 917 0.01
471 755 0.2
313 357 0.2
974 984 0.01
100 163 0.05
558 917 0.2
551 589 0.01
178 916 0.01
534 994 0.05
169 835 0.05
162 302 0.05
487 862 0.05
329 745 0.2
399 954 0.2
632 949 0.05
42 133 0.05
468 943 0.05
78 921 0.05
689 755 0.01
233 845 0.01
584 803 0.01
591 931 0.01
164 343 0.2
266 409 0.01
15 489 0.01
295 429 0.01
394 773 0.01
698 709 0.05
266 389 0.05
521 744 0.05
113 392 0.05
649 975 0.01
235 542 0.2
863 930 0.05
370 794 0.01
13 92 0.05
97 697 0.05
160 711 0.05
567 578 0.05
453 491 0.01
450 551 0.01
793 808 0.01
469 762 0.2
321 902 0.05
527 991 0.2
204 362 0.2
218 856 0.2
350 435 0.01
158 603 0.01
384 770 0.05
632 948 0.01
3 140 0.01
471 557 0.2
580 955 0.01
977 992 0.05
87 364 0.05
681 980 0.2
269 710 0.01
641 777 0.2
674 772 0.05
880 983 0.05
58 900 0.01
702 931 0.01
2 605 0.05
83 330 0.05
197 788 0.2
776 949 0.2
75 308 0.2
397 555 0.01
435 713 0.01
502 552 0.05
267 912 0.01
741 804 0.01
71 411 0.01
44 422 0.01
270 273 0.01
127 267 0.01
377 618 0.01
11 71 0.01
452 773 0.05
559 654 0.05
257 373 0.2
349 604 0.2
153 273 0.2
266 396 0.01
284 862 0.2
440 543 0.2
10 563 0.05
117 494 0.01
759 844 0.01
255 738 0.01
339 357 0.01
739 986 0.2
642 756 0.05
153 425 0.01
101 496 0.01
499 992 0.05
440 753 0.01
703 838 0.01
688 689 0.05
369 602 0.01
372 443 0.01
150 765 0.2
689 834 0.05
352 904 0.2
294 837 0.05
333 350 0.05
360 957 0.01
375 901 0.05
73 587 0.2
291 654 0.05
220 945 0.01
582 831 0.05
731 746 0.01
404 529 0.01
251 366 0.05
79 123 0.05
639 686 0.05
117 987 0.01
49 769 0.01
21 567 0.2
567 772 0.2
548 698 0.2
93 500 0.01
384 489 0.2
123 564 0.05
373 981 0.05
222 808 0.05
537 603 0.2
147 714 0.05
895 902 0.01
209 299 0.01
141 464 0.05
878 956 0.05
42 560 0.01
882 934 0.05
214 429 0.01
144 215 0.2
70 283 0.2
659 749 0.01
11 250 0.2
66 544 0.2
229 244 0.01
780 935 0.05
224 380 0.2
84 389 0.05
164 851 0.05
311 344 0.2
643 885 0.05
204 992 0.05
218 627 0.2
201 718 0.2
300 817 0.05
204 568 0.05
17 848 0.05
264 881 0.01
362 368 0.01
553 574 0.05
53 55 0.2
186 752 0.01
364 542 0.01
226 671 0.05
119 397 0.01
3 502 0.05
410 969 0.2
394 982 0.05
670 700 0.2
116 240 0.01
659 985 0.01
403 993 0.01
197 954 0.01
608 844 0.2
477 860 0.01
348 412 0.05
122 230 0.2
446 841 0.2
397 402 0.01
47 281 0.01
466 963 0.2
237 702 0.05
537 822 0.05
57 216 0.01
315 498 0.01
79 543 0.01
111 536 0.2
231 521 0.05
97 956 0.2
618 697 0.2
96 963 0.05
289 678 0.2
147 176 0.01
156 757 0.2
567 924 0.2
36 479 0.05
504 785 0.2
368 720 0.2
600 839 0.01
573 975 0.2
790 940 0.01
498 578 0.05
540 620 0.2
99 515 0.05
50 804 0.01
72 515 0.05
573 737 0.01
590 964 0.01
553 889 0.01
764 802 0.01
609 786 0.2
799 940 0.01
536 856 0.01
454 774 0.2
794 921 0.05
468 770 0.01
36 207 0.05
42 459 0.2
321 732 0.01
660 878 0.01
382 658 0.05
451 732 0.2
776 857 0.01
66 370 0.05
304 354 0.01
73 899 0.01
243 939 0.01
516 601 0.2
92 596 0.2
636 953 0.01
180 788 0.01
358 933 0.2
352 636 0.05
803 979 0.01
567 967 0.05
373 762 0.2
6 114 0.2
84 278 0.05
524 737 0.2
463 733 0.01
75 235 0.05
109 965 0.05
68 234 0.05
511 616 0.01
596 715 0.01
111 956 0.2
84 174 0.05
285 377 0.2
465 557 0.05
283 533 0.2
755 907 0.05
897 968 0.01
111 606 0.2
101 542 0.2
27 718 0.2
247 659 0.2
234 935 0.05
121 892 0.01
116 990 0.2
443 664 0.2
700 787 0.01
364 808 0.05
510 963 0.05
439 771 0.2
610 667 0.2
407 691 0.05
348 441 0.01
35 263 0.01
45 604 0.2
73 650 0.01
145 146 0.2
489 795 0.2
200 998 0.05
56 591 0.2
662 744 0.01
218 772 0.01
270 840 0.2
572 597 0.05
616 920 0.2
208 659 0.01
123 151 0.2
505 570 0.2
381 561 0.01
462 866 0.05
189 288 0.01
23 138 0.05
56 576 0.2
73 774 0.01
519 599 0.01
329 724 0.05
331 662 0.05
458 529 0.01
726 883 0.2
671 893 0.01
51 877 0.2
745 757 0.2
635 911 0.2
116 534 0.2
366 394 0.05
164 544 0.05
244 531 0.01
338 904 0.05
257 701 0.01
229 610 0.01
762 840 0.2
202 376 0.01
21 586 0.05
738 828 0.05
539 857 0.01
404 698 0.2
189 719 0.01
174 266 0.01
428 758 0.05
48 363 0.05
275 723 0.2
61 486 0.05
686 779 0.01
372 779 0.05
264 882 0.05
49 968 0.05
181 668 0.05
382 825 0.2
447 856 0.05
15 653 0.01
770 930 0.05
338 793 0.2
38 437 0.2
191 570 0.2
207 812 0.01
43 179 0.01
33 634 0.05
62 960 0.01
879 961 0.01
700 715 0.05
420 943 0.01
622 917 0.05
449 680 0.05
715 939 0.01
552 977 0.01
129 374 0.05
296 859 0.01
535 568 0.05
6 141 0.01
139 531 0.2
22 531 0.01
215 559 0.2
284 487 0.01
164 919 0.05
484 855 0.2
724 953 0.2
334 356 0.05
150 762 0.2
13 240 0.01
64 877 0.05
745 813 0.2
262 880 0.01
328 390 0.2
601 672 0.05
296 691 0.01
33 831 0.01
731 958 0.01
702 867 0.05
115 992 0.01
564 707 0.01
33 81 0.05
46 863 0.2
369 945 0.2
805 888 0.2
104 161 0.2
729 879 0.2
443 450 0.05
277 819 0.2
80 836 0.05
18 72 0.05
295 971 0.01
8 877 0.01
555 680 0.01
65 901 0.05
670 715 0.2
140 529 0.2
190 699 0.05
614 829 0.01
45 833 0.01
145 504 0.05
152 349 0.01
22 866 0.05
722 724 0.01
74 200 0.05
149 181 0.2
87 93 0.2
92 621 0.2
276 418 0.05
677 924 0.01
406 693 0.01
761 896 0.01
470 736 0.01
790 998 0.01
330 485 0.2
630 783 0.05
28 319 0.01
91 715 0.05
64 180 0.01
186 262 0.05
319 385 0.05
587 775 0.05
532 839 0.05
762 845 0.2
700 726 0.05
688 898 0.01
592 718 0.2
692 996 0.2
413 971 0.05
588 777 0.01
168 276 0.05
218 907 0.05
571 578 0.05
121 583 0.01
66 660 0.05
970 973 0.01
757 776 0.05
67 900 0.05
155 393 0.05
230 944 0.05
678 814 0.01
28 491 0.05
328 982 0.2
220 532 0.01
887 923 0.01
890 996 0.2
8 863 0.2
570 838 0.01
548 972 0.01
637 839 0.2
8 308 0.05
229 378 0.2
384 420 0.05
132 642 0.2
802 943 0.01
636 947 0.2
495 758 0.01
436 556 0.05
149 538 0.2
478 825 0.05
138 631 0.2
84 855 0.2
137 669 0.05
530 970 0.2
133 416 0.01
550 991 0.05
325 433 0.05
64 586 0.01
80 172 0.05
17 739 0.2
499 720 0.01
33 437 0.2
916 962 0.2
474 986 0.2
623 980 0.2
416 660 0.2
96 461 0.2
250 802 0.01
305 854 0.01
177 429 0.05
133 316 0.01
388 878 0.01
202 972 0.01
206 904 0.01
119 289 0.01
466 722 0.01
305 723 0.05
925 955 0.01
302 421 0.2
365 742 0.05
438 981 0.01
731 740 0.2
17 981 0.01
253 812 0.2
94 639 0.05
217 223 0.05
31 883 0.2
728 763 0.01
487 859 0.01
78 544 0.05
727 750 0.2
32 302 0.05
169 868 0.2
682 886 0.05
515 950 0.05
75 581 0.2
72 844 0.05
5 440 0.01
498 893 0.2
575 865 0.2
75 542 0.2
391 608 0.2
225 290 0.05
27 780 0.01
812 882 0.05
98 838 0.01
777 790 0.01
757 867 0.2
164 316 0.2
17 74 0.2
261 903 0.01
76 760 0.01
272 917 0.2
229 394 0.01
316 961 0.05
41 518 0.2
798 960 0.05
266 282 0.05
469 546 0.05
1 151 0.05
483 553 0.2
21 457 0.05
140 720 0.2
5 79 0.2
293 526 0.05
641 940 0.01
857 949 0.01
20 112 0.05
334 620 0.05
203 366 0.01
39 417 0.2
666 995 0.2
265 633 0.2
122 271 0.2
144 598 0.05
42 373 0.01
28 58 0.05
465 755 0.05
814 906 0.2
296 628 0.01
534 621 0.01
184 625 0.2
636 702 0.05
242 258 0.05
83 860 0.05
412 985 0.01
62 617 0.05
396 484 0.05
454 496 0.05
339 687 0.05
468 910 0.05
191 279 0.2
223 911 0.2
8 590 0.01
48 629 0.01
823 914 0.01
375 597 0.05
918 926 0.2
493 937 0.05
169 438 0.05
10 768 0.05
187 571 0.2
592 764 0.05
766 778 0.2
216 277 0.2
325 950 0.01
15 384 0.01
409 521 0.05
673 742 0.01
9 380 0.05
575 738 0.2
4 408 0.05
159 380 0.2
190 987 0.05
332 690 0.01
465 864 0.2
203 249 0.01
365 865 0.01
275 501 0.05
125 855 0.2
320 354 0.2
777 990 0.05
428 559 0.01
356 966 0.2
361 399 0.2
346 510 0.01
271 676 0.01
290 498 0.01
408 746 0.01
374 757 0.01
90 170 0.01
619 866 0.01
473 651 0.05
207 332 0.01
348 395 0.05
647 804 0.2
274 625 0.01
460 993 0.05
491 594 0.05
177 295 0.05
185 530 0.2
817 992 0.05
204 599 0.2
521 639 0.01
348 999 0.2
105 125 0.01
76 375 0.01
201 780 0.05
28 207 0.05
253 383 0.2
444 751 0.05
206 627 0.01
348 940 0.05
544 879 0.2
39 236 0.2
344 404 0.05
435 697 0.05
84 343 0.01
473 896 0.05
27 957 0.2
79 471 0.2
649 962 0.01
579 776 0.05
798 845 0.01
235 808 0.05
276 293 0.01
626 849 0.01
39 702 0.2
71 802 0.01
374 740 0.01
129 516 0.2
138 965 0.01
81 204 0.2
525 615 0.01
42 747 0.05
95 566 0.2
479 680 0.05
454 775 0.2
540 560 0.01
317 839 0.2
36 928 0.01
308 608 0.05
103 488 0.01
576 845 0.2
260 571 0.01
267 933 0.2
213 846 0.01
137 631 0.01
81 552 0.05
454 635 0.2
247 902 0.05
797 953 0.2
39 497 0.2
236 417 0.2
13 524 0.05
374 604 0.05
222 524 0.05
591 722 0.05
373 903 0.05
301 549 0.05
54 865 0.01
652 897 0.05
133 257 0.05
74 777 0.2
55 220 0.2
598 804 0.2
250 983 0.05
169 704 0.2
413 887 0.01
124 692 0.01
644 784 0.2
270 634 0.2
292 882 0.05
112 634 0.2
603 649 0.2
91 558 0.2
693 981 0.2
323 568 0.05
41 519 0.05
221 383 0.2
287 869 0.01
153 334 0.05
150 270 0.01
392 615 0.05
649 963 0.05
351 489 0.2
929 950 0.05
461 503 0.05
388 966 0.05
874 912 0.2
538 637 0.2
124 791 0.2
3 10 0.05
623 892 0.01
88 594 0.01
782 801 0.2
369 958 0.01
42 86 0.01
81 801 0.2
644 962 0.05
596 726 0.2
159 918 0.05
783 960 0.2
423 998 0.01
27 223 0.2
254 695 0.01
60 259 0.2
1 162 0.05
326 791 0.05
514 650 0.05
85 504 0.05
36 88 0.05
24 937 0.05
574 707 0.2
232 872 0.01
542 958 0.2
155 656 0.2
166 806 0.2
691 821 0.01
332 712 0.05
35 918 0.2
30 968 0.2
552 630 0.01
606 851 0.2
636 781 0.2
418 951 0.2
373 724 0.05
99 436 0.2
43 280 0.05
497 601 0.2
205 501 0.05
377 442 0.01
620 889 0.2
651 996 0.2
0 708 0.01
195 978 0.05
427 680 0.01
597 685 0.05
343 389 0.01
81 961 0.2
57 646 0.05
602 774 0.2
308 614 0.2
242 407 0.01
41 356 0.2
137 592 0.05
315 786 0.2
351 420 0.01
207 594 0.01
120 880 0.05
208 511 0.01
468 754 0.2
133 856 0.05
349 587 0.05
776 856 0.05
624 686 0.05
465 805 0.05
170 766 0.2
39 697 0.05
216 819 0.05
165 514 0.01
370 521 0.05
425 537 0.01
354 683 0.2
355 427 0.2
125 744 0.2
321 760 0.2
903 969 0.01
737 843 0.05
48 674 0.01
288 830 0.2
121 641 0.01
330 405 0.2
312 589 0.05
106 159 0.2
435 931 0.05
470 633 0.05
817 884 0.01
139 949 0.01
351 983 0.01
58 405 0.01
448 913 0.05
525 665 0.05
814 940 0.2
552 563 0.05
255 534 0.01
648 930 0.05
14 78 0.2
464 864 0.01
604 731 0.01
204 552 0.05
115 458 0.05
54 73 0.2
930 945 0.01
26 587 0.05
412 722 0.2
482 525 0.01
102 583 0.01
846 941 0.05
35 80 0.05
467 618 0.01
84 233 0.01
194 738 0.2
278 409 0.01
93 562 0.05
45 896 0.01
540 992 0.01
399 778 0.2
421 753 0.05
0 452 0.2
228 695 0.05
381 645 0.05
101 828 0.05
334 845 0.05
183 940 0.05
565 944 0.01
148 708 0.01
775 899 0.2
466 981 0.01
533 659 0.2
474 892 0.05
597 939 0.01
101 865 0.05
945 983 0.2
276 639 0.01
204 469 0.01
225 436 0.2
558 591 0.01
245 532 0.2
200 221 0.2
196 784 0.01
194 844 0.01
268 690 0.2
573 883 0.05
495 520 0.05
486 913 0.01
4 205 0.01
681 848 0.05
160 449 0.2
45 152 0.2
946 951 0.05
668 770 0.01
195 197 0.01
509 611 0.01
90 849 0.05
426 688 0.05
234 771 0.05
562 621 0.2
407 440 0.2
91 975 0.2
129 333 0.2
121 737 0.05
609 926 0.05
668 673 0.2
183 307 0.01
333 724 0.05
76 77 0.05
275 771 0.05
253 908 0.01
118 600 0.01
498 816 0.05
82 420 0.01
213 246 0.01
260 909 0.01
344 783 0.2
150 248 0.01
92 306 0.01
488 756 0.2
368 847 0.01
1 103 0.2
183 406 0.2
77 326 0.01
31 596 0.01
228 512 0.05
80 918 0.2
360 647 0.2
300 546 0.01
101 146 0.05
388 613 0.2
740 880 0.05
551 870 0.2
464 862 0.2
353 881 0.01
472 485 0.2
16 172 0.01
233 560 0.2
602 983 0.01
136 454 0.2
392 793 0.01
16 495 0.01
282 951 0.2
878 970 0.01
588 998 0.05
243 288 0.05
730 758 0.05
593 976 0.01
273 334 0.2
357 543 0.05
314 454 0.05
261 781 0.2
312 551 0.01
911 936 0.01
440 509 0.2
394 769 0.2
600 936 0.2
213 359 0.01
807 845 0.05
443 951 0.05
165 681 0.2
459 467 0.01
3 768 0.2
791 895 0.2
27 741 0.05
236 416 0.2
362 519 0.2
337 668 0.2
926 932 0.01
441 799 0.05
82 384 0.01
336 713 0.2
26 337 0.2
370 437 0.2
69 382 0.01
889 931 0.05
388 782 0.01
742 865 0.01
729 834 0.05
65 422 0.01
31 348 0.2
133 618 0.01
44 750 0.05
150 461 0.2
82 754 0.01
562 890 0.05
226 909 0.2
636 747 0.05
868 883 0.05
272 335 0.01
205 454 0.01
119 844 0.2
407 927 0.05
385 928 0.01
14 850 0.2
85 955 0.05
39 724 0.05
41 634 0.01
248 484 0.01
324 627 0.01
550 825 0.2
98 784 0.01
576 655 0.01
761 823 0.2
575 766 0.2
9 786 0.05
157 640 0.01
690 882 0.01
467 627 0.2
749 883 0.01
399 472 0.2
795 995 0.2
295 982 0.01
195 383 0.05
78 166 0.2
457 590 0.01
46 648 0.05
87 854 0.05
152 669 0.05
593 982 0.05
41 419 0.01
303 732 0.01
450 589 0.01
762 855 0.01
118 957 0.05
212 288 0.05
723 987 0.2
809 870 0.05
746 885 0.05
135 249 0.2
28 997 0.01
127 670 0.01
459 591 0.01
60 970 0.01
17 814 0.01
859 888 0.2
338 713 0.2
337 575 0.01
424 903 0.05
186 653 0.05
175 331 0.05
91 474 0.2
245 673 0.05
567 816 0.2
554 577 0.01
301 368 0.05
421 482 0.05
459 953 0.01
430 896 0.01
770 839 0.05
33 150 0.05
121 681 0.05
100 363 0.05
534 787 0.05
558 601 0.2
242 256 0.05
118 754 0.05
204 529 0.2
277 460 0.01
218 747 0.01
257 781 0.01
411 943 0.2
474 799 0.2
45 291 0.01
222 892 0.01
273 607 0.01
17 200 0.05
100 898 0.2
591 835 0.05
227 421 0.2
578 743 0.2
64 772 0.05
146 608 0.01
251 452 0.2
5 471 0.05
67 332 0.05
437 521 0.2
284 311 0.01
876 893 0.2
273 889 0.2
206 557 0.01
434 564 0.05
403 773 0.05
386 730 0.01
175 396 0.05
189 212 0.05
418 662 0.01
624 951 0.01
644 999 0.05
321 791 0.2
356 831 0.05
364 581 0.01
145 399 0.2
242 571 0.2
724 745 0.2
674 967 0.2
288 938 0.2
222 364 0.2
300 884 0.2
529 549 0.01
118 911 0.2
79 487 0.05
533 572 0.2
124 547 0.2
483 978 0.2
364 562 0.2
107 346 0.2
559 871 0.01
536 850 0.05
451 534 0.2
674 877 0.2
606 959 0.01
176 585 0.05
431 644 0.05
184 885 0.2
85 555 0.2
156 455 0.2
208 335 0.05
119 626 0.01
265 377 0.2
453 900 0.2
165 738 0.01
296 324 0.01
380 995 0.2
477 934 0.01
358 726 0.2
39 947 0.05
566 754 0.05
175 278 0.01
22 429 0.01
45 369 0.05
566 815 0.05
261 889 0.01
532 637 0.05
381 400 0.05
582 782 0.01
262 852 0.2
391 614 0.01
45 983 0.2
167 304 0.2
75 590 0.05
643 661 0.05
737 777 0.01
240 534 0.01
67 882 0.05
239 296 0.05
43 239 0.2
350 352 0.05
122 893 0.01
149 770 0.05
187 421 0.05
69 690 0.05
642 755 0.01
136 365 0.05
379 812 0.2
690 812 0.2
280 932 0.01
131 649 0.01
305 996 0.05
325 341 0.05
138 857 0.01
499 847 0.2
333 435 0.2
343 396 0.01
394 663 0.01
314 989 0.2
39 257 0.2
682 688 0.2
274 854 0.05
345 506 0.2
222 581 0.2
381 550 0.01
408 754 0.2
104 217 0.2
198 501 0.05
499 977 0.05
87 165 0.05
658 905 0.01
429 460 0.01
747 889 0.05
416 878 0.05
5 509 0.2
228 421 0.2
81 966 0.2
113 182 0.05
22 811 0.2
388 919 0.2
137 654 0.05
377 696 0.2
94 248 0.05
579 857 0.01
725 975 0.01
488 642 0.2
500 534 0.01
431 484 0.01
14 842 0.05
436 493 0.05
90 828 0.2
592 647 0.05
459 607 0.2
39 329 0.2
693 892 0.05
715 843 0.2
14 956 0.01
9 48 0.01
229 806 0.01
542 702 0.05
658 812 0.01
89 120 0.2
190 444 0.2
183 917 0.2
37 752 0.05
225 342 0.01
553 978 0.05
125 389 0.2
349 983 0.01
27 298 0.01
185 857 0.01
631 871 0.05
82 943 0.01
500 980 0.05
280 523 0.01
319 900 0.2
524 892 0.05
111 416 0.01
128 279 0.05
230 984 0.01
612 807 0.2
168 443 0.2
43 471 0.2
424 904 0.01
82 653 0.05
139 834 0.05
685 767 0.2
677 876 0.2
379 381 0.2
33 765 0.01
175 248 0.05
369 554 0.01
637 910 0.2
233 798 0.2
423 655 0.01
380 495 0.2
662 809 0.05
124 511 0.2
71 911 0.05
573 596 0.2
191 951 0.01
565 578 0.2
525 541 0.2
235 793 0.01
139 579 0.2
139 745 0.01
681 808 0.01
265 907 0.05
796 927 0.2
827 862 0.2
350 953 0.2
458 768 0.05
507 640 0.2
518 966 0.05
391 457 0.05
115 847 0.2
280 753 0.2
239 256 0.01
388 850 0.05
407 421 0.05
411 489 0.05
476 989 0.05
601 814 0.05
489 648 0.01
111 442 0.01
439 444 0.05
171 560 0.2
27 935 0.2
343 469 0.2
171 322 0.2
392 553 0.05
596 791 0.2
372 809 0.2
476 846 0.05
642 682 0.2
33 78 0.2
491 872 0.2
403 460 0.2
183 333 0.01
324 864 0.01
179 296 0.01
118 943 0.2
470 948 0.2
77 247 0.05
69 264 0.2
25 481 0.05
177 531 0.2
360 780 0.01
569 724 0.2
643 775 0.2
167 203 0.01
411 668 0.2
581 983 0.2
296 508 0.2
143 923 0.2
0 806 0.05
93 534 0.2
817 851 0.01
72 954 0.05
745 800 0.2
245 839 0.05
43 132 0.2
473 761 0.2
43 123 0.2
419 521 0.2
25 104 0.05
70 597 0.2
547 659 0.2
247 895 0.2
460 819 0.05
991 998 0.05
262 430 0.01
207 860 0.2
601 940 0.01
193 480 0.01
26 604 0.05
31 272 0.01
457 648 0.01
89 144 0.2
32 363 0.01
568 613 0.01
351 945 0.05
43 258 0.01
240 306 0.05
441 659 0.2
293 660 0.05
256 909 0.01
227 682 0.01
776 834 0.2
146 308 0.05
158 528 0.01
247 283 0.2
181 989 0.01
37 517 0.05
220 457 0.05
270 461 0.01
591 889 0.2
794 806 0.2
710 728 0.2
376 383 0.2
636 894 0.01
202 334 0.2
48 367 0.2
723 920 0.2
906 964 0.05
654 752 0.01
549 847 0.2
458 640 0.2
305 699 0.05
464 487 0.2
784 813 0.2
2 612 0.01
432 718 0.05
184 205 0.05
610 806 0.05
833 857 0.2
171 762 0.05
133 377 0.2
236 352 0.01
245 846 0.01
176 213 0.2
183 672 0.05
54 327 0.01
26 408 0.2
239 482 0.05
478 550 0.01
560 966 0.2
15 118 0.2
339 628 0.2
449 626 0.2
77 767 0.05
454 538 0.2
78 850 0.2
426 488 0.2
91 573 0.2
341 925 0.01
396 419 0.2
0 251 0.01
63 448 0.05
645 825 0.05
650 774 0.01
835 998 0.2
735 803 0.01
450 708 0.01
307 890 0.01
270 855 0.2
563 698 0.2
196 486 0.01
726 777 0.05
717 805 0.01
681 854 0.05
74 843 0.05
842 973 0.2
976 982 0.05
169 348 0.01
590 778 0.01
659 799 0.2
297 699 0.05
269 792 0.01
311 563 0.05
689 781 0.05
150 389 0.2
876 944 0.01
11 384 0.01
126 335 0.01
185 378 0.05
725 999 0.2
212 912 0.01
142 518 0.2
103 162 0.2
70 441 0.2
93 849 0.05
85 792 0.05
398 890 0.2
134 227 0.2
473 988 0.05
153 376 0.01
310 752 0.2
719 837 0.05
49 982 0.2
243 267 0.01
410 940 0.01
330 433 0.2
123 859 0.01
534 641 0.2
84 437 0.01
488 753 0.05
281 941 0.2
259 293 0.2
101 906 0.05
271 796 0.01
357 691 0.05
79 465 0.01
419 952 0.01
408 637 0.2
369 880 0.05
78 842 0.05
485 626 0.05
570 703 0.05
230 256 0.01
304 631 0.2
276 589 0.2
287 652 0.05
86 607 0.2
105 270 0.2
338 867 0.01
594 679 0.01
545 645 0.2
258 611 0.05
548 617 0.05
30 897 0.01
99 766 0.2
29 927 0.2
403 834 0.2
471 628 0.01
141 499 0.01
514 917 0.2
28 477 0.05
782 805 0.05
291 957 0.01
298 852 0.05
121 562 0.05
329 797 0.2
601 722 0.2
64 947 0.05
595 941 0.01
591 903 0.2
16 716 0.05
240 787 0.2
82 802 0.2
310 473 0.05
20 518 0.05
104 935 0.01
320 968 0.05
566 839 0.2
731 775 0.01
33 41 0.05
99 941 0.2
154 905 0.01
27 716 0.01
103 254 0.01
159 172 0.2
250 716 0.2
460 579 0.01
321 596 0.2
17 474 0.01
255 391 0.01
211 744 0.2
848 917 0.2
252 932 0.01
487 992 0.2
317 337 0.05
136 181 0.01
44 985 0.01
135 354 0.2
894 907 0.2
236 776 0.2
103 132 0.05
601 969 0.2
175 639 0.01
482 523 0.2
569 601 0.2
103 927 0.01
97 813 0.01
682 926 0.05
120 592 0.2
331 486 0.05
167 378 0.01
76 247 0.01
52 838 0.01
542 945 0.01
383 812 0.01
554 983 0.05
425 981 0.2
165 222 0.01
70 573 0.2
333 410 0.01
262 669 0.05
323 356 0.05
120 887 0.05
253 550 0.05
137 741 0.2
355 990 0.05
216 866 0.05
710 792 0.05
516 583 0.01
183 915 0.05
92 500 0.2
49 652 0.01
333 814 0.2
50 262 0.01
3 529 0.2
525 788 0.2
552 831 0.2
15 263 0.01
18 433 0.2
285 805 0.2
476 853 0.01
524 890 0.2
407 523 0.01
631 669 0.05
97 536 0.2
582 827 0.01
576 972 0.05
288 704 0.2
191 196 0.05
9 159 0.2
257 467 0.01
121 410 0.05
537 981 0.05
63 486 0.05
573 715 0.05
49 320 0.2
260 876 0.01
168 331 0.05
136 733 0.01
159 414 0.2
289 865 0.01
307 979 0.01
365 673 0.2
107 131 0.05
81 233 0.2
400 908 0.05
58 997 0.2
788 944 0.01
166 878 0.05
376 763 0.2
237 995 0.2
647 802 0.2
334 469 0.05
731 996 0.01
96 725 0.2
696 864 0.2
105 612 0.01
89 741 0.01
705 753 0.01
239 665 0.01
276 913 0.2
402 980 0.2
658 825 0.05
643 899 0.2
203 354 0.2
272 558 0.01
912 938 0.05
182 955 0.01
511 692 0.2
257 607 0.2
2 644 0.2
212 777 0.05
277 295 0.01
508 564 0.05
229 652 0.2
562 892 0.2
123 357 0.01
274 699 0.01
155 238 0.01
13 87 0.01
93 146 0.2
39 861 0.05
446 580 0.01
474 583 0.01
333 947 0.01
651 752 0.2
61 869 0.2
254 796 0.01
127 726 0.2
467 903 0.05
301 507 0.2
317 638 0.2
102 415 0.01
98 803 0.05
236 956 0.2
20 323 0.01
621 732 0.05
374 455 0.01
66 287 0.01
289 892 0.2
948 993 0.2
527 986 0.05
169 309 0.05
247 573 0.05
443 662 0.01
475 682 0.2
215 291 0.2
353 690 0.01
173 895 0.01
332 872 0.05
143 156 0.2
323 370 0.01
163 633 0.01
471 482 0.05
596 659 0.05
532 853 0.05
29 821 0.05
641 917 0.2
362 502 0.2
73 473 0.05
495 598 0.2
349 752 0.2
884 888 0.01
784 800 0.2
921 959 0.2
496 828 0.05
424 459 0.05
236 781 0.05
400 820 0.01
497 953 0.01
880 957 0.05
389 855 0.01
266 686 0.01
545 698 0.2
73 274 0.2
47 941 0.2
239 339 0.05
14 879 0.05
321 616 0.05
554 833 0.01
583 979 0.2
268 382 0.2
236 894 0.05
133 261 0.05
317 648 0.05
96 822 0.05
490 853 0.05
764 911 0.05
73 681 0.05
383 908 0.2
557 642 0.01
455 513 0.01
500 681 0.2
126 902 0.2
785 844 0.01
79 564 0.05
638 880 0.01
267 874 0.2
363 674 0.01
284 884 0.05
87 892 0.2
243 883 0.2
334 840 0.01
272 583 0.2
554 797 0.01
570 951 0.01
644 822 0.2
98 345 0.2
526 528 0.01
344 546 0.2
123 691 0.2
119 145 0.05
536 921 0.2
645 908 0.01
573 685 0.01
350 636 0.2
297 723 0.05
740 752 0.2
501 774 0.2
328 968 0.05
544 842 0.2
86 840 0.01
146 778 0.05
401 656 0.05
371 898 0.01
226 665 0.2
286 649 0.2
82 716 0.05
443 744 0.01
2 725 0.05
74 986 0.2
160 785 0.2
19 862 0.01
266 486 0.05
28 712 0.05
246 734 0.2
655 739 0.01
249 452 0.2
13 828 0.01
259 745 0.2
647 754 0.2
456 487 0.01
249 667 0.2
64 615 0.01
248 266 0.05
408 936 0.01
150 346 0.01
237 904 0.2
501 899 0.2
64 793 0.2
258 543 0.01
208 791 0.2
109 506 0.2
204 613 0.05
513 622 0.05
406 906 0.01
360 716 0.01
96 346 0.05
529 847 0.01
365 661 0.01
410 601 0.05
287 806 0.05
621 661 0.01
164 840 0.01
256 927 0.2
525 772 0.01
381 972 0.2
50 802 0.05
528 605 0.05
396 503 0.05
26 75 0.05
96 270 0.01
209 281 0.01
360 430 0.2
261 627 0.05
75 245 0.01
383 478 0.2
578 816 0.2
233 344 0.2
121 622 0.05
171 352 0.2
454 746 0.05
608 954 0.2
474 737 0.2
20 634 0.2
5 888 0.01
155 669 0.05
310 746 0.2
62 645 0.05
416 970 0.05
438 814 0.2
238 654 0.2
473 731 0.01
955 978 0.2
577 776 0.05
790 843 0.05
362 568 0.01
121 438 0.2
26 181 0.05
223 936 0.05
211 664 0.05
562 808 0.05
393 654 0.05
474 722 0.2
473 692 0.01
317 604 0.2
651 935 0.01
666 786 0.05
700 990 0.01
455 857 0.01
434 675 0.01
831 961 0.2
180 361 0.2
171 424 0.05
546 851 0.01
17 425 0.01
268 972 0.01
163 904 0.01
181 575 0.05
469 977 0.2
108 714 0.2
735 750 0.01
72 485 0.2
363 772 0.01
497 554 0.05
461 807 0.05
449 479 0.2
797 861 0.01
204 535 0.05
258 571 0.2
466 915 0.05
28 453 0.05
558 737 0.01
381 908 0.2
64 338 0.01
57 462 0.2
849 980 0.05
160 194 0.01
229 366 0.01
247 597 0.01
408 957 0.01
83 680 0.2
222 621 0.2
62 344 0.01
672 999 0.01
724 903 0.2
57 971 0.2
236 259 0.01
336 531 0.2
23 819 0.01
691 864 0.01
140 499 0.01
552 798 0.05
544 878 0.01
37 137 0.2
529 552 0.05
328 394 0.2
21 55 0.2
64 924 0.2
371 879 0.01
474 547 0.2
602 635 0.2
690 934 0.2
542 614 0.05
336 857 0.01
618 747 0.01
92 760 0.05
293 800 0.2
213 225 0.05
448 744 0.05
88 837 0.01
600 770 0.01
547 596 0.05
197 399 0.2
126 283 0.01
56 423 0.2
811 886 0.01
783 972 0.2
327 496 0.2
495 923 0.2
221 427 0.05
536 878 0.01
524 854 0.2
78 878 0.2
133 747 0.05
55 930 0.05
31 597 0.2
460 949 0.2
115 519 0.01
149 733 0.01
749 760 0.05
37 393 0.05
159 646 0.01
97 800 0.01
693 969 0.01
904 947 0.01
233 977 0.2
185 652 0.2
64 954 0.2
694 898 0.05
255 681 0.01
458 884 0.2
879 956 0.01
5 628 0.01
747 931 0.05
708 769 0.2
27 647 0.2
19 884 0.01
321 511 0.2
209 213 0.2
71 815 0.01
160 680 0.01
610 683 0.05
13 406 0.2
219 671 0.01
145 180 0.2
472 792 0.2
104 936 0.01
285 388 0.2
975 985 0.2
520 880 0.05
756 858 0.2
525 571 0.05
371 536 0.05
449 841 0.01
87 255 0.2
201 298 0.2
99 950 0.05
283 939 0.01
225 941 0.05
504 778 0.05
61 800 0.05
38 343 0.2
536 697 0.2
107 725 0.2
227 932 0.2
37 50 0.01
61 389 0.05
892 940 0.01
269 707 0.05
23 156 0.05
206 755 0.01
242 543 0.01
28 594 0.05
30 128 0.2
786 995 0.2
283 726 0.05
627 888 0.05
599 817 0.01
367 646 0.01
240 621 0.2
89 262 0.2
460 531 0.01
568 919 0.2
204 817 0.2
32 932 0.01
51 351 0.2
91 121 0.01
223 360 0.05
526 869 0.2
305 791 0.01
101 980 0.2
38 125 0.05
715 883 0.05
471 627 0.05
201 517 0.01
575 733 0.01
633 682 0.05
363 932 0.2
56 739 0.2
208 902 0.05
12 778 0.05
112 762 0.2
317 369 0.05
352 618 0.2
120 647 0.05
96 537 0.2
506 657 0.05
2 484 0.2
289 964 0.05
115 356 0.01
371 842 0.05
380 666 0.2
156 965 0.2
316 388 0.05
618 701 0.01
250 836 0.05
230 788 0.2
317 808 0.2
199 663 0.05
46 118 0.05
154 617 0.05
814 931 0.2
501 775 0.05
40 675 0.2
39 701 0.05
274 398 0.2
814 980 0.01
167 295 0.2
253 561 0.01
300 529 0.2
339 695 0.01
53 299 0.05
133 536 0.2
519 919 0.01
393 741 0.01
565 571 0.01
51 75 0.2
929 937 0.05
473 854 0.05
121 890 0.2
636 724 0.2
27 911 0.2
85 195 0.2
575 673 0.2
563 783 0.01
346 612 0.01
759 766 0.05
96 999 0.2
535 546 0.01
749 868 0.01
461 845 0.01
0 769 0.05
461 510 0.2
577 904 0.05
877 947 0.01
317 983 0.01
102 547 0.05
29 707 0.01
93 678 0.05
272 596 0.01
50 943 0.2
262 360 0.01
77 173 0.2
291 495 0.05
371 377 0.05
252 811 0.2
274 732 0.2
152 852 0.2
238 669 0.05
72 146 0.2
266 952 0.2
205 935 0.01
53 225 0.01
101 406 0.2
333 702 0.05
20 461 0.05
18 849 0.01
279 480 0.01
589 870 0.2
63 526 0.2
187 578 0.05
49 452 0.01
625 643 0.01
884 992 0.2
133 907 0.2
159 263 0.2
277 632 0.2
316 970 0.01
13 917 0.2
96 286 0.01
423 474 0.2
295 413 0.01
311 862 0.05
576 617 0.01
570 706 0.2
510 644 0.01
767 818 0.01
786 967 0.01
63 282 0.05
89 495 0.05
506 513 0.05
586 713 0.2
301 720 0.05
651 896 0.05
291 369 0.2
712 860 0.01
153 739 0.2
14 416 0.01
33 94 0.2
119 485 0.2
32 571 0.01
31 767 0.01
552 568 0.2
497 814 0.05
205 643 0.2
149 668 0.2
291 669 0.2
439 899 0.05
205 899 0.05
220 863 0.05
93 828 0.01
457 778 0.2
652 708 0.01
86 591 0.05
166 316 0.05
245 317 0.2
143 819 0.01
276 282 0.05
577 702 0.01
233 461 0.05
519 613 0.2
467 907 0.01
748 790 0.2
378 403 0.01
584 703 0.2
760 767 0.05
524 692 0.05
388 921 0.01
331 686 0.2
13 165 0.05
16 957 0.2
600 910 0.2
245 365 0.05
38 389 0.2
488 682 0.05
348 649 0.05
373 889 0.2
58 872 0.05
90 255 0.01
274 775 0.05
401 887 0.05
244 921 0.2
531 776 0.05
169 423 0.2
96 962 0.01
183 569 0.05
518 801 0.01
228 280 0.05
500 625 0.01
534 681 0.05
108 446 0.2
731 983 0.01
208 616 0.2
514 534 0.2
398 616 0.01
805 817 0.05
163 781 0.05
474 622 0.05
152 360 0.2
662 765 0.2
37 152 0.01
398 494 0.2
207 900 0.05
56 620 0.01
268 379 0.05
358 777 0.01
504 950 0.05
638 839 0.2
523 541 0.2
594 900 0.05
420 863 0.01
293 869 0.2
471 888 0.01
713 904 0.05
166 970 0.05
285 442 0.05
199 970 0.01
386 462 0.2
261 618 0.05
213 476 0.01
761 996 0.2
726 843 0.2
196 347 0.01
766 950 0.05
371 834 0.2
239 541 0.01
247 335 0.01
59 249 0.2
174 662 0.01
199 203 0.05
232 453 0.01
519 966 0.01
420 770 0.01
435 781 0.01
180 778 0.2
335 692 0.05
321 917 0.01
318 404 0.01
81 142 0.01
2 963 0.01
874 939 0.2
125 461 0.2
498 924 0.05
485 714 0.2
439 699 0.01
430 651 0.2
164 660 0.01
8 351 0.05
355 712 0.05
638 945 0.2
189 790 0.05
26 250 0.05
405 485 0.2
62 548 0.05
12 846 0.05
246 595 0.01
76 340 0.2
100 265 0.05
665 677 0.05
314 496 0.01
346 762 0.2
178 855 0.01
231 450 0.01
4 538 0.2
642 753 0.05
353 719 0.05
74 848 0.2
157 300 0.01
187 280 0.2
325 714 0.05
412 644 0.05
31 975 0.2
218 424 0.01
958 983 0.05
95 853 0.01
900 997 0.2
149 337 0.2
65 70 0.05
122 675 0.05
47 668 0.2
567 786 0.01
462 522 0.01
537 807 0.2
172 250 0.01
356 568 0.05
39 129 0.2
803 985 0.01
338 350 0.05
254 258 0.05
675 909 0.2
26 581 0.05
248 639 0.01
39 350 0.2
772 877 0.05
168 951 0.01
89 718 0.05
20 81 0.05
424 856 0.2
672 916 0.05
44 803 0.05
218 467 0.01
792 925 0.05
184 774 0.05
100 216 0.01
486 870 0.05
88 445 0.2
216 619 0.05
406 500 0.05
333 364 0.05
280 629 0.05
514 731 0.05
348 659 0.01
171 903 0.2
259 973 0.01
408 935 0.2
236 800 0.2
233 323 0.01
794 842 0.01
465 606 0.2
711 844 0.05
355 849 0.01
94 396 0.2
364 969 0.05
35 215 0.05
129 953 0.01
105 845 0.01
547 737 0.2
124 616 0.01
290 967 0.05
214 891 0.01
386 886 0.01
435 747 0.05
109 430 0.05
245 668 0.01
293 370 0.2
255 514 0.2
19 720 0.2
326 895 0.2
196 448 0.05
349 896 0.05
178 484 0.05
567 743 0.05
555 925 0.2
405 792 0.2
524 814 0.01
31 799 0.05
427 990 0.01
335 625 0.2
701 889 0.01
524 583 0.01
135 241 0.01
834 993 0.05
92 547 0.05
866 898 0.2
233 563 0.01
1 339 0.05
37 89 0.2
14 409 0.05
244 949 0.05
665 944 0.05
474 790 0.05
44 70 0.2
39 904 0.2
609 795 0.05
38 919 0.05
2 962 0.01
218 261 0.05
479 990 0.01
587 945 0.05
338 577 0.2
78 316 0.2
110 237 0.01
506 823 0.2
524 693 0.2
846 989 0.2
519 546 0.2
843 883 0.2
134 756 0.01
602 638 0.05
76 306 0.05
237 577 0.05
46 653 0.2
305 890 0.2
146 614 0.05
236 813 0.2
87 958 0.05
775 996 0.01
196 584 0.05
401 923 0.2
257 322 0.05
669 871 0.05
404 977 0.2
92 641 0.01
109 896 0.01
208 596 0.2
500 892 0.05
8 220 0.05
37 957 0.2
626 810 0.2
482 691 0.2
438 655 0.05
53 941 0.01
220 648 0.01
8 55 0.01
81 150 0.05
621 681 0.01
133 236 0.05
514 625 0.05
661 828 0.2
651 987 0.05
446 485 0.2
313 440 0.05
374 833 0.2
301 464 0.2
382 576 0.05
558 641 0.05
572 726 0.05
98 196 0.05
97 636 0.2
625 641 0.2
467 553 0.2
514 587 0.05
236 424 0.05
644 855 0.01
303 596 0.01
814 969 0.01
48 926 0.01
153 459 0.2
165 327 0.01
622 814 0.2
348 474 0.05
669 965 0.2
259 850 0.2
322 800 0.2
392 702 0.01
300 362 0.01
634 855 0.01
352 889 0.05
77 895 0.01
398 761 0.01
338 392 0.01
360 935 0.05
207 478 0.2
196 913 0.01
368 535 0.01
435 877 0.05
452 806 0.2
0 450 0.01
102 890 0.01
391 738 0.05
152 740 0.2
342 941 0.01
302 642 0.01
421 523 0.2
529 563 0.05
200 294 0.05
225 853 0.01
245 457 0.01
72 964 0.2
1 440 0.05
133 447 0.05
600 716 0.2
196 951 0.01
152 186 0.01
716 718 0.2
814 917 0.01
224 926 0.01
560 851 0.01
389 913 0.2
958 988 0.05
54 621 0.05
291 740 0.05
250 880 0.05
47 95 0.2
87 542 0.05
518 529 0.2
218 697 0.05
66 913 0.01
8 586 0.2
956 970 0.2
59 683 0.01
338 636 0.2
398 501 0.2
230 675 0.05
311 334 0.2
136 217 0.2
296 313 0.2
230 876 0.2
190 823 0.05
817 821 0.2
19 311 0.2
301 768 0.2
244 316 0.2
428 656 0.05
797 931 0.05
240 500 0.05
139 316 0.2
64 574 0.01
514 996 0.01
585 929 0.05
190 899 0.05
350 829 0.05
638 930 0.05
351 839 0.05
246 575 0.01
690 825 0.05
466 962 0.01
713 948 0.01
364 917 0.2
553 747 0.01
916 981 0.05
500 940 0.05
140 301 0.05
792 978 0.2
306 596 0.01
125 634 0.2
499 827 0.05
306 335 0.05
424 907 0.05
425 612 0.01
637 733 0.05
300 613 0.05
204 801 0.2
536 948 0.01
469 831 0.01
216 336 0.2
557 688 0.05
453 928 0.01
241 287 0.05
222 255 0.2
217 935 0.05
301 362 0.05
18 397 0.01
244 776 0.01
291 752 0.2
786 918 0.2
596 895 0.2
94 331 0.05
323 518 0.05
61 813 0.01
20 762 0.05
591 623 0.01
612 981 0.05
454 650 0.2
257 261 0.01
33 164 0.2
455 797 0.2
127 748 0.2
412 963 0.2
621 899 0.05
72 391 0.05
586 772 0.2
264 383 0.2
697 861 0.2
513 569 0.05
903 947 0.05
88 938 0.01
479 594 0.01
331 952 0.01
324 628 0.01
837 882 0.05
146 759 0.01
37 653 0.2
243 588 0.05
337 989 0.2
66 486 0.05
63 178 0.05
298 360 0.2
41 105 0.2
178 270 0.05
314 408 0.01
592 957 0.05
429 522 0.01
1 258 0.01
75 930 0.01
572 975 0.2
609 646 0.01
596 767 0.01
739 953 0.01
164 469 0.05
437 913 0.05
77 818 0.01
256 508 0.2
212 395 0.05
256 361 0.2
296 687 0.01
218 352 0.01
329 497 0.01
197 392 0.01
696 817 0.01
469 519 0.05
797 947 0.01
562 581 0.05
329 333 0.05
57 632 0.05
293 813 0.05
659 915 0.05
380 414 0.05
115 768 0.2
383 712 0.01
589 708 0.05
435 447 0.01
171 467 0.01
780 987 0.01
259 970 0.05
423 814 0.05
273 469 0.01
662 779 0.2
301 992 0.05
507 960 0.01
166 370 0.01
321 659 0.05
130 516 0.05
112 233 0.01
190 761 0.01
82 369 0.2
493 595 0.01
164 831 0.05
94 174 0.05
110 315 0.01
165 661 0.2
573 726 0.01
18 472 0.01
719 938 0.05
664 779 0.2
712 812 0.01
399 515 0.2
407 557 0.2
104 746 0.01
688 755 0.05
638 988 0.05
244 579 0.2
287 610 0.05
336 776 0.05
346 634 0.01
64 182 0.2
46 291 0.2
407 627 0.01
403 970 0.2
324 557 0.2
473 513 0.2
312 418 0.01
15 863 0.05
296 564 0.05
18 873 0.2
278 293 0.05
267 288 0.01
533 939 0.05
110 924 0.01
260 541 0.2
69 478 0.01
4 651 0.01
21 315 0.01
585 595 0.2
264 353 0.05
142 552 0.05
249 610 0.01
106 380 0.01
83 841 0.05
477 900 0.2
417 636 0.01
332 353 0.05
357 864 0.01
350 553 0.01
386 522 0.01
181 637 0.2
632 923 0.2
218 689 0.05
53 245 0.2
159 224 0.2
101 678 0.01
37 718 0.05
637 668 0.01
227 387 0.01
600 957 0.01
520 631 0.05
750 803 0.01
324 755 0.2
850 961 0.2
625 854 0.05
215 758 0.2
496 731 0.01
138 669 0.01
111 388 0.05
59 452 0.2
520 752 0.01
322 459 0.2
607 762 0.2
35 386 0.01
384 945 0.01
268 908 0.05
239 909 0.01
682 942 0.05
781 907 0.2
289 808 0.2
20 845 0.05
525 565 0.05
6 720 0.2
486 809 0.01
187 674 0.01
178 437 0.2
146 849 0.05
118 317 0.05
521 634 0.2
541 858 0.01
335 659 0.05
159 351 0.01
76 902 0.05
574 772 0.2
145 515 0.05
524 601 0.2
572 843 0.05
35 144 0.2
223 764 0.2
655 986 0.05
392 590 0.01
461 634 0.2
197 472 0.01
12 785 0.2
63 443 0.05
816 984 0.05
287 973 0.2
237 867 0.05
423 892 0.05
139 229 0.2
142 599 0.2
332 812 0.01
333 591 0.01
412 415 0.2
651 780 0.01
622 969 0.05
651 731 0.05
501 996 0.05
484 870 0.2
659 868 0.05
469 851 0.05
135 390 0.01
60 869 0.2
784 870 0.2
73 349 0.05
476 575 0.2
393 598 0.01
539 833 0.01
218 435 0.2
576 783 0.05
116 500 0.2
120 291 0.01
849 990 0.05
420 754 0.2
691 859 0.01
628 753 0.2
202 645 0.2
293 973 0.05
43 339 0.01
333 722 0.2
810 849 0.2
233 634 0.05
411 420 0.2
238 887 0.01
18 194 0.2
40 498 0.05
712 998 0.05
559 598 0.05
57 819 0.2
319 332 0.05
130 915 0.01
74 737 0.01
63 331 0.2
959 961 0.2
158 484 0.01
344 698 0.01
287 663 0.01
406 622 0.01
471 907 0.01
681 814 0.01
383 997 0.01
100 642 0.05
330 873 0.01
25 815 0.01
281 463 0.01
60 610 0.2
48 795 0.2
634 762 0.05
63 231 0.2
447 615 0.05
348 843 0.2
408 943 0.2
637 770 0.2
139 948 0.2
127 933 0.05
410 848 0.01
638 802 0.05
707 978 0.01
149 673 0.2
702 904 0.2
50 360 0.01
473 622 0.01
172 880 0.01
398 723 0.2
243 868 0.05
625 650 0.01
483 788 0.05
217 468 0.2
277 386 0.01
395 874 0.05
396 639 0.2
17 623 0.2
374 713 0.05
71 839 0.05
252 866 0.2
21 64 0.01
407 755 0.2
714 844 0.05
799 915 0.2
233 546 0.01
675 893 0.2
506 631 0.01
565 675 0.05
741 957 0.01
709 720 0.01
220 351 0.2
892 917 0.01
186 592 0.01
0 610 0.2
244 403 0.01
47 532 0.2
206 697 0.05
400 658 0.01
371 557 0.01
324 805 0.2
172 995 0.2
402 777 0.01
16 82 0.2
517 754 0.2
41 568 0.01
422 727 0.2
406 601 0.2
48 918 0.2
13 451 0.05
343 762 0.2
168 287 0.01
431 526 0.2
310 935 0.2
153 540 0.05
81 388 0.2
103 695 0.05
333 459 0.2
148 869 0.2
144 646 0.05
112 248 0.01
350 527 0.01
45 654 0.01
413 819 0.2
31 737 0.05
602 740 0.2
369 587 0.05
22 579 0.2
376 382 0.01
146 906 0.2
94 409 0.2
2 603 0.05
390 683 0.05
413 460 0.05
266 662 0.2
647 880 0.05
406 808 0.05
267 340 0.05
146 828 0.2
243 912 0.05
101 235 0.2
302 523 0.05
684 885 0.2
60 394 0.01
585 785 0.2
62 845 0.2
94 744 0.01
554 757 0.05
706 838 0.2
379 972 0.2
678 964 0.05
657 896 0.05
181 476 0.05
235 865 0.05
127 777 0.05
85 680 0.01
174 634 0.2
398 651 0.01
542 892 0.05
221 309 0.2
417 797 0.01
183 516 0.2
68 360 0.01
5 465 0.05
421 629 0.01
470 811 0.05
398 775 0.01
409 486 0.01
19 487 0.05
8 958 0.01
436 937 0.2
244 973 0.05
718 764 0.2
569 745 0.2
204 831 0.2
531 819 0.2
358 715 0.2
646 836 0.01
761 771 0.01
590 808 0.01
196 505 0.05
502 847 0.05
378 948 0.01
387 942 0.01
745 857 0.05
529 992 0.05
121 222 0.2
115 142 0.01
872 928 0.01
93 808 0.05
273 322 0.05
620 655 0.01
33 396 0.2
423 623 0.05
821 884 0.2
188 462 0.01
940 986 0.2
204 582 0.01
43 611 0.2
433 925 0.05
92 533 0.05
828 994 0.01
572 715 0.05
316 530 0.2
163 218 0.2
75 101 0.2
96 484 0.01
409 952 0.2
343 919 0.2
143 354 0.05
76 901 0.01
249 394 0.2
105 469 0.2
128 914 0.05
546 563 0.01
536 898 0.01
196 838 0.05
61 266 0.05
236 903 0.05
527 793 0.05
839 911 0.01
98 431 0.01
101 391 0.2
2 105 0.2
697 948 0.2
396 409 0.01
531 632 0.2
195 376 0.2
569 622 0.05
559 656 0.01
496 945 0.05
882 928 0.2
31 715 0.01
538 936 0.05
430 741 0.2
324 907 0.2
69 972 0.01
8 110 0.05
278 961 0.2
300 507 0.2
9 35 0.01
367 932 0.01
649 704 0.01
118 291 0.2
699 791 0.2
159 863 0.05
222 890 0.05
169 777 0.2
385 477 0.2
43 296 0.2
321 583 0.01
290 676 0.01
633 689 0.05
304 857 0.05
364 374 0.05
129 583 0.01
16 598 0.01
433 585 0.05
586 793 0.01
618 898 0.05
217 635 0.2
317 457 0.2
409 551 0.01
594 934 0.2
223 250 0.05
180 498 0.05
40 984 0.01
217 746 0.05
309 848 0.2
427 998 0.05
808 892 0.2
299 342 0.01
564 821 0.01
180 308 0.05
606 817 0.2
304 833 0.01
91 524 0.05
266 521 0.05
778 964 0.2
351 836 0.2
542 814 0.01
6 549 0.2
747 947 0.2
364 681 0.2
199 394 0.2
528 913 0.01
5 717 0.01
562 641 0.01
102 126 0.05
467 697 0.05
484 528 0.05
504 714 0.2
406 678 0.2
277 923 0.01
417 516 0.01
865 989 0.2
464 805 0.05
531 536 0.05
583 940 0.05
197 964 0.05
304 656 0.01
748 777 0.05
195 527 0.05
517 880 0.2
15 648 0.2
523 926 0.01
402 810 0.05
555 873 0.01
220 958 0.05
768 960 0.2
84 323 0.05
395 700 0.2
455 577 0.01
334 630 0.05
821 864 0.01
748 998 0.01
479 626 0.01
416 776 0.2
427 882 0.05
15 80 0.01
73 890 0.2
607 903 0.01
526 724 0.01
23 577 0.2
149 930 0.01
317 496 0.01
537 655 0.2
879 970 0.01
67 825 0.05
512 932 0.01
209 770 0.05
265 694 0.2
261 350 0.01
167 390 0.05
713 797 0.05
453 860 0.05
338 797 0.01
688 926 0.05
266 484 0.01
788 974 0.2
344 552 0.2
91 649 0.01
403 683 0.01
228 488 0.2
11 118 0.2
401 559 0.05
69 905 0.2
412 516 0.05
101 892 0.2
170 865 0.2
75 865 0.01
174 503 0.2
553 701 0.2
10 344 0.2
49 663 0.01
55 245 0.05
568 966 0.2
91 533 0.2
54 650 0.2
527 980 0.01
282 551 0.05
29 440 0.01
322 813 0.01
27 50 0.05
716 741 0.01
0 199 0.2
421 927 0.2
132 228 0.05
717 864 0.01
137 752 0.05
512 753 0.2
757 797 0.01
708 897 0.01
776 781 0.05
558 799 0.2
510 537 0.05
738 989 0.2
182 392 0.2
508 525 0.05
219 984 0.01
418 744 0.01
46 80 0.05
787 810 0.2
850 973 0.05
69 658 0.01
494 890 0.05
112 419 0.2
537 725 0.2
321 398 0.01
614 980 0.05
1 132 0.05
188 252 0.2
772 944 0.2
541 753 0.01
235 608 0.01
607 612 0.01
401 789 0.2
742 846 0.05
311 640 0.2
526 745 0.2
82 647 0.01
389 431 0.01
272 321 0.01
352 931 0.2
70 572 0.05
642 866 0.05
189 715 0.05
141 549 0.05
136 635 0.2
842 956 0.01
119 964 0.01
669 833 0.05
602 651 0.2
243 737 0.05
750 832 0.05
400 561 0.2
72 472 0.05
240 902 0.01
501 761 0.2
171 889 0.05
612 845 0.01
801 966 0.2
218 861 0.05
72 308 0.05
388 842 0.01
115 368 0.2
383 825 0.05
296 471 0.01
558 722 0.01
65 247 0.05
371 755 0.05
288 748 0.2
6 826 0.01
541 677 0.01
22 834 0.2
190 398 0.05
66 331 0.2
131 286 0.2
456 763 0.2
483 821 0.2
207 253 0.2
134 280 0.01
103 258 0.05
87 524 0.01
569 722 0.2
740 958 0.01
911 957 0.05
60 745 0.05
256 788 0.2
98 480 0.05
210 493 0.05
240 335 0.2
639 765 0.01
533 767 0.01
257 273 0.2
45 965 0.01
733 853 0.2
386 891 0.2
242 691 0.2
387 642 0.01
389 521 0.01
457 863 0.05
107 605 0.2
26 731 0.2
183 524 0.2
197 792 0.01
56 438 0.05
66 231 0.01
18 785 0.2
400 825 0.2
433 555 0.01
833 896 0.05
143 460 0.01
56 537 0.2
835 981 0.2
62 563 0.2
43 571 0.01
631 833 0.01
337 384 0.05
829 906 0.01
35 730 0.2
334 960 0.01
622 915 0.05
241 968 0.05
497 542 0.05
70 659 0.05
460 982 0.05
605 999 0.2
712 900 0.2
388 831 0.2
187 567 0.05
91 466 0.01
555 608 0.01
90 165 0.01
360 911 0.01
312 664 0.01
752 988 0.01
654 871 0.2
32 629 0.2
66 166 0.05
58 841 0.2
245 342 0.2
126 685 0.2
195 964 0.01
363 926 0.2
86 322 0.01
499 518 0.01
847 922 0.2
391 808 0.01
589 897 0.05
539 776 0.01
420 836 0.2
68 517 0.05
641 790 0.01
549 966 0.2
177 736 0.2
152 262 0.05
94 370 0.2
1 421 0.2
348 438 0.05
423 940 0.01
5 296 0.05
252 633 0.05
395 533 0.05
497 988 0.01
324 482 0.01
287 452 0.01
365 958 0.01
577 697 0.01
256 498 0.05
205 771 0.01
740 945 0.05
456 862 0.05
314 746 0.01
224 995 0.2
67 264 0.2
124 732 0.01
364 892 0.01
197 361 0.01
204 507 0.01
343 961 0.05
352 435 0.2
72 925 0.05
646 653 0.2
783 798 0.05
303 326 0.05
206 694 0.01
295 401 0.05
41 919 0.05
11 46 0.01
304 965 0.2
784 916 0.2
529 960 0.05
770 943 0.2
127 715 0.05
298 751 0.05
379 383 0.2
239 564 0.2
677 927 0.2
533 547 0.2
411 754 0.2
648 877 0.2
736 866 0.2
191 312 0.2
240 933 0.01
363 688 0.2
536 781 0.01
343 370 0.05
188 380 0.05
43 324 0.01
388 660 0.01
641 737 0.2
57 380 0.2
19 301 0.05
144 758 0.2
16 80 0.01
88 679 0.2
423 425 0.05
333 417 0.2
287 486 0.2
358 939 0.01
150 419 0.01
23 554 0.05
61 282 0.05
59 394 0.05
392 772 0.05
883 939 0.05
262 752 0.05
155 654 0.01
28 85 0.05
46 263 0.05
257 333 0.2
699 751 0.01
220 365 0.2
538 935 0.2
242 796 0.01
482 615 0.05
7 413 0.2
409 794 0.05
646 995 0.01
81 582 0.2
3 6 0.2
435 894 0.01
265 442 0.01
472 954 0.2
278 952 0.2
64 702 0.2
81 343 0.01
830 843 0.05
13 980 0.05
119 738 0.05
802 935 0.05
72 433 0.01
111 285 0.01
148 769 0.05
362 977 0.2
71 770 0.2
287 450 0.01
469 634 0.05
305 335 0.01
7 215 0.05
388 801 0.05
82 186 0.2
274 885 0.2
836 918 0.2
148 249 0.01
691 907 0.2
549 992 0.2
543 927 0.01
61 278 0.01
54 289 0.01
503 798 0.2
443 589 0.05
385 934 0.2
322 916 0.05
292 478 0.01
733 846 0.2
518 582 0.2
34 914 0.05
255 808 0.2
136 989 0.2
499 922 0.2
274 661 0.01
298 987 0.05
29 888 0.2
391 954 0.05
76 326 0.01
164 356 0.01
54 587 0.05
8 542 0.2
331 372 0.2
327 643 0.01
10 62 0.01
206 688 0.01
210 436 0.01
535 582 0.2
500 737 0.01
329 513 0.05
467 889 0.05
331 521 0.05
285 465 0.2
285 966 0.05
127 588 0.05
28 36 0.2
115 568 0.01
655 889 0.01
88 712 0.01
944 974 0.01
549 782 0.01
33 952 0.2
316 959 0.05
283 441 0.01
165 562 0.05
15 380 0.05
73 205 0.05
56 889 0.2
300 582 0.01
37 172 0.2
171 261 0.05
349 398 0.01
658 997 0.01
20 346 0.2
103 187 0.2
397 787 0.05
272 915 0.05
17 892 0.05
29 483 0.05
500 790 0.01
54 808 0.2
702 713 0.2
243 748 0.01
291 647 0.01
373 655 0.2
676 743 0.05
607 800 0.2
472 964 0.2
527 892 0.2
111 689 0.01
714 766 0.01
717 827 0.01
409 639 0.01
3 404 0.01
164 921 0.2
150 855 0.05
222 641 0.01
243 533 0.01
945 988 0.01
146 590 0.2
66 437 0.2
121 500 0.2
438 799 0.05
21 967 0.05
213 668 0.01
248 662 0.01
271 909 0.01
661 731 0.05
255 365 0.01
242 440 0.01
679 872 0.2
512 682 0.05
561 617 0.2
637 673 0.2
327 365 0.2
348 790 0.2
101 945 0.2
583 672 0.2
309 410 0.2
443 870 0.01
416 879 0.05
133 606 0.2
212 883 0.2
622 692 0.05
38 744 0.01
875 951 0.01
381 905 0.05
56 986 0.05
309 558 0.05
466 985 0.05
678 931 0.01
173 283 0.05
412 979 0.2
569 757 0.01
310 774 0.05
245 989 0.05
91 777 0.01
122 909 0.01
216 942 0.2
83 319 0.05
322 999 0.05
298 651 0.2
15 106 0.05
533 883 0.2
878 961 0.01
166 961 0.2
402 828 0.01
477 812 0.2
439 616 0.01
56 612 0.01
220 281 0.2
59 773 0.2
7 656 0.2
351 369 0.2
599 862 0.01
530 531 0.05
78 323 0.2
407 465 0.2
774 996 0.2
95 359 0.2
286 999 0.05
637 936 0.05
91 726 0.2
417 813 0.05
100 932 0.05
438 722 0.2
617 908 0.2
183 890 0.2
211 686 0.05
795 863 0.01
174 437 0.2
200 438 0.2
533 597 0.05
626 873 0.2
20 563 0.2
592 654 0.2
547 562 0.05
43 228 0.05
845 977 0.01
480 897 0.2
292 998 0.01
529 862 0.2
106 877 0.05
395 649 0.01
322 953 0.01
43 512 0.01
3 114 0.01
181 317 0.05
418 450 0.2
63 779 0.01
323 437 0.2
435 793 0.01
344 507 0.2
55 209 0.05
549 817 0.05
775 935 0.01
250 408 0.05
496 989 0.05
322 612 0.2
203 593 0.2
361 876 0.01
376 658 0.01
378 536 0.2
317 587 0.01
12 504 0.2
614 778 0.05
612 655 0.05
364 953 0.01
4 26 0.05
365 839 0.05
175 919 0.2
9 80 0.2
60 241 0.05
283 868 0.01
569 915 0.01
463 673 0.2
602 839 0.05
31 726 0.05
260 675 0.05
92 787 0.2
606 907 0.2
43 162 0.2
873 950 0.01
250 489 0.01
307 329 0.01
39 352 0.05
522 811 0.05
176 225 0.2
250 600 0.05
474 591 0.05
138 413 0.01
97 329 0.2
348 572 0.01
373 612 0.05
728 859 0.01
795 918 0.2
391 906 0.05
269 955 0.2
427 719 0.05
402 625 0.05
331 664 0.05
527 591 0.2
398 511 0.01
120 215 0.2
649 999 0.05
118 604 0.2
387 811 0.2
242 296 0.2
276 372 0.05
423 739 0.2
333 867 0.2
103 227 0.01
23 632 0.01
121 799 0.2
398 439 0.2
607 953 0.05
410 931 0.05
188 277 0.01
221 264 0.01
0 168 0.05
514 828 0.01
157 301 0.05
266 437 0.05
220 411 0.2
49 229 0.2
2 537 0.01
23 45 0.2
496 581 0.2
137 152 0.05
822 916 0.01
2 125 0.2
40 122 0.01
214 295 0.05
204 311 0.2
289 828 0.05
406 986 0.2
527 931 0.01
266 765 0.05
110 338 0.05
576 820 0.01
122 924 0.05
678 829 0.01
118 411 0.05
42 894 0.05
372 664 0.05
566 668 0.01
454 989 0.2
263 291 0.05
764 957 0.01
406 514 0.01
438 737 0.05
86 425 0.01
533 933 0.01
846 853 0.01
771 774 0.05
585 608 0.2
856 907 0.01
623 814 0.05
87 731 0.2
266 951 0.01
799 985 0.01
573 985 0.05
133 206 0.05
14 61 0.2
10 720 0.2
26 740 0.05
57 993 0.05
456 817 0.01
495 669 0.01
91 588 0.2
664 946 0.2
363 786 0.01
379 478 0.01
239 571 0.2
31 985 0.01
327 775 0.05
150 356 0.05
592 669 0.2
349 581 0.2
165 391 0.01
173 818 0.01
65 767 0.05
498 967 0.01
149 911 0.2
535 831 0.2
426 442 0.01
547 732 0.05
215 819 0.05
265 781 0.01
0 973 0.01
244 850 0.2
334 456 0.2
276 870 0.2
149 910 0.05
395 704 0.01
430 657 0.2
791 920 0.05
680 711 0.2
198 771 0.01
455 969 0.05
525 574 0.01
316 973 0.01
513 516 0.05
192 574 0.05
500 990 0.2
5 691 0.05
56 373 0.05
120 718 0.2
98 528 0.01
42 903 0.05
623 793 0.01
239 440 0.01
693 790 0.05
12 147 0.01
718 957 0.01
235 457 0.2
240 402 0.2
689 894 0.2
516 622 0.01
154 284 0.01
310 911 0.2
384 983 0.05
181 411 0.2
384 532 0.05
981 986 0.05
582 847 0.01
136 815 0.2
915 985 0.05
154 709 0.2
660 729 0.01
217 684 0.01
67 934 0.01
345 803 0.05
455 867 0.2
43 695 0.05
6 300 0.2
429 971 0.05
367 666 0.01
63 634 0.01
30 584 0.01
520 887 0.05
85 446 0.2
395 799 0.01
410 739 0.01
327 534 0.05
167 857 0.01
67 658 0.01
41 343 0.05
554 713 0.05
184 562 0.01
37 215 0.2
737 848 0.2
310 880 0.2
237 947 0.2
72 711 0.2
13 848 0.2
29 339 0.05
262 804 0.2
60 416 0.05
547 902 0.05
176 515 0.05
201 741 0.01
68 936 0.2
207 355 0.2
231 744 0.2
92 715 0.01
174 175 0.05
22 949 0.2
657 669 0.01
204 334 0.01
819 948 0.2
337 496 0.05
270 469 0.01
458 546 0.05
435 903 0.05
333 693 0.2
533 732 0.2
486 869 0.2
75 146 0.05
13 101 0.05
287 769 0.01
424 627 0.01
163 470 0.01
244 834 0.2
482 571 0.05
322 410 0.05
51 317 0.05
363 482 0.01
205 274 0.2
88 264 0.2
375 895 0.05
105 343 0.05
36 900 0.05
541 796 0.05
550 658 0.01
334 992 0.01
62 576 0.05
9 795 0.01
277 891 0.05
556 937 0.05
891 923 0.05
454 587 0.01
689 694 0.05
509 543 0.05
39 97 0.2
638 957 0.2
46 106 0.01
165 365 0.2
462 942 0.01
167 610 0.05
226 676 0.2
685 883 0.01
280 407 0.05
555 785 0.2
335 854 0.2
362 582 0.01
32 162 0.05
894 903 0.2
242 665 0.05
13 116 0.05
233 334 0.2
296 611 0.05
11 223 0.01
228 611 0.2
322 762 0.01
511 761 0.2
292 991 0.01
30 652 0.05
78 794 0.05
138 167 0.01
125 150 0.05
753 756 0.01
14 878 0.2
78 831 0.2
175 744 0.05
25 71 0.05
802 936 0.2
160 433 0.05
126 597 0.2
592 651 0.2
374 513 0.01
62 630 0.01
286 644 0.2
661 746 0.2
85 900 0.01
76 597 0.2
214 401 0.2
420 795 0.2
335 524 0.05
663 708 0.01
42 164 0.2
540 640 0.2
470 632 0.05
343 840 0.05
429 993 0.2
11 82 0.01
90 994 0.05
105 798 0.01
39 338 0.05
346 484 0.05
551 744 0.01
669 896 0.2
250 369 0.01
825 905 0.2
35 277 0.2
235 980 0.05
39 455 0.05
6 458 0.05
291 592 0.2
161 234 0.2
66 779 0.01
188 609 0.01
38 370 0.01
181 496 0.01
91 848 0.2
207 825 0.2
60 287 0.01
227 228 0.01
839 945 0.2
63 343 0.01
122 974 0.05
392 614 0.2
523 753 0.05
34 305 0.05
41 278 0.2
497 577 0.2
381 383 0.05
478 934 0.01
544 729 0.01
226 944 0.2
71 716 0.05
153 400 0.05
3 362 0.2
92 933 0.2
571 629 0.05
343 765 0.05
161 217 0.2
168 946 0.05
144 887 0.01
191 838 0.2
738 766 0.01
811 942 0.2
13 255 0.2
840 966 0.05
118 223 0.01
272 715 0.05
226 256 0.01
376 905 0.05
146 980 0.2
408 638 0.01
106 861 0.01
684 774 0.2
550 882 0.2
409 809 0.05
97 185 0.01
290 315 0.05
57 923 0.01
530 949 0.01
562 692 0.05
120 598 0.2
59 593 0.2
63 370 0.05
216 811 0.2
751 780 0.05
3 563 0.2
398 621 0.05
161 910 0.05
172 646 0.05
498 876 0.05
260 578 0.2
638 836 0.01
60 536 0.2
440 611 0.01
189 726 0.05
292 427 0.01
382 812 0.01
341 399 0.2
518 599 0.05
588 700 0.05
468 936 0.05
32 927 0.01
159 653 0.05
359 941 0.2
162 753 0.01
112 510 0.01
512 541 0.01
326 616 0.01
283 715 0.2
90 289 0.01
224 795 0.01
26 365 0.2
463 815 0.05
345 914 0.2
97 757 0.05
274 791 0.01
501 746 0.01
286 612 0.01
516 722 0.2
422 767 0.05
347 803 0.05
537 916 0.2
64 614 0.2
255 327 0.05
133 164 0.2
510 612 0.01
542 947 0.05
682 866 0.2
222 980 0.05
215 669 0.2
792 997 0.05
245 314 0.05
185 320 0.05
366 390 0.01
112 612 0.01
103 482 0.05
193 320 0.2
348 558 0.01
23 455 0.2
156 378 0.05
312 809 0.2
825 882 0.01
20 419 0.2
633 926 0.2
73 692 0.05
633 834 0.05
576 905 0.2
442 689 0.2
43 687 0.05
91 423 0.01
274 514 0.01
43 357 0.2
164 278 0.05
252 302 0.2
164 956 0.05
337 411 0.01
603 975 0.2
317 863 0.05
686 870 0.2
425 591 0.01
779 951 0.01
953 986 0.2
251 390 0.2
609 932 0.2
648 945 0.05
925 964 0.05
37 82 0.2
492 595 0.01
172 654 0.2
829 889 0.2
546 960 0.01
584 750 0.01
340 883 0.05
425 620 0.2
177 579 0.2
249 328 0.2
297 439 0.2
546 966 0.01
302 629 0.2
305 547 0.2
469 630 0.2
392 829 0.2
18 108 0.05
205 587 0.2
631 896 0.01
121 364 0.05
187 677 0.2
167 320 0.01
591 969 0.05
64 308 0.05
496 742 0.2
182 893 0.05
665 927 0.2
219 743 0.2
535 801 0.05
110 498 0.05
152 654 0.05
171 747 0.05
953 981 0.05
520 592 0.01
13 854 0.01
215 887 0.2
596 737 0.2
80 420 0.2
182 472 0.05
183 329 0.2
486 708 0.2
4 885 0.05
4 661 0.01
862 977 0.2
588 835 0.05
438 892 0.2
153 373 0.01
364 890 0.2
200 790 0.01
12 176 0.2
80 995 0.05
820 905 0.2
76 791 0.2
598 758 0.01
112 396 0.05
504 964 0.05
636 776 0.01
283 596 0.01
422 749 0.2
129 757 0.01
395 573 0.05
430 761 0.05
721 827 0.01
136 839 0.2
75 337 0.05
904 948 0.05
412 981 0.05
795 967 0.01
368 404 0.2
460 971 0.01
102 915 0.2
678 947 0.01
364 988 0.2
40 876 0.2
42 889 0.01
426 633 0.2
215 520 0.05
423 981 0.05
686 875 0.01
648 995 0.05
21 237 0.2
586 904 0.01
217 602 0.05
270 800 0.01
306 451 0.2
261 907 0.01
871 923 0.05
46 795 0.01
701 702 0.01
365 538 0.2
121 986 0.01
408 566 0.05
24 210 0.05
120 155 0.05
17 940 0.01
247 685 0.2
234 501 0.05
33 409 0.2
267 726 0.2
152 291 0.01
440 927 0.01
419 634 0.2
321 621 0.2
414 861 0.05
310 638 0.01
159 648 0.2
408 716 0.05
148 287 0.01
145 289 0.01
152 988 0.01
361 434 0.05
647 852 0.05
121 790 0.05
35 216 0.05
407 907 0.05
384 600 0.2
29 324 0.2
69 837 0.01
106 172 0.05
280 571 0.2
52 415 0.2
60 973 0.05
138 155 0.05
35 758 0.05
674 816 0.01
175 437 0.2
118 740 0.05
674 924 0.01
200 986 0.05
198 398 0.05
143 320 0.05
285 599 0.2
496 514 0.05
210 556 0.2
81 546 0.2
514 775 0.01
55 532 0.01
284 540 0.2
197 974 0.2
601 953 0.05
692 899 0.05
84 762 0.2
130 307 0.2
22 216 0.05
744 870 0.05
272 395 0.05
676 984 0.05
68 852 0.01
93 787 0.05
741 764 0.2
416 745 0.2
171 469 0.05
272 466 0.05
622 693 0.2
51 220 0.2
60 729 0.01
731 945 0.2
23 304 0.2
14 806 0.2
97 455 0.01
602 604 0.2
272 692 0.05
207 477 0.2
441 883 0.2
75 496 0.01
398 699 0.05
35 632 0.2
538 602 0.01
21 786 0.2
309 693 0.01
59 663 0.01
413 428 0.01
560 762 0.05
531 970 0.01
43 151 0.2
73 101 0.01
870 913 0.2
484 644 0.05
92 534 0.05
58 85 0.01
47 245 0.2
55 359 0.05
63 431 0.05
868 940 0.01
129 539 0.01
322 903 0.01
825 972 0.2
257 840 0.01
140 847 0.01
59 610 0.2
9 836 0.2
87 621 0.01
103 629 0.2
230 671 0.2
86 261 0.01
251 610 0.2
383 400 0.01
722 916 0.01
678 702 0.2
72 235 0.01
75 648 0.05
453 626 0.2
336 378 0.2
289 681 0.2
216 633 0.01
165 808 0.01
289 590 0.2
364 678 0.01
534 650 0.05
532 673 0.05
51 586 0.05
187 786 0.2
236 969 0.01
87 890 0.2
416 842 0.05
147 734 0.05
625 787 0.05
16 37 0.2
121 692 0.2
236 530 0.05
410 607 0.05
613 827 0.01
384 943 0.01
141 458 0.05
209 225 0.01
309 739 0.05
59 769 0.05
240 641 0.05
289 711 0.01
607 813 0.05
436 941 0.05
16 754 0.01
18 608 0.05
389 409 0.01
255 759 0.05
467 904 0.01
20 38 0.2
329 672 0.05
239 796 0.01
42 966 0.2
373 722 0.05
257 969 0.01
51 308 0.01
220 314 0.2
649 835 0.05
504 873 0.01
650 899 0.2
43 488 0.2
314 930 0.01
257 953 0.05
333 701 0.2
378 745 0.05
208 692 0.01
516 979 0.01
286 916 0.01
466 725 0.01
41 765 0.2
108 449 0.2
662 664 0.05
36 491 0.05
429 789 0.01
63 744 0.05
3 535 0.01
360 651 0.2
84 521 0.2
63 784 0.01
190 751 0.01
255 661 0.2
485 950 0.05
781 861 0.05
96 112 0.01
95 281 0.2
250 839 0.05
260 482 0.05
329 622 0.2
622 797 0.01
414 877 0.2
61 178 0.2
681 906 0.05
693 917 0.05
528 800 0.05
232 594 0.05
578 967 0.2
498 674 0.01
460 923 0.2
621 917 0.01
93 994 0.01
712 837 0.05
587 635 0.2
554 752 0.05
647 943 0.01
651 852 0.2
136 746 0.2
23 378 0.05
45 867 0.05
100 689 0.2
140 362 0.05
473 740 0.05
388 568 0.01
424 636 0.2
323 503 0.2
136 337 0.01
276 951 0.05
54 146 0.2
514 581 0.05
555 844 0.01
604 880 0.05
96 762 0.05
107 112 0.2
101 587 0.01
528 813 0.01
693 799 0.2
30 148 0.01
820 978 0.05
504 844 0.2
92 524 0.01
268 292 0.05
325 330 0.2
562 622 0.05
392 586 0.01
314 911 0.2
539 724 0.2
127 704 0.05
220 733 0.05
58 232 0.01
144 891 0.2
396 448 0.05
672 799 0.2
601 692 0.01
186 559 0.01
371 959 0.01
589 779 0.01
282 528 0.01
245 865 0.2
262 957 0.2
269 361 0.01
848 906 0.05
47 246 0.05
54 365 0.01
446 925 0.2
131 425 0.2
512 756 0.05
63 248 0.05
233 343 0.2
349 774 0.05
352 856 0.01
110 615 0.01
682 824 0.05
293 486 0.01
262 291 0.05
231 370 0.2
105 630 0.01
627 894 0.05
325 785 0.01
169 799 0.01
398 514 0.2
746 771 0.2
465 817 0.2
980 986 0.05
711 738 0.2
406 547 0.2
768 977 0.01
329 601 0.2
459 840 0.2
273 903 0.01
32 227 0.01
672 979 0.01
85 991 0.2
42 701 0.01
482 772 0.05
466 474 0.2
340 895 0.01
351 995 0.05
216 948 0.2
131 603 0.01
485 711 0.01
550 837 0.2
9 694 0.2
588 874 0.01
54 184 0.01
175 779 0.01
79 805 0.2
230 924 0.01
521 919 0.05
61 544 0.01
360 880 0.05
500 994 0.2
217 314 0.01
599 606 0.2
377 471 0.01
26 496 0.01
116 700 0.01
596 868 0.05
89 716 0.2
239 691 0.2
253 825 0.01
774 899 0.01
29 728 0.01
111 265 0.05
293 794 0.05
880 988 0.2
469 966 0.2
52 279 0.05
146 711 0.05
504 711 0.01
233 840 0.2
495 836 0.2
421 932 0.2
12 170 0.01
74 221 0.05
550 997 0.01
392 954 0.01
483 564 0.2
219 436 0.01
636 713 0.05
608 964 0.01
790 868 0.01
543 691 0.05
680 849 0.01
426 858 0.05
573 597 0.01
468 532 0.2
511 723 0.05
93 235 0.2
583 854 0.01
615 944 0.05
563 768 0.01
281 989 0.2
19 154 0.01
128 838 0.01
181 384 0.01
89 393 0.2
58 319 0.2
36 680 0.05
17 722 0.01
612 963 0.01
764 771 0.05
334 576 0.01
119 160 0.01
16 943 0.01
207 319 0.01
20 344 0.01
54 958 0.2
289 542 0.2
44 415 0.2
68 718 0.05
443 952 0.05
118 420 0.2
496 774 0.05
341 361 0.2
531 857 0.01
478 860 0.01
410 892 0.01
163 697 0.2
338 701 0.05
3 826 0.2
709 768 0.05
458 549 0.05
408 635 0.01
444 899 0.01
39 747 0.2
337 476 0.2
640 820 0.01
104 136 0.2
369 752 0.01
387 932 0.2
332 478 0.05
300 851 0.2
351 604 0.01
308 964 0.2
251 287 0.05
26 314 0.05
536 949 0.05
583 659 0.01
304 413 0.2
606 878 0.01
58 580 0.01
274 616 0.01
523 682 0.2
623 931 0.01
325 405 0.2
332 477 0.05
118 945 0.2
73 885 0.2
89 653 0.01
194 810 0.05
72 785 0.2
299 673 0.2
156 745 0.01
589 686 0.05
4 369 0.01
383 792 0.01
142 204 0.01
222 814 0.01
842 961 0.2
261 697 0.05
371 970 0.05
613 805 0.01
406 542 0.01
177 470 0.2
129 867 0.01
254 565 0.01
369 374 0.2
815 936 0.05
117 398 0.05
562 814 0.01
660 919 0.05
653 654 0.05
366 708 0.05
162 426 0.2
591 607 0.05
206 424 0.01
660 970 0.01
11 15 0.2
809 952 0.01
114 847 0.2
329 953 0.01
39 757 0.01
16 250 0.01
466 693 0.05
596 939 0.2
416 697 0.01
321 899 0.01
698 972 0.01
399 608 0.2
350 591 0.05
61 784 0.2
491 934 0.2
307 415 0.05
40 197 0.05
49 366 0.01
83 997 0.2
73 643 0.2
250 653 0.05
78 81 0.01
207 381 0.01
249 968 0.05
440 465 0.01
72 399 0.01
344 529 0.01
275 651 0.2
574 763 0.05
138 354 0.01
48 224 0.05
633 694 0.01
801 827 0.01
618 619 0.05
82 223 0.2
391 678 0.05
389 784 0.01
4 802 0.05
72 950 0.01
530 579 0.01
310 996 0.2
525 578 0.05
18 841 0.01
4 501 0.05
329 636 0.05
127 843 0.01
138 656 0.05
334 563 0.2
112 765 0.01
157 821 0.2
136 408 0.05
829 986 0.05
501 635 0.01
147 493 0.05
120 653 0.01
116 625 0.01
4 496 0.2
381 658 0.2
500 917 0.01
200 576 0.05
76 596 0.01
388 544 0.01
364 474 0.05
813 869 0.05
964 991 0.05
831 966 0.01
547 601 0.05
323 552 0.01
425 438 0.05
122 743 0.2
722 915 0.01
909 927 0.2
226 260 0.2
659 760 0.01
649 799 0.2
599 831 0.2
35 923 0.01
559 669 0.01
291 604 0.05
504 954 0.2
168 418 0.05
278 544 0.01
460 773 0.2
60 531 0.05
707 821 0.05
405 955 0.05
364 693 0.01
336 577 0.2
272 975 0.05
50 82 0.2
321 524 0.01
336 834 0.01
334 507 0.05
716 764 0.05
202 379 0.2
100 387 0.01
90 608 0.2
474 641 0.01
300 518 0.2
106 586 0.01
139 236 0.05
86 352 0.01
135 769 0.01
262 495 0.05
482 627 0.2
930 958 0.2
119 391 0.01
323 765 0.05
625 902 0.2
133 701 0.05
728 978 0.05
547 621 0.2
49 683 0.01
525 567 0.05
440 482 0.05
410 466 0.01
276 437 0.01
48 694 0.2
87 980 0.01
357 805 0.2
745 869 0.2
299 637 0.05
288 700 0.01
235 255 0.01
258 796 0.05
177 993 0.05
154 379 0.01
893 944 0.2
343 544 0.01
86 747 0.01
587 885 0.05
561 881 0.2
680 712 0.05
32 688 0.01
301 311 0.2
367 886 0.05
274 996 0.2
395 940 0.2
387 633 0.2
331 744 0.01
189 912 0.05
454 742 0.05
179 695 0.01
362 768 0.2
7 923 0.05
361 665 0.01
270 437 0.05
15 983 0.2
23 949 0.05
169 243 0.2
188 632 0.2
255 562 0.01
261 904 0.2
490 816 0.01
48 666 0.05
207 837 0.2
392 924 0.05
851 961 0.2
28 427 0.01
110 786 0.05
545 972 0.05
504 515 0.05
92 791 0.2
236 539 0.2
184 222 0.2
406 410 0.2
113 955 0.01
645 881 0.2
829 931 0.01
303 767 0.2
13 994 0.05
216 252 0.2
164 879 0.01
119 778 0.2
87 814 0.2
531 729 0.05
87 587 0.01
691 753 0.01
177 949 0.05
543 611 0.05
459 724 0.05
338 931 0.2
94 419 0.01
546 630 0.05
294 576 0.05
577 948 0.01
74 558 0.2
23 713 0.2
357 611 0.2
554 880 0.01
681 940 0.2
855 916 0.2
115 599 0.01
541 629 0.01
124 979 0.05
217 754 0.01
197 483 0.2
135 394 0.01
654 887 0.2
365 684 0.05
899 987 0.2
31 91 0.2
488 932 0.2
455 516 0.01
138 520 0.2
410 835 0.01
530 921 0.05
16 291 0.05
55 95 0.05
346 807 0.2
410 999 0.2
649 868 0.05
229 452 0.05
217 566 0.01
673 846 0.01
138 328 0.05
73 917 0.05
212 843 0.05
494 996 0.05
464 817 0.2
294 425 0.2
520 657 0.01
55 384 0.05
446 900 0.2
139 185 0.2
737 975 0.2
236 747 0.2
335 715 0.05
71 118 0.05
422 735 0.2
514 890 0.05
497 581 0.2
384 408 0.2
195 472 0.01
409 913 0.01
115 851 0.05
28 253 0.01
752 965 0.01
102 335 0.05
46 380 0.01
323 851 0.05
808 980 0.01
220 575 0.01
793 814 0.01
112 389 0.05
834 866 0.01
195 925 0.2
202 540 0.01
503 855 0.05
186 836 0.01
553 739 0.01
242 677 0.2
259 800 0.2
145 766 0.01
329 374 0.05
391 542 0.05
11 716 0.2
494 723 0.2
83 453 0.01
474 915 0.05
363 541 0.05
157 456 0.05
776 904 0.05
658 710 0.2
292 332 0.2
317 365 0.01
587 604 0.05
121 348 0.01
123 324 0.01
623 848 0.01
104 911 0.01
26 911 0.2
174 278 0.2
713 877 0.05
781 898 0.05
405 504 0.2
23 374 0.05
218 338 0.2
458 487 0.2
152 369 0.05
392 701 0.05
429 730 0.2
392 931 0.2
26 245 0.2
512 642 0.2
405 433 0.2
703 897 0.05
280 482 0.05
771 775 0.05
157 817 0.2
216 367 0.01
147 937 0.05
12 433 0.01
591 848 0.05
249 354 0.01
57 758 0.05
350 623 0.05
335 621 0.05
310 581 0.01
33 248 0.01
39 374 0.05
309 623 0.05
8 930 0.05
93 514 0.01
13 892 0.2
213 299 0.01
205 684 0.2
9 216 0.2
146 808 0.05
135 897 0.01
621 996 0.01
741 880 0.2
536 579 0.2
617 820 0.2
441 466 0.01
562 848 0.01
600 815 0.01
487 640 0.01
168 312 0.01
90 555 0.05
273 620 0.2
94 278 0.01
185 417 0.05
192 564 0.05
714 841 0.05
218 265 0.01
759 828 0.01
200 292 0.2
68 223 0.2
26 82 0.01
712 719 0.2
418 946 0.05
171 236 0.05
333 577 0.01
500 700 0.05
445 594 0.05
8 235 0.2
197 230 0.01
433 472 0.2
469 845 0.05
63 521 0.01
395 572 0.01
730 923 0.05
955 964 0.05
8 391 0.01
531 898 0.05
607 999 0.05
538 839 0.01
266 913 0.01
187 482 0.2
316 371 0.2
732 895 0.2
8 64 0.05
143 378 0.2
602 988 0.2
701 861 0.05
248 346 0.05
362 801 0.05
822 999 0.2
546 568 0.2
72 585 0.01
103 134 0.2
146 964 0.2
391 575 0.05
955 991 0.05
572 767 0.2
185 455 0.01
414 786 0.2
180 590 0.05
449 860 0.01
549 831 0.01
415 672 0.2
118 310 0.2
178 282 0.01
711 810 0.05
770 863 0.01
217 815 0.05
547 760 0.2
726 749 0.01
148 251 0.05
322 969 0.05
52 750 0.01
88 427 0.05
70 77 0.01
92 321 0.2
4 771 0.2
465 753 0.01
408 468 0.2
222 534 0.2
301 847 0.01
50 592 0.05
247 303 0.01
199 973 0.01
504 766 0.01
72 90 0.2
259 878 0.05
220 770 0.2
437 744 0.2
497 702 0.01
81 560 0.2
503 552 0.05
314 635 0.01
315 677 0.05
376 379 0.05
480 703 0.2
238 758 0.2
582 966 0.2
43 508 0.01
550 998 0.2
350 678 0.05
249 366 0.05
289 397 0.01
986 998 0.2
664 951 0.05
22 277 0.05
265 948 0.05
236 333 0.05
466 644 0.01
231 486 0.05
844 873 0.05
152 761 0.05
272 979 0.05
638 648 0.05
568 847 0.2
592 802 0.01
236 536 0.01
253 292 0.2
23 776 0.05
180 984 0.2
54 581 0.05
310 802 0.05
548 905 0.05
391 759 0.01
356 630 0.2
96 322 0.05
27 432 0.2
324 377 0.05
149 936 0.01
381 478 0.2
733 742 0.2
34 190 0.01
383 561 0.01
625 681 0.01
586 674 0.05
169 715 0.05
276 686 0.2
126 441 0.05
422 832 0.01
596 933 0.2
393 428 0.05
17 527 0.01
124 533 0.01
402 681 0.05
273 356 0.2
184 327 0.05
255 958 0.05
63 800 0.01
827 884 0.2
806 921 0.05
127 395 0.2
805 884 0.2
302 688 0.01
139 921 0.01
156 241 0.01
206 834 0.05
497 636 0.05
108 626 0.2
387 488 0.05
581 681 0.01
551 946 0.05
129 672 0.2
57 942 0.05
252 688 0.05
378 394 0.2
139 697 0.2
295 923 0.05
752 983 0.01
520 741 0.01
299 815 0.01
45 513 0.01
404 499 0.05
471 864 0.05
122 984 0.2
246 608 0.2
407 696 0.05
175 266 0.01
389 528 0.2
115 827 0.2
279 347 0.05
279 750 0.05
229 259 0.01
273 467 0.05
44 685 0.2
19 456 0.2
227 629 0.01
255 980 0.01
63 551 0.01
455 497 0.05
378 834 0.05
560 992 0.01
271 665 0.2
393 495 0.2
248 343 0.05
158 537 0.2
250 647 0.05
322 591 0.2
151 258 0.05
264 332 0.05
110 648 0.2
288 719 0.2
212 533 0.05
71 957 0.2
96 105 0.01
176 492 0.05
38 662 0.2
666 836 0.2
276 744 0.2
366 773 0.01
457 945 0.05
373 591 0.01
338 772 0.2
808 814 0.01
916 975 0.01
35 819 0.05
29 696 0.05
163 523 0.2
95 930 0.01
17 998 0.05
738 846 0.01
317 542 0.01
26 648 0.05
787 848 0.05
126 321 0.05
748 874 0.2
133 171 0.05
385 446 0.01
612 999 0.05
417 800 0.05
159 786 0.2
46 666 0.2
689 904 0.01
112 484 0.2
268 905 0.01
547 558 0.2
507 563 0.01
497 569 0.01
222 542 0.2
4 365 0.01
146 194 0.2
97 781 0.05
40 256 0.05
309 588 0.2
143 833 0.05
224 942 0.05
407 858 0.2
245 476 0.2
134 421 0.2
399 504 0.05
130 985 0.01
500 558 0.2
707 710 0.2
463 853 0.05
607 916 0.01
767 939 0.01
8 793 0.01
155 304 0.2
508 695 0.05
420 638 0.05
621 692 0.05
238 401 0.05
490 743 0.05
587 988 0.01
207 998 0.01
498 525 0.01
794 879 0.01
697 903 0.2
164 606 0.01
307 692 0.01
320 652 0.2
223 468 0.2
26 310 0.2
594 872 0.2
215 646 0.2
494 761 0.2
387 866 0.2
488 523 0.2
319 812 0.01
357 888 0.05
442 959 0.05
274 305 0.01
606 879 0.01
777 843 0.01
794 850 0.01
608 950 0.05
222 848 0.05
207 872 0.05
278 503 0.2
727 803 0.05
736 811 0.01
490 967 0.05
458 464 0.2
268 353 0.2
113 615 0.05
220 668 0.01
517 911 0.2
458 977 0.05
418 486 0.01
130 480 0.2
879 973 0.01
713 995 0.01
497 808 0.01
626 841 0.2
167 593 0.01
398 774 0.2
586 867 0.01
207 991 0.05
540 821 0.01
8 808 0.01
264 719 0.01
4 73 0.01
763 820 0.05
471 705 0.2
236 329 0.01
293 343 0.01
282 809 0.01
457 490 0.05
528 855 0.05
447 947 0.01
35 653 0.01
148 320 0.01
90 391 0.01
356 549 0.2
122 361 0.2
337 637 0.2
296 927 0.01
138 657 0.05
754 911 0.01
344 560 0.05
356 762 0.01
432 517 0.01
87 121 0.05
37 559 0.2
530 806 0.01
141 847 0.01
843 975 0.01
484 510 0.2
90 766 0.01
239 407 0.2
722 814 0.01
494 899 0.01
476 532 0.2
484 765 0.05
448 644 0.01
588 649 0.01
612 916 0.01
183 797 0.2
323 521 0.05
557 627 0.2
115 582 0.05
259 776 0.05
66 869 0.01
261 273 0.2
300 487 0.2
327 742 0.2
179 543 0.01
339 927 0.2
164 370 0.2
433 446 0.01
674 944 0.01
127 939 0.2
771 996 0.01
681 828 0.2
544 919 0.01
85 964 0.2
242 339 0.01
729 806 0.05
597 726 0.01
426 512 0.2
540 763 0.01
771 899 0.2
609 942 0.01
512 523 0.01
191 589 0.2
2 807 0.2
103 242 0.05
635 771 0.05
195 623 0.2
2 916 0.2
57 224 0.01
680 990 0.05
417 776 0.2
649 822 0.01
776 956 0.01
391 964 0.05
225 246 0.05
856 861 0.05
145 457 0.01
513 554 0.2
545 617 0.01
229 745 0.05
607 655 0.01
126 272 0.05
57 214 0.01
410 672 0.05
688 753 0.01
571 944 0.2
591 892 0.01
689 948 0.05
171 724 0.05
118 716 0.2
384 566 0.05
4 454 0.2
264 294 0.2
132 407 0.01
299 770 0.01
424 840 0.05
65 173 0.05
388 519 0.01
185 757 0.05
412 725 0.05
186 554 0.05
103 302 0.2
573 767 0.2
11 957 0.05
37 360 0.2
17 953 0.05
881 882 0.01
259 813 0.2
117 896 0.05
144 559 0.05
63 765 0.05
350 447 0.01
777 998 0.01
280 682 0.05
119 235 0.2
459 636 0.05
122 567 0.01
37 430 0.01
562 980 0.2
218 694 0.05
482 924 0.2
175 443 0.01
508 796 0.05
60 366 0.05
246 778 0.2
63 870 0.2
169 200 0.2
152 520 0.01
447 689 0.01
99 714 0.01
142 502 0.05
48 315 0.05
215 632 0.2
355 550 0.2
77 375 0.01
406 890 0.2
442 878 0.01
787 849 0.01
105 248 0.05
337 945 0.01
93 814 0.05
417 577 0.01
565 671 0.2
145 472 0.05
86 981 0.01
272 601 0.01
291 520 0.05
552 960 0.2
781 948 0.05
414 646 0.05
890 915 0.2
117 651 0.2
524 622 0.2
34 126 0.05
437 952 0.2
467 840 0.05
25 538 0.05
365 746 0.05
637 911 0.2
395 438 0.2
282 703 0.05
319 679 0.05
208 979 0.2
253 860 0.05
294 381 0.01
165 980 0.05
231 686 0.01
456 507 0.01
314 587 0.05
330 785 0.05
335 917 0.05
189 998 0.01
452 683 0.2
237 694 0.01
729 776 0.01
77 126 0.01
30 135 0.2
538 774 0.01
990 998 0.01
438 466 0.05
186 263 0.2
4 684 0.01
684 911 0.01
102 823 0.05
657 871 0.2
27 262 0.2
290 359 0.05
478 882 0.01
430 669 0.05
682 811 0.2
752 852 0.2
589 703 0.01
802 852 0.01
402 848 0.2
866 926 0.2
112 174 0.05
66 259 0.05
782 959 0.01
334 518 0.05
558 681 0.2
20 343 0.05
144 836 0.05
591 829 0.2
410 655 0.05
123 179 0.2
348 533 0.05
139 856 0.2
216 918 0.2
87 906 0.01
291 554 0.01
420 648 0.05
124 272 0.01
15 16 0.05
227 824 0.05
547 641 0.05
100 367 0.05
701 856 0.05
146 678 0.05
86 257 0.01
91 693 0.01
23 867 0.01
427 900 0.2
900 928 0.2
578 671 0.05
398 771 0.2
228 254 0.01
412 962 0.05
471 805 0.05
111 970 0.01
13 184 0.05
414 586 0.2
335 737 0.05
557 618 0.05
477 550 0.01
643 699 0.2
112 798 0.2
169 998 0.05
60 199 0.2
136 911 0.2
116 777 0.2
23 579 0.2
58 477 0.2
867 947 0.05
530 857 0.05
273 352 0.2
717 884 0.01
396 662 0.2
515 714 0.01
55 967 0.05
224 414 0.05
653 880 0.05
650 828 0.2
415 516 0.05
289 402 0.2
62 202 0.2
233 346 0.05
96 389 0.05
40 944 0.05
513 583 0.01
55 489 0.01
126 572 0.2
566 910 0.01
360 752 0.01
536 689 0.05
149 299 0.05
729 973 0.2
83 85 0.2
178 322 0.01
61 370 0.2
697 956 0.05
73 581 0.05
346 389 0.01
91 189 0.05
300 801 0.05
51 674 0.05
344 356 0.05
877 995 0.05
534 562 0.01
451 514 0.2
589 809 0.01
48 523 0.01
659 737 0.01
707 859 0.2
450 809 0.05
547 625 0.2
4 314 0.01
27 430 0.2
123 611 0.01
320 965 0.05
352 947 0.01
182 964 0.05
310 592 0.01
253 379 0.01
434 763 0.2
349 761 0.05
103 407 0.01
105 396 0.05
208 326 0.2
751 899 0.05
547 681 0.2
82 263 0.2
156 167 0.05
495 880 0.05
320 857 0.01
264 478 0.2
129 554 0.05
42 469 0.2
860 997 0.01
721 884 0.05
437 526 0.05
132 705 0.2
859 884 0.05
398 987 0.05
790 799 0.2
23 669 0.01
733 839 0.05
172 414 0.01
613 862 0.2
247 791 0.2
293 389 0.01
777 933 0.05
102 307 0.05
197 978 0.2
164 519 0.2
275 899 0.05
168 231 0.01
88 690 0.2
105 419 0.05
378 757 0.05
393 871 0.05
455 965 0.01
231 664 0.05
578 674 0.2
715 749 0.01
236 701 0.2
37 716 0.01
370 973 0.05
459 553 0.05
401 730 0.01
700 748 0.05
374 622 0.2
15 414 0.05
14 164 0.01
374 983 0.2
624 664 0.2
333 793 0.01
455 554 0.2
381 882 0.2
204 233 0.01
158 999 0.2
620 739 0.05
619 926 0.05
83 477 0.01
767 883 0.2
519 847 0.2
518 613 0.05
296 888 0.05
863 995 0.01
607 969 0.05
656 887 0.01
67 594 0.2
466 868 0.05
84 469 0.2
450 951 0.05
12 575 0.05
109 669 0.2
477 658 0.2
82 740 0.05
630 698 0.01
347 838 0.05
286 975 0.05
241 320 0.05
90 742 0.2
39 781 0.2
453 810 0.05
696 805 0.2
174 448 0.2
43 543 0.01
490 984 0.01
306 625 0.2
31 760 0.2
92 726 0.2
473 899 0.01
672 693 0.2
954 974 0.05
852 957 0.01
33 84 0.2
566 930 0.2
886 926 0.05
390 667 0.05
28 550 0.2
306 933 0.2
360 602 0.2
87 622 0.05
139 857 0.2
17 169 0.2
896 988 0.2
183 591 0.01
7 758 0.2
148 328 0.01
168 686 0.05
244 842 0.05
536 842 0.01
587 740 0.01
571 695 0.01
30 241 0.2
117 473 0.2
204 782 0.05
476 941 0.05
605 855 0.05
409 450 0.05
242 924 0.01
152 983 0.2
118 880 0.01
542 980 0.05
348 985 0.05
309 981 0.05
713 757 0.2
237 772 0.01
81 613 0.05
275 398 0.2
226 254 0.2
95 489 0.01
423 527 0.05
802 880 0.01
64 197 0.01
101 534 0.01
793 829 0.01
540 977 0.01
579 898 0.01
81 278 0.05
159 250 0.05
153 171 0.05
256 893 0.2
205 731 0.05
956 973 0.05
207 997 0.2
143 336 0.01
438 999 0.01
51 930 0.01
80 215 0.05
300 782 0.01
263 918 0.01
497 604 0.05
484 784 0.05
133 878 0.2
82 517 0.2
382 620 0.01
275 444 0.2
127 830 0.01
794 961 0.2
587 983 0.05
151 695 0.01
115 720 0.01
289 738 0.01
79 884 0.05
53 733 0.2
28 446 0.05
224 786 0.01
110 457 0.05
558 953 0.05
206 371 0.2
485 680 0.2
133 689 0.01
514 524 0.05
489 943 0.2
396 855 0.01
167 949 0.01
570 784 0.01
60 949 0.2
282 443 0.2
321 996 0.2
887 891 0.01
95 468 0.2
388 599 0.2
358 748 0.2
466 649 0.2
14 970 0.05
205 398 0.05
133 729 0.01
604 808 0.01
237 674 0.2
389 952 0.01
370 952 0.05
561 972 0.05
672 981 0.2
498 796 0.2
88 207 0.05
530 544 0.2
445 928 0.2
133 259 0.01
527 954 0.05
668 930 0.01
427 860 0.01
327 451 0.01
395 883 0.01
614 808 0.01
250 930 0.05
24 585 0.05
150 919 0.05
96 784 0.05
720 992 0.2
191 870 0.01
276 389 0.05
305 732 0.2
33 544 0.05
558 980 0.2
680 810 0.01
439 651 0.05
414 694 0.2
216 898 0.05
44 818 0.05
91 243 0.2
129 722 0.01
539 813 0.05
58 449 0.01
844 950 0.05
333 569 0.05
475 886 0.2
6 827 0.05
806 842 0.05
61 448 0.01
376 710 0.2
216 834 0.2
365 575 0.01
608 738 0.2
148 229 0.2
510 807 0.01
382 820 0.2
416 973 0.2
621 775 0.01
233 270 0.05
222 622 0.2
606 805 0.05
225 734 0.05
523 642 0.2
117 996 0.2
103 753 0.05
200 588 0.2
163 363 0.01
768 922 0.2
597 895 0.01
371 619 0.05
398 731 0.05
412 528 0.01
872 882 0.05
81 549 0.05
95 149 0.05
450 946 0.01
651 774 0.01
430 880 0.05
349 746 0.01
336 414 0.01
524 790 0.05
473 583 0.2
60 857 0.05
716 911 0.2
263 995 0.05
79 339 0.01
540 553 0.05
260 788 0.01
108 555 0.05
451 661 0.05
205 996 0.2
523 619 0.05
802 839 0.05
98 750 0.2
403 593 0.05
120 752 0.01
97 244 0.01
20 831 0.2
420 666 0.05
22 460 0.2
648 795 0.01
627 821 0.05
258 296 0.05
245 853 0.2
53 770 0.2
626 994 0.2
207 680 0.2
399 925 0.05
350 467 0.05
613 831 0.2
434 710 0.01
385 594 0.01
523 629 0.2
607 840 0.2
66 278 0.01
192 553 0.2
143 656 0.05
140 404 0.2
681 890 0.01
801 847 0.01
269 580 0.05
63 809 0.01
567 877 0.2
141 862 0.05
257 956 0.05
364 583 0.2
605 975 0.01
506 896 0.01
447 636 0.01
222 958 0.01
202 344 0.2
377 894 0.2
777 848 0.2
276 448 0.01
268 478 0.2
165 759 0.2
417 953 0.05
257 416 0.05
27 408 0.05
329 833 0.05
568 782 0.2
50 250 0.01
562 625 0.05
489 666 0.01
822 855 0.2
671 974 0.2
203 976 0.05
285 851 0.05
549 977 0.01
409 662 0.01
393 669 0.05
46 414 0.05
512 629 0.01
514 774 0.05
116 641 0.05
89 887 0.2
60 776 0.01
106 786 0.01
397 980 0.01
590 947 0.2
264 382 0.2
86 467 0.2
236 607 0.2
82 159 0.01
567 615 0.01
157 864 0.05
268 400 0.01
703 951 0.05
113 195 0.2
763 821 0.01
161 764 0.01
585 937 0.05
800 869 0.2
432 764 0.05
118 220 0.2
56 607 0.05
867 904 0.01
202 845 0.01
474 681 0.05
654 741 0.01
638 958 0.2
444 987 0.01
330 449 0.01
53 337 0.2
529 922 0.2
689 697 0.05
382 383 0.05
177 203 0.2
354 610 0.05
258 541 0.01
218 363 0.01
365 733 0.2
61 331 0.01
320 833 0.01
102 272 0.05
39 713 0.05
672 969 0.2
288 588 0.05
117 305 0.05
205 327 0.01
447 553 0.05
587 911 0.01
74 649 0.2
169 975 0.01
523 633 0.05
474 953 0.2
931 986 0.2
779 952 0.01
829 954 0.05
55 351 0.01
20 977 0.05
323 388 0.01
647 764 0.01
126 895 0.05
284 720 0.05
572 737 0.01
30 52 0.2
86 334 0.05
511 890 0.01
799 963 0.05
590 702 0.2
947 953 0.2
160 397 0.2
167 579 0.05
433 929 0.01
165 958 0.01
157 507 0.05
334 762 0.01
469 568 0.05
116 397 0.2
53 220 0.05
440 888 0.2
217 839 0.01
485 580 0.2
203 667 0.05
1 512 0.2
898 949 0.05
256 578 0.2
415 914 0.2
204 458 0.05
299 566 0.01
84 484 0.01
376 540 0.2
749 818 0.01
222 731 0.01
312 443 0.05
60 956 0.01
217 764 0.05
192 197 0.05
22 633 0.2
554 896 0.2
364 793 0.2
105 389 0.2
246 853 0.2
384 754 0.01
437 800 0.01
97 526 0.05
313 543 0.2
208 547 0.2
105 107 0.05
419 744 0.05
851 862 0.05
315 944 0.2
392 527 0.05
196 897 0.01
373 953 0.2
867 969 0.01
123 628 0.2
332 427 0.01
628 858 0.05
747 856 0.01
542 681 0.2
40 341 0.05
635 661 0.05
524 625 0.05
302 426 0.01
381 690 0.01
459 655 0.05
28 928 0.2
95 490 0.2
11 839 0.05
51 945 0.01
115 563 0.05
242 909 0.01
267 883 0.05
843 874 0.01
174 809 0.01
649 748 0.05
385 997 0.05
634 919 0.2
83 108 0.05
183 892 0.05
773 806 0.05
271 578 0.05
448 809 0.2
175 276 0.05
310 771 0.2
273 424 0.05
286 807 0.05
84 270 0.01
318 977 0.05
50 120 0.2
343 503 0.05
906 954 0.01
865 958 0.2
447 861 0.2
746 802 0.2
266 431 0.05
558 622 0.01
793 877 0.01
345 516 0.01
578 876 0.01
243 704 0.01
14 919 0.01
578 629 0.01
538 600 0.05
437 544 0.05
70 985 0.01
485 608 0.2
41 502 0.05
651 764 0.05
713 776 0.01
289 623 0.05
96 607 0.01
793 797 0.05
346 396 0.05
40 671 0.2
370 921 0.2
787 980 0.05
393 656 0.05
168 809 0.05
245 945 0.01
40 788 0.2
226 571 0.01
80 795 0.01
453 712 0.05
241 913 0.01
615 627 0.01
619 993 0.05
660 806 0.01
431 838 0.01
300 311 0.2
329 722 0.2
638 863 0.05
310 896 0.2
38 105 0.2
256 574 0.2
26 988 0.01
260 498 0.2
6 507 0.01
188 891 0.2
308 515 0.2
527 814 0.01
71 538 0.05
859 864 0.01
409 765 0.01
245 496 0.05
556 595 0.2
