0 1 0.2
0 2 0.2
0 3 0.01
0 4 0.05
0 5 0.05
0 6 0.01
0 7 0.01
0 8 0.2
0 9 0.05
0 10 0.05
3 540 0.01
3 581 0.05
3 1009 0.01
3 1356 0.2
3 1544 0.05
3 2044 0.01
3 2045 0.01
3 2046 0.05
3 2047 0.05
3 2048 0.01
7 671 0.05
7 1063 0.05
7 1159 0.01
7 1562 0.01
7 1572 0.2
7 2004 0.2
7 2034 0.05
7 2035 0.01
7 2036 0.2
7 2037 0.05
9 92 0.01
9 95 0.2
9 96 0.2
9 350 0.2
9 530 0.05
9 703 0.2
9 751 0.01
9 822 0.05
9 823 0.2
9 837 0.2
10 237 0.05
10 430 0.2
10 1164 0.05
10 1574 0.01
10 2038 0.2
10 2039 0.01
10 2040 0.05
10 2041 0.2
10 2042 0.2
10 2043 0.01
11 4 0.05
11 12 0.05
11 13 0.01
11 14 0.01
11 15 0.05
11 16 0.2
11 17 0.01
11 18 0.2
11 19 0.2
11 20 0.01
14 1373 0.05
14 2049 0.2
14 2050 0.01
14 2051 0.2
14 2052 0.2
15 177 0.01
15 2355 0.2
15 2356 0.05
19 347 0.05
19 589 0.05
19 1459 0.01
19 1557 0.2
19 1571 0.01
19 2060 0.05
19 2061 0.2
19 2062 0.01
19 2063 0.01
19 2064 0.2
20 90 0.01
20 356 0.2
20 531 0.01
20 703 0.05
20 1436 0.01
20 1909 0.2
20 1910 0.05
20 1911 0.2
20 1912 0.01
20 1913 0.01
21 22 0.05
21 23 0.05
21 24 0.01
21 25 0.05
21 26 0.05
21 27 0.01
21 28 0.05
21 29 0.2
21 30 0.01
21 31 0.2
25 90 0.05
25 95 0.05
25 534 0.2
25 752 0.2
25 824 0.2
25 1237 0.01
25 1643 0.01
25 2091 0.2
25 2092 0.01
25 2093 0.2
28 90 0.05
28 531 0.2
28 564 0.01
28 707 0.01
28 837 0.01
28 1042 0.01
28 1073 0.01
28 1309 0.2
28 1365 0.2
28 1656 0.2
31 270 0.05
31 1765 0.2
31 1975 0.2
31 2053 0.01
31 2054 0.01
31 2055 0.01
31 2056 0.2
31 2057 0.05
31 2058 0.05
31 2059 0.05
32 33 0.2
32 34 0.2
32 35 0.01
32 36 0.05
32 37 0.05
32 38 0.2
32 39 0.2
32 40 0.05
32 41 0.01
32 42 0.05
39 510 0.01
39 1169 0.05
39 1446 0.01
39 2094 0.05
39 2095 0.01
39 2096 0.2
39 2097 0.01
39 2098 0.2
39 2099 0.05
39 2100 0.2
40 1447 0.05
40 2065 0.05
40 2066 0.05
40 2067 0.01
40 2068 0.01
40 2069 0.05
40 2070 0.05
40 2071 0.01
40 2072 0.01
40 2073 0.01
43 44 0.01
43 45 0.2
43 46 0.2
43 47 0.05
43 48 0.01
43 49 0.05
43 50 0.01
43 51 0.01
43 52 0.05
43 53 0.05
46 1029 0.01
46 1625 0.01
46 1720 0.2
46 2015 0.2
46 2074 0.2
46 2075 0.01
46 2076 0.2
46 2077 0.01
46 2078 0.01
47 1058 0.05
47 1322 0.05
47 1902 0.2
47 2079 0.2
47 2080 0.01
47 2081 0.01
47 2082 0.05
47 2083 0.01
47 2084 0.2
49 78 0.01
49 176 0.01
49 350 0.01
49 563 0.01
49 567 0.2
49 750 0.2
49 823 0.2
49 824 0.2
49 1236 0.01
49 1309 0.2
52 78 0.05
52 90 0.2
52 350 0.2
52 352 0.01
52 531 0.05
52 703 0.2
52 750 0.01
52 824 0.05
52 825 0.2
52 1821 0.2
54 36 0.01
54 55 0.2
54 56 0.01
54 57 0.2
54 58 0.2
54 59 0.2
54 60 0.01
54 61 0.01
54 62 0.01
54 63 0.01
55 249 0.01
55 1284 0.05
55 1464 0.05
55 1697 0.05
55 2085 0.01
55 2086 0.05
55 2087 0.2
55 2088 0.05
55 2089 0.05
55 2090 0.05
60 180 0.05
60 696 0.2
60 1095 0.2
60 1572 0.05
60 2159 0.05
60 2160 0.01
60 2161 0.01
60 2162 0.05
60 2163 0.05
60 2164 0.2
63 625 0.2
63 938 0.05
63 1401 0.05
63 2128 0.05
63 5456 0.05
63 5457 0.2
63 5458 0.05
63 5459 0.01
63 5460 0.2
63 5461 0.2
64 65 0.05
66 67 0.05
66 68 0.2
66 69 0.01
66 70 0.2
66 71 0.05
66 72 0.01
66 73 0.2
66 74 0.2
66 75 0.05
66 76 0.2
67 219 0.01
67 923 0.01
67 1155 0.05
67 2357 0.01
67 2358 0.05
69 1716 0.2
71 646 0.01
71 1936 0.05
71 2101 0.2
71 2102 0.05
71 2103 0.2
71 2104 0.05
71 2105 0.2
71 2106 0.2
71 2107 0.01
71 2108 0.01
72 73 0.05
72 405 0.05
72 590 0.2
72 656 0.2
72 657 0.01
72 964 0.2
72 1409 0.01
72 1866 0.01
72 1867 0.2
72 1868 0.05
73 351 0.01
73 387 0.05
73 531 0.05
73 563 0.05
73 565 0.2
73 649 0.2
73 705 0.01
73 822 0.05
73 825 0.05
73 1074 0.05
76 295 0.01
76 2109 0.2
76 2110 0.01
76 2111 0.01
76 2112 0.01
76 2113 0.05
76 2114 0.01
76 2115 0.05
76 2116 0.01
76 2117 0.2
77 51 0.2
77 78 0.2
77 79 0.01
77 80 0.05
77 81 0.2
77 82 0.2
77 83 0.2
77 84 0.01
77 85 0.01
77 86 0.05
78 159 0.2
78 284 0.2
78 1169 0.05
78 2076 0.2
78 2094 0.2
78 2588 0.2
78 2673 0.2
78 5183 0.2
78 5310 0.05
78 5311 0.01
80 300 0.01
80 611 0.2
80 737 0.2
80 1411 0.01
80 2118 0.01
80 2119 0.2
80 2120 0.2
80 2121 0.05
80 2122 0.05
80 2123 0.05
84 88 0.2
84 226 0.05
84 351 0.01
84 353 0.01
84 354 0.2
84 564 0.05
84 707 0.2
84 823 0.05
84 1041 0.2
84 1042 0.2
87 78 0.2
87 88 0.01
87 89 0.01
87 90 0.05
87 91 0.05
87 92 0.01
87 93 0.01
87 94 0.05
87 95 0.05
87 96 0.05
88 205 0.2
88 256 0.01
88 1799 0.05
88 2138 0.05
88 2139 0.2
88 2140 0.05
88 2141 0.2
88 2142 0.01
88 2143 0.2
89 1150 0.01
89 2416 0.05
89 3012 0.2
89 3671 0.05
89 4185 0.01
89 4186 0.2
89 4187 0.01
89 4188 0.01
89 4189 0.05
90 93 0.2
90 96 0.01
90 349 0.2
90 351 0.01
90 530 0.05
90 531 0.01
90 565 0.05
90 752 0.05
90 1389 0.01
90 3151 0.2
91 51 0.01
91 78 0.2
91 88 0.01
91 353 0.05
91 355 0.05
91 356 0.01
91 679 0.01
91 707 0.05
91 836 0.05
91 1074 0.05
93 89 0.2
93 150 0.01
93 534 0.2
93 563 0.01
93 565 0.2
93 708 0.2
93 822 0.05
93 824 0.2
93 1126 0.01
93 2144 0.01
94 1029 0.2
94 1364 0.05
94 1965 0.2
94 2131 0.01
94 2132 0.2
94 2133 0.2
94 2134 0.01
94 2135 0.01
94 2136 0.2
94 2137 0.2
95 421 0.01
95 1722 0.05
95 2124 0.05
95 2125 0.05
95 2126 0.2
95 2127 0.2
95 2128 0.2
95 2129 0.2
95 2130 0.2
96 351 0.2
96 352 0.01
96 354 0.05
96 530 0.01
96 532 0.01
96 534 0.01
96 563 0.05
96 564 0.05
96 708 0.01
96 826 0.01
97 71 0.05
97 98 0.2
97 99 0.2
97 100 0.2
97 101 0.01
97 102 0.2
97 103 0.05
97 104 0.01
97 105 0.05
97 106 0.2
107 108 0.01
107 109 0.01
107 110 0.05
107 111 0.01
107 112 0.01
107 113 0.05
107 114 0.05
107 115 0.01
107 116 0.2
107 117 0.2
109 93 0.01
109 176 0.05
109 351 0.2
109 352 0.2
109 533 0.2
109 822 0.2
109 1041 0.01
109 1073 0.05
109 1126 0.01
109 1389 0.05
111 82 0.01
111 157 0.01
111 249 0.01
111 622 0.01
111 774 0.2
111 775 0.01
111 776 0.05
111 777 0.01
111 778 0.05
111 779 0.2
112 433 0.05
112 644 0.2
112 645 0.2
112 646 0.2
112 647 0.01
112 648 0.05
112 649 0.05
112 650 0.2
112 651 0.05
112 652 0.05
113 195 0.2
113 273 0.2
113 764 0.2
113 1138 0.01
113 1654 0.01
113 1919 0.05
113 2145 0.05
113 2146 0.2
113 2147 0.2
113 2148 0.01
115 79 0.01
115 226 0.05
115 352 0.01
115 354 0.2
115 387 0.05
115 532 0.2
115 565 0.2
115 708 0.05
115 823 0.05
115 1126 0.2
117 150 0.01
117 176 0.01
117 351 0.01
117 352 0.05
117 356 0.05
117 530 0.01
117 532 0.05
117 679 0.05
117 823 0.01
117 825 0.05
118 119 0.01
118 120 0.01
118 121 0.2
118 122 0.2
118 123 0.05
118 124 0.05
118 125 0.05
118 126 0.2
118 127 0.05
118 128 0.2
119 1021 0.2
119 1274 0.05
119 1347 0.05
119 1801 0.01
119 2037 0.01
119 2168 0.01
119 2169 0.01
119 2170 0.05
119 2171 0.2
119 2172 0.2
122 636 0.05
122 668 0.2
122 766 0.05
122 966 0.2
122 1317 0.2
122 2149 0.01
122 2150 0.05
122 2151 0.05
122 2152 0.01
124 349 0.05
124 353 0.01
124 354 0.05
124 510 0.2
124 563 0.2
124 706 0.01
124 823 0.01
124 1558 0.2
124 2158 0.05
125 161 0.05
125 1012 0.2
125 6354 0.2
125 6712 0.2
129 130 0.2
129 131 0.05
129 132 0.01
129 133 0.2
129 134 0.01
129 135 0.01
129 136 0.01
129 137 0.2
129 138 0.05
129 139 0.05
130 492 0.2
130 819 0.05
130 868 0.2
130 1520 0.05
130 2084 0.05
130 2153 0.01
130 2154 0.2
130 2155 0.2
130 2156 0.05
130 2157 0.01
133 2407 0.01
133 2408 0.2
134 1369 0.05
135 72 0.2
135 405 0.2
135 522 0.05
135 656 0.01
135 657 0.01
135 960 0.05
135 961 0.01
135 962 0.05
135 963 0.01
135 964 0.2
140 40 0.05
140 141 0.05
140 142 0.01
140 143 0.2
140 144 0.05
140 145 0.2
140 146 0.05
140 147 0.05
140 148 0.05
140 149 0.2
147 96 0.05
147 150 0.2
147 350 0.01
147 387 0.01
147 533 0.01
147 703 0.05
147 750 0.05
147 753 0.05
147 836 0.2
147 1042 0.05
149 354 0.05
149 563 0.05
149 703 0.01
149 708 0.2
149 750 0.01
149 826 0.05
149 836 0.2
149 837 0.01
149 1365 0.01
149 1558 0.2
150 27 0.01
150 151 0.01
150 152 0.01
150 153 0.01
150 154 0.2
150 155 0.01
150 156 0.2
150 157 0.2
150 158 0.2
151 245 0.2
153 30 0.01
153 102 0.05
153 215 0.2
153 435 0.05
153 700 0.2
153 1479 0.01
153 1647 0.05
153 2165 0.05
153 2166 0.01
153 2167 0.2
157 1067 0.01
157 1417 0.2
157 1436 0.01
157 1692 0.05
157 1778 0.01
157 2173 0.01
157 2174 0.01
157 2175 0.01
157 2176 0.05
157 2177 0.05
159 160 0.2
159 161 0.01
159 162 0.2
159 163 0.2
159 164 0.05
159 165 0.2
159 166 0.01
159 167 0.2
159 168 0.01
159 169 0.2
163 77 0.01
163 83 0.01
163 84 0.05
163 757 0.05
163 1643 0.2
163 2034 0.01
163 2180 0.05
163 2181 0.2
163 2182 0.05
163 2183 0.05
167 640 0.2
169 2215 0.2
170 171 0.2
170 172 0.2
170 173 0.2
170 174 0.05
170 175 0.05
170 176 0.05
170 177 0.2
170 178 0.05
170 179 0.2
170 180 0.05
171 929 0.05
171 2184 0.05
171 2185 0.01
171 2186 0.2
171 2187 0.01
171 2188 0.01
171 2189 0.05
171 2190 0.01
171 2191 0.2
172 51 0.2
172 176 0.2
172 354 0.05
172 531 0.05
172 563 0.05
172 564 0.05
172 822 0.01
172 824 0.05
172 826 0.05
172 1074 0.2
173 88 0.01
173 90 0.2
173 349 0.2
173 531 0.2
173 706 0.01
173 1042 0.01
173 1309 0.01
173 1558 0.05
173 1821 0.01
173 2144 0.01
175 91 0.05
175 95 0.05
175 96 0.01
175 387 0.2
175 530 0.05
175 822 0.05
175 836 0.05
175 1042 0.05
175 1074 0.05
175 1126 0.01
176 242 0.2
176 328 0.05
176 387 0.01
176 572 0.2
176 2664 0.05
176 3337 0.2
176 3950 0.05
176 6843 0.01
176 7251 0.05
176 7252 0.2
177 241 0.01
177 694 0.2
177 822 0.01
177 1639 0.2
177 2192 0.01
177 2193 0.2
177 2194 0.01
177 2195 0.01
177 2196 0.2
177 2197 0.05
180 654 0.05
180 740 0.2
180 741 0.01
180 742 0.05
180 743 0.01
180 744 0.2
180 745 0.05
180 746 0.2
180 747 0.2
180 748 0.01
181 182 0.05
181 183 0.01
181 184 0.05
185 186 0.2
185 187 0.2
185 188 0.2
185 189 0.01
185 190 0.05
185 191 0.01
185 192 0.05
185 193 0.01
185 194 0.2
185 195 0.2
188 527 0.05
188 1972 0.05
188 2204 0.05
188 2205 0.01
188 2206 0.2
188 2207 0.2
188 2208 0.01
188 2209 0.05
188 2210 0.01
188 2211 0.01
189 632 0.05
189 1014 0.01
189 1330 0.05
189 2198 0.01
189 2199 0.01
189 2200 0.01
189 2201 0.05
189 2202 0.2
189 2203 0.01
194 780 0.05
194 781 0.05
194 782 0.2
194 783 0.05
194 784 0.05
194 785 0.01
194 786 0.2
194 787 0.05
194 788 0.01
194 789 0.2
196 197 0.05
196 198 0.2
196 199 0.05
196 200 0.05
196 201 0.01
201 171 0.05
201 175 0.2
201 345 0.01
201 692 0.01
201 1991 0.2
201 1992 0.2
201 1993 0.01
201 2212 0.01
201 2213 0.01
201 2214 0.2
202 71 0.05
202 203 0.2
202 204 0.01
202 205 0.2
202 206 0.01
205 226 0.2
205 349 0.01
205 352 0.05
205 356 0.01
205 531 0.05
205 532 0.05
205 534 0.01
205 563 0.2
205 564 0.2
205 565 0.2
206 51 0.01
206 176 0.01
206 226 0.2
206 349 0.01
206 353 0.05
206 530 0.2
206 532 0.05
206 706 0.05
206 825 0.2
206 826 0.05
207 30 0.01
207 102 0.2
207 208 0.2
207 209 0.2
207 210 0.01
207 211 0.01
207 212 0.01
207 213 0.2
207 214 0.2
207 215 0.05
208 1869 0.01
210 723 0.01
210 1189 0.2
210 1539 0.2
210 1553 0.2
210 2216 0.01
210 2217 0.2
210 2218 0.2
210 2219 0.01
210 2220 0.05
210 2221 0.01
211 1704 0.01
211 1767 0.05
211 2205 0.01
211 2245 0.2
211 2246 0.2
211 2247 0.05
211 2248 0.01
211 2249 0.2
211 2250 0.01
211 2251 0.01
212 388 0.01
212 811 0.05
212 1331 0.01
212 1523 0.05
212 1561 0.01
212 1894 0.2
212 2222 0.05
212 2223 0.2
212 2224 0.05
212 2225 0.01
214 226 0.05
214 565 0.05
214 1041 0.2
214 2226 0.2
214 2227 0.01
214 2228 0.01
214 2229 0.05
214 2230 0.2
214 2231 0.05
214 2232 0.01
215 95 0.01
215 350 0.01
215 352 0.01
215 356 0.2
215 531 0.2
215 679 0.2
215 753 0.01
215 825 0.2
215 836 0.2
215 837 0.2
216 112 0.2
216 195 0.2
216 217 0.01
216 218 0.05
216 219 0.2
216 220 0.05
216 221 0.05
216 222 0.2
216 223 0.01
216 224 0.01
218 2303 0.05
221 224 0.2
221 239 0.2
221 1543 0.2
221 1729 0.2
221 2160 0.05
221 2252 0.2
221 2253 0.2
221 2254 0.2
221 2255 0.2
221 2256 0.2
225 98 0.2
225 226 0.05
225 227 0.2
225 228 0.2
225 229 0.01
225 230 0.2
225 231 0.05
225 232 0.05
225 233 0.2
225 234 0.01
229 670 0.2
229 1090 0.05
229 1098 0.2
229 2122 0.2
229 2233 0.05
229 2234 0.05
229 2235 0.01
229 2236 0.2
229 2237 0.01
229 2238 0.05
231 327 0.2
231 654 0.01
231 1873 0.05
231 2060 0.2
231 2239 0.01
231 2240 0.01
231 2241 0.2
231 2242 0.01
231 2243 0.2
231 2244 0.05
233 161 0.05
233 2330 0.05
235 6 0.2
235 236 0.01
235 237 0.05
235 238 0.05
235 239 0.01
235 240 0.05
235 241 0.2
235 242 0.2
235 243 0.01
235 244 0.01
236 54 0.01
236 88 0.05
236 752 0.2
236 822 0.2
236 837 0.01
236 1042 0.01
236 1309 0.05
236 1557 0.05
236 3198 0.2
236 4356 0.05
241 822 0.05
242 682 0.05
242 1460 0.01
242 1462 0.2
242 1463 0.05
242 1586 0.2
242 1718 0.01
242 1881 0.05
242 2105 0.01
242 2315 0.2
242 2316 0.01
244 385 0.01
244 930 0.2
244 1379 0.01
244 1569 0.2
244 2265 0.01
244 2266 0.01
244 2267 0.01
244 2268 0.2
244 2269 0.05
244 2270 0.2
246 11 0.01
246 163 0.05
246 247 0.2
246 248 0.2
246 249 0.2
246 250 0.2
246 251 0.2
246 252 0.2
246 253 0.05
246 254 0.05
247 51 0.2
247 93 0.01
247 352 0.05
247 353 0.05
247 354 0.2
247 387 0.05
247 534 0.05
247 649 0.05
247 679 0.05
247 1126 0.2
248 206 0.2
249 51 0.05
249 93 0.01
249 95 0.2
249 353 0.2
249 532 0.01
249 533 0.2
249 649 0.05
249 753 0.2
249 822 0.01
249 824 0.05
250 2038 0.01
250 2304 0.05
250 2305 0.01
250 2306 0.2
250 2307 0.01
250 2308 0.01
250 2309 0.05
250 2310 0.2
250 2311 0.01
250 2312 0.2
252 799 0.05
252 1175 0.2
252 2257 0.05
252 2258 0.2
252 2259 0.05
252 2260 0.05
252 2261 0.05
252 2262 0.01
252 2263 0.2
252 2264 0.01
253 93 0.2
253 1089 0.2
253 1313 0.05
253 1770 0.2
253 2271 0.2
253 2272 0.01
253 2273 0.01
253 2274 0.05
253 2275 0.2
253 2276 0.05
254 522 0.05
254 642 0.01
254 1685 0.01
254 2277 0.05
254 2278 0.05
254 2279 0.2
254 2280 0.01
254 2281 0.2
254 2282 0.2
254 2283 0.01
255 256 0.01
255 257 0.05
255 258 0.2
255 259 0.2
255 260 0.05
255 261 0.2
255 262 0.05
255 263 0.05
255 264 0.2
259 175 0.01
259 268 0.2
259 1083 0.01
259 1577 0.01
259 1720 0.05
259 1763 0.01
259 2300 0.2
259 2301 0.2
259 2302 0.05
259 2303 0.01
260 83 0.01
260 390 0.01
260 1313 0.05
260 2293 0.01
260 2294 0.05
260 2295 0.05
260 2296 0.05
260 2297 0.05
260 2298 0.01
260 2299 0.05
263 1917 0.01
263 2284 0.2
263 2285 0.01
263 2286 0.2
263 2287 0.2
263 2288 0.05
263 2289 0.01
263 2290 0.01
263 2291 0.05
263 2292 0.01
265 266 0.2
265 267 0.2
265 268 0.01
265 269 0.2
265 270 0.05
265 271 0.2
265 272 0.01
265 273 0.05
265 274 0.01
265 275 0.05
271 307 0.05
271 587 0.05
271 700 0.05
271 829 0.05
271 2176 0.01
271 2317 0.01
271 2318 0.01
271 2319 0.01
271 2320 0.2
271 2321 0.05
272 1484 0.2
272 1770 0.05
272 2168 0.01
272 2313 0.2
272 2314 0.2
276 277 0.01
276 278 0.2
276 279 0.01
276 280 0.05
276 281 0.05
276 282 0.05
276 283 0.2
276 284 0.05
276 285 0.2
276 286 0.01
279 1023 0.2
279 1251 0.01
279 1489 0.05
279 1601 0.01
279 2324 0.01
279 2325 0.01
279 2326 0.2
279 2327 0.2
279 2328 0.2
279 2329 0.01
280 2383 0.01
281 284 0.05
281 395 0.05
281 487 0.05
281 882 0.01
281 889 0.2
281 933 0.01
281 1265 0.01
281 1612 0.2
281 2322 0.01
281 2323 0.05
282 2376 0.2
287 288 0.01
287 289 0.05
287 290 0.01
287 291 0.01
287 292 0.01
287 293 0.05
287 294 0.01
287 295 0.2
287 296 0.2
287 297 0.05
292 166 0.05
292 1371 0.2
292 2331 0.05
292 2332 0.01
292 2333 0.2
292 2334 0.05
292 2335 0.01
292 2336 0.2
292 2337 0.2
298 277 0.2
298 299 0.01
298 300 0.01
298 301 0.2
298 302 0.2
298 303 0.01
298 304 0.2
298 305 0.05
298 306 0.2
298 307 0.01
300 217 0.05
300 328 0.2
300 421 0.2
300 673 0.01
300 1159 0.01
300 1562 0.2
300 2173 0.01
300 2338 0.2
300 2339 0.05
300 2340 0.2
306 175 0.01
306 182 0.05
306 334 0.05
306 589 0.01
306 1169 0.05
306 1625 0.01
306 1867 0.2
306 2094 0.2
306 2881 0.01
306 3158 0.05
306 4071 0.01
306 4353 0.2
306 4941 0.2
306 5098 0.2
306 5464 0.2
306 5873 0.05
306 5874 0.05
308 309 0.05
308 310 0.01
308 311 0.2
308 312 0.01
308 313 0.05
308 314 0.01
308 315 0.05
308 316 0.05
308 317 0.01
308 318 0.01
309 163 0.01
309 743 0.2
309 1147 0.2
309 2097 0.2
309 2341 0.05
309 2342 0.05
309 2343 0.01
309 2344 0.05
309 2345 0.05
309 2346 0.05
312 37 0.2
312 762 0.01
312 795 0.05
312 1520 0.2
312 1991 0.01
312 2351 0.05
312 2352 0.01
312 2353 0.05
312 2354 0.01
314 5 0.05
314 1255 0.2
314 1344 0.2
314 1436 0.05
314 1597 0.2
314 1974 0.05
314 2347 0.05
314 2348 0.05
314 2349 0.05
314 2350 0.01
315 1118 0.2
319 320 0.2
319 321 0.05
319 322 0.01
319 323 0.2
319 324 0.01
319 325 0.01
319 326 0.01
319 327 0.2
319 328 0.2
325 2050 0.2
325 2351 0.05
325 2610 0.05
325 2611 0.2
325 2612 0.05
325 2613 0.2
325 2614 0.2
325 2615 0.2
327 226 0.2
327 354 0.01
327 356 0.05
327 387 0.2
327 532 0.2
329 133 0.01
329 330 0.01
329 331 0.2
329 332 0.01
329 333 0.2
329 334 0.05
329 335 0.01
329 336 0.05
329 337 0.01
329 338 0.2
330 2 0.05
330 494 0.05
330 499 0.05
330 1438 0.2
330 2250 0.05
330 2359 0.05
330 2360 0.05
330 2361 0.01
330 2362 0.05
330 2363 0.05
336 93 0.2
336 176 0.05
336 355 0.05
336 530 0.2
336 532 0.01
336 533 0.2
336 565 0.01
336 649 0.01
336 1073 0.05
336 1126 0.01
339 36 0.05
339 340 0.05
339 341 0.01
339 342 0.2
339 343 0.2
339 344 0.2
339 345 0.2
339 346 0.2
339 347 0.01
339 348 0.2
343 1457 0.01
343 1999 0.01
343 2209 0.05
343 2369 0.01
343 2370 0.05
343 2371 0.01
343 2372 0.2
343 2373 0.2
343 2374 0.2
343 2375 0.05
346 318 0.05
346 737 0.05
346 1307 0.05
346 1887 0.2
346 2035 0.01
346 2364 0.01
346 2365 0.2
346 2366 0.01
346 2367 0.01
346 2368 0.05
349 51 0.01
349 78 0.01
349 88 0.2
349 350 0.01
349 351 0.05
349 352 0.01
349 353 0.01
349 354 0.01
349 355 0.01
349 356 0.01
350 78 0.2
350 176 0.01
350 533 0.2
350 752 0.01
350 836 0.05
350 837 0.05
350 1074 0.01
350 1126 0.2
350 1309 0.2
350 1389 0.05
353 324 0.01
353 645 0.2
353 1921 0.01
353 2719 0.01
353 3252 0.2
353 4004 0.2
353 4592 0.05
353 4626 0.05
353 4627 0.01
354 849 0.01
354 850 0.2
354 851 0.05
354 852 0.05
354 853 0.05
354 854 0.2
354 855 0.01
354 856 0.05
356 5 0.01
356 658 0.2
356 1774 0.01
356 2247 0.01
356 2377 0.2
356 2378 0.05
356 2379 0.01
356 2380 0.2
356 2381 0.01
356 2382 0.05
357 195 0.01
357 358 0.05
357 359 0.05
357 360 0.05
357 361 0.01
357 362 0.05
357 363 0.05
357 364 0.05
357 365 0.01
357 366 0.01
358 117 0.01
360 88 0.05
360 351 0.01
360 531 0.05
360 703 0.05
360 750 0.05
360 752 0.2
360 753 0.01
360 836 0.01
360 1042 0.01
360 1821 0.01
364 1395 0.01
364 1494 0.2
364 1598 0.2
364 1840 0.01
364 2158 0.05
364 2399 0.05
364 2400 0.2
364 2401 0.01
364 2402 0.05
364 2403 0.2
365 242 0.2
365 851 0.2
365 1303 0.01
365 2384 0.01
365 2385 0.01
365 2386 0.2
365 2387 0.2
365 2388 0.05
365 2389 0.05
365 2390 0.01
366 538 0.2
366 944 0.01
366 2391 0.2
366 2392 0.01
366 2393 0.2
366 2394 0.01
366 2395 0.2
366 2396 0.05
366 2397 0.05
366 2398 0.2
367 85 0.05
367 368 0.05
367 369 0.01
367 370 0.05
367 371 0.05
367 372 0.2
367 373 0.05
367 374 0.01
367 375 0.2
367 376 0.05
374 1344 0.05
374 1391 0.2
374 1607 0.2
374 1938 0.2
374 2240 0.01
374 5602 0.01
374 5951 0.05
374 6931 0.01
374 6932 0.01
374 6933 0.01
376 226 0.01
376 351 0.01
376 356 0.05
376 563 0.05
376 705 0.2
376 823 0.05
376 1048 0.01
376 2404 0.2
376 2405 0.2
376 2406 0.01
377 378 0.2
377 379 0.2
377 380 0.01
377 381 0.2
377 382 0.05
377 383 0.01
377 384 0.2
377 385 0.05
377 386 0.2
386 419 0.05
386 1686 0.05
386 2710 0.05
387 388 0.05
387 389 0.05
387 390 0.01
387 391 0.01
387 392 0.05
387 393 0.01
387 394 0.2
387 395 0.01
387 396 0.01
387 397 0.05
389 481 0.01
389 588 0.01
389 633 0.01
389 2409 0.2
389 2410 0.2
389 2411 0.2
389 2412 0.05
389 2413 0.2
389 2414 0.01
392 838 0.05
392 999 0.2
392 1472 0.05
392 1473 0.2
392 1474 0.2
392 1475 0.01
392 1476 0.01
392 1477 0.2
392 1478 0.05
392 1479 0.05
393 88 0.2
393 91 0.2
393 350 0.05
393 351 0.05
393 354 0.01
393 533 0.2
393 706 0.01
393 750 0.01
393 836 0.01
393 1365 0.05
394 217 0.01
396 51 0.01
396 89 0.05
396 350 0.2
396 533 0.05
396 649 0.2
396 703 0.05
396 822 0.01
396 837 0.05
396 1656 0.01
398 73 0.05
398 399 0.05
398 400 0.01
398 401 0.01
398 402 0.01
398 403 0.2
398 404 0.05
398 405 0.01
398 406 0.05
398 407 0.2
405 33 0.05
405 549 0.01
405 574 0.2
405 575 0.2
405 576 0.05
405 577 0.05
405 578 0.05
405 579 0.2
405 580 0.05
405 581 0.05
406 168 0.05
406 1664 0.2
406 2010 0.01
406 2415 0.2
406 2416 0.05
406 2417 0.2
406 2418 0.05
406 2419 0.05
406 2420 0.2
407 226 0.01
407 349 0.05
407 534 0.01
407 563 0.2
407 704 0.2
407 706 0.2
407 1074 0.01
407 1493 0.2
407 1556 0.2
407 1821 0.01
408 409 0.01
408 410 0.01
408 411 0.01
408 412 0.01
408 413 0.01
408 414 0.05
408 415 0.01
408 416 0.05
408 417 0.2
409 486 0.2
409 640 0.05
409 929 0.2
409 1467 0.01
409 1471 0.05
409 1504 0.01
409 2264 0.2
409 2366 0.05
409 3064 0.05
409 3976 0.01
417 888 0.01
417 1418 0.2
417 2308 0.01
417 2353 0.05
417 2434 0.2
417 2435 0.2
417 2436 0.01
417 2437 0.01
417 2438 0.01
417 2439 0.01
418 419 0.05
420 275 0.01
420 412 0.01
420 413 0.01
420 421 0.2
420 422 0.05
420 423 0.05
420 424 0.05
420 425 0.05
420 426 0.05
420 427 0.05
421 353 0.2
421 355 0.01
421 530 0.05
421 531 0.01
421 534 0.05
421 563 0.01
421 706 0.2
421 824 0.05
421 825 0.01
421 1821 0.2
422 790 0.05
422 1608 0.05
422 1667 0.01
422 2124 0.05
422 2421 0.05
422 2422 0.2
422 2423 0.05
422 2424 0.05
422 2425 0.05
422 2426 0.01
424 101 0.05
424 1942 0.01
424 2427 0.01
424 2428 0.05
424 2429 0.05
424 2430 0.2
424 2431 0.05
424 2432 0.05
424 2433 0.05
428 125 0.2
428 429 0.2
428 430 0.01
428 431 0.01
428 432 0.2
428 433 0.05
428 434 0.05
428 435 0.01
428 436 0.2
428 437 0.01
429 32 0.01
429 421 0.01
429 532 0.01
429 1481 0.05
429 2050 0.01
429 2440 0.01
429 2441 0.01
429 2442 0.01
429 2443 0.01
429 2444 0.01
431 870 0.2
433 167 0.05
433 892 0.2
433 1526 0.01
433 1770 0.2
433 2503 0.01
433 2504 0.05
433 2505 0.01
433 2506 0.05
433 2507 0.2
433 2508 0.05
436 1123 0.2
436 1418 0.01
436 2074 0.05
436 2242 0.01
436 2445 0.01
436 2446 0.2
436 2447 0.05
436 2448 0.2
436 2449 0.2
436 2450 0.2
438 439 0.01
438 440 0.01
438 441 0.2
438 442 0.05
438 443 0.01
438 444 0.01
438 445 0.05
438 446 0.05
438 447 0.05
438 448 0.2
444 12 0.05
444 91 0.2
444 349 0.2
444 688 0.05
444 1133 0.05
444 1513 0.01
444 1514 0.05
444 1515 0.01
444 1516 0.2
444 1517 0.2
445 79 0.05
445 150 0.05
445 530 0.05
445 534 0.2
445 565 0.01
445 1074 0.2
445 1126 0.05
445 1389 0.01
445 2451 0.05
445 2452 0.01
446 739 0.01
446 1401 0.2
446 1404 0.01
446 1436 0.2
446 2236 0.01
446 2339 0.05
446 2460 0.2
446 2461 0.05
446 2462 0.01
446 2463 0.05
447 1606 0.01
447 1704 0.2
447 2453 0.05
447 2454 0.05
447 2455 0.05
447 2456 0.01
447 2457 0.2
447 2458 0.01
447 2459 0.05
448 618 0.01
448 1218 0.01
448 1343 0.05
448 1907 0.2
448 2195 0.01
448 2353 0.05
448 2397 0.01
448 2477 0.2
448 2478 0.2
448 2479 0.2
449 7 0.05
449 450 0.05
449 451 0.05
449 452 0.01
449 453 0.2
449 454 0.05
449 455 0.01
449 456 0.2
449 457 0.05
449 458 0.01
450 990 0.2
450 2421 0.2
450 2423 0.01
450 2470 0.05
450 2471 0.01
450 2472 0.05
450 2473 0.01
450 2474 0.05
450 2475 0.2
450 2476 0.2
451 289 0.2
451 555 0.2
451 1729 0.05
451 2256 0.01
451 2464 0.05
451 2465 0.2
451 2466 0.05
451 2467 0.05
451 2468 0.05
451 2469 0.05
452 448 0.01
452 954 0.2
452 973 0.01
452 1046 0.01
452 1474 0.05
452 2164 0.05
452 2173 0.05
452 2480 0.01
452 2481 0.01
453 92 0.01
453 530 0.05
453 533 0.05
453 565 0.05
453 708 0.01
453 752 0.05
453 824 0.05
453 1041 0.2
453 1073 0.01
453 1656 0.01
455 1532 0.01
455 2228 0.01
455 2536 0.01
455 2654 0.05
455 2975 0.05
455 3066 0.05
455 4266 0.05
455 4565 0.2
455 4689 0.2
455 4690 0.2
456 717 0.2
456 1069 0.05
456 1440 0.05
456 1915 0.05
456 1916 0.2
456 1917 0.05
456 1918 0.05
456 1919 0.2
456 1920 0.01
456 1921 0.2
458 13 0.01
458 401 0.01
458 520 0.01
458 522 0.01
458 523 0.05
458 524 0.05
458 525 0.01
458 526 0.05
458 527 0.2
458 528 0.05
459 35 0.2
459 460 0.05
459 461 0.2
459 462 0.01
459 463 0.01
459 464 0.2
459 465 0.01
459 466 0.01
459 467 0.01
459 468 0.05
460 88 0.01
460 91 0.01
460 649 0.01
460 752 0.2
460 1073 0.01
460 1074 0.2
460 1126 0.05
460 1211 0.05
460 1309 0.2
460 2482 0.01
464 305 0.05
464 417 0.05
464 918 0.05
464 1601 0.01
464 2483 0.01
464 2484 0.2
464 2485 0.01
464 2486 0.05
464 2487 0.01
464 2488 0.05
466 90 0.2
466 349 0.05
466 353 0.05
466 531 0.01
466 706 0.05
466 707 0.05
466 708 0.01
466 825 0.05
466 836 0.01
466 837 0.01
468 1142 0.2
468 1145 0.05
468 1539 0.05
468 2189 0.2
468 2280 0.2
468 2489 0.01
468 2490 0.2
468 2491 0.2
468 2492 0.01
468 2493 0.2
469 470 0.05
471 472 0.05
471 473 0.2
471 474 0.2
471 475 0.05
471 476 0.2
471 477 0.05
471 478 0.01
471 479 0.01
471 480 0.05
471 481 0.05
474 209 0.05
474 769 0.05
474 1254 0.05
474 2272 0.05
474 2311 0.05
474 2337 0.2
474 2494 0.2
474 2495 0.2
474 2496 0.01
474 2497 0.2
477 832 0.2
477 1244 0.05
477 1503 0.2
477 2006 0.2
477 2391 0.05
477 2498 0.2
477 2499 0.2
477 2500 0.05
477 2501 0.2
477 2502 0.2
481 234 0.2
481 447 0.01
481 1017 0.01
481 1018 0.01
481 1019 0.01
481 1020 0.2
481 1021 0.05
481 1022 0.05
481 1023 0.01
481 1024 0.05
482 483 0.01
482 484 0.01
482 485 0.2
482 486 0.01
482 487 0.05
482 488 0.05
482 489 0.01
482 490 0.01
482 491 0.01
482 492 0.01
485 564 0.2
485 1147 0.05
485 1307 0.2
485 1344 0.2
485 4318 0.05
485 4990 0.05
485 6275 0.2
485 6479 0.05
485 6842 0.05
485 6843 0.05
493 176 0.2
493 249 0.05
493 494 0.01
493 495 0.01
493 496 0.2
493 497 0.05
493 498 0.2
493 499 0.2
493 500 0.05
493 501 0.05
497 1165 0.2
497 2155 0.2
497 2162 0.2
497 2509 0.01
497 2510 0.05
497 2511 0.05
497 2512 0.2
497 2513 0.01
497 2514 0.05
498 743 0.05
498 893 0.2
498 1617 0.01
498 1753 0.01
498 2145 0.01
498 2436 0.2
498 2515 0.01
498 2516 0.05
498 2517 0.01
498 2518 0.05
499 51 0.2
499 93 0.05
499 703 0.01
499 750 0.01
499 753 0.2
499 837 0.05
499 1042 0.2
499 1126 0.01
499 1365 0.01
499 1389 0.2
502 503 0.01
502 504 0.05
502 505 0.05
502 506 0.01
502 507 0.05
502 508 0.01
502 509 0.05
502 510 0.2
502 511 0.05
503 89 0.2
503 90 0.05
503 93 0.05
503 96 0.2
503 150 0.2
503 533 0.2
503 750 0.05
503 1042 0.2
503 1126 0.05
503 1389 0.01
504 1246 0.05
504 1262 0.05
504 2536 0.2
504 2537 0.05
504 2538 0.2
504 2539 0.2
504 2540 0.05
504 2541 0.05
505 396 0.01
505 516 0.01
505 569 0.2
505 2524 0.05
505 2525 0.2
505 2526 0.01
505 2527 0.01
505 2528 0.2
505 2529 0.2
505 2530 0.05
507 223 0.05
507 421 0.05
507 637 0.2
507 1825 0.2
507 2334 0.05
507 2519 0.2
507 2520 0.2
507 2521 0.2
507 2522 0.05
507 2523 0.2
512 427 0.2
512 513 0.01
512 514 0.2
512 515 0.01
512 516 0.01
512 517 0.01
512 518 0.2
512 519 0.01
512 520 0.05
512 521 0.05
514 269 0.05
514 657 0.01
514 1579 0.05
514 1845 0.01
514 2460 0.01
514 2531 0.05
514 2532 0.2
514 2533 0.01
514 2534 0.01
514 2535 0.05
521 847 0.2
521 1557 0.2
521 2205 0.2
521 2253 0.2
521 2260 0.2
521 2586 0.05
521 2587 0.2
521 2588 0.01
521 2589 0.05
521 2590 0.01
528 1885 0.01
528 1886 0.01
528 1887 0.05
528 1888 0.2
528 1889 0.01
528 1890 0.01
528 1891 0.05
528 1892 0.2
529 51 0.05
529 176 0.05
529 351 0.01
529 355 0.05
529 356 0.05
529 530 0.2
529 531 0.05
529 532 0.2
529 533 0.01
529 534 0.2
530 1094 0.2
530 1643 0.2
530 1728 0.2
530 2274 0.05
530 2542 0.01
530 2543 0.2
530 2544 0.05
530 2545 0.2
530 2546 0.2
530 2547 0.01
531 1366 0.05
531 1717 0.01
531 2552 0.2
531 2553 0.01
531 2554 0.05
531 2555 0.2
531 2556 0.01
531 2557 0.05
531 2558 0.2
531 2559 0.01
532 79 0.2
532 88 0.01
532 350 0.05
532 352 0.05
532 355 0.01
532 531 0.01
532 704 0.05
532 1211 0.05
532 1365 0.05
533 200 0.01
533 632 0.05
533 703 0.05
533 949 0.01
533 1003 0.2
533 1322 0.2
533 2574 0.2
533 2575 0.01
533 2576 0.05
533 2577 0.2
534 393 0.2
534 1219 0.2
534 1892 0.05
534 1962 0.01
534 2334 0.05
534 2487 0.01
534 2548 0.2
534 2549 0.01
534 2550 0.05
534 2551 0.05
535 129 0.05
535 217 0.2
535 536 0.2
535 537 0.05
535 538 0.01
535 539 0.01
535 540 0.01
535 541 0.01
535 542 0.05
535 543 0.05
536 88 0.2
536 95 0.2
536 96 0.05
536 350 0.05
536 703 0.05
536 704 0.05
536 707 0.2
536 1042 0.05
536 1493 0.05
536 1558 0.2
538 267 0.01
538 404 0.2
538 684 0.01
538 1975 0.05
538 2580 0.05
538 2581 0.05
538 2582 0.2
538 2583 0.01
538 2584 0.01
538 2585 0.05
539 73 0.2
539 219 0.01
539 964 0.2
539 1175 0.2
539 1401 0.2
539 1402 0.05
539 1403 0.01
539 1404 0.05
539 1405 0.05
540 1487 0.01
540 2483 0.2
540 2864 0.01
540 2865 0.01
540 2866 0.01
540 2867 0.01
541 1376 0.05
541 2560 0.01
541 2561 0.01
541 2562 0.01
541 2563 0.05
541 2564 0.05
541 2565 0.2
541 2566 0.05
541 2567 0.05
541 2568 0.05
544 325 0.05
544 403 0.05
544 545 0.01
544 546 0.05
544 547 0.2
544 548 0.2
544 549 0.05
544 550 0.2
544 551 0.05
550 1376 0.05
550 2948 0.05
550 2978 0.01
550 4269 0.01
550 4492 0.2
550 4749 0.2
550 6041 0.2
550 6042 0.01
550 6043 0.2
550 6044 0.2
551 1397 0.2
551 1475 0.01
551 1479 0.01
551 2476 0.05
551 2569 0.05
551 2570 0.01
551 2571 0.2
551 2572 0.2
551 2573 0.01
552 553 0.2
552 554 0.01
552 555 0.05
552 556 0.2
552 557 0.01
552 558 0.05
552 559 0.2
552 560 0.05
552 561 0.05
552 562 0.05
556 212 0.05
556 220 0.05
556 234 0.2
556 850 0.2
556 1760 0.01
556 1952 0.01
556 2132 0.05
556 2217 0.05
556 2578 0.2
556 2579 0.05
561 24 0.2
561 387 0.01
561 707 0.01
561 826 0.05
561 1019 0.05
561 1042 0.05
561 1309 0.2
561 1880 0.05
561 2591 0.2
561 2592 0.2
564 580 0.2
565 78 0.2
565 88 0.05
565 91 0.05
565 534 0.2
565 703 0.01
565 707 0.05
565 836 0.05
565 837 0.05
565 1042 0.2
565 1389 0.05
566 286 0.2
566 327 0.05
566 495 0.2
566 567 0.01
566 568 0.01
566 569 0.05
566 570 0.05
566 571 0.01
566 572 0.2
566 573 0.2
567 644 0.2
567 990 0.01
567 2275 0.05
567 2336 0.01
567 5003 0.05
567 5048 0.05
567 5049 0.05
567 5050 0.05
567 5051 0.2
567 5052 0.05
569 1174 0.2
569 1446 0.2
569 2090 0.2
569 2477 0.05
569 2593 0.2
569 2594 0.2
569 2595 0.2
569 2596 0.2
569 2597 0.2
569 2598 0.05
571 95 0.01
571 522 0.05
571 636 0.05
571 818 0.2
571 1156 0.01
571 1625 0.01
571 1860 0.2
571 2628 0.05
571 2629 0.2
571 2630 0.05
575 881 0.05
575 952 0.01
575 1210 0.01
575 2599 0.2
575 2600 0.2
575 2601 0.05
575 2602 0.05
575 2603 0.05
575 2604 0.2
575 2605 0.05
576 632 0.05
576 683 0.05
576 1457 0.01
576 1576 0.2
576 1929 0.01
576 1930 0.2
576 1931 0.05
576 1932 0.01
576 1933 0.2
576 1934 0.2
578 30 0.2
578 102 0.2
578 215 0.05
578 1647 0.01
578 1781 0.05
578 1880 0.2
578 2606 0.05
578 2607 0.2
578 2608 0.05
578 2609 0.05
581 554 0.05
581 555 0.2
581 1720 0.05
581 2153 0.01
581 2616 0.01
581 2617 0.01
581 2618 0.2
581 2619 0.2
581 2620 0.2
581 2621 0.05
582 39 0.2
582 510 0.2
582 583 0.2
582 584 0.01
582 585 0.2
582 586 0.2
582 587 0.05
582 588 0.05
582 589 0.2
582 590 0.2
583 315 0.2
583 810 0.01
583 824 0.2
583 2192 0.2
583 2622 0.2
583 2623 0.2
583 2624 0.05
583 2625 0.05
583 2626 0.2
583 2627 0.05
588 267 0.01
588 388 0.05
588 840 0.01
588 1379 0.2
588 2631 0.05
588 2632 0.01
588 2633 0.05
588 2634 0.05
588 2635 0.2
588 2636 0.01
591 267 0.2
591 372 0.05
591 592 0.01
591 593 0.01
591 594 0.2
591 595 0.2
591 596 0.05
591 597 0.01
591 598 0.2
593 382 0.2
593 1148 0.2
593 1579 0.2
593 2287 0.2
593 2637 0.2
593 2638 0.01
593 2639 0.01
593 2640 0.05
593 2641 0.2
599 401 0.05
599 435 0.05
599 531 0.05
599 600 0.05
599 601 0.2
599 602 0.01
599 603 0.2
599 604 0.01
599 605 0.2
599 606 0.2
601 30 0.05
601 1342 0.01
601 2084 0.01
601 2259 0.05
601 2642 0.01
601 2643 0.2
601 2644 0.01
601 2645 0.01
601 2646 0.01
604 115 0.05
604 177 0.2
604 375 0.2
604 2308 0.05
604 2651 0.05
604 2653 0.05
604 2654 0.05
604 2655 0.2
604 2656 0.2
604 2657 0.01
605 925 0.2
605 2541 0.2
605 2647 0.2
605 2648 0.01
605 2649 0.05
605 2650 0.05
605 2651 0.2
605 2652 0.05
606 161 0.05
606 1477 0.05
606 2312 0.2
606 2679 0.01
606 4737 0.05
606 4755 0.2
606 5552 0.05
606 5977 0.2
606 6518 0.01
606 6539 0.01
607 165 0.01
607 311 0.05
607 338 0.2
607 608 0.2
607 609 0.2
607 610 0.2
607 611 0.05
607 612 0.05
607 613 0.01
607 614 0.01
608 51 0.01
608 176 0.01
608 349 0.2
608 352 0.05
608 353 0.2
608 532 0.05
608 705 0.2
608 822 0.01
608 1041 0.05
608 1558 0.01
613 224 0.05
613 510 0.01
613 571 0.2
613 1300 0.05
613 1778 0.01
613 2113 0.05
613 2301 0.2
613 2347 0.2
613 2509 0.01
613 2523 0.2
613 2527 0.05
613 2633 0.05
613 2663 0.2
613 2664 0.01
613 2665 0.05
613 2666 0.2
613 2667 0.2
613 2668 0.05
614 768 0.05
614 1147 0.2
614 1244 0.01
614 1350 0.01
614 2095 0.05
614 2658 0.01
614 2659 0.2
614 2660 0.2
614 2661 0.01
614 2662 0.05
615 490 0.05
615 497 0.01
615 499 0.05
615 616 0.05
615 617 0.01
615 618 0.01
615 619 0.05
615 620 0.01
615 621 0.01
615 622 0.01
616 96 0.01
616 150 0.2
616 532 0.2
616 563 0.01
616 649 0.2
616 753 0.01
616 823 0.05
616 1073 0.05
616 1524 0.01
616 1656 0.01
618 197 0.2
618 372 0.01
618 830 0.01
618 937 0.2
618 1714 0.2
618 2669 0.01
618 2670 0.01
618 2671 0.01
618 2672 0.2
618 2673 0.2
620 237 0.01
620 264 0.05
620 576 0.01
620 1823 0.2
620 2027 0.01
620 2674 0.05
620 2675 0.01
620 2676 0.05
620 2677 0.05
622 88 0.2
622 93 0.01
622 95 0.2
622 350 0.2
622 387 0.2
622 707 0.01
622 752 0.2
622 753 0.05
622 836 0.2
622 1365 0.2
623 624 0.01
623 625 0.2
623 626 0.2
623 627 0.05
623 628 0.05
623 629 0.05
623 630 0.01
623 631 0.2
623 632 0.01
623 633 0.01
628 189 0.2
628 898 0.01
628 1886 0.2
628 3482 0.05
628 4165 0.2
628 4514 0.2
628 5735 0.05
628 6028 0.2
629 5344 0.05
630 90 0.05
630 95 0.05
630 150 0.2
630 530 0.05
630 703 0.2
630 750 0.2
630 753 0.2
630 1042 0.2
630 1126 0.05
630 1309 0.2
631 277 0.2
631 442 0.05
631 762 0.05
631 947 0.01
631 2685 0.01
631 2686 0.2
631 2687 0.2
631 2688 0.05
631 2689 0.05
631 2690 0.05
632 208 0.01
632 367 0.05
632 584 0.05
632 1555 0.01
632 2184 0.01
632 2631 0.05
632 2681 0.2
632 2682 0.01
632 2683 0.01
632 2684 0.01
633 11 0.2
633 550 0.05
633 595 0.2
633 814 0.05
633 815 0.05
633 816 0.01
633 817 0.05
633 818 0.2
633 819 0.01
633 820 0.01
634 618 0.2
635 197 0.01
635 333 0.01
635 636 0.05
635 637 0.01
635 638 0.05
635 639 0.01
635 640 0.2
635 641 0.2
635 642 0.05
635 643 0.05
637 217 0.05
637 292 0.2
637 351 0.2
637 1635 0.2
637 2272 0.05
637 2448 0.01
637 2523 0.2
637 2678 0.05
637 2679 0.2
637 2680 0.05
638 161 0.01
638 583 0.2
638 764 0.01
638 892 0.2
638 1284 0.01
638 1827 0.01
638 2898 0.2
638 2963 0.2
638 2964 0.05
638 2965 0.01
638 2966 0.2
638 2967 0.05
638 2968 0.2
638 2969 0.01
638 2970 0.2
639 2353 0.01
639 2397 0.05
639 3682 0.01
639 3710 0.05
639 3732 0.05
639 4621 0.05
639 5008 0.2
643 91 0.05
643 507 0.05
643 774 0.01
643 1418 0.2
643 2361 0.01
643 2711 0.05
643 2712 0.2
643 2713 0.01
643 2714 0.05
643 2715 0.2
644 1289 0.05
644 1480 0.01
644 2084 0.2
644 2581 0.05
644 2697 0.01
644 2698 0.01
644 2699 0.05
644 2700 0.2
644 2701 0.05
644 2702 0.01
645 355 0.05
645 684 0.2
645 1073 0.2
645 1635 0.01
645 2691 0.05
645 2692 0.01
645 2693 0.01
645 2694 0.2
645 2695 0.05
645 2696 0.01
646 165 0.05
646 815 0.2
646 2084 0.05
646 2369 0.01
646 2470 0.2
646 2718 0.01
646 2719 0.2
646 2720 0.01
646 2721 0.2
646 2722 0.01
648 291 0.05
648 324 0.2
648 1481 0.2
648 2703 0.2
648 2704 0.01
648 2705 0.2
648 2706 0.2
648 2707 0.2
648 2708 0.01
648 2709 0.01
649 51 0.01
649 150 0.05
649 534 0.05
649 563 0.2
649 564 0.05
649 822 0.01
649 1126 0.01
649 1389 0.2
649 2716 0.01
649 2717 0.05
651 2015 0.01
652 92 0.05
652 93 0.01
652 350 0.01
652 530 0.2
652 751 0.2
652 822 0.05
652 836 0.01
652 1042 0.01
652 1126 0.01
652 1389 0.01
653 626 0.01
653 654 0.01
653 655 0.01
653 656 0.05
653 657 0.2
653 658 0.05
653 659 0.2
653 660 0.01
653 661 0.01
653 662 0.01
654 474 0.05
654 775 0.01
654 1091 0.05
654 1094 0.01
654 1095 0.01
654 1096 0.05
654 1097 0.05
654 1098 0.2
654 1099 0.05
654 1100 0.05
657 226 0.05
657 349 0.01
657 351 0.05
657 353 0.01
657 565 0.05
657 704 0.2
657 706 0.05
657 708 0.2
657 1074 0.2
657 1126 0.2
658 1907 0.2
659 51 0.01
659 351 0.01
659 353 0.01
659 356 0.01
659 563 0.01
659 649 0.2
659 705 0.05
659 1074 0.2
659 1558 0.05
659 1821 0.2
660 90 0.05
660 953 0.01
660 1360 0.2
660 2205 0.01
660 2727 0.2
660 2728 0.01
660 2729 0.05
660 2730 0.01
660 2731 0.05
661 91 0.05
661 92 0.05
661 95 0.2
661 531 0.01
661 534 0.2
661 823 0.01
661 824 0.05
661 1074 0.2
661 1389 0.05
661 1821 0.2
663 404 0.2
663 436 0.01
663 485 0.2
663 522 0.01
663 664 0.01
663 665 0.05
663 666 0.05
663 667 0.05
663 668 0.2
663 669 0.2
664 157 0.2
664 267 0.05
664 1262 0.2
664 1318 0.05
664 1921 0.01
664 2389 0.05
664 2723 0.01
664 2724 0.05
664 2725 0.2
664 2726 0.05
666 2748 0.05
670 300 0.2
670 671 0.2
670 672 0.05
670 673 0.2
670 674 0.01
670 675 0.05
670 676 0.01
670 677 0.01
670 678 0.2
671 79 0.2
671 226 0.2
671 351 0.01
671 352 0.05
671 534 0.05
671 706 0.01
671 751 0.2
671 1042 0.01
671 1309 0.2
671 1821 0.2
673 133 0.05
673 241 0.2
673 336 0.01
673 1921 0.05
673 2066 0.01
673 2222 0.2
673 2744 0.01
673 2745 0.01
673 2746 0.01
673 2747 0.01
675 795 0.2
675 1144 0.2
675 1334 0.05
675 1335 0.01
675 2298 0.05
675 2311 0.05
675 2312 0.01
675 2732 0.01
675 2733 0.05
675 2734 0.01
679 188 0.05
679 669 0.2
679 680 0.01
679 681 0.01
679 682 0.05
679 683 0.01
679 684 0.05
679 685 0.01
679 686 0.2
679 687 0.2
683 618 0.05
683 1574 0.05
683 1578 0.01
683 2487 0.01
683 2735 0.05
683 2736 0.2
683 2737 0.2
683 2738 0.05
683 2739 0.01
683 2740 0.05
686 893 0.05
686 930 0.05
686 977 0.2
686 2038 0.2
686 2342 0.05
686 2637 0.2
686 2649 0.01
686 2741 0.05
686 2742 0.05
686 2743 0.01
687 1007 0.01
687 1111 0.05
687 2469 0.01
687 2529 0.05
687 2787 0.01
687 2788 0.01
687 2789 0.2
687 2790 0.2
687 2791 0.2
687 2792 0.05
688 43 0.2
688 370 0.2
688 689 0.2
688 690 0.05
688 691 0.2
688 692 0.01
688 693 0.01
688 694 0.05
688 695 0.01
688 696 0.01
690 455 0.01
690 493 0.01
690 642 0.01
690 1391 0.05
690 2407 0.2
690 2763 0.05
690 2764 0.2
690 2765 0.05
690 2766 0.05
690 2767 0.05
691 137 0.01
691 342 0.05
691 847 0.05
691 1437 0.05
691 1455 0.05
691 1770 0.2
691 2260 0.2
691 2338 0.05
691 2435 0.2
691 2980 0.05
691 2981 0.01
691 2982 0.01
691 2983 0.01
691 2984 0.01
691 2985 0.2
693 345 0.05
693 397 0.05
693 1360 0.01
693 1628 0.2
693 2428 0.01
693 2434 0.2
693 2749 0.05
693 2750 0.2
693 2751 0.01
693 2752 0.2
694 137 0.01
694 937 0.05
694 1199 0.2
694 1223 0.2
694 1437 0.05
694 2679 0.2
694 2757 0.2
694 2758 0.01
694 2759 0.2
694 2760 0.2
696 1621 0.05
696 1633 0.05
696 1637 0.05
696 1647 0.2
696 1929 0.05
696 2223 0.01
696 2753 0.2
696 2754 0.2
696 2755 0.01
696 2756 0.2
697 698 0.2
697 699 0.2
697 700 0.2
697 701 0.01
697 702 0.2
698 779 0.05
698 873 0.05
698 1333 0.01
698 2155 0.01
698 2252 0.2
699 88 0.01
699 91 0.05
699 226 0.2
699 356 0.2
699 565 0.05
699 750 0.2
699 825 0.01
699 1558 0.2
699 1821 0.01
699 2144 0.01
700 166 0.05
700 393 0.2
700 1140 0.2
700 1438 0.01
700 1866 0.01
700 1894 0.05
700 2389 0.01
700 2623 0.2
700 2761 0.05
700 2762 0.05
701 118 0.2
701 121 0.01
701 1118 0.01
701 1119 0.2
701 1120 0.01
701 1121 0.01
701 1122 0.2
701 1123 0.2
701 1124 0.01
701 1125 0.01
702 215 0.2
702 1223 0.2
702 1299 0.2
702 1544 0.05
702 2781 0.2
702 2782 0.01
702 2783 0.01
702 2784 0.05
702 2785 0.05
702 2786 0.2
703 351 0.05
703 355 0.01
703 356 0.05
703 563 0.01
703 564 0.05
703 704 0.2
703 705 0.01
703 706 0.01
703 707 0.01
703 708 0.2
709 446 0.05
709 710 0.05
709 711 0.05
709 712 0.01
709 713 0.05
709 714 0.05
709 715 0.05
709 716 0.05
709 717 0.2
709 718 0.05
713 90 0.05
713 91 0.2
713 92 0.01
713 96 0.05
713 530 0.01
713 565 0.05
713 703 0.05
713 750 0.2
713 823 0.2
713 1126 0.05
714 313 0.2
714 1029 0.2
714 2544 0.2
714 2767 0.01
714 2768 0.2
714 2769 0.05
714 2770 0.2
714 2771 0.01
714 2772 0.01
714 2773 0.2
716 490 0.05
716 702 0.2
716 1424 0.01
716 1497 0.01
716 1845 0.2
716 2115 0.05
716 3566 0.05
716 4008 0.01
716 4136 0.01
716 5855 0.01
717 1147 0.05
717 2428 0.2
717 2774 0.2
717 2775 0.2
717 2776 0.2
717 2777 0.05
717 2778 0.2
717 2779 0.05
717 2780 0.2
719 96 0.05
719 171 0.2
719 720 0.05
719 721 0.01
719 722 0.05
719 723 0.2
719 724 0.2
719 725 0.2
719 726 0.01
719 727 0.01
722 92 0.2
722 351 0.05
722 354 0.2
722 564 0.05
722 706 0.01
722 752 0.01
722 825 0.01
722 826 0.05
722 1073 0.2
722 1309 0.2
723 93 0.2
723 96 0.2
723 176 0.05
723 349 0.2
723 352 0.01
723 533 0.05
723 752 0.05
723 753 0.01
723 823 0.2
723 1041 0.05
724 95 0.05
724 601 0.01
724 1853 0.05
724 2573 0.05
724 2793 0.01
724 2794 0.01
724 2795 0.2
724 2796 0.2
724 2797 0.05
724 2798 0.01
727 372 0.2
727 726 0.2
727 1112 0.05
727 1445 0.2
727 1446 0.01
727 1447 0.2
727 1448 0.01
728 335 0.2
728 729 0.01
728 730 0.05
728 731 0.01
728 732 0.2
728 733 0.2
728 734 0.2
728 735 0.01
728 736 0.01
728 737 0.2
731 145 0.05
733 517 0.05
737 1384 0.2
737 1707 0.01
737 2409 0.01
737 2799 0.2
737 2800 0.05
737 2801 0.05
737 2802 0.05
737 2803 0.01
737 2804 0.2
737 2805 0.2
738 209 0.2
738 739 0.05
739 209 0.05
739 235 0.01
739 410 0.05
739 2420 0.2
739 2460 0.2
739 2728 0.2
744 1147 0.05
744 1346 0.05
744 1360 0.01
744 1633 0.05
744 1780 0.2
744 1807 0.05
744 2260 0.05
744 2806 0.01
744 2807 0.2
744 2808 0.05
749 88 0.05
749 90 0.2
749 92 0.01
749 176 0.01
749 387 0.01
749 533 0.01
749 750 0.2
749 751 0.01
749 752 0.05
749 753 0.2
750 51 0.2
750 89 0.05
750 90 0.2
750 92 0.01
750 95 0.2
750 349 0.01
750 822 0.01
750 1074 0.2
750 1295 0.2
750 1296 0.01
751 89 0.2
751 352 0.2
751 353 0.01
751 354 0.2
751 533 0.2
751 750 0.2
751 753 0.2
751 1041 0.01
751 1042 0.01
751 1237 0.01
752 95 0.05
752 96 0.2
752 349 0.2
752 387 0.01
752 530 0.2
752 534 0.05
752 565 0.05
752 649 0.05
752 1126 0.05
752 1656 0.01
754 628 0.01
754 755 0.2
754 756 0.05
754 757 0.01
754 758 0.05
754 759 0.2
754 760 0.05
754 761 0.05
754 762 0.05
754 763 0.05
756 753 0.05
756 836 0.05
756 1589 0.01
756 2795 0.01
756 2809 0.01
756 2810 0.05
756 2811 0.2
756 2812 0.01
756 2813 0.2
757 699 0.01
757 1836 0.01
757 2634 0.01
757 2814 0.01
757 2815 0.01
757 2816 0.2
757 2817 0.2
757 2818 0.01
757 2819 0.01
758 955 0.05
758 963 0.01
758 1801 0.01
758 3945 0.01
758 4426 0.05
758 5551 0.05
758 6563 0.05
758 6564 0.05
758 6565 0.01
758 6566 0.2
759 2202 0.2
760 150 0.2
760 351 0.01
760 352 0.05
760 353 0.2
760 356 0.05
760 532 0.01
760 565 0.2
760 823 0.01
760 824 0.2
760 1074 0.01
763 582 0.2
763 1440 0.2
763 1674 0.01
763 1961 0.05
763 2532 0.2
763 2820 0.2
763 2821 0.05
763 2822 0.2
763 2823 0.05
763 2824 0.01
764 232 0.2
764 765 0.05
764 766 0.2
764 767 0.05
764 768 0.2
764 769 0.05
764 770 0.01
764 771 0.05
764 772 0.01
764 773 0.01
765 72 0.01
765 657 0.01
765 964 0.2
765 1054 0.2
765 1406 0.2
765 1407 0.2
765 1408 0.01
765 1409 0.05
765 1410 0.01
765 1411 0.05
766 52 0.2
766 166 0.05
766 354 0.2
766 1317 0.2
766 1574 0.05
766 2038 0.05
766 2238 0.01
766 2733 0.01
766 2868 0.01
766 2869 0.01
766 2870 0.01
766 2871 0.01
766 2872 0.2
766 2873 0.05
770 1003 0.05
770 2825 0.2
770 2826 0.2
770 2827 0.2
770 2828 0.2
770 2829 0.01
770 2830 0.05
770 2831 0.01
770 2832 0.05
770 2833 0.2
773 843 0.05
773 1373 0.05
773 2008 0.01
773 2216 0.05
773 2678 0.05
773 2834 0.05
773 2835 0.2
773 2836 0.2
773 2837 0.2
773 2838 0.01
775 197 0.2
775 863 0.05
775 871 0.01
775 1319 0.2
775 1464 0.05
775 1465 0.01
775 1466 0.01
775 1467 0.05
775 1468 0.2
775 1469 0.2
777 824 0.05
777 2463 0.01
777 2775 0.01
777 2839 0.05
777 2840 0.2
777 2841 0.2
777 2842 0.05
777 2843 0.05
777 2844 0.01
777 2845 0.05
784 90 0.2
784 91 0.2
784 95 0.2
784 753 0.2
784 822 0.01
784 1126 0.01
784 1389 0.05
784 2846 0.2
784 2847 0.2
784 2848 0.01
786 1741 0.2
786 2849 0.2
786 2850 0.05
786 2851 0.01
786 2852 0.01
786 2853 0.05
786 2854 0.01
786 2855 0.01
786 2856 0.05
786 2857 0.2
787 532 0.2
788 409 0.01
789 91 0.01
789 452 0.05
789 1890 0.01
789 1911 0.2
789 2858 0.2
789 2859 0.2
789 2860 0.2
789 2861 0.2
789 2862 0.2
789 2863 0.01
790 791 0.01
790 792 0.05
790 793 0.01
790 794 0.05
790 795 0.01
790 796 0.05
790 797 0.05
790 798 0.01
790 799 0.05
790 800 0.01
790 801 0.01
790 802 0.2
790 803 0.01
798 275 0.01
798 376 0.01
798 410 0.05
798 415 0.01
798 479 0.01
798 546 0.05
798 737 0.05
798 903 0.01
798 970 0.01
798 1088 0.01
798 1106 0.01
798 1531 0.2
798 1615 0.01
798 1800 0.01
798 1842 0.01
798 1866 0.05
798 2062 0.2
798 2079 0.01
798 2128 0.2
798 2238 0.01
798 2271 0.01
798 2425 0.2
798 2534 0.01
798 2553 0.05
798 2747 0.2
798 2874 0.01
798 2875 0.2
798 2876 0.2
798 2877 0.2
798 2878 0.05
798 2879 0.05
798 2880 0.05
798 2881 0.2
798 2882 0.2
798 2883 0.2
798 2884 0.2
798 2885 0.2
798 2886 0.05
798 2887 0.05
798 2888 0.2
798 2889 0.2
798 2890 0.01
798 2891 0.01
798 2892 0.2
798 2893 0.2
802 388 0.01
802 501 0.01
802 958 0.2
802 1370 0.2
802 1568 0.05
802 1704 0.2
802 1891 0.01
802 2035 0.2
802 2037 0.01
802 2223 0.05
802 2670 0.05
802 2901 0.2
802 2902 0.01
802 2903 0.05
802 2904 0.2
802 2905 0.01
802 2906 0.2
802 2907 0.2
802 2908 0.05
802 2909 0.2
802 2910 0.2
802 2911 0.01
802 2912 0.2
802 2913 0.01
804 805 0.2
806 32 0.2
806 505 0.05
806 525 0.2
806 807 0.05
806 808 0.01
806 809 0.05
806 810 0.01
806 811 0.2
806 812 0.05
806 813 0.05
807 775 0.05
807 1594 0.01
807 1641 0.05
807 1697 0.01
807 1961 0.05
807 2661 0.05
807 2826 0.05
807 2894 0.01
807 2895 0.01
809 94 0.2
809 95 0.01
809 355 0.2
809 704 0.01
809 707 0.05
809 750 0.05
809 836 0.05
809 837 0.01
809 1211 0.05
809 1558 0.05
810 527 0.2
810 698 0.2
810 961 0.05
810 1557 0.01
810 1767 0.01
810 2896 0.2
810 2897 0.05
810 2898 0.05
810 2899 0.2
810 2900 0.01
812 2000 0.2
815 764 0.05
815 3056 0.05
817 751 0.01
817 1126 0.2
817 1656 0.2
817 2482 0.2
817 2717 0.05
817 2847 0.05
817 2914 0.05
817 2915 0.05
817 2916 0.01
817 2917 0.01
819 95 0.05
819 728 0.2
819 1048 0.2
819 2465 0.05
819 2902 0.05
819 2918 0.05
819 2919 0.2
819 2920 0.2
819 2921 0.2
819 2922 0.01
821 176 0.2
821 351 0.01
821 530 0.01
821 531 0.01
821 708 0.2
821 822 0.05
821 823 0.2
821 824 0.01
821 825 0.05
821 826 0.2
822 1219 0.01
822 1735 0.05
822 2440 0.2
822 2923 0.01
822 2924 0.05
822 2925 0.2
822 2926 0.05
822 2927 0.05
822 2928 0.2
822 2929 0.01
824 92 0.2
824 351 0.05
824 352 0.2
824 356 0.2
824 531 0.01
824 750 0.01
824 1042 0.01
824 1365 0.2
824 2482 0.05
824 2930 0.01
825 1494 0.01
825 1576 0.2
825 2931 0.01
825 2932 0.05
825 2933 0.01
825 2934 0.05
825 2935 0.01
825 2936 0.01
825 2937 0.05
825 2938 0.2
827 161 0.01
827 188 0.01
827 828 0.01
827 829 0.01
827 830 0.2
827 831 0.05
827 832 0.01
827 833 0.05
827 834 0.01
827 835 0.2
828 2221 0.2
828 2424 0.01
828 2864 0.01
828 2943 0.2
828 2944 0.01
828 2945 0.01
828 2946 0.05
828 2947 0.01
828 2948 0.2
828 2949 0.2
829 61 0.2
829 307 0.05
829 1811 0.05
829 1915 0.2
829 1949 0.05
829 1960 0.05
829 2280 0.05
829 2950 0.2
829 2951 0.01
829 2952 0.2
830 516 0.2
830 857 0.01
830 1386 0.05
830 2053 0.05
830 2183 0.01
830 2450 0.01
830 2939 0.2
830 2940 0.2
830 2941 0.05
830 2942 0.05
837 88 0.05
837 90 0.2
837 387 0.05
837 707 0.01
837 750 0.2
837 751 0.01
837 752 0.05
837 1211 0.2
837 1309 0.05
837 1365 0.01
838 839 0.05
838 840 0.2
838 841 0.05
838 842 0.2
838 843 0.05
838 844 0.2
838 845 0.05
838 846 0.01
838 847 0.05
838 848 0.05
843 97 0.05
843 1085 0.05
843 1932 0.05
843 2726 0.05
843 2953 0.01
843 2954 0.01
843 2955 0.05
843 2956 0.01
843 2957 0.01
843 2958 0.01
846 78 0.2
846 354 0.01
846 355 0.05
846 703 0.05
846 707 0.01
846 825 0.01
846 836 0.2
846 1211 0.05
846 1493 0.2
846 1558 0.2
849 268 0.05
849 428 0.01
849 705 0.05
849 1129 0.2
849 1973 0.05
849 2168 0.2
849 2959 0.01
849 2960 0.05
849 2961 0.05
849 2962 0.01
853 92 0.05
853 94 0.01
853 356 0.2
853 533 0.05
853 704 0.01
853 750 0.2
853 751 0.05
853 1042 0.05
853 1556 0.2
853 1558 0.2
857 858 0.01
857 859 0.2
857 860 0.01
857 861 0.05
857 862 0.2
857 863 0.05
857 864 0.2
857 865 0.2
857 866 0.01
857 867 0.2
861 103 0.01
861 1430 0.05
861 1431 0.05
861 1681 0.01
861 1735 0.01
861 2487 0.01
861 2636 0.2
861 2971 0.05
861 2972 0.2
861 2973 0.05
868 58 0.2
868 73 0.2
868 286 0.2
868 628 0.05
868 633 0.05
868 869 0.2
868 870 0.01
868 871 0.05
868 872 0.05
868 873 0.01
870 2974 0.01
874 40 0.05
874 126 0.01
874 195 0.05
874 716 0.2
874 875 0.2
874 876 0.2
874 877 0.05
874 878 0.2
874 879 0.2
874 880 0.05
878 200 0.2
878 795 0.05
878 803 0.01
878 1568 0.05
878 2124 0.01
878 2423 0.2
878 2721 0.05
878 2875 0.01
878 2883 0.2
878 2969 0.05
879 40 0.05
879 173 0.05
879 880 0.01
879 1544 0.05
879 2505 0.01
879 2975 0.2
879 2976 0.01
879 2977 0.01
879 2978 0.05
880 79 0.2
880 93 0.01
880 150 0.01
880 825 0.2
880 1074 0.05
880 1238 0.2
880 1564 0.05
880 1705 0.05
880 2717 0.2
880 2979 0.2
881 791 0.05
881 794 0.05
881 795 0.01
881 882 0.05
881 883 0.01
881 884 0.05
881 885 0.2
881 886 0.2
881 887 0.05
881 888 0.2
885 161 0.05
885 291 0.01
885 294 0.05
885 1063 0.05
885 1064 0.05
885 1065 0.2
885 1066 0.01
885 1067 0.05
885 1068 0.2
885 1069 0.2
885 1070 0.2
885 1071 0.05
886 1151 0.2
886 1152 0.2
889 450 0.05
889 601 0.05
889 639 0.05
889 890 0.01
889 891 0.01
889 892 0.2
889 893 0.01
889 894 0.2
889 895 0.01
889 896 0.05
896 2332 0.05
897 188 0.2
897 295 0.2
897 482 0.01
897 898 0.05
897 899 0.2
897 900 0.01
897 901 0.05
897 902 0.05
897 903 0.01
897 904 0.05
903 21 0.01
903 863 0.01
903 1464 0.01
903 2398 0.05
903 2636 0.2
903 2992 0.05
903 2993 0.05
903 2994 0.05
903 2995 0.2
903 2996 0.01
905 50 0.2
905 906 0.2
905 907 0.01
905 908 0.05
905 909 0.2
905 910 0.05
905 911 0.05
905 912 0.05
905 913 0.01
905 914 0.01
907 51 0.2
907 354 0.01
907 356 0.05
907 531 0.2
907 532 0.01
907 564 0.01
907 706 0.05
907 708 0.2
907 826 0.2
907 1074 0.2
908 1173 0.05
908 1876 0.01
908 1877 0.01
908 1878 0.2
908 1879 0.2
908 1880 0.05
908 1881 0.01
908 1882 0.01
908 1883 0.2
908 1884 0.05
909 910 0.05
909 2863 0.05
910 150 0.2
910 930 0.2
910 1829 0.05
910 2304 0.05
910 2735 0.05
910 2736 0.2
910 2863 0.05
910 2986 0.01
910 2987 0.2
910 2988 0.05
912 36 0.01
912 691 0.05
912 767 0.05
912 999 0.01
912 1437 0.01
912 1975 0.05
912 2980 0.01
912 2989 0.2
912 2990 0.01
912 2991 0.01
913 2778 0.2
913 3149 0.05
915 692 0.2
915 770 0.01
915 916 0.2
915 917 0.05
915 918 0.2
915 919 0.05
915 920 0.01
915 921 0.05
915 922 0.2
915 923 0.2
916 130 0.01
916 208 0.05
916 784 0.05
916 881 0.2
916 1516 0.05
916 3005 0.05
916 3006 0.05
916 3007 0.2
916 3008 0.2
916 3009 0.05
919 294 0.2
919 768 0.05
919 1065 0.01
919 1205 0.05
919 1357 0.05
919 2309 0.05
919 2510 0.2
919 2514 0.2
919 2997 0.01
920 51 0.2
920 79 0.05
920 150 0.01
920 534 0.01
920 565 0.2
920 751 0.05
920 823 0.2
920 1042 0.2
920 1074 0.01
920 1309 0.05
922 893 0.01
922 3073 0.01
922 5980 0.05
922 5981 0.2
922 5982 0.01
923 2430 0.2
923 3109 0.05
923 4522 0.2
923 4523 0.2
924 129 0.05
924 925 0.05
924 926 0.2
924 927 0.2
924 928 0.05
924 929 0.05
924 930 0.05
924 931 0.2
924 932 0.01
925 36 0.2
925 1105 0.01
925 2652 0.2
925 2998 0.01
925 2999 0.01
925 3000 0.2
925 3001 0.2
925 3002 0.01
925 3003 0.05
925 3004 0.01
933 773 0.05
933 783 0.05
933 905 0.01
933 934 0.2
933 935 0.2
933 936 0.01
933 937 0.2
933 938 0.01
933 939 0.2
933 940 0.2
937 96 0.2
937 245 0.01
937 888 0.01
937 1517 0.05
937 2966 0.05
937 3010 0.2
937 3011 0.01
937 3012 0.05
937 3013 0.05
937 3014 0.05
940 530 0.2
940 534 0.01
940 564 0.2
940 706 0.01
940 708 0.2
940 823 0.01
940 824 0.05
940 825 0.01
940 1074 0.01
940 1556 0.2
941 237 0.01
941 606 0.2
941 942 0.2
941 943 0.2
941 944 0.05
941 945 0.01
941 946 0.05
941 947 0.01
941 948 0.01
941 949 0.05
945 88 0.05
945 91 0.05
945 96 0.2
945 176 0.2
945 350 0.01
945 387 0.05
945 752 0.01
945 837 0.05
945 1126 0.05
945 1365 0.05
947 379 0.01
947 1527 0.01
947 1729 0.01
947 2353 0.05
947 2896 0.2
947 2944 0.01
947 3007 0.05
947 3015 0.01
947 3016 0.05
947 3017 0.05
948 50 0.2
948 239 0.2
948 1392 0.01
948 2783 0.2
948 3018 0.2
948 3019 0.05
948 3020 0.2
948 3021 0.01
948 3022 0.01
948 3023 0.05
949 39 0.2
949 898 0.05
949 2834 0.01
949 3663 0.2
949 3892 0.05
949 4035 0.2
949 4527 0.2
949 4528 0.2
949 4529 0.01
949 4530 0.01
950 517 0.01
950 951 0.2
950 952 0.01
950 953 0.2
950 954 0.2
950 955 0.01
950 956 0.05
950 957 0.05
950 958 0.01
950 959 0.2
952 51 0.2
952 91 0.2
952 96 0.05
952 176 0.2
952 350 0.01
952 530 0.01
952 703 0.2
952 751 0.05
952 752 0.05
952 1074 0.05
953 79 0.01
953 150 0.01
953 530 0.01
953 531 0.05
953 563 0.01
953 565 0.01
953 679 0.05
953 704 0.2
953 1558 0.01
953 2144 0.05
954 78 0.01
954 90 0.05
954 91 0.2
954 351 0.05
954 352 0.01
954 353 0.05
954 563 0.2
954 708 0.05
954 751 0.2
954 1041 0.01
955 3024 0.01
956 351 0.01
956 355 0.01
956 530 0.05
956 534 0.05
956 564 0.2
956 705 0.05
956 822 0.2
956 825 0.01
956 1389 0.01
956 1397 0.2
961 1132 0.2
961 1322 0.01
961 1455 0.05
961 1520 0.01
961 2079 0.01
961 2774 0.2
961 2843 0.01
961 3025 0.01
961 3026 0.01
961 3027 0.01
963 717 0.05
963 2382 0.01
963 2768 0.2
963 3028 0.2
963 3029 0.2
963 3030 0.01
963 3031 0.01
963 3032 0.05
963 3033 0.05
963 3034 0.01
964 270 0.05
964 405 0.05
964 962 0.05
964 1458 0.05
964 1611 0.05
964 1625 0.2
964 1866 0.01
964 3035 0.01
964 3036 0.05
964 3037 0.05
965 838 0.2
965 966 0.2
965 967 0.05
965 968 0.01
965 969 0.2
965 970 0.2
965 971 0.05
965 972 0.05
965 973 0.05
965 974 0.05
969 410 0.01
969 524 0.05
969 811 0.05
969 1036 0.05
969 1380 0.05
969 1803 0.01
969 2884 0.01
969 3038 0.01
969 3039 0.2
969 3040 0.05
972 2278 0.05
972 2545 0.05
972 3041 0.2
972 3042 0.2
972 3043 0.2
972 3044 0.2
972 3045 0.2
972 3046 0.2
972 3047 0.05
972 3048 0.2
973 1800 0.05
973 2571 0.2
973 2636 0.05
973 2731 0.05
973 3049 0.2
973 3050 0.2
973 3051 0.01
973 3052 0.2
973 3053 0.05
973 3054 0.2
975 976 0.2
975 977 0.2
975 978 0.01
975 979 0.05
975 980 0.05
975 981 0.2
975 982 0.01
975 983 0.05
975 984 0.01
976 1677 0.05
976 2354 0.01
976 3077 0.05
976 3284 0.01
976 3285 0.05
977 89 0.2
977 91 0.01
977 276 0.2
977 355 0.01
977 387 0.05
977 750 0.01
977 752 0.2
977 753 0.2
977 836 0.01
977 3055 0.2
985 661 0.05
985 662 0.2
985 832 0.05
985 986 0.2
985 987 0.05
985 988 0.01
985 989 0.01
985 990 0.05
985 991 0.2
985 992 0.01
986 54 0.2
986 259 0.01
986 1675 0.05
986 2006 0.05
986 3064 0.05
986 3065 0.01
986 3066 0.2
986 3067 0.2
986 3068 0.2
986 3069 0.01
988 96 0.05
988 350 0.05
988 351 0.2
988 679 0.2
988 704 0.05
988 751 0.05
988 837 0.01
988 1493 0.05
988 1556 0.2
988 1557 0.01
990 174 0.05
990 206 0.05
990 688 0.01
990 1715 0.01
990 1753 0.01
990 1857 0.05
990 2718 0.2
990 3057 0.05
990 3058 0.2
990 3059 0.05
991 528 0.01
991 693 0.05
991 1308 0.01
991 1858 0.01
991 2359 0.05
991 2969 0.05
991 3060 0.2
991 3061 0.05
991 3062 0.2
991 3063 0.2
992 51 0.05
992 265 0.01
992 269 0.01
992 530 0.01
992 707 0.01
992 1524 0.2
992 2303 0.05
992 3070 0.2
992 3071 0.01
992 3072 0.05
993 405 0.05
993 994 0.01
993 995 0.01
993 996 0.05
993 997 0.2
993 998 0.2
993 999 0.2
993 1000 0.01
993 1001 0.01
993 1002 0.05
995 639 0.2
995 1575 0.2
995 2266 0.2
995 3073 0.01
995 3074 0.05
995 3075 0.05
995 3076 0.01
995 3077 0.2
995 3078 0.05
995 3079 0.05
999 220 0.01
999 816 0.01
999 937 0.05
999 1017 0.05
999 1661 0.01
999 1729 0.2
999 1890 0.01
999 3080 0.01
999 3081 0.05
999 3082 0.05
1001 661 0.05
1001 683 0.2
1001 920 0.01
1001 1123 0.01
1001 1253 0.2
1001 1930 0.01
1001 2978 0.2
1001 3083 0.01
1001 3084 0.01
1001 3085 0.01
1002 150 0.05
1002 226 0.01
1002 351 0.05
1002 354 0.01
1002 706 0.05
1002 708 0.01
1002 823 0.2
1002 1126 0.01
1002 1493 0.05
1002 1556 0.05
1003 7 0.2
1003 165 0.01
1003 328 0.05
1003 727 0.05
1003 1004 0.05
1003 1005 0.2
1003 1006 0.2
1003 1007 0.05
1003 1008 0.2
1009 448 0.01
1009 779 0.01
1009 841 0.2
1009 1010 0.01
1009 1011 0.01
1009 1012 0.01
1009 1013 0.2
1009 1014 0.01
1009 1015 0.2
1009 1016 0.05
1010 695 0.2
1010 834 0.05
1010 1138 0.2
1010 2592 0.01
1010 3086 0.05
1010 3087 0.01
1010 3088 0.01
1010 3089 0.05
1010 3090 0.05
1010 3091 0.2
1012 753 0.01
1014 51 0.2
1014 530 0.05
1014 707 0.01
1014 822 0.05
1014 1126 0.2
1014 1389 0.01
1014 1524 0.01
1014 3070 0.01
1014 3071 0.2
1014 3092 0.01
1015 79 0.01
1015 90 0.05
1015 91 0.01
1015 349 0.05
1015 353 0.2
1015 531 0.2
1015 565 0.05
1015 708 0.05
1015 750 0.05
1015 825 0.01
1017 2183 0.05
1017 2772 0.2
1017 2966 0.01
1017 3093 0.2
1017 3094 0.05
1017 3095 0.01
1017 3096 0.01
1017 3097 0.2
1017 3098 0.2
1018 1513 0.01
1018 2113 0.2
1018 2864 0.05
1018 3064 0.2
1018 3099 0.05
1018 3100 0.2
1018 3101 0.2
1018 3102 0.01
1018 3103 0.2
1019 636 0.05
1019 1789 0.2
1019 2214 0.2
1019 2720 0.05
1019 2982 0.2
1019 3104 0.01
1019 3105 0.2
1019 3106 0.2
1019 3107 0.05
1020 310 0.05
1020 1077 0.01
1020 2308 0.2
1020 2309 0.2
1020 2572 0.2
1020 2997 0.05
1020 3014 0.05
1020 3113 0.01
1020 3114 0.01
1020 3115 0.2
1021 1191 0.2
1021 2145 0.2
1021 2206 0.01
1021 2477 0.01
1021 3116 0.01
1021 3117 0.05
1021 3118 0.01
1021 3119 0.2
1021 3120 0.01
1023 1321 0.01
1023 2044 0.01
1023 2681 0.01
1023 3405 0.05
1023 5313 0.2
1023 6108 0.05
1023 6471 0.01
1023 6472 0.01
1023 6473 0.01
1023 6474 0.01
1024 109 0.2
1024 563 0.2
1024 1365 0.2
1024 1447 0.2
1024 2822 0.2
1024 3108 0.05
1024 3109 0.01
1024 3110 0.2
1024 3111 0.05
1024 3112 0.01
1025 661 0.01
1025 1026 0.2
1025 1027 0.2
1025 1028 0.2
1025 1029 0.2
1025 1030 0.01
1025 1031 0.2
1025 1032 0.01
1025 1033 0.01
1030 1118 0.2
1031 328 0.05
1031 442 0.01
1031 2940 0.05
1031 3447 0.01
1031 3464 0.2
1031 4747 0.01
1031 4956 0.2
1031 5655 0.2
1031 5978 0.01
1031 5979 0.2
1032 1438 0.01
1032 1979 0.2
1032 2460 0.01
1032 3121 0.05
1032 3122 0.2
1032 3123 0.05
1032 3124 0.01
1032 3125 0.05
1032 3126 0.05
1033 2912 0.2
1034 1035 0.2
1034 1036 0.2
1034 1037 0.01
1034 1038 0.2
1034 1039 0.2
1038 646 0.05
1038 1432 0.2
1038 1505 0.05
1038 2109 0.05
1038 2285 0.05
1038 2815 0.05
1038 2954 0.05
1038 3127 0.2
1038 3128 0.05
1038 3129 0.01
1040 88 0.05
1040 90 0.05
1040 352 0.01
1040 354 0.01
1040 706 0.01
1040 750 0.05
1040 824 0.05
1040 836 0.01
1040 1041 0.2
1040 1042 0.05
1041 668 0.05
1041 717 0.2
1041 1525 0.2
1041 1931 0.05
1041 2008 0.2
1041 4129 0.05
1041 7112 0.05
1041 7909 0.01
1041 7910 0.05
1041 7911 0.05
1042 90 0.2
1042 95 0.2
1042 96 0.01
1042 150 0.2
1042 353 0.05
1042 531 0.05
1042 563 0.01
1042 752 0.01
1042 1126 0.2
1043 611 0.01
1043 880 0.2
1043 1044 0.2
1043 1045 0.01
1043 1046 0.05
1043 1047 0.01
1043 1048 0.05
1043 1049 0.01
1043 1050 0.01
1043 1051 0.01
1044 387 0.01
1044 402 0.2
1044 1121 0.01
1044 1777 0.01
1044 1955 0.01
1044 2707 0.05
1044 3038 0.01
1044 3130 0.01
1044 3131 0.2
1044 3132 0.01
1048 11 0.2
1048 328 0.05
1048 1836 0.05
1048 2151 0.01
1048 2719 0.05
1048 3133 0.2
1048 3134 0.05
1048 3135 0.2
1048 3136 0.01
1048 3137 0.01
1050 137 0.01
1050 1206 0.01
1050 3066 0.01
1050 3133 0.2
1050 3138 0.2
1050 3139 0.01
1050 3140 0.2
1050 3141 0.2
1050 3142 0.05
1050 3143 0.2
1052 1053 0.2
1053 1125 0.01
1053 1148 0.01
1053 2753 0.2
1053 3170 0.01
1053 3171 0.05
1053 3172 0.05
1053 3173 0.2
1053 3174 0.2
1053 3175 0.05
1053 3176 0.01
1054 785 0.01
1054 1050 0.05
1054 1055 0.05
1054 1056 0.2
1054 1057 0.05
1054 1058 0.01
1054 1059 0.01
1054 1060 0.01
1054 1061 0.05
1054 1062 0.01
1055 916 0.01
1055 2004 0.2
1055 2308 0.01
1055 2450 0.01
1055 3003 0.2
1055 3144 0.01
1055 3145 0.2
1055 3146 0.2
1055 3147 0.2
1055 3148 0.2
1059 78 0.01
1059 90 0.01
1059 93 0.05
1059 350 0.01
1059 530 0.05
1059 649 0.01
1059 751 0.05
1059 1309 0.01
1059 1389 0.2
1059 3151 0.05
1060 159 0.01
1060 480 0.2
1060 675 0.2
1060 1223 0.05
1060 2217 0.05
1060 3152 0.2
1060 3153 0.2
1060 3154 0.05
1060 3155 0.2
1060 3156 0.2
1062 51 0.05
1062 92 0.2
1062 150 0.2
1062 349 0.2
1062 534 0.01
1062 752 0.05
1062 822 0.01
1062 1236 0.05
1062 1295 0.2
1062 3150 0.01
1070 2 0.2
1070 1770 0.05
1070 2305 0.01
1070 2354 0.05
1070 2965 0.01
1070 3161 0.01
1070 3162 0.05
1070 3163 0.2
1070 3164 0.2
1071 345 0.2
1071 541 0.2
1071 1656 0.2
1071 2076 0.2
1071 2982 0.05
1071 3108 0.2
1071 3157 0.05
1071 3158 0.2
1071 3159 0.05
1071 3160 0.05
1072 93 0.01
1072 150 0.01
1072 176 0.05
1072 351 0.05
1072 352 0.2
1072 355 0.2
1072 532 0.2
1072 565 0.05
1072 1073 0.2
1072 1074 0.01
1074 79 0.01
1074 89 0.2
1074 92 0.01
1074 353 0.01
1074 533 0.2
1074 565 0.05
1074 822 0.2
1074 823 0.2
1074 824 0.2
1074 1073 0.2
1075 780 0.05
1075 1076 0.05
1075 1077 0.05
1075 1078 0.2
1075 1079 0.05
1075 1080 0.05
1075 1081 0.01
1075 1082 0.2
1075 1083 0.05
1075 1084 0.01
1077 1209 0.2
1077 1444 0.01
1077 2193 0.01
1077 2969 0.2
1077 3079 0.05
1077 3165 0.2
1077 3166 0.01
1077 3167 0.2
1077 3168 0.05
1077 3169 0.01
1078 250 0.05
1078 855 0.01
1078 1016 0.2
1078 2573 0.2
1078 2864 0.05
1078 2865 0.05
1078 3231 0.01
1085 731 0.05
1085 1056 0.01
1085 1086 0.01
1085 1087 0.01
1085 1088 0.2
1085 1089 0.05
1085 1090 0.05
1085 1091 0.01
1085 1092 0.2
1085 1093 0.05
1086 3177 0.05
1091 157 0.05
1091 737 0.05
1091 795 0.05
1091 1389 0.01
1091 1690 0.05
1091 2479 0.05
1091 3178 0.2
1091 3179 0.2
1091 3180 0.2
1091 3181 0.2
1092 707 0.05
1092 752 0.2
1092 903 0.05
1092 1524 0.05
1092 2047 0.2
1092 2101 0.05
1092 3182 0.01
1092 3183 0.2
1092 3184 0.2
1092 3185 0.2
1094 171 0.05
1094 1420 0.05
1094 2055 0.2
1094 2059 0.05
1094 2205 0.01
1094 2544 0.01
1094 3186 0.2
1094 3187 0.01
1094 3188 0.2
1094 3189 0.05
1094 3190 0.2
1094 3191 0.2
1094 3192 0.05
1094 3193 0.01
1095 259 0.05
1095 534 0.05
1095 768 0.05
1095 1044 0.05
1095 1590 0.2
1095 2353 0.05
1095 2537 0.05
1095 3178 0.05
1095 3204 0.01
1095 3205 0.2
1097 116 0.01
1097 977 0.05
1097 1271 0.05
1097 1888 0.2
1097 2580 0.2
1097 2827 0.2
1097 3194 0.05
1097 3195 0.05
1097 3196 0.05
1097 3197 0.05
1098 1275 0.05
1098 1569 0.01
1098 1931 0.2
1098 3029 0.2
1098 3198 0.05
1098 3199 0.05
1098 3200 0.05
1098 3201 0.01
1098 3202 0.05
1098 3203 0.2
1100 71 0.01
1100 300 0.05
1100 417 0.2
1100 528 0.05
1100 1283 0.05
1100 1705 0.01
1100 2985 0.05
1100 3236 0.2
1100 3237 0.05
1100 3238 0.05
1101 415 0.01
1101 970 0.01
1101 1066 0.2
1101 1102 0.2
1101 1103 0.05
1101 1104 0.05
1101 1105 0.01
1101 1106 0.2
1101 1107 0.2
1101 1108 0.01
1103 824 0.05
1103 2740 0.2
1103 3206 0.01
1103 3207 0.01
1103 3208 0.05
1105 204 0.01
1105 1126 0.05
1105 1229 0.01
1105 1520 0.05
1105 2496 0.05
1105 2536 0.05
1105 2783 0.2
1105 3209 0.05
1105 3210 0.05
1105 3211 0.01
1109 149 0.2
1109 211 0.05
1109 1110 0.01
1109 1111 0.2
1109 1112 0.01
1109 1113 0.01
1109 1114 0.2
1109 1115 0.2
1109 1116 0.01
1109 1117 0.01
1111 698 0.01
1111 744 0.2
1111 753 0.2
1111 1500 0.01
1111 3003 0.05
1111 3212 0.2
1111 3213 0.01
1111 3214 0.2
1111 3215 0.05
1111 3216 0.01
1113 1254 0.2
1113 2304 0.01
1113 2590 0.05
1113 3217 0.05
1113 3218 0.2
1113 3219 0.01
1113 3220 0.05
1113 3221 0.01
1113 3222 0.01
1113 3223 0.01
1116 1963 0.01
1116 2050 0.2
1116 2392 0.01
1116 2610 0.2
1116 2948 0.01
1116 3000 0.01
1116 3163 0.2
1116 3260 0.01
1118 410 0.01
1118 882 0.2
1118 1560 0.2
1118 1637 0.01
1118 1753 0.01
1118 2308 0.2
1118 2997 0.05
1118 3169 0.05
1118 3235 0.2
1121 1252 0.01
1121 1825 0.05
1121 2391 0.01
1121 2954 0.05
1121 3021 0.2
1121 3110 0.05
1121 3228 0.01
1121 3229 0.05
1121 3230 0.05
1122 1085 0.01
1122 1563 0.05
1122 2130 0.01
1122 2657 0.2
1122 2778 0.05
1122 3224 0.2
1122 3225 0.2
1122 3226 0.2
1122 3227 0.05
1125 148 0.01
1125 161 0.2
1125 903 0.01
1125 1044 0.05
1125 2265 0.2
1125 2288 0.01
1125 3026 0.2
1125 3232 0.01
1125 3233 0.05
1125 3234 0.05
1126 598 0.05
1126 1012 0.2
1126 1099 0.2
1126 1127 0.05
1126 1128 0.05
1126 1129 0.2
1126 1130 0.05
1126 1131 0.05
1126 1132 0.2
1126 1133 0.05
1134 284 0.05
1134 993 0.05
1134 1135 0.01
1134 1136 0.05
1134 1137 0.01
1134 1138 0.05
1134 1139 0.2
1134 1140 0.05
1134 1141 0.01
1134 1142 0.2
1135 1963 0.2
1139 76 0.01
1139 1144 0.01
1139 1357 0.01
1139 1790 0.05
1139 2691 0.2
1139 3192 0.05
1139 3239 0.2
1139 3240 0.01
1139 3241 0.2
1139 3242 0.2
1140 533 0.05
1140 564 0.01
1140 3212 0.05
1140 3243 0.2
1140 3244 0.2
1140 3245 0.01
1140 3246 0.2
1140 3247 0.2
1140 3248 0.05
1140 3249 0.05
1141 356 0.05
1141 856 0.05
1141 1480 0.05
1141 3557 0.01
1141 3656 0.2
1141 3799 0.2
1141 5079 0.2
1141 6022 0.2
1141 6417 0.01
1141 7018 0.01
1143 204 0.2
1143 562 0.05
1143 847 0.05
1143 1144 0.2
1143 1145 0.05
1143 1146 0.2
1143 1147 0.2
1143 1148 0.2
1143 1149 0.05
1143 1150 0.05
1144 150 0.05
1144 349 0.2
1144 351 0.05
1144 531 0.01
1144 563 0.05
1144 825 0.05
1144 1074 0.05
1144 1389 0.05
1144 1558 0.05
1144 1821 0.2
1147 294 0.2
1147 835 0.05
1147 1635 0.05
1147 3196 0.01
1147 3254 0.01
1147 3255 0.01
1147 3256 0.2
1147 3257 0.05
1147 3258 0.05
1147 3259 0.01
1150 277 0.01
1150 577 0.2
1150 654 0.05
1150 1036 0.2
1150 1436 0.01
1150 2582 0.01
1150 2951 0.05
1150 3250 0.2
1150 3251 0.05
1150 3252 0.05
1153 294 0.05
1153 437 0.01
1153 1154 0.05
1153 1155 0.01
1153 1156 0.2
1153 1157 0.05
1153 1158 0.01
1153 1159 0.2
1153 1160 0.2
1154 79 0.01
1154 92 0.05
1154 351 0.01
1154 352 0.2
1154 822 0.05
1154 825 0.01
1154 1042 0.2
1154 1309 0.2
1154 1365 0.01
1154 2482 0.01
1158 311 0.05
1158 1610 0.05
1158 2861 0.05
1158 3078 0.01
1158 3140 0.05
1158 3280 0.01
1158 3281 0.01
1158 3282 0.05
1158 3283 0.01
1159 567 0.2
1159 1379 0.01
1159 1380 0.2
1159 1445 0.2
1159 1448 0.05
1159 1566 0.2
1159 2379 0.2
1159 2772 0.2
1159 2978 0.2
1159 3253 0.05
1161 48 0.05
1161 1162 0.01
1161 1163 0.05
1161 1164 0.2
1161 1165 0.05
1161 1166 0.01
1167 851 0.05
1167 1168 0.2
1167 1169 0.05
1167 1170 0.01
1167 1171 0.05
1167 1172 0.05
1167 1173 0.05
1167 1174 0.01
1167 1175 0.01
1167 1176 0.05
1168 155 0.2
1168 1775 0.2
1168 2999 0.2
1168 3261 0.05
1168 3262 0.05
1168 3263 0.2
1168 3264 0.01
1168 3265 0.05
1168 3266 0.01
1168 3267 0.2
1171 1525 0.01
1172 3399 0.01
1172 3400 0.01
1174 221 0.2
1174 355 0.01
1174 409 0.2
1174 492 0.05
1174 718 0.05
1174 2265 0.01
1174 3268 0.05
1174 3269 0.01
1174 3270 0.2
1174 3271 0.05
1175 1421 0.01
1175 3080 0.2
1175 3272 0.2
1175 3273 0.05
1175 3274 0.2
1175 3275 0.01
1175 3276 0.01
1175 3277 0.05
1175 3278 0.01
1175 3279 0.05
1177 1178 0.01
1179 1180 0.01
1181 796 0.05
1181 1154 0.05
1181 1182 0.01
1181 1183 0.05
1181 1184 0.01
1181 1185 0.2
1181 1186 0.2
1181 1187 0.05
1181 1188 0.2
1181 1189 0.05
1190 32 0.05
1190 1191 0.05
1190 1192 0.05
1190 1193 0.2
1190 1194 0.05
1190 1195 0.05
1190 1196 0.2
1190 1197 0.01
1190 1198 0.2
1190 1199 0.01
1198 999 0.05
1198 2369 0.05
1198 5904 0.2
1198 5905 0.05
1199 2220 0.2
1200 958 0.2
1200 1201 0.2
1200 1202 0.01
1200 1203 0.2
1200 1204 0.01
1200 1205 0.01
1200 1206 0.01
1200 1207 0.2
1200 1208 0.01
1200 1209 0.05
1205 1775 0.2
1205 2592 0.2
1205 2596 0.05
1205 2836 0.05
1205 3159 0.01
1205 3286 0.05
1205 3287 0.05
1205 3288 0.2
1205 3289 0.2
1205 3290 0.05
1207 121 0.05
1207 509 0.01
1207 850 0.2
1207 2830 0.05
1207 3152 0.05
1207 3291 0.05
1207 3292 0.2
1207 3293 0.2
1207 3294 0.05
1207 3295 0.2
1210 95 0.2
1210 356 0.01
1210 704 0.05
1210 706 0.01
1210 750 0.01
1210 752 0.2
1210 836 0.2
1210 1211 0.2
1210 1212 0.01
1210 1213 0.01
1213 97 0.05
1213 843 0.05
1213 1157 0.01
1213 1378 0.05
1213 1576 0.2
1213 1780 0.05
1213 2852 0.01
1213 2953 0.2
1213 2958 0.2
1213 3296 0.05
1214 66 0.01
1214 737 0.01
1214 896 0.01
1214 1215 0.2
1214 1216 0.2
1214 1217 0.2
1214 1218 0.2
1214 1219 0.05
1214 1220 0.05
1214 1221 0.05
1216 3448 0.01
1218 212 0.01
1218 274 0.01
1218 1660 0.2
1218 3313 0.2
1218 3314 0.05
1218 3315 0.01
1218 3316 0.05
1218 3317 0.2
1218 3318 0.2
1218 3319 0.01
1219 89 0.01
1219 92 0.05
1219 563 0.05
1219 823 0.2
1219 837 0.2
1219 3297 0.2
1219 3298 0.05
1219 3299 0.2
1219 3300 0.2
1219 3301 0.05
1222 428 0.2
1222 639 0.05
1222 894 0.2
1222 896 0.05
1222 1223 0.2
1224 671 0.2
1224 1225 0.2
1224 1226 0.05
1224 1227 0.05
1224 1228 0.01
1224 1229 0.05
1224 1230 0.2
1224 1231 0.05
1224 1232 0.2
1224 1233 0.2
1228 157 0.01
1229 453 0.2
1229 1339 0.05
1229 2975 0.2
1229 3302 0.2
1229 3303 0.01
1230 89 0.05
1230 727 0.01
1230 1524 0.2
1230 3304 0.2
1230 3305 0.05
1231 90 0.2
1231 533 0.01
1231 750 0.05
1231 1042 0.05
1231 1427 0.2
1231 1803 0.05
1231 1916 0.01
1231 3306 0.01
1231 3307 0.01
1231 3308 0.01
1232 1855 0.2
1232 3309 0.05
1232 3310 0.2
1232 3311 0.01
1232 3312 0.05
1233 150 0.05
1233 349 0.01
1233 356 0.01
1233 649 0.2
1233 706 0.05
1233 708 0.01
1233 822 0.01
1233 825 0.2
1233 1041 0.05
1233 1126 0.2
1234 150 0.05
1234 532 0.01
1234 707 0.2
1234 751 0.05
1234 1235 0.01
1234 1236 0.2
1234 1237 0.05
1234 1238 0.01
1234 1239 0.2
1234 1240 0.2
1240 3170 0.05
1241 774 0.2
1241 1242 0.2
1241 1243 0.05
1241 1244 0.2
1241 1245 0.01
1241 1246 0.01
1241 1247 0.2
1241 1248 0.01
1241 1249 0.2
1241 1250 0.05
1243 405 0.01
1243 476 0.05
1243 815 0.05
1243 1002 0.01
1243 2276 0.01
1243 2793 0.05
1243 3324 0.05
1243 3325 0.05
1243 3326 0.2
1243 3327 0.01
1248 456 0.05
1248 1962 0.2
1248 2647 0.01
1248 2977 0.01
1248 3320 0.05
1248 3321 0.05
1248 3322 0.01
1248 3323 0.2
1249 661 0.05
1249 662 0.01
1249 988 0.2
1249 991 0.05
1249 1223 0.01
1249 2172 0.05
1249 2303 0.01
1249 3340 0.01
1249 3341 0.2
1249 3342 0.01
1250 3343 0.2
1251 654 0.05
1251 686 0.01
1251 832 0.01
1251 1146 0.05
1251 1252 0.01
1251 1253 0.05
1251 1254 0.2
1251 1255 0.2
1251 1256 0.01
1251 1257 0.2
1252 150 0.01
1252 176 0.2
1252 226 0.2
1252 354 0.01
1252 563 0.01
1252 649 0.2
1252 822 0.01
1252 1074 0.01
1252 1389 0.05
1252 1558 0.05
1253 888 0.2
1253 2342 0.2
1253 2873 0.2
1253 3328 0.05
1253 3329 0.01
1253 3330 0.01
1253 3331 0.2
1253 3332 0.01
1253 3333 0.05
1253 3334 0.05
1254 72 0.05
1254 209 0.2
1254 407 0.2
1254 774 0.05
1254 1364 0.2
1254 2291 0.05
1254 2359 0.01
1254 3344 0.05
1254 3345 0.2
1256 168 0.05
1256 208 0.2
1256 482 0.05
1256 2217 0.2
1256 3335 0.01
1256 3336 0.2
1256 3337 0.01
1256 3338 0.05
1256 3339 0.01
1257 1256 0.2
1257 3358 0.2
1257 3359 0.05
1257 3360 0.01
1257 3361 0.05
1258 927 0.2
1258 1010 0.05
1258 1259 0.05
1258 1260 0.05
1258 1261 0.05
1258 1262 0.2
1258 1263 0.01
1258 1264 0.2
1258 1265 0.2
1258 1266 0.01
1261 77 0.05
1261 161 0.05
1261 288 0.2
1261 2471 0.2
1261 2473 0.2
1261 3194 0.05
1261 3346 0.01
1261 3347 0.01
1261 3348 0.05
1262 3349 0.2
1263 109 0.2
1263 524 0.05
1263 923 0.2
1263 1824 0.05
1263 2968 0.01
1263 3133 0.2
1263 3479 0.05
1263 4049 0.2
1263 5468 0.2
1263 5755 0.2
1264 88 0.2
1264 90 0.2
1264 95 0.01
1264 387 0.05
1264 707 0.01
1264 751 0.2
1264 752 0.01
1264 753 0.01
1264 1211 0.01
1264 1309 0.2
1266 476 0.01
1266 776 0.01
1266 996 0.05
1266 998 0.01
1266 2547 0.05
1266 5717 0.2
1266 7633 0.05
1266 7634 0.05
1266 7635 0.2
1266 7636 0.05
1267 706 0.2
1267 1268 0.2
1267 1269 0.05
1267 1270 0.01
1267 1271 0.01
1267 1272 0.05
1267 1273 0.05
1267 1274 0.05
1267 1275 0.2
1267 1276 0.01
1274 2 0.01
1274 2034 0.05
1274 2354 0.05
1274 2495 0.01
1274 2852 0.01
1274 3350 0.2
1274 3351 0.05
1274 3352 0.01
1274 3353 0.01
1274 3354 0.2
1275 88 0.2
1275 90 0.01
1275 565 0.2
1275 703 0.2
1275 750 0.05
1275 822 0.01
1275 823 0.05
1275 837 0.2
1275 1074 0.05
1275 3366 0.2
1276 842 0.05
1276 1112 0.01
1276 1357 0.2
1276 1358 0.05
1276 1359 0.2
1276 1360 0.05
1276 1361 0.01
1276 1362 0.05
1276 1363 0.05
1277 421 0.05
1277 929 0.01
1277 1186 0.01
1277 1278 0.2
1277 1279 0.2
1277 1280 0.01
1277 1281 0.2
1277 1282 0.05
1277 1283 0.05
1277 1284 0.05
1278 578 0.2
1278 961 0.05
1278 2197 0.2
1278 3517 0.05
1278 4188 0.01
1278 4720 0.05
1278 7861 0.2
1278 8084 0.05
1278 8085 0.05
1278 8086 0.05
1280 495 0.01
1280 767 0.2
1280 998 0.2
1280 1710 0.05
1280 2780 0.01
1280 3166 0.2
1280 3355 0.05
1280 3356 0.2
1280 3357 0.2
1282 1964 0.05
1282 3364 0.2
1282 3616 0.2
1282 3617 0.01
1282 3618 0.05
1284 1887 0.01
1284 2034 0.2
1284 2361 0.05
1284 2767 0.05
1284 2951 0.05
1284 2978 0.2
1284 3362 0.01
1284 3363 0.2
1284 3364 0.05
1284 3365 0.2
1285 270 0.2
1285 1286 0.05
1285 1287 0.01
1285 1288 0.2
1285 1289 0.05
1285 1290 0.05
1285 1291 0.2
1285 1292 0.2
1285 1293 0.01
1285 1294 0.05
1290 546 0.01
1290 684 0.01
1290 718 0.2
1290 1020 0.05
1290 2596 0.05
1290 2866 0.01
1290 3275 0.2
1290 3332 0.05
1290 3376 0.2
1290 3377 0.2
1291 125 0.2
1291 257 0.05
1291 915 0.05
1291 1290 0.01
1291 1707 0.2
1291 1950 0.05
1291 2973 0.05
1291 3367 0.01
1291 3368 0.01
1291 3369 0.01
1297 1298 0.05
1297 1299 0.2
1297 1300 0.01
1297 1301 0.2
1297 1302 0.2
1297 1303 0.05
1297 1304 0.01
1297 1305 0.05
1297 1306 0.2
1297 1307 0.2
1298 176 0.05
1298 349 0.2
1298 353 0.05
1298 706 0.01
1298 822 0.01
1298 823 0.2
1298 1126 0.01
1298 1389 0.05
1298 1558 0.05
1298 3378 0.2
1301 481 0.05
1301 911 0.01
1301 1302 0.2
1301 1749 0.2
1301 1750 0.2
1301 1751 0.2
1301 1752 0.01
1301 1753 0.01
1301 1754 0.2
1301 1755 0.01
1302 237 0.01
1302 256 0.01
1302 1300 0.05
1302 3003 0.01
1302 3370 0.01
1302 3371 0.01
1302 3372 0.01
1302 3373 0.01
1302 3374 0.2
1302 3375 0.01
1305 52 0.2
1305 486 0.01
1305 1359 0.2
1305 3364 0.2
1305 3409 0.01
1305 3410 0.05
1305 3411 0.01
1305 3412 0.01
1305 3413 0.05
1305 3414 0.2
1306 358 0.01
1306 768 0.2
1306 807 0.01
1306 1858 0.01
1306 3384 0.01
1306 3385 0.05
1306 3386 0.05
1306 3387 0.01
1306 3388 0.01
1306 3389 0.01
1308 78 0.05
1308 88 0.2
1308 93 0.05
1308 350 0.2
1308 387 0.05
1308 649 0.2
1308 751 0.2
1308 836 0.05
1308 1073 0.05
1308 1309 0.05
1309 88 0.2
1309 89 0.05
1309 96 0.01
1309 703 0.2
1309 704 0.01
1309 706 0.01
1309 825 0.05
1309 1365 0.05
1310 262 0.05
1310 264 0.05
1310 323 0.01
1310 375 0.05
1310 810 0.05
1310 1311 0.2
1310 1312 0.05
1310 1313 0.01
1310 1314 0.05
1310 1315 0.01
1312 1046 0.05
1312 1068 0.05
1312 2209 0.2
1312 2532 0.05
1312 2983 0.01
1312 3379 0.05
1312 3380 0.05
1312 3381 0.2
1312 3382 0.2
1312 3383 0.2
1313 454 0.2
1313 556 0.05
1313 1597 0.01
1313 1717 0.05
1313 1718 0.2
1313 2978 0.01
1313 3203 0.2
1313 3995 0.05
1313 4492 0.2
1313 7191 0.01
1316 138 0.01
1316 415 0.2
1316 799 0.01
1316 1317 0.2
1316 1318 0.2
1316 1319 0.01
1316 1320 0.01
1316 1321 0.2
1316 1322 0.2
1316 1323 0.2
1318 42 0.05
1318 66 0.01
1318 614 0.01
1318 1217 0.01
1318 1219 0.2
1318 2389 0.01
1318 3390 0.2
1318 3391 0.01
1318 3392 0.2
1318 3393 0.2
1321 206 0.05
1321 713 0.01
1321 1120 0.2
1321 1383 0.05
1321 1384 0.01
1321 1385 0.2
1321 1386 0.05
1321 1387 0.01
1321 1388 0.05
1323 415 0.05
1323 642 0.01
1323 844 0.01
1323 1029 0.2
1323 2370 0.01
1323 2447 0.2
1323 3428 0.05
1323 3429 0.2
1323 3430 0.01
1323 3431 0.01
1324 560 0.05
1324 570 0.2
1324 1325 0.05
1324 1326 0.01
1324 1327 0.05
1324 1328 0.01
1324 1329 0.05
1324 1330 0.05
1324 1331 0.01
1325 892 0.2
1325 1393 0.01
1325 2885 0.2
1325 3637 0.2
1325 3936 0.05
1325 5504 0.01
1325 6132 0.01
1325 7268 0.01
1325 7269 0.2
1325 7270 0.05
1326 2009 0.2
1326 2099 0.05
1326 2217 0.01
1326 2874 0.2
1326 3957 0.2
1326 4389 0.01
1326 5448 0.01
1326 5981 0.05
1326 6385 0.01
1326 7516 0.01
1329 3221 0.05
1330 774 0.05
1330 1053 0.01
1330 1239 0.2
1330 1752 0.01
1330 2789 0.01
1330 3404 0.2
1330 3405 0.2
1330 3406 0.2
1330 3407 0.01
1330 3408 0.05
1332 776 0.01
1332 1144 0.05
1332 1333 0.01
1332 1334 0.2
1332 1335 0.01
1332 1336 0.05
1332 1337 0.05
1332 1338 0.05
1332 1339 0.2
1332 1340 0.05
1333 106 0.2
1333 707 0.01
1333 752 0.05
1333 1035 0.01
1333 2182 0.05
1333 3394 0.01
1333 3395 0.2
1333 3396 0.2
1333 3397 0.05
1333 3398 0.05
1334 161 0.05
1334 868 0.2
1334 1594 0.2
1334 2071 0.01
1334 2528 0.01
1334 2750 0.01
1334 3011 0.01
1334 3401 0.01
1334 3402 0.2
1334 3403 0.2
1335 354 0.2
1335 826 0.01
1335 1070 0.01
1335 1333 0.01
1335 2308 0.01
1335 3415 0.05
1335 3416 0.05
1335 3417 0.01
1335 3418 0.2
1335 3419 0.05
1341 166 0.01
1341 579 0.01
1341 1218 0.01
1341 1342 0.01
1341 1343 0.01
1341 1344 0.2
1341 1345 0.2
1341 1346 0.05
1341 1347 0.01
1341 1348 0.05
1345 541 0.01
1345 1685 0.2
1345 2315 0.05
1345 2661 0.05
1345 3432 0.05
1345 3433 0.01
1345 3434 0.01
1345 3435 0.01
1345 3436 0.01
1345 3437 0.01
1349 223 0.01
1349 937 0.2
1349 1350 0.05
1349 1351 0.2
1349 1352 0.05
1349 1353 0.01
1349 1354 0.05
1349 1355 0.2
1349 1356 0.01
1356 175 0.2
1356 589 0.2
1356 2214 0.01
1356 3088 0.2
1356 3107 0.01
1356 3158 0.05
1356 3420 0.05
1356 3421 0.01
1357 150 0.2
1357 351 0.05
1357 1569 0.05
1357 3214 0.2
1357 3422 0.01
1357 3423 0.01
1357 3424 0.01
1357 3425 0.01
1357 3426 0.2
1357 3427 0.05
1364 88 0.2
1364 354 0.05
1364 387 0.2
1364 531 0.05
1364 706 0.01
1364 752 0.2
1364 825 0.05
1364 826 0.2
1364 1073 0.05
1364 1365 0.01
1365 90 0.01
1365 350 0.2
1365 534 0.05
1365 565 0.2
1365 703 0.05
1365 705 0.05
1365 825 0.01
1365 836 0.05
1365 1042 0.01
1365 1558 0.01
1366 292 0.01
1366 536 0.2
1366 625 0.01
1366 1367 0.05
1366 1368 0.05
1366 1369 0.05
1366 1370 0.05
1366 1371 0.2
1366 1372 0.2
1366 1373 0.05
1369 433 0.01
1369 456 0.01
1369 601 0.05
1369 1837 0.2
1369 2781 0.05
1369 2992 0.2
1369 3192 0.2
1369 3438 0.2
1369 3439 0.05
1369 3440 0.05
1372 3441 0.2
1374 538 0.2
1374 805 0.2
1374 1375 0.05
1374 1376 0.01
1374 1377 0.2
1374 1378 0.2
1374 1379 0.01
1374 1380 0.2
1374 1381 0.01
1374 1382 0.01
1375 610 0.01
1375 1458 0.01
1375 1664 0.01
1375 1989 0.05
1375 3084 0.2
1375 3454 0.05
1375 3455 0.01
1375 3456 0.01
1375 3457 0.05
1375 3458 0.05
1381 123 0.2
1381 574 0.2
1381 1638 0.2
1381 1639 0.01
1381 1640 0.01
1381 1641 0.05
1381 1642 0.05
1381 1643 0.2
1381 1644 0.05
1381 1645 0.05
1382 637 0.01
1382 1485 0.01
1382 1486 0.05
1382 1659 0.01
1382 2054 0.2
1382 2190 0.01
1382 2365 0.2
1382 2379 0.01
1382 2736 0.05
1382 3469 0.01
1382 3470 0.01
1382 3471 0.2
1382 3472 0.05
1382 3473 0.05
1383 5781 0.05
1384 51 0.2
1384 176 0.2
1384 349 0.05
1384 356 0.2
1384 563 0.2
1384 704 0.2
1384 705 0.01
1384 706 0.2
1384 1041 0.05
1384 1074 0.2
1385 56 0.2
1385 280 0.2
1385 2437 0.01
1385 3064 0.01
1385 3442 0.01
1385 3443 0.2
1385 3444 0.05
1385 3445 0.2
1385 3446 0.01
1385 3447 0.2
1386 1120 0.01
1386 1216 0.2
1386 1446 0.05
1386 1525 0.01
1386 2597 0.05
1386 3079 0.05
1386 3450 0.01
1386 3451 0.01
1386 3452 0.01
1386 3453 0.01
1387 577 0.2
1387 1298 0.2
1387 1301 0.05
1387 1302 0.01
1387 2351 0.01
1387 2597 0.2
1387 2614 0.01
1387 3328 0.01
1387 3378 0.2
1387 3449 0.01
1389 150 0.01
1389 226 0.2
1389 351 0.2
1389 563 0.2
1389 706 0.2
1389 825 0.05
1389 1042 0.01
1389 2451 0.01
1389 2452 0.01
1390 1391 0.01
1390 1392 0.05
1393 541 0.05
1393 927 0.2
1393 1394 0.01
1393 1395 0.2
1393 1396 0.05
1393 1397 0.01
1393 1398 0.01
1393 1399 0.01
1393 1400 0.05
1395 528 0.2
1395 756 0.01
1395 1143 0.2
1395 2515 0.2
1395 3409 0.01
1395 3504 0.01
1395 3547 0.01
1395 4242 0.01
1395 5543 0.2
1395 5613 0.01
1395 6667 0.2
1395 7109 0.05
1395 7281 0.05
1395 7371 0.01
1395 7583 0.2
1395 7584 0.01
1395 7585 0.01
1395 7586 0.2
1395 7587 0.01
1396 6460 0.2
1397 855 0.01
1397 1752 0.01
1397 2112 0.01
1397 2439 0.2
1397 3021 0.05
1397 3459 0.2
1397 3460 0.01
1397 3461 0.2
1397 3462 0.01
1397 3463 0.05
1398 873 0.05
1398 1547 0.01
1398 2242 0.05
1398 2866 0.05
1398 2968 0.05
1398 3464 0.2
1398 3465 0.2
1398 3466 0.01
1398 3467 0.05
1398 3468 0.01
1399 173 0.05
1399 2129 0.2
1399 2431 0.2
1399 3474 0.05
1399 3475 0.01
1399 3476 0.2
1399 3477 0.2
1399 3478 0.05
1399 3479 0.01
1399 3480 0.2
1400 871 0.01
1400 1889 0.01
1403 219 0.01
1403 1062 0.01
1403 1528 0.2
1403 1529 0.01
1403 1530 0.05
1403 1531 0.05
1403 1532 0.01
1403 1533 0.01
1403 1534 0.05
1403 1535 0.05
1406 79 0.05
1406 89 0.01
1406 176 0.01
1406 353 0.2
1406 534 0.2
1406 565 0.01
1406 649 0.01
1406 708 0.01
1406 1365 0.05
1406 1389 0.2
1409 346 0.2
1409 405 0.01
1409 607 0.05
1409 962 0.2
1409 1260 0.2
1409 1434 0.2
1409 1601 0.2
1409 1799 0.05
1409 1841 0.01
1409 1842 0.2
1411 176 0.2
1411 737 0.2
1411 1042 0.01
1411 2205 0.2
1411 2578 0.05
1411 3485 0.01
1411 3486 0.05
1411 3487 0.01
1411 3488 0.01
1411 3489 0.01
1412 683 0.05
1412 862 0.05
1412 1243 0.05
1412 1413 0.2
1412 1414 0.2
1412 1415 0.05
1412 1416 0.05
1412 1417 0.2
1412 1418 0.2
1412 1419 0.01
1414 201 0.2
1414 796 0.05
1414 1260 0.2
1414 1679 0.2
1414 2058 0.2
1414 2472 0.05
1414 2571 0.01
1414 3106 0.2
1414 3490 0.2
1414 3491 0.05
1416 712 0.01
1416 898 0.01
1416 2290 0.05
1416 3169 0.05
1416 3313 0.2
1416 3481 0.2
1416 3482 0.05
1416 3483 0.01
1416 3484 0.2
1418 235 0.2
1418 272 0.05
1418 620 0.2
1418 1584 0.2
1418 2155 0.05
1418 2358 0.2
1418 2621 0.2
1418 3492 0.01
1418 3493 0.05
1418 3494 0.2
1420 48 0.05
1420 627 0.01
1420 1421 0.01
1420 1422 0.01
1420 1423 0.2
1420 1424 0.01
1420 1425 0.01
1420 1426 0.2
1420 1427 0.2
1424 226 0.05
1424 349 0.01
1424 353 0.01
1424 355 0.05
1424 530 0.05
1424 534 0.05
1424 822 0.05
1424 823 0.05
1424 1041 0.05
1424 1493 0.01
1428 260 0.2
1428 558 0.01
1428 1339 0.2
1428 1429 0.2
1428 1430 0.2
1428 1431 0.05
1428 1432 0.2
1428 1433 0.05
1428 1434 0.2
1428 1435 0.2
1433 286 0.01
1433 840 0.01
1433 1087 0.2
1433 2202 0.2
1433 3506 0.05
1433 3507 0.05
1433 3508 0.01
1433 3509 0.05
1433 3510 0.2
1433 3511 0.05
1434 397 0.01
1434 623 0.01
1434 988 0.2
1434 2996 0.2
1434 3495 0.01
1434 3496 0.05
1434 3497 0.2
1434 3498 0.01
1434 3499 0.05
1434 3500 0.2
1436 456 0.01
1436 731 0.2
1436 766 0.01
1436 1317 0.01
1436 1437 0.05
1436 1438 0.05
1436 1439 0.2
1436 1440 0.05
1436 1441 0.05
1436 1442 0.05
1437 721 0.01
1437 1301 0.01
1437 3192 0.05
1437 3450 0.2
1437 3501 0.05
1437 3502 0.2
1437 3503 0.01
1437 3504 0.2
1437 3505 0.01
1442 695 0.2
1442 746 0.05
1442 1224 0.2
1442 1790 0.01
1442 2084 0.05
1442 2592 0.01
1442 3513 0.05
1442 3514 0.2
1442 3515 0.01
1443 67 0.01
1443 495 0.01
1443 959 0.05
1443 1011 0.05
1443 1047 0.2
1443 1182 0.01
1443 1186 0.05
1443 1266 0.01
1443 1444 0.2
1443 1445 0.01
1444 3512 0.2
1449 1450 0.2
1451 14 0.2
1452 355 0.2
1452 927 0.05
1452 1174 0.05
1452 1453 0.2
1452 1454 0.2
1452 1455 0.2
1452 1456 0.01
1452 1457 0.01
1452 1458 0.01
1452 1459 0.2
1453 284 0.2
1453 947 0.01
1453 2003 0.05
1453 2036 0.05
1453 2128 0.2
1453 3194 0.2
1453 3522 0.01
1453 3523 0.2
1453 3524 0.2
1453 3525 0.01
1454 26 0.05
1454 1278 0.01
1454 1416 0.2
1454 1993 0.2
1454 3516 0.2
1454 3517 0.05
1454 3518 0.05
1454 3519 0.01
1454 3520 0.01
1454 3521 0.2
1458 349 0.2
1458 356 0.01
1458 531 0.01
1458 534 0.2
1458 563 0.05
1458 706 0.2
1458 708 0.2
1458 824 0.05
1458 1041 0.2
1458 1418 0.01
1459 3279 0.05
1460 1461 0.05
1462 1463 0.2
1463 51 0.01
1463 79 0.05
1463 89 0.05
1463 95 0.2
1463 176 0.05
1463 530 0.05
1463 533 0.2
1463 822 0.05
1463 1074 0.01
1463 1126 0.01
1467 372 0.01
1467 1081 0.2
1467 1209 0.2
1467 1672 0.2
1467 2374 0.2
1467 3496 0.01
1467 3526 0.05
1467 3527 0.2
1467 3528 0.01
1467 3529 0.05
1469 807 0.01
1470 1471 0.05
1471 717 0.2
1471 798 0.05
1471 908 0.01
1471 1382 0.05
1471 1486 0.2
1471 2365 0.2
1471 2641 0.01
1471 2789 0.01
1471 3376 0.01
1471 3586 0.2
1472 549 0.2
1472 1677 0.2
1472 2680 0.05
1472 3201 0.2
1472 3456 0.05
1472 3530 0.05
1472 3531 0.01
1472 3532 0.05
1472 3533 0.01
1472 3534 0.05
1473 646 0.05
1473 1274 0.2
1473 1489 0.2
1473 1952 0.2
1473 2327 0.05
1473 3220 0.05
1473 3546 0.01
1473 3547 0.2
1473 3548 0.2
1473 3549 0.01
1475 563 0.05
1475 578 0.01
1475 714 0.2
1475 2122 0.01
1475 2385 0.01
1475 2495 0.2
1475 3129 0.05
1475 3535 0.2
1475 3536 0.01
1475 3537 0.05
1477 1570 0.01
1477 1651 0.2
1477 1931 0.2
1477 2284 0.05
1477 2689 0.2
1477 3574 0.2
1477 3575 0.05
1477 3576 0.05
1477 3577 0.05
1477 3578 0.05
1479 150 0.05
1479 226 0.01
1479 349 0.2
1479 351 0.05
1479 387 0.2
1479 1073 0.2
1479 1126 0.2
1479 1389 0.01
1479 1524 0.2
1479 2452 0.05
1480 1481 0.05
1482 313 0.05
1482 395 0.01
1482 1205 0.2
1482 1483 0.2
1482 1484 0.2
1482 1485 0.2
1482 1486 0.01
1482 1487 0.2
1482 1488 0.01
1483 1427 0.05
1483 2442 0.05
1483 2468 0.01
1483 2792 0.05
1483 3203 0.2
1483 3541 0.2
1483 3542 0.01
1483 3543 0.05
1483 3544 0.05
1483 3545 0.05
1484 395 0.2
1484 483 0.05
1484 1659 0.01
1484 2054 0.05
1484 2190 0.2
1484 3197 0.01
1484 3472 0.2
1484 3538 0.05
1484 3539 0.01
1484 3540 0.05
1489 90 0.01
1489 91 0.05
1489 349 0.05
1489 351 0.05
1489 352 0.05
1489 356 0.05
1489 563 0.01
1489 706 0.01
1489 750 0.2
1489 836 0.01
1490 1491 0.2
1491 1528 0.01
1491 2247 0.05
1491 2401 0.01
1491 2460 0.05
1491 3338 0.2
1491 3569 0.05
1491 3570 0.2
1491 3571 0.05
1491 3572 0.05
1491 3573 0.2
1492 1060 0.01
1492 1079 0.05
1492 1321 0.2
1492 1493 0.05
1492 1494 0.2
1492 1495 0.01
1492 1496 0.01
1492 1497 0.05
1492 1498 0.01
1492 1499 0.01
1493 393 0.2
1493 1285 0.01
1493 1455 0.01
1493 1730 0.05
1493 2288 0.05
1493 3550 0.2
1493 3551 0.01
1493 3552 0.05
1493 3553 0.01
1493 3554 0.01
1494 101 0.01
1494 334 0.01
1494 840 0.2
1494 1144 0.2
1494 1427 0.05
1494 2347 0.01
1494 2778 0.05
1494 2888 0.05
1494 3562 0.2
1494 3563 0.2
1495 40 0.01
1495 155 0.2
1495 232 0.01
1495 478 0.2
1495 920 0.05
1495 2856 0.01
1495 3558 0.05
1495 3559 0.05
1495 3560 0.01
1495 3561 0.2
1497 764 0.2
1497 818 0.01
1497 2153 0.01
1497 2290 0.01
1497 2566 0.01
1497 2631 0.05
1497 3287 0.01
1497 3555 0.05
1497 3556 0.01
1497 3557 0.2
1498 3564 0.05
1499 89 0.05
1499 93 0.05
1499 355 0.01
1499 531 0.05
1499 703 0.2
1499 752 0.01
1499 753 0.2
1499 836 0.01
1499 1042 0.01
1499 1309 0.2
1500 102 0.05
1500 1349 0.2
1500 1395 0.01
1500 1501 0.01
1500 1502 0.05
1500 1503 0.01
1500 1504 0.01
1500 1505 0.2
1500 1506 0.05
1505 1300 0.01
1505 2137 0.01
1505 4673 0.2
1505 5399 0.2
1505 6529 0.01
1505 7123 0.05
1505 7163 0.2
1505 7349 0.2
1505 7957 0.05
1505 8064 0.2
1507 71 0.01
1507 285 0.2
1507 639 0.05
1507 1012 0.01
1507 1309 0.01
1507 1508 0.2
1507 1509 0.2
1507 1510 0.2
1507 1511 0.2
1507 1512 0.05
1510 115 0.05
1510 453 0.01
1510 1330 0.01
1510 1777 0.05
1510 2908 0.05
1510 3413 0.05
1510 3565 0.05
1510 3566 0.05
1510 3567 0.01
1510 3568 0.2
1511 2900 0.05
1513 3611 0.2
1516 1780 0.2
1517 206 0.05
1517 453 0.2
1517 918 0.05
1517 1964 0.05
1517 1965 0.05
1517 1966 0.2
1517 1967 0.01
1517 1968 0.2
1517 1969 0.05
1518 639 0.05
1518 1112 0.01
1518 1373 0.05
1518 1519 0.05
1518 1520 0.05
1521 1522 0.05
1523 530 0.05
1523 532 0.2
1523 822 0.01
1523 836 0.2
1523 1211 0.05
1523 1365 0.05
1523 1524 0.01
1523 1525 0.05
1523 1526 0.01
1523 1527 0.2
1526 275 0.01
1526 494 0.01
1526 3498 0.2
1526 3978 0.05
1526 4009 0.2
1526 4236 0.2
1526 4860 0.01
1526 5934 0.01
1526 7346 0.01
1526 7347 0.2
1528 88 0.2
1528 349 0.01
1528 350 0.05
1528 354 0.01
1528 531 0.05
1528 565 0.2
1528 706 0.05
1528 707 0.2
1528 825 0.05
1528 2471 0.01
1531 260 0.01
1531 790 0.05
1531 1873 0.05
1531 2612 0.05
1531 3585 0.01
1534 2366 0.2
1534 2438 0.01
1534 3016 0.01
1534 3170 0.01
1534 3579 0.05
1534 3580 0.05
1534 3581 0.2
1534 3582 0.01
1534 3583 0.2
1534 3584 0.05
1535 487 0.2
1535 998 0.01
1535 2096 0.2
1535 3019 0.2
1535 3592 0.2
1535 3593 0.2
1535 3594 0.01
1535 3595 0.05
1535 3596 0.01
1535 3597 0.2
1536 102 0.2
1536 838 0.01
1536 1537 0.01
1536 1538 0.01
1536 1539 0.2
1536 1540 0.01
1536 1541 0.01
1536 1542 0.05
1536 1543 0.2
1536 1544 0.2
1537 79 0.2
1537 96 0.05
1537 150 0.05
1537 353 0.2
1537 532 0.01
1537 565 0.05
1537 752 0.2
1537 1126 0.01
1537 1389 0.01
1537 2144 0.05
1538 2 0.01
1538 390 0.01
1538 1466 0.05
1538 1558 0.05
1538 3318 0.2
1538 3606 0.2
1538 3607 0.01
1538 3608 0.01
1538 3609 0.05
1538 3610 0.01
1540 1330 0.01
1540 1490 0.2
1540 2754 0.2
1540 3125 0.05
1540 3600 0.05
1540 3601 0.2
1540 3602 0.2
1540 3603 0.05
1540 3604 0.05
1540 3605 0.01
1542 2149 0.01
1542 2417 0.01
1542 2582 0.2
1542 2756 0.2
1542 2969 0.2
1542 3587 0.05
1542 3588 0.05
1542 3589 0.05
1542 3590 0.05
1542 3591 0.01
1545 672 0.01
1545 1546 0.01
1545 1547 0.2
1545 1548 0.2
1545 1549 0.05
1545 1550 0.2
1545 1551 0.01
1545 1552 0.05
1545 1553 0.05
1545 1554 0.05
1548 3046 0.05
1548 3575 0.01
1548 3598 0.01
1548 3599 0.05
1555 90 0.01
1555 563 0.2
1555 679 0.05
1555 825 0.2
1555 836 0.05
1555 837 0.01
1555 1365 0.01
1555 1556 0.01
1555 1557 0.05
1555 1558 0.05
1559 419 0.05
1559 437 0.01
1559 1157 0.01
1559 1158 0.05
1559 1159 0.05
1559 1560 0.05
1559 1561 0.2
1559 1562 0.01
1559 1563 0.05
1559 1564 0.2
1564 479 0.2
1564 853 0.05
1564 1400 0.2
1564 2881 0.2
1564 2948 0.2
1564 3409 0.01
1564 3612 0.01
1564 3613 0.2
1564 3614 0.05
1564 3615 0.05
1565 425 0.05
1565 1566 0.01
1565 1567 0.2
1565 1568 0.01
1565 1569 0.05
1565 1570 0.01
1565 1571 0.01
1565 1572 0.2
1565 1573 0.2
1565 1574 0.2
1568 2050 0.2
1568 2578 0.01
1568 3626 0.01
1571 1604 0.01
1571 2302 0.01
1571 2629 0.05
1571 2731 0.01
1571 2894 0.01
1571 3294 0.2
1571 3622 0.01
1571 3623 0.2
1571 3624 0.05
1571 3625 0.01
1573 541 0.2
1573 611 0.05
1573 636 0.2
1573 712 0.05
1573 1180 0.01
1573 1646 0.01
1573 2839 0.2
1573 3619 0.2
1573 3620 0.2
1573 3621 0.05
1575 36 0.05
1575 119 0.2
1575 340 0.01
1575 861 0.01
1575 1576 0.01
1575 1577 0.01
1575 1578 0.05
1575 1579 0.05
1575 1580 0.05
1577 651 0.2
1577 1252 0.2
1577 1818 0.2
1577 2006 0.2
1577 2345 0.05
1577 2386 0.05
1577 2642 0.01
1577 2968 0.01
1577 3627 0.05
1580 392 0.05
1580 1909 0.01
1580 2029 0.01
1580 2873 0.2
1580 3032 0.2
1580 3210 0.2
1580 3632 0.05
1580 3633 0.2
1580 3634 0.05
1580 3635 0.05
1581 854 0.2
1581 890 0.01
1581 1582 0.01
1581 1583 0.01
1581 1584 0.2
1581 1585 0.2
1581 1586 0.01
1581 1587 0.2
1581 1588 0.01
1581 1589 0.2
1587 284 0.05
1587 363 0.05
1587 1438 0.2
1587 2263 0.01
1587 2359 0.05
1587 3581 0.05
1587 3628 0.05
1587 3629 0.2
1587 3630 0.2
1587 3631 0.2
1588 894 0.01
1588 1358 0.2
1588 1678 0.2
1588 3638 0.2
1588 3639 0.01
1588 3640 0.05
1588 3641 0.2
1588 3642 0.05
1588 3643 0.05
1589 318 0.05
1589 568 0.05
1589 855 0.01
1589 1111 0.05
1589 2778 0.05
1589 2988 0.2
1589 3012 0.05
1589 3030 0.01
1589 3636 0.2
1589 3637 0.05
1590 409 0.2
1590 1591 0.05
1590 1592 0.05
1590 1593 0.01
1590 1594 0.01
1590 1595 0.05
1590 1596 0.05
1590 1597 0.01
1590 1598 0.05
1593 454 0.05
1593 1333 0.05
1593 1424 0.05
1593 3170 0.2
1593 3351 0.05
1593 3487 0.2
1593 3677 0.2
1593 3678 0.01
1593 3679 0.05
1593 3680 0.01
1597 72 0.01
1597 640 0.05
1597 3241 0.01
1597 3688 0.2
1597 3689 0.01
1598 87 0.05
1598 1539 0.2
1598 2132 0.01
1598 2789 0.01
1598 3319 0.05
1598 3644 0.05
1598 3645 0.05
1598 3646 0.01
1598 3647 0.05
1598 3648 0.01
1599 808 0.05
1599 1600 0.2
1599 1601 0.05
1599 1602 0.05
1599 1603 0.05
1599 1604 0.01
1599 1605 0.2
1599 1606 0.05
1599 1607 0.01
1599 1608 0.05
1600 245 0.01
1600 2531 0.01
1600 2597 0.05
1600 2948 0.01
1600 3427 0.01
1600 3638 0.01
1600 3649 0.2
1600 3650 0.01
1600 3651 0.05
1600 3652 0.01
1601 459 0.2
1601 479 0.2
1601 668 0.05
1601 1016 0.05
1601 1044 0.01
1601 1187 0.2
1601 1633 0.01
1601 1697 0.05
1601 2221 0.05
1601 2375 0.2
1601 2379 0.05
1601 2771 0.01
1601 2776 0.01
1601 2885 0.2
1601 2948 0.2
1601 3102 0.05
1601 3381 0.05
1601 3653 0.01
1601 3654 0.05
1601 3655 0.05
1601 3656 0.2
1601 3657 0.2
1601 3658 0.05
1601 3659 0.01
1601 3660 0.05
1601 3661 0.01
1601 3662 0.2
1601 3663 0.2
1603 1 0.01
1603 805 0.2
1603 2354 0.01
1603 3085 0.2
1603 3225 0.2
1603 3643 0.05
1603 3664 0.05
1603 3665 0.2
1603 3666 0.01
1603 3667 0.01
1604 51 0.2
1604 351 0.01
1604 352 0.05
1604 353 0.05
1604 534 0.2
1604 565 0.05
1604 649 0.2
1604 824 0.01
1604 825 0.2
1604 1041 0.01
1606 452 0.01
1606 590 0.05
1606 995 0.2
1606 1312 0.2
1606 1488 0.2
1606 1603 0.01
1606 1604 0.2
1606 2213 0.2
1606 3668 0.05
1606 3669 0.05
1608 3681 0.01
1609 411 0.2
1609 477 0.01
1609 1345 0.2
1609 1610 0.2
1609 1611 0.2
1609 1612 0.01
1609 1613 0.01
1609 1614 0.2
1609 1615 0.2
1609 1616 0.2
1612 444 0.2
1612 840 0.01
1612 1102 0.2
1612 1578 0.05
1612 2463 0.2
1612 2514 0.01
1612 3319 0.05
1612 3627 0.01
1612 3670 0.01
1612 3671 0.01
1614 79 0.2
1614 90 0.2
1614 96 0.01
1614 226 0.05
1614 351 0.01
1614 356 0.01
1614 704 0.2
1614 825 0.05
1614 837 0.05
1614 1556 0.01
1615 79 0.2
1615 93 0.05
1615 532 0.05
1615 533 0.01
1615 565 0.01
1615 752 0.2
1615 824 0.01
1615 837 0.05
1615 1126 0.2
1615 1656 0.05
1616 133 0.05
1616 324 0.2
1616 449 0.01
1616 511 0.05
1616 1151 0.05
1616 1167 0.01
1616 1230 0.01
1616 1471 0.05
1616 1742 0.2
1616 2202 0.2
1616 2220 0.05
1616 2421 0.2
1616 2473 0.2
1616 2692 0.01
1616 2726 0.01
1616 2789 0.2
1616 3171 0.05
1616 3267 0.05
1616 3332 0.01
1616 3520 0.05
1616 3763 0.01
1616 3799 0.05
1616 3880 0.2
1616 3893 0.05
1616 3990 0.01
1616 4176 0.2
1616 4202 0.05
1616 4535 0.05
1616 4998 0.2
1616 5280 0.01
1616 5645 0.2
1616 5854 0.2
1616 5963 0.2
1616 6033 0.01
1616 6751 0.05
1616 6815 0.2
1616 6855 0.05
1616 6856 0.01
1616 6857 0.2
1616 6858 0.05
1617 90 0.2
1617 93 0.05
1617 95 0.01
1617 96 0.2
1617 226 0.05
1617 354 0.05
1617 387 0.05
1617 706 0.01
1617 752 0.01
1617 836 0.2
1618 1619 0.2
1620 179 0.01
1620 1621 0.2
1620 1622 0.2
1620 1623 0.05
1620 1624 0.2
1620 1625 0.05
1620 1626 0.01
1620 1627 0.05
1620 1628 0.01
1620 1629 0.2
1623 944 0.01
1623 1240 0.01
1623 1612 0.2
1623 2021 0.2
1623 2158 0.05
1623 2411 0.2
1623 2630 0.2
1623 4698 0.01
1623 5139 0.01
1623 5566 0.01
1624 1523 0.05
1624 2783 0.2
1624 4035 0.05
1624 5283 0.05
1624 5563 0.2
1624 6106 0.2
1624 6134 0.2
1630 443 0.2
1630 444 0.01
1630 973 0.01
1630 1631 0.2
1630 1632 0.05
1630 1633 0.05
1630 1634 0.01
1630 1635 0.01
1630 1636 0.01
1630 1637 0.05
1632 241 0.05
1632 726 0.05
1632 822 0.01
1632 2228 0.05
1632 3473 0.01
1632 3672 0.01
1632 3673 0.05
1632 3674 0.2
1632 3675 0.2
1632 3676 0.2
1633 1560 0.2
1635 51 0.2
1635 78 0.05
1635 350 0.05
1635 387 0.2
1635 530 0.01
1635 532 0.2
1635 836 0.01
1635 837 0.2
1635 1074 0.05
1635 1656 0.2
1638 803 0.2
1638 1043 0.01
1638 1619 0.05
1638 2432 0.05
1638 3104 0.01
1638 3973 0.2
1638 4134 0.05
1638 5023 0.01
1638 6032 0.01
1638 6033 0.01
1639 754 0.01
1639 1004 0.01
1639 1731 0.01
1639 1843 0.01
1639 2344 0.01
1639 2746 0.05
1639 2913 0.01
1639 3682 0.05
1639 3683 0.01
1639 3684 0.05
1642 569 0.2
1642 859 0.05
1642 860 0.01
1642 1720 0.01
1642 1721 0.05
1642 1722 0.01
1642 1723 0.05
1642 1724 0.01
1642 1725 0.01
1642 1726 0.2
1643 166 0.01
1643 239 0.01
1643 1830 0.05
1643 1932 0.05
1643 2223 0.01
1643 3691 0.01
1643 3692 0.2
1643 3693 0.2
1643 3694 0.01
1643 3695 0.2
1645 1481 0.2
1645 3873 0.01
1645 3891 0.05
1645 3892 0.05
1645 3893 0.05
1645 3894 0.2
1645 3895 0.2
1646 989 0.01
1646 1391 0.05
1646 1481 0.05
1646 1647 0.05
1646 1648 0.05
1646 1649 0.05
1646 1650 0.05
1646 1651 0.05
1646 1652 0.05
1646 1653 0.2
1647 78 0.05
1647 93 0.2
1647 95 0.01
1647 750 0.2
1647 753 0.05
1647 822 0.05
1647 836 0.2
1647 1126 0.05
1647 1309 0.2
1647 1365 0.01
1648 919 0.2
1648 932 0.2
1648 1205 0.2
1648 1243 0.01
1648 1393 0.2
1648 2011 0.05
1648 3479 0.2
1648 3685 0.01
1648 3686 0.05
1648 3687 0.01
1651 1261 0.05
1651 1755 0.2
1651 1866 0.01
1651 2035 0.05
1651 2036 0.2
1651 3717 0.01
1651 3718 0.01
1651 3719 0.2
1651 3720 0.01
1651 3721 0.01
1652 176 0.05
1652 387 0.01
1652 532 0.01
1652 533 0.05
1652 753 0.2
1652 837 0.2
1652 1042 0.2
1652 1309 0.05
1652 1389 0.05
1652 3690 0.05
1654 96 0.05
1654 150 0.2
1654 176 0.01
1654 534 0.05
1654 537 0.01
1654 649 0.2
1654 703 0.2
1654 1365 0.2
1654 1655 0.05
1654 1656 0.2
1657 1346 0.2
1657 1560 0.2
1657 1561 0.01
1657 1591 0.05
1657 1592 0.01
1657 1634 0.2
1657 1658 0.05
1657 1659 0.05
1657 1660 0.05
1657 1661 0.05
1660 1123 0.2
1660 2138 0.2
1660 3352 0.05
1660 3696 0.2
1660 3697 0.2
1660 3698 0.01
1660 3699 0.05
1660 3700 0.2
1660 3701 0.2
1660 3702 0.01
1662 1663 0.05
1664 150 0.05
1664 352 0.01
1664 356 0.05
1664 531 0.2
1664 565 0.2
1664 706 0.01
1664 824 0.2
1664 1074 0.01
1664 1126 0.01
1664 1558 0.2
1665 1281 0.05
1665 1510 0.01
1665 1666 0.2
1665 1667 0.2
1665 1668 0.05
1665 1669 0.05
1665 1670 0.2
1665 1671 0.01
1665 1672 0.05
1666 3 0.01
1666 1890 0.2
1666 2213 0.2
1666 2633 0.05
1666 2780 0.2
1666 3266 0.05
1666 3703 0.05
1666 3704 0.2
1666 3705 0.05
1666 3706 0.05
1670 1170 0.05
1670 2342 0.01
1670 2468 0.05
1670 3024 0.2
1670 3166 0.2
1670 3707 0.05
1670 3708 0.01
1670 3709 0.01
1670 3710 0.2
1670 3711 0.01
1673 372 0.01
1673 805 0.01
1673 1674 0.05
1673 1675 0.2
1673 1676 0.05
1673 1677 0.05
1673 1678 0.2
1673 1679 0.05
1673 1680 0.2
1673 1681 0.2
1674 452 0.01
1674 871 0.01
1674 1030 0.01
1674 1472 0.2
1674 1971 0.05
1674 2129 0.2
1674 2341 0.05
1674 2985 0.2
1674 3382 0.05
1674 3415 0.05
1678 233 0.01
1678 713 0.2
1678 1799 0.05
1678 2669 0.05
1678 3004 0.01
1678 3368 0.05
1678 3393 0.2
1678 3714 0.05
1678 3715 0.01
1678 3716 0.01
1679 3712 0.2
1680 3713 0.05
1681 247 0.01
1681 1454 0.05
1681 1466 0.01
1681 2809 0.01
1681 3104 0.2
1681 3495 0.2
1681 3574 0.01
1681 3724 0.01
1681 3725 0.01
1681 3726 0.01
1682 222 0.01
1682 678 0.05
1682 1683 0.01
1682 1684 0.2
1682 1685 0.2
1682 1686 0.01
1682 1687 0.01
1682 1688 0.01
1682 1689 0.05
1682 1690 0.05
1683 61 0.05
1683 356 0.2
1683 714 0.01
1683 825 0.01
1683 836 0.01
1683 1365 0.05
1683 1742 0.05
1683 3213 0.01
1683 3722 0.05
1683 3723 0.2
1685 1629 0.2
1685 1655 0.01
1685 3632 0.2
1685 3727 0.2
1685 3728 0.05
1685 3729 0.2
1685 3730 0.2
1685 3731 0.05
1685 3732 0.05
1685 3733 0.05
1686 51 0.01
1686 226 0.01
1686 531 0.2
1686 532 0.01
1686 534 0.2
1686 649 0.01
1686 706 0.2
1686 1074 0.2
1686 1389 0.01
1686 1558 0.01
1688 95 0.2
1688 96 0.01
1688 387 0.01
1688 530 0.05
1688 532 0.05
1688 649 0.2
1688 707 0.01
1688 1042 0.2
1688 1073 0.2
1688 1389 0.2
1690 410 0.2
1690 1495 0.2
1690 1795 0.01
1690 2029 0.05
1690 3497 0.05
1690 3721 0.01
1690 3734 0.05
1690 3735 0.01
1690 3736 0.2
1691 617 0.2
1691 1674 0.05
1691 1692 0.05
1691 1693 0.2
1691 1694 0.01
1691 1695 0.2
1691 1696 0.2
1691 1697 0.01
1691 1698 0.2
1691 1699 0.05
1695 3741 0.2
1696 224 0.01
1696 255 0.01
1696 1690 0.2
1696 2055 0.2
1696 2675 0.05
1696 2731 0.05
1696 3737 0.2
1696 3738 0.05
1696 3739 0.2
1696 3740 0.05
1697 620 0.2
1697 2220 0.01
1697 2341 0.05
1697 2900 0.2
1697 3618 0.05
1697 3750 0.01
1697 3751 0.01
1697 3752 0.2
1697 3753 0.2
1699 307 0.2
1699 676 0.01
1699 838 0.01
1699 952 0.05
1699 963 0.01
1699 1273 0.2
1699 1339 0.05
1699 1358 0.05
1699 1461 0.2
1699 1527 0.05
1699 1643 0.01
1699 1719 0.2
1699 1915 0.01
1699 1954 0.2
1699 2412 0.05
1699 2818 0.01
1699 2896 0.2
1699 3043 0.2
1699 3124 0.2
1699 3499 0.2
1699 3777 0.01
1699 3778 0.05
1699 3779 0.05
1699 3780 0.2
1699 3781 0.01
1699 3782 0.01
1699 3783 0.05
1699 3784 0.2
1699 3785 0.05
1699 3786 0.01
1699 3787 0.05
1699 3788 0.2
1699 3789 0.05
1699 3790 0.01
1699 3791 0.2
1699 3792 0.05
1699 3793 0.05
1699 3794 0.05
1699 3795 0.2
1699 3796 0.01
1699 3797 0.2
1699 3798 0.01
1700 159 0.05
1700 347 0.2
1700 830 0.01
1700 1701 0.05
1700 1702 0.2
1700 1703 0.01
1700 1704 0.01
1700 1705 0.2
1700 1706 0.2
1700 1707 0.05
1703 1488 0.05
1703 2463 0.2
1703 2998 0.2
1703 3668 0.2
1703 3754 0.01
1703 3755 0.05
1703 3756 0.05
1703 3757 0.01
1703 3758 0.2
1703 3759 0.01
1704 347 0.2
1704 348 0.01
1704 1317 0.2
1704 2636 0.2
1704 2684 0.2
1704 3051 0.05
1704 3052 0.2
1704 3768 0.2
1704 3769 0.01
1705 866 0.01
1705 1077 0.2
1705 3742 0.01
1705 3743 0.01
1705 3744 0.2
1705 3745 0.01
1705 3746 0.01
1705 3747 0.05
1705 3748 0.01
1705 3749 0.01
1708 1709 0.05
1708 1710 0.05
1708 1711 0.01
1708 1712 0.05
1708 1713 0.05
1708 1714 0.2
1708 1715 0.2
1708 1716 0.01
1708 1717 0.05
1708 1718 0.2
1713 39 0.05
1713 944 0.01
1713 1775 0.2
1713 2048 0.2
1713 2599 0.05
1713 2831 0.2
1713 3760 0.2
1713 3761 0.2
1713 3762 0.05
1713 3763 0.2
1717 345 0.2
1717 454 0.05
1717 1366 0.05
1717 2096 0.05
1717 2216 0.05
1717 2388 0.05
1717 2922 0.2
1717 3764 0.2
1717 3765 0.01
1717 3766 0.05
1718 247 0.2
1718 454 0.2
1718 1062 0.05
1718 1253 0.2
1718 1364 0.05
1718 1586 0.01
1718 1717 0.05
1718 2132 0.01
1718 3767 0.05
1719 79 0.2
1719 93 0.2
1719 349 0.05
1719 531 0.05
1719 533 0.01
1719 563 0.01
1719 565 0.2
1719 822 0.01
1719 1041 0.2
1719 1389 0.2
1724 267 0.05
1724 610 0.01
1724 907 0.01
1724 2596 0.2
1724 3511 0.01
1724 3581 0.01
1724 3676 0.01
1724 3803 0.2
1724 3804 0.2
1724 3805 0.01
1726 88 0.2
1726 90 0.05
1726 226 0.01
1726 796 0.2
1726 1036 0.05
1726 1705 0.2
1726 1902 0.2
1726 3770 0.05
1726 3771 0.01
1726 3772 0.01
1727 100 0.2
1727 731 0.05
1727 1366 0.2
1727 1728 0.2
1727 1729 0.01
1727 1730 0.2
1727 1731 0.05
1727 1732 0.05
1727 1733 0.01
1727 1734 0.2
1729 36 0.05
1729 200 0.01
1729 930 0.2
1729 3974 0.05
1729 3975 0.05
1730 468 0.01
1730 511 0.2
1730 754 0.05
1730 2321 0.01
1730 3062 0.01
1730 3773 0.01
1730 3774 0.01
1730 3775 0.01
1730 3776 0.05
1734 26 0.01
1734 1983 0.2
1734 2500 0.05
1734 2781 0.01
1734 3180 0.01
1734 3809 0.2
1734 3810 0.05
1734 3811 0.2
1734 3812 0.01
1734 3813 0.05
1735 1736 0.2
1735 1737 0.01
1735 1738 0.01
1735 1739 0.2
1735 1740 0.05
1736 277 0.01
1736 1180 0.2
1736 1322 0.05
1736 1604 0.2
1736 2003 0.01
1736 2506 0.05
1736 3669 0.01
1736 3806 0.2
1736 3807 0.2
1736 3808 0.01
1738 413 0.2
1738 1425 0.01
1738 1801 0.01
1738 2010 0.2
1738 2784 0.01
1738 3343 0.2
1738 3799 0.01
1738 3800 0.01
1738 3801 0.05
1738 3802 0.05
1741 256 0.01
1741 1672 0.2
1741 1682 0.01
1741 1742 0.05
1741 1743 0.05
1741 1744 0.2
1741 1745 0.05
1741 1746 0.01
1741 1747 0.01
1741 1748 0.05
1749 294 0.05
1749 807 0.01
1749 1455 0.05
1749 2926 0.01
1749 3131 0.05
1749 3666 0.01
1749 3838 0.05
1749 3839 0.05
1749 3840 0.2
1749 3841 0.2
1750 1071 0.2
1750 2562 0.2
1750 3767 0.01
1750 3814 0.2
1750 3815 0.05
1750 3816 0.2
1750 3817 0.05
1750 3818 0.2
1750 3819 0.05
1750 3820 0.01
1752 349 0.01
1752 351 0.05
1752 354 0.05
1752 355 0.01
1752 356 0.01
1752 530 0.01
1752 824 0.05
1752 826 0.01
1752 1126 0.01
1752 1389 0.2
1754 149 0.05
1754 1346 0.05
1754 2603 0.05
1754 3852 0.05
1754 3853 0.05
1756 1757 0.2
1758 51 0.05
1758 150 0.01
1758 354 0.01
1758 355 0.05
1758 531 0.05
1758 649 0.05
1758 822 0.01
1758 824 0.2
1758 825 0.2
1758 1558 0.05
1759 282 0.2
1759 1001 0.05
1759 1223 0.05
1759 1458 0.05
1759 1702 0.2
1759 1760 0.01
1759 1761 0.01
1759 1762 0.01
1759 1763 0.01
1759 1764 0.01
1761 2052 0.2
1761 2338 0.05
1761 3470 0.2
1761 3634 0.05
1761 3854 0.05
1761 3855 0.05
1761 3856 0.01
1761 3857 0.01
1761 3858 0.05
1761 3859 0.2
1763 817 0.05
1763 2093 0.01
1763 3821 0.2
1763 3822 0.2
1763 3823 0.01
1764 1459 0.01
1764 2234 0.01
1764 3406 0.01
1764 3532 0.01
1764 3824 0.01
1764 3825 0.2
1764 3826 0.01
1764 3827 0.05
1764 3828 0.2
1765 421 0.05
1765 1013 0.05
1765 1137 0.2
1765 1766 0.01
1765 1767 0.01
1765 1768 0.01
1765 1769 0.05
1765 1770 0.2
1765 1771 0.05
1765 1772 0.05
1769 544 0.01
1769 700 0.2
1769 930 0.01
1769 1483 0.05
1769 1914 0.01
1769 2504 0.01
1769 2690 0.2
1769 3020 0.05
1769 3829 0.2
1769 3830 0.2
1772 470 0.01
1772 720 0.05
1772 744 0.05
1772 2787 0.05
1772 3334 0.05
1772 3831 0.05
1772 3832 0.01
1772 3833 0.2
1772 3834 0.01
1772 3835 0.05
1773 358 0.01
1773 1033 0.05
1773 1774 0.01
1773 1775 0.2
1773 1776 0.05
1773 1777 0.05
1773 1778 0.01
1773 1779 0.01
1773 1780 0.01
1773 1781 0.05
1774 122 0.2
1774 409 0.01
1774 1030 0.2
1774 1513 0.01
1774 2733 0.2
1774 2968 0.2
1774 3677 0.05
1774 3716 0.01
1774 3836 0.05
1774 3837 0.2
1775 63 0.05
1776 3860 0.01
1777 3842 0.2
1777 3843 0.05
1777 3844 0.01
1777 3845 0.01
1777 3846 0.05
1777 3847 0.01
1777 3848 0.2
1777 3849 0.2
1777 3850 0.01
1777 3851 0.05
1782 20 0.2
1782 840 0.01
1782 1259 0.01
1782 1600 0.2
1782 1783 0.2
1782 1784 0.01
1782 1785 0.05
1782 1786 0.05
1782 1787 0.05
1782 1788 0.05
1785 88 0.2
1785 95 0.05
1785 703 0.05
1785 707 0.05
1785 750 0.05
1785 752 0.05
1785 753 0.01
1785 825 0.2
1785 826 0.01
1785 1365 0.2
1786 88 0.05
1786 89 0.05
1786 90 0.01
1786 92 0.2
1786 93 0.01
1786 176 0.01
1786 387 0.2
1786 530 0.01
1786 707 0.05
1786 837 0.05
1789 312 0.01
1789 1288 0.01
1789 1790 0.05
1789 1791 0.01
1789 1792 0.2
1789 1793 0.05
1789 1794 0.2
1789 1795 0.01
1789 1796 0.01
1789 1797 0.01
1790 89 0.05
1790 91 0.05
1790 226 0.2
1790 350 0.2
1790 354 0.05
1790 387 0.05
1790 703 0.2
1790 706 0.2
1790 750 0.05
1790 837 0.2
1794 94 0.01
1794 150 0.2
1794 351 0.01
1794 356 0.2
1794 531 0.2
1794 565 0.2
1794 706 0.05
1794 823 0.01
1794 1389 0.2
1794 1493 0.2
1797 1174 0.05
1798 0 0.2
1798 567 0.01
1798 1439 0.05
1798 1471 0.2
1798 1769 0.2
1798 1799 0.2
1798 1800 0.01
1798 1801 0.05
1798 1802 0.01
1798 1803 0.05
1799 384 0.05
1799 705 0.05
1799 1373 0.05
1799 1743 0.01
1799 2125 0.2
1801 51 0.2
1801 93 0.05
1801 150 0.01
1801 176 0.2
1801 703 0.05
1801 751 0.2
1801 752 0.2
1801 837 0.2
1801 1309 0.2
1801 1656 0.2
1803 1322 0.05
1803 2062 0.05
1803 2884 0.05
1803 3047 0.05
1803 3218 0.2
1803 3861 0.2
1803 3862 0.05
1803 3863 0.2
1803 3864 0.05
1803 3865 0.01
1804 204 0.05
1804 1638 0.05
1804 1651 0.2
1804 1805 0.2
1804 1806 0.05
1804 1807 0.2
1804 1808 0.2
1804 1809 0.01
1804 1810 0.05
1804 1811 0.01
1806 1333 0.2
1806 2026 0.2
1806 2719 0.2
1806 2759 0.2
1806 3866 0.05
1806 3867 0.05
1806 3868 0.2
1806 3869 0.05
1806 3870 0.01
1806 3871 0.01
1809 36 0.01
1809 483 0.05
1809 495 0.2
1809 527 0.05
1809 2173 0.05
1809 2384 0.05
1809 3872 0.05
1809 3873 0.01
1809 3874 0.2
1809 3875 0.01
1811 3876 0.2
1812 1813 0.01
1813 3878 0.05
1814 488 0.2
1814 962 0.2
1814 1288 0.2
1814 1291 0.05
1814 1702 0.05
1814 1815 0.01
1814 1816 0.01
1814 1817 0.05
1814 1818 0.2
1814 1819 0.05
1817 3877 0.2
1820 525 0.01
1820 602 0.01
1820 726 0.01
1820 1484 0.2
1820 1604 0.01
1820 1821 0.2
1820 1822 0.01
1820 1823 0.01
1820 1824 0.2
1820 1825 0.2
1821 1302 0.05
1821 1346 0.2
1821 1579 0.2
1821 2197 0.2
1821 2799 0.2
1821 2968 0.05
1821 3882 0.01
1821 3883 0.05
1821 3884 0.2
1821 3885 0.01
1826 908 0.01
1826 1471 0.2
1826 1641 0.05
1826 1827 0.01
1826 1828 0.2
1829 234 0.01
1829 745 0.01
1829 916 0.05
1829 1004 0.01
1829 1200 0.2
1829 1830 0.2
1829 1831 0.01
1829 1832 0.05
1829 1833 0.2
1829 1834 0.01
1830 556 0.01
1832 307 0.2
1832 728 0.2
1832 1890 0.05
1832 2576 0.05
1832 2754 0.2
1832 3512 0.01
1832 3606 0.05
1832 3879 0.05
1832 3880 0.05
1832 3881 0.01
1833 309 0.01
1833 953 0.2
1833 1288 0.05
1833 3054 0.01
1833 3523 0.05
1834 89 0.2
1835 226 0.05
1835 351 0.01
1835 356 0.05
1835 533 0.05
1835 706 0.05
1835 707 0.2
1835 826 0.01
1835 1309 0.01
1835 1365 0.2
1835 1558 0.05
1836 88 0.2
1836 90 0.05
1836 93 0.05
1836 356 0.01
1836 531 0.05
1836 750 0.05
1836 837 0.01
1836 1042 0.01
1836 1309 0.05
1836 1365 0.2
1837 1838 0.05
1838 90 0.2
1838 95 0.01
1838 96 0.2
1838 350 0.01
1838 355 0.05
1838 750 0.05
1838 752 0.2
1838 836 0.05
1838 837 0.2
1838 1821 0.05
1839 1840 0.2
1842 2170 0.05
1843 1844 0.01
1844 279 0.2
1844 495 0.05
1844 1888 0.05
1844 2778 0.05
1844 3296 0.01
1844 3469 0.01
1844 4058 0.05
1844 4059 0.2
1845 209 0.2
1845 235 0.2
1845 343 0.2
1845 410 0.01
1845 739 0.2
1845 1846 0.05
1845 1847 0.01
1845 1848 0.05
1845 1849 0.01
1845 1850 0.01
1848 1053 0.01
1848 1140 0.05
1848 1204 0.05
1848 1579 0.2
1848 1697 0.2
1848 2592 0.01
1848 2752 0.2
1848 3854 0.05
1848 3886 0.2
1848 3887 0.01
1850 197 0.05
1850 309 0.01
1850 478 0.01
1850 713 0.2
1850 1033 0.2
1850 1494 0.2
1850 1553 0.2
1850 2222 0.05
1850 3144 0.05
1850 3145 0.2
1850 3266 0.01
1850 3350 0.2
1850 3464 0.05
1850 4244 0.01
1850 4685 0.2
1850 4756 0.01
1850 4838 0.01
1850 5157 0.05
1850 5252 0.01
1850 5626 0.05
1850 5767 0.01
1850 5768 0.01
1850 5769 0.2
1851 23 0.01
1851 298 0.01
1851 675 0.2
1851 958 0.01
1851 1852 0.2
1851 1853 0.05
1851 1854 0.2
1851 1855 0.2
1851 1856 0.2
1851 1857 0.05
1854 3896 0.2
1856 3539 0.2
1857 1125 0.05
1857 1438 0.05
1857 4586 0.01
1857 5812 0.2
1857 7615 0.05
1857 7889 0.01
1857 8109 0.01
1857 8110 0.2
1857 8111 0.05
1857 8112 0.2
1858 1520 0.01
1858 1628 0.01
1858 1859 0.05
1858 1860 0.01
1858 1861 0.2
1858 1862 0.05
1858 1863 0.05
1858 1864 0.01
1858 1865 0.05
1861 175 0.2
1861 799 0.01
1861 930 0.2
1861 967 0.01
1861 1642 0.2
1861 2228 0.2
1861 2268 0.05
1861 3888 0.05
1861 3889 0.01
1861 3890 0.05
1865 358 0.01
1865 572 0.05
1865 701 0.01
1865 2582 0.2
1865 3089 0.01
1865 3131 0.05
1865 3897 0.2
1865 3898 0.05
1865 3899 0.2
1865 3900 0.05
1868 1196 0.05
1868 1539 0.05
1868 2962 0.01
1868 3140 0.01
1868 3441 0.2
1868 3896 0.01
1868 3901 0.2
1868 3902 0.2
1868 3903 0.01
1868 3904 0.01
1870 222 0.05
1870 238 0.01
1870 916 0.05
1870 1538 0.2
1870 1795 0.2
1870 1871 0.05
1870 1872 0.01
1870 1873 0.05
1870 1874 0.2
1870 1875 0.2
1871 26 0.2
1871 667 0.05
1871 1466 0.2
1871 2893 0.01
1871 3408 0.05
1871 3969 0.05
1875 92 0.01
1875 95 0.2
1875 350 0.2
1875 356 0.2
1875 705 0.05
1875 751 0.05
1875 753 0.2
1875 1042 0.2
1875 1073 0.01
1875 1365 0.01
1878 358 0.05
1878 937 0.2
1878 1836 0.05
1878 2006 0.2
1878 2536 0.05
1878 2787 0.05
1878 3228 0.01
1878 3912 0.2
1878 3913 0.01
1879 3 0.01
1879 127 0.2
1879 402 0.2
1879 2328 0.05
1879 3240 0.2
1879 3426 0.05
1879 3905 0.05
1879 3906 0.05
1879 3907 0.2
1879 3908 0.01
1880 3911 0.01
1882 224 0.2
1882 1876 0.2
1882 1878 0.01
1882 1883 0.01
1882 1884 0.05
1882 2043 0.01
1882 3045 0.2
1882 3909 0.2
1882 3910 0.2
1883 5 0.05
1883 324 0.2
1883 1629 0.05
1883 2014 0.2
1883 3322 0.05
1883 3916 0.2
1883 3917 0.01
1883 3918 0.01
1883 3919 0.2
1884 311 0.05
1884 1335 0.01
1884 1836 0.01
1884 2298 0.01
1884 3254 0.01
1884 3475 0.05
1884 3920 0.2
1884 3921 0.2
1884 3922 0.2
1884 3923 0.05
1889 1019 0.01
1889 1265 0.05
1889 1629 0.2
1889 2303 0.2
1889 2532 0.05
1889 3192 0.05
1889 3406 0.01
1889 3914 0.01
1889 3915 0.01
1891 736 0.01
1891 1804 0.01
1891 2427 0.01
1891 3676 0.01
1891 3934 0.2
1891 3935 0.2
1891 3936 0.01
1891 3937 0.01
1891 3938 0.2
1891 3939 0.05
1893 334 0.01
1893 1894 0.05
1893 1895 0.2
1893 1896 0.2
1893 1897 0.2
1893 1898 0.2
1893 1899 0.2
1894 3927 0.2
1895 268 0.01
1895 385 0.01
1895 611 0.05
1895 2100 0.05
1895 2800 0.05
1895 3924 0.05
1895 3925 0.2
1895 3926 0.2
1897 89 0.01
1897 95 0.05
1897 150 0.01
1897 176 0.2
1897 530 0.01
1897 836 0.01
1897 1042 0.2
1897 1126 0.2
1897 1389 0.2
1897 3151 0.2
1900 1656 0.05
1900 1680 0.01
1900 1901 0.01
1900 1902 0.2
1900 1903 0.2
1900 1904 0.2
1900 1905 0.2
1900 1906 0.05
1900 1907 0.2
1900 1908 0.05
1902 662 0.05
1902 912 0.2
1902 1651 0.2
1902 2079 0.01
1902 3095 0.2
1902 3721 0.2
1902 3940 0.01
1902 3941 0.05
1902 3942 0.2
1907 36 0.01
1907 1472 0.01
1907 1520 0.2
1907 2209 0.2
1907 2420 0.2
1907 3005 0.05
1907 3381 0.2
1907 3928 0.01
1907 3929 0.05
1907 3930 0.01
1909 71 0.05
1909 1705 0.05
1909 2562 0.01
1909 3210 0.05
1909 3489 0.05
1909 3955 0.05
1909 3956 0.01
1909 3957 0.01
1909 3958 0.2
1909 3959 0.2
1910 166 0.2
1910 237 0.01
1910 453 0.2
1910 482 0.2
1910 728 0.05
1910 1138 0.2
1910 3372 0.2
1910 3931 0.01
1910 3932 0.01
1910 3933 0.01
1914 78 0.01
1914 90 0.01
1914 91 0.2
1914 349 0.01
1914 565 0.2
1914 703 0.01
1914 707 0.01
1914 822 0.2
1914 1042 0.01
1914 1389 0.05
1915 318 0.2
1915 626 0.2
1915 2140 0.2
1915 2472 0.2
1915 2774 0.2
1915 2879 0.05
1915 4229 0.2
1915 4551 0.05
1915 7061 0.05
1915 7088 0.05
1916 79 0.01
1916 92 0.2
1916 95 0.05
1916 96 0.2
1916 534 0.05
1916 823 0.05
1916 824 0.2
1916 1235 0.2
1916 2091 0.2
1916 2452 0.2
1917 1920 0.05
1917 2361 0.01
1917 2462 0.05
1917 2614 0.01
1917 3779 0.2
1917 3943 0.2
1917 3944 0.01
1917 3945 0.01
1917 3946 0.05
1917 3947 0.05
1918 533 0.01
1918 632 0.01
1918 743 0.01
1918 1375 0.2
1918 1720 0.2
1918 2344 0.01
1918 2860 0.01
1918 3948 0.2
1918 3949 0.05
1918 3950 0.2
1919 482 0.2
1919 717 0.2
1919 764 0.2
1919 1730 0.2
1919 2698 0.01
1919 3262 0.2
1919 3951 0.2
1919 3952 0.05
1919 3953 0.2
1919 3954 0.05
1920 176 0.2
1921 4925 0.2
1922 363 0.05
1922 433 0.2
1922 1813 0.01
1922 1923 0.2
1922 1924 0.05
1922 1925 0.05
1922 1926 0.2
1922 1927 0.01
1922 1928 0.05
1926 533 0.01
1926 563 0.2
1926 565 0.2
1926 1691 0.2
1926 1761 0.05
1926 3136 0.01
1926 3970 0.05
1926 3971 0.05
1926 3972 0.01
1926 3973 0.01
1927 3976 0.05
1928 159 0.2
1928 314 0.01
1928 653 0.01
1928 810 0.2
1928 1224 0.01
1928 1727 0.05
1928 2026 0.01
1928 3960 0.2
1928 3961 0.01
1928 3962 0.2
1929 51 0.05
1929 79 0.2
1929 176 0.05
1929 226 0.05
1929 349 0.2
1929 565 0.01
1929 649 0.01
1929 708 0.2
1929 1074 0.05
1929 1389 0.2
1932 237 0.01
1932 1116 0.01
1932 1962 0.05
1932 3775 0.2
1932 3963 0.01
1932 3964 0.2
1932 3965 0.05
1932 3966 0.01
1932 3967 0.01
1932 3968 0.2
1934 51 0.05
1934 79 0.2
1934 349 0.01
1934 353 0.01
1934 532 0.01
1934 534 0.01
1934 563 0.05
1934 649 0.01
1934 705 0.01
1934 1074 0.2
1935 567 0.01
1935 1936 0.01
1935 1937 0.2
1935 1938 0.2
1935 1939 0.05
1935 1940 0.01
1935 1941 0.01
1935 1942 0.01
1935 1943 0.01
1935 1944 0.01
1939 95 0.05
1939 4129 0.05
1941 89 0.01
1941 95 0.01
1941 349 0.05
1941 822 0.2
1941 849 0.01
1941 3415 0.05
1941 3989 0.2
1941 3990 0.05
1941 3991 0.05
1941 3992 0.2
1945 905 0.2
1945 1881 0.2
1945 1946 0.2
1945 1947 0.2
1945 1948 0.2
1945 1949 0.2
1945 1950 0.05
1945 1951 0.01
1945 1952 0.05
1945 1953 0.2
1946 173 0.01
1946 452 0.2
1946 842 0.05
1946 1298 0.2
1946 1380 0.05
1946 3980 0.05
1946 3981 0.01
1946 3982 0.05
1946 3983 0.01
1946 3984 0.05
1947 422 0.01
1947 447 0.2
1947 607 0.05
1947 1531 0.2
1947 2113 0.05
1947 2528 0.05
1947 3841 0.05
1947 3977 0.05
1947 3978 0.05
1947 3979 0.2
1948 2301 0.01
1948 2689 0.05
1948 3174 0.05
1948 4130 0.2
1949 636 0.01
1949 1579 0.05
1949 2479 0.01
1949 2687 0.01
1949 3469 0.01
1949 3985 0.2
1949 3986 0.01
1949 3987 0.2
1949 3988 0.01
1954 1282 0.01
1954 1955 0.2
1954 1956 0.01
1954 1957 0.05
1954 1958 0.05
1954 1959 0.01
1954 1960 0.2
1954 1961 0.2
1954 1962 0.01
1954 1963 0.2
1956 347 0.2
1956 1931 0.01
1956 4309 0.05
1956 4801 0.2
1956 4813 0.05
1956 7210 0.05
1956 7655 0.01
1956 8092 0.01
1956 8093 0.01
1958 30 0.05
1958 714 0.2
1958 843 0.01
1958 1358 0.05
1958 1946 0.01
1958 3064 0.2
1958 3546 0.05
1958 3993 0.01
1958 3994 0.01
1958 3995 0.05
1960 2644 0.01
1964 79 0.05
1964 93 0.01
1964 353 0.05
1964 533 0.05
1964 563 0.01
1964 708 0.01
1964 1074 0.05
1964 1524 0.01
1964 1656 0.05
1964 2717 0.2
1969 1564 0.2
1969 2072 0.2
1969 2352 0.05
1969 2829 0.2
1969 3046 0.05
1969 4000 0.2
1969 4001 0.05
1969 4002 0.01
1969 4003 0.2
1969 4004 0.2
1970 1591 0.2
1970 1941 0.05
1970 1952 0.2
1970 1963 0.01
1970 1971 0.05
1970 1972 0.2
1970 1973 0.05
1970 1974 0.2
1970 1975 0.05
1970 1976 0.01
1971 433 0.05
1971 1171 0.2
1971 1172 0.01
1971 1205 0.05
1971 2517 0.2
1971 2719 0.05
1971 3996 0.05
1971 3997 0.05
1971 3998 0.05
1971 3999 0.01
1977 56 0.2
1977 620 0.01
1977 838 0.2
1977 857 0.05
1977 911 0.2
1977 1938 0.05
1977 1978 0.05
1977 1979 0.01
1977 1980 0.05
1977 1981 0.05
1982 144 0.05
1982 390 0.2
1982 402 0.01
1982 1983 0.01
1982 1984 0.01
1982 1985 0.01
1982 1986 0.05
1982 1987 0.05
1982 1988 0.01
1982 1989 0.01
1986 1457 0.01
1989 122 0.01
1989 284 0.05
1989 625 0.2
1989 2625 0.2
1989 3745 0.05
1989 4005 0.2
1989 4006 0.05
1989 4007 0.05
1989 4008 0.2
1989 4009 0.01
1990 25 0.01
1990 977 0.01
1990 1488 0.05
1990 1722 0.01
1990 1991 0.01
1990 1992 0.2
1990 1993 0.01
1990 1994 0.01
1990 1995 0.05
1996 1997 0.2
1998 671 0.05
1998 842 0.05
1998 1999 0.2
1998 2000 0.01
1998 2001 0.05
1998 2002 0.01
1998 2003 0.05
1998 2004 0.05
1998 2005 0.01
1998 2006 0.05
2004 224 0.01
2004 751 0.2
2004 1333 0.05
2004 1531 0.01
2004 2161 0.2
2004 2501 0.01
2004 3791 0.01
2004 4010 0.05
2007 1878 0.05
2007 2008 0.05
2007 2009 0.05
2007 2010 0.01
2007 2011 0.01
2007 2012 0.05
2007 2013 0.01
2007 2014 0.01
2007 2015 0.01
2007 2016 0.01
2010 441 0.05
2010 481 0.01
2010 1801 0.01
2010 2139 0.01
2010 2449 0.05
2010 3000 0.01
2010 3322 0.2
2010 4011 0.01
2010 4012 0.05
2012 267 0.05
2012 945 0.2
2012 1145 0.2
2012 1190 0.05
2012 2902 0.05
2012 4013 0.2
2012 4014 0.05
2012 4015 0.05
2012 4016 0.05
2012 4017 0.01
2015 487 0.01
2015 527 0.05
2015 1651 0.01
2015 1793 0.2
2015 3064 0.2
2015 3102 0.2
2015 4018 0.05
2015 4019 0.01
2015 4020 0.05
2015 4021 0.05
2017 106 0.05
2017 882 0.2
2017 1151 0.05
2017 1413 0.01
2017 2018 0.05
2017 2019 0.05
2017 2020 0.01
2017 2021 0.01
2017 2022 0.2
2017 2023 0.01
2018 40 0.05
2018 94 0.2
2018 2771 0.05
2018 3945 0.01
2018 4031 0.2
2018 4032 0.01
2018 4033 0.2
2018 4034 0.01
2018 4035 0.05
2018 4036 0.2
2019 114 0.05
2019 350 0.01
2019 410 0.01
2019 426 0.05
2019 1167 0.2
2019 1309 0.2
2019 2756 0.01
2019 3925 0.05
2019 4023 0.2
2019 4024 0.2
2021 4022 0.05
2024 1105 0.05
2024 2025 0.01
2024 2026 0.05
2024 2027 0.2
2024 2028 0.01
2024 2029 0.05
2024 2030 0.2
2024 2031 0.05
2024 2032 0.2
2024 2033 0.01
2030 575 0.2
2030 714 0.05
2030 2113 0.01
2030 3192 0.01
2030 3593 0.2
2030 3882 0.01
2030 4025 0.01
2030 4026 0.01
2030 4027 0.05
2030 4028 0.05
2031 1148 0.01
2031 4131 0.01
2032 222 0.01
2032 1051 0.2
2032 2185 0.05
2032 2447 0.2
2032 3000 0.05
2032 3200 0.2
2032 3424 0.05
2032 4029 0.2
2032 4030 0.2
2033 66 0.01
2033 815 0.05
2033 891 0.2
2033 1920 0.2
2033 3364 0.01
2033 4047 0.05
2033 4048 0.05
2033 4049 0.2
2033 4050 0.2
2033 4051 0.05
2034 5 0.2
2034 379 0.2
2034 1461 0.05
2034 1713 0.05
2034 2235 0.01
2034 2278 0.05
2034 3327 0.01
2034 3725 0.05
2034 4040 0.05
2034 4041 0.05
2035 445 0.05
2035 833 0.01
2035 1360 0.2
2035 1544 0.2
2035 2177 0.2
2035 2560 0.01
2035 2901 0.01
2035 4037 0.01
2035 4038 0.01
2035 4039 0.01
2036 503 0.2
2036 1479 0.01
2036 2084 0.01
2036 2466 0.01
2036 2582 0.2
2036 2583 0.01
2036 3034 0.2
2036 3982 0.2
2036 4042 0.05
2037 949 0.2
2037 1151 0.2
2037 1210 0.05
2037 2156 0.2
2037 2624 0.01
2037 3486 0.2
2037 3699 0.05
2037 3936 0.2
2037 4043 0.05
2037 4044 0.2
2040 3279 0.01
2041 1395 0.01
2041 1770 0.01
2041 1789 0.2
2041 2321 0.2
2041 2402 0.01
2041 2966 0.2
2041 3033 0.2
2041 4045 0.2
2041 4046 0.01
2044 78 0.05
2044 90 0.05
2044 91 0.01
2044 96 0.2
2044 356 0.01
2044 703 0.01
2044 706 0.05
2044 750 0.2
2044 1211 0.01
2044 1558 0.05
2045 382 0.01
2045 2103 0.05
2045 2576 0.2
2045 4052 0.05
2045 4053 0.05
2046 675 0.01
2046 694 0.05
2046 1274 0.05
2046 1791 0.01
2046 3184 0.01
2046 3251 0.05
2046 4054 0.01
2046 4055 0.05
2046 4056 0.05
2046 4057 0.2
2049 1789 0.01
2051 589 0.2
2051 1169 0.2
2051 1772 0.01
2051 2102 0.01
2051 2612 0.01
2051 2982 0.01
2051 3158 0.2
2051 3897 0.2
2051 4060 0.2
2052 284 0.01
2052 2470 0.2
2052 6029 0.01
2053 682 0.05
2053 1369 0.05
2053 2300 0.05
2053 2347 0.2
2053 2597 0.2
2053 4288 0.01
2053 4485 0.2
2053 5486 0.01
2053 5943 0.2
2053 6250 0.2
2055 57 0.2
2055 168 0.05
2055 1427 0.2
2055 3321 0.01
2055 3484 0.2
2055 4061 0.2
2055 4062 0.2
2055 4063 0.05
2055 4064 0.05
2055 4065 0.01
2057 90 0.01
2057 92 0.2
2057 96 0.2
2057 350 0.05
2057 750 0.01
2057 752 0.05
2057 825 0.01
2057 837 0.05
2057 1042 0.05
2057 1524 0.2
2058 1165 0.2
2058 1931 0.01
2058 2189 0.05
2058 4146 0.01
2059 916 0.05
2059 991 0.01
2059 2631 0.05
2059 3579 0.01
2059 4049 0.05
2059 4066 0.01
2059 4067 0.2
2059 4068 0.05
2059 4069 0.2
2059 4070 0.2
2061 122 0.01
2061 153 0.2
2061 158 0.2
2061 188 0.2
2061 2733 0.2
2061 3355 0.2
2061 4071 0.01
2061 4072 0.2
2061 4073 0.2
2061 4074 0.05
2067 201 0.2
2067 626 0.2
2067 803 0.2
2067 1824 0.05
2067 2519 0.01
2067 3204 0.2
2067 3452 0.2
2067 3896 0.05
2067 4075 0.05
2067 4076 0.2
2070 352 0.01
2070 355 0.05
2070 356 0.05
2070 387 0.01
2070 531 0.05
2070 534 0.05
2070 565 0.01
2070 649 0.01
2070 822 0.01
2070 825 0.01
2072 393 0.05
2072 1370 0.2
2072 1890 0.05
2072 2147 0.01
2072 2390 0.05
2072 2450 0.01
2072 3034 0.2
2072 3135 0.01
2072 4077 0.01
2072 4078 0.2
2075 90 0.01
2075 91 0.2
2075 93 0.05
2075 96 0.01
2075 355 0.2
2075 706 0.05
2075 750 0.05
2075 836 0.05
2075 837 0.2
2075 1365 0.01
2076 161 0.2
2076 2344 0.05
2076 2865 0.2
2076 2894 0.2
2076 5845 0.2
2076 5923 0.01
2076 6065 0.01
2076 6077 0.2
2076 6306 0.2
2076 6307 0.01
2078 14 0.05
2078 155 0.05
2078 298 0.05
2078 300 0.2
2078 393 0.2
2078 401 0.01
2078 447 0.01
2078 480 0.01
2078 542 0.2
2078 630 0.05
2078 728 0.05
2078 783 0.05
2078 796 0.2
2078 1049 0.01
2078 1122 0.01
2078 1239 0.05
2078 1384 0.05
2078 1548 0.05
2078 1799 0.01
2078 1853 0.01
2078 2004 0.05
2078 2037 0.05
2078 2264 0.2
2078 2293 0.01
2078 2332 0.05
2078 2580 0.2
2078 2754 0.2
2078 2820 0.05
2078 2869 0.2
2078 2998 0.01
2078 3008 0.2
2078 3194 0.2
2078 3281 0.05
2078 3368 0.01
2078 3483 0.05
2078 3593 0.05
2078 3662 0.05
2078 4015 0.05
2078 4113 0.01
2078 4114 0.01
2078 4115 0.2
2078 4116 0.2
2078 4117 0.2
2078 4118 0.05
2078 4119 0.05
2078 4120 0.05
2078 4121 0.01
2078 4122 0.01
2078 4123 0.01
2078 4124 0.05
2078 4125 0.05
2078 4126 0.2
2078 4127 0.2
2078 4128 0.05
2081 26 0.2
2081 760 0.05
2081 1219 0.01
2081 1318 0.2
2081 2219 0.05
2081 2552 0.01
2081 4079 0.01
2081 4080 0.05
2081 4081 0.01
2081 4082 0.05
2082 1045 0.01
2082 1633 0.01
2082 1885 0.05
2082 2034 0.2
2082 3021 0.01
2082 3517 0.2
2082 4083 0.01
2082 4084 0.2
2082 4085 0.05
2086 658 0.05
2086 991 0.01
2086 2551 0.2
2086 3278 0.01
2086 4086 0.05
2086 4087 0.2
2086 4088 0.05
2086 4089 0.05
2086 4090 0.05
2086 4091 0.05
2089 1794 0.2
2089 2645 0.01
2089 2796 0.05
2089 3790 0.2
2089 4018 0.01
2089 4092 0.2
2089 4093 0.2
2089 4094 0.2
2089 4095 0.05
2089 4096 0.2
2090 1375 0.2
2090 1548 0.01
2090 3422 0.05
2090 3841 0.05
2090 4052 0.2
2090 4093 0.05
2090 4097 0.05
2090 4098 0.05
2090 4099 0.05
2090 4100 0.05
2100 863 0.2
2100 892 0.05
2100 1592 0.01
2100 2134 0.05
2100 2899 0.05
2100 3019 0.01
2100 4101 0.01
2100 4102 0.2
2100 4103 0.01
2102 1488 0.05
2102 2002 0.05
2102 2302 0.01
2102 2718 0.2
2102 3132 0.2
2102 3252 0.2
2102 3623 0.05
2102 4076 0.01
2102 4104 0.01
2103 167 0.05
2103 2507 0.2
2103 3567 0.05
2103 3893 0.2
2103 4105 0.01
2103 4106 0.05
2103 4107 0.05
2103 4108 0.01
2103 4109 0.01
2105 485 0.2
2105 1118 0.01
2105 1336 0.05
2105 2072 0.2
2105 2325 0.2
2105 2352 0.2
2105 2629 0.2
2105 3214 0.2
2105 3263 0.01
2105 6151 0.05
2106 2527 0.2
2106 2756 0.05
2106 3124 0.01
2106 3204 0.2
2106 3893 0.05
2106 4055 0.05
2106 4090 0.05
2106 4110 0.01
2106 4111 0.2
2106 4112 0.05
2109 2212 0.01
2109 2414 0.05
2109 2440 0.2
2109 3281 0.05
2109 4132 0.01
2109 4133 0.01
2109 4134 0.2
2109 4135 0.05
2109 4136 0.05
2109 4137 0.05
2112 300 0.01
2112 1177 0.01
2112 1252 0.2
2112 2038 0.2
2112 2382 0.2
2112 2962 0.01
2112 3028 0.01
2112 3034 0.01
2112 4157 0.2
2112 4205 0.2
2113 1799 0.01
2113 1942 0.05
2113 2108 0.01
2113 2324 0.05
2113 4179 0.05
2113 4180 0.05
2113 4181 0.01
2113 4182 0.05
2113 4183 0.2
2113 4184 0.01
2116 256 0.2
2116 1041 0.2
2116 1561 0.05
2116 1592 0.01
2116 1747 0.01
2116 1888 0.05
2116 2147 0.2
2116 2576 0.05
2116 4138 0.05
2118 704 0.2
2118 2125 0.05
2118 3029 0.05
2118 3104 0.05
2118 3772 0.05
2118 3893 0.2
2118 4139 0.2
2118 4140 0.2
2118 4141 0.05
2120 432 0.05
2120 1640 0.2
2120 1759 0.01
2120 2205 0.05
2120 2384 0.2
2120 3873 0.2
2120 3893 0.01
2120 4190 0.01
2120 4191 0.2
2120 4192 0.01
2124 200 0.05
2124 469 0.2
2124 1035 0.2
2124 1512 0.01
2124 2064 0.2
2124 4080 0.01
2124 4142 0.2
2124 4143 0.2
2124 4144 0.05
2124 4145 0.2
2125 567 0.2
2125 2293 0.2
2125 2487 0.2
2125 2958 0.05
2125 3011 0.2
2125 3812 0.01
2125 4175 0.01
2125 4176 0.05
2125 4177 0.01
2125 4178 0.05
2131 507 0.01
2131 508 0.2
2131 850 0.05
2131 2830 0.05
2131 4061 0.2
2131 4147 0.05
2131 4148 0.2
2131 4149 0.2
2131 4150 0.05
2131 4151 0.01
2132 949 0.2
2132 1005 0.01
2132 1055 0.05
2132 1364 0.2
2132 2038 0.01
2132 2305 0.01
2132 2373 0.01
2132 2576 0.05
2132 4152 0.01
2132 4153 0.01
2133 349 0.2
2133 355 0.2
2133 565 0.2
2133 649 0.01
2133 708 0.01
2133 822 0.2
2133 824 0.2
2133 1389 0.05
2133 1821 0.01
2133 2144 0.01
2134 87 0.05
2134 1004 0.2
2134 2433 0.05
2134 4077 0.05
2134 4165 0.05
2134 4166 0.05
2134 4167 0.05
2134 4168 0.05
2134 4169 0.05
2135 145 0.01
2135 3237 0.2
2135 4157 0.01
2135 4158 0.01
2135 4159 0.2
2135 4160 0.01
2135 4161 0.05
2135 4162 0.01
2135 4163 0.01
2135 4164 0.2
2137 1146 0.2
2137 1392 0.05
2137 1646 0.01
2137 1767 0.01
2137 2468 0.05
2137 3415 0.05
2137 3420 0.01
2137 4154 0.05
2137 4155 0.05
2137 4156 0.2
2139 892 0.01
2139 1382 0.2
2139 2576 0.05
2139 2775 0.05
2139 2993 0.2
2139 3048 0.2
2139 3567 0.05
2139 4172 0.2
2139 4173 0.05
2139 4174 0.05
2140 215 0.05
2140 554 0.2
2140 851 0.05
2140 1780 0.05
2140 1965 0.2
2140 2866 0.01
2140 3281 0.05
2140 3856 0.05
2140 4170 0.01
2140 4171 0.01
2143 39 0.2
2143 1048 0.05
2143 1088 0.01
2143 1504 0.01
2143 1597 0.05
2143 3016 0.2
2143 4218 0.05
2143 4219 0.01
2143 4220 0.2
2143 4221 0.2
2149 347 0.2
2149 656 0.2
2149 657 0.2
2149 1588 0.05
2149 1842 0.05
2149 4193 0.01
2149 4194 0.05
2149 4195 0.05
2149 4196 0.2
2149 4197 0.01
2150 775 0.05
2150 1215 0.01
2150 1425 0.01
2150 1567 0.05
2150 1568 0.05
2150 3203 0.05
2150 3233 0.2
2150 4014 0.2
2150 4203 0.05
2150 4204 0.05
2157 79 0.01
2157 226 0.01
2157 351 0.05
2157 352 0.2
2157 353 0.2
2157 354 0.2
2157 751 0.2
2157 823 0.01
2157 825 0.05
2157 1074 0.2
2158 3088 0.2
2158 3558 0.2
2158 4732 0.05
2158 6688 0.2
2160 610 0.2
2160 1017 0.01
2160 1147 0.2
2160 1299 0.01
2160 2296 0.05
2160 2688 0.01
2160 3349 0.01
2160 3415 0.01
2160 3859 0.2
2160 4039 0.05
2162 294 0.2
2162 807 0.2
2162 2288 0.01
2162 2575 0.01
2162 4198 0.01
2162 4199 0.2
2162 4200 0.01
2162 4201 0.01
2162 4202 0.05
2166 2951 0.2
2167 167 0.2
2167 1196 0.01
2167 1661 0.05
2167 2103 0.2
2167 2507 0.01
2167 2544 0.01
2167 3263 0.05
2167 4206 0.05
2167 4207 0.05
2167 4208 0.2
2172 1769 0.01
2172 1873 0.01
2172 2324 0.05
2172 2384 0.01
2172 2465 0.05
2172 3018 0.05
2172 3266 0.01
2172 3615 0.01
2172 4065 0.2
2172 5708 0.05
2177 572 0.2
2177 2310 0.2
2177 3897 0.2
2177 3959 0.01
2177 4233 0.05
2178 2179 0.01
2181 326 0.05
2181 746 0.2
2181 807 0.05
2181 3196 0.2
2181 3780 0.05
2181 4209 0.05
2181 4210 0.01
2181 4211 0.05
2181 4212 0.2
2181 4213 0.01
2182 654 0.2
2182 1033 0.05
2182 1317 0.01
2182 1929 0.01
2182 2198 0.2
2182 2873 0.2
2182 3424 0.05
2182 4138 0.01
2182 4214 0.01
2182 4215 0.05
2183 112 0.2
2183 473 0.05
2183 490 0.05
2183 554 0.05
2183 1142 0.2
2183 2621 0.2
2183 3786 0.05
2183 4222 0.01
2183 4223 0.2
2183 4224 0.05
2189 78 0.05
2189 350 0.2
2189 707 0.05
2189 751 0.05
2189 752 0.05
2189 836 0.05
2189 1073 0.2
2189 1237 0.2
2189 4216 0.01
2189 4217 0.01
2196 4239 0.01
2198 90 0.2
2198 93 0.05
2198 95 0.05
2198 150 0.2
2198 176 0.01
2198 353 0.2
2198 534 0.01
2198 649 0.2
2198 822 0.01
2198 823 0.05
2199 672 0.01
2199 820 0.2
2199 1598 0.05
2199 1714 0.01
2199 2629 0.05
2199 3729 0.01
2199 4225 0.01
2199 4226 0.05
2199 4227 0.2
2199 4228 0.01
2200 150 0.01
2200 349 0.2
2200 530 0.01
2200 563 0.01
2200 706 0.05
2200 708 0.01
2200 1074 0.05
2200 1126 0.05
2200 1493 0.2
2200 1821 0.05
2204 169 0.01
2204 354 0.01
2204 392 0.05
2204 527 0.2
2204 1460 0.01
2204 2892 0.05
2204 3516 0.2
2204 4229 0.05
2204 4230 0.05
2204 4231 0.01
2206 509 0.2
2206 953 0.01
2206 1392 0.01
2206 1811 0.01
2206 2125 0.05
2206 2344 0.01
2206 3676 0.05
2206 3724 0.01
2206 4232 0.01
2209 51 0.01
2209 95 0.05
2209 649 0.01
2209 752 0.05
2209 836 0.2
2209 1042 0.05
2209 1126 0.01
2209 1211 0.2
2209 1389 0.2
2209 2717 0.05
2211 246 0.05
2211 398 0.05
2211 1774 0.2
2211 1936 0.05
2211 2350 0.2
2211 3302 0.05
2211 3368 0.05
2211 3409 0.01
2211 4234 0.01
2211 4235 0.2
2219 80 0.05
2219 284 0.2
2219 458 0.2
2219 532 0.2
2219 1635 0.2
2219 2084 0.2
2219 3600 0.01
2219 4236 0.2
2219 4237 0.2
2219 4238 0.01
2221 93 0.05
2221 649 0.01
2221 750 0.2
2221 822 0.01
2221 836 0.01
2221 1237 0.2
2221 1389 0.05
2221 1450 0.05
2221 1656 0.01
2221 2930 0.05
2223 450 0.05
2223 969 0.01
2223 1599 0.05
2223 2199 0.01
2223 3582 0.01
2223 4013 0.01
2223 4240 0.01
2223 4241 0.05
2223 4242 0.05
2223 4243 0.05
2224 712 0.2
2224 1120 0.05
2224 1604 0.2
2224 2148 0.05
2224 2654 0.01
2224 2661 0.01
2224 4105 0.01
2224 4182 0.05
2224 5908 0.01
2224 6067 0.2
2228 2707 0.01
2228 2852 0.05
2228 4091 0.2
2228 4210 0.05
2228 4244 0.01
2234 85 0.05
2234 1459 0.05
2234 1487 0.01
2234 2379 0.01
2234 3470 0.01
2234 3473 0.05
2234 3530 0.2
2234 4248 0.2
2234 4249 0.05
2234 4250 0.05
2235 1087 0.05
2235 1151 0.2
2235 1206 0.2
2235 1431 0.05
2235 2450 0.2
2235 2576 0.05
2235 3979 0.2
2235 4245 0.2
2235 4246 0.01
2235 4247 0.01
2237 89 0.01
2237 150 0.05
2237 352 0.05
2237 532 0.05
2237 563 0.05
2237 708 0.2
2237 752 0.05
2237 753 0.2
2237 824 0.05
2237 1126 0.05
2241 4155 0.01
2242 351 0.05
2242 1129 0.05
2242 1359 0.2
2242 1805 0.01
2242 1835 0.05
2242 2218 0.05
2242 3131 0.01
2242 3880 0.2
2242 4018 0.2
2242 4254 0.05
2243 497 0.05
2243 541 0.05
2243 731 0.2
2243 2098 0.01
2243 2528 0.2
2243 2670 0.01
2243 3725 0.05
2243 4251 0.2
2243 4252 0.2
2243 4253 0.2
2245 554 0.2
2245 1165 0.05
2245 1431 0.01
2245 1447 0.01
2245 1767 0.05
2245 1896 0.05
2245 3909 0.2
2245 4045 0.2
2245 4255 0.01
2245 4256 0.2
2247 96 0.01
2247 150 0.2
2247 530 0.05
2247 563 0.01
2247 564 0.01
2247 565 0.05
2247 822 0.05
2247 824 0.2
2247 1074 0.05
2247 1821 0.2
2248 78 0.2
2248 91 0.01
2248 851 0.01
2248 1195 0.05
2248 3632 0.2
2248 4098 0.01
2248 4257 0.01
2248 4258 0.05
2248 4259 0.2
2249 79 0.05
2249 90 0.05
2249 353 0.01
2249 356 0.01
2249 563 0.2
2249 565 0.01
2249 1042 0.05
2249 1309 0.2
2249 1821 0.01
2249 2144 0.2
2250 378 0.05
2250 599 0.01
2250 799 0.01
2250 1341 0.05
2250 2041 0.05
2250 2099 0.2
2250 2402 0.05
2250 4260 0.2
2250 4261 0.01
2252 3374 0.01
2252 5524 0.2
2255 51 0.2
2255 89 0.05
2255 95 0.2
2255 353 0.2
2255 533 0.05
2255 565 0.05
2255 752 0.2
2255 753 0.01
2255 822 0.2
2255 1365 0.01
2261 67 0.2
2261 713 0.2
2261 908 0.05
2261 1358 0.01
2261 1881 0.01
2261 2787 0.05
2261 3173 0.01
2261 3774 0.01
2261 4262 0.2
2261 4263 0.01
2270 636 0.2
2270 834 0.05
2270 1305 0.2
2270 1501 0.05
2270 2190 0.01
2270 2361 0.2
2270 2970 0.2
2270 3879 0.01
2270 4264 0.05
2270 4265 0.2
2273 470 0.05
2273 479 0.01
2273 639 0.05
2273 1189 0.2
2273 3151 0.01
2273 4259 0.05
2273 4266 0.2
2273 4267 0.01
2273 4268 0.05
2273 4269 0.01
2275 78 0.01
2275 88 0.2
2275 91 0.05
2275 150 0.2
2275 703 0.2
2275 822 0.01
2275 836 0.2
2275 1074 0.05
2275 1389 0.2
2275 2717 0.05
2277 385 0.05
2277 559 0.2
2277 578 0.01
2277 1280 0.2
2277 1506 0.2
2277 3356 0.01
2277 3375 0.05
2277 4262 0.05
2277 4273 0.05
2277 4274 0.05
2279 701 0.01
2279 951 0.05
2279 1047 0.2
2279 1647 0.2
2279 1859 0.01
2279 4098 0.01
2279 4151 0.01
2279 4288 0.01
2279 4289 0.2
2279 4290 0.2
2280 267 0.2
2280 313 0.05
2280 796 0.01
2280 1520 0.05
2280 2168 0.05
2280 2264 0.01
2280 2599 0.05
2280 2783 0.05
2280 3206 0.05
2280 4270 0.2
2281 545 0.2
2281 733 0.05
2281 1735 0.05
2281 2154 0.01
2281 2172 0.05
2281 2429 0.01
2281 3043 0.2
2281 3261 0.2
2281 3567 0.2
2281 3852 0.2
2282 78 0.01
2282 79 0.2
2282 226 0.2
2282 349 0.2
2282 351 0.2
2282 356 0.2
2282 706 0.01
2282 708 0.05
2282 1309 0.05
2282 1558 0.01
2283 96 0.2
2283 350 0.05
2283 644 0.05
2283 837 0.2
2283 1906 0.01
2283 2896 0.01
2283 3151 0.01
2283 3885 0.2
2283 3982 0.05
2283 4015 0.05
2284 348 0.2
2284 811 0.01
2284 816 0.05
2284 2293 0.2
2284 2796 0.05
2284 2996 0.05
2284 3509 0.05
2284 4114 0.01
2284 4271 0.2
2284 4272 0.01
2287 232 0.01
2287 2321 0.05
2287 2451 0.05
2287 4529 0.01
2287 5663 0.01
2287 5789 0.05
2287 5790 0.01
2287 5791 0.2
2287 5792 0.2
2287 5793 0.05
2289 1114 0.2
2289 2139 0.05
2289 2418 0.2
2289 3124 0.01
2289 3869 0.05
2289 4283 0.2
2289 4284 0.01
2289 4285 0.05
2289 4286 0.2
2289 4287 0.05
2292 1106 0.01
2292 2285 0.05
2292 2767 0.01
2292 3061 0.2
2292 3803 0.2
2292 4275 0.01
2292 4276 0.05
2292 4277 0.2
2292 4278 0.2
2292 4279 0.01
2294 1097 0.01
2294 1144 0.2
2294 1509 0.2
2294 2381 0.01
2294 2384 0.01
2294 2500 0.01
2294 4291 0.05
2294 4292 0.05
2294 4293 0.05
2294 4294 0.2
2297 2363 0.05
2297 2711 0.05
2297 3160 0.01
2297 3432 0.05
2297 3572 0.05
2297 4320 0.01
2297 4321 0.05
2297 4322 0.05
2297 4323 0.2
2297 4324 0.01
2298 101 0.05
2298 556 0.2
2298 754 0.2
2298 1639 0.05
2298 2034 0.05
2298 2685 0.2
2298 2985 0.01
2298 4280 0.05
2298 4281 0.05
2298 4282 0.2
2299 673 0.2
2299 972 0.2
2299 1840 0.05
2299 2041 0.05
2299 2902 0.01
2299 3676 0.05
2299 3804 0.2
2299 4295 0.05
2299 4296 0.05
2299 4297 0.2
2301 410 0.05
2301 421 0.01
2301 511 0.01
2301 762 0.2
2301 2334 0.01
2301 2523 0.05
2301 2678 0.01
2301 2690 0.05
2301 3447 0.01
2301 4404 0.2
2301 4414 0.05
2301 4415 0.2
2302 397 0.2
2302 1712 0.2
2302 1805 0.01
2302 3623 0.2
2302 3811 0.01
2302 3909 0.01
2302 4298 0.2
2302 4299 0.01
2313 291 0.05
2313 2560 0.01
2313 2728 0.01
2313 2771 0.2
2313 4198 0.01
2313 4200 0.05
2313 4310 0.05
2313 4311 0.2
2313 4312 0.2
2315 49 0.01
2315 367 0.2
2315 1099 0.05
2315 1838 0.05
2315 2454 0.2
2315 3059 0.01
2315 3828 0.05
2315 4300 0.05
2315 4301 0.05
2315 4302 0.2
2317 541 0.01
2317 728 0.01
2317 790 0.01
2317 1379 0.01
2317 1380 0.01
2317 2248 0.2
2317 2877 0.2
2317 3008 0.05
2317 4303 0.01
2317 4304 0.2
2320 1346 0.05
2320 2138 0.2
2320 2929 0.01
2320 4070 0.2
2320 4305 0.01
2320 4306 0.2
2320 4307 0.05
2320 4308 0.2
2320 4309 0.05
2322 51 0.01
2322 284 0.01
2322 951 0.01
2322 1525 0.05
2322 1559 0.05
2322 1625 0.2
2322 2504 0.2
2322 2820 0.05
2322 3046 0.05
2324 92 0.01
2324 93 0.2
2324 226 0.01
2324 355 0.01
2324 533 0.01
2324 703 0.01
2324 751 0.05
2324 752 0.2
2324 836 0.01
2324 1211 0.2
2327 1358 0.2
2327 1881 0.2
2327 2490 0.2
2327 2856 0.2
2327 3391 0.05
2327 3518 0.05
2327 3554 0.05
2327 4313 0.2
2327 4314 0.2
2327 4315 0.05
2328 405 0.05
2328 940 0.01
2328 1254 0.2
2328 2259 0.05
2328 2264 0.2
2328 2786 0.01
2328 3929 0.05
2328 4316 0.01
2328 4317 0.01
2328 4318 0.2
2334 606 0.05
2334 1014 0.2
2334 2303 0.2
2334 2310 0.01
2334 2532 0.2
2334 3320 0.01
2334 3478 0.2
2334 3687 0.2
2334 3745 0.01
2334 4319 0.01
2336 1424 0.2
2337 993 0.05
2337 1535 0.01
2337 1597 0.01
2337 2765 0.05
2337 3487 0.01
2337 3531 0.2
2337 4037 0.05
2337 4331 0.05
2337 4332 0.2
2337 4333 0.05
2340 88 0.01
2340 90 0.01
2340 349 0.2
2340 534 0.05
2340 563 0.2
2340 564 0.01
2340 565 0.05
2340 703 0.05
2340 836 0.05
2340 1365 0.05
2341 1191 0.05
2341 2282 0.2
2341 3010 0.2
2341 4325 0.05
2341 4326 0.05
2341 4327 0.05
2341 4328 0.01
2341 4329 0.05
2341 4330 0.2
2348 1263 0.2
2348 2362 0.05
2348 4298 0.05
2348 4334 0.2
2348 4335 0.01
2348 4336 0.05
2348 4337 0.05
2348 4338 0.2
2348 4339 0.05
2348 4340 0.05
2355 84 0.2
2355 260 0.01
2355 2328 0.01
2355 2781 0.01
2355 2788 0.05
2355 3359 0.05
2355 4342 0.01
2355 4343 0.01
2355 4344 0.2
2359 161 0.05
2359 1731 0.2
2359 1790 0.2
2359 2756 0.01
2359 3075 0.05
2359 3192 0.2
2359 3344 0.05
2359 3604 0.2
2359 4341 0.01
2363 256 0.05
2363 294 0.2
2363 296 0.05
2363 2136 0.01
2363 2640 0.2
2363 2780 0.01
2363 3008 0.01
2363 3808 0.2
2363 4114 0.2
2363 4351 0.2
2366 229 0.2
2366 591 0.05
2366 1598 0.2
2366 2735 0.2
2366 4345 0.01
2366 4346 0.01
2366 4347 0.2
2366 4348 0.01
2366 4349 0.01
2366 4350 0.05
2367 2487 0.2
2367 2767 0.2
2367 2786 0.2
2367 3014 0.2
2367 3115 0.05
2367 4154 0.2
2367 4356 0.05
2367 4357 0.01
2367 4358 0.2
2367 4359 0.05
2370 79 0.05
2370 176 0.01
2370 352 0.01
2370 649 0.05
2370 824 0.05
2370 1041 0.2
2370 1074 0.05
2370 1126 0.05
2370 1389 0.01
2370 1656 0.2
2372 175 0.05
2372 1488 0.05
2372 2094 0.2
2372 2429 0.01
2372 3132 0.2
2372 3421 0.01
2372 3757 0.01
2372 4353 0.2
2372 4354 0.2
2372 4355 0.05
2374 1986 0.05
2375 72 0.05
2375 73 0.01
2375 420 0.05
2375 656 0.01
2375 1409 0.2
2375 1434 0.05
2375 1571 0.2
2375 1707 0.05
2375 2795 0.2
2375 4352 0.2
2380 4363 0.2
2388 166 0.05
2388 405 0.05
2388 657 0.01
2388 964 0.01
2388 4045 0.05
2388 4061 0.05
2388 4407 0.01
2388 4434 0.01
2388 6926 0.01
2388 6927 0.2
2391 432 0.05
2391 1503 0.05
2391 2161 0.01
2391 2745 0.01
2391 3075 0.05
2391 3557 0.01
2391 3908 0.05
2391 4360 0.2
2391 4361 0.05
2391 4362 0.01
2400 426 0.2
2400 1354 0.05
2400 1635 0.05
2400 1850 0.01
2400 2006 0.05
2400 2654 0.05
2400 2697 0.05
2400 3041 0.01
2400 3176 0.2
2400 3240 0.01
2400 3575 0.2
2400 4093 0.05
2400 4108 0.05
2400 4232 0.01
2400 4348 0.2
2400 4364 0.01
2400 4365 0.01
2400 4366 0.2
2400 4367 0.05
2400 4368 0.01
2404 36 0.01
2404 755 0.2
2404 2285 0.05
2404 2428 0.2
2404 3809 0.01
2404 3965 0.01
2404 4276 0.05
2404 4388 0.05
2404 4389 0.01
2404 4390 0.05
2406 93 0.01
2406 150 0.2
2406 349 0.05
2406 533 0.05
2406 534 0.2
2406 563 0.2
2406 649 0.05
2406 752 0.05
2406 2847 0.05
2406 3150 0.05
2407 2 0.05
2407 684 0.01
2407 2154 0.01
2407 2681 0.01
2407 3017 0.01
2407 3197 0.01
2407 3605 0.01
2407 3975 0.2
2407 4412 0.01
2407 4413 0.2
2409 1151 0.2
2409 2800 0.01
2409 7424 0.01
2410 71 0.01
2410 102 0.05
2410 201 0.2
2410 476 0.2
2410 929 0.2
2410 1321 0.05
2410 1467 0.2
2410 1640 0.01
2410 2200 0.2
2410 2298 0.01
2410 2304 0.05
2410 2680 0.05
2410 2735 0.01
2410 4122 0.2
2410 4205 0.2
2410 4369 0.01
2410 4370 0.01
2410 4371 0.05
2410 4372 0.01
2410 4373 0.01
2410 4374 0.05
2410 4375 0.05
2410 4376 0.2
2410 4377 0.01
2410 4378 0.2
2411 996 0.2
2411 1490 0.01
2411 2202 0.05
2411 2973 0.01
2411 3218 0.01
2411 4379 0.01
2411 4380 0.2
2411 4381 0.05
2411 4382 0.2
2412 249 0.2
2412 296 0.05
2412 487 0.01
2412 1789 0.2
2412 2474 0.01
2412 3587 0.2
2412 4383 0.05
2412 4384 0.05
2412 4385 0.2
2412 4386 0.2
2418 395 0.05
2418 1047 0.01
2418 1159 0.05
2418 1333 0.05
2418 1391 0.2
2418 1659 0.2
2418 2140 0.05
2418 2190 0.05
2418 3539 0.01
2418 4387 0.05
2421 226 0.05
2421 353 0.2
2421 532 0.05
2421 563 0.01
2421 822 0.05
2421 825 0.01
2421 1074 0.01
2421 1126 0.2
2421 1493 0.2
2421 1821 0.05
2425 277 0.01
2425 283 0.2
2425 805 0.05
2425 1058 0.05
2425 1490 0.05
2425 1774 0.2
2425 2036 0.2
2425 2472 0.05
2425 3666 0.01
2425 3835 0.01
2427 855 0.05
2427 1754 0.01
2427 2648 0.05
2427 3451 0.05
2427 4391 0.05
2427 4392 0.05
2427 4393 0.2
2427 4394 0.01
2427 4395 0.01
2427 4396 0.2
2433 240 0.05
2433 942 0.2
2433 1776 0.01
2433 2442 0.05
2433 2952 0.05
2433 2994 0.05
2433 2996 0.01
2433 3124 0.2
2433 4401 0.05
2433 4402 0.2
2434 149 0.01
2434 1033 0.01
2434 2521 0.01
2434 2866 0.01
2434 3621 0.05
2434 4064 0.2
2434 4397 0.05
2434 4398 0.2
2434 4399 0.01
2434 4400 0.05
2436 347 0.2
2438 901 0.2
2438 1590 0.05
2438 2127 0.2
2438 2228 0.05
2438 4409 0.01
2439 71 0.2
2439 166 0.2
2439 2287 0.01
2439 2523 0.2
2439 2750 0.01
2439 2985 0.05
2439 4403 0.2
2439 4404 0.01
2439 4405 0.05
2439 4406 0.01
2440 331 0.05
2440 820 0.2
2440 918 0.2
2440 951 0.05
2440 1016 0.01
2440 2768 0.2
2440 3475 0.05
2440 3536 0.05
2440 4407 0.05
2440 4408 0.05
2445 1171 0.05
2445 1317 0.01
2445 3664 0.05
2445 3668 0.05
2445 3762 0.01
2445 3768 0.05
2445 3839 0.01
2445 4429 0.01
2445 4430 0.01
2445 4431 0.05
2446 2169 0.05
2448 363 0.01
2448 490 0.01
2448 584 0.2
2448 618 0.01
2448 1504 0.05
2448 1871 0.2
2448 2056 0.05
2448 4136 0.01
2448 4410 0.01
2448 4411 0.01
2453 587 0.05
2453 846 0.05
2453 2239 0.05
2453 2392 0.01
2453 4416 0.05
2453 4417 0.05
2453 4418 0.05
2453 4419 0.05
2453 4420 0.01
2453 4421 0.2
2457 251 0.05
2461 638 0.2
2462 582 0.2
2462 916 0.05
2462 1623 0.2
2462 2180 0.2
2462 2218 0.05
2462 2344 0.01
2462 2461 0.2
2462 3037 0.05
2462 4422 0.05
2462 4423 0.2
2463 676 0.05
2463 916 0.05
2463 1288 0.05
2463 1427 0.01
2463 1704 0.05
2463 2755 0.2
2463 4209 0.2
2463 4424 0.01
2463 4425 0.05
2463 4426 0.05
2469 163 0.05
2469 237 0.05
2469 380 0.05
2469 667 0.2
2469 2252 0.05
2469 2465 0.01
2469 3018 0.05
2469 3217 0.2
2469 3720 0.05
2469 4437 0.2
2469 4438 0.01
2470 695 0.2
2470 720 0.2
2470 1888 0.05
2470 2075 0.05
2470 2077 0.05
2470 3835 0.05
2470 4427 0.05
2470 4428 0.05
2471 162 0.01
2471 770 0.05
2471 1463 0.2
2471 1741 0.05
2471 4032 0.05
2471 4432 0.01
2471 4433 0.01
2471 4434 0.01
2471 4435 0.01
2471 4436 0.01
2473 162 0.05
2473 250 0.2
2473 284 0.2
2473 1344 0.2
2473 2551 0.05
2473 3018 0.01
2473 3391 0.01
2473 4437 0.05
2473 4438 0.2
2473 4439 0.2
2474 51 0.2
2474 150 0.05
2474 352 0.05
2474 353 0.05
2474 532 0.05
2474 704 0.2
2474 824 0.2
2474 1074 0.2
2474 1220 0.05
2474 1557 0.05
2475 4443 0.2
2476 265 0.2
2476 1403 0.2
2476 2864 0.01
2476 3218 0.01
2476 3783 0.2
2478 506 0.05
2478 1710 0.2
2478 1955 0.01
2478 2096 0.2
2478 2596 0.01
2478 3228 0.05
2478 3562 0.05
2478 3619 0.2
2478 3765 0.05
2478 4459 0.2
2479 385 0.05
2479 2539 0.05
2479 2588 0.01
2479 3031 0.2
2479 4365 0.01
2479 4440 0.05
2479 4441 0.2
2479 4442 0.05
2484 846 0.2
2484 2392 0.05
2484 2453 0.05
2484 2654 0.2
2484 3793 0.05
2484 4418 0.01
2484 4438 0.01
2484 4453 0.01
2484 4454 0.05
2484 4455 0.01
2491 417 0.05
2491 903 0.05
2491 1319 0.01
2491 2338 0.01
2491 3572 0.01
2491 3700 0.2
2491 4399 0.05
2491 4444 0.05
2491 4445 0.01
2491 4446 0.05
2493 675 0.05
2493 1458 0.2
2493 2923 0.2
2493 3797 0.01
2493 4447 0.01
2493 4448 0.05
2493 4449 0.05
2493 4450 0.01
2493 4451 0.01
2493 4452 0.05
2498 217 0.05
2498 522 0.2
2498 1011 0.2
2498 1444 0.05
2498 2787 0.05
2498 2868 0.2
2498 3778 0.2
2498 4456 0.01
2498 4457 0.01
2498 4458 0.01
2500 1198 0.05
2500 1569 0.2
2500 2416 0.05
2500 2633 0.01
2500 3740 0.2
2500 3822 0.01
2500 4460 0.2
2500 4461 0.01
2500 4462 0.05
2500 4463 0.05
2505 609 0.2
2505 610 0.2
2505 722 0.01
2505 3517 0.01
2505 3644 0.05
2505 3732 0.05
2505 4495 0.2
2505 4496 0.01
2506 976 0.05
2506 1219 0.01
2506 2315 0.01
2506 4081 0.2
2506 5854 0.05
2506 6343 0.05
2506 6364 0.01
2506 6365 0.2
2506 6366 0.01
2507 51 0.01
2507 95 0.2
2507 96 0.01
2507 176 0.2
2507 349 0.05
2507 387 0.2
2507 533 0.2
2507 563 0.01
2507 753 0.05
2507 823 0.05
2509 16 0.2
2509 372 0.05
2509 397 0.01
2509 1109 0.2
2509 1188 0.01
2509 1448 0.01
2509 1509 0.05
2509 3808 0.05
2509 4464 0.01
2509 4465 0.2
2515 93 0.01
2515 530 0.05
2515 649 0.05
2515 815 0.01
2515 948 0.01
2515 1041 0.2
2515 2847 0.05
2515 4466 0.01
2515 4467 0.01
2515 4468 0.2
2517 117 0.05
2517 404 0.05
2517 1516 0.01
2517 2123 0.05
2517 2170 0.05
2517 2948 0.2
2517 4469 0.05
2517 4470 0.01
2517 4471 0.01
2517 4472 0.2
2518 245 0.01
2518 1077 0.05
2518 1106 0.2
2518 1525 0.2
2518 1993 0.2
2518 2037 0.01
2518 2579 0.2
2518 4473 0.01
2518 4474 0.2
2518 4475 0.2
2524 533 0.01
2524 2451 0.01
2524 3137 0.01
2524 4476 0.2
2524 4477 0.2
2524 4478 0.05
2524 4479 0.01
2524 4480 0.05
2524 4481 0.01
2524 4482 0.01
2527 176 0.01
2527 226 0.05
2527 352 0.05
2527 356 0.01
2527 531 0.2
2527 708 0.2
2527 825 0.05
2527 1126 0.01
2527 1558 0.2
2527 1821 0.01
2528 161 0.2
2528 632 0.01
2528 847 0.2
2528 942 0.01
2528 1580 0.05
2528 2029 0.01
2528 2799 0.01
2528 3174 0.2
2528 3413 0.2
2528 4483 0.2
2529 837 0.01
2529 2355 0.2
2529 2375 0.2
2529 2774 0.01
2529 3522 0.2
2529 3528 0.01
2529 4230 0.01
2529 4382 0.2
2529 4484 0.2
2529 4485 0.2
2530 71 0.05
2530 716 0.05
2530 850 0.01
2530 2054 0.01
2530 2830 0.01
2530 3294 0.05
2530 4325 0.01
2530 4486 0.2
2530 4487 0.01
2530 4488 0.05
2531 845 0.05
2531 992 0.2
2531 1674 0.01
2531 1830 0.01
2531 2769 0.05
2531 3267 0.05
2531 3652 0.05
2531 3840 0.01
2531 3841 0.05
2532 78 0.05
2532 90 0.01
2532 91 0.2
2532 226 0.01
2532 353 0.2
2532 354 0.01
2532 706 0.01
2532 751 0.05
2532 836 0.05
2532 1821 0.01
2537 54 0.01
2537 117 0.2
2537 1334 0.05
2537 2006 0.01
2537 2342 0.2
2537 2353 0.05
2537 2397 0.01
2537 3583 0.05
2537 4510 0.05
2537 4511 0.05
2539 1471 0.2
2539 1520 0.05
2539 2633 0.05
2539 3703 0.05
2539 4489 0.2
2539 4490 0.2
2539 4491 0.05
2539 4492 0.05
2539 4493 0.2
2539 4494 0.2
2541 2184 0.2
2546 51 0.01
2546 356 0.2
2546 380 0.01
2546 824 0.2
2546 1226 0.01
2546 1821 0.2
2546 3965 0.2
2546 4437 0.01
2546 4497 0.01
2546 4498 0.05
2547 259 0.05
2547 306 0.2
2547 1833 0.2
2547 1972 0.2
2547 3663 0.2
2547 4409 0.2
2547 4483 0.2
2547 4502 0.2
2547 4503 0.01
2547 4504 0.2
2548 1828 0.2
2548 1998 0.01
2548 2471 0.01
2548 2760 0.05
2548 3966 0.05
2548 4384 0.2
2548 4499 0.05
2548 4500 0.01
2548 4501 0.05
2553 405 0.2
2553 962 0.05
2553 1580 0.05
2553 2063 0.05
2553 2434 0.2
2553 2913 0.01
2553 3619 0.2
2553 4517 0.05
2553 4518 0.05
2553 4519 0.05
2554 794 0.01
2554 796 0.2
2554 969 0.05
2554 3859 0.2
2554 4294 0.01
2554 4505 0.05
2554 4506 0.2
2554 4507 0.05
2554 4508 0.01
2554 4509 0.05
2557 51 0.01
2557 1158 0.2
2557 2137 0.01
2557 2856 0.2
2557 3362 0.01
2557 3627 0.2
2557 4108 0.01
2557 4112 0.2
2557 4512 0.01
2557 4513 0.05
2559 1890 0.2
2559 2299 0.01
2559 3026 0.2
2559 3085 0.01
2559 3664 0.01
2559 4042 0.01
2559 4665 0.01
2559 4666 0.01
2559 4667 0.2
2560 429 0.05
2560 783 0.2
2560 816 0.05
2560 833 0.05
2560 1151 0.2
2560 1642 0.2
2560 3260 0.2
2560 4514 0.05
2560 4515 0.05
2560 4516 0.05
2565 4535 0.2
2567 225 0.05
2567 232 0.05
2567 469 0.2
2567 1056 0.05
2567 1869 0.05
2567 2125 0.05
2567 2190 0.2
2567 3683 0.05
2567 4520 0.2
2567 4521 0.01
2570 85 0.2
2570 333 0.01
2570 1445 0.01
2570 1554 0.01
2570 1664 0.2
2570 1899 0.01
2570 4193 0.01
2570 4531 0.05
2570 4532 0.2
2571 10 0.05
2571 593 0.05
2571 1009 0.01
2571 1065 0.05
2571 2173 0.2
2571 3163 0.01
2571 3489 0.01
2571 4136 0.05
2571 4533 0.01
2571 4534 0.01
2572 350 0.2
2572 751 0.01
2572 882 0.2
2572 2590 0.2
2572 3217 0.05
2572 4075 0.01
2572 4509 0.05
2572 4524 0.01
2572 4525 0.01
2572 4526 0.05
2575 1455 0.05
2575 1931 0.01
2575 2760 0.05
2575 4673 0.2
2575 4674 0.05
2576 362 0.01
2576 387 0.2
2576 813 0.01
2576 4538 0.05
2576 4541 0.05
2576 4542 0.01
2576 4543 0.01
2576 4544 0.05
2576 4545 0.01
2576 4546 0.05
2577 1073 0.01
2580 312 0.2
2580 880 0.05
2580 1795 0.05
2580 3785 0.2
2580 4450 0.01
2580 4536 0.05
2580 4537 0.05
2580 4538 0.2
2580 4539 0.05
2580 4540 0.2
2581 292 0.01
2585 53 0.2
2585 1037 0.2
2585 1578 0.01
2585 2273 0.2
2585 2275 0.05
2585 2824 0.05
2585 3505 0.05
2585 4547 0.2
2585 4548 0.2
2585 4549 0.2
2596 182 0.2
2596 790 0.01
2596 803 0.01
2596 915 0.05
2596 3315 0.2
2596 3360 0.2
2596 3441 0.01
2596 7653 0.2
2596 7862 0.01
2596 7863 0.01
2597 1268 0.05
2597 3899 0.05
2597 4047 0.05
2597 4550 0.01
2597 4551 0.2
2597 4552 0.2
2597 4553 0.05
2597 4554 0.2
2597 4555 0.2
2597 4556 0.05
2601 93 0.01
2601 150 0.05
2601 387 0.05
2601 563 0.2
2601 708 0.2
2601 753 0.05
2601 1365 0.2
2603 2756 0.01
2603 5566 0.2
2607 1445 0.2
2607 1776 0.2
2607 1950 0.05
2607 2080 0.05
2607 2540 0.05
2607 4002 0.01
2607 4557 0.2
2607 4558 0.01
2607 4559 0.2
2607 4560 0.05
2608 1527 0.2
2608 2123 0.2
2608 3603 0.01
2608 3672 0.05
2608 3983 0.2
2608 4131 0.05
2608 4561 0.2
2608 4562 0.01
2608 4563 0.01
2608 4564 0.05
2609 1205 0.05
2609 1258 0.01
2609 1338 0.2
2609 1684 0.2
2609 1685 0.05
2609 3266 0.01
2609 4590 0.2
2609 4591 0.2
2609 4592 0.05
2609 4593 0.05
2616 260 0.05
2616 540 0.2
2616 1471 0.2
2616 1487 0.2
2616 2352 0.05
2616 2483 0.2
2616 3666 0.2
2616 3922 0.05
2616 4229 0.05
2616 4348 0.2
2619 555 0.05
2619 820 0.05
2619 1720 0.2
2619 1958 0.2
2619 2621 0.01
2619 3193 0.2
2619 4033 0.2
2619 4232 0.2
2619 4565 0.01
2619 4566 0.01
2628 284 0.2
2628 1851 0.2
2628 4407 0.05
2628 4572 0.01
2628 4573 0.01
2629 1148 0.2
2629 1460 0.05
2629 1833 0.05
2629 2756 0.01
2629 3066 0.05
2629 4567 0.2
2629 4568 0.05
2629 4569 0.2
2629 4570 0.05
2629 4571 0.05
2631 672 0.2
2631 1710 0.2
2631 1726 0.05
2631 2621 0.2
2631 2654 0.05
2631 2794 0.05
2631 4229 0.2
2631 4574 0.2
2631 4575 0.01
2631 4576 0.05
2634 424 0.01
2634 1063 0.05
2634 2721 0.2
2634 4796 0.2
2634 6005 0.05
2637 603 0.2
2637 3827 0.01
2637 4235 0.05
2637 4577 0.05
2637 4578 0.05
2637 4579 0.2
2637 4580 0.2
2637 4581 0.2
2637 4582 0.01
2637 4583 0.2
2639 306 0.2
2639 396 0.2
2639 3586 0.05
2639 3905 0.05
2639 4584 0.2
2639 4585 0.01
2639 4586 0.01
2639 4587 0.05
2639 4588 0.05
2639 4589 0.01
2640 78 0.01
2640 350 0.01
2640 387 0.05
2640 704 0.05
2640 706 0.01
2640 751 0.05
2640 825 0.01
2640 826 0.01
2640 836 0.2
2640 1558 0.05
2641 209 0.01
2641 1688 0.01
2641 2211 0.05
2641 2479 0.05
2641 2647 0.01
2641 4407 0.01
2641 4601 0.2
2641 4602 0.01
2641 4603 0.05
2641 4604 0.01
2642 362 0.05
2642 1837 0.2
2642 3413 0.05
2642 4594 0.2
2642 4595 0.01
2642 4596 0.01
2642 4597 0.05
2642 4598 0.01
2642 4599 0.2
2642 4600 0.05
2644 1284 0.01
2644 1359 0.2
2644 1454 0.2
2644 2181 0.2
2644 2531 0.05
2644 3252 0.01
2644 3323 0.01
2644 3573 0.2
2644 4609 0.01
2644 4610 0.05
2646 51 0.2
2646 150 0.2
2646 353 0.01
2646 355 0.05
2646 356 0.05
2646 531 0.01
2646 532 0.05
2646 649 0.05
2646 825 0.01
2646 1558 0.01
2653 352 0.01
2653 694 0.05
2653 979 0.2
2653 2144 0.2
2653 2662 0.05
2653 3398 0.05
2653 4267 0.2
2653 4618 0.01
2653 4619 0.2
2653 4620 0.2
2655 51 0.05
2655 90 0.05
2655 92 0.2
2655 95 0.2
2655 753 0.01
2655 822 0.05
2655 836 0.05
2655 837 0.05
2655 1073 0.05
2655 1126 0.2
2660 520 0.2
2660 2349 0.01
2660 2766 0.01
2660 3571 0.2
2660 4057 0.01
2660 4628 0.2
2660 4629 0.01
2660 4630 0.05
2660 4631 0.2
2660 4632 0.01
2661 1431 0.01
2661 2129 0.2
2661 2993 0.2
2661 3205 0.05
2661 3402 0.05
2661 4567 0.05
2661 4605 0.01
2661 4606 0.2
2661 4607 0.01
2661 4608 0.2
2665 4614 0.05
2666 1261 0.01
2666 1815 0.2
2666 2474 0.01
2666 2575 0.2
2666 2904 0.05
2666 4080 0.2
2666 4249 0.2
2666 4611 0.05
2666 4612 0.05
2666 4613 0.05
2668 1041 0.2
2668 1821 0.2
2668 2222 0.2
2668 2746 0.2
2668 3977 0.2
2668 4045 0.01
2668 4509 0.01
2668 4615 0.2
2668 4616 0.01
2668 4617 0.2
2674 527 0.01
2674 1016 0.05
2674 2336 0.01
2674 3088 0.05
2674 3368 0.2
2674 3483 0.2
2674 4557 0.05
2674 4640 0.2
2674 4641 0.2
2674 4642 0.01
2675 466 0.2
2675 805 0.2
2675 1958 0.05
2675 2046 0.05
2675 2796 0.01
2675 3739 0.01
2675 3817 0.05
2675 3909 0.01
2675 3923 0.2
2676 1267 0.01
2676 1647 0.05
2676 2604 0.01
2676 4145 0.05
2676 4452 0.01
2676 4621 0.2
2676 4622 0.01
2676 4623 0.01
2676 4624 0.05
2676 4625 0.2
2679 662 0.01
2679 1044 0.01
2679 1134 0.2
2679 2379 0.01
2679 2415 0.2
2679 3112 0.01
2679 3942 0.05
2679 4314 0.2
2679 4634 0.2
2680 32 0.2
2680 306 0.2
2680 990 0.05
2680 1260 0.01
2680 1346 0.2
2680 2927 0.01
2680 4165 0.05
2680 4295 0.01
2680 4615 0.2
2680 4633 0.2
2687 392 0.2
2687 417 0.05
2687 1422 0.2
2687 1844 0.2
2687 1885 0.05
2687 1888 0.05
2687 2630 0.01
2687 4635 0.01
2687 4636 0.2
2687 4637 0.01
2689 482 0.01
2689 676 0.05
2689 1291 0.05
2689 1931 0.01
2689 2639 0.01
2689 3028 0.01
2689 3201 0.05
2689 4638 0.05
2689 4639 0.2
2691 1573 0.05
2691 2340 0.05
2691 2545 0.05
2691 2639 0.2
2691 3190 0.2
2691 3586 0.01
2691 3905 0.2
2691 4254 0.05
2691 4584 0.2
2691 4586 0.2
2693 152 0.05
2693 2748 0.01
2693 2925 0.2
2693 3001 0.01
2693 3511 0.01
2693 4073 0.2
2693 4643 0.05
2693 4644 0.01
2693 4645 0.05
2693 4646 0.05
2694 79 0.2
2694 226 0.2
2694 351 0.05
2694 352 0.2
2694 353 0.05
2694 355 0.2
2694 530 0.01
2694 565 0.01
2694 822 0.05
2694 824 0.05
2695 51 0.01
2695 79 0.01
2695 92 0.01
2695 93 0.01
2695 349 0.2
2695 649 0.05
2695 753 0.01
2695 822 0.01
2695 825 0.01
2695 1041 0.01
2699 1708 0.01
2704 578 0.2
2704 630 0.01
2704 1480 0.05
2704 2780 0.2
2704 3332 0.05
2704 3366 0.05
2704 4440 0.2
2704 4565 0.01
2704 5307 0.01
2704 6021 0.05
2707 78 0.05
2707 79 0.2
2707 352 0.01
2707 565 0.01
2707 708 0.05
2707 750 0.01
2707 836 0.2
2707 1042 0.05
2707 1558 0.2
2707 2144 0.01
2708 2947 0.2
2713 101 0.2
2713 394 0.01
2713 723 0.2
2713 976 0.01
2713 1862 0.01
2713 2059 0.05
2713 4344 0.01
2713 4647 0.05
2713 4648 0.05
2713 4649 0.2
2715 69 0.01
2715 390 0.2
2715 989 0.05
2715 1046 0.2
2715 1472 0.01
2715 2041 0.2
2715 2532 0.05
2715 4650 0.01
2715 4651 0.2
2715 4652 0.2
2718 4653 0.05
2720 260 0.2
2720 261 0.2
2720 264 0.01
2720 480 0.05
2720 515 0.2
2720 796 0.05
2720 805 0.05
2720 1314 0.01
2720 1332 0.01
2720 2294 0.01
2720 4730 0.2
2720 4731 0.2
2720 4732 0.05
2721 73 0.2
2721 157 0.05
2721 638 0.05
2721 916 0.05
2721 1098 0.2
2721 1116 0.2
2721 3313 0.01
2721 3671 0.01
2721 3908 0.01
2721 4654 0.2
2723 1799 0.01
2723 1909 0.2
2723 3082 0.05
2723 3401 0.05
2723 4655 0.2
2723 4656 0.05
2723 4657 0.05
2723 4658 0.2
2723 4659 0.2
2723 4660 0.2
2725 400 0.2
2725 774 0.01
2725 2700 0.2
2725 3766 0.2
2725 4661 0.2
2726 170 0.01
2726 617 0.01
2726 871 0.2
2726 994 0.01
2726 1484 0.2
2726 1485 0.2
2726 2270 0.01
2726 2403 0.05
2726 2434 0.05
2726 4952 0.2
2727 2211 0.05
2727 3475 0.05
2727 4737 0.05
2733 4559 0.05
2733 5578 0.01
2738 78 0.01
2738 79 0.2
2738 350 0.05
2738 351 0.05
2738 563 0.05
2738 708 0.2
2738 750 0.05
2738 824 0.01
2738 825 0.01
2738 1309 0.2
2740 79 0.05
2740 176 0.2
2740 352 0.2
2740 353 0.01
2740 387 0.05
2740 565 0.2
2740 649 0.01
2740 753 0.2
2740 825 0.05
2740 1389 0.05
2744 4664 0.01
2745 2603 0.2
2745 4711 0.01
2746 398 0.05
2746 1330 0.01
2746 1705 0.2
2746 2324 0.2
2746 2585 0.01
2746 3721 0.01
2746 4515 0.2
2746 4607 0.01
2746 4662 0.01
2746 4663 0.01
2749 456 0.2
2749 2317 0.05
2749 2715 0.2
2749 2924 0.05
2749 2951 0.2
2749 3140 0.01
2749 4168 0.05
2749 4668 0.01
2749 4669 0.05
2750 636 0.01
2754 721 0.05
2754 937 0.01
2754 1137 0.2
2754 1685 0.2
2754 1808 0.2
2754 2682 0.05
2754 3852 0.01
2754 4670 0.01
2754 4671 0.01
2754 4672 0.05
2756 1636 0.01
2756 4744 0.05
2756 4745 0.2
2756 4746 0.01
2758 51 0.05
2758 176 0.01
2758 353 0.2
2758 355 0.2
2758 530 0.01
2758 565 0.01
2758 649 0.2
2758 708 0.01
2758 822 0.2
2758 824 0.05
2761 2 0.05
2761 253 0.01
2761 1594 0.2
2761 1646 0.05
2761 1799 0.2
2761 2902 0.01
2761 3159 0.2
2761 3892 0.2
2761 4154 0.2
2761 4464 0.2
2762 2079 0.05
2762 2202 0.01
2762 2634 0.01
2762 2836 0.01
2762 3355 0.2
2762 4392 0.2
2762 4675 0.01
2762 4676 0.2
2762 4677 0.2
2762 4678 0.01
2764 410 0.01
2764 1952 0.2
2764 2408 0.2
2764 3282 0.01
2764 3554 0.01
2764 3895 0.01
2764 4679 0.01
2764 4680 0.2
2764 4681 0.01
2764 4682 0.05
2767 4683 0.2
2773 1091 0.05
2773 1401 0.2
2773 1784 0.05
2773 2228 0.01
2773 3133 0.05
2773 4684 0.2
2773 4685 0.01
2773 4686 0.05
2773 4687 0.05
2773 4688 0.2
2774 1438 0.05
2774 1456 0.2
2774 2342 0.2
2774 2908 0.2
2774 3519 0.2
2774 4228 0.2
2774 4691 0.01
2774 4692 0.2
2774 4693 0.05
2775 4694 0.05
2780 311 0.2
2780 673 0.2
2780 833 0.05
2780 1832 0.05
2780 2678 0.2
2780 3196 0.05
2780 4344 0.05
2780 4695 0.01
2780 4696 0.2
2780 4697 0.01
2783 79 0.01
2783 90 0.01
2783 350 0.01
2783 355 0.01
2783 563 0.05
2783 705 0.2
2783 706 0.2
2783 751 0.2
2783 2577 0.05
2783 4698 0.2
2786 119 0.05
2786 561 0.2
2786 628 0.01
2786 1367 0.05
2786 1825 0.05
2786 2052 0.01
2786 2723 0.2
2786 4699 0.05
2786 4700 0.01
2787 650 0.01
2787 1783 0.05
2787 2235 0.05
2787 3192 0.05
2787 3432 0.05
2787 4172 0.01
2787 4482 0.2
2787 4704 0.05
2787 4705 0.01
2787 4706 0.05
2790 903 0.05
2790 1307 0.2
2790 2817 0.01
2790 3618 0.01
2790 4218 0.05
2790 4401 0.2
2790 4765 0.01
2790 4766 0.2
2790 4767 0.2
2792 767 0.05
2792 1689 0.05
2792 1842 0.05
2792 2038 0.01
2792 2253 0.2
2792 2762 0.05
2792 4701 0.2
2792 4702 0.01
2792 4703 0.2
2795 130 0.01
2795 916 0.05
2795 922 0.2
2795 1714 0.01
2795 1970 0.05
2795 3567 0.01
2795 4483 0.2
2795 4556 0.05
2795 4578 0.01
2795 4716 0.01
2801 497 0.2
2801 2528 0.2
2801 2822 0.05
2801 3060 0.2
2801 3725 0.05
2801 4707 0.05
2801 4708 0.2
2801 4709 0.05
2801 4710 0.05
2802 1433 0.01
2803 31 0.05
2803 125 0.2
2803 2056 0.01
2803 2084 0.05
2803 2861 0.05
2803 3313 0.01
2803 4712 0.05
2803 4713 0.05
2803 4714 0.2
2803 4715 0.2
2811 832 0.05
2811 1525 0.01
2811 1918 0.01
2811 2154 0.05
2811 3241 0.2
2811 3638 0.05
2811 3950 0.2
2811 4718 0.01
2811 4719 0.2
2811 4720 0.2
2812 1116 0.01
2812 1537 0.2
2812 1742 0.2
2812 2205 0.05
2812 5224 0.05
2812 6333 0.05
2812 6337 0.05
2812 6461 0.01
2812 6462 0.2
2812 6463 0.05
2814 524 0.01
2814 811 0.01
2814 1561 0.2
2814 2875 0.01
2814 3047 0.2
2814 3545 0.2
2814 4721 0.2
2814 4722 0.01
2814 4723 0.2
2815 1031 0.01
2815 1189 0.05
2815 1504 0.05
2815 1805 0.2
2815 1896 0.2
2815 2959 0.05
2815 3128 0.05
2815 3594 0.05
2815 3976 0.2
2815 4717 0.01
2817 3044 0.05
2819 93 0.2
2819 94 0.05
2819 106 0.05
2819 349 0.05
2819 351 0.2
2819 703 0.01
2819 706 0.01
2819 826 0.05
2819 3397 0.2
2819 3398 0.05
2821 78 0.2
2821 226 0.01
2821 349 0.2
2821 351 0.01
2821 355 0.2
2821 706 0.01
2821 750 0.2
2821 824 0.01
2821 825 0.2
2821 1309 0.01
2822 92 0.01
2822 276 0.01
2822 850 0.2
2822 856 0.2
2822 2461 0.2
2822 2814 0.2
2822 3263 0.2
2822 4727 0.2
2822 4728 0.2
2822 4729 0.01
2824 90 0.05
2824 94 0.05
2824 352 0.05
2824 1111 0.05
2824 1309 0.01
2824 1365 0.05
2824 1557 0.01
2824 1558 0.2
2824 3198 0.01
2824 8055 0.05
2825 309 0.01
2825 409 0.05
2825 1094 0.01
2825 1477 0.2
2825 2268 0.01
2825 4239 0.05
2825 4357 0.2
2825 4724 0.05
2825 4725 0.2
2825 4726 0.01
2831 158 0.01
2831 2077 0.05
2831 2340 0.2
2831 2365 0.2
2831 2691 0.2
2831 2801 0.2
2831 3586 0.01
2831 4079 0.05
2831 4584 0.2
2831 4586 0.2
2837 843 0.2
2837 1323 0.05
2837 1947 0.05
2837 2320 0.01
2837 2802 0.2
2837 4740 0.01
2837 6727 0.01
2837 6802 0.2
2837 6803 0.2
2837 6804 0.05
2840 119 0.2
2840 642 0.01
2840 2622 0.2
2840 2821 0.2
2840 4241 0.01
2840 4559 0.05
2840 4733 0.05
2840 4734 0.01
2840 4735 0.2
2850 2654 0.2
2852 1223 0.05
2852 1563 0.01
2852 1709 0.05
2852 4091 0.05
2852 4738 0.2
2853 378 0.01
2853 398 0.01
2853 399 0.01
2853 400 0.05
2853 821 0.2
2853 880 0.01
2853 2479 0.2
2853 2576 0.05
2853 3591 0.01
2853 4736 0.01
2854 561 0.01
2854 1976 0.01
2854 2764 0.05
2854 3709 0.05
2854 4739 0.2
2860 1094 0.05
2860 1149 0.01
2860 1625 0.2
2860 1633 0.2
2860 1724 0.05
2860 4145 0.2
2860 4558 0.2
2860 4741 0.05
2860 4742 0.2
2860 4743 0.05
2861 751 0.05
2861 798 0.01
2861 1224 0.01
2861 1743 0.01
2861 2173 0.01
2861 2185 0.01
2861 2347 0.05
2861 2629 0.2
2861 3791 0.01
2861 4740 0.05
2867 103 0.2
2867 161 0.2
2867 726 0.05
2867 1471 0.01
2867 2859 0.05
2867 3527 0.01
2867 6018 0.2
2867 7091 0.01
2867 7367 0.01
2867 7368 0.2
2872 79 0.2
2872 90 0.01
2872 350 0.01
2872 355 0.05
2872 356 0.05
2872 563 0.2
2872 705 0.2
2872 706 0.2
2872 751 0.01
2872 1041 0.05
2877 352 0.05
2877 771 0.01
2877 1170 0.05
2877 1458 0.01
2877 1506 0.05
2877 1568 0.05
2877 2284 0.2
2877 2771 0.2
2877 4747 0.05
2877 4748 0.05
2880 206 0.01
2880 688 0.2
2880 1065 0.05
2880 1517 0.01
2880 1969 0.01
2880 2719 0.01
2880 3724 0.05
2880 4751 0.05
2880 4752 0.2
2880 4753 0.05
2881 1625 0.2
2881 2880 0.05
2881 3943 0.2
2881 4268 0.01
2881 4664 0.05
2881 4754 0.2
2881 4755 0.05
2881 4756 0.2
2881 4757 0.05
2882 232 0.05
2882 875 0.2
2882 898 0.05
2882 1993 0.2
2882 3124 0.01
2882 3158 0.2
2882 3856 0.05
2882 3909 0.05
2882 4749 0.05
2882 4750 0.01
2892 169 0.2
2892 392 0.01
2892 1483 0.05
2892 1615 0.2
2892 2296 0.01
2892 2902 0.01
2892 3516 0.05
2892 3995 0.05
2892 4344 0.01
2892 4758 0.01
2895 59 0.2
2895 267 0.2
2895 426 0.05
2895 1464 0.05
2895 1697 0.01
2895 3538 0.2
2895 4384 0.01
2895 4759 0.05
2895 4760 0.2
2900 2501 0.2
2900 4783 0.2
2900 4832 0.01
2902 39 0.2
2902 477 0.2
2902 693 0.01
2902 1850 0.05
2902 2261 0.2
2902 2676 0.05
2902 3321 0.2
2902 4141 0.05
2902 4764 0.05
2904 4513 0.2
2907 256 0.2
2907 307 0.01
2907 460 0.01
2907 532 0.01
2907 1868 0.01
2907 2117 0.01
2907 2869 0.01
2907 3384 0.05
2907 3904 0.05
2907 4720 0.01
2908 1281 0.05
2908 1374 0.2
2908 1795 0.2
2908 2448 0.05
2908 4053 0.2
2908 4422 0.05
2908 4602 0.2
2908 4761 0.2
2908 4762 0.05
2908 4763 0.05
2909 297 0.01
2909 1046 0.01
2909 4163 0.2
2909 4787 0.05
2909 4788 0.01
2909 4789 0.01
2909 4790 0.05
2909 4791 0.05
2909 4792 0.01
2909 4793 0.01
2918 398 0.05
2918 1316 0.2
2918 1508 0.2
2918 2008 0.01
2918 2654 0.01
2918 2748 0.2
2918 4157 0.05
2918 4673 0.2
2918 4768 0.01
2918 4769 0.2
2921 768 0.2
2921 1633 0.2
2921 2309 0.05
2921 2335 0.01
2921 2685 0.01
2921 2923 0.05
2921 2997 0.01
2921 4449 0.2
2921 4770 0.2
2921 4771 0.01
2922 480 0.2
2922 805 0.2
2922 1314 0.05
2922 1520 0.05
2922 2388 0.01
2922 4731 0.05
2922 4732 0.2
2922 4779 0.05
2922 4780 0.05
2922 4781 0.2
2923 616 0.05
2923 1489 0.2
2923 1789 0.01
2923 2184 0.01
2923 2211 0.2
2923 3774 0.05
2923 4273 0.2
2923 5576 0.2
2923 6018 0.2
2923 6019 0.01
2924 43 0.05
2924 688 0.2
2924 968 0.01
2924 1106 0.05
2924 2366 0.01
2924 3482 0.05
2924 3796 0.2
2924 4513 0.01
2924 4772 0.01
2924 4773 0.01
2925 539 0.01
2925 1795 0.01
2925 1797 0.2
2925 4638 0.05
2925 4774 0.05
2925 4775 0.05
2925 4776 0.01
2925 4777 0.01
2925 4778 0.05
2927 78 0.2
2927 95 0.05
2927 96 0.2
2927 226 0.2
2927 350 0.01
2927 352 0.2
2927 354 0.2
2927 825 0.01
2927 836 0.01
2927 1042 0.05
2929 89 0.05
2929 96 0.05
2929 353 0.05
2929 387 0.01
2929 532 0.2
2929 708 0.2
2929 753 0.01
2929 824 0.2
2929 1126 0.2
2929 1389 0.2
2938 1159 0.2
2938 1504 0.2
2938 1562 0.2
2938 1899 0.05
2938 3900 0.01
2938 4193 0.05
2938 4411 0.05
2938 4782 0.01
2938 4783 0.05
2938 4784 0.05
2941 534 0.2
2941 607 0.05
2941 633 0.2
2941 1558 0.2
2941 1638 0.05
2941 2704 0.01
2941 3137 0.01
2941 3624 0.2
2941 4785 0.01
2941 4786 0.2
2952 3254 0.2
2953 51 0.01
2953 226 0.01
2953 352 0.01
2953 354 0.05
2953 355 0.01
2953 356 0.01
2953 532 0.05
2953 534 0.2
2953 565 0.01
2953 706 0.2
2954 102 0.05
2954 1331 0.01
2954 1479 0.05
2954 1505 0.01
2954 3502 0.2
2954 4792 0.01
2954 4794 0.2
2954 4795 0.01
2954 4796 0.01
2954 4797 0.05
2955 51 0.05
2955 150 0.05
2955 530 0.2
2955 564 0.05
2955 822 0.2
2955 1074 0.2
2955 1126 0.05
2955 1389 0.05
2955 1450 0.01
2955 4798 0.05
2957 2377 0.2
2958 421 0.05
2958 1532 0.01
2958 2296 0.05
2958 2298 0.05
2958 3033 0.01
2958 3783 0.05
2958 3872 0.05
2958 4313 0.01
2958 4518 0.2
2958 4799 0.05
2958 4800 0.01
2959 1499 0.01
2959 1666 0.01
2959 2027 0.01
2959 2057 0.01
2959 3511 0.05
2959 3721 0.2
2959 4792 0.01
2959 4801 0.01
2959 4802 0.01
2959 4803 0.05
2960 89 0.05
2960 91 0.05
2960 94 0.2
2960 533 0.05
2960 705 0.01
2960 706 0.01
2960 750 0.2
2960 1211 0.01
2960 1556 0.2
2960 1558 0.05
2962 188 0.2
2962 1399 0.05
2962 2519 0.05
2962 2630 0.05
2962 2705 0.01
2962 2977 0.01
2962 3534 0.05
2962 4804 0.01
2962 4805 0.2
2969 803 0.01
2969 1421 0.05
2969 1568 0.2
2969 3124 0.01
2969 3541 0.2
2969 3725 0.01
2969 4235 0.01
2969 4806 0.2
2969 4807 0.01
2969 4808 0.05
2971 4962 0.2
2972 410 0.2
2972 751 0.05
2972 1240 0.01
2972 2141 0.2
2972 4158 0.05
2972 4590 0.01
2972 4809 0.01
2972 4810 0.01
2972 4811 0.01
2973 4221 0.2
2974 129 0.2
2974 542 0.2
2974 1267 0.2
2974 1345 0.01
2974 2985 0.05
2974 4194 0.2
2974 4812 0.01
2974 4813 0.2
2974 4814 0.05
2975 2332 0.2
2975 4974 0.2
2977 78 0.01
2977 90 0.05
2977 530 0.05
2977 649 0.05
2977 751 0.05
2977 752 0.05
2977 822 0.01
2977 1126 0.2
2977 1656 0.05
2977 3151 0.01
2979 197 0.05
2979 333 0.2
2979 1972 0.01
2979 2463 0.01
2979 3758 0.01
2979 4125 0.01
2979 4193 0.05
2979 4808 0.2
2979 4815 0.2
2979 4816 0.01
2982 245 0.2
2982 452 0.2
2982 1281 0.2
2982 1534 0.2
2982 2504 0.2
2982 2881 0.2
2982 2998 0.2
2982 4817 0.01
2982 4818 0.2
2982 4819 0.2
2991 636 0.2
2991 1750 0.2
2991 2223 0.05
2991 3495 0.01
2991 4170 0.01
2991 4282 0.01
2991 4452 0.2
2991 4469 0.01
2991 6664 0.05
2991 6665 0.01
2994 570 0.2
2994 1618 0.01
2994 2438 0.01
2994 3040 0.2
2994 3129 0.05
2994 4105 0.2
2994 4592 0.01
2994 4820 0.2
2994 4821 0.2
2994 4822 0.01
3006 4823 0.01
3008 161 0.01
3008 1799 0.01
3008 2054 0.05
3008 2757 0.2
3008 3835 0.05
3008 4154 0.05
3008 4306 0.2
3008 4501 0.01
3008 4824 0.2
3008 4825 0.05
3011 868 0.05
3011 1373 0.05
3011 2756 0.2
3011 2760 0.2
3011 3617 0.05
3011 3949 0.2
3011 4487 0.05
3011 4826 0.05
3011 4827 0.01
3013 201 0.2
3013 774 0.2
3013 3282 0.01
3013 3364 0.2
3013 3376 0.2
3013 3745 0.2
3013 3966 0.01
3013 4589 0.2
3013 4828 0.05
3013 4829 0.05
3014 245 0.05
3014 1220 0.2
3014 2641 0.05
3014 2786 0.2
3014 3054 0.05
3014 3290 0.01
3014 4191 0.2
3014 4830 0.01
3014 4831 0.05
3017 4838 0.2
3019 550 0.05
3019 1919 0.01
3019 4849 0.05
3021 153 0.05
3021 1318 0.2
3021 1638 0.01
3021 1691 0.2
3021 2531 0.2
3021 2850 0.05
3021 4845 0.05
3021 4846 0.01
3021 4847 0.05
3021 4848 0.2
3024 3109 0.05
3024 3124 0.01
3024 3563 0.2
3024 3586 0.2
3024 4033 0.01
3024 4833 0.01
3024 4834 0.2
3024 4835 0.05
3024 4836 0.2
3024 4837 0.05
3026 78 0.01
3026 89 0.05
3026 176 0.05
3026 350 0.2
3026 530 0.01
3026 532 0.2
3026 649 0.01
3026 822 0.01
3026 1042 0.05
3026 1309 0.01
3027 78 0.01
3027 96 0.01
3027 351 0.2
3027 387 0.05
3027 706 0.2
3027 751 0.2
3027 826 0.05
3027 836 0.05
3027 1309 0.01
3027 1558 0.2
3029 162 0.01
3029 313 0.05
3029 2479 0.01
3029 2549 0.01
3029 2576 0.05
3029 3201 0.01
3029 3313 0.01
3029 4209 0.01
3029 4843 0.01
3029 4844 0.05
3030 871 0.2
3030 1778 0.2
3030 2050 0.01
3030 2302 0.01
3030 3897 0.05
3030 3942 0.05
3030 4839 0.2
3030 4840 0.2
3030 4841 0.05
3030 4842 0.2
3033 83 0.2
3033 1065 0.2
3033 1357 0.2
3033 1570 0.01
3033 1873 0.01
3033 2556 0.2
3033 4850 0.2
3033 4851 0.01
3033 4852 0.05
3033 4853 0.2
3037 367 0.01
3037 2002 0.2
3037 3407 0.2
3037 3778 0.05
3037 4747 0.01
3037 4817 0.01
3037 4854 0.2
3037 4855 0.05
3037 4856 0.05
3037 4857 0.05
3040 1211 0.01
3040 1478 0.01
3040 6420 0.2
3040 6421 0.01
3040 6422 0.01
3040 6423 0.01
3040 6424 0.01
3040 6425 0.05
3040 6426 0.05
3040 6427 0.2
3041 702 0.01
3041 990 0.01
3041 1158 0.01
3041 1875 0.01
3041 3614 0.2
3041 3659 0.05
3041 3864 0.2
3041 4858 0.01
3041 4859 0.01
3041 4860 0.01
3043 515 0.05
3043 1455 0.2
3043 1500 0.05
3043 1869 0.05
3043 1955 0.05
3043 2278 0.05
3043 2630 0.2
3043 4674 0.05
3043 4861 0.05
3043 4862 0.05
3047 541 0.05
3047 1159 0.05
3047 1260 0.2
3047 2041 0.05
3047 2448 0.01
3047 3196 0.05
3047 3677 0.01
3047 4635 0.2
3047 4757 0.2
3047 4863 0.05
3050 349 0.01
3050 352 0.2
3050 354 0.2
3050 356 0.2
3050 531 0.05
3050 563 0.05
3050 706 0.05
3050 822 0.05
3050 823 0.01
3050 1041 0.2
3054 176 0.2
3054 245 0.01
3054 962 0.05
3054 1220 0.05
3054 1601 0.01
3054 2298 0.01
3054 3554 0.05
3054 4276 0.01
3054 4566 0.2
3054 4867 0.05
3056 259 0.05
3056 333 0.01
3056 360 0.01
3056 1890 0.01
3056 2140 0.2
3056 2433 0.01
3056 3238 0.05
3056 4008 0.2
3056 4445 0.2
3056 4864 0.2
3059 393 0.2
3059 1685 0.05
3059 2946 0.05
3059 3054 0.01
3059 3152 0.01
3059 3835 0.2
3059 3924 0.05
3059 4076 0.05
3059 4865 0.2
3059 4866 0.2
3060 438 0.05
3060 1043 0.01
3060 1222 0.2
3060 1453 0.2
3060 2071 0.01
3060 3417 0.05
3060 4348 0.2
3060 4743 0.2
3060 4868 0.01
3060 4869 0.01
3066 35 0.05
3066 1227 0.05
3066 2067 0.05
3066 2376 0.01
3066 2902 0.2
3066 3316 0.2
3066 3638 0.2
3066 4276 0.05
3066 4653 0.2
3066 4870 0.05
3070 944 0.2
3070 2342 0.2
3070 3765 0.2
3070 4739 0.01
3070 4871 0.2
3070 4872 0.01
3070 4873 0.2
3070 4874 0.2
3070 4875 0.05
3070 4876 0.01
3072 51 0.2
3072 78 0.2
3072 96 0.2
3072 176 0.01
3072 533 0.2
3072 649 0.01
3072 751 0.2
3072 752 0.01
3072 1074 0.05
3072 1126 0.05
3073 420 0.2
3073 764 0.01
3073 1111 0.2
3073 1867 0.01
3073 3132 0.01
3073 4517 0.01
3073 4583 0.01
3073 4823 0.05
3073 4887 0.05
3073 4888 0.01
3074 268 0.05
3074 309 0.2
3074 689 0.2
3074 2336 0.05
3074 2409 0.05
3074 2496 0.01
3074 2904 0.05
3074 3457 0.2
3074 4877 0.2
3079 1360 0.01
3079 2579 0.05
3079 3214 0.2
3079 4026 0.01
3079 4742 0.01
3079 4761 0.2
3079 4806 0.05
3079 4878 0.05
3079 4879 0.01
3079 4880 0.2
3080 1672 0.01
3080 1915 0.2
3080 2544 0.2
3080 2675 0.05
3080 3185 0.2
3080 3815 0.2
3080 4053 0.01
3080 4105 0.05
3080 4881 0.2
3080 4882 0.2
3081 220 0.05
3081 855 0.01
3081 890 0.2
3081 3080 0.05
3081 3746 0.01
3081 4045 0.01
3081 4889 0.01
3081 4890 0.2
3082 1047 0.2
3082 1578 0.2
3082 1750 0.2
3082 3026 0.05
3082 3757 0.05
3082 4054 0.2
3082 4883 0.05
3082 4884 0.05
3082 4885 0.05
3082 4886 0.01
3084 93 0.01
3084 95 0.2
3084 351 0.05
3084 356 0.01
3084 531 0.05
3084 825 0.05
3084 826 0.05
3084 1073 0.2
3084 1365 0.01
3084 1656 0.01
3094 221 0.05
3094 324 0.05
3094 407 0.05
3094 781 0.2
3094 1749 0.01
3094 1943 0.2
3094 2220 0.2
3094 2781 0.01
3094 2793 0.2
3094 2821 0.2
3094 3136 0.05
3094 3442 0.01
3094 4018 0.05
3094 4452 0.01
3094 4891 0.01
3094 4892 0.05
3094 4893 0.01
3094 4894 0.2
3094 4895 0.01
3094 4896 0.05
3094 4897 0.05
3094 4898 0.01
3094 4899 0.01
3097 4851 0.01
3098 409 0.01
3098 1135 0.2
3098 1549 0.01
3098 1858 0.2
3098 2347 0.2
3098 2794 0.01
3098 4900 0.2
3098 4901 0.01
3098 4902 0.05
3098 4903 0.2
3102 152 0.2
3102 538 0.01
3102 697 0.05
3102 963 0.05
3102 1651 0.2
3102 3044 0.05
3102 3398 0.05
3102 3592 0.05
3102 4904 0.2
3102 4905 0.01
3103 36 0.01
3103 572 0.05
3103 968 0.01
3103 973 0.01
3103 1562 0.01
3103 1640 0.2
3103 2360 0.01
3103 2384 0.05
3103 4961 0.05
3105 353 0.05
3105 779 0.05
3105 827 0.2
3105 2653 0.05
3105 3478 0.2
3105 4853 0.01
3105 4906 0.05
3105 4907 0.01
3105 4908 0.2
3105 4909 0.05
3107 389 0.05
3107 769 0.01
3107 2075 0.2
3107 3535 0.01
3107 3654 0.01
3107 4910 0.2
3107 4911 0.01
3107 4912 0.2
3107 4913 0.05
3107 4914 0.01
3108 129 0.2
3108 1380 0.05
3108 2481 0.05
3108 3441 0.05
3108 3552 0.2
3108 4189 0.01
3108 4917 0.2
3108 4918 0.2
3108 4919 0.2
3108 4920 0.05
3110 614 0.2
3110 847 0.2
3110 1252 0.01
3110 1643 0.05
3110 1910 0.2
3110 2220 0.05
3110 2801 0.05
3110 3959 0.05
3110 4299 0.05
3110 4915 0.01
3111 109 0.2
3111 251 0.2
3111 387 0.2
3111 933 0.01
3111 1436 0.05
3111 1527 0.2
3111 1625 0.01
3111 1645 0.01
3111 4529 0.2
3111 4916 0.05
3113 750 0.05
3113 949 0.05
3113 1309 0.05
3113 2104 0.2
3113 2321 0.01
3113 2868 0.05
3113 4098 0.2
3113 4930 0.05
3113 4931 0.05
3113 4932 0.05
3114 385 0.2
3114 1625 0.01
3114 1821 0.05
3114 2255 0.05
3114 3061 0.01
3114 3091 0.2
3114 3221 0.01
3114 4259 0.05
3114 4933 0.01
3114 4934 0.2
3115 89 0.2
3115 93 0.2
3115 95 0.05
3115 226 0.2
3115 351 0.2
3115 355 0.01
3115 705 0.05
3115 1309 0.01
3115 1558 0.05
3115 3151 0.01
3119 3502 0.05
3121 642 0.05
3121 1544 0.05
3121 1674 0.2
3121 1762 0.05
3121 1769 0.2
3121 4801 0.2
3121 4921 0.01
3121 4922 0.05
3121 4923 0.05
3121 4924 0.01
3123 66 0.01
3123 456 0.05
3123 484 0.05
3123 1271 0.01
3123 4602 0.01
3123 4925 0.01
3123 4926 0.2
3123 4927 0.2
3123 4928 0.01
3123 4929 0.2
3126 300 0.05
3126 1046 0.2
3126 2686 0.05
3126 4017 0.01
3126 4450 0.05
3126 4483 0.2
3126 4492 0.05
3126 4935 0.05
3126 4936 0.2
3126 4937 0.2
3128 19 0.05
3128 722 0.2
3128 1046 0.01
3128 2630 0.2
3128 3455 0.01
3128 4403 0.01
3128 4938 0.05
3128 4939 0.01
3128 4940 0.2
3128 4941 0.2
3129 840 0.05
3129 1243 0.2
3129 1491 0.05
3129 2573 0.05
3129 2646 0.2
3129 4461 0.05
3129 4712 0.05
3129 4942 0.01
3129 4943 0.2
3129 4944 0.01
3131 837 0.05
3132 60 0.05
3132 271 0.05
3132 767 0.2
3132 1789 0.2
3132 2220 0.05
3132 2545 0.05
3132 3277 0.2
3132 3971 0.05
3132 4082 0.2
3132 4945 0.05
3133 79 0.01
3133 226 0.01
3133 354 0.05
3133 355 0.05
3133 531 0.01
3133 703 0.2
3133 706 0.2
3133 750 0.01
3133 825 0.05
3133 1042 0.05
3136 1346 0.2
3136 1640 0.01
3136 1749 0.01
3136 2447 0.05
3136 3941 0.05
3136 4384 0.2
3136 4946 0.2
3136 4947 0.01
3136 4948 0.05
3136 4949 0.2
3140 679 0.01
3140 952 0.05
3140 1456 0.05
3140 2959 0.05
3140 4950 0.05
3140 4951 0.2
3140 4952 0.05
3140 4953 0.05
3140 4954 0.05
3141 166 0.01
3141 939 0.01
3141 958 0.05
3141 1319 0.01
3141 2184 0.2
3141 3349 0.01
3141 4955 0.05
3141 4956 0.01
3141 4957 0.01
3141 4958 0.05
3144 176 0.05
3144 387 0.05
3144 534 0.05
3144 1308 0.05
3144 1356 0.05
3144 1742 0.01
3144 2239 0.01
3144 3394 0.2
3144 4959 0.05
3144 4960 0.05
3147 288 0.01
3147 1288 0.01
3147 1397 0.05
3147 2814 0.05
3147 3355 0.01
3147 3444 0.2
3147 4054 0.05
3147 4970 0.2
3147 4971 0.05
3147 4972 0.01
3148 125 0.01
3148 866 0.01
3148 2468 0.01
3148 3177 0.05
3148 3757 0.05
3148 4571 0.01
3148 4966 0.01
3148 4967 0.05
3148 4968 0.2
3148 4969 0.01
3149 630 0.05
3149 1333 0.2
3149 3531 0.01
3149 3679 0.01
3149 4449 0.05
3151 144 0.01
3151 145 0.01
3151 629 0.01
3151 636 0.2
3151 1284 0.2
3151 3124 0.01
3151 3620 0.05
3151 4963 0.05
3151 4964 0.01
3151 4965 0.01
3152 226 0.01
3152 351 0.05
3152 352 0.05
3152 356 0.2
3152 563 0.2
3152 822 0.01
3152 824 0.01
3152 825 0.2
3152 1074 0.2
3152 2452 0.01
3158 117 0.01
3158 1054 0.2
3158 1436 0.05
3158 1516 0.2
3158 1643 0.01
3158 1980 0.01
3158 2837 0.05
3158 3736 0.05
3158 5330 0.2
3159 216 0.01
3159 412 0.05
3159 572 0.2
3159 1265 0.05
3159 1271 0.01
3159 2260 0.05
3159 2540 0.2
3159 3968 0.01
3159 4852 0.01
3159 6131 0.05
3160 1805 0.05
3166 682 0.05
3166 952 0.05
3166 2769 0.01
3166 2826 0.2
3166 2889 0.01
3166 2977 0.05
3166 3406 0.05
3166 3695 0.2
3166 4646 0.01
3166 4973 0.05
3168 4348 0.05
3170 845 0.2
3170 2967 0.2
3170 3207 0.01
3170 3409 0.2
3170 3497 0.05
3170 3969 0.05
3170 4891 0.2
3170 4975 0.05
3170 4976 0.05
3170 4977 0.01
3175 1579 0.01
3175 2576 0.05
3175 2700 0.05
3175 3312 0.01
3175 3528 0.01
3175 4737 0.05
3175 4820 0.01
3175 4825 0.05
3175 4978 0.2
3175 4979 0.01
3177 1035 0.01
3177 2460 0.01
3177 3055 0.05
3177 3699 0.2
3177 4558 0.01
3177 4985 0.05
3177 4986 0.2
3177 4987 0.05
3177 4988 0.2
3177 4989 0.2
3178 3634 0.2
3179 476 0.2
3179 478 0.01
3179 1216 0.01
3179 1878 0.01
3179 2011 0.05
3179 2015 0.2
3179 2846 0.05
3179 4389 0.05
3179 4530 0.2
3179 4984 0.2
3180 1358 0.05
3180 2789 0.2
3180 3159 0.05
3180 3746 0.2
3180 4890 0.05
3180 4980 0.05
3180 4981 0.05
3180 4982 0.2
3180 4983 0.01
3184 1480 0.05
3184 1488 0.2
3184 1489 0.01
3184 3158 0.05
3184 4990 0.05
3184 4991 0.2
3184 4992 0.05
3184 4993 0.2
3184 4994 0.01
3187 2084 0.2
3187 2197 0.2
3187 2212 0.2
3187 2430 0.2
3187 4464 0.05
3187 4523 0.01
3187 4821 0.01
3187 4861 0.05
3187 4995 0.01
3187 4996 0.05
3190 93 0.05
3190 353 0.05
3190 530 0.05
3190 534 0.2
3190 565 0.05
3190 752 0.05
3190 753 0.01
3190 1073 0.05
3190 1074 0.2
3190 1389 0.01
3192 877 0.2
3192 1199 0.2
3192 1389 0.05
3192 2533 0.05
3192 2707 0.2
3192 2853 0.01
3192 4997 0.01
3192 4998 0.2
3192 4999 0.2
3192 5000 0.2
3194 51 0.2
3194 268 0.2
3194 803 0.2
3194 1509 0.05
3194 2171 0.2
3194 2500 0.2
3194 4022 0.2
3194 4761 0.01
3194 5001 0.05
3194 5002 0.01
3198 89 0.01
3198 349 0.2
3198 351 0.01
3198 353 0.2
3198 530 0.05
3198 531 0.01
3198 649 0.2
3198 706 0.05
3198 825 0.01
3198 1041 0.2
3200 455 0.05
3200 617 0.01
3200 1539 0.01
3200 1803 0.2
3200 3446 0.2
3200 3650 0.01
3200 4969 0.2
3200 5003 0.2
3200 5004 0.2
3200 5005 0.2
3202 2077 0.01
3202 2122 0.05
3202 2197 0.01
3202 2219 0.05
3202 2728 0.01
3202 4792 0.2
3202 7242 0.01
3202 7243 0.05
3202 7244 0.05
3202 7245 0.05
3205 2113 0.01
3205 2173 0.05
3205 2537 0.01
3205 3321 0.2
3205 3574 0.01
3205 3732 0.2
3205 4158 0.05
3205 5007 0.2
3205 5008 0.2
3205 5009 0.05
3207 324 0.2
3207 649 0.01
3207 1220 0.05
3207 1624 0.01
3207 1924 0.2
3207 2349 0.2
3207 2541 0.01
3207 3110 0.01
3207 3316 0.05
3207 5006 0.05
3208 1191 0.2
3208 1884 0.2
3208 2636 0.01
3208 2731 0.2
3208 3552 0.05
3208 4793 0.2
3208 5010 0.2
3208 5011 0.2
3208 5012 0.2
3208 5013 0.05
3209 32 0.2
3209 1016 0.05
3209 1386 0.2
3209 1534 0.05
3209 1863 0.2
3209 4576 0.05
3209 4738 0.05
3209 4835 0.05
3209 5018 0.05
3209 5019 0.05
3211 166 0.05
3211 1126 0.2
3211 2756 0.01
3211 3060 0.05
3211 4405 0.05
3211 4806 0.05
3211 5014 0.2
3211 5015 0.01
3211 5016 0.05
3211 5017 0.05
3213 51 0.2
3213 79 0.05
3213 176 0.05
3213 352 0.05
3213 563 0.05
3213 708 0.01
3213 1389 0.2
3213 1821 0.05
3213 4466 0.01
3213 5020 0.05
3214 1049 0.05
3214 1130 0.05
3214 2430 0.05
3214 2537 0.2
3214 3676 0.2
3214 3923 0.05
3214 4877 0.01
3214 5023 0.01
3214 5024 0.2
3214 5025 0.2
3216 1047 0.2
3216 1283 0.05
3216 1288 0.01
3216 1527 0.01
3216 3336 0.01
3216 3662 0.2
3216 3711 0.05
3216 3831 0.2
3216 5021 0.2
3216 5022 0.05
3221 387 0.01
3221 1288 0.01
3221 1767 0.05
3221 2105 0.2
3221 3133 0.01
3223 1343 0.01
3223 3796 0.2
3223 5029 0.01
3223 5037 0.01
3223 5038 0.2
3223 5039 0.01
3223 5040 0.2
3223 5041 0.2
3223 5042 0.2
3223 5043 0.01
3224 88 0.01
3224 90 0.2
3224 91 0.2
3224 95 0.05
3224 96 0.2
3224 533 0.2
3224 750 0.01
3224 1074 0.05
3224 1309 0.05
3224 1389 0.2
3225 3291 0.01
3228 88 0.2
3228 226 0.05
3228 351 0.05
3228 563 0.01
3228 564 0.2
3228 707 0.01
3228 1365 0.2
3228 1558 0.05
3228 1902 0.05
3228 5033 0.05
3232 56 0.05
3232 1265 0.01
3232 1433 0.05
3232 1477 0.01
3232 2767 0.05
3232 3124 0.01
3232 5026 0.05
3232 5027 0.05
3232 5028 0.05
3232 5029 0.01
3233 51 0.05
3233 352 0.2
3233 531 0.2
3233 565 0.01
3233 823 0.05
3233 1126 0.05
3233 1389 0.01
3233 5030 0.2
3233 5031 0.01
3233 5032 0.05
3239 76 0.05
3239 479 0.01
3239 970 0.05
3239 1508 0.01
3239 2814 0.2
3239 3342 0.05
3239 3893 0.05
3239 4721 0.2
3239 5034 0.01
3239 5035 0.2
3251 5036 0.2
3252 4164 0.2
3254 648 0.05
3254 948 0.01
3254 1509 0.2
3254 3451 0.05
3254 3895 0.05
3254 4512 0.01
3254 5044 0.05
3254 5045 0.2
3254 5046 0.2
3254 5047 0.01
3263 284 0.01
3264 584 0.05
3264 884 0.2
3264 2095 0.2
3264 2428 0.01
3264 3970 0.05
3264 4558 0.05
3264 5054 0.2
3264 5055 0.05
3264 5056 0.05
3264 5057 0.2
3265 176 0.2
3265 254 0.2
3265 387 0.2
3265 753 0.01
3265 840 0.2
3265 1389 0.05
3265 2182 0.01
3265 3196 0.2
3265 3694 0.2
3265 5053 0.2
3266 2360 0.05
3266 6452 0.05
3266 6453 0.05
3268 2820 0.01
3271 43 0.01
3271 490 0.2
3271 1426 0.2
3271 1679 0.05
3271 1839 0.05
3271 3030 0.01
3271 3552 0.01
3271 3583 0.01
3271 5060 0.01
3271 5061 0.05
3272 712 0.01
3272 810 0.05
3272 1021 0.2
3272 1205 0.05
3272 1510 0.05
3272 1763 0.05
3272 2783 0.01
3272 4607 0.2
3272 5058 0.01
3272 5059 0.01
3275 447 0.2
3275 1767 0.01
3275 3343 0.2
3275 3349 0.01
3275 4277 0.2
3275 5062 0.01
3275 5063 0.2
3275 5064 0.05
3275 5065 0.01
3275 5066 0.05
3276 36 0.05
3276 160 0.05
3276 382 0.05
3276 1346 0.05
3276 2885 0.05
3276 3194 0.05
3276 3741 0.05
3276 4098 0.05
3276 4278 0.2
3276 5069 0.2
3277 1575 0.2
3277 1578 0.2
3277 3064 0.2
3277 3125 0.01
3277 4516 0.2
3277 4556 0.05
3277 4934 0.2
3277 5067 0.2
3277 5068 0.01
3278 36 0.2
3278 94 0.2
3278 97 0.2
3278 355 0.2
3278 530 0.05
3278 531 0.01
3278 534 0.05
3278 1458 0.01
3278 3277 0.05
3278 5070 0.01
3282 243 0.05
3282 459 0.05
3282 561 0.01
3282 3689 0.2
3282 4650 0.05
3282 4663 0.01
3282 4714 0.2
3282 4787 0.01
3282 5077 0.01
3282 5078 0.05
3283 307 0.2
3283 885 0.01
3283 1330 0.01
3283 1805 0.01
3283 2200 0.05
3283 4174 0.01
3283 4235 0.01
3283 4653 0.05
3283 5071 0.01
3283 5072 0.2
3286 5089 0.05
3290 119 0.01
3290 1769 0.01
3290 3448 0.2
3290 3709 0.01
3290 4032 0.2
3290 4407 0.2
3290 5073 0.05
3290 5074 0.01
3290 5075 0.05
3290 5076 0.2
3291 90 0.2
3291 96 0.05
3291 351 0.2
3291 353 0.2
3291 534 0.01
3291 563 0.2
3291 752 0.2
3291 823 0.01
3291 825 0.05
3291 1389 0.01
3295 425 0.2
3295 1712 0.05
3295 2125 0.01
3295 2190 0.01
3295 3994 0.2
3295 4299 0.01
3295 5079 0.2
3295 5080 0.01
3295 5081 0.2
3295 5082 0.05
3302 351 0.2
3302 1146 0.2
3302 1579 0.05
3302 3540 0.01
3302 4642 0.01
3302 5083 0.2
3302 5084 0.05
3302 5085 0.2
3302 5086 0.05
3309 527 0.05
3312 40 0.2
3312 260 0.05
3312 2167 0.2
3312 2609 0.01
3312 3523 0.05
3312 3594 0.2
3312 4792 0.2
3312 5090 0.01
3312 5091 0.01
3312 5092 0.2
3313 232 0.05
3313 942 0.2
3313 1438 0.2
3313 2369 0.05
3313 2751 0.05
3313 4502 0.01
3313 5011 0.2
3313 5087 0.01
3313 5088 0.05
3316 102 0.01
3316 340 0.2
3316 640 0.05
3316 1309 0.2
3316 1493 0.05
3316 1879 0.05
3316 2361 0.01
3316 3701 0.2
3316 4294 0.01
3316 5094 0.05
3317 484 0.05
3317 1520 0.2
3317 1579 0.2
3317 2349 0.2
3317 2761 0.05
3317 2968 0.01
3317 3366 0.2
3317 3593 0.01
3317 4052 0.2
3317 4388 0.01
3320 286 0.01
3320 572 0.2
3320 1427 0.05
3320 1586 0.2
3320 2428 0.05
3320 2504 0.05
3320 3452 0.2
3320 3511 0.2
3320 3897 0.2
3320 5093 0.2
3321 91 0.2
3321 93 0.01
3321 95 0.2
3321 150 0.2
3321 387 0.2
3321 530 0.2
3321 533 0.2
3321 752 0.01
3321 822 0.05
3321 836 0.01
3328 2820 0.05
3329 750 0.05
3329 752 0.01
3329 753 0.05
3329 822 0.05
3329 836 0.2
3329 1073 0.05
3329 1126 0.05
3329 1389 0.05
3329 1524 0.05
3329 4857 0.01
3330 1589 0.05
3330 1774 0.05
3330 1972 0.01
3330 2172 0.01
3330 2555 0.01
3330 2790 0.01
3330 2874 0.01
3330 3782 0.2
3330 4898 0.2
3330 5110 0.01
3332 572 0.2
3332 1322 0.2
3332 1379 0.2
3332 2034 0.2
3332 2094 0.2
3332 2300 0.01
3332 2880 0.01
3332 2902 0.05
3332 5097 0.05
3332 5098 0.01
3333 19 0.05
3333 636 0.05
3333 1770 0.05
3333 1824 0.2
3333 2067 0.05
3333 3140 0.2
3333 4042 0.2
3333 4539 0.05
3333 5095 0.2
3333 5096 0.01
3335 42 0.2
3335 863 0.01
3335 1068 0.05
3335 1464 0.05
3335 2368 0.01
3335 2686 0.2
3335 3859 0.01
3335 5099 0.05
3335 5100 0.01
3335 5101 0.05
3336 54 0.01
3336 1081 0.2
3336 2284 0.05
3336 3241 0.05
3336 3688 0.05
3336 3916 0.2
3336 5102 0.2
3336 5103 0.05
3336 5104 0.05
3336 5105 0.2
3337 556 0.05
3337 1936 0.2
3337 2913 0.01
3337 3349 0.01
3337 3723 0.01
3337 3739 0.2
3337 4446 0.2
3337 4506 0.2
3337 4934 0.2
3337 5036 0.05
3341 318 0.2
3341 767 0.05
3341 1012 0.01
3341 1743 0.05
3341 2084 0.05
3341 3741 0.2
3341 4320 0.01
3341 4981 0.2
3341 5106 0.01
3341 5107 0.05
3343 544 0.01
3343 549 0.01
3343 1137 0.05
3343 1218 0.2
3343 2672 0.01
3343 2781 0.05
3343 3776 0.2
3343 4154 0.2
3343 5114 0.2
3343 5115 0.2
3348 351 0.01
3348 531 0.01
3348 534 0.01
3348 565 0.05
3348 704 0.01
3348 706 0.05
3348 826 0.05
3348 855 0.2
3348 1042 0.01
3348 2451 0.05
3350 506 0.05
3350 522 0.2
3350 1625 0.01
3350 1811 0.01
3350 2096 0.2
3350 2597 0.05
3350 2608 0.2
3350 3540 0.2
3350 5108 0.2
3350 5109 0.05
3352 1525 0.2
3354 5109 0.05
3354 5122 0.2
3355 2991 0.2
3355 5079 0.05
3355 5252 0.2
3355 6723 0.01
3355 6921 0.2
3355 7069 0.2
3355 7070 0.2
3356 66 0.05
3356 773 0.01
3356 1205 0.05
3356 1752 0.2
3356 2556 0.2
3356 3782 0.2
3356 4851 0.05
3356 5111 0.2
3356 5112 0.01
3356 5113 0.01
3358 820 0.01
3358 858 0.2
3358 1953 0.2
3358 4156 0.05
3358 4605 0.01
3358 5116 0.01
3358 5117 0.2
3358 5118 0.01
3358 5119 0.05
3358 5120 0.01
3362 55 0.05
3362 561 0.2
3362 3234 0.01
3362 4002 0.2
3362 4835 0.01
3362 4929 0.01
3362 5123 0.01
3362 5124 0.2
3362 5125 0.01
3362 5126 0.05
3364 2140 0.05
3364 2600 0.2
3364 2879 0.05
3364 3589 0.2
3364 5127 0.2
3366 950 0.2
3366 1033 0.01
3366 1667 0.01
3366 2156 0.05
3366 3142 0.05
3366 3259 0.05
3366 3441 0.05
3366 4619 0.05
3366 5010 0.2
3366 5121 0.01
3377 2571 0.2
3377 2774 0.05
3377 4571 0.2
3377 5128 0.2
3377 5129 0.2
3377 5130 0.05
3377 5131 0.2
3377 5132 0.2
3377 5133 0.01
3377 5134 0.05
3383 763 0.05
3383 901 0.2
3383 2123 0.01
3383 3441 0.01
3383 4691 0.01
3383 4871 0.05
3383 5136 0.2
3383 5137 0.01
3383 5138 0.01
3383 5139 0.01
3384 5135 0.2
3391 313 0.05
3391 1247 0.01
3391 2759 0.01
3391 3129 0.01
3391 3590 0.05
3391 3893 0.05
3391 3949 0.05
3391 5152 0.01
3391 5153 0.2
3391 5154 0.2
3392 610 0.2
3392 1776 0.01
3392 3190 0.05
3392 3349 0.05
3392 4380 0.05
3392 5076 0.01
3392 5141 0.2
3392 5142 0.2
3392 5143 0.05
3392 5144 0.2
3393 628 0.05
3393 639 0.2
3393 850 0.2
3393 1204 0.2
3393 1562 0.2
3393 1600 0.2
3393 3081 0.2
3393 4729 0.2
3393 5129 0.05
3393 5140 0.05
3397 251 0.05
3397 506 0.01
3397 631 0.05
3397 1743 0.2
3397 5145 0.01
3397 5146 0.01
3397 5147 0.05
3397 5148 0.01
3397 5149 0.05
3397 5150 0.05
3401 326 0.05
3401 638 0.01
3401 807 0.01
3401 1629 0.2
3401 2059 0.05
3401 2150 0.2
3401 2498 0.2
3401 2971 0.05
3401 2975 0.01
3401 3021 0.05
3401 3431 0.05
3401 3839 0.01
3401 4211 0.01
3401 4890 0.01
3401 5042 0.05
3401 5470 0.01
3401 6016 0.2
3401 6356 0.2
3401 6357 0.05
3402 95 0.2
3402 2002 0.05
3402 2184 0.05
3402 2541 0.2
3402 2748 0.01
3402 3163 0.05
3402 3558 0.05
3402 3724 0.05
3402 5136 0.01
3402 5151 0.2
3405 1537 0.2
3405 1625 0.05
3405 3156 0.01
3405 3350 0.2
3405 4117 0.01
3405 5108 0.2
3405 5155 0.01
3405 5156 0.05
3405 5157 0.05
3405 5158 0.01
3406 1138 0.2
3406 1254 0.05
3406 2035 0.05
3406 2496 0.05
3406 2604 0.05
3406 2889 0.05
3406 3088 0.2
3406 5022 0.01
3406 5198 0.2
3406 5219 0.2
3406 5220 0.01
3406 5221 0.01
3406 5222 0.2
3406 5223 0.2
3410 4451 0.05
3413 1775 0.01
3413 2228 0.2
3413 3622 0.2
3413 3665 0.2
3413 3764 0.01
3413 5235 0.05
3413 5236 0.01
3416 23 0.2
3416 532 0.2
3416 769 0.05
3416 2347 0.05
3416 2698 0.01
3416 2962 0.05
3416 3061 0.05
3416 3203 0.01
3416 3973 0.2
3425 145 0.01
3425 150 0.01
3425 350 0.01
3425 355 0.2
3425 531 0.2
3425 704 0.05
3425 767 0.01
3425 1211 0.2
3425 3180 0.05
3425 5159 0.05
3428 51 0.2
3428 89 0.05
3428 90 0.2
3428 150 0.05
3428 530 0.2
3428 649 0.01
3428 1041 0.01
3428 1365 0.2
3428 1389 0.01
3428 3151 0.05
3432 8 0.05
3432 1833 0.01
3432 1911 0.01
3432 2018 0.2
3432 2835 0.05
3432 2925 0.05
3432 3343 0.05
3432 5162 0.01
3432 5163 0.05
3432 5164 0.01
3433 328 0.05
3433 973 0.2
3433 1444 0.2
3433 3141 0.05
3433 3179 0.2
3433 3241 0.2
3433 4503 0.2
3433 4643 0.2
3433 5160 0.01
3433 5161 0.2
3434 277 0.05
3434 372 0.01
3434 794 0.2
3434 1229 0.01
3434 1417 0.05
3434 2053 0.05
3434 2361 0.05
3434 5165 0.01
3434 5166 0.01
3434 5167 0.01
3435 1226 0.01
3438 79 0.2
3438 89 0.05
3438 352 0.05
3438 563 0.05
3438 565 0.05
3438 822 0.2
3438 824 0.05
3438 1074 0.2
3438 1389 0.2
3438 2144 0.01
3441 200 0.01
3441 268 0.01
3441 1187 0.05
3441 1625 0.2
3441 2256 0.05
3441 7834 0.05
3441 7844 0.05
3441 7923 0.05
3441 7961 0.01
3441 7962 0.05
3441 7963 0.2
3441 7964 0.01
3441 7965 0.05
3442 102 0.05
3442 1017 0.05
3442 1479 0.05
3442 4755 0.01
3442 5082 0.2
3442 5168 0.01
3442 5169 0.05
3442 5170 0.2
3442 5171 0.05
3448 1 0.2
3448 856 0.2
3448 2311 0.05
3448 3527 0.2
3448 4027 0.01
3448 4535 0.2
3448 4813 0.01
3448 5171 0.2
3448 6779 0.05
3448 8045 0.2
3454 863 0.2
3454 1464 0.01
3454 1579 0.01
3454 1697 0.01
3454 3230 0.05
3454 3584 0.05
3454 4699 0.05
3454 4759 0.05
3454 5085 0.2
3454 5172 0.05
3457 381 0.05
3457 790 0.01
3457 1167 0.05
3457 1632 0.01
3457 1647 0.05
3457 2177 0.01
3457 3066 0.2
3457 3672 0.01
3457 4701 0.05
3457 5173 0.2
3459 78 0.01
3459 95 0.01
3459 96 0.01
3459 176 0.2
3459 350 0.01
3459 387 0.01
3459 703 0.01
3459 822 0.01
3459 1042 0.01
3459 1074 0.05
3461 3832 0.01
3462 352 0.05
3462 355 0.05
3462 532 0.2
3462 534 0.05
3462 649 0.2
3462 825 0.01
3462 826 0.05
3462 1074 0.2
3462 1558 0.01
3462 1821 0.01
3476 511 0.05
3476 1312 0.2
3476 1518 0.2
3476 2321 0.2
3476 2877 0.05
3476 3427 0.05
3476 4165 0.05
3476 5174 0.2
3476 5175 0.05
3476 5176 0.01
3478 351 0.2
3478 355 0.01
3478 530 0.2
3478 649 0.01
3478 826 0.2
3478 1074 0.2
3478 1126 0.05
3478 1389 0.2
3478 2451 0.05
3478 2717 0.2
3479 2091 0.01
3480 125 0.05
3480 1144 0.2
3480 3234 0.01
3480 3899 0.01
3480 4512 0.01
3480 6076 0.2
3480 6358 0.05
3480 6890 0.2
3480 7156 0.01
3480 7157 0.2
3481 355 0.01
3481 825 0.2
3481 4317 0.2
3481 4461 0.05
3481 4671 0.2
3481 5177 0.05
3482 313 0.2
3482 405 0.2
3482 1445 0.05
3482 2296 0.01
3482 2347 0.05
3482 4461 0.05
3482 4946 0.2
3482 5066 0.2
3482 5162 0.01
3482 6782 0.05
3484 2980 0.2
3484 3592 0.05
3484 3779 0.2
3484 4061 0.01
3484 4221 0.2
3484 4946 0.05
3484 4985 0.05
3484 5178 0.05
3484 5179 0.2
3484 5180 0.2
3487 505 0.2
3487 1762 0.05
3487 1833 0.05
3487 2131 0.05
3487 5181 0.01
3492 176 0.01
3492 349 0.2
3492 532 0.2
3492 534 0.2
3492 649 0.01
3492 752 0.2
3492 822 0.05
3492 1211 0.01
3492 1365 0.2
3492 1564 0.05
3496 96 0.01
3497 51 0.01
3497 92 0.2
3497 95 0.05
3497 96 0.01
3497 708 0.01
3497 753 0.05
3497 823 0.05
3497 824 0.01
3497 1126 0.01
3497 1389 0.05
3500 176 0.01
3500 226 0.2
3500 349 0.05
3500 530 0.2
3500 534 0.05
3500 649 0.05
3500 822 0.2
3500 824 0.01
3500 1126 0.2
3500 1389 0.01
3502 506 0.05
3502 890 0.01
3502 1215 0.01
3502 3124 0.2
3502 3392 0.05
3502 3415 0.05
3502 3659 0.2
3502 4101 0.2
3502 4886 0.2
3513 767 0.01
3513 1516 0.05
3513 2075 0.05
3513 2332 0.01
3513 2496 0.2
3513 2830 0.2
3513 5182 0.01
3513 5183 0.01
3513 5184 0.01
3513 5185 0.01
3514 78 0.01
3514 88 0.05
3514 89 0.05
3514 90 0.05
3514 226 0.2
3514 350 0.2
3514 351 0.01
3514 356 0.05
3514 751 0.2
3514 1309 0.2
3515 174 0.01
3515 445 0.2
3515 1074 0.01
3515 3339 0.2
3515 4650 0.01
3515 5123 0.01
3515 5165 0.05
3515 5186 0.2
3515 5187 0.2
3516 1799 0.01
3516 1955 0.05
3516 2202 0.2
3516 2604 0.2
3516 2738 0.01
3516 3520 0.01
3516 3855 0.01
3516 5188 0.01
3516 5189 0.05
3516 5190 0.01
3521 2024 0.2
3521 3159 0.2
3521 3664 0.05
3521 3781 0.2
3521 3966 0.05
3521 4042 0.01
3521 4320 0.05
3521 5191 0.05
3521 5192 0.2
3523 805 0.05
3523 1118 0.05
3523 1509 0.2
3523 2354 0.05
3523 3315 0.05
3523 3666 0.01
3523 4566 0.01
3523 5144 0.2
3523 5193 0.2
3523 5194 0.01
3525 226 0.01
3525 351 0.2
3525 352 0.2
3525 354 0.01
3525 531 0.2
3525 750 0.05
3525 753 0.2
3525 825 0.2
3525 1042 0.2
3525 1309 0.05
3527 1042 0.01
3527 1638 0.2
3527 2419 0.2
3527 3567 0.01
3527 4220 0.01
3527 4484 0.01
3527 4522 0.2
3527 4588 0.05
3527 5195 0.05
3527 5196 0.2
3531 413 0.01
3531 1535 0.05
3531 1661 0.01
3531 2615 0.01
3531 2765 0.05
3531 3302 0.05
3531 3800 0.05
3531 3941 0.2
3531 5197 0.01
3531 5198 0.01
3536 2388 0.01
3536 3691 0.01
3536 5113 0.2
3536 5199 0.05
3536 5200 0.05
3536 5201 0.01
3536 5202 0.01
3536 5203 0.01
3536 5204 0.2
3536 5205 0.2
3537 918 0.05
3537 1364 0.2
3537 2868 0.2
3537 3166 0.05
3537 3355 0.05
3537 4492 0.01
3537 4612 0.01
3537 4954 0.2
3537 5206 0.01
3537 5207 0.2
3538 1147 0.05
3546 150 0.2
3546 226 0.01
3546 349 0.05
3546 352 0.05
3546 354 0.05
3546 532 0.01
3546 708 0.2
3546 1074 0.05
3546 1821 0.01
3546 2144 0.2
3549 147 0.01
3549 777 0.2
3549 2055 0.01
3549 2512 0.01
3549 2795 0.05
3549 3385 0.01
3549 4058 0.05
3549 4194 0.2
3549 5003 0.2
3549 5208 0.01
3551 990 0.01
3551 1159 0.2
3551 1481 0.01
3551 1887 0.05
3551 3044 0.05
3551 3537 0.05
3551 3597 0.01
3551 4127 0.2
3551 4756 0.01
3551 5214 0.2
3552 313 0.05
3553 1472 0.05
3553 2197 0.05
3553 2218 0.01
3553 2978 0.01
3553 3113 0.01
3553 5209 0.05
3553 5210 0.05
3553 5211 0.05
3553 5212 0.01
3553 5213 0.05
3555 306 0.01
3555 1318 0.05
3555 1356 0.05
3555 1383 0.05
3555 2024 0.01
3555 2197 0.01
3555 4257 0.2
3555 4483 0.01
3555 5217 0.2
3555 5218 0.2
3557 395 0.2
3557 396 0.05
3557 994 0.01
3557 1044 0.2
3557 1586 0.2
3557 3052 0.01
3557 4248 0.2
3557 4827 0.01
3557 5215 0.05
3557 5216 0.05
3563 101 0.2
3563 527 0.01
3563 1322 0.05
3563 2631 0.05
3563 3001 0.2
3563 3729 0.05
3563 5136 0.05
3563 5224 0.05
3563 5225 0.01
3563 5226 0.05
3566 5234 0.2
3572 36 0.05
3572 656 0.2
3572 1031 0.05
3572 3061 0.2
3572 4075 0.2
3572 4753 0.05
3572 5227 0.01
3572 5228 0.01
3572 5229 0.01
3572 5230 0.01
3573 299 0.05
3573 332 0.05
3573 857 0.01
3573 1381 0.05
3573 1598 0.2
3573 2574 0.2
3573 4011 0.01
3573 5231 0.01
3573 5232 0.2
3573 5233 0.2
3574 200 0.2
3574 1308 0.01
3574 1728 0.2
3574 2035 0.05
3574 2202 0.05
3574 3686 0.05
3574 4277 0.05
3574 4733 0.01
3574 4937 0.2
3574 5165 0.2
3577 71 0.2
3577 3896 0.01
3577 4429 0.01
3577 4549 0.2
3577 5237 0.01
3577 5238 0.05
3577 5239 0.05
3577 5240 0.01
3577 5241 0.01
3578 2412 0.05
3580 549 0.01
3580 1383 0.2
3580 1474 0.05
3580 1822 0.01
3580 2302 0.01
3580 3475 0.05
3580 4021 0.01
3580 5242 0.05
3580 5243 0.05
3580 5244 0.2
3581 284 0.2
3581 1232 0.2
3581 2049 0.05
3581 2151 0.01
3581 2197 0.05
3581 5245 0.2
3581 5246 0.01
3581 5247 0.05
3581 5248 0.01
3581 5249 0.01
3584 929 0.05
3584 1354 0.01
3584 4263 0.05
3584 5250 0.01
3584 5251 0.05
3584 5252 0.05
3584 5253 0.05
3584 5254 0.2
3584 5255 0.01
3584 5256 0.01
3586 798 0.01
3586 923 0.2
3586 1134 0.2
3586 1622 0.01
3586 3182 0.01
3586 4846 0.01
3586 5008 0.05
3586 5273 0.2
3586 5274 0.01
3586 5275 0.05
3587 400 0.01
3587 637 0.05
3587 1494 0.05
3587 2515 0.05
3587 3169 0.2
3587 3474 0.01
3587 4332 0.05
3587 5157 0.2
3587 5257 0.2
3591 285 0.05
3591 3535 0.05
3591 4665 0.01
3591 4876 0.05
3591 5258 0.05
3591 5259 0.2
3591 5260 0.2
3591 5261 0.01
3591 5262 0.01
3601 810 0.05
3602 1046 0.2
3602 1505 0.01
3602 1686 0.2
3602 2738 0.05
3602 2983 0.2
3602 3379 0.2
3602 4817 0.01
3602 5213 0.2
3602 5263 0.2
3602 5264 0.05
3608 561 0.01
3608 2254 0.2
3608 2410 0.2
3608 2698 0.05
3608 2973 0.05
3608 3352 0.2
3608 3402 0.01
3608 3438 0.05
3608 4194 0.2
3608 5265 0.01
3613 799 0.05
3613 1011 0.2
3613 1243 0.05
3613 2925 0.05
3613 3497 0.01
3613 4778 0.05
3613 5139 0.01
3613 5266 0.01
3613 5267 0.05
3613 5268 0.05
3615 19 0.01
3615 476 0.01
3615 1126 0.2
3615 1452 0.05
3615 2038 0.05
3615 2781 0.05
3615 4107 0.05
3615 4635 0.05
3615 5271 0.05
3620 5 0.01
3620 353 0.2
3620 507 0.05
3620 1375 0.05
3620 2279 0.05
3620 2472 0.01
3620 2528 0.05
3620 3401 0.2
3620 5269 0.05
3620 5270 0.05
3623 351 0.2
3623 352 0.2
3623 356 0.05
3623 530 0.05
3623 563 0.05
3623 649 0.01
3623 826 0.01
3623 1041 0.2
3623 1074 0.05
3623 1821 0.01
3624 1204 0.05
3624 1431 0.2
3624 1455 0.2
3624 2008 0.2
3624 2273 0.05
3624 2604 0.01
3624 4145 0.2
3624 4456 0.2
3624 4735 0.01
3624 5272 0.2
3633 495 0.05
3633 805 0.2
3633 2036 0.01
3633 2616 0.01
3633 3452 0.2
3633 3666 0.05
3633 3945 0.2
3633 5194 0.2
3641 1476 0.2
3641 2601 0.05
3641 2764 0.05
3641 4417 0.2
3641 5977 0.05
3641 6339 0.01
3641 6376 0.01
3641 6388 0.01
3641 6389 0.01
3641 6390 0.05
3644 93 0.05
3644 349 0.01
3644 355 0.01
3644 356 0.2
3644 563 0.05
3644 565 0.01
3644 822 0.01
3644 825 0.05
3644 1041 0.05
3644 1821 0.05
3647 305 0.01
3647 3081 0.2
3647 4490 0.01
3647 5276 0.2
3647 5277 0.01
3647 5278 0.2
3647 5279 0.01
3647 5280 0.01
3647 5281 0.2
3653 1086 0.05
3653 1535 0.01
3653 2882 0.05
3653 3424 0.2
3653 3835 0.01
3653 3889 0.05
3653 5292 0.05
3653 5293 0.01
3653 5294 0.01
3653 5295 0.01
3654 51 0.01
3654 54 0.01
3654 150 0.01
3654 354 0.01
3654 428 0.01
3654 532 0.2
3654 826 0.01
3654 1389 0.05
3654 1493 0.01
3654 1557 0.2
3655 1738 0.05
3655 5926 0.2
3655 5970 0.05
3655 5993 0.05
3655 6156 0.2
3655 6267 0.2
3655 6520 0.2
3655 6764 0.01
3655 6765 0.05
3655 6766 0.2
3656 11 0.2
3656 428 0.05
3656 1152 0.2
3656 2559 0.2
3656 2794 0.2
3656 2817 0.05
3656 3606 0.01
3656 3977 0.2
3656 4212 0.2
3656 5282 0.01
3657 856 0.2
3657 967 0.05
3657 970 0.01
3657 3174 0.01
3657 5093 0.2
3657 5298 0.2
3657 5299 0.05
3657 5300 0.01
3657 5301 0.2
3657 5302 0.05
3658 39 0.05
3658 1148 0.2
3658 1869 0.2
3658 4295 0.2
3658 4728 0.2
3658 5283 0.2
3658 5284 0.05
3658 5285 0.2
3658 5286 0.05
3658 5287 0.2
3660 996 0.05
3660 997 0.2
3660 998 0.2
3660 1707 0.2
3660 1709 0.05
3660 3553 0.2
3660 5288 0.05
3660 5289 0.05
3660 5290 0.2
3660 5291 0.01
3661 4062 0.01
3663 276 0.2
3663 286 0.01
3663 2377 0.2
3663 2447 0.05
3663 3864 0.05
3672 177 0.01
3672 554 0.05
3672 1147 0.01
3672 1787 0.01
3672 3201 0.2
3672 3415 0.2
3672 4437 0.2
3672 5296 0.01
3672 5297 0.05
3676 173 0.2
3676 3667 0.01
3676 3724 0.2
3676 4232 0.05
3676 4877 0.05
3676 4927 0.01
3676 5114 0.05
3676 5303 0.2
3676 5304 0.05
3677 1600 0.01
3679 155 0.01
3679 1274 0.2
3679 2332 0.01
3679 2587 0.05
3679 3693 0.01
3679 4340 0.2
3679 5305 0.2
3679 5306 0.01
3679 5307 0.2
3684 253 0.05
3684 417 0.05
3684 1705 0.01
3684 2302 0.2
3684 2806 0.01
3684 3375 0.05
3684 4878 0.01
3684 5073 0.05
3684 5308 0.05
3684 5309 0.01
3685 7107 0.2
3686 78 0.05
3686 89 0.05
3686 90 0.01
3686 91 0.2
3686 93 0.2
3686 428 0.05
3686 825 0.01
3686 1309 0.05
3686 1557 0.2
3686 3151 0.2
3687 4400 0.05
3688 4243 0.2
3690 5312 0.05
3693 284 0.2
3693 774 0.2
3693 1252 0.05
3693 1920 0.05
3693 2353 0.01
3693 4255 0.2
3693 4625 0.2
3693 5313 0.01
3693 5314 0.01
3694 2448 0.2
3694 5326 0.05
3694 5327 0.01
3694 5328 0.05
3694 5329 0.05
3695 89 0.05
3695 90 0.2
3695 91 0.2
3695 92 0.01
3695 354 0.01
3695 533 0.2
3695 564 0.2
3695 752 0.2
3695 1389 0.05
3695 1821 0.01
3696 3823 0.05
3697 328 0.05
3697 693 0.05
3697 1629 0.05
3697 4294 0.2
3697 4833 0.05
3697 4905 0.2
3697 4934 0.01
3697 5320 0.05
3697 5321 0.01
3697 5322 0.05
3698 199 0.01
3698 1092 0.01
3698 1525 0.05
3698 2644 0.2
3698 3697 0.05
3698 3699 0.05
3698 4088 0.01
3698 4508 0.2
3698 5315 0.01
3698 5316 0.05
3699 1646 0.01
3699 2803 0.05
3699 3153 0.01
3699 4528 0.05
3699 4757 0.05
3699 5035 0.05
3699 5317 0.01
3699 5318 0.01
3699 5319 0.2
3700 4352 0.05
3701 3252 0.01
3702 78 0.01
3702 90 0.01
3702 93 0.01
3702 95 0.2
3702 96 0.05
3702 350 0.01
3702 649 0.05
3702 751 0.01
3702 822 0.2
3702 1309 0.2
3704 1 0.05
3704 407 0.05
3704 609 0.2
3704 832 0.2
3704 938 0.05
3704 1972 0.05
3704 2096 0.05
3704 2820 0.2
3704 2872 0.01
3706 88 0.2
3706 96 0.2
3706 350 0.2
3706 355 0.01
3706 387 0.01
3706 704 0.01
3706 1211 0.2
3706 1365 0.01
3706 1493 0.01
3706 4860 0.01
3708 5452 0.2
3708 5453 0.01
3708 5454 0.05
3710 36 0.01
3710 267 0.05
3710 745 0.2
3710 1586 0.05
3710 1626 0.2
3710 4031 0.05
3710 4261 0.05
3710 4801 0.2
3710 5022 0.2
3710 5323 0.01
3711 409 0.01
3711 1735 0.05
3711 3277 0.2
3711 4259 0.05
3711 4935 0.05
3711 6266 0.05
3711 6433 0.2
3711 6761 0.01
3711 7146 0.01
3711 7147 0.05
3714 320 0.2
3714 2816 0.01
3714 2835 0.01
3714 2913 0.05
3714 3203 0.01
3714 3615 0.01
3714 3629 0.05
3714 4530 0.01
3714 5324 0.2
3714 5325 0.01
3716 495 0.05
3716 576 0.05
3716 746 0.01
3716 1490 0.2
3716 1885 0.2
3716 2307 0.05
3716 2794 0.01
3716 3714 0.05
3716 4239 0.2
3716 5330 0.2
3717 1635 0.05
3717 1705 0.2
3717 2967 0.2
3717 3350 0.01
3717 4804 0.01
3717 4805 0.05
3717 5265 0.05
3717 5331 0.05
3717 5332 0.05
3717 5333 0.05
3719 78 0.05
3719 91 0.05
3719 95 0.05
3719 355 0.2
3719 387 0.2
3719 703 0.05
3719 705 0.01
3719 837 0.2
3719 1042 0.05
3719 1309 0.05
3720 390 0.2
3720 1065 0.2
3720 1885 0.01
3720 2679 0.05
3720 2689 0.01
3720 4075 0.2
3720 4148 0.01
3720 5334 0.05
3720 5335 0.01
3720 5336 0.05
3721 78 0.2
3721 95 0.2
3721 533 0.01
3721 649 0.2
3721 750 0.01
3721 752 0.05
3721 837 0.05
3721 1042 0.01
3721 1389 0.01
3721 3151 0.05
3722 233 0.01
3722 324 0.01
3722 345 0.05
3722 393 0.05
3722 456 0.05
3722 534 0.01
3722 618 0.01
3722 737 0.01
3722 1157 0.05
3722 1369 0.01
3722 1378 0.01
3722 1438 0.2
3722 1625 0.2
3722 1678 0.01
3722 1685 0.2
3722 1710 0.2
3722 1782 0.01
3722 2136 0.05
3722 2140 0.2
3722 2490 0.2
3722 2612 0.2
3722 2762 0.05
3722 2800 0.2
3722 2879 0.2
3722 2895 0.05
3722 3166 0.2
3722 3184 0.05
3722 3210 0.2
3722 3272 0.01
3722 3405 0.05
3722 3523 0.05
3722 3652 0.01
3722 3659 0.2
3722 3771 0.05
3722 3924 0.05
3722 4017 0.05
3722 4076 0.01
3722 4182 0.2
3722 4303 0.01
3722 4314 0.2
3722 4445 0.05
3722 4733 0.05
3722 4756 0.2
3722 4821 0.05
3722 4865 0.05
3722 5431 0.2
3722 5432 0.01
3722 5433 0.01
3722 5434 0.05
3722 5435 0.2
3722 5436 0.2
3722 5437 0.05
3722 5438 0.2
3722 5439 0.01
3722 5440 0.2
3724 220 0.01
3724 239 0.2
3724 795 0.01
3724 916 0.2
3724 1728 0.01
3724 2636 0.05
3724 2774 0.01
3724 2791 0.2
3724 3174 0.05
3724 5339 0.05
3725 100 0.2
3725 1009 0.05
3725 1086 0.05
3725 2406 0.2
3725 2721 0.05
3725 4083 0.2
3725 4443 0.01
3725 4861 0.2
3725 5337 0.05
3725 5338 0.01
3726 201 0.01
3726 1610 0.01
3726 2137 0.01
3726 2307 0.2
3726 3406 0.2
3726 5117 0.01
3726 5118 0.2
3726 5340 0.05
3726 5341 0.2
3726 5342 0.01
3728 76 0.2
3728 429 0.01
3728 2491 0.2
3728 2756 0.2
3728 2853 0.01
3728 3579 0.01
3728 5343 0.05
3728 5344 0.01
3728 5345 0.01
3728 5346 0.01
3729 276 0.05
3729 5716 0.05
3735 96 0.05
3735 150 0.01
3735 349 0.05
3735 353 0.01
3735 530 0.05
3735 532 0.2
3735 563 0.05
3735 1041 0.2
3735 1074 0.05
3735 1656 0.01
3736 917 0.01
3736 1334 0.2
3736 2421 0.2
3736 2555 0.2
3736 3581 0.05
3736 4168 0.2
3736 4534 0.01
3736 5347 0.05
3736 5348 0.2
3736 5349 0.2
3740 1288 0.01
3740 1481 0.01
3743 1058 0.05
3743 1710 0.05
3743 1911 0.05
3743 3353 0.05
3743 3567 0.05
3743 3623 0.05
3743 4778 0.05
3743 5350 0.01
3743 5351 0.01
3743 5352 0.01
3749 811 0.05
3749 1158 0.01
3749 1596 0.01
3749 2123 0.2
3749 2330 0.2
3749 5239 0.01
3749 5353 0.05
3749 5354 0.05
3760 51 0.01
3760 78 0.2
3760 89 0.2
3760 93 0.05
3760 387 0.2
3760 530 0.2
3760 750 0.2
3760 753 0.2
3760 822 0.2
3760 1074 0.05
3763 410 0.2
3763 856 0.01
3763 2429 0.01
3763 3583 0.05
3763 3786 0.2
3763 4062 0.01
3763 5355 0.05
3763 5356 0.05
3763 5357 0.05
3763 5358 0.2
3766 9 0.05
3766 571 0.05
3766 3277 0.2
3766 4516 0.01
3766 5359 0.2
3766 5360 0.05
3766 5361 0.2
3766 5362 0.01
3766 5363 0.01
3766 5364 0.01
3769 476 0.2
3769 584 0.2
3769 2555 0.05
3769 3144 0.2
3769 3238 0.01
3769 3654 0.05
3769 4860 0.2
3769 5365 0.05
3769 5366 0.2
3774 49 0.01
3774 567 0.01
3774 1591 0.01
3774 2443 0.01
3774 3355 0.05
3774 3428 0.01
3774 5396 0.2
3774 5397 0.2
3774 5398 0.01
3774 5399 0.05
3776 79 0.2
3776 387 0.05
3776 532 0.01
3776 563 0.01
3776 565 0.01
3776 752 0.05
3776 837 0.01
3776 1041 0.2
3776 1074 0.2
3776 3151 0.2
3777 1474 0.01
3777 2664 0.05
3777 2860 0.2
3777 3352 0.01
3777 4002 0.01
3777 5370 0.2
3777 5371 0.01
3777 5372 0.05
3777 5373 0.05
3777 5374 0.2
3779 277 0.01
3779 1198 0.2
3779 2493 0.01
3779 2756 0.05
3779 3133 0.2
3779 3472 0.01
3779 4726 0.05
3779 5367 0.01
3779 5368 0.05
3779 5369 0.01
3780 351 0.01
3780 353 0.01
3780 355 0.05
3780 356 0.05
3780 534 0.01
3780 706 0.01
3780 825 0.01
3780 1558 0.05
3780 1821 0.01
3780 2144 0.01
3781 87 0.05
3781 94 0.2
3781 722 0.05
3781 2506 0.2
3781 2597 0.2
3781 4603 0.2
3781 5340 0.05
3781 5375 0.05
3781 5376 0.2
3781 5377 0.05
3782 1113 0.2
3782 2427 0.2
3782 3829 0.05
3782 4335 0.2
3782 5330 0.05
3782 5378 0.2
3782 5379 0.05
3782 5380 0.05
3782 5381 0.2
3782 5382 0.01
3783 94 0.2
3783 95 0.2
3783 250 0.05
3783 355 0.01
3783 679 0.01
3783 822 0.01
3783 826 0.05
3783 1211 0.05
3783 1309 0.01
3783 4536 0.01
3785 24 0.2
3785 3398 0.2
3785 5026 0.05
3785 5140 0.05
3785 5383 0.01
3785 5384 0.01
3785 5385 0.05
3785 5386 0.2
3785 5387 0.01
3785 5388 0.05
3786 2613 0.01
3790 912 0.01
3790 923 0.01
3790 1307 0.05
3790 2218 0.01
3790 2428 0.05
3790 3283 0.01
3790 3908 0.2
3790 4486 0.05
3790 4872 0.05
3790 5389 0.2
3795 463 0.05
3795 692 0.05
3795 2051 0.2
3795 4335 0.05
3795 4702 0.2
3795 5379 0.01
3795 5390 0.01
3795 5391 0.05
3795 5392 0.01
3795 5393 0.2
3796 148 0.01
3796 817 0.2
3796 1447 0.2
3796 2136 0.2
3796 2889 0.05
3796 3641 0.05
3796 3864 0.01
3796 5341 0.2
3796 5394 0.01
3796 5395 0.01
3801 345 0.2
3801 450 0.05
3801 1744 0.01
3801 2679 0.05
3801 4355 0.2
3801 6526 0.2
3801 6527 0.2
3801 6528 0.05
3801 6529 0.05
3801 6530 0.05
3803 963 0.2
3803 1234 0.01
3803 1436 0.2
3803 4618 0.01
3803 5400 0.05
3803 5401 0.01
3803 5402 0.05
3803 5403 0.2
3803 5404 0.2
3803 5405 0.05
3804 492 0.05
3804 4033 0.2
3804 4285 0.2
3804 4579 0.01
3804 5406 0.05
3804 5407 0.2
3804 5408 0.2
3804 5409 0.01
3804 5410 0.01
3804 5411 0.01
3806 2105 0.2
3810 216 0.2
3810 1134 0.2
3810 1951 0.2
3810 5275 0.2
3810 5412 0.05
3810 5413 0.01
3810 5414 0.05
3810 5415 0.05
3810 5416 0.05
3810 5417 0.05
3812 167 0.05
3812 905 0.05
3812 2500 0.05
3812 4592 0.05
3812 5422 0.2
3812 5423 0.01
3812 5424 0.05
3812 5425 0.05
3812 5426 0.01
3812 5427 0.2
3813 554 0.2
3813 3591 0.01
3813 3696 0.05
3813 3864 0.2
3813 5230 0.01
3813 5284 0.01
3813 5418 0.2
3813 5419 0.2
3813 5420 0.2
3813 5421 0.01
3814 167 0.2
3814 2962 0.01
3814 5994 0.2
3814 6907 0.05
3815 1677 0.2
3815 1875 0.2
3815 2006 0.05
3815 2551 0.01
3815 2681 0.2
3815 3455 0.01
3815 4039 0.01
3815 4483 0.01
3815 5144 0.05
3815 5428 0.2
3818 306 0.05
3821 533 0.05
3822 494 0.05
3822 746 0.01
3822 3021 0.01
3822 3387 0.05
3822 4113 0.05
3822 4122 0.05
3822 4258 0.2
3822 5243 0.05
3822 5429 0.05
3822 5430 0.2
3825 3922 0.01
3825 4229 0.05
3825 4627 0.05
3825 4702 0.01
3827 16 0.2
3827 645 0.2
3827 726 0.2
3827 1374 0.05
3827 1395 0.05
3827 1785 0.05
3827 2523 0.01
3827 2536 0.01
3827 3295 0.05
3827 3584 0.05
3830 856 0.05
3830 1939 0.05
3830 2138 0.05
3830 2576 0.2
3830 3428 0.05
3830 5443 0.2
3830 5444 0.01
3830 5445 0.01
3830 5446 0.05
3830 5447 0.01
3835 1578 0.05
3835 2469 0.01
3835 2630 0.05
3835 2800 0.05
3835 3166 0.01
3835 3491 0.2
3835 3537 0.05
3835 4348 0.05
3835 5441 0.2
3835 5442 0.01
3837 754 0.05
3838 91 0.01
3838 226 0.05
3838 349 0.2
3838 351 0.05
3838 356 0.05
3838 703 0.2
3838 705 0.2
3838 751 0.01
3838 1558 0.05
3838 1821 0.2
3839 653 0.05
3839 1360 0.01
3839 1681 0.2
3839 1750 0.01
3839 2099 0.2
3839 2874 0.01
3839 3957 0.05
3839 4747 0.01
3839 5448 0.05
3839 5449 0.2
3854 428 0.05
3854 567 0.2
3854 785 0.05
3854 1829 0.2
3854 3582 0.05
3854 3606 0.05
3854 3639 0.05
3854 4767 0.05
3854 5450 0.01
3854 5451 0.2
3857 5879 0.05
3861 5455 0.05
3863 95 0.05
3863 350 0.01
3863 356 0.2
3863 703 0.05
3863 750 0.2
3863 751 0.2
3863 752 0.01
3863 1042 0.01
3863 1656 0.2
3863 3151 0.05
3864 784 0.2
3864 1379 0.05
3864 1380 0.05
3864 3040 0.05
3864 3364 0.2
3864 3637 0.2
3864 4101 0.05
3864 4179 0.01
3864 5126 0.01
3864 5470 0.01
3868 1599 0.2
3868 2161 0.2
3868 2468 0.2
3868 3132 0.2
3868 3421 0.01
3868 4650 0.05
3868 4871 0.01
3868 5462 0.2
3868 5463 0.05
3868 5464 0.2
3869 284 0.2
3869 336 0.01
3869 4000 0.05
3869 4344 0.05
3869 4663 0.2
3869 5465 0.01
3869 5466 0.01
3869 5467 0.2
3869 5468 0.01
3869 5469 0.05
3870 157 0.2
3870 2529 0.01
3870 2957 0.01
3870 3004 0.01
3870 4962 0.05
3870 5209 0.05
3870 5471 0.05
3870 5472 0.05
3870 5473 0.01
3870 5474 0.05
3872 79 0.01
3872 93 0.05
3872 150 0.05
3872 352 0.05
3872 530 0.05
3872 563 0.2
3872 752 0.2
3872 1074 0.05
3872 1389 0.05
3872 2451 0.2
3875 1030 0.01
3875 3266 0.05
3875 3724 0.2
3875 5101 0.05
3875 5182 0.01
3875 5456 0.2
3875 5489 0.2
3875 5490 0.01
3875 5491 0.2
3875 5492 0.01
3880 192 0.2
3880 2249 0.01
3880 4789 0.05
3880 5475 0.01
3880 5476 0.05
3883 572 0.2
3883 1143 0.2
3883 1743 0.05
3883 1873 0.2
3883 2140 0.05
3883 2363 0.01
3883 2384 0.01
3883 3354 0.05
3883 3381 0.2
3883 5477 0.01
3885 17 0.2
3885 328 0.2
3885 712 0.01
3885 1044 0.01
3885 1469 0.05
3885 3487 0.01
3885 4057 0.2
3885 4597 0.05
3885 4639 0.2
3887 798 0.2
3887 1431 0.05
3887 2819 0.2
3887 3181 0.2
3887 5493 0.2
3887 5494 0.01
3887 5495 0.01
3887 5496 0.05
3887 5497 0.05
3887 5498 0.05
3889 51 0.2
3889 89 0.2
3889 150 0.05
3889 530 0.01
3889 533 0.05
3889 534 0.05
3889 563 0.2
3889 822 0.05
3889 1389 0.2
3889 1656 0.2
3890 625 0.05
3890 853 0.2
3890 4008 0.2
3890 4009 0.2
3890 4573 0.01
3890 4707 0.01
3890 5115 0.05
3890 5478 0.2
3890 5479 0.2
3890 5480 0.01
3891 249 0.05
3891 1442 0.05
3891 2078 0.2
3891 2650 0.05
3891 2753 0.01
3891 3618 0.05
3891 4127 0.01
3891 5481 0.01
3891 5482 0.01
3891 5483 0.2
3892 923 0.01
3892 1421 0.05
3892 2311 0.05
3892 2553 0.05
3892 2864 0.05
3892 4171 0.05
3892 4458 0.2
3892 5190 0.01
3892 5282 0.01
3892 5484 0.05
3895 318 0.2
3895 584 0.01
3895 633 0.05
3895 767 0.05
3895 1850 0.01
3895 4410 0.2
3895 5485 0.2
3895 5486 0.2
3895 5487 0.01
3895 5488 0.01
3900 254 0.2
3900 3398 0.05
3900 3466 0.01
3900 3619 0.2
3900 4220 0.05
3900 5074 0.2
3900 5933 0.05
3900 6036 0.05
3900 6278 0.01
3900 7236 0.05
3903 807 0.01
3903 949 0.05
3903 4062 0.2
3903 4716 0.01
3903 5456 0.2
3903 7143 0.2
3903 7315 0.2
3903 7386 0.05
3903 7387 0.05
3903 7388 0.2
3904 774 0.2
3904 2553 0.05
3904 3907 0.05
3904 4174 0.2
3904 4545 0.2
3904 4555 0.2
3904 5019 0.2
3904 5499 0.01
3904 5500 0.2
3904 5501 0.05
3905 1573 0.05
3905 1661 0.05
3905 1743 0.01
3905 2435 0.2
3905 3841 0.2
3905 3859 0.2
3905 4833 0.01
3905 6516 0.05
3905 7105 0.05
3905 7106 0.01
3909 299 0.2
3909 471 0.05
3909 1379 0.01
3909 1831 0.01
3909 3761 0.01
3909 3782 0.2
3909 4518 0.01
3909 5220 0.05
3909 5502 0.05
3909 5503 0.2
3915 390 0.2
3915 626 0.01
3915 1775 0.05
3915 3637 0.01
3915 3936 0.05
3915 3982 0.01
3915 4332 0.01
3915 4654 0.01
3915 5354 0.05
3915 5504 0.05
3918 78 0.05
3918 351 0.2
3918 355 0.05
3918 679 0.01
3918 704 0.01
3918 706 0.05
3918 825 0.05
3918 826 0.01
3918 2144 0.2
3918 2451 0.05
3919 5507 0.01
3923 159 0.2
3923 347 0.2
3923 1625 0.05
3923 2242 0.01
3923 2948 0.2
3923 3364 0.2
3923 4995 0.05
3923 5332 0.2
3923 5505 0.01
3923 5506 0.01
3926 810 0.05
3926 1103 0.2
3926 1396 0.05
3926 2050 0.05
3926 4867 0.2
3926 5468 0.2
3926 5513 0.01
3926 5514 0.05
3932 5507 0.01
3935 327 0.2
3935 779 0.05
3935 1541 0.2
3935 4257 0.01
3935 5520 0.2
3935 6478 0.05
3935 6546 0.05
3935 6666 0.2
3935 6667 0.2
3941 670 0.01
3941 701 0.2
3941 2066 0.2
3941 2396 0.01
3941 2637 0.05
3941 4833 0.2
3941 5515 0.05
3941 5516 0.01
3942 933 0.05
3942 1677 0.05
3942 2793 0.2
3942 3796 0.2
3942 4976 0.01
3942 5508 0.05
3942 5509 0.01
3942 5510 0.05
3942 5511 0.01
3942 5512 0.01
3943 917 0.05
3943 1565 0.01
3943 1699 0.2
3943 2946 0.2
3943 4194 0.05
3943 5240 0.2
3943 5745 0.01
3943 7070 0.01
3943 7072 0.01
3943 7073 0.05
3946 166 0.05
3948 388 0.2
3950 833 0.05
3950 3282 0.01
3950 3290 0.2
3950 4417 0.2
3950 4719 0.2
3950 4827 0.05
3950 5340 0.01
3950 5517 0.01
3950 5518 0.05
3951 5526 0.05
3952 150 0.01
3952 176 0.05
3952 533 0.01
3952 563 0.2
3952 565 0.01
3952 752 0.2
3952 753 0.2
3952 822 0.05
3952 1074 0.01
3952 1389 0.05
3953 51 0.05
3953 531 0.01
3953 603 0.05
3953 1229 0.2
3953 1366 0.05
3953 2115 0.05
3953 2567 0.01
3953 2681 0.01
3953 3006 0.2
3953 3283 0.01
3953 4025 0.2
3953 4058 0.2
3953 4112 0.05
3953 4713 0.2
3953 5212 0.05
3953 5422 0.2
3953 5615 0.01
3953 5616 0.2
3953 5617 0.2
3953 5618 0.05
3953 5619 0.2
3953 5620 0.01
3953 5621 0.01
3954 66 0.05
3954 714 0.01
3954 1219 0.05
3954 1267 0.01
3954 1318 0.2
3954 2219 0.05
3954 3173 0.05
3954 3239 0.01
3954 4877 0.01
3954 5525 0.2
3956 334 0.05
3956 2327 0.2
3956 2971 0.2
3956 3181 0.05
3956 5519 0.01
3956 5520 0.05
3956 5521 0.2
3956 5522 0.2
3956 5523 0.2
3956 5524 0.2
3960 88 0.01
3960 354 0.2
3960 563 0.2
3960 564 0.2
3960 708 0.05
3960 751 0.2
3960 824 0.05
3960 825 0.05
3960 1556 0.2
3960 1558 0.05
3965 1147 0.2
3965 1148 0.2
3965 1161 0.05
3965 1544 0.01
3965 2032 0.2
3965 2142 0.2
3965 2759 0.2
3965 2877 0.01
3965 3145 0.05
3965 3350 0.01
3965 3483 0.01
3965 3668 0.01
3965 4666 0.2
3965 4814 0.2
3965 4969 0.2
3965 5108 0.2
3965 5157 0.01
3965 5467 0.01
3965 5550 0.2
3965 5551 0.01
3965 5552 0.2
3965 5553 0.2
3965 5554 0.2
3965 5555 0.2
3968 167 0.01
3968 671 0.01
3968 1153 0.05
3968 1937 0.05
3968 2220 0.2
3968 2345 0.2
3968 2797 0.05
3968 5449 0.05
3968 5527 0.05
3968 5528 0.05
3970 618 0.2
3970 2479 0.01
3970 3946 0.01
3970 5191 0.2
3970 5683 0.05
3970 6429 0.05
3970 6502 0.01
3970 6503 0.2
3970 6504 0.01
3970 6505 0.05
3971 51 0.05
3971 90 0.01
3971 91 0.05
3971 226 0.05
3971 354 0.05
3971 565 0.05
3971 823 0.2
3971 824 0.2
3971 1309 0.05
3971 1493 0.2
3973 639 0.01
3973 1274 0.01
3973 1490 0.01
3973 1954 0.05
3973 2336 0.2
3973 2601 0.2
3973 2812 0.2
3973 3140 0.05
3973 4102 0.01
3976 1031 0.05
3976 1150 0.01
3976 1175 0.01
3976 2161 0.05
3976 3169 0.2
3976 3278 0.05
3976 3663 0.2
3976 3971 0.2
3976 5337 0.05
3976 5529 0.2
3978 412 0.05
3979 3627 0.2
3983 89 0.05
3983 95 0.2
3983 387 0.01
3983 704 0.2
3983 706 0.05
3983 752 0.01
3983 825 0.2
3983 836 0.01
3983 837 0.2
3983 1042 0.05
3986 51 0.2
3986 95 0.01
3986 157 0.05
3986 754 0.2
3986 1043 0.01
3986 1309 0.01
3986 1734 0.05
3986 3417 0.05
3986 5530 0.01
3986 5531 0.05
3990 484 0.2
3990 614 0.2
3990 667 0.01
3990 819 0.01
3990 968 0.01
3990 1470 0.05
3990 2038 0.05
3990 4513 0.01
3990 5532 0.01
3990 5533 0.05
3992 166 0.01
3992 544 0.01
3992 726 0.2
3992 1617 0.2
3992 3459 0.01
3992 3680 0.2
3992 5395 0.2
3992 5534 0.05
3992 5535 0.01
3994 636 0.2
3994 1701 0.2
3994 1705 0.2
3994 2541 0.05
3994 2666 0.01
3994 3679 0.2
3994 4117 0.01
3994 5189 0.05
3995 2405 0.05
3995 2557 0.2
3995 4018 0.05
3995 4463 0.01
3995 4624 0.2
3995 5015 0.01
3995 5288 0.01
3995 5536 0.2
3995 5537 0.01
3995 5538 0.05
3996 397 0.2
3996 1494 0.05
3996 2035 0.2
3996 2285 0.2
3996 2523 0.01
3996 3080 0.01
3996 4248 0.2
3996 5938 0.05
3996 7271 0.2
3999 1186 0.05
3999 3500 0.2
3999 3534 0.2
3999 3993 0.05
3999 4145 0.05
3999 5539 0.2
3999 5540 0.2
3999 5541 0.2
3999 5542 0.05
4001 134 0.01
4001 583 0.2
4001 766 0.05
4001 2269 0.2
4001 2724 0.01
4001 3087 0.01
4001 3095 0.05
4001 5547 0.2
4001 5548 0.01
4001 5549 0.2
4002 161 0.2
4002 1836 0.05
4002 2002 0.01
4002 4177 0.01
4002 4688 0.01
4002 4733 0.01
4002 5543 0.2
4002 5544 0.01
4002 5545 0.05
4002 5546 0.05
4006 3428 0.01
4006 3709 0.01
4006 4927 0.01
4006 5108 0.05
4006 5397 0.01
4006 5495 0.05
4006 5556 0.2
4006 5557 0.05
4006 5558 0.05
4006 5559 0.01
4009 1509 0.01
4009 2099 0.01
4009 3515 0.01
4009 3693 0.05
4009 4521 0.2
4009 5560 0.05
4009 5561 0.05
4009 5562 0.01
4009 5563 0.01
4009 5564 0.05
4011 51 0.01
4011 90 0.01
4011 92 0.2
4011 176 0.05
4011 349 0.05
4011 534 0.2
4011 822 0.01
4011 836 0.2
4011 1073 0.01
4011 1365 0.01
4014 2532 0.2
4014 3801 0.2
4014 4325 0.01
4014 6689 0.05
4014 7428 0.2
4014 7488 0.05
4014 7642 0.2
4014 7643 0.01
4014 7644 0.05
4014 7645 0.05
4020 1023 0.05
4020 1319 0.2
4020 3597 0.01
4020 4054 0.01
4020 4286 0.01
4020 4296 0.05
4020 5197 0.2
4020 5565 0.01
4020 5566 0.2
4020 5567 0.01
4025 527 0.01
4025 1036 0.01
4025 1263 0.01
4025 1472 0.05
4025 2084 0.05
4025 3597 0.2
4025 4280 0.05
4025 5213 0.05
4025 5571 0.01
4025 5572 0.01
4027 1120 0.2
4027 1149 0.05
4027 1780 0.01
4027 2007 0.2
4027 4544 0.01
4027 4970 0.05
4027 5568 0.05
4027 5569 0.05
4027 5570 0.01
4030 78 0.05
4030 91 0.05
4030 351 0.05
4030 352 0.05
4030 354 0.05
4030 531 0.01
4030 563 0.05
4030 704 0.01
4030 1042 0.05
4030 4860 0.2
4031 95 0.05
4031 150 0.01
4031 349 0.05
4031 352 0.01
4031 387 0.2
4031 530 0.2
4031 532 0.05
4031 534 0.01
4031 708 0.05
4031 1389 0.05
4032 816 0.05
4034 5184 0.01
4035 95 0.2
4035 96 0.05
4035 387 0.01
4035 530 0.05
4035 649 0.01
4035 836 0.2
4035 837 0.05
4035 1042 0.01
4035 1295 0.01
4035 2091 0.01
4037 218 0.2
4037 1016 0.01
4037 1387 0.2
4037 1863 0.2
4037 2616 0.01
4037 3671 0.01
4037 5134 0.2
4037 5339 0.05
4037 5577 0.2
4037 5578 0.01
4038 1262 0.05
4038 1473 0.2
4038 2597 0.2
4038 2616 0.2
4038 3582 0.01
4038 5522 0.05
4038 5573 0.05
4038 5574 0.2
4038 5575 0.2
4038 5576 0.2
4049 1858 0.05
4049 4422 0.01
4049 5025 0.01
4049 5295 0.2
4049 5443 0.2
4049 5597 0.2
4049 5598 0.2
4049 5599 0.2
4049 5600 0.05
4049 5601 0.2
4053 89 0.05
4053 91 0.01
4053 96 0.2
4053 226 0.01
4053 351 0.05
4053 355 0.05
4053 356 0.2
4053 706 0.2
4053 825 0.05
4053 1042 0.05
4057 1035 0.01
4057 1678 0.2
4057 2339 0.2
4057 2954 0.05
4057 5579 0.05
4057 5580 0.05
4057 5581 0.05
4057 5582 0.2
4057 5583 0.2
4057 5584 0.2
4065 1911 0.01
4065 3990 0.05
4065 4798 0.01
4065 5585 0.05
4065 5586 0.2
4065 5587 0.05
4065 5588 0.2
4065 5589 0.2
4065 5590 0.05
4065 5591 0.05
4070 72 0.2
4070 3095 0.2
4070 3235 0.01
4070 3400 0.05
4070 3986 0.05
4070 4031 0.05
4070 4124 0.05
4070 7042 0.2
4070 7045 0.01
4070 7046 0.01
4074 2047 0.01
4074 2308 0.05
4074 2442 0.05
4074 4408 0.05
4074 4835 0.01
4074 5131 0.01
4074 5348 0.01
4074 5595 0.01
4074 5596 0.05
4076 399 0.05
4076 746 0.2
4076 2559 0.2
4076 3000 0.05
4076 3821 0.01
4076 3822 0.05
4076 3872 0.05
4076 3957 0.2
4076 4190 0.2
4076 4432 0.05
4078 1491 0.2
4078 1970 0.2
4078 2104 0.05
4078 2531 0.05
4078 2854 0.05
4078 3970 0.01
4078 5586 0.05
4078 5592 0.2
4078 5593 0.05
4078 5594 0.05
4085 90 0.05
4085 96 0.01
4085 150 0.05
4085 531 0.01
4085 565 0.01
4085 837 0.2
4085 1074 0.05
4085 1126 0.05
4085 1365 0.2
4085 3151 0.05
4088 78 0.01
4088 79 0.05
4088 90 0.05
4088 226 0.05
4088 351 0.2
4088 534 0.01
4088 563 0.05
4088 826 0.2
4088 1041 0.05
4088 1309 0.01
4090 1897 0.01
4092 375 0.2
4092 494 0.2
4092 1079 0.05
4092 2794 0.05
4092 4177 0.05
4092 4280 0.2
4092 5504 0.2
4092 5602 0.2
4092 5603 0.01
4092 5604 0.01
4094 790 0.2
4094 920 0.01
4094 1137 0.2
4094 1789 0.2
4094 3709 0.2
4094 5536 0.01
4094 5562 0.05
4094 5605 0.05
4094 5606 0.01
4094 5607 0.2
4096 94 0.2
4096 96 0.05
4096 350 0.2
4096 355 0.01
4096 704 0.2
4096 751 0.2
4096 826 0.2
4096 837 0.01
4096 1042 0.05
4096 1365 0.2
4103 793 0.01
4106 2084 0.05
4106 2501 0.05
4108 176 0.05
4108 349 0.2
4108 351 0.01
4108 353 0.2
4108 354 0.01
4108 355 0.2
4108 530 0.2
4108 1041 0.05
4108 1126 0.2
4108 1389 0.2
4109 310 0.05
4109 1661 0.05
4109 2743 0.2
4109 2927 0.2
4109 4549 0.2
4109 5603 0.05
4109 5608 0.01
4109 5609 0.01
4109 5610 0.2
4110 88 0.05
4110 90 0.2
4110 387 0.01
4110 704 0.01
4110 706 0.01
4110 1126 0.2
4110 1292 0.2
4110 1309 0.2
4110 1493 0.05
4110 5076 0.01
4112 885 0.05
4112 1136 0.2
4112 2948 0.05
4112 2968 0.05
4112 3447 0.01
4112 4368 0.05
4112 5079 0.05
4112 5611 0.01
4112 5612 0.05
4114 89 0.01
4114 93 0.01
4114 96 0.01
4114 350 0.01
4114 428 0.2
4114 752 0.05
4114 825 0.01
4114 1126 0.2
4114 1211 0.01
4114 4860 0.05
4119 1976 0.2
4119 5613 0.05
4120 636 0.05
4120 999 0.2
4120 1342 0.01
4120 2055 0.2
4120 2090 0.01
4120 3457 0.05
4120 4278 0.01
4120 5348 0.01
4120 5481 0.2
4120 5614 0.2
4121 563 0.2
4121 565 0.01
4121 567 0.01
4121 649 0.2
4121 708 0.05
4121 753 0.01
4121 1073 0.2
4121 1074 0.05
4121 2451 0.2
4121 2717 0.2
4124 78 0.05
4124 96 0.2
4124 354 0.2
4124 355 0.01
4124 705 0.2
4124 751 0.2
4124 825 0.2
4124 1042 0.01
4124 1309 0.05
4124 1558 0.01
4126 88 0.2
4126 92 0.01
4126 95 0.05
4126 226 0.05
4126 531 0.05
4126 707 0.01
4126 752 0.01
4126 825 0.05
4126 836 0.05
4126 1073 0.2
4127 567 0.2
4127 2220 0.01
4127 2298 0.05
4127 3266 0.01
4127 3591 0.2
4127 3801 0.2
4127 3832 0.01
4127 4729 0.2
4127 4762 0.01
4127 4929 0.05
4129 855 0.01
4129 856 0.01
4129 888 0.05
4129 2298 0.2
4129 2717 0.05
4129 4291 0.2
4129 6627 0.05
4129 7171 0.05
4129 7440 0.01
4129 7968 0.2
4132 803 0.2
4132 856 0.01
4132 1188 0.2
4132 2522 0.01
4132 3554 0.05
4132 3597 0.01
4132 4625 0.01
4132 5622 0.05
4132 5623 0.01
4132 5624 0.05
4133 150 0.2
4133 352 0.05
4133 355 0.05
4133 530 0.01
4133 531 0.01
4133 534 0.2
4133 679 0.05
4133 825 0.05
4133 1389 0.2
4133 2717 0.01
4135 78 0.05
4135 89 0.2
4135 150 0.01
4135 387 0.05
4135 703 0.01
4135 752 0.2
4135 1042 0.05
4135 1309 0.05
4135 2717 0.05
4135 3151 0.05
4136 90 0.2
4136 92 0.01
4136 351 0.2
4136 354 0.01
4136 563 0.05
4136 564 0.05
4136 565 0.01
4136 752 0.2
4136 824 0.2
4136 837 0.2
4141 268 0.2
4141 602 0.05
4141 2557 0.01
4141 3122 0.01
4141 3478 0.01
4141 3615 0.05
4141 4589 0.05
4141 5050 0.05
4141 5625 0.05
4141 5626 0.05
4142 51 0.05
4142 530 0.01
4142 1205 0.2
4142 1909 0.01
4142 2466 0.2
4142 4154 0.01
4142 4491 0.05
4142 5637 0.01
4142 5638 0.2
4142 5639 0.2
4143 858 0.05
4143 1378 0.05
4143 2490 0.01
4143 3271 0.05
4143 5291 0.05
4143 5627 0.01
4143 5628 0.05
4143 5629 0.01
4143 5630 0.05
4146 284 0.01
4146 2724 0.2
4146 2978 0.2
4146 4273 0.2
4146 5631 0.05
4146 5632 0.05
4146 5633 0.05
4146 5634 0.2
4146 5635 0.01
4146 5636 0.01
4154 72 0.05
4154 636 0.2
4154 939 0.05
4154 1029 0.2
4154 1063 0.2
4154 1146 0.2
4154 2190 0.2
4154 3174 0.2
4154 5079 0.2
4154 5640 0.05
4156 5641 0.05
4158 284 0.01
4158 835 0.2
4158 1395 0.2
4158 2251 0.05
4158 2286 0.05
4158 2748 0.05
4158 3407 0.05
4166 5337 0.01
4172 150 0.01
4172 176 0.01
4172 354 0.01
4172 565 0.2
4172 649 0.2
4172 706 0.2
4172 708 0.2
4172 822 0.01
4172 824 0.05
4172 1126 0.01
4174 109 0.2
4174 441 0.05
4174 930 0.05
4174 1252 0.05
4174 1823 0.05
4174 1944 0.2
4174 3111 0.05
4174 3909 0.2
4174 4481 0.2
4174 5643 0.05
4175 158 0.2
4175 1279 0.05
4175 2161 0.01
4175 3158 0.01
4175 3170 0.2
4175 3966 0.2
4175 4871 0.2
4175 5052 0.05
4175 5631 0.2
4175 5642 0.01
4178 2612 0.2
4179 267 0.05
4179 844 0.05
4179 1379 0.01
4179 1999 0.01
4179 2041 0.2
4179 2739 0.2
4179 2820 0.2
4179 4475 0.05
4179 5433 0.2
4186 607 0.2
4186 700 0.01
4186 1472 0.05
4186 2173 0.2
4186 3140 0.05
4186 3437 0.2
4186 4691 0.05
4186 5000 0.05
4186 5247 0.05
4186 5644 0.2
4189 1720 0.2
4189 2011 0.05
4189 2363 0.2
4189 2384 0.05
4189 3804 0.01
4189 4969 0.2
4189 5109 0.05
4189 5212 0.05
4189 5213 0.05
4189 5291 0.01
4191 71 0.05
4191 625 0.01
4191 796 0.01
4191 2298 0.2
4191 2801 0.05
4191 3513 0.2
4191 3594 0.01
4191 4198 0.01
4191 5645 0.2
4191 5646 0.01
4194 422 0.01
4194 737 0.05
4194 1467 0.05
4194 3124 0.05
4194 5647 0.2
4194 5648 0.01
4194 5649 0.01
4194 5650 0.2
4194 5651 0.01
4195 120 0.2
4195 1223 0.01
4195 1742 0.01
4195 2445 0.01
4195 3124 0.01
4195 4154 0.05
4195 4223 0.05
4195 4261 0.01
4195 5165 0.2
4195 5647 0.2
4196 51 0.2
4196 90 0.05
4196 91 0.2
4196 93 0.01
4196 349 0.01
4196 837 0.01
4196 1126 0.2
4196 1389 0.05
4196 2717 0.2
4196 3151 0.05
4207 1875 0.05
4207 3435 0.05
4207 4030 0.2
4207 4233 0.05
4207 4301 0.2
4207 5231 0.2
4207 5295 0.2
4207 5652 0.05
4207 5653 0.01
4207 5654 0.01
4208 1781 0.01
4209 636 0.05
4209 861 0.05
4209 1283 0.05
4209 1589 0.2
4209 2728 0.01
4209 3863 0.2
4209 4260 0.05
4209 5652 0.05
4209 5656 0.2
4209 5657 0.05
4210 620 0.2
4210 758 0.2
4210 1611 0.05
4210 2213 0.2
4210 2326 0.2
4210 3290 0.2
4210 3315 0.2
4210 3353 0.2
4210 5655 0.05
4211 89 0.05
4211 90 0.05
4211 95 0.2
4211 350 0.01
4211 351 0.01
4211 387 0.05
4211 533 0.01
4211 706 0.05
4211 825 0.2
4211 1558 0.05
4213 284 0.01
4213 1817 0.01
4213 2170 0.01
4213 3027 0.05
4213 4615 0.01
4213 4719 0.05
4213 5658 0.2
4213 5659 0.01
4213 5660 0.2
4218 452 0.2
4218 520 0.05
4218 1461 0.01
4218 2404 0.01
4218 3124 0.01
4218 3838 0.05
4218 4684 0.2
4218 5659 0.05
4218 5663 0.05
4218 5664 0.01
4220 578 0.05
4220 768 0.05
4220 1781 0.01
4220 1927 0.2
4220 1958 0.05
4220 2684 0.05
4220 5068 0.01
4220 5109 0.05
4220 5661 0.05
4220 5662 0.01
4221 1431 0.2
4221 2352 0.01
4221 2676 0.01
4221 3064 0.05
4221 3111 0.01
4221 4030 0.05
4221 4559 0.05
4221 4692 0.01
4221 5672 0.2
4221 5673 0.2
4222 2281 0.05
4222 2652 0.01
4222 4321 0.01
4222 5632 0.05
4222 5665 0.2
4222 5666 0.01
4222 5667 0.05
4222 5668 0.05
4222 5669 0.01
4222 5670 0.2
4223 1954 0.05
4223 2528 0.01
4223 3553 0.2
4223 5072 0.05
4223 6817 0.2
4223 6895 0.05
4223 6902 0.05
4223 7601 0.2
4223 7704 0.01
4223 7705 0.01
4224 1265 0.05
4224 1525 0.2
4224 1685 0.2
4224 2116 0.01
4224 3192 0.05
4224 3781 0.2
4224 5677 0.01
4224 5678 0.05
4224 5679 0.05
4224 5680 0.05
4225 67 0.05
4225 1873 0.2
4225 3425 0.2
4225 3662 0.01
4225 5671 0.05
4229 752 0.2
4229 1122 0.2
4229 1525 0.05
4229 3667 0.01
4229 5396 0.01
4229 5445 0.01
4229 5674 0.2
4229 5675 0.2
4229 5676 0.2
4230 78 0.2
4230 94 0.2
4230 355 0.2
4230 356 0.01
4230 704 0.01
4230 706 0.2
4230 825 0.2
4230 1211 0.05
4230 1558 0.01
4230 1821 0.05
4234 754 0.05
4234 1301 0.2
4234 3449 0.2
4234 5681 0.01
4234 5682 0.05
4237 155 0.05
4237 638 0.05
4237 880 0.05
4237 1808 0.01
4237 2479 0.2
4237 2803 0.01
4237 3481 0.05
4237 4125 0.2
4237 5683 0.05
4237 5684 0.2
4242 636 0.01
4242 1017 0.05
4242 3388 0.01
4242 4902 0.2
4242 5275 0.05
4242 5486 0.2
4242 5685 0.2
4242 5686 0.01
4242 5687 0.2
4242 5688 0.2
4243 387 0.2
4243 692 0.01
4243 694 0.2
4243 1566 0.05
4243 1868 0.2
4243 2448 0.05
4243 4396 0.2
4243 5689 0.01
4243 5690 0.01
4244 724 0.01
4244 1125 0.05
4244 1691 0.01
4244 2471 0.01
4244 3056 0.05
4244 3770 0.05
4244 4000 0.05
4244 4122 0.2
4244 5217 0.2
4244 5691 0.01
4249 51 0.01
4249 351 0.05
4249 352 0.01
4249 354 0.2
4249 534 0.05
4249 563 0.2
4249 679 0.2
4249 706 0.01
4249 825 0.01
4249 1041 0.2
4253 5692 0.01
4258 166 0.01
4258 1479 0.01
4258 1720 0.01
4258 2573 0.05
4258 4325 0.01
4258 4847 0.01
4258 5523 0.01
4258 5693 0.2
4258 5694 0.2
4258 5695 0.05
4260 51 0.01
4260 93 0.05
4260 96 0.05
4260 176 0.05
4260 350 0.05
4260 387 0.01
4260 836 0.05
4260 1042 0.05
4260 1389 0.01
4260 3151 0.2
4263 487 0.01
4263 2469 0.01
4263 3185 0.01
4263 3546 0.05
4263 3672 0.01
4263 3710 0.01
4263 3840 0.01
4263 5120 0.01
4263 5577 0.05
4263 5696 0.2
4264 937 0.01
4264 1676 0.2
4264 1677 0.01
4264 2625 0.01
4264 2885 0.05
4264 5126 0.01
4264 5705 0.01
4264 5706 0.05
4264 5707 0.05
4265 1382 0.2
4265 2042 0.2
4265 2890 0.01
4265 3966 0.2
4265 5576 0.2
4265 5697 0.01
4265 5698 0.05
4265 5699 0.05
4265 5700 0.01
4265 5701 0.01
4267 1017 0.05
4267 1137 0.2
4267 1625 0.01
4267 1770 0.2
4267 2006 0.01
4267 2672 0.01
4267 5227 0.2
4267 5702 0.01
4267 5703 0.05
4267 5704 0.05
4272 306 0.05
4272 364 0.01
4272 1170 0.05
4272 1702 0.05
4272 1886 0.01
4272 2263 0.2
4272 2877 0.05
4272 4549 0.2
4272 5709 0.05
4272 5710 0.01
4275 150 0.05
4275 349 0.05
4275 352 0.2
4275 356 0.2
4275 530 0.2
4275 534 0.05
4275 649 0.2
4275 826 0.2
4275 1074 0.05
4275 1558 0.01
4276 215 0.05
4276 251 0.01
4276 577 0.05
4276 3008 0.01
4276 3502 0.2
4276 4566 0.05
4276 5224 0.01
4276 5426 0.2
4276 5715 0.05
4276 5716 0.2
4277 556 0.05
4277 737 0.01
4277 1848 0.2
4277 2072 0.01
4277 4724 0.01
4277 5064 0.05
4277 5711 0.2
4277 5712 0.05
4277 5713 0.01
4277 5714 0.2
4281 825 0.05
4283 318 0.01
4283 886 0.05
4283 1301 0.05
4283 1334 0.01
4283 2987 0.05
4283 3332 0.01
4283 5730 0.01
4283 5731 0.01
4283 5732 0.01
4283 5733 0.01
4285 95 0.05
4285 226 0.2
4285 351 0.01
4285 531 0.2
4285 564 0.05
4285 703 0.05
4285 750 0.01
4285 752 0.2
4285 753 0.05
4285 825 0.2
4286 518 0.2
4286 700 0.2
4286 969 0.01
4286 1032 0.2
4286 1564 0.01
4286 1589 0.2
4286 3989 0.2
4286 5237 0.2
4286 5717 0.05
4287 1602 0.01
4287 2329 0.05
4287 2952 0.05
4287 3262 0.05
4287 3481 0.2
4287 5718 0.05
4287 5719 0.01
4287 5720 0.05
4287 5721 0.05
4287 5722 0.2
4288 810 0.05
4294 88 0.2
4294 90 0.01
4294 350 0.05
4294 649 0.2
4294 752 0.01
4294 836 0.05
4294 837 0.01
4294 1074 0.05
4294 1309 0.01
4294 1365 0.2
4296 5729 0.05
4297 818 0.05
4297 992 0.01
4297 1135 0.01
4297 1591 0.05
4297 4300 0.05
4297 4835 0.05
4297 5725 0.05
4297 5726 0.01
4297 5727 0.05
4297 5728 0.2
4300 51 0.01
4300 236 0.2
4300 2504 0.01
4300 2539 0.01
4300 3031 0.2
4300 4441 0.01
4300 5723 0.01
4300 5724 0.2
4301 2948 0.05
4304 1087 0.05
4304 1516 0.01
4304 1688 0.01
4304 1778 0.01
4304 2138 0.01
4304 3234 0.01
4304 5125 0.05
4304 5734 0.05
4304 5735 0.05
4304 5736 0.05
4305 51 0.2
4305 313 0.01
4305 1176 0.2
4305 3779 0.2
4305 4112 0.05
4305 5284 0.2
4305 5532 0.2
4305 5737 0.05
4305 5738 0.2
4305 5739 0.01
4306 410 0.01
4306 1025 0.01
4306 2039 0.05
4306 2660 0.05
4306 2952 0.05
4306 3110 0.05
4306 5281 0.2
4306 5612 0.2
4306 5742 0.05
4306 5743 0.05
4309 166 0.01
4309 1498 0.01
4309 2121 0.01
4309 2363 0.01
4309 2794 0.2
4309 4182 0.01
4309 4441 0.2
4309 4852 0.05
4309 5740 0.01
4309 5741 0.2
4314 155 0.01
4314 243 0.01
4314 495 0.01
4314 873 0.2
4314 1201 0.05
4314 1509 0.05
4314 2218 0.01
4314 3954 0.05
4314 5744 0.01
4314 5745 0.01
4317 2 0.01
4317 19 0.05
4317 20 0.01
4317 30 0.2
4317 77 0.05
4317 102 0.01
4317 313 0.05
4317 407 0.05
4317 520 0.05
4317 728 0.05
4317 908 0.2
4317 962 0.05
4317 991 0.05
4317 1148 0.2
4317 1251 0.2
4317 1254 0.05
4317 1271 0.01
4317 1274 0.05
4317 1458 0.01
4317 1494 0.05
4317 1625 0.01
4317 1647 0.05
4317 1730 0.2
4317 1777 0.05
4317 1794 0.05
4317 1873 0.05
4317 2064 0.01
4317 2077 0.2
4317 2242 0.05
4317 2470 0.2
4317 2655 0.2
4317 2738 0.05
4317 3144 0.2
4317 3602 0.2
4317 4079 0.05
4317 4102 0.05
4317 4148 0.2
4317 4214 0.05
4317 4235 0.2
4317 4344 0.01
4317 4461 0.2
4317 5018 0.05
4317 5159 0.01
4317 5252 0.05
4317 5367 0.01
4317 5396 0.05
4317 5470 0.05
4317 5612 0.01
4317 5823 0.01
4317 5824 0.01
4317 5825 0.01
4317 5826 0.05
4317 5827 0.01
4317 5828 0.2
4317 5829 0.05
4317 5830 0.01
4317 5831 0.2
4317 5832 0.01
4317 5833 0.01
4317 5834 0.2
4317 5835 0.05
4318 745 0.2
4318 2923 0.05
4318 3443 0.2
4318 5283 0.05
4318 5471 0.05
4318 5746 0.01
4318 5747 0.05
4318 5748 0.05
4318 5749 0.05
4319 1456 0.01
4319 1502 0.2
4319 2630 0.01
4319 2849 0.05
4319 4138 0.01
4319 5002 0.2
4319 5042 0.01
4319 5066 0.05
4319 5084 0.05
4319 5750 0.05
4321 5756 0.05
4325 556 0.01
4325 757 0.2
4325 2124 0.05
4325 4219 0.2
4325 4277 0.2
4325 5685 0.05
4325 5751 0.2
4325 5752 0.2
4325 5753 0.05
4325 5754 0.2
4330 1586 0.01
4330 5653 0.2
4344 95 0.2
4344 197 0.01
4344 564 0.2
4344 765 0.05
4344 1794 0.01
4344 2875 0.01
4344 3355 0.01
4344 3910 0.05
4344 5252 0.05
4344 5757 0.05
4348 452 0.2
4348 589 0.05
4348 1169 0.05
4348 2094 0.01
4348 2829 0.2
4348 3400 0.01
4348 4353 0.05
4348 5185 0.05
4348 5464 0.01
4348 5758 0.2
4353 589 0.05
4353 1442 0.2
4353 2660 0.01
4353 3132 0.01
4353 4071 0.01
4353 5577 0.2
4353 5713 0.01
4353 5759 0.01
4353 5760 0.01
4353 5761 0.01
4355 63 0.2
4355 676 0.2
4355 1481 0.05
4355 1483 0.2
4355 1570 0.2
4355 1625 0.2
4355 2167 0.01
4355 3685 0.01
4355 5711 0.05
4355 5762 0.2
4356 455 0.05
4356 682 0.05
4356 1040 0.05
4356 1341 0.05
4356 1434 0.2
4356 2202 0.01
4356 4283 0.01
4356 4801 0.01
4356 5113 0.05
4356 5622 0.2
4357 176 0.2
4357 226 0.2
4357 355 0.2
4357 356 0.01
4357 824 0.2
4357 825 0.05
4357 826 0.2
4357 1126 0.2
4357 1558 0.05
4357 1821 0.01
4358 11 0.01
4358 1291 0.2
4358 3302 0.05
4358 5770 0.2
4361 385 0.05
4361 695 0.01
4361 873 0.01
4361 2072 0.2
4361 2886 0.2
4361 5024 0.05
4361 5763 0.01
4361 5764 0.05
4361 5765 0.01
4361 5766 0.01
4362 1563 0.01
4367 4860 0.05
4368 969 0.05
4368 1204 0.01
4368 2631 0.2
4368 2970 0.2
4368 3624 0.05
4368 4042 0.2
4368 4235 0.05
4368 5004 0.2
4380 1138 0.2
4380 1502 0.05
4380 2501 0.01
4380 2548 0.01
4380 2604 0.01
4380 2764 0.05
4380 4955 0.2
4380 5220 0.01
4380 5771 0.05
4386 2574 0.05
4388 1579 0.01
4388 2521 0.2
4388 2968 0.2
4388 3798 0.05
4388 4702 0.01
4388 5155 0.05
4388 5772 0.2
4388 5773 0.05
4388 5774 0.2
4390 1205 0.05
4390 3267 0.05
4390 4327 0.01
4390 5703 0.01
4390 5817 0.05
4390 7620 0.05
4390 7799 0.01
4390 7800 0.05
4390 7801 0.05
4390 7802 0.01
4392 5779 0.2
4393 1610 0.2
4393 2705 0.01
4393 2753 0.2
4393 3912 0.01
4393 4188 0.2
4393 5538 0.01
4393 5775 0.01
4393 5776 0.2
4393 5777 0.2
4393 5778 0.2
4394 545 0.05
4394 3698 0.05
4394 3782 0.01
4394 4508 0.01
4394 5780 0.01
4397 21 0.05
4397 782 0.2
4397 1885 0.01
4397 1919 0.2
4397 2308 0.05
4397 3126 0.05
4397 3952 0.05
4397 4689 0.01
4397 5521 0.05
4397 5781 0.05
4398 96 0.01
4398 533 0.2
4398 1389 0.05
4398 2239 0.01
4398 4913 0.01
4398 5380 0.2
4398 5782 0.05
4398 5783 0.01
4398 5784 0.01
4398 5785 0.2
4399 51 0.01
4399 88 0.2
4399 349 0.05
4399 530 0.05
4399 751 0.05
4399 752 0.2
4399 822 0.05
4399 1042 0.2
4399 1126 0.05
4399 1309 0.2
4403 367 0.05
4403 1818 0.05
4403 2812 0.05
4403 2911 0.05
4403 3242 0.01
4403 3358 0.2
4403 3929 0.01
4403 5786 0.05
4403 5787 0.2
4403 5788 0.05
4404 442 0.2
4404 447 0.01
4404 1480 0.2
4404 3054 0.2
4404 5794 0.01
4404 5795 0.05
4404 5796 0.01
4404 5797 0.01
4404 5798 0.05
4404 5799 0.05
4407 1420 0.2
4407 1421 0.2
4407 1645 0.2
4407 5673 0.01
4407 5977 0.01
4407 6688 0.2
4407 6704 0.2
4407 6705 0.01
4407 6706 0.05
4407 6707 0.05
4410 157 0.2
4410 696 0.05
4410 1323 0.2
4410 3387 0.01
4410 3699 0.01
4410 5800 0.01
4410 5801 0.01
4410 5802 0.05
4410 5803 0.05
4410 5804 0.2
4411 1504 0.01
4411 3769 0.2
4411 5066 0.01
4411 5213 0.05
4411 5653 0.2
4411 5805 0.01
4411 5806 0.2
4411 5807 0.05
4411 5808 0.2
4412 2008 0.05
4412 2338 0.05
4412 5196 0.01
4412 5608 0.01
4412 5809 0.01
4412 5810 0.01
4412 5811 0.2
4412 5812 0.01
4412 5813 0.01
4412 5814 0.01
4417 406 0.2
4417 954 0.05
4417 1517 0.01
4417 1642 0.05
4417 1875 0.05
4417 4301 0.01
4417 5048 0.2
4417 5654 0.01
4417 5816 0.2
4417 5817 0.05
4420 147 0.05
4420 220 0.05
4420 385 0.05
4420 1165 0.01
4420 1481 0.05
4420 1767 0.01
4420 3355 0.01
4420 4991 0.05
4420 5815 0.2
4421 3540 0.05
4423 549 0.01
4423 1284 0.2
4423 1307 0.2
4423 1322 0.01
4423 2520 0.2
4423 3441 0.01
4423 4762 0.05
4423 5447 0.01
4423 5774 0.01
4423 5818 0.2
4432 79 0.2
4432 352 0.2
4432 354 0.05
4432 387 0.05
4432 531 0.01
4432 532 0.01
4432 565 0.2
4432 823 0.2
4432 824 0.2
4432 1389 0.05
4436 349 0.01
4436 352 0.2
4436 354 0.01
4436 356 0.2
4436 564 0.01
4436 823 0.05
4436 826 0.2
4436 1097 0.2
4436 1389 0.2
4436 5592 0.05
4444 88 0.05
4444 91 0.05
4444 93 0.01
4444 96 0.05
4444 354 0.01
4444 355 0.05
4444 703 0.2
4444 750 0.05
4444 837 0.2
4444 1042 0.01
4445 148 0.05
4445 877 0.01
4445 1617 0.01
4445 2235 0.01
4445 2388 0.05
4445 2991 0.2
4445 5819 0.01
4445 5820 0.01
4445 5821 0.05
4445 5822 0.2
4446 92 0.01
4446 96 0.2
4446 533 0.01
4446 565 0.2
4446 703 0.01
4446 750 0.05
4446 751 0.2
4446 837 0.05
4446 1074 0.05
4446 1126 0.05
4450 850 0.05
4450 962 0.01
4450 1070 0.01
4450 3594 0.05
4450 3935 0.05
4450 4708 0.2
4450 4993 0.01
4450 5836 0.01
4450 5837 0.2
4450 5838 0.05
4451 1473 0.01
4451 2728 0.2
4451 3149 0.01
4451 3762 0.01
4451 5193 0.01
4451 5612 0.05
4451 5839 0.05
4451 5840 0.01
4451 5841 0.2
4451 5842 0.05
4452 40 0.2
4452 429 0.05
4452 2400 0.01
4452 2715 0.01
4452 3803 0.05
4452 4702 0.01
4452 5691 0.01
4452 5843 0.05
4452 5844 0.2
4452 5845 0.2
4453 2674 0.05
4464 697 0.2
4464 774 0.2
4464 1452 0.05
4464 2378 0.05
4464 3038 0.05
4464 4768 0.05
4464 5619 0.01
4464 5734 0.01
4464 5846 0.05
4464 5847 0.2
4465 1570 0.05
4465 5902 0.05
4465 5903 0.01
4472 410 0.05
4472 803 0.2
4472 1881 0.01
4472 2248 0.05
4472 2635 0.2
4472 3241 0.05
4472 6339 0.2
4472 7313 0.05
4472 7775 0.2
4472 7794 0.01
4477 220 0.01
4477 850 0.2
4477 856 0.2
4477 1201 0.2
4477 1767 0.05
4477 2217 0.2
4477 3400 0.05
4477 4729 0.2
4477 4890 0.05
4477 5066 0.2
4479 844 0.01
4479 1029 0.2
4479 1461 0.05
4479 2148 0.01
4479 2168 0.2
4479 3724 0.05
4479 5696 0.05
4479 5848 0.05
4479 5849 0.05
4481 125 0.2
4481 617 0.2
4481 709 0.2
4481 1289 0.2
4481 2163 0.05
4481 2576 0.05
4481 4224 0.01
4481 5686 0.05
4481 5850 0.05
4481 5851 0.2
4485 51 0.01
4485 352 0.2
4485 530 0.2
4485 531 0.05
4485 532 0.05
4485 564 0.2
4485 565 0.01
4485 649 0.05
4485 1074 0.01
4485 1389 0.01
4486 570 0.05
4486 1425 0.01
4486 2631 0.2
4486 2784 0.05
4486 3187 0.2
4486 4813 0.2
4486 5355 0.05
4486 5852 0.2
4486 5853 0.2
4486 5854 0.01
4488 5618 0.2
4493 445 0.2
4493 1471 0.05
4493 1603 0.05
4493 2237 0.01
4493 2388 0.2
4493 5773 0.05
4493 6551 0.01
4493 6770 0.2
4493 6771 0.05
4493 6772 0.01
4496 5856 0.2
4497 350 0.01
4497 679 0.01
4497 706 0.2
4497 751 0.05
4497 752 0.01
4497 837 0.2
4497 1211 0.01
4497 1309 0.05
4497 1493 0.2
4497 1558 0.2
4500 88 0.2
4500 93 0.2
4500 355 0.05
4500 387 0.05
4500 751 0.2
4500 826 0.2
4500 836 0.05
4500 1365 0.01
4500 1558 0.2
4500 3151 0.05
4501 964 0.2
4501 1643 0.05
4501 1660 0.2
4501 2571 0.05
4501 2614 0.2
4501 2891 0.2
4501 5858 0.05
4501 5859 0.05
4501 5860 0.01
4501 5861 0.2
4504 260 0.2
4504 805 0.2
4504 1314 0.2
4504 2294 0.2
4504 4730 0.01
4504 4860 0.2
4504 4966 0.01
4504 5228 0.2
4504 5857 0.05
4508 96 0.01
4508 356 0.05
4508 563 0.2
4508 949 0.05
4508 1656 0.2
4508 1847 0.05
4508 2649 0.01
4508 4618 0.01
4508 5283 0.01
4508 5862 0.05
4509 51 0.2
4509 96 0.2
4509 150 0.05
4509 176 0.01
4509 387 0.05
4509 563 0.01
4509 752 0.2
4509 753 0.01
4509 1074 0.2
4509 1389 0.2
4511 1704 0.01
4511 3380 0.01
4511 5627 0.2
4511 5863 0.2
4511 5864 0.05
4511 5865 0.01
4511 5866 0.01
4511 5867 0.05
4511 5868 0.01
4511 5869 0.05
4512 4695 0.01
4512 5891 0.05
4515 51 0.05
4515 93 0.05
4515 96 0.2
4515 354 0.01
4515 387 0.05
4515 530 0.05
4515 822 0.01
4515 824 0.2
4515 1074 0.01
4515 1389 0.2
4519 157 0.01
4519 1888 0.2
4519 3197 0.01
4519 4802 0.2
4519 5875 0.01
4519 5876 0.2
4519 5877 0.2
4519 5878 0.2
4519 5879 0.05
4522 355 0.01
4522 1041 0.05
4522 1234 0.01
4522 2959 0.2
4522 5888 0.2
4522 6935 0.2
4522 6943 0.05
4522 6944 0.05
4522 6945 0.05
4522 6946 0.2
4525 312 0.01
4525 1015 0.2
4525 1036 0.01
4525 1094 0.01
4525 5856 0.05
4525 5880 0.05
4525 5881 0.05
4525 5882 0.2
4525 5883 0.2
4525 5884 0.01
4529 410 0.2
4529 1436 0.01
4529 1636 0.05
4529 1646 0.2
4529 3141 0.05
4529 3192 0.05
4529 3971 0.2
4529 5043 0.2
4529 5745 0.2
4529 5850 0.01
4530 30 0.05
4530 858 0.05
4530 1759 0.05
4530 1855 0.2
4530 1952 0.05
4530 2067 0.2
4530 3284 0.01
4530 4071 0.05
4530 4576 0.2
4530 5327 0.01
4537 522 0.2
4537 541 0.05
4537 2633 0.05
4537 2769 0.01
4537 3081 0.2
4537 4294 0.01
4537 4356 0.2
4537 5885 0.2
4537 5886 0.01
4537 5887 0.05
4543 288 0.05
4543 1114 0.05
4543 1342 0.2
4543 2139 0.2
4543 3041 0.05
4543 4283 0.2
4543 4400 0.01
4543 4708 0.2
4543 4952 0.2
4543 5888 0.01
4544 693 0.2
4544 1409 0.2
4544 1919 0.05
4544 2224 0.2
4544 2571 0.2
4544 4661 0.05
4544 5339 0.01
4544 5826 0.2
4544 5889 0.01
4544 5890 0.01
4546 161 0.05
4546 587 0.05
4546 672 0.05
4546 1004 0.05
4546 2496 0.05
4546 3105 0.2
4546 3531 0.05
4546 4182 0.2
4546 5893 0.01
4546 5894 0.2
4548 254 0.2
4548 300 0.2
4548 670 0.05
4548 1091 0.01
4548 1366 0.2
4548 3337 0.2
4548 3525 0.2
4548 5333 0.05
4548 5628 0.01
4548 5892 0.01
4549 994 0.05
4549 2136 0.2
4549 4030 0.05
4549 4276 0.2
4549 4387 0.2
4549 4771 0.05
4549 5536 0.05
4549 5839 0.05
4549 5895 0.2
4549 5896 0.2
4552 1369 0.01
4552 2218 0.01
4552 4055 0.2
4552 4642 0.05
4552 5705 0.01
4552 5897 0.05
4552 5898 0.01
4552 5899 0.2
4552 5900 0.01
4552 5901 0.05
4554 72 0.01
4554 189 0.05
4554 407 0.01
4554 898 0.05
4554 3131 0.05
4554 3181 0.05
4554 4407 0.2
4554 5906 0.2
4554 5907 0.05
4554 5908 0.2
4558 888 0.01
4558 1189 0.01
4558 2147 0.2
4558 3515 0.01
4558 3554 0.01
4558 3782 0.01
4558 4132 0.01
4558 4409 0.01
4558 5623 0.05
4561 617 0.01
4561 1111 0.01
4561 1770 0.05
4561 2032 0.01
4561 2080 0.05
4561 2877 0.05
4561 3350 0.2
4561 5467 0.01
4561 5909 0.01
4561 5910 0.2
4566 78 0.2
4566 93 0.01
4566 350 0.2
4566 533 0.2
4566 1042 0.2
4566 1309 0.01
4566 1365 0.01
4566 1389 0.05
4566 1450 0.01
4566 1656 0.05
4567 277 0.01
4567 845 0.05
4567 1342 0.2
4567 1774 0.2
4567 3614 0.2
4567 3622 0.2
4567 5451 0.01
4567 5912 0.01
4567 5913 0.05
4567 5914 0.2
4568 78 0.05
4568 79 0.05
4568 91 0.05
4568 350 0.01
4568 356 0.01
4568 534 0.01
4568 826 0.05
4568 1558 0.05
4568 5650 0.01
4568 5911 0.01
4569 588 0.01
4569 694 0.05
4569 979 0.2
4569 1943 0.2
4569 2559 0.05
4569 2662 0.01
4569 3398 0.2
4569 4267 0.2
4569 4619 0.01
4573 675 0.2
4573 971 0.01
4573 1475 0.2
4573 1958 0.01
4573 2046 0.2
4573 3525 0.2
4573 3597 0.05
4573 3714 0.05
4573 4056 0.2
4573 5670 0.05
4576 884 0.05
4576 2509 0.05
4576 2515 0.05
4576 3645 0.01
4576 3825 0.01
4576 4919 0.01
4576 5915 0.01
4576 5916 0.05
4576 5917 0.2
4576 5918 0.2
4583 388 0.01
4583 1763 0.2
4583 1806 0.2
4583 2140 0.01
4583 2263 0.05
4583 2352 0.01
4583 5919 0.2
4583 5920 0.05
4583 5921 0.2
4583 5922 0.01
4584 51 0.01
4584 150 0.2
4584 352 0.2
4584 354 0.05
4584 387 0.01
4584 530 0.05
4584 531 0.05
4584 564 0.05
4584 1365 0.01
4584 3151 0.05
4586 69 0.05
4586 1503 0.05
4586 1654 0.01
4586 1878 0.2
4586 2285 0.2
4586 3547 0.2
4586 7479 0.01
4586 7502 0.2
4586 7503 0.01
4586 7504 0.05
4587 162 0.01
4587 879 0.2
4587 1322 0.2
4587 2604 0.01
4587 4045 0.2
4587 4530 0.05
4587 4841 0.01
4587 5705 0.05
4587 5923 0.2
4587 5924 0.05
4588 210 0.05
4588 1463 0.2
4588 3275 0.2
4588 3328 0.01
4588 4715 0.2
4588 5330 0.01
4588 5462 0.2
4588 5801 0.2
4588 5928 0.2
4588 5929 0.01
4591 88 0.2
4591 93 0.2
4591 350 0.2
4591 751 0.2
4591 1126 0.01
4591 1211 0.01
4591 1309 0.2
4591 1365 0.2
4591 2717 0.01
4591 3151 0.01
4592 681 0.05
4592 908 0.05
4592 1914 0.01
4592 2732 0.05
4592 3379 0.05
4592 5196 0.2
4592 5396 0.01
4592 5925 0.2
4592 5926 0.2
4592 5927 0.01
4593 863 0.2
4593 1971 0.05
4593 2411 0.05
4593 2599 0.05
4593 2978 0.01
4593 3349 0.2
4593 4991 0.01
4593 5193 0.05
4593 5215 0.05
4593 5931 0.05
4594 1 0.01
4594 163 0.05
4594 1831 0.05
4594 1874 0.01
4594 2401 0.05
4594 2795 0.2
4594 3597 0.05
4594 3618 0.05
4594 4343 0.05
4594 5934 0.2
4598 421 0.05
4598 1014 0.01
4598 2197 0.01
4598 2412 0.01
4598 2532 0.01
4598 2856 0.01
4598 3085 0.01
4598 4597 0.01
4598 5144 0.2
4598 5930 0.01
4599 5925 0.01
4604 646 0.2
4604 1517 0.01
4604 1732 0.05
4604 1835 0.05
4604 2464 0.05
4604 2756 0.2
4604 4964 0.2
4604 5602 0.2
4604 5932 0.05
4604 5933 0.05
4606 90 0.05
4606 94 0.01
4606 350 0.05
4606 679 0.05
4606 703 0.2
4606 752 0.05
4606 836 0.05
4606 1365 0.2
4606 1493 0.01
4606 1558 0.05
4609 2494 0.05
4612 2177 0.2
4612 2315 0.05
4612 2354 0.2
4612 2488 0.01
4612 3145 0.01
4612 4152 0.05
4612 4945 0.05
4612 5945 0.01
4612 5946 0.01
4612 5947 0.2
4618 67 0.2
4618 338 0.01
4618 1307 0.01
4618 1898 0.2
4618 2840 0.01
4618 3840 0.05
4618 4756 0.01
4618 5565 0.05
4618 5935 0.05
4618 5936 0.2
4619 549 0.2
4619 973 0.05
4619 1430 0.05
4619 2920 0.05
4619 5789 0.05
4619 5937 0.05
4619 5938 0.2
4619 5939 0.05
4619 5940 0.2
4619 5941 0.2
4623 417 0.05
4623 1138 0.01
4623 2377 0.05
4623 2604 0.05
4623 2641 0.2
4623 2889 0.2
4623 2994 0.05
4623 4463 0.05
4623 5942 0.01
4623 5943 0.01
4626 93 0.01
4626 351 0.05
4626 750 0.01
4626 751 0.2
4626 825 0.05
4626 1308 0.01
4626 1309 0.05
4626 1656 0.05
4626 2836 0.2
4626 5944 0.05
4635 137 0.2
4635 395 0.05
4635 617 0.2
4635 2080 0.05
4635 2889 0.01
4635 3350 0.01
4635 4463 0.2
4635 5467 0.2
4635 5948 0.01
4635 5949 0.01
4639 570 0.05
4639 694 0.2
4639 2800 0.01
4639 3538 0.05
4639 3550 0.01
4639 3708 0.05
4639 3800 0.01
4639 3812 0.2
4639 5950 0.01
4639 5951 0.05
4642 1509 0.2
4647 176 0.05
4647 349 0.2
4647 351 0.2
4647 352 0.05
4647 353 0.05
4647 530 0.2
4647 706 0.01
4647 824 0.05
4647 825 0.01
4647 1389 0.2
4648 873 0.05
4648 997 0.2
4648 2463 0.05
4648 4099 0.05
4648 5230 0.01
4648 5943 0.05
4648 5952 0.01
4648 5953 0.01
4654 796 0.05
4654 1991 0.2
4654 5891 0.05
4654 5988 0.05
4654 5989 0.01
4660 413 0.2
4660 626 0.2
4660 1331 0.01
4660 2164 0.01
4660 2748 0.01
4660 3991 0.2
4660 4132 0.05
4660 5954 0.05
4660 5955 0.2
4660 5956 0.2
4662 54 0.2
4662 354 0.2
4662 356 0.01
4662 704 0.01
4662 706 0.2
4662 751 0.01
4662 824 0.01
4662 826 0.2
4662 836 0.2
4662 1042 0.2
4663 47 0.01
4663 766 0.05
4663 1639 0.2
4663 2221 0.2
4663 2410 0.05
4663 3355 0.2
4663 4995 0.01
4663 5709 0.01
4663 5957 0.05
4663 5958 0.01
4679 328 0.01
4679 544 0.2
4679 1017 0.01
4679 1601 0.2
4679 2675 0.01
4679 3400 0.01
4679 5829 0.01
4679 5960 0.2
4679 5961 0.05
4679 5962 0.01
4684 363 0.2
4684 424 0.01
4684 812 0.01
4684 2926 0.2
4684 3765 0.2
4684 4211 0.05
4684 4330 0.01
4684 4550 0.05
4684 5959 0.2
4689 792 0.05
4689 2353 0.2
4689 2865 0.05
4689 4186 0.05
4689 4463 0.2
4689 5766 0.2
4689 5952 0.05
4689 5963 0.01
4689 5964 0.05
4689 5965 0.01
4697 3633 0.05
4698 1058 0.05
4698 5966 0.2
4698 5967 0.2
4702 1058 0.01
4702 2173 0.05
4702 2541 0.05
4702 2787 0.2
4702 3761 0.01
4702 4319 0.2
4702 5551 0.01
4702 5968 0.05
4702 5969 0.01
4702 5970 0.2
4703 217 0.2
4703 3810 0.05
4703 3966 0.01
4703 4055 0.01
4703 5374 0.05
4703 5971 0.05
4703 5972 0.2
4703 5973 0.01
4703 5974 0.05
4703 5975 0.01
4708 6031 0.01
4713 351 0.05
4713 352 0.01
4713 704 0.01
4713 826 0.05
4713 2144 0.2
4713 2506 0.2
4713 3278 0.01
4713 4235 0.01
4713 5976 0.2
4713 5977 0.05
4719 639 0.2
4719 832 0.01
4719 1762 0.05
4719 2382 0.2
4719 2438 0.2
4719 3173 0.2
4719 3447 0.05
4719 3954 0.05
4719 5699 0.2
4719 5920 0.01
4720 51 0.05
4720 78 0.2
4720 89 0.2
4720 91 0.05
4720 150 0.01
4720 532 0.2
4720 533 0.05
4720 750 0.05
4720 1042 0.01
4720 1656 0.01
4725 286 0.05
4725 1640 0.01
4725 2384 0.01
4725 3897 0.05
4725 4961 0.05
4725 5036 0.01
4725 5984 0.05
4725 5985 0.01
4725 5986 0.2
4725 5987 0.05
4727 5532 0.05
4729 421 0.2
4729 451 0.05
4729 937 0.05
4729 991 0.01
4729 3447 0.2
4729 3513 0.2
4729 5634 0.2
4729 5655 0.01
4729 5979 0.2
4729 5983 0.2
4732 102 0.05
4732 215 0.2
4732 469 0.01
4732 1647 0.05
4732 2445 0.2
4732 2993 0.2
4732 2994 0.05
4732 4189 0.2
4732 5995 0.05
4732 5996 0.05
4733 351 0.05
4733 352 0.2
4733 356 0.2
4733 428 0.01
4733 565 0.01
4733 706 0.01
4733 824 0.01
4733 1389 0.05
4733 1493 0.05
4733 5994 0.05
4735 1187 0.01
4735 2143 0.2
4735 2759 0.2
4735 2927 0.01
4735 3655 0.01
4735 3741 0.05
4735 5990 0.01
4735 5991 0.2
4735 5992 0.01
4735 5993 0.2
4740 528 0.2
4740 1257 0.2
4740 1747 0.2
4740 2032 0.2
4740 3717 0.05
4740 3729 0.2
4740 3748 0.05
4740 4551 0.01
4740 5949 0.2
4740 5997 0.2
4743 66 0.01
4743 1401 0.2
4743 1427 0.2
4743 2462 0.2
4743 2675 0.01
4743 3783 0.2
4743 4043 0.05
4743 5111 0.01
4743 5171 0.2
4743 5998 0.01
4748 58 0.05
4748 134 0.2
4748 244 0.01
4748 247 0.05
4748 1004 0.05
4748 1961 0.01
4748 2551 0.2
4748 3105 0.05
4748 5999 0.01
4748 6000 0.01
4750 1243 0.01
4750 2447 0.05
4750 2504 0.05
4750 3031 0.2
4750 4751 0.2
4751 2034 0.2
4751 2143 0.01
4751 2382 0.05
4751 2817 0.01
4751 4048 0.01
4751 5097 0.01
4751 5418 0.2
4751 6006 0.2
4751 6007 0.05
4751 6008 0.2
4753 159 0.2
4753 1472 0.2
4753 4315 0.05
4753 5212 0.05
4753 5707 0.2
4753 5958 0.05
4753 6001 0.05
4753 6002 0.2
4753 6003 0.01
4753 6004 0.01
4755 6854 0.2
4762 1833 0.05
4762 2095 0.2
4762 3088 0.2
4762 3409 0.05
4762 5723 0.01
4762 5955 0.2
4762 6009 0.01
4762 6010 0.2
4762 6011 0.01
4762 6012 0.05
4764 352 0.2
4764 795 0.2
4764 796 0.05
4764 1106 0.2
4764 1784 0.01
4764 2077 0.05
4764 2803 0.01
4764 2928 0.2
4764 5645 0.01
4764 6013 0.01
4765 568 0.2
4765 3384 0.2
4765 3891 0.05
4765 4002 0.2
4765 4046 0.2
4765 4212 0.01
4765 4638 0.01
4765 4756 0.2
4765 4778 0.2
4765 6014 0.2
4766 6015 0.05
4775 1458 0.01
4775 2962 0.05
4775 3447 0.01
4775 4076 0.05
4775 4493 0.01
4775 4644 0.05
4775 5669 0.01
4775 6016 0.05
4775 6017 0.2
4784 78 0.01
4784 79 0.01
4784 356 0.01
4784 531 0.2
4784 565 0.05
4784 836 0.2
4784 1041 0.05
4784 1309 0.01
4784 1493 0.01
4784 2144 0.2
4786 454 0.01
4786 1025 0.01
4786 1032 0.2
4786 1283 0.05
4786 2167 0.05
4786 2332 0.05
4786 2557 0.01
4786 4254 0.01
4786 4727 0.2
4786 6020 0.01
4787 77 0.2
4787 1896 0.05
4787 3079 0.2
4787 4193 0.01
4787 5316 0.2
4787 5398 0.01
4787 6022 0.2
4787 6023 0.05
4787 6024 0.01
4790 42 0.2
4790 352 0.2
4790 428 0.01
4790 770 0.2
4790 1493 0.01
4790 5893 0.01
4790 6025 0.01
4790 6026 0.05
4790 6027 0.2
4792 1342 0.05
4792 1763 0.01
4792 3320 0.01
4792 3824 0.05
4792 3965 0.05
4792 5523 0.2
4792 6039 0.05
4792 6040 0.2
4797 6030 0.01
4800 3552 0.2
4802 79 0.01
4802 351 0.05
4802 354 0.05
4802 355 0.01
4802 356 0.01
4802 428 0.05
4802 531 0.01
4802 824 0.2
4802 1042 0.2
4802 1557 0.2
4815 528 0.2
4824 687 0.01
4828 5265 0.01
4828 6034 0.2
4830 31 0.01
4830 60 0.01
4830 835 0.01
4830 1055 0.05
4830 2296 0.05
4830 2534 0.05
4830 6035 0.01
4830 6036 0.2
4830 6037 0.2
4830 6038 0.2
4833 5409 0.05
4840 6055 0.2
4843 174 0.01
4843 1453 0.05
4843 1555 0.01
4843 1679 0.01
4843 2173 0.2
4843 2594 0.01
4843 3192 0.2
4843 3415 0.2
4843 4133 0.2
4843 5508 0.01
4847 642 0.01
4847 1030 0.01
4847 4650 0.05
4847 4753 0.2
4847 4978 0.05
4847 6045 0.05
4847 6046 0.05
4847 6047 0.05
4847 6048 0.01
4847 6049 0.2
4848 1472 0.2
4848 1734 0.2
4848 1917 0.01
4848 1961 0.05
4848 2019 0.01
4848 2688 0.01
4848 5258 0.2
4848 5644 0.2
4848 5973 0.2
4848 6051 0.01
4853 16 0.01
4853 611 0.2
4853 822 0.05
4853 990 0.2
4853 4827 0.01
4853 5429 0.2
4853 6050 0.01
4854 3459 0.2
4856 166 0.01
4856 544 0.2
4856 578 0.2
4856 616 0.2
4856 2085 0.2
4856 2411 0.05
4856 6061 0.05
4856 6062 0.01
4856 6063 0.01
4856 6064 0.2
4859 6054 0.2
4860 81 0.05
4860 1016 0.2
4860 2207 0.05
4860 2756 0.05
4860 3627 0.2
4860 4261 0.2
4860 5627 0.2
4860 5911 0.05
4860 6052 0.01
4860 6053 0.01
4863 541 0.2
4863 1642 0.2
4863 1668 0.2
4863 2030 0.2
4863 2594 0.05
4863 3266 0.01
4863 3406 0.01
4863 3705 0.01
4863 6056 0.01
4863 6057 0.01
4864 95 0.2
4864 349 0.01
4864 530 0.2
4864 565 0.2
4864 1041 0.05
4864 1389 0.2
4864 2144 0.05
4864 2451 0.05
4864 2717 0.05
4864 3151 0.2
4865 93 0.2
4865 150 0.01
4865 352 0.2
4865 353 0.2
4865 354 0.2
4865 530 0.01
4865 565 0.01
4865 706 0.05
4865 1041 0.05
4865 1389 0.01
4866 534 0.2
4866 1409 0.05
4866 1707 0.01
4866 3156 0.05
4866 3211 0.05
4866 3499 0.01
4866 3835 0.2
4866 6058 0.01
4866 6059 0.05
4866 6060 0.05
4869 2748 0.05
4869 2978 0.2
4869 4627 0.01
4869 4771 0.2
4869 6065 0.05
4869 6066 0.2
4869 6067 0.2
4869 6068 0.01
4869 6069 0.01
4869 6070 0.05
4870 1321 0.2
4875 2592 0.2
4875 3132 0.01
4875 3462 0.2
4875 3581 0.01
4875 4684 0.01
4875 4986 0.2
4875 5391 0.01
4875 6030 0.01
4875 6071 0.01
4875 6072 0.05
4876 2031 0.05
4876 2866 0.2
4876 3133 0.2
4876 3252 0.05
4876 3869 0.05
4876 3936 0.05
4876 5583 0.2
4876 5823 0.05
4876 5976 0.2
4876 6080 0.01
4877 91 0.05
4877 351 0.05
4877 534 0.05
4877 704 0.01
4877 751 0.2
4877 824 0.01
4877 825 0.05
4877 826 0.2
4877 1211 0.01
4877 4860 0.01
4879 93 0.05
4879 226 0.05
4879 349 0.05
4879 351 0.05
4879 352 0.2
4879 355 0.05
4879 563 0.05
4879 565 0.05
4879 823 0.01
4879 1126 0.2
4881 92 0.2
4882 95 0.01
4882 176 0.05
4882 353 0.2
4882 532 0.01
4882 565 0.01
4882 649 0.2
4882 708 0.2
4882 752 0.2
4882 824 0.01
4882 1126 0.05
4883 3831 0.01
4885 1054 0.05
4885 1417 0.05
4885 2128 0.05
4885 3786 0.05
4885 4624 0.05
4885 4990 0.05
4885 5890 0.05
4885 6073 0.2
4885 6074 0.01
4885 6075 0.2
4889 824 0.01
4889 3354 0.05
4889 3393 0.05
4889 4502 0.2
4889 4528 0.05
4889 5830 0.05
4889 6076 0.2
4889 6077 0.2
4889 6078 0.2
4889 6079 0.05
4891 2353 0.01
4891 2375 0.01
4891 2762 0.01
4891 2953 0.01
4891 3686 0.01
4891 5090 0.05
4891 6081 0.05
4891 6082 0.2
4891 6083 0.2
4891 6084 0.2
4892 1676 0.01
4892 1880 0.05
4892 1966 0.01
4892 2143 0.01
4892 2837 0.01
4892 4643 0.05
4892 5021 0.01
4892 5968 0.01
4892 6085 0.2
4892 6086 0.01
4898 2579 0.05
4899 20 0.2
4899 567 0.05
4899 1143 0.05
4899 1170 0.01
4899 1886 0.2
4899 4514 0.05
4899 4616 0.2
4899 4935 0.05
4899 5471 0.05
4899 6094 0.05
4901 2332 0.2
4901 3163 0.01
4901 3651 0.01
4901 4394 0.05
4901 6087 0.01
4901 6088 0.2
4901 6089 0.01
4901 6090 0.2
4901 6091 0.05
4901 6092 0.05
4902 1840 0.05
4902 6147 0.05
4905 94 0.01
4905 352 0.05
4905 355 0.01
4905 504 0.01
4905 534 0.01
4905 703 0.2
4905 704 0.01
4905 1211 0.01
4905 1949 0.2
4905 2831 0.05
4912 409 0.01
4912 435 0.2
4912 683 0.05
4912 1660 0.05
4912 1705 0.2
4912 3466 0.01
4912 4117 0.2
4912 4194 0.01
4912 4786 0.2
4912 6093 0.01
4915 51 0.2
4915 90 0.2
4915 93 0.01
4915 95 0.01
4915 350 0.01
4915 387 0.01
4915 530 0.2
4915 1073 0.01
4915 1126 0.2
4915 1389 0.05
4916 150 0.01
4916 176 0.2
4916 354 0.2
4916 356 0.05
4916 532 0.01
4916 565 0.2
4916 1074 0.05
4916 1389 0.05
4916 1493 0.2
4916 1557 0.05
4919 32 0.01
4919 530 0.01
4919 1389 0.05
4919 1723 0.05
4919 2572 0.01
4919 3970 0.2
4919 5133 0.2
4919 6102 0.05
4919 6103 0.05
4919 6104 0.01
4920 6095 0.05
4928 201 0.01
4928 499 0.05
4928 1694 0.01
4928 1695 0.01
4928 2850 0.2
4928 4056 0.05
4928 6096 0.01
4928 6097 0.2
4928 6098 0.01
4928 6099 0.05
4929 247 0.2
4929 1159 0.01
4929 1263 0.01
4929 1494 0.2
4929 1562 0.05
4929 3105 0.05
4929 5509 0.05
4929 6078 0.01
4929 6100 0.01
4929 6101 0.05
4931 3053 0.05
4935 376 0.2
4935 3115 0.05
4935 3645 0.01
4935 3941 0.05
4935 5165 0.01
4935 5844 0.05
4935 6105 0.01
4935 6106 0.2
4937 1881 0.01
4937 2305 0.2
4937 2321 0.2
4937 2330 0.2
4937 2759 0.01
4937 4212 0.05
4937 4878 0.01
4937 5990 0.05
4937 6107 0.05
4938 5048 0.2
4938 5562 0.01
4938 6109 0.2
4938 6110 0.2
4938 6111 0.2
4938 6112 0.2
4938 6113 0.2
4938 6114 0.05
4938 6115 0.05
4938 6116 0.01
4944 1634 0.2
4944 2648 0.05
4944 2952 0.01
4944 3375 0.01
4944 6108 0.2
4947 78 0.2
4947 351 0.05
4947 352 0.05
4947 456 0.2
4947 534 0.2
4947 565 0.2
4947 826 0.2
4947 1042 0.01
4947 1211 0.05
4947 4860 0.01
4953 372 0.01
4953 805 0.2
4953 1167 0.05
4953 1881 0.01
4953 2709 0.2
4953 5714 0.2
4953 6117 0.2
4953 6118 0.01
4953 6119 0.01
4958 570 0.2
4958 648 0.01
4958 696 0.01
4958 1036 0.01
4958 1494 0.01
4958 1646 0.05
4958 2066 0.01
4958 2270 0.01
4958 2463 0.05
4958 2619 0.01
4958 3159 0.01
4958 3645 0.05
4958 4033 0.05
4958 4042 0.2
4958 4062 0.2
4958 5098 0.2
4958 5230 0.05
4958 5640 0.2
4958 6124 0.2
4958 6125 0.01
4960 968 0.2
4960 2193 0.01
4960 2332 0.05
4960 4209 0.2
4960 6013 0.2
4960 6120 0.05
4960 6121 0.2
4960 6122 0.05
4960 6123 0.05
4967 51 0.05
4967 54 0.01
4967 349 0.05
4967 353 0.05
4967 354 0.2
4967 356 0.05
4967 531 0.01
4967 1220 0.05
4967 2592 0.2
4967 3198 0.01
4971 54 0.05
4971 96 0.2
4971 350 0.01
4971 387 0.2
4971 704 0.2
4971 751 0.01
4971 825 0.05
4971 1042 0.05
4971 1365 0.2
4971 3151 0.2
4976 364 0.2
4976 3949 0.2
4976 4452 0.05
4976 5376 0.2
4976 5910 0.2
4976 6108 0.05
4976 6126 0.01
4976 6127 0.2
4976 6128 0.05
4985 385 0.01
4985 758 0.05
4985 2415 0.01
4985 3085 0.05
4985 3957 0.01
4985 4737 0.2
4985 4766 0.05
4985 6015 0.01
4985 6129 0.2
4985 6130 0.01
4986 51 0.01
4986 79 0.2
4986 349 0.05
4986 351 0.01
4986 356 0.01
4986 531 0.05
4986 563 0.05
4986 565 0.2
4986 649 0.05
4986 704 0.05
4987 89 0.2
4987 150 0.05
4987 176 0.2
4987 530 0.05
4987 531 0.01
4987 563 0.01
4987 824 0.01
4987 1074 0.2
4987 1126 0.01
4987 1389 0.2
4989 6185 0.01
4989 6186 0.05
4992 903 0.05
4992 962 0.2
4992 1072 0.01
4992 3203 0.2
4992 3216 0.01
4992 4158 0.2
4992 5504 0.05
4992 6131 0.05
4992 6132 0.05
4992 6133 0.01
4995 3174 0.05
5000 2907 0.01
5012 247 0.01
5012 1035 0.05
5012 2142 0.05
5012 2216 0.05
5012 3279 0.2
5012 5766 0.2
5012 5966 0.2
5012 6135 0.01
5012 6136 0.2
5012 6137 0.2
5015 6138 0.01
5018 239 0.01
5018 1534 0.05
5018 2912 0.05
5018 3050 0.2
5018 5408 0.2
5018 6137 0.05
5018 6139 0.05
5018 6140 0.2
5018 6141 0.2
5018 6142 0.05
5019 73 0.01
5019 1462 0.2
5019 2149 0.05
5019 5024 0.01
5019 5178 0.01
5019 5805 0.2
5019 6143 0.01
5019 6144 0.01
5019 6145 0.2
5019 6146 0.05
5021 639 0.01
5021 2143 0.05
5021 2290 0.05
5021 2412 0.2
5021 2555 0.01
5021 4753 0.2
5021 5882 0.2
5021 6148 0.05
5021 6149 0.01
5021 6150 0.2
5022 232 0.05
5022 447 0.01
5022 1456 0.01
5022 1494 0.2
5022 3260 0.01
5022 3883 0.2
5022 4654 0.05
5022 6157 0.01
5022 6158 0.05
5022 6159 0.01
5023 78 0.05
5023 90 0.2
5023 95 0.2
5023 226 0.01
5023 531 0.05
5023 533 0.05
5023 752 0.01
5023 836 0.01
5023 1042 0.05
5023 1821 0.05
5028 6156 0.01
5029 683 0.05
5029 2958 0.2
5029 3064 0.01
5029 4194 0.2
5029 5499 0.05
5029 5775 0.01
5029 6152 0.2
5029 6153 0.01
5029 6154 0.2
5029 6155 0.01
5035 155 0.05
5035 667 0.05
5035 705 0.01
5035 1222 0.01
5035 2869 0.05
5035 4658 0.05
5035 4887 0.2
5035 6103 0.01
5035 6328 0.01
5035 6992 0.2
5036 704 0.01
5036 912 0.05
5036 2298 0.01
5036 2335 0.01
5036 2913 0.05
5036 4171 0.01
5036 4373 0.2
5036 4620 0.2
5036 5286 0.01
5036 6160 0.2
5037 49 0.01
5037 1616 0.01
5037 1830 0.2
5037 2912 0.05
5037 3372 0.05
5037 4082 0.01
5037 6161 0.2
5037 6162 0.2
5037 6163 0.2
5037 6164 0.2
5038 95 0.01
5038 1081 0.01
5038 1164 0.2
5038 3241 0.05
5038 3969 0.2
5038 4109 0.05
5038 5867 0.2
5038 6167 0.05
5038 6168 0.01
5038 6169 0.01
5039 21 0.05
5039 112 0.01
5039 151 0.05
5039 1969 0.2
5039 2728 0.2
5039 2849 0.2
5039 3075 0.01
5039 5753 0.2
5039 6165 0.2
5039 6166 0.2
5041 6170 0.01
5045 1539 0.05
5045 2249 0.2
5045 2402 0.01
5045 2595 0.05
5045 2970 0.2
5045 3577 0.01
5045 6043 0.05
5045 6171 0.05
5045 6172 0.2
5047 631 0.01
5047 952 0.2
5047 3456 0.05
5047 4136 0.01
5047 4244 0.05
5047 5645 0.05
5047 6173 0.2
5047 6174 0.2
5047 6175 0.01
5047 6176 0.01
5049 2300 0.05
5049 2423 0.05
5049 2684 0.05
5049 5150 0.2
5050 90 0.01
5050 91 0.05
5050 355 0.01
5050 356 0.05
5050 825 0.05
5050 836 0.05
5050 1042 0.01
5050 1309 0.2
5050 1557 0.01
5050 3151 0.01
5052 1088 0.05
5052 1289 0.01
5052 1678 0.05
5052 1902 0.05
5052 2330 0.01
5052 3413 0.05
5052 4124 0.05
5052 6222 0.2
5052 6952 0.2
5052 6953 0.01
5058 3567 0.2
5063 1132 0.2
5063 1409 0.2
5063 1617 0.01
5063 1829 0.01
5063 2594 0.2
5063 4206 0.01
5063 5594 0.05
5063 6177 0.2
5063 6178 0.05
5063 6179 0.01
5065 88 0.05
5065 90 0.2
5065 93 0.2
5065 96 0.05
5065 350 0.05
5065 356 0.05
5065 751 0.01
5065 752 0.2
5065 826 0.2
5065 836 0.2
5067 549 0.05
5067 1661 0.05
5067 2361 0.05
5067 3960 0.01
5067 4206 0.2
5067 4919 0.01
5067 5155 0.05
5067 5943 0.2
5067 6180 0.2
5067 6181 0.2
5069 4804 0.05
5072 602 0.01
5073 134 0.2
5073 1506 0.05
5073 1797 0.2
5073 2112 0.01
5073 4186 0.05
5073 5006 0.01
5073 6128 0.05
5073 6182 0.05
5073 6183 0.2
5073 6184 0.2
5076 159 0.05
5076 1438 0.01
5076 3174 0.2
5076 3187 0.01
5076 3634 0.01
5076 4401 0.01
5076 4624 0.01
5076 4627 0.05
5076 5584 0.01
5076 6189 0.05
5078 1377 0.05
5078 1952 0.2
5078 2983 0.05
5078 4820 0.2
5078 5109 0.05
5078 5662 0.05
5078 6195 0.01
5078 6196 0.2
5078 6197 0.01
5078 6198 0.05
5081 435 0.05
5081 818 0.05
5081 2548 0.05
5081 2853 0.05
5081 3597 0.01
5081 5688 0.01
5081 5763 0.05
5081 6187 0.2
5081 6188 0.2
5082 2260 0.05
5082 2290 0.2
5082 3694 0.01
5082 3695 0.05
5082 3721 0.2
5082 5704 0.01
5082 6191 0.05
5082 6192 0.05
5082 6193 0.2
5082 6194 0.2
5085 6190 0.2
5086 78 0.2
5086 88 0.2
5086 96 0.2
5086 355 0.01
5086 387 0.01
5086 679 0.2
5086 706 0.01
5086 836 0.2
5086 1211 0.2
5086 2414 0.05
5092 49 0.01
5092 51 0.05
5092 565 0.05
5092 1544 0.05
5092 2197 0.2
5092 3324 0.05
5092 5284 0.05
5092 6143 0.05
5092 6199 0.01
5092 6200 0.2
5093 937 0.01
5093 1374 0.2
5093 3678 0.05
5093 4652 0.01
5093 5929 0.05
5093 6205 0.2
5093 6206 0.05
5093 6207 0.01
5093 6208 0.2
5093 6209 0.01
5101 133 0.05
5101 163 0.01
5101 968 0.2
5101 1691 0.01
5101 3211 0.2
5101 3456 0.01
5101 5069 0.01
5101 5315 0.2
5101 5416 0.05
5101 6202 0.2
5103 9 0.01
5103 1307 0.2
5103 1436 0.05
5103 1539 0.01
5103 2207 0.05
5103 2802 0.2
5103 3837 0.05
5103 4291 0.05
5103 5650 0.05
5103 6201 0.2
5108 752 0.2
5108 1345 0.01
5108 2220 0.01
5108 3064 0.01
5108 3534 0.01
5108 4772 0.05
5108 5752 0.05
5108 6144 0.2
5108 6203 0.2
5108 6204 0.05
5110 4388 0.01
5111 77 0.05
5111 807 0.01
5111 1018 0.05
5111 1625 0.2
5111 2720 0.05
5111 3567 0.2
5111 3743 0.01
5111 3785 0.05
5111 6212 0.01
5111 6213 0.05
5113 226 0.2
5113 706 0.05
5113 825 0.01
5113 1309 0.05
5113 1323 0.2
5113 1558 0.01
5113 2469 0.05
5113 3216 0.05
5113 6210 0.01
5113 6211 0.05
5115 95 0.01
5115 589 0.2
5115 657 0.2
5115 2220 0.05
5115 2259 0.2
5115 2264 0.2
5115 2494 0.05
5115 4621 0.01
5115 6106 0.2
5116 177 0.2
5116 919 0.2
5116 3547 0.2
5116 4186 0.05
5116 4633 0.2
5116 4844 0.05
5116 5672 0.05
5116 6217 0.2
5116 6218 0.05
5116 6219 0.05
5118 7 0.05
5118 100 0.01
5118 153 0.05
5118 1654 0.2
5118 4156 0.2
5118 4827 0.2
5118 6220 0.05
5118 6221 0.05
5118 6222 0.05
5118 6223 0.2
5121 158 0.2
5121 898 0.01
5121 2123 0.2
5121 2147 0.01
5121 2759 0.2
5121 3013 0.01
5121 3515 0.2
5121 6214 0.01
5121 6215 0.05
5121 6216 0.01
5125 91 0.2
5125 93 0.05
5125 96 0.2
5125 387 0.05
5125 704 0.01
5125 706 0.01
5125 825 0.2
5125 836 0.2
5125 1493 0.05
5125 1557 0.2
5126 91 0.2
5126 354 0.01
5126 707 0.01
5126 836 0.2
5126 1042 0.01
5126 1126 0.01
5126 2915 0.01
5126 6224 0.01
5126 6225 0.01
5126 6226 0.01
5127 1063 0.01
5127 1308 0.05
5127 1416 0.05
5127 2680 0.2
5127 2721 0.2
5127 3814 0.01
5127 3991 0.01
5127 4950 0.05
5127 6243 0.2
5127 6244 0.05
5131 166 0.01
5131 824 0.05
5131 1015 0.01
5131 1400 0.2
5131 3333 0.2
5131 4112 0.01
5131 4899 0.01
5131 6227 0.01
5131 6228 0.2
5131 6229 0.05
5132 88 0.2
5132 90 0.01
5132 353 0.01
5132 530 0.01
5132 533 0.05
5132 563 0.05
5132 822 0.2
5132 823 0.2
5132 1041 0.05
5132 1389 0.2
5133 32 0.05
5133 325 0.01
5133 1520 0.01
5133 2144 0.2
5133 4138 0.01
5133 6204 0.05
5133 6230 0.01
5133 6231 0.05
5133 6232 0.2
5134 161 0.05
5134 405 0.05
5134 916 0.01
5134 1603 0.01
5134 1612 0.01
5134 3041 0.2
5134 4027 0.2
5134 4764 0.05
5134 6239 0.2
5142 853 0.05
5142 1856 0.01
5142 2305 0.01
5142 2660 0.01
5142 3551 0.05
5142 4018 0.2
5142 4445 0.05
5142 6236 0.01
5142 6237 0.05
5142 6238 0.2
5143 232 0.05
5143 2142 0.2
5143 3286 0.01
5143 3355 0.2
5143 3672 0.05
5143 4730 0.01
5143 4966 0.2
5143 5870 0.2
5143 5871 0.2
5151 4244 0.2
5153 625 0.2
5153 711 0.01
5153 2551 0.05
5153 3374 0.2
5153 3908 0.01
5153 5532 0.2
5153 5766 0.01
5153 6240 0.2
5153 6241 0.01
5153 6242 0.01
5155 220 0.2
5155 251 0.05
5155 842 0.05
5155 847 0.2
5155 4131 0.05
5155 5242 0.01
5155 6089 0.2
5155 6117 0.2
5160 664 0.05
5160 903 0.05
5160 1116 0.05
5160 1972 0.2
5160 4994 0.01
5160 6245 0.05
5160 6246 0.2
5160 6247 0.2
5160 6248 0.05
5160 6249 0.05
5162 3349 0.05
5180 76 0.2
5180 490 0.01
5180 1151 0.2
5180 1765 0.01
5180 2035 0.2
5180 2222 0.01
5180 4636 0.05
5180 4760 0.01
5180 6148 0.05
5181 625 0.2
5181 1148 0.05
5181 2357 0.05
5181 2358 0.05
5181 2898 0.05
5181 4683 0.2
5181 4721 0.05
5181 5647 0.01
5181 5676 0.01
5181 6251 0.01
5182 2038 0.2
5184 1617 0.01
5184 3079 0.2
5184 3482 0.05
5184 4011 0.2
5184 4514 0.05
5184 4616 0.2
5184 5287 0.2
5184 5316 0.01
5184 6252 0.05
5184 6253 0.01
5190 823 0.2
5190 2063 0.05
5190 2603 0.2
5190 3701 0.2
5190 5154 0.05
5190 5456 0.01
5190 6129 0.05
5190 6254 0.2
5190 6255 0.05
5190 6256 0.01
5191 1555 0.05
5191 2415 0.05
5191 2576 0.2
5191 2641 0.2
5191 5648 0.2
5191 5700 0.05
5191 5763 0.01
5191 6257 0.01
5191 6258 0.05
5191 6259 0.01
5192 215 0.2
5192 2080 0.2
5192 2366 0.05
5192 5908 0.2
5192 5966 0.2
5192 6065 0.2
5192 6260 0.05
5192 6261 0.2
5192 6262 0.2
5200 91 0.05
5200 92 0.05
5200 96 0.01
5200 352 0.2
5200 387 0.2
5200 649 0.2
5200 708 0.2
5200 753 0.05
5200 837 0.05
5200 1126 0.01
5201 355 0.01
5201 356 0.2
5201 565 0.05
5201 679 0.2
5201 826 0.01
5201 1041 0.01
5201 1074 0.05
5201 1557 0.2
5201 1821 0.05
5201 4356 0.2
5202 888 0.05
5202 1151 0.05
5202 3671 0.2
5202 4202 0.05
5202 4768 0.2
5202 6263 0.01
5202 6264 0.05
5202 6265 0.01
5202 6266 0.05
5203 459 0.01
5203 2089 0.05
5203 2796 0.2
5203 3114 0.2
5203 4094 0.01
5203 4096 0.05
5203 4583 0.2
5203 4887 0.01
5203 6275 0.05
5203 6276 0.01
5204 603 0.05
5204 1366 0.05
5204 2390 0.01
5204 2926 0.01
5204 5518 0.05
5204 6140 0.05
5204 6531 0.01
5204 7168 0.05
5204 7169 0.2
5206 1116 0.2
5206 3279 0.2
5206 3802 0.01
5206 4567 0.01
5206 5514 0.01
5206 6101 0.2
5206 6267 0.01
5206 6268 0.01
5206 6269 0.2
5206 6270 0.01
5208 157 0.01
5208 409 0.05
5208 2412 0.05
5208 4154 0.2
5208 5354 0.01
5208 5803 0.05
5208 6271 0.2
5208 6272 0.01
5208 6273 0.01
5208 6274 0.2
5213 578 0.05
5213 2874 0.2
5213 2983 0.2
5213 3361 0.05
5213 3381 0.2
5213 4508 0.01
5213 5210 0.05
5213 5215 0.01
5213 6277 0.2
5213 6278 0.05
5215 798 0.05
5215 1993 0.05
5215 2332 0.05
5215 4887 0.05
5215 6017 0.2
5215 6128 0.01
5215 6279 0.01
5215 6280 0.01
5215 6281 0.05
5215 6282 0.05
5226 54 0.05
5226 78 0.05
5226 88 0.2
5226 352 0.05
5226 356 0.2
5226 428 0.2
5226 751 0.2
5226 1042 0.2
5226 1220 0.2
5226 1365 0.05
5235 1615 0.2
5235 1873 0.05
5235 1881 0.2
5235 2161 0.2
5235 2938 0.05
5235 3238 0.05
5235 4890 0.2
5235 5344 0.01
5235 5928 0.2
5235 6221 0.2
5241 7495 0.01
5242 3 0.05
5242 2080 0.05
5242 2344 0.2
5242 2394 0.05
5242 3375 0.2
5242 3877 0.05
5242 4769 0.05
5242 5549 0.2
5242 5694 0.05
5242 6283 0.01
5243 78 0.05
5243 88 0.2
5243 226 0.01
5243 355 0.01
5243 531 0.01
5243 704 0.2
5243 706 0.01
5243 707 0.05
5243 1493 0.01
5243 1558 0.01
5248 78 0.01
5248 94 0.05
5248 350 0.01
5248 352 0.2
5248 531 0.01
5248 703 0.2
5248 1041 0.2
5248 1042 0.01
5248 2451 0.05
5248 5934 0.01
5251 90 0.2
5251 150 0.2
5251 176 0.01
5251 530 0.01
5251 752 0.01
5251 822 0.05
5251 1074 0.05
5251 1126 0.05
5251 1309 0.2
5251 3151 0.2
5257 1216 0.01
5257 1813 0.2
5257 4114 0.2
5257 4598 0.01
5257 4599 0.2
5257 4861 0.2
5257 5575 0.2
5257 6190 0.01
5257 6284 0.05
5257 6285 0.05
5269 879 0.01
5269 3337 0.05
5269 4308 0.01
5269 8096 0.01
5269 8097 0.05
5271 1503 0.2
5271 1762 0.2
5271 2332 0.2
5271 2673 0.01
5271 2831 0.05
5271 5293 0.2
5271 6286 0.05
5271 6287 0.05
5271 6288 0.05
5275 6289 0.2
5278 1030 0.05
5278 1978 0.01
5278 2205 0.2
5278 2317 0.2
5278 3825 0.01
5278 4910 0.2
5278 6159 0.01
5278 6290 0.01
5278 6291 0.2
5278 6292 0.01
5280 3978 0.2
5285 5041 0.2
5288 78 0.05
5288 88 0.01
5288 89 0.2
5288 91 0.05
5288 96 0.01
5288 150 0.05
5288 176 0.01
5288 387 0.2
5288 1074 0.01
5288 1309 0.05
5290 220 0.05
5290 374 0.05
5290 2388 0.01
5290 2865 0.01
5290 4730 0.01
5290 5732 0.05
5290 5870 0.2
5290 6065 0.05
5290 6293 0.05
5290 6294 0.2
5293 1762 0.01
5293 2123 0.05
5293 2831 0.2
5293 4753 0.01
5293 5734 0.2
5293 6286 0.05
5293 6288 0.01
5293 6295 0.01
5293 6296 0.01
5294 89 0.01
5294 176 0.05
5294 350 0.01
5294 525 0.01
5294 532 0.2
5294 533 0.01
5294 752 0.05
5294 836 0.01
5294 1042 0.05
5294 4325 0.05
5295 2835 0.01
5295 6297 0.01
5295 6298 0.2
5297 88 0.01
5297 91 0.01
5297 350 0.2
5297 351 0.05
5297 356 0.05
5297 565 0.2
5297 703 0.05
5297 825 0.05
5297 826 0.01
5297 1309 0.2
5310 102 0.2
5310 215 0.2
5310 260 0.01
5310 1927 0.05
5310 6315 0.05
5312 2347 0.01
5312 2940 0.01
5312 3105 0.05
5312 4084 0.01
5312 5265 0.2
5312 6299 0.05
5312 6300 0.05
5312 6301 0.2
5312 6302 0.2
5312 6303 0.2
5313 618 0.2
5313 639 0.2
5313 1806 0.2
5313 2059 0.2
5313 2315 0.2
5313 2926 0.01
5313 4046 0.2
5313 4291 0.01
5313 7025 0.2
5313 7026 0.01
5313 7027 0.05
5314 2139 0.2
5314 3676 0.05
5314 4452 0.01
5314 4471 0.01
5314 5516 0.05
5314 5686 0.2
5314 5952 0.05
5314 5974 0.01
5314 6304 0.01
5314 6305 0.05
5316 1416 0.01
5316 1419 0.2
5316 1444 0.05
5316 1525 0.2
5316 1705 0.2
5316 2877 0.05
5316 3455 0.05
5316 5040 0.05
5316 5506 0.01
5316 6143 0.2
5317 1319 0.01
5317 1344 0.2
5317 1591 0.01
5317 2496 0.05
5317 3131 0.01
5317 5367 0.05
5317 6308 0.05
5317 6309 0.2
5317 6310 0.01
5317 6311 0.2
5318 46 0.01
5318 782 0.05
5318 1639 0.05
5318 1954 0.2
5318 3008 0.2
5318 3902 0.05
5318 5470 0.01
5318 6312 0.2
5318 6313 0.01
5318 6314 0.05
5327 388 0.2
5327 867 0.01
5327 3361 0.05
5327 4365 0.01
5327 4529 0.05
5327 5703 0.05
5327 6316 0.2
5327 6317 0.05
5327 6318 0.05
5327 6319 0.05
5328 109 0.05
5328 659 0.05
5328 988 0.2
5328 991 0.01
5328 1081 0.2
5328 1590 0.05
5328 1646 0.05
5328 2994 0.2
5328 3160 0.01
5328 6320 0.01
5329 2483 0.05
5329 2736 0.2
5329 5433 0.01
5329 6046 0.05
5329 6321 0.05
5329 6322 0.2
5329 6323 0.01
5329 6324 0.2
5329 6325 0.01
5329 6326 0.2
5335 1271 0.2
5335 2599 0.01
5335 2699 0.01
5335 4102 0.01
5335 4500 0.2
5337 1563 0.2
5337 2303 0.2
5337 3929 0.05
5337 4650 0.05
5337 5004 0.05
5337 6327 0.01
5337 6328 0.05
5337 6329 0.2
5337 6330 0.2
5340 1214 0.2
5340 1654 0.2
5340 1742 0.2
5340 3061 0.01
5340 4397 0.05
5340 5474 0.05
5340 6221 0.2
5340 6331 0.01
5340 6332 0.05
5340 6333 0.01
5344 21 0.05
5344 205 0.05
5344 1220 0.01
5344 2654 0.05
5344 3158 0.05
5344 3517 0.05
5344 4650 0.01
5344 4804 0.01
5344 6334 0.01
5344 6335 0.05
5345 1189 0.05
5345 1258 0.05
5345 2303 0.2
5345 2417 0.2
5345 2477 0.2
5345 2532 0.05
5345 4720 0.01
5345 5551 0.05
5345 6266 0.01
5346 6159 0.2
5348 159 0.2
5348 1433 0.05
5348 2748 0.05
5348 4972 0.2
5348 6336 0.01
5348 6337 0.01
5348 6338 0.05
5348 6339 0.01
5348 6340 0.2
5352 1009 0.01
5352 1148 0.2
5352 1720 0.05
5352 1742 0.01
5352 2474 0.05
5352 4522 0.2
5352 4569 0.01
5352 5157 0.05
5352 6341 0.05
5353 3662 0.01
5354 976 0.2
5354 1307 0.05
5354 1973 0.01
5354 2721 0.2
5354 3558 0.2
5354 3708 0.01
5354 4990 0.01
5354 6342 0.01
5354 6343 0.2
5354 6344 0.05
5356 5456 0.01
5360 19 0.05
5360 493 0.05
5360 564 0.2
5360 2090 0.2
5360 2302 0.05
5360 3209 0.01
5360 4331 0.05
5360 6345 0.01
5360 6346 0.2
5360 6347 0.2
5363 3885 0.01
5364 6352 0.01
5366 525 0.05
5366 3498 0.01
5366 4662 0.01
5366 5052 0.01
5366 5291 0.2
5366 6006 0.2
5366 6103 0.2
5366 6353 0.01
5366 6354 0.2
5366 6355 0.01
5367 310 0.05
5367 2168 0.2
5367 2205 0.05
5367 3163 0.05
5367 5790 0.05
5367 6348 0.2
5367 6349 0.05
5367 6350 0.01
5367 6351 0.05
5369 767 0.05
5369 950 0.05
5369 1342 0.05
5369 2251 0.2
5369 3197 0.05
5369 3872 0.05
5369 5961 0.05
5369 6362 0.01
5369 6363 0.2
5370 1146 0.2
5370 2756 0.2
5370 3204 0.01
5370 6047 0.05
5370 6358 0.2
5370 6359 0.05
5370 6360 0.2
5370 6361 0.01
5376 11 0.2
5376 94 0.2
5376 352 0.05
5376 355 0.2
5376 704 0.01
5376 1211 0.01
5376 4249 0.01
5376 4417 0.05
5376 4619 0.2
5376 6370 0.05
5378 1566 0.2
5378 5959 0.05
5378 6372 0.2
5378 6373 0.01
5378 6374 0.01
5380 584 0.05
5380 886 0.01
5380 976 0.2
5380 1289 0.2
5380 1704 0.05
5380 2339 0.05
5380 3266 0.05
5380 3936 0.2
5380 5984 0.2
5380 6371 0.2
5383 169 0.2
5383 1637 0.05
5383 2793 0.05
5383 2920 0.2
5383 4578 0.2
5383 4624 0.01
5383 6367 0.2
5383 6368 0.2
5383 6369 0.2
5395 885 0.2
5395 1251 0.05
5395 1376 0.05
5395 1833 0.01
5395 2140 0.05
5395 2679 0.05
5395 6312 0.01
5395 6382 0.2
5395 6383 0.05
5395 6384 0.01
5396 2602 0.05
5396 6309 0.01
5396 6353 0.2
5396 6375 0.01
5396 6376 0.2
5396 6377 0.2
5396 6378 0.05
5396 6379 0.01
5396 6380 0.05
5396 6381 0.05
5397 636 0.2
5397 1586 0.2
5397 1873 0.01
5397 3672 0.2
5397 4411 0.01
5397 5734 0.05
5397 6385 0.01
5397 6386 0.01
5397 6387 0.05
5398 954 0.05
5398 1454 0.01
5398 1839 0.05
5398 3567 0.2
5398 3681 0.01
5398 3945 0.05
5398 4559 0.05
5398 4631 0.05
5398 7160 0.01
5398 7161 0.2
5399 313 0.05
5408 93 0.2
5408 94 0.05
5408 96 0.01
5408 355 0.01
5408 356 0.01
5408 703 0.01
5408 706 0.01
5408 752 0.05
5408 825 0.01
5408 1558 0.01
5409 780 0.2
5409 1845 0.2
5409 3020 0.2
5409 4405 0.01
5409 5349 0.01
5409 6012 0.01
5409 6411 0.2
5409 6412 0.05
5409 6413 0.2
5409 6414 0.01
5414 4760 0.2
5416 6285 0.2
5421 5540 0.2
5424 773 0.01
5424 1480 0.05
5424 1752 0.05
5424 3473 0.05
5424 4367 0.01
5424 5113 0.05
5424 5370 0.05
5424 6146 0.2
5424 6395 0.2
5424 6396 0.01
5425 449 0.2
5425 688 0.05
5425 3179 0.2
5425 6391 0.05
5425 6392 0.05
5426 54 0.2
5426 150 0.2
5426 356 0.2
5426 531 0.05
5426 534 0.2
5426 564 0.2
5426 565 0.05
5426 822 0.01
5426 1389 0.2
5426 1557 0.05
5427 1778 0.2
5427 2090 0.01
5427 3583 0.05
5427 4093 0.01
5427 4401 0.2
5427 4658 0.2
5427 4727 0.2
5427 6393 0.01
5427 6394 0.2
5428 796 0.2
5428 990 0.2
5428 2960 0.05
5428 2974 0.01
5428 3558 0.2
5428 5002 0.05
5428 6399 0.01
5428 6400 0.2
5428 6401 0.2
5429 723 0.05
5429 918 0.05
5429 1434 0.05
5429 1553 0.2
5429 6104 0.05
5430 166 0.05
5430 1602 0.2
5430 3324 0.2
5430 3779 0.01
5430 4392 0.2
5430 4434 0.01
5430 6090 0.05
5430 6254 0.01
5430 6397 0.05
5430 6398 0.2
5437 398 0.01
5437 602 0.2
5437 704 0.2
5437 919 0.05
5437 2249 0.05
5437 3029 0.2
5437 3104 0.05
5437 4046 0.01
5437 5475 0.01
5437 6082 0.2
5450 3779 0.01
5453 175 0.2
5453 589 0.05
5453 2881 0.05
5453 3421 0.2
5453 4353 0.05
5453 4650 0.2
5453 5344 0.05
5453 5464 0.05
5453 6093 0.01
5453 6402 0.05
5454 313 0.2
5454 549 0.2
5454 610 0.05
5454 2144 0.05
5454 2698 0.01
5454 2760 0.2
5454 4795 0.2
5454 5090 0.2
5454 6062 0.05
5454 6403 0.01
5455 993 0.01
5455 1288 0.2
5455 1803 0.2
5455 3156 0.2
5455 3819 0.2
5455 4388 0.01
5455 5391 0.01
5455 6404 0.2
5455 6405 0.2
5455 6406 0.2
5456 5732 0.2
5462 1204 0.01
5462 4253 0.2
5462 4404 0.2
5462 4743 0.2
5462 5940 0.2
5462 5977 0.05
5462 6407 0.01
5462 6408 0.05
5462 6409 0.05
5462 6410 0.05
5465 91 0.2
5465 93 0.05
5465 387 0.05
5465 532 0.01
5465 533 0.01
5465 822 0.05
5465 836 0.2
5465 1042 0.01
5465 1074 0.05
5465 1126 0.05
5466 79 0.05
5466 88 0.01
5466 90 0.01
5466 354 0.05
5466 708 0.05
5466 752 0.05
5466 824 0.01
5466 836 0.2
5466 1042 0.05
5466 1365 0.01
5468 70 0.2
5468 1780 0.05
5468 2856 0.2
5468 3163 0.01
5468 3893 0.2
5468 4161 0.01
5468 6415 0.2
5468 6416 0.01
5468 6417 0.2
5468 6418 0.2
5471 260 0.01
5471 281 0.2
5471 2294 0.2
5471 2540 0.2
5471 3008 0.01
5471 3488 0.2
5471 4935 0.2
5471 5121 0.05
5471 5243 0.2
5471 6419 0.05
5473 1360 0.2
5473 3565 0.2
5473 3883 0.01
5473 5035 0.2
5473 5440 0.01
5473 5516 0.05
5473 6428 0.05
5473 6429 0.01
5473 6430 0.01
5473 6431 0.2
5478 1169 0.05
5478 2094 0.01
5478 2881 0.05
5478 3421 0.05
5478 4071 0.05
5478 4353 0.01
5478 4650 0.05
5478 4941 0.2
5478 5464 0.2
5478 5780 0.2
5482 51 0.01
5482 88 0.2
5482 89 0.01
5482 90 0.01
5482 350 0.01
5482 387 0.2
5482 836 0.01
5482 1074 0.05
5482 1365 0.2
5482 1389 0.01
5483 565 0.2
5483 836 0.2
5483 1493 0.05
5483 1531 0.2
5483 1557 0.05
5483 1564 0.01
5483 2767 0.2
5483 2959 0.2
5483 3137 0.2
5483 4951 0.2
5485 161 0.2
5485 657 0.01
5485 744 0.05
5485 1705 0.05
5485 3592 0.2
5485 3743 0.05
5485 4148 0.01
5485 5224 0.2
5485 5870 0.01
5485 6047 0.2
5490 1099 0.2
5490 1143 0.05
5490 1223 0.05
5490 2654 0.01
5490 4435 0.2
5490 6240 0.2
5490 6446 0.05
5490 6447 0.01
5490 6448 0.2
5490 6449 0.01
5491 6440 0.01
5492 327 0.05
5492 1517 0.05
5492 1944 0.01
5492 3105 0.01
5492 4241 0.05
5492 4339 0.05
5492 6437 0.2
5492 6438 0.05
5492 6439 0.2
5493 3266 0.2
5499 375 0.2
5499 626 0.2
5499 2865 0.01
5499 3415 0.2
5499 4492 0.01
5499 6432 0.2
5499 6433 0.2
5499 6434 0.01
5499 6435 0.01
5499 6436 0.2
5503 4881 0.01
5504 570 0.2
5504 1570 0.2
5504 2112 0.01
5504 2315 0.01
5504 2750 0.05
5504 4538 0.05
5504 4587 0.05
5504 5920 0.05
5504 6306 0.01
5504 6445 0.01
5505 6450 0.05
5506 51 0.2
5506 89 0.05
5506 93 0.2
5506 96 0.2
5506 150 0.2
5506 530 0.01
5506 649 0.2
5506 836 0.05
5506 1074 0.01
5506 1365 0.2
5513 805 0.2
5513 850 0.2
5513 1931 0.05
5513 3400 0.05
5513 4729 0.01
5513 4733 0.05
5513 6221 0.01
5513 6338 0.05
5513 6451 0.01
5518 531 0.01
5518 767 0.2
5518 1460 0.2
5518 1554 0.05
5518 2689 0.05
5518 4168 0.05
5518 5543 0.01
5518 5628 0.01
5518 5872 0.2
5521 2130 0.01
5521 2321 0.2
5521 3031 0.01
5521 3332 0.2
5521 3904 0.2
5521 4915 0.2
5521 4952 0.05
5521 5603 0.2
5521 6454 0.05
5525 406 0.2
5525 858 0.2
5525 1216 0.05
5525 3745 0.05
5525 3978 0.01
5525 4257 0.2
5525 6455 0.2
5525 6456 0.2
5525 6457 0.01
5528 562 0.01
5528 1129 0.2
5528 1767 0.01
5528 2285 0.01
5528 2286 0.01
5528 3634 0.2
5528 4729 0.2
5528 4836 0.2
5528 5551 0.05
5528 6051 0.01
5531 243 0.2
5531 517 0.01
5531 2391 0.2
5531 3310 0.05
5531 3413 0.2
5531 4856 0.01
5531 5441 0.01
5531 6458 0.2
5531 6459 0.2
5542 492 0.05
5542 790 0.01
5542 856 0.2
5542 2978 0.2
5542 4492 0.2
5542 6078 0.2
5542 6464 0.01
5542 6465 0.01
5542 6466 0.2
5542 6467 0.2
5543 584 0.2
5543 1421 0.05
5543 2678 0.05
5543 3782 0.01
5543 3882 0.01
5543 5621 0.05
5543 5774 0.05
5543 6468 0.2
5543 6469 0.01
5543 6470 0.05
5548 78 0.01
5548 89 0.05
5548 96 0.2
5548 350 0.01
5548 355 0.01
5548 751 0.2
5548 752 0.2
5548 1309 0.2
5548 1493 0.01
5548 1557 0.01
5560 352 0.01
5560 354 0.01
5560 355 0.05
5560 751 0.01
5560 825 0.05
5560 826 0.01
5560 837 0.05
5560 1042 0.2
5560 1309 0.05
5560 1365 0.2
5566 310 0.2
5566 410 0.05
5566 2252 0.05
5566 2864 0.01
5566 2879 0.05
5566 3020 0.2
5566 3554 0.05
5566 5415 0.05
5566 5965 0.2
5566 6475 0.05
5571 2802 0.2
5574 955 0.01
5574 1727 0.05
5574 3309 0.2
5574 4093 0.05
5574 6480 0.2
5574 6481 0.01
5574 6482 0.01
5574 6483 0.01
5574 6484 0.01
5574 6485 0.2
5575 497 0.2
5575 1036 0.05
5575 1455 0.01
5575 3355 0.2
5575 4697 0.05
5575 5103 0.2
5575 6476 0.01
5575 6477 0.05
5575 6478 0.2
5575 6479 0.2
5579 553 0.05
5579 822 0.2
5579 1453 0.01
5579 3245 0.2
5579 5428 0.05
5579 6491 0.01
5579 6492 0.01
5579 6493 0.05
5579 6494 0.01
5579 6495 0.2
5580 9 0.05
5580 59 0.2
5580 2036 0.2
5580 2756 0.05
5580 3156 0.2
5580 4055 0.05
5580 6427 0.2
5580 6488 0.2
5580 6489 0.05
5580 6490 0.05
5581 505 0.05
5581 628 0.2
5581 975 0.2
5581 2382 0.2
5581 2477 0.2
5581 4626 0.2
5581 5045 0.05
5581 5354 0.01
5581 6486 0.05
5581 6487 0.05
5588 63 0.05
5588 920 0.01
5588 1509 0.2
5588 2254 0.05
5588 2600 0.05
5588 4342 0.2
5588 5002 0.05
5588 5084 0.05
5588 6496 0.2
5588 6497 0.01
5589 157 0.05
5589 173 0.01
5589 639 0.2
5589 1166 0.05
5589 1402 0.05
5589 1599 0.2
5589 2473 0.2
5589 4679 0.01
5589 6500 0.2
5589 6501 0.01
5592 1395 0.05
5592 1652 0.2
5592 2410 0.2
5592 3371 0.05
5592 3413 0.2
5592 4306 0.05
5592 4417 0.05
5592 5468 0.2
5592 6498 0.01
5592 6499 0.01
5603 220 0.01
5603 769 0.01
5603 805 0.05
5603 850 0.2
5603 1574 0.2
5603 3326 0.05
5603 4890 0.2
5603 5988 0.2
5603 7066 0.01
5603 7067 0.01
5605 2197 0.05
5605 4291 0.05
5605 4505 0.05
5605 6116 0.2
5605 6506 0.05
5605 6507 0.01
5605 6508 0.01
5605 6509 0.05
5605 6510 0.01
5605 6511 0.05
5606 1799 0.01
5607 1520 0.05
5607 1633 0.05
5607 2640 0.01
5607 2978 0.05
5607 3406 0.05
5607 6518 0.2
5607 6519 0.2
5607 6520 0.05
5607 6521 0.01
5607 6522 0.05
5608 350 0.05
5608 351 0.01
5608 534 0.05
5608 563 0.01
5608 703 0.05
5608 751 0.01
5608 1493 0.01
5608 1558 0.05
5608 2144 0.01
5610 987 0.01
5610 990 0.2
5610 1290 0.05
5610 7258 0.05
5610 7259 0.05
5611 3636 0.05
5613 908 0.05
5613 1090 0.05
5613 1837 0.2
5613 1852 0.01
5613 2537 0.05
5613 2644 0.05
5613 3201 0.2
5613 5513 0.01
5613 5616 0.01
5613 6022 0.2
5617 2715 0.01
5617 3496 0.2
5617 5338 0.01
5617 6238 0.01
5617 6512 0.01
5617 6513 0.01
5617 6514 0.01
5617 6515 0.2
5619 2139 0.05
5619 3278 0.2
5619 4122 0.05
5619 4728 0.2
5619 5516 0.2
5619 5843 0.2
5619 5952 0.2
5619 6228 0.05
5619 6516 0.2
5619 6517 0.01
5621 840 0.01
5621 4331 0.01
5621 4444 0.2
5621 5905 0.01
5621 6427 0.05
5621 6496 0.2
5621 6523 0.05
5621 6524 0.05
5621 6525 0.2
5623 88 0.05
5623 91 0.2
5623 350 0.2
5623 352 0.2
5623 355 0.05
5623 531 0.2
5623 534 0.2
5623 565 0.05
5623 704 0.05
5623 706 0.05
5625 241 0.05
5625 554 0.01
5625 1840 0.01
5625 2433 0.2
5625 4070 0.2
5625 5438 0.05
5625 6536 0.01
5625 6537 0.01
5625 6538 0.2
5625 6539 0.01
5626 93 0.01
5626 176 0.01
5626 530 0.05
5626 703 0.01
5626 822 0.2
5626 836 0.05
5626 1042 0.05
5626 1074 0.05
5626 1309 0.2
5626 3151 0.01
5627 5507 0.01
5628 858 0.05
5628 2616 0.01
5628 4643 0.05
5628 5190 0.01
5628 6196 0.01
5628 6531 0.2
5628 6532 0.05
5628 6533 0.2
5628 6534 0.01
5628 6535 0.05
5632 541 0.01
5632 821 0.01
5632 1602 0.05
5632 2998 0.05
5632 3326 0.05
5632 3757 0.05
5632 6402 0.01
5632 6497 0.05
5632 6545 0.05
5632 6546 0.01
5637 1307 0.01
5637 2225 0.2
5637 2335 0.2
5637 4768 0.2
5637 4771 0.01
5637 5201 0.2
5637 5520 0.2
5637 6428 0.01
5637 6540 0.2
5637 6541 0.2
5638 6627 0.05
5639 1326 0.2
5639 1522 0.2
5639 1645 0.05
5639 3342 0.05
5639 4233 0.05
5639 5489 0.2
5639 6542 0.2
5639 6543 0.05
5639 6544 0.05
5640 687 0.05
5640 786 0.2
5640 1374 0.01
5640 1382 0.2
5640 1986 0.01
5640 5497 0.05
5640 6547 0.05
5640 6548 0.2
5640 6549 0.05
5640 6550 0.2
5641 43 0.2
5641 700 0.01
5641 709 0.01
5641 751 0.05
5641 2660 0.2
5641 3295 0.2
5641 6238 0.05
5641 6551 0.01
5641 6552 0.05
5641 6553 0.01
5645 1509 0.2
5645 2105 0.05
5645 2472 0.05
5645 5157 0.01
5645 5694 0.01
5645 5732 0.05
5645 6552 0.01
5645 6554 0.01
5645 6555 0.01
5645 6556 0.05
5648 9 0.05
5648 232 0.2
5648 1445 0.2
5648 1749 0.05
5648 2443 0.2
5648 4170 0.05
5648 6157 0.2
5648 6557 0.05
5648 6558 0.2
5650 1279 0.2
5650 1342 0.05
5650 1661 0.2
5650 2171 0.05
5650 2734 0.01
5650 3064 0.2
5650 3923 0.2
5650 4148 0.2
5650 4644 0.01
5650 6559 0.05
5653 5745 0.2
5654 78 0.01
5654 79 0.2
5654 349 0.2
5654 351 0.01
5654 355 0.05
5654 356 0.05
5654 534 0.01
5654 706 0.01
5654 825 0.05
5654 2144 0.05
5663 610 0.05
5663 2980 0.2
5663 4064 0.01
5663 4786 0.2
5663 5338 0.01
5663 6238 0.05
5663 6559 0.05
5663 6560 0.01
5663 6561 0.2
5663 6562 0.2
5671 447 0.01
5671 494 0.01
5671 1720 0.2
5671 2483 0.01
5671 3032 0.05
5671 4358 0.01
5671 5132 0.2
5671 6567 0.2
5671 6568 0.05
5671 6569 0.01
5683 991 0.2
5683 2685 0.01
5683 3103 0.01
5683 5603 0.01
5683 5934 0.01
5683 6054 0.01
5683 6570 0.05
5683 6571 0.2
5683 6572 0.01
5683 6573 0.01
5685 1425 0.05
5686 78 0.01
5686 89 0.05
5686 93 0.01
5686 95 0.05
5686 534 0.05
5686 563 0.01
5686 565 0.2
5686 822 0.01
5686 1041 0.01
5686 3151 0.01
5688 60 0.05
5688 264 0.01
5688 1422 0.2
5688 1564 0.05
5688 3140 0.01
5688 3698 0.05
5688 5774 0.01
5688 5977 0.01
5688 6574 0.2
5688 6575 0.01
5690 42 0.2
5690 639 0.05
5690 3132 0.05
5690 4405 0.2
5690 4516 0.01
5690 4576 0.01
5690 5963 0.01
5690 6337 0.01
5690 6576 0.05
5691 207 0.2
5691 752 0.05
5691 837 0.01
5691 1234 0.05
5691 1452 0.2
5691 1517 0.2
5691 3151 0.01
5691 3906 0.01
5691 5593 0.05
5691 6577 0.01
5693 6444 0.01
5694 220 0.2
5694 855 0.2
5694 5732 0.05
5694 5777 0.2
5694 6508 0.05
5694 6654 0.05
5697 3349 0.05
5697 6645 0.2
5704 343 0.01
5704 698 0.05
5704 1214 0.01
5704 1321 0.05
5704 1409 0.01
5704 1458 0.05
5704 2570 0.01
5704 2797 0.05
5704 3391 0.05
5704 6578 0.05
5707 993 0.01
5707 1167 0.2
5707 1265 0.05
5707 1381 0.01
5707 2032 0.2
5707 2723 0.05
5707 5436 0.01
5707 6579 0.01
5707 6580 0.01
5707 6581 0.01
5707 6582 0.01
5707 6583 0.01
5707 6584 0.2
5707 6585 0.01
5707 6586 0.05
5707 6587 0.05
5707 6588 0.05
5707 6589 0.05
5707 6590 0.05
5707 6591 0.01
5707 6592 0.01
5707 6593 0.05
5707 6594 0.05
5707 6595 0.2
5707 6596 0.05
5707 6597 0.01
5707 6598 0.2
5707 6599 0.2
5707 6600 0.2
5707 6601 0.2
5707 6602 0.2
5707 6603 0.05
5707 6604 0.01
5707 6605 0.01
5707 6606 0.05
5707 6607 0.05
5707 6608 0.2
5707 6609 0.01
5707 6610 0.2
5707 6611 0.2
5707 6612 0.2
5707 6613 0.05
5707 6614 0.05
5707 6615 0.2
5707 6616 0.01
5707 6617 0.05
5708 76 0.2
5708 1626 0.2
5708 2449 0.05
5708 2738 0.05
5708 5351 0.05
5708 6156 0.05
5708 6618 0.01
5708 6619 0.05
5708 6620 0.01
5711 1773 0.01
5711 2440 0.05
5711 2631 0.01
5711 3061 0.01
5711 3943 0.2
5711 4135 0.2
5711 4432 0.01
5711 6621 0.05
5711 6622 0.01
5711 6623 0.05
5715 6625 0.2
5716 5543 0.05
5717 6624 0.05
5721 1455 0.2
5721 2402 0.05
5721 5650 0.2
5721 6363 0.01
5721 6626 0.01
5724 51 0.05
5724 95 0.05
5724 176 0.2
5724 352 0.05
5724 530 0.01
5724 532 0.05
5724 708 0.05
5724 753 0.01
5724 837 0.2
5724 1365 0.2
5729 842 0.2
5729 1188 0.05
5729 1709 0.2
5729 3400 0.05
5729 3782 0.05
5729 4373 0.05
5729 4729 0.05
5729 4735 0.05
5729 5785 0.05
5729 6339 0.2
5730 6628 0.2
5745 257 0.05
5745 2140 0.05
5745 2647 0.01
5745 3790 0.01
5745 4131 0.01
5745 6457 0.05
5745 6629 0.01
5745 6630 0.01
5745 6631 0.2
5746 6630 0.01
5755 306 0.05
5755 972 0.2
5755 1481 0.05
5755 1507 0.2
5755 2864 0.2
5755 4379 0.05
5755 6632 0.2
5755 6633 0.05
5755 6634 0.2
5755 6635 0.05
5760 1265 0.01
5760 1321 0.01
5760 1418 0.01
5760 1590 0.2
5760 2242 0.2
5760 3586 0.01
5760 3705 0.01
5760 3810 0.01
5760 5275 0.01
5760 5684 0.2
5764 2072 0.05
5768 3406 0.2
5768 3685 0.01
5768 3813 0.2
5768 3986 0.01
5768 4005 0.01
5768 4428 0.2
5768 4681 0.05
5768 5155 0.01
5768 6623 0.2
5768 6636 0.2
5770 1808 0.05
5770 1961 0.01
5770 2429 0.01
5770 2760 0.05
5770 4022 0.2
5770 4404 0.01
5770 4939 0.2
5770 6637 0.05
5770 6638 0.01
5770 6639 0.05
5773 1503 0.01
5773 1762 0.05
5773 2415 0.01
5773 3311 0.05
5773 4529 0.01
5773 4737 0.2
5773 5271 0.05
5773 5293 0.01
5773 6152 0.05
5774 73 0.01
5774 1201 0.2
5774 2172 0.05
5774 2523 0.05
5774 4264 0.05
5774 4269 0.01
5774 4437 0.05
5774 4856 0.2
5774 6216 0.2
5774 6640 0.01
5775 81 0.2
5775 3591 0.05
5775 3727 0.2
5775 4042 0.01
5775 4947 0.05
5775 5684 0.2
5775 6641 0.05
5775 6642 0.05
5775 6643 0.01
5775 6644 0.05
5785 238 0.05
5785 833 0.2
5785 1676 0.01
5785 3447 0.2
5785 3782 0.05
5785 5009 0.2
5785 5656 0.05
5785 6646 0.01
5785 6647 0.2
5785 6648 0.01
5786 90 0.05
5786 93 0.05
5786 176 0.01
5786 349 0.2
5786 351 0.2
5786 354 0.05
5786 530 0.05
5786 534 0.05
5786 1074 0.2
5786 3151 0.01
5794 436 0.01
5794 2576 0.2
5794 4186 0.01
5794 4856 0.05
5794 5160 0.2
5794 6649 0.05
5794 6650 0.05
5794 6651 0.2
5794 6652 0.01
5794 6653 0.2
5800 318 0.2
5800 720 0.05
5800 1932 0.05
5800 2234 0.2
5800 2300 0.01
5800 2423 0.2
5800 3197 0.05
5800 5150 0.01
5800 6655 0.05
5800 6656 0.2
5801 79 0.05
5801 351 0.05
5801 353 0.01
5801 563 0.05
5801 679 0.2
5801 825 0.01
5801 837 0.2
5801 1042 0.2
5801 1365 0.05
5801 1493 0.05
5803 407 0.2
5803 622 0.05
5803 4417 0.05
5803 4753 0.01
5803 5652 0.2
5803 6310 0.2
5803 6350 0.05
5803 6657 0.01
5803 6658 0.01
5803 6659 0.01
5807 795 0.05
5811 886 0.01
5811 1520 0.05
5811 1585 0.01
5811 2019 0.2
5811 2681 0.05
5811 3971 0.01
5811 4262 0.2
5811 7643 0.01
5811 8065 0.2
5811 8066 0.05
5815 6660 0.01
5829 1525 0.2
5829 1708 0.01
5829 3351 0.01
5829 5817 0.01
5829 6240 0.05
5829 6309 0.05
5829 6338 0.05
5829 6661 0.2
5829 6662 0.01
5829 6663 0.01
5830 51 0.2
5830 96 0.05
5830 176 0.2
5830 352 0.05
5830 530 0.01
5830 565 0.2
5830 822 0.01
5830 837 0.01
5830 1821 0.01
5830 3151 0.01
5833 78 0.2
5833 88 0.05
5833 94 0.2
5833 350 0.01
5833 563 0.2
5833 703 0.01
5833 825 0.2
5833 1211 0.2
5833 1493 0.05
5833 2139 0.2
5835 1000 0.01
5843 244 0.01
5843 1642 0.05
5843 1649 0.05
5843 2447 0.2
5843 2508 0.05
5843 3636 0.2
5843 5226 0.01
5843 5366 0.2
5843 5648 0.01
5843 6668 0.01
5845 487 0.05
5845 583 0.2
5845 2340 0.2
5845 3170 0.2
5845 3207 0.01
5845 3441 0.05
5845 4544 0.01
5845 5757 0.01
5845 5963 0.05
5845 6391 0.2
5854 251 0.2
5854 639 0.01
5854 2801 0.05
5854 4784 0.2
5854 5812 0.05
5854 5877 0.05
5854 6444 0.01
5854 6669 0.01
5854 6670 0.01
5854 6671 0.2
5855 254 0.05
5855 892 0.05
5855 1307 0.2
5855 2298 0.01
5855 2412 0.01
5855 2938 0.01
5855 3073 0.2
5855 3743 0.01
5855 3782 0.2
5855 5262 0.01
5856 499 0.01
5856 1569 0.05
5856 2504 0.2
5856 2948 0.01
5856 2980 0.05
5856 3667 0.01
5856 4061 0.2
5856 4211 0.05
5856 6660 0.01
5856 6672 0.2
5859 147 0.01
5859 1078 0.2
5859 1660 0.05
5859 2517 0.05
5859 4511 0.01
5859 4752 0.01
5859 4923 0.2
5859 5619 0.05
5859 6228 0.01
5859 6673 0.05
5863 737 0.01
5863 1023 0.01
5863 1770 0.2
5863 2336 0.2
5865 388 0.2
5865 578 0.2
5865 994 0.05
5865 1484 0.01
5865 3470 0.01
5865 3557 0.2
5865 3969 0.2
5865 4248 0.01
5865 4362 0.01
5865 6674 0.01
5867 765 0.2
5867 1460 0.05
5867 1643 0.2
5867 2183 0.01
5867 2252 0.01
5867 2685 0.05
5867 2928 0.2
5867 4094 0.05
5867 4404 0.2
5867 5661 0.01
5867 5679 0.01
5867 6622 0.05
5867 6675 0.05
5867 6676 0.05
5867 6677 0.05
5867 6678 0.2
5869 6522 0.05
5876 284 0.05
5876 479 0.2
5876 970 0.05
5876 1138 0.2
5876 3638 0.01
5876 4463 0.01
5876 4611 0.05
5876 5551 0.01
5876 6679 0.05
5876 6680 0.2
5877 1457 0.2
5877 2357 0.05
5877 2938 0.2
5877 3064 0.01
5877 3705 0.2
5877 4624 0.01
5877 5297 0.2
5877 5760 0.01
5877 6681 0.05
5877 6682 0.2
5879 1649 0.2
5879 6735 0.01
5879 6736 0.01
5880 51 0.01
5880 88 0.01
5880 530 0.05
5880 533 0.2
5880 534 0.01
5880 563 0.05
5880 649 0.05
5880 822 0.01
5880 1309 0.2
5880 1365 0.2
5885 112 0.01
5885 630 0.2
5885 649 0.05
5885 811 0.05
5885 2675 0.01
5885 3332 0.05
5885 6532 0.2
5885 6683 0.01
5885 6684 0.01
5885 6685 0.2
5890 1354 0.2
5890 1427 0.2
5890 3512 0.01
5890 4291 0.01
5890 4400 0.01
5890 5895 0.05
5890 6306 0.05
5890 6399 0.01
5890 6686 0.2
5890 6687 0.2
5891 1710 0.05
5893 101 0.01
5893 121 0.2
5893 242 0.2
5893 1770 0.2
5893 2220 0.05
5893 2421 0.2
5893 3061 0.05
5893 3620 0.2
5893 5089 0.2
5893 5902 0.05
5895 79 0.01
5895 354 0.2
5895 355 0.01
5895 534 0.01
5895 825 0.01
5895 1309 0.2
5897 150 0.05
5897 351 0.2
5897 387 0.05
5897 563 0.05
5897 752 0.2
5897 782 0.2
5897 822 0.05
5897 1041 0.01
5897 1074 0.2
5897 1126 0.2
5902 522 0.01
5902 1535 0.01
5902 2328 0.01
5902 2756 0.2
5902 3905 0.05
5902 6143 0.01
5902 6562 0.2
5902 6689 0.05
5902 6690 0.2
5902 6691 0.01
5907 1319 0.01
5907 2496 0.05
5907 3144 0.05
5907 5346 0.01
5907 6280 0.2
5907 6692 0.2
5907 6693 0.2
5907 6694 0.01
5907 6695 0.2
5907 6696 0.05
5912 649 0.2
5912 1283 0.05
5912 1475 0.2
5912 1720 0.01
5912 3018 0.2
5912 4165 0.05
5912 5004 0.2
5912 6697 0.05
5912 6698 0.01
5912 6699 0.01
5914 616 0.2
5914 645 0.05
5914 1473 0.05
5914 2883 0.01
5914 3483 0.01
5914 4112 0.2
5914 4549 0.01
5914 5522 0.01
5914 5574 0.2
5914 6700 0.05
5915 1129 0.01
5915 1187 0.01
5915 1714 0.05
5915 1825 0.01
5915 2718 0.01
5915 6406 0.05
5915 6453 0.05
5915 6701 0.2
5915 6702 0.01
5915 6703 0.01
5918 257 0.05
5918 1963 0.01
5918 2332 0.2
5918 4553 0.05
5918 4665 0.2
5918 4947 0.01
5918 6627 0.05
5918 7293 0.2
5918 7898 0.2
5918 8012 0.01
5923 3187 0.05
5923 4621 0.2
5925 1752 0.05
5925 2286 0.01
5925 2294 0.2
5925 2345 0.2
5925 2374 0.05
5925 3163 0.2
5925 3964 0.2
5925 4423 0.2
5925 5960 0.05
5925 6708 0.01
5926 150 0.05
5926 226 0.05
5926 355 0.01
5926 356 0.01
5926 533 0.2
5926 565 0.05
5926 649 0.01
5926 679 0.2
5926 822 0.01
5926 1126 0.01
5929 1344 0.05
5929 2458 0.05
5929 2477 0.01
5929 2648 0.05
5929 3262 0.01
5929 4235 0.01
5929 5551 0.2
5929 6266 0.05
5929 6709 0.2
5929 6710 0.01
5932 4355 0.01
5932 4712 0.2
5932 4938 0.01
5932 5393 0.01
5932 5568 0.01
5932 6444 0.01
5932 6574 0.01
5932 6715 0.01
5932 6716 0.2
5932 6717 0.01
5933 487 0.01
5933 952 0.2
5933 1331 0.2
5933 2063 0.2
5933 2533 0.2
5933 2790 0.2
5933 6129 0.2
5933 6255 0.01
5933 6697 0.2
5933 6711 0.01
5934 746 0.2
5934 1168 0.2
5934 1543 0.2
5934 1597 0.2
5934 2024 0.05
5934 2981 0.05
5934 3591 0.01
5934 4492 0.05
5934 6054 0.2
5934 6649 0.05
5935 1189 0.01
5935 2981 0.2
5935 3192 0.01
5935 3609 0.05
5935 3741 0.05
5935 4353 0.05
5935 4832 0.01
5935 6621 0.01
5935 6713 0.05
5935 6714 0.05
5944 2014 0.01
5944 2268 0.01
5944 2681 0.2
5944 2822 0.05
5944 3786 0.05
5944 4339 0.01
5944 4946 0.2
5944 5000 0.05
5944 6634 0.05
5944 6718 0.05
5945 260 0.01
5945 480 0.05
5945 515 0.05
5945 626 0.2
5945 638 0.2
5945 2183 0.01
5945 2294 0.2
5945 3324 0.01
5945 3415 0.2
5945 4730 0.05
5949 700 0.05
5949 3028 0.2
5949 3991 0.01
5949 6143 0.01
5949 6204 0.05
5949 6730 0.01
5949 6731 0.01
5949 6732 0.01
5949 6733 0.01
5949 6734 0.01
5951 1799 0.05
5951 1972 0.01
5951 2545 0.01
5951 3345 0.2
5951 5408 0.01
5951 6143 0.01
5951 6156 0.01
5951 6719 0.01
5951 6720 0.05
5951 6721 0.01
5955 762 0.2
5955 767 0.2
5955 3197 0.2
5955 3554 0.01
5955 3796 0.05
5955 4033 0.05
5955 5351 0.2
5955 6651 0.2
5955 6722 0.05
5955 6723 0.01
5961 1346 0.01
5961 1640 0.01
5961 1770 0.2
5961 2239 0.01
5961 4232 0.05
5961 6214 0.05
5961 6691 0.05
5961 6697 0.05
5961 6737 0.05
5961 6738 0.05
5965 360 0.05
5965 593 0.2
5965 1409 0.05
5965 1799 0.05
5965 2564 0.01
5965 3287 0.05
5965 4864 0.01
5965 5953 0.05
5965 6739 0.01
5965 6740 0.05
5967 354 0.2
5967 857 0.01
5967 1517 0.2
5967 1668 0.05
5967 2571 0.05
5967 5180 0.05
5967 5977 0.2
5967 6741 0.01
5967 6742 0.05
5967 6743 0.05
5978 606 0.2
5978 649 0.01
5978 2211 0.2
5978 2721 0.2
5978 2875 0.2
5978 3197 0.01
5978 3677 0.05
5978 6744 0.05
5978 6745 0.01
5978 6746 0.05
5982 157 0.01
5982 1187 0.2
5982 1430 0.2
5982 1666 0.05
5982 1909 0.01
5982 2199 0.05
5982 4558 0.2
5982 4621 0.2
5982 6020 0.01
5982 6754 0.05
5983 618 0.05
5983 1198 0.05
5983 3908 0.05
5983 4283 0.05
5983 5848 0.2
5983 5920 0.2
5983 6077 0.2
5983 6747 0.2
5984 755 0.01
5984 1254 0.05
5984 2793 0.01
5984 2920 0.01
5984 3421 0.01
5984 3433 0.2
5984 4985 0.2
5984 6303 0.05
5984 6748 0.2
5984 6749 0.2
5985 478 0.2
5985 632 0.2
5985 910 0.05
5985 930 0.05
5985 1520 0.05
5985 2202 0.05
5985 6750 0.05
5985 6751 0.2
5985 6752 0.05
5985 6753 0.01
5988 72 0.05
5988 133 0.05
5988 805 0.05
5988 2150 0.05
5988 3158 0.01
5988 4221 0.01
5988 4512 0.2
5988 4952 0.05
5988 5683 0.2
5988 6763 0.2
5990 1173 0.01
5990 3627 0.01
5990 3711 0.05
5990 4065 0.2
5990 5466 0.05
5990 6369 0.2
5990 6755 0.01
5990 6756 0.01
5990 6757 0.2
5990 6758 0.05
5991 295 0.2
5991 803 0.01
5991 1915 0.2
5991 2575 0.2
5991 3061 0.2
5991 5108 0.2
5991 6502 0.01
5991 6759 0.2
5991 6760 0.05
5991 6761 0.01
5992 233 0.01
5992 495 0.05
5992 963 0.2
5992 1288 0.05
5992 2285 0.2
5992 2330 0.2
5992 2428 0.05
5992 2968 0.05
5992 3994 0.05
5992 6743 0.2
5993 405 0.01
5993 1274 0.2
5993 1520 0.01
5993 1643 0.05
5993 1947 0.2
5993 2332 0.2
5993 4621 0.05
5993 5559 0.05
5993 5963 0.05
5993 6762 0.2
5997 5079 0.2
5998 88 0.2
5998 90 0.05
5998 95 0.01
5998 387 0.01
5998 530 0.01
5998 533 0.01
5998 565 0.01
5998 1126 0.01
5998 1309 0.2
5998 1389 0.01
6003 515 0.05
6003 611 0.05
6003 1018 0.01
6003 1278 0.05
6003 1734 0.2
6003 1770 0.05
6003 1880 0.05
6003 4239 0.2
6003 4456 0.01
6003 6769 0.05
6005 1255 0.05
6005 1424 0.2
6005 1639 0.01
6005 2133 0.01
6005 2631 0.2
6005 3060 0.01
6005 3072 0.05
6005 3587 0.01
6005 6767 0.01
6005 6768 0.05
6016 94 0.01
6016 531 0.05
6016 563 0.05
6016 704 0.05
6016 706 0.01
6016 825 0.01
6016 826 0.01
6016 1041 0.2
6016 1074 0.05
6016 1389 0.2
6017 833 0.01
6017 1206 0.01
6017 1685 0.2
6017 2150 0.05
6017 4229 0.2
6017 5656 0.2
6017 6365 0.01
6017 6623 0.2
6017 6773 0.05
6017 6774 0.2
6020 936 0.01
6020 954 0.05
6020 3375 0.01
6020 3395 0.05
6020 3480 0.05
6020 3916 0.2
6020 5398 0.01
6020 6377 0.2
6020 6443 0.2
6020 6775 0.01
6021 431 0.2
6021 940 0.01
6021 1972 0.05
6021 2955 0.05
6021 3207 0.2
6021 3259 0.2
6021 4550 0.05
6021 5845 0.05
6021 5895 0.2
6021 6304 0.05
6022 737 0.2
6022 1461 0.05
6022 1608 0.05
6022 1775 0.2
6022 3586 0.01
6022 4950 0.01
6022 5961 0.05
6022 6265 0.01
6022 6623 0.05
6022 6776 0.05
6024 57 0.05
6024 77 0.2
6024 842 0.2
6024 1229 0.01
6024 2573 0.01
6024 4061 0.05
6024 5156 0.05
6024 6777 0.01
6024 6778 0.01
6024 6779 0.05
6027 850 0.05
6027 1017 0.05
6027 1416 0.2
6027 1770 0.05
6027 2397 0.2
6027 3400 0.01
6027 4125 0.01
6027 4221 0.2
6027 6221 0.01
6027 6780 0.2
6032 2197 0.2
6032 3490 0.05
6032 4131 0.01
6032 4611 0.2
6032 6787 0.01
6036 397 0.2
6036 578 0.01
6036 994 0.05
6036 1487 0.2
6036 1646 0.2
6036 2138 0.2
6036 3133 0.2
6036 4248 0.2
6036 6171 0.01
6036 6781 0.01
6041 1438 0.05
6041 1598 0.01
6041 2430 0.05
6041 2553 0.01
6041 4011 0.05
6041 5204 0.05
6041 5224 0.05
6041 5316 0.2
6041 6783 0.05
6041 6784 0.05
6044 6785 0.2
6046 284 0.2
6046 5476 0.01
6046 6820 0.2
6050 6818 0.05
6050 6819 0.05
6057 97 0.01
6057 351 0.01
6057 2202 0.2
6057 3425 0.01
6057 3587 0.2
6057 3663 0.05
6057 5936 0.2
6057 5949 0.05
6057 6664 0.05
6057 6786 0.05
6059 286 0.05
6059 2118 0.05
6059 2759 0.2
6059 3012 0.01
6059 3169 0.05
6059 4233 0.2
6059 4461 0.05
6059 6120 0.2
6059 6789 0.2
6059 6790 0.05
6066 415 0.05
6066 1257 0.2
6066 1509 0.01
6066 2148 0.05
6066 2445 0.05
6066 3360 0.2
6066 6792 0.01
6066 6793 0.01
6066 6794 0.2
6066 6795 0.05
6069 206 0.05
6070 584 0.01
6070 737 0.01
6070 1427 0.01
6070 1962 0.01
6070 2123 0.2
6070 6140 0.01
6070 6240 0.05
6070 6797 0.05
6070 6798 0.2
6071 95 0.05
6071 601 0.05
6071 1769 0.05
6071 2019 0.01
6071 2665 0.01
6071 3251 0.01
6071 4941 0.05
6071 5130 0.2
6071 5140 0.2
6071 6796 0.05
6077 1205 0.01
6077 2078 0.01
6077 2668 0.05
6077 2835 0.01
6077 3634 0.05
6077 4273 0.01
6077 4891 0.2
6077 4969 0.2
6077 6656 0.01
6077 6799 0.01
6079 51 0.05
6079 351 0.2
6079 530 0.2
6079 534 0.2
6079 564 0.05
6079 649 0.2
6079 706 0.2
6079 822 0.05
6079 825 0.2
6079 826 0.05
6080 376 0.01
6080 1147 0.2
6080 5890 0.2
6080 6402 0.01
6080 6479 0.2
6085 671 0.2
6085 856 0.05
6085 885 0.01
6085 2056 0.2
6085 2457 0.01
6085 2519 0.05
6085 3187 0.05
6085 5109 0.2
6085 6800 0.2
6085 6801 0.2
6093 57 0.2
6093 1649 0.05
6093 3218 0.05
6093 4101 0.05
6093 4593 0.01
6093 5042 0.2
6093 6426 0.01
6093 6667 0.05
6093 6805 0.01
6093 6806 0.01
6095 631 0.2
6095 1457 0.01
6095 1504 0.05
6095 2282 0.05
6095 3105 0.05
6095 3337 0.2
6095 4241 0.2
6095 5749 0.05
6095 6812 0.01
6095 6813 0.2
6098 857 0.01
6098 1054 0.05
6098 1102 0.01
6098 1352 0.2
6098 1759 0.01
6098 4830 0.01
6098 4915 0.2
6098 6807 0.2
6098 6808 0.01
6098 6809 0.05
6099 200 0.2
6099 556 0.2
6099 807 0.2
6099 1411 0.01
6099 1520 0.01
6099 5225 0.2
6099 5755 0.2
6099 6271 0.01
6099 6810 0.01
6099 6811 0.05
6105 127 0.05
6105 1843 0.01
6105 2016 0.05
6105 2359 0.2
6105 3475 0.2
6105 3634 0.2
6105 4065 0.2
6105 4333 0.01
6105 5660 0.05
6105 6814 0.2
6121 279 0.2
6121 530 0.01
6121 757 0.2
6121 1729 0.2
6121 2512 0.01
6121 5348 0.2
6121 6240 0.01
6121 6815 0.01
6121 6816 0.05
6121 6817 0.2
6126 212 0.01
6126 1523 0.01
6126 2647 0.2
6126 2652 0.2
6126 3837 0.2
6126 4998 0.05
6126 6201 0.01
6126 6821 0.2
6126 6822 0.05
6126 6823 0.01
6129 286 0.01
6129 572 0.05
6129 3091 0.01
6129 3516 0.2
6129 3897 0.01
6129 4590 0.2
6129 5984 0.05
6129 6824 0.01
6129 6825 0.05
6129 6826 0.01
6132 220 0.05
6132 1035 0.01
6132 1313 0.05
6132 2743 0.2
6132 2816 0.01
6132 5953 0.05
6132 6832 0.01
6132 6833 0.01
6132 6834 0.2
6132 6835 0.2
6138 205 0.01
6138 1673 0.01
6138 1749 0.2
6138 2211 0.2
6138 4092 0.05
6138 5647 0.01
6138 6827 0.2
6138 6828 0.05
6138 6829 0.01
6138 6830 0.01
6139 638 0.01
6139 795 0.05
6139 1811 0.2
6139 2571 0.01
6139 2866 0.2
6139 3717 0.2
6139 4027 0.05
6139 4367 0.2
6139 4411 0.2
6140 804 0.05
6140 1528 0.2
6140 2762 0.01
6140 3040 0.05
6140 4079 0.01
6140 4148 0.05
6140 4939 0.01
6140 5679 0.2
6140 6171 0.05
6140 6831 0.01
6146 1570 0.2
6146 2140 0.01
6146 2501 0.05
6146 3950 0.01
6146 5774 0.01
6146 6396 0.2
6146 6620 0.2
6146 6836 0.05
6146 6837 0.2
6146 6838 0.05
6149 546 0.01
6149 700 0.01
6149 1263 0.2
6149 2268 0.01
6149 4817 0.01
6149 4922 0.05
6149 5090 0.01
6149 6839 0.2
6149 6840 0.2
6149 6841 0.05
6151 310 0.2
6151 3897 0.01
6151 4113 0.2
6151 6774 0.2
6151 6846 0.01
6151 6847 0.2
6151 6848 0.01
6151 6849 0.2
6151 6850 0.05
6151 6851 0.2
6154 6844 0.01
6156 212 0.05
6156 908 0.2
6156 1490 0.01
6156 1523 0.2
6156 2771 0.2
6156 3053 0.2
6156 3151 0.01
6156 5594 0.01
6156 6756 0.01
6156 6845 0.05
6160 1643 0.01
6160 1688 0.2
6160 3179 0.2
6160 3907 0.01
6160 4054 0.01
6160 4731 0.05
6160 6623 0.2
6160 6852 0.05
6160 6853 0.05
6160 6854 0.2
6169 324 0.01
6169 601 0.05
6169 1915 0.2
6169 2573 0.01
6169 3349 0.01
6169 3731 0.01
6169 4941 0.05
6169 6861 0.01
6169 6862 0.01
6169 6863 0.01
6171 395 0.05
6171 397 0.2
6171 1659 0.2
6171 3302 0.01
6171 3540 0.2
6171 4248 0.2
6171 4316 0.01
6171 5938 0.01
6171 6860 0.2
6178 1196 0.01
6178 1420 0.2
6178 2158 0.05
6178 2370 0.2
6178 4064 0.2
6178 4654 0.05
6178 4732 0.2
6178 5686 0.01
6178 6864 0.01
6178 6865 0.2
6189 6869 0.01
6190 5058 0.01
6191 6870 0.05
6192 1146 0.2
6192 1148 0.01
6192 6912 0.2
6192 6913 0.2
6193 463 0.05
6193 988 0.05
6193 1274 0.05
6193 1342 0.2
6193 2220 0.05
6193 3546 0.01
6193 4606 0.01
6193 6866 0.01
6193 6867 0.2
6193 6868 0.01
6196 1421 0.2
6196 2490 0.01
6197 324 0.2
6198 1504 0.01
6198 3579 0.01
6198 6687 0.2
6198 6722 0.01
6200 487 0.01
6200 856 0.05
6200 2202 0.05
6200 4264 0.01
6200 5652 0.01
6200 5653 0.2
6200 6244 0.05
6200 6871 0.2
6200 6872 0.01
6200 6873 0.2
6202 1257 0.05
6202 2196 0.01
6202 2745 0.05
6202 5977 0.01
6202 6826 0.01
6202 6874 0.2
6202 6875 0.05
6202 6876 0.05
6202 6877 0.01
6202 6878 0.01
6205 1712 0.01
6205 1743 0.2
6205 2035 0.2
6205 2428 0.05
6205 2800 0.01
6205 3060 0.2
6205 6157 0.05
6205 6879 0.01
6205 6880 0.2
6205 6881 0.05
6208 11 0.01
6208 1198 0.05
6208 1454 0.2
6208 2098 0.2
6208 2322 0.05
6208 4062 0.05
6208 6549 0.01
6208 6882 0.01
6208 6883 0.05
6208 6884 0.01
6214 4387 0.05
6215 993 0.01
6215 1510 0.01
6215 2648 0.05
6215 2993 0.2
6215 5155 0.01
6215 6221 0.01
6215 6885 0.01
6215 6886 0.05
6215 6887 0.05
6215 6888 0.2
6218 3355 0.05
6218 3433 0.2
6218 3940 0.2
6218 5100 0.01
6218 5683 0.01
6218 6889 0.01
6218 6890 0.2
6218 6891 0.01
6218 6892 0.05
6218 6893 0.2
6227 78 0.01
6227 88 0.01
6227 94 0.2
6227 352 0.05
6227 356 0.05
6227 1557 0.2
6227 1821 0.2
6227 1964 0.2
6227 5395 0.2
6227 6894 0.05
6228 147 0.2
6228 1228 0.01
6228 4404 0.2
6228 6014 0.05
6228 6129 0.05
6228 6433 0.2
6228 6895 0.2
6228 6896 0.05
6228 6897 0.05
6228 6898 0.2
6229 5773 0.01
6231 6266 0.05
6232 436 0.2
6232 917 0.2
6232 1334 0.01
6232 1576 0.05
6232 3281 0.2
6232 6899 0.2
6232 6900 0.2
6232 6901 0.2
6232 6902 0.2
6232 6903 0.2
6233 307 0.05
6233 745 0.01
6233 2494 0.05
6233 4174 0.2
6233 4784 0.05
6233 5309 0.05
6233 5338 0.05
6233 6234 0.01
6233 6235 0.2
6236 124 0.01
6236 492 0.05
6236 638 0.05
6236 1447 0.05
6236 3422 0.05
6236 4909 0.01
6236 5561 0.01
6236 6904 0.2
6236 6905 0.2
6236 6906 0.01
6244 79 0.01
6244 349 0.2
6244 428 0.01
6244 532 0.01
6244 563 0.05
6244 564 0.01
6244 565 0.05
6244 824 0.01
6244 1074 0.05
6244 1558 0.2
6247 3900 0.05
6249 260 0.2
6249 264 0.05
6249 480 0.2
6249 2294 0.01
6249 2720 0.01
6249 3497 0.2
6249 5082 0.2
6249 6266 0.2
6249 6328 0.01
6249 6710 0.01
6255 565 0.01
6255 1059 0.01
6255 1475 0.01
6255 1696 0.05
6255 1897 0.2
6255 2298 0.05
6255 2433 0.01
6255 3523 0.2
6255 4042 0.01
6255 6915 0.2
6256 53 0.2
6256 384 0.05
6256 1170 0.05
6256 2222 0.01
6256 2521 0.05
6256 3302 0.05
6256 5594 0.05
6256 6631 0.05
6256 6908 0.05
6263 1048 0.2
6263 1369 0.2
6263 1811 0.05
6263 2962 0.01
6263 2967 0.2
6263 4805 0.01
6263 5428 0.05
6263 5752 0.01
6263 5833 0.05
6263 6909 0.05
6264 1520 0.01
6264 2050 0.01
6264 2310 0.2
6264 2596 0.01
6264 3152 0.2
6264 3395 0.01
6264 3709 0.2
6264 4241 0.05
6264 4346 0.05
6264 4969 0.01
6264 6209 0.05
6264 6691 0.2
6264 7043 0.2
6264 7640 0.05
6264 7688 0.05
6264 7739 0.2
6264 7750 0.01
6264 7751 0.01
6264 7752 0.01
6264 7753 0.01
6264 7754 0.2
6264 7755 0.2
6264 7756 0.01
6266 1328 0.01
6266 2514 0.2
6266 5625 0.05
6266 5772 0.05
6266 6146 0.05
6266 6348 0.01
6266 6556 0.01
6266 6706 0.05
6266 6910 0.2
6266 6911 0.05
6267 268 0.05
6267 783 0.01
6267 5213 0.01
6267 5786 0.2
6267 5808 0.2
6267 5820 0.2
6267 6077 0.01
6267 6146 0.2
6267 6341 0.2
6267 6914 0.05
6274 1792 0.2
6274 3126 0.05
6274 3484 0.01
6274 3816 0.01
6274 5885 0.05
6274 6192 0.05
6274 6363 0.2
6274 6916 0.05
6274 6917 0.2
6274 6918 0.2
6275 166 0.01
6275 484 0.2
6275 1742 0.01
6275 2362 0.2
6275 6919 0.2
6275 6920 0.05
6275 6921 0.01
6275 6922 0.2
6275 6923 0.05
6275 6924 0.05
6278 5873 0.01
6278 6980 0.01
6282 201 0.01
6282 549 0.05
6282 1146 0.05
6282 4177 0.05
6282 4296 0.2
6282 5603 0.2
6282 5714 0.01
6282 5753 0.05
6282 5901 0.2
6282 6925 0.01
6288 2913 0.05
6295 2063 0.05
6295 6778 0.05
6295 6990 0.01
6303 452 0.05
6303 499 0.01
6303 671 0.05
6303 823 0.01
6303 2592 0.05
6303 2746 0.01
6303 3205 0.01
6303 4947 0.01
6303 6928 0.2
6303 6929 0.2
6305 51 0.05
6305 94 0.01
6305 349 0.01
6305 356 0.05
6305 534 0.01
6305 1558 0.2
6305 1871 0.2
6305 3704 0.05
6305 3983 0.01
6305 7296 0.2
6313 454 0.05
6313 1036 0.05
6313 1218 0.05
6313 5464 0.2
6313 5928 0.2
6316 99 0.01
6316 284 0.01
6316 506 0.2
6316 2252 0.01
6316 2881 0.2
6316 3006 0.05
6316 6319 0.05
6316 6827 0.01
6316 6934 0.05
6316 6935 0.05
6317 395 0.05
6317 1421 0.01
6317 2579 0.01
6317 2621 0.01
6317 2734 0.2
6317 4801 0.05
6317 4822 0.01
6317 5677 0.01
6317 6936 0.01
6317 6937 0.2
6319 407 0.05
6319 435 0.05
6319 844 0.01
6319 1344 0.05
6319 2197 0.2
6319 4519 0.01
6319 5351 0.01
6319 6689 0.2
6319 6938 0.05
6319 6939 0.2
6320 364 0.01
6320 1498 0.2
6320 2285 0.2
6320 2296 0.01
6320 3075 0.05
6320 3197 0.2
6320 4538 0.05
6320 6634 0.2
6320 6746 0.05
6327 688 0.01
6327 1427 0.01
6327 1643 0.01
6327 3202 0.05
6327 3485 0.01
6327 4441 0.2
6327 5150 0.05
6327 5686 0.01
6327 6940 0.2
6328 30 0.05
6328 7006 0.05
6329 786 0.01
6333 349 0.05
6333 355 0.05
6333 356 0.01
6333 531 0.2
6333 534 0.05
6333 706 0.05
6333 1074 0.2
6333 1821 0.01
6333 3198 0.01
6333 4356 0.2
6334 1493 0.05
6341 1952 0.05
6341 2463 0.05
6341 2685 0.2
6341 3170 0.2
6341 3758 0.2
6341 6902 0.05
6341 6914 0.05
6341 6941 0.2
6341 6942 0.2
6343 3492 0.05
6343 4509 0.05
6343 6077 0.05
6343 6892 0.05
6343 6898 0.2
6343 6947 0.2
6343 6948 0.05
6343 6949 0.05
6343 6950 0.05
6343 6951 0.01
6344 79 0.05
6344 89 0.2
6344 176 0.05
6344 352 0.05
6344 354 0.05
6344 387 0.05
6344 534 0.2
6344 563 0.01
6344 565 0.01
6344 824 0.2
6346 5937 0.01
6355 1188 0.2
6355 1795 0.2
6355 1858 0.05
6355 5683 0.01
6355 6160 0.2
6355 7293 0.05
6355 7348 0.05
6355 7349 0.05
6355 7350 0.01
6355 7351 0.01
6356 1372 0.01
6356 1481 0.01
6356 2347 0.01
6356 2827 0.01
6356 3752 0.01
6356 3823 0.01
6356 6263 0.2
6356 6954 0.01
6358 1399 0.01
6358 1427 0.05
6358 1454 0.2
6358 2162 0.05
6358 2765 0.01
6358 2978 0.2
6358 3990 0.01
6358 6624 0.01
6358 6956 0.01
6358 6957 0.05
6359 618 0.05
6359 2391 0.01
6359 3197 0.05
6359 4314 0.2
6359 4450 0.2
6359 5045 0.01
6359 5523 0.05
6359 6697 0.01
6359 6761 0.01
6359 6955 0.05
6360 2756 0.05
6361 1460 0.2
6361 2444 0.05
6361 2522 0.01
6361 2629 0.2
6361 2911 0.2
6361 3066 0.01
6361 6216 0.01
6361 6958 0.01
6361 6959 0.2
6361 6960 0.2
6363 534 0.2
6363 591 0.01
6363 673 0.01
6363 1525 0.05
6363 2059 0.01
6363 3174 0.01
6363 6484 0.01
6363 6843 0.2
6363 6855 0.05
6363 6961 0.2
6366 454 0.05
6366 525 0.05
6366 919 0.01
6366 1508 0.05
6366 3902 0.05
6366 3972 0.05
6366 3996 0.2
6366 5610 0.01
6366 6962 0.01
6366 6963 0.05
6383 1325 0.2
6383 3999 0.01
6383 4511 0.01
6383 4740 0.2
6383 4829 0.05
6383 6403 0.2
6383 6412 0.01
6383 6964 0.01
6383 6965 0.2
6383 6966 0.01
6388 2641 0.05
6388 2678 0.2
6388 2745 0.2
6388 2927 0.2
6388 5398 0.05
6388 5818 0.05
6388 6179 0.01
6388 6396 0.05
6388 6436 0.01
6388 6967 0.2
6396 360 0.2
6396 1479 0.01
6396 2124 0.05
6396 2239 0.05
6396 2345 0.05
6396 2529 0.2
6396 3684 0.01
6396 3870 0.01
6396 5395 0.2
6396 6968 0.2
6402 817 0.01
6402 3033 0.01
6402 3738 0.05
6402 3743 0.01
6402 6532 0.01
6402 6969 0.01
6402 6970 0.2
6402 6971 0.05
6402 6972 0.05
6402 6973 0.05
6403 158 0.05
6403 215 0.05
6403 705 0.05
6403 1312 0.2
6403 1479 0.01
6403 3593 0.2
6403 4594 0.01
6403 6838 0.01
6403 6974 0.05
6403 6975 0.2
6404 155 0.05
6404 582 0.01
6404 834 0.05
6404 2417 0.05
6404 2503 0.05
6404 4565 0.01
6404 5683 0.2
6405 6018 0.01
6406 2138 0.01
6407 888 0.01
6407 3197 0.05
6407 3697 0.01
6407 5912 0.01
6407 6358 0.2
6407 6593 0.2
6407 6912 0.2
6407 6917 0.2
6407 6976 0.05
6407 6977 0.05
6408 1 0.2
6408 268 0.05
6408 409 0.2
6408 1616 0.05
6408 2793 0.05
6408 4569 0.2
6408 5157 0.2
6408 6472 0.01
6408 6978 0.2
6408 6979 0.01
6409 140 0.01
6409 796 0.05
6409 1349 0.01
6409 1516 0.01
6409 2521 0.2
6409 2571 0.01
6409 3511 0.01
6409 3673 0.01
6409 5191 0.2
6409 5982 0.01
6413 88 0.01
6413 90 0.2
6413 91 0.01
6413 92 0.01
6413 354 0.2
6413 1500 0.2
6413 1556 0.01
6413 2750 0.05
6413 5588 0.01
6413 6981 0.01
6415 639 0.01
6415 1171 0.01
6415 2536 0.05
6415 4886 0.2
6415 5731 0.2
6415 6125 0.2
6415 6192 0.01
6415 6641 0.05
6415 6982 0.01
6415 6983 0.05
6416 71 0.05
6416 1188 0.01
6416 2330 0.01
6416 4910 0.01
6416 5004 0.2
6416 5230 0.05
6416 5525 0.2
6416 5605 0.01
6416 6993 0.01
6416 6994 0.05
6417 459 0.2
6417 4361 0.05
6417 6831 0.05
6417 6953 0.2
6417 6984 0.01
6417 6985 0.01
6417 6986 0.01
6417 6987 0.01
6417 6988 0.05
6417 6989 0.01
6418 6024 0.01
6427 409 0.01
6427 1397 0.05
6427 1606 0.01
6427 1827 0.2
6427 2458 0.2
6427 2477 0.05
6427 2999 0.2
6427 3277 0.05
6427 5009 0.2
6427 6266 0.05
6427 6787 0.05
6427 7453 0.2
6427 7454 0.2
6429 396 0.01
6429 994 0.05
6429 1952 0.2
6429 2190 0.01
6429 3053 0.2
6429 3686 0.05
6429 5891 0.2
6429 6311 0.2
6429 6991 0.01
6433 480 0.2
6433 544 0.01
6433 936 0.01
6433 1097 0.05
6433 2771 0.05
6433 3406 0.2
6433 6305 0.05
6433 6922 0.2
6433 6995 0.05
6436 7029 0.2
6441 3205 0.01
6441 5327 0.01
6441 5445 0.05
6441 5561 0.01
6441 6005 0.05
6441 6319 0.2
6441 6406 0.2
6441 6442 0.01
6441 6443 0.2
6441 6444 0.2
6444 1000 0.05
6444 1392 0.05
6444 4061 0.2
6444 5079 0.01
6444 5561 0.05
6444 6764 0.05
6444 6769 0.05
6444 6871 0.2
6444 6999 0.05
6444 7000 0.05
6445 39 0.05
6445 2526 0.01
6445 3004 0.2
6445 3970 0.2
6445 5817 0.2
6445 6307 0.01
6445 6319 0.01
6445 6996 0.01
6445 6997 0.01
6445 6998 0.05
6447 2616 0.01
6447 2774 0.05
6447 5291 0.2
6447 5662 0.01
6447 6534 0.2
6447 7001 0.01
6447 7002 0.05
6447 7003 0.05
6447 7004 0.2
6447 7005 0.05
6452 639 0.01
6452 1497 0.2
6452 1777 0.05
6452 3498 0.01
6452 5171 0.05
6452 5465 0.01
6452 5628 0.05
6452 5776 0.01
6452 7007 0.2
6452 7008 0.01
6458 2242 0.01
6462 272 0.2
6462 1322 0.2
6462 1495 0.2
6462 1537 0.2
6462 2184 0.2
6462 3269 0.01
6462 5513 0.05
6462 6198 0.05
6462 7009 0.01
6462 7010 0.2
6464 281 0.01
6464 570 0.01
6464 1489 0.2
6464 2490 0.2
6464 2661 0.01
6464 3150 0.05
6464 3672 0.01
6464 4062 0.01
6464 7011 0.05
6464 7012 0.2
6465 1342 0.2
6465 1799 0.2
6465 2612 0.2
6465 2948 0.05
6465 3187 0.05
6465 4182 0.01
6465 4991 0.01
6465 5780 0.05
6465 7013 0.2
6471 2300 0.01
6471 2859 0.2
6471 4182 0.01
6471 4551 0.05
6471 4756 0.05
6471 5222 0.01
6471 6336 0.05
6471 6853 0.05
6471 7014 0.01
6475 4553 0.05
6475 5035 0.2
6475 6333 0.05
6475 6935 0.01
6475 7015 0.01
6476 5111 0.01
6478 3279 0.05
6478 3658 0.05
6478 6859 0.01
6484 532 0.01
6484 2039 0.01
6484 2220 0.01
6484 5115 0.05
6484 5584 0.05
6484 7021 0.2
6484 7022 0.01
6484 7023 0.2
6484 7024 0.2
6486 1566 0.01
6486 2521 0.05
6486 2526 0.2
6486 2625 0.05
6486 4358 0.01
6486 7016 0.01
6486 7017 0.05
6486 7018 0.05
6486 7019 0.2
6486 7020 0.01
6487 6413 0.05
6488 15 0.2
6488 1344 0.2
6488 2260 0.01
6488 3313 0.2
6488 3398 0.01
6488 6560 0.01
6488 6789 0.01
6488 6900 0.2
6488 7030 0.05
6488 7031 0.05
6489 118 0.01
6489 339 0.01
6489 1436 0.01
6489 1880 0.2
6489 2328 0.2
6489 2531 0.01
6489 3038 0.05
6489 4479 0.05
6489 5450 0.05
6489 7028 0.05
6494 395 0.2
6494 1080 0.01
6494 2154 0.2
6494 3064 0.2
6494 4154 0.05
6494 4852 0.2
6494 7732 0.2
6494 8059 0.01
6498 306 0.05
6498 572 0.05
6498 1557 0.01
6498 2360 0.01
6498 2552 0.01
6498 4961 0.2
6498 5109 0.05
6498 7032 0.2
6498 7033 0.05
6498 7034 0.05
6509 7036 0.05
6510 53 0.2
6510 967 0.01
6510 1033 0.01
6510 1149 0.2
6510 1170 0.2
6510 1948 0.2
6510 3311 0.05
6510 5897 0.01
6510 6369 0.05
6510 7035 0.01
6513 843 0.2
6513 1421 0.01
6513 1991 0.01
6513 3546 0.05
6513 4777 0.2
6513 5195 0.2
6513 5520 0.2
6513 7643 0.2
6513 8089 0.2
6513 8090 0.05
6516 212 0.05
6516 4712 0.01
6517 398 0.01
6517 589 0.2
6517 3893 0.2
6517 4182 0.2
6517 5464 0.2
6517 7037 0.01
6517 7038 0.01
6517 7039 0.01
6517 7040 0.2
6518 766 0.01
6518 3233 0.2
6518 3454 0.05
6518 3624 0.2
6518 4112 0.05
6518 4325 0.05
6518 4898 0.2
6518 5453 0.05
6518 6246 0.05
6518 7041 0.2
6525 720 0.01
6525 4621 0.2
6525 8013 0.05
6529 392 0.2
6529 567 0.2
6529 843 0.01
6529 3208 0.01
6529 3288 0.2
6529 3950 0.05
6529 4220 0.05
6529 4836 0.01
6529 4852 0.05
6529 6407 0.01
6537 578 0.2
6537 2332 0.01
6537 2674 0.01
6537 4330 0.2
6537 4820 0.2
6537 5740 0.05
6537 6062 0.01
6537 7042 0.01
6537 7043 0.01
6537 7044 0.2
6539 1477 0.01
6539 2198 0.2
6539 4737 0.05
6543 1749 0.2
6543 4484 0.05
6543 6192 0.01
6543 7047 0.01
6543 7048 0.2
6543 7049 0.01
6543 7050 0.2
6543 7051 0.2
6543 7052 0.2
6543 7053 0.01
6545 5003 0.2
6550 304 0.01
6550 648 0.01
6550 687 0.2
6550 3339 0.05
6550 3527 0.01
6550 4021 0.05
6550 4756 0.2
6550 5925 0.2
6550 7054 0.05
6550 7055 0.2
6551 66 0.01
6551 632 0.05
6551 1260 0.2
6551 1752 0.05
6551 1825 0.05
6551 3745 0.01
6551 3983 0.01
6551 4436 0.01
6551 4991 0.05
6551 5079 0.2
6553 9 0.2
6553 1196 0.01
6553 1635 0.01
6553 5430 0.05
6553 7064 0.05
6554 2539 0.05
6554 3158 0.01
6554 3992 0.05
6554 4249 0.01
6554 5463 0.05
6554 6103 0.01
6554 7056 0.2
6554 7057 0.01
6554 7058 0.2
6554 7059 0.05
6556 824 0.05
6556 952 0.01
6556 1220 0.05
6556 1381 0.2
6556 4333 0.01
6556 6968 0.01
6556 7060 0.01
6556 7061 0.01
6556 7062 0.2
6556 7063 0.2
6559 349 0.01
6559 352 0.01
6559 531 0.01
6559 565 0.2
6559 822 0.05
6559 825 0.05
6559 1074 0.05
6559 1389 0.05
6559 2144 0.2
6559 2717 0.05
6574 53 0.05
6574 250 0.05
6574 668 0.05
6574 1029 0.05
6574 1276 0.05
6574 3748 0.2
6574 4519 0.05
6574 6102 0.2
6574 6656 0.05
6574 7065 0.01
6575 7068 0.05
6620 393 0.2
6620 1647 0.05
6620 2136 0.2
6620 4325 0.2
6620 4497 0.2
6620 4829 0.2
6620 6412 0.2
6620 6681 0.2
6620 6779 0.01
6620 7071 0.01
6626 351 0.2
6626 900 0.05
6626 930 0.2
6626 2315 0.01
6626 2395 0.05
6626 2631 0.01
6626 3332 0.2
6626 3432 0.01
6626 4342 0.2
6626 6129 0.2
6627 620 0.01
6627 1102 0.2
6627 1520 0.05
6627 3192 0.05
6627 4421 0.01
6627 4518 0.2
6627 6714 0.2
6627 7042 0.05
6627 7061 0.05
6627 7074 0.01
6629 36 0.01
6629 145 0.05
6629 2868 0.05
6629 3073 0.01
6629 3392 0.01
6629 3780 0.05
6629 3921 0.05
6629 4330 0.05
6629 7075 0.01
6631 1720 0.05
6631 2242 0.05
6631 4283 0.05
6631 5116 0.01
6631 5374 0.05
6631 6905 0.2
6631 7027 0.2
6631 7076 0.2
6631 7077 0.2
6632 310 0.2
6632 639 0.01
6632 1141 0.05
6632 1526 0.05
6632 2205 0.2
6632 4387 0.2
6632 4756 0.05
6632 5135 0.01
6632 6072 0.01
6632 6078 0.05
6633 73 0.2
6633 808 0.05
6633 1168 0.05
6633 3170 0.05
6633 3741 0.05
6633 4644 0.05
6633 6047 0.2
6633 6732 0.05
6633 6942 0.05
6633 7078 0.05
6639 1377 0.05
6639 1640 0.01
6639 2122 0.2
6639 2191 0.01
6639 2278 0.05
6639 5247 0.2
6639 5905 0.2
6639 6149 0.05
6639 6441 0.05
6639 7080 0.05
6640 43 0.2
6640 515 0.2
6640 1138 0.2
6640 1430 0.05
6640 2604 0.2
6640 3320 0.01
6640 6355 0.01
6640 6390 0.01
6640 7082 0.01
6640 7083 0.05
6645 1888 0.01
6645 4991 0.01
6645 6829 0.01
6645 7116 0.05
6645 7117 0.01
6645 7118 0.01
6645 7119 0.05
6648 220 0.2
6648 1444 0.05
6648 2209 0.05
6648 2503 0.2
6648 3275 0.05
6648 4075 0.05
6648 4132 0.01
6648 5351 0.01
6648 6171 0.01
6648 7079 0.01
6650 2021 0.01
6650 2156 0.01
6650 3213 0.05
6650 5121 0.2
6650 5253 0.05
6650 5271 0.05
6650 6040 0.2
6650 6874 0.2
6650 7087 0.05
6650 7088 0.05
6652 549 0.05
6652 642 0.05
6652 1146 0.2
6652 2547 0.05
6652 4919 0.05
6652 5333 0.2
6652 5653 0.2
6652 5752 0.2
6652 6359 0.2
6652 7081 0.01
6663 78 0.01
6663 89 0.05
6663 90 0.2
6663 349 0.01
6663 532 0.01
6663 751 0.05
6663 822 0.2
6663 837 0.01
6663 1211 0.2
6663 3151 0.2
6667 442 0.01
6667 720 0.01
6667 737 0.05
6667 746 0.01
6667 1880 0.01
6667 3169 0.05
6667 3447 0.2
6667 7084 0.01
6667 7085 0.01
6667 7086 0.05
6671 783 0.2
6671 1790 0.2
6671 2444 0.2
6671 2868 0.05
6671 3192 0.01
6671 3313 0.2
6671 4548 0.01
6671 6066 0.01
6671 6067 0.05
6671 7089 0.2
6674 163 0.2
6674 452 0.05
6674 779 0.05
6674 781 0.01
6674 1226 0.2
6674 1564 0.01
6674 1720 0.2
6674 2254 0.01
6674 3291 0.01
6674 7090 0.01
6675 54 0.01
6675 79 0.01
6675 91 0.2
6675 356 0.05
6675 428 0.05
6675 531 0.05
6675 564 0.05
6675 1557 0.2
6675 3281 0.05
6675 7093 0.05
6676 83 0.01
6676 1526 0.2
6676 1794 0.05
6676 2410 0.05
6676 2734 0.05
6676 3072 0.2
6676 4719 0.2
6676 7091 0.01
6677 6266 0.01
6679 89 0.05
6679 649 0.01
6679 751 0.2
6679 2067 0.01
6679 3763 0.01
6679 4316 0.01
6679 4647 0.05
6679 5936 0.01
6679 5977 0.05
6679 7092 0.2
6682 267 0.05
6682 326 0.2
6682 1400 0.2
6682 1561 0.01
6682 1749 0.2
6682 4090 0.05
6682 5580 0.05
6682 6170 0.05
6682 7094 0.2
6682 7095 0.2
6685 2417 0.2
6685 3288 0.01
6685 4339 0.2
6685 4636 0.05
6685 7014 0.2
6685 7096 0.01
6685 7097 0.05
6685 7098 0.01
6685 7099 0.2
6685 7100 0.01
6691 235 0.05
6691 360 0.05
6691 392 0.01
6691 739 0.05
6691 1660 0.2
6691 4658 0.05
6691 5131 0.2
6691 6139 0.01
6691 6934 0.05
6691 7104 0.2
6693 2080 0.05
6693 2650 0.2
6693 2674 0.05
6693 2802 0.2
6693 2867 0.01
6693 6029 0.01
6693 6077 0.01
6693 7101 0.2
6693 7102 0.2
6693 7103 0.2
6699 54 0.05
6699 94 0.05
6699 150 0.05
6699 352 0.01
6699 428 0.01
6699 563 0.01
6699 679 0.2
6699 825 0.2
6699 1074 0.2
6699 1220 0.01
6703 559 0.01
6703 930 0.05
6703 1382 0.01
6703 1647 0.2
6703 2347 0.2
6703 2508 0.2
6703 5581 0.2
6703 5980 0.01
6703 6209 0.05
6704 345 0.05
6704 689 0.01
6704 2478 0.2
6704 5890 0.05
6704 5984 0.05
6704 6187 0.05
6704 6246 0.05
6704 7052 0.01
6704 7114 0.2
6704 7115 0.05
6706 1159 0.2
6706 1256 0.05
6706 1421 0.01
6706 1705 0.05
6706 1820 0.05
6706 3014 0.01
6706 3880 0.01
6706 4182 0.05
6706 5780 0.01
6706 6397 0.2
6707 672 0.2
6707 771 0.01
6707 1188 0.05
6707 1690 0.01
6707 1763 0.2
6707 2140 0.05
6707 2745 0.01
6707 4477 0.2
6707 6737 0.05
6707 7108 0.2
6710 157 0.05
6710 1606 0.01
6710 1612 0.2
6710 1781 0.2
6710 3563 0.05
6710 4724 0.01
6710 6266 0.01
6710 6292 0.2
6710 6827 0.05
6710 7113 0.2
6712 632 0.01
6712 1509 0.01
6712 3095 0.2
6712 4894 0.05
6712 6072 0.05
6712 6735 0.05
6712 7109 0.2
6712 7110 0.2
6712 7111 0.05
6712 7112 0.2
6719 917 0.2
6719 967 0.01
6719 1151 0.2
6719 1760 0.2
6719 2264 0.2
6719 2401 0.05
6719 2661 0.05
6719 4004 0.2
6719 7120 0.05
6719 7121 0.01
6724 2005 0.05
6724 2021 0.05
6724 2166 0.01
6724 2650 0.01
6724 3366 0.01
6724 3434 0.05
6724 3743 0.05
6724 6021 0.2
6724 6502 0.2
6724 6725 0.01
6725 46 0.01
6725 247 0.2
6725 1116 0.05
6725 5398 0.01
6725 7044 0.05
6725 7122 0.01
6725 7123 0.05
6725 7124 0.05
6725 7125 0.2
6726 3 0.05
6726 1502 0.2
6726 2817 0.05
6726 3499 0.2
6726 5509 0.01
6726 5953 0.01
6726 6161 0.2
6726 6727 0.01
6726 6728 0.2
6726 6729 0.05
6727 967 0.05
6732 140 0.05
6732 1763 0.2
6732 1785 0.2
6732 1787 0.01
6732 2675 0.2
6732 3088 0.05
6732 5802 0.05
6732 7076 0.01
6732 7138 0.01
6732 7139 0.01
6733 5067 0.01
6740 90 0.05
6740 94 0.2
6740 95 0.01
6740 356 0.05
6740 704 0.05
6740 822 0.05
6740 1220 0.01
6740 1309 0.01
6740 1365 0.01
6740 3198 0.01
6747 117 0.2
6747 152 0.05
6747 1467 0.01
6747 1494 0.01
6747 2572 0.2
6747 2679 0.2
6747 3139 0.05
6747 3560 0.05
6747 3609 0.01
6747 4132 0.01
6747 4501 0.2
6747 4627 0.01
6747 5181 0.05
6747 7126 0.05
6747 7127 0.01
6747 7128 0.05
6747 7129 0.2
6747 7130 0.05
6747 7131 0.2
6747 7132 0.01
6747 7133 0.05
6747 7134 0.01
6747 7135 0.01
6747 7136 0.05
6747 7137 0.01
6750 963 0.01
6750 1019 0.05
6750 2877 0.05
6750 3287 0.01
6750 4939 0.01
6750 6227 0.2
6750 7101 0.2
6750 7140 0.2
6750 7141 0.01
6750 7142 0.05
6751 1299 0.2
6751 3169 0.05
6751 6452 0.2
6751 7180 0.01
6752 3252 0.2
6756 247 0.2
6756 790 0.2
6756 3437 0.2
6756 4040 0.01
6756 4456 0.05
6756 4899 0.2
6756 5583 0.2
6756 7143 0.01
6756 7144 0.05
6756 7145 0.01
6757 944 0.05
6757 1857 0.2
6757 2401 0.2
6757 3885 0.05
6757 3903 0.05
6757 4114 0.05
6757 4643 0.2
6757 5253 0.01
6757 7097 0.2
6757 7148 0.01
6758 5074 0.01
6762 2034 0.01
6762 3482 0.2
6762 3679 0.05
6762 5437 0.05
6762 6769 0.05
6762 6866 0.2
6762 6900 0.2
6762 7149 0.01
6762 7150 0.2
6762 7151 0.01
6764 1421 0.05
6764 2579 0.05
6764 3022 0.2
6764 3969 0.01
6764 4127 0.01
6764 5566 0.01
6764 5628 0.2
6764 6735 0.01
6764 6755 0.2
6764 7155 0.05
6765 51 0.05
6765 79 0.01
6765 89 0.01
6765 95 0.05
6765 349 0.2
6765 649 0.05
6765 1041 0.01
6765 1074 0.01
6765 1126 0.2
6765 2451 0.01
6767 352 0.01
6767 355 0.01
6767 356 0.2
6767 679 0.05
6767 706 0.05
6767 824 0.01
6767 825 0.01
6767 836 0.01
6767 1557 0.05
6767 4356 0.2
6768 1612 0.05
6768 1749 0.05
6768 2409 0.01
6768 2964 0.05
6768 4950 0.01
6768 7152 0.01
6768 7153 0.2
6768 7154 0.01
6771 349 0.05
6771 355 0.05
6771 752 0.2
6771 1041 0.01
6771 1126 0.01
6771 2226 0.2
6771 2571 0.2
6771 3620 0.2
6771 7158 0.01
6771 7159 0.2
6776 328 0.01
6776 737 0.05
6776 856 0.01
6776 1710 0.01
6776 1898 0.2
6776 2430 0.2
6776 3597 0.05
6776 5224 0.01
6776 6713 0.05
6779 487 0.01
6779 916 0.01
6779 1679 0.2
6779 1844 0.05
6779 2100 0.01
6779 2885 0.05
6779 4647 0.05
6779 5923 0.01
6779 6919 0.05
6781 223 0.01
6781 269 0.01
6781 1424 0.01
6781 1482 0.05
6781 3133 0.2
6781 4891 0.2
6781 6631 0.01
6781 7014 0.05
6781 7162 0.01
6781 7163 0.2
6783 746 0.05
6784 1012 0.01
6784 1099 0.05
6784 1898 0.05
6784 4191 0.2
6784 6712 0.05
6784 7164 0.05
6784 7165 0.2
6784 7166 0.05
6784 7167 0.2
6788 2758 0.2
6790 470 0.01
6790 494 0.05
6790 549 0.05
6790 1146 0.05
6790 2515 0.2
6790 2721 0.2
6790 4576 0.05
6790 6205 0.2
6790 6489 0.05
6790 7170 0.05
6791 672 0.05
6791 705 0.01
6791 1341 0.01
6791 1445 0.01
6791 1789 0.05
6791 2496 0.2
6791 2576 0.2
6791 2801 0.2
6791 4139 0.2
6791 6788 0.2
6794 236 0.2
6794 626 0.2
6794 4759 0.2
6794 5204 0.2
6794 5983 0.01
6794 6216 0.2
6794 6804 0.2
6794 7171 0.01
6794 7172 0.05
6794 7173 0.01
6795 2148 0.01
6795 4105 0.2
6795 4789 0.05
6795 6531 0.2
6795 6766 0.05
6795 6794 0.2
6796 587 0.01
6796 1840 0.01
6796 3295 0.01
6796 6895 0.01
6796 7085 0.2
6796 7177 0.2
6796 7179 0.2
6796 7180 0.01
6796 7181 0.01
6796 7182 0.2
6800 1374 0.2
6800 1381 0.05
6800 2334 0.01
6800 2363 0.2
6800 3013 0.01
6800 4415 0.05
6800 6278 0.05
6800 7174 0.2
6800 7175 0.05
6800 7176 0.01
6803 3741 0.2
6807 3864 0.2
6808 7178 0.2
6810 90 0.01
6810 1164 0.05
6810 4125 0.01
6810 5654 0.01
6810 7177 0.2
6813 90 0.2
6813 91 0.01
6813 93 0.01
6813 94 0.01
6813 95 0.05
6813 96 0.01
6813 533 0.2
6813 837 0.2
6813 1365 0.05
6813 1558 0.01
6815 2630 0.2
6815 2739 0.01
6815 3338 0.05
6815 3381 0.05
6815 6154 0.01
6815 7146 0.2
6815 7147 0.2
6815 7183 0.05
6815 7184 0.05
6815 7185 0.05
6819 458 0.01
6819 861 0.05
6819 1382 0.01
6819 1725 0.05
6819 3079 0.2
6819 3271 0.05
6819 3673 0.05
6819 7186 0.01
6819 7187 0.2
6819 7188 0.01
6823 1307 0.01
6823 2216 0.05
6823 3095 0.01
6823 3400 0.01
6823 4045 0.05
6823 5280 0.01
6823 5896 0.05
6823 5988 0.2
6823 7189 0.01
6823 7190 0.2
6826 54 0.01
6826 94 0.2
6826 354 0.2
6826 531 0.01
6826 534 0.2
6826 564 0.05
6826 565 0.2
6826 824 0.2
6826 1558 0.01
6826 1821 0.05
6833 100 0.2
6833 305 0.2
6833 2214 0.05
6833 2268 0.2
6833 4461 0.2
6833 4666 0.01
6833 5928 0.01
6833 6843 0.01
6833 7143 0.01
6833 7192 0.2
6839 563 0.05
6839 565 0.05
6839 567 0.01
6839 649 0.2
6839 708 0.01
6839 753 0.01
6839 1073 0.2
6839 1074 0.05
6839 2451 0.01
6839 2717 0.2
6840 92 0.05
6840 515 0.05
6840 610 0.01
6840 908 0.2
6840 2277 0.2
6840 3461 0.01
6840 3786 0.01
6840 7013 0.05
6840 7193 0.05
6840 7194 0.2
6843 166 0.05
6843 1308 0.2
6843 1472 0.2
6843 1566 0.2
6843 1898 0.01
6843 3061 0.05
6843 4937 0.01
6843 5844 0.01
6843 6192 0.2
6843 6480 0.01
6844 2054 0.2
6844 2202 0.2
6844 2389 0.05
6844 2567 0.05
6844 4158 0.01
6844 6192 0.2
6844 6227 0.05
6844 7195 0.2
6844 7196 0.2
6844 7197 0.05
6845 972 0.01
6845 1164 0.01
6845 1573 0.01
6845 1601 0.2
6845 2547 0.05
6845 2641 0.2
6845 3140 0.05
6845 4817 0.2
6845 6427 0.05
6845 7198 0.01
6848 310 0.05
6848 609 0.01
6848 1109 0.2
6848 1229 0.01
6848 2290 0.05
6848 4354 0.01
6848 4661 0.2
6848 7200 0.01
6848 7201 0.01
6850 1344 0.2
6850 2248 0.01
6850 2332 0.2
6850 2687 0.2
6850 3166 0.2
6850 3202 0.05
6850 3284 0.2
6850 3602 0.2
6850 5768 0.2
6850 7199 0.05
6855 89 0.05
6855 93 0.01
6855 95 0.05
6855 96 0.01
6855 530 0.2
6855 837 0.2
6855 1042 0.05
6855 1389 0.01
6855 3198 0.2
6855 4356 0.01
6857 1932 0.2
6857 2167 0.01
6857 3284 0.2
6857 5526 0.2
6857 7202 0.01
6857 7203 0.01
6857 7204 0.2
6857 7205 0.01
6857 7206 0.2
6857 7207 0.05
6858 4235 0.2
6859 1466 0.05
6859 1619 0.2
6859 2041 0.05
6859 5066 0.05
6859 5977 0.05
6859 7211 0.01
6859 7212 0.01
6859 7213 0.01
6859 7214 0.2
6861 382 0.05
6861 746 0.05
6861 2173 0.05
6861 2177 0.01
6861 2829 0.05
6861 5325 0.01
6861 6755 0.05
6861 7208 0.2
6861 7209 0.05
6861 7210 0.05
6866 1724 0.01
6868 79 0.2
6868 354 0.05
6868 387 0.05
6868 563 0.01
6868 564 0.01
6868 752 0.05
6868 822 0.05
6868 824 0.05
6868 1365 0.2
6868 3151 0.2
6874 76 0.05
6874 2054 0.01
6874 2957 0.05
6874 5380 0.01
6874 5716 0.01
6874 6082 0.2
6874 7215 0.2
6874 7216 0.05
6874 7217 0.01
6874 7218 0.01
6875 95 0.01
6875 150 0.05
6875 354 0.01
6875 530 0.2
6875 534 0.2
6875 563 0.01
6875 564 0.2
6875 1074 0.01
6875 1586 0.2
6875 1821 0.05
6884 1227 0.01
6884 1690 0.2
6884 3705 0.01
6884 4094 0.2
6884 4702 0.05
6884 4905 0.01
6884 5717 0.05
6884 6406 0.2
6884 7226 0.2
6884 7227 0.01
6886 3 0.01
6886 162 0.2
6886 2181 0.2
6886 4148 0.01
6886 6195 0.01
6886 7217 0.2
6886 7219 0.2
6886 7220 0.05
6886 7221 0.2
6886 7222 0.01
6894 284 0.05
6894 610 0.05
6894 2781 0.01
6894 7232 0.2
6894 7233 0.01
6897 7225 0.05
6898 471 0.05
6898 1831 0.01
6898 2063 0.05
6898 2279 0.05
6898 3692 0.01
6898 4490 0.2
6898 5291 0.2
6898 7223 0.05
6898 7224 0.2
6903 495 0.2
6903 555 0.01
6903 1720 0.2
6903 2035 0.2
6903 2501 0.2
6903 4241 0.01
6905 268 0.01
6905 1515 0.05
6905 3073 0.05
6905 3456 0.05
6905 3540 0.01
6905 3720 0.01
6905 5241 0.05
6905 6005 0.01
6905 7208 0.05
6905 7228 0.05
6906 15 0.01
6906 540 0.01
6906 1279 0.01
6906 2286 0.2
6906 4556 0.2
6906 5688 0.2
6906 7229 0.05
6906 7230 0.01
6906 7231 0.05
6907 7237 0.01
6911 214 0.01
6911 251 0.2
6911 717 0.01
6911 1502 0.2
6911 2369 0.2
6911 4994 0.01
6911 6038 0.01
6911 6657 0.2
6911 7234 0.01
6911 7235 0.2
6917 2039 0.01
6917 4309 0.05
6917 7181 0.05
6922 220 0.05
6922 253 0.2
6922 682 0.2
6922 1718 0.01
6922 1803 0.2
6922 2543 0.05
6922 4221 0.05
6922 4330 0.2
6922 4373 0.05
6922 6790 0.2
6923 1176 0.2
6923 1469 0.2
6923 6171 0.05
6923 6476 0.2
6923 6641 0.2
6923 7160 0.2
6923 7428 0.2
6923 7928 0.01
6923 8009 0.2
6923 8010 0.01
6925 256 0.01
6925 567 0.01
6925 4627 0.01
6925 4688 0.01
6925 5114 0.05
6925 6377 0.05
6925 7238 0.01
6925 7239 0.05
6925 7240 0.2
6925 7241 0.2
6930 5341 0.05
6936 79 0.05
6936 150 0.05
6936 351 0.2
6936 352 0.2
6936 355 0.01
6936 531 0.2
6936 534 0.2
6936 708 0.01
6936 824 0.2
6936 1821 0.2
6938 5504 0.2
6943 1591 0.05
6943 1618 0.05
6943 3763 0.2
6943 5715 0.05
6943 7246 0.05
6943 7247 0.05
6943 7248 0.2
6943 7249 0.2
6943 7250 0.01
6944 355 0.2
6944 444 0.01
6944 846 0.01
6944 2508 0.05
6944 3345 0.2
6944 6396 0.01
6944 6946 0.2
6944 7253 0.2
6944 7254 0.01
6944 7255 0.05
6946 51 0.05
6946 95 0.05
6946 176 0.2
6946 349 0.05
6946 530 0.05
6946 532 0.05
6946 534 0.05
6946 649 0.05
6946 837 0.05
6946 1074 0.05
6947 2470 0.05
6955 4684 0.2
6956 564 0.01
6956 1175 0.01
6956 1896 0.01
6956 3031 0.2
6956 4461 0.05
6956 4573 0.01
6956 7180 0.01
6956 7263 0.2
6956 7264 0.2
6956 7265 0.2
6960 1116 0.2
6960 2282 0.05
6960 2391 0.05
6960 3125 0.2
6960 3254 0.05
6960 6688 0.05
6960 7146 0.01
6960 7163 0.01
6960 7256 0.05
6960 7257 0.05
6962 51 0.2
6962 1377 0.2
6962 4428 0.2
6962 5462 0.05
6962 5676 0.2
6962 6953 0.2
6962 6971 0.05
6962 7276 0.01
6962 7277 0.01
6962 7278 0.05
6966 3315 0.01
6966 3360 0.2
6966 5732 0.05
6966 6744 0.05
6966 7125 0.01
6966 7195 0.2
6966 7260 0.2
6966 7261 0.01
6966 7262 0.01
6968 555 0.01
6968 4296 0.05
6968 5089 0.01
6968 5090 0.2
6968 5157 0.2
6968 6063 0.05
6968 6710 0.05
6968 7060 0.01
6968 7266 0.2
6968 7267 0.2
6970 3534 0.05
6971 313 0.2
6971 2337 0.01
6971 7315 0.01
6972 54 0.05
6972 91 0.05
6972 96 0.2
6972 704 0.2
6972 751 0.05
6972 752 0.05
6972 822 0.05
6972 1220 0.05
6972 1389 0.01
6972 3198 0.01
6979 259 0.05
6979 1813 0.01
6979 2421 0.2
6979 5863 0.01
6979 6704 0.2
6979 7054 0.01
6979 7272 0.05
6979 7273 0.2
6979 7274 0.2
6979 7275 0.05
6985 1759 0.2
6985 5478 0.2
6985 5536 0.05
6985 6845 0.01
6985 7027 0.01
6985 7279 0.05
6985 7280 0.01
6985 7281 0.2
6985 7282 0.05
6985 7283 0.01
6986 51 0.2
6986 89 0.2
6986 93 0.01
6986 356 0.2
6986 530 0.2
6986 533 0.01
6986 563 0.2
6986 825 0.05
6986 1041 0.01
6986 1126 0.01
6988 1813 0.01
6988 2362 0.2
6988 3534 0.05
6988 3697 0.2
6988 3912 0.2
6988 4792 0.2
6988 6788 0.01
6988 7284 0.2
6988 7285 0.01
6988 7286 0.01
6990 531 0.05
6990 563 0.2
6990 823 0.2
6990 1557 0.05
6990 1642 0.2
6990 3982 0.2
6990 5570 0.05
6990 7287 0.2
6991 505 0.2
6991 1299 0.05
6991 2710 0.01
6991 3715 0.01
6991 4303 0.05
6991 4621 0.05
6991 5099 0.05
6991 6567 0.01
6991 7124 0.05
6991 7288 0.2
6998 1409 0.2
6998 2197 0.01
6998 3033 0.2
6998 3108 0.01
6998 3516 0.2
6998 4498 0.2
6998 4587 0.01
6998 6108 0.01
6998 7289 0.05
6998 7290 0.01
6999 2421 0.2
6999 4048 0.05
6999 4832 0.05
6999 6146 0.05
6999 6383 0.2
6999 6437 0.2
6999 7291 0.05
6999 7292 0.01
6999 7293 0.01
6999 7294 0.2
7000 1141 0.2
7000 2398 0.05
7000 2864 0.2
7000 3456 0.05
7000 3720 0.01
7000 6005 0.05
7000 6361 0.2
7000 7180 0.2
7000 7305 0.01
7000 7306 0.01
7002 215 0.05
7002 760 0.05
7002 1652 0.01
7002 2141 0.05
7002 4193 0.01
7002 4252 0.2
7002 4325 0.2
7002 6900 0.2
7002 7303 0.2
7002 7304 0.01
7003 349 0.05
7003 3765 0.2
7003 5085 0.05
7003 6021 0.01
7003 6534 0.2
7003 7002 0.05
7003 7004 0.01
7003 7297 0.01
7003 7298 0.05
7003 7299 0.2
7004 79 0.2
7004 428 0.05
7004 668 0.2
7004 824 0.01
7004 1531 0.01
7004 2869 0.01
7004 3394 0.05
7004 3971 0.01
7004 4240 0.05
7004 7295 0.01
7008 5683 0.05
7010 720 0.05
7010 1651 0.05
7010 3145 0.2
7010 5910 0.2
7010 6418 0.01
7010 6762 0.2
7010 6771 0.05
7010 7300 0.05
7010 7301 0.01
7010 7302 0.2
7012 445 0.2
7012 1170 0.01
7012 1395 0.05
7012 1433 0.01
7012 1484 0.2
7012 1659 0.01
7012 4264 0.05
7012 4359 0.2
7012 5895 0.05
7012 7307 0.01
7013 495 0.2
7013 2548 0.05
7013 4673 0.2
7013 7314 0.01
7015 92 0.01
7015 842 0.2
7015 1063 0.2
7015 1416 0.2
7015 1625 0.05
7015 2447 0.2
7015 2644 0.2
7015 3897 0.01
7015 4578 0.05
7015 7143 0.2
7017 649 0.05
7017 1646 0.05
7017 1811 0.01
7017 2523 0.2
7017 3540 0.2
7017 3993 0.01
7017 4264 0.2
7017 7308 0.05
7017 7309 0.05
7017 7310 0.2
7020 72 0.05
7020 1372 0.01
7020 3960 0.01
7020 5541 0.2
7020 5684 0.2
7020 5894 0.01
7020 6350 0.05
7020 6709 0.01
7020 7311 0.01
7020 7312 0.05
7024 2220 0.05
7024 2962 0.01
7025 126 0.2
7025 2490 0.2
7025 2688 0.05
7025 3445 0.01
7025 3761 0.05
7025 3914 0.05
7025 5656 0.01
7025 6753 0.05
7025 7313 0.01
7036 2086 0.2
7036 2303 0.05
7036 2309 0.2
7036 2365 0.01
7036 2412 0.01
7036 2753 0.01
7036 3662 0.05
7036 4597 0.2
7036 7102 0.2
7036 7316 0.05
7045 677 0.05
7045 1150 0.01
7045 1713 0.05
7045 2309 0.01
7045 2719 0.2
7045 3588 0.2
7045 4498 0.05
7045 7317 0.05
7045 7318 0.2
7045 7319 0.2
7050 541 0.01
7050 617 0.01
7050 1425 0.05
7050 2888 0.05
7050 4283 0.01
7050 5771 0.2
7050 7272 0.01
7050 7320 0.05
7050 7321 0.05
7050 7322 0.05
7053 432 0.05
7053 961 0.2
7053 1742 0.01
7053 4586 0.2
7053 6223 0.01
7053 7323 0.05
7053 7324 0.2
7053 7325 0.05
7053 7326 0.2
7053 7327 0.05
7057 1276 0.2
7057 3080 0.2
7057 5415 0.05
7057 6710 0.2
7057 7279 0.05
7057 7328 0.01
7057 7329 0.2
7057 7330 0.2
7057 7331 0.2
7060 905 0.05
7060 1399 0.01
7060 2545 0.05
7060 3474 0.2
7060 4254 0.05
7060 5870 0.01
7060 7076 0.05
7060 7293 0.01
7060 7333 0.2
7061 1713 0.05
7061 1856 0.2
7061 2691 0.05
7061 5999 0.05
7061 6740 0.01
7061 6769 0.01
7061 6778 0.01
7061 7006 0.2
7061 7340 0.01
7061 7341 0.05
7063 515 0.01
7063 1378 0.01
7063 1720 0.05
7063 3413 0.2
7063 4724 0.01
7063 6157 0.2
7063 6427 0.2
7063 6629 0.01
7063 7075 0.2
7063 7332 0.2
7064 5021 0.05
7068 112 0.05
7068 638 0.05
7068 1119 0.2
7068 1777 0.2
7068 3283 0.05
7068 4037 0.2
7068 4188 0.05
7068 6043 0.01
7068 6125 0.01
7068 7334 0.2
7070 388 0.01
7070 856 0.01
7070 3337 0.05
7070 3376 0.01
7070 6275 0.01
7070 7335 0.05
7070 7336 0.05
7070 7337 0.2
7070 7338 0.05
7070 7339 0.2
7071 5398 0.2
7073 212 0.2
7073 779 0.01
7073 1326 0.2
7073 1833 0.01
7073 3000 0.01
7073 3074 0.05
7073 3554 0.2
7073 3629 0.2
7073 4135 0.05
7073 4400 0.05
7076 944 0.01
7076 1438 0.05
7076 1881 0.01
7076 2759 0.01
7076 3447 0.01
7076 3473 0.2
7076 5302 0.05
7076 6438 0.01
7076 7243 0.05
7076 7391 0.05
7076 7392 0.05
7076 7393 0.01
7077 318 0.05
7077 1205 0.05
7077 3677 0.2
7077 3999 0.05
7077 4096 0.2
7077 5518 0.01
7077 7342 0.2
7077 7343 0.2
7077 7344 0.01
7077 7345 0.01
7079 737 0.05
7079 1255 0.2
7079 1570 0.05
7079 1586 0.05
7079 2829 0.01
7079 3075 0.01
7079 3673 0.2
7079 3819 0.05
7079 6262 0.05
7079 6908 0.01
7080 2278 0.2
7080 3272 0.05
7081 495 0.05
7081 1216 0.01
7081 2153 0.2
7081 2881 0.05
7081 3347 0.2
7081 3624 0.01
7081 5988 0.2
7081 6143 0.05
7081 6192 0.01
7081 6321 0.05
7083 897 0.2
7083 1111 0.2
7083 1409 0.01
7083 1433 0.2
7083 1448 0.01
7083 2352 0.2
7083 4165 0.2
7083 4863 0.05
7083 7268 0.05
7085 2968 0.05
7085 3368 0.2
7085 3671 0.05
7085 3885 0.05
7085 4398 0.01
7085 5714 0.2
7085 6198 0.05
7085 7305 0.2
7085 7352 0.01
7085 7353 0.05
7089 1342 0.01
7089 1349 0.01
7089 1480 0.01
7089 3468 0.2
7089 3801 0.2
7089 5115 0.05
7089 5786 0.05
7089 7364 0.01
7089 7365 0.2
7089 7366 0.01
7090 171 0.01
7090 360 0.05
7090 587 0.05
7090 1481 0.05
7090 2014 0.05
7090 2370 0.2
7090 4969 0.01
7090 7354 0.2
7090 7355 0.2
7090 7356 0.2
7096 990 0.2
7096 1214 0.01
7096 2211 0.2
7096 3950 0.05
7096 4188 0.2
7096 5428 0.01
7096 7197 0.05
7096 7357 0.2
7096 7358 0.2
7096 7359 0.01
7098 51 0.2
7098 90 0.01
7098 703 0.2
7098 707 0.01
7098 753 0.2
7098 822 0.2
7098 836 0.2
7098 837 0.01
7098 1042 0.2
7098 1126 0.05
7100 276 0.01
7100 692 0.2
7100 775 0.2
7100 2248 0.01
7100 2274 0.01
7100 2948 0.2
7100 4407 0.2
7100 4813 0.01
7100 5653 0.01
7100 6108 0.2
7101 279 0.05
7101 1322 0.01
7101 2507 0.2
7101 5941 0.05
7101 6506 0.01
7101 7006 0.05
7101 7360 0.01
7101 7361 0.01
7101 7362 0.05
7101 7363 0.2
7102 54 0.05
7102 428 0.01
7102 532 0.05
7102 534 0.05
7102 565 0.2
7102 679 0.2
7102 704 0.01
7102 824 0.01
7102 1557 0.2
7102 1821 0.05
7106 937 0.01
7107 541 0.05
7107 737 0.05
7107 1418 0.01
7107 2133 0.05
7107 2619 0.01
7107 2705 0.05
7107 6125 0.01
7107 6504 0.2
7107 6925 0.05
7107 7369 0.05
7112 1392 0.2
7112 2688 0.2
7112 7275 0.05
7112 7370 0.01
7114 127 0.2
7114 1534 0.01
7114 2344 0.2
7114 3579 0.2
7114 4766 0.01
7114 6078 0.05
7114 6104 0.05
7114 6240 0.2
7114 7371 0.01
7114 7372 0.05
7117 506 0.2
7117 553 0.01
7117 2220 0.05
7117 2800 0.05
7117 3405 0.01
7117 3818 0.05
7117 3950 0.01
7117 6529 0.01
7117 6737 0.2
7117 7373 0.01
7123 6193 0.01
7123 7374 0.05
7124 700 0.2
7124 2124 0.01
7124 3039 0.01
7124 6267 0.01
7124 7375 0.2
7135 657 0.05
7135 1250 0.05
7135 1275 0.05
7135 1516 0.2
7135 1916 0.05
7135 3906 0.05
7135 7376 0.2
7135 7377 0.2
7135 7378 0.2
7141 2372 0.2
7141 4226 0.01
7141 4922 0.05
7141 5613 0.2
7141 6089 0.01
7141 6783 0.05
7141 7379 0.01
7141 7380 0.05
7141 7381 0.05
7141 7382 0.01
7147 4222 0.01
7148 952 0.01
7148 1400 0.01
7148 1690 0.05
7148 1867 0.2
7148 3174 0.01
7148 4890 0.01
7148 5888 0.01
7148 7383 0.2
7148 7384 0.01
7148 7385 0.01
7149 1747 0.01
7156 5527 0.01
7157 7390 0.2
7158 284 0.01
7158 409 0.2
7158 888 0.01
7158 2618 0.2
7158 2626 0.01
7158 2630 0.2
7158 2853 0.01
7158 4663 0.05
7158 7139 0.05
7158 7389 0.2
7159 7276 0.01
7163 1714 0.2
7163 5048 0.2
7163 5052 0.05
7163 5155 0.2
7163 6539 0.05
7163 7394 0.01
7163 7395 0.2
7163 7396 0.05
7163 7397 0.01
7163 7398 0.01
7170 1525 0.05
7170 1612 0.05
7170 1791 0.05
7170 2630 0.01
7170 2968 0.2
7170 3279 0.01
7170 5963 0.2
7170 6222 0.05
7170 6663 0.05
7170 7399 0.2
7180 393 0.2
7180 1840 0.01
7180 1931 0.01
7180 2349 0.05
7180 2864 0.01
7180 5195 0.01
7180 6005 0.2
7180 7085 0.05
7180 7400 0.01
7180 7401 0.2
7182 94 0.2
7182 351 0.05
7182 356 0.05
7182 564 0.05
7182 704 0.01
7182 824 0.01
7182 1074 0.01
7182 1558 0.01
7182 1586 0.01
7182 1821 0.05
7183 145 0.05
7183 996 0.01
7183 1187 0.01
7183 2033 0.05
7183 2661 0.01
7183 4273 0.05
7183 4434 0.05
7183 4853 0.05
7183 5021 0.2
7183 7346 0.01
7192 424 0.2
7192 1421 0.2
7192 2251 0.05
7192 3260 0.05
7192 3872 0.01
7192 4499 0.05
7192 4684 0.2
7192 7402 0.05
7192 7403 0.05
7192 7404 0.05
7197 676 0.2
7197 1146 0.2
7197 6900 0.05
7202 268 0.05
7202 559 0.2
7202 1223 0.01
7202 2014 0.01
7202 2285 0.05
7202 3274 0.01
7202 4041 0.01
7202 4465 0.2
7202 7449 0.05
7202 7464 0.2
7202 7465 0.2
7202 7466 0.05
7203 906 0.01
7203 2685 0.01
7203 2758 0.2
7203 4054 0.05
7203 6754 0.2
7203 6908 0.2
7203 7315 0.2
7203 7406 0.2
7203 7407 0.05
7203 7408 0.05
7204 7405 0.01
7208 36 0.05
7208 440 0.01
7208 1459 0.05
7208 1724 0.01
7208 2332 0.01
7208 4756 0.2
7208 5925 0.05
7208 7410 0.01
7208 7411 0.05
7208 7412 0.01
7209 530 0.2
7209 800 0.01
7209 807 0.05
7209 1175 0.2
7209 5774 0.2
7209 5780 0.05
7209 6416 0.05
7209 7118 0.01
7209 7331 0.05
7209 7409 0.01
7214 51 0.05
7214 150 0.2
7214 353 0.2
7214 354 0.2
7214 356 0.2
7214 563 0.01
7214 564 0.05
7214 565 0.05
7214 1586 0.2
7214 2144 0.05
7215 7475 0.05
7216 583 0.05
7216 1214 0.2
7216 1842 0.01
7216 2595 0.05
7216 2732 0.05
7216 3024 0.01
7216 3497 0.01
7216 5963 0.01
7216 7413 0.05
7216 7414 0.2
7217 268 0.05
7217 589 0.01
7217 1206 0.05
7217 1485 0.01
7217 1659 0.2
7217 2539 0.2
7217 3158 0.05
7217 6151 0.01
7217 7309 0.01
7217 7415 0.2
7220 223 0.01
7220 2041 0.2
7220 3345 0.05
7220 4711 0.05
7220 5257 0.01
7220 6522 0.05
7220 7416 0.05
7220 7417 0.2
7221 1 0.01
7221 1091 0.05
7221 1497 0.05
7221 1845 0.01
7221 2779 0.05
7221 6132 0.05
7221 6723 0.05
7221 7421 0.05
7221 7422 0.05
7221 7423 0.05
7224 5178 0.2
7224 7143 0.05
7224 7418 0.01
7224 7419 0.01
7224 7420 0.05
7226 349 0.2
7226 351 0.2
7226 354 0.01
7226 428 0.01
7226 532 0.01
7226 823 0.2
7226 1220 0.01
7226 1558 0.01
7226 1586 0.05
7226 3198 0.01
7231 260 0.05
7231 2506 0.01
7231 2767 0.05
7231 2883 0.05
7231 5354 0.05
7231 6926 0.05
7231 7311 0.05
7231 7425 0.05
7232 174 0.05
7232 452 0.05
7232 866 0.2
7232 1091 0.01
7232 3592 0.01
7232 4411 0.2
7232 5090 0.01
7232 5745 0.05
7232 6359 0.2
7232 6989 0.2
7235 1828 0.2
7235 2781 0.05
7235 4339 0.01
7235 5802 0.01
7235 6657 0.2
7235 6830 0.05
7235 7426 0.2
7235 7427 0.05
7235 7428 0.05
7235 7429 0.01
7236 1266 0.05
7236 2552 0.2
7236 2679 0.2
7236 3732 0.01
7236 4590 0.05
7236 4744 0.01
7236 5627 0.05
7236 6704 0.01
7236 7062 0.01
7236 7442 0.2
7237 69 0.2
7237 990 0.2
7237 1700 0.01
7237 4235 0.05
7237 6096 0.01
7237 7430 0.05
7237 7431 0.2
7237 7432 0.05
7237 7433 0.01
7237 7434 0.01
7238 51 0.2
7238 150 0.01
7238 3176 0.05
7238 4464 0.01
7238 5073 0.2
7238 5378 0.01
7238 6683 0.01
7238 7312 0.01
7238 7435 0.05
7238 7436 0.2
7239 2211 0.05
7239 3088 0.2
7239 3366 0.01
7239 4642 0.05
7239 4655 0.05
7239 5881 0.05
7239 6260 0.2
7239 7437 0.05
7239 7438 0.2
7239 7439 0.2
7240 804 0.05
7240 834 0.05
7240 1349 0.01
7240 2999 0.2
7240 3566 0.01
7240 4571 0.05
7240 6139 0.01
7240 7098 0.05
7240 7440 0.2
7240 7441 0.01
7241 76 0.05
7241 205 0.2
7241 344 0.05
7241 459 0.05
7241 494 0.2
7241 542 0.2
7241 610 0.05
7241 614 0.01
7241 787 0.01
7241 1035 0.2
7241 1214 0.2
7241 1696 0.05
7241 2762 0.2
7241 4294 0.05
7241 4753 0.01
7241 5099 0.01
7241 5178 0.2
7241 5460 0.05
7241 5679 0.01
7241 5708 0.01
7241 5775 0.05
7241 5998 0.01
7241 6017 0.05
7241 7194 0.05
7241 7443 0.01
7241 7444 0.01
7241 7445 0.05
7241 7446 0.2
7243 443 0.01
7243 1630 0.05
7243 1914 0.2
7243 5360 0.05
7243 6418 0.01
7243 7447 0.01
7243 7448 0.2
7243 7449 0.2
7243 7450 0.2
7243 7451 0.05
7247 1003 0.01
7247 2830 0.01
7247 3925 0.2
7247 4014 0.2
7247 4220 0.05
7247 4254 0.05
7247 6622 0.2
7247 7050 0.2
7247 7406 0.01
7247 7452 0.05
7249 78 0.05
7249 88 0.2
7249 91 0.05
7249 94 0.05
7249 356 0.05
7249 564 0.05
7249 751 0.2
7249 837 0.01
7249 1365 0.05
7249 1821 0.05
7252 790 0.01
7252 996 0.05
7252 3590 0.01
7252 4307 0.2
7252 4313 0.2
7252 5004 0.05
7252 6257 0.01
7252 6265 0.01
7252 7462 0.01
7252 7463 0.2
7253 1177 0.01
7253 1356 0.05
7253 3070 0.05
7253 4000 0.01
7253 4349 0.01
7253 5977 0.01
7253 7458 0.2
7253 7459 0.01
7253 7460 0.01
7253 7461 0.2
7254 821 0.05
7254 1023 0.05
7254 2490 0.2
7254 3140 0.05
7254 6047 0.01
7254 6917 0.2
7254 7446 0.05
7254 7455 0.01
7254 7456 0.05
7254 7457 0.05
7256 1427 0.2
7256 2462 0.2
7256 3953 0.05
7256 5200 0.01
7256 5998 0.05
7256 7428 0.01
7256 7434 0.05
7256 7467 0.2
7256 7468 0.2
7256 7469 0.2
7257 3254 0.2
7258 1509 0.01
7260 182 0.01
7260 306 0.05
7260 1539 0.01
7260 1717 0.05
7260 3358 0.01
7260 5314 0.2
7260 7261 0.2
7260 7470 0.01
7260 7471 0.2
7260 7472 0.2
7265 1030 0.05
7265 1265 0.2
7265 1477 0.2
7265 2308 0.01
7265 3372 0.05
7265 4222 0.01
7265 5109 0.2
7265 7014 0.05
7265 7124 0.05
7270 2213 0.01
7271 387 0.2
7271 2414 0.01
7271 2442 0.01
7271 2629 0.01
7271 4669 0.05
7271 5002 0.2
7271 7123 0.2
7271 7209 0.2
7271 7473 0.01
7271 7474 0.2
7272 1116 0.2
7272 3720 0.2
7272 4132 0.01
7272 5002 0.2
7272 5576 0.01
7272 6005 0.05
7272 6488 0.2
7272 6537 0.01
7272 7324 0.2
7272 7476 0.2
7273 94 0.05
7273 507 0.2
7273 1654 0.01
7273 2950 0.2
7273 3541 0.01
7273 4095 0.01
7273 7275 0.05
7273 7477 0.2
7273 7478 0.05
7273 7479 0.05
7282 494 0.2
7282 1685 0.05
7282 2134 0.01
7282 2761 0.2
7282 3480 0.01
7282 4985 0.05
7282 5895 0.05
7282 6240 0.01
7282 7139 0.01
7282 7480 0.01
7284 49 0.05
7284 509 0.05
7284 1207 0.01
7284 1438 0.2
7284 1440 0.01
7284 2308 0.05
7284 2660 0.05
7284 6095 0.01
7284 6308 0.01
7284 7481 0.2
7285 2532 0.05
7285 3082 0.2
7285 3941 0.2
7285 5981 0.2
7285 7324 0.01
7285 7327 0.05
7285 7418 0.05
7285 7482 0.01
7285 7483 0.05
7285 7484 0.01
7286 1724 0.2
7289 877 0.2
7289 1481 0.2
7289 1609 0.05
7289 2005 0.01
7289 2089 0.05
7289 2463 0.01
7289 2829 0.05
7289 3708 0.2
7289 5333 0.05
7289 7428 0.05
7291 1438 0.01
7291 2220 0.05
7291 2728 0.2
7291 2827 0.05
7291 3709 0.05
7291 4889 0.01
7291 5625 0.01
7291 6412 0.01
7291 6844 0.05
7291 7267 0.01
7291 7288 0.01
7291 7564 0.05
7291 7970 0.01
7294 1702 0.01
7297 599 0.2
7297 646 0.05
7297 881 0.05
7297 3723 0.01
7297 4093 0.05
7297 4627 0.01
7297 5841 0.05
7297 6062 0.2
7297 6567 0.01
7297 7489 0.2
7298 306 0.2
7298 435 0.05
7298 458 0.01
7298 1288 0.05
7298 4898 0.2
7298 7257 0.05
7298 7485 0.01
7298 7486 0.2
7298 7487 0.05
7298 7488 0.05
7299 1909 0.05
7299 7581 0.05
7299 7582 0.01
7300 6018 0.05
7301 626 0.05
7301 1537 0.2
7301 2476 0.01
7301 2642 0.05
7301 5870 0.01
7301 7490 0.01
7301 7491 0.05
7301 7492 0.05
7301 7493 0.2
7301 7494 0.2
7304 792 0.2
7304 2411 0.01
7304 3586 0.05
7304 4910 0.2
7304 5957 0.05
7304 6160 0.01
7304 7113 0.2
7304 7249 0.05
7304 7349 0.05
7311 807 0.2
7311 1522 0.01
7311 1660 0.2
7311 5755 0.05
7311 6633 0.05
7311 6752 0.01
7311 6769 0.05
7311 7312 0.05
7311 7496 0.05
7311 7497 0.01
7312 617 0.2
7312 2144 0.05
7312 2396 0.01
7312 2614 0.2
7312 2626 0.01
7312 3827 0.05
7312 5360 0.2
7312 7498 0.2
7312 7499 0.05
7324 15 0.05
7324 745 0.05
7324 1308 0.05
7324 2698 0.2
7324 3349 0.2
7324 4755 0.2
7324 5676 0.01
7324 6350 0.05
7324 7500 0.05
7324 7501 0.05
7327 3664 0.01
7327 5455 0.01
7327 6019 0.01
7327 7259 0.05
7327 7505 0.01
7327 7506 0.2
7327 7507 0.05
7327 7508 0.05
7327 7509 0.01
7327 7510 0.01
7328 177 0.01
7328 475 0.05
7328 1346 0.01
7328 1400 0.2
7328 1534 0.2
7328 2904 0.01
7328 3272 0.01
7328 4411 0.01
7328 4790 0.01
7328 5284 0.01
7328 6396 0.2
7328 7102 0.2
7328 7410 0.2
7328 7511 0.01
7328 7512 0.01
7328 7513 0.05
7330 310 0.05
7330 7518 0.05
7330 7519 0.05
7330 7520 0.2
7330 7521 0.01
7330 7522 0.2
7330 7523 0.01
7330 7524 0.2
7330 7525 0.01
7330 7526 0.05
7330 7527 0.2
7330 7528 0.2
7330 7529 0.01
7330 7530 0.01
7330 7531 0.2
7330 7532 0.05
7330 7533 0.05
7330 7534 0.2
7330 7535 0.05
7330 7536 0.2
7330 7537 0.05
7330 7538 0.01
7330 7539 0.01
7330 7540 0.2
7330 7541 0.05
7330 7542 0.01
7330 7543 0.05
7330 7544 0.01
7330 7545 0.05
7330 7546 0.2
7330 7547 0.05
7330 7548 0.2
7330 7549 0.05
7330 7550 0.2
7330 7551 0.2
7330 7552 0.2
7331 1504 0.05
7331 1899 0.05
7331 2141 0.05
7331 2938 0.01
7331 3059 0.05
7331 4193 0.05
7331 4411 0.01
7331 6121 0.2
7331 6628 0.2
7331 7160 0.2
7333 356 0.2
7334 166 0.05
7334 1399 0.01
7334 1709 0.01
7334 2829 0.2
7334 2948 0.2
7334 3957 0.05
7334 5991 0.01
7334 6673 0.2
7334 7514 0.2
7334 7515 0.01
7337 636 0.05
7337 1342 0.2
7337 1947 0.2
7337 2641 0.2
7337 3433 0.05
7337 3549 0.01
7337 4485 0.01
7337 5608 0.05
7337 7475 0.01
7338 7517 0.2
7339 276 0.01
7339 1461 0.01
7339 1899 0.01
7339 2576 0.2
7339 3590 0.2
7339 3677 0.05
7339 3905 0.05
7339 6174 0.01
7339 7553 0.05
7341 567 0.05
7341 1223 0.01
7341 2202 0.05
7341 4421 0.01
7341 4516 0.01
7341 6337 0.01
7341 7344 0.2
7341 7558 0.2
7341 7559 0.01
7343 150 0.2
7343 176 0.01
7343 350 0.2
7343 708 0.05
7343 751 0.2
7343 2373 0.2
7343 5434 0.01
7343 7555 0.2
7343 7556 0.01
7343 7557 0.01
7344 1159 0.2
7344 2338 0.2
7344 2518 0.05
7344 3310 0.01
7344 3587 0.05
7344 4223 0.05
7344 4611 0.01
7344 5069 0.05
7344 6096 0.05
7344 7554 0.01
7347 1275 0.2
7347 3671 0.2
7347 5681 0.01
7347 7006 0.01
7347 7560 0.01
7347 7561 0.05
7347 7562 0.2
7347 7563 0.2
7347 7564 0.05
7347 7565 0.2
7350 447 0.01
7350 1685 0.2
7350 1840 0.2
7350 3028 0.05
7350 3479 0.01
7350 5926 0.01
7350 7566 0.2
7350 7567 0.05
7350 7568 0.01
7350 7569 0.05
7351 54 0.05
7351 90 0.05
7351 530 0.05
7351 679 0.01
7351 836 0.2
7351 2626 0.05
7351 3198 0.05
7351 3342 0.2
7351 3816 0.01
7351 7570 0.2
7353 2501 0.01
7353 7607 0.05
7353 7608 0.01
7357 535 0.2
7357 2320 0.2
7357 3608 0.01
7357 7288 0.2
7357 7573 0.2
7360 247 0.05
7360 1330 0.05
7360 1618 0.05
7360 2607 0.2
7360 2754 0.2
7360 3484 0.2
7360 4509 0.05
7360 4924 0.2
7360 7356 0.05
7360 7571 0.2
7361 7572 0.01
7362 751 0.2
7362 1126 0.05
7362 1656 0.2
7362 2482 0.01
7362 2717 0.01
7362 2847 0.01
7362 2915 0.05
7362 2916 0.2
7362 2917 0.05
7364 268 0.2
7364 3274 0.01
7364 4041 0.2
7364 7042 0.05
7364 7466 0.01
7364 7574 0.2
7364 7575 0.01
7364 7576 0.2
7364 7577 0.05
7364 7578 0.2
7365 6113 0.01
7370 244 0.05
7370 251 0.05
7370 279 0.01
7370 652 0.05
7370 2460 0.05
7370 3271 0.05
7370 3352 0.05
7370 5714 0.01
7370 7579 0.01
7370 7580 0.05
7371 150 0.05
7371 352 0.05
7371 354 0.01
7371 356 0.05
7371 531 0.2
7371 563 0.2
7371 679 0.05
7371 1558 0.2
7371 1586 0.01
7371 2144 0.2
7373 89 0.2
7373 90 0.01
7373 91 0.2
7373 93 0.2
7373 95 0.01
7373 350 0.01
7373 705 0.01
7373 837 0.2
7373 1558 0.2
7373 1656 0.2
7375 783 0.2
7375 3175 0.05
7375 4815 0.01
7375 6508 0.05
7375 7112 0.01
7383 495 0.01
7383 1393 0.05
7383 1724 0.05
7383 2736 0.05
7383 3103 0.01
7383 6769 0.05
7383 7145 0.01
7383 7588 0.01
7383 7589 0.2
7383 7590 0.2
7385 1835 0.05
7385 2504 0.05
7385 4042 0.01
7385 5215 0.01
7385 5608 0.05
7385 6442 0.05
7385 7384 0.01
7385 7439 0.05
7385 7591 0.05
7385 7592 0.01
7386 1160 0.2
7386 1180 0.05
7386 2879 0.01
7386 3308 0.01
7386 4490 0.01
7386 5688 0.01
7386 6982 0.05
7386 7593 0.05
7386 7594 0.01
7386 7595 0.2
7389 51 0.05
7389 78 0.01
7389 150 0.2
7389 530 0.01
7389 533 0.05
7389 703 0.05
7389 836 0.2
7389 1042 0.05
7389 1309 0.01
7389 3151 0.05
7396 471 0.05
7396 507 0.2
7396 701 0.01
7396 781 0.01
7396 1063 0.05
7396 1167 0.05
7396 1214 0.2
7396 3492 0.2
7396 7444 0.05
7396 7452 0.2
7401 930 0.01
7401 3174 0.01
7401 3288 0.01
7401 3583 0.05
7401 3614 0.05
7401 4673 0.05
7401 4935 0.2
7401 5827 0.01
7401 7330 0.05
7401 7596 0.2
7402 1019 0.2
7402 1375 0.2
7402 1741 0.01
7402 3014 0.01
7402 3205 0.05
7402 3790 0.2
7402 4137 0.01
7402 7597 0.05
7402 7598 0.05
7402 7599 0.05
7403 30 0.01
7403 102 0.05
7403 459 0.01
7403 1479 0.05
7403 1647 0.05
7403 2117 0.05
7403 2597 0.05
7403 4721 0.2
7403 4783 0.2
7403 5002 0.01
7404 889 0.2
7404 1382 0.05
7404 1830 0.05
7404 2035 0.05
7404 3260 0.01
7404 5912 0.05
7404 6256 0.2
7404 7600 0.2
7404 7601 0.05
7404 7602 0.05
7405 162 0.2
7405 1187 0.2
7405 1331 0.05
7405 3943 0.01
7405 5316 0.05
7405 7112 0.01
7405 7370 0.2
7405 7603 0.01
7405 7604 0.05
7405 7605 0.01
7406 384 0.01
7406 495 0.01
7406 1420 0.01
7406 2177 0.05
7406 2332 0.01
7406 4270 0.2
7406 5099 0.01
7406 7259 0.01
7406 7606 0.2
7407 4736 0.01
7407 4778 0.01
7407 5993 0.01
7407 7500 0.2
7407 7609 0.05
7407 7610 0.01
7407 7611 0.2
7407 7612 0.01
7407 7613 0.01
7408 353 0.2
7408 356 0.2
7408 752 0.05
7408 1005 0.05
7408 1639 0.05
7408 1701 0.01
7408 3534 0.05
7408 4436 0.01
7408 4631 0.2
7409 87 0.05
7409 214 0.05
7409 790 0.05
7409 2735 0.01
7409 3378 0.2
7409 3449 0.05
7409 5109 0.2
7409 6852 0.01
7409 7619 0.05
7409 7620 0.05
7411 723 0.01
7411 1033 0.2
7411 2833 0.05
7411 3447 0.2
7411 3521 0.05
7411 4568 0.05
7411 5216 0.2
7411 7616 0.2
7411 7617 0.05
7411 7618 0.01
7412 803 0.01
7412 3274 0.05
7412 3803 0.05
7412 4037 0.2
7412 4232 0.01
7412 4969 0.05
7412 6264 0.01
7412 7202 0.2
7412 7623 0.01
7412 7624 0.05
7413 1453 0.05
7413 2856 0.01
7413 3402 0.2
7413 3885 0.05
7413 4325 0.01
7413 4888 0.05
7413 5603 0.2
7413 7325 0.05
7413 7614 0.05
7413 7615 0.05
7416 328 0.01
7416 1586 0.2
7416 1902 0.05
7416 2191 0.05
7416 3591 0.2
7416 6441 0.05
7416 7109 0.05
7416 7249 0.05
7416 7621 0.05
7416 7622 0.2
7422 69 0.05
7422 127 0.01
7422 556 0.05
7422 3053 0.01
7422 3221 0.05
7422 4756 0.2
7422 6266 0.01
7422 7343 0.01
7422 7628 0.05
7422 7629 0.01
7426 1616 0.01
7426 3202 0.05
7426 3602 0.01
7426 3990 0.2
7426 4339 0.2
7426 6838 0.2
7426 6940 0.05
7426 7293 0.05
7426 7434 0.2
7426 7625 0.01
7429 3839 0.2
7430 256 0.01
7432 4105 0.01
7440 737 0.05
7440 1097 0.01
7440 3490 0.2
7440 3729 0.05
7440 4861 0.01
7440 5068 0.01
7440 6802 0.2
7440 6933 0.2
7440 7626 0.2
7440 7627 0.2
7441 89 0.05
7441 270 0.05
7441 975 0.01
7441 1265 0.05
7441 2008 0.05
7441 2062 0.05
7441 3182 0.2
7441 4753 0.2
7441 5240 0.2
7441 7178 0.05
7443 7630 0.05
7444 78 0.2
7444 79 0.01
7444 352 0.01
7444 356 0.05
7444 531 0.05
7444 679 0.05
7444 836 0.05
7444 1220 0.01
7444 1557 0.05
7444 2144 0.05
7445 2602 0.01
7445 2762 0.05
7445 3075 0.01
7445 3369 0.01
7445 3457 0.01
7445 5314 0.2
7445 5679 0.01
7445 7444 0.2
7445 7631 0.2
7445 7632 0.05
7450 287 0.01
7450 452 0.01
7450 1149 0.2
7450 1223 0.05
7450 1763 0.01
7450 5039 0.05
7450 5215 0.05
7450 6630 0.05
7450 7637 0.01
7450 7638 0.01
7451 336 0.01
7451 539 0.01
7451 2075 0.2
7451 2157 0.2
7451 6366 0.01
7451 7163 0.2
7451 7440 0.2
7451 7639 0.05
7451 7640 0.05
7451 7641 0.2
7452 531 0.01
7452 534 0.2
7452 649 0.05
7452 752 0.01
7452 822 0.01
7452 824 0.2
7452 1126 0.01
7452 1365 0.2
7452 1389 0.2
7452 3151 0.05
7453 795 0.2
7453 994 0.01
7453 2523 0.01
7453 5046 0.05
7453 5297 0.01
7453 6512 0.2
7453 7061 0.2
7453 7310 0.05
7453 7646 0.01
7453 7647 0.05
7456 313 0.05
7456 443 0.2
7456 3397 0.01
7456 4392 0.2
7456 5134 0.2
7456 7210 0.01
7456 7654 0.05
7456 7655 0.01
7456 7656 0.2
7456 7657 0.05
7458 2084 0.2
7458 2374 0.05
7458 5612 0.01
7458 7112 0.01
7458 7648 0.2
7458 7649 0.05
7458 7650 0.2
7458 7651 0.2
7458 7652 0.2
7458 7653 0.01
7464 2274 0.2
7464 2835 0.05
7464 3706 0.2
7464 4041 0.2
7464 4916 0.01
7464 4950 0.05
7464 5977 0.2
7464 6108 0.01
7464 6900 0.01
7464 7658 0.01
7467 2296 0.2
7468 1748 0.2
7468 1958 0.2
7468 2442 0.05
7468 2794 0.2
7468 5049 0.05
7468 5168 0.05
7468 5772 0.01
7468 7435 0.05
7468 7659 0.2
7468 7660 0.05
7469 1741 0.01
7474 1378 0.05
7474 2187 0.2
7474 2285 0.05
7474 2941 0.01
7474 3715 0.01
7474 4061 0.05
7474 7391 0.01
7474 7664 0.01
7474 7665 0.01
7474 7666 0.05
7477 803 0.2
7477 1712 0.2
7477 2213 0.01
7477 4182 0.05
7477 5455 0.05
7477 6246 0.05
7477 7266 0.01
7477 7661 0.01
7477 7662 0.2
7477 7663 0.01
7482 1289 0.01
7482 2184 0.01
7482 2505 0.01
7482 2928 0.2
7482 5717 0.01
7482 6348 0.2
7482 7020 0.01
7482 7591 0.05
7482 7670 0.05
7482 7671 0.05
7483 1743 0.2
7483 2829 0.05
7483 7667 0.01
7483 7668 0.05
7483 7669 0.05
7488 1063 0.05
7488 2118 0.01
7488 2216 0.2
7488 3992 0.05
7488 4472 0.01
7488 6099 0.01
7488 7672 0.05
7488 7673 0.01
7488 7674 0.2
7488 7675 0.05
7491 1520 0.05
7491 1701 0.05
7491 2300 0.2
7491 3431 0.01
7491 3883 0.05
7491 4559 0.2
7491 5039 0.01
7491 5753 0.05
7491 5804 0.01
7491 7676 0.01
7492 1929 0.2
7492 3103 0.2
7492 4157 0.01
7492 6216 0.05
7492 6313 0.2
7492 6452 0.2
7492 7677 0.2
7492 7678 0.2
7492 7679 0.05
7492 7680 0.2
7495 7685 0.01
7503 7681 0.01
7504 171 0.01
7504 2268 0.05
7504 2883 0.05
7504 7001 0.2
7504 7682 0.2
7505 757 0.05
7505 3192 0.05
7505 3641 0.05
7505 4830 0.01
7505 5841 0.01
7505 6787 0.2
7505 7692 0.05
7505 7693 0.01
7505 7694 0.05
7505 7695 0.01
7506 7729 0.01
7508 528 0.05
7508 577 0.2
7508 3283 0.01
7508 4390 0.05
7508 4481 0.01
7508 4606 0.05
7508 4947 0.05
7508 5626 0.2
7508 7035 0.05
7508 7308 0.01
7509 723 0.2
7509 798 0.05
7509 1932 0.05
7509 3641 0.2
7509 4964 0.05
7509 5683 0.05
7509 5896 0.05
7509 6047 0.2
7509 7324 0.05
7509 7683 0.2
7511 1442 0.01
7511 1840 0.2
7511 2066 0.01
7511 4258 0.2
7511 4421 0.01
7511 6724 0.01
7511 6944 0.05
7511 7109 0.05
7511 7482 0.2
7511 7684 0.01
7515 2536 0.01
7515 6465 0.05
7515 7686 0.2
7515 7687 0.05
7515 7688 0.01
7515 7689 0.2
7515 7690 0.01
7515 7691 0.05
7517 618 0.05
7517 888 0.2
7517 1265 0.05
7517 5841 0.2
7517 7581 0.01
7517 7655 0.2
7517 7671 0.01
7517 7696 0.2
7517 7697 0.05
7517 7698 0.2
7554 847 0.05
7554 1827 0.01
7554 4833 0.01
7554 6826 0.2
7554 7025 0.05
7554 7699 0.05
7554 7700 0.01
7554 7701 0.2
7554 7702 0.05
7554 7703 0.2
7559 297 0.01
7559 844 0.05
7559 1731 0.05
7559 3456 0.01
7559 6900 0.01
7559 7650 0.2
7559 7708 0.01
7559 7709 0.01
7559 7710 0.05
7559 7711 0.05
7560 1619 0.05
7561 1568 0.05
7561 3553 0.01
7561 4519 0.2
7561 4673 0.01
7561 4942 0.2
7561 5714 0.01
7561 6652 0.05
7561 7494 0.2
7561 7706 0.01
7561 7707 0.05
7562 1316 0.05
7562 2376 0.05
7562 4751 0.2
7562 5212 0.05
7562 6155 0.2
7562 6635 0.01
7562 6760 0.2
7562 6804 0.2
7562 6901 0.01
7567 57 0.2
7567 623 0.01
7567 2522 0.05
7567 3180 0.05
7567 3644 0.2
7567 4499 0.2
7567 7361 0.05
7567 7712 0.01
7567 7713 0.01
7567 7714 0.05
7568 300 0.2
7568 405 0.01
7568 716 0.05
7568 996 0.01
7568 997 0.2
7568 3597 0.01
7568 7293 0.01
7568 7565 0.05
7568 7720 0.2
7568 7721 0.2
7573 2602 0.2
7573 3343 0.01
7573 3917 0.01
7573 4667 0.2
7573 7715 0.2
7573 7716 0.2
7573 7717 0.05
7573 7718 0.2
7573 7719 0.01
7575 7722 0.01
7576 7728 0.01
7577 1898 0.05
7578 333 0.01
7578 1589 0.05
7578 3086 0.01
7578 3706 0.2
7578 4899 0.01
7578 4916 0.01
7578 6012 0.2
7578 6829 0.05
7578 7005 0.01
7584 3029 0.01
7584 3291 0.2
7584 4828 0.01
7584 7726 0.2
7584 7727 0.05
7590 121 0.01
7590 1254 0.05
7590 2630 0.2
7590 3031 0.05
7590 3765 0.2
7590 4165 0.01
7590 6024 0.2
7590 7602 0.01
7590 7723 0.2
7590 7724 0.01
7591 415 0.01
7591 628 0.2
7591 1958 0.05
7591 4358 0.2
7591 4445 0.2
7591 6532 0.2
7591 6852 0.05
7591 7669 0.01
7591 7725 0.2
7594 429 0.2
7594 1625 0.01
7594 2631 0.01
7594 6942 0.2
7594 7583 0.01
7594 7730 0.01
7594 7731 0.05
7594 7732 0.05
7594 7733 0.01
7595 7734 0.05
7596 5398 0.05
7597 51 0.05
7597 94 0.2
7597 150 0.2
7597 349 0.2
7597 352 0.2
7597 356 0.2
7597 704 0.01
7597 1074 0.05
7597 1558 0.01
7597 2451 0.01
7598 5893 0.2
7604 1557 0.01
7604 5071 0.2
7604 5896 0.01
7604 6502 0.01
7604 6857 0.2
7604 6862 0.2
7604 6968 0.2
7604 7282 0.01
7604 7629 0.01
7604 7737 0.01
7606 1147 0.05
7606 1676 0.05
7606 1954 0.05
7606 1964 0.01
7606 4313 0.2
7606 4786 0.2
7606 6704 0.2
7606 7307 0.05
7606 7735 0.2
7606 7736 0.2
7613 61 0.05
7613 233 0.01
7613 990 0.05
7613 1018 0.2
7613 1206 0.01
7613 1377 0.01
7613 1539 0.05
7613 5313 0.2
7613 7738 0.01
7613 7739 0.2
7616 15 0.2
7616 541 0.2
7616 1459 0.05
7616 1799 0.01
7616 1984 0.05
7616 2908 0.2
7616 7432 0.01
7616 7740 0.2
7616 7741 0.05
7616 7742 0.05
7617 1146 0.01
7618 158 0.01
7618 775 0.05
7618 2078 0.01
7618 2501 0.01
7618 4126 0.2
7618 4364 0.01
7618 7743 0.01
7618 7744 0.05
7618 7745 0.05
7618 7746 0.01
7621 2366 0.01
7625 220 0.01
7625 2251 0.05
7625 2700 0.01
7625 2868 0.01
7625 3425 0.05
7625 3586 0.05
7625 7654 0.01
7625 7747 0.2
7625 7748 0.05
7626 533 0.01
7626 752 0.01
7626 1074 0.01
7626 1389 0.05
7626 1617 0.01
7626 2879 0.05
7626 4592 0.01
7626 6728 0.01
7626 7281 0.01
7626 7749 0.05
7629 51 0.05
7629 79 0.01
7629 93 0.05
7629 352 0.05
7629 353 0.01
7629 354 0.01
7629 565 0.2
7629 822 0.01
7629 825 0.2
7629 1041 0.01
7632 4559 0.05
7632 4915 0.01
7632 5218 0.2
7632 5841 0.01
7632 7224 0.01
7632 7602 0.2
7632 7718 0.05
7632 7757 0.05
7632 7758 0.2
7632 7759 0.2
7633 1609 0.05
7633 2477 0.2
7633 4202 0.05
7633 4578 0.01
7633 5009 0.01
7633 5571 0.05
7633 5841 0.2
7633 7234 0.2
7633 7766 0.2
7633 7767 0.05
7635 51 0.05
7635 353 0.2
7635 356 0.2
7635 702 0.05
7635 823 0.01
7635 826 0.05
7635 905 0.2
7635 3603 0.05
7635 4356 0.2
7635 7764 0.01
7639 54 0.01
7639 89 0.01
7639 90 0.01
7639 356 0.01
7639 387 0.05
7639 428 0.01
7639 704 0.01
7639 706 0.2
7639 826 0.2
7639 1365 0.01
7641 1600 0.01
7641 2363 0.01
7641 2800 0.05
7641 3279 0.01
7641 5536 0.05
7641 7760 0.2
7641 7761 0.05
7641 7762 0.01
7641 7763 0.01
7642 626 0.2
7642 1525 0.2
7642 2416 0.01
7642 5049 0.01
7642 6198 0.05
7642 6478 0.01
7642 7275 0.05
7642 7576 0.01
7642 7696 0.01
7642 7765 0.05
7644 42 0.05
7644 549 0.2
7644 2086 0.01
7644 2833 0.05
7644 3166 0.05
7644 5655 0.2
7644 6026 0.01
7644 6032 0.2
7644 7768 0.2
7644 7769 0.01
7647 63 0.01
7647 757 0.01
7647 919 0.2
7647 1495 0.2
7647 2530 0.01
7647 6169 0.2
7647 7770 0.2
7647 7771 0.05
7647 7772 0.2
7647 7773 0.01
7649 1299 0.2
7649 3745 0.05
7649 4114 0.2
7649 4598 0.01
7649 5575 0.01
7649 6997 0.2
7649 7669 0.05
7649 7779 0.05
7649 7780 0.01
7649 7781 0.01
7650 599 0.2
7650 908 0.2
7650 1085 0.2
7650 2771 0.05
7650 4389 0.01
7650 5977 0.2
7650 6276 0.05
7650 6350 0.2
7650 7774 0.2
7652 4172 0.2
7653 54 0.05
7653 78 0.05
7653 350 0.2
7653 704 0.2
7653 706 0.01
7653 824 0.05
7653 826 0.2
7653 1309 0.2
7653 4737 0.05
7653 4860 0.2
7655 7778 0.01
7656 209 0.01
7656 917 0.2
7656 1063 0.05
7656 3406 0.2
7656 4077 0.01
7656 5093 0.05
7656 7727 0.05
7656 7775 0.01
7656 7776 0.01
7656 7777 0.2
7660 889 0.01
7660 990 0.05
7660 1439 0.01
7660 1830 0.05
7660 1927 0.05
7660 2171 0.2
7660 4606 0.05
7660 6108 0.01
7660 7782 0.2
7660 7783 0.2
7661 7784 0.05
7664 126 0.01
7664 166 0.01
7664 397 0.05
7664 1054 0.2
7664 3136 0.05
7664 3665 0.01
7664 5037 0.01
7664 5625 0.01
7664 6943 0.01
7664 7785 0.2
7665 2941 0.2
7665 6502 0.2
7665 7832 0.05
7665 7833 0.2
7666 5334 0.2
7668 646 0.05
7668 1920 0.01
7668 2121 0.2
7668 4483 0.01
7668 4627 0.05
7668 6641 0.2
7668 7787 0.2
7668 7788 0.2
7668 7789 0.2
7668 7790 0.05
7669 15 0.01
7669 2837 0.2
7669 4114 0.01
7669 4811 0.05
7669 5579 0.2
7669 6478 0.05
7669 7271 0.2
7669 7421 0.05
7669 7786 0.01
7671 4074 0.05
7673 1712 0.05
7673 3579 0.05
7673 3627 0.01
7673 7119 0.2
7673 7396 0.2
7673 7662 0.2
7673 7791 0.2
7673 7792 0.01
7673 7793 0.01
7678 930 0.01
7678 1743 0.05
7678 2756 0.2
7678 3473 0.01
7678 5699 0.2
7678 7109 0.2
7678 7476 0.2
7678 7663 0.05
7678 7781 0.2
7678 7834 0.2
7678 7835 0.2
7680 251 0.01
7680 5988 0.01
7680 6018 0.05
7680 6645 0.01
7680 7059 0.05
7680 7325 0.05
7680 7378 0.05
7680 7948 0.01
7680 7949 0.01
7680 7950 0.05
7681 288 0.05
7681 858 0.2
7681 1881 0.05
7681 2266 0.2
7681 4235 0.2
7681 6339 0.01
7681 6502 0.05
7681 7593 0.01
7681 7721 0.05
7681 7795 0.2
7682 2050 0.2
7682 2303 0.01
7682 3218 0.05
7682 3250 0.01
7682 5584 0.01
7682 6415 0.05
7682 7063 0.01
7682 7796 0.01
7682 7797 0.01
7682 7798 0.2
7689 5037 0.01
7692 602 0.01
7692 6018 0.01
7692 6787 0.05
7692 7836 0.01
7692 7837 0.05
7692 7838 0.01
7693 1743 0.01
7693 4992 0.05
7693 5505 0.01
7693 5699 0.01
7693 6135 0.01
7693 7231 0.01
7693 7663 0.05
7693 7678 0.2
7693 7781 0.2
7693 7803 0.2
7699 1198 0.2
7699 2559 0.01
7699 4947 0.05
7699 7343 0.2
7699 7585 0.01
7699 7804 0.2
7699 7805 0.01
7699 7806 0.2
7701 1710 0.2
7701 3343 0.01
7701 5212 0.2
7701 6041 0.01
7701 6262 0.05
7701 6635 0.2
7701 6664 0.05
7701 7756 0.2
7701 7807 0.01
7701 7808 0.05
7703 2205 0.2
7703 3192 0.05
7703 3571 0.2
7703 3825 0.2
7703 7406 0.05
7703 7699 0.05
7703 7809 0.05
7703 7810 0.2
7703 7811 0.2
7703 7812 0.01
7708 1030 0.2
7708 1397 0.2
7708 2731 0.05
7708 3976 0.2
7708 4131 0.2
7708 5159 0.2
7708 5249 0.05
7708 7505 0.2
7708 7813 0.01
7708 7814 0.01
7712 615 0.01
7712 623 0.01
7712 1463 0.2
7712 2522 0.05
7712 4726 0.05
7712 6198 0.01
7712 6687 0.2
7712 7319 0.05
7712 7361 0.2
7712 7660 0.05
7713 549 0.2
7713 955 0.01
7713 1378 0.05
7713 2734 0.2
7713 2965 0.2
7713 7419 0.01
7713 7474 0.01
7713 7815 0.01
7713 7816 0.05
7713 7817 0.05
7714 1016 0.05
7714 2077 0.05
7714 3638 0.05
7714 5559 0.05
7714 5850 0.2
7714 6198 0.05
7714 6627 0.01
7714 7620 0.05
7714 7818 0.2
7714 7819 0.01
7718 1 0.2
7718 1302 0.2
7718 2532 0.05
7718 3115 0.01
7718 3606 0.05
7718 6239 0.05
7718 7301 0.2
7718 7741 0.05
7718 7820 0.01
7718 7821 0.2
7723 225 0.01
7723 1101 0.2
7723 1467 0.2
7723 4318 0.05
7723 7145 0.05
7723 7822 0.01
7723 7823 0.2
7723 7824 0.01
7723 7825 0.05
7723 7826 0.2
7727 479 0.2
7727 2781 0.05
7727 3040 0.01
7727 7396 0.05
7727 7827 0.01
7727 7828 0.01
7727 7829 0.01
7727 7830 0.05
7727 7831 0.2
7730 2612 0.01
7730 4511 0.2
7730 7037 0.05
7730 7842 0.05
7730 7843 0.01
7730 7844 0.01
7730 7845 0.2
7730 7846 0.01
7731 313 0.01
7731 1502 0.2
7731 2575 0.2
7731 2811 0.01
7731 5527 0.01
7731 7660 0.01
7731 7795 0.2
7731 7839 0.2
7731 7840 0.2
7731 7841 0.01
7733 7855 0.01
7735 1298 0.01
7735 2083 0.05
7735 2151 0.2
7735 4621 0.01
7735 7656 0.2
7735 7774 0.2
7735 7849 0.01
7735 7850 0.2
7735 7851 0.01
7738 1151 0.05
7738 1464 0.05
7738 3099 0.05
7738 4188 0.2
7738 4559 0.05
7738 6169 0.2
7738 6919 0.01
7738 7202 0.01
7738 7847 0.05
7738 7848 0.01
7740 1224 0.05
7740 1301 0.2
7740 2411 0.05
7740 3084 0.2
7740 3505 0.2
7740 5804 0.2
7740 6689 0.01
7740 7859 0.01
7740 7860 0.05
7740 7861 0.01
7745 1743 0.05
7745 2298 0.2
7745 2411 0.2
7745 3169 0.05
7745 7276 0.2
7745 7754 0.01
7745 7852 0.05
7745 7853 0.01
7745 7854 0.01
7748 7869 0.01
7749 306 0.05
7749 939 0.05
7749 1022 0.05
7749 1314 0.2
7749 2361 0.01
7749 4730 0.2
7749 6633 0.01
7749 6935 0.01
7749 7042 0.2
7749 7356 0.01
7751 54 0.05
7751 428 0.01
7751 530 0.01
7751 704 0.01
7751 836 0.05
7751 837 0.2
7751 1389 0.01
7751 1557 0.01
7751 2592 0.01
7751 7856 0.05
7753 522 0.01
7753 590 0.2
7753 689 0.01
7753 1086 0.01
7753 3717 0.01
7753 4241 0.01
7753 4776 0.05
7753 5588 0.01
7753 7857 0.01
7753 7858 0.2
7754 71 0.05
7754 1395 0.05
7754 2726 0.2
7754 3168 0.2
7754 4446 0.2
7754 6169 0.05
7754 6835 0.01
7754 7866 0.01
7754 7867 0.2
7754 7868 0.2
7756 1438 0.05
7756 1604 0.05
7756 2358 0.01
7756 2406 0.2
7756 2881 0.01
7756 5002 0.2
7756 6262 0.01
7756 7593 0.2
7756 7864 0.2
7756 7865 0.2
7757 35 0.05
7757 582 0.01
7757 963 0.01
7757 1506 0.01
7757 1863 0.2
7757 2224 0.01
7757 4332 0.2
7757 5827 0.01
7757 7873 0.01
7757 7874 0.01
7761 351 0.05
7761 352 0.01
7761 354 0.01
7761 387 0.2
7761 531 0.05
7761 533 0.01
7761 563 0.01
7761 565 0.2
7761 1074 0.01
7761 3151 0.05
7762 717 0.01
7762 1897 0.2
7762 2883 0.2
7762 6112 0.2
7762 6192 0.05
7762 6418 0.05
7762 6699 0.01
7762 7870 0.05
7762 7871 0.2
7762 7872 0.2
7763 31 0.2
7763 153 0.05
7763 438 0.01
7763 1840 0.05
7763 3066 0.05
7763 3486 0.2
7763 3557 0.2
7763 6198 0.2
7763 7876 0.2
7763 7877 0.01
7765 7878 0.2
7766 1685 0.01
7768 505 0.01
7768 1489 0.2
7768 2213 0.01
7768 2300 0.05
7768 3698 0.05
7768 4498 0.01
7768 5928 0.2
7768 6461 0.05
7768 7261 0.2
7768 7875 0.01
7770 888 0.01
7770 4314 0.01
7772 606 0.01
7774 51 0.05
7774 353 0.05
7774 355 0.05
7774 428 0.05
7774 534 0.01
7774 679 0.05
7774 706 0.2
7774 823 0.01
7774 824 0.2
7774 1557 0.05
7777 256 0.01
7777 952 0.2
7777 1375 0.01
7777 2883 0.01
7777 3050 0.2
7777 3283 0.01
7777 6374 0.01
7777 6656 0.01
7777 7238 0.05
7777 7879 0.01
7780 297 0.05
7780 888 0.05
7780 990 0.01
7780 2815 0.05
7780 3012 0.2
7780 3059 0.05
7780 3478 0.01
7780 4052 0.01
7780 6292 0.05
7780 7237 0.05
7783 353 0.05
7783 622 0.05
7783 1884 0.01
7783 3110 0.01
7783 5897 0.2
7783 6402 0.05
7783 7880 0.2
7783 7881 0.05
7783 7882 0.05
7783 7883 0.01
7787 1369 0.2
7787 2478 0.01
7787 2756 0.05
7787 3837 0.01
7787 4586 0.2
7787 6263 0.05
7787 6413 0.05
7787 7139 0.2
7787 7889 0.01
7787 7890 0.05
7789 1803 0.01
7789 1902 0.2
7789 2607 0.01
7789 6970 0.01
7789 7259 0.05
7789 7625 0.05
7789 7662 0.2
7789 7680 0.05
7789 7884 0.2
7789 7885 0.2
7791 311 0.2
7791 1704 0.05
7791 2520 0.05
7791 4029 0.2
7791 7593 0.01
7791 7696 0.2
7791 7886 0.05
7791 7887 0.2
7791 7888 0.05
7793 570 0.01
7793 696 0.2
7793 915 0.05
7793 3671 0.05
7793 4483 0.01
7793 4621 0.2
7793 5440 0.05
7793 7888 0.01
7793 7902 0.05
7793 7903 0.05
7795 4593 0.2
7795 4680 0.01
7795 4829 0.2
7795 5453 0.2
7795 7135 0.05
7795 7612 0.2
7795 7891 0.01
7795 7892 0.01
7795 7893 0.01
7795 7894 0.2
7799 7897 0.01
7800 92 0.05
7800 613 0.01
7800 1146 0.05
7800 1590 0.01
7800 1803 0.01
7800 4529 0.05
7800 5185 0.05
7800 5398 0.2
7800 7895 0.01
7800 7896 0.05
7801 3603 0.05
7801 4919 0.2
7801 5395 0.05
7801 6263 0.05
7801 6792 0.05
7801 7880 0.05
7801 7898 0.05
7801 7899 0.2
7801 7900 0.2
7801 7901 0.01
7803 3584 0.01
7803 5418 0.01
7803 5468 0.05
7803 5684 0.05
7803 6102 0.2
7803 6429 0.05
7803 7013 0.01
7803 7360 0.01
7803 7904 0.05
7803 7905 0.2
7804 3968 0.05
7806 4042 0.2
7807 176 0.01
7807 466 0.01
7807 484 0.01
7807 528 0.01
7807 2154 0.05
7807 2420 0.05
7807 3968 0.2
7807 4955 0.01
7807 5977 0.2
7807 6829 0.05
7809 351 0.01
7809 1055 0.2
7809 1345 0.2
7809 2041 0.2
7809 4571 0.05
7809 5732 0.01
7809 5895 0.01
7809 7101 0.01
7809 7228 0.01
7809 7907 0.05
7812 144 0.05
7812 145 0.05
7812 1917 0.2
7812 1948 0.2
7812 2902 0.2
7812 3180 0.01
7812 4027 0.2
7812 5251 0.2
7812 5543 0.2
7812 7906 0.01
7813 572 0.2
7813 1461 0.01
7813 2173 0.05
7813 2551 0.2
7813 3464 0.2
7813 3897 0.2
7813 7402 0.01
7813 7908 0.01
7814 171 0.05
7814 1337 0.05
7814 2128 0.05
7814 3554 0.05
7814 4303 0.2
7814 6963 0.2
7814 7261 0.01
7814 7914 0.01
7814 7915 0.01
7814 7916 0.01
7815 54 0.05
7815 238 0.01
7815 1149 0.2
7815 1564 0.01
7815 2301 0.01
7815 3291 0.05
7815 4286 0.01
7815 6305 0.2
7815 7912 0.2
7815 7913 0.2
7818 562 0.05
7818 661 0.05
7818 2518 0.05
7818 2616 0.01
7818 3471 0.01
7818 3679 0.01
7818 4019 0.05
7818 4715 0.01
7818 5291 0.01
7818 5454 0.2
7828 1764 0.2
7828 1787 0.01
7828 2824 0.01
7828 3741 0.01
7828 4753 0.05
7828 5398 0.01
7828 7044 0.2
7828 7360 0.2
7828 7917 0.05
7828 7918 0.05
7831 1471 0.01
7831 2162 0.2
7831 2254 0.01
7831 5841 0.05
7831 7396 0.05
7831 7918 0.2
7831 7919 0.01
7831 7920 0.2
7831 7921 0.01
7831 7922 0.2
7833 7930 0.2
7836 15 0.05
7836 176 0.2
7836 264 0.05
7836 268 0.01
7836 1011 0.2
7836 5111 0.2
7836 5344 0.2
7836 6040 0.05
7836 7923 0.01
7836 7924 0.01
7837 175 0.05
7837 1212 0.2
7837 1535 0.2
7837 2073 0.01
7837 4753 0.01
7837 4986 0.2
7837 7908 0.2
7837 7925 0.2
7837 7926 0.05
7837 7927 0.01
7838 7113 0.2
7843 7928 0.05
7844 452 0.01
7844 589 0.01
7844 1509 0.2
7844 2202 0.2
7844 2268 0.01
7844 4232 0.05
7844 5464 0.2
7844 6574 0.05
7844 7668 0.01
7845 444 0.05
7845 1169 0.01
7845 1609 0.05
7845 2661 0.2
7845 3050 0.2
7845 3138 0.2
7845 3377 0.05
7845 3716 0.2
7845 6401 0.01
7845 7124 0.2
7855 7929 0.2
7862 1205 0.2
7862 1403 0.05
7862 1453 0.2
7862 2076 0.01
7862 2803 0.2
7862 4267 0.01
7862 5168 0.2
7862 6003 0.05
7862 7937 0.2
7862 7938 0.01
7863 212 0.2
7863 1438 0.05
7863 3302 0.2
7863 7054 0.01
7863 7281 0.2
7863 7370 0.05
7863 7456 0.05
7863 7885 0.2
7863 7931 0.2
7863 7932 0.2
7865 79 0.05
7865 93 0.2
7865 96 0.05
7865 349 0.2
7865 353 0.01
7865 354 0.05
7865 565 0.05
7865 822 0.01
7865 1389 0.01
7865 1656 0.2
7866 352 0.05
7866 507 0.2
7866 1000 0.01
7866 3652 0.01
7866 5477 0.2
7866 6688 0.2
7866 7776 0.05
7866 7939 0.2
7866 7940 0.2
7866 7941 0.05
7868 950 0.2
7868 1156 0.05
7868 3081 0.2
7868 5121 0.2
7868 7891 0.05
7869 885 0.01
7869 2162 0.2
7869 2717 0.05
7869 2728 0.05
7869 4392 0.05
7869 7312 0.05
7869 7428 0.05
7869 7720 0.01
7869 7933 0.2
7869 7934 0.2
7870 63 0.05
7870 559 0.01
7870 780 0.01
7870 2545 0.2
7870 4027 0.2
7870 4223 0.2
7870 4852 0.2
7870 6401 0.05
7870 7942 0.2
7870 7943 0.2
7872 1509 0.05
7872 2277 0.05
7872 2328 0.01
7872 4461 0.01
7872 5171 0.05
7872 6478 0.2
7872 6779 0.2
7872 7282 0.05
7872 7935 0.2
7872 7936 0.01
7873 7647 0.05
7876 194 0.01
7876 1111 0.05
7876 3347 0.01
7876 4245 0.2
7876 6026 0.2
7876 6905 0.05
7876 7742 0.2
7876 7907 0.01
7876 7944 0.01
7876 7945 0.01
7879 8006 0.05
7881 790 0.01
7883 1952 0.2
7883 2745 0.01
7883 3472 0.2
7883 3666 0.01
7883 4194 0.2
7883 6525 0.2
7883 6656 0.01
7883 7946 0.2
7883 7947 0.2
7884 5522 0.01
7885 79 0.01
7885 95 0.2
7885 150 0.01
7885 530 0.01
7885 563 0.2
7885 752 0.2
7885 1074 0.01
7885 1126 0.2
7885 1586 0.2
7885 1821 0.05
7886 1132 0.01
7886 2021 0.05
7886 2332 0.01
7886 3475 0.05
7886 4970 0.2
7886 5014 0.01
7886 6112 0.05
7886 6745 0.01
7886 6923 0.2
7886 7648 0.01
7889 3313 0.2
7889 3397 0.01
7889 3816 0.01
7889 3825 0.2
7889 5918 0.2
7889 6412 0.01
7889 6488 0.05
7889 6671 0.05
7889 7389 0.2
7889 7951 0.2
7890 232 0.2
7890 1189 0.01
7890 1625 0.01
7890 2213 0.05
7890 2242 0.01
7890 2987 0.05
7890 4801 0.01
7890 7102 0.05
7890 7952 0.05
7892 1952 0.2
7896 2379 0.05
7896 2758 0.05
7896 2762 0.01
7896 2833 0.05
7896 5819 0.2
7896 6943 0.2
7896 7259 0.01
7896 7444 0.05
7896 7953 0.01
7896 7954 0.2
7897 3235 0.05
7898 1 0.05
7898 15 0.01
7898 3081 0.05
7898 4286 0.2
7898 6051 0.05
7898 7304 0.2
7898 7955 0.01
7898 7956 0.2
7898 7957 0.01
7902 452 0.05
7902 469 0.05
7902 1369 0.01
7902 1472 0.01
7902 2938 0.05
7902 3381 0.2
7902 5745 0.2
7902 7130 0.01
7902 7301 0.2
7902 7691 0.05
7905 2366 0.05
7905 2374 0.05
7905 2859 0.01
7905 3417 0.2
7905 5539 0.01
7905 6390 0.2
7905 7674 0.01
7905 7958 0.2
7905 7959 0.01
7907 2524 0.05
7908 603 0.2
7908 1205 0.05
7908 1386 0.01
7908 2679 0.01
7908 4137 0.05
7908 5253 0.05
7908 5566 0.01
7908 5925 0.01
7908 6752 0.05
7908 7960 0.2
7909 1214 0.2
7909 1564 0.2
7909 1718 0.05
7909 1916 0.05
7909 2640 0.01
7909 3711 0.05
7909 6534 0.01
7909 7291 0.2
7909 7966 0.05
7909 7967 0.01
7911 324 0.2
7911 1799 0.2
7911 1801 0.2
7911 2332 0.05
7911 4264 0.2
7911 4592 0.01
7911 6688 0.2
7911 6771 0.05
7911 7969 0.2
7911 7970 0.2
7912 2493 0.2
7912 6032 0.05
7912 7971 0.2
7912 7972 0.01
7912 7973 0.05
7912 7974 0.2
7912 7975 0.05
7912 7976 0.2
7912 7977 0.05
7912 7978 0.01
7914 942 0.05
7914 1525 0.2
7914 3667 0.05
7914 5697 0.01
7914 5802 0.2
7914 7979 0.2
7914 7980 0.01
7914 7981 0.01
7914 7982 0.01
7914 7983 0.01
7919 1057 0.01
7919 1341 0.05
7919 2162 0.01
7919 2675 0.05
7919 3008 0.01
7919 3837 0.2
7919 3890 0.01
7919 5084 0.2
7919 7984 0.01
7919 7985 0.05
7920 967 0.05
7920 1678 0.05
7920 6328 0.05
7920 6900 0.01
7920 7215 0.2
7920 7919 0.05
7920 7986 0.05
7920 7987 0.01
7920 7988 0.01
7926 636 0.05
7926 871 0.01
7927 157 0.01
7927 1159 0.05
7927 1356 0.01
7927 1562 0.01
7927 2315 0.05
7927 2537 0.2
7927 4722 0.05
7927 6726 0.2
7927 7098 0.2
7927 7992 0.05
7928 1018 0.2
7928 1836 0.01
7928 3586 0.2
7928 3815 0.01
7928 4553 0.01
7928 4783 0.05
7928 4863 0.01
7928 5588 0.05
7928 7995 0.05
7929 155 0.2
7929 452 0.05
7929 1393 0.05
7929 3448 0.05
7929 5688 0.2
7929 6911 0.2
7929 7485 0.01
7929 7989 0.2
7929 7990 0.05
7929 7991 0.2
7930 7424 0.01
7930 8018 0.2
7931 272 0.01
7931 1260 0.2
7931 1695 0.01
7931 1801 0.2
7931 2704 0.01
7931 3535 0.01
7931 3863 0.2
7931 7344 0.01
7931 7993 0.05
7931 7994 0.05
7932 542 0.2
7933 407 0.2
7933 2761 0.05
7933 4586 0.01
7933 6012 0.2
7933 6305 0.2
7933 6985 0.05
7933 8000 0.01
7933 8001 0.2
7933 8002 0.05
7935 1055 0.05
7935 4052 0.05
7935 4222 0.01
7935 4987 0.2
7935 6478 0.05
7935 6838 0.05
7935 7043 0.01
7935 7781 0.05
7935 7803 0.05
7935 7996 0.01
7937 4745 0.2
7938 7997 0.2
7941 1764 0.2
7941 2447 0.2
7941 2824 0.01
7941 3088 0.05
7941 3213 0.05
7941 3511 0.2
7941 3697 0.05
7941 4718 0.05
7941 7998 0.2
7941 7999 0.05
7942 905 0.05
7942 2794 0.05
7942 2941 0.05
7942 6750 0.05
7942 7388 0.05
7942 7862 0.2
7942 7923 0.05
7942 7963 0.05
7942 8004 0.05
7942 8005 0.05
7943 151 0.01
7943 1604 0.05
7943 2116 0.05
7943 2256 0.2
7943 2941 0.2
7943 2944 0.05
7943 3686 0.2
7943 6712 0.2
7943 7756 0.2
7943 8003 0.2
7946 528 0.05
7946 2507 0.01
7946 2745 0.01
7946 3302 0.05
7946 3428 0.2
7946 4715 0.01
7946 6988 0.2
7946 8007 0.2
7946 8008 0.2
7947 1360 0.2
7947 1481 0.2
7947 2084 0.01
7947 2289 0.2
7947 2911 0.05
7947 3992 0.01
7947 4461 0.2
7947 5937 0.01
7947 6361 0.05
7947 8011 0.2
7955 420 0.01
7955 2765 0.01
7955 2880 0.2
7955 3772 0.05
7955 3902 0.05
7955 5287 0.01
7955 6472 0.05
7955 6796 0.2
7955 7840 0.05
7955 8014 0.01
7956 745 0.2
7956 2202 0.2
7956 2721 0.01
7956 2964 0.05
7956 3621 0.2
7956 5539 0.01
7956 7204 0.05
7956 8015 0.01
7956 8016 0.01
7956 8017 0.2
7959 209 0.05
7959 808 0.05
7959 2221 0.01
7959 2374 0.2
7959 6105 0.01
7959 6494 0.2
7959 8019 0.01
7959 8020 0.01
7965 9 0.01
7965 425 0.01
7965 636 0.2
7965 1555 0.05
7965 1598 0.05
7965 1695 0.2
7965 5703 0.01
7965 7259 0.05
7965 7615 0.2
7965 8021 0.01
7967 776 0.05
7967 2710 0.05
7967 3214 0.01
7967 4641 0.01
7967 5118 0.05
7967 7044 0.05
7967 7807 0.2
7967 8022 0.01
7967 8023 0.01
7969 231 0.05
7969 1447 0.05
7969 1505 0.01
7969 1748 0.2
7969 3729 0.01
7969 3791 0.2
7969 5811 0.05
7969 6418 0.05
7969 7679 0.05
7969 8035 0.05
7970 2464 0.2
7970 6925 0.05
7970 7321 0.05
7970 8025 0.05
7970 8026 0.05
7970 8027 0.05
7970 8028 0.05
7970 8029 0.01
7970 8030 0.05
7971 961 0.05
7971 1342 0.05
7971 2435 0.01
7971 3659 0.2
7971 5118 0.2
7971 5340 0.05
7971 5504 0.01
7971 6032 0.01
7971 6232 0.05
7971 8024 0.05
7973 1532 0.05
7973 1718 0.05
7973 3786 0.05
7973 4949 0.05
7973 5905 0.2
7973 7681 0.2
7973 8031 0.05
7973 8032 0.2
7973 8033 0.05
7973 8034 0.05
7976 79 0.05
7976 351 0.01
7976 534 0.05
7976 679 0.01
7976 826 0.01
7976 1041 0.2
7976 1557 0.2
7976 2592 0.01
7976 3198 0.2
7976 4737 0.2
7977 1720 0.01
7977 2151 0.05
7977 4316 0.01
7977 4338 0.01
7977 4680 0.2
7977 5418 0.05
7977 5526 0.2
7977 7953 0.05
7977 8043 0.05
7977 8044 0.2
7978 353 0.01
7978 530 0.01
7978 534 0.01
7978 649 0.2
7978 751 0.2
7978 822 0.2
7978 836 0.01
7978 1041 0.05
7978 1365 0.01
7978 1656 0.05
7984 8048 0.01
7987 218 0.2
7987 2202 0.05
7987 5694 0.2
7987 6066 0.05
7987 7160 0.01
7987 7929 0.2
7987 8036 0.01
7987 8037 0.05
7987 8038 0.05
7988 78 0.05
7988 90 0.2
7988 91 0.05
7988 350 0.01
7988 428 0.05
7988 825 0.2
7988 826 0.2
7988 836 0.01
7988 2592 0.05
7988 4356 0.2
7989 166 0.01
7989 257 0.01
7989 602 0.05
7989 1151 0.2
7989 6018 0.01
7989 7794 0.05
7989 8039 0.01
7989 8040 0.01
7989 8041 0.2
7989 8042 0.01
7990 2661 0.05
7990 5925 0.01
7990 6488 0.01
7990 8046 0.05
7990 8047 0.2
7992 114 0.01
7992 484 0.2
7992 835 0.2
7992 5195 0.2
7992 6383 0.05
7992 7326 0.2
7992 7428 0.2
7992 8012 0.01
7992 8050 0.2
7992 8051 0.01
7993 1395 0.2
7993 1878 0.2
7993 1884 0.01
7993 3086 0.2
7993 3210 0.2
7993 3229 0.01
7993 4660 0.05
7993 5627 0.05
7993 5955 0.2
7993 8049 0.01
7997 1456 0.01
7997 2768 0.05
7997 3099 0.05
7997 3659 0.01
7997 5337 0.05
7997 5745 0.01
7997 5811 0.01
7997 6829 0.2
7997 8052 0.01
7997 8053 0.01
7999 78 0.01
7999 91 0.2
7999 95 0.01
7999 96 0.01
7999 532 0.01
7999 751 0.05
7999 1389 0.05
7999 2592 0.01
7999 3198 0.05
7999 5524 0.2
8001 1862 0.01
8005 633 0.05
8005 1309 0.2
8005 1411 0.2
8005 2083 0.01
8005 3899 0.2
8005 7377 0.2
8005 7755 0.05
8005 7836 0.01
8005 8054 0.05
8012 2124 0.01
8012 3132 0.05
8012 6266 0.2
8012 6966 0.2
8012 6972 0.05
8012 7046 0.01
8012 7629 0.05
8012 8061 0.05
8012 8062 0.05
8012 8063 0.01
8015 807 0.05
8015 1799 0.05
8015 1907 0.2
8015 2150 0.01
8015 2719 0.2
8015 3857 0.05
8015 7679 0.01
8015 8056 0.01
8015 8057 0.2
8017 354 0.01
8017 844 0.01
8017 1042 0.01
8017 1720 0.2
8017 2827 0.2
8017 4409 0.01
8017 4559 0.2
8017 4667 0.2
8017 6018 0.2
8017 8058 0.05
8020 616 0.05
8020 1393 0.2
8020 1399 0.05
8020 4432 0.2
8020 5165 0.2
8020 5539 0.01
8020 6663 0.05
8020 6750 0.05
8020 7434 0.01
8020 8060 0.2
8021 564 0.2
8023 90 0.01
8023 91 0.05
8023 95 0.05
8023 563 0.01
8023 565 0.05
8023 837 0.01
8023 1074 0.01
8023 1365 0.2
8023 1389 0.05
8023 1586 0.01
8024 51 0.2
8024 351 0.01
8024 355 0.01
8024 530 0.01
8024 531 0.05
8024 534 0.2
8024 649 0.2
8024 822 0.2
8024 1041 0.2
8024 1074 0.2
8026 2650 0.05
8026 2748 0.01
8034 2322 0.2
8036 866 0.2
8036 3274 0.01
8036 5009 0.2
8036 8067 0.2
8036 8068 0.01
8038 6156 0.2
8048 380 0.01
8048 1659 0.05
8048 2041 0.05
8048 2211 0.05
8048 3274 0.01
8048 4680 0.01
8048 6104 0.2
8048 7293 0.01
8048 7331 0.05
8048 8069 0.05
8049 540 0.2
8049 2551 0.2
8049 2759 0.2
8049 3920 0.05
8049 4502 0.05
8049 5160 0.2
8049 6249 0.01
8049 6919 0.05
8049 8070 0.05
8050 1278 0.2
8050 2852 0.01
8050 3401 0.05
8050 4198 0.05
8050 4861 0.2
8050 5739 0.2
8050 6487 0.01
8050 7434 0.01
8050 8071 0.2
8050 8072 0.2
8052 40 0.05
8052 820 0.01
8052 3880 0.05
8052 4148 0.05
8052 4220 0.01
8052 5716 0.01
8052 6062 0.01
8052 6209 0.01
8052 6691 0.01
8052 7633 0.2
8053 118 0.05
8053 1198 0.05
8053 1865 0.2
8053 2872 0.01
8053 3688 0.05
8053 4910 0.05
8053 6513 0.05
8053 6902 0.01
8053 8073 0.2
8053 8074 0.05
8054 264 0.01
8054 1314 0.01
8054 1956 0.05
8054 2294 0.2
8054 2733 0.01
8054 5028 0.2
8054 7183 0.2
8054 7575 0.05
8054 7762 0.05
8054 8075 0.2
8056 2148 0.2
8056 2756 0.01
8056 2794 0.2
8056 4358 0.05
8056 4789 0.01
8056 5577 0.05
8056 7757 0.01
8056 8076 0.05
8056 8077 0.2
8062 584 0.2
8062 589 0.01
8062 1355 0.01
8062 1438 0.05
8062 1803 0.05
8062 5604 0.05
8062 6492 0.05
8062 6694 0.05
8062 7770 0.05
8062 8078 0.05
8063 1852 0.05
8063 1956 0.05
8063 2118 0.01
8063 3579 0.05
8063 3704 0.01
8063 4282 0.01
8063 6837 0.2
8063 7706 0.01
8063 7748 0.2
8063 8079 0.2
8065 4648 0.2
8067 66 0.05
8067 145 0.05
8067 257 0.01
8067 1400 0.2
8067 3547 0.05
8067 3945 0.05
8067 4792 0.05
8067 6361 0.05
8067 8080 0.2
8067 8081 0.01
8070 544 0.05
8070 2547 0.2
8070 2695 0.01
8070 2759 0.2
8070 2827 0.01
8070 3688 0.05
8070 4586 0.01
8070 5258 0.01
8070 8083 0.05
8071 54 0.01
8071 356 0.05
8071 633 0.01
8071 679 0.05
8071 706 0.05
8071 2592 0.01
8071 3014 0.01
8071 4356 0.05
8071 7209 0.2
8071 8082 0.05
8073 88 0.01
8073 93 0.01
8073 355 0.01
8073 825 0.01
8073 836 0.05
8073 1126 0.2
8073 1211 0.05
8073 1493 0.05
8073 3151 0.2
8073 4860 0.2
8074 611 0.01
8074 807 0.05
8074 1276 0.01
8074 2084 0.2
8074 4361 0.05
8074 5269 0.05
8074 5433 0.05
8074 6129 0.01
8074 8087 0.05
8074 8088 0.05
8075 944 0.2
8075 2625 0.01
8075 2644 0.01
8075 2754 0.2
8075 3497 0.2
8075 4188 0.01
8075 6691 0.05
8075 8052 0.01
8075 8091 0.05
8076 234 0.05
8076 247 0.01
8076 1218 0.01
8076 2872 0.2
8076 4910 0.05
8076 5822 0.05
8076 6311 0.05
8076 7394 0.01
8076 8033 0.2
8085 501 0.2
8085 638 0.01
8085 2630 0.01
8085 6222 0.2
8085 7789 0.05
8085 7967 0.05
8085 8008 0.2
8085 8094 0.01
8085 8095 0.2
8088 1857 0.2
8088 2642 0.01
8088 6525 0.2
8088 7795 0.01
8088 7956 0.05
8088 8098 0.05
8088 8099 0.2
8088 8100 0.05
8088 8101 0.01
8088 8102 0.2
8090 622 0.2
8090 795 0.01
8090 1185 0.2
8090 4193 0.2
8090 5789 0.01
8090 7327 0.01
8090 8104 0.2
8090 8105 0.01
8090 8106 0.2
8090 8107 0.01
8093 1699 0.2
8093 2162 0.05
8093 3311 0.2
8093 4306 0.2
8093 5617 0.2
8093 6922 0.2
8093 7215 0.05
8093 7820 0.05
8093 8078 0.2
8093 8103 0.2
8099 972 0.01
8099 1606 0.01
8099 2684 0.05
8099 3407 0.05
8099 4759 0.05
8099 4929 0.01
8099 5079 0.05
8099 7056 0.2
8099 7553 0.01
8099 7896 0.01
8101 454 0.01
8101 1881 0.2
8101 3515 0.01
8106 89 0.05
8106 353 0.2
8106 533 0.2
8106 823 0.01
8106 1356 0.2
8106 1411 0.01
8106 1452 0.01
8106 2145 0.01
8106 2751 0.2
8106 8108 0.05
8108 480 0.01
8111 2885 0.01
8111 3169 0.01
8111 3405 0.05
8111 7834 0.05
8111 8113 0.01
