1 4152 0.2
1 932 0.01
2 5681 0.01
3 4152 0.2
5 4152 0.05
6 6756 0.01
7 11600 0.01
7 3585 0.01
9 12411 0.2
9 4152 0.01
10 1913 0.2
10 4152 0.2
13 4152 0.2
13 9088 0.01
15 4152 0.2
16 4152 0.05
16 476 0.01
17 4579 0.01
17 2007 0.01
17 7155 0.01
19 4152 0.01
20 4522 0.2
22 2004 0.2
22 788 0.01
22 4238 0.2
22 1084 0.01
22 6894 0.2
22 11083 0.2
22 4152 0.2
23 580 0.2
23 2498 0.05
23 1802 0.01
23 5217 0.05
23 5170 0.2
23 7793 0.05
23 1809 0.01
24 1527 0.01
24 9643 0.2
24 11434 0.05
24 9088 0.05
24 11136 0.05
24 12401 0.01
24 6508 0.01
26 8935 0.05
26 8609 0.01
26 5872 0.01
26 8512 0.05
26 4040 0.01
26 3109 0.05
26 9167 0.05
26 6041 0.2
28 3019 0.05
30 7899 0.01
31 9088 0.2
31 6128 0.05
32 8491 0.2
34 989 0.01
35 4152 0.05
36 1591 0.01
37 2387 0.2
39 884 0.05
40 1297 0.2
41 9088 0.2
42 4152 0.05
44 1686 0.2
45 234 0.01
45 9088 0.2
45 4834 0.01
46 10376 0.01
46 8472 0.2
46 12335 0.01
46 6313 0.05
46 9975 0.01
46 4152 0.01
48 4152 0.01
49 4522 0.05
50 1759 0.05
52 4152 0.05
53 8124 0.2
53 6765 0.05
54 7294 0.01
54 10702 0.05
54 2473 0.05
54 1448 0.01
54 11479 0.2
54 12407 0.05
54 3217 0.2
54 2992 0.2
54 1297 0.2
54 3109 0.01
54 4743 0.2
54 5938 0.2
54 9766 0.01
54 3890 0.2
54 2843 0.2
54 2896 0.01
54 5732 0.01
54 5272 0.05
54 7526 0.05
54 7810 0.05
54 1295 0.2
54 1138 0.2
54 3587 0.2
54 3640 0.01
54 3899 0.2
54 9009 0.05
54 8170 0.01
54 11747 0.01
54 9247 0.01
54 1016 0.05
54 795 0.05
54 11695 0.05
54 1949 0.01
54 5418 0.01
54 7943 0.2
54 4341 0.2
54 721 0.05
54 561 0.01
54 6278 0.2
54 304 0.05
54 6540 0.05
54 9185 0.2
54 8512 0.05
54 11235 0.01
54 694 0.05
54 3312 0.01
54 4991 0.01
54 1622 0.2
54 4939 0.2
54 78 0.2
54 1430 0.05
54 7025 0.2
54 1624 0.2
54 10673 0.05
54 4825 0.2
54 364 0.05
54 6094 0.05
54 9408 0.01
54 808 0.01
54 10441 0.2
54 7843 0.05
54 5297 0.01
54 9032 0.01
54 8876 0.01
54 12590 0.01
54 8983 0.2
54 11247 0.01
54 10095 0.2
55 10686 0.05
55 5872 0.2
55 3780 0.01
55 10777 0.05
55 12403 0.05
55 1898 0.2
55 4630 0.05
55 7188 0.2
56 7691 0.05
56 4841 0.2
56 11930 0.01
56 2295 0.2
56 9291 0.2
56 6236 0.01
56 3652 0.2
57 5272 0.2
59 1319 0.05
60 4152 0.2
60 11326 0.05
60 10196 0.01
60 6394 0.05
61 6887 0.05
61 6754 0.01
61 10811 0.05
61 9288 0.01
61 9088 0.2
61 5145 0.2
61 1071 0.05
61 1622 0.2
61 8917 0.01
62 4152 0.2
63 9531 0.01
64 11083 0.2
64 4214 0.05
65 6754 0.2
67 174 0.2
67 12404 0.2
67 4152 0.01
69 12213 0.01
69 5872 0.05
69 6943 0.01
69 5010 0.2
69 10199 0.2
69 8598 0.01
69 97 0.2
69 5938 0.05
69 11543 0.05
69 5732 0.01
69 831 0.01
69 12552 0.05
69 12129 0.05
69 7309 0.01
69 7256 0.01
69 1191 0.01
69 10673 0.2
69 7686 0.01
69 1663 0.01
69 12566 0.2
69 5286 0.05
69 10570 0.01
69 11233 0.2
69 8512 0.01
69 3544 0.01
69 1961 0.2
69 4217 0.05
69 1622 0.2
69 8137 0.01
69 518 0.05
69 6044 0.2
69 6094 0.2
69 4731 0.05
69 12590 0.01
69 11247 0.2
70 394 0.2
70 8935 0.2
70 8824 0.01
70 3568 0.2
70 12335 0.05
70 871 0.05
70 3469 0.2
70 9975 0.2
70 2284 0.05
70 4525 0.05
70 10782 0.2
70 5118 0.05
70 5369 0.01
70 2896 0.01
70 4701 0.01
70 7165 0.01
70 12525 0.05
70 4484 0.01
70 545 0.2
70 6996 0.2
70 2637 0.01
70 8451 0.2
70 8169 0.01
70 41 0.01
70 12376 0.01
70 3388 0.2
70 9531 0.2
70 11695 0.01
70 1409 0.01
70 9339 0.01
70 6291 0.01
70 4415 0.05
70 6128 0.01
70 4341 0.2
70 7683 0.01
70 6590 0.05
70 2357 0.2
70 561 0.05
70 7691 0.01
70 8623 0.2
70 1468 0.01
70 1757 0.2
70 1857 0.2
70 11130 0.2
70 5239 0.05
70 8568 0.01
70 4040 0.05
70 3395 0.05
70 955 0.01
70 905 0.01
70 4134 0.01
70 10850 0.2
70 1059 0.05
70 1675 0.05
70 10037 0.05
70 5554 0.05
70 191 0.05
70 11679 0.2
70 211 0.01
70 8574 0.2
70 4152 0.2
70 2605 0.2
70 9904 0.01
70 1319 0.01
70 10690 0.05
70 11043 0.2
70 3610 0.05
70 5482 0.01
70 10587 0.01
70 8875 0.01
70 9410 0.01
70 9088 0.2
70 4042 0.05
70 6782 0.01
70 10141 0.05
70 12401 0.01
70 5889 0.05
70 2283 0.05
71 6550 0.01
71 10141 0.01
72 4522 0.05
74 5319 0.2
77 12328 0.01
78 2928 0.01
78 3044 0.2
78 871 0.2
78 5482 0.01
78 9088 0.01
78 9605 0.01
78 9339 0.01
78 6128 0.05
79 9531 0.05
79 12566 0.05
80 4525 0.01
80 870 0.05
80 8772 0.01
80 4152 0.01
80 11788 0.05
81 4152 0.01
83 4152 0.05
83 9088 0.05
83 6433 0.05
84 4152 0.05
86 7514 0.05
87 3766 0.2
88 7171 0.2
88 7324 0.2
88 4152 0.2
88 11695 0.2
88 8451 0.05
89 2543 0.01
90 11151 0.01
90 11318 0.05
90 8003 0.01
90 174 0.01
90 2004 0.2
90 3481 0.2
90 766 0.2
90 5482 0.01
90 12335 0.2
90 5239 0.05
90 11326 0.01
90 12576 0.01
90 9088 0.2
90 11083 0.05
90 1622 0.2
90 4152 0.2
90 3476 0.01
90 11921 0.01
91 1383 0.2
91 173 0.01
91 174 0.01
91 320 0.01
91 3469 0.2
91 1030 0.01
91 2284 0.2
91 12602 0.01
91 7252 0.05
91 4166 0.01
91 5071 0.2
91 2735 0.01
91 3780 0.2
91 6309 0.2
91 113 0.01
91 7302 0.2
91 7576 0.01
91 11600 0.05
91 11985 0.2
91 7684 0.2
91 3592 0.2
91 796 0.2
91 6969 0.05
91 1359 0.05
91 11899 0.01
91 6278 0.2
91 2877 0.2
91 12281 0.05
91 561 0.01
91 8512 0.05
91 6432 0.05
91 1567 0.01
91 6490 0.2
91 8568 0.2
91 4619 0.05
91 8468 0.05
91 5728 0.05
91 3750 0.01
91 8869 0.01
91 7278 0.05
91 10689 0.2
91 12528 0.2
91 3254 0.01
91 10723 0.01
91 857 0.2
91 12251 0.01
91 10803 0.2
91 2358 0.05
91 760 0.01
91 1965 0.05
91 10395 0.01
91 3824 0.01
92 4154 0.05
92 8017 0.05
92 4786 0.01
92 1387 0.05
92 7412 0.2
92 2088 0.2
92 3920 0.05
92 6414 0.2
92 392 0.2
92 1525 0.2
92 2535 0.01
92 9782 0.2
92 2408 0.2
92 12388 0.05
92 2815 0.2
92 7026 0.01
92 8661 0.01
92 11713 0.05
92 10037 0.01
92 11360 0.01
92 11469 0.2
92 8875 0.2
92 6990 0.01
92 12231 0.05
92 11256 0.05
92 4152 0.2
93 4152 0.01
94 11301 0.2
95 4152 0.05
98 4152 0.01
99 10177 0.2
99 2992 0.2
99 2969 0.05
99 8383 0.2
99 12575 0.05
99 9167 0.05
99 7324 0.01
99 7779 0.01
102 12401 0.2
102 7255 0.05
103 4152 0.05
103 9088 0.01
104 4152 0.01
105 4152 0.05
106 5531 0.01
106 2062 0.2
107 4154 0.05
107 8017 0.01
107 4786 0.2
107 1387 0.05
107 2088 0.2
107 3920 0.2
107 6414 0.05
107 392 0.2
107 1525 0.01
107 2535 0.01
107 9782 0.01
107 1663 0.2
107 2408 0.01
107 4589 0.2
107 12388 0.01
107 2815 0.05
107 160 0.2
107 7026 0.2
107 92 0.01
107 8661 0.05
107 11713 0.01
107 10037 0.01
107 11360 0.05
107 11469 0.05
107 2594 0.01
107 8875 0.05
107 6990 0.01
107 12231 0.2
107 11256 0.01
107 4152 0.2
108 1622 0.01
108 8483 0.05
109 10095 0.2
110 12411 0.05
110 4152 0.2
111 2507 0.2
112 4152 0.01
112 11056 0.01
113 8935 0.01
113 174 0.01
113 2992 0.05
113 6998 0.01
113 235 0.01
113 5010 0.2
113 1579 0.05
113 4615 0.05
113 9716 0.2
113 7009 0.2
113 3217 0.01
113 7810 0.05
113 8170 0.01
113 9531 0.2
113 7394 0.01
113 10495 0.05
113 8361 0.01
113 3268 0.05
113 8173 0.01
113 2004 0.01
113 2813 0.05
113 8568 0.05
113 8755 0.05
113 7598 0.01
113 2786 0.01
113 1422 0.01
113 1622 0.2
113 4642 0.01
113 7030 0.05
113 1430 0.05
113 10736 0.05
113 3109 0.01
113 5805 0.05
113 2016 0.05
113 11921 0.2
113 11922 0.2
113 7816 0.05
113 4066 0.2
113 11326 0.2
113 11540 0.05
113 4846 0.01
113 430 0.01
113 5272 0.05
113 8609 0.01
113 8473 0.2
113 234 0.05
113 2444 0.01
113 7625 0.01
113 8031 0.2
113 6673 0.05
113 2896 0.05
113 9014 0.2
113 1633 0.05
113 2256 0.05
113 1857 0.2
113 8512 0.2
113 7641 0.01
113 7073 0.05
113 3899 0.2
113 6093 0.01
113 1515 0.05
113 2070 0.01
113 7084 0.2
113 5482 0.05
113 5297 0.01
113 7284 0.2
113 7865 0.2
113 2667 0.2
113 12534 0.2
113 9605 0.2
113 5487 0.2
113 91 0.2
113 2888 0.01
113 275 0.05
113 6709 0.05
113 672 0.01
113 4700 0.2
113 7663 0.05
113 8445 0.2
113 676 0.05
113 4701 0.2
113 12552 0.01
113 4329 0.2
113 1296 0.05
113 9433 0.2
113 4738 0.05
113 9167 0.2
113 7127 0.05
113 8088 0.05
113 1913 0.05
113 5705 0.2
113 9843 0.05
113 4728 0.2
113 1319 0.01
113 9851 0.01
113 3564 0.05
113 1527 0.2
113 8672 0.05
113 12213 0.2
113 8319 0.2
113 6961 0.01
113 9288 0.2
113 959 0.2
113 9491 0.05
113 1563 0.05
113 11855 0.2
113 10860 0.01
113 4991 0.05
113 10474 0.05
113 6978 0.01
113 11462 0.05
113 4040 0.2
113 1371 0.2
113 9084 0.2
113 4409 0.05
113 367 0.05
113 574 0.05
113 12251 0.05
113 2172 0.2
113 11049 0.01
114 6937 0.2
114 3190 0.05
114 11649 0.2
114 4209 0.01
115 4152 0.2
116 5071 0.01
116 3199 0.05
116 5916 0.2
116 7407 0.2
116 2592 0.2
116 10495 0.2
116 3362 0.05
116 10811 0.01
116 3469 0.01
116 10588 0.2
116 9088 0.05
116 11695 0.01
116 10433 0.01
116 10774 0.01
116 12411 0.01
116 4152 0.01
116 10037 0.01
116 2242 0.05
117 7641 0.2
120 4152 0.01
120 11788 0.05
121 4152 0.05
122 11636 0.2
123 5226 0.2
123 91 0.01
123 3217 0.2
123 5297 0.2
123 9851 0.05
123 1515 0.05
124 11838 0.05
124 9357 0.01
124 7584 0.01
124 3776 0.2
124 2265 0.2
124 2765 0.01
124 2283 0.01
126 9088 0.05
127 3342 0.01
127 9632 0.01
128 4152 0.2
129 4152 0.2
133 4040 0.05
134 9088 0.01
135 4152 0.2
137 9088 0.01
139 6413 0.01
140 8358 0.05
140 11246 0.01
140 679 0.05
141 1585 0.2
143 4152 0.2
144 12577 0.2
144 1814 0.2
144 5239 0.05
144 6756 0.05
145 4152 0.2
149 11597 0.2
149 4152 0.2
150 4152 0.05
151 572 0.2
151 4092 0.05
151 3211 0.01
151 7773 0.2
153 4152 0.05
153 9068 0.05
154 174 0.05
154 8055 0.01
154 3801 0.2
154 9088 0.05
154 11091 0.2
154 8681 0.05
154 6978 0.2
154 11182 0.01
154 1622 0.05
154 3253 0.05
154 5554 0.01
156 1780 0.2
156 7193 0.05
157 7249 0.01
158 4152 0.05
159 9786 0.05
159 11306 0.05
159 2039 0.2
159 5779 0.01
160 4154 0.01
160 8017 0.01
160 4786 0.01
160 1387 0.05
160 7412 0.2
160 3920 0.01
160 6414 0.2
160 392 0.01
160 12465 0.01
160 2535 0.05
160 9782 0.05
160 3080 0.05
160 2408 0.2
160 4589 0.05
160 12388 0.05
160 2815 0.01
160 7026 0.01
160 92 0.05
160 8661 0.05
160 11713 0.2
160 10037 0.2
160 11469 0.01
160 8875 0.2
160 6990 0.05
160 12231 0.05
160 11256 0.01
160 4152 0.05
161 4152 0.05
162 4152 0.05
163 8920 0.05
164 11852 0.2
164 8046 0.2
166 989 0.2
167 4152 0.2
168 4152 0.2
169 4152 0.01
170 9088 0.05
171 1562 0.01
171 8751 0.05
171 5709 0.05
171 9807 0.05
171 4410 0.01
171 6755 0.05
171 38 0.05
171 3254 0.2
171 3382 0.2
171 8158 0.05
171 11254 0.2
172 2670 0.01
172 4152 0.05
173 11259 0.01
173 8751 0.2
173 4781 0.2
173 91 0.01
173 8533 0.05
174 7972 0.2
174 4793 0.2
174 3624 0.2
174 9526 0.01
174 2398 0.01
174 4948 0.2
174 8750 0.05
174 5600 0.01
174 9538 0.05
174 8755 0.01
174 4821 0.01
174 9923 0.05
174 8003 0.05
174 11921 0.05
174 3504 0.01
174 11923 0.05
174 4836 0.05
174 819 0.05
174 4066 0.05
174 3254 0.05
174 3260 0.05
174 5629 0.05
174 10367 0.01
174 3618 0.05
174 839 0.01
174 67 0.2
174 528 0.2
174 4863 0.01
174 10376 0.05
174 7265 0.01
174 11130 0.2
174 9591 0.01
174 4152 0.2
174 1675 0.01
174 8824 0.01
174 7283 0.01
174 6504 0.01
174 8104 0.01
174 8829 0.2
174 2470 0.01
174 1683 0.01
174 90 0.01
174 11151 0.05
174 91 0.2
174 8840 0.01
174 3306 0.2
174 1200 0.01
174 9619 0.05
174 1704 0.2
174 9624 0.05
174 892 0.05
174 786 0.01
174 7324 0.2
174 4139 0.2
174 12009 0.2
174 4949 0.2
174 10442 0.01
174 5721 0.01
174 11196 0.05
174 4153 0.01
174 4166 0.2
174 8118 0.01
174 932 0.05
174 4971 0.2
174 8121 0.2
174 9673 0.05
174 1757 0.05
174 3381 0.2
174 10463 0.01
174 3388 0.01
174 6590 0.2
174 4991 0.2
174 3395 0.2
174 12057 0.01
174 1769 0.01
174 4040 0.2
174 955 0.05
174 4732 0.2
174 9699 0.2
174 9700 0.01
174 4823 0.2
174 3409 0.01
174 7369 0.05
174 10495 0.2
174 6619 0.05
174 1622 0.2
174 5019 0.05
174 191 0.01
174 10509 0.2
174 985 0.2
174 989 0.05
174 11288 0.01
174 9733 0.05
174 8963 0.05
174 6639 0.01
174 5794 0.05
174 8177 0.05
174 7474 0.2
174 4250 0.05
174 2784 0.2
174 7409 0.01
174 10533 0.05
174 211 0.01
174 11309 0.2
174 3454 0.2
174 7418 0.2
174 219 0.05
174 11318 0.2
174 8992 0.2
174 2622 0.05
174 11326 0.05
174 4005 0.05
174 5071 0.2
174 5074 0.2
174 2969 0.05
174 2016 0.05
174 239 0.01
174 9020 0.01
174 561 0.05
174 1496 0.05
174 1857 0.01
174 11351 0.05
174 6682 0.2
174 249 0.2
174 254 0.2
174 9027 0.05
174 9793 0.05
174 5620 0.01
174 11231 0.05
174 8249 0.05
174 11254 0.01
174 11375 0.05
174 9807 0.01
174 10601 0.05
174 1884 0.05
174 2692 0.05
174 5894 0.05
174 1099 0.2
174 4336 0.2
174 299 0.05
174 7494 0.2
174 11398 0.01
174 9832 0.2
174 5145 0.01
174 1913 0.01
174 8288 0.01
174 5916 0.2
174 8297 0.05
174 9088 0.05
174 9862 0.2
174 9096 0.01
174 3570 0.2
174 10357 0.05
174 12228 0.2
174 10662 0.2
174 6982 0.05
174 9877 0.05
174 3585 0.01
174 9108 0.01
174 602 0.05
174 7536 0.01
174 343 0.05
174 10675 0.2
174 7543 0.01
174 6767 0.05
174 11455 0.2
174 6771 0.2
174 8334 0.05
174 5978 0.05
174 1158 0.2
174 10690 0.2
174 10250 0.05
174 1975 0.05
174 9912 0.2
174 9142 0.2
174 10698 0.05
174 4419 0.05
174 1979 0.2
174 10701 0.05
174 10099 0.05
174 5219 0.05
174 10703 0.05
174 3266 0.01
174 6792 0.01
174 11489 0.2
174 1181 0.01
174 9931 0.05
174 11492 0.01
174 4101 0.2
174 2799 0.2
174 444 0.2
174 8361 0.01
174 2000 0.01
174 8366 0.01
174 2004 0.2
174 5239 0.05
174 4449 0.05
174 11811 0.2
174 4450 0.2
174 9958 0.2
174 6819 0.2
174 8381 0.05
174 10737 0.01
174 4460 0.01
174 1216 0.05
174 11533 0.01
174 2834 0.05
174 1224 0.01
174 4470 0.05
174 3678 0.01
174 9975 0.2
174 9980 0.2
174 5272 0.01
174 9203 0.05
174 6073 0.01
174 7768 0.01
174 3691 0.2
174 8805 0.05
174 12328 0.2
174 12335 0.01
174 10774 0.2
174 10775 0.05
174 7647 0.01
174 4808 0.01
174 2883 0.2
174 6104 0.05
174 5309 0.05
174 5310 0.05
174 11585 0.05
174 2089 0.05
174 7663 0.01
174 6331 0.01
174 490 0.05
174 2197 0.05
174 8451 0.01
174 12376 0.01
174 10028 0.05
174 6920 0.05
174 6093 0.01
174 2923 0.2
174 10037 0.2
174 519 0.2
174 6140 0.01
174 10821 0.01
174 8478 0.01
174 12398 0.2
174 10824 0.05
174 10252 0.01
174 8481 0.01
174 12401 0.01
174 1332 0.2
174 11152 0.05
174 10835 0.2
174 5361 0.2
174 12411 0.2
174 2954 0.01
174 2142 0.2
174 10068 0.05
174 3583 0.05
174 10073 0.05
174 5368 0.05
174 8504 0.2
174 12422 0.05
174 1548 0.05
174 6969 0.2
174 6178 0.2
174 11654 0.01
174 2798 0.2
174 1371 0.2
174 5385 0.01
174 8525 0.01
174 7592 0.2
174 7749 0.01
174 8305 0.05
174 6508 0.2
174 574 0.01
174 2176 0.01
174 8535 0.01
174 2180 0.01
174 2181 0.2
174 4615 0.01
174 9329 0.01
174 2196 0.01
174 6219 0.05
174 9361 0.05
174 11695 0.2
174 1405 0.2
174 9339 0.05
174 8694 0.05
174 10120 0.01
174 4633 0.01
174 8568 0.05
174 7789 0.2
174 1422 0.05
174 8574 0.2
174 615 0.05
174 6235 0.01
174 7804 0.2
174 9359 0.01
174 12489 0.05
174 10141 0.2
174 8587 0.2
174 6245 0.2
174 10147 0.01
174 11735 0.05
174 11737 0.01
174 4666 0.2
174 2248 0.01
174 3072 0.2
174 5964 0.01
174 10168 0.05
174 1468 0.01
174 11722 0.01
174 648 0.01
174 5257 0.01
174 9402 0.05
174 5482 0.2
174 6296 0.2
174 2283 0.2
174 2284 0.05
174 8630 0.05
174 10197 0.01
174 11779 0.05
174 4700 0.2
174 6304 0.05
174 10548 0.2
174 10204 0.05
174 154 0.05
174 10976 0.2
174 11788 0.2
174 9433 0.05
174 1346 0.05
174 12220 0.01
174 6003 0.2
174 12581 0.01
174 3469 0.05
174 10229 0.2
174 9447 0.05
174 706 0.2
174 8668 0.05
174 6340 0.01
174 1527 0.01
174 7923 0.01
174 8681 0.2
174 9295 0.2
174 11014 0.2
174 11015 0.01
174 7165 0.2
174 10256 0.05
174 7936 0.2
174 9480 0.01
174 1409 0.01
174 3171 0.05
174 739 0.2
174 10811 0.2
174 12531 0.05
174 4047 0.05
174 3188 0.01
174 9496 0.2
174 2367 0.05
174 5554 0.2
174 901 0.05
174 1524 0.01
174 10286 0.05
174 11870 0.05
175 2180 0.05
176 4152 0.05
177 3526 0.05
177 10119 0.2
177 3842 0.01
177 8577 0.01
177 6417 0.05
177 1337 0.05
177 9088 0.2
177 3521 0.05
177 12513 0.05
178 6540 0.2
178 2492 0.05
179 4152 0.2
180 4152 0.01
182 4152 0.05
183 3442 0.01
184 7810 0.05
186 6984 0.05
186 7072 0.05
186 5996 0.01
186 2491 0.05
186 5130 0.2
186 6808 0.01
187 9088 0.2
187 3504 0.2
187 6341 0.05
187 10402 0.05
188 4522 0.01
188 4152 0.01
189 3562 0.2
190 4152 0.05
191 9148 0.2
191 1979 0.05
191 174 0.2
191 12266 0.05
191 7898 0.01
191 6403 0.01
191 3500 0.05
191 4018 0.2
191 10703 0.01
191 3418 0.05
191 3205 0.05
191 8731 0.2
191 3427 0.05
191 1392 0.01
191 7324 0.01
191 4793 0.2
191 8734 0.2
191 7407 0.01
191 592 0.2
191 7202 0.01
191 3842 0.05
191 9931 0.2
191 7984 0.01
191 6417 0.2
191 8743 0.05
191 2446 0.01
191 8169 0.01
191 10037 0.01
191 10511 0.05
191 9531 0.01
191 11695 0.2
191 6042 0.01
191 4629 0.05
191 2806 0.2
191 8681 0.05
191 7592 0.2
191 9733 0.2
191 2004 0.05
191 6636 0.05
191 1757 0.05
191 2409 0.05
191 6755 0.01
191 8568 0.05
191 4040 0.2
191 10086 0.01
191 9624 0.05
191 4250 0.01
191 10876 0.2
191 1422 0.2
191 11492 0.2
191 7406 0.01
191 1622 0.01
191 12401 0.05
191 41 0.05
191 3866 0.05
191 11913 0.2
191 9435 0.05
191 8574 0.01
191 1818 0.05
191 2607 0.2
191 6222 0.05
191 5436 0.2
191 7430 0.2
191 8192 0.2
191 4042 0.05
191 7637 0.01
191 6056 0.05
191 6971 0.2
191 6246 0.05
191 2430 0.05
191 7613 0.05
191 4838 0.2
191 3731 0.2
191 4468 0.05
191 1831 0.05
191 2148 0.05
191 8020 0.01
191 4846 0.2
191 7147 0.01
191 6412 0.2
191 9975 0.05
191 8875 0.01
191 6438 0.05
191 3166 0.01
191 2754 0.05
191 9984 0.2
191 6073 0.05
191 4545 0.2
191 4484 0.05
191 837 0.05
191 2969 0.2
191 7625 0.2
191 9777 0.01
191 1468 0.05
191 4487 0.01
191 1237 0.01
191 12513 0.2
191 6010 0.2
191 239 0.05
191 6481 0.01
191 5646 0.05
191 7265 0.01
191 766 0.2
191 70 0.05
191 1857 0.01
191 7511 0.2
191 5239 0.01
191 249 0.05
191 12335 0.2
191 5122 0.01
191 256 0.01
191 11357 0.05
191 6093 0.05
191 4687 0.05
191 1264 0.2
191 3761 0.2
191 5482 0.05
191 8055 0.2
191 7283 0.01
191 4095 0.05
191 10012 0.2
191 4800 0.2
191 8625 0.05
191 268 0.05
191 9605 0.2
191 8913 0.2
191 10394 0.05
191 3102 0.2
191 7870 0.01
191 6508 0.2
191 6704 0.01
191 2888 0.01
191 11318 0.2
191 9558 0.2
191 12545 0.05
191 672 0.01
191 1084 0.2
191 1059 0.01
191 1087 0.05
191 1290 0.01
191 10204 0.2
191 3114 0.2
191 1472 0.01
191 11788 0.05
191 3118 0.01
191 7310 0.2
191 7311 0.05
191 8451 0.01
191 3531 0.01
191 4707 0.05
191 12376 0.01
191 10029 0.05
191 9619 0.05
191 7683 0.05
191 4336 0.05
191 3937 0.01
191 6128 0.01
191 7319 0.2
191 1901 0.05
191 7687 0.2
191 12564 0.2
191 7649 0.01
191 10982 0.01
191 1707 0.01
191 6319 0.01
191 8613 0.2
191 10117 0.05
191 12092 0.2
191 7127 0.2
191 10811 0.01
191 2098 0.05
191 12577 0.2
191 5667 0.01
191 3745 0.01
191 2393 0.05
191 4135 0.2
191 2318 0.05
191 7899 0.05
191 11326 0.05
191 8287 0.2
191 695 0.01
191 905 0.05
191 9534 0.05
191 5914 0.2
191 3751 0.2
191 7504 0.01
191 9843 0.01
191 1319 0.05
191 5569 0.05
191 4556 0.2
191 1704 0.05
191 3774 0.2
191 9088 0.05
191 5071 0.2
191 10690 0.05
191 4152 0.05
191 529 0.05
191 6149 0.01
191 6913 0.05
191 367 0.05
191 3568 0.01
191 7747 0.01
191 719 0.05
191 6349 0.2
191 8306 0.05
191 8111 0.2
191 12222 0.05
191 3772 0.2
191 3762 0.05
191 11636 0.01
191 12306 0.2
191 12546 0.05
191 7165 0.05
191 2046 0.01
191 6752 0.2
191 6996 0.2
191 10073 0.2
191 7169 0.01
191 8121 0.2
191 6756 0.2
191 9831 0.05
191 9673 0.05
191 7171 0.01
191 2532 0.2
191 1409 0.05
191 4179 0.01
191 12481 0.2
191 3383 0.01
191 10851 0.2
191 7425 0.05
191 831 0.2
191 3990 0.2
191 8132 0.2
191 1746 0.2
191 417 0.01
191 2250 0.2
191 5964 0.01
191 6590 0.2
191 351 0.2
191 11710 0.01
191 8512 0.05
191 5968 0.05
191 2470 0.01
191 4991 0.2
191 447 0.05
191 2762 0.2
191 10475 0.01
191 12476 0.01
191 5554 0.05
191 10695 0.05
191 1371 0.2
191 10480 0.05
191 2981 0.01
191 6389 0.01
191 10285 0.01
191 8526 0.2
191 3192 0.05
191 7274 0.2
191 9700 0.2
191 2172 0.05
191 6782 0.01
191 10456 0.05
191 7268 0.05
191 10900 0.05
191 11910 0.2
191 3409 0.05
191 10698 0.01
191 3618 0.05
192 5487 0.01
192 7324 0.01
192 9466 0.01
194 12436 0.2
195 4152 0.2
197 8435 0.2
197 5758 0.05
197 1319 0.2
197 3404 0.05
197 3618 0.01
197 12522 0.05
197 4990 0.01
197 4250 0.05
197 10141 0.2
197 430 0.01
197 3585 0.05
198 4152 0.05
198 10037 0.2
200 10320 0.2
202 1402 0.2
202 5958 0.05
202 2776 0.2
202 7859 0.05
202 1473 0.2
203 3254 0.05
203 1721 0.01
204 11318 0.2
204 1224 0.01
204 276 0.05
204 821 0.01
204 2389 0.2
204 4525 0.2
204 4793 0.05
204 5071 0.2
204 11015 0.01
204 6073 0.2
204 11492 0.01
204 7838 0.2
204 12376 0.05
204 10938 0.2
204 9339 0.05
204 2964 0.2
204 1468 0.05
204 5964 0.01
204 10811 0.01
204 5239 0.01
204 12335 0.01
204 4250 0.05
204 1422 0.05
204 10037 0.01
204 211 0.01
204 10480 0.01
204 7647 0.2
204 1524 0.01
204 10690 0.05
204 11043 0.05
204 5482 0.05
204 7865 0.2
204 9088 0.2
204 4042 0.2
204 2470 0.2
204 4152 0.05
206 4152 0.2
207 8080 0.2
207 5679 0.2
207 10266 0.01
208 3005 0.05
208 11311 0.2
208 2732 0.01
208 4313 0.05
208 3209 0.2
208 3967 0.05
210 8361 0.05
210 9531 0.01
210 12581 0.2
210 9286 0.05
211 5992 0.01
211 174 0.05
211 10495 0.05
211 8350 0.01
211 9715 0.05
211 2191 0.01
211 6416 0.2
211 6010 0.05
211 2398 0.2
211 9361 0.2
211 9531 0.05
211 11695 0.01
211 11087 0.05
211 9538 0.05
211 8568 0.01
211 204 0.01
211 4250 0.05
211 1622 0.01
211 12294 0.2
211 8378 0.01
211 9359 0.2
211 2016 0.2
211 8983 0.2
211 3504 0.01
211 7613 0.01
211 2622 0.05
211 3469 0.01
211 7663 0.01
211 9975 0.2
211 5071 0.01
211 3481 0.01
211 234 0.2
211 9778 0.01
211 1237 0.2
211 3691 0.01
211 1240 0.01
211 7946 0.05
211 1242 0.01
211 10168 0.2
211 326 0.01
211 9591 0.05
211 8623 0.01
211 4152 0.01
211 5482 0.2
211 9410 0.05
211 6504 0.01
211 8249 0.01
211 2283 0.2
211 7875 0.01
211 871 0.01
211 278 0.01
211 4522 0.05
211 4525 0.01
211 1884 0.2
211 3114 0.05
211 11372 0.01
211 11031 0.01
211 4336 0.05
211 7494 0.01
211 8859 0.01
211 2310 0.2
211 10811 0.05
211 6545 0.2
211 8731 0.01
211 7899 0.2
211 10037 0.01
211 5916 0.05
211 1319 0.05
211 7330 0.05
211 11772 0.2
211 9088 0.2
211 12592 0.01
211 5721 0.05
211 8104 0.2
211 3568 0.01
211 11629 0.2
211 10835 0.01
211 8681 0.2
211 10782 0.2
211 12414 0.2
211 8901 0.05
211 3788 0.05
211 9484 0.2
211 3388 0.01
211 7543 0.01
211 6590 0.05
211 9124 0.05
211 11664 0.05
211 3409 0.2
212 2265 0.01
213 4152 0.05
215 9088 0.2
217 4522 0.05
218 8737 0.01
218 10320 0.01
218 10811 0.05
218 1417 0.2
218 9698 0.01
218 9088 0.01
218 5145 0.01
218 11460 0.05
218 1071 0.2
218 1622 0.2
218 4152 0.2
218 8789 0.2
219 6258 0.2
219 2181 0.05
220 4152 0.05
221 4152 0.2
222 4152 0.2
223 811 0.05
223 2257 0.05
223 1625 0.2
223 5074 0.2
223 8237 0.05
223 3503 0.01
223 5383 0.2
223 2997 0.01
223 10588 0.2
223 2373 0.2
223 6076 0.2
223 6976 0.2
223 2649 0.01
223 5028 0.05
223 1733 0.05
223 11214 0.01
224 6660 0.05
224 1527 0.05
224 1674 0.05
224 5287 0.05
224 7625 0.05
224 574 0.2
224 2400 0.01
224 6673 0.05
224 5148 0.05
224 7324 0.05
224 8361 0.2
224 4152 0.05
224 1704 0.05
224 4701 0.01
225 3388 0.2
225 6003 0.05
225 4152 0.01
225 10698 0.01
226 4152 0.01
226 9088 0.01
226 6508 0.05
227 4152 0.01
228 4152 0.2
228 7199 0.2
229 3254 0.05
229 5129 0.01
233 4152 0.2
234 5600 0.01
234 11375 0.2
234 9463 0.2
234 4066 0.2
234 972 0.05
234 7492 0.2
234 6111 0.01
234 6811 0.05
234 4525 0.05
234 10357 0.2
234 1884 0.05
234 10204 0.2
234 11434 0.01
234 2428 0.05
234 4701 0.2
234 5071 0.05
234 7202 0.05
234 9984 0.01
234 11788 0.2
234 6961 0.2
234 24 0.01
234 10339 0.01
234 9288 0.2
234 6219 0.05
234 8319 0.01
234 3114 0.01
234 12513 0.05
234 8625 0.2
234 12132 0.05
234 592 0.01
234 1290 0.05
234 3438 0.2
234 2101 0.01
234 1346 0.05
234 242 0.2
234 1443 0.2
234 7019 0.2
234 326 0.2
234 766 0.2
234 5337 0.2
234 10220 0.01
234 9484 0.2
234 5239 0.2
234 10811 0.2
234 8568 0.05
234 3702 0.01
234 6819 0.01
234 5145 0.05
234 11629 0.2
234 254 0.05
234 10037 0.05
234 5554 0.05
234 3506 0.01
234 12294 0.01
234 1527 0.01
234 4834 0.2
234 1237 0.2
234 8384 0.05
234 45 0.01
234 11772 0.01
234 5482 0.2
234 7283 0.2
234 5053 0.01
234 9088 0.01
234 12534 0.2
234 1329 0.2
234 4152 0.01
234 3504 0.05
234 3409 0.05
235 2637 0.05
236 3618 0.05
236 4152 0.01
236 7571 0.05
236 3750 0.05
237 12297 0.2
237 7256 0.05
238 2629 0.2
238 2896 0.2
239 174 0.01
239 7875 0.01
239 6299 0.01
239 2945 0.01
239 228 0.2
239 8637 0.01
239 5172 0.2
239 1084 0.01
239 4525 0.05
239 191 0.05
239 637 0.2
239 766 0.05
239 10508 0.05
239 12376 0.2
239 3072 0.05
239 9088 0.05
239 11695 0.05
239 12513 0.01
239 11083 0.2
239 6128 0.01
239 1017 0.05
239 7543 0.05
239 5239 0.01
239 679 0.05
239 4990 0.2
239 12335 0.2
239 12577 0.2
239 10002 0.05
239 4770 0.2
239 9339 0.2
239 2784 0.05
239 3397 0.01
239 8574 0.01
239 1319 0.05
239 367 0.2
239 8625 0.01
239 7319 0.01
239 2228 0.01
239 6056 0.05
239 11921 0.01
241 5071 0.01
241 3205 0.05
241 9361 0.05
241 9088 0.05
241 4152 0.01
241 3605 0.01
242 234 0.05
242 9088 0.2
242 3469 0.05
243 4042 0.01
244 10037 0.01
247 9531 0.05
249 174 0.2
249 1224 0.2
249 8384 0.01
249 12119 0.2
249 11772 0.2
249 3205 0.2
249 1319 0.05
249 9975 0.01
249 11737 0.05
249 1884 0.2
249 11434 0.01
249 2896 0.05
249 8894 0.01
249 11386 0.05
249 10679 0.01
249 191 0.05
249 2692 0.2
249 4358 0.05
249 6754 0.2
249 2954 0.05
249 9011 0.2
249 10495 0.2
249 4152 0.05
249 2644 0.05
249 2257 0.01
249 11130 0.05
249 7183 0.01
249 8805 0.05
249 10811 0.01
249 12576 0.2
249 9720 0.05
249 5145 0.2
249 10876 0.05
249 1622 0.01
249 4365 0.05
249 7647 0.01
249 9904 0.01
249 11127 0.05
249 4454 0.2
249 1759 0.05
249 1527 0.2
249 9088 0.01
249 3409 0.05
250 9974 0.05
251 10256 0.2
252 1527 0.05
252 4152 0.01
252 6577 0.05
254 4387 0.01
254 11788 0.01
254 1707 0.2
254 1468 0.2
254 11695 0.01
254 234 0.2
254 10811 0.2
254 7283 0.01
254 6128 0.05
254 10588 0.05
254 2266 0.2
254 8361 0.2
254 5145 0.01
254 2196 0.01
254 10140 0.01
254 6327 0.01
254 6219 0.05
254 1622 0.01
254 4152 0.01
254 12411 0.2
254 4834 0.01
255 8361 0.2
256 1622 0.01
256 191 0.01
257 5341 0.2
259 4152 0.05
260 5482 0.05
260 2845 0.2
261 4152 0.2
262 12593 0.05
263 4152 0.2
264 8711 0.2
264 11468 0.2
264 4109 0.2
264 3493 0.2
265 4152 0.05
266 4152 0.2
267 8920 0.05
267 5962 0.01
267 320 0.05
267 9359 0.01
267 11207 0.05
267 11985 0.05
267 4619 0.2
267 6278 0.05
267 11254 0.05
269 9602 0.2
269 12139 0.01
270 4152 0.05
271 6280 0.2
271 7767 0.01
271 9923 0.05
271 656 0.05
271 2004 0.05
272 11015 0.01
272 239 0.01
272 6754 0.05
272 4156 0.05
272 8122 0.01
273 871 0.2
273 10529 0.01
274 4152 0.2
275 10094 0.2
275 8202 0.2
275 7585 0.05
276 7813 0.05
276 9690 0.2
276 24 0.2
276 1422 0.2
276 8935 0.01
276 8885 0.05
276 10495 0.2
276 871 0.2
276 3719 0.01
276 2435 0.05
276 3190 0.2
276 3771 0.05
276 4021 0.2
276 8681 0.01
276 7324 0.01
276 5269 0.05
276 3114 0.01
276 4701 0.05
276 6899 0.2
276 1292 0.01
276 8899 0.2
276 234 0.2
276 6754 0.01
276 7936 0.01
276 9288 0.01
276 78 0.2
276 224 0.05
276 10980 0.05
276 4537 0.2
276 9674 0.2
276 3507 0.2
276 5287 0.01
276 6621 0.05
276 11083 0.05
276 8361 0.05
276 8381 0.05
276 373 0.05
276 1704 0.05
276 3025 0.2
276 8041 0.2
276 7691 0.01
276 9068 0.2
276 2004 0.2
276 11232 0.05
276 9491 0.01
276 6984 0.05
276 5239 0.01
276 11695 0.2
276 8464 0.2
276 4042 0.05
276 11609 0.05
276 9720 0.05
276 4615 0.2
276 4770 0.2
276 9677 0.2
276 5446 0.01
276 3188 0.05
276 204 0.01
276 1770 0.2
276 4302 0.2
276 8048 0.01
276 518 0.05
276 211 0.05
276 4152 0.2
276 5148 0.2
276 1319 0.2
276 3238 0.05
276 5003 0.01
276 5805 0.2
276 7865 0.2
276 9700 0.01
276 8625 0.05
276 2016 0.2
276 10958 0.05
276 1527 0.2
276 3504 0.05
276 1944 0.01
276 5620 0.2
277 7324 0.2
277 871 0.2
277 4152 0.2
278 211 0.2
278 2124 0.01
278 9722 0.2
278 7762 0.2
278 9463 0.05
278 871 0.2
278 1319 0.05
278 3326 0.01
278 11326 0.05
278 2161 0.05
278 9088 0.01
278 98 0.01
278 316 0.05
278 4439 0.05
278 4152 0.01
278 12295 0.01
278 5554 0.01
278 4834 0.01
279 4152 0.01
281 3625 0.05
281 10811 0.01
281 9088 0.2
281 5145 0.2
281 5554 0.2
281 5066 0.2
281 1622 0.01
281 4152 0.2
281 3114 0.05
282 6781 0.2
282 12130 0.01
284 4152 0.2
285 1622 0.05
286 4152 0.01
286 4250 0.01
287 11855 0.01
287 8512 0.2
287 676 0.2
287 11922 0.01
288 8608 0.2
289 4152 0.05
290 8132 0.01
291 4152 0.05
293 11634 0.05
294 5010 0.2
295 5554 0.2
296 4152 0.01
297 4152 0.05
299 2926 0.2
299 4454 0.05
299 6405 0.2
299 10588 0.05
299 12576 0.01
299 9088 0.2
299 6976 0.01
299 11695 0.05
299 4152 0.05
299 11434 0.01
301 9088 0.05
302 3839 0.2
302 981 0.2
302 3135 0.05
302 5482 0.05
302 12284 0.05
302 6087 0.05
302 10641 0.2
302 2716 0.2
302 1118 0.05
302 4377 0.01
303 4152 0.01
304 6143 0.2
304 8568 0.01
305 3338 0.05
306 4090 0.01
306 2345 0.2
306 260 0.05
306 11075 0.05
306 6280 0.2
306 994 0.01
306 8598 0.2
306 9723 0.2
306 9145 0.01
306 7394 0.05
306 7767 0.01
306 9388 0.01
306 11543 0.05
306 2845 0.05
306 689 0.2
307 4152 0.01
308 9958 0.05
309 1757 0.01
309 8568 0.01
311 4152 0.05
312 4152 0.05
312 4592 0.01
313 4152 0.05
313 3409 0.01
314 1371 0.05
314 12552 0.2
314 9851 0.05
314 4066 0.01
314 4040 0.05
314 7810 0.01
314 1961 0.05
314 9531 0.01
314 6673 0.01
314 12403 0.05
314 1422 0.01
314 7324 0.2
314 7767 0.2
314 1527 0.05
314 4340 0.01
315 4152 0.01
316 278 0.01
317 9387 0.05
318 4152 0.05
320 5872 0.2
320 1319 0.01
320 6709 0.2
320 7810 0.05
320 4427 0.05
320 9430 0.2
320 7843 0.01
320 2730 0.01
320 7779 0.01
321 8738 0.05
322 7629 0.01
322 6180 0.01
322 7886 0.2
323 3251 0.2
324 2384 0.2
324 6235 0.2
324 10197 0.05
324 7005 0.01
324 1319 0.05
324 1884 0.01
324 2442 0.05
324 766 0.01
324 1409 0.01
324 9677 0.01
324 1857 0.05
324 4808 0.2
324 4080 0.2
324 452 0.05
324 6590 0.01
324 8568 0.01
324 9221 0.05
324 5555 0.2
324 3409 0.2
324 1318 0.01
324 9793 0.2
324 1527 0.2
324 11961 0.2
324 6128 0.01
324 9410 0.2
324 9088 0.01
324 2016 0.05
324 8531 0.05
324 4152 0.01
325 4152 0.2
326 211 0.05
326 3409 0.01
326 4836 0.2
326 1319 0.05
326 234 0.01
326 766 0.2
326 1814 0.2
326 11326 0.01
326 9975 0.2
326 9088 0.05
326 4770 0.01
326 9605 0.2
326 11182 0.2
326 9495 0.2
326 4152 0.2
326 897 0.2
326 6590 0.01
327 4152 0.05
328 4152 0.05
329 6984 0.01
330 3114 0.2
331 11554 0.05
331 7993 0.05
332 4152 0.05
333 3381 0.2
333 8609 0.01
333 6673 0.05
333 191 0.01
333 8755 0.05
334 9602 0.01
334 9784 0.2
334 3151 0.2
334 12139 0.2
334 11241 0.01
335 3654 0.2
335 2751 0.2
335 12129 0.05
336 1686 0.01
337 10495 0.01
337 4152 0.05
337 9088 0.2
337 2298 0.05
340 9531 0.2
341 8924 0.01
341 11326 0.2
342 1857 0.05
343 12025 0.2
343 739 0.05
343 174 0.2
343 2004 0.01
343 8249 0.01
343 2276 0.01
343 9167 0.2
343 4433 0.05
343 9778 0.01
343 1690 0.05
343 7810 0.01
343 9088 0.01
343 9484 0.01
343 1405 0.01
343 6003 0.05
343 1622 0.05
343 1527 0.2
343 4773 0.05
343 10037 0.2
343 3729 0.05
344 7957 0.05
344 2605 0.01
344 2783 0.2
344 4841 0.01
344 2622 0.05
344 9088 0.05
344 8618 0.01
344 5554 0.2
344 518 0.05
345 9088 0.05
347 3469 0.01
348 9088 0.05
349 10702 0.05
349 4357 0.05
349 5288 0.2
349 7603 0.05
349 4619 0.05
349 7435 0.05
351 11259 0.01
351 1383 0.05
351 10967 0.2
351 871 0.05
351 672 0.05
351 3514 0.2
351 11734 0.05
351 8013 0.01
351 4525 0.2
351 3063 0.05
351 191 0.01
351 6850 0.05
351 3121 0.2
351 1237 0.01
351 11695 0.2
351 3932 0.05
351 7213 0.05
351 1505 0.01
351 8321 0.01
351 298 0.05
351 6128 0.2
351 1468 0.05
351 4392 0.05
351 8568 0.05
351 9720 0.2
351 4250 0.2
351 4896 0.05
351 2393 0.01
351 11711 0.2
351 5754 0.05
351 10037 0.05
351 1818 0.05
351 4599 0.01
351 6733 0.2
351 1319 0.05
351 3656 0.2
351 6389 0.05
351 5482 0.05
351 5088 0.2
351 9272 0.01
351 4042 0.01
351 9651 0.2
352 10037 0.2
353 720 0.05
353 5728 0.05
353 5453 0.2
353 2893 0.2
353 9720 0.2
353 12411 0.01
353 1622 0.01
353 10608 0.01
353 3734 0.2
353 938 0.2
353 9691 0.05
353 9339 0.01
353 3764 0.01
353 452 0.01
353 1356 0.01
353 10811 0.2
353 11937 0.05
353 5145 0.05
353 9495 0.05
353 9543 0.2
353 10037 0.01
353 9595 0.2
353 2982 0.01
353 3506 0.2
353 9088 0.05
353 4152 0.05
353 11923 0.05
354 4152 0.05
355 4152 0.01
356 6151 0.2
356 6404 0.01
356 10166 0.2
356 1028 0.05
356 4152 0.05
356 10517 0.05
356 9241 0.2
357 9852 0.05
357 788 0.01
358 4152 0.01
359 8514 0.01
359 4152 0.2
360 5038 0.01
361 3199 0.05
361 4152 0.2
361 2762 0.05
363 6635 0.2
364 8512 0.01
364 5938 0.05
365 6984 0.05
366 2737 0.2
367 4793 0.05
367 6416 0.01
367 191 0.2
367 5074 0.05
367 949 0.2
367 1237 0.05
367 11695 0.01
367 6128 0.01
367 11127 0.01
367 12519 0.01
367 5409 0.05
367 5239 0.01
367 4250 0.2
367 3397 0.05
367 5383 0.01
367 5554 0.2
367 8574 0.05
367 2737 0.2
367 1319 0.05
367 10690 0.2
367 10588 0.01
367 9088 0.2
367 4152 0.2
368 4152 0.05
369 5066 0.05
370 10234 0.01
370 2349 0.2
370 760 0.2
370 4547 0.2
370 2849 0.2
370 3935 0.01
371 3234 0.05
371 4152 0.2
371 9088 0.01
371 6982 0.01
373 4152 0.01
373 9088 0.01
374 4731 0.01
377 11679 0.05
378 1527 0.01
378 9088 0.05
378 12401 0.2
381 3469 0.2
383 3857 0.05
385 174 0.05
385 5148 0.2
385 8306 0.01
385 6597 0.2
385 8512 0.01
385 7741 0.01
385 5805 0.05
385 518 0.05
385 9531 0.2
385 8589 0.2
385 7735 0.05
385 3381 0.2
385 7324 0.05
385 1527 0.05
385 4340 0.2
385 963 0.01
385 9843 0.01
387 5137 0.05
387 5721 0.2
387 8042 0.01
387 5066 0.05
388 2424 0.05
388 418 0.2
388 7898 0.2
388 10495 0.05
388 4152 0.01
388 4442 0.2
389 2582 0.2
389 6645 0.2
389 8682 0.01
390 2028 0.01
390 11540 0.05
390 9715 0.2
390 1200 0.01
390 5409 0.01
390 9203 0.2
390 5074 0.01
390 3164 0.05
390 3618 0.01
390 766 0.01
390 9671 0.05
390 12513 0.2
390 9339 0.01
390 4121 0.05
390 6128 0.2
390 1310 0.05
390 4250 0.01
390 4770 0.05
390 5798 0.01
390 5554 0.2
390 4152 0.2
390 7863 0.05
390 9088 0.01
390 1216 0.2
390 1527 0.05
391 11488 0.2
391 4564 0.2
391 1468 0.01
391 3625 0.2
391 10811 0.2
391 10792 0.01
391 12376 0.2
391 9315 0.2
391 9088 0.01
391 5145 0.01
391 5066 0.2
391 8514 0.2
391 1622 0.2
391 4152 0.2
391 3114 0.05
392 8875 0.2
394 70 0.01
394 4152 0.01
394 9088 0.01
394 4250 0.01
394 10037 0.2
395 9088 0.2
395 10371 0.05
395 12402 0.2
395 6508 0.01
396 7875 0.2
396 627 0.05
396 7961 0.2
396 821 0.2
396 8716 0.01
396 2839 0.05
396 7663 0.2
396 4166 0.2
396 5272 0.05
396 191 0.2
396 8451 0.05
396 9288 0.05
396 9531 0.01
396 9386 0.2
396 9339 0.05
396 8693 0.05
396 6855 0.05
396 11651 0.01
396 1468 0.2
396 4047 0.01
396 10434 0.01
396 7504 0.05
396 1865 0.05
396 2167 0.05
396 5482 0.05
396 574 0.01
396 9088 0.05
396 1633 0.2
396 219 0.01
398 5361 0.05
401 4152 0.2
401 9088 0.05
401 8992 0.2
401 3469 0.05
403 7875 0.05
404 4701 0.01
404 1957 0.05
404 9760 0.2
404 11326 0.2
404 518 0.01
404 11539 0.05
404 2016 0.01
404 6003 0.05
404 1622 0.01
404 4152 0.05
404 8750 0.05
405 4152 0.01
405 8928 0.01
407 1098 0.01
407 4152 0.01
407 9088 0.05
407 9671 0.05
407 9484 0.2
408 9491 0.05
408 1319 0.01
409 10662 0.01
409 11318 0.05
409 1319 0.2
409 11695 0.2
409 12513 0.05
409 9339 0.01
409 3409 0.01
409 6128 0.05
409 5554 0.2
410 4152 0.05
411 4152 0.05
413 8464 0.05
414 2167 0.05
415 4152 0.01
416 4568 0.01
418 10495 0.05
418 12149 0.2
418 5066 0.05
418 3114 0.01
418 388 0.01
418 4703 0.2
418 6577 0.05
418 1993 0.01
418 4330 0.01
418 8167 0.05
418 3625 0.05
418 1949 0.2
418 3246 0.2
418 10811 0.2
418 9698 0.05
418 5145 0.05
418 8728 0.2
418 5701 0.01
418 1622 0.01
418 4152 0.05
418 11309 0.01
418 2016 0.05
418 1071 0.2
418 1527 0.05
420 9531 0.05
420 10480 0.05
420 11164 0.01
420 2424 0.05
420 9720 0.01
420 9088 0.2
420 1142 0.2
420 4793 0.01
420 6003 0.05
420 4152 0.2
420 10037 0.05
420 7324 0.01
422 831 0.05
423 6540 0.2
423 7257 0.05
423 8512 0.2
423 3899 0.05
424 4152 0.2
425 9088 0.2
425 7625 0.2
425 5554 0.01
427 819 0.01
428 5487 0.01
428 9843 0.05
428 1319 0.05
428 808 0.05
428 9466 0.2
428 12223 0.05
428 3222 0.01
428 4152 0.01
428 1759 0.2
428 2256 0.2
430 11318 0.05
430 7613 0.2
430 6792 0.01
430 672 0.01
430 5453 0.01
430 5066 0.01
430 8788 0.2
430 4793 0.05
430 10782 0.05
430 9003 0.2
430 3114 0.05
430 5071 0.01
430 3842 0.2
430 2637 0.2
430 3741 0.01
430 4152 0.05
430 11695 0.2
430 12513 0.05
430 8289 0.01
430 2846 0.05
430 1468 0.2
430 1814 0.2
430 10811 0.05
430 6819 0.2
430 10474 0.05
430 12581 0.2
430 7409 0.2
430 6093 0.2
430 1319 0.05
430 6389 0.2
430 8478 0.2
430 9088 0.05
430 4042 0.05
430 4608 0.01
430 11921 0.05
430 12401 0.05
430 11531 0.2
430 2283 0.01
431 4152 0.05
432 11083 0.2
433 4152 0.05
435 4152 0.2
435 12200 0.2
435 4701 0.2
436 438 0.01
436 6961 0.2
436 1643 0.05
436 7838 0.05
436 4040 0.2
436 7865 0.2
436 9674 0.2
436 3381 0.01
436 387 0.2
436 10421 0.01
437 4152 0.2
438 11375 0.05
438 3625 0.01
438 5066 0.2
438 3469 0.2
438 3678 0.2
438 8544 0.2
438 10371 0.05
438 3114 0.01
438 10608 0.2
438 11808 0.01
438 3388 0.01
438 10811 0.2
438 1910 0.2
438 5145 0.01
438 1329 0.01
438 1622 0.01
438 6908 0.05
438 1720 0.05
438 4152 0.05
438 11571 0.01
438 9088 0.05
438 2016 0.2
438 1975 0.01
438 12534 0.05
438 10290 0.2
438 8099 0.2
438 1019 0.05
438 1527 0.2
439 2015 0.2
440 4152 0.01
441 7441 0.2
442 677 0.01
442 9644 0.2
442 1468 0.01
442 3655 0.2
442 9088 0.05
442 9715 0.2
444 6318 0.05
444 6060 0.2
445 11706 0.05
446 8104 0.05
448 9003 0.01
448 9088 0.05
448 9339 0.2
448 4152 0.05
448 10037 0.2
448 4701 0.05
449 4152 0.2
450 5721 0.2
451 5997 0.2
452 5487 0.2
452 2992 0.2
452 6616 0.05
452 3205 0.2
452 10497 0.05
452 11182 0.01
452 6003 0.01
452 4793 0.05
452 4622 0.2
452 9523 0.05
452 10109 0.01
452 12084 0.05
452 8552 0.05
452 24 0.2
452 3217 0.01
452 8170 0.2
452 4435 0.2
452 4031 0.05
452 11081 0.05
452 9337 0.05
452 3221 0.05
452 11083 0.2
452 7591 0.2
452 4809 0.05
452 3025 0.05
452 12513 0.01
452 9946 0.2
452 12472 0.2
452 12284 0.2
452 8568 0.05
452 8755 0.05
452 3884 0.05
452 1422 0.01
452 6203 0.05
452 1622 0.01
452 4450 0.05
452 3382 0.2
452 8575 0.01
452 9959 0.05
452 7843 0.05
452 8976 0.2
452 6446 0.05
452 6236 0.2
452 2896 0.05
452 9189 0.01
452 10019 0.01
452 11922 0.2
452 8750 0.05
452 4066 0.2
452 739 0.2
452 2435 0.05
452 11326 0.01
452 11540 0.01
452 3110 0.2
452 12123 0.2
452 8789 0.2
452 2845 0.01
452 5272 0.01
452 234 0.01
452 2248 0.2
452 7625 0.2
452 3266 0.01
452 6006 0.2
452 7626 0.01
452 3268 0.01
452 1457 0.01
452 2643 0.05
452 2296 0.05
452 397 0.2
452 241 0.05
452 3696 0.01
452 10944 0.2
452 6280 0.01
452 1669 0.01
452 12522 0.2
452 249 0.01
452 5257 0.05
452 655 0.2
452 5721 0.05
452 1674 0.05
452 5101 0.2
452 9923 0.01
452 2276 0.05
452 11771 0.05
452 4410 0.05
452 10012 0.2
452 3507 0.01
452 5747 0.01
452 3226 0.2
452 6976 0.2
452 4889 0.01
452 6297 0.2
452 91 0.2
452 5872 0.2
452 7629 0.01
452 4105 0.01
452 7888 0.05
452 1083 0.01
452 3306 0.01
452 5795 0.05
452 8445 0.05
452 9613 0.01
452 4701 0.2
452 6899 0.05
452 2297 0.01
452 5682 0.01
452 10591 0.05
452 10798 0.2
452 7113 0.2
452 4329 0.01
452 78 0.05
452 9531 0.05
452 9619 0.05
452 10982 0.2
452 9463 0.2
452 9247 0.2
452 3325 0.05
452 2493 0.01
452 10421 0.2
452 6719 0.05
452 4738 0.05
452 9953 0.01
452 7691 0.01
452 7127 0.05
452 4348 0.01
452 12576 0.2
452 12577 0.05
452 11629 0.2
452 12003 0.05
452 515 0.2
452 11825 0.01
452 7324 0.01
452 204 0.2
452 5705 0.05
452 518 0.05
452 4139 0.2
452 9267 0.2
452 5709 0.01
452 9843 0.01
452 4728 0.2
452 1319 0.2
452 11005 0.05
452 1321 0.05
452 9851 0.2
452 10238 0.05
452 6341 0.01
452 8480 0.05
452 1527 0.2
452 11822 0.01
452 8672 0.01
452 11197 0.01
452 367 0.05
452 6152 0.05
452 11863 0.01
452 1747 0.01
452 6545 0.05
452 3771 0.05
452 324 0.01
452 12224 0.05
452 6572 0.05
452 5938 0.05
452 3776 0.05
452 10782 0.2
452 11434 0.2
452 8894 0.2
452 8117 0.01
452 11837 0.05
452 9875 0.2
452 5269 0.05
452 6961 0.2
452 11441 0.01
452 9288 0.01
452 2954 0.2
452 2744 0.01
452 5186 0.05
452 7536 0.05
452 7410 0.01
452 12238 0.05
452 12616 0.2
452 9680 0.2
452 940 0.2
452 10852 0.05
452 11450 0.2
452 676 0.01
452 11651 0.2
452 3478 0.05
452 4586 0.05
452 2969 0.2
452 11232 0.01
452 10170 0.01
452 6592 0.01
452 353 0.05
452 4991 0.01
452 5239 0.05
452 5197 0.2
452 9126 0.2
452 4401 0.05
452 4040 0.05
452 8714 0.2
452 2765 0.2
452 8334 0.05
452 6773 0.2
452 572 0.2
452 9504 0.01
452 8719 0.01
452 9658 0.2
452 1975 0.2
452 10291 0.01
452 7369 0.2
453 9466 0.05
453 11526 0.2
454 1783 0.2
455 1371 0.05
455 5482 0.01
455 10037 0.2
455 4615 0.01
456 4152 0.01
457 5226 0.2
457 12213 0.2
457 5872 0.01
457 7641 0.2
457 11554 0.2
457 4217 0.01
457 1002 0.01
457 9676 0.05
457 4701 0.2
458 4152 0.05
460 3610 0.01
460 7310 0.2
460 8873 0.01
460 6128 0.2
460 9720 0.2
460 494 0.05
460 2172 0.01
460 5443 0.2
460 4152 0.05
460 1759 0.01
460 11434 0.05
461 8132 0.01
462 3235 0.2
463 9775 0.05
463 4152 0.05
464 4152 0.2
465 4152 0.01
465 9647 0.2
466 4666 0.05
466 649 0.2
466 11815 0.05
466 7211 0.2
466 12251 0.01
466 11254 0.05
467 4152 0.05
469 12552 0.01
469 6094 0.2
469 2276 0.01
469 7414 0.2
469 12223 0.01
469 1230 0.01
469 5722 0.05
470 4152 0.05
471 9088 0.2
473 4152 0.01
474 4152 0.2
476 16 0.01
478 6577 0.01
479 4152 0.05
480 10376 0.01
481 4152 0.05
486 4152 0.05
487 9020 0.01
487 6093 0.01
487 3618 0.2
487 3469 0.2
487 9088 0.2
487 1622 0.05
487 1527 0.05
487 3585 0.05
487 4701 0.05
488 6310 0.05
490 174 0.05
491 4152 0.01
492 1084 0.2
493 3687 0.2
493 2777 0.2
494 372 0.01
494 9513 0.2
494 5317 0.05
494 7625 0.01
494 12564 0.01
494 10224 0.2
494 7302 0.05
494 8112 0.2
494 2014 0.01
494 12403 0.2
494 5818 0.01
494 460 0.01
494 12022 0.01
494 1884 0.05
494 5119 0.05
494 11015 0.2
494 7110 0.2
494 3780 0.2
494 6120 0.05
494 11169 0.2
494 11998 0.05
494 4630 0.01
494 240 0.01
494 11287 0.05
494 5043 0.05
494 11126 0.01
494 4942 0.05
494 70 0.01
494 6639 0.2
494 1814 0.01
494 8177 0.01
494 4106 0.2
494 11574 0.05
494 8329 0.2
494 5916 0.01
494 12581 0.01
494 9264 0.01
494 9678 0.01
494 1371 0.01
494 10182 0.2
494 12482 0.01
494 7863 0.05
494 2372 0.2
494 11471 0.2
494 9796 0.2
494 2099 0.01
494 2183 0.01
494 11619 0.2
494 12351 0.01
494 12594 0.05
494 1439 0.05
495 4340 0.01
497 1622 0.2
498 3618 0.01
498 661 0.01
498 7680 0.01
498 6728 0.2
498 8492 0.05
498 11449 0.01
499 2473 0.2
499 1398 0.2
499 9008 0.05
500 9531 0.2
501 11056 0.2
503 4522 0.2
504 4152 0.05
505 4522 0.01
506 4152 0.05
507 7810 0.01
507 1138 0.2
507 5938 0.2
507 4991 0.01
507 9923 0.05
508 2896 0.05
510 3771 0.05
511 1901 0.01
511 8935 0.2
511 8755 0.2
511 1579 0.2
511 11065 0.01
511 4793 0.2
511 387 0.2
511 9720 0.05
511 2061 0.2
511 7012 0.05
511 24 0.01
511 8170 0.05
511 9531 0.2
511 795 0.2
511 6673 0.05
511 7591 0.2
511 7017 0.05
511 4809 0.2
511 9171 0.05
511 1812 0.05
511 2813 0.01
511 9174 0.05
511 12284 0.05
511 5795 0.01
511 1622 0.2
511 4450 0.05
511 8976 0.01
511 11309 0.01
511 5805 0.05
511 11921 0.2
511 11922 0.01
511 7813 0.05
511 4040 0.01
511 11884 0.2
511 3676 0.05
511 12123 0.05
511 2242 0.2
511 5272 0.2
511 8609 0.01
511 7959 0.05
511 2042 0.01
511 7625 0.05
511 381 0.01
511 3884 0.05
511 2896 0.2
511 1854 0.01
511 5287 0.05
511 7073 0.05
511 10382 0.01
511 78 0.2
511 1527 0.2
511 5297 0.01
511 9605 0.01
511 3226 0.05
511 6976 0.05
511 11247 0.2
511 9232 0.2
511 5487 0.2
511 2888 0.01
511 9812 0.01
511 3110 0.01
511 676 0.2
511 4701 0.2
511 12552 0.2
511 12024 0.2
511 3899 0.01
511 295 0.05
511 10421 0.01
511 1371 0.05
511 10220 0.05
511 9167 0.01
511 8088 0.01
511 6545 0.01
511 6003 0.2
511 11806 0.01
511 9267 0.2
511 9843 0.05
511 1319 0.01
511 1727 0.2
511 10441 0.2
511 9851 0.2
511 5406 0.01
511 689 0.05
511 1334 0.01
511 6347 0.2
511 12213 0.05
511 2523 0.05
511 2728 0.05
511 5359 0.05
511 1744 0.2
511 4161 0.2
511 8681 0.05
511 8682 0.05
511 926 0.05
511 2960 0.05
511 10846 0.2
511 3164 0.05
511 3587 0.05
511 11434 0.01
511 9885 0.2
511 7536 0.05
511 11450 0.05
511 11479 0.01
511 9014 0.05
511 8512 0.05
511 11854 0.05
511 3181 0.01
511 5550 0.2
511 1961 0.01
511 4991 0.2
511 9926 0.01
511 1770 0.01
511 5554 0.05
511 8334 0.2
511 6984 0.2
511 10695 0.2
511 234 0.2
512 9253 0.05
512 4152 0.05
513 4724 0.01
514 11056 0.01
515 4152 0.05
515 9088 0.01
516 5173 0.05
516 1957 0.2
516 2257 0.01
516 1625 0.05
517 4152 0.2
518 4152 0.2
518 9088 0.2
518 10037 0.05
518 905 0.05
518 3469 0.05
519 4785 0.2
519 174 0.2
519 7376 0.2
519 7717 0.05
519 7603 0.05
519 3109 0.01
519 5938 0.2
519 10440 0.05
519 2896 0.01
519 11384 0.01
519 831 0.2
519 8609 0.2
519 7852 0.05
519 11788 0.01
519 9531 0.2
519 795 0.2
519 11121 0.01
519 3935 0.2
519 7779 0.01
519 12566 0.01
519 2004 0.2
519 561 0.01
519 8512 0.01
519 4040 0.05
519 9786 0.01
519 1961 0.2
519 9720 0.01
519 4991 0.01
519 1622 0.2
519 6600 0.01
519 5709 0.01
519 1319 0.01
519 9605 0.2
519 4152 0.05
519 11247 0.05
519 10095 0.01
519 4957 0.2
520 4152 0.2
520 9088 0.2
520 5878 0.2
520 10811 0.05
520 3114 0.2
521 871 0.05
521 4109 0.01
521 2016 0.01
522 9088 0.2
523 6466 0.2
523 4152 0.05
523 2004 0.01
523 234 0.01
523 8568 0.2
523 7508 0.2
523 1527 0.05
524 1622 0.2
525 4152 0.05
526 4152 0.01
527 10534 0.2
527 6982 0.2
527 6508 0.2
527 4161 0.05
527 10405 0.01
527 7115 0.01
527 6530 0.01
528 174 0.2
528 9088 0.01
528 6253 0.01
528 10298 0.01
530 3469 0.2
532 4152 0.2
533 33 0.05
533 10724 0.05
533 5885 0.05
533 1227 0.05
533 898 0.01
533 10136 0.05
533 11235 0.05
533 9466 0.05
533 9531 0.2
533 1996 0.01
533 8712 0.2
533 1622 0.01
533 4040 0.05
533 4892 0.2
534 24 0.01
534 4152 0.2
534 9068 0.2
535 4152 0.01
536 10675 0.01
536 739 0.05
536 8575 0.05
536 2888 0.05
536 3503 0.2
536 4066 0.05
536 4470 0.01
536 2265 0.2
536 12335 0.01
536 8361 0.2
536 4152 0.01
536 3651 0.01
536 5554 0.05
537 574 0.05
537 11984 0.2
537 6756 0.05
537 8104 0.2
537 367 0.01
538 4152 0.2
538 3114 0.01
540 11233 0.01
540 9531 0.01
540 12513 0.2
540 5795 0.2
541 8118 0.05
541 10811 0.05
541 9288 0.01
541 9088 0.01
541 5145 0.2
541 4152 0.05
542 3217 0.2
543 4152 0.2
544 4152 0.2
545 11319 0.01
545 10918 0.01
545 3388 0.05
545 10147 0.01
545 9096 0.01
545 2981 0.2
545 11426 0.01
545 3469 0.2
545 7719 0.05
545 12499 0.01
545 6335 0.05
545 4701 0.01
545 11837 0.2
545 8549 0.01
545 191 0.2
545 6752 0.05
545 3618 0.2
545 885 0.2
545 9361 0.05
545 8271 0.05
545 6128 0.2
545 4341 0.01
545 6372 0.2
545 3028 0.2
545 2310 0.01
545 12000 0.2
545 1417 0.2
545 4040 0.05
545 10086 0.01
545 8045 0.01
545 3185 0.05
545 4250 0.01
545 8568 0.01
545 1622 0.05
545 11326 0.2
545 2367 0.2
545 10037 0.2
545 5554 0.05
545 518 0.05
545 749 0.01
545 7957 0.2
545 4152 0.05
545 5916 0.05
545 7863 0.05
545 1319 0.01
545 7747 0.05
545 5482 0.2
545 9720 0.05
545 3325 0.05
545 9088 0.01
545 12534 0.2
545 1329 0.2
545 12401 0.2
545 70 0.05
548 4152 0.01
549 4152 0.2
550 8512 0.05
552 4152 0.01
553 8237 0.2
553 5409 0.01
553 3788 0.01
553 10690 0.05
553 1265 0.01
553 766 0.05
553 7865 0.2
553 1216 0.2
553 12513 0.01
555 4152 0.2
556 4152 0.05
557 4152 0.05
557 9088 0.05
557 7957 0.01
558 10441 0.01
560 6984 0.01
560 2896 0.05
560 4040 0.05
561 4102 0.05
561 9531 0.05
561 91 0.01
561 54 0.01
561 1488 0.01
561 871 0.01
561 9096 0.05
561 4522 0.05
561 3772 0.2
561 8637 0.2
561 9327 0.2
561 7252 0.05
561 5272 0.01
561 2692 0.01
561 11167 0.01
561 640 0.05
561 6504 0.2
561 9339 0.01
561 9020 0.2
561 9068 0.2
561 70 0.05
561 760 0.05
561 8512 0.01
561 2361 0.05
561 253 0.05
561 5554 0.05
561 519 0.01
561 10015 0.2
561 5916 0.2
561 11537 0.01
561 9359 0.2
561 10690 0.2
561 12158 0.01
561 11745 0.2
561 10442 0.05
561 9088 0.01
561 4042 0.01
561 10141 0.05
561 4152 0.05
561 8672 0.05
562 10534 0.05
562 10405 0.01
562 1622 0.01
562 6982 0.01
563 4152 0.05
563 10811 0.05
563 8512 0.05
563 2016 0.05
563 12436 0.05
563 7324 0.01
563 1290 0.05
564 1084 0.05
565 4152 0.01
566 6607 0.2
566 7838 0.2
568 3625 0.05
568 10811 0.2
568 9088 0.2
568 5145 0.01
568 5066 0.05
568 1622 0.01
568 4152 0.01
568 1019 0.05
568 3114 0.01
569 11829 0.05
569 2242 0.05
569 5047 0.2
570 4152 0.05
570 9088 0.05
572 4522 0.05
572 151 0.05
572 7773 0.05
573 5272 0.2
573 6600 0.2
573 2582 0.01
573 2837 0.05
573 8512 0.05
573 3599 0.2
573 11235 0.2
573 4991 0.01
574 174 0.05
574 1224 0.05
574 4018 0.01
574 4066 0.05
574 9237 0.05
574 7936 0.05
574 8887 0.2
574 4021 0.2
574 1084 0.2
574 9975 0.05
574 4793 0.2
574 12411 0.01
574 12123 0.05
574 224 0.05
574 5071 0.05
574 5019 0.05
574 3585 0.05
574 7625 0.01
574 2477 0.2
574 9288 0.01
574 7838 0.2
574 396 0.2
574 6673 0.01
574 12513 0.2
574 9710 0.2
574 3381 0.01
574 9339 0.2
574 6479 0.05
574 4152 0.2
574 1704 0.01
574 4633 0.05
574 8082 0.05
574 5287 0.2
574 9741 0.01
574 2213 0.05
574 8568 0.2
574 8755 0.05
574 10039 0.01
574 5145 0.2
574 10002 0.05
574 9677 0.01
574 7324 0.05
574 1622 0.2
574 10037 0.01
574 5148 0.2
574 6093 0.05
574 9843 0.05
574 8381 0.01
574 1675 0.05
574 2435 0.2
574 5805 0.05
574 6621 0.2
574 9088 0.05
574 10141 0.2
574 1527 0.2
574 5620 0.2
574 4134 0.05
576 4152 0.2
577 7843 0.01
577 4307 0.05
580 23 0.2
581 4152 0.2
582 12435 0.2
583 7240 0.2
584 9174 0.01
585 1622 0.01
585 4152 0.01
585 2016 0.2
587 4152 0.2
589 4152 0.05
590 9531 0.01
592 1737 0.2
592 3722 0.2
592 11679 0.01
592 6349 0.2
592 3526 0.2
592 9984 0.2
592 11788 0.2
592 191 0.05
592 11492 0.05
592 9932 0.05
592 234 0.01
592 7625 0.01
592 7683 0.01
592 10120 0.05
592 12429 0.01
592 9688 0.2
592 8623 0.2
592 9843 0.2
592 1319 0.2
592 8297 0.2
592 2771 0.2
592 9088 0.2
592 6699 0.01
592 4152 0.05
593 4152 0.05
595 4152 0.05
597 4152 0.05
598 4152 0.2
599 6689 0.2
600 9843 0.2
601 9088 0.2
602 2422 0.01
603 12513 0.05
606 1527 0.01
606 4152 0.05
607 4152 0.01
608 4152 0.05
609 831 0.05
609 2896 0.01
610 5554 0.01
611 4152 0.2
612 3246 0.01
613 7219 0.05
613 11130 0.05
613 5894 0.05
613 3786 0.05
613 537 0.01
613 11983 0.2
615 174 0.05
615 9088 0.05
615 3181 0.05
616 4152 0.01
616 6508 0.05
617 4154 0.2
617 8017 0.2
617 5163 0.05
617 4786 0.05
617 1387 0.01
617 7412 0.05
617 2088 0.01
617 6414 0.2
617 107 0.01
617 1525 0.01
617 2535 0.05
617 9782 0.2
617 1663 0.01
617 2408 0.2
617 2813 0.01
617 12388 0.2
617 2815 0.01
617 160 0.2
617 92 0.01
617 8661 0.2
617 2921 0.01
617 11713 0.05
617 10037 0.2
617 11469 0.05
617 10483 0.05
617 8875 0.01
617 6990 0.05
617 12231 0.2
617 11256 0.01
620 4152 0.01
622 234 0.2
622 4066 0.2
622 11434 0.05
622 7536 0.05
622 2954 0.01
622 5555 0.2
624 4152 0.2
625 7714 0.01
625 4108 0.05
625 1132 0.2
625 9211 0.05
626 5272 0.05
626 8173 0.01
626 4738 0.2
626 4467 0.01
626 1319 0.01
626 9923 0.05
626 8920 0.2
626 6269 0.01
626 4040 0.2
626 12552 0.01
626 1961 0.2
626 9531 0.01
626 4991 0.05
626 1371 0.05
626 4846 0.01
626 4731 0.05
626 1622 0.01
626 1527 0.05
626 10095 0.2
626 10096 0.05
626 689 0.2
627 9531 0.2
627 11175 0.05
627 320 0.2
627 6836 0.05
627 1387 0.2
627 7375 0.05
627 5010 0.2
627 1441 0.01
627 9237 0.05
627 3585 0.05
627 3771 0.05
627 11537 0.2
627 2388 0.01
627 7303 0.2
627 7500 0.2
627 926 0.05
627 4793 0.2
627 5805 0.2
627 11434 0.01
627 2896 0.2
627 5732 0.01
627 7936 0.05
627 8609 0.01
627 3842 0.01
627 10609 0.05
627 438 0.01
627 234 0.01
627 7625 0.05
627 1186 0.2
627 2318 0.01
627 936 0.2
627 8170 0.05
627 8319 0.05
627 5554 0.2
627 8854 0.01
627 9167 0.2
627 3381 0.05
627 7629 0.05
627 5721 0.01
627 4340 0.05
627 8462 0.2
627 10421 0.2
627 10695 0.2
627 4738 0.2
627 12566 0.01
627 12513 0.2
627 2004 0.01
627 4435 0.05
627 7543 0.05
627 7009 0.01
627 561 0.01
627 10811 0.05
627 6830 0.05
627 6685 0.2
627 6335 0.01
627 8110 0.05
627 2408 0.01
627 5701 0.05
627 7324 0.01
627 7012 0.01
627 4727 0.05
627 4307 0.2
627 4090 0.2
627 6984 0.2
627 4152 0.05
627 9843 0.05
627 1319 0.2
627 11309 0.05
627 6874 0.05
627 255 0.2
627 12576 0.05
627 1321 0.05
627 12158 0.01
627 6140 0.01
627 6093 0.2
627 9605 0.01
627 2228 0.01
627 10094 0.05
627 11921 0.01
627 1527 0.05
627 1993 0.01
627 5620 0.2
627 11007 0.05
629 4803 0.01
629 8534 0.05
629 4152 0.2
629 8342 0.2
630 3190 0.05
631 9361 0.2
631 2789 0.2
632 8935 0.01
633 7203 0.2
633 4152 0.01
633 861 0.05
634 4152 0.2
635 4152 0.05
635 10811 0.2
636 4152 0.01
637 239 0.2
637 9088 0.05
637 6508 0.2
638 10534 0.01
640 5487 0.05
640 5914 0.01
640 12401 0.2
640 2493 0.2
640 1473 0.01
640 1467 0.05
640 11687 0.01
640 6904 0.05
640 5482 0.05
640 2776 0.05
640 2199 0.01
640 5145 0.05
640 4991 0.01
640 5958 0.01
640 4250 0.01
640 1622 0.2
640 4152 0.2
640 11103 0.2
640 8104 0.05
641 12513 0.2
642 9088 0.2
643 7324 0.2
646 1360 0.05
647 9274 0.01
648 174 0.2
649 7562 0.01
649 9560 0.01
649 10032 0.01
649 9046 0.01
649 3254 0.2
649 4661 0.05
649 1128 0.2
649 8113 0.05
649 4785 0.2
649 4525 0.2
649 11320 0.01
649 8260 0.05
649 3312 0.2
649 1295 0.05
649 8121 0.05
649 4082 0.2
649 4336 0.05
649 11025 0.2
649 8533 0.2
649 1796 0.01
649 10519 0.01
649 7394 0.05
649 9630 0.01
649 1814 0.05
649 2228 0.2
649 1971 0.01
649 4135 0.2
649 802 0.01
649 10037 0.01
649 4874 0.01
649 8869 0.2
649 3342 0.05
649 6486 0.01
649 1628 0.2
649 1961 0.05
649 12251 0.05
649 7143 0.01
649 9753 0.2
649 713 0.2
649 173 0.05
649 1332 0.2
649 8103 0.05
649 11196 0.05
650 8032 0.05
651 7572 0.01
653 7625 0.2
653 4770 0.01
654 12574 0.05
654 4152 0.2
654 11923 0.2
655 9738 0.05
655 8574 0.2
655 1319 0.05
655 3388 0.05
655 10690 0.05
655 1857 0.05
655 10404 0.2
655 5482 0.01
655 3043 0.2
655 4250 0.01
655 9088 0.2
655 11695 0.05
655 4615 0.2
655 12513 0.2
655 9216 0.2
655 9339 0.05
655 4152 0.01
655 3937 0.2
655 10037 0.05
656 5468 0.01
656 3312 0.05
656 12064 0.01
656 1482 0.05
656 12114 0.05
656 12570 0.05
656 9985 0.05
656 2837 0.05
656 5456 0.2
656 2502 0.2
656 3014 0.01
656 5254 0.2
656 2934 0.05
656 8682 0.05
656 6697 0.2
656 1344 0.01
656 1320 0.01
656 9826 0.01
656 12549 0.2
657 7875 0.05
658 4152 0.01
659 9030 0.01
659 5000 0.01
659 4152 0.05
660 4152 0.05
661 498 0.01
662 9720 0.05
662 4152 0.01
662 1507 0.2
662 4336 0.01
663 989 0.2
664 11526 0.05
666 4152 0.01
667 10037 0.05
668 3397 0.01
668 5554 0.2
669 2696 0.05
669 3618 0.05
669 4152 0.01
670 3842 0.05
670 420 0.2
671 4152 0.2
672 4893 0.01
672 11318 0.01
672 6790 0.05
672 5842 0.2
672 871 0.05
672 1831 0.2
672 2622 0.2
672 11326 0.01
672 8681 0.05
672 4525 0.2
672 6624 0.01
672 10204 0.2
672 2713 0.01
672 11014 0.01
672 191 0.01
672 430 0.05
672 3585 0.01
672 11695 0.01
672 8512 0.2
672 4387 0.01
672 6128 0.2
672 6590 0.2
672 4127 0.05
672 1468 0.01
672 1857 0.01
672 351 0.2
672 10811 0.05
672 8568 0.01
672 4040 0.05
672 4250 0.2
672 11401 0.01
672 1059 0.05
672 1622 0.01
672 10037 0.01
672 5554 0.05
672 8334 0.01
672 9843 0.2
672 1319 0.01
672 10690 0.01
672 5482 0.05
672 9088 0.05
672 4042 0.05
672 2470 0.01
672 11921 0.05
672 4152 0.01
672 6996 0.2
673 5926 0.2
673 4152 0.01
673 6347 0.01
674 4152 0.2
674 9088 0.2
674 5145 0.01
674 12411 0.2
674 3469 0.2
675 8344 0.01
676 429 0.05
676 3687 0.05
677 9088 0.2
678 2507 0.01
678 4152 0.2
678 4592 0.2
679 349 0.01
679 4927 0.05
679 8512 0.2
679 8598 0.2
679 10474 0.05
679 4727 0.01
683 10382 0.01
684 4152 0.01
686 4152 0.01
687 4152 0.01
688 1622 0.2
689 12526 0.2
689 4731 0.05
690 4152 0.05
691 9088 0.05
693 3997 0.05
694 1371 0.01
694 9560 0.01
694 54 0.05
694 8512 0.2
694 11922 0.01
695 191 0.01
695 1319 0.2
695 9359 0.2
695 11251 0.2
695 7324 0.2
695 3325 0.2
695 1087 0.05
696 12487 0.2
698 12513 0.01
701 4152 0.2
702 4364 0.05
704 7324 0.01
705 7810 0.2
705 3899 0.2
706 174 0.2
706 7875 0.01
706 1224 0.2
706 10495 0.05
706 4066 0.05
706 9237 0.2
706 3469 0.01
706 6621 0.01
706 4525 0.05
706 6955 0.05
706 574 0.01
706 8118 0.01
706 8737 0.05
706 257 0.2
706 7936 0.2
706 9288 0.01
706 7313 0.2
706 12513 0.01
706 6479 0.05
706 1704 0.05
706 9253 0.01
706 7691 0.05
706 7692 0.2
706 5287 0.05
706 10396 0.05
706 2783 0.2
706 1622 0.2
706 2923 0.01
706 749 0.05
706 6093 0.01
706 3238 0.01
706 2435 0.2
706 5805 0.01
706 10012 0.01
706 9088 0.05
706 2470 0.01
706 4152 0.01
706 5620 0.01
707 2896 0.05
707 4040 0.2
708 4152 0.05
709 12411 0.2
709 4152 0.2
710 11603 0.2
710 11695 0.05
712 12312 0.05
714 4152 0.2
715 4724 0.05
716 4152 0.01
716 4250 0.2
717 4152 0.2
719 11318 0.2
719 7691 0.2
719 5482 0.01
719 9088 0.05
719 7899 0.01
719 6128 0.05
719 5554 0.01
720 353 0.2
721 12213 0.01
721 8483 0.01
722 3348 0.2
722 10866 0.05
723 4152 0.05
724 4152 0.2
724 1290 0.2
724 9088 0.2
724 6673 0.2
724 8481 0.2
724 1527 0.01
724 2923 0.05
725 9070 0.2
728 6892 0.05
729 3221 0.2
729 6508 0.01
730 8118 0.01
730 4152 0.01
731 4021 0.01
731 8173 0.05
731 9491 0.01
731 6235 0.05
731 4040 0.2
731 9088 0.2
731 7683 0.01
731 4793 0.05
731 7260 0.2
731 6128 0.2
731 5554 0.2
732 4152 0.2
733 11706 0.01
735 3469 0.01
736 11548 0.01
738 10685 0.2
738 4852 0.01
738 12395 0.2
738 1257 0.01
739 174 0.01
739 1224 0.05
739 1422 0.05
739 9020 0.2
739 536 0.2
739 2388 0.2
739 2235 0.05
739 1084 0.01
739 9495 0.05
739 9003 0.01
739 10662 0.2
739 7051 0.05
739 9570 0.2
739 985 0.01
739 6803 0.01
739 9339 0.05
739 4152 0.05
739 343 0.05
739 4080 0.2
739 452 0.01
739 11130 0.05
739 2213 0.2
739 2228 0.2
739 12335 0.2
739 9720 0.01
739 11239 0.05
739 1622 0.05
739 10037 0.2
739 7702 0.05
739 7647 0.01
739 1675 0.05
739 7330 0.2
739 3713 0.01
739 7806 0.05
739 8297 0.01
739 8692 0.05
739 2470 0.01
739 10291 0.2
739 3409 0.2
739 3504 0.2
739 2893 0.01
740 4152 0.01
741 5916 0.2
742 4149 0.2
744 5269 0.01
745 12129 0.01
746 1319 0.01
747 4152 0.01
749 10519 0.01
749 3469 0.05
749 11540 0.05
749 4962 0.05
749 885 0.01
749 9288 0.01
749 12376 0.01
749 9361 0.2
749 7143 0.2
749 7395 0.2
749 7494 0.2
749 9537 0.05
749 2468 0.01
749 3388 0.05
749 10811 0.01
749 8568 0.05
749 5145 0.2
749 1417 0.05
749 903 0.05
749 1622 0.01
749 2923 0.2
749 6335 0.05
749 706 0.01
749 10514 0.2
749 9088 0.2
749 4559 0.01
749 4152 0.01
749 7369 0.01
749 1361 0.2
751 4152 0.01
751 6933 0.05
752 4522 0.01
753 4152 0.05
754 3899 0.05
757 3734 0.05
758 4152 0.05
759 11121 0.01
759 12129 0.2
760 91 0.05
760 561 0.01
760 10441 0.05
760 8512 0.01
760 1297 0.05
760 12041 0.2
760 370 0.05
761 4152 0.2
762 4152 0.2
763 10441 0.01
763 8512 0.05
763 9167 0.05
765 4152 0.2
766 2945 0.05
766 6460 0.01
766 9715 0.2
766 10120 0.2
766 8306 0.01
766 4525 0.01
766 324 0.01
766 1084 0.05
766 9975 0.01
766 10204 0.01
766 553 0.2
766 5071 0.05
766 390 0.2
766 11788 0.2
766 191 0.01
766 3585 0.05
766 1730 0.01
766 10938 0.2
766 1409 0.05
766 12513 0.2
766 239 0.2
766 4152 0.05
766 3383 0.01
766 6128 0.01
766 7265 0.2
766 11127 0.01
766 7691 0.05
766 1468 0.05
766 6590 0.01
766 326 0.01
766 5239 0.2
766 2750 0.05
766 8568 0.01
766 2859 0.01
766 12335 0.01
766 4548 0.2
766 4250 0.05
766 6377 0.2
766 7899 0.05
766 10037 0.05
766 10434 0.2
766 3018 0.01
766 12294 0.2
766 7647 0.01
766 7411 0.2
766 1319 0.01
766 7363 0.2
766 6049 0.05
766 5482 0.01
766 8151 0.2
766 1068 0.2
766 2172 0.01
766 4042 0.05
766 90 0.2
766 7868 0.01
766 10141 0.01
766 2470 0.05
766 12401 0.05
766 234 0.05
766 8104 0.05
766 3409 0.2
767 4785 0.2
768 4152 0.05
769 1015 0.05
770 4152 0.05
771 4152 0.05
772 4152 0.01
772 5379 0.01
773 1622 0.01
774 9088 0.01
775 4152 0.2
776 9068 0.01
777 4152 0.01
778 2643 0.01
778 3190 0.01
778 11956 0.05
779 6140 0.05
779 5145 0.05
779 9904 0.05
779 3469 0.01
780 9359 0.2
781 4152 0.05
783 4152 0.01
784 4152 0.05
786 6140 0.05
786 9088 0.05
786 2016 0.05
786 1622 0.01
786 4152 0.01
786 8672 0.01
788 11815 0.2
788 3618 0.05
788 4152 0.2
788 10037 0.2
789 871 0.2
791 4152 0.01
792 5554 0.01
793 5394 0.05
793 4152 0.01
794 12328 0.01
795 7471 0.2
795 3136 0.01
796 4152 0.05
797 10063 0.05
798 4450 0.2
800 6416 0.01
801 4824 0.2
802 8512 0.05
803 2896 0.05
804 1622 0.01
805 5812 0.01
806 3622 0.05
808 4152 0.05
808 8805 0.2
809 4152 0.2
811 4152 0.2
811 5834 0.01
811 10151 0.01
811 10530 0.05
811 925 0.01
811 10226 0.01
811 8184 0.01
814 1422 0.01
815 4593 0.01
815 3568 0.01
816 9676 0.01
816 9851 0.01
817 9088 0.05
818 6246 0.05
819 427 0.2
819 4336 0.2
820 4152 0.2
821 8935 0.01
821 174 0.2
821 4000 0.2
821 2888 0.05
821 871 0.01
821 9760 0.01
821 8787 0.01
821 8844 0.01
821 12123 0.2
821 4701 0.05
821 5272 0.01
821 12376 0.01
821 984 0.05
821 8031 0.01
821 1237 0.01
821 7536 0.05
821 1949 0.01
821 4152 0.01
821 8906 0.2
821 9491 0.05
821 8568 0.2
821 204 0.05
821 3395 0.05
821 4770 0.01
821 7324 0.05
821 1622 0.2
821 10775 0.05
821 8090 0.01
821 6188 0.05
821 1527 0.01
821 1319 0.01
821 6140 0.05
821 3238 0.05
821 8478 0.05
821 5081 0.01
821 8894 0.01
821 10344 0.2
821 12401 0.2
822 4152 0.2
823 4152 0.01
823 9088 0.2
824 4152 0.05
825 6845 0.05
825 3378 0.05
826 10695 0.2
827 1931 0.05
827 4152 0.01
829 5273 0.01
829 2145 0.05
829 1237 0.05
829 10141 0.01
829 6771 0.05
829 422 0.01
830 9786 0.2
830 8979 0.2
831 4785 0.01
831 767 0.2
831 12303 0.2
831 9193 0.01
831 12640 0.05
831 7603 0.2
831 2896 0.05
831 7852 0.05
831 191 0.2
831 8952 0.05
831 8121 0.05
831 1776 0.2
831 3491 0.2
831 11707 0.05
831 12285 0.05
831 2321 0.05
831 6984 0.01
831 10587 0.01
831 2334 0.05
831 3511 0.2
831 422 0.01
831 2283 0.01
833 4152 0.05
837 5260 0.01
837 3990 0.05
837 10191 0.2
837 5709 0.05
837 191 0.2
837 10587 0.01
837 11815 0.01
837 8693 0.01
837 3395 0.01
837 1622 0.2
837 2187 0.01
837 9402 0.05
837 11359 0.2
838 4152 0.2
839 4152 0.01
839 9088 0.01
839 1319 0.2
840 12507 0.05
841 989 0.05
842 4152 0.01
843 3094 0.01
843 12534 0.01
843 10197 0.2
845 4152 0.05
846 9088 0.2
847 12268 0.2
847 10686 0.05
847 2287 0.2
847 1520 0.01
847 4615 0.2
847 3254 0.2
847 12513 0.05
847 5428 0.2
849 10275 0.2
850 7810 0.01
850 7641 0.2
850 12395 0.01
853 10495 0.05
853 4152 0.2
853 5145 0.05
854 1640 0.01
856 4152 0.05
857 4090 0.01
857 91 0.01
857 12213 0.01
857 1227 0.01
857 5705 0.2
857 3254 0.01
857 4475 0.01
857 11210 0.2
857 7843 0.05
857 8048 0.01
858 1622 0.05
859 1468 0.2
860 4152 0.01
861 633 0.01
862 9088 0.05
864 1327 0.2
865 12071 0.01
865 4152 0.05
867 4152 0.01
869 3481 0.01
870 80 0.01
871 10495 0.2
871 6791 0.2
871 10631 0.01
871 7324 0.01
871 7009 0.2
871 5411 0.05
871 12461 0.01
871 12084 0.05
871 11492 0.2
871 789 0.2
871 9531 0.05
871 1405 0.2
871 9483 0.01
871 1757 0.05
871 10524 0.05
871 8568 0.05
871 4040 0.01
871 4250 0.01
871 12477 0.2
871 1422 0.05
871 1622 0.2
871 4451 0.05
871 9843 0.2
871 211 0.05
871 7802 0.01
871 4262 0.2
871 7811 0.2
871 11921 0.2
871 11533 0.2
871 2834 0.05
871 11929 0.01
871 10216 0.2
871 4066 0.2
871 1831 0.01
871 8479 0.05
871 12315 0.05
871 2168 0.2
871 11113 0.2
871 8609 0.05
871 11743 0.01
871 10367 0.01
871 234 0.2
871 70 0.01
871 9088 0.2
871 2482 0.2
871 2016 0.05
871 1468 0.2
871 7511 0.01
871 5239 0.01
871 7451 0.2
871 78 0.05
871 7647 0.2
871 5482 0.01
871 9605 0.2
871 5487 0.2
871 273 0.01
871 672 0.05
871 4525 0.01
871 3114 0.05
871 5889 0.2
871 7421 0.01
871 1099 0.01
871 5710 0.05
871 1704 0.05
871 7683 0.01
871 7494 0.2
871 10220 0.01
871 5339 0.2
871 8731 0.2
871 6003 0.2
871 12581 0.2
871 7225 0.05
871 1319 0.05
871 7534 0.01
871 6128 0.05
871 1730 0.01
871 5721 0.01
871 8104 0.2
871 5261 0.01
871 10782 0.05
871 3585 0.05
871 3788 0.01
871 1949 0.2
871 4152 0.01
871 10674 0.01
871 8132 0.05
871 2969 0.05
871 3086 0.2
871 10931 0.05
871 4193 0.01
871 4991 0.05
871 10474 0.05
871 8917 0.05
871 5554 0.05
871 1371 0.2
871 9693 0.05
871 4206 0.01
871 11043 0.05
871 12199 0.2
871 10529 0.2
872 5342 0.2
872 9466 0.01
872 1479 0.01
872 4259 0.05
872 9565 0.01
872 6672 0.01
872 8075 0.05
873 4152 0.01
874 8623 0.05
874 8003 0.05
874 11025 0.01
874 7862 0.01
874 9843 0.05
874 2737 0.01
874 1319 0.05
874 367 0.01
874 8574 0.2
874 8755 0.01
874 4250 0.2
874 11540 0.01
874 926 0.05
874 6976 0.2
874 7410 0.2
874 204 0.05
874 5436 0.2
876 8297 0.01
876 9531 0.05
877 4152 0.2
879 4152 0.01
881 3135 0.2
883 10719 0.05
883 679 0.01
883 7280 0.01
883 493 0.01
883 12338 0.05
883 2922 0.01
884 2473 0.01
884 91 0.05
884 3568 0.2
884 1227 0.2
884 11732 0.2
884 12223 0.2
884 2896 0.2
884 4701 0.05
884 12552 0.2
884 438 0.05
884 9531 0.05
884 9167 0.01
884 4345 0.01
884 8512 0.01
884 7324 0.05
884 1622 0.2
884 10037 0.2
884 6984 0.05
884 39 0.01
884 5482 0.01
884 1633 0.05
884 4957 0.01
885 1829 0.05
885 9149 0.01
885 9020 0.05
885 1028 0.2
885 3469 0.2
885 6839 0.2
885 2954 0.05
885 9980 0.01
885 6754 0.01
885 9361 0.01
885 3788 0.01
885 9339 0.01
885 1103 0.2
885 2257 0.05
885 992 0.01
885 10086 0.05
885 9591 0.01
885 9843 0.05
885 9848 0.05
885 8189 0.05
885 9088 0.05
885 1329 0.2
885 4152 0.05
885 10447 0.01
885 7468 0.2
886 9480 0.2
888 9088 0.05
889 4152 0.01
890 6947 0.05
891 2093 0.05
891 11650 0.05
892 5482 0.01
892 5810 0.05
893 4152 0.01
894 1730 0.05
894 9674 0.05
895 10341 0.05
896 10316 0.05
897 4152 0.01
897 9088 0.05
897 7426 0.2
898 9851 0.01
898 12552 0.01
899 4152 0.2
900 5487 0.2
900 5272 0.01
900 5342 0.01
900 9851 0.2
900 438 0.05
900 4066 0.2
900 4991 0.05
900 8755 0.2
900 5173 0.01
900 831 0.2
900 6673 0.01
900 574 0.05
900 9677 0.2
900 4793 0.05
900 898 0.2
900 5805 0.2
900 7324 0.05
903 4152 0.2
904 4152 0.01
905 2622 0.05
905 4525 0.05
905 9003 0.01
905 3842 0.05
905 191 0.2
905 9244 0.01
905 70 0.2
905 9673 0.2
905 12513 0.2
905 2312 0.2
905 8361 0.2
905 9624 0.2
905 7494 0.01
905 10120 0.01
905 3409 0.05
905 1468 0.01
905 1757 0.01
905 1814 0.01
905 11455 0.01
905 7025 0.01
905 11091 0.01
905 7409 0.05
905 3866 0.01
905 4152 0.2
905 1319 0.05
905 955 0.01
905 5482 0.2
905 5561 0.01
905 9020 0.2
905 9088 0.05
905 9950 0.05
905 9142 0.2
905 2283 0.01
906 4152 0.01
908 4701 0.05
909 4152 0.2
914 4152 0.05
915 2143 0.2
915 4152 0.05
917 9088 0.05
919 4152 0.2
920 4152 0.05
921 1488 0.01
922 4152 0.2
924 4152 0.2
925 811 0.2
925 3840 0.2
925 4523 0.05
926 8344 0.01
926 627 0.05
926 8885 0.01
926 7376 0.01
926 4661 0.2
926 6318 0.2
926 874 0.2
926 9975 0.01
926 7435 0.01
926 9720 0.2
926 10367 0.01
926 2637 0.05
926 11169 0.2
926 8856 0.05
926 9250 0.05
926 4808 0.05
926 8226 0.05
926 2496 0.2
926 5964 0.05
926 11706 0.2
926 10691 0.2
926 4991 0.05
926 9958 0.01
926 10689 0.01
926 11815 0.05
926 1322 0.05
926 10094 0.01
926 3408 0.2
926 2283 0.2
927 4152 0.2
928 4522 0.2
929 10120 0.05
930 4522 0.01
932 1 0.05
932 1982 0.05
932 9523 0.2
932 7959 0.01
932 12509 0.01
932 5439 0.2
932 12331 0.05
932 12284 0.05
932 2265 0.05
932 10236 0.01
932 4149 0.05
932 9088 0.05
932 4336 0.05
932 1622 0.05
933 5487 0.05
933 3190 0.2
934 4152 0.2
936 10495 0.01
936 2180 0.01
936 4020 0.01
936 3879 0.05
936 387 0.2
936 4701 0.05
936 5071 0.05
936 3164 0.05
936 234 0.2
936 10162 0.05
936 8319 0.2
936 1142 0.2
936 10265 0.01
936 6460 0.01
936 6653 0.05
936 12513 0.01
936 3388 0.05
936 1201 0.2
936 853 0.05
936 4152 0.2
936 11309 0.05
936 11310 0.01
936 709 0.2
936 9033 0.01
936 6873 0.01
936 9088 0.05
936 2016 0.2
936 6642 0.2
936 7290 0.05
936 5721 0.01
937 4152 0.2
938 5272 0.2
938 9733 0.01
938 353 0.01
938 234 0.01
938 2276 0.01
938 24 0.01
938 8672 0.01
938 1949 0.01
938 4700 0.05
938 2016 0.01
938 12411 0.05
938 6003 0.2
938 1622 0.01
938 4152 0.05
938 9619 0.05
938 11434 0.05
938 10782 0.2
940 9088 0.05
941 3802 0.2
941 7575 0.01
941 8132 0.2
941 6707 0.01
942 4152 0.01
944 4152 0.05
946 4152 0.05
947 808 0.2
948 4152 0.05
948 5820 0.01
949 367 0.05
951 4152 0.2
952 4152 0.2
953 9531 0.05
953 7543 0.05
953 5482 0.01
953 8177 0.05
953 9088 0.2
953 4336 0.2
953 4450 0.01
954 11488 0.05
955 8935 0.01
955 7265 0.05
955 174 0.01
955 9843 0.01
955 5435 0.2
955 1319 0.01
955 3618 0.01
955 11772 0.2
955 11326 0.01
955 9088 0.2
955 11695 0.01
955 905 0.05
955 4525 0.2
955 1622 0.05
955 4152 0.2
955 3114 0.01
957 2329 0.2
958 2257 0.01
958 7647 0.05
958 10495 0.01
958 6047 0.2
958 10256 0.01
958 1957 0.2
958 3771 0.01
958 672 0.01
958 12335 0.05
958 8378 0.2
958 12311 0.05
958 4263 0.2
958 2470 0.2
958 9203 0.2
958 1622 0.05
958 10698 0.05
959 1371 0.05
959 8869 0.05
959 1319 0.05
959 3954 0.05
959 113 0.01
959 8613 0.05
959 4177 0.05
959 4217 0.2
959 11254 0.2
961 2070 0.2
962 4152 0.05
963 8203 0.2
963 2496 0.01
963 11257 0.01
964 4396 0.2
967 4152 0.2
968 4152 0.05
969 4152 0.2
972 9732 0.2
972 10622 0.2
972 9720 0.2
972 4336 0.05
972 9094 0.05
972 9491 0.2
972 234 0.01
972 8894 0.05
972 10811 0.01
972 8568 0.05
972 8045 0.05
972 9088 0.2
972 12311 0.05
972 3788 0.05
972 9605 0.05
972 4525 0.2
972 10901 0.2
972 3018 0.2
972 6590 0.05
972 6291 0.01
972 932 0.01
973 4152 0.2
974 4152 0.01
975 443 0.01
977 1622 0.2
977 3633 0.05
979 4856 0.2
979 3178 0.05
979 4152 0.2
979 8670 0.01
980 4152 0.2
981 302 0.01
982 2144 0.2
982 2496 0.05
982 7105 0.05
982 3454 0.05
982 11706 0.05
982 4166 0.05
982 1530 0.05
982 4711 0.2
982 8481 0.01
982 8856 0.2
982 10037 0.2
983 9753 0.2
983 7883 0.01
984 821 0.05
985 8935 0.2
985 739 0.2
985 174 0.01
985 12220 0.2
985 6340 0.2
985 1622 0.2
985 5555 0.05
986 9085 0.2
986 12401 0.05
986 7601 0.2
986 4010 0.05
986 2606 0.01
987 1083 0.2
988 4152 0.2
989 8935 0.01
989 12071 0.05
989 4066 0.01
989 9260 0.05
989 11326 0.01
989 9674 0.2
989 1745 0.05
989 4926 0.2
989 7941 0.2
989 2242 0.01
989 4701 0.2
989 5071 0.05
989 6577 0.2
989 12084 0.01
989 3783 0.01
989 841 0.05
989 6803 0.01
989 7536 0.2
989 6673 0.05
989 4152 0.05
989 34 0.05
989 12513 0.05
989 1957 0.05
989 2213 0.2
989 5696 0.05
989 2265 0.05
989 9634 0.01
989 12100 0.05
989 518 0.01
989 1527 0.2
989 166 0.2
989 5805 0.2
989 663 0.2
989 2016 0.01
989 4099 0.05
989 2129 0.01
989 3409 0.2
989 6508 0.01
991 4152 0.2
992 4796 0.05
992 9410 0.2
992 9088 0.05
992 2016 0.05
992 4152 0.01
992 11434 0.01
993 6747 0.01
993 961 0.01
995 9088 0.05
996 4152 0.05
999 4152 0.2
1000 4152 0.05
1001 4152 0.01
1002 1279 0.05
1002 7376 0.2
1002 6709 0.01
1002 3254 0.01
1002 12305 0.05
1002 9975 0.05
1002 4453 0.2
1002 4166 0.01
1002 1950 0.05
1002 9720 0.2
1002 7257 0.01
1002 5554 0.01
1002 1458 0.05
1002 5960 0.05
1002 7266 0.01
1002 6857 0.01
1002 10522 0.2
1002 8045 0.01
1002 7898 0.05
1002 8517 0.01
1002 1182 0.01
1002 3900 0.2
1002 11809 0.05
1002 2069 0.2
1002 2877 0.05
1002 11815 0.05
1002 7285 0.05
1002 10094 0.05
1002 10292 0.05
1002 1735 0.01
1002 6060 0.01
1003 4152 0.2
1003 3340 0.01
1004 4152 0.2
1007 4152 0.05
1009 8378 0.01
1010 7810 0.05
1011 4152 0.2
1012 9088 0.01
1014 4152 0.01
1014 9088 0.2
1014 3601 0.01
1015 5461 0.2
1015 1577 0.2
1015 769 0.01
1015 1339 0.01
1015 1911 0.2
1015 4152 0.05
1015 3037 0.05
1017 5071 0.01
1017 11924 0.01
1017 11153 0.05
1017 5115 0.2
1017 10520 0.2
1017 7082 0.05
1017 1219 0.01
1017 1319 0.01
1017 2863 0.01
1017 9088 0.05
1017 1084 0.05
1017 239 0.05
1017 4152 0.2
1017 1555 0.2
1017 2335 0.2
1017 4837 0.2
1018 8237 0.05
1018 9088 0.05
1018 4042 0.2
1019 4152 0.01
1020 4152 0.05
1022 4152 0.05
1023 7795 0.05
1025 4152 0.01
1026 4152 0.01
1027 4152 0.05
1028 6722 0.01
1028 2257 0.01
1028 6624 0.01
1028 1625 0.2
1028 885 0.01
1028 10811 0.01
1028 9088 0.2
1028 12534 0.01
1028 12313 0.2
1028 4152 0.2
1028 1103 0.01
1028 9980 0.01
1028 8750 0.05
1029 6971 0.2
1029 8512 0.2
1029 5066 0.01
1029 4152 0.05
1029 5554 0.2
1029 4201 0.05
1030 9282 0.2
1031 7911 0.2
1031 8858 0.01
1031 7649 0.2
1032 10522 0.01
1033 1108 0.2
1034 7883 0.01
1035 4152 0.2
1036 9720 0.01
1036 2992 0.01
1036 2969 0.2
1036 6540 0.01
1036 5288 0.05
1036 8512 0.05
1036 5005 0.05
1036 2424 0.01
1036 9992 0.2
1036 4152 0.05
1036 6027 0.05
1036 7943 0.2
1037 12622 0.01
1038 9630 0.01
1039 6961 0.2
1039 12577 0.2
1039 1663 0.2
1040 5726 0.01
1041 3486 0.05
1043 5964 0.05
1043 8055 0.2
1044 8173 0.01
1044 6335 0.2
1044 4040 0.2
1046 4152 0.05
1047 9088 0.2
1048 5849 0.2
1051 9068 0.2
1052 4152 0.01
1054 8104 0.05
1054 7213 0.01
1055 4152 0.2
1056 4152 0.2
1057 4152 0.2
1059 191 0.01
1059 70 0.05
1059 1757 0.01
1059 871 0.01
1059 4042 0.05
1059 7433 0.01
1059 10367 0.2
1059 1405 0.01
1059 4152 0.05
1060 4152 0.2
1060 10495 0.01
1060 871 0.05
1060 11326 0.2
1060 9088 0.05
1060 6673 0.05
1060 1527 0.01
1060 3504 0.01
1060 234 0.2
1060 4701 0.05
1062 4152 0.01
1063 12507 0.2
1065 1783 0.05
1066 3190 0.05
1068 11533 0.01
1068 2888 0.01
1068 3469 0.01
1068 11111 0.2
1068 9980 0.01
1068 766 0.01
1068 9531 0.2
1068 11012 0.2
1068 3562 0.05
1068 1468 0.01
1068 10811 0.01
1068 12335 0.2
1068 5145 0.01
1068 11182 0.2
1068 1622 0.2
1068 10333 0.01
1068 12294 0.05
1068 7647 0.2
1068 9746 0.01
1068 4768 0.05
1068 9088 0.05
1068 2016 0.05
1068 9605 0.05
1068 4152 0.01
1068 8104 0.01
1069 2234 0.01
1070 10095 0.01
1071 1443 0.05
1071 4814 0.05
1071 4245 0.2
1071 9698 0.05
1071 9088 0.05
1071 61 0.2
1071 1622 0.01
1071 4152 0.01
1071 8789 0.01
1071 11434 0.01
1071 10096 0.01
1072 5124 0.2
1072 871 0.2
1072 9046 0.01
1072 5379 0.05
1072 1084 0.05
1072 7324 0.05
1073 9587 0.2
1075 4152 0.05
1076 12297 0.2
1076 2711 0.01
1076 91 0.05
1076 11235 0.05
1078 1757 0.01
1078 9088 0.01
1078 2017 0.05
1078 8568 0.05
1079 4152 0.05
1080 6628 0.05
1081 2969 0.05
1082 4152 0.2
1083 5822 0.05
1083 6600 0.05
1083 12166 0.2
1083 452 0.01
1083 4130 0.01
1083 3067 0.01
1083 6827 0.2
1083 7170 0.2
1083 5378 0.01
1083 987 0.01
1083 3992 0.01
1083 6771 0.05
1083 10037 0.2
1083 12088 0.05
1084 4784 0.2
1084 7977 0.2
1084 11874 0.05
1084 3203 0.01
1084 8 0.2
1084 4789 0.05
1084 7976 0.05
1084 2389 0.2
1084 778 0.01
1084 13 0.2
1084 11067 0.2
1084 4795 0.01
1084 1598 0.05
1084 1662 0.05
1084 6416 0.01
1084 785 0.05
1084 22 0.05
1084 787 0.01
1084 11077 0.01
1084 25 0.05
1084 11080 0.2
1084 5594 0.05
1084 11083 0.01
1084 1614 0.2
1084 7218 0.2
1084 5600 0.2
1084 4551 0.2
1084 11086 0.2
1084 4811 0.2
1084 3370 0.2
1084 5602 0.01
1084 2409 0.2
1084 8755 0.05
1084 5603 0.2
1084 3227 0.2
1084 11614 0.2
1084 1622 0.2
1084 5606 0.2
1084 5610 0.01
1084 806 0.05
1084 6444 0.2
1084 4829 0.2
1084 2421 0.01
1084 7234 0.05
1084 4057 0.05
1084 11921 0.2
1084 51 0.2
1084 5620 0.2
1084 8014 0.05
1084 1986 0.01
1084 4063 0.2
1084 4840 0.2
1084 819 0.01
1084 1595 0.01
1084 821 0.2
1084 9565 0.01
1084 6738 0.2
1084 8787 0.05
1084 4850 0.05
1084 5632 0.01
1084 1654 0.01
1084 836 0.05
1084 1977 0.05
1084 66 0.01
1084 8031 0.05
1084 1730 0.05
1084 6477 0.01
1084 3268 0.2
1084 11944 0.01
1084 4860 0.2
1084 11947 0.2
1084 8803 0.05
1084 4080 0.05
1084 11127 0.01
1084 5275 0.01
1084 11949 0.05
1084 848 0.05
1084 6881 0.2
1084 3279 0.05
1084 2462 0.01
1084 9595 0.05
1084 2104 0.05
1084 6498 0.05
1084 8196 0.01
1084 4094 0.05
1084 1675 0.2
1084 11961 0.2
1084 3287 0.01
1084 2731 0.01
1084 12013 0.05
1084 11043 0.05
1084 6504 0.01
1084 9605 0.2
1084 6505 0.2
1084 8832 0.01
1084 5668 0.01
1084 253 0.2
1084 866 0.2
1084 871 0.2
1084 96 0.05
1084 11160 0.2
1084 4905 0.2
1084 4109 0.01
1084 4910 0.2
1084 878 0.2
1084 7065 0.05
1084 2484 0.05
1084 10411 0.05
1084 5682 0.01
1084 882 0.01
1084 9790 0.05
1084 8678 0.05
1084 11781 0.2
1084 114 0.2
1084 9621 0.2
1084 8857 0.05
1084 4924 0.2
1084 9627 0.2
1084 1706 0.05
1084 4127 0.2
1084 3028 0.05
1084 9325 0.01
1084 901 0.01
1084 1757 0.2
1084 7324 0.01
1084 10432 0.01
1084 3337 0.05
1084 8090 0.05
1084 10328 0.2
1084 4141 0.05
1084 3365 0.2
1084 4947 0.2
1084 911 0.05
1084 912 0.2
1084 8749 0.01
1084 4949 0.01
1084 4149 0.01
1084 131 0.05
1084 7332 0.01
1084 10443 0.2
1084 8879 0.2
1084 3354 0.2
1084 4952 0.05
1084 8101 0.01
1084 264 0.05
1084 8106 0.2
1084 8886 0.01
1084 139 0.01
1084 7338 0.01
1084 1745 0.05
1084 142 0.01
1084 1748 0.05
1084 10455 0.01
1084 5751 0.2
1084 4970 0.05
1084 970 0.01
1084 9673 0.05
1084 11225 0.01
1084 997 0.2
1084 2536 0.2
1084 8127 0.2
1084 10464 0.01
1084 12045 0.05
1084 9681 0.05
1084 10465 0.2
1084 1761 0.2
1084 943 0.2
1084 155 0.01
1084 10468 0.05
1084 945 0.01
1084 3253 0.2
1084 1764 0.2
1084 948 0.01
1084 5239 0.2
1084 10476 0.05
1084 3225 0.2
1084 4202 0.05
1084 4204 0.2
1084 10482 0.01
1084 3405 0.2
1084 10484 0.2
1084 3759 0.01
1084 9698 0.2
1084 4209 0.01
1084 1778 0.01
1084 12239 0.05
1084 8834 0.2
1084 10490 0.2
1084 12207 0.2
1084 1190 0.05
1084 971 0.2
1084 181 0.05
1084 9485 0.05
1084 12075 0.2
1084 2285 0.2
1084 1333 0.01
1084 4231 0.05
1084 1061 0.05
1084 191 0.05
1084 1803 0.05
1084 6628 0.05
1084 9726 0.01
1084 4238 0.01
1084 1806 0.05
1084 4240 0.2
1084 3517 0.2
1084 8960 0.2
1084 7398 0.2
1084 10836 0.05
1084 11290 0.2
1084 6294 0.2
1084 12431 0.05
1084 10059 0.2
1084 4250 0.2
1084 9743 0.2
1084 11300 0.2
1084 5040 0.01
1084 3450 0.01
1084 3881 0.01
1084 1820 0.2
1084 10734 0.2
1084 3453 0.05
1084 4087 0.2
1084 9359 0.05
1084 9749 0.2
1084 8978 0.01
1084 1017 0.2
1084 7421 0.2
1084 3104 0.01
1084 8130 0.2
1084 223 0.2
1084 3384 0.2
1084 2620 0.2
1084 8994 0.05
1084 11326 0.2
1084 3471 0.01
1084 8211 0.05
1084 2631 0.2
1084 5071 0.05
1084 3835 0.2
1084 1884 0.2
1084 9773 0.2
1084 11337 0.2
1084 4054 0.05
1084 7045 0.2
1084 5082 0.2
1084 8222 0.2
1084 2643 0.05
1084 239 0.05
1084 9018 0.01
1084 3256 0.2
1084 11347 0.01
1084 8074 0.01
1084 2652 0.05
1084 1857 0.01
1084 5844 0.01
1084 5092 0.2
1084 5851 0.01
1084 1684 0.01
1084 6520 0.05
1084 10580 0.01
1084 8237 0.05
1084 4944 0.2
1084 9793 0.05
1084 9796 0.01
1084 3368 0.01
1084 4973 0.2
1084 5379 0.05
1084 10590 0.01
1084 5111 0.2
1084 6700 0.01
1084 9201 0.05
1084 10596 0.05
1084 8251 0.01
1084 12165 0.2
1084 9040 0.2
1084 276 0.2
1084 10600 0.2
1084 5892 0.01
1084 8195 0.2
1084 7207 0.2
1084 3467 0.2
1084 3524 0.05
1084 11386 0.01
1084 1887 0.2
1084 10608 0.2
1084 5124 0.05
1084 10613 0.2
1084 2697 0.2
1084 9059 0.01
1084 1897 0.05
1084 9061 0.05
1084 8275 0.05
1084 1099 0.2
1084 9067 0.05
1084 6721 0.2
1084 304 0.01
1084 9068 0.01
1084 5385 0.2
1084 5906 0.05
1084 2708 0.01
1084 1108 0.2
1084 5144 0.05
1084 5758 0.01
1084 311 0.2
1084 4351 0.2
1084 1917 0.2
1084 5916 0.2
1084 8292 0.05
1084 11412 0.2
1084 12201 0.2
1084 9088 0.2
1084 12311 0.2
1084 2132 0.01
1084 10010 0.2
1084 1120 0.01
1084 4368 0.05
1084 5162 0.05
1084 319 0.01
1084 322 0.2
1084 9096 0.01
1084 3570 0.01
1084 1937 0.01
1084 685 0.2
1084 5369 0.2
1084 5177 0.01
1084 10661 0.05
1084 5944 0.01
1084 11800 0.05
1084 2737 0.05
1084 2622 0.2
1084 9108 0.05
1084 2743 0.01
1084 7703 0.01
1084 11442 0.2
1084 8079 0.05
1084 6321 0.01
1084 5958 0.05
1084 1949 0.05
1084 2440 0.2
1084 5274 0.01
1084 4525 0.01
1084 2761 0.01
1084 3603 0.05
1084 5202 0.2
1084 8335 0.01
1084 9903 0.2
1084 5978 0.2
1084 11123 0.2
1084 9133 0.05
1084 2770 0.05
1084 8339 0.2
1084 1162 0.2
1084 5145 0.05
1084 2776 0.01
1084 5218 0.2
1084 7204 0.05
1084 9919 0.2
1084 2425 0.01
1084 6796 0.01
1084 8782 0.2
1084 5653 0.01
1084 6010 0.2
1084 4096 0.01
1084 7579 0.05
1084 8833 0.2
1084 393 0.2
1084 12272 0.05
1084 1995 0.01
1084 2804 0.05
1084 6803 0.01
1084 11604 0.01
1084 12276 0.2
1084 1195 0.05
1084 8369 0.05
1084 9173 0.05
1084 9947 0.05
1084 4447 0.01
1084 8916 0.2
1084 4450 0.2
1084 5686 0.05
1084 3653 0.2
1084 2822 0.2
1084 8380 0.01
1084 12116 0.01
1084 7380 0.2
1084 2830 0.05
1084 2016 0.05
1084 8389 0.01
1084 11617 0.2
1084 11533 0.2
1084 1224 0.2
1084 9969 0.01
1084 11536 0.01
1084 7617 0.2
1084 11538 0.05
1084 1229 0.05
1084 2032 0.01
1084 5269 0.05
1084 1469 0.05
1084 5272 0.2
1084 9984 0.2
1084 5618 0.05
1084 6073 0.01
1084 7625 0.2
1084 4199 0.05
1084 8238 0.2
1084 2190 0.2
1084 4489 0.05
1084 7629 0.05
1084 9993 0.01
1084 4491 0.05
1084 3700 0.2
1084 7640 0.01
1084 3842 0.05
1084 11566 0.2
1084 6443 0.01
1084 4501 0.01
1084 6870 0.01
1084 6131 0.2
1084 1527 0.2
1084 3200 0.01
1084 10009 0.2
1084 1265 0.01
1084 3713 0.01
1084 10772 0.2
1084 4582 0.2
1084 1380 0.01
1084 5303 0.2
1084 11540 0.05
1084 10883 0.01
1084 6886 0.01
1084 6105 0.2
1084 4521 0.2
1084 8955 0.2
1084 10510 0.05
1084 6896 0.2
1084 6268 0.01
1084 7859 0.2
1084 7673 0.2
1084 492 0.01
1084 7675 0.01
1084 12376 0.05
1084 10028 0.2
1084 3128 0.05
1084 4726 0.01
1084 7644 0.01
1084 10651 0.01
1084 703 0.01
1084 4748 0.01
1084 11605 0.05
1084 1536 0.2
1084 10811 0.01
1084 6135 0.2
1084 12389 0.01
1084 10037 0.05
1084 7702 0.05
1084 8472 0.05
1084 2117 0.05
1084 10819 0.2
1084 1319 0.05
1084 6932 0.05
1084 8478 0.05
1084 6143 0.01
1084 8479 0.05
1084 1325 0.2
1084 8482 0.01
1084 10825 0.2
1084 12401 0.01
1084 8681 0.2
1084 4562 0.2
1084 3323 0.2
1084 2941 0.01
1084 4509 0.2
1084 10835 0.2
1084 6556 0.01
1084 3775 0.2
1084 11221 0.01
1084 11636 0.05
1084 3363 0.2
1084 11520 0.01
1084 6961 0.05
1084 605 0.2
1084 6170 0.05
1084 4024 0.2
1084 3577 0.01
1084 10780 0.05
1084 1704 0.05
1084 4152 0.05
1084 6968 0.05
1084 230 0.2
1084 11652 0.01
1084 1814 0.05
1084 11654 0.01
1084 564 0.2
1084 2470 0.01
1084 1867 0.01
1084 6184 0.2
1084 7742 0.05
1084 8172 0.2
1084 6187 0.05
1084 5132 0.2
1084 6983 0.01
1084 7025 0.05
1084 3812 0.2
1084 2167 0.2
1084 7749 0.2
1084 10866 0.05
1084 8528 0.01
1084 6989 0.2
1084 574 0.2
1084 12447 0.01
1084 2988 0.01
1084 582 0.01
1084 3862 0.01
1084 2180 0.2
1084 6204 0.2
1084 7764 0.05
1084 6208 0.2
1084 5403 0.2
1084 8543 0.01
1084 9329 0.05
1084 3001 0.01
1084 6214 0.2
1084 3697 0.2
1084 3704 0.2
1084 2194 0.05
1084 3006 0.01
1084 6456 0.05
1084 7775 0.2
1084 209 0.2
1084 9339 0.01
1084 5721 0.01
1084 11012 0.01
1084 6225 0.01
1084 10892 0.2
1084 3023 0.05
1084 10120 0.01
1084 2207 0.01
1084 4633 0.01
1084 8677 0.2
1084 2213 0.2
1084 7789 0.01
1084 10086 0.2
1084 8569 0.05
1084 9350 0.2
1084 1422 0.2
1084 3036 0.01
1084 12480 0.05
1084 12482 0.2
1084 2221 0.01
1084 5436 0.05
1084 10138 0.01
1084 11457 0.01
1084 10141 0.2
1084 2228 0.2
1084 8588 0.05
1084 3046 0.05
1084 11778 0.05
1084 2235 0.01
1084 7114 0.2
1084 628 0.2
1084 7041 0.01
1084 7042 0.01
1084 3054 0.05
1084 8603 0.2
1084 11832 0.01
1084 8605 0.01
1084 12504 0.05
1084 7179 0.05
1084 7833 0.05
1084 766 0.05
1084 3072 0.2
1084 641 0.2
1084 12513 0.05
1084 7067 0.2
1084 1468 0.2
1084 5472 0.01
1084 11956 0.2
1084 1471 0.2
1084 2266 0.05
1084 2267 0.05
1084 11759 0.05
1084 1473 0.01
1084 10417 0.01
1084 1474 0.05
1084 2095 0.01
1084 7863 0.01
1084 3732 0.2
1084 5485 0.2
1084 10187 0.2
1084 8627 0.05
1084 2901 0.05
1084 7097 0.05
1084 3911 0.01
1084 5487 0.2
1084 10195 0.2
1084 7875 0.05
1084 12099 0.05
1084 3108 0.05
1084 672 0.05
1084 1492 0.05
1084 6527 0.05
1084 7427 0.05
1084 2294 0.2
1084 3112 0.01
1084 3114 0.01
1084 12137 0.2
1084 11914 0.2
1084 2303 0.01
1084 9278 0.05
1084 12561 0.01
1084 1346 0.2
1084 3129 0.01
1084 8652 0.05
1084 10989 0.2
1084 2468 0.2
1084 10222 0.01
1084 7232 0.2
1084 11468 0.01
1084 8205 0.01
1084 2512 0.2
1084 1188 0.2
1084 9904 0.01
1084 1519 0.2
1084 9721 0.2
1084 7910 0.05
1084 11006 0.2
1084 9454 0.01
1084 12589 0.01
1084 10690 0.2
1084 12591 0.05
1084 4732 0.2
1084 2334 0.2
1084 87 0.05
1084 10445 0.2
1084 4734 0.01
1084 3190 0.05
1084 8676 0.05
1084 7153 0.01
1084 5527 0.2
1084 1865 0.2
1084 11831 0.05
1084 1541 0.01
1084 11011 0.05
1084 5530 0.2
1084 7930 0.2
1084 11737 0.01
1084 727 0.05
1084 10693 0.05
1084 2999 0.2
1084 10809 0.01
1084 7774 0.2
1084 1403 0.01
1084 3910 0.2
1084 739 0.2
1084 3060 0.01
1084 9491 0.2
1084 12519 0.01
1084 12522 0.05
1084 744 0.01
1084 11477 0.01
1084 7954 0.2
1084 5554 0.2
1084 5555 0.2
1084 7956 0.01
1084 7957 0.2
1084 10284 0.2
1084 2374 0.05
1084 9503 0.05
1084 9504 0.01
1084 5565 0.01
1084 2382 0.05
1084 10291 0.01
1087 12158 0.01
1087 8574 0.05
1087 191 0.05
1087 1707 0.01
1087 1319 0.01
1087 4730 0.2
1087 11767 0.01
1087 1857 0.2
1087 7213 0.05
1087 1831 0.05
1087 695 0.05
1087 78 0.05
1087 4789 0.01
1087 4829 0.01
1087 9088 0.2
1087 10690 0.05
1087 1622 0.01
1087 4152 0.2
1087 1949 0.2
1087 5554 0.2
1089 1333 0.05
1089 2193 0.2
1089 8161 0.05
1089 9096 0.2
1089 4250 0.2
1089 11145 0.2
1089 2367 0.01
1089 8129 0.05
1090 2180 0.2
1090 5063 0.05
1091 9088 0.05
1092 5872 0.2
1092 2523 0.2
1092 11233 0.01
1092 10441 0.2
1092 10382 0.05
1092 7686 0.05
1093 9088 0.01
1094 11886 0.2
1095 8512 0.05
1096 9416 0.05
1097 4152 0.05
1098 10168 0.05
1098 1158 0.05
1098 407 0.2
1098 9463 0.01
1098 2798 0.2
1098 10811 0.01
1098 2063 0.05
1098 7602 0.01
1098 6303 0.01
1098 9088 0.01
1098 12499 0.2
1098 10495 0.2
1098 9975 0.05
1098 10774 0.01
1098 1622 0.01
1098 4152 0.01
1098 2334 0.01
1098 10316 0.05
1099 273 0.2
1099 11319 0.2
1099 174 0.01
1099 10547 0.2
1099 871 0.01
1099 4066 0.05
1099 10782 0.05
1099 430 0.2
1099 11434 0.01
1099 12607 0.05
1099 3538 0.2
1099 8917 0.05
1099 9673 0.05
1099 4336 0.01
1099 9619 0.2
1099 3114 0.01
1099 9483 0.2
1099 7543 0.05
1099 1949 0.01
1099 7494 0.01
1099 7691 0.01
1099 9068 0.01
1099 10220 0.2
1099 1957 0.2
1099 10524 0.01
1099 8045 0.01
1099 10529 0.2
1099 1757 0.2
1099 6003 0.01
1099 10632 0.2
1099 10037 0.01
1099 5857 0.01
1099 5721 0.01
1099 9693 0.05
1099 7863 0.01
1099 7802 0.2
1099 7749 0.05
1099 9088 0.2
1099 7811 0.2
1099 11921 0.2
1099 4152 0.01
1099 3504 0.2
1100 4152 0.2
1101 38 0.2
1102 10094 0.05
1103 2257 0.01
1103 10147 0.01
1103 1625 0.05
1103 1757 0.2
1103 6405 0.05
1103 885 0.05
1103 10037 0.01
1103 901 0.01
1103 9088 0.05
1103 2016 0.2
1103 12534 0.01
1103 4152 0.2
1103 11434 0.01
1103 9980 0.2
1104 4152 0.2
1105 8527 0.2
1107 10140 0.05
1108 7875 0.01
1108 11679 0.2
1108 10297 0.2
1108 2947 0.05
1108 1033 0.05
1108 5066 0.2
1108 9975 0.2
1108 9273 0.01
1108 3114 0.01
1108 4967 0.05
1108 9875 0.05
1108 7054 0.01
1108 11576 0.01
1108 12511 0.01
1108 11746 0.01
1108 9531 0.2
1108 9872 0.2
1108 7394 0.2
1108 8506 0.05
1108 2589 0.01
1108 3272 0.2
1108 10559 0.01
1108 1453 0.01
1108 2757 0.05
1108 6590 0.2
1108 7269 0.2
1108 10811 0.01
1108 2145 0.2
1108 7324 0.2
1108 1622 0.01
1108 10037 0.01
1108 5554 0.05
1108 4152 0.2
1108 7848 0.01
1108 3961 0.2
1108 8725 0.2
1108 1527 0.01
1109 6207 0.2
1109 5066 0.2
1111 4241 0.05
1111 4152 0.2
1112 4152 0.05
1112 60 0.05
1113 4152 0.01
1114 4152 0.2
1115 5369 0.2
1116 9531 0.05
1116 1319 0.01
1117 9300 0.05
1118 302 0.05
1118 9591 0.05
1119 4152 0.2
1121 7023 0.2
1121 5482 0.2
1122 9716 0.2
1125 4152 0.01
1128 6996 0.05
1128 649 0.01
1128 4781 0.05
1128 9701 0.05
1128 2896 0.01
1128 2053 0.01
1129 91 0.05
1129 4066 0.2
1129 2434 0.2
1129 97 0.05
1129 5938 0.05
1129 11434 0.01
1129 2896 0.01
1129 5779 0.2
1129 4701 0.2
1129 12552 0.01
1129 3217 0.2
1129 10210 0.2
1129 9531 0.01
1129 2242 0.2
1129 795 0.01
1129 11065 0.05
1129 11121 0.2
1129 5732 0.01
1129 9625 0.2
1129 3251 0.05
1129 5010 0.05
1129 12566 0.05
1129 4345 0.01
1129 1579 0.01
1129 561 0.05
1129 4040 0.2
1129 1961 0.2
1129 8755 0.05
1129 3899 0.05
1129 4727 0.2
1129 6044 0.05
1129 4139 0.2
1129 9843 0.05
1129 10736 0.2
1129 9262 0.05
1129 2730 0.2
1131 5374 0.05
1131 10811 0.01
1132 625 0.05
1132 7714 0.2
1133 5889 0.2
1134 3214 0.05
1135 2717 0.01
1135 11712 0.05
1135 10296 0.2
1135 6745 0.2
1135 4801 0.05
1135 11672 0.05
1136 4152 0.05
1137 4152 0.2
1138 8383 0.05
1140 3383 0.2
1141 8481 0.05
1142 8301 0.2
1142 6246 0.01
1142 12355 0.2
1142 7875 0.01
1142 7373 0.2
1142 4065 0.01
1142 11481 0.05
1142 5999 0.2
1142 11733 0.01
1142 3879 0.01
1142 5066 0.01
1142 1777 0.2
1142 11515 0.05
1142 387 0.05
1142 12376 0.2
1142 10608 0.2
1142 8278 0.2
1142 9496 0.2
1142 880 0.2
1142 936 0.01
1142 8292 0.01
1142 3114 0.05
1142 10265 0.2
1142 11083 0.01
1142 11012 0.01
1142 3943 0.01
1142 420 0.05
1142 9489 0.2
1142 7541 0.05
1142 8237 0.01
1142 7538 0.01
1142 10811 0.05
1142 1108 0.01
1142 4448 0.05
1142 8420 0.01
1142 10774 0.2
1142 1622 0.01
1142 9638 0.2
1142 10037 0.05
1142 853 0.05
1142 6093 0.2
1142 12482 0.2
1142 1319 0.2
1142 9359 0.05
1142 7749 0.2
1142 8926 0.2
1142 7414 0.01
1142 9033 0.01
1142 8093 0.2
1142 574 0.05
1142 3241 0.05
1142 2016 0.01
1142 2612 0.01
1142 1271 0.2
1142 4152 0.2
1142 2077 0.05
1143 4152 0.01
1145 4152 0.01
1146 3246 0.2
1147 11488 0.2
1148 1622 0.2
1150 3094 0.2
1150 8108 0.01
1150 4615 0.2
1150 8764 0.01
1150 10081 0.2
1150 4152 0.01
1150 6163 0.05
1151 3383 0.01
1152 4152 0.2
1154 12312 0.01
1155 7253 0.01
1157 4152 0.01
1158 5071 0.05
1158 5992 0.05
1158 1412 0.05
1158 7691 0.2
1158 8173 0.05
1158 3388 0.05
1158 9491 0.2
1158 10811 0.01
1158 8568 0.2
1158 9287 0.01
1158 7165 0.2
1158 4793 0.2
1158 9088 0.01
1158 7533 0.01
1158 7437 0.2
1158 10495 0.05
1158 8320 0.2
1158 1622 0.2
1158 4152 0.2
1158 1098 0.05
1158 9720 0.05
1159 5465 0.05
1159 4152 0.01
1160 3625 0.2
1160 10811 0.01
1160 1108 0.05
1160 4287 0.05
1160 9088 0.2
1160 5066 0.01
1160 1622 0.05
1160 4152 0.01
1160 10037 0.05
1160 3114 0.2
1163 5487 0.01
1163 1230 0.2
1167 2888 0.01
1167 11225 0.2
1168 5782 0.05
1168 2265 0.05
1169 6278 0.01
1170 12234 0.2
1171 3766 0.05
1172 6093 0.2
1173 3204 0.2
1174 6028 0.05
1174 6333 0.2
1175 1622 0.05
1177 4152 0.05
1178 9088 0.2
1179 4152 0.05
1180 2703 0.01
1180 7567 0.05
1180 11410 0.05
1180 8512 0.2
1180 518 0.05
1182 1002 0.2
1183 4152 0.01
1186 10921 0.05
1186 6460 0.01
1186 6463 0.05
1186 11434 0.01
1186 3114 0.05
1186 4796 0.2
1186 9720 0.01
1186 12525 0.2
1186 2004 0.2
1186 2398 0.01
1186 12513 0.05
1186 11992 0.05
1186 8271 0.05
1186 6746 0.2
1186 992 0.2
1186 3372 0.01
1186 4814 0.2
1186 3798 0.05
1186 8568 0.01
1186 3395 0.05
1186 1622 0.01
1186 2923 0.05
1186 10006 0.2
1186 2981 0.2
1186 9410 0.05
1186 9700 0.01
1186 9605 0.2
1186 1071 0.01
1186 4152 0.05
1187 9846 0.05
1187 1704 0.05
1188 8943 0.01
1188 9593 0.2
1188 4152 0.05
1188 3252 0.01
1192 4152 0.2
1192 9088 0.2
1193 4152 0.01
1194 5644 0.05
1195 4152 0.2
1196 11772 0.01
1196 12593 0.01
1197 7162 0.2
1198 9088 0.01
1199 4152 0.05
1200 11318 0.01
1200 174 0.01
1200 7865 0.01
1200 10690 0.01
1200 672 0.2
1200 9088 0.05
1200 12513 0.01
1200 9491 0.01
1200 9975 0.01
1200 9339 0.01
1200 4152 0.2
1200 10037 0.2
1201 885 0.05
1201 1622 0.2
1201 9088 0.01
1201 4152 0.2
1201 10811 0.01
1202 9088 0.05
1203 10037 0.05
1204 9300 0.2
1205 4345 0.05
1205 9786 0.05
1205 8170 0.2
1205 1633 0.05
1205 1292 0.05
1205 11405 0.01
1206 4152 0.2
1207 8137 0.05
1208 4152 0.05
1211 4272 0.01
1211 4152 0.2
1211 5379 0.01
1212 3182 0.01
1212 1622 0.2
1213 10830 0.05
1213 7904 0.05
1213 10633 0.2
1214 11183 0.01
1214 4152 0.2
1214 8746 0.05
1215 4152 0.05
1215 9088 0.2
1216 11318 0.01
1216 174 0.05
1216 10495 0.01
1216 1831 0.2
1216 8840 0.2
1216 9975 0.05
1216 9715 0.05
1216 4525 0.2
1216 553 0.01
1216 9003 0.01
1216 390 0.2
1216 3842 0.01
1216 9379 0.05
1216 5123 0.2
1216 3585 0.01
1216 9531 0.05
1216 11695 0.05
1216 12513 0.2
1216 4152 0.05
1216 9624 0.01
1216 10376 0.2
1216 7691 0.05
1216 5794 0.01
1216 8568 0.05
1216 8807 0.05
1216 3810 0.2
1216 7647 0.05
1216 3144 0.05
1216 5482 0.01
1216 9088 0.05
1216 9605 0.05
1216 11418 0.01
1216 6700 0.05
1216 12401 0.2
1216 5620 0.05
1217 10705 0.05
1217 4268 0.05
1219 10746 0.05
1219 12030 0.05
1219 4837 0.01
1219 10495 0.2
1219 7568 0.01
1219 2675 0.2
1219 3469 0.2
1219 8795 0.01
1219 9088 0.01
1219 11953 0.2
1219 6532 0.05
1219 1527 0.01
1219 4773 0.2
1219 4622 0.05
1219 1017 0.05
1221 4152 0.01
1222 4152 0.01
1223 4152 0.2
1224 8935 0.01
1224 174 0.05
1224 4018 0.01
1224 12522 0.01
1224 7324 0.05
1224 4793 0.05
1224 187 0.01
1224 5798 0.2
1224 11887 0.2
1224 3842 0.2
1224 12461 0.2
1224 8167 0.05
1224 10113 0.05
1224 10495 0.05
1224 8755 0.05
1224 8378 0.2
1224 4250 0.2
1224 1422 0.01
1224 2817 0.05
1224 1622 0.01
1224 9843 0.2
1224 8575 0.01
1224 8381 0.01
1224 808 0.01
1224 2292 0.05
1224 5805 0.05
1224 5081 0.2
1224 2016 0.01
1224 11921 0.05
1224 5620 0.2
1224 4066 0.05
1224 2435 0.05
1224 3253 0.05
1224 2627 0.05
1224 5014 0.2
1224 2242 0.2
1224 831 0.05
1224 233 0.05
1224 9203 0.01
1224 9777 0.05
1224 6472 0.01
1224 4152 0.05
1224 6673 0.2
1224 12513 0.2
1224 6479 0.01
1224 8082 0.2
1224 70 0.2
1224 5287 0.2
1224 2265 0.2
1224 249 0.2
1224 12335 0.01
1224 10002 0.05
1224 9790 0.05
1224 2871 0.05
1224 6093 0.2
1224 6142 0.2
1224 6873 0.05
1224 5297 0.2
1224 7865 0.05
1224 5663 0.01
1224 9605 0.05
1224 6621 0.2
1224 2888 0.05
1224 12545 0.05
1224 4700 0.2
1224 8065 0.01
1224 7663 0.01
1224 4701 0.2
1224 12376 0.05
1224 9531 0.05
1224 8854 0.2
1224 1507 0.2
1224 9435 0.2
1224 4738 0.05
1224 4718 0.01
1224 4127 0.01
1224 9068 0.01
1224 10220 0.05
1224 9760 0.01
1224 6003 0.05
1224 3340 0.05
1224 5148 0.2
1224 706 0.05
1224 2935 0.2
1224 12225 0.05
1224 1527 0.2
1224 9463 0.2
1224 6545 0.05
1224 724 0.05
1224 10782 0.05
1224 4165 0.05
1224 11434 0.2
1224 932 0.2
1224 6577 0.2
1224 7936 0.05
1224 8319 0.05
1224 12238 0.01
1224 5272 0.01
1224 739 0.01
1224 1957 0.01
1224 11654 0.2
1224 8512 0.01
1224 11237 0.2
1224 9690 0.05
1224 204 0.2
1224 9307 0.2
1224 5555 0.2
1224 1371 0.01
1224 2737 0.01
1224 574 0.01
1224 10096 0.05
1224 9317 0.01
1224 10698 0.01
1224 7369 0.01
1225 8920 0.05
1225 898 0.2
1225 9851 0.01
1225 1230 0.01
1225 11122 0.05
1225 2896 0.2
1225 5732 0.01
1227 5071 0.01
1227 6984 0.05
1227 5916 0.2
1227 9628 0.01
1227 8512 0.01
1227 2933 0.2
1227 12489 0.05
1227 3395 0.05
1227 10141 0.01
1227 4152 0.01
1228 4152 0.2
1229 9088 0.05
1229 6128 0.05
1231 4152 0.2
1232 12093 0.01
1234 4522 0.01
1236 3413 0.2
1236 5554 0.01
1236 3454 0.01
1236 4341 0.01
1236 12401 0.2
1236 3900 0.05
1237 367 0.05
1237 821 0.05
1237 7663 0.05
1237 8151 0.2
1237 4793 0.05
1237 9975 0.2
1237 13 0.05
1237 10782 0.01
1237 3174 0.2
1237 11636 0.2
1237 4701 0.01
1237 5071 0.2
1237 7202 0.2
1237 1497 0.05
1237 191 0.2
1237 10664 0.2
1237 5123 0.2
1237 11439 0.2
1237 234 0.05
1237 6754 0.2
1237 3560 0.2
1237 7838 0.2
1237 11695 0.2
1237 10512 0.05
1237 3737 0.05
1237 6128 0.05
1237 9624 0.2
1237 2846 0.01
1237 1955 0.01
1237 766 0.05
1237 4764 0.05
1237 1468 0.05
1237 7329 0.05
1237 1857 0.05
1237 351 0.01
1237 10811 0.05
1237 4594 0.01
1237 12531 0.01
1237 4250 0.2
1237 5239 0.01
1237 4770 0.05
1237 7324 0.05
1237 612 0.05
1237 1371 0.2
1237 211 0.01
1237 6819 0.2
1237 5435 0.05
1237 7863 0.05
1237 8822 0.05
1237 1524 0.01
1237 10690 0.05
1237 7749 0.05
1237 5482 0.2
1237 1865 0.01
1237 5863 0.01
1237 7865 0.2
1237 9700 0.05
1237 9088 0.01
1237 4042 0.05
1237 5620 0.2
1237 4152 0.05
1237 8104 0.05
1238 70 0.01
1239 7278 0.01
1239 5659 0.2
1239 3585 0.2
1239 12335 0.2
1239 9088 0.05
1239 4962 0.05
1240 7592 0.01
1240 211 0.05
1240 8365 0.01
1240 7647 0.05
1240 12414 0.2
1240 9919 0.01
1240 9758 0.2
1240 6961 0.2
1240 5482 0.2
1240 3135 0.2
1240 8151 0.05
1240 9975 0.05
1240 4450 0.2
1240 9088 0.2
1240 4250 0.2
1240 1422 0.05
1240 4525 0.05
1240 4042 0.01
1240 4152 0.01
1240 672 0.01
1240 4834 0.01
1241 11326 0.05
1242 3411 0.01
1242 5992 0.2
1242 10195 0.05
1242 10495 0.2
1242 6545 0.05
1242 8681 0.05
1242 10204 0.2
1242 11434 0.2
1242 4701 0.05
1242 5071 0.01
1242 7888 0.05
1242 6752 0.01
1242 2798 0.01
1242 4330 0.01
1242 9361 0.2
1242 7808 0.01
1242 9484 0.01
1242 8320 0.01
1242 1949 0.05
1242 4152 0.05
1242 7218 0.01
1242 5600 0.2
1242 1957 0.05
1242 10811 0.2
1242 12576 0.01
1242 1422 0.01
1242 11083 0.01
1242 1622 0.01
1242 10037 0.01
1242 8575 0.05
1242 5101 0.01
1242 7283 0.05
1242 8479 0.05
1242 9410 0.05
1242 9088 0.05
1242 10140 0.05
1242 1329 0.05
1242 1527 0.2
1242 1219 0.01
1242 1993 0.05
1242 3409 0.01
1244 12268 0.01
1244 4040 0.01
1245 10196 0.05
1246 12031 0.05
1247 5992 0.01
1248 4152 0.2
1249 7412 0.05
1249 107 0.01
1249 9782 0.01
1249 160 0.05
1249 4991 0.05
1249 12231 0.01
1249 2535 0.01
1249 1622 0.2
1249 4152 0.01
1249 11713 0.05
1250 4152 0.05
1253 9480 0.01
1254 11233 0.2
1254 5320 0.01
1254 3217 0.01
1254 2016 0.05
1254 11083 0.2
1254 11543 0.01
1254 11247 0.2
1254 2896 0.2
1255 9602 0.01
1255 7324 0.05
1255 9846 0.05
1255 11090 0.2
1255 7166 0.05
1259 9088 0.05
1260 12093 0.01
1263 1622 0.2
1264 1319 0.2
1265 174 0.01
1265 2888 0.2
1265 11626 0.2
1265 3205 0.2
1265 11326 0.01
1265 1084 0.05
1265 553 0.05
1265 3526 0.2
1265 2795 0.05
1265 6852 0.01
1265 4152 0.05
1265 114 0.01
1265 12513 0.2
1265 4387 0.01
1265 989 0.01
1265 10376 0.01
1265 12317 0.2
1265 5239 0.05
1265 5475 0.05
1265 10628 0.01
1265 1422 0.01
1265 7324 0.05
1265 612 0.2
1265 5385 0.01
1265 12401 0.05
1265 7903 0.01
1265 4142 0.01
1265 10690 0.01
1265 1319 0.2
1265 958 0.2
1265 9317 0.05
1265 1675 0.2
1265 1527 0.2
1265 3409 0.01
1266 1488 0.05
1266 1727 0.01
1266 11695 0.01
1267 1770 0.01
1268 1857 0.05
1269 5842 0.01
1270 4152 0.2
1270 9088 0.2
1270 1686 0.05
1272 2766 0.2
1273 12328 0.01
1274 9088 0.01
1275 4852 0.05
1277 10606 0.2
1278 4152 0.01
1279 6944 0.2
1279 2434 0.2
1279 5727 0.01
1279 1833 0.01
1279 8430 0.05
1279 3109 0.01
1279 8979 0.05
1279 9441 0.2
1279 7767 0.2
1279 8122 0.05
1279 8847 0.05
1279 8609 0.2
1279 12416 0.01
1279 9527 0.01
1279 4577 0.2
1279 9531 0.05
1279 4238 0.05
1279 10533 0.2
1279 7262 0.01
1279 1226 0.05
1279 6843 0.01
1279 1729 0.05
1279 8687 0.2
1279 2208 0.05
1279 7541 0.2
1279 3275 0.05
1279 70 0.2
1279 1579 0.2
1279 5649 0.05
1279 6600 0.01
1279 8512 0.2
1279 7641 0.01
1279 8088 0.2
1279 6184 0.05
1279 1002 0.05
1279 8517 0.2
1279 7324 0.05
1279 7856 0.05
1279 6630 0.2
1279 2325 0.2
1279 7843 0.01
1279 3189 0.01
1279 8976 0.2
1279 4503 0.01
1279 9337 0.05
1279 2073 0.05
1279 10138 0.05
1279 6651 0.2
1279 11341 0.05
1279 5807 0.05
1279 9753 0.01
1279 4088 0.2
1279 11420 0.2
1279 1585 0.05
1279 11773 0.2
1280 11073 0.01
1281 8051 0.01
1281 7217 0.2
1281 78 0.05
1282 4152 0.2
1285 2165 0.01
1286 4152 0.05
1287 4152 0.2
1288 5071 0.01
1288 4152 0.2
1288 7691 0.2
1288 10811 0.05
1288 1417 0.01
1288 9088 0.2
1288 2911 0.2
1288 1527 0.05
1288 2101 0.2
1289 4152 0.01
1290 5071 0.2
1290 2737 0.05
1290 2004 0.05
1290 11326 0.05
1290 234 0.2
1290 3883 0.05
1290 3469 0.01
1290 9088 0.01
1290 1422 0.2
1290 2470 0.2
1290 2911 0.01
1290 1527 0.01
1290 10698 0.01
1290 3562 0.01
1290 4701 0.01
1291 11695 0.01
1291 5651 0.01
1291 7394 0.05
1293 4152 0.01
1294 9088 0.01
1295 6984 0.01
1295 2026 0.2
1295 2969 0.2
1295 8055 0.05
1295 4615 0.2
1295 3254 0.05
1295 7810 0.2
1295 1961 0.2
1295 4991 0.2
1295 9167 0.2
1295 9402 0.05
1296 9624 0.01
1296 5239 0.05
1296 6128 0.01
1296 12513 0.2
1297 12403 0.2
1297 4166 0.01
1297 5554 0.01
1297 760 0.01
1298 9184 0.2
1298 1430 0.05
1298 5314 0.01
1299 6246 0.05
1300 10095 0.2
1301 4152 0.01
1302 4152 0.05
1303 5266 0.2
1303 8070 0.2
1303 5747 0.05
1303 8378 0.05
1303 2134 0.2
1306 4152 0.01
1308 4152 0.2
1309 4152 0.05
1310 2398 0.2
1310 4152 0.01
1310 6261 0.2
1311 4152 0.01
1313 4152 0.05
1313 5804 0.01
1314 8319 0.01
1316 2398 0.2
1317 5554 0.01
1318 324 0.01
1319 8935 0.2
1319 174 0.01
1319 5218 0.2
1319 6792 0.05
1319 10703 0.01
1319 3832 0.01
1319 9324 0.2
1319 9923 0.2
1319 7603 0.01
1319 5999 0.2
1319 7005 0.2
1319 9715 0.01
1319 2389 0.2
1319 9003 0.2
1319 13 0.2
1319 1717 0.05
1319 10105 0.2
1319 592 0.01
1319 3842 0.2
1319 191 0.2
1319 6852 0.05
1319 11492 0.2
1319 2196 0.05
1319 9361 0.2
1319 8613 0.2
1319 11695 0.05
1319 2806 0.01
1319 9339 0.01
1319 7218 0.01
1319 1412 0.2
1319 12513 0.05
1319 2004 0.2
1319 1757 0.05
1319 2409 0.2
1319 1814 0.01
1319 11305 0.2
1319 8568 0.2
1319 4040 0.05
1319 4250 0.05
1319 3229 0.05
1319 1422 0.2
1319 1622 0.05
1319 211 0.05
1319 8574 0.05
1319 8082 0.2
1319 4458 0.05
1319 6446 0.2
1319 430 0.05
1319 2016 0.2
1319 10141 0.01
1319 6574 0.2
1319 11921 0.2
1319 3504 0.01
1319 2304 0.05
1319 1441 0.2
1319 2237 0.2
1319 1831 0.05
1319 7265 0.05
1319 821 0.05
1319 9491 0.05
1319 12499 0.05
1319 9975 0.01
1319 12123 0.2
1319 4005 0.01
1319 4664 0.05
1319 5071 0.2
1319 11333 0.01
1319 8214 0.2
1319 2848 0.01
1319 6073 0.05
1319 3361 0.01
1319 10367 0.05
1319 12317 0.01
1319 839 0.01
1319 10994 0.05
1319 7281 0.01
1319 1468 0.2
1319 1730 0.05
1319 5640 0.2
1319 3268 0.2
1319 12326 0.2
1319 7543 0.2
1319 4042 0.2
1319 239 0.01
1319 5842 0.01
1319 12517 0.01
1319 10026 0.05
1319 9020 0.05
1319 3674 0.01
1319 4493 0.01
1319 766 0.05
1319 70 0.05
1319 1857 0.2
1319 326 0.01
1319 5239 0.01
1319 8043 0.05
1319 12522 0.05
1319 249 0.01
1319 8045 0.2
1319 6492 0.05
1319 8618 0.2
1319 11136 0.01
1319 1059 0.2
1319 655 0.01
1319 3526 0.2
1319 12401 0.05
1319 1674 0.05
1319 7863 0.01
1319 9793 0.05
1319 1675 0.2
1319 2276 0.2
1319 3316 0.2
1319 11961 0.01
1319 9410 0.2
1319 11043 0.2
1319 9605 0.05
1319 2470 0.01
1319 6508 0.2
1319 3408 0.2
1319 2283 0.05
1319 5135 0.01
1319 7470 0.01
1319 2888 0.05
1319 871 0.05
1319 278 0.05
1319 7302 0.05
1319 672 0.01
1319 2292 0.01
1319 1084 0.2
1319 4525 0.2
1319 1884 0.2
1319 10204 0.01
1319 2896 0.2
1319 7841 0.2
1319 9614 0.05
1319 7481 0.01
1319 11788 0.05
1319 5123 0.2
1319 7484 0.01
1319 1672 0.05
1319 7312 0.2
1319 12377 0.2
1319 9619 0.01
1319 7683 0.05
1319 10982 0.2
1319 8503 0.2
1319 8075 0.01
1319 8289 0.01
1319 6128 0.01
1319 1346 0.2
1319 9068 0.2
1319 10809 0.05
1319 11887 0.05
1319 10811 0.2
1319 2622 0.2
1319 6093 0.2
1319 11130 0.01
1319 11992 0.01
1319 4135 0.05
1319 7324 0.05
1319 12581 0.05
1319 11326 0.01
1319 10037 0.01
1319 5914 0.05
1319 9840 0.01
1319 4139 0.05
1319 9843 0.2
1319 3454 0.2
1319 8478 0.01
1319 8875 0.2
1319 8297 0.05
1319 5964 0.05
1319 9088 0.01
1319 1733 0.05
1319 4152 0.2
1319 1265 0.05
1319 8104 0.2
1319 8681 0.01
1319 8824 0.01
1319 320 0.05
1319 5482 0.2
1319 1933 0.01
1319 9868 0.05
1319 3114 0.05
1319 12024 0.2
1319 12411 0.2
1319 7161 0.01
1319 3576 0.2
1319 11434 0.2
1319 10662 0.2
1319 7165 0.2
1319 1707 0.01
1319 2737 0.01
1319 3164 0.01
1319 545 0.05
1319 3585 0.05
1319 409 0.05
1319 10073 0.2
1319 6756 0.2
1319 9673 0.01
1319 7171 0.01
1319 2535 0.2
1319 1017 0.05
1319 2357 0.05
1319 3596 0.05
1319 3478 0.05
1319 8510 0.01
1319 11015 0.05
1319 3388 0.05
1319 6589 0.2
1319 6590 0.2
1319 351 0.01
1319 8512 0.05
1319 6791 0.01
1319 5968 0.05
1319 9174 0.2
1319 4990 0.05
1319 4192 0.2
1319 4991 0.01
1319 3395 0.05
1319 1572 0.01
1319 1769 0.01
1319 5554 0.01
1319 10695 0.2
1319 10480 0.05
1319 2981 0.01
1319 9084 0.2
1319 10690 0.01
1319 955 0.01
1319 367 0.2
1319 5761 0.01
1319 7468 0.01
1319 4484 0.2
1319 2172 0.01
1319 5339 0.05
1319 11870 0.01
1319 3409 0.05
1319 10698 0.2
1319 6961 0.01
1319 1530 0.05
1320 3312 0.05
1320 12114 0.05
1320 9985 0.01
1320 2837 0.05
1320 2502 0.01
1320 8682 0.2
1320 1344 0.2
1320 9117 0.01
1320 9826 0.01
1320 12549 0.2
1320 656 0.2
1321 8426 0.05
1321 2004 0.2
1321 9491 0.05
1321 234 0.2
1321 11130 0.2
1321 9777 0.01
1321 9288 0.2
1321 9837 0.2
1321 3702 0.2
1321 6508 0.01
1321 9912 0.05
1321 10050 0.2
1321 4152 0.2
1321 11434 0.2
1321 3114 0.01
1321 1346 0.05
1322 4610 0.01
1322 1812 0.01
1322 2728 0.05
1322 6472 0.01
1322 9531 0.2
1322 5186 0.2
1322 926 0.05
1322 4793 0.01
1322 689 0.05
1322 7686 0.2
1322 10421 0.01
1324 9025 0.01
1326 12376 0.05
1326 4152 0.2
1326 11326 0.05
1326 6754 0.2
1326 9329 0.2
1327 10275 0.05
1327 9744 0.01
1327 864 0.01
1327 4434 0.05
1329 3388 0.2
1329 4018 0.05
1329 9078 0.01
1329 3205 0.05
1329 3469 0.2
1329 6461 0.2
1329 10204 0.01
1329 2242 0.05
1329 2191 0.05
1329 4701 0.2
1329 8118 0.2
1329 9984 0.01
1329 9203 0.01
1329 9773 0.01
1329 438 0.2
1329 545 0.05
1329 234 0.2
1329 24 0.2
1329 885 0.01
1329 9288 0.01
1329 12376 0.01
1329 9361 0.2
1329 11695 0.05
1329 3114 0.05
1329 12513 0.05
1329 10495 0.05
1329 11083 0.2
1329 5889 0.01
1329 4152 0.01
1329 1242 0.05
1329 10168 0.2
1329 6639 0.05
1329 2004 0.05
1329 7022 0.2
1329 2359 0.05
1329 10811 0.01
1329 12335 0.2
1329 3185 0.05
1329 1422 0.01
1329 7324 0.2
1329 5071 0.05
1329 10037 0.05
1329 5554 0.01
1329 10333 0.2
1329 1527 0.05
1329 6388 0.01
1329 9720 0.01
1329 9088 0.05
1329 3409 0.05
1329 1219 0.2
1329 3618 0.01
1329 3408 0.01
1330 4897 0.2
1330 4152 0.05
1331 3466 0.2
1331 4152 0.2
1332 2038 0.2
1332 4027 0.2
1332 174 0.2
1332 3404 0.01
1332 10702 0.05
1332 9359 0.01
1332 7376 0.2
1332 6432 0.01
1332 8512 0.05
1332 7302 0.05
1332 4948 0.2
1332 3254 0.05
1332 9786 0.05
1332 9397 0.2
1332 649 0.01
1332 10141 0.01
1332 3085 0.2
1332 11012 0.01
1333 5600 0.2
1333 9088 0.2
1333 10447 0.2
1333 7923 0.01
1333 12610 0.01
1335 6984 0.05
1336 4152 0.2
1337 177 0.2
1339 1015 0.2
1340 10963 0.01
1342 4152 0.05
1343 9735 0.01
1344 3312 0.2
1344 11368 0.2
1344 2837 0.01
1344 2502 0.05
1344 3014 0.01
1344 12549 0.2
1344 9826 0.2
1344 656 0.2
1345 4152 0.01
1346 10495 0.01
1346 12123 0.05
1346 9199 0.01
1346 2733 0.2
1346 2296 0.01
1346 10797 0.05
1346 234 0.05
1346 9674 0.05
1346 2242 0.05
1346 299 0.05
1346 8173 0.2
1346 12428 0.2
1346 2004 0.2
1346 10811 0.05
1346 6003 0.01
1346 1622 0.01
1346 1675 0.01
1346 5559 0.01
1346 1321 0.01
1346 2016 0.01
1346 4152 0.2
1346 8672 0.2
1347 4152 0.05
1347 6508 0.2
1347 903 0.2
1348 4152 0.2
1349 4152 0.01
1350 7512 0.2
1351 9531 0.01
1351 5554 0.01
1352 7494 0.2
1352 4336 0.01
1352 11927 0.05
1352 3503 0.01
1352 871 0.2
1352 1014 0.05
1352 8568 0.01
1352 10281 0.2
1352 12199 0.2
1352 8865 0.05
1352 9715 0.2
1352 3788 0.2
1352 4450 0.05
1352 1507 0.01
1352 6508 0.05
1353 4152 0.05
1355 10120 0.05
1355 9038 0.01
1356 831 0.01
1356 6984 0.01
1356 4066 0.01
1356 12566 0.01
1356 9843 0.05
1356 4728 0.01
1356 24 0.05
1356 810 0.05
1356 353 0.01
1356 9674 0.2
1356 12195 0.2
1356 3381 0.01
1356 4793 0.01
1356 1527 0.01
1356 2896 0.01
1356 518 0.05
1357 9664 0.2
1358 4152 0.05
1359 7107 0.2
1359 91 0.05
1360 646 0.05
1360 8643 0.01
1360 4152 0.05
1360 9088 0.05
1361 749 0.01
1364 10450 0.2
1364 1827 0.2
1364 3875 0.05
1364 12119 0.2
1364 6405 0.05
1364 4066 0.05
1364 2239 0.2
1364 3676 0.2
1364 6748 0.2
1364 11434 0.2
1364 431 0.2
1364 11386 0.2
1364 2954 0.2
1364 2197 0.2
1364 2644 0.01
1364 299 0.2
1364 11127 0.01
1364 6976 0.05
1364 5970 0.05
1364 12149 0.01
1364 4003 0.01
1364 9082 0.2
1364 4454 0.2
1364 10375 0.05
1364 10588 0.2
1364 9088 0.01
1364 1733 0.2
1364 4152 0.05
1366 9088 0.2
1367 7120 0.2
1370 4796 0.01
1370 1625 0.01
1370 12119 0.05
1370 6405 0.05
1370 10588 0.05
1370 7231 0.05
1370 11434 0.05
1370 9410 0.05
1370 9088 0.01
1370 4152 0.05
1370 11326 0.05
1370 2954 0.2
1371 8935 0.01
1371 174 0.2
1371 5808 0.2
1371 8885 0.01
1371 871 0.05
1371 3990 0.2
1371 12223 0.05
1371 12403 0.01
1371 4962 0.2
1371 4166 0.2
1371 2896 0.01
1371 4701 0.01
1371 9003 0.2
1371 3842 0.2
1371 7810 0.2
1371 10367 0.01
1371 3585 0.05
1371 3687 0.05
1371 7625 0.05
1371 9700 0.05
1371 10615 0.01
1371 1237 0.01
1371 9619 0.05
1371 11083 0.2
1371 8173 0.2
1371 4738 0.01
1371 7946 0.05
1371 4250 0.01
1371 12422 0.05
1371 7324 0.05
1371 8764 0.2
1371 7511 0.2
1371 5659 0.2
1371 5482 0.01
1371 9531 0.2
1371 9088 0.2
1371 2016 0.01
1371 3824 0.01
1371 10141 0.01
1371 4991 0.2
1371 4152 0.05
1371 3618 0.2
1371 5620 0.05
1372 11099 0.01
1372 10316 0.2
1372 4152 0.2
1372 10383 0.05
1372 8136 0.2
1374 4152 0.2
1375 7946 0.2
1376 4152 0.01
1376 9088 0.05
1377 11309 0.2
1377 8935 0.05
1377 9674 0.01
1377 2888 0.01
1377 4701 0.05
1378 9753 0.2
1378 851 0.2
1378 8512 0.01
1378 10533 0.01
1378 4852 0.01
1381 7536 0.01
1381 2256 0.2
1381 5732 0.01
1382 3606 0.05
1383 91 0.05
1383 2992 0.05
1383 4421 0.2
1383 8682 0.05
1383 2837 0.05
1383 8941 0.2
1383 11210 0.01
1383 5938 0.01
1383 7382 0.01
1383 2896 0.01
1383 6152 0.01
1383 12641 0.2
1383 4329 0.05
1383 1945 0.01
1383 7810 0.05
1383 8170 0.05
1383 9531 0.05
1383 9247 0.2
1383 5503 0.01
1383 1702 0.2
1383 1759 0.05
1383 12224 0.01
1383 12387 0.01
1383 6280 0.2
1383 351 0.2
1383 2108 0.05
1383 8512 0.05
1383 4249 0.05
1383 9786 0.05
1383 1961 0.01
1383 10474 0.2
1383 7324 0.2
1383 6771 0.01
1383 656 0.01
1383 8920 0.2
1383 3454 0.05
1383 1320 0.2
1383 5456 0.2
1383 12203 0.2
1383 12590 0.01
1383 4056 0.01
1383 9605 0.01
1383 1527 0.01
1383 11922 0.01
1383 4892 0.2
1384 12328 0.05
1384 845 0.01
1384 2298 0.01
1384 7589 0.01
1384 4996 0.2
1384 4149 0.2
1384 1017 0.2
1384 3246 0.05
1384 9992 0.05
1384 4152 0.01
1384 7120 0.01
1384 8917 0.01
1384 3114 0.05
1384 2240 0.01
1385 5342 0.01
1385 4066 0.2
1385 2434 0.05
1385 4040 0.2
1385 9531 0.2
1385 4991 0.2
1385 1527 0.2
1386 9003 0.2
1386 1852 0.2
1386 1468 0.2
1386 5482 0.01
1386 9531 0.05
1386 11695 0.2
1386 7324 0.2
1386 12401 0.05
1387 4154 0.01
1387 8017 0.01
1387 4786 0.05
1387 3626 0.05
1387 10227 0.05
1387 7412 0.05
1387 2088 0.01
1387 1525 0.05
1387 7004 0.2
1387 3920 0.01
1387 1130 0.05
1387 8684 0.05
1387 1622 0.01
1387 6414 0.01
1387 392 0.2
1387 6990 0.05
1387 12231 0.05
1387 887 0.2
1387 9782 0.05
1387 2408 0.2
1387 4589 0.01
1387 12388 0.2
1387 2815 0.01
1387 160 0.2
1387 7026 0.01
1387 12147 0.01
1387 92 0.2
1387 8661 0.2
1387 11713 0.2
1387 10037 0.2
1387 9840 0.01
1387 11360 0.05
1387 11469 0.2
1387 3894 0.2
1387 8055 0.2
1387 8875 0.2
1387 617 0.05
1387 4149 0.05
1387 107 0.2
1387 11256 0.05
1387 4152 0.05
1387 5722 0.2
1387 3720 0.2
1387 12302 0.2
1388 4152 0.05
1390 4336 0.01
1391 6538 0.2
1391 11492 0.2
1391 1138 0.05
1391 11235 0.2
1391 10428 0.2
1391 6942 0.2
1391 5808 0.05
1391 1622 0.05
1391 10990 0.01
1393 9466 0.2
1394 4152 0.01
1395 4152 0.2
1396 831 0.05
1396 9466 0.01
1396 1622 0.01
1398 12566 0.01
1398 8170 0.01
1398 1527 0.05
1398 2843 0.2
1398 2813 0.01
1399 4152 0.2
1400 9112 0.01
1400 2896 0.2
1401 4522 0.05
1402 3594 0.05
1402 1473 0.01
1402 11555 0.05
1402 7859 0.05
1402 202 0.2
1402 8072 0.2
1402 5958 0.01
1402 6750 0.01
1402 2776 0.2
1403 10480 0.01
1405 5992 0.2
1405 174 0.05
1405 9773 0.05
1405 5101 0.01
1405 6140 0.05
1405 871 0.05
1405 2062 0.2
1405 8045 0.2
1405 9088 0.05
1405 3788 0.01
1405 6335 0.01
1405 1059 0.2
1405 4152 0.05
1405 10843 0.05
1405 2276 0.05
1408 10002 0.2
1409 1386 0.2
1409 871 0.2
1409 1831 0.01
1409 4615 0.01
1409 11326 0.01
1409 324 0.05
1409 1622 0.05
1409 2896 0.2
1409 4701 0.05
1409 5071 0.05
1409 11015 0.01
1409 9720 0.2
1409 191 0.01
1409 12084 0.05
1409 766 0.01
1409 8122 0.2
1409 12377 0.05
1409 12512 0.2
1409 9531 0.05
1409 11695 0.05
1409 12513 0.05
1409 10409 0.2
1409 6128 0.01
1409 7265 0.2
1409 502 0.05
1409 4127 0.2
1409 5601 0.2
1409 2969 0.2
1409 70 0.05
1409 8568 0.2
1409 4040 0.2
1409 5849 0.01
1409 4250 0.01
1409 1001 0.2
1409 3397 0.2
1409 5728 0.05
1409 10037 0.05
1409 5554 0.01
1409 9843 0.01
1409 1319 0.05
1409 6235 0.01
1409 5482 0.05
1409 9088 0.05
1409 11231 0.2
1409 4152 0.2
1409 3504 0.01
1410 4152 0.2
1411 7696 0.2
1412 8935 0.05
1412 7957 0.01
1412 1158 0.2
1412 1707 0.01
1412 1319 0.05
1412 5482 0.2
1412 8568 0.05
1412 11326 0.2
1412 2357 0.01
1412 8045 0.05
1412 9088 0.05
1412 4250 0.01
1412 9605 0.05
1412 3507 0.01
1412 12401 0.05
1412 10105 0.05
1413 8213 0.05
1414 11259 0.01
1414 8213 0.2
1414 7721 0.05
1414 11813 0.01
1414 6733 0.01
1414 12218 0.05
1414 10996 0.01
1414 9229 0.01
1414 3929 0.01
1414 12338 0.05
1414 4152 0.2
1414 4304 0.01
1415 4152 0.05
1416 4152 0.2
1417 749 0.01
1417 1527 0.01
1417 9088 0.05
1417 2016 0.05
1417 5145 0.2
1417 1622 0.2
1417 4152 0.05
1418 4477 0.05
1418 4152 0.01
1419 7324 0.01
1420 1783 0.2
1422 3990 0.2
1422 2991 0.01
1422 8343 0.01
1422 6754 0.2
1422 10493 0.01
1422 5218 0.05
1422 4423 0.05
1422 10703 0.2
1422 3199 0.2
1422 3205 0.01
1422 6206 0.01
1422 6673 0.05
1422 7005 0.01
1422 174 0.2
1422 9715 0.2
1422 4793 0.01
1422 2191 0.05
1422 9720 0.05
1422 191 0.01
1422 4625 0.01
1422 11492 0.2
1422 12085 0.2
1422 1993 0.2
1422 8554 0.05
1422 10884 0.01
1422 7877 0.2
1422 11695 0.05
1422 9339 0.2
1422 8361 0.01
1422 7265 0.05
1422 4808 0.01
1422 5600 0.01
1422 7400 0.05
1422 4630 0.05
1422 1814 0.2
1422 8568 0.05
1422 5011 0.05
1422 10086 0.2
1422 10876 0.01
1422 2737 0.05
1422 12401 0.01
1422 12292 0.01
1422 5148 0.05
1422 11096 0.01
1422 1240 0.01
1422 12482 0.2
1422 9359 0.2
1422 11310 0.2
1422 6235 0.01
1422 9250 0.01
1422 5805 0.2
1422 2016 0.05
1422 814 0.2
1422 10142 0.05
1422 3874 0.05
1422 3504 0.01
1422 5620 0.2
1422 7424 0.05
1422 1242 0.2
1422 1224 0.01
1422 3667 0.01
1422 8593 0.01
1422 6570 0.05
1422 1643 0.2
1422 3469 0.05
1422 5453 0.2
1422 8601 0.05
1422 11540 0.01
1422 12499 0.01
1422 9975 0.01
1422 7806 0.05
1422 3476 0.2
1422 2242 0.01
1422 5071 0.01
1422 11548 0.05
1422 834 0.01
1422 6073 0.01
1422 5482 0.05
1422 3618 0.05
1422 7838 0.01
1422 3072 0.2
1422 4487 0.2
1422 6477 0.2
1422 12513 0.2
1422 1658 0.2
1422 4262 0.2
1422 5834 0.05
1422 9018 0.2
1422 6341 0.05
1422 10376 0.05
1422 4080 0.05
1422 11130 0.01
1422 2456 0.2
1422 452 0.2
1422 1468 0.2
1422 10141 0.01
1422 5239 0.05
1422 12335 0.2
1422 8165 0.01
1422 254 0.01
1422 1329 0.2
1422 12368 0.05
1422 4684 0.01
1422 9598 0.05
1422 1527 0.05
1422 5702 0.2
1422 7863 0.2
1422 1265 0.2
1422 3713 0.05
1422 3714 0.05
1422 9228 0.01
1422 9410 0.01
1422 7865 0.01
1422 9605 0.2
1422 6388 0.05
1422 6700 0.05
1422 5252 0.05
1422 9232 0.01
1422 5415 0.2
1422 7875 0.2
1422 4734 0.05
1422 276 0.05
1422 871 0.05
1422 2981 0.05
1422 5675 0.01
1422 1082 0.01
1422 1084 0.05
1422 11137 0.01
1422 4525 0.05
1422 1290 0.05
1422 10204 0.05
1422 4701 0.01
1422 10608 0.05
1422 11788 0.05
1422 2095 0.2
1422 2692 0.2
1422 8745 0.01
1422 885 0.2
1422 7890 0.01
1422 11169 0.05
1422 12376 0.2
1422 113 0.01
1422 4537 0.05
1422 8853 0.2
1422 9129 0.2
1422 295 0.01
1422 7817 0.05
1422 12178 0.2
1422 3324 0.05
1422 6128 0.05
1422 3562 0.2
1422 4539 0.05
1422 2704 0.01
1422 8306 0.2
1422 3541 0.01
1422 4130 0.2
1422 3332 0.01
1422 10811 0.05
1422 11606 0.05
1422 7647 0.01
1422 5145 0.05
1422 5146 0.01
1422 7898 0.2
1422 401 0.2
1422 8731 0.05
1422 7324 0.05
1422 204 0.2
1422 11326 0.05
1422 2923 0.2
1422 10037 0.2
1422 7702 0.01
1422 314 0.01
1422 9081 0.2
1422 9843 0.2
1422 1319 0.01
1422 7044 0.2
1422 1704 0.2
1422 11618 0.2
1422 9088 0.05
1422 6557 0.01
1422 8740 0.2
1422 7913 0.2
1422 4152 0.05
1422 8299 0.05
1422 2000 0.2
1422 5356 0.01
1422 3361 0.05
1422 9463 0.01
1422 11425 0.05
1422 6545 0.05
1422 10835 0.01
1422 7718 0.2
1422 3366 0.01
1422 724 0.2
1422 12403 0.2
1422 4962 0.05
1422 9283 0.05
1422 1749 0.05
1422 2347 0.2
1422 8119 0.2
1422 3585 0.01
1422 935 0.01
1422 9671 0.01
1422 6963 0.01
1422 9288 0.2
1422 9677 0.2
1422 6762 0.01
1422 739 0.01
1422 10662 0.2
1422 12049 0.01
1422 7543 0.05
1422 6590 0.2
1422 11655 0.05
1422 4990 0.05
1422 5728 0.2
1422 7547 0.2
1422 4770 0.05
1422 9899 0.01
1422 9495 0.01
1422 10281 0.2
1422 10863 0.05
1422 8917 0.05
1422 5554 0.2
1422 4270 0.2
1422 10480 0.05
1422 5557 0.05
1422 8718 0.2
1422 8525 0.05
1422 10689 0.01
1422 2559 0.2
1422 2101 0.01
1422 7019 0.2
1422 1781 0.2
1422 4012 0.05
1422 3409 0.01
1422 10698 0.05
1422 4073 0.01
1422 4723 0.05
1424 4152 0.2
1425 4441 0.01
1427 4152 0.01
1428 10965 0.2
1428 2257 0.2
1428 885 0.05
1428 5794 0.01
1428 9088 0.05
1428 4152 0.01
1428 9980 0.01
1429 4152 0.05
1430 1298 0.2
1430 4619 0.2
1430 9184 0.05
1430 5314 0.2
1431 4152 0.05
1432 4152 0.2
1433 3135 0.05
1434 2187 0.05
1435 4152 0.05
1435 10037 0.05
1436 1622 0.2
1436 9088 0.01
1436 4152 0.2
1436 10811 0.01
1436 6031 0.05
1438 6592 0.01
1439 494 0.01
1439 11998 0.2
1440 5482 0.05
1440 11922 0.05
1441 9531 0.05
1441 8574 0.01
1441 6093 0.05
1441 11788 0.2
1441 627 0.01
1441 1319 0.01
1441 4250 0.01
1441 4040 0.01
1441 2398 0.2
1441 672 0.01
1441 9673 0.01
1441 9088 0.2
1441 1216 0.05
1441 11695 0.2
1441 4152 0.05
1441 11326 0.01
1441 7165 0.01
1441 10695 0.01
1442 12335 0.2
1442 12513 0.05
1443 11533 0.05
1443 4423 0.2
1443 24 0.2
1443 9088 0.05
1443 1071 0.2
1443 4152 0.01
1444 9155 0.05
1444 1622 0.2
1444 10519 0.05
1444 10533 0.2
1444 2492 0.05
1445 4152 0.05
1446 4803 0.05
1447 12513 0.01
1449 855 0.01
1449 11336 0.05
1449 2813 0.2
1449 11251 0.01
1449 7324 0.2
1449 10782 0.05
1449 4152 0.2
1450 4336 0.01
1452 8623 0.2
1452 4152 0.2
1453 1108 0.05
1454 4152 0.05
1457 4152 0.2
1458 1002 0.2
1459 1622 0.05
1459 4152 0.01
1459 3618 0.01
1459 5554 0.2
1460 11815 0.05
1461 9088 0.2
1462 4152 0.05
1464 4152 0.01
1467 2776 0.2
1467 6904 0.05
1467 640 0.2
1467 2199 0.01
1467 2493 0.01
1467 11103 0.2
1468 174 0.2
1468 9321 0.2
1468 1386 0.05
1468 10495 0.05
1468 10703 0.2
1468 3205 0.01
1468 9715 0.2
1468 4793 0.2
1468 9329 0.01
1468 3842 0.01
1468 391 0.05
1468 191 0.2
1468 11492 0.2
1468 10316 0.2
1468 10884 0.2
1468 4487 0.01
1468 9531 0.2
1468 11695 0.2
1468 7213 0.2
1468 8361 0.2
1468 7592 0.05
1468 8566 0.2
1468 10524 0.01
1468 8568 0.05
1468 204 0.2
1468 4250 0.01
1468 3229 0.05
1468 1422 0.05
1468 11910 0.2
1468 1622 0.05
1468 7411 0.2
1468 211 0.2
1468 1818 0.05
1468 7132 0.05
1468 4042 0.05
1468 5467 0.05
1468 7036 0.05
1468 11318 0.01
1468 6246 0.01
1468 4066 0.2
1468 2622 0.2
1468 11326 0.2
1468 4525 0.05
1468 11540 0.2
1468 430 0.2
1468 9003 0.05
1468 10932 0.01
1468 234 0.2
1468 766 0.05
1468 442 0.2
1468 4152 0.01
1468 1237 0.2
1468 9491 0.01
1468 4290 0.2
1468 9782 0.05
1468 11127 0.2
1468 70 0.2
1468 1857 0.01
1468 12335 0.05
1468 9720 0.05
1468 6492 0.01
1468 2270 0.01
1468 6291 0.2
1468 6093 0.01
1468 859 0.05
1468 1527 0.05
1468 5482 0.01
1468 7283 0.2
1468 1068 0.05
1468 6504 0.05
1468 9605 0.05
1468 2470 0.01
1468 5781 0.2
1468 3395 0.01
1468 871 0.2
1468 12115 0.01
1468 12545 0.2
1468 672 0.2
1468 1084 0.01
1468 8637 0.2
1468 10204 0.05
1468 3114 0.05
1468 11788 0.01
1468 2902 0.05
1468 7484 0.2
1468 12375 0.01
1468 12376 0.05
1468 5554 0.01
1468 8271 0.2
1468 5898 0.01
1468 6128 0.05
1468 4738 0.01
1468 7691 0.01
1468 10220 0.2
1468 10811 0.01
1468 8087 0.05
1468 4723 0.05
1468 2393 0.05
1468 11182 0.01
1468 7324 0.2
1468 12581 0.05
1468 905 0.2
1468 9843 0.2
1468 1319 0.01
1468 8297 0.01
1468 3560 0.2
1468 9088 0.2
1468 11619 0.05
1468 12401 0.01
1468 8104 0.2
1468 11210 0.05
1468 11975 0.01
1468 3568 0.01
1468 9276 0.01
1468 5931 0.05
1468 8306 0.05
1468 6571 0.05
1468 8681 0.05
1468 11636 0.05
1468 11015 0.2
1468 7165 0.2
1468 7363 0.01
1468 3403 0.05
1468 6996 0.2
1468 6755 0.2
1468 5176 0.05
1468 9673 0.05
1468 8613 0.05
1468 4166 0.01
1468 4387 0.2
1468 8132 0.05
1468 3388 0.01
1468 5964 0.05
1468 6590 0.05
1468 351 0.05
1468 6687 0.2
1468 4991 0.05
1468 10474 0.2
1468 5842 0.2
1468 11462 0.01
1468 3397 0.01
1468 8918 0.2
1468 6773 0.2
1468 3007 0.05
1468 6389 0.05
1468 8151 0.2
1468 732 0.2
1468 3409 0.05
1468 10698 0.05
1468 6961 0.05
1468 7369 0.05
1470 6010 0.01
1472 191 0.05
1473 6750 0.2
1473 2776 0.2
1473 7859 0.05
1473 6949 0.05
1475 174 0.2
1475 8512 0.2
1475 9531 0.01
1475 7324 0.2
1475 1527 0.2
1475 1704 0.2
1476 4152 0.01
1477 1063 0.2
1478 4152 0.05
1479 9088 0.2
1479 7369 0.2
1480 2050 0.01
1481 9088 0.05
1482 3312 0.2
1482 11368 0.01
1482 5254 0.2
1482 2837 0.01
1482 2502 0.01
1482 3014 0.01
1482 1344 0.05
1482 12549 0.01
1482 656 0.2
1483 4152 0.01
1484 4152 0.2
1485 4152 0.05
1486 2257 0.05
1487 8283 0.01
1488 8609 0.2
1488 921 0.05
1488 3758 0.05
1488 1727 0.01
1488 8512 0.01
1488 1266 0.01
1488 4731 0.2
1488 3899 0.01
1489 4152 0.01
1490 5070 0.2
1491 2752 0.2
1493 4152 0.01
1493 6128 0.2
1494 3616 0.2
1495 4152 0.01
1497 1237 0.2
1498 4152 0.01
1498 9088 0.01
1499 9531 0.2
1500 7536 0.01
1501 4152 0.05
1502 9088 0.2
1502 4701 0.2
1503 5554 0.2
1504 4152 0.01
1505 8357 0.01
1505 8213 0.2
1505 4335 0.01
1505 8013 0.05
1505 8568 0.05
1506 1344 0.05
1507 7494 0.2
1507 11113 0.01
1507 9720 0.2
1507 4336 0.05
1507 3388 0.05
1507 10722 0.05
1507 662 0.2
1507 1352 0.2
1507 9088 0.05
1507 10529 0.05
1507 9483 0.01
1507 7811 0.01
1507 9339 0.05
1507 10782 0.01
1507 3114 0.05
1508 4152 0.05
1509 10120 0.05
1510 3135 0.01
1510 9088 0.05
1511 4152 0.05
1512 5071 0.01
1512 8935 0.05
1512 9119 0.01
1512 1618 0.05
1512 8082 0.01
1512 2004 0.2
1512 871 0.05
1512 7838 0.01
1512 672 0.2
1512 9674 0.05
1512 5721 0.01
1512 12228 0.01
1512 10421 0.2
1513 4152 0.05
1515 2284 0.01
1515 6278 0.2
1515 2637 0.2
1515 113 0.01
1515 4619 0.05
1515 3901 0.2
1517 4152 0.05
1518 11488 0.01
1520 847 0.01
1520 3687 0.01
1520 11235 0.01
1520 11695 0.2
1520 12513 0.2
1520 5554 0.05
1521 3312 0.05
1521 9380 0.01
1521 9985 0.05
1521 2837 0.01
1521 2502 0.2
1521 3014 0.2
1521 1482 0.01
1521 8682 0.01
1521 1344 0.2
1521 1320 0.05
1521 12114 0.05
1521 11368 0.01
1522 3697 0.2
1522 2113 0.05
1522 3572 0.05
1522 4152 0.2
1522 3547 0.01
1523 7566 0.2
1523 4152 0.2
1524 174 0.05
1524 7838 0.05
1524 204 0.05
1524 1237 0.05
1524 11921 0.2
1524 5721 0.01
1524 5554 0.2
1525 4154 0.01
1525 8017 0.01
1525 4786 0.05
1525 1387 0.2
1525 2088 0.05
1525 3920 0.01
1525 6414 0.2
1525 392 0.2
1525 12231 0.05
1525 2535 0.05
1525 9782 0.2
1525 1663 0.05
1525 2408 0.05
1525 4589 0.01
1525 12388 0.2
1525 2815 0.2
1525 160 0.01
1525 7026 0.05
1525 92 0.2
1525 8661 0.05
1525 11713 0.01
1525 10037 0.05
1525 11360 0.05
1525 11469 0.2
1525 2594 0.01
1525 8875 0.01
1525 6990 0.2
1525 9088 0.01
1525 107 0.05
1525 11256 0.2
1525 4152 0.01
1527 10965 0.05
1527 11318 0.2
1527 6754 0.05
1527 6151 0.01
1527 11326 0.2
1527 11056 0.2
1527 4836 0.05
1527 871 0.05
1527 2665 0.01
1527 7492 0.2
1527 3469 0.05
1527 3504 0.2
1527 4700 0.01
1527 174 0.01
1527 7875 0.01
1527 10782 0.01
1527 9283 0.01
1527 9980 0.2
1527 4701 0.2
1527 5071 0.01
1527 1290 0.05
1527 932 0.05
1527 2737 0.01
1527 438 0.2
1527 2923 0.2
1527 234 0.05
1527 24 0.05
1527 3883 0.2
1527 9288 0.05
1527 8616 0.01
1527 6673 0.01
1527 9619 0.05
1527 1704 0.01
1527 3788 0.05
1527 11695 0.2
1527 2191 0.01
1527 11501 0.05
1527 6460 0.01
1527 7218 0.01
1527 2248 0.2
1527 10376 0.2
1527 12513 0.2
1527 2004 0.05
1527 3388 0.2
1527 1957 0.2
1527 8480 0.01
1527 10811 0.2
1527 1417 0.2
1527 5805 0.01
1527 5257 0.01
1527 7691 0.01
1527 2798 0.2
1527 5145 0.01
1527 3205 0.05
1527 1422 0.2
1527 1622 0.01
1527 12545 0.05
1527 8568 0.2
1527 5554 0.01
1527 10581 0.01
1527 249 0.2
1527 7957 0.2
1527 4152 0.01
1527 12003 0.01
1527 9904 0.01
1527 5251 0.2
1527 12401 0.01
1527 9359 0.05
1527 10698 0.01
1527 324 0.05
1527 343 0.2
1527 9410 0.01
1527 1219 0.2
1527 9088 0.01
1527 2016 0.01
1527 6341 0.01
1527 9843 0.05
1527 1329 0.2
1527 11921 0.2
1527 3409 0.01
1527 2334 0.01
1527 6508 0.01
1527 11923 0.05
1528 12328 0.05
1529 9351 0.2
1530 9710 0.2
1530 9923 0.05
1530 2790 0.05
1530 778 0.01
1530 4793 0.2
1530 12581 0.2
1530 9158 0.2
1530 982 0.01
1530 9528 0.05
1530 10414 0.01
1530 9531 0.01
1530 9167 0.2
1530 4384 0.01
1530 4040 0.05
1530 3229 0.01
1530 9741 0.01
1530 9954 0.05
1530 9843 0.01
1530 8977 0.05
1530 9948 0.01
1530 5805 0.2
1530 2016 0.05
1530 4066 0.2
1530 2435 0.01
1530 8397 0.05
1530 1230 0.01
1530 4846 0.2
1530 12123 0.01
1530 430 0.01
1530 8609 0.01
1530 12509 0.2
1530 7260 0.2
1530 6673 0.05
1530 9990 0.01
1530 6479 0.01
1530 7843 0.05
1530 1663 0.01
1530 3179 0.01
1530 12139 0.01
1530 5287 0.01
1530 71 0.01
1530 4089 0.2
1530 4307 0.2
1530 9032 0.2
1530 5297 0.05
1530 8672 0.05
1530 9602 0.2
1530 7865 0.05
1530 9605 0.2
1530 5487 0.01
1530 6621 0.01
1530 3296 0.01
1530 7296 0.2
1530 9237 0.05
1530 7663 0.2
1530 10606 0.05
1530 2896 0.05
1530 2296 0.01
1530 12552 0.01
1530 7810 0.2
1530 8852 0.2
1530 8075 0.01
1530 5135 0.2
1530 12566 0.01
1530 4934 0.2
1530 7324 0.05
1530 7131 0.2
1530 518 0.01
1530 5148 0.2
1530 1319 0.05
1530 9851 0.05
1530 5722 0.05
1530 2276 0.01
1530 9658 0.2
1530 12213 0.01
1530 9466 0.01
1530 724 0.01
1530 926 0.2
1530 11434 0.01
1530 10012 0.2
1530 8118 0.05
1530 932 0.2
1530 12231 0.2
1530 1138 0.01
1530 12417 0.05
1530 2954 0.2
1530 1406 0.2
1530 3381 0.01
1530 1759 0.05
1530 349 0.01
1530 1561 0.01
1530 6375 0.01
1530 5549 0.01
1530 9029 0.2
1530 1961 0.05
1530 4000 0.05
1530 8755 0.01
1530 4003 0.01
1530 2165 0.2
1530 6984 0.01
1530 10483 0.01
1530 5559 0.2
1530 574 0.05
1530 2171 0.05
1530 3177 0.01
1531 10594 0.05
1533 4152 0.05
1534 4152 0.05
1535 4152 0.2
1536 4152 0.05
1537 9088 0.01
1539 4152 0.01
1540 4152 0.2
1541 4152 0.01
1542 7875 0.2
1542 7864 0.01
1542 3114 0.01
1542 403 0.01
1544 1979 0.05
1545 4152 0.2
1546 7610 0.01
1546 11663 0.01
1547 12531 0.01
1548 6256 0.2
1548 5436 0.05
1549 5391 0.2
1549 2597 0.2
1549 8163 0.05
1549 2845 0.05
1551 11554 0.01
1551 2896 0.2
1552 4439 0.2
1552 1527 0.05
1552 4152 0.01
1552 9088 0.01
1553 5701 0.05
1553 4152 0.01
1555 1017 0.01
1556 11488 0.01
1556 11002 0.2
1556 9644 0.05
1556 5673 0.01
1556 830 0.05
1556 9207 0.01
1556 11813 0.01
1556 6197 0.05
1556 11711 0.2
1556 1916 0.05
1559 4152 0.01
1560 4152 0.05
1561 5487 0.01
1561 9003 0.01
1561 7265 0.2
1561 2790 0.05
1561 1230 0.01
1561 2535 0.05
1563 7627 0.05
1566 8240 0.01
1567 11245 0.05
1567 8609 0.2
1567 91 0.01
1567 11554 0.2
1567 7767 0.05
1567 5554 0.05
1569 4152 0.01
1570 4152 0.05
1572 3395 0.01
1573 4152 0.01
1574 1757 0.2
1574 9088 0.2
1574 12138 0.01
1574 7811 0.05
1575 7494 0.01
1575 9693 0.01
1575 12461 0.05
1575 234 0.05
1575 4206 0.05
1575 871 0.01
1575 1730 0.05
1575 4451 0.01
1575 1949 0.05
1575 4193 0.2
1575 10529 0.01
1575 12477 0.2
1575 10782 0.2
1575 4152 0.01
1575 7421 0.2
1575 3114 0.2
1576 9088 0.01
1577 1015 0.01
1578 4152 0.05
1579 5273 0.2
1579 2674 0.05
1579 10637 0.01
1579 6755 0.2
1579 8517 0.05
1579 11254 0.05
1580 438 0.05
1580 9190 0.01
1580 4152 0.2
1580 11326 0.05
1580 2004 0.2
1581 3625 0.01
1581 4152 0.01
1583 4152 0.05
1584 5596 0.05
1586 12083 0.2
1586 5286 0.01
1586 9266 0.2
1586 5123 0.01
1586 10736 0.2
1586 12374 0.01
1586 7004 0.05
1586 976 0.01
1586 1622 0.01
1587 4152 0.05
1588 4152 0.2
1589 12401 0.2
1590 8808 0.01
1591 36 0.05
1591 3698 0.2
1592 2180 0.05
1592 4152 0.05
1592 10811 0.2
1592 3611 0.01
1593 8568 0.05
1594 10371 0.05
1596 4152 0.01
1599 2157 0.01
1600 9531 0.2
1601 1682 0.01
1601 3587 0.2
1601 3900 0.2
1601 7288 0.05
1602 9904 0.01
1604 4152 0.01
1605 4152 0.05
1605 9088 0.05
1605 5554 0.01
1606 12435 0.2
1607 10965 0.01
1607 11120 0.01
1607 9843 0.05
1607 5554 0.2
1607 10944 0.05
1608 4152 0.01
1608 9778 0.2
1609 4152 0.05
1610 4152 0.2
1610 7418 0.2
1610 3114 0.2
1610 1319 0.01
1611 2469 0.05
1612 4152 0.05
1613 11012 0.01
1615 8132 0.2
1616 11326 0.05
1616 4152 0.01
1616 2016 0.05
1616 4615 0.2
1616 2004 0.05
1617 4152 0.2
1620 4152 0.2
1622 3199 0.01
1622 2248 0.2
1622 6405 0.01
1622 3205 0.05
1622 773 0.2
1622 4792 0.05
1622 6416 0.2
1622 8737 0.01
1622 3215 0.05
1622 24 0.05
1622 6927 0.05
1622 11079 0.2
1622 1705 0.2
1622 10320 0.2
1622 2405 0.2
1622 7217 0.01
1622 7218 0.2
1622 5600 0.01
1622 11899 0.2
1622 2407 0.05
1622 4814 0.2
1622 2410 0.01
1622 9698 0.2
1622 4820 0.2
1622 9923 0.05
1622 8005 0.01
1622 1625 0.01
1622 1626 0.05
1622 808 0.05
1622 5614 0.05
1622 7233 0.2
1622 4831 0.01
1622 11923 0.05
1622 8781 0.05
1622 10349 0.01
1622 7308 0.2
1622 56 0.2
1622 10354 0.2
1622 8019 0.01
1622 8021 0.2
1622 61 0.2
1622 7248 0.01
1622 6465 0.01
1622 6797 0.05
1622 2442 0.01
1622 3618 0.2
1622 381 0.01
1622 1468 0.2
1622 8038 0.05
1622 1663 0.2
1622 8805 0.2
1622 9585 0.2
1622 8046 0.01
1622 11955 0.2
1622 4086 0.01
1622 10384 0.05
1622 6908 0.05
1622 249 0.05
1622 5721 0.2
1622 2464 0.2
1622 82 0.05
1622 858 0.05
1622 11141 0.01
1622 11142 0.01
1622 7283 0.05
1622 5663 0.05
1622 2472 0.05
1622 1683 0.05
1622 90 0.2
1622 11970 0.2
1622 786 0.01
1622 4103 0.05
1622 871 0.2
1622 3302 0.2
1622 1158 0.2
1622 4112 0.2
1622 8849 0.05
1622 11987 0.05
1622 885 0.2
1622 10416 0.05
1622 5495 0.2
1622 9619 0.2
1622 8854 0.01
1622 3324 0.01
1622 11173 0.05
1622 1704 0.01
1622 118 0.01
1622 8859 0.05
1622 4926 0.01
1622 1707 0.05
1622 11997 0.01
1622 6555 0.01
1622 122 0.01
1622 2504 0.05
1622 5699 0.01
1622 903 0.2
1622 8867 0.01
1622 3339 0.05
1622 11184 0.01
1622 11500 0.01
1622 3341 0.2
1622 4139 0.2
1622 2424 0.01
1622 9647 0.05
1622 8093 0.05
1622 2515 0.2
1622 915 0.2
1622 9651 0.01
1622 4152 0.05
1622 8103 0.05
1622 8104 0.05
1622 6811 0.05
1622 10449 0.2
1622 11975 0.2
1622 6564 0.01
1622 1507 0.05
1622 8108 0.01
1622 5726 0.01
1622 11210 0.01
1622 4163 0.01
1622 4964 0.2
1622 8893 0.2
1622 8894 0.05
1622 8118 0.05
1622 1751 0.2
1622 932 0.05
1622 6577 0.2
1622 12032 0.2
1622 9671 0.05
1622 148 0.05
1622 8625 0.2
1622 938 0.2
1622 12467 0.2
1622 11225 0.2
1622 10463 0.2
1622 4186 0.05
1622 3388 0.05
1622 3389 0.05
1622 8911 0.2
1622 1765 0.01
1622 8875 0.05
1622 11084 0.01
1622 11239 0.05
1622 10592 0.01
1622 3397 0.05
1622 7361 0.05
1622 8924 0.05
1622 958 0.01
1622 1144 0.01
1622 4575 0.05
1622 1781 0.05
1622 7369 0.05
1622 2564 0.01
1622 174 0.2
1622 4218 0.01
1622 7375 0.2
1622 5011 0.2
1622 9715 0.05
1622 977 0.01
1622 3426 0.01
1622 4488 0.2
1622 6171 0.2
1622 10786 0.2
1622 12084 0.01
1622 192 0.01
1622 8167 0.01
1622 1804 0.01
1622 2962 0.01
1622 2588 0.05
1622 8173 0.2
1622 991 0.01
1622 10520 0.05
1622 1814 0.05
1622 4250 0.05
1622 11629 0.01
1622 5798 0.01
1622 3449 0.2
1622 4580 0.2
1622 4254 0.01
1622 5799 0.2
1622 10534 0.05
1622 211 0.05
1622 9746 0.01
1622 10535 0.05
1622 11309 0.05
1622 1014 0.2
1622 10538 0.01
1622 218 0.2
1622 4263 0.05
1622 2614 0.01
1622 3461 0.01
1622 11318 0.05
1622 10547 0.05
1622 8992 0.01
1622 1831 0.05
1622 4270 0.05
1622 9760 0.01
1622 3469 0.01
1622 10554 0.2
1622 8997 0.2
1622 5819 0.2
1622 12123 0.05
1622 2630 0.2
1622 11331 0.2
1622 5071 0.05
1622 9004 0.05
1622 7439 0.05
1622 1839 0.2
1622 9773 0.2
1622 234 0.01
1622 6673 0.2
1622 3484 0.2
1622 8394 0.05
1622 11649 0.05
1622 9016 0.2
1622 1852 0.01
1622 5840 0.2
1622 245 0.05
1622 12141 0.01
1622 5844 0.01
1622 5846 0.2
1622 6683 0.2
1622 6685 0.01
1622 254 0.05
1622 256 0.01
1622 4302 0.05
1622 10581 0.2
1622 10587 0.01
1622 1067 0.05
1622 10588 0.05
1622 4193 0.01
1622 1071 0.05
1622 6700 0.01
1622 11375 0.2
1622 6634 0.2
1622 10601 0.01
1622 9812 0.2
1622 6711 0.2
1622 9967 0.01
1622 1884 0.05
1622 1885 0.01
1622 11386 0.01
1622 10608 0.01
1622 1891 0.2
1622 8917 0.05
1622 1098 0.2
1622 4336 0.2
1622 7489 0.01
1622 1898 0.2
1622 1723 0.05
1622 3535 0.01
1622 3562 0.05
1622 4342 0.05
1622 9823 0.2
1622 7497 0.2
1622 9071 0.2
1622 1108 0.01
1622 5145 0.2
1622 8286 0.05
1622 1915 0.05
1622 1111 0.01
1622 12197 0.2
1622 2005 0.05
1622 3554 0.05
1622 7120 0.05
1622 3558 0.05
1622 8297 0.01
1622 4362 0.05
1622 9088 0.05
1622 1104 0.05
1622 2720 0.05
1622 1346 0.05
1622 5164 0.2
1622 10651 0.01
1622 9096 0.01
1622 11434 0.2
1622 12444 0.05
1622 9105 0.2
1622 2737 0.05
1622 8314 0.05
1622 2174 0.05
1622 6754 0.01
1622 8319 0.2
1622 7533 0.05
1622 339 0.2
1622 1949 0.05
1622 5187 0.01
1622 1957 0.2
1622 1958 0.2
1622 353 0.01
1622 657 0.01
1622 356 0.01
1622 11460 0.05
1622 5972 0.05
1622 11548 0.2
1622 9129 0.05
1622 4406 0.01
1622 9904 0.2
1622 10690 0.05
1622 7556 0.01
1622 3824 0.01
1622 10698 0.05
1622 4419 0.2
1622 5992 0.05
1622 10701 0.05
1622 3625 0.01
1622 11482 0.2
1622 9921 0.05
1622 9151 0.2
1622 1985 0.2
1622 8662 0.01
1622 1175 0.01
1622 10371 0.01
1622 2799 0.05
1622 7583 0.05
1622 400 0.2
1622 8361 0.05
1622 404 0.01
1622 3692 0.05
1622 7595 0.2
1622 6031 0.05
1622 12284 0.05
1622 10496 0.2
1622 1201 0.2
1622 3648 0.05
1622 7598 0.01
1622 8375 0.01
1622 2818 0.01
1622 10516 0.01
1622 5246 0.05
1622 8378 0.05
1622 6733 0.2
1622 3655 0.2
1622 4460 0.05
1622 2016 0.01
1622 8390 0.2
1622 11533 0.2
1622 5262 0.05
1622 1224 0.05
1622 10190 0.01
1622 2836 0.05
1622 4470 0.2
1622 4471 0.2
1622 12308 0.01
1622 11539 0.01
1622 11540 0.01
1622 12312 0.05
1622 9975 0.05
1622 9979 0.01
1622 9980 0.2
1622 5272 0.2
1622 9984 0.05
1622 9203 0.2
1622 2766 0.05
1622 435 0.2
1622 7625 0.05
1622 7508 0.05
1622 11272 0.2
1622 2855 0.2
1622 10732 0.05
1622 11557 0.2
1622 1241 0.01
1622 1242 0.05
1622 6082 0.2
1622 6859 0.2
1622 9220 0.2
1622 10775 0.01
1622 11570 0.05
1622 1527 0.01
1622 465 0.2
1622 11571 0.01
1622 6873 0.01
1622 10012 0.05
1622 2882 0.05
1622 6100 0.2
1622 2888 0.01
1622 2889 0.05
1622 2084 0.01
1622 2087 0.01
1622 6112 0.05
1622 12362 0.05
1622 4525 0.05
1622 489 0.2
1622 7672 0.05
1622 2900 0.01
1622 6122 0.05
1622 3734 0.05
1622 11600 0.2
1622 10113 0.2
1622 10030 0.01
1622 6128 0.2
1622 2101 0.01
1622 9253 0.2
1622 9255 0.01
1622 7645 0.01
1622 7692 0.2
1622 6133 0.01
1622 10811 0.2
1622 2111 0.05
1622 2923 0.05
1622 10037 0.2
1622 7794 0.05
1622 2926 0.05
1622 520 0.2
1622 4554 0.2
1622 6140 0.2
1622 11772 0.05
1622 1321 0.01
1622 2125 0.2
1622 1323 0.2
1622 2935 0.05
1622 2129 0.01
1622 12401 0.01
1622 10050 0.01
1622 8824 0.2
1622 6151 0.05
1622 9733 0.05
1622 6545 0.05
1622 6948 0.05
1622 10867 0.05
1622 10063 0.01
1622 10782 0.01
1622 10843 0.01
1622 6953 0.01
1622 5366 0.2
1622 545 0.01
1622 7725 0.01
1622 9290 0.2
1622 6504 0.2
1622 9292 0.2
1622 551 0.2
1622 206 0.2
1622 2964 0.2
1622 11651 0.2
1622 9257 0.2
1622 3797 0.01
1622 6229 0.05
1622 3799 0.05
1622 5377 0.01
1622 5379 0.01
1622 6976 0.01
1622 8568 0.01
1622 9303 0.05
1622 7038 0.05
1622 12442 0.05
1622 574 0.2
1622 11666 0.05
1622 10871 0.01
1622 10096 0.05
1622 1387 0.2
1622 10876 0.2
1622 2994 0.05
1622 11154 0.01
1622 4622 0.2
1622 3840 0.05
1622 1397 0.01
1622 7657 0.2
1622 9744 0.01
1622 3010 0.01
1622 6219 0.01
1622 9361 0.2
1622 3851 0.01
1622 11697 0.2
1622 11012 0.01
1622 7017 0.05
1622 7022 0.01
1622 3168 0.01
1622 2213 0.01
1622 1417 0.01
1622 10086 0.05
1622 10900 0.2
1622 1422 0.01
1622 8321 0.01
1622 7795 0.01
1622 8575 0.05
1622 3869 0.05
1622 10133 0.01
1622 3870 0.01
1622 7802 0.01
1622 9357 0.01
1622 9359 0.2
1622 10139 0.2
1622 7811 0.2
1622 10146 0.01
1622 8632 0.05
1622 9365 0.01
1622 3876 0.05
1622 4660 0.01
1622 7044 0.01
1622 9373 0.05
1622 12499 0.2
1622 6258 0.01
1622 11737 0.01
1622 5465 0.01
1622 10931 0.2
1622 12611 0.01
1622 6265 0.2
1622 7057 0.01
1622 8611 0.01
1622 3883 0.2
1622 3072 0.05
1622 12513 0.01
1622 3888 0.01
1622 10168 0.01
1622 10945 0.2
1622 4677 0.05
1622 2265 0.2
1622 6284 0.05
1622 5257 0.05
1622 9399 0.01
1622 6078 0.2
1622 2271 0.2
1622 4687 0.2
1622 2276 0.01
1622 12018 0.2
1622 5482 0.2
1622 7085 0.01
1622 10332 0.01
1622 4176 0.2
1622 12534 0.01
1622 7092 0.2
1622 1484 0.01
1622 7875 0.2
1622 2286 0.01
1622 6299 0.05
1622 12545 0.01
1622 7879 0.2
1622 3114 0.01
1622 4701 0.2
1622 11788 0.01
1622 7888 0.01
1622 8643 0.2
1622 1148 0.2
1622 4327 0.05
1622 10211 0.05
1622 6313 0.2
1622 8646 0.2
1622 12119 0.01
1622 3937 0.05
1622 4715 0.2
1622 7123 0.01
1622 10220 0.01
1622 697 0.05
1622 6003 0.05
1622 11326 0.05
1622 3140 0.01
1622 10688 0.2
1622 9447 0.01
1622 706 0.05
1622 2331 0.01
1622 12592 0.05
1622 4732 0.01
1622 8672 0.05
1622 3328 0.01
1622 9463 0.2
1622 5066 0.01
1622 8460 0.05
1622 1538 0.05
1622 9465 0.2
1622 8686 0.05
1622 10253 0.2
1622 4751 0.2
1622 7165 0.01
1622 5535 0.01
1622 4757 0.05
1622 10885 0.05
1622 9484 0.01
1622 12615 0.05
1622 3986 0.05
1622 3171 0.05
1622 7557 0.2
1622 9003 0.2
1622 739 0.05
1622 3175 0.2
1622 11852 0.05
1622 9378 0.01
1622 3561 0.2
1622 3185 0.05
1622 9493 0.05
1622 5554 0.05
1622 4281 0.01
1622 749 0.01
1622 5698 0.05
1622 5556 0.2
1622 5074 0.05
1622 7960 0.01
1622 8719 0.01
1622 8721 0.2
1622 2632 0.05
1624 7063 0.2
1624 8468 0.01
1625 2257 0.05
1625 1957 0.05
1625 5794 0.2
1625 9088 0.2
1625 12534 0.2
1625 8531 0.01
1625 4152 0.01
1627 574 0.01
1630 1168 0.05
1630 4152 0.05
1630 5782 0.2
1630 7553 0.2
1631 2818 0.01
1632 2507 0.2
1633 6077 0.01
1634 4152 0.01
1635 11434 0.05
1635 3164 0.01
1636 6303 0.05
1637 9078 0.01
1638 1757 0.2
1639 8430 0.05
1639 11899 0.01
1639 4732 0.01
1639 12123 0.05
1639 3554 0.2
1639 6733 0.05
1639 11571 0.05
1639 7280 0.2
1639 10811 0.2
1639 7283 0.2
1639 7361 0.05
1639 3979 0.2
1639 3734 0.05
1639 7508 0.05
1639 938 0.05
1639 1084 0.2
1639 2470 0.2
1639 1622 0.05
1639 1527 0.05
1639 1704 0.2
1640 854 0.05
1640 4152 0.01
1641 4152 0.05
1642 4152 0.01
1643 1527 0.01
1643 7875 0.05
1643 12513 0.05
1643 6073 0.05
1643 436 0.01
1643 2945 0.2
1643 871 0.01
1643 6754 0.01
1643 10811 0.01
1643 3469 0.2
1643 1108 0.01
1643 9088 0.01
1643 5145 0.05
1643 1422 0.2
1643 3618 0.01
1643 7324 0.01
1643 1622 0.05
1643 4152 0.2
1643 11326 0.2
1643 10037 0.05
1643 3114 0.01
1646 4152 0.05
1646 10037 0.2
1646 6718 0.2
1647 5487 0.01
1647 9531 0.01
1647 2928 0.2
1647 12629 0.2
1648 4152 0.05
1649 4152 0.05
1650 9087 0.01
1650 9088 0.05
1650 8568 0.2
1652 8170 0.05
1653 8869 0.05
1653 12268 0.2
1653 12095 0.05
1653 8229 0.2
1653 6543 0.05
1653 5951 0.2
1653 5503 0.2
1653 43 0.01
1655 4152 0.01
1656 4152 0.05
1657 11359 0.01
1659 4152 0.05
1660 4152 0.05
1663 4154 0.05
1663 8017 0.05
1663 4786 0.05
1663 1387 0.05
1663 7412 0.01
1663 2088 0.01
1663 1525 0.01
1663 3920 0.2
1663 6414 0.2
1663 392 0.05
1663 12556 0.2
1663 12231 0.01
1663 2535 0.05
1663 9782 0.05
1663 6969 0.01
1663 2408 0.05
1663 4589 0.2
1663 12388 0.05
1663 2815 0.05
1663 160 0.01
1663 7026 0.2
1663 92 0.2
1663 8661 0.05
1663 11713 0.2
1663 10037 0.2
1663 11360 0.2
1663 11469 0.2
1663 617 0.2
1663 8875 0.05
1663 6990 0.05
1663 107 0.2
1663 11256 0.01
1663 4152 0.2
1664 5482 0.01
1665 4152 0.05
1666 6471 0.05
1666 4152 0.05
1667 1757 0.2
1667 4152 0.05
1670 4152 0.2
1672 3618 0.2
1672 5844 0.05
1673 2845 0.05
1674 10371 0.05
1674 3388 0.01
1674 12622 0.01
1674 7554 0.2
1674 5145 0.01
1674 8672 0.01
1675 6621 0.05
1675 4066 0.05
1675 9237 0.2
1675 5761 0.2
1675 7663 0.01
1675 324 0.2
1675 10450 0.05
1675 7382 0.05
1675 4793 0.01
1675 4615 0.05
1675 5805 0.05
1675 11434 0.05
1675 10944 0.05
1675 9904 0.05
1675 12123 0.01
1675 10797 0.2
1675 9427 0.01
1675 3618 0.01
1675 10262 0.01
1675 7936 0.2
1675 174 0.05
1675 9088 0.2
1675 12513 0.01
1675 1757 0.2
1675 7536 0.01
1675 6479 0.05
1675 1759 0.01
1675 6128 0.05
1675 1346 0.01
1675 739 0.01
1675 7171 0.2
1675 2968 0.05
1675 9068 0.01
1675 2004 0.05
1675 7543 0.2
1675 2435 0.05
1675 6185 0.2
1675 3822 0.2
1675 518 0.05
1675 4152 0.05
1675 2605 0.01
1675 9843 0.2
1675 1319 0.05
1675 5482 0.2
1675 6961 0.01
1675 299 0.05
1675 574 0.05
1675 10641 0.2
1675 2016 0.05
1675 12534 0.05
1675 9605 0.2
1675 3409 0.01
1675 10698 0.05
1675 8672 0.01
1675 2112 0.2
1676 5272 0.2
1676 1371 0.01
1676 9531 0.05
1676 9843 0.05
1677 7324 0.2
1677 7127 0.2
1677 2845 0.05
1678 4152 0.01
1679 4152 0.2
1680 7572 0.05
1681 4152 0.05
1682 8201 0.05
1683 8609 0.01
1683 191 0.05
1683 7888 0.2
1683 3454 0.01
1683 1857 0.2
1683 1319 0.01
1683 12522 0.05
1683 3585 0.05
1683 7683 0.01
1683 905 0.05
1683 5554 0.2
1683 7324 0.05
1683 1622 0.01
1683 8361 0.2
1683 4254 0.2
1683 9715 0.01
1684 8090 0.2
1685 2507 0.2
1685 4250 0.01
1686 2324 0.2
1686 1884 0.05
1686 3403 0.05
1686 11097 0.01
1686 6960 0.2
1686 1270 0.2
1686 7944 0.05
1686 9773 0.05
1686 11352 0.01
1686 4426 0.05
1686 9088 0.01
1686 5145 0.2
1686 5445 0.05
1686 336 0.2
1686 5039 0.05
1686 4152 0.05
1686 44 0.2
1688 4152 0.2
1690 10976 0.05
1690 320 0.01
1690 679 0.05
1690 3466 0.05
1690 6639 0.05
1690 5143 0.2
1690 343 0.2
1690 7025 0.05
1690 3032 0.2
1690 6969 0.2
1690 5808 0.01
1690 4619 0.01
1690 6771 0.2
1690 4005 0.2
1690 8764 0.2
1690 6448 0.01
1690 3901 0.2
1691 4152 0.05
1693 4152 0.01
1694 9088 0.2
1695 4152 0.2
1696 1733 0.05
1696 9088 0.05
1698 4152 0.2
1700 4021 0.2
1703 11572 0.2
1703 4152 0.05
1704 6621 0.2
1704 224 0.2
1704 871 0.2
1704 9741 0.01
1704 9237 0.2
1704 3469 0.01
1704 3504 0.05
1704 174 0.05
1704 11540 0.01
1704 8846 0.01
1704 11377 0.01
1704 5071 0.2
1704 191 0.2
1704 6673 0.05
1704 1187 0.05
1704 3381 0.05
1704 9339 0.05
1704 6479 0.01
1704 4152 0.2
1704 672 0.01
1704 4537 0.05
1704 8041 0.05
1704 5287 0.05
1704 11654 0.2
1704 5145 0.01
1704 2435 0.05
1704 1422 0.2
1704 9677 0.2
1704 11462 0.01
1704 7324 0.05
1704 1622 0.01
1704 5148 0.01
1704 6093 0.01
1704 9843 0.01
1704 8381 0.01
1704 10690 0.01
1704 5919 0.05
1704 7283 0.05
1704 5805 0.05
1704 574 0.2
1704 9088 0.05
1704 2470 0.05
1704 11921 0.2
1704 1527 0.01
1704 2334 0.01
1704 9846 0.01
1705 1622 0.05
1707 1831 0.01
1707 9564 0.01
1707 12403 0.05
1707 4962 0.05
1707 12411 0.2
1707 10204 0.2
1707 1087 0.01
1707 3114 0.2
1707 11788 0.01
1707 191 0.2
1707 3164 0.05
1707 11492 0.01
1707 10367 0.01
1707 6961 0.01
1707 2196 0.05
1707 11695 0.2
1707 7394 0.05
1707 3383 0.01
1707 11012 0.05
1707 7265 0.05
1707 5842 0.2
1707 8568 0.2
1707 3185 0.01
1707 4250 0.05
1707 5239 0.2
1707 9591 0.01
1707 1717 0.01
1707 10037 0.01
1707 5554 0.2
1707 1319 0.2
1707 9359 0.2
1707 5482 0.01
1707 9088 0.2
1707 4991 0.2
1707 4152 0.2
1708 6755 0.2
1709 10376 0.05
1709 2257 0.05
1709 7647 0.01
1709 6151 0.01
1709 438 0.2
1709 1527 0.01
1709 10811 0.05
1709 9142 0.05
1709 10028 0.2
1709 9088 0.2
1709 12411 0.05
1709 4152 0.2
1709 7218 0.2
1710 4152 0.01
1711 6013 0.05
1711 8527 0.01
1712 2242 0.01
1716 10037 0.01
1717 9003 0.01
1717 11469 0.01
1717 1707 0.05
1717 1319 0.05
1717 5482 0.05
1717 8568 0.05
1717 1704 0.2
1717 9088 0.01
1717 4250 0.05
1717 8875 0.2
1717 10037 0.05
1718 4152 0.2
1719 2345 0.01
1719 136 0.05
1719 9531 0.2
1720 3389 0.05
1720 6405 0.05
1720 9288 0.2
1720 9410 0.01
1720 9088 0.05
1720 2016 0.01
1720 12534 0.05
1720 4152 0.05
1720 11434 0.2
1722 11790 0.05
1722 12179 0.05
1722 748 0.01
1724 4152 0.2
1725 4152 0.2
1726 11492 0.01
1728 174 0.2
1728 1386 0.2
1728 11679 0.01
1728 1831 0.2
1728 1087 0.2
1728 430 0.01
1728 1717 0.05
1728 4701 0.2
1728 12552 0.05
1728 11788 0.05
1728 9531 0.2
1728 6673 0.2
1728 12513 0.05
1728 4040 0.2
1728 4250 0.01
1728 7324 0.2
1728 1622 0.01
1728 5554 0.05
1728 1527 0.05
1728 8769 0.01
1728 2016 0.05
1728 7511 0.05
1730 871 0.05
1730 672 0.01
1730 7663 0.01
1730 10782 0.05
1730 11434 0.01
1730 3114 0.01
1730 5071 0.05
1730 4797 0.2
1730 5850 0.05
1730 766 0.2
1730 9674 0.05
1730 1949 0.01
1730 6128 0.05
1730 2004 0.01
1730 5239 0.05
1730 7451 0.05
1730 9720 0.2
1730 4250 0.05
1730 10037 0.05
1730 1319 0.2
1730 5482 0.05
1730 8151 0.01
1730 9088 0.01
1730 7811 0.2
1730 8099 0.05
1730 1575 0.2
1730 4152 0.01
1731 1916 0.05
1733 2324 0.05
1733 2257 0.2
1733 10450 0.2
1733 1827 0.2
1733 5074 0.2
1733 223 0.05
1733 5383 0.05
1733 7375 0.2
1733 3676 0.01
1733 299 0.01
1733 10588 0.2
1733 2197 0.2
1733 11127 0.01
1733 6976 0.2
1733 9082 0.05
1733 5028 0.2
1733 11214 0.01
1733 2954 0.01
1733 431 0.05
1734 4152 0.01
1735 1002 0.2
1736 12576 0.05
1737 592 0.05
1738 4152 0.2
1739 7896 0.01
1740 4152 0.01
1742 9088 0.01
1744 2326 0.01
1745 4152 0.2
1745 989 0.2
1746 4152 0.2
1746 9088 0.01
1746 2016 0.2
1746 1319 0.2
1749 2551 0.05
1749 10269 0.05
1749 12509 0.05
1749 11309 0.05
1749 2070 0.2
1749 9466 0.01
1749 9674 0.05
1749 1422 0.01
1749 3381 0.2
1749 3507 0.2
1749 9851 0.05
1751 2507 0.05
1752 8132 0.01
1753 9088 0.01
1754 4152 0.05
1755 2507 0.05
1757 7294 0.01
1757 174 0.05
1757 6789 0.05
1757 12289 0.2
1757 8350 0.01
1757 10 0.01
1757 2997 0.01
1757 4793 0.2
1757 12461 0.2
1757 11494 0.2
1757 2197 0.2
1757 6020 0.01
1757 5028 0.01
1757 9339 0.05
1757 11012 0.01
1757 10892 0.05
1757 10120 0.2
1757 7594 0.01
1757 10524 0.01
1757 1814 0.05
1757 1841 0.2
1757 10529 0.05
1757 11910 0.2
1757 4451 0.05
1757 1428 0.01
1757 10131 0.01
1757 2013 0.05
1757 1625 0.01
1757 9359 0.2
1757 6446 0.01
1757 4262 0.01
1757 12300 0.2
1757 7811 0.2
1757 7421 0.05
1757 6246 0.05
1757 10547 0.2
1757 4066 0.05
1757 2622 0.01
1757 11326 0.01
1757 3081 0.2
1757 4276 0.01
1757 12123 0.01
1757 9980 0.05
1757 5822 0.05
1757 7625 0.2
1757 70 0.05
1757 2016 0.05
1757 2257 0.01
1757 12138 0.05
1757 2649 0.01
1757 1468 0.2
1757 8805 0.01
1757 7451 0.05
1757 11319 0.2
1757 1059 0.2
1757 11529 0.01
1757 10185 0.05
1757 1675 0.01
1757 5482 0.05
1757 6504 0.01
1757 12534 0.01
1757 10965 0.05
1757 871 0.05
1757 1078 0.01
1757 1638 0.2
1757 6893 0.05
1757 3114 0.01
1757 10976 0.05
1757 4995 0.2
1757 885 0.2
1757 9052 0.2
1757 1099 0.05
1757 1103 0.01
1757 7494 0.01
1757 4775 0.05
1757 2310 0.01
1757 309 0.05
1757 5145 0.2
1757 4134 0.05
1757 12581 0.2
1757 10037 0.01
1757 2324 0.2
1757 5342 0.05
1757 1319 0.2
1757 7910 0.05
1757 8479 0.2
1757 9088 0.2
1757 9853 0.05
1757 4152 0.01
1757 3285 0.01
1757 10453 0.2
1757 9868 0.01
1757 10089 0.01
1757 12604 0.05
1757 10782 0.01
1757 2954 0.05
1757 11837 0.05
1757 7165 0.2
1757 6961 0.2
1757 6963 0.2
1757 9288 0.2
1757 11434 0.2
1757 4179 0.01
1757 1949 0.01
1757 3384 0.05
1757 7737 0.2
1757 8133 0.2
1757 3388 0.05
1757 5178 0.05
1757 4193 0.05
1757 5970 0.2
1757 1574 0.05
1757 746 0.01
1757 1771 0.2
1757 6722 0.01
1757 2981 0.2
1757 9693 0.01
1757 11470 0.05
1757 7749 0.01
1757 12199 0.2
1757 6608 0.05
1757 4213 0.05
1758 9088 0.05
1759 2388 0.01
1759 4021 0.01
1759 11065 0.05
1759 4793 0.2
1759 11887 0.2
1759 6416 0.05
1759 9710 0.01
1759 11076 0.05
1759 788 0.01
1759 11891 0.05
1759 9531 0.01
1759 11081 0.01
1759 11083 0.05
1759 8750 0.05
1759 5600 0.2
1759 4809 0.05
1759 4812 0.05
1759 8755 0.05
1759 11091 0.05
1759 2412 0.2
1759 1622 0.05
1759 239 0.2
1759 808 0.05
1759 10339 0.05
1759 5081 0.01
1759 6449 0.05
1759 11921 0.2
1759 11103 0.05
1759 11922 0.01
1759 5620 0.2
1759 9557 0.2
1759 4066 0.2
1759 2435 0.05
1759 824 0.01
1759 4846 0.01
1759 7247 0.01
1759 10357 0.01
1759 831 0.01
1759 6466 0.01
1759 2442 0.01
1759 839 0.05
1759 381 0.05
1759 6475 0.01
1759 11120 0.2
1759 6479 0.05
1759 1663 0.05
1759 8041 0.01
1759 2455 0.05
1759 9523 0.01
1759 2063 0.05
1759 10382 0.05
1759 8046 0.2
1759 11136 0.2
1759 78 0.05
1759 855 0.05
1759 9600 0.05
1759 6938 0.01
1759 8499 0.2
1759 9605 0.01
1759 4889 0.01
1759 864 0.05
1759 7829 0.01
1759 1686 0.01
1759 24 0.05
1759 255 0.01
1759 3303 0.01
1759 8065 0.2
1759 3306 0.2
1759 102 0.05
1759 1200 0.2
1759 7308 0.2
1759 11987 0.2
1759 11988 0.01
1759 6526 0.2
1759 8075 0.01
1759 8854 0.2
1759 3325 0.2
1759 4121 0.01
1759 1704 0.05
1759 10421 0.01
1759 2497 0.01
1759 3903 0.05
1759 4927 0.2
1759 12000 0.01
1759 10281 0.05
1759 3335 0.01
1759 6545 0.05
1759 3222 0.2
1759 5701 0.2
1759 7324 0.01
1759 11184 0.05
1759 4149 0.05
1759 5721 0.2
1759 5660 0.01
1759 8103 0.05
1759 10965 0.01
1759 11197 0.01
1759 1744 0.01
1759 6572 0.05
1759 7344 0.2
1759 8118 0.2
1759 8899 0.05
1759 932 0.05
1759 6577 0.2
1759 934 0.05
1759 8625 0.2
1759 4179 0.2
1759 3381 0.01
1759 9677 0.05
1759 1758 0.01
1759 940 0.2
1759 11232 0.2
1759 6590 0.05
1759 6592 0.05
1759 8137 0.2
1759 3394 0.2
1759 4991 0.2
1759 9690 0.01
1759 4040 0.01
1759 8143 0.01
1759 6609 0.2
1759 6961 0.05
1759 7369 0.05
1759 8935 0.01
1759 174 0.2
1759 1786 0.01
1759 10495 0.2
1759 8938 0.2
1759 10497 0.05
1759 9715 0.01
1759 7382 0.05
1759 9717 0.05
1759 12084 0.01
1759 8167 0.01
1759 11277 0.05
1759 10812 0.01
1759 3436 0.01
1759 8173 0.01
1759 8177 0.01
1759 5795 0.05
1759 11295 0.05
1759 10529 0.05
1759 9741 0.2
1759 11298 0.2
1759 208 0.01
1759 4254 0.01
1759 10534 0.05
1759 8976 0.05
1759 11309 0.05
1759 1014 0.2
1759 5805 0.05
1759 218 0.2
1759 11884 0.2
1759 10540 0.01
1759 223 0.05
1759 224 0.2
1759 2619 0.01
1759 11326 0.05
1759 3110 0.2
1759 2967 0.01
1759 12123 0.05
1759 12127 0.05
1759 7959 0.05
1759 11336 0.05
1759 234 0.05
1759 11337 0.2
1759 6673 0.2
1759 7994 0.05
1759 12131 0.01
1759 2643 0.05
1759 11343 0.05
1759 2296 0.2
1759 241 0.01
1759 3251 0.05
1759 11654 0.2
1759 1854 0.05
1759 12552 0.01
1759 246 0.01
1759 5644 0.2
1759 249 0.05
1759 7451 0.05
1759 11353 0.2
1759 12149 0.01
1759 4302 0.2
1759 6541 0.2
1759 11363 0.2
1759 3507 0.01
1759 778 0.05
1759 8249 0.2
1759 272 0.2
1759 7469 0.2
1759 273 0.2
1759 11300 0.01
1759 9812 0.05
1759 1099 0.05
1759 8270 0.05
1759 299 0.01
1759 6719 0.05
1759 5137 0.05
1759 9068 0.01
1759 311 0.01
1759 371 0.2
1759 9078 0.05
1759 313 0.01
1759 9843 0.2
1759 8295 0.05
1759 9851 0.05
1759 10641 0.2
1759 3566 0.01
1759 10651 0.2
1759 2728 0.01
1759 5168 0.01
1759 12223 0.2
1759 1131 0.01
1759 11434 0.2
1759 4377 0.05
1759 574 0.05
1759 11437 0.01
1759 6752 0.05
1759 6753 0.2
1759 2743 0.2
1759 8319 0.2
1759 9885 0.05
1759 7536 0.05
1759 1949 0.05
1759 11450 0.2
1759 353 0.01
1759 1961 0.2
1759 6071 0.01
1759 5970 0.01
1759 5197 0.2
1759 2765 0.2
1759 5212 0.05
1759 1975 0.01
1759 373 0.01
1759 7568 0.05
1759 387 0.01
1759 9158 0.01
1759 2798 0.05
1759 5684 0.2
1759 4435 0.05
1759 399 0.05
1759 4133 0.2
1759 8361 0.2
1759 8365 0.05
1759 2004 0.2
1759 9946 0.05
1759 12284 0.2
1759 11511 0.05
1759 7598 0.05
1759 2817 0.01
1759 4450 0.01
1759 4451 0.01
1759 5148 0.01
1759 8378 0.2
1759 6051 0.2
1759 2016 0.05
1759 6963 0.2
1759 1219 0.01
1759 7196 0.05
1759 11005 0.2
1759 7613 0.01
1759 2835 0.01
1759 9716 0.05
1759 11539 0.01
1759 3676 0.01
1759 5266 0.01
1759 5269 0.2
1759 5272 0.05
1759 9984 0.05
1759 9204 0.2
1759 7625 0.05
1759 6076 0.2
1759 9989 0.2
1759 7629 0.2
1759 9210 0.2
1759 5287 0.05
1759 1245 0.05
1759 3702 0.2
1759 10108 0.2
1759 9535 0.05
1759 460 0.2
1759 6093 0.2
1759 8426 0.2
1759 6875 0.2
1759 10012 0.05
1759 12347 0.05
1759 8433 0.01
1759 11007 0.01
1759 6887 0.01
1759 9236 0.01
1759 9237 0.01
1759 7663 0.01
1759 1290 0.01
1759 489 0.2
1759 2896 0.01
1759 6899 0.01
1759 3734 0.01
1759 4537 0.05
1759 9248 0.2
1759 4738 0.01
1759 6368 0.2
1759 8464 0.01
1759 4548 0.05
1759 518 0.2
1759 2926 0.2
1759 12393 0.01
1759 5342 0.01
1759 522 0.05
1759 11772 0.05
1759 324 0.01
1759 5347 0.05
1759 8480 0.05
1759 5359 0.01
1759 2948 0.01
1759 3771 0.01
1759 1993 0.01
1759 7719 0.2
1759 10063 0.2
1759 10782 0.05
1759 2956 0.05
1759 7725 0.05
1759 1058 0.01
1759 9287 0.05
1759 9288 0.2
1759 3578 0.01
1759 1360 0.01
1759 11651 0.05
1759 3478 0.2
1759 6180 0.05
1759 8512 0.01
1759 6976 0.05
1759 6978 0.01
1759 6185 0.01
1759 204 0.2
1759 9307 0.2
1759 6984 0.05
1759 572 0.05
1759 11665 0.05
1759 5173 0.2
1759 2171 0.2
1759 8531 0.2
1759 10871 0.2
1759 4610 0.2
1759 10101 0.05
1759 7007 0.01
1759 5406 0.05
1759 4622 0.05
1759 7009 0.05
1759 3842 0.2
1759 12461 0.2
1759 3847 0.2
1759 7810 0.2
1759 10113 0.2
1759 3021 0.05
1759 7017 0.01
1759 3025 0.2
1759 10900 0.01
1759 1422 0.2
1759 8575 0.01
1759 3869 0.05
1759 5436 0.2
1759 7802 0.05
1759 10150 0.2
1759 8606 0.01
1759 9360 0.05
1759 10140 0.2
1759 7813 0.05
1759 8632 0.05
1759 9367 0.01
1759 7492 0.05
1759 12498 0.2
1759 6254 0.2
1759 8601 0.05
1759 10153 0.05
1759 2242 0.2
1759 2243 0.05
1759 438 0.01
1759 12510 0.01
1759 2248 0.05
1759 8611 0.2
1759 3884 0.01
1759 12513 0.05
1759 3885 0.05
1759 7843 0.05
1759 2256 0.01
1759 7845 0.2
1759 10944 0.01
1759 8616 0.2
1759 12523 0.2
1759 653 0.05
1759 7082 0.2
1759 2276 0.2
1759 5733 0.2
1759 7865 0.05
1759 12533 0.01
1759 12534 0.05
1759 12538 0.2
1759 2486 0.2
1759 5487 0.05
1759 5446 0.05
1759 10972 0.2
1759 672 0.2
1759 4700 0.2
1759 674 0.05
1759 4701 0.05
1759 4702 0.01
1759 5747 0.2
1759 7886 0.01
1759 7113 0.05
1759 7116 0.2
1759 8646 0.2
1759 10982 0.01
1759 3933 0.2
1759 9619 0.05
1759 9435 0.01
1759 9436 0.01
1759 8656 0.01
1759 10220 0.01
1759 12576 0.2
1759 2317 0.05
1759 6003 0.01
1759 7899 0.05
1759 4446 0.05
1759 2493 0.05
1759 706 0.01
1759 4729 0.01
1759 6341 0.2
1759 5521 0.01
1759 3879 0.01
1759 1527 0.05
1759 11822 0.05
1759 8672 0.05
1759 6346 0.2
1759 11825 0.01
1759 719 0.01
1759 9463 0.2
1759 9466 0.01
1759 8681 0.01
1759 6335 0.05
1759 2960 0.05
1759 11837 0.01
1759 10256 0.2
1759 10874 0.01
1759 7936 0.01
1759 5539 0.2
1759 11845 0.01
1759 5544 0.05
1759 739 0.05
1759 9489 0.05
1759 11029 0.05
1759 9491 0.01
1759 3179 0.2
1759 12522 0.05
1759 3186 0.01
1759 9423 0.2
1759 8714 0.2
1759 5554 0.2
1759 5555 0.2
1759 7957 0.01
1759 1524 0.2
1759 5559 0.01
1759 3190 0.05
1759 7055 0.05
1759 9486 0.01
1759 4782 0.01
1759 10291 0.2
1760 4152 0.2
1761 1084 0.01
1762 4152 0.2
1763 4522 0.01
1766 4152 0.2
1767 4152 0.01
1768 4152 0.01
1769 9975 0.2
1769 9003 0.01
1769 174 0.01
1769 8700 0.05
1769 1319 0.01
1770 5071 0.2
1770 1267 0.05
1771 1757 0.2
1772 4152 0.05
1773 4152 0.2
1775 9538 0.05
1776 831 0.2
1779 4152 0.01
1780 7193 0.01
1780 4152 0.2
1780 10037 0.05
1781 11375 0.05
1781 3034 0.01
1781 9843 0.01
1781 4066 0.01
1781 9288 0.05
1781 10012 0.05
1781 1014 0.01
1781 9088 0.01
1781 2016 0.05
1781 8568 0.05
1781 1422 0.05
1781 2806 0.2
1781 1622 0.01
1781 4152 0.01
1781 9425 0.05
1782 4152 0.05
1783 138 0.2
1783 3469 0.05
1783 10603 0.05
1783 10752 0.2
1783 11434 0.2
1783 2956 0.01
1783 10366 0.01
1783 1980 0.2
1783 885 0.05
1783 9288 0.01
1783 2600 0.01
1783 11522 0.05
1783 2913 0.05
1783 8854 0.05
1783 5186 0.05
1783 3535 0.2
1783 10517 0.2
1783 4443 0.05
1783 7443 0.01
1783 3388 0.05
1783 10471 0.01
1783 454 0.01
1783 1417 0.2
1783 4592 0.2
1783 5652 0.01
1783 12625 0.01
1783 1420 0.05
1783 8046 0.05
1783 9464 0.05
1783 10037 0.01
1783 12292 0.05
1783 4732 0.01
1783 11571 0.05
1783 1065 0.01
1783 1014 0.2
1783 9088 0.2
1783 12534 0.01
1783 1019 0.2
1783 4152 0.01
1783 11621 0.2
1785 4152 0.2
1787 4152 0.2
1788 11706 0.2
1789 4152 0.05
1790 2888 0.05
1791 8108 0.05
1794 4152 0.2
1795 9088 0.2
1797 9496 0.2
1798 9088 0.05
1800 4152 0.2
1801 2329 0.2
1802 23 0.05
1804 4152 0.05
1804 9088 0.01
1804 12534 0.05
1805 2455 0.2
1805 11233 0.2
1805 8464 0.01
1805 9466 0.2
1805 2388 0.05
1805 9141 0.05
1805 7008 0.2
1807 10533 0.01
1808 4803 0.2
1809 23 0.2
1812 1322 0.2
1812 511 0.2
1812 12513 0.05
1812 4808 0.2
1813 7616 0.05
1814 6064 0.2
1814 10495 0.05
1814 7972 0.01
1814 11326 0.05
1814 9565 0.01
1814 9975 0.01
1814 4793 0.2
1814 10782 0.05
1814 430 0.05
1814 4047 0.2
1814 5071 0.2
1814 3164 0.2
1814 10073 0.01
1814 9288 0.2
1814 6756 0.2
1814 6504 0.05
1814 9674 0.01
1814 8766 0.01
1814 7265 0.2
1814 2455 0.2
1814 3388 0.05
1814 6590 0.2
1814 326 0.05
1814 8568 0.2
1814 1422 0.01
1814 1622 0.01
1814 5554 0.01
1814 8574 0.2
1814 1319 0.2
1814 5482 0.05
1814 9088 0.01
1814 9605 0.05
1814 11921 0.2
1814 4152 0.05
1814 2334 0.2
1814 9232 0.01
1815 11974 0.2
1817 4152 0.01
1817 6754 0.05
1818 9843 0.05
1818 1468 0.2
1818 351 0.2
1818 5482 0.05
1818 191 0.01
1818 11695 0.01
1818 4387 0.2
1818 5554 0.01
1818 9904 0.05
1819 4152 0.05
1819 1963 0.2
1823 4152 0.2
1824 1759 0.01
1825 1108 0.05
1825 4152 0.05
1825 3114 0.01
1826 4152 0.2
1826 4762 0.2
1827 10588 0.2
1827 6405 0.2
1827 4152 0.2
1827 11434 0.2
1828 4152 0.2
1829 3568 0.2
1829 8392 0.01
1829 231 0.05
1829 4793 0.05
1829 12411 0.05
1829 5369 0.2
1829 9720 0.2
1829 10367 0.2
1829 885 0.2
1829 7838 0.01
1829 11695 0.2
1829 8321 0.05
1829 197 0.2
1829 4080 0.2
1829 4415 0.01
1829 6590 0.01
1829 12335 0.05
1829 4250 0.2
1829 9591 0.2
1829 10037 0.01
1829 8574 0.05
1829 4152 0.05
1829 3656 0.01
1829 8045 0.01
1829 12488 0.2
1829 9088 0.05
1829 6782 0.05
1829 4732 0.01
1830 10377 0.01
1830 2634 0.01
1830 6126 0.05
1830 8319 0.01
1830 6673 0.05
1830 171 0.01
1830 9433 0.05
1830 1527 0.01
1830 11434 0.05
1831 4018 0.2
1831 871 0.2
1831 672 0.05
1831 9183 0.2
1831 10204 0.2
1831 2896 0.2
1831 191 0.05
1831 2692 0.05
1831 11492 0.2
1831 3585 0.05
1831 6013 0.2
1831 2196 0.05
1831 9673 0.05
1831 11695 0.2
1831 1409 0.05
1831 4042 0.2
1831 4387 0.05
1831 1707 0.01
1831 8568 0.01
1831 8000 0.2
1831 9591 0.01
1831 7324 0.05
1831 1622 0.2
1831 10037 0.05
1831 5554 0.01
1831 4152 0.2
1831 1319 0.2
1831 9359 0.2
1831 10690 0.01
1831 9088 0.2
1831 1216 0.01
1831 12351 0.05
1831 12401 0.05
1831 9244 0.01
1832 2637 0.2
1834 4152 0.01
1835 2507 0.2
1836 3503 0.05
1837 8334 0.01
1839 4152 0.2
1841 1757 0.05
1842 3135 0.01
1843 4152 0.01
1845 11173 0.05
1847 4152 0.2
1849 4152 0.05
1850 4152 0.01
1851 5554 0.2
1852 2888 0.01
1852 9480 0.01
1852 2935 0.05
1852 1622 0.05
1852 4152 0.05
1852 6127 0.05
1852 4701 0.05
1853 5487 0.05
1853 2928 0.01
1853 6976 0.01
1853 9843 0.01
1854 6508 0.2
1855 11488 0.05
1856 10592 0.01
1856 4152 0.05
1857 6492 0.05
1857 174 0.01
1857 3388 0.01
1857 10703 0.2
1857 7265 0.05
1857 10876 0.01
1857 672 0.01
1857 324 0.2
1857 1087 0.05
1857 5118 0.01
1857 5369 0.01
1857 3114 0.05
1857 342 0.05
1857 10662 0.2
1857 6416 0.05
1857 9984 0.2
1857 191 0.05
1857 6754 0.05
1857 70 0.05
1857 4152 0.05
1857 1237 0.2
1857 11695 0.2
1857 7683 0.01
1857 12513 0.01
1857 5964 0.2
1857 9324 0.2
1857 4387 0.05
1857 7171 0.05
1857 9020 0.2
1857 11584 0.05
1857 1268 0.01
1857 1468 0.2
1857 7543 0.05
1857 6590 0.01
1857 11130 0.2
1857 8568 0.2
1857 5968 0.2
1857 9720 0.05
1857 6377 0.05
1857 12058 0.01
1857 655 0.05
1857 5554 0.05
1857 10695 0.2
1857 211 0.01
1857 8574 0.2
1857 1240 0.05
1857 9843 0.2
1857 1865 0.05
1857 1319 0.2
1857 10778 0.01
1857 10690 0.01
1857 11043 0.2
1857 7749 0.01
1857 5482 0.2
1857 6128 0.2
1857 9088 0.2
1857 4042 0.05
1857 9605 0.2
1857 12401 0.2
1857 1683 0.01
1857 3409 0.2
1858 11016 0.2
1859 9536 0.01
1859 1622 0.01
1859 4531 0.2
1862 10369 0.2
1862 8132 0.2
1862 6707 0.01
1863 4152 0.2
1863 9088 0.2
1864 4152 0.01
1866 6368 0.05
1866 9897 0.2
1866 2896 0.01
1866 9658 0.01
1869 11083 0.2
1870 9088 0.2
1872 10096 0.01
1873 4152 0.01
1874 6122 0.05
1874 4149 0.01
1877 4152 0.01
1878 2992 0.2
1878 4066 0.2
1878 8941 0.05
1878 1230 0.01
1878 12025 0.2
1878 2896 0.2
1878 12552 0.05
1878 1236 0.05
1878 7810 0.2
1878 8170 0.01
1878 7394 0.05
1878 9433 0.01
1878 7843 0.05
1878 2256 0.05
1878 8512 0.01
1878 1961 0.05
1878 4991 0.01
1878 12243 0.2
1878 9843 0.05
1878 9851 0.05
1878 12203 0.05
1878 11922 0.01
1880 11204 0.01
1881 2093 0.01
1881 4152 0.2
1884 1686 0.01
1884 871 0.05
1884 7818 0.01
1884 7426 0.01
1884 11326 0.05
1884 324 0.01
1884 3678 0.01
1884 7663 0.05
1884 10782 0.05
1884 11252 0.2
1884 10371 0.01
1884 3114 0.01
1884 10588 0.2
1884 11241 0.05
1884 3618 0.01
1884 24 0.01
1884 11434 0.2
1884 9619 0.01
1884 2004 0.05
1884 2359 0.05
1884 5844 0.01
1884 12000 0.05
1884 5239 0.01
1884 249 0.05
1884 6003 0.05
1884 1622 0.05
1884 3496 0.05
1884 9955 0.01
1884 518 0.01
1884 211 0.01
1884 7749 0.01
1884 8093 0.2
1884 9410 0.2
1884 9088 0.01
1884 2016 0.05
1884 11526 0.2
1884 12534 0.2
1884 4152 0.05
1884 234 0.01
1886 4152 0.05
1888 4152 0.01
1889 4152 0.05
1890 9975 0.05
1890 4152 0.2
1891 1622 0.05
1892 12411 0.01
1892 4152 0.05
1892 2004 0.01
1893 3547 0.05
1894 4152 0.2
1896 4152 0.01
1898 6215 0.01
1898 4152 0.05
1898 5145 0.2
1898 3799 0.2
1899 4152 0.2
1899 8392 0.01
1901 191 0.01
1901 7376 0.2
1901 5482 0.2
1901 511 0.01
1901 4250 0.05
1901 9843 0.2
1902 4152 0.05
1903 9538 0.05
1904 5487 0.01
1904 91 0.2
1904 5872 0.2
1904 3587 0.01
1904 8682 0.01
1904 9923 0.05
1904 3109 0.2
1904 4021 0.01
1904 1230 0.01
1904 5938 0.2
1904 7767 0.05
1904 5068 0.2
1904 676 0.05
1904 8609 0.01
1904 3842 0.01
1904 1138 0.05
1904 3217 0.2
1904 7810 0.05
1904 9531 0.2
1904 4384 0.01
1904 2896 0.01
1904 9167 0.01
1904 3382 0.05
1904 11554 0.05
1904 8173 0.2
1904 5329 0.05
1904 1343 0.2
1904 70 0.05
1904 8512 0.05
1904 8568 0.2
1904 3544 0.01
1904 961 0.2
1904 11354 0.2
1904 9535 0.05
1904 7324 0.01
1904 8755 0.01
1904 2551 0.2
1904 5069 0.2
1904 12635 0.2
1904 1319 0.01
1904 10736 0.05
1904 2276 0.01
1904 964 0.05
1904 9851 0.2
1904 2293 0.01
1904 5721 0.01
1904 9408 0.2
1904 12492 0.2
1905 2507 0.05
1906 3618 0.05
1906 3562 0.01
1906 8208 0.2
1908 2053 0.2
1910 438 0.05
1910 10290 0.2
1910 3678 0.05
1911 1015 0.2
1912 3766 0.05
1913 6566 0.2
1913 9088 0.05
1913 10 0.05
1914 1527 0.01
1914 4152 0.2
1914 8845 0.05
1916 1731 0.05
1917 11608 0.01
1918 10842 0.05
1918 3377 0.2
1919 9531 0.05
1920 5272 0.01
1920 9843 0.2
1920 4066 0.01
1920 8755 0.2
1920 7865 0.01
1920 4793 0.2
1920 11434 0.05
1920 2242 0.01
1921 4152 0.01
1922 5071 0.2
1922 10168 0.01
1922 4152 0.05
1923 10474 0.2
1923 7548 0.2
1924 9088 0.2
1925 4152 0.05
1926 4152 0.05
1928 4152 0.2
1929 10037 0.01
1930 2507 0.2
1931 6937 0.2
1931 4152 0.01
1931 10811 0.2
1932 4152 0.01
1934 4522 0.2
1935 4152 0.05
1936 4152 0.2
1939 4152 0.01
1940 8173 0.05
1940 174 0.05
1940 655 0.2
1940 8065 0.05
1942 8517 0.05
1942 1622 0.01
1942 3132 0.2
1943 4522 0.01
1944 4152 0.01
1944 9088 0.05
1944 10811 0.05
1946 4152 0.01
1948 4152 0.05
1949 7494 0.01
1949 9693 0.01
1949 2737 0.2
1949 9068 0.01
1949 10220 0.05
1949 1087 0.2
1949 871 0.2
1949 8479 0.05
1949 7451 0.01
1949 12335 0.01
1949 1730 0.2
1949 10529 0.2
1949 1099 0.05
1949 12513 0.2
1949 7811 0.01
1949 3808 0.01
1949 10782 0.05
1949 4152 0.05
1949 1575 0.01
1949 3114 0.05
1950 8498 0.05
1950 7012 0.2
1950 8512 0.2
1950 9528 0.2
1950 1230 0.01
1950 1002 0.01
1950 2786 0.01
1950 3729 0.2
1951 4152 0.05
1953 10480 0.01
1954 12401 0.05
1954 7691 0.2
1954 7543 0.2
1954 3618 0.05
1954 4152 0.01
1954 5554 0.2
1955 3469 0.01
1955 12411 0.2
1955 2242 0.2
1955 5071 0.2
1955 11788 0.2
1955 1237 0.2
1955 9624 0.2
1955 2846 0.2
1955 12385 0.01
1955 10811 0.01
1955 8568 0.2
1955 9698 0.01
1955 5145 0.2
1955 1622 0.01
1955 10037 0.01
1955 4152 0.05
1955 11571 0.2
1955 9793 0.01
1955 8151 0.2
1955 9088 0.2
1955 1071 0.05
1955 1527 0.01
1957 4370 0.2
1957 1028 0.01
1957 4526 0.2
1957 5074 0.2
1957 12032 0.2
1957 3651 0.2
1957 9936 0.05
1957 4178 0.2
1957 1405 0.2
1957 3535 0.05
1957 989 0.01
1957 1242 0.05
1957 2257 0.2
1957 2209 0.2
1957 10767 0.2
1957 5794 0.01
1957 516 0.05
1957 5857 0.05
1957 3142 0.05
1957 1625 0.05
1957 3712 0.01
1957 10256 0.2
1957 1103 0.2
1957 5173 0.05
1957 4605 0.05
1957 958 0.05
1957 4152 0.2
1957 9911 0.01
1959 4152 0.2
1960 10568 0.01
1960 4152 0.01
1961 1383 0.05
1961 8716 0.05
1961 3942 0.2
1961 7376 0.05
1961 7603 0.05
1961 9786 0.01
1961 511 0.05
1961 9247 0.01
1961 9336 0.05
1963 1819 0.01
1963 4152 0.2
1965 2551 0.01
1965 91 0.2
1965 9560 0.01
1965 4728 0.2
1965 6280 0.05
1965 3217 0.01
1965 2786 0.01
1965 11235 0.01
1965 2949 0.01
1965 9851 0.05
1965 3804 0.05
1965 4991 0.01
1965 5938 0.2
1965 9562 0.2
1965 2896 0.01
1965 9839 0.01
1966 4152 0.05
1967 11536 0.05
1968 10495 0.01
1968 4152 0.2
1969 350 0.2
1969 11392 0.05
1971 173 0.05
1971 5129 0.01
1971 6155 0.01
1971 3254 0.05
1971 12403 0.01
1971 4525 0.05
1971 6260 0.01
1971 1295 0.05
1971 7394 0.2
1971 9167 0.01
1971 9630 0.01
1971 3087 0.2
1971 649 0.2
1971 1961 0.05
1971 1622 0.01
1971 4874 0.2
1971 3342 0.05
1971 3239 0.2
1971 12251 0.01
1971 7603 0.01
1971 8533 0.01
1971 10095 0.01
1971 11196 0.05
1973 7773 0.05
1974 5889 0.2
1975 438 0.01
1975 9088 0.01
1975 2016 0.01
1975 5455 0.05
1975 3678 0.01
1975 4152 0.05
1976 4152 0.2
1978 4152 0.2
1979 10312 0.05
1979 12123 0.01
1979 1544 0.01
1979 2945 0.2
1979 5844 0.01
1979 9088 0.2
1979 7719 0.01
1979 9432 0.05
1979 12401 0.05
1979 4165 0.05
1979 12228 0.01
1979 10421 0.2
1980 1783 0.05
1981 9843 0.01
1981 2888 0.2
1981 4066 0.2
1981 830 0.2
1981 574 0.01
1981 9466 0.05
1981 9088 0.05
1981 2016 0.05
1981 12534 0.05
1981 11695 0.2
1981 1622 0.2
1981 1759 0.01
1981 8672 0.05
1982 5701 0.2
1982 8609 0.2
1982 1527 0.01
1982 6508 0.05
1982 932 0.2
1983 5726 0.05
1985 4152 0.2
1987 10495 0.01
1987 4152 0.01
1987 4522 0.01
1989 4066 0.01
1990 174 0.2
1991 2468 0.2
1991 1319 0.01
1992 4525 0.2
1992 7421 0.01
1992 5482 0.2
1992 3114 0.01
1993 1242 0.2
1993 11540 0.2
1993 5101 0.05
1993 10495 0.05
1993 4330 0.05
1993 10811 0.05
1993 5359 0.2
1993 418 0.2
1993 9088 0.05
1993 5145 0.01
1993 6341 0.01
1993 1422 0.01
1993 2016 0.01
1993 4152 0.01
1993 10698 0.01
1993 6508 0.05
1993 5554 0.2
1994 4152 0.05
1995 11326 0.2
1995 10086 0.2
1995 8123 0.05
1995 1084 0.05
1995 6700 0.2
1995 4152 0.2
1995 8104 0.01
1998 12195 0.01
1998 3132 0.05
1999 9088 0.05
2000 9773 0.2
2000 7375 0.05
2000 10811 0.05
2000 9361 0.05
2000 9088 0.01
2000 1422 0.2
2001 4152 0.2
2002 4152 0.2
2004 8935 0.2
2004 2835 0.01
2004 4018 0.01
2004 3469 0.01
2004 12411 0.2
2004 1290 0.2
2004 11737 0.01
2004 2798 0.05
2004 10495 0.05
2004 7691 0.01
2004 3388 0.01
2004 9491 0.2
2004 10811 0.01
2004 8568 0.01
2004 5145 0.05
2004 2923 0.01
2004 5554 0.2
2004 518 0.05
2004 4152 0.2
2004 1321 0.2
2004 9088 0.05
2004 6992 0.2
2004 1527 0.2
2004 90 0.05
2005 3190 0.2
2005 4066 0.2
2005 11083 0.05
2005 1622 0.2
2005 4302 0.05
2005 2954 0.05
2005 4701 0.05
2007 7155 0.01
2008 4152 0.01
2009 5023 0.05
2009 7699 0.01
2010 2507 0.05
2010 1622 0.01
2013 1757 0.01
2014 11488 0.2
2015 9976 0.01
2015 12405 0.2
2015 9088 0.01
2015 439 0.05
2016 11151 0.2
2016 174 0.01
2016 3625 0.01
2016 6405 0.05
2016 10703 0.2
2016 4615 0.05
2016 7005 0.2
2016 11884 0.05
2016 4793 0.01
2016 2041 0.05
2016 9329 0.01
2016 5019 0.01
2016 9592 0.05
2016 7657 0.01
2016 4717 0.01
2016 1993 0.05
2016 786 0.01
2016 2398 0.2
2016 2197 0.01
2016 8613 0.01
2016 6021 0.05
2016 9339 0.05
2016 8361 0.01
2016 11897 0.2
2016 404 0.2
2016 8750 0.05
2016 1616 0.01
2016 2004 0.01
2016 1757 0.01
2016 5794 0.01
2016 1417 0.05
2016 4040 0.01
2016 9698 0.01
2016 1422 0.05
2016 2412 0.2
2016 1622 0.01
2016 4450 0.05
2016 10333 0.2
2016 8575 0.01
2016 9746 0.01
2016 1625 0.01
2016 4454 0.01
2016 11310 0.01
2016 1014 0.05
2016 7049 0.01
2016 4042 0.01
2016 10141 0.2
2016 2228 0.01
2016 11921 0.05
2016 3504 0.2
2016 2893 0.01
2016 8779 0.05
2016 10675 0.01
2016 10147 0.05
2016 2257 0.05
2016 3660 0.01
2016 3469 0.05
2016 12312 0.05
2016 9975 0.2
2016 7248 0.01
2016 2438 0.2
2016 9980 0.2
2016 9689 0.05
2016 5272 0.2
2016 11333 0.01
2016 5825 0.01
2016 11938 0.01
2016 6073 0.01
2016 438 0.01
2016 5462 0.01
2016 10371 0.2
2016 6672 0.05
2016 8300 0.2
2016 6673 0.05
2016 8381 0.05
2016 8910 0.2
2016 9020 0.05
2016 8041 0.2
2016 442 0.01
2016 352 0.01
2016 10809 0.2
2016 2265 0.2
2016 6864 0.01
2016 9221 0.2
2016 2579 0.05
2016 1527 0.01
2016 4506 0.05
2016 11571 0.01
2016 1675 0.01
2016 5482 0.2
2016 9410 0.05
2016 1068 0.01
2016 12534 0.2
2016 7290 0.2
2016 3408 0.05
2016 9416 0.01
2016 10965 0.2
2016 10195 0.01
2016 11375 0.05
2016 2888 0.2
2016 10197 0.2
2016 276 0.01
2016 871 0.01
2016 3518 0.2
2016 12545 0.05
2016 8840 0.2
2016 4700 0.2
2016 3145 0.05
2016 5878 0.05
2016 1084 0.2
2016 3467 0.05
2016 1884 0.01
2016 3114 0.05
2016 7407 0.2
2016 12374 0.05
2016 885 0.2
2016 8917 0.2
2016 6906 0.05
2016 8885 0.2
2016 10028 0.05
2016 8384 0.05
2016 9619 0.05
2016 5512 0.2
2016 10617 0.05
2016 6128 0.2
2016 1346 0.2
2016 1371 0.2
2016 4718 0.01
2016 9068 0.01
2016 2310 0.01
2016 12092 0.01
2016 10811 0.05
2016 2622 0.01
2016 6265 0.05
2016 7647 0.01
2016 5145 0.05
2016 2112 0.05
2016 11895 0.05
2016 8731 0.2
2016 6003 0.01
2016 2923 0.05
2016 10037 0.05
2016 2768 0.2
2016 1720 0.01
2016 9447 0.01
2016 3554 0.01
2016 1319 0.05
2016 6140 0.05
2016 6932 0.2
2016 989 0.05
2016 2515 0.01
2016 9088 0.2
2016 4152 0.01
2016 8672 0.05
2016 10450 0.2
2016 2337 0.2
2016 8108 0.05
2016 9463 0.05
2016 2948 0.05
2016 324 0.05
2016 10247 0.05
2016 6573 0.05
2016 10782 0.05
2016 7161 0.05
2016 11434 0.05
2016 10588 0.05
2016 12123 0.05
2016 6754 0.01
2016 11019 0.01
2016 936 0.05
2016 938 0.01
2016 12039 0.05
2016 4179 0.2
2016 6590 0.01
2016 3175 0.05
2016 3478 0.01
2016 10078 0.05
2016 3388 0.2
2016 9491 0.2
2016 11031 0.2
2016 2359 0.2
2016 7740 0.01
2016 5302 0.05
2016 12000 0.01
2016 657 0.01
2016 7542 0.01
2016 8568 0.01
2016 9126 0.05
2016 9495 0.01
2016 5552 0.2
2016 3605 0.01
2016 6599 0.05
2016 749 0.01
2016 3409 0.2
2016 9773 0.05
2016 9700 0.05
2016 1975 0.05
2016 8531 0.2
2016 1781 0.2
2016 4012 0.05
2016 9904 0.01
2016 10698 0.2
2017 1078 0.2
2018 4152 0.01
2018 10814 0.2
2018 3113 0.2
2019 9531 0.2
2020 4152 0.05
2021 4152 0.01
2022 438 0.05
2024 6484 0.05
2027 1527 0.05
2028 11348 0.05
2029 6139 0.05
2029 5074 0.2
2033 4152 0.2
2034 3618 0.01
2034 4152 0.05
2034 6128 0.2
2036 4152 0.2
2037 4152 0.01
2038 4066 0.05
2038 3254 0.01
2038 6504 0.01
2038 3592 0.2
2038 3381 0.2
2038 1622 0.01
2038 12123 0.05
2038 1332 0.01
2039 159 0.2
2039 2496 0.2
2041 2507 0.2
2041 2016 0.05
2041 4152 0.2
2041 9088 0.05
2041 10698 0.05
2047 2199 0.01
2048 4152 0.05
2049 7911 0.01
2050 9254 0.05
2050 5726 0.2
2050 10811 0.05
2050 11455 0.01
2050 1480 0.05
2050 4152 0.05
2051 4152 0.2
2051 9088 0.01
2052 1524 0.05
2052 1622 0.01
2053 1961 0.2
2053 5872 0.01
2053 6094 0.05
2053 11018 0.2
2053 12218 0.01
2053 8512 0.05
2053 1908 0.2
2053 7810 0.05
2053 2896 0.05
2053 1128 0.01
2053 7686 0.05
2053 2070 0.05
2053 10673 0.2
2053 3899 0.05
2053 4727 0.2
2055 4152 0.2
2062 9984 0.05
2062 10811 0.05
2062 9088 0.2
2062 5145 0.01
2062 5808 0.2
2062 4152 0.01
2063 5600 0.01
2063 6093 0.01
2063 7691 0.05
2063 12401 0.2
2063 3481 0.2
2063 1527 0.2
2063 11772 0.2
2063 4149 0.2
2063 9088 0.05
2063 4152 0.05
2063 1098 0.01
2063 3562 0.05
2063 11029 0.01
2065 4152 0.2
2066 10449 0.05
2069 91 0.01
2069 1063 0.05
2069 1430 0.01
2069 8473 0.05
2069 9167 0.2
2069 2786 0.05
2069 2777 0.2
2069 8509 0.05
2069 10019 0.01
2069 1002 0.01
2069 12213 0.01
2069 1515 0.2
2069 7843 0.2
2069 1585 0.01
2069 10095 0.01
2070 961 0.2
2071 4152 0.2
2071 3409 0.05
2072 4152 0.01
2074 5482 0.01
2075 4152 0.01
2076 4152 0.01
2077 4152 0.05
2078 8646 0.05
2079 4152 0.01
2079 12566 0.01
2080 4152 0.05
2081 4152 0.2
2082 3181 0.2
2083 5286 0.01
2083 1319 0.05
2083 70 0.01
2083 5482 0.05
2083 9531 0.2
2083 1515 0.01
2083 11887 0.01
2084 9088 0.05
2084 621 0.05
2085 4152 0.05
2087 4152 0.01
2088 4154 0.01
2088 8017 0.01
2088 4786 0.2
2088 1387 0.05
2088 7412 0.05
2088 3920 0.2
2088 6414 0.01
2088 392 0.05
2088 1525 0.01
2088 12231 0.01
2088 2535 0.01
2088 9782 0.05
2088 2408 0.05
2088 4589 0.2
2088 12388 0.2
2088 2815 0.05
2088 160 0.01
2088 7026 0.2
2088 92 0.2
2088 8661 0.05
2088 11713 0.2
2088 10037 0.01
2088 11360 0.2
2088 11469 0.2
2088 2594 0.2
2088 8875 0.05
2088 6990 0.05
2088 107 0.01
2088 11256 0.01
2088 4152 0.01
2089 3574 0.05
2090 91 0.01
2090 4346 0.05
2090 4991 0.2
2090 7571 0.01
2090 3640 0.2
2090 9984 0.05
2090 2016 0.2
2090 3231 0.05
2090 11209 0.05
2090 8855 0.05
2090 12436 0.2
2090 4340 0.01
2090 676 0.2
2091 4988 0.01
2093 1881 0.05
2094 4152 0.2
2095 3481 0.05
2095 8568 0.05
2095 9088 0.2
2095 3408 0.2
2095 1422 0.05
2095 4152 0.05
2095 10037 0.2
2095 5554 0.01
2096 10037 0.05
2099 494 0.01
2099 11998 0.01
2101 1288 0.2
2101 1527 0.2
2101 8378 0.05
2101 234 0.05
2101 10495 0.05
2101 2798 0.2
2101 6754 0.01
2101 8316 0.2
2101 6545 0.2
2101 6508 0.01
2101 9088 0.05
2101 1422 0.2
2101 3618 0.01
2101 4152 0.01
2101 2265 0.01
2101 10037 0.05
2101 5554 0.2
2101 10050 0.2
2103 9300 0.05
2105 4152 0.2
2106 4729 0.01
2107 5071 0.2
2107 5409 0.2
2107 11326 0.2
2107 9088 0.01
2107 11695 0.05
2107 9339 0.05
2107 4152 0.2
2108 5962 0.01
2109 4152 0.05
2110 1227 0.01
2110 898 0.01
2112 7663 0.2
2112 4152 0.05
2112 9088 0.05
2112 5482 0.05
2113 1522 0.01
2113 12117 0.05
2114 7324 0.01
2114 4152 0.2
2114 6673 0.01
2115 4152 0.05
2118 4152 0.01
2119 9721 0.01
2120 4152 0.2
2121 4152 0.2
2121 2864 0.2
2122 7113 0.2
2122 9088 0.05
2123 4152 0.05
2123 554 0.05
2124 11540 0.2
2124 4458 0.05
2124 2992 0.01
2124 2289 0.05
2124 6744 0.01
2124 278 0.01
2124 8993 0.05
2124 11126 0.01
2124 7300 0.2
2124 11326 0.01
2124 3109 0.05
2124 1761 0.2
2124 12024 0.2
2124 1884 0.05
2124 676 0.05
2124 10409 0.05
2124 6086 0.01
2124 12319 0.01
2124 9721 0.2
2124 679 0.2
2124 4101 0.01
2124 5416 0.2
2124 640 0.05
2124 444 0.01
2124 7410 0.05
2124 12629 0.05
2124 11287 0.01
2124 12327 0.01
2124 12385 0.01
2124 6537 0.2
2124 9014 0.01
2124 3798 0.01
2124 6432 0.05
2124 4193 0.01
2124 4991 0.2
2124 9591 0.2
2124 2928 0.05
2124 10037 0.01
2124 5554 0.01
2124 3901 0.2
2124 5916 0.01
2124 3501 0.2
2124 11471 0.05
2124 367 0.01
2124 12158 0.05
2124 9851 0.05
2124 10695 0.01
2124 10141 0.01
2124 6976 0.2
2124 2775 0.01
2124 12594 0.2
2125 1622 0.2
2126 9088 0.01
2128 11815 0.05
2129 1062 0.2
2129 7888 0.01
2129 3625 0.2
2129 4951 0.2
2129 11481 0.2
2129 10811 0.2
2129 2911 0.2
2129 1201 0.2
2129 9088 0.01
2129 5145 0.05
2129 12499 0.2
2129 11239 0.05
2129 5066 0.05
2129 12149 0.01
2129 1622 0.2
2129 4152 0.01
2129 10204 0.01
2129 989 0.05
2129 3114 0.01
2129 4701 0.01
2130 1468 0.05
2130 10244 0.01
2130 7408 0.01
2130 9088 0.01
2130 5482 0.01
2133 4152 0.05
2134 6035 0.01
2134 4152 0.01
2134 7283 0.05
2134 5747 0.01
2135 8401 0.2
2136 4152 0.2
2137 8344 0.01
2139 1063 0.01
2139 10095 0.01
2139 2073 0.2
2140 1138 0.01
2142 9843 0.2
2142 4701 0.01
2143 5272 0.01
2143 8118 0.05
2143 5970 0.2
2143 12534 0.01
2143 4152 0.05
2143 11434 0.05
2144 8481 0.2
2144 5038 0.2
2144 9088 0.01
2144 982 0.2
2144 4711 0.01
2145 1108 0.2
2146 11083 0.05
2147 4152 0.05
2148 191 0.01
2148 5482 0.01
2148 2962 0.01
2148 6128 0.01
2148 9088 0.05
2148 5753 0.05
2148 4152 0.01
2148 6508 0.01
2149 4152 0.05
2150 10095 0.2
2151 4152 0.05
2153 3547 0.01
2154 2723 0.05
2154 234 0.01
2154 9760 0.05
2154 5805 0.01
2154 4152 0.01
2154 1704 0.2
2155 4152 0.05
2157 10192 0.2
2157 3582 0.2
2158 4152 0.05
2158 10037 0.01
2160 6299 0.01
2161 278 0.01
2162 4152 0.05
2164 4152 0.05
2165 2554 0.2
2165 8381 0.05
2165 1285 0.01
2165 2197 0.2
2165 9088 0.2
2165 5970 0.2
2165 12534 0.01
2165 4152 0.05
2166 4152 0.01
2167 4152 0.2
2168 871 0.05
2170 9088 0.2
2171 3164 0.2
2171 9088 0.05
2171 11434 0.2
2171 10197 0.2
2172 766 0.01
2172 11679 0.05
2172 3114 0.01
2172 191 0.2
2172 3585 0.2
2172 2902 0.05
2172 7171 0.2
2172 11887 0.05
2172 8361 0.01
2172 6460 0.05
2172 9624 0.01
2172 1857 0.2
2172 11130 0.2
2172 10460 0.05
2172 4250 0.05
2172 460 0.2
2172 9088 0.2
2172 10037 0.2
2172 7863 0.01
2172 1319 0.2
2172 3610 0.2
2172 6128 0.2
2172 10695 0.01
2172 5443 0.01
2172 4152 0.01
2173 12328 0.2
2175 5145 0.01
2176 4152 0.05
2176 4615 0.01
2176 5554 0.2
2178 438 0.05
2178 1757 0.01
2178 11695 0.2
2178 1622 0.01
2178 9142 0.01
2178 8103 0.01
2179 4522 0.05
2180 1090 0.05
2180 6985 0.05
2180 9904 0.01
2180 7694 0.01
2180 10811 0.05
2180 7403 0.01
2180 5063 0.2
2180 12209 0.01
2180 10782 0.01
2180 4152 0.2
2180 7120 0.2
2180 3114 0.05
2180 175 0.2
2181 7552 0.05
2181 10334 0.01
2181 10141 0.05
2181 219 0.05
2181 9605 0.2
2181 6258 0.01
2181 11921 0.2
2181 4152 0.05
2182 9531 0.2
2184 4152 0.05
2185 6984 0.01
2186 9088 0.01
2186 10811 0.2
2186 3469 0.05
2187 837 0.05
2188 4152 0.01
2189 10120 0.01
2191 1527 0.2
2191 9088 0.01
2191 1329 0.2
2191 3469 0.01
2192 4152 0.2
2193 8751 0.2
2193 5962 0.2
2193 38 0.01
2193 8121 0.2
2193 7852 0.05
2193 9753 0.2
2193 11121 0.05
2193 1622 0.01
2193 1089 0.05
2195 6246 0.2
2196 8609 0.01
2196 1319 0.01
2196 1108 0.05
2196 9088 0.01
2196 5066 0.01
2196 12411 0.01
2196 4152 0.2
2196 3114 0.01
2197 1827 0.01
2197 6405 0.01
2197 10588 0.01
2197 9088 0.01
2197 4152 0.2
2197 11434 0.2
2198 4853 0.01
2199 4796 0.01
2199 2776 0.2
2199 5916 0.01
2199 3370 0.05
2199 1467 0.2
2199 6904 0.05
2199 2047 0.05
2199 10592 0.01
2199 4152 0.2
2199 2493 0.01
2201 2727 0.01
2202 12552 0.05
2202 438 0.01
2202 11326 0.2
2202 9851 0.01
2202 10533 0.05
2202 1527 0.05
2202 2896 0.2
2203 9088 0.05
2204 4152 0.2
2205 10397 0.01
2205 10811 0.05
2205 5145 0.05
2205 12411 0.01
2205 4152 0.05
2205 10782 0.05
2205 3114 0.05
2206 3680 0.01
2206 10396 0.05
2207 9531 0.05
2209 1957 0.05
2211 4152 0.2
2213 739 0.2
2213 1224 0.2
2213 8167 0.05
2213 574 0.01
2213 4152 0.05
2213 2242 0.01
2213 6118 0.05
2215 10037 0.05
2216 3516 0.01
2216 12093 0.05
2217 4152 0.2
2219 4152 0.2
2220 5482 0.01
2222 3636 0.2
2222 6815 0.2
2222 7875 0.01
2222 3114 0.05
2223 4366 0.05
2223 5145 0.05
2223 8279 0.05
2224 8517 0.05
2224 10367 0.05
2224 4152 0.05
2224 4166 0.2
2225 4152 0.2
2226 4152 0.05
2227 9088 0.01
2228 2945 0.05
2228 5806 0.01
2228 739 0.2
2228 2888 0.05
2228 5555 0.01
2228 12084 0.01
2228 10495 0.01
2228 5239 0.01
2228 11326 0.01
2228 8031 0.2
2228 7865 0.2
2228 1068 0.2
2228 2016 0.05
2228 4336 0.05
2228 11980 0.05
2228 9674 0.05
2228 10291 0.05
2228 4152 0.2
2228 11012 0.05
2228 8104 0.05
2228 10421 0.05
2229 438 0.05
2229 12552 0.2
2229 9740 0.2
2229 10448 0.01
2229 6367 0.05
2230 4152 0.01
2232 9088 0.01
2233 4522 0.05
2234 4152 0.2
2234 1069 0.01
2235 5071 0.01
2235 739 0.05
2235 9720 0.05
2235 3205 0.2
2235 6673 0.05
2235 12602 0.2
2235 1084 0.2
2235 11980 0.05
2235 9975 0.2
2235 11695 0.2
2235 3409 0.05
2235 5554 0.2
2236 831 0.01
2238 11480 0.2
2239 11127 0.05
2240 7118 0.05
2240 5157 0.2
2241 4152 0.01
2242 11151 0.01
2242 2564 0.05
2242 1224 0.01
2242 12071 0.05
2242 10495 0.2
2242 5726 0.2
2242 3362 0.2
2242 9256 0.01
2242 11829 0.2
2242 10876 0.2
2242 3469 0.2
2242 7007 0.01
2242 6128 0.05
2242 3411 0.2
2242 9975 0.05
2242 11068 0.2
2242 12364 0.01
2242 9495 0.05
2242 5629 0.01
2242 4701 0.2
2242 5071 0.2
2242 10662 0.2
2242 11548 0.01
2242 9773 0.01
2242 3072 0.01
2242 11239 0.01
2242 3618 0.2
2242 6754 0.2
2242 9935 0.05
2242 6219 0.05
2242 9361 0.2
2242 11695 0.2
2242 116 0.01
2242 9484 0.2
2242 7536 0.01
2242 5482 0.05
2242 6545 0.01
2242 989 0.05
2242 1346 0.05
2242 1851 0.2
2242 12513 0.05
2242 6466 0.2
2242 3388 0.2
2242 11031 0.2
2242 2213 0.05
2242 10811 0.2
2242 12332 0.05
2242 1712 0.2
2242 4134 0.05
2242 4300 0.2
2242 569 0.01
2242 1622 0.01
2242 10037 0.2
2242 5554 0.2
2242 9416 0.05
2242 1422 0.01
2242 2283 0.05
2242 4152 0.2
2242 2737 0.01
2242 10689 0.2
2242 4144 0.05
2242 3943 0.2
2242 1321 0.05
2242 9410 0.01
2242 9088 0.01
2242 2016 0.05
2242 1329 0.01
2242 1527 0.01
2242 234 0.01
2242 3409 0.2
2244 8737 0.05
2244 9088 0.2
2244 2016 0.05
2244 7038 0.2
2244 4152 0.05
2244 12592 0.2
2245 5487 0.05
2246 4152 0.01
2247 5487 0.01
2247 5233 0.05
2247 5329 0.01
2247 9560 0.2
2247 11075 0.01
2247 3217 0.01
2247 6269 0.05
2247 11425 0.01
2247 9923 0.2
2247 9680 0.01
2247 10939 0.05
2247 12566 0.2
2247 3770 0.01
2247 11922 0.01
2247 2845 0.01
2247 518 0.01
2248 5071 0.2
2248 4152 0.01
2248 7597 0.01
2248 4522 0.05
2248 9088 0.05
2248 1622 0.05
2248 1527 0.2
2248 6508 0.2
2249 211 0.01
2249 4152 0.2
2250 5075 0.01
2250 2637 0.01
2250 191 0.05
2250 6132 0.01
2251 4090 0.05
2251 8473 0.01
2251 898 0.05
2251 3217 0.01
2251 8170 0.05
2251 2256 0.01
2254 8747 0.2
2255 4152 0.01
2256 7376 0.05
2256 4166 0.05
2257 10965 0.2
2257 1486 0.01
2257 7375 0.01
2257 10450 0.01
2257 10147 0.05
2257 9094 0.01
2257 10547 0.2
2257 6405 0.2
2257 4931 0.01
2257 11326 0.01
2257 6139 0.01
2257 7719 0.2
2257 9936 0.01
2257 4162 0.05
2257 2997 0.2
2257 10782 0.2
2257 10204 0.05
2257 11434 0.05
2257 3114 0.05
2257 431 0.05
2257 12032 0.2
2257 4705 0.05
2257 6754 0.05
2257 885 0.05
2257 9288 0.2
2257 2954 0.05
2257 11748 0.05
2257 1957 0.01
2257 1103 0.05
2257 2926 0.2
2257 9912 0.05
2257 2649 0.05
2257 2310 0.2
2257 1757 0.01
2257 7497 0.05
2257 8805 0.05
2257 5794 0.01
2257 10811 0.01
2257 249 0.05
2257 5145 0.2
2257 2818 0.05
2257 2324 0.2
2257 1428 0.01
2257 3142 0.01
2257 5342 0.2
2257 1625 0.01
2257 3712 0.2
2257 10588 0.05
2257 958 0.2
2257 9088 0.01
2257 2016 0.05
2257 12534 0.05
2257 7811 0.2
2257 10529 0.2
2257 4152 0.2
2257 9911 0.05
2258 12116 0.2
2259 4152 0.05
2260 10495 0.2
2261 4152 0.01
2264 9843 0.01
2264 4066 0.2
2264 8568 0.05
2264 11434 0.01
2264 7536 0.2
2264 2954 0.05
2265 5873 0.01
2265 2765 0.2
2265 4613 0.05
2265 1168 0.2
2265 4066 0.05
2265 8350 0.01
2265 4374 0.2
2265 9715 0.05
2265 3776 0.05
2265 4701 0.2
2265 5071 0.2
2265 11273 0.01
2265 11838 0.05
2265 4752 0.05
2265 5782 0.05
2265 7584 0.2
2265 4336 0.2
2265 10495 0.01
2265 9339 0.2
2265 8688 0.05
2265 989 0.05
2265 2101 0.2
2265 7592 0.01
2265 7691 0.2
2265 6491 0.01
2265 11348 0.2
2265 3388 0.2
2265 3124 0.2
2265 8177 0.2
2265 8568 0.01
2265 9354 0.01
2265 5120 0.05
2265 124 0.01
2265 932 0.05
2265 2283 0.2
2265 4152 0.2
2265 212 0.05
2265 2373 0.01
2265 5482 0.05
2265 7553 0.01
2265 9357 0.05
2265 3503 0.2
2265 9088 0.2
2265 2016 0.01
2265 1527 0.01
2265 6344 0.01
2265 6508 0.01
2265 12499 0.2
2266 5071 0.2
2266 11788 0.01
2266 8306 0.01
2266 9088 0.05
2266 254 0.2
2266 11921 0.01
2266 4152 0.01
2268 11897 0.05
2269 6147 0.05
2269 4167 0.05
2270 1468 0.01
2271 4272 0.2
2271 4306 0.05
2272 10367 0.2
2272 9167 0.05
2272 9433 0.2
2273 4152 0.01
2274 4152 0.2
2275 5938 0.01
2276 5066 0.2
2276 10782 0.2
2276 11434 0.2
2276 8894 0.05
2276 6137 0.01
2276 9288 0.2
2276 8319 0.05
2276 938 0.01
2276 7536 0.2
2276 9733 0.2
2276 10811 0.01
2276 1405 0.2
2276 6685 0.05
2276 5145 0.05
2276 8662 0.2
2276 1622 0.2
2276 11094 0.2
2276 6140 0.2
2276 8045 0.05
2276 9088 0.2
2276 12534 0.2
2276 4152 0.2
2277 10450 0.05
2277 8426 0.01
2277 12119 0.01
2277 6590 0.05
2277 811 0.01
2277 9088 0.05
2277 4152 0.01
2278 4152 0.01
2279 7324 0.01
2279 2896 0.05
2280 5436 0.2
2281 4152 0.2
2282 4849 0.01
2282 12468 0.2
2283 5487 0.01
2283 9531 0.2
2283 6246 0.05
2283 91 0.01
2283 3568 0.05
2283 4371 0.05
2283 8935 0.2
2283 905 0.2
2283 10495 0.01
2283 3133 0.05
2283 4615 0.01
2283 11838 0.2
2283 9466 0.2
2283 2790 0.01
2283 4525 0.05
2283 8875 0.05
2283 3576 0.05
2283 5369 0.05
2283 2242 0.2
2283 5071 0.01
2283 11348 0.2
2283 8609 0.2
2283 9720 0.2
2283 3164 0.2
2283 10367 0.01
2283 10037 0.01
2283 2926 0.05
2283 4537 0.01
2283 8075 0.2
2283 2896 0.05
2283 12513 0.05
2283 9658 0.01
2283 11695 0.05
2283 6479 0.01
2283 831 0.05
2283 8041 0.2
2283 3409 0.05
2283 3797 0.01
2283 70 0.2
2283 6590 0.05
2283 8071 0.01
2283 926 0.2
2283 12388 0.2
2283 2265 0.2
2283 12531 0.01
2283 6335 0.2
2283 4250 0.05
2283 8568 0.05
2283 2535 0.2
2283 5120 0.2
2283 7324 0.01
2283 12581 0.05
2283 1364 0.2
2283 8361 0.2
2283 124 0.05
2283 8334 0.2
2283 211 0.01
2283 11256 0.05
2283 6093 0.05
2283 2313 0.2
2283 1319 0.05
2283 9357 0.01
2283 174 0.05
2283 9851 0.01
2283 430 0.2
2283 9088 0.01
2283 4415 0.2
2283 9605 0.01
2283 11921 0.2
2283 4152 0.2
2283 10095 0.01
2283 5620 0.01
2283 10540 0.05
2284 70 0.2
2284 7810 0.05
2284 91 0.05
2284 9605 0.2
2287 5071 0.01
2287 10611 0.01
2287 847 0.2
2287 3656 0.05
2287 4419 0.05
2288 4152 0.05
2289 2124 0.2
2289 1319 0.05
2290 2004 0.05
2290 4040 0.05
2290 9531 0.05
2290 11170 0.01
2290 11434 0.2
2290 518 0.2
2292 12376 0.05
2292 10690 0.05
2292 2981 0.2
2292 11695 0.01
2293 3109 0.2
2293 1904 0.2
2295 56 0.05
2296 4152 0.01
2296 9088 0.01
2296 10037 0.05
2297 8536 0.2
2297 12213 0.01
2297 10208 0.2
2297 10111 0.05
2297 8344 0.05
2297 9439 0.2
2297 10462 0.01
2297 5068 0.2
2298 5992 0.01
2298 10238 0.05
2298 9088 0.2
2298 337 0.05
2298 11083 0.05
2298 4152 0.01
2299 5503 0.01
2300 6246 0.01
2300 12401 0.2
2300 6281 0.01
2300 8600 0.2
2300 4152 0.2
2300 10037 0.01
2301 5487 0.05
2302 9183 0.2
2304 1319 0.2
2305 4152 0.01
2306 4152 0.2
2308 12328 0.01
2309 10376 0.05
2310 2799 0.05
2310 871 0.2
2310 12499 0.01
2310 1884 0.01
2310 4701 0.01
2310 6416 0.05
2310 7308 0.05
2310 932 0.01
2310 6577 0.01
2310 438 0.01
2310 545 0.2
2310 6754 0.2
2310 885 0.05
2310 6963 0.2
2310 3691 0.05
2310 4336 0.01
2310 7494 0.2
2310 2257 0.2
2310 1709 0.05
2310 10811 0.01
2310 6685 0.01
2310 3185 0.01
2310 3228 0.01
2310 2324 0.05
2310 5342 0.05
2310 2276 0.05
2310 1014 0.2
2310 5482 0.2
2310 8093 0.01
2310 9088 0.2
2310 2016 0.2
2310 12534 0.05
2310 4152 0.2
2310 6508 0.2
2311 4522 0.2
2312 7747 0.01
2312 12463 0.05
2312 9088 0.2
2312 12513 0.05
2312 4152 0.05
2312 905 0.2
2313 5992 0.2
2313 3199 0.05
2313 9039 0.05
2313 9096 0.01
2313 9773 0.01
2313 11702 0.01
2313 11882 0.01
2313 1147 0.01
2313 9975 0.05
2313 1835 0.2
2313 1884 0.2
2313 11636 0.2
2313 9980 0.01
2313 2692 0.01
2313 7206 0.2
2313 3618 0.2
2313 10978 0.2
2313 4487 0.05
2313 206 0.05
2313 3535 0.2
2313 1851 0.2
2313 2000 0.01
2313 10524 0.2
2313 1757 0.01
2313 8805 0.05
2313 10811 0.05
2313 10562 0.2
2313 7850 0.2
2313 5145 0.05
2313 9339 0.05
2313 4152 0.2
2313 1158 0.01
2313 5070 0.01
2313 11002 0.05
2313 11571 0.01
2313 1675 0.2
2313 7139 0.2
2313 5482 0.01
2313 9700 0.05
2313 10337 0.2
2313 5352 0.01
2313 4732 0.05
2313 10447 0.2
2313 11372 0.2
2313 2283 0.2
2314 4152 0.05
2315 9531 0.01
2316 4152 0.2
2318 11318 0.2
2318 54 0.2
2318 8392 0.2
2318 12403 0.2
2318 9975 0.01
2318 11838 0.01
2318 191 0.2
2318 3585 0.01
2318 8532 0.01
2318 8462 0.2
2318 6540 0.2
2318 8045 0.01
2318 6335 0.01
2318 961 0.2
2318 7324 0.05
2318 124 0.05
2318 6093 0.01
2318 1319 0.01
2318 11309 0.01
2318 2070 0.2
2318 9408 0.01
2318 6389 0.2
2318 574 0.01
2318 10698 0.01
2318 4016 0.2
2320 4152 0.05
2321 831 0.01
2322 5554 0.01
2323 10784 0.01
2324 3538 0.2
2324 2926 0.05
2324 2257 0.05
2324 10450 0.2
2324 5101 0.01
2324 1625 0.05
2324 4454 0.2
2324 6405 0.01
2324 7375 0.01
2324 11434 0.05
2324 10588 0.01
2324 11748 0.2
2324 9088 0.05
2324 9082 0.2
2324 11127 0.2
2324 1733 0.05
2324 4152 0.01
2324 2954 0.2
2324 431 0.05
2326 1744 0.2
2326 4152 0.05
2326 9088 0.2
2327 5015 0.05
2328 4152 0.2
2329 4246 0.2
2329 8466 0.2
2329 9305 0.01
2329 957 0.2
2329 7164 0.01
2329 7840 0.2
2329 1801 0.01
2329 8887 0.01
2329 3356 0.01
2329 8436 0.01
2329 10986 0.01
2330 4152 0.05
2331 9088 0.01
2332 4152 0.01
2333 8681 0.2
2334 2180 0.2
2334 5934 0.01
2334 9372 0.2
2334 3678 0.05
2334 4525 0.05
2334 12411 0.01
2334 11434 0.2
2334 5071 0.2
2334 11488 0.05
2334 438 0.01
2334 3585 0.2
2334 24 0.05
2334 1098 0.05
2334 9531 0.05
2334 9619 0.2
2334 6673 0.01
2334 1949 0.05
2334 4152 0.05
2334 1704 0.01
2334 11127 0.05
2334 2004 0.2
2334 6590 0.05
2334 1814 0.2
2334 10811 0.01
2334 2062 0.2
2334 9351 0.01
2334 7324 0.01
2334 9078 0.2
2334 10037 0.2
2334 1527 0.05
2334 5343 0.2
2334 7554 0.2
2334 9088 0.2
2334 3409 0.01
2334 1529 0.2
2334 8104 0.05
2335 1017 0.2
2336 4152 0.2
2337 4152 0.2
2339 6046 0.2
2339 8348 0.2
2339 2434 0.01
2339 2004 0.05
2340 3516 0.01
2340 4152 0.05
2341 4152 0.05
2342 4152 0.05
2343 10985 0.01
2345 12072 0.2
2345 7685 0.01
2345 6969 0.01
2347 4152 0.05
2348 4152 0.01
2349 370 0.2
2351 8568 0.01
2352 4152 0.2
2353 4152 0.2
2354 4152 0.05
2355 10037 0.01
2356 12147 0.05
2357 1319 0.2
2357 3797 0.01
2357 70 0.05
2357 12084 0.05
2357 12522 0.05
2357 8568 0.01
2357 9410 0.01
2357 11695 0.05
2357 9715 0.01
2357 7382 0.01
2357 11137 0.05
2357 8361 0.01
2357 1527 0.05
2357 6560 0.01
2357 8672 0.01
2357 9658 0.01
2359 9843 0.2
2359 1625 0.2
2359 885 0.05
2359 5794 0.2
2359 9088 0.05
2359 2016 0.01
2359 12534 0.2
2359 4152 0.05
2359 10204 0.2
2362 4152 0.2
2364 12411 0.05
2364 4152 0.2
2365 10862 0.05
2365 4152 0.2
2366 10037 0.01
2367 8334 0.01
2367 8935 0.01
2367 174 0.05
2367 2992 0.05
2367 6984 0.01
2367 545 0.05
2367 8055 0.2
2367 3413 0.2
2367 2896 0.2
2367 7394 0.2
2367 4525 0.2
2367 1089 0.05
2367 5554 0.05
2367 7815 0.2
2369 5074 0.01
2370 4152 0.05
2371 11254 0.01
2372 494 0.2
2373 11348 0.2
2373 223 0.2
2373 3503 0.01
2373 10811 0.2
2373 4450 0.01
2373 9715 0.01
2373 5120 0.05
2373 4152 0.2
2376 4152 0.2
2377 2737 0.05
2378 10608 0.01
2378 4263 0.2
2379 9466 0.2
2379 898 0.05
2379 5779 0.2
2379 1759 0.01
2379 6984 0.2
2380 9088 0.2
2380 6508 0.05
2381 5010 0.2
2381 12213 0.05
2381 2992 0.01
2381 8610 0.05
2381 9337 0.05
2381 8088 0.05
2381 7256 0.2
2381 8512 0.05
2381 9531 0.05
2381 795 0.05
2381 1622 0.2
2381 1527 0.2
2381 4550 0.01
2381 10533 0.05
2382 4152 0.2
2383 4152 0.01
2384 9485 0.05
2384 901 0.05
2384 9088 0.05
2384 9950 0.01
2384 4152 0.2
2384 5554 0.01
2385 10300 0.01
2385 7725 0.2
2386 7815 0.01
2386 5072 0.01
2386 2637 0.01
2386 9262 0.2
2386 5938 0.01
2387 11364 0.01
2387 37 0.2
2387 6048 0.05
2387 5193 0.2
2387 7751 0.05
2387 6508 0.01
2387 11708 0.05
2387 3077 0.2
2387 12339 0.2
2387 3261 0.2
2387 6202 0.01
2388 5272 0.05
2388 5600 0.05
2388 739 0.2
2388 4066 0.2
2388 5074 0.2
2388 2004 0.2
2388 11363 0.2
2388 1993 0.01
2388 24 0.05
2388 12284 0.01
2388 6508 0.2
2388 10012 0.01
2388 1014 0.2
2388 9088 0.01
2388 1099 0.2
2388 11434 0.05
2389 6971 0.2
2389 12099 0.2
2389 11326 0.2
2389 12499 0.05
2389 4793 0.01
2389 7162 0.2
2389 3114 0.2
2389 3697 0.2
2389 3842 0.2
2389 9773 0.2
2389 438 0.01
2389 3618 0.2
2389 11695 0.05
2389 3268 0.01
2389 4546 0.2
2389 4290 0.2
2389 6128 0.01
2389 11558 0.01
2389 9346 0.01
2389 10811 0.05
2389 5239 0.01
2389 204 0.2
2389 10086 0.05
2389 1622 0.01
2389 5554 0.05
2389 10436 0.05
2389 10480 0.05
2389 4152 0.01
2389 3547 0.05
2389 9904 0.01
2389 4050 0.05
2389 1319 0.2
2389 10047 0.01
2389 1527 0.2
2389 10698 0.01
2390 9088 0.05
2390 6235 0.05
2391 1422 0.05
2392 4152 0.05
2393 9272 0.05
2393 9720 0.01
2393 4824 0.01
2393 191 0.2
2393 6389 0.2
2393 1468 0.2
2393 351 0.05
2393 3569 0.01
2393 4525 0.05
2393 4387 0.2
2395 5000 0.2
2396 4152 0.01
2397 9339 0.05
2397 4066 0.2
2398 8935 0.05
2398 174 0.01
2398 4786 0.05
2398 10495 0.01
2398 4615 0.2
2398 7382 0.05
2398 11887 0.05
2398 6414 0.05
2398 3842 0.05
2398 11686 0.01
2398 12084 0.01
2398 8167 0.05
2398 1186 0.2
2398 9531 0.01
2398 9167 0.05
2398 11609 0.05
2398 8568 0.01
2398 8755 0.01
2398 211 0.05
2398 8575 0.05
2398 2016 0.01
2398 2088 0.01
2398 5811 0.2
2398 6246 0.2
2398 8017 0.01
2398 4040 0.05
2398 4066 0.01
2398 11326 0.05
2398 1230 0.01
2398 11111 0.01
2398 6261 0.2
2398 4229 0.05
2398 12173 0.01
2398 3251 0.05
2398 1663 0.05
2398 7636 0.05
2398 11353 0.05
2398 6285 0.05
2398 92 0.05
2398 3801 0.01
2398 1527 0.2
2398 9600 0.05
2398 9605 0.01
2398 10783 0.05
2398 5487 0.2
2398 91 0.05
2398 2888 0.01
2398 871 0.01
2398 8254 0.05
2398 1441 0.2
2398 8840 0.05
2398 7412 0.01
2398 1879 0.05
2398 10201 0.2
2398 10204 0.01
2398 4701 0.01
2398 12552 0.01
2398 3930 0.05
2398 7683 0.01
2398 8854 0.01
2398 1704 0.05
2398 7691 0.05
2398 1310 0.2
2398 12388 0.05
2398 7324 0.01
2398 12581 0.01
2398 518 0.2
2398 1316 0.01
2398 1319 0.05
2398 9088 0.2
2398 4152 0.05
2398 5356 0.01
2398 8306 0.05
2398 324 0.05
2398 8681 0.2
2398 6917 0.05
2398 12231 0.2
2398 3596 0.2
2398 5747 0.01
2398 3086 0.05
2398 8137 0.05
2398 2815 0.2
2398 1371 0.2
2398 11251 0.2
2398 2171 0.05
2398 10695 0.01
2398 11256 0.01
2399 11061 0.01
2401 5487 0.01
2401 4066 0.01
2401 5148 0.01
2401 622 0.05
2401 24 0.2
2401 7936 0.01
2401 9237 0.2
2401 9923 0.01
2401 574 0.01
2401 6673 0.2
2401 12534 0.05
2401 3381 0.05
2401 1527 0.2
2401 2954 0.2
2402 4522 0.01
2402 4152 0.05
2402 9088 0.05
2402 5145 0.05
2402 7647 0.05
2403 8798 0.05
2404 11922 0.01
2405 1622 0.05
2405 10811 0.01
2406 6755 0.2
2406 3901 0.01
2408 4154 0.2
2408 8017 0.2
2408 4786 0.01
2408 1387 0.01
2408 2088 0.05
2408 3920 0.01
2408 6414 0.05
2408 392 0.2
2408 12231 0.01
2408 2535 0.2
2408 6969 0.05
2408 1663 0.01
2408 4589 0.05
2408 12388 0.2
2408 2815 0.01
2408 160 0.2
2408 7026 0.2
2408 92 0.2
2408 8661 0.2
2408 11713 0.01
2408 10037 0.01
2408 11360 0.2
2408 11469 0.2
2408 8875 0.2
2408 6990 0.01
2408 107 0.01
2408 11256 0.01
2408 4152 0.01
2409 10480 0.05
2409 3842 0.01
2409 7875 0.05
2409 191 0.01
2409 1319 0.01
2409 9605 0.05
2409 1108 0.01
2409 4042 0.2
2409 9088 0.01
2409 9619 0.01
2409 8065 0.01
2409 5066 0.05
2409 2470 0.05
2409 4250 0.2
2409 4152 0.05
2409 3114 0.2
2409 4127 0.2
2411 8609 0.01
2411 6094 0.01
2411 4329 0.05
2411 1961 0.05
2411 78 0.05
2411 7810 0.01
2411 7641 0.2
2411 4397 0.05
2411 4040 0.2
2411 10095 0.01
2411 2896 0.05
2412 10086 0.01
2412 932 0.05
2412 3388 0.05
2412 10495 0.05
2412 6754 0.05
2412 6683 0.2
2412 9088 0.05
2412 2016 0.01
2412 6508 0.05
2413 12513 0.01
2413 4539 0.01
2414 10095 0.01
2415 2888 0.01
2416 3975 0.01
2416 2854 0.2
2416 11582 0.2
2416 11117 0.05
2416 8219 0.01
2416 7367 0.05
2416 2640 0.05
2416 12579 0.05
2416 11759 0.2
2416 4860 0.01
2417 3290 0.05
2417 8512 0.01
2417 11235 0.05
2419 3094 0.05
2420 7395 0.05
2422 602 0.05
2422 9843 0.05
2423 5482 0.01
2424 9515 0.01
2424 6151 0.2
2424 11535 0.01
2424 6404 0.2
2424 11481 0.2
2424 9564 0.01
2424 1036 0.05
2424 6743 0.05
2424 388 0.2
2424 5822 0.05
2424 10107 0.2
2424 1181 0.2
2424 2347 0.2
2424 7874 0.2
2424 5909 0.05
2424 10265 0.01
2424 420 0.2
2424 4387 0.05
2424 4442 0.01
2424 12551 0.2
2424 2963 0.05
2424 6178 0.01
2424 1468 0.01
2424 3800 0.01
2424 4592 0.2
2424 10951 0.2
2424 8420 0.2
2424 1622 0.01
2424 6908 0.01
2424 1427 0.2
2424 853 0.2
2424 7704 0.01
2424 8292 0.01
2424 4144 0.2
2424 418 0.05
2424 11649 0.01
2424 1975 0.01
2424 1956 0.2
2424 5866 0.2
2424 10094 0.05
2424 4152 0.05
2424 10096 0.2
2426 9958 0.05
2427 4152 0.01
2428 7536 0.2
2428 9088 0.2
2428 5482 0.01
2428 11455 0.01
2428 3562 0.01
2429 4152 0.01
2431 9661 0.05
2431 10933 0.2
2431 2248 0.2
2431 299 0.05
2431 9088 0.2
2431 11462 0.05
2431 4152 0.05
2431 10037 0.05
2431 6869 0.2
2431 7119 0.2
2432 4152 0.01
2433 5726 0.05
2434 4517 0.01
2435 6621 0.05
2435 5148 0.05
2435 7936 0.2
2435 10037 0.2
2435 9088 0.01
2435 6479 0.01
2435 4152 0.2
2435 6128 0.05
2436 9531 0.2
2437 10725 0.01
2438 4090 0.05
2438 198 0.01
2438 4738 0.2
2438 174 0.01
2438 7191 0.2
2438 5482 0.01
2438 8167 0.2
2438 8755 0.05
2438 8464 0.05
2438 8051 0.2
2438 2016 0.2
2438 1622 0.2
2438 12401 0.01
2439 10316 0.01
2441 6592 0.05
2442 7494 0.2
2442 5272 0.05
2442 10197 0.2
2442 2637 0.05
2442 6310 0.05
2442 3205 0.2
2442 9088 0.05
2442 4238 0.01
2442 7811 0.01
2442 7382 0.01
2442 1622 0.01
2442 10204 0.2
2443 6326 0.01
2443 4152 0.2
2444 9536 0.2
2444 5109 0.01
2444 3342 0.2
2444 3625 0.05
2444 3202 0.2
2444 10811 0.2
2444 9701 0.2
2444 1108 0.2
2444 9088 0.05
2444 4061 0.05
2444 1622 0.01
2444 4152 0.05
2444 9768 0.2
2444 10037 0.05
2444 3114 0.2
2444 4808 0.01
2445 4152 0.01
2446 191 0.01
2447 8483 0.01
2448 7883 0.2
2449 4483 0.01
2451 5487 0.05
2451 174 0.01
2451 518 0.2
2453 4152 0.01
2454 4152 0.05
2455 9565 0.01
2455 6504 0.05
2455 1814 0.01
2457 4152 0.2
2460 4152 0.01
2461 4152 0.01
2464 4152 0.2
2466 11548 0.01
2466 9359 0.01
2466 3388 0.2
2466 10683 0.05
2466 10775 0.2
2466 11923 0.2
2466 12594 0.05
2467 6404 0.05
2467 4152 0.01
2468 9088 0.2
2469 9597 0.2
2469 1611 0.05
2469 4152 0.2
2469 2476 0.01
2470 8935 0.05
2470 174 0.2
2470 3625 0.05
2470 4615 0.05
2470 2388 0.01
2470 9715 0.2
2470 2743 0.01
2470 3842 0.05
2470 191 0.01
2470 12084 0.2
2470 24 0.05
2470 9531 0.01
2470 7213 0.05
2470 11083 0.01
2470 8365 0.2
2470 2004 0.2
2470 2409 0.2
2470 8568 0.01
2470 204 0.2
2470 706 0.2
2470 11091 0.2
2470 1422 0.05
2470 1622 0.2
2470 6479 0.05
2470 8574 0.2
2470 10495 0.2
2470 7411 0.2
2470 8381 0.2
2470 808 0.01
2470 5805 0.05
2470 10141 0.01
2470 5620 0.05
2470 11318 0.05
2470 12335 0.01
2470 4066 0.2
2470 11326 0.2
2470 10152 0.05
2470 5066 0.01
2470 5071 0.05
2470 11745 0.01
2470 766 0.2
2470 8407 0.2
2470 1468 0.05
2470 11342 0.05
2470 239 0.01
2470 70 0.05
2470 8045 0.01
2470 3281 0.05
2470 7647 0.01
2470 11767 0.05
2470 2276 0.01
2470 1527 0.01
2470 8055 0.01
2470 10012 0.2
2470 90 0.05
2470 5487 0.2
2470 2888 0.01
2470 672 0.2
2470 1084 0.05
2470 1290 0.01
2470 3114 0.05
2470 4701 0.01
2470 6128 0.01
2470 9435 0.05
2470 7691 0.2
2470 10220 0.2
2470 10811 0.01
2470 5145 0.01
2470 8306 0.01
2470 7324 0.01
2470 9843 0.05
2470 1319 0.01
2470 1704 0.05
2470 9088 0.2
2470 12401 0.05
2470 8110 0.01
2470 8681 0.2
2470 10782 0.2
2470 2954 0.01
2470 11434 0.2
2470 9674 0.01
2470 3381 0.2
2470 1949 0.01
2470 4152 0.05
2470 739 0.05
2470 12522 0.01
2470 564 0.01
2470 4991 0.01
2470 5239 0.2
2470 5554 0.01
2470 7957 0.01
2470 1524 0.01
2470 367 0.01
2470 958 0.05
2470 7369 0.01
2471 3504 0.2
2472 1622 0.2
2474 9948 0.01
2475 6845 0.01
2476 2469 0.01
2477 574 0.2
2478 8132 0.2
2479 4152 0.05
2480 2434 0.2
2481 8173 0.01
2481 5329 0.01
2481 1063 0.01
2481 10095 0.05
2482 273 0.2
2482 871 0.05
2482 9088 0.01
2482 4262 0.05
2482 10529 0.05
2482 7009 0.05
2483 8132 0.01
2483 6707 0.01
2485 9088 0.01
2487 4152 0.2
2490 10673 0.2
2490 5297 0.05
2491 6984 0.2
2491 7072 0.2
2491 5996 0.01
2491 8996 0.01
2491 5130 0.01
2491 186 0.01
2492 1622 0.2
2493 1467 0.05
2493 6904 0.01
2493 640 0.2
2493 2199 0.05
2493 2776 0.01
2493 11103 0.01
2495 9531 0.01
2496 5487 0.01
2496 9531 0.01
2496 8017 0.05
2496 6659 0.05
2496 7815 0.01
2496 5890 0.05
2496 7625 0.2
2496 4066 0.05
2496 1579 0.01
2496 9923 0.2
2496 7004 0.05
2496 672 0.2
2496 2388 0.2
2496 174 0.01
2496 1230 0.05
2496 926 0.01
2496 9851 0.01
2496 5549 0.01
2496 11713 0.01
2496 4701 0.05
2496 7883 0.05
2496 12552 0.01
2496 8609 0.2
2496 12084 0.05
2496 438 0.01
2496 12231 0.05
2496 2815 0.01
2496 8167 0.01
2496 6963 0.2
2496 9288 0.01
2496 8170 0.01
2496 4537 0.05
2496 6673 0.2
2496 2345 0.05
2496 3381 0.2
2496 9433 0.01
2496 10200 0.2
2496 4340 0.05
2496 4078 0.01
2496 5135 0.2
2496 10852 0.2
2496 4090 0.05
2496 982 0.2
2496 8616 0.05
2496 3109 0.05
2496 3179 0.01
2496 5239 0.05
2496 8512 0.05
2496 12388 0.2
2496 8755 0.05
2496 1961 0.05
2496 1515 0.2
2496 4991 0.01
2496 10474 0.01
2496 2535 0.01
2496 11136 0.2
2496 5519 0.01
2496 12581 0.05
2496 11855 0.01
2496 8568 0.05
2496 78 0.05
2496 518 0.2
2496 8334 0.05
2496 6984 0.01
2496 7747 0.01
2496 11309 0.2
2496 6094 0.05
2496 137 0.2
2496 12576 0.05
2496 4946 0.01
2496 12590 0.01
2496 2016 0.05
2496 12223 0.01
2496 10913 0.01
2496 8982 0.05
2496 9753 0.05
2496 6976 0.05
2496 963 0.05
2496 9605 0.05
2496 1216 0.05
2496 5620 0.2
2496 3229 0.05
2497 3656 0.2
2498 23 0.2
2499 4152 0.05
2502 12064 0.01
2502 3312 0.2
2502 9117 0.01
2502 12114 0.05
2502 12570 0.05
2502 9985 0.2
2502 2837 0.05
2502 5456 0.2
2502 3014 0.2
2502 5254 0.05
2502 1482 0.2
2502 8682 0.2
2502 6697 0.01
2502 1344 0.05
2502 1320 0.01
2502 9826 0.2
2502 12549 0.2
2502 656 0.05
2503 9531 0.2
2503 5805 0.2
2503 8512 0.2
2503 2004 0.2
2505 8480 0.01
2506 9088 0.2
2507 1685 0.01
2507 2782 0.01
2507 1930 0.05
2507 7152 0.01
2507 1755 0.01
2507 8395 0.01
2507 3557 0.05
2507 5311 0.2
2507 1835 0.05
2507 12123 0.01
2507 9769 0.01
2507 111 0.01
2507 3062 0.05
2507 10364 0.05
2507 783 0.01
2507 4207 0.05
2507 6802 0.05
2507 7201 0.01
2507 10509 0.2
2507 9010 0.05
2507 1632 0.01
2507 5471 0.01
2507 9884 0.01
2507 2010 0.01
2507 6535 0.2
2507 7069 0.01
2507 3645 0.01
2507 10809 0.2
2507 3088 0.2
2507 3944 0.01
2507 2661 0.05
2507 8922 0.2
2507 4002 0.01
2507 7578 0.2
2507 9304 0.05
2507 4599 0.05
2507 7914 0.01
2507 10231 0.2
2507 7748 0.01
2507 1905 0.2
2507 8294 0.2
2507 9961 0.01
2507 10250 0.05
2507 6053 0.2
2507 9088 0.01
2507 9457 0.01
2507 12592 0.01
2507 4152 0.05
2507 1751 0.01
2507 4314 0.01
2508 4152 0.01
2509 4152 0.01
2513 9496 0.01
2514 4152 0.2
2514 9088 0.05
2515 8859 0.01
2515 3562 0.01
2515 4406 0.05
2515 10190 0.2
2515 1891 0.01
2515 10651 0.2
2515 2836 0.2
2515 5614 0.2
2515 10588 0.05
2515 7489 0.05
2515 9088 0.05
2515 5145 0.2
2515 5846 0.05
2515 12534 0.05
2515 903 0.2
2515 2016 0.2
2515 1622 0.01
2515 4152 0.05
2515 10698 0.01
2515 8319 0.01
2515 3114 0.01
2516 1216 0.2
2517 4152 0.01
2519 12531 0.2
2521 7603 0.01
2522 3906 0.2
2524 5487 0.01
2524 9531 0.01
2524 12401 0.05
2526 4152 0.05
2526 8737 0.2
2527 4152 0.05
2529 10071 0.2
2530 8568 0.2
2531 4152 0.05
2532 191 0.2
2533 4653 0.2
2534 7603 0.05
2534 9786 0.2
2534 10037 0.01
2534 7394 0.05
2534 10094 0.01
2535 4154 0.05
2535 8017 0.01
2535 4786 0.2
2535 9923 0.05
2535 7412 0.01
2535 160 0.2
2535 392 0.01
2535 3585 0.05
2535 12231 0.2
2535 9782 0.01
2535 4808 0.01
2535 9020 0.05
2535 2408 0.01
2535 12388 0.2
2535 2594 0.2
2535 92 0.2
2535 8661 0.01
2535 11713 0.2
2535 10037 0.05
2535 5554 0.05
2535 1319 0.05
2535 617 0.2
2535 5482 0.2
2535 8875 0.05
2535 1525 0.05
2535 9088 0.01
2535 107 0.01
2535 4152 0.05
2537 10925 0.2
2537 9088 0.05
2540 1622 0.01
2541 4152 0.05
2541 5554 0.01
2542 4152 0.01
2542 11114 0.01
2543 4701 0.05
2543 4152 0.2
2543 9088 0.05
2543 89 0.01
2543 5066 0.01
2546 4152 0.05
2547 3503 0.01
2548 12552 0.2
2548 3542 0.01
2548 6094 0.01
2548 6996 0.01
2548 1236 0.2
2548 9167 0.01
2548 7588 0.05
2548 3383 0.01
2548 6540 0.2
2548 10633 0.01
2549 4152 0.2
2550 8634 0.01
2551 2711 0.01
2551 9958 0.05
2551 1904 0.01
2551 6290 0.2
2551 10094 0.2
2552 2896 0.01
2553 7725 0.2
2554 2165 0.05
2555 3109 0.01
2555 54 0.01
2556 4152 0.05
2558 9088 0.01
2560 4152 0.05
2561 3842 0.01
2562 11049 0.05
2562 7030 0.05
2563 4152 0.05
2564 4152 0.2
2565 4152 0.01
2566 4991 0.05
2566 4550 0.05
2566 689 0.2
2567 4152 0.05
2567 9088 0.01
2569 4450 0.2
2569 12566 0.2
2569 2004 0.01
2569 12084 0.05
2569 10136 0.05
2569 9619 0.2
2569 1622 0.2
2569 1527 0.01
2570 10698 0.2
2571 9088 0.01
2572 8395 0.01
2572 6673 0.2
2572 3381 0.05
2572 1622 0.05
2572 1527 0.2
2572 8100 0.01
2573 7549 0.05
2574 4152 0.01
2575 6404 0.01
2576 7012 0.2
2577 9843 0.05
2578 5487 0.01
2579 4345 0.2
2579 5783 0.01
2579 2016 0.2
2580 7875 0.01
2581 4152 0.01
2582 3991 0.2
2582 7799 0.2
2582 5254 0.01
2582 1320 0.2
2582 2837 0.01
2582 3599 0.2
2582 5456 0.2
2582 6645 0.2
2582 8682 0.2
2582 1344 0.2
2582 389 0.2
2583 4152 0.05
2584 4152 0.05
2585 10798 0.01
2585 11868 0.05
2585 9046 0.05
2585 5378 0.05
2585 1622 0.2
2585 10095 0.05
2586 5397 0.01
2587 9720 0.2
2587 6827 0.2
2587 12513 0.05
2589 1108 0.01
2590 4152 0.01
2591 8132 0.2
2592 10811 0.2
2592 116 0.01
2592 10433 0.01
2593 1622 0.2
2593 11180 0.2
2594 4525 0.05
2594 12401 0.01
2594 8875 0.01
2595 6709 0.01
2596 4152 0.05
2599 4152 0.2
2600 1783 0.01
2601 11182 0.05
2601 9088 0.01
2602 2551 0.05
2602 9130 0.05
2602 4579 0.01
2602 7155 0.05
2604 3469 0.01
2605 7957 0.01
2605 10797 0.05
2605 10944 0.2
2605 70 0.05
2605 1675 0.05
2605 3618 0.01
2605 9605 0.01
2605 8621 0.01
2606 986 0.2
2607 2473 0.05
2607 9088 0.05
2608 12123 0.05
2609 12328 0.05
2609 7572 0.05
2612 8935 0.2
2612 11056 0.01
2612 1486 0.01
2612 8108 0.2
2612 3625 0.05
2612 3469 0.01
2612 4700 0.05
2612 5066 0.05
2612 10843 0.05
2612 9980 0.05
2612 4701 0.2
2612 234 0.2
2612 24 0.01
2612 9938 0.05
2612 3114 0.05
2612 4632 0.2
2612 2004 0.2
2612 1417 0.05
2612 5847 0.05
2612 3744 0.01
2612 5145 0.2
2612 255 0.05
2612 1622 0.2
2612 11326 0.05
2612 11921 0.05
2612 4152 0.2
2612 9088 0.01
2612 4012 0.2
2612 6700 0.2
2612 1527 0.01
2613 4152 0.2
2615 10762 0.01
2615 9416 0.2
2616 4015 0.2
2618 4152 0.01
2619 6128 0.01
2622 174 0.01
2622 2888 0.05
2622 10495 0.05
2622 9372 0.01
2622 1319 0.2
2622 1084 0.05
2622 6751 0.01
2622 5914 0.01
2622 3842 0.05
2622 7625 0.05
2622 9288 0.2
2622 10695 0.01
2622 12513 0.05
2622 1757 0.05
2622 343 0.05
2622 344 0.2
2622 9003 0.2
2622 1468 0.05
2622 9491 0.01
2622 9605 0.01
2622 4250 0.01
2622 9423 0.2
2622 10037 0.01
2622 7702 0.05
2622 211 0.05
2622 4152 0.01
2622 672 0.05
2622 808 0.05
2622 5482 0.01
2622 1704 0.05
2622 9088 0.05
2622 2016 0.2
2622 3963 0.05
2622 1527 0.01
2622 11923 0.2
2623 9843 0.2
2623 8979 0.05
2623 4701 0.01
2624 9851 0.05
2624 12203 0.05
2624 7843 0.01
2624 1961 0.2
2624 2896 0.01
2625 4152 0.05
2626 808 0.01
2626 5746 0.2
2628 8935 0.01
2630 1622 0.05
2630 12059 0.2
2633 8646 0.01
2637 5487 0.2
2637 5356 0.05
2637 7815 0.01
2637 11326 0.05
2637 5938 0.05
2637 926 0.05
2637 3727 0.01
2637 430 0.01
2637 5072 0.01
2637 7385 0.01
2637 11719 0.2
2637 7394 0.05
2637 9167 0.05
2637 8366 0.05
2637 70 0.2
2637 8609 0.01
2637 8568 0.01
2637 9262 0.01
2637 8088 0.01
2637 7324 0.05
2637 12581 0.05
2637 8598 0.01
2637 5704 0.05
2637 3340 0.2
2637 6872 0.05
2637 6132 0.05
2637 1515 0.2
2637 10959 0.01
2639 5286 0.2
2640 2416 0.05
2640 4152 0.01
2642 4152 0.01
2643 778 0.01
2644 223 0.05
2644 1827 0.05
2644 10197 0.05
2644 6405 0.01
2644 4066 0.01
2644 6139 0.05
2644 3676 0.05
2644 11884 0.05
2644 9975 0.05
2644 7929 0.2
2644 11214 0.2
2644 11434 0.01
2644 431 0.2
2644 4796 0.05
2644 2649 0.05
2644 5074 0.2
2644 9777 0.2
2644 2954 0.05
2644 2197 0.01
2644 10938 0.2
2644 11748 0.2
2644 5028 0.01
2644 8184 0.01
2644 7375 0.2
2644 3538 0.2
2644 2257 0.2
2644 11127 0.2
2644 299 0.01
2644 8510 0.05
2644 11386 0.2
2644 9946 0.2
2644 901 0.2
2644 9950 0.2
2644 9126 0.2
2644 1733 0.05
2644 2926 0.01
2644 4527 0.01
2644 9082 0.05
2644 4454 0.01
2644 811 0.05
2644 4409 0.05
2644 367 0.01
2644 1103 0.2
2644 9410 0.05
2644 4412 0.05
2644 9088 0.2
2644 12592 0.2
2644 10588 0.01
2645 4152 0.05
2646 2004 0.01
2647 4152 0.2
2648 9905 0.05
2648 6135 0.2
2649 2257 0.2
2649 5074 0.01
2650 4152 0.01
2651 2507 0.01
2651 8371 0.2
2651 4152 0.01
2655 9088 0.05
2657 4152 0.2
2658 4152 0.2
2659 4152 0.01
2661 2507 0.2
2662 9698 0.05
2663 11043 0.01
2663 4152 0.05
2665 1527 0.01
2666 4152 0.01
2668 1460 0.2
2668 9560 0.2
2668 4618 0.01
2668 2845 0.05
2669 11702 0.05
2670 172 0.01
2671 10811 0.05
2672 6595 0.05
2673 7171 0.2
2674 6755 0.01
2675 1219 0.2
2676 4522 0.05
2677 3469 0.2
2678 5916 0.05
2678 3370 0.05
2678 6918 0.05
2678 1804 0.05
2678 9088 0.05
2678 10592 0.2
2678 4152 0.05
2679 4152 0.2
2680 3656 0.05
2681 5795 0.01
2683 4522 0.01
2684 12637 0.05
2685 4152 0.05
2686 3146 0.05
2688 10588 0.01
2689 8473 0.2
2689 5297 0.2
2689 1297 0.01
2690 10782 0.2
2692 5992 0.05
2692 174 0.05
2692 3067 0.05
2692 1831 0.2
2692 3469 0.2
2692 672 0.2
2692 9609 0.05
2692 10209 0.2
2692 7719 0.05
2692 9715 0.2
2692 8208 0.2
2692 4793 0.01
2692 1696 0.01
2692 10204 0.01
2692 3114 0.01
2692 5071 0.2
2692 9720 0.01
2692 11788 0.2
2692 10456 0.05
2692 3618 0.01
2692 24 0.05
2692 7625 0.2
2692 6963 0.2
2692 5894 0.2
2692 6173 0.01
2692 11695 0.2
2692 7683 0.05
2692 4179 0.2
2692 2806 0.2
2692 3562 0.01
2692 2357 0.2
2692 9020 0.05
2692 10811 0.05
2692 2063 0.01
2692 249 0.01
2692 4250 0.05
2692 5239 0.2
2692 1422 0.05
2692 10037 0.01
2692 5554 0.01
2692 8574 0.05
2692 4152 0.01
2692 1319 0.05
2692 9410 0.05
2692 9088 0.05
2692 2101 0.2
2692 1527 0.2
2693 1430 0.2
2693 4743 0.05
2694 4306 0.01
2695 3698 0.05
2695 3403 0.01
2695 10220 0.2
2695 3481 0.05
2695 871 0.05
2695 10529 0.2
2695 7421 0.05
2695 4152 0.05
2695 3114 0.05
2696 669 0.2
2699 4152 0.01
2700 5071 0.01
2700 5600 0.05
2700 5781 0.01
2700 8478 0.01
2700 1975 0.01
2700 9484 0.01
2701 4622 0.05
2702 4152 0.2
2704 9088 0.2
2704 1422 0.2
2705 4152 0.05
2705 9088 0.05
2705 4425 0.01
2705 5507 0.2
2707 8032 0.05
2707 1319 0.01
2708 4152 0.2
2708 12513 0.05
2709 5554 0.01
2710 5487 0.2
2710 5272 0.2
2710 808 0.05
2711 2551 0.01
2712 6984 0.2
2712 4738 0.05
2712 11370 0.01
2712 12326 0.2
2712 8983 0.05
2712 7324 0.2
2713 672 0.01
2713 11295 0.05
2713 4040 0.05
2714 9088 0.2
2715 5842 0.01
2716 302 0.05
2717 1135 0.01
2719 847 0.01
2721 8869 0.2
2721 2905 0.01
2722 10900 0.2
2723 2154 0.01
2724 8935 0.2
2724 1527 0.2
2724 11792 0.05
2724 12513 0.2
2725 4152 0.05
2726 10534 0.2
2728 9088 0.01
2728 9843 0.05
2729 7035 0.01
2730 6278 0.01
2730 320 0.01
2730 7603 0.01
2730 10141 0.05
2730 10037 0.01
2730 11254 0.2
2732 4313 0.2
2733 1346 0.01
2734 2992 0.01
2734 11318 0.2
2734 9720 0.2
2734 8366 0.2
2734 9721 0.01
2734 9068 0.2
2734 4962 0.05
2734 885 0.01
2734 4433 0.2
2734 6333 0.2
2734 11326 0.01
2734 1237 0.05
2734 12403 0.2
2734 4336 0.2
2734 11619 0.05
2734 11462 0.01
2734 9128 0.01
2734 4166 0.2
2734 4808 0.01
2735 91 0.05
2737 10495 0.01
2737 8254 0.2
2737 6545 0.01
2737 12545 0.2
2737 4522 0.05
2737 3879 0.05
2737 9715 0.2
2737 9975 0.01
2737 10357 0.05
2737 10204 0.01
2737 4175 0.01
2737 2242 0.2
2737 5071 0.01
2737 11788 0.2
2737 3481 0.2
2737 7625 0.01
2737 8616 0.01
2737 539 0.05
2737 9531 0.2
2737 11695 0.01
2737 12513 0.01
2737 1949 0.01
2737 3388 0.05
2737 5436 0.05
2737 5239 0.01
2737 1422 0.01
2737 12007 0.01
2737 11570 0.05
2737 5916 0.05
2737 1319 0.01
2737 9359 0.05
2737 10690 0.01
2737 366 0.05
2737 367 0.01
2737 5482 0.05
2737 2377 0.01
2737 9088 0.05
2737 1216 0.2
2737 12351 0.01
2737 1527 0.01
2737 8104 0.2
2738 4152 0.05
2739 9531 0.05
2739 11695 0.05
2740 4152 0.2
2741 5978 0.05
2742 4152 0.01
2743 9088 0.01
2743 10811 0.05
2745 1913 0.01
2745 8609 0.01
2746 4152 0.2
2746 10811 0.2
2747 10442 0.2
2747 9531 0.2
2748 10495 0.01
2748 2928 0.01
2749 10037 0.05
2750 5071 0.05
2750 766 0.05
2751 11815 0.2
2751 8460 0.2
2751 5933 0.2
2751 679 0.01
2751 335 0.01
2751 2857 0.2
2751 12129 0.2
2751 6569 0.05
2751 8568 0.01
2751 7806 0.01
2751 3254 0.2
2751 8745 0.01
2751 6504 0.2
2751 8121 0.01
2751 10094 0.2
2751 9228 0.2
2752 4152 0.01
2752 1491 0.01
2753 6947 0.05
2755 4152 0.01
2756 4480 0.01
2757 1108 0.01
2758 4152 0.05
2759 4152 0.01
2760 8941 0.01
2761 4152 0.01
2763 4152 0.2
2764 4152 0.2
2765 3776 0.01
2765 9357 0.05
2765 124 0.05
2765 2265 0.05
2766 9118 0.01
2766 1272 0.01
2766 1622 0.05
2766 4152 0.2
2766 8298 0.2
2767 4152 0.2
2768 4152 0.05
2768 2016 0.05
2771 8612 0.2
2771 592 0.05
2772 4152 0.05
2772 9088 0.2
2773 4152 0.05
2775 11803 0.01
2775 7235 0.05
2775 4097 0.01
2776 3594 0.01
2776 2493 0.2
2776 7859 0.2
2776 1473 0.05
2776 1467 0.05
2776 202 0.01
2776 6904 0.2
2776 1402 0.2
2776 2199 0.05
2776 5958 0.01
2776 6750 0.01
2776 4152 0.2
2776 11103 0.05
2776 5079 0.05
2778 4152 0.05
2779 4152 0.05
2779 5145 0.2
2780 4152 0.2
2781 4152 0.05
2782 2507 0.05
2783 4152 0.2
2783 4841 0.01
2784 8003 0.2
2784 174 0.05
2784 1319 0.05
2784 6093 0.01
2784 1622 0.2
2784 8319 0.05
2784 5554 0.05
2785 7810 0.2
2787 4522 0.01
2788 10477 0.05
2788 6167 0.01
2789 9361 0.01
2789 631 0.2
2790 5487 0.05
2790 9003 0.2
2790 1244 0.05
2790 1561 0.05
2790 8609 0.2
2790 1230 0.2
2790 9167 0.2
2790 2535 0.05
2791 4152 0.05
2791 11979 0.01
2792 3025 0.01
2792 10863 0.01
2793 1622 0.05
2796 4152 0.05
2797 12123 0.01
2797 11625 0.05
2797 7989 0.01
2797 10952 0.01
2797 5393 0.01
2797 9088 0.2
2797 4152 0.05
2797 6508 0.05
2797 8104 0.01
2798 1242 0.05
2798 174 0.01
2798 11651 0.01
2798 2004 0.05
2798 2923 0.2
2798 6460 0.01
2798 10811 0.2
2798 8568 0.05
2798 1098 0.01
2798 12576 0.05
2798 9896 0.2
2798 8740 0.05
2798 10140 0.01
2798 10495 0.2
2798 9975 0.01
2798 12411 0.05
2798 4152 0.05
2798 3504 0.2
2798 9390 0.01
2798 12499 0.2
2799 4152 0.01
2799 9088 0.01
2800 4152 0.2
2802 4152 0.05
2803 12147 0.2
2805 4991 0.2
2805 10095 0.2
2805 11326 0.01
2806 10295 0.2
2806 2692 0.2
2806 1319 0.05
2806 10690 0.2
2806 5482 0.05
2806 6756 0.05
2806 4525 0.05
2806 1781 0.01
2806 10037 0.01
2808 8798 0.01
2815 4154 0.05
2815 8017 0.05
2815 4786 0.01
2815 1387 0.05
2815 7412 0.05
2815 2088 0.01
2815 3920 0.01
2815 6414 0.05
2815 392 0.01
2815 1525 0.2
2815 12231 0.05
2815 2535 0.2
2815 9782 0.05
2815 2408 0.01
2815 4589 0.2
2815 12388 0.01
2815 160 0.05
2815 7026 0.01
2815 92 0.2
2815 8661 0.2
2815 11713 0.01
2815 10037 0.05
2815 11360 0.05
2815 11469 0.01
2815 8875 0.05
2815 6990 0.01
2815 107 0.2
2815 11256 0.2
2815 4152 0.01
2816 4152 0.05
2817 4152 0.2
2818 2257 0.01
2818 5342 0.01
2818 1957 0.05
2818 6405 0.01
2818 1631 0.05
2818 9088 0.2
2818 1622 0.05
2818 4152 0.05
2818 11434 0.05
2818 431 0.05
2819 7008 0.05
2822 4152 0.01
2823 8982 0.2
2823 10798 0.05
2824 4152 0.05
2825 7324 0.2
2825 5342 0.01
2825 8167 0.05
2825 4591 0.05
2825 9531 0.2
2826 12435 0.05
2828 11121 0.05
2832 4152 0.2
2833 8553 0.01
2833 11834 0.05
2834 7494 0.2
2834 174 0.01
2834 4206 0.01
2834 871 0.01
2834 4066 0.01
2834 7534 0.01
2834 4451 0.01
2834 9088 0.01
2834 4262 0.05
2834 7811 0.2
2834 10782 0.2
2834 4152 0.05
2834 7421 0.01
2835 11318 0.01
2835 2004 0.01
2835 9088 0.01
2835 11695 0.2
2835 12513 0.05
2835 4152 0.2
2835 6128 0.01
2836 1891 0.2
2836 10651 0.01
2836 5614 0.05
2836 2515 0.01
2836 7489 0.01
2836 1622 0.01
2836 4152 0.05
2837 3312 0.01
2837 12114 0.05
2837 9985 0.05
2837 3599 0.2
2837 5456 0.2
2837 2502 0.05
2837 6697 0.05
2837 1482 0.2
2837 8682 0.01
2837 1344 0.01
2837 1320 0.2
2837 9826 0.05
2837 12549 0.01
2837 656 0.01
2839 4152 0.05
2840 9531 0.01
2840 1319 0.2
2842 10141 0.05
2844 4152 0.2
2845 5916 0.05
2845 3618 0.2
2845 5221 0.01
2845 12489 0.2
2845 10046 0.2
2845 4618 0.01
2845 692 0.2
2845 9339 0.05
2845 4152 0.2
2845 9402 0.05
2846 10449 0.05
2846 7875 0.05
2846 1532 0.2
2846 4066 0.05
2846 5452 0.01
2846 12545 0.01
2846 1884 0.05
2846 430 0.05
2846 3114 0.2
2846 12489 0.01
2846 3526 0.05
2846 10931 0.2
2846 10808 0.01
2846 1237 0.2
2846 4336 0.2
2846 3737 0.2
2846 7536 0.01
2846 9339 0.2
2846 6128 0.01
2846 7218 0.01
2846 9435 0.05
2846 7494 0.01
2846 4080 0.01
2846 8992 0.01
2846 4813 0.2
2846 10220 0.01
2846 12049 0.05
2846 9167 0.05
2846 8420 0.01
2846 10774 0.05
2846 363 0.01
2846 2327 0.05
2846 1524 0.01
2846 12201 0.2
2846 10588 0.2
2846 4513 0.2
2846 4885 0.05
2846 5721 0.05
2846 11196 0.2
2847 11232 0.05
2849 8173 0.2
2849 5872 0.01
2849 2276 0.2
2849 10441 0.01
2849 8137 0.01
2849 9674 0.01
2849 2896 0.05
2849 5353 0.05
2849 10095 0.05
2849 370 0.2
2849 4307 0.2
2851 9531 0.01
2854 2416 0.05
2855 10495 0.01
2855 4152 0.01
2855 5482 0.05
2855 9984 0.05
2855 9538 0.01
2856 10141 0.2
2857 1622 0.05
2857 2751 0.2
2857 8512 0.2
2857 9528 0.01
2857 764 0.01
2858 10032 0.05
2858 9275 0.01
2860 4152 0.2
2862 4152 0.01
2863 1017 0.01
2864 2121 0.01
2865 10400 0.05
2867 4152 0.01
2870 4152 0.05
2871 4152 0.01
2872 4152 0.05
2875 4336 0.2
2876 3246 0.2
2877 2473 0.05
2877 91 0.05
2877 12213 0.05
2877 5872 0.01
2877 5010 0.2
2877 8589 0.01
2877 5938 0.05
2877 9560 0.05
2877 5226 0.01
2877 1138 0.01
2877 3217 0.05
2877 788 0.2
2877 7810 0.05
2877 8170 0.2
2877 9247 0.05
2877 795 0.01
2877 2711 0.05
2877 7686 0.05
2877 8751 0.05
2877 12566 0.01
2877 11233 0.01
2877 11022 0.2
2877 8512 0.05
2877 7641 0.2
2877 3804 0.05
2877 1002 0.01
2877 9926 0.05
2877 7324 0.01
2877 1622 0.05
2877 3899 0.01
2877 1624 0.2
2877 1430 0.05
2877 8473 0.2
2877 5613 0.2
2877 5001 0.05
2877 12346 0.2
2877 5456 0.05
2877 9851 0.01
2877 11921 0.2
2877 10095 0.01
2878 9531 0.2
2878 12123 0.01
2878 2016 0.01
2879 5889 0.01
2880 4152 0.01
2881 11815 0.01
2881 6503 0.01
2881 8393 0.2
2881 3780 0.05
2882 7324 0.01
2882 1622 0.01
2883 9088 0.2
2884 3246 0.01
2885 9531 0.05
2886 4152 0.01
2887 4152 0.2
2888 11239 0.2
2888 10495 0.2
2888 10703 0.05
2888 2622 0.05
2888 12545 0.05
2888 672 0.01
2888 8353 0.01
2888 9376 0.2
2888 3585 0.2
2888 11695 0.05
2888 11083 0.05
2888 6128 0.01
2888 5600 0.01
2888 1852 0.01
2888 1147 0.05
2888 7691 0.2
2888 10220 0.05
2888 7022 0.2
2888 2359 0.2
2888 10811 0.05
2888 3800 0.2
2888 12531 0.01
2888 5145 0.01
2888 11130 0.01
2888 8731 0.2
2888 821 0.2
2888 10037 0.2
2888 5554 0.05
2888 2415 0.2
2888 9843 0.05
2888 1319 0.2
2888 3713 0.01
2888 9088 0.01
2888 2016 0.05
2888 11923 0.2
2888 4152 0.01
2888 10698 0.01
2888 12067 0.01
2889 11348 0.05
2889 6130 0.05
2890 8574 0.01
2890 7625 0.01
2890 5409 0.2
2890 12513 0.05
2891 9088 0.05
2892 4610 0.05
2892 7810 0.01
2892 10606 0.01
2892 5872 0.05
2892 2896 0.01
2893 739 0.01
2893 7647 0.2
2893 11788 0.01
2893 9904 0.2
2893 3554 0.05
2893 2004 0.05
2893 353 0.2
2893 6673 0.01
2893 4098 0.05
2893 7547 0.01
2893 6003 0.05
2893 2016 0.01
2893 1622 0.01
2893 4152 0.01
2893 2265 0.2
2893 5554 0.2
2893 9843 0.05
2894 4152 0.01
2894 5145 0.2
2897 4152 0.2
2898 12328 0.01
2898 11753 0.01
2899 1622 0.01
2899 7852 0.01
2899 4668 0.05
2900 4152 0.2
2902 5820 0.05
2902 211 0.05
2902 10002 0.05
2902 3842 0.2
2902 1468 0.05
2902 545 0.2
2902 5482 0.05
2902 7265 0.2
2902 3469 0.05
2902 2172 0.05
2902 9088 0.05
2902 4250 0.05
2902 1084 0.01
2902 9216 0.05
2902 5092 0.05
2902 4152 0.2
2902 655 0.05
2902 3185 0.2
2902 4701 0.2
2903 10095 0.2
2903 5872 0.05
2904 9331 0.01
2905 9709 0.05
2905 6733 0.2
2905 3456 0.2
2905 1455 0.2
2905 9207 0.2
2905 7394 0.01
2905 3886 0.01
2906 9068 0.05
2907 4152 0.01
2908 7294 0.2
2908 8213 0.01
2908 7721 0.05
2908 10000 0.05
2908 8866 0.01
2911 4152 0.01
2911 9843 0.2
2911 8378 0.2
2911 10495 0.2
2911 11300 0.05
2911 8721 0.05
2911 12576 0.01
2911 8575 0.2
2911 4018 0.01
2911 4592 0.01
2911 5721 0.05
2911 1288 0.2
2911 1290 0.01
2911 2129 0.05
2911 1527 0.2
2911 11007 0.2
2912 4152 0.2
2913 1783 0.05
2914 9031 0.2
2915 4152 0.01
2915 5554 0.05
2916 9466 0.2
2916 7324 0.05
2916 6963 0.05
2916 10037 0.05
2917 4217 0.2
2918 12297 0.05
2918 2711 0.05
2922 883 0.05
2923 1014 0.01
2923 4066 0.01
2923 4522 0.2
2923 724 0.2
2923 7663 0.2
2923 11434 0.05
2923 8118 0.2
2923 9361 0.01
2923 438 0.05
2923 2798 0.05
2923 24 0.2
2923 2954 0.05
2923 2310 0.05
2923 12513 0.01
2923 9484 0.01
2923 6719 0.05
2923 7691 0.2
2923 2004 0.01
2923 3388 0.05
2923 9491 0.2
2923 8568 0.01
2923 706 0.2
2923 5145 0.05
2923 6003 0.2
2923 1622 0.2
2923 9843 0.2
2923 749 0.01
2923 1527 0.05
2923 8525 0.05
2923 5101 0.05
2923 11571 0.01
2923 2276 0.05
2923 4458 0.01
2923 9088 0.05
2923 2016 0.01
2923 12534 0.01
2923 11921 0.05
2923 4152 0.2
2923 6508 0.01
2924 11585 0.01
2925 4152 0.05
2926 5071 0.05
2926 2257 0.01
2926 10450 0.05
2926 11127 0.05
2926 299 0.2
2926 1625 0.01
2926 6405 0.01
2926 7375 0.05
2926 11434 0.01
2926 10588 0.05
2926 9088 0.05
2926 8099 0.2
2926 4152 0.2
2926 2954 0.2
2926 431 0.01
2927 6404 0.01
2928 2637 0.2
2928 9088 0.05
2928 78 0.01
2928 9595 0.2
2929 4152 0.01
2932 11610 0.05
2933 1227 0.2
2934 12552 0.01
2934 1320 0.05
2934 7799 0.01
2934 9985 0.01
2934 1344 0.05
2934 9117 0.05
2934 9826 0.01
2934 12549 0.2
2934 656 0.2
2935 1852 0.05
2935 1622 0.05
2937 9939 0.05
2937 4152 0.01
2938 4152 0.05
2939 10042 0.05
2940 8132 0.2
2943 9088 0.05
2944 3381 0.01
2944 5287 0.2
2944 5805 0.05
2945 1979 0.2
2945 1643 0.05
2945 12228 0.2
2945 9003 0.01
2945 766 0.2
2945 9361 0.01
2945 985 0.05
2945 9674 0.01
2945 239 0.05
2945 6128 0.2
2945 10421 0.01
2945 2646 0.05
2945 12220 0.05
2945 1544 0.01
2945 6590 0.05
2945 8045 0.2
2945 1622 0.2
2945 6479 0.05
2945 211 0.2
2945 9693 0.01
2945 1975 0.05
2945 2228 0.05
2945 4152 0.01
2946 4152 0.01
2947 1108 0.2
2948 4152 0.05
2948 2016 0.2
2948 6118 0.05
2948 7691 0.2
2949 7603 0.2
2949 1965 0.2
2949 6043 0.05
2950 4152 0.05
2951 4152 0.05
2951 10593 0.05
2951 10255 0.05
2952 8935 0.05
2954 2324 0.05
2954 3538 0.05
2954 2257 0.01
2954 10450 0.2
2954 11748 0.01
2954 4454 0.05
2954 3535 0.01
2954 6405 0.01
2954 885 0.2
2954 6508 0.05
2954 10588 0.01
2954 2926 0.2
2954 9088 0.2
2954 2197 0.05
2954 5970 0.01
2954 7017 0.2
2954 4152 0.2
2954 11326 0.2
2954 11434 0.05
2954 431 0.01
2955 4729 0.05
2956 9088 0.01
2956 10811 0.05
2956 1783 0.2
2958 9229 0.01
2959 12214 0.05
2961 4313 0.2
2961 7604 0.05
2962 11488 0.01
2963 4152 0.01
2964 11015 0.01
2964 1622 0.05
2964 8314 0.2
2964 12335 0.01
2964 204 0.05
2965 2256 0.2
2966 4152 0.01
2967 3271 0.05
2967 9088 0.2
2967 11649 0.05
2968 1675 0.2
2969 9958 0.05
2969 6714 0.01
2969 191 0.01
2969 8181 0.2
2969 4857 0.2
2969 5482 0.2
2969 5143 0.2
2969 10995 0.2
2969 5172 0.2
2969 7603 0.01
2969 12590 0.2
2969 4042 0.01
2969 9167 0.2
2969 4819 0.01
2969 7500 0.2
2969 9339 0.2
2969 1081 0.05
2969 3383 0.01
2969 5628 0.01
2969 3824 0.2
2971 7294 0.2
2971 2011 0.01
2971 8762 0.05
2971 10257 0.2
2971 6823 0.05
2972 10133 0.2
2973 4152 0.01
2975 4152 0.05
2976 6144 0.2
2977 4803 0.2
2978 4522 0.01
2979 2934 0.01
2980 10037 0.01
2981 8987 0.01
2981 9720 0.01
2981 1319 0.2
2981 545 0.01
2981 6961 0.2
2981 2292 0.01
2981 8568 0.01
2981 9700 0.01
2981 9088 0.01
2981 1757 0.05
2981 1422 0.01
2981 10141 0.2
2981 10690 0.05
2981 4152 0.05
2981 8361 0.01
2981 5554 0.01
2982 7813 0.05
2982 9733 0.05
2982 91 0.05
2982 4103 0.01
2982 6071 0.01
2982 1360 0.2
2982 9710 0.05
2982 4066 0.2
2982 8938 0.2
2982 5329 0.05
2982 9237 0.2
2982 2817 0.2
2982 324 0.01
2982 9489 0.05
2982 724 0.01
2982 875 0.2
2982 12402 0.01
2982 4846 0.01
2982 5805 0.01
2982 2296 0.2
2982 7344 0.2
2982 11884 0.01
2982 9078 0.01
2982 7959 0.2
2982 3734 0.2
2982 438 0.2
2982 12321 0.2
2982 6961 0.01
2982 2248 0.05
2982 9360 0.05
2982 5684 0.05
2982 10113 0.05
2982 9674 0.2
2982 10982 0.01
2982 11233 0.2
2982 4133 0.05
2982 8270 0.05
2982 5555 0.2
2982 9210 0.05
2982 2455 0.05
2982 11450 0.05
2982 4738 0.2
2982 522 0.01
2982 11029 0.05
2982 6211 0.05
2982 10220 0.05
2982 2728 0.01
2982 7009 0.01
2982 6180 0.05
2982 8755 0.05
2982 2062 0.01
2982 7598 0.2
2982 10529 0.05
2982 7404 0.01
2982 5701 0.2
2982 3188 0.05
2982 1913 0.01
2982 353 0.2
2982 4302 0.2
2982 208 0.2
2982 518 0.2
2982 10534 0.05
2982 5544 0.01
2982 3436 0.05
2982 5148 0.01
2982 8822 0.05
2982 1759 0.2
2982 1014 0.05
2982 7414 0.05
2982 8672 0.01
2982 6621 0.01
2982 8499 0.05
2982 8625 0.2
2982 1975 0.2
2982 12534 0.01
2982 3712 0.05
2982 3663 0.2
2982 9126 0.2
2982 8103 0.05
2982 1954 0.2
2982 8681 0.01
2983 6984 0.01
2983 8080 0.2
2983 5679 0.01
2983 207 0.05
2984 4152 0.2
2985 9088 0.2
2985 6508 0.2
2986 8393 0.05
2986 6113 0.05
2986 6278 0.2
2987 9088 0.01
2988 4231 0.05
2989 4716 0.2
2989 4152 0.05
2990 11326 0.05
2991 12366 0.01
2991 4152 0.2
2993 6044 0.05
2995 4487 0.05
2996 12123 0.05
2996 10544 0.2
2997 2257 0.2
2998 8924 0.01
3002 7030 0.2
3003 7000 0.2
3003 10095 0.2
3004 12268 0.2
3005 4313 0.2
3005 3967 0.05
3007 1468 0.01
3008 3576 0.2
3009 4152 0.05
3010 3547 0.2
3010 8815 0.2
3010 3184 0.05
3010 5657 0.2
3010 1622 0.2
3010 4152 0.05
3011 4152 0.01
3012 4152 0.01
3013 11897 0.01
3014 12064 0.2
3014 3312 0.01
3014 12570 0.01
3014 9985 0.01
3014 2502 0.2
3014 6697 0.01
3014 5254 0.05
3014 1482 0.2
3014 8682 0.05
3014 1344 0.05
3014 9826 0.01
3014 12549 0.2
3014 656 0.01
3015 2896 0.01
3016 3114 0.01
3018 972 0.2
3018 4525 0.05
3018 438 0.05
3018 10367 0.01
3018 766 0.01
3018 12556 0.2
3018 3788 0.05
3018 4290 0.01
3018 11025 0.01
3018 8568 0.2
3018 4250 0.01
3018 4450 0.05
3018 10037 0.05
3018 8574 0.2
3018 1319 0.2
3018 5482 0.01
3018 8478 0.01
3018 8875 0.05
3018 9088 0.01
3018 4042 0.2
3018 4152 0.05
3018 10540 0.05
3019 4152 0.01
3019 8656 0.2
3019 28 0.2
3019 9322 0.2
3019 4792 0.01
3019 1527 0.01
3020 9174 0.05
3021 4152 0.05
3022 4152 0.05
3025 8091 0.2
3025 10863 0.05
3025 2792 0.01
3026 4152 0.01
3026 10037 0.2
3027 5487 0.01
3028 545 0.05
3028 8003 0.2
3029 9531 0.01
3030 6608 0.01
3030 5554 0.2
3031 5048 0.01
3031 9905 0.2
3031 1236 0.2
3031 9786 0.01
3031 3109 0.01
3031 8589 0.01
3031 7288 0.01
3031 3573 0.01
3032 1949 0.05
3032 5938 0.05
3034 1781 0.2
3035 4702 0.2
3037 1015 0.01
3038 9605 0.05
3040 4152 0.01
3041 11636 0.2
3042 9466 0.2
3042 4040 0.2
3043 655 0.2
3044 78 0.2
3045 9088 0.05
3046 6866 0.01
3046 4152 0.01
3046 2172 0.2
3047 4152 0.05
3047 9088 0.2
3047 7875 0.05
3047 10811 0.05
3047 12411 0.2
3048 5889 0.2
3049 9855 0.01
3049 1622 0.01
3049 4152 0.05
3049 5899 0.05
3049 1663 0.2
3055 6646 0.05
3056 4152 0.01
3058 4152 0.2
3058 11326 0.01
3059 4152 0.01
3060 11187 0.2
3060 6135 0.05
3061 4152 0.01
3062 2507 0.01
3064 9088 0.05
3067 10690 0.01
3067 4152 0.01
3067 2692 0.2
3068 4152 0.2
3069 12403 0.05
3070 4152 0.01
3071 4152 0.01
3072 5071 0.05
3072 174 0.05
3072 10811 0.05
3072 10086 0.2
3072 9489 0.05
3072 1422 0.01
3072 9484 0.01
3072 1622 0.05
3072 4152 0.01
3072 2242 0.2
3072 9232 0.2
3073 6552 0.01
3073 4631 0.2
3073 3132 0.2
3073 8814 0.2
3075 5487 0.05
3075 7017 0.05
3075 6071 0.2
3075 1854 0.01
3075 6184 0.2
3075 3094 0.2
3075 438 0.01
3075 7283 0.2
3075 5805 0.05
3075 9531 0.05
3075 6673 0.2
3075 5455 0.01
3075 4152 0.01
3077 5193 0.05
3077 2387 0.05
3078 9531 0.05
3079 91 0.01
3079 6269 0.05
3079 5938 0.01
3079 7767 0.01
3079 2845 0.01
3079 4391 0.2
3079 12552 0.2
3079 6072 0.05
3079 3533 0.2
3079 3217 0.01
3079 321 0.01
3079 7810 0.05
3079 9247 0.01
3079 676 0.2
3079 10266 0.2
3079 3381 0.2
3079 7324 0.01
3079 9682 0.05
3079 5329 0.01
3079 898 0.05
3079 8049 0.2
3079 10860 0.2
3079 9441 0.2
3079 1622 0.01
3079 6548 0.2
3079 6928 0.05
3079 1624 0.01
3079 8768 0.05
3079 6692 0.2
3079 1320 0.01
3079 5805 0.01
3079 267 0.01
3079 12251 0.05
3079 7264 0.2
3079 9139 0.01
3079 4084 0.2
3079 964 0.05
3079 7610 0.05
3080 9088 0.05
3081 1757 0.05
3082 12531 0.01
3083 5992 0.01
3086 871 0.01
3086 9023 0.01
3086 3114 0.01
3087 12435 0.2
3088 2507 0.2
3089 10965 0.05
3090 4152 0.2
3091 12531 0.2
3093 4814 0.2
3094 5583 0.01
3094 9967 0.2
3094 5537 0.05
3094 4742 0.01
3094 2419 0.05
3094 9288 0.05
3094 1150 0.2
3094 989 0.01
3094 8485 0.05
3094 3075 0.2
3094 10081 0.05
3094 7038 0.2
3094 4152 0.01
3094 8764 0.01
3094 843 0.05
3094 11150 0.01
3095 4152 0.2
3096 4522 0.05
3097 4152 0.05
3099 6982 0.01
3100 9715 0.05
3101 9369 0.05
3101 9605 0.01
3103 2365 0.01
3104 4152 0.01
3105 10441 0.01
3106 10480 0.2
3107 7520 0.01
3109 54 0.01
3109 1279 0.05
3109 12495 0.2
3109 7376 0.2
3109 3254 0.2
3109 4661 0.01
3109 2293 0.01
3109 11658 0.2
3109 4166 0.01
3109 7621 0.01
3109 7852 0.01
3109 2637 0.01
3109 4433 0.01
3109 26 0.05
3109 11552 0.01
3109 113 0.05
3109 9167 0.01
3109 4808 0.05
3109 1904 0.05
3109 3031 0.2
3109 4593 0.2
3109 10177 0.01
3109 4619 0.05
3109 10037 0.01
3109 519 0.2
3109 7603 0.05
3109 2555 0.05
3109 10689 0.2
3109 9720 0.01
3109 10824 0.2
3109 10141 0.01
3109 10868 0.01
3109 10094 0.05
3110 4701 0.2
3110 511 0.01
3110 9088 0.05
3110 6508 0.2
3110 452 0.2
3111 10377 0.05
3112 1084 0.01
3113 2018 0.05
3113 9116 0.2
3114 6789 0.05
3114 10397 0.05
3114 3625 0.2
3114 2180 0.05
3114 5774 0.2
3114 7981 0.01
3114 4797 0.2
3114 1992 0.05
3114 12461 0.05
3114 2196 0.2
3114 11079 0.2
3114 11695 0.2
3114 8361 0.01
3114 5721 0.01
3114 7780 0.05
3114 2324 0.05
3114 6031 0.2
3114 1757 0.2
3114 2409 0.05
3114 10524 0.05
3114 2213 0.01
3114 6815 0.01
3114 12477 0.01
3114 1622 0.2
3114 4451 0.01
3114 12294 0.05
3114 1431 0.2
3114 7802 0.2
3114 2222 0.01
3114 7811 0.01
3114 2016 0.05
3114 4263 0.2
3114 874 0.01
3114 7421 0.01
3114 3504 0.01
3114 11533 0.2
3114 9967 0.05
3114 10547 0.2
3114 10216 0.05
3114 2622 0.01
3114 12308 0.01
3114 5063 0.05
3114 5455 0.01
3114 5066 0.05
3114 8093 0.05
3114 5071 0.2
3114 6265 0.05
3114 438 0.05
3114 10367 0.01
3114 1730 0.01
3114 4042 0.05
3114 7009 0.2
3114 2257 0.05
3114 1707 0.05
3114 8805 0.01
3114 6859 0.05
3114 7451 0.05
3114 12335 0.05
3114 5850 0.01
3114 7410 0.01
3114 11914 0.01
3114 7647 0.05
3114 4506 0.01
3114 5482 0.2
3114 538 0.05
3114 12534 0.2
3114 9605 0.01
3114 2470 0.2
3114 273 0.05
3114 11375 0.01
3114 7875 0.2
3114 3016 0.05
3114 871 0.01
3114 9237 0.2
3114 7879 0.05
3114 5878 0.05
3114 8258 0.2
3114 10608 0.01
3114 4912 0.01
3114 7888 0.05
3114 6310 0.2
3114 2695 0.2
3114 5495 0.05
3114 1099 0.05
3114 5710 0.2
3114 1507 0.2
3114 6128 0.01
3114 3562 0.01
3114 7494 0.2
3114 8859 0.05
3114 9068 0.2
3114 10220 0.2
3114 10809 0.05
3114 10811 0.2
3114 1108 0.05
3114 5145 0.05
3114 9693 0.2
3114 10037 0.2
3114 10434 0.2
3114 403 0.2
3114 2507 0.05
3114 520 0.01
3114 7504 0.05
3114 8479 0.05
3114 6555 0.2
3114 9088 0.01
3114 4152 0.01
3114 9100 0.01
3114 2205 0.05
3114 7152 0.2
3114 9467 0.05
3114 10656 0.01
3114 1542 0.01
3114 10782 0.2
3114 12411 0.05
3114 12607 0.05
3114 4967 0.2
3114 12414 0.05
3114 6982 0.01
3114 6753 0.2
3114 6754 0.05
3114 9483 0.05
3114 1949 0.05
3114 6583 0.2
3114 3388 0.05
3114 6590 0.2
3114 3086 0.2
3114 9398 0.01
3114 657 0.01
3114 4193 0.05
3114 12056 0.2
3114 4770 0.2
3114 4814 0.05
3114 8917 0.05
3114 9501 0.01
3114 4206 0.05
3114 7749 0.05
3114 732 0.01
3114 10695 0.05
3114 10529 0.01
3114 1575 0.05
3114 3409 0.01
3115 4152 0.05
3117 4152 0.05
3119 1622 0.2
3120 4152 0.2
3123 4785 0.01
3124 10608 0.05
3124 3194 0.01
3124 2265 0.2
3125 4152 0.01
3126 9088 0.05
3126 7747 0.2
3127 10811 0.2
3128 12522 0.05
3130 10095 0.01
3131 1884 0.05
3131 4152 0.01
3132 5487 0.05
3132 3654 0.05
3132 1998 0.05
3132 11121 0.05
3132 1942 0.01
3132 7309 0.01
3132 2159 0.2
3132 1563 0.01
3132 38 0.01
3132 11235 0.2
3132 8163 0.2
3132 6853 0.01
3132 1975 0.01
3132 8137 0.01
3132 6540 0.2
3132 2597 0.01
3132 1622 0.01
3132 11025 0.2
3132 11213 0.2
3133 9088 0.05
3135 3839 0.2
3135 302 0.05
3135 1510 0.01
3135 881 0.2
3135 1433 0.2
3135 5482 0.01
3135 989 0.01
3135 6087 0.2
3135 9088 0.05
3135 1240 0.05
3135 4336 0.01
3135 4152 0.2
3135 1842 0.05
3135 6508 0.2
3136 12552 0.2
3136 3544 0.01
3136 7641 0.2
3136 8137 0.01
3136 795 0.05
3136 7843 0.01
3137 4152 0.01
3138 5048 0.2
3138 11705 0.05
3139 4152 0.01
3141 4152 0.2
3141 9088 0.01
3142 2257 0.01
3142 1625 0.01
3142 6504 0.05
3142 1957 0.2
3142 8805 0.05
3142 11326 0.2
3142 3447 0.05
3142 6019 0.01
3142 3712 0.2
3143 2535 0.05
3144 9466 0.05
3144 518 0.01
3145 10176 0.01
3145 11027 0.05
3145 4152 0.2
3145 9088 0.05
3145 2016 0.05
3146 1622 0.05
3146 4152 0.2
3146 2686 0.05
3147 9531 0.05
3148 4152 0.05
3149 4152 0.2
3150 4152 0.01
3151 9602 0.01
3153 1622 0.05
3154 5210 0.01
3154 4152 0.05
3154 5554 0.01
3157 4152 0.2
3158 4152 0.01
3158 5554 0.01
3159 10037 0.2
3160 4152 0.01
3161 831 0.05
3162 8173 0.2
3162 2434 0.2
3162 10095 0.2
3163 4152 0.2
3164 5842 0.2
3164 6460 0.2
3164 12456 0.05
3164 4259 0.01
3164 390 0.05
3164 8609 0.2
3164 11492 0.01
3164 10367 0.2
3164 936 0.2
3164 9531 0.01
3164 12131 0.05
3164 9339 0.2
3164 6128 0.01
3164 5096 0.01
3164 1707 0.01
3164 6590 0.2
3164 1814 0.2
3164 10811 0.2
3164 511 0.2
3164 9495 0.2
3164 2165 0.2
3164 1319 0.05
3164 4808 0.2
3164 8875 0.2
3164 2171 0.01
3164 9088 0.2
3164 2016 0.01
3164 12534 0.2
3164 1635 0.05
3164 4152 0.2
3164 10698 0.2
3164 2283 0.2
3165 7511 0.05
3166 1622 0.05
3166 4152 0.05
3166 191 0.01
3167 8378 0.2
3169 4152 0.05
3170 2896 0.01
3170 10533 0.05
3170 38 0.01
3171 10195 0.05
3171 11310 0.01
3171 4522 0.05
3171 12335 0.05
3171 9088 0.2
3171 12311 0.01
3171 1622 0.2
3171 4152 0.01
3171 10037 0.05
3172 8301 0.2
3172 12621 0.05
3172 4320 0.05
3172 11454 0.01
3172 8241 0.05
3172 4679 0.2
3172 7358 0.2
3172 12411 0.01
3172 4152 0.05
3173 4152 0.2
3174 1237 0.05
3175 9671 0.2
3175 11533 0.01
3175 24 0.05
3175 10197 0.05
3175 3625 0.01
3175 871 0.2
3175 2839 0.01
3175 11375 0.2
3175 7719 0.01
3175 6811 0.05
3175 8917 0.2
3175 11434 0.2
3175 3114 0.2
3175 431 0.01
3175 6416 0.2
3175 10608 0.05
3175 8737 0.05
3175 8525 0.05
3175 12374 0.05
3175 6754 0.01
3175 10450 0.01
3175 10371 0.05
3175 9361 0.05
3175 9999 0.2
3175 11500 0.01
3175 11897 0.2
3175 7375 0.05
3175 2205 0.2
3175 2257 0.01
3175 9068 0.01
3175 1667 0.05
3175 8910 0.01
3175 10811 0.01
3175 11294 0.01
3175 12000 0.05
3175 249 0.05
3175 7598 0.2
3175 5145 0.2
3175 5970 0.05
3175 9924 0.2
3175 9222 0.01
3175 9744 0.01
3175 10037 0.01
3175 4643 0.05
3175 5357 0.01
3175 9904 0.2
3175 1625 0.01
3175 11343 0.01
3175 8976 0.01
3175 10397 0.2
3175 5101 0.2
3175 8093 0.05
3175 9410 0.05
3175 5379 0.05
3175 2016 0.01
3175 12534 0.05
3175 2469 0.2
3175 7290 0.2
3175 8143 0.01
3175 4152 0.2
3175 10096 0.05
3176 4152 0.01
3178 979 0.05
3179 4152 0.05
3181 4152 0.2
3181 9088 0.2
3181 615 0.2
3181 8568 0.01
3184 3010 0.2
3185 12150 0.01
3185 11788 0.01
3185 1707 0.2
3185 3503 0.05
3185 10549 0.05
3185 10811 0.05
3185 11325 0.2
3185 8177 0.05
3185 9088 0.2
3185 12411 0.05
3185 4152 0.05
3185 5291 0.05
3185 4461 0.2
3186 4152 0.01
3187 4152 0.2
3188 4152 0.01
3190 778 0.2
3190 10028 0.2
3190 114 0.2
3190 6440 0.01
3190 10141 0.01
3191 8173 0.01
3193 4152 0.2
3194 3124 0.2
3195 4152 0.05
3196 4152 0.2
3197 4152 0.2
3198 9560 0.05
3198 5946 0.05
3199 8081 0.05
3199 1527 0.05
3199 361 0.01
3199 116 0.2
3199 11852 0.2
3199 234 0.2
3199 3618 0.05
3199 6754 0.01
3199 12496 0.01
3199 3554 0.05
3199 9088 0.05
3199 5554 0.05
3199 1422 0.01
3199 8046 0.2
3199 1071 0.2
3199 4152 0.2
3199 10037 0.2
3199 10517 0.2
3201 9088 0.05
3202 5487 0.05
3202 33 0.05
3202 2473 0.05
3202 6984 0.05
3202 6654 0.01
3202 4329 0.01
3202 2444 0.01
3202 12640 0.2
3202 4980 0.2
3202 1292 0.01
3204 5889 0.05
3204 1173 0.2
3205 7038 0.05
3205 11318 0.2
3205 24 0.2
3205 10495 0.05
3205 9096 0.01
3205 3469 0.05
3205 7005 0.05
3205 2235 0.01
3205 7719 0.01
3205 5066 0.05
3205 9975 0.05
3205 10782 0.05
3205 12411 0.05
3205 3114 0.01
3205 5071 0.01
3205 10073 0.05
3205 9772 0.05
3205 9984 0.2
3205 9773 0.01
3205 5123 0.01
3205 3618 0.2
3205 6754 0.05
3205 885 0.01
3205 9288 0.01
3205 4250 0.01
3205 9361 0.2
3205 8319 0.2
3205 9619 0.01
3205 10728 0.01
3205 9339 0.2
3205 1851 0.01
3205 241 0.2
3205 9253 0.2
3205 7691 0.01
3205 6590 0.01
3205 10811 0.05
3205 8568 0.01
3205 249 0.05
3205 12523 0.01
3205 8045 0.05
3205 3185 0.2
3205 5145 0.05
3205 1422 0.2
3205 1329 0.05
3205 1622 0.2
3205 12545 0.01
3205 2442 0.05
3205 5554 0.05
3205 9843 0.01
3205 2324 0.2
3205 211 0.2
3205 7647 0.01
3205 9904 0.05
3205 5101 0.05
3205 8384 0.05
3205 1265 0.05
3205 1527 0.01
3205 12576 0.01
3205 10588 0.05
3205 7865 0.2
3205 9700 0.2
3205 9088 0.01
3205 2016 0.05
3205 12534 0.01
3205 7811 0.2
3205 10142 0.01
3205 7290 0.2
3205 12592 0.01
3205 4152 0.05
3205 6961 0.01
3206 4152 0.2
3207 1241 0.05
3207 11326 0.05
3208 4539 0.05
3209 4313 0.2
3211 7773 0.2
3212 7051 0.2
3213 4152 0.2
3214 1134 0.01
3217 7603 0.2
3217 4152 0.2
3217 4016 0.05
3217 9193 0.01
3220 4042 0.05
3221 7540 0.01
3221 9088 0.2
3221 729 0.2
3221 6508 0.05
3221 7518 0.01
3223 5366 0.2
3224 5145 0.2
3227 4152 0.2
3228 4152 0.01
3229 1468 0.2
3229 1319 0.2
3230 5272 0.01
3230 1460 0.01
3231 2090 0.01
3231 4346 0.2
3231 11209 0.05
3232 9528 0.01
3233 5613 0.2
3234 12425 0.01
3234 8041 0.05
3234 3544 0.05
3234 6672 0.01
3234 371 0.05
3234 5938 0.01
3234 3382 0.2
3234 2896 0.05
3235 4152 0.05
3235 9088 0.01
3235 462 0.01
3236 322 0.2
3237 9531 0.01
3237 7875 0.2
3238 8576 0.2
3238 8646 0.2
3238 6244 0.01
3240 4152 0.01
3242 4152 0.05
3243 4152 0.01
3244 4152 0.05
3244 7705 0.2
3245 9088 0.2
3246 6297 0.01
3246 6250 0.2
3246 2387 0.01
3246 6517 0.01
3246 8732 0.05
3246 10159 0.2
3246 5508 0.05
3246 8608 0.2
3246 2360 0.05
3246 11124 0.2
3246 5900 0.2
3246 1146 0.01
3246 3998 0.2
3246 12335 0.05
3246 4197 0.05
3246 612 0.2
3246 2507 0.2
3246 4152 0.01
3246 11098 0.05
3246 2876 0.01
3246 6500 0.05
3246 2884 0.2
3246 5057 0.05
3247 11309 0.05
3248 5163 0.2
3248 10318 0.05
3248 1561 0.2
3248 8430 0.05
3248 9602 0.2
3248 3734 0.05
3250 4152 0.05
3251 2398 0.01
3251 6508 0.01
3252 1188 0.01
3253 3538 0.05
3253 2257 0.05
3253 1224 0.05
3253 1625 0.05
3253 3618 0.01
3253 1417 0.2
3253 9088 0.05
3253 724 0.01
3253 8306 0.01
3253 4152 0.05
3254 4465 0.05
3254 4153 0.2
3254 4785 0.01
3254 91 0.05
3254 5129 0.2
3254 1227 0.05
3254 7376 0.2
3254 8993 0.01
3254 4105 0.05
3254 7302 0.05
3254 3109 0.2
3254 174 0.05
3254 12403 0.2
3254 11259 0.01
3254 5938 0.01
3254 6665 0.05
3254 7526 0.05
3254 12581 0.2
3254 2896 0.01
3254 6961 0.05
3254 2038 0.01
3254 11258 0.2
3254 8609 0.05
3254 7161 0.05
3254 7309 0.2
3254 4329 0.05
3254 10521 0.05
3254 9807 0.05
3254 9402 0.05
3254 3217 0.05
3254 7810 0.05
3254 8170 0.05
3254 9337 0.01
3254 9433 0.05
3254 3382 0.05
3254 203 0.2
3254 2751 0.01
3254 8790 0.05
3254 5459 0.2
3254 8751 0.01
3254 6278 0.05
3254 12620 0.05
3254 847 0.05
3254 9167 0.01
3254 8512 0.2
3254 9072 0.01
3254 5948 0.2
3254 8098 0.01
3254 7641 0.2
3254 9720 0.01
3254 4630 0.2
3254 1002 0.2
3254 1622 0.05
3254 6771 0.01
3254 8520 0.2
3254 5705 0.2
3254 10533 0.01
3254 6984 0.2
3254 1624 0.01
3254 5709 0.05
3254 3454 0.01
3254 9408 0.2
3254 5001 0.05
3254 6827 0.05
3254 12297 0.2
3254 3612 0.01
3254 4781 0.2
3254 5988 0.01
3254 171 0.2
3254 9753 0.01
3254 229 0.05
3254 1633 0.2
3254 1332 0.01
3254 8383 0.01
3255 9416 0.2
3256 10436 0.05
3256 4152 0.2
3257 12312 0.01
3258 961 0.05
3258 12594 0.01
3259 6039 0.05
3260 12522 0.05
3261 5193 0.05
3261 2387 0.01
3262 5600 0.2
3262 8525 0.2
3262 2692 0.01
3262 3797 0.01
3262 10690 0.01
3262 9096 0.01
3262 6673 0.2
3262 6700 0.01
3264 4152 0.2
3265 4152 0.05
3267 1675 0.05
3267 3618 0.01
3267 4152 0.01
3267 932 0.05
3267 7647 0.05
3268 10480 0.01
3268 3547 0.01
3268 3925 0.2
3268 4050 0.2
3268 5554 0.01
3268 9346 0.01
3268 1319 0.05
3268 5239 0.2
3268 6732 0.01
3268 1084 0.05
3268 2389 0.2
3268 4546 0.05
3268 1622 0.01
3268 4152 0.2
3268 3114 0.05
3270 9088 0.01
3271 11649 0.01
3272 1108 0.01
3272 9088 0.2
3272 5066 0.2
3272 1622 0.2
3272 4152 0.2
3272 10037 0.05
3273 9410 0.01
3274 7989 0.01
3276 12513 0.2
3278 10430 0.2
3280 4152 0.2
3280 9088 0.01
3280 6299 0.01
3281 10495 0.2
3281 11130 0.2
3281 6767 0.05
3281 7283 0.01
3281 9088 0.2
3281 8568 0.05
3281 2470 0.05
3282 1792 0.05
3282 676 0.2
3283 174 0.2
3283 2992 0.01
3283 5010 0.05
3283 8938 0.05
3283 4103 0.05
3283 11713 0.01
3283 387 0.01
3283 6214 0.05
3283 9158 0.2
3283 6416 0.2
3283 9528 0.05
3283 10414 0.05
3283 9531 0.05
3283 795 0.05
3283 197 0.01
3283 8173 0.01
3283 2004 0.05
3283 5239 0.2
3283 2815 0.05
3283 4217 0.05
3283 1622 0.05
3283 10533 0.2
3283 617 0.2
3283 7414 0.2
3283 5805 0.01
3283 2896 0.05
3283 2016 0.01
3283 10141 0.05
3283 8017 0.2
3283 224 0.05
3283 7816 0.05
3283 4066 0.2
3283 2434 0.2
3283 8397 0.01
3283 1230 0.05
3283 4846 0.01
3283 2843 0.2
3283 430 0.01
3283 438 0.05
3283 234 0.01
3283 6673 0.05
3283 11554 0.05
3283 7843 0.05
3283 9782 0.2
3283 6414 0.01
3283 1663 0.2
3283 561 0.05
3283 12139 0.05
3283 70 0.01
3283 5287 0.2
3283 7073 0.01
3283 92 0.01
3283 655 0.2
3283 4090 0.01
3283 9032 0.01
3283 5297 0.05
3283 8672 0.2
3283 10012 0.01
3283 8625 0.01
3283 272 0.01
3283 5487 0.05
3283 3296 0.2
3283 9237 0.05
3283 8445 0.2
3283 676 0.2
3283 4701 0.2
3283 7810 0.01
3283 7309 0.01
3283 4537 0.05
3283 10982 0.05
3283 8103 0.05
3283 299 0.05
3283 10421 0.2
3283 204 0.05
3283 9167 0.01
3283 3544 0.01
3283 9262 0.05
3283 8661 0.2
3283 7324 0.2
3283 12581 0.2
3283 9078 0.05
3283 4727 0.01
3283 518 0.05
3283 2928 0.2
3283 5148 0.01
3283 4728 0.2
3283 12590 0.05
3283 7511 0.2
3283 5722 0.05
3283 2276 0.05
3283 231 0.2
3283 2727 0.01
3283 7717 0.05
3283 12224 0.05
3283 8681 0.2
3283 7926 0.05
3283 2345 0.2
3283 10846 0.2
3283 12231 0.2
3283 6961 0.2
3283 7936 0.01
3283 7536 0.01
3283 11232 0.05
3283 6375 0.2
3283 2159 0.01
3283 5549 0.05
3283 1364 0.01
3283 160 0.01
3283 1961 0.01
3283 5971 0.2
3283 4040 0.2
3283 1371 0.01
3283 6984 0.01
3283 12063 0.01
3283 5559 0.05
3283 12640 0.01
3283 11256 0.01
3283 5456 0.05
3283 1138 0.05
3284 4152 0.01
3285 1757 0.2
3289 4152 0.2
3290 9535 0.05
3290 9851 0.01
3290 7641 0.2
3290 3217 0.2
3290 2417 0.05
3291 12472 0.05
3292 8512 0.01
3293 4729 0.05
3296 9843 0.01
3296 3408 0.05
3297 4152 0.05
3298 4152 0.2
3299 7716 0.2
3300 4152 0.05
3301 4152 0.2
3304 4152 0.05
3305 9753 0.2
3305 898 0.05
3305 8512 0.2
3306 174 0.2
3306 4152 0.01
3306 9088 0.01
3307 5554 0.05
3308 6508 0.2
3309 5613 0.2
3311 4152 0.01
3312 1320 0.2
3312 9380 0.2
3312 12114 0.05
3312 9985 0.2
3312 2837 0.2
3312 2502 0.05
3312 11368 0.05
3312 3014 0.05
3312 1482 0.01
3312 8682 0.05
3312 1344 0.2
3312 9826 0.2
3312 12549 0.01
3312 656 0.01
3313 4152 0.2
3314 10037 0.2
3315 4152 0.05
3316 5071 0.01
3316 9700 0.05
3316 4152 0.05
3316 1319 0.01
3317 12100 0.01
3318 7592 0.05
3318 9088 0.01
3319 3469 0.01
3321 9753 0.05
3321 4785 0.2
3322 12522 0.01
3324 5272 0.01
3324 4738 0.2
3324 706 0.01
3324 7802 0.2
3324 6961 0.05
3324 6180 0.05
3324 4040 0.01
3324 78 0.01
3324 8075 0.2
3324 1422 0.05
3324 4846 0.2
3324 7324 0.01
3324 10497 0.01
3324 655 0.05
3324 9037 0.2
3325 9088 0.2
3326 278 0.01
3326 6608 0.05
3327 9088 0.2
3327 11170 0.01
3329 4152 0.01
3330 4152 0.05
3333 4152 0.05
3334 4152 0.05
3335 6055 0.2
3336 10421 0.2
3338 1527 0.05
3338 305 0.05
3338 234 0.2
3338 4765 0.05
3338 4522 0.05
3338 8354 0.2
3338 7334 0.2
3339 4152 0.2
3340 1224 0.2
3340 6104 0.01
3340 6792 0.01
3340 11735 0.2
3340 10159 0.01
3340 4166 0.01
3340 7105 0.2
3340 9720 0.01
3340 3481 0.05
3340 3585 0.01
3340 2637 0.05
3340 8451 0.2
3340 4253 0.01
3340 7810 0.01
3340 8894 0.2
3340 10863 0.2
3340 1003 0.2
3340 8520 0.05
3340 10037 0.05
3340 9088 0.2
3340 10094 0.2
3340 4152 0.2
3340 6996 0.05
3342 8869 0.2
3342 2042 0.2
3342 127 0.2
3343 10698 0.05
3344 4152 0.01
3344 2329 0.01
3344 5554 0.01
3345 9928 0.01
3346 10441 0.01
3346 5297 0.01
3348 722 0.2
3349 9088 0.01
3350 4152 0.01
3351 10285 0.01
3352 4152 0.05
3353 1371 0.01
3353 2551 0.05
3353 10483 0.01
3353 8512 0.01
3353 1515 0.01
3353 4991 0.2
3353 5938 0.05
3353 7324 0.05
3355 9371 0.2
3355 689 0.05
3356 2329 0.05
3357 4152 0.05
3358 4152 0.2
3359 3217 0.01
3360 10811 0.01
3361 273 0.2
3361 11540 0.05
3361 2888 0.05
3361 8611 0.05
3361 11264 0.2
3361 2568 0.05
3361 2028 0.05
3361 4018 0.05
3361 672 0.2
3361 7196 0.05
3361 4474 0.2
3361 8681 0.01
3361 5197 0.2
3361 5014 0.01
3361 724 0.01
3361 3728 0.2
3361 9500 0.05
3361 3839 0.2
3361 6899 0.01
3361 9203 0.05
3361 4838 0.2
3361 12084 0.05
3361 12321 0.05
3361 11987 0.2
3361 11076 0.05
3361 7625 0.2
3361 9288 0.01
3361 12124 0.2
3361 10421 0.05
3361 4537 0.2
3361 4031 0.05
3361 8646 0.01
3361 12513 0.01
3361 2312 0.05
3361 3381 0.05
3361 9677 0.2
3361 8361 0.05
3361 6304 0.2
3361 6341 0.05
3361 8365 0.01
3361 4020 0.2
3361 4127 0.2
3361 5652 0.01
3361 4990 0.05
3361 12576 0.05
3361 4548 0.01
3361 12577 0.2
3361 5970 0.01
3361 1422 0.01
3361 515 0.05
3361 9690 0.05
3361 5798 0.2
3361 11343 0.01
3361 8522 0.01
3361 9843 0.2
3361 1319 0.05
3361 11309 0.05
3361 808 0.01
3361 11363 0.05
3361 8499 0.05
3361 10790 0.2
3361 1975 0.01
3361 7925 0.2
3361 11921 0.05
3361 4152 0.01
3362 4152 0.2
3362 9088 0.05
3365 9088 0.2
3367 4152 0.05
3369 4152 0.05
3370 7613 0.01
3370 4796 0.2
3370 9720 0.2
3370 5916 0.05
3370 9545 0.05
3370 2678 0.2
3370 6918 0.01
3370 6235 0.2
3370 11326 0.01
3370 8840 0.2
3370 2199 0.05
3370 9088 0.2
3370 10592 0.2
3370 9339 0.05
3370 4152 0.05
3370 9605 0.01
3372 9068 0.05
3374 9088 0.2
3375 4152 0.2
3376 103 0.2
3377 1918 0.01
3377 4152 0.01
3378 6845 0.05
3378 11180 0.01
3378 825 0.2
3379 12312 0.2
3380 4152 0.01
3381 174 0.2
3381 224 0.2
3381 2944 0.01
3381 2568 0.01
3381 385 0.01
3381 10310 0.05
3381 4701 0.01
3381 9674 0.01
3381 7625 0.05
3381 9531 0.2
3381 6673 0.2
3381 9677 0.01
3381 6479 0.05
3381 1759 0.01
3381 1704 0.2
3381 6969 0.05
3381 4080 0.01
3381 11654 0.2
3381 5287 0.2
3381 11130 0.2
3381 8755 0.01
3381 7324 0.05
3381 1622 0.2
3381 8361 0.05
3381 518 0.2
3381 8381 0.01
3381 10689 0.2
3381 5805 0.2
3381 1527 0.05
3382 3254 0.2
3382 6889 0.01
3382 9704 0.2
3382 7711 0.05
3383 8015 0.05
3383 3413 0.2
3383 4346 0.2
3383 2896 0.01
3383 2345 0.01
3383 10206 0.01
3383 11788 0.2
3383 191 0.01
3383 6961 0.2
3383 766 0.05
3383 6755 0.01
3383 10711 0.01
3383 1140 0.05
3383 5637 0.01
3383 10716 0.05
3383 7394 0.2
3383 3382 0.01
3383 4341 0.2
3383 4611 0.2
3383 9021 0.05
3383 9828 0.01
3383 1707 0.2
3383 1151 0.2
3383 2548 0.01
3383 2367 0.05
3383 10037 0.05
3383 10334 0.2
3383 1319 0.05
3383 5482 0.01
3383 9088 0.05
3383 6996 0.05
3384 11488 0.2
3384 4506 0.2
3384 10 0.01
3384 211 0.2
3384 1757 0.05
3384 3238 0.01
3384 4149 0.01
3384 1084 0.01
3384 6760 0.01
3384 5958 0.2
3384 4275 0.01
3384 4152 0.01
3384 10371 0.05
3384 10892 0.2
3385 4152 0.2
3386 8609 0.01
3388 3199 0.01
3388 174 0.01
3388 3625 0.01
3388 9741 0.2
3388 10588 0.05
3388 7936 0.05
3388 9715 0.01
3388 6003 0.2
3388 4793 0.01
3388 10371 0.05
3388 10503 0.2
3388 6010 0.2
3388 2797 0.01
3388 24 0.2
3388 10884 0.2
3388 6219 0.01
3388 11695 0.05
3388 10495 0.01
3388 9339 0.05
3388 8361 0.2
3388 10039 0.05
3388 11012 0.01
3388 10517 0.05
3388 4442 0.01
3388 5600 0.2
3388 8173 0.05
3388 5234 0.05
3388 2004 0.01
3388 1757 0.01
3388 1814 0.05
3388 8568 0.01
3388 10086 0.01
3388 7598 0.05
3388 10529 0.05
3388 5309 0.2
3388 1422 0.05
3388 2412 0.05
3388 1622 0.01
3388 12401 0.05
3388 10533 0.05
3388 5148 0.2
3388 10333 0.05
3388 12294 0.05
3388 1625 0.2
3388 8976 0.2
3388 1014 0.05
3388 5805 0.2
3388 2016 0.2
3388 7811 0.01
3388 624 0.01
3388 3504 0.2
3388 11533 0.05
3388 2834 0.01
3388 10147 0.2
3388 225 0.2
3388 12335 0.01
3388 6460 0.2
3388 4066 0.05
3388 2622 0.05
3388 11325 0.2
3388 3469 0.2
3388 9491 0.05
3388 3678 0.01
3388 3058 0.05
3388 12123 0.2
3388 2242 0.2
3388 5272 0.2
3388 11113 0.2
3388 9984 0.05
3388 5074 0.01
3388 438 0.2
3388 3481 0.01
3388 234 0.05
3388 7625 0.01
3388 1468 0.05
3388 5347 0.05
3388 6673 0.01
3388 12513 0.01
3388 8804 0.2
3388 561 0.2
3388 6479 0.2
3388 8381 0.01
3388 10376 0.05
3388 11127 0.01
3388 70 0.05
3388 2260 0.2
3388 1857 0.05
3388 2265 0.05
3388 6685 0.2
3388 8046 0.05
3388 7271 0.2
3388 655 0.2
3388 6291 0.01
3388 3281 0.05
3388 1527 0.2
3388 8426 0.01
3388 1674 0.2
3388 5101 0.05
3388 9793 0.01
3388 6873 0.01
3388 8671 0.05
3388 2276 0.05
3388 1242 0.05
3388 8055 0.05
3388 9410 0.2
3388 2466 0.01
3388 8625 0.01
3388 8646 0.05
3388 12534 0.05
3388 6700 0.01
3388 6508 0.05
3388 1783 0.2
3388 7469 0.01
3388 2888 0.01
3388 11921 0.05
3388 7426 0.2
3388 9237 0.05
3388 12545 0.2
3388 672 0.2
3388 4700 0.2
3388 6128 0.05
3388 5118 0.2
3388 10204 0.05
3388 3114 0.05
3388 4701 0.01
3388 10608 0.05
3388 11788 0.2
3388 8450 0.05
3388 9267 0.2
3388 10209 0.05
3388 3532 0.05
3388 12376 0.2
3388 779 0.05
3388 1099 0.05
3388 4336 0.01
3388 5287 0.01
3388 5898 0.2
3388 1507 0.01
3388 10216 0.05
3388 7313 0.05
3388 9436 0.05
3388 8992 0.2
3388 7691 0.05
3388 8656 0.2
3388 7082 0.01
3388 12576 0.01
3388 8819 0.2
3388 11083 0.01
3388 11881 0.05
3388 7324 0.2
3388 11326 0.2
3388 2923 0.2
3388 10037 0.01
3388 518 0.2
3388 5342 0.01
3388 9843 0.01
3388 1319 0.2
3388 6140 0.05
3388 8478 0.01
3388 7910 0.01
3388 299 0.05
3388 9088 0.01
3388 211 0.05
3388 11418 0.05
3388 4152 0.05
3388 11822 0.01
3388 8672 0.05
3388 11007 0.01
3388 7592 0.2
3388 5356 0.01
3388 9094 0.01
3388 5482 0.01
3388 5066 0.05
3388 724 0.05
3388 8681 0.01
3388 10782 0.01
3388 9283 0.01
3388 7162 0.01
3388 4559 0.05
3388 574 0.01
3388 8118 0.2
3388 932 0.01
3388 4970 0.01
3388 10256 0.2
3388 545 0.2
3388 6754 0.05
3388 9287 0.01
3388 9288 0.05
3388 11434 0.01
3388 936 0.05
3388 4384 0.01
3388 1704 0.05
3388 9484 0.2
3388 7536 0.2
3388 9677 0.05
3388 8894 0.2
3388 5071 0.01
3388 739 0.05
3388 1957 0.2
3388 7719 0.05
3388 11654 0.05
3388 10474 0.2
3388 11462 0.01
3388 5554 0.01
3388 749 0.05
3388 7957 0.01
3388 1158 0.05
3388 2737 0.01
3388 11529 0.05
3388 5173 0.05
3388 9700 0.05
3388 1975 0.2
3388 9317 0.2
3388 12066 0.05
3388 7369 0.2
3389 1720 0.05
3389 8319 0.2
3389 9088 0.01
3389 5108 0.05
3389 11884 0.05
3389 11434 0.2
3390 12637 0.2
3391 3606 0.2
3392 4955 0.01
3395 10149 0.01
3395 4615 0.2
3395 9923 0.01
3395 672 0.01
3395 5267 0.05
3395 2845 0.05
3395 4701 0.05
3395 10797 0.2
3395 837 0.01
3395 11241 0.2
3395 1468 0.2
3395 9531 0.05
3395 12081 0.01
3395 3381 0.2
3395 1227 0.01
3395 9580 0.01
3395 2004 0.05
3395 11232 0.01
3395 12335 0.01
3395 1572 0.01
3395 7324 0.05
3395 821 0.05
3395 6984 0.01
3395 7863 0.05
3395 1319 0.05
3395 10483 0.2
3395 8976 0.01
3395 3506 0.05
3395 7806 0.01
3395 9605 0.05
3395 8881 0.05
3395 4152 0.05
3395 70 0.2
3396 4991 0.05
3397 223 0.01
3397 668 0.05
3397 6139 0.05
3397 4902 0.01
3397 12409 0.01
3397 11434 0.05
3397 5074 0.2
3397 9088 0.2
3397 12513 0.01
3397 5600 0.05
3397 2257 0.01
3397 7401 0.05
3397 9068 0.2
3397 1468 0.2
3397 1622 0.01
3397 5383 0.2
3397 4527 0.05
3397 367 0.01
3397 5482 0.01
3397 6504 0.05
3397 10141 0.01
3397 1733 0.2
3397 5113 0.2
3398 2616 0.05
3398 4015 0.2
3399 6740 0.05
3400 4152 0.01
3401 4152 0.05
3403 11014 0.2
3403 5992 0.2
3403 1686 0.05
3403 3409 0.05
3403 5245 0.01
3403 6754 0.05
3403 11850 0.05
3403 2695 0.05
3403 732 0.2
3403 9088 0.2
3403 4042 0.01
3403 4152 0.2
3403 1237 0.05
3404 2551 0.2
3404 197 0.05
3404 5319 0.05
3404 91 0.2
3404 9380 0.05
3404 11018 0.2
3404 4340 0.05
3404 5254 0.01
3404 964 0.01
3404 3599 0.05
3404 5456 0.2
3404 12251 0.05
3404 9531 0.2
3404 3899 0.01
3404 11554 0.01
3404 2049 0.01
3404 9167 0.05
3404 2521 0.2
3404 4049 0.2
3404 1332 0.05
3404 3777 0.01
3406 11488 0.2
3406 4152 0.2
3407 9531 0.2
3408 6407 0.05
3408 9147 0.05
3408 9923 0.01
3408 11884 0.05
3408 9720 0.05
3408 5413 0.01
3408 10712 0.01
3408 10318 0.05
3408 9531 0.05
3408 5700 0.05
3408 2004 0.01
3408 2813 0.2
3408 4040 0.2
3408 7598 0.05
3408 4250 0.05
3408 1622 0.05
3408 3555 0.05
3408 2016 0.2
3408 7418 0.05
3408 2228 0.01
3408 11923 0.2
3408 2835 0.05
3408 4066 0.01
3408 2434 0.05
3408 9020 0.05
3408 1230 0.05
3408 12123 0.01
3408 2242 0.05
3408 438 0.05
3408 234 0.05
3408 7256 0.2
3408 9388 0.01
3408 1663 0.2
3408 326 0.01
3408 7073 0.05
3408 3118 0.2
3408 11763 0.01
3408 1527 0.2
3408 3712 0.2
3408 11140 0.05
3408 9605 0.01
3408 5487 0.01
3408 3296 0.01
3408 2888 0.2
3408 871 0.01
3408 9237 0.01
3408 9812 0.2
3408 3727 0.01
3408 676 0.2
3408 2296 0.05
3408 12552 0.05
3408 2095 0.05
3408 3734 0.05
3408 116 0.05
3408 12566 0.2
3408 7691 0.2
3408 335 0.01
3408 7324 0.2
3408 9078 0.2
3408 10037 0.2
3408 9166 0.05
3408 518 0.01
3408 2926 0.01
3408 5916 0.05
3408 9843 0.05
3408 1319 0.01
3408 10483 0.01
3408 9088 0.2
3408 6094 0.2
3408 1329 0.2
3408 4152 0.01
3408 5722 0.05
3408 8672 0.2
3408 2728 0.2
3408 926 0.01
3408 12411 0.05
3408 11434 0.2
3408 9674 0.2
3408 7536 0.05
3408 1360 0.05
3408 4985 0.05
3408 1561 0.01
3408 5549 0.01
3408 1961 0.2
3408 8373 0.05
3408 5554 0.2
3408 1371 0.2
3408 1524 0.2
3408 10095 0.01
3408 3618 0.05
3409 8935 0.01
3409 2896 0.01
3409 174 0.2
3409 10495 0.05
3409 3114 0.05
3409 6621 0.2
3409 6003 0.2
3409 4793 0.2
3409 9720 0.01
3409 191 0.2
3409 6010 0.01
3409 11492 0.05
3409 10316 0.2
3409 24 0.05
3409 9531 0.01
3409 11695 0.05
3409 4018 0.05
3409 989 0.2
3409 5789 0.2
3409 198 0.01
3409 2004 0.05
3409 1417 0.2
3409 10086 0.2
3409 9950 0.01
3409 1422 0.2
3409 4251 0.05
3409 1622 0.01
3409 10333 0.2
3409 8378 0.05
3409 9359 0.05
3409 7806 0.01
3409 9360 0.05
3409 2016 0.01
3409 10141 0.01
3409 11923 0.05
3409 10540 0.2
3409 11318 0.01
3409 6246 0.05
3409 2235 0.05
3409 1224 0.05
3409 8992 0.2
3409 3698 0.2
3409 2435 0.05
3409 3469 0.01
3409 7663 0.01
3409 8208 0.01
3409 9975 0.01
3409 9570 0.2
3409 2242 0.05
3409 5071 0.01
3409 9203 0.01
3409 435 0.2
3409 3618 0.05
3409 766 0.2
3409 6673 0.2
3409 676 0.2
3409 11649 0.05
3409 1242 0.2
3409 9020 0.05
3409 9997 0.2
3409 1468 0.2
3409 1857 0.05
3409 326 0.2
3409 249 0.05
3409 12335 0.05
3409 10578 0.2
3409 5970 0.01
3409 12151 0.05
3409 6291 0.05
3409 11570 0.05
3409 6093 0.05
3409 2464 0.05
3409 7279 0.01
3409 9793 0.05
3409 1675 0.2
3409 1265 0.05
3409 1527 0.01
3409 3713 0.2
3409 7674 0.2
3409 8625 0.01
3409 9605 0.2
3409 11771 0.05
3409 2283 0.05
3409 10195 0.05
3409 9039 0.01
3409 11239 0.2
3409 2888 0.2
3409 871 0.01
3409 12545 0.2
3409 8840 0.05
3409 11980 0.2
3409 4525 0.05
3409 1290 0.01
3409 9613 0.01
3409 11788 0.2
3409 1094 0.2
3409 10863 0.05
3409 12376 0.05
3409 299 0.05
3409 3562 0.05
3409 9435 0.05
3409 12385 0.2
3409 4718 0.05
3409 9068 0.01
3409 3281 0.01
3409 120 0.2
3409 10811 0.2
3409 7647 0.01
3409 5145 0.2
3409 5339 0.05
3409 8731 0.2
3409 7324 0.05
3409 11326 0.05
3409 10037 0.01
3409 905 0.05
3409 313 0.2
3409 8472 0.2
3409 9843 0.05
3409 3554 0.01
3409 1319 0.05
3409 8478 0.2
3409 6128 0.01
3409 8297 0.05
3409 9088 0.2
3409 4341 0.01
3409 1329 0.01
3409 12592 0.05
3409 4152 0.01
3409 2334 0.01
3409 10050 0.01
3409 2071 0.2
3409 3361 0.05
3409 5482 0.01
3409 3362 0.01
3409 11829 0.2
3409 8306 0.05
3409 324 0.2
3409 12411 0.05
3409 10782 0.05
3409 9875 0.01
3409 3403 0.05
3409 6961 0.2
3409 409 0.05
3409 9673 0.05
3409 7941 0.05
3409 1704 0.2
3409 9003 0.01
3409 739 0.2
3409 1954 0.2
3409 8132 0.2
3409 4988 0.2
3409 5968 0.05
3409 10474 0.2
3409 4770 0.2
3409 12435 0.2
3409 9690 0.05
3409 8568 0.01
3409 8917 0.05
3409 5554 0.05
3409 10690 0.05
3409 9700 0.05
3409 10291 0.05
3409 10698 0.01
3409 234 0.01
3410 4152 0.05
3410 9088 0.05
3410 5145 0.01
3410 11294 0.2
3411 4152 0.05
3411 2242 0.05
3413 1236 0.2
3413 3383 0.01
3413 2345 0.2
3413 2367 0.01
3413 4341 0.05
3414 8568 0.2
3415 4152 0.2
3417 574 0.05
3417 1527 0.05
3417 10754 0.05
3417 8512 0.01
3417 11384 0.2
3419 4522 0.01
3420 4217 0.2
3421 4152 0.01
3422 4152 0.01
3422 9088 0.2
3422 5960 0.2
3423 4152 0.2
3424 5992 0.01
3425 4152 0.2
3428 4152 0.2
3429 10204 0.2
3430 9088 0.05
3431 4152 0.01
3433 10367 0.05
3435 8920 0.2
3437 6215 0.01
3437 4152 0.01
3438 7308 0.2
3438 10690 0.2
3438 234 0.05
3438 326 0.2
3438 10811 0.01
3438 11326 0.05
3438 9088 0.01
3438 11649 0.2
3438 4152 0.2
3438 11923 0.2
3439 7883 0.05
3440 4152 0.2
3441 9088 0.2
3442 10534 0.01
3442 183 0.01
3443 4152 0.05
3443 8939 0.05
3443 7103 0.2
3444 7028 0.01
3445 7421 0.01
3446 4152 0.05
3447 3142 0.2
3448 10528 0.01
3448 1186 0.05
3448 8271 0.01
3448 7905 0.05
3448 11434 0.01
3451 4152 0.01
3452 11511 0.01
3454 1383 0.2
3454 3847 0.05
3454 11824 0.05
3454 10216 0.01
3454 2434 0.2
3454 7154 0.2
3454 1297 0.05
3454 3254 0.01
3454 4700 0.01
3454 174 0.05
3454 12403 0.2
3454 9560 0.2
3454 2896 0.01
3454 574 0.2
3454 7256 0.05
3454 9801 0.01
3454 495 0.01
3454 982 0.05
3454 7394 0.2
3454 6540 0.01
3454 2617 0.01
3454 1663 0.2
3454 4586 0.01
3454 12552 0.2
3454 4345 0.2
3454 7543 0.05
3454 9337 0.2
3454 4040 0.05
3454 9786 0.05
3454 4991 0.01
3454 8181 0.05
3454 12436 0.05
3454 10175 0.2
3454 10037 0.2
3454 4727 0.01
3454 9251 0.2
3454 6984 0.2
3454 4307 0.2
3454 1319 0.2
3454 2276 0.2
3454 12063 0.01
3454 1579 0.05
3454 12297 0.05
3454 8582 0.2
3454 4731 0.01
3454 7603 0.05
3454 8830 0.05
3454 1527 0.2
3454 11873 0.01
3455 4152 0.05
3456 9094 0.05
3457 11921 0.2
3457 6673 0.2
3457 6128 0.2
3457 1319 0.2
3458 6845 0.05
3459 4152 0.05
3460 4152 0.01
3462 9466 0.01
3462 1622 0.01
3463 10811 0.05
3466 1622 0.2
3466 4152 0.01
3466 9167 0.2
3467 4139 0.01
3467 4152 0.05
3467 2016 0.05
3469 174 0.2
3469 3625 0.05
3469 11375 0.01
3469 779 0.01
3469 2186 0.05
3469 2191 0.01
3469 3704 0.05
3469 24 0.01
3469 7902 0.05
3469 4238 0.2
3469 12089 0.2
3469 10495 0.01
3469 2204 0.05
3469 9733 0.2
3469 2004 0.05
3469 10523 0.01
3469 7997 0.05
3469 1417 0.05
3469 7025 0.05
3469 6991 0.2
3469 1422 0.05
3469 1622 0.05
3469 10516 0.05
3469 211 0.2
3469 2604 0.05
3469 11720 0.2
3469 11923 0.05
3469 11731 0.2
3469 12499 0.01
3469 5455 0.01
3469 3678 0.01
3469 8788 0.2
3469 7248 0.05
3469 12503 0.01
3469 5071 0.01
3469 438 0.05
3469 3618 0.2
3469 3883 0.05
3469 381 0.2
3469 12513 0.05
3469 2016 0.05
3469 12291 0.2
3469 10376 0.01
3469 8414 0.2
3469 12335 0.2
3469 7454 0.05
3469 9459 0.05
3469 2276 0.2
3469 6388 0.05
3469 6508 0.2
3469 9039 0.05
3469 2677 0.01
3469 11777 0.2
3469 7038 0.2
3469 12197 0.01
3469 2692 0.01
3469 12374 0.2
3469 885 0.05
3469 3319 0.05
3469 9619 0.05
3469 116 0.2
3469 3738 0.01
3469 1704 0.01
3469 5505 0.01
3469 7126 0.2
3469 10811 0.05
3469 5145 0.01
3469 6003 0.2
3469 5911 0.01
3469 10037 0.05
3469 10634 0.05
3469 3952 0.2
3469 6140 0.2
3469 8668 0.2
3469 9088 0.2
3469 1329 0.05
3469 7712 0.05
3469 5721 0.2
3469 530 0.01
3469 6257 0.05
3469 9078 0.2
3469 9975 0.01
3469 724 0.2
3469 6811 0.2
3469 10843 0.05
3469 11434 0.2
3469 545 0.05
3469 9671 0.05
3469 9288 0.05
3469 5778 0.2
3469 8319 0.01
3469 735 0.2
3469 4152 0.05
3469 347 0.01
3469 10467 0.05
3469 9122 0.05
3469 1957 0.01
3469 8713 0.2
3469 7955 0.01
3469 4717 0.05
3469 9904 0.01
3469 8525 0.05
3469 9142 0.01
3469 10698 0.01
3469 234 0.01
3469 7369 0.05
3470 6416 0.2
3472 4152 0.2
3473 9178 0.01
3473 4152 0.2
3475 9531 0.01
3476 90 0.05
3478 3280 0.05
3478 5561 0.05
3478 10811 0.2
3478 9142 0.2
3478 9088 0.01
3478 2016 0.2
3478 515 0.2
3478 4152 0.01
3478 7218 0.2
3480 1527 0.01
3480 9088 0.05
3480 9751 0.2
3481 869 0.01
3481 3469 0.05
3481 9326 0.2
3481 7011 0.01
3481 11788 0.05
3481 2095 0.2
3481 2737 0.01
3481 11337 0.05
3481 9624 0.2
3481 3698 0.2
3481 7691 0.2
3481 5239 0.2
3481 12577 0.01
3481 3340 0.01
3481 5554 0.05
3481 1527 0.2
3481 7749 0.2
3481 5482 0.01
3481 8151 0.01
3481 11921 0.05
3481 12401 0.2
3481 10698 0.01
3481 90 0.2
3482 4152 0.2
3483 11548 0.01
3484 1622 0.01
3484 6452 0.2
3486 6122 0.2
3486 3579 0.05
3486 1041 0.01
3486 7631 0.01
3486 10624 0.2
3487 4152 0.05
3487 9088 0.2
3490 4152 0.05
3491 831 0.01
3492 4152 0.2
3493 8711 0.01
3493 12531 0.2
3493 4109 0.01
3493 11468 0.01
3493 264 0.2
3495 9531 0.05
3496 1884 0.01
3496 9088 0.01
3496 7818 0.01
3496 2954 0.01
3497 4152 0.2
3497 7716 0.2
3499 11301 0.05
3502 12123 0.05
3502 2608 0.01
3503 5600 0.2
3503 8237 0.01
3503 223 0.05
3503 7746 0.2
3503 2373 0.01
3503 9920 0.01
3503 1352 0.05
3503 9357 0.01
3503 6076 0.05
3503 2547 0.01
3503 8865 0.05
3503 9715 0.01
3503 4461 0.01
3503 3776 0.2
3503 5120 0.2
3503 4152 0.01
3503 1836 0.2
3503 2265 0.05
3504 9923 0.05
3504 234 0.2
3504 276 0.01
3504 871 0.2
3504 4066 0.05
3504 1704 0.01
3504 3469 0.2
3504 4522 0.05
3504 5066 0.2
3504 4793 0.01
3504 1622 0.2
3504 3114 0.2
3504 4701 0.2
3504 4634 0.05
3504 12084 0.01
3504 5564 0.05
3504 3618 0.05
3504 6754 0.2
3504 7838 0.05
3504 8031 0.05
3504 9674 0.2
3504 1099 0.01
3504 2471 0.05
3504 3985 0.2
3504 11012 0.05
3504 11020 0.2
3504 739 0.05
3504 299 0.2
3504 3181 0.05
3504 2004 0.05
3504 5844 0.2
3504 10811 0.01
3504 4040 0.05
3504 1108 0.05
3504 5219 0.2
3504 4193 0.2
3504 4250 0.2
3504 6003 0.05
3504 7899 0.2
3504 11326 0.05
3504 5554 0.01
3504 7725 0.01
3504 4152 0.05
3504 8381 0.01
3504 1060 0.05
3504 7888 0.2
3504 5482 0.05
3504 11464 0.05
3504 8093 0.01
3504 10588 0.01
3504 9088 0.01
3504 1527 0.05
3504 8628 0.2
3504 11087 0.05
3505 1622 0.01
3505 12129 0.05
3505 11235 0.05
3506 7875 0.2
3506 2888 0.2
3506 10149 0.2
3506 11434 0.01
3506 8899 0.01
3506 234 0.01
3506 7625 0.01
3506 958 0.01
3506 9288 0.05
3506 12039 0.2
3506 8361 0.05
3506 4387 0.05
3506 6460 0.2
3506 8365 0.05
3506 7691 0.01
3506 1814 0.2
3506 5794 0.05
3506 10811 0.2
3506 8568 0.01
3506 353 0.2
3506 3395 0.2
3506 2508 0.01
3506 9843 0.05
3506 2276 0.01
3506 5482 0.01
3506 662 0.05
3506 4149 0.01
3506 9088 0.01
3506 2016 0.2
3506 10141 0.2
3506 1527 0.01
3506 3618 0.05
3506 5620 0.2
3507 10229 0.05
3507 4836 0.2
3507 1412 0.2
3507 1749 0.05
3507 11455 0.2
3507 12335 0.05
3507 9720 0.01
3507 8568 0.05
3507 4133 0.05
3507 4619 0.05
3507 11921 0.05
3507 5554 0.01
3507 4808 0.05
3508 10448 0.05
3508 2896 0.2
3510 4152 0.05
3511 831 0.2
3512 8616 0.05
3513 9088 0.05
3514 11014 0.05
3514 9284 0.05
3514 351 0.2
3514 5482 0.05
3514 10002 0.05
3516 2216 0.01
3517 9088 0.05
3518 4152 0.01
3518 9088 0.05
3518 2016 0.05
3518 1103 0.2
3518 9484 0.01
3519 9843 0.05
3521 177 0.05
3522 4152 0.01
3522 5251 0.2
3523 10275 0.01
3526 8935 0.01
3526 177 0.2
3526 871 0.2
3526 11204 0.05
3526 4525 0.05
3526 5118 0.05
3526 592 0.01
3526 6416 0.05
3526 11788 0.05
3526 9932 0.05
3526 1296 0.05
3526 4250 0.2
3526 12513 0.2
3526 7410 0.2
3526 6128 0.01
3526 9624 0.01
3526 6719 0.2
3526 10120 0.2
3526 11127 0.05
3526 6590 0.05
3526 5239 0.01
3526 5145 0.01
3526 7599 0.01
3526 254 0.01
3526 1622 0.05
3526 78 0.2
3526 7957 0.05
3526 1319 0.2
3526 3955 0.2
3526 11043 0.05
3526 5482 0.01
3526 9088 0.2
3526 8480 0.05
3526 12577 0.2
3526 1265 0.2
3526 90 0.05
3526 6346 0.01
3527 4152 0.05
3528 4152 0.2
3529 8512 0.2
3532 3104 0.05
3532 8173 0.01
3532 3185 0.01
3532 12534 0.01
3532 4152 0.2
3532 299 0.05
3532 9088 0.05
3534 8758 0.2
3534 1230 0.05
3535 1625 0.05
3535 1957 0.05
3535 6405 0.01
3535 11434 0.05
3535 9088 0.01
3535 11051 0.2
3535 4152 0.01
3535 11326 0.05
3535 2954 0.2
3536 4152 0.05
3537 4152 0.01
3537 9088 0.01
3538 4152 0.2
3539 4152 0.05
3540 4152 0.2
3542 8609 0.01
3542 7927 0.2
3542 10736 0.01
3542 2548 0.05
3542 12417 0.01
3542 7810 0.05
3542 9531 0.2
3542 11695 0.2
3542 9167 0.2
3542 1423 0.05
3542 676 0.2
3543 5503 0.2
3546 4152 0.05
3547 4899 0.2
3547 11586 0.01
3547 9665 0.01
3547 3697 0.01
3547 7440 0.2
3547 12609 0.2
3547 3010 0.2
3547 8645 0.05
3547 6730 0.05
3547 3268 0.05
3547 5232 0.2
3547 2153 0.01
3547 6154 0.01
3547 7738 0.05
3547 7447 0.05
3547 7074 0.01
3547 12468 0.05
3547 6284 0.05
3547 1893 0.05
3547 1522 0.01
3547 9451 0.2
3547 1728 0.2
3547 10458 0.05
3547 4059 0.05
3547 4152 0.2
3550 10653 0.2
3551 4152 0.01
3552 4152 0.01
3553 5446 0.01
3553 12411 0.2
3553 4152 0.05
3553 6577 0.05
3554 7875 0.05
3554 10495 0.05
3554 3469 0.01
3554 2893 0.2
3554 5066 0.01
3554 7434 0.2
3554 3114 0.05
3554 5071 0.01
3554 9203 0.2
3554 6010 0.05
3554 12376 0.01
3554 9992 0.2
3554 3409 0.05
3554 7647 0.2
3554 6330 0.05
3554 1622 0.05
3554 10037 0.2
3554 8575 0.05
3554 10588 0.2
3554 9088 0.01
3554 2016 0.2
3554 12490 0.01
3554 4152 0.2
3554 4419 0.01
3556 4152 0.2
3557 2507 0.01
3558 1622 0.2
3559 11182 0.01
3559 6756 0.2
3559 4250 0.01
3559 7213 0.2
3560 4152 0.05
3560 1237 0.2
3560 276 0.2
3560 11337 0.01
3560 5239 0.01
3560 9410 0.2
3560 9088 0.05
3560 8151 0.05
3560 9326 0.05
3560 2228 0.05
3560 9339 0.2
3560 1884 0.01
3560 9624 0.2
3562 11318 0.05
3562 3625 0.01
3562 9760 0.01
3562 9609 0.2
3562 11539 0.2
3562 8208 0.05
3562 4525 0.05
3562 1290 0.2
3562 8638 0.2
3562 189 0.2
3562 5071 0.05
3562 2692 0.01
3562 10209 0.05
3562 12376 0.2
3562 10495 0.05
3562 5577 0.01
3562 8616 0.2
3562 1906 0.05
3562 2063 0.01
3562 5698 0.01
3562 12577 0.01
3562 1622 0.05
3562 12401 0.05
3562 4007 0.01
3562 2515 0.05
3562 7965 0.01
3562 3409 0.2
3562 2428 0.2
3563 10037 0.05
3565 10086 0.2
3565 4152 0.05
3565 9088 0.2
3567 11348 0.2
3568 8935 0.01
3568 1829 0.2
3568 11210 0.05
3568 4793 0.2
3568 5369 0.2
3568 7165 0.01
3568 6319 0.01
3568 70 0.01
3568 9531 0.01
3568 11481 0.05
3568 5154 0.01
3568 4824 0.01
3568 2004 0.01
3568 1468 0.2
3568 6590 0.2
3568 5968 0.01
3568 8087 0.01
3568 12335 0.2
3568 8071 0.05
3568 9591 0.01
3568 7324 0.05
3568 12581 0.05
3568 10037 0.01
3568 8623 0.2
3568 7511 0.01
3568 7958 0.01
3568 1319 0.05
3568 10690 0.01
3568 9720 0.05
3568 10442 0.05
3568 9088 0.01
3568 4415 0.01
3568 211 0.05
3568 4152 0.01
3568 2283 0.01
3570 174 0.05
3570 4152 0.01
3570 1084 0.05
3570 10037 0.01
3571 4152 0.05
3572 1522 0.2
3574 5482 0.2
3574 10037 0.01
3574 10934 0.05
3574 2089 0.01
3575 9531 0.05
3576 7265 0.05
3576 12401 0.05
3576 6625 0.01
3576 1319 0.01
3576 11492 0.05
3576 5978 0.2
3576 3008 0.01
3576 4224 0.01
3576 9460 0.01
3576 2741 0.2
3576 9088 0.2
3576 2016 0.2
3576 11923 0.2
3576 12513 0.01
3576 10141 0.01
3576 9975 0.01
3576 206 0.01
3576 4152 0.05
3576 6128 0.2
3576 5554 0.2
3576 2283 0.05
3579 3486 0.2
3579 10624 0.05
3580 4522 0.05
3581 4152 0.01
3582 10192 0.01
3582 2157 0.01
3583 4152 0.2
3585 9531 0.05
3585 174 0.05
3585 7875 0.05
3585 2888 0.2
3585 8935 0.01
3585 871 0.05
3585 4066 0.01
3585 1831 0.01
3585 9324 0.05
3585 11326 0.05
3585 8840 0.05
3585 672 0.01
3585 2790 0.05
3585 9715 0.05
3585 7324 0.05
3585 4525 0.01
3585 10204 0.05
3585 2896 0.2
3585 7691 0.05
3585 154 0.01
3585 8609 0.2
3585 3842 0.01
3585 11788 0.2
3585 3164 0.2
3585 5414 0.05
3585 766 0.05
3585 2172 0.01
3585 6852 0.05
3585 12204 0.2
3585 6673 0.2
3585 10265 0.05
3585 9167 0.01
3585 1239 0.01
3585 4042 0.01
3585 197 0.01
3585 9624 0.2
3585 9435 0.01
3585 1371 0.01
3585 12513 0.2
3585 8306 0.01
3585 1468 0.01
3585 2300 0.2
3585 10811 0.05
3585 4040 0.01
3585 6335 0.01
3585 10002 0.2
3585 1422 0.01
3585 2535 0.2
3585 6003 0.2
3585 9923 0.05
3585 3340 0.05
3585 5554 0.2
3585 7411 0.05
3585 5914 0.01
3585 4139 0.05
3585 6093 0.01
3585 9843 0.01
3585 4127 0.2
3585 1319 0.01
3585 10690 0.2
3585 5482 0.2
3585 7843 0.01
3585 574 0.05
3585 9088 0.01
3585 1216 0.01
3585 2470 0.01
3585 4152 0.05
3585 2334 0.01
3585 5620 0.05
3586 4152 0.05
3587 4619 0.2
3587 511 0.05
3587 1601 0.05
3588 4152 0.2
3588 9088 0.05
3589 4345 0.01
3590 4152 0.01
3591 2256 0.05
3592 91 0.01
3592 12513 0.05
3592 3750 0.01
3594 7720 0.2
3594 1473 0.01
3594 11555 0.05
3594 7859 0.01
3594 202 0.2
3594 1402 0.05
3594 5958 0.2
3594 6750 0.2
3594 2776 0.2
3594 5079 0.01
3596 9531 0.01
3596 1319 0.01
3596 6235 0.01
3596 4537 0.05
3596 8001 0.01
3596 5554 0.01
3597 4152 0.05
3600 8298 0.01
3601 1014 0.01
3602 10037 0.05
3604 5721 0.05
3604 2921 0.05
3604 10944 0.2
3604 3584 0.05
3604 6419 0.01
3604 6545 0.2
3604 11120 0.2
3604 5925 0.01
3604 1473 0.05
3604 78 0.05
3604 3070 0.05
3605 4152 0.05
3605 9088 0.01
3605 241 0.05
3606 10604 0.2
3606 9088 0.2
3606 6001 0.05
3606 3391 0.2
3606 1382 0.2
3607 4152 0.2
3608 4152 0.01
3609 6990 0.05
3610 2172 0.05
3611 1592 0.2
3612 11593 0.2
3612 438 0.01
3612 7543 0.01
3612 2265 0.01
3612 3254 0.2
3612 4793 0.01
3612 9779 0.01
3613 4152 0.01
3615 4152 0.2
3615 989 0.01
3616 1494 0.2
3617 4152 0.01
3618 9967 0.2
3618 9094 0.05
3618 10495 0.05
3618 871 0.2
3618 3205 0.01
3618 3469 0.01
3618 7663 0.01
3618 1884 0.05
3618 9980 0.01
3618 4701 0.2
3618 5071 0.2
3618 7888 0.05
3618 8167 0.05
3618 9288 0.2
3618 7808 0.05
3618 2242 0.2
3618 8859 0.2
3618 2004 0.2
3618 10811 0.2
3618 8568 0.2
3618 10086 0.05
3618 5145 0.01
3618 6545 0.05
3618 1422 0.05
3618 1622 0.05
3618 11326 0.2
3618 10037 0.01
3618 5554 0.2
3618 4152 0.2
3618 3504 0.01
3618 1527 0.2
3618 5482 0.05
3618 1321 0.2
3618 9088 0.01
3618 2016 0.01
3618 1329 0.01
3618 5721 0.01
3618 10698 0.01
3618 6508 0.2
3618 3409 0.01
3619 4152 0.01
3620 8568 0.01
3620 5554 0.05
3620 12403 0.05
3621 4152 0.01
3622 806 0.2
3622 7863 0.05
3623 4152 0.05
3624 9531 0.05
3624 174 0.01
3624 3654 0.2
3624 1319 0.2
3625 4218 0.05
3625 3469 0.05
3625 7359 0.01
3625 11127 0.05
3625 6811 0.2
3625 5066 0.05
3625 8544 0.2
3625 12411 0.05
3625 8319 0.01
3625 9980 0.2
3625 51 0.05
3625 10608 0.2
3625 9773 0.2
3625 438 0.05
3625 24 0.05
3625 6270 0.01
3625 6123 0.05
3625 3114 0.05
3625 9387 0.05
3625 3175 0.2
3625 10811 0.05
3625 1417 0.2
3625 9698 0.01
3625 5145 0.2
3625 568 0.05
3625 10127 0.2
3625 1622 0.05
3625 8917 0.01
3625 6908 0.05
3625 4152 0.05
3625 1527 0.2
3625 12335 0.01
3625 8093 0.2
3625 9088 0.01
3625 2016 0.01
3625 9198 0.01
3625 1071 0.05
3625 2129 0.01
3625 12401 0.01
3625 9715 0.2
3627 5121 0.2
3628 11919 0.05
3629 4152 0.01
3631 10587 0.05
3632 4152 0.05
3633 8026 0.05
3633 5415 0.05
3633 5706 0.2
3633 977 0.01
3634 9531 0.2
3636 2222 0.01
3637 4152 0.05
3638 4152 0.2
3639 4152 0.01
3641 4152 0.01
3642 9088 0.2
3643 8461 0.01
3644 2734 0.01
3644 12552 0.01
3644 2992 0.2
3644 4865 0.2
3644 4345 0.05
3644 1236 0.2
3644 9851 0.2
3645 2507 0.01
3647 4152 0.2
3648 1622 0.2
3650 1622 0.2
3651 5342 0.01
3651 1625 0.2
3651 1957 0.05
3651 1028 0.2
3651 2818 0.01
3651 4152 0.2
3651 1103 0.2
3652 56 0.01
3655 9088 0.05
3656 11326 0.01
3657 4152 0.01
3658 12411 0.2
3658 4152 0.01
3658 709 0.2
3659 5376 0.2
3660 2016 0.2
3661 4152 0.01
3662 4152 0.2
3663 4152 0.01
3663 9088 0.2
3664 6590 0.2
3664 9088 0.05
3664 5482 0.01
3664 4766 0.05
3665 6128 0.01
3666 4152 0.05
3667 4152 0.05
3667 9088 0.05
3667 10811 0.2
3667 6508 0.05
3668 9843 0.05
3669 4152 0.05
3670 6128 0.05
3671 4152 0.01
3672 1622 0.2
3672 8520 0.05
3674 4152 0.01
3674 1319 0.01
3675 9088 0.05
3676 4152 0.2
3676 11127 0.2
3678 10608 0.2
3678 3388 0.05
3678 1019 0.01
3678 438 0.2
3678 3625 0.2
3678 10811 0.2
3678 9288 0.01
3678 3469 0.01
3678 11897 0.05
3678 1910 0.01
3678 9088 0.01
3678 5145 0.05
3678 1975 0.01
3678 12534 0.01
3678 5066 0.05
3678 10290 0.01
3678 2016 0.2
3678 1622 0.05
3678 4152 0.05
3678 11434 0.2
3678 3114 0.01
3679 9480 0.01
3680 2206 0.05
3680 4152 0.01
3680 10396 0.01
3681 9466 0.05
3681 1622 0.01
3681 12640 0.05
3681 4 0.01
3684 9088 0.2
3685 10519 0.2
3686 12312 0.2
3687 1371 0.2
3687 676 0.01
3687 9880 0.01
3688 5600 0.05
3689 12552 0.01
3689 4728 0.2
3689 438 0.05
3689 5010 0.05
3689 1350 0.01
3689 8137 0.2
3689 9167 0.01
3690 4152 0.2
3691 12164 0.05
3691 4152 0.2
3691 9088 0.01
3691 8502 0.2
3692 6961 0.2
3693 4152 0.05
3694 6961 0.01
3695 4152 0.2
3695 9088 0.05
3696 4152 0.05
3697 4949 0.01
3697 3547 0.2
3697 9398 0.2
3698 672 0.2
3698 12311 0.05
3698 9975 0.01
3698 4793 0.01
3698 430 0.2
3698 11788 0.05
3698 3481 0.05
3698 2695 0.01
3698 12376 0.05
3698 6479 0.05
3698 4387 0.01
3698 4525 0.2
3698 10086 0.05
3698 8731 0.05
3698 5554 0.2
3698 8090 0.01
3698 211 0.2
3698 3409 0.2
3698 5482 0.05
3698 153 0.05
3698 4152 0.01
3698 10698 0.2
3699 4849 0.01
3699 5364 0.01
3699 2282 0.2
3699 12468 0.2
3701 5272 0.2
3702 10195 0.05
3702 10495 0.01
3702 234 0.2
3702 10876 0.05
3702 1321 0.2
3702 6685 0.05
3702 9991 0.05
3702 10782 0.01
3702 4152 0.2
3703 10255 0.01
3704 6719 0.05
3704 438 0.2
3704 11005 0.2
3704 9288 0.05
3704 3469 0.05
3704 2016 0.2
3705 9435 0.2
3705 4152 0.05
3705 11626 0.05
3705 8065 0.2
3705 11326 0.05
3706 4152 0.05
3706 5145 0.01
3707 12203 0.01
3708 4152 0.01
3709 5902 0.2
3709 78 0.05
3709 8755 0.01
3710 10195 0.2
3710 9958 0.05
3710 3585 0.01
3710 12556 0.2
3710 8568 0.05
3710 9410 0.2
3710 9088 0.05
3710 8681 0.01
3710 1717 0.2
3710 4152 0.05
3710 11434 0.2
3710 2896 0.2
3712 2257 0.2
3712 5342 0.05
3712 1625 0.2
3712 1957 0.2
3712 3142 0.2
3712 11326 0.05
3712 6504 0.01
3712 1103 0.2
3713 11318 0.01
3713 2888 0.2
3713 3625 0.2
3713 11326 0.01
3713 5066 0.2
3713 3114 0.01
3713 4701 0.01
3713 8609 0.01
3713 12376 0.05
3713 7810 0.2
3713 3737 0.2
3713 4152 0.2
3713 739 0.2
3713 3409 0.05
3713 1468 0.05
3713 9167 0.2
3713 10811 0.2
3713 5145 0.01
3713 1422 0.05
3713 10774 0.2
3713 1622 0.05
3713 821 0.05
3713 1527 0.2
3713 9088 0.2
3713 12401 0.01
3713 6611 0.05
3714 4387 0.2
3715 4152 0.2
3716 4152 0.05
3717 4152 0.2
3718 4152 0.01
3719 4152 0.01
3721 6472 0.2
3722 12317 0.01
3722 9984 0.01
3722 2737 0.2
3722 5482 0.05
3722 8509 0.01
3722 9339 0.05
3722 4152 0.05
3722 10037 0.01
3723 2345 0.2
3723 2813 0.05
3725 12223 0.05
3726 4152 0.05
3727 2637 0.2
3728 4152 0.05
3730 4152 0.05
3731 3500 0.01
3733 4152 0.05
3734 1622 0.05
3734 9698 0.01
3734 10811 0.05
3734 6859 0.05
3734 353 0.2
3736 10095 0.2
3736 10331 0.05
3737 10534 0.01
3737 6118 0.01
3737 2948 0.2
3737 9088 0.2
3737 4152 0.2
3737 3114 0.05
3738 3469 0.2
3741 9410 0.05
3741 4152 0.05
3741 430 0.01
3741 7647 0.05
3742 6094 0.01
3742 12213 0.05
3742 8512 0.05
3742 2896 0.2
3744 9088 0.2
3746 9088 0.2
3747 10633 0.01
3748 831 0.05
3748 1320 0.05
3748 8768 0.01
3748 898 0.2
3748 11235 0.01
3748 7810 0.2
3748 9531 0.05
3748 12590 0.05
3748 1622 0.2
3748 8137 0.05
3748 11922 0.2
3749 4152 0.01
3750 2177 0.05
3750 91 0.01
3750 2629 0.05
3750 2810 0.2
3750 8392 0.05
3750 12218 0.05
3750 1110 0.05
3750 236 0.05
3750 8947 0.05
3750 4909 0.01
3750 8847 0.01
3750 2394 0.05
3750 5679 0.01
3750 7058 0.01
3750 8903 0.01
3750 3592 0.2
3750 7064 0.05
3750 7731 0.2
3750 9265 0.2
3750 1952 0.2
3750 9478 0.2
3750 1185 0.05
3750 6002 0.2
3750 4495 0.2
3750 4040 0.01
3750 12052 0.05
3750 4217 0.2
3750 10331 0.2
3750 6437 0.01
3750 8518 0.01
3750 6921 0.01
3750 3382 0.01
3750 5382 0.2
3750 1621 0.2
3750 12394 0.2
3750 11188 0.05
3750 9131 0.05
3750 2930 0.01
3750 5102 0.2
3750 755 0.05
3750 5051 0.2
3750 1161 0.05
3750 211 0.05
3750 9708 0.01
3750 6742 0.05
3750 11420 0.01
3750 10448 0.2
3751 191 0.05
3752 6115 0.2
3752 4152 0.2
3754 4152 0.01
3755 2551 0.05
3755 2970 0.01
3755 9167 0.05
3755 3599 0.01
3755 6651 0.01
3755 11554 0.2
3755 10591 0.01
3756 12531 0.2
3756 4152 0.05
3756 3493 0.01
3757 672 0.05
3757 11921 0.01
3757 4152 0.2
3758 1488 0.01
3759 4152 0.01
3760 4152 0.01
3764 9447 0.05
3764 6031 0.2
3764 6556 0.01
3764 5145 0.01
3764 8737 0.01
3764 4152 0.05
3764 9088 0.01
3765 3867 0.01
3765 4312 0.2
3766 8972 0.05
3766 4378 0.05
3766 5442 0.05
3766 87 0.2
3766 1171 0.2
3766 1912 0.2
3766 4152 0.01
3766 9802 0.05
3768 8867 0.01
3768 4152 0.2
3769 4734 0.2
3769 10778 0.05
3769 5986 0.2
3769 9088 0.2
3769 11540 0.05
3769 10094 0.2
3769 4559 0.05
3771 4152 0.2
3771 958 0.05
3771 510 0.05
3771 9088 0.05
3771 9677 0.05
3771 1527 0.05
3772 8512 0.01
3772 1622 0.05
3772 8381 0.2
3772 7725 0.05
3772 191 0.01
3773 5010 0.2
3775 11326 0.01
3775 4701 0.05
3776 11348 0.2
3776 4752 0.01
3776 3503 0.2
3776 9357 0.2
3776 6076 0.01
3776 9715 0.01
3776 2265 0.2
3776 124 0.2
3778 4152 0.05
3779 4152 0.2
3780 5043 0.05
3780 10182 0.01
3780 91 0.2
3780 55 0.01
3780 2881 0.2
3780 4630 0.05
3780 12403 0.2
3781 9531 0.2
3782 4152 0.2
3782 9088 0.2
3782 1364 0.01
3783 989 0.05
3784 4152 0.05
3785 8118 0.2
3785 12556 0.01
3787 8252 0.05
3788 5071 0.2
3788 211 0.05
3788 6247 0.05
3788 871 0.2
3788 885 0.05
3788 11326 0.01
3788 1352 0.01
3788 9088 0.01
3788 8104 0.2
3788 1405 0.05
3788 4152 0.2
3788 5554 0.2
3788 3018 0.01
3789 2004 0.05
3790 4152 0.05
3791 9560 0.2
3791 2896 0.01
3792 4152 0.01
3793 4152 0.2
3795 4152 0.05
3796 11585 0.01
3797 10495 0.2
3797 871 0.05
3797 11326 0.2
3797 1622 0.05
3797 3262 0.2
3797 12513 0.01
3797 9339 0.2
3797 8361 0.2
3797 2357 0.05
3797 11130 0.05
3797 9958 0.2
3797 10632 0.01
3797 10037 0.05
3797 9307 0.01
3797 7957 0.2
3797 6335 0.05
3797 7863 0.05
3797 5482 0.2
3797 9088 0.2
3797 4152 0.2
3797 3504 0.05
3797 6508 0.05
3799 6215 0.01
3799 9088 0.2
3799 5145 0.2
3799 1898 0.05
3800 8319 0.01
3802 8132 0.2
3802 6707 0.2
3803 4152 0.2
3804 1965 0.05
3804 2877 0.01
3804 5554 0.2
3805 9088 0.01
3806 6364 0.2
3807 4152 0.05
3808 1949 0.2
3810 1216 0.01
3811 9088 0.01
3813 4152 0.2
3815 4152 0.01
3815 9480 0.2
3816 4152 0.05
3817 4152 0.2
3818 8132 0.01
3819 9088 0.2
3821 9531 0.01
3822 1675 0.01
3823 9975 0.2
3823 3840 0.01
3823 3618 0.01
3823 4152 0.01
3823 7888 0.2
3824 5487 0.05
3824 1371 0.2
3824 91 0.01
3824 7737 0.05
3824 2969 0.01
3824 7356 0.01
3824 9700 0.05
3824 4991 0.2
3824 8920 0.2
3824 9605 0.2
3824 1622 0.05
3824 3504 0.05
3824 8857 0.05
3824 5554 0.2
3825 10095 0.05
3826 4152 0.01
3827 4152 0.05
3828 9975 0.01
3828 4152 0.01
3828 10695 0.05
3828 9605 0.05
3831 4152 0.01
3832 1319 0.2
3832 12119 0.05
3832 6405 0.05
3832 4066 0.05
3832 299 0.01
3832 2644 0.01
3832 11434 0.05
3833 8575 0.05
3834 4152 0.01
3836 5272 0.01
3836 3217 0.05
3837 4152 0.2
3839 302 0.2
3839 3135 0.01
3839 6508 0.05
3840 1979 0.05
3840 7816 0.01
3840 6888 0.2
3840 6405 0.05
3840 2435 0.01
3840 4523 0.2
3840 4474 0.01
3840 925 0.2
3840 724 0.01
3840 11434 0.2
3840 12552 0.05
3840 12084 0.01
3840 24 0.01
3840 2954 0.01
3840 8075 0.2
3840 7536 0.01
3840 1360 0.01
3840 12566 0.05
3840 1417 0.05
3840 160 0.05
3840 5549 0.01
3840 5971 0.2
3840 4553 0.2
3840 9082 0.05
3840 2276 0.01
3840 6051 0.01
3840 5805 0.01
3840 10588 0.2
3840 9088 0.2
3840 8099 0.05
3840 5722 0.01
3841 6508 0.2
3842 2622 0.01
3842 8840 0.05
3842 10782 0.01
3842 3114 0.2
3842 5071 0.01
3842 191 0.2
3842 10367 0.05
3842 3618 0.2
3842 7421 0.01
3842 12513 0.05
3842 9339 0.2
3842 6128 0.01
3842 6911 0.2
3842 1346 0.01
3842 8132 0.05
3842 1468 0.01
3842 5964 0.2
3842 11706 0.01
3842 351 0.2
3842 2561 0.01
3842 4250 0.05
3842 10037 0.05
3842 8574 0.01
3842 6235 0.05
3842 5482 0.2
3842 9088 0.01
3842 1216 0.2
3842 2470 0.2
3842 11921 0.01
3842 4152 0.01
3842 3585 0.05
3842 11923 0.01
3843 4152 0.2
3845 5554 0.01
3846 4719 0.2
3848 12592 0.05
3848 4152 0.05
3848 5726 0.2
3849 9088 0.2
3849 7165 0.05
3850 9088 0.05
3852 4991 0.01
3854 6707 0.2
3854 6892 0.2
3855 4152 0.01
3855 1674 0.05
3857 383 0.01
3857 788 0.05
3857 1319 0.01
3858 4152 0.01
3859 4152 0.05
3860 9975 0.01
3864 4152 0.05
3865 9676 0.01
3865 3109 0.05
3865 3899 0.01
3865 10095 0.05
3865 5938 0.2
3866 5487 0.2
3866 191 0.2
3866 905 0.01
3866 78 0.2
3867 3782 0.01
3867 9088 0.2
3867 3765 0.2
3867 4312 0.05
3868 8574 0.2
3868 91 0.2
3868 5482 0.2
3868 8512 0.2
3868 8170 0.2
3868 9531 0.2
3868 7536 0.05
3868 7843 0.2
3868 11922 0.2
3869 1622 0.01
3869 8681 0.05
3869 7218 0.05
3870 1622 0.01
3871 9974 0.05
3873 4152 0.01
3874 4152 0.05
3875 1364 0.2
3876 1622 0.05
3876 1227 0.05
3876 38 0.05
3878 5482 0.05
3879 5342 0.01
3879 2737 0.05
3879 10220 0.01
3879 3618 0.05
3879 3362 0.01
3879 3469 0.05
3879 8721 0.2
3879 7888 0.05
3879 9088 0.2
3879 4152 0.05
3880 11679 0.05
3882 9531 0.05
3883 1527 0.05
3883 9088 0.2
3883 10811 0.2
3883 3469 0.01
3887 4152 0.2
3888 4152 0.01
3889 11649 0.01
3890 12568 0.01
3890 7376 0.05
3891 4152 0.2
3892 6233 0.2
3892 5482 0.2
3892 10037 0.2
3892 12435 0.01
3893 9602 0.2
3893 9531 0.05
3895 4152 0.2
3896 6984 0.01
3896 1759 0.2
3896 8512 0.01
3896 1868 0.01
3896 5732 0.05
3897 4152 0.05
3898 6733 0.01
3899 11815 0.05
3899 4619 0.2
3899 4772 0.01
3899 10736 0.2
3899 8416 0.05
3900 2473 0.2
3900 3413 0.2
3900 5872 0.2
3900 8598 0.01
3900 10019 0.2
3900 2811 0.05
3900 832 0.2
3900 1601 0.2
3900 2193 0.01
3900 7624 0.01
3900 9821 0.01
3900 788 0.05
3900 1236 0.01
3900 8170 0.01
3900 7394 0.2
3900 9167 0.05
3900 9676 0.01
3900 11121 0.2
3900 3382 0.01
3900 10673 0.05
3900 4341 0.01
3900 2881 0.2
3900 9828 0.2
3900 8512 0.2
3900 9786 0.01
3900 1002 0.01
3900 2367 0.05
3900 7133 0.01
3900 6044 0.2
3900 9405 0.01
3900 4728 0.05
3900 12635 0.01
3900 6142 0.01
3900 9185 0.2
3900 1554 0.05
3900 8724 0.01
3900 5349 0.05
3900 3386 0.01
3900 12590 0.05
3900 9753 0.05
3900 1437 0.01
3901 91 0.01
3901 3217 0.01
3901 9096 0.2
3901 1690 0.01
3901 2406 0.2
3901 7340 0.2
3901 7886 0.05
3901 5277 0.05
3901 4329 0.2
3901 6755 0.2
3901 7974 0.2
3901 9531 0.2
3901 4672 0.05
3901 4586 0.01
3901 6169 0.2
3901 8512 0.2
3901 1515 0.05
3901 4991 0.05
3901 8942 0.2
3901 9954 0.01
3901 12243 0.05
3901 1430 0.05
3901 10441 0.05
3901 7511 0.05
3903 4152 0.01
3904 1371 0.05
3905 5554 0.05
3906 5071 0.2
3906 2522 0.01
3906 8286 0.2
3906 7301 0.2
3906 6545 0.05
3906 4274 0.01
3906 12513 0.2
3906 4152 0.05
3906 5316 0.01
3907 4522 0.2
3908 6395 0.2
3909 4152 0.01
3912 7324 0.01
3912 1622 0.2
3913 2180 0.01
3914 1319 0.01
3915 8132 0.01
3916 4152 0.05
3917 4525 0.01
3917 4152 0.01
3918 4152 0.2
3920 8875 0.05
3921 10782 0.01
3921 602 0.2
3921 11923 0.05
3921 4336 0.2
3921 4487 0.2
3922 6939 0.2
3922 4152 0.05
3923 4152 0.05
3925 7324 0.2
3928 9843 0.05
3928 5620 0.05
3928 1319 0.2
3929 8512 0.05
3929 3364 0.01
3929 1297 0.01
3929 12297 0.05
3929 795 0.01
3929 4630 0.01
3929 5554 0.2
3930 2398 0.05
3931 9843 0.01
3931 5795 0.01
3932 7355 0.2
3932 7749 0.01
3932 972 0.05
3932 351 0.05
3932 1319 0.01
3933 5923 0.01
3934 5286 0.01
3934 3890 0.01
3934 9843 0.05
3934 1644 0.01
3934 6873 0.01
3934 6654 0.2
3934 10497 0.01
3934 2172 0.01
3934 11734 0.05
3934 11556 0.2
3934 6003 0.05
3934 4152 0.05
3934 11609 0.2
3935 519 0.01
3935 6984 0.05
3935 4728 0.2
3935 9491 0.01
3935 4090 0.2
3935 5484 0.2
3935 6475 0.01
3935 12513 0.01
3935 5938 0.2
3935 1622 0.05
3935 370 0.01
3936 5878 0.2
3936 10811 0.01
3937 174 0.01
3937 2276 0.05
3937 6051 0.05
3937 5795 0.01
3937 1622 0.05
3937 655 0.05
3939 4803 0.01
3940 11083 0.2
3940 4152 0.01
3940 11845 0.05
3941 4152 0.05
3942 10609 0.01
3942 5010 0.05
3942 3217 0.2
3942 1961 0.01
3942 8170 0.01
3942 9531 0.01
3943 2242 0.2
3944 2507 0.01
3945 10037 0.05
3946 4152 0.2
3947 438 0.2
3947 11233 0.05
3947 9288 0.01
3947 8854 0.05
3947 5266 0.01
3947 1527 0.01
3947 10606 0.2
3947 7008 0.2
3948 9167 0.05
3949 4152 0.2
3951 4152 0.01
3952 3469 0.01
3953 2928 0.2
3954 5487 0.05
3954 5273 0.01
3954 7810 0.01
3954 6540 0.2
3954 5938 0.01
3954 8056 0.05
3954 8512 0.2
3954 4522 0.2
3954 7296 0.01
3954 9167 0.2
3954 9605 0.2
3954 7324 0.01
3954 7843 0.2
3954 12552 0.05
3954 10533 0.05
3954 9851 0.01
3956 12640 0.01
3958 6876 0.01
3958 5637 0.2
3959 6984 0.01
3959 2850 0.01
3959 9786 0.05
3959 5732 0.01
3959 1292 0.2
3959 11384 0.01
3960 12093 0.05
3961 1108 0.2
3962 4152 0.01
3962 9088 0.01
3962 12534 0.2
3963 10495 0.01
3963 4152 0.2
3963 9088 0.2
3963 2622 0.01
3963 5115 0.01
3964 4152 0.2
3966 4152 0.05
3967 4313 0.2
3967 3209 0.2
3967 11311 0.05
3967 3005 0.05
3967 2732 0.2
3968 5272 0.2
3969 4152 0.05
3970 10534 0.05
3971 9531 0.2
3972 5065 0.01
3975 2416 0.2
3976 1622 0.05
3977 4152 0.2
3978 4040 0.05
3979 4152 0.05
3979 1704 0.2
3980 6754 0.05
3982 8767 0.05
3982 10225 0.01
3982 8568 0.05
3983 4152 0.2
3984 9095 0.05
3985 3504 0.01
3987 5168 0.01
3987 7725 0.05
3987 9504 0.2
3987 204 0.2
3987 8065 0.01
3987 12513 0.05
3988 9088 0.05
3988 5482 0.01
3990 8935 0.05
3990 174 0.2
3990 10495 0.01
3990 8938 0.05
3990 9923 0.05
3990 11884 0.01
3990 1622 0.01
3990 9720 0.05
3990 191 0.05
3990 12084 0.2
3990 24 0.2
3990 7810 0.01
3990 9531 0.05
3990 11695 0.01
3990 8361 0.2
3990 8173 0.05
3990 3025 0.01
3990 1814 0.05
3990 4040 0.05
3990 1422 0.05
3990 11713 0.05
3990 9843 0.2
3990 5435 0.05
3990 672 0.05
3990 5805 0.05
3990 2016 0.05
3990 11922 0.05
3990 12492 0.05
3990 1831 0.05
3990 2435 0.2
3990 3676 0.05
3990 4846 0.01
3990 12123 0.2
3990 2242 0.2
3990 831 0.01
3990 8609 0.01
3990 6073 0.01
3990 438 0.2
3990 234 0.01
3990 1237 0.2
3990 6673 0.01
3990 7843 0.2
3990 7647 0.2
3990 9032 0.2
3990 137 0.05
3990 8103 0.05
3990 8625 0.2
3990 5487 0.05
3990 2473 0.05
3990 6621 0.2
3990 4103 0.05
3990 9237 0.01
3990 7107 0.05
3990 8065 0.01
3990 2896 0.05
3990 4701 0.01
3990 9427 0.2
3990 9619 0.2
3990 2493 0.05
3990 6128 0.05
3990 9435 0.2
3990 8334 0.05
3990 12566 0.01
3990 7691 0.01
3990 9068 0.01
3990 10220 0.05
3990 12576 0.2
3990 5701 0.01
3990 7324 0.2
3990 9078 0.05
3990 905 0.2
3990 518 0.05
3990 2928 0.01
3990 5148 0.05
3990 1319 0.01
3990 8875 0.2
3990 9851 0.01
3990 8672 0.05
3990 12213 0.2
3990 8306 0.2
3990 9466 0.01
3990 11210 0.05
3990 926 0.2
3990 8118 0.2
3990 7936 0.2
3990 10695 0.01
3990 7536 0.2
3990 1949 0.05
3990 1440 0.2
3990 11233 0.01
3990 1961 0.01
3990 4991 0.05
3990 12436 0.05
3990 204 0.05
3990 5554 0.01
3990 1371 0.2
3990 6984 0.01
3990 367 0.05
3990 12190 0.05
3990 574 0.2
3990 2172 0.2
3990 1975 0.2
3990 837 0.2
3991 1964 0.2
3991 6645 0.01
3993 4152 0.2
3994 8361 0.01
3994 5554 0.01
3995 4152 0.01
3996 9088 0.01
3997 693 0.01
3998 3246 0.01
3998 4152 0.05
3998 415 0.01
4000 9088 0.05
4000 10811 0.05
4000 8787 0.01
4001 4152 0.2
4001 9770 0.01
4002 2507 0.01
4003 10450 0.05
4003 10147 0.01
4003 1827 0.05
4003 10197 0.2
4003 10547 0.05
4003 6405 0.2
4003 4066 0.05
4003 4700 0.05
4003 11884 0.05
4003 9977 0.2
4003 11434 0.01
4003 431 0.05
4003 5272 0.05
4003 4796 0.01
4003 6963 0.2
4003 2954 0.01
4003 2257 0.01
4003 1757 0.01
4003 11653 0.05
4003 5970 0.01
4003 5555 0.2
4003 1720 0.2
4003 11002 0.05
4003 1625 0.01
4003 9410 0.2
4003 9088 0.2
4003 2016 0.2
4003 12534 0.05
4003 4966 0.2
4003 4152 0.05
4004 11862 0.2
4005 8609 0.01
4005 174 0.01
4005 1319 0.2
4005 6094 0.01
4005 2083 0.05
4005 8512 0.01
4005 1690 0.01
4005 8088 0.01
4005 9605 0.05
4007 12151 0.05
4007 3562 0.05
4007 545 0.05
4007 5554 0.01
4007 12513 0.01
4007 4152 0.2
4007 387 0.2
4007 9715 0.05
4009 4522 0.05
4012 871 0.2
4012 6556 0.2
4012 5066 0.01
4012 4226 0.05
4012 2896 0.01
4012 9720 0.05
4012 234 0.2
4012 6754 0.2
4012 8170 0.05
4012 9531 0.05
4012 116 0.01
4012 3764 0.05
4012 12566 0.01
4012 2004 0.01
4012 9605 0.01
4012 1422 0.2
4012 7324 0.05
4012 10037 0.2
4012 5554 0.05
4012 2507 0.01
4012 4152 0.01
4012 7747 0.2
4012 10483 0.01
4012 9851 0.2
4012 9088 0.05
4012 2016 0.05
4012 3618 0.2
4012 1527 0.01
4012 6508 0.05
4013 4152 0.2
4014 4152 0.05
4016 831 0.01
4016 10702 0.2
4016 6600 0.2
4016 91 0.05
4016 5872 0.01
4016 2070 0.05
4016 3217 0.05
4016 8512 0.01
4016 267 0.2
4016 4781 0.05
4016 4335 0.2
4016 961 0.01
4016 8920 0.05
4016 7926 0.05
4016 10323 0.01
4016 8801 0.01
4017 7625 0.2
4018 12401 0.01
4018 191 0.2
4018 3503 0.05
4018 574 0.05
4018 9088 0.05
4018 1329 0.05
4018 9339 0.05
4018 2911 0.01
4018 4152 0.05
4018 10698 0.2
4018 10695 0.2
4019 4152 0.05
4021 432 0.2
4021 3940 0.01
4021 731 0.05
4021 5309 0.2
4021 574 0.01
4021 12335 0.01
4021 9088 0.2
4021 4056 0.01
4021 11845 0.2
4021 12513 0.2
4021 12403 0.01
4021 11083 0.05
4021 10238 0.05
4021 4166 0.01
4021 5327 0.05
4022 4152 0.05
4023 7843 0.05
4025 11488 0.01
4025 1109 0.2
4025 3625 0.2
4025 10811 0.05
4025 9088 0.2
4025 5145 0.05
4025 5066 0.05
4025 1622 0.05
4025 4152 0.2
4025 12411 0.05
4025 3114 0.05
4026 4152 0.2
4028 4152 0.05
4029 4152 0.01
4030 2896 0.05
4031 9088 0.2
4032 4152 0.05
4033 4152 0.2
4034 4152 0.01
4035 4152 0.05
4036 4152 0.05
4037 4152 0.05
4039 12556 0.01
4040 8935 0.05
4040 1441 0.2
4040 174 0.01
4040 871 0.2
4040 9096 0.05
4040 2622 0.2
4040 11326 0.01
4040 672 0.01
4040 6656 0.01
4040 4525 0.01
4040 3114 0.01
4040 4701 0.01
4040 5071 0.01
4040 7165 0.05
4040 191 0.01
4040 545 0.01
4040 3618 0.2
4040 731 0.01
4040 10073 0.01
4040 8451 0.01
4040 2398 0.01
4040 6852 0.2
4040 9673 0.01
4040 9531 0.2
4040 11695 0.05
4040 1409 0.2
4040 9339 0.01
4040 7683 0.01
4040 8859 0.2
4040 70 0.2
4040 7543 0.05
4040 5842 0.2
4040 10811 0.05
4040 8568 0.2
4040 4042 0.01
4040 12335 0.2
4040 5145 0.01
4040 9677 0.01
4040 1622 0.2
4040 9923 0.01
4040 10037 0.01
4040 5554 0.2
4040 518 0.01
4040 749 0.01
4040 6335 0.01
4040 9843 0.2
4040 1319 0.01
4040 4458 0.01
4040 5482 0.05
4040 9700 0.2
4040 9088 0.01
4040 2016 0.01
4040 10141 0.01
4040 4250 0.2
4040 4152 0.01
4040 3585 0.05
4040 3408 0.05
4041 4152 0.2
4042 4793 0.2
4042 5019 0.01
4042 9720 0.05
4042 191 0.01
4042 9531 0.2
4042 11695 0.05
4042 11083 0.2
4042 5601 0.2
4042 2409 0.01
4042 8568 0.05
4042 4040 0.05
4042 4250 0.2
4042 8000 0.2
4042 1622 0.2
4042 4450 0.01
4042 3018 0.05
4042 8574 0.01
4042 4824 0.2
4042 8381 0.01
4042 6235 0.01
4042 5805 0.01
4042 11102 0.01
4042 2016 0.05
4042 1018 0.01
4042 11921 0.2
4042 8593 0.2
4042 10149 0.01
4042 1831 0.2
4042 7663 0.01
4042 8788 0.2
4042 430 0.01
4042 11548 0.01
4042 10367 0.01
4042 766 0.05
4042 9654 0.01
4042 1237 0.01
4042 10716 0.05
4042 1240 0.2
4042 11127 0.2
4042 70 0.05
4042 12335 0.2
4042 6492 0.05
4042 1059 0.2
4042 6093 0.2
4042 1865 0.05
4042 9796 0.01
4042 9412 0.05
4042 12351 0.05
4042 276 0.05
4042 672 0.2
4042 4525 0.01
4042 10204 0.2
4042 3114 0.01
4042 243 0.2
4042 11788 0.2
4042 5889 0.05
4042 7679 0.05
4042 3220 0.01
4042 7683 0.01
4042 6128 0.01
4042 4343 0.01
4042 4127 0.05
4042 9068 0.05
4042 10220 0.2
4042 2393 0.01
4042 7324 0.2
4042 7899 0.05
4042 10633 0.01
4042 5709 0.2
4042 1319 0.2
4042 9088 0.05
4042 4152 0.01
4042 8104 0.2
4042 9467 0.2
4042 5729 0.01
4042 11015 0.05
4042 3403 0.2
4042 6578 0.05
4042 3585 0.2
4042 6754 0.2
4042 10073 0.2
4042 6756 0.2
4042 8132 0.01
4042 2969 0.2
4042 351 0.05
4042 4991 0.2
4042 6978 0.05
4042 204 0.05
4042 5554 0.05
4042 10664 0.2
4042 10690 0.05
4042 7749 0.05
4042 1468 0.05
4043 4152 0.05
4044 9088 0.05
4045 1527 0.05
4046 4152 0.2
4047 6504 0.2
4047 1814 0.01
4047 2455 0.01
4047 11326 0.2
4048 4152 0.01
4050 10480 0.01
4051 4152 0.2
4053 9793 0.05
4053 8824 0.05
4053 1579 0.05
4053 8031 0.05
4053 4152 0.05
4053 518 0.05
4055 4152 0.05
4056 1383 0.05
4056 6024 0.05
4056 8393 0.01
4056 4057 0.01
4056 4021 0.2
4056 9605 0.05
4056 5721 0.05
4056 5301 0.01
4057 12099 0.01
4058 4152 0.05
4059 3547 0.05
4060 12411 0.2
4060 4152 0.01
4061 2992 0.05
4061 2444 0.05
4061 1236 0.01
4061 8370 0.05
4061 7394 0.2
4061 9433 0.01
4062 11121 0.01
4062 4991 0.2
4065 4152 0.01
4066 5600 0.01
4066 3827 0.01
4066 9967 0.01
4066 6789 0.05
4066 6504 0.05
4066 11921 0.01
4066 10547 0.05
4066 871 0.05
4066 12545 0.01
4066 9495 0.01
4066 1575 0.05
4066 12312 0.05
4066 4793 0.01
4066 10782 0.05
4066 11434 0.2
4066 3114 0.05
4066 5071 0.01
4066 12414 0.01
4066 2888 0.05
4066 3481 0.2
4066 10316 0.2
4066 9288 0.05
4066 1468 0.05
4066 8319 0.05
4066 1099 0.01
4066 9339 0.05
4066 7410 0.2
4066 11748 0.01
4066 7494 0.05
4066 2846 0.01
4066 2257 0.01
4066 3388 0.05
4066 7543 0.2
4066 5844 0.05
4066 10811 0.2
4066 8568 0.05
4066 2265 0.01
4066 7451 0.01
4066 9698 0.2
4066 4193 0.05
4066 5145 0.01
4066 6003 0.05
4066 1622 0.05
4066 11326 0.01
4066 2923 0.05
4066 1949 0.2
4066 4254 0.01
4066 6093 0.05
4066 9693 0.2
4066 9793 0.05
4066 4206 0.2
4066 3504 0.2
4066 10012 0.05
4066 4149 0.2
4066 9088 0.01
4066 7811 0.2
4066 1781 0.01
4066 10529 0.2
4066 7421 0.05
4066 4152 0.05
4066 10698 0.2
4066 6508 0.05
4067 9311 0.2
4067 4701 0.01
4069 4152 0.05
4070 7139 0.2
4071 9088 0.05
4072 617 0.01
4072 2535 0.01
4072 12388 0.05
4072 8875 0.05
4073 4270 0.05
4073 4690 0.01
4073 8170 0.01
4073 3321 0.05
4073 1422 0.2
4073 7324 0.01
4073 5628 0.05
4074 4152 0.2
4075 4152 0.05
4076 8173 0.05
4076 2777 0.2
4077 9026 0.05
4078 2496 0.2
4078 10073 0.05
4078 8568 0.2
4078 9088 0.01
4078 12147 0.01
4078 4152 0.05
4079 5613 0.2
4080 8935 0.2
4080 2888 0.01
4080 1829 0.2
4080 8755 0.2
4080 4066 0.2
4080 12220 0.01
4080 9237 0.01
4080 3771 0.05
4080 2388 0.2
4080 8601 0.05
4080 9715 0.01
4080 7663 0.05
4080 4793 0.2
4080 10782 0.01
4080 2954 0.05
4080 387 0.01
4080 10797 0.2
4080 8118 0.05
4080 11788 0.01
4080 6577 0.2
4080 12084 0.05
4080 234 0.05
4080 7936 0.2
4080 9267 0.2
4080 6076 0.05
4080 6673 0.01
4080 9619 0.05
4080 1099 0.05
4080 10495 0.01
4080 7536 0.05
4080 9674 0.2
4080 8361 0.01
4080 5721 0.05
4080 9733 0.01
4080 739 0.05
4080 1854 0.01
4080 2004 0.01
4080 11232 0.2
4080 5287 0.01
4080 11654 0.05
4080 9710 0.05
4080 4040 0.2
4080 3381 0.05
4080 4548 0.2
4080 4047 0.01
4080 1422 0.05
4080 9677 0.05
4080 7324 0.05
4080 1622 0.05
4080 3181 0.2
4080 6479 0.2
4080 518 0.01
4080 5342 0.2
4080 7865 0.01
4080 9843 0.2
4080 11309 0.2
4080 1014 0.01
4080 324 0.05
4080 5805 0.2
4080 1524 0.01
4080 12534 0.2
4080 5148 0.01
4080 3663 0.2
4080 11921 0.2
4080 1527 0.05
4086 8935 0.01
4086 4770 0.05
4086 7614 0.05
4086 6460 0.2
4086 8255 0.01
4086 8842 0.05
4086 11636 0.05
4086 387 0.01
4086 12531 0.01
4086 6416 0.05
4086 12368 0.01
4086 6118 0.01
4086 9673 0.2
4086 985 0.2
4086 938 0.05
4086 12040 0.01
4086 11697 0.05
4086 4632 0.05
4086 7691 0.01
4086 4988 0.05
4086 10811 0.2
4086 4592 0.05
4086 11511 0.2
4086 4134 0.01
4086 8618 0.2
4086 12537 0.05
4086 1622 0.05
4086 7957 0.01
4086 4152 0.05
4086 7863 0.05
4086 10632 0.05
4086 11882 0.01
4086 6395 0.2
4086 9142 0.2
4086 2470 0.05
4086 1071 0.05
4086 9141 0.01
4086 4732 0.2
4089 3190 0.01
4091 4152 0.05
4092 7773 0.01
4097 3474 0.01
4097 7235 0.01
4097 4360 0.05
4098 3538 0.2
4098 9904 0.05
4098 12032 0.05
4098 5561 0.01
4098 9288 0.05
4098 811 0.2
4098 9088 0.05
4098 4250 0.2
4098 12513 0.01
4098 11434 0.2
4098 8894 0.05
4099 989 0.2
4100 4152 0.05
4102 12407 0.05
4102 11671 0.01
4102 9096 0.05
4102 6060 0.2
4102 7926 0.01
4102 4113 0.2
4102 9402 0.05
4102 11985 0.05
4103 4152 0.2
4104 4152 0.2
4107 9088 0.01
4108 625 0.2
4108 7714 0.01
4108 1132 0.2
4108 9211 0.2
4109 8711 0.2
4109 11468 0.01
4109 264 0.05
4109 3493 0.01
4110 9145 0.01
4112 4152 0.01
4112 11297 0.01
4113 4102 0.01
4113 7190 0.2
4115 4152 0.01
4115 9088 0.2
4116 11056 0.01
4117 4736 0.01
4117 5948 0.05
4118 10729 0.05
4118 12513 0.05
4121 4152 0.01
4122 4152 0.05
4123 4152 0.05
4124 11233 0.01
4124 8724 0.05
4124 5349 0.05
4125 7394 0.2
4125 1319 0.01
4126 4152 0.2
4127 5071 0.05
4127 8003 0.2
4127 4450 0.05
4127 10690 0.2
4127 2409 0.01
4127 4042 0.2
4127 5482 0.01
4127 10037 0.01
4127 672 0.05
4127 1957 0.01
4127 9088 0.01
4127 12577 0.05
4127 3618 0.01
4127 9339 0.01
4127 4152 0.01
4127 6128 0.2
4127 5554 0.2
4128 12604 0.2
4128 4304 0.01
4128 7721 0.01
4129 11217 0.2
4129 8045 0.2
4129 9088 0.01
4129 11130 0.05
4130 2992 0.01
4130 10495 0.01
4130 2786 0.01
4130 8941 0.01
4130 6006 0.01
4130 3842 0.01
4130 3217 0.2
4130 788 0.05
4130 9531 0.05
4130 9337 0.05
4130 3221 0.2
4130 7588 0.2
4130 2809 0.05
4130 8568 0.01
4130 5795 0.2
4130 8758 0.05
4130 961 0.05
4130 1422 0.01
4130 1002 0.2
4130 1423 0.2
4130 4642 0.2
4130 211 0.05
4130 1430 0.2
4130 9184 0.01
4130 9359 0.01
4130 1023 0.01
4130 4455 0.2
4130 2016 0.01
4130 10931 0.01
4130 8388 0.01
4130 11922 0.2
4130 4465 0.05
4130 3052 0.01
4130 2629 0.05
4130 2845 0.2
4130 5272 0.01
4130 8609 0.2
4130 234 0.05
4130 6673 0.2
4130 1633 0.01
4130 1460 0.05
4130 2256 0.01
4130 1053 0.01
4130 6081 0.2
4130 7641 0.01
4130 10002 0.2
4130 4113 0.2
4130 78 0.2
4130 6093 0.05
4130 4307 0.05
4130 2070 0.2
4130 2667 0.05
4130 11965 0.2
4130 7326 0.05
4130 5487 0.01
4130 2473 0.01
4130 91 0.2
4130 6709 0.05
4130 2292 0.05
4130 1083 0.01
4130 2297 0.05
4130 11788 0.05
4130 10798 0.05
4130 4329 0.01
4130 9433 0.2
4130 4340 0.05
4130 8920 0.05
4130 4738 0.01
4130 12224 0.05
4130 2468 0.2
4130 9167 0.2
4130 7127 0.2
4130 8088 0.2
4130 1913 0.05
4130 3549 0.01
4130 9843 0.01
4130 1319 0.01
4130 9851 0.01
4130 4731 0.05
4130 1527 0.01
4130 10019 0.2
4130 12213 0.01
4130 918 0.01
4130 10831 0.2
4130 11628 0.2
4130 6747 0.2
4130 10782 0.05
4130 7526 0.2
4130 3576 0.2
4130 3584 0.01
4130 11671 0.2
4130 2744 0.05
4130 3382 0.05
4130 9680 0.05
4130 349 0.01
4130 2969 0.2
4130 9014 0.2
4130 8512 0.01
4130 3181 0.2
4130 2363 0.05
4130 5554 0.01
4130 8334 0.2
4130 5981 0.01
4130 367 0.05
4130 11863 0.01
4130 8309 0.01
4130 959 0.01
4130 9140 0.05
4130 4250 0.01
4130 6961 0.05
4130 370 0.2
4131 4152 0.05
4131 10811 0.2
4132 211 0.05
4132 1622 0.05
4132 9088 0.05
4132 4152 0.2
4132 4681 0.01
4133 211 0.05
4133 4836 0.05
4133 871 0.2
4133 6545 0.2
4133 9088 0.05
4133 4238 0.2
4133 8361 0.01
4133 6508 0.01
4134 1527 0.2
4134 5287 0.01
4134 11679 0.01
4134 4066 0.01
4134 4991 0.2
4134 11326 0.01
4134 574 0.01
4134 9088 0.05
4134 3691 0.01
4134 12513 0.05
4134 7536 0.05
4134 7324 0.05
4134 4152 0.2
4134 2242 0.2
4134 12629 0.01
4135 5446 0.01
4135 9560 0.01
4135 3568 0.05
4135 11210 0.01
4135 7250 0.2
4135 5732 0.01
4135 5272 0.05
4135 3842 0.2
4135 4484 0.05
4135 2300 0.01
4135 7810 0.05
4135 9531 0.05
4135 11695 0.2
4135 9484 0.01
4135 8270 0.05
4135 2000 0.01
4135 12224 0.01
4135 5034 0.05
4135 8512 0.01
4135 4040 0.05
4135 7641 0.05
4135 4991 0.01
4135 10474 0.01
4135 5705 0.2
4135 518 0.2
4135 1319 0.2
4135 9605 0.01
4135 6684 0.05
4135 10095 0.01
4135 9037 0.01
4135 8681 0.01
4136 11254 0.01
4137 6004 0.2
4137 4152 0.01
4138 4152 0.05
4139 6513 0.2
4139 5218 0.2
4139 1319 0.2
4139 3585 0.05
4139 8381 0.05
4139 9575 0.01
4139 6504 0.2
4139 10141 0.2
4139 9975 0.05
4139 8102 0.01
4140 4152 0.2
4141 6312 0.2
4142 5257 0.01
4143 4152 0.01
4144 9088 0.01
4145 8193 0.05
4147 5487 0.2
4147 1624 0.05
4147 91 0.01
4147 5872 0.01
4147 9851 0.05
4147 1138 0.05
4147 898 0.05
4147 3217 0.05
4147 9923 0.01
4147 7810 0.01
4147 12251 0.2
4147 7916 0.01
4147 1127 0.2
4147 7767 0.01
4147 11235 0.05
4147 12594 0.2
4148 11842 0.05
4148 8920 0.2
4148 8264 0.05
4148 12172 0.01
4149 4066 0.05
4149 932 0.01
4149 10778 0.2
4149 1874 0.05
4149 3506 0.01
4149 9088 0.01
4149 742 0.2
4149 4152 0.05
4151 9531 0.01
4152 1 0.2
4152 5 0.01
4152 3199 0.2
4152 3 0.05
4152 6403 0.2
4152 6404 0.2
4152 6405 0.05
4152 5339 0.01
4152 6406 0.2
4152 2121 0.2
4152 3205 0.01
4152 11200 0.05
4152 3206 0.05
4152 6409 0.01
4152 9518 0.2
4152 10 0.05
4152 9520 0.05
4152 12 0.05
4152 13 0.2
4152 1046 0.01
4152 16 0.05
4152 8613 0.2
4152 6414 0.05
4152 6415 0.2
4152 6416 0.2
4152 3213 0.2
4152 1588 0.01
4152 22 0.05
4152 6418 0.2
4152 24 0.2
4152 6518 0.05
4152 517 0.05
4152 6529 0.01
4152 9373 0.2
4152 6544 0.05
4152 11609 0.05
4152 3403 0.05
4152 9537 0.05
4152 6426 0.05
4152 5831 0.01
4152 35 0.2
4152 9538 0.05
4152 1051 0.2
4152 161 0.2
4152 3227 0.05
4152 3228 0.05
4152 6612 0.05
4152 2643 0.01
4152 6439 0.2
4152 1052 0.05
4152 9544 0.01
4152 6441 0.05
4152 42 0.05
4152 3235 0.2
4152 5611 0.05
4152 9 0.05
4152 12134 0.2
4152 3238 0.2
4152 9552 0.01
4152 5836 0.01
4152 2119 0.05
4152 3242 0.2
4152 6449 0.2
4152 48 0.01
4152 3244 0.2
4152 9555 0.05
4152 52 0.2
4152 11293 0.2
4152 53 0.2
4152 11616 0.01
4152 281 0.2
4152 3250 0.01
4152 6460 0.01
4152 8478 0.2
4152 9565 0.05
4152 4013 0.01
4152 60 0.05
4152 10351 0.01
4152 62 0.2
4152 6465 0.2
4152 3532 0.01
4152 9572 0.2
4152 3264 0.01
4152 359 0.2
4152 10045 0.01
4152 3265 0.05
4152 66 0.2
4152 3266 0.2
4152 381 0.01
4152 7980 0.2
4152 9574 0.01
4152 6475 0.2
4152 9522 0.2
4152 2652 0.05
4152 7981 0.05
4152 6482 0.01
4152 9578 0.05
4152 5843 0.2
4152 10070 0.05
4152 70 0.2
4152 6644 0.05
4152 8480 0.2
4152 9585 0.2
4152 2655 0.05
4152 8481 0.01
4152 9916 0.2
4152 9588 0.05
4152 9590 0.2
4152 75 0.05
4152 2835 0.2
4152 6495 0.01
4152 9594 0.01
4152 6908 0.2
4152 9596 0.2
4152 3281 0.05
4152 6498 0.01
4152 80 0.2
4152 81 0.01
4152 9599 0.2
4152 3284 0.01
4152 7140 0.2
4152 11701 0.01
4152 4297 0.05
4152 538 0.01
4152 3289 0.01
4152 6504 0.2
4152 9604 0.05
4152 88 0.01
4152 9605 0.05
4152 64 0.05
4152 6506 0.01
4152 6507 0.2
4152 6508 0.2
4152 90 0.01
4152 9026 0.01
4152 6511 0.01
4152 3294 0.01
4152 3297 0.01
4152 93 0.05
4152 3298 0.01
4152 95 0.01
4152 7028 0.01
4152 3300 0.2
4152 3301 0.01
4152 9609 0.01
4152 11622 0.05
4152 98 0.05
4152 3304 0.01
4152 6519 0.05
4152 8487 0.05
4152 9611 0.2
4152 1608 0.05
4152 6522 0.01
4152 9615 0.2
4152 3311 0.2
4152 3315 0.05
4152 4803 0.05
4152 107 0.05
4152 6525 0.05
4152 671 0.01
4152 112 0.05
4152 263 0.05
4152 9531 0.2
4152 9619 0.2
4152 115 0.05
4152 116 0.2
4152 6531 0.2
4152 9622 0.2
4152 9623 0.01
4152 3329 0.2
4152 6536 0.05
4152 3330 0.01
4152 1612 0.05
4152 6539 0.05
4152 3333 0.05
4152 121 0.01
4152 3334 0.05
4152 7182 0.2
4152 4881 0.05
4152 6545 0.05
4152 11723 0.2
4152 9637 0.01
4152 9638 0.05
4152 9639 0.2
4152 9640 0.2
4152 6549 0.2
4152 9643 0.05
4152 7225 0.2
4152 9645 0.05
4152 128 0.01
4152 6553 0.05
4152 3350 0.01
4152 6555 0.05
4152 3352 0.01
4152 9651 0.05
4152 11826 0.05
4152 9653 0.2
4152 6558 0.01
4152 135 0.01
4152 3357 0.01
4152 9658 0.2
4152 3358 0.2
4152 6562 0.2
4152 9659 0.01
4152 3361 0.05
4152 11615 0.05
4152 3362 0.2
4152 5449 0.05
4152 5398 0.01
4152 5424 0.2
4152 3367 0.05
4152 2666 0.01
4152 7426 0.05
4152 10064 0.05
4152 6084 0.2
4152 3369 0.2
4152 3339 0.05
4152 6576 0.01
4152 143 0.2
4152 4813 0.05
4152 6577 0.01
4152 11037 0.01
4152 4814 0.2
4152 6579 0.01
4152 6953 0.2
4152 9673 0.2
4152 9674 0.01
4152 149 0.2
4152 3380 0.05
4152 7017 0.01
4152 11637 0.2
4152 3383 0.01
4152 9679 0.05
4152 153 0.05
4152 6583 0.2
4152 6955 0.2
4152 3385 0.05
4152 6586 0.2
4152 6587 0.2
4152 6588 0.2
4152 3388 0.01
4152 6590 0.05
4152 6593 0.2
4152 160 0.01
4152 9687 0.2
4152 9539 0.2
4152 162 0.05
4152 10592 0.01
4152 9690 0.05
4152 4816 0.05
4152 6599 0.01
4152 11514 0.01
4152 3401 0.05
4152 9693 0.2
4152 3583 0.05
4152 1119 0.05
4152 771 0.01
4152 9697 0.2
4152 6435 0.01
4152 169 0.01
4152 6605 0.01
4152 170 0.05
4152 9700 0.05
4152 7999 0.01
4152 6608 0.01
4152 6609 0.05
4152 11638 0.2
4152 9703 0.2
4152 6610 0.01
4152 3409 0.05
4152 10809 0.01
4152 172 0.05
4152 3410 0.01
4152 3411 0.01
4152 6614 0.05
4152 1177 0.2
4152 176 0.2
4152 6124 0.05
4152 7582 0.01
4152 3784 0.2
4152 6618 0.05
4152 6619 0.2
4152 11063 0.01
4152 1215 0.01
4152 9715 0.01
4152 3423 0.01
4152 9716 0.01
4152 2148 0.2
4152 187 0.2
4152 188 0.2
4152 6147 0.01
4152 2032 0.05
4152 10786 0.05
4152 9720 0.05
4152 190 0.2
4152 191 0.05
4152 548 0.01
4152 9362 0.2
4152 8050 0.2
4152 5239 0.2
4152 3431 0.05
4152 193 0.2
4152 10075 0.2
4152 12454 0.01
4152 6440 0.05
4152 12433 0.05
4152 9727 0.01
4152 195 0.05
4152 7700 0.05
4152 197 0.2
4152 3437 0.2
4152 3438 0.05
4152 9733 0.01
4152 1078 0.01
4152 3440 0.01
4152 6637 0.05
4152 6638 0.2
4152 6639 0.05
4152 3443 0.05
4152 6641 0.05
4152 6642 0.2
4152 6643 0.01
4152 9739 0.01
4152 2472 0.01
4152 205 0.01
4152 2151 0.01
4152 4824 0.01
4152 1394 0.2
4152 7475 0.01
4152 6648 0.2
4152 9745 0.01
4152 3451 0.05
4152 211 0.2
4152 8007 0.2
4152 213 0.05
4152 3454 0.2
4152 3455 0.05
4152 9548 0.05
4152 4055 0.01
4152 4322 0.2
4152 5758 0.01
4152 9634 0.2
4152 12288 0.05
4152 218 0.01
4152 4137 0.2
4152 3459 0.01
4152 9047 0.01
4152 8143 0.01
4152 3793 0.01
4152 220 0.05
4152 6657 0.01
4152 221 0.2
4152 8633 0.2
4152 6660 0.05
4152 222 0.01
4152 46 0.05
4152 6661 0.01
4152 1498 0.2
4152 9758 0.01
4152 3466 0.01
4152 10603 0.2
4152 1513 0.2
4152 11975 0.05
4152 3469 0.2
4152 6662 0.2
4152 2685 0.01
4152 3164 0.05
4152 3473 0.01
4152 11651 0.05
4152 1630 0.01
4152 3477 0.05
4152 9770 0.01
4152 233 0.01
4152 1573 0.2
4152 9773 0.05
4152 6668 0.05
4152 9775 0.05
4152 234 0.01
4152 9776 0.01
4152 9777 0.01
4152 6670 0.05
4152 6671 0.2
4152 6672 0.2
4152 4408 0.2
4152 6673 0.2
4152 9780 0.01
4152 5690 0.01
4152 3487 0.2
4152 9782 0.01
4152 241 0.2
4152 8511 0.01
4152 3490 0.01
4152 5772 0.05
4152 3492 0.2
4152 3243 0.01
4152 6682 0.2
4152 8512 0.01
4152 249 0.01
4152 3494 0.2
4152 6685 0.05
4152 252 0.2
4152 5377 0.05
4152 3497 0.01
4152 8817 0.05
4152 8514 0.05
4152 6689 0.01
4152 259 0.05
4152 261 0.01
4152 9793 0.05
4152 3503 0.05
4152 3148 0.01
4152 9796 0.01
4152 3568 0.2
4152 266 0.2
4152 3507 0.05
4152 3508 0.05
4152 9800 0.05
4152 3510 0.2
4152 6700 0.01
4152 270 0.2
4152 5889 0.01
4152 1783 0.05
4152 6706 0.2
4152 6707 0.2
4152 6708 0.05
4152 276 0.2
4152 277 0.2
4152 3551 0.01
4152 3518 0.01
4152 8550 0.2
4152 9810 0.2
4152 10613 0.05
4152 9219 0.05
4152 3807 0.01
4152 9559 0.05
4152 6710 0.2
4152 6711 0.01
4152 2164 0.05
4152 8227 0.01
4152 286 0.2
4152 6712 0.01
4152 3527 0.2
4152 3528 0.01
4152 9819 0.2
4152 9820 0.01
4152 568 0.05
4152 4839 0.05
4152 291 0.05
4152 9822 0.05
4152 7607 0.05
4152 1894 0.2
4152 3220 0.05
4152 296 0.05
4152 1909 0.2
4152 2699 0.2
4152 3535 0.05
4152 1921 0.05
4152 9827 0.05
4152 3538 0.2
4152 6719 0.05
4152 6720 0.05
4152 3539 0.2
4152 303 0.2
4152 4336 0.2
4152 3540 0.2
4152 4046 0.2
4152 9833 0.2
4152 307 0.2
4152 6724 0.2
4152 8523 0.2
4152 311 0.01
4152 6726 0.05
4152 4338 0.05
4152 3546 0.01
4152 6985 0.2
4152 3253 0.05
4152 9837 0.05
4152 312 0.2
4152 9839 0.2
4152 3552 0.2
4152 9841 0.2
4152 9842 0.01
4152 6840 0.05
4152 9843 0.2
4152 3554 0.05
4152 8384 0.05
4152 1511 0.05
4152 3556 0.2
4152 6734 0.2
4152 9849 0.01
4152 6737 0.05
4152 4358 0.05
4152 6739 0.01
4152 3562 0.2
4152 9854 0.01
4152 179 0.05
4152 3565 0.05
4152 3566 0.01
4152 318 0.05
4152 9860 0.2
4152 9861 0.2
4152 5343 0.05
4152 4846 0.05
4152 3570 0.05
4152 3571 0.2
4152 324 0.05
4152 12184 0.2
4152 325 0.2
4152 8495 0.01
4152 3576 0.2
4152 3888 0.01
4152 327 0.2
4152 9030 0.05
4152 3817 0.01
4152 328 0.2
4152 3581 0.2
4152 9876 0.05
4152 10092 0.2
4152 9878 0.2
4152 3585 0.2
4152 3586 0.05
4152 3588 0.01
4152 224 0.05
4152 3590 0.2
4152 6758 0.2
4152 9882 0.01
4152 337 0.01
4152 3187 0.2
4152 339 0.2
4152 1427 0.05
4152 9890 0.2
4152 6762 0.01
4152 3597 0.01
4152 6766 0.2
4152 6767 0.2
4152 353 0.05
4152 354 0.01
4152 2274 0.2
4152 355 0.05
4152 6770 0.05
4152 356 0.01
4152 358 0.05
4152 9899 0.05
4152 3615 0.2
4152 3605 0.05
4152 6773 0.2
4152 5396 0.05
4152 361 0.2
4152 9904 0.05
4152 3607 0.01
4152 3608 0.05
4152 2336 0.2
4152 9908 0.01
4152 9909 0.05
4152 6752 0.01
4152 3613 0.05
4152 368 0.2
4152 10096 0.05
4152 10721 0.01
4152 6783 0.01
4152 4953 0.01
4152 6786 0.05
4152 11116 0.05
4152 3619 0.05
4152 3621 0.2
4152 6788 0.2
4152 9917 0.05
4152 3623 0.2
4152 6789 0.2
4152 10099 0.05
4152 3625 0.01
4152 2948 0.05
4152 3827 0.01
4152 67 0.05
4152 6792 0.2
4152 6793 0.05
4152 6794 0.2
4152 2422 0.01
4152 3629 0.05
4152 6472 0.05
4152 8537 0.05
4152 3633 0.05
4152 387 0.01
4152 388 0.01
4152 9930 0.01
4152 390 0.01
4152 6800 0.05
4152 391 0.01
4152 1656 0.01
4152 392 0.01
4152 3637 0.05
4152 12347 0.01
4152 6801 0.2
4152 9935 0.2
4152 395 0.05
4152 9937 0.01
4152 10126 0.01
4152 3641 0.2
4152 6803 0.2
4152 6804 0.05
4152 401 0.01
4152 6806 0.01
4152 4601 0.2
4152 404 0.2
4152 3268 0.01
4152 405 0.01
4152 5914 0.01
4152 9944 0.05
4152 407 0.2
4152 6810 0.2
4152 9946 0.05
4152 6813 0.05
4152 3647 0.05
4152 4034 0.01
4152 9949 0.01
4152 6815 0.01
4152 1017 0.2
4152 3649 0.2
4152 5916 0.2
4152 10102 0.05
4152 9956 0.2
4152 415 0.05
4152 236 0.01
4152 4525 0.01
4152 6819 0.01
4152 9959 0.2
4152 6822 0.2
4152 2613 0.05
4152 6826 0.01
4152 3658 0.01
4152 7005 0.05
4152 9962 0.01
4152 418 0.2
4152 2184 0.2
4152 3661 0.01
4152 3662 0.01
4152 11758 0.01
4152 3663 0.2
4152 410 0.2
4152 11902 0.2
4152 3666 0.05
4152 6833 0.05
4152 5405 0.01
4152 9967 0.01
4152 3667 0.01
4152 3668 0.05
4152 7544 0.01
4152 424 0.01
4152 3669 0.05
4152 6838 0.2
4152 3671 0.01
4152 8041 0.01
4152 3676 0.01
4152 3678 0.05
4152 9975 0.01
4152 4368 0.01
4152 430 0.01
4152 9980 0.2
4152 9981 0.05
4152 6845 0.05
4152 3682 0.2
4152 9984 0.2
4152 2766 0.05
4152 435 0.05
4152 6850 0.01
4152 437 0.01
4152 3687 0.01
4152 440 0.01
4152 8521 0.05
4152 10387 0.2
4152 9988 0.05
4152 10084 0.05
4152 3691 0.01
4152 9989 0.2
4152 9170 0.05
4152 9991 0.2
4152 3693 0.05
4152 9447 0.01
4152 9183 0.2
4152 4653 0.05
4152 448 0.01
4152 449 0.2
4152 3839 0.05
4152 3698 0.05
4152 3837 0.2
4152 9858 0.05
4152 454 0.05
4152 6859 0.01
4152 3702 0.05
4152 456 0.2
4152 593 0.2
4152 458 0.05
4152 10002 0.05
4152 2887 0.2
4152 460 0.01
4152 3708 0.05
4152 9245 0.01
4152 1445 0.2
4152 10007 0.01
4152 10008 0.2
4152 464 0.2
4152 465 0.2
4152 6873 0.05
4152 6875 0.01
4152 3713 0.05
4152 3714 0.01
4152 470 0.01
4152 10012 0.05
4152 3715 0.05
4152 3716 0.05
4152 473 0.05
4152 474 0.01
4152 11702 0.2
4152 6879 0.05
4152 7558 0.01
4152 6492 0.05
4152 3240 0.2
4152 6882 0.05
4152 5415 0.01
4152 6885 0.2
4152 10016 0.2
4152 3724 0.01
4152 484 0.2
4152 485 0.2
4152 486 0.01
4152 6892 0.05
4152 6893 0.2
4152 10020 0.01
4152 3726 0.05
4152 9375 0.2
4152 1575 0.05
4152 3728 0.05
4152 76 0.05
4152 9384 0.01
4152 2724 0.05
4152 6898 0.05
4152 491 0.2
4152 6902 0.05
4152 6903 0.05
4152 3733 0.01
4152 11693 0.05
4152 7147 0.05
4152 9426 0.05
4152 10028 0.01
4152 2199 0.05
4152 3128 0.05
4152 6909 0.05
4152 3737 0.05
4152 3739 0.01
4152 498 0.01
4152 6496 0.01
4152 6915 0.2
4152 9096 0.2
4152 504 0.2
4152 8306 0.2
4152 3741 0.2
4152 12219 0.01
4152 506 0.01
4152 10033 0.05
4152 6920 0.05
4152 8240 0.01
4152 9498 0.01
4152 10035 0.01
4152 6924 0.2
4152 3197 0.01
4152 515 0.01
4152 6037 0.2
4152 7547 0.2
4152 6926 0.2
4152 3749 0.01
4152 10037 0.05
4152 518 0.01
4152 6930 0.2
4152 520 0.05
4152 5234 0.05
4152 9545 0.01
4152 10041 0.05
4152 10042 0.01
4152 3754 0.05
4152 9573 0.05
4152 526 0.01
4152 4374 0.01
4152 3756 0.05
4152 11155 0.05
4152 11139 0.01
4152 4729 0.2
4152 8561 0.01
4152 3760 0.01
4152 10049 0.01
4152 10050 0.2
4152 150 0.01
4152 3766 0.2
4152 9895 0.2
4152 532 0.2
4152 84 0.01
4152 534 0.05
4152 931 0.2
4152 10120 0.05
4152 2370 0.05
4152 3771 0.01
4152 536 0.01
4152 9764 0.01
4152 3288 0.01
4152 9660 0.2
4152 120 0.2
4152 6951 0.01
4152 3377 0.01
4152 6954 0.01
4152 3778 0.05
4152 541 0.01
4152 3779 0.2
4152 10069 0.01
4152 1136 0.05
4152 543 0.2
4152 544 0.05
4152 545 0.2
4152 3782 0.01
4152 10073 0.01
4152 6963 0.2
4152 606 0.01
4152 549 0.01
4152 9101 0.01
4152 3788 0.05
4152 551 0.01
4152 552 0.05
4152 6967 0.2
4152 3790 0.01
4152 554 0.2
4152 3792 0.2
4152 6970 0.01
4152 6972 0.05
4152 608 0.01
4152 556 0.01
4152 10077 0.01
4152 10078 0.05
4152 3797 0.01
4152 10079 0.01
4152 10080 0.01
4152 3800 0.2
4152 565 0.05
4152 3803 0.2
4152 6976 0.05
4152 10507 0.05
4152 6979 0.01
4152 6980 0.05
4152 570 0.01
4152 6982 0.2
4152 12151 0.01
4152 9830 0.2
4152 411 0.01
4152 3547 0.01
4152 6986 0.2
4152 3813 0.2
4152 10087 0.01
4152 10088 0.01
4152 6989 0.05
4152 574 0.01
4152 9106 0.01
4152 6990 0.05
4152 8570 0.05
4152 6992 0.2
4152 7210 0.05
4152 6994 0.2
4152 3823 0.05
4152 6996 0.2
4152 3824 0.2
4152 10179 0.2
4152 10098 0.05
4152 3826 0.2
4152 6997 0.05
4152 581 0.2
4152 3632 0.2
4152 4894 0.05
4152 6999 0.2
4152 3831 0.2
4152 6946 0.2
4152 587 0.2
4152 3834 0.05
4152 589 0.05
4152 11154 0.2
4152 7007 0.05
4152 10104 0.01
4152 10426 0.2
4152 611 0.05
4152 592 0.01
4152 7010 0.01
4152 3840 0.01
4152 10107 0.01
4152 3842 0.2
4152 1620 0.05
4152 3843 0.05
4152 594 0.01
4152 654 0.2
4152 3845 0.05
4152 3719 0.05
4152 595 0.05
4152 10110 0.05
4152 597 0.05
4152 598 0.01
4152 1688 0.05
4152 7533 0.05
4152 11158 0.01
4152 7016 0.01
4152 3764 0.01
4152 3768 0.05
4152 7019 0.2
4152 9607 0.01
4152 7022 0.05
4152 607 0.2
4152 10122 0.2
4152 3858 0.01
4152 2219 0.2
4152 3859 0.05
4152 10086 0.05
4152 4386 0.01
4152 10125 0.01
4152 8575 0.01
4152 10097 0.01
4152 8562 0.05
4152 3864 0.05
4152 7027 0.05
4152 7029 0.05
4152 10116 0.05
4152 6514 0.2
4152 7537 0.05
4152 10132 0.05
4152 10133 0.01
4152 616 0.05
4152 10134 0.01
4152 8617 0.05
4152 10150 0.01
4152 10137 0.01
4152 19 0.01
4152 2246 0.2
4152 3873 0.01
4152 4422 0.05
4152 10141 0.05
4152 10142 0.01
4152 3874 0.05
4152 624 0.05
4152 8065 0.05
4152 7039 0.2
4152 10147 0.05
4152 2408 0.01
4152 10216 0.2
4152 3877 0.05
4152 629 0.05
4152 10151 0.2
4152 4906 0.2
4152 7044 0.05
4152 10154 0.01
4152 632 0.05
4152 3306 0.01
4152 10156 0.05
4152 633 0.05
4152 10157 0.01
4152 10264 0.05
4152 635 0.2
4152 636 0.01
4152 10160 0.01
4152 7054 0.01
4152 7055 0.01
4152 10162 0.2
4152 640 0.2
4152 10163 0.2
4152 4424 0.05
4152 2338 0.01
4152 10322 0.01
4152 3887 0.2
4152 5422 0.01
4152 10346 0.2
4152 10168 0.2
4152 10169 0.05
4152 3891 0.01
4152 10173 0.05
4152 3895 0.05
4152 4086 0.05
4152 7075 0.2
4152 3993 0.05
4152 10390 0.05
4152 4393 0.2
4152 7077 0.05
4152 10106 0.05
4152 655 0.05
4152 4912 0.01
4152 3902 0.2
4152 3903 0.2
4152 10183 0.01
4152 3906 0.05
4152 7083 0.05
4152 659 0.05
4152 709 0.2
4152 660 0.01
4152 3316 0.2
4152 7087 0.2
4152 662 0.2
4152 4171 0.2
4152 7089 0.2
4152 4176 0.2
4152 2232 0.01
4152 3553 0.01
4152 1152 0.05
4152 7096 0.05
4152 5970 0.2
4152 10194 0.2
4152 10195 0.05
4152 4221 0.2
4152 10196 0.2
4152 10197 0.2
4152 10198 0.05
4152 2234 0.01
4152 3917 0.01
4152 3918 0.01
4152 9126 0.01
4152 535 0.2
4152 2235 0.05
4152 673 0.05
4152 4275 0.05
4152 4555 0.01
4152 4123 0.01
4152 676 0.01
4152 3923 0.05
4152 10573 0.01
4152 10206 0.01
4152 678 0.01
4152 3925 0.05
4152 5814 0.2
4152 9618 0.01
4152 4250 0.05
4152 7116 0.01
4152 684 0.05
4152 5164 0.2
4152 686 0.2
4152 687 0.05
4152 12244 0.01
4152 7120 0.01
4152 7040 0.01
4152 9031 0.01
4152 7122 0.01
4152 10655 0.05
4152 3940 0.2
4152 3941 0.05
4152 10223 0.01
4152 3946 0.01
4152 4032 0.05
4152 1158 0.01
4152 3949 0.2
4152 10228 0.05
4152 10230 0.01
4152 4446 0.01
4152 1674 0.2
4152 10231 0.05
4152 11654 0.05
4152 706 0.2
4152 708 0.2
4152 7139 0.05
4152 3957 0.05
4152 1704 0.05
4152 10236 0.2
4152 7143 0.2
4152 10239 0.2
4152 3962 0.2
4152 10240 0.05
4152 10768 0.2
4152 3964 0.2
4152 714 0.05
4152 3966 0.2
4152 717 0.01
4152 718 0.2
4152 10242 0.2
4152 3969 0.2
4152 11351 0.2
4152 7149 0.2
4152 7150 0.2
4152 4536 0.05
4152 7151 0.2
4152 4552 0.01
4152 10245 0.01
4152 3190 0.01
4152 724 0.05
4152 10247 0.05
4152 3977 0.05
4152 2938 0.05
4152 7161 0.2
4152 10251 0.05
4152 7162 0.05
4152 10253 0.2
4152 5975 0.05
4152 7165 0.01
4152 3983 0.2
4152 10258 0.05
4152 10874 0.05
4152 10694 0.01
4152 10260 0.01
4152 5198 0.2
4152 7171 0.01
4152 10263 0.01
4152 11740 0.01
4152 10265 0.05
4152 10899 0.01
4152 10267 0.01
4152 8083 0.2
4152 10915 0.2
4152 10268 0.2
4152 739 0.05
4152 740 0.05
4152 6960 0.2
4152 7177 0.05
4152 10272 0.05
4152 3995 0.2
4152 10946 0.05
4152 8609 0.05
4152 10275 0.01
4152 8085 0.01
4152 10277 0.01
4152 9011 0.2
4152 4003 0.05
4152 10282 0.2
4152 747 0.01
4152 749 0.05
4152 750 0.01
4152 751 0.05
4152 2776 0.05
4152 10161 0.05
4152 7184 0.01
4152 753 0.05
4152 4007 0.05
4152 10286 0.01
4152 4750 0.05
4152 758 0.05
4152 10289 0.01
4152 10290 0.05
4152 761 0.01
4152 10291 0.05
4152 4014 0.05
4152 5345 0.05
4152 765 0.2
4152 4791 0.01
4152 768 0.05
4152 5992 0.05
4152 4018 0.01
4152 9964 0.05
4152 7194 0.01
4152 4019 0.2
4152 10299 0.01
4152 772 0.05
4152 11182 0.01
4152 775 0.2
4152 4021 0.05
4152 9312 0.2
4152 10305 0.05
4152 778 0.01
4152 7199 0.01
4152 7200 0.01
4152 4025 0.01
4152 4026 0.2
4152 781 0.01
4152 11184 0.01
4152 783 0.2
4152 784 0.05
4152 766 0.05
4152 7207 0.01
4152 10316 0.2
4152 7208 0.2
4152 788 0.01
4152 789 0.01
4152 10317 0.01
4152 10318 0.05
4152 4029 0.01
4152 7212 0.01
4152 793 0.01
4152 10320 0.05
4152 4033 0.05
4152 796 0.2
4152 7216 0.2
4152 4423 0.2
4152 7218 0.05
4152 1895 0.2
4152 4035 0.2
4152 11208 0.01
4152 7991 0.01
4152 7222 0.01
4152 4037 0.05
4152 4783 0.05
4152 4040 0.01
4152 4041 0.01
4152 4043 0.2
4152 11261 0.01
4152 10577 0.01
4152 6022 0.2
4152 4047 0.01
4152 3344 0.01
4152 10333 0.01
4152 8120 0.05
4152 4048 0.05
4152 10335 0.01
4152 10336 0.05
4152 5056 0.2
4152 4051 0.05
4152 5058 0.2
4152 7230 0.2
4152 5064 0.01
4152 4053 0.2
4152 5077 0.05
4152 10341 0.01
4152 2205 0.01
4152 4057 0.05
4152 4058 0.2
4152 11754 0.05
4152 7239 0.01
4152 11389 0.2
4152 4065 0.2
4152 7242 0.2
4152 819 0.01
4152 4066 0.05
4152 7243 0.2
4152 820 0.01
4152 821 0.2
4152 7245 0.05
4152 823 0.01
4152 7246 0.05
4152 9647 0.05
4152 7247 0.2
4152 11430 0.01
4152 7248 0.2
4152 7249 0.05
4152 5184 0.05
4152 10362 0.05
4152 10217 0.2
4152 833 0.05
4152 7254 0.05
4152 10366 0.2
4152 10367 0.2
4152 10368 0.05
4152 838 0.05
4152 10370 0.01
4152 4074 0.05
4152 10371 0.2
4152 4075 0.05
4152 10372 0.01
4152 10373 0.01
4152 4430 0.05
4152 10375 0.01
4152 4078 0.2
4152 9301 0.01
4152 10376 0.01
4152 4080 0.01
4152 845 0.01
4152 5283 0.2
4152 10909 0.01
4152 4083 0.01
4152 8099 0.01
4152 7276 0.05
4152 852 0.01
4152 11602 0.01
4152 853 0.2
4152 4091 0.01
4152 9152 0.05
4152 4093 0.05
4152 2266 0.2
4152 857 0.05
4152 6466 0.2
4152 2796 0.01
4152 7282 0.2
4152 7283 0.05
4152 7284 0.05
4152 10389 0.05
4152 7286 0.01
4152 7287 0.2
4152 8104 0.2
4152 10392 0.2
4152 7289 0.2
4152 7290 0.2
4152 5385 0.2
4152 7291 0.05
4152 865 0.2
4152 3897 0.01
4152 10397 0.05
4152 867 0.2
4152 10398 0.01
4152 4103 0.05
4152 4104 0.01
4152 5419 0.05
4152 10402 0.01
4152 7078 0.05
4152 873 0.01
4152 7303 0.01
4152 877 0.01
4152 11739 0.05
4152 10407 0.05
4152 10409 0.01
4152 4112 0.05
4152 7308 0.05
4152 10413 0.2
4152 6017 0.05
4152 885 0.2
4152 10416 0.05
4152 4115 0.05
4152 5495 0.01
4152 10418 0.05
4152 10419 0.2
4152 7313 0.2
4152 7314 0.05
4152 4119 0.2
4152 1187 0.05
4152 4121 0.2
4152 889 0.2
4152 4122 0.01
4152 10421 0.01
4152 4126 0.01
4152 10424 0.05
4152 897 0.05
4152 4131 0.01
4152 899 0.05
4152 4132 0.05
4152 901 0.01
4152 10430 0.01
4152 4134 0.01
4152 903 0.01
4152 11881 0.2
4152 7324 0.2
4152 904 0.05
4152 9168 0.05
4152 10434 0.01
4152 906 0.2
4152 10436 0.01
4152 8111 0.05
4152 4140 0.01
4152 427 0.01
4152 11765 0.2
4152 4143 0.05
4152 5365 0.2
4152 7330 0.05
4152 658 0.2
4152 914 0.05
4152 4149 0.05
4152 2143 0.01
4152 5643 0.01
4152 10443 0.05
4152 3916 0.2
4152 2659 0.01
4152 7335 0.01
4152 10449 0.01
4152 4154 0.05
4152 4155 0.2
4152 6679 0.2
4152 1194 0.2
4152 919 0.2
4152 5482 0.2
4152 920 0.05
4152 11211 0.2
4152 4159 0.05
4152 12146 0.2
4152 922 0.2
4152 924 0.2
4152 925 0.2
4152 4163 0.01
4152 12022 0.05
4152 4298 0.2
4152 927 0.01
4152 10455 0.05
4152 1681 0.2
4152 4168 0.2
4152 929 0.2
4152 9666 0.05
4152 7347 0.2
4152 932 0.05
4152 7348 0.01
4152 4887 0.05
4152 934 0.05
4152 4173 0.01
4152 4174 0.05
4152 12385 0.2
4152 11215 0.2
4152 10459 0.01
4152 936 0.05
4152 8625 0.05
4152 938 0.05
4152 12096 0.2
4152 7352 0.2
4152 10463 0.01
4152 4182 0.05
4152 972 0.2
4152 942 0.01
4152 10466 0.05
4152 944 0.05
4152 10469 0.05
4152 7354 0.2
4152 10470 0.01
4152 5854 0.01
4152 2114 0.2
4152 8875 0.2
4152 10474 0.05
4152 2281 0.05
4152 7009 0.05
4152 7360 0.01
4152 5893 0.2
4152 5896 0.01
4152 8297 0.01
4152 951 0.01
4152 4202 0.05
4152 10480 0.01
4152 3909 0.05
4152 145 0.01
4152 9176 0.05
4152 10483 0.01
4152 4209 0.01
4152 4211 0.05
4152 8726 0.2
4152 4212 0.2
4152 4213 0.05
4152 4214 0.01
4152 2283 0.2
4152 7368 0.2
4152 7369 0.2
4152 7599 0.05
4152 10492 0.2
4152 967 0.2
4152 968 0.01
4152 969 0.05
4152 7374 0.2
4152 7375 0.01
4152 971 0.2
4152 4220 0.2
4152 973 0.2
4152 974 0.05
4152 12287 0.01
4152 10499 0.01
4152 10500 0.05
4152 3987 0.2
4152 10501 0.2
4152 9672 0.05
4152 4227 0.01
4152 979 0.2
4152 980 0.2
4152 10504 0.01
4152 1473 0.01
4152 7386 0.2
4152 10506 0.05
4152 2288 0.01
4152 10508 0.05
4152 332 0.2
4152 7389 0.01
4152 12371 0.05
4152 985 0.01
4152 4238 0.01
4152 986 0.01
4152 8114 0.2
4152 7395 0.2
4152 7396 0.05
4152 10515 0.01
4152 988 0.2
4152 4243 0.05
4152 10517 0.2
4152 991 0.05
4152 992 0.05
4152 10520 0.01
4152 7402 0.05
4152 10524 0.01
4152 10525 0.2
4152 10526 0.01
4152 4247 0.05
4152 6186 0.01
4152 996 0.05
4152 998 0.05
4152 666 0.2
4152 12446 0.2
4152 1001 0.2
4152 6203 0.2
4152 1003 0.01
4152 10532 0.01
4152 1004 0.01
4152 7409 0.01
4152 4254 0.01
4152 1007 0.01
4152 1008 0.01
4152 1011 0.05
4152 672 0.01
4152 1014 0.01
4152 1015 0.05
4152 4258 0.05
4152 7415 0.01
4152 4261 0.2
4152 1409 0.2
4152 7417 0.05
4152 6582 0.2
4152 4263 0.01
4152 11884 0.05
4152 7420 0.2
4152 7421 0.2
4152 6736 0.05
4152 7423 0.01
4152 1022 0.05
4152 4265 0.01
4152 10542 0.05
4152 6049 0.01
4152 10545 0.05
4152 10546 0.01
4152 10547 0.2
4152 7429 0.05
4152 1027 0.2
4152 1028 0.01
4152 4271 0.2
4152 7431 0.01
4152 10553 0.01
4152 8131 0.01
4152 7432 0.01
4152 10556 0.05
4152 1035 0.01
4152 10202 0.2
4152 4276 0.2
4152 4278 0.2
4152 10558 0.01
4152 4280 0.05
4152 1214 0.2
4152 3922 0.05
4152 12634 0.01
4152 10563 0.05
4152 10564 0.05
4152 10565 0.05
4152 10566 0.01
4152 15 0.2
4152 4958 0.05
4152 11232 0.01
4152 4288 0.01
4152 4836 0.01
4152 7179 0.2
4152 4290 0.2
4152 4291 0.05
4152 8135 0.2
4152 7448 0.2
4152 4294 0.2
4152 7449 0.01
4152 9144 0.2
4152 1055 0.01
4152 1056 0.2
4152 7452 0.05
4152 7453 0.2
4152 10578 0.05
4152 10579 0.05
4152 4300 0.05
4152 7608 0.2
4152 11235 0.05
4152 4302 0.01
4152 4342 0.01
4152 1062 0.01
4152 10583 0.05
4152 1064 0.01
4152 9686 0.01
4152 10585 0.2
4152 4310 0.05
4152 10587 0.01
4152 7465 0.2
4152 10588 0.05
4152 1068 0.2
4152 1766 0.05
4152 158 0.05
4152 4313 0.2
4152 1071 0.01
4152 7468 0.05
4152 9688 0.05
4152 4644 0.01
4152 12237 0.01
4152 4318 0.01
4152 8139 0.2
4152 1075 0.2
4152 7473 0.2
4152 1079 0.01
4152 1082 0.2
4152 7476 0.01
4152 1084 0.05
4152 10893 0.05
4152 227 0.2
4152 1087 0.2
4152 10605 0.2
4152 10606 0.05
4152 7479 0.01
4152 4326 0.2
4152 10607 0.01
4152 6832 0.2
4152 10608 0.05
4152 265 0.01
4152 10611 0.05
4152 4330 0.2
4152 279 0.05
4152 10614 0.05
4152 1097 0.01
4152 1098 0.01
4152 10616 0.01
4152 7487 0.05
4152 1099 0.2
4152 2531 0.01
4152 2564 0.2
4152 1100 0.05
4152 10619 0.05
4152 1103 0.01
4152 1104 0.05
4152 7494 0.05
4152 10870 0.05
4152 7495 0.01
4152 7496 0.2
4152 4344 0.05
4152 2886 0.01
4152 6974 0.05
4152 10626 0.05
4152 5066 0.2
4152 1108 0.05
4152 1109 0.05
4152 371 0.01
4152 7499 0.01
4152 10630 0.05
4152 10632 0.05
4152 7501 0.01
4152 10214 0.2
4152 1111 0.01
4152 4355 0.01
4152 10636 0.2
4152 1113 0.2
4152 1877 0.2
4152 9610 0.01
4152 1114 0.05
4152 11493 0.01
4152 7506 0.01
4152 7507 0.05
4152 12161 0.05
4152 10640 0.05
4152 6159 0.01
4152 5302 0.01
4152 10641 0.2
4152 7509 0.01
4152 4474 0.2
4152 7511 0.01
4152 10645 0.01
4152 6144 0.01
4152 10646 0.05
4152 7513 0.05
4152 4369 0.2
4152 167 0.2
4152 4371 0.01
4152 10650 0.2
4152 4372 0.2
4152 10651 0.2
4152 1914 0.2
4152 168 0.2
4152 10653 0.05
4152 523 0.2
4152 8653 0.2
4152 7521 0.05
4152 6940 0.01
4152 7522 0.05
4152 7524 0.01
4152 10219 0.05
4152 7526 0.05
4152 4377 0.01
4152 10662 0.2
4152 4379 0.05
4152 4380 0.05
4152 6606 0.2
4152 10666 0.01
4152 1137 0.01
4152 10668 0.01
4152 10220 0.01
4152 10669 0.2
4152 4383 0.01
4152 602 0.01
4152 1143 0.05
4152 7536 0.01
4152 3415 0.05
4152 4387 0.05
4152 4388 0.05
4152 1145 0.2
4152 10675 0.01
4152 9702 0.05
4152 7543 0.01
4152 10678 0.2
4152 8372 0.2
4152 10680 0.01
4152 7545 0.01
4152 4398 0.05
4152 7098 0.01
4152 4400 0.01
4152 7549 0.2
4152 10683 0.2
4152 1157 0.2
4152 690 0.01
4152 4404 0.2
4152 4405 0.01
4152 10396 0.05
4152 10688 0.01
4152 1159 0.2
4152 10690 0.2
4152 7158 0.01
4152 7554 0.01
4152 4412 0.2
4152 732 0.2
4152 10695 0.2
4152 4415 0.01
4152 10697 0.05
4152 10792 0.01
4152 10698 0.2
4152 4418 0.2
4152 4419 0.05
4152 7561 0.2
4152 7562 0.2
4152 7563 0.01
4152 9338 0.05
4152 7566 0.2
4152 7567 0.01
4152 7568 0.01
4152 7569 0.05
4152 7572 0.01
4152 7573 0.2
4152 4426 0.2
4152 1785 0.05
4152 4428 0.01
4152 9601 0.2
4152 9529 0.05
4152 7255 0.05
4152 10707 0.01
4152 1179 0.05
4152 7273 0.2
4152 4431 0.05
4152 1183 0.2
4152 7580 0.05
4152 6754 0.05
4152 10712 0.01
4152 6616 0.2
4152 1186 0.01
4152 3172 0.2
4152 4436 0.05
4152 10713 0.05
4152 9710 0.2
4152 4439 0.2
4152 10716 0.05
4152 4441 0.01
4152 7589 0.01
4152 1193 0.05
4152 12005 0.2
4152 4442 0.01
4152 7592 0.2
4152 2324 0.05
4152 1195 0.2
4152 1196 0.01
4152 3061 0.2
4152 946 0.01
4152 1200 0.2
4152 1201 0.2
4152 7598 0.01
4152 4448 0.2
4152 7370 0.01
4152 7600 0.01
4152 4450 0.2
4152 7602 0.01
4152 1204 0.01
4152 2326 0.01
4152 1206 0.2
4152 999 0.01
4152 10733 0.2
4152 1208 0.01
4152 180 0.2
4152 9108 0.05
4152 4458 0.01
4152 1029 0.01
4152 6193 0.05
4152 10739 0.01
4152 182 0.2
4152 1216 0.01
4152 5517 0.2
4152 10741 0.01
4152 10742 0.2
4152 4462 0.01
4152 1219 0.2
4152 10232 0.01
4152 1221 0.05
4152 10745 0.01
4152 1223 0.05
4152 1224 0.01
4152 284 0.05
4152 6093 0.01
4152 7614 0.01
4152 1227 0.2
4152 4219 0.2
4152 10765 0.01
4152 7616 0.05
4152 7618 0.05
4152 7619 0.05
4152 4476 0.05
4152 4478 0.2
4152 1231 0.2
4152 4482 0.2
4152 6624 0.05
4152 4484 0.05
4152 7625 0.2
4152 12412 0.01
4152 7577 0.2
4152 10755 0.01
4152 4487 0.01
4152 1237 0.05
4152 3428 0.05
4152 1198 0.01
4152 10759 0.2
4152 1240 0.2
4152 10761 0.01
4152 10762 0.05
4152 1241 0.05
4152 1222 0.05
4152 4492 0.05
4152 7635 0.01
4152 1248 0.05
4152 1250 0.01
4152 4496 0.05
4152 4497 0.05
4152 7639 0.01
4152 10770 0.01
4152 4498 0.01
4152 7642 0.2
4152 10774 0.05
4152 4501 0.2
4152 5665 0.05
4152 7643 0.01
4152 9721 0.05
4152 7646 0.01
4152 7647 0.05
4152 4506 0.01
4152 7650 0.05
4152 12334 0.05
4152 8671 0.01
4152 1265 0.05
4152 12335 0.01
4152 716 0.05
4152 4513 0.2
4152 10005 0.01
4152 7653 0.2
4152 1270 0.05
4152 4515 0.05
4152 2560 0.05
4152 1125 0.2
4152 10782 0.01
4152 9950 0.05
4152 7765 0.01
4152 1278 0.2
4152 7657 0.05
4152 10787 0.05
4152 7658 0.05
4152 7782 0.05
4152 11848 0.01
4152 10788 0.05
4152 7659 0.01
4152 8168 0.05
4152 7660 0.01
4152 4522 0.01
4152 7661 0.01
4152 10790 0.2
4152 10791 0.05
4152 1287 0.05
4152 8620 0.01
4152 7663 0.2
4152 1289 0.2
4152 1290 0.2
4152 2867 0.01
4152 4528 0.01
4152 10793 0.05
4152 10794 0.2
4152 3522 0.05
4152 10797 0.2
4152 7859 0.05
4152 1294 0.2
4152 7674 0.01
4152 7676 0.05
4152 719 0.2
4152 7682 0.2
4152 2870 0.05
4152 1302 0.2
4152 10801 0.05
4152 9671 0.01
4152 1306 0.01
4152 7688 0.2
4152 6407 0.01
4152 10806 0.01
4152 7690 0.05
4152 7691 0.05
4152 5149 0.01
4152 1309 0.2
4152 1310 0.2
4152 1311 0.2
4152 10811 0.2
4152 7697 0.2
4152 6677 0.01
4152 1057 0.2
4152 4548 0.05
4152 1313 0.2
4152 9167 0.01
4152 2357 0.01
4152 7705 0.01
4152 3425 0.05
4152 7706 0.2
4152 11772 0.2
4152 10821 0.05
4152 394 0.2
4152 10340 0.05
4152 1321 0.01
4152 2341 0.05
4152 1326 0.01
4152 1329 0.01
4152 1330 0.01
4152 1331 0.2
4152 4561 0.05
4152 3976 0.2
4152 1333 0.05
4152 4564 0.05
4152 4565 0.2
4152 4950 0.05
4152 11216 0.2
4152 10834 0.01
4152 10835 0.2
4152 7718 0.05
4152 4567 0.2
4152 9227 0.2
4152 1342 0.2
4152 1752 0.2
4152 4569 0.05
4152 11555 0.01
4152 10843 0.05
4152 4571 0.05
4152 1345 0.2
4152 1346 0.01
4152 2087 0.01
4152 3594 0.05
4152 7723 0.01
4152 10847 0.05
4152 2030 0.05
4152 1780 0.05
4152 7725 0.01
4152 1349 0.2
4152 4578 0.05
4152 1352 0.05
4152 2880 0.01
4152 7728 0.05
4152 8175 0.2
4152 202 0.01
4152 10849 0.2
4152 11655 0.01
4152 1358 0.01
4152 10853 0.2
4152 7736 0.01
4152 10855 0.01
4152 8209 0.05
4152 4588 0.01
4152 7719 0.01
4152 12513 0.05
4152 7740 0.05
4152 6983 0.2
4152 1364 0.2
4152 10859 0.01
4152 1365 0.01
4152 4594 0.2
4152 10862 0.2
4152 4596 0.05
4152 10863 0.2
4152 1371 0.01
4152 9549 0.01
4152 8291 0.2
4152 1374 0.01
4152 10864 0.01
4152 7749 0.05
4152 1376 0.01
4152 7750 0.01
4152 12353 0.05
4152 7753 0.01
4152 7754 0.2
4152 315 0.05
4152 4609 0.01
4152 10871 0.05
4152 4610 0.2
4152 7759 0.2
4152 7760 0.05
4152 1387 0.01
4152 1388 0.01
4152 9741 0.05
4152 4614 0.01
4152 10876 0.2
4152 1389 0.01
4152 4617 0.01
4152 7656 0.05
4152 5038 0.2
4152 7766 0.2
4152 4620 0.2
4152 4621 0.2
4152 5039 0.01
4152 4623 0.01
4152 1395 0.05
4152 10881 0.2
4152 6178 0.05
4152 1399 0.2
4152 9744 0.01
4152 10884 0.2
4152 4628 0.2
4152 7776 0.2
4152 10885 0.01
4152 1404 0.05
4152 1405 0.01
4152 7777 0.05
4152 1407 0.05
4152 11012 0.01
4152 7779 0.01
4152 8694 0.2
4152 1410 0.2
4152 7781 0.01
4152 4632 0.2
4152 10058 0.05
4152 1414 0.01
4152 1415 0.05
4152 1416 0.2
4152 7786 0.05
4152 12274 0.05
4152 1417 0.05
4152 1418 0.2
4152 11134 0.2
4152 4638 0.01
4152 1422 0.01
4152 4640 0.2
4152 5046 0.01
4152 4641 0.2
4152 1424 0.2
4152 4642 0.01
4152 7795 0.2
4152 7797 0.05
4152 1428 0.01
4152 1429 0.01
4152 7800 0.01
4152 7801 0.01
4152 1432 0.2
4152 5638 0.01
4152 7804 0.2
4152 8606 0.01
4152 7807 0.01
4152 7808 0.01
4152 4648 0.01
4152 1436 0.01
4152 5695 0.05
4152 7811 0.05
4152 7176 0.01
4152 4524 0.2
4152 11649 0.05
4152 4652 0.01
4152 7172 0.2
4152 7814 0.01
4152 4655 0.01
4152 2509 0.01
4152 10920 0.2
4152 10921 0.2
4152 1288 0.01
4152 10923 0.05
4152 4659 0.2
4152 10924 0.05
4152 10925 0.2
4152 8665 0.05
4152 7825 0.01
4152 7827 0.2
4152 1641 0.01
4152 7595 0.01
4152 4664 0.05
4152 4665 0.05
4152 10931 0.01
4152 7832 0.01
4152 1452 0.05
4152 7835 0.01
4152 1454 0.2
4152 2392 0.01
4152 811 0.2
4152 12420 0.05
4152 7839 0.01
4152 11316 0.01
4152 10938 0.01
4152 1457 0.01
4152 10940 0.01
4152 6621 0.01
4152 4669 0.05
4152 1462 0.01
4152 2432 0.05
4152 1464 0.01
4152 2359 0.2
4152 10943 0.01
4152 10944 0.05
4152 4674 0.2
4152 10945 0.2
4152 10948 0.2
4152 10949 0.2
4152 4680 0.2
4152 10950 0.2
4152 10951 0.2
4152 7671 0.2
4152 6078 0.05
4152 7855 0.05
4152 7856 0.01
4152 1293 0.2
4152 1476 0.2
4152 10953 0.2
4152 4687 0.2
4152 1478 0.01
4152 4688 0.05
4152 3463 0.05
4152 8896 0.01
4152 7865 0.2
4152 10957 0.05
4152 7868 0.05
4152 10960 0.05
4152 1483 0.05
4152 10962 0.2
4152 1484 0.01
4152 9754 0.2
4152 7872 0.01
4152 7873 0.01
4152 4532 0.05
4152 7875 0.05
4152 10968 0.05
4152 11318 0.2
4152 7877 0.05
4152 1489 0.01
4152 7879 0.2
4152 4700 0.01
4152 10974 0.2
4152 4701 0.01
4152 7884 0.01
4152 4704 0.01
4152 6617 0.2
4152 225 0.2
4152 7887 0.2
4152 7888 0.01
4152 7889 0.2
4152 1501 0.05
4152 11323 0.05
4152 10978 0.2
4152 8975 0.2
4152 10980 0.2
4152 7890 0.2
4152 1301 0.01
4152 9060 0.01
4152 8715 0.2
4152 7891 0.01
4152 7892 0.2
4152 10984 0.01
4152 1508 0.01
4152 4716 0.01
4152 2764 0.01
4152 7894 0.2
4152 10989 0.2
4152 11324 0.2
4152 4721 0.01
4152 10993 0.01
4152 228 0.2
4152 7897 0.2
4152 634 0.01
4152 5557 0.05
4152 11325 0.2
4152 4724 0.2
4152 9150 0.01
4152 10997 0.05
4152 1517 0.05
4152 7899 0.05
4152 11326 0.2
4152 7901 0.01
4152 9163 0.01
4152 4727 0.01
4152 10284 0.05
4152 9914 0.05
4152 2824 0.01
4152 7908 0.01
4152 1523 0.01
4152 7909 0.2
4152 2765 0.2
4152 7911 0.01
4152 1525 0.2
4152 1834 0.01
4152 1527 0.2
4152 723 0.05
4152 3472 0.01
4152 1532 0.05
4152 1534 0.2
4152 9242 0.2
4152 11008 0.2
4152 8719 0.01
4152 4737 0.2
4152 1536 0.05
4152 7922 0.05
4152 1539 0.01
4152 1540 0.2
4152 9299 0.05
4152 1308 0.05
4152 7925 0.01
4152 1541 0.01
4152 5004 0.01
4152 11011 0.01
4152 10807 0.2
4152 1545 0.2
4152 4746 0.01
4152 7376 0.2
4152 5869 0.01
4152 4751 0.01
4152 8211 0.05
4152 11865 0.01
4152 1552 0.2
4152 7937 0.2
4152 7320 0.2
4152 4758 0.01
4152 11021 0.01
4152 6133 0.2
4152 11023 0.01
4152 11025 0.05
4152 4761 0.01
4152 5071 0.05
4152 1559 0.2
4152 1560 0.2
4152 8936 0.05
4152 7944 0.01
4152 7945 0.2
4152 7946 0.2
4152 7947 0.2
4152 7715 0.01
4152 7948 0.2
4152 4767 0.01
4152 11034 0.05
4152 1569 0.05
4152 4769 0.05
4152 4770 0.2
4152 4771 0.01
4152 3479 0.2
4152 762 0.2
4152 11039 0.05
4152 3135 0.05
4152 11041 0.05
4152 11847 0.01
4152 11043 0.01
4152 11044 0.2
4152 7043 0.01
4152 1580 0.2
4152 11046 0.2
4152 7962 0.2
4152 9423 0.2
4152 1581 0.05
4152 1583 0.05
4152 11050 0.05
4152 3481 0.2
4152 7964 0.01
4152 1843 0.01
4152 7967 0.01
4152 1586 0.05
4152 7968 0.2
4152 1587 0.2
4152 7969 0.01
4152 7970 0.05
4152 11056 0.05
4152 11057 0.05
4152 3218 0.01
4152 6669 0.2
4152 9355 0.05
4152 4788 0.05
4152 7973 0.01
4152 11060 0.01
4152 4789 0.2
4152 1592 0.01
4152 8062 0.01
4152 11065 0.2
4152 4793 0.05
4152 10326 0.01
4152 11068 0.05
4152 1596 0.05
4152 11069 0.2
4152 11071 0.05
4152 7982 0.01
4152 4796 0.05
4152 4797 0.2
4152 6137 0.2
4152 4798 0.05
4152 1604 0.2
4152 2923 0.01
4152 11076 0.05
4152 7989 0.05
4152 4802 0.2
4152 1609 0.01
4152 1610 0.01
4152 4804 0.05
4152 7993 0.01
4152 7192 0.05
4152 11083 0.2
4152 4805 0.01
4152 4806 0.05
4152 661 0.05
4152 2112 0.2
4152 11014 0.01
4152 3370 0.05
4152 1616 0.05
4152 3375 0.01
4152 1617 0.2
4152 10818 0.05
4152 11088 0.2
4152 7530 0.01
4152 7998 0.2
4152 1619 0.2
4152 9698 0.01
4152 4817 0.2
4152 11091 0.05
4152 11092 0.01
4152 1622 0.05
4152 11094 0.01
4152 11343 0.01
4152 8003 0.05
4152 5669 0.2
4152 1625 0.2
4152 4827 0.2
4152 1319 0.05
4152 2388 0.2
4152 1939 0.05
4152 11100 0.01
4152 7196 0.2
4152 9781 0.2
4152 1634 0.2
4152 4831 0.01
4152 7422 0.01
4152 11103 0.01
4152 4834 0.01
4152 8910 0.05
4152 11105 0.01
4152 9809 0.01
4152 8017 0.05
4152 8018 0.05
4152 4022 0.2
4152 1640 0.01
4152 11107 0.2
4152 7708 0.2
4152 1642 0.2
4152 3617 0.01
4152 11109 0.05
4152 2350 0.2
4152 11110 0.2
4152 1648 0.05
4152 12398 0.2
4152 1649 0.01
4152 8023 0.2
4152 8026 0.05
4152 4331 0.05
4152 8027 0.01
4152 1655 0.2
4152 9387 0.01
4152 3618 0.05
4152 10703 0.2
4152 7942 0.01
4152 8033 0.2
4152 8034 0.2
4152 4858 0.01
4152 8036 0.05
4152 1485 0.05
4152 1659 0.01
4152 1660 0.01
4152 8039 0.2
4152 1663 0.01
4152 3674 0.01
4152 1665 0.2
4152 1666 0.05
4152 11196 0.2
4152 7202 0.2
4152 11128 0.05
4152 1667 0.2
4152 11130 0.01
4152 4866 0.2
4152 11132 0.2
4152 8044 0.2
4152 8045 0.2
4152 4870 0.2
4152 1670 0.2
4152 8046 0.05
4152 11137 0.05
4152 4872 0.05
4152 5872 0.01
4152 1672 0.01
4152 4876 0.01
4152 4877 0.05
4152 3752 0.2
4152 8051 0.01
4152 1675 0.05
4152 8054 0.2
4152 3769 0.2
4152 8055 0.2
4152 4883 0.05
4152 5242 0.01
4152 11143 0.01
4152 8057 0.05
4152 1678 0.05
4152 1679 0.01
4152 4886 0.05
4152 11146 0.01
4152 10081 0.05
4152 11148 0.05
4152 8060 0.2
4152 253 0.05
4152 11151 0.01
4152 6150 0.05
4152 1686 0.05
4152 786 0.05
4152 3757 0.01
4152 4895 0.01
4152 4897 0.05
4152 4898 0.01
4152 1689 0.2
4152 56 0.2
4152 5840 0.05
4152 11159 0.05
4152 1691 0.2
4152 7209 0.2
4152 10775 0.01
4152 1695 0.05
4152 9273 0.01
4152 4907 0.2
4152 8067 0.01
4152 8068 0.2
4152 8069 0.01
4152 8070 0.05
4152 1698 0.05
4152 3019 0.05
4152 11165 0.05
4152 8919 0.05
4152 4915 0.05
4152 8075 0.2
4152 8076 0.2
4152 9039 0.2
4152 9791 0.2
4152 5923 0.01
4152 4923 0.01
4152 5594 0.2
4152 4924 0.01
4152 4925 0.05
4152 8081 0.01
4152 4926 0.2
4152 1707 0.2
4152 1864 0.2
4152 11177 0.2
4152 7213 0.01
4152 1709 0.05
4152 1710 0.05
4152 10281 0.2
4152 7214 0.01
4152 4933 0.05
4152 4934 0.2
4152 1715 0.2
4152 10306 0.01
4152 10310 0.2
4152 4566 0.2
4152 4028 0.05
4152 1718 0.01
4152 8090 0.05
4152 1720 0.2
4152 3482 0.2
4152 10328 0.01
4152 11188 0.05
4152 4943 0.01
4152 5101 0.01
4152 11189 0.01
4152 4945 0.01
4152 1724 0.05
4152 1725 0.01
4152 8092 0.2
4152 11192 0.05
4152 8093 0.2
4152 10353 0.05
4152 1730 0.2
4152 8096 0.01
4152 4951 0.05
4152 11194 0.2
4152 1733 0.01
4152 1734 0.01
4152 11195 0.01
4152 8103 0.01
4152 4956 0.01
4152 4957 0.2
4152 11198 0.2
4152 8105 0.05
4152 1740 0.2
4152 4959 0.05
4152 8108 0.2
4152 11202 0.01
4152 11203 0.2
4152 11205 0.01
4152 4138 0.2
4152 6108 0.01
4152 4036 0.01
4152 1746 0.2
4152 4963 0.01
4152 8115 0.2
4152 8242 0.2
4152 11214 0.01
4152 4966 0.05
4152 4559 0.01
4152 8118 0.01
4152 4970 0.05
4152 11220 0.2
4152 4971 0.05
4152 1754 0.01
4152 6163 0.01
4152 4978 0.05
4152 11225 0.01
4152 4981 0.2
4152 8245 0.01
4152 1759 0.01
4152 11228 0.2
4152 5108 0.2
4152 1760 0.05
4152 1762 0.05
4152 8132 0.05
4152 11231 0.01
4152 4986 0.05
4152 8134 0.2
4152 5735 0.05
4152 4988 0.2
4152 4196 0.2
4152 4990 0.2
4152 11237 0.01
4152 4991 0.01
4152 1286 0.01
4152 1768 0.01
4152 5842 0.01
4152 8140 0.01
4152 12414 0.2
4152 4995 0.01
4152 4996 0.05
4152 1347 0.05
4152 1772 0.01
4152 8145 0.2
4152 1773 0.01
4152 4998 0.2
4152 4999 0.2
4152 8148 0.01
4152 2839 0.01
4152 4364 0.2
4152 5000 0.05
4152 1348 0.05
4152 11250 0.05
4152 5002 0.2
4152 4375 0.2
4152 6842 0.05
4152 8154 0.05
4152 9521 0.2
4152 2218 0.05
4152 1779 0.2
4152 5006 0.01
4152 1781 0.2
4152 11255 0.05
4152 4402 0.01
4152 8157 0.2
4152 8160 0.2
4152 11260 0.01
4152 1787 0.05
4152 11262 0.05
4152 1789 0.2
4152 11264 0.05
4152 11266 0.01
4152 5011 0.01
4152 5012 0.01
4152 11267 0.05
4152 11268 0.2
4152 5014 0.01
4152 8162 0.01
4152 11271 0.2
4152 4488 0.2
4152 5018 0.2
4152 7727 0.05
4152 5019 0.01
4152 5020 0.2
4152 1800 0.05
4152 11275 0.01
4152 11276 0.01
4152 8167 0.05
4152 11277 0.2
4152 11278 0.05
4152 5025 0.05
4152 1804 0.01
4152 11280 0.2
4152 1353 0.01
4152 8171 0.05
4152 9043 0.01
4152 5028 0.01
4152 9292 0.2
4152 5029 0.01
4152 8173 0.01
4152 278 0.2
4152 11289 0.2
4152 1355 0.2
4152 7226 0.01
4152 4581 0.01
4152 1814 0.01
4152 8177 0.05
4152 11294 0.05
4152 5036 0.05
4152 5037 0.05
4152 8179 0.05
4152 8180 0.01
4152 2784 0.01
4152 1817 0.05
4152 4624 0.01
4152 11303 0.2
4152 1819 0.2
4152 5045 0.2
4152 11307 0.05
4152 9812 0.01
4152 11309 0.2
4152 1823 0.2
4152 11310 0.05
4152 8188 0.2
4152 11314 0.01
4152 8190 0.05
4152 8191 0.2
4152 3400 0.01
4152 8194 0.05
4152 1826 0.01
4152 8199 0.05
4152 4697 0.05
4152 11319 0.05
4152 808 0.05
4152 5059 0.2
4152 11399 0.01
4152 1827 0.2
4152 4706 0.2
4152 1828 0.01
4152 1829 0.01
4152 1831 0.2
4152 10854 0.01
4152 8441 0.05
4152 9913 0.01
4152 8206 0.01
4152 5063 0.01
4152 12427 0.01
4152 11328 0.2
4152 1794 0.01
4152 8208 0.05
4152 2967 0.05
4152 8210 0.05
4152 11017 0.2
4152 8212 0.01
4152 11332 0.01
4152 11333 0.05
4152 1884 0.01
4152 11335 0.2
4152 1839 0.05
4152 5074 0.01
4152 8215 0.05
4152 8216 0.2
4152 11337 0.01
4152 9283 0.01
4152 11338 0.01
4152 5078 0.01
4152 8221 0.05
4152 9055 0.05
4152 1847 0.05
4152 10856 0.01
4152 1849 0.05
4152 4822 0.2
4152 1850 0.2
4152 8224 0.01
4152 5085 0.05
4152 5086 0.2
4152 11346 0.01
4152 8228 0.05
4152 11349 0.2
4152 11350 0.05
4152 1857 0.05
4152 8232 0.2
4152 5090 0.2
4152 5091 0.01
4152 11352 0.2
4152 5360 0.01
4152 1888 0.2
4152 5093 0.05
4152 5094 0.05
4152 5095 0.2
4152 5097 0.01
4152 4592 0.01
4152 11921 0.01
4152 1863 0.05
4152 4510 0.2
4152 8237 0.01
4152 11361 0.2
4152 1865 0.05
4152 11363 0.01
4152 11365 0.05
4152 11366 0.05
4152 11367 0.01
4152 5106 0.05
4152 2025 0.2
4152 11369 0.2
4152 5620 0.2
4152 8246 0.2
4152 6680 0.01
4152 1892 0.05
4152 11373 0.01
4152 11374 0.01
4152 1873 0.01
4152 11375 0.2
4152 5115 0.05
4152 8252 0.2
4152 1875 0.2
4152 8255 0.01
4152 11300 0.01
4152 1879 0.01
4152 2657 0.2
4152 11379 0.05
4152 1881 0.05
4152 1883 0.2
4152 8258 0.2
4152 7038 0.01
4152 1886 0.2
4152 11385 0.01
4152 11386 0.2
4152 11387 0.05
4152 8262 0.2
4152 1889 0.2
4152 1890 0.2
4152 5123 0.01
4152 11372 0.05
4152 8031 0.05
4152 2172 0.2
4152 5125 0.01
4152 8267 0.01
4152 8268 0.2
4152 5127 0.05
4152 5128 0.05
4152 1896 0.2
4152 8270 0.01
4152 1899 0.05
4152 5134 0.2
4152 1901 0.2
4152 8277 0.2
4152 1902 0.2
4152 11395 0.2
4152 5576 0.05
4152 8089 0.2
4152 4067 0.2
4152 11402 0.05
4152 297 0.2
4152 1372 0.05
4152 8283 0.2
4152 5131 0.2
4152 5147 0.2
4152 8285 0.2
4152 1913 0.2
4152 8783 0.2
4152 5265 0.2
4152 10495 0.2
4152 11508 0.05
4152 11393 0.01
4152 11408 0.2
4152 822 0.05
4152 5150 0.01
4152 11411 0.2
4152 2984 0.05
4152 8294 0.2
4152 5153 0.05
4152 6003 0.2
4152 299 0.2
4152 8296 0.01
4152 1282 0.01
4152 1922 0.05
4152 5156 0.2
4152 11416 0.01
4152 1375 0.05
4152 824 0.01
4152 8298 0.2
4152 1926 0.05
4152 5159 0.2
4152 11421 0.2
4152 11423 0.01
4152 4602 0.01
4152 12472 0.01
4152 1928 0.01
4152 8304 0.01
4152 5166 0.01
4152 5167 0.05
4152 1931 0.01
4152 3710 0.05
4152 1932 0.05
4152 11426 0.2
4152 827 0.2
4152 1934 0.01
4152 5171 0.05
4152 1935 0.2
4152 1936 0.2
4152 5175 0.01
4152 11434 0.2
4152 304 0.05
4152 770 0.01
4152 10359 0.05
4152 8313 0.2
4152 11438 0.01
4152 8314 0.05
4152 7168 0.05
4152 1944 0.01
4152 5179 0.2
4152 1946 0.05
4152 8317 0.01
4152 8318 0.2
4152 8319 0.01
4152 5183 0.05
4152 11443 0.2
4152 11444 0.2
4152 11445 0.01
4152 8320 0.2
4152 1949 0.2
4152 11448 0.01
4152 1951 0.05
4152 5190 0.2
4152 11450 0.2
4152 3536 0.2
4152 1955 0.05
4152 8323 0.2
4152 11981 0.01
4152 8324 0.2
4152 1957 0.01
4152 11453 0.2
4152 8325 0.2
4152 9824 0.01
4152 11455 0.05
4152 1960 0.01
4152 5195 0.05
4152 11458 0.05
4152 11459 0.2
4152 8327 0.01
4152 1963 0.01
4152 5197 0.2
4152 8329 0.2
4152 11463 0.2
4152 5497 0.05
4152 8332 0.05
4152 8333 0.01
4152 8334 0.2
4152 11468 0.01
4152 5203 0.05
4152 11469 0.2
4152 1968 0.05
4152 8336 0.2
4152 5207 0.2
4152 11473 0.01
4152 5210 0.05
4152 11475 0.2
4152 1975 0.05
4152 9919 0.01
4152 5145 0.2
4152 5215 0.05
4152 1976 0.2
4152 2443 0.05
4152 1978 0.05
4152 11478 0.05
4152 8343 0.2
4152 5218 0.01
4152 8345 0.01
4152 8346 0.01
4152 5967 0.2
4152 839 0.05
4152 8349 0.05
4152 1985 0.01
4152 11915 0.2
4152 1987 0.2
4152 289 0.01
4152 5224 0.01
4152 11487 0.2
4152 11488 0.05
4152 8356 0.2
4152 11489 0.05
4152 8287 0.01
4152 1993 0.05
4152 4993 0.01
4152 11494 0.05
4152 8796 0.05
4152 5684 0.2
4152 9838 0.01
4152 11356 0.01
4152 5230 0.2
4152 11499 0.05
4152 5231 0.2
4152 620 0.05
4152 313 0.2
4152 11501 0.01
4152 1999 0.01
4152 842 0.01
4152 12016 0.05
4152 2001 0.01
4152 8365 0.01
4152 2002 0.01
4152 8367 0.2
4152 5236 0.2
4152 2004 0.05
4152 5739 0.2
4152 5237 0.05
4152 2006 0.05
4152 11509 0.01
4152 11511 0.01
4152 11512 0.01
4152 4615 0.05
4152 5359 0.2
4152 2008 0.01
4152 8375 0.01
4152 5244 0.01
4152 8377 0.2
4152 5245 0.01
4152 5246 0.2
4152 10488 0.05
4152 12100 0.01
4152 5251 0.01
4152 8381 0.01
4152 8382 0.05
4152 8292 0.2
4152 5816 0.01
4152 11650 0.2
4152 9845 0.2
4152 6209 0.05
4152 2016 0.01
4152 11526 0.05
4152 2018 0.2
4152 3951 0.2
4152 4363 0.01
4152 5258 0.2
4152 8389 0.05
4152 2021 0.01
4152 11533 0.05
4152 8489 0.05
4152 11534 0.01
4152 8392 0.2
4152 12192 0.2
4152 5263 0.01
4152 11537 0.2
4152 5264 0.05
4152 11540 0.2
4152 12210 0.05
4152 11541 0.2
4152 5932 0.01
4152 2034 0.01
4152 8400 0.2
4152 11544 0.05
4152 11545 0.01
4152 5271 0.2
4152 5272 0.05
4152 8404 0.05
4152 11547 0.01
4152 5969 0.05
4152 11548 0.05
4152 1898 0.05
4152 5276 0.2
4152 2041 0.05
4152 12257 0.05
4152 11415 0.01
4152 11481 0.01
4152 2048 0.2
4152 8410 0.05
4152 8411 0.01
4152 5282 0.2
4152 12295 0.05
4152 5284 0.05
4152 11558 0.2
4152 5285 0.01
4152 8413 0.2
4152 326 0.01
4152 11559 0.05
4152 2055 0.01
4152 11381 0.2
4152 5287 0.01
4152 1925 0.2
4152 5289 0.05
4152 5863 0.2
4152 2062 0.2
4152 11565 0.05
4152 8420 0.05
4152 8423 0.01
4152 5292 0.01
4152 11653 0.2
4152 11570 0.2
4152 6351 0.2
4152 8426 0.01
4152 2068 0.05
4152 5294 0.01
4152 11571 0.05
4152 8427 0.2
4152 2071 0.2
4152 2072 0.2
4152 5297 0.05
4152 2192 0.01
4152 2075 0.01
4152 2076 0.01
4152 5300 0.01
4152 11578 0.05
4152 11579 0.01
4152 2077 0.01
4152 5304 0.01
4152 8435 0.05
4152 11581 0.05
4152 2080 0.2
4152 9859 0.01
4152 9124 0.01
4152 5308 0.05
4152 8811 0.05
4152 2085 0.01
4152 11844 0.05
4152 1443 0.2
4152 11585 0.01
4152 5312 0.05
4152 10209 0.01
4152 8444 0.01
4152 11589 0.01
4152 320 0.2
4152 1211 0.01
4152 6283 0.01
4152 2094 0.2
4152 2095 0.01
4152 8450 0.01
4152 8452 0.05
4152 10529 0.01
4152 11600 0.01
4152 3816 0.05
4152 5321 0.01
4152 5322 0.2
4152 8456 0.2
4152 2100 0.05
4152 5325 0.01
4152 2101 0.05
4152 2102 0.05
4152 10385 0.2
4152 6350 0.2
4152 2105 0.05
4152 2106 0.05
4152 8461 0.01
4152 6368 0.01
4152 2107 0.01
4152 2109 0.05
4152 8464 0.01
4152 5335 0.2
4152 8819 0.2
4152 11607 0.05
4152 6402 0.05
4152 5338 0.05
4152 10889 0.2
4152 204 0.01
4152 8469 0.2
4152 4630 0.01
4152 6423 0.2
4152 2115 0.05
4152 6428 0.01
4152 8472 0.01
4152 2118 0.05
4152 8474 0.05
4152 8475 0.2
4152 2120 0.01
4152 8476 0.01
4152 2123 0.05
4152 8479 0.05
4152 4469 0.05
4152 5800 0.01
4152 6225 0.01
4152 5351 0.05
4152 5352 0.01
4152 2129 0.2
4152 6385 0.05
4152 8484 0.01
4152 5356 0.05
4152 860 0.05
4152 7986 0.2
4152 2134 0.01
4152 8490 0.01
4152 5357 0.05
4152 11626 0.2
4152 10894 0.05
4152 2136 0.2
4152 1693 0.2
4152 6556 0.01
4152 11632 0.01
4152 2138 0.01
4152 8494 0.01
4152 9925 0.01
4152 4633 0.2
4152 5362 0.01
4152 5363 0.05
4152 8496 0.2
4152 2145 0.2
4152 6965 0.01
4152 2147 0.01
4152 5366 0.2
4152 6749 0.01
4152 11639 0.05
4152 7364 0.2
4152 5435 0.05
4152 11642 0.01
4152 9291 0.2
4152 2467 0.2
4152 2149 0.05
4152 7785 0.2
4152 11643 0.05
4152 206 0.2
4152 11644 0.2
4152 11645 0.2
4152 8507 0.05
4152 10158 0.01
4152 2154 0.05
4152 2155 0.01
4152 8509 0.2
4152 10681 0.01
4152 11652 0.01
4152 8510 0.2
4152 1852 0.01
4152 7277 0.2
4152 6675 0.2
4152 10166 0.05
4152 11656 0.05
4152 10898 0.01
4152 777 0.05
4152 2162 0.01
4152 5379 0.2
4152 8516 0.05
4152 8518 0.2
4152 9347 0.01
4152 5383 0.05
4152 2165 0.2
4152 5384 0.2
4152 2166 0.2
4152 6722 0.2
4152 4100 0.2
4152 8524 0.05
4152 5387 0.05
4152 8525 0.2
4152 2167 0.01
4152 5389 0.05
4152 11664 0.05
4152 3934 0.2
4152 8529 0.01
4152 5392 0.05
4152 5501 0.05
4152 8531 0.01
4152 4389 0.05
4152 2176 0.2
4152 6753 0.01
4152 12477 0.01
4152 5397 0.05
4152 11676 0.01
4152 893 0.05
4152 11677 0.2
4152 6453 0.01
4152 8540 0.01
4152 2180 0.2
4152 2181 0.01
4152 5401 0.01
4152 9891 0.01
4152 1578 0.2
4152 3504 0.05
4152 8542 0.05
4152 8543 0.2
4152 8544 0.01
4152 2188 0.01
4152 11683 0.05
4152 12553 0.2
4152 7752 0.2
4152 5411 0.05
4152 8551 0.01
4152 1228 0.05
4152 8554 0.2
4152 8555 0.05
4152 6757 0.01
4152 11692 0.2
4152 5361 0.05
4152 5417 0.05
4152 1948 0.2
4152 11695 0.01
4152 4643 0.2
4152 8558 0.01
4152 11697 0.2
4152 11698 0.2
4152 6936 0.01
4152 2204 0.01
4152 11700 0.2
4152 5423 0.01
4152 8564 0.05
4152 12369 0.2
4152 5426 0.05
4152 7798 0.05
4152 4069 0.2
4152 2211 0.01
4152 2212 0.2
4152 5186 0.2
4152 2213 0.2
4152 8568 0.2
4152 3075 0.05
4152 11708 0.01
4152 11709 0.05
4152 8571 0.2
4152 11447 0.2
4152 8572 0.2
4152 11713 0.05
4152 5432 0.2
4152 5433 0.01
4152 2217 0.01
4152 8574 0.01
4152 5434 0.01
4152 1431 0.05
4152 11715 0.01
4152 5436 0.2
4152 11716 0.2
4152 5437 0.2
4152 10472 0.01
4152 6654 0.2
4152 11976 0.2
4152 7049 0.05
4152 2225 0.2
4152 2226 0.2
4152 4042 0.2
4152 11722 0.2
4152 2228 0.05
4152 8585 0.2
4152 8587 0.05
4152 8588 0.2
4152 2158 0.01
4152 5446 0.05
4152 7106 0.2
4152 11726 0.05
4152 8591 0.2
4152 8592 0.2
4152 11727 0.2
4152 8594 0.2
4152 274 0.2
4152 6473 0.01
4152 5452 0.2
4152 701 0.01
4152 2239 0.05
4152 5454 0.05
4152 5455 0.05
4152 11735 0.2
4152 12265 0.2
4152 11737 0.2
4152 7806 0.05
4152 2242 0.01
4152 2244 0.2
4152 11741 0.2
4152 481 0.05
4152 5462 0.01
4152 2248 0.05
4152 2249 0.01
4152 1435 0.01
4152 5463 0.2
4152 5464 0.05
4152 791 0.05
4152 11749 0.05
4152 7809 0.05
4152 11750 0.01
4152 8581 0.2
4152 8615 0.2
4152 6239 0.01
4152 879 0.01
4152 2257 0.2
4152 1959 0.05
4152 2259 0.05
4152 11756 0.05
4152 11757 0.01
4152 2261 0.2
4152 2262 0.01
4152 2265 0.2
4152 856 0.2
4152 5476 0.2
4152 8618 0.05
4152 11760 0.05
4152 8619 0.2
4152 5805 0.2
4152 11334 0.05
4152 8623 0.05
4152 2273 0.2
4152 8624 0.01
4152 5480 0.2
4152 2276 0.2
4152 2278 0.05
4152 5483 0.2
4152 1463 0.05
4152 937 0.2
4152 11770 0.01
4152 8626 0.01
4152 11771 0.05
4152 5486 0.2
4152 5196 0.2
4152 11460 0.01
4152 10917 0.05
4152 2291 0.2
4152 11779 0.01
4152 11462 0.2
4152 10918 0.2
4152 3537 0.05
4152 8636 0.2
4152 11783 0.2
4152 8638 0.01
4152 2296 0.05
4152 11786 0.2
4152 11787 0.01
4152 11788 0.2
4152 7460 0.2
4152 2298 0.01
4152 8643 0.05
4152 2300 0.01
4152 5498 0.2
4152 11791 0.05
4152 5500 0.01
4152 7485 0.2
4152 8646 0.05
4152 2305 0.05
4152 4658 0.05
4152 11797 0.2
4152 8649 0.2
4152 9271 0.05
4152 11798 0.2
4152 5505 0.05
4152 11799 0.2
4152 8654 0.01
4152 2310 0.01
4152 8658 0.2
4152 11804 0.01
4152 2314 0.01
4152 3828 0.05
4152 2316 0.2
4152 7492 0.01
4152 8661 0.2
4152 1967 0.05
4152 2319 0.05
4152 2320 0.05
4152 11808 0.05
4152 8663 0.01
4152 11810 0.2
4152 1199 0.05
4152 7318 0.05
4152 11812 0.2
4152 2327 0.05
4152 6254 0.01
4152 2328 0.01
4152 8667 0.05
4152 2330 0.2
4152 5518 0.05
4152 8669 0.01
4152 2332 0.2
4152 10420 0.01
4152 5520 0.2
4152 871 0.01
4152 11640 0.2
4152 2334 0.2
4152 8672 0.2
4152 8176 0.2
4152 12170 0.05
4152 367 0.05
4152 7668 0.01
4152 2337 0.01
4152 11825 0.2
4152 8676 0.2
4152 11827 0.01
4152 10926 0.05
4152 7772 0.05
4152 11829 0.01
4152 5724 0.05
4152 5026 0.01
4152 8680 0.2
4152 2342 0.2
4152 8681 0.05
4152 1336 0.01
4152 7025 0.2
4152 5530 0.05
4152 2344 0.2
4152 11836 0.05
4152 1738 0.01
4152 11837 0.05
4152 6259 0.05
4152 8690 0.01
4152 2347 0.2
4152 2348 0.01
4152 11840 0.05
4152 5534 0.2
4152 8692 0.01
4152 5539 0.2
4152 5540 0.01
4152 1403 0.05
4152 2352 0.2
4152 2353 0.2
4152 5041 0.2
4152 2354 0.05
4152 5542 0.01
4152 8697 0.01
4152 8698 0.2
4152 2356 0.01
4152 5465 0.2
4152 1782 0.2
4152 1449 0.05
4152 11852 0.05
4152 1453 0.05
4152 8703 0.01
4152 5548 0.2
4152 2065 0.05
4152 11854 0.2
4152 2362 0.05
4152 2364 0.05
4152 2365 0.2
4152 5553 0.05
4152 5554 0.01
4152 5555 0.2
4152 11858 0.05
4152 1524 0.05
4152 5559 0.2
4152 2376 0.05
4152 5560 0.05
4152 11864 0.01
4152 8721 0.01
4152 7934 0.01
4152 8341 0.05
4152 2382 0.2
4152 2383 0.2
4152 11871 0.01
4152 11872 0.2
4152 5570 0.2
4152 2384 0.2
4152 11876 0.01
4152 12060 0.01
4152 11879 0.05
4152 1979 0.2
4152 2387 0.05
4152 11882 0.01
4152 5578 0.01
4152 2389 0.01
4152 8733 0.2
4152 5581 0.2
4152 10935 0.05
4152 11886 0.2
4152 11887 0.01
4152 373 0.05
4152 5585 0.01
4152 8737 0.01
4152 5588 0.05
4152 8740 0.01
4152 8741 0.05
4152 11890 0.05
4152 2396 0.01
4152 8744 0.05
4152 2398 0.05
4152 11892 0.05
4152 2400 0.01
4152 2402 0.05
4152 1705 0.05
4152 5595 0.01
4152 11894 0.01
4152 8748 0.01
4152 8664 0.2
4152 5598 0.01
4152 8750 0.05
4152 5600 0.2
4152 8752 0.01
4152 5601 0.05
4152 5707 0.05
4152 11903 0.2
4152 2409 0.2
4152 8754 0.01
4152 11102 0.01
4152 8755 0.05
4152 11906 0.05
4152 10039 0.05
4152 11909 0.01
4152 2412 0.01
4152 9923 0.2
4152 11912 0.05
4152 8764 0.01
4152 8765 0.2
4152 5987 0.2
4152 2416 0.01
4152 5612 0.05
4152 11967 0.01
4152 7843 0.01
4152 8771 0.05
4152 5614 0.01
4152 5615 0.05
4152 4012 0.05
4152 8774 0.2
4152 909 0.2
4152 6795 0.01
4152 8776 0.2
4152 6276 0.2
4152 2427 0.2
4152 11923 0.05
4152 2428 0.2
4152 2429 0.01
4152 11925 0.2
4152 2431 0.2
4152 2434 0.01
4152 2435 0.05
4152 5625 0.01
4152 5626 0.05
4152 11932 0.05
4152 555 0.01
4152 8787 0.01
4152 730 0.2
4152 5714 0.2
4152 8789 0.2
4152 7050 0.05
4152 11936 0.05
4152 5240 0.01
4152 11938 0.01
4152 5182 0.05
4152 5635 0.2
4152 5636 0.05
4152 10442 0.05
4152 11942 0.01
4152 2445 0.05
4152 1468 0.2
4152 1994 0.2
4152 8797 0.05
4152 5641 0.05
4152 5642 0.2
4152 8799 0.05
4152 5644 0.05
4152 8355 0.05
4152 7333 0.01
4152 7555 0.01
4152 7845 0.05
4152 2453 0.2
4152 2454 0.05
4152 2037 0.2
4152 2456 0.05
4152 2457 0.2
4152 8804 0.2
4152 8805 0.05
4152 8808 0.2
4152 2460 0.2
4152 5654 0.05
4152 8439 0.2
4152 2461 0.2
4152 7850 0.05
4152 5721 0.05
4152 2464 0.05
4152 5257 0.2
4152 11958 0.2
4152 7813 0.05
4152 8826 0.01
4152 8499 0.2
4152 8827 0.01
4152 11966 0.05
4152 8828 0.2
4152 2469 0.01
4152 2470 0.01
4152 11969 0.2
4152 8539 0.05
4152 11973 0.05
4152 5670 0.01
4152 11974 0.01
4152 8838 0.01
4152 3638 0.01
4152 5672 0.01
4152 1236 0.01
4152 5089 0.05
4152 5674 0.05
4152 11495 0.2
4152 8842 0.01
4152 11977 0.2
4152 6398 0.2
4152 11979 0.01
4152 2479 0.01
4152 2241 0.01
4152 5678 0.01
4152 5680 0.2
4152 2255 0.01
4152 8362 0.05
4152 4685 0.05
4152 2277 0.01
4152 11986 0.01
4152 8628 0.01
4152 2487 0.05
4152 11988 0.05
4152 2489 0.05
4152 2306 0.01
4152 8854 0.2
4152 2312 0.01
4152 5689 0.2
4152 6291 0.2
4152 11994 0.05
4152 10720 0.2
4152 8859 0.2
4152 5622 0.01
4152 10494 0.2
4152 2346 0.01
4152 11996 0.05
4152 8695 0.05
4152 5694 0.05
4152 11999 0.2
4152 12000 0.2
4152 12003 0.2
4152 8867 0.05
4152 8361 0.05
4152 10954 0.2
4152 2507 0.2
4152 2508 0.2
4152 7863 0.05
4152 5711 0.01
4152 5712 0.05
4152 12010 0.2
4152 8874 0.01
4152 11863 0.05
4152 2514 0.05
4152 2515 0.2
4152 5715 0.05
4152 5718 0.2
4152 11251 0.05
4152 8882 0.2
4152 8837 0.05
4152 8884 0.01
4152 8890 0.2
4152 12009 0.01
4152 5726 0.01
4152 5789 0.05
4152 12020 0.2
4152 10054 0.2
4152 8868 0.2
4152 2517 0.01
4152 12023 0.05
4152 6811 0.05
4152 5730 0.01
4152 3759 0.01
4152 2527 0.2
4152 8894 0.01
4152 12029 0.01
4152 8897 0.2
4152 10693 0.2
4152 8899 0.01
4152 8900 0.2
4152 8901 0.01
4152 12032 0.01
4152 5736 0.01
4152 5737 0.01
4152 12036 0.01
4152 1495 0.2
4152 12037 0.01
4152 5740 0.2
4152 5741 0.01
4152 8903 0.2
4152 12040 0.05
4152 2535 0.2
4152 12043 0.01
4152 5744 0.01
4152 8905 0.05
4152 8987 0.2
4152 7344 0.01
4152 1188 0.01
4152 2541 0.2
4152 4903 0.01
4152 2645 0.05
4152 8911 0.05
4152 2543 0.05
4152 8912 0.01
4152 12536 0.01
4152 2546 0.2
4152 5752 0.2
4152 8915 0.05
4152 7018 0.05
4152 2549 0.01
4152 12057 0.2
4152 6362 0.01
4152 8917 0.05
4152 12031 0.05
4152 3030 0.2
4152 5757 0.2
4152 4694 0.01
4152 8923 0.2
4152 9974 0.05
4152 8927 0.01
4152 8929 0.01
4152 2738 0.05
4152 8931 0.05
4152 5762 0.05
4152 12065 0.05
4152 5765 0.05
4152 8933 0.2
4152 8934 0.05
4152 5767 0.2
4152 10965 0.2
4152 1757 0.05
4152 5770 0.05
4152 11298 0.01
4152 12070 0.05
4152 12071 0.01
4152 2568 0.2
4152 9951 0.01
4152 12074 0.05
4152 4691 0.01
4152 9952 0.2
4152 12078 0.01
4152 12079 0.2
4152 2574 0.2
4152 8948 0.2
4152 8949 0.05
4152 8950 0.05
4152 8951 0.2
4152 5777 0.2
4152 12084 0.01
4152 2581 0.2
4152 11516 0.01
4152 5781 0.05
4152 5782 0.01
4152 2583 0.2
4152 12087 0.01
4152 5784 0.2
4152 2584 0.05
4152 12090 0.01
4152 12093 0.2
4152 9600 0.05
4152 12039 0.01
4152 6809 0.01
4152 2590 0.05
4152 7351 0.2
4152 8961 0.01
4152 12097 0.01
4152 9300 0.05
4152 8966 0.2
4152 5796 0.2
4152 8378 0.01
4152 2596 0.2
4152 11629 0.2
4152 12101 0.2
4152 6820 0.01
4152 5798 0.01
4152 2599 0.05
4152 8970 0.01
4152 3018 0.01
4152 10973 0.01
4152 12105 0.2
4152 8974 0.2
4152 5801 0.2
4152 5802 0.01
4152 9359 0.2
4152 6026 0.05
4152 8978 0.01
4152 3056 0.01
4152 9374 0.2
4152 9377 0.05
4152 11500 0.05
4152 2197 0.2
4152 2612 0.2
4152 5809 0.01
4152 3104 0.2
4152 105 0.05
4152 2618 0.01
4152 8990 0.2
4152 4460 0.2
4152 2622 0.01
4152 2625 0.01
4152 12419 0.01
4152 1493 0.05
4152 8998 0.2
4152 5819 0.05
4152 8999 0.2
4152 9001 0.01
4152 9488 0.2
4152 5824 0.2
4152 9005 0.01
4152 5826 0.05
4152 2637 0.2
4152 2133 0.05
4152 5829 0.05
4152 11897 0.05
4152 8300 0.01
4152 2640 0.05
4152 12131 0.2
4152 2642 0.2
4152 420 0.05
4152 5833 0.2
4152 9017 0.2
4152 2644 0.05
4152 12135 0.01
4152 9019 0.01
4152 9020 0.05
4152 2542 0.05
4152 2649 0.01
4152 2650 0.01
4152 2651 0.2
4152 9022 0.05
4152 12140 0.05
4152 12141 0.05
4152 5844 0.2
4152 9586 0.05
4152 5847 0.2
4152 5849 0.2
4152 7046 0.2
4152 12147 0.01
4152 2658 0.01
4152 12149 0.05
4152 2660 0.2
4152 4191 0.2
4152 5855 0.05
4152 11529 0.01
4152 5857 0.01
4152 5858 0.2
4152 2663 0.01
4152 12153 0.05
4152 5859 0.01
4152 8455 0.01
4152 915 0.01
4152 12155 0.05
4152 5861 0.01
4152 12156 0.2
4152 948 0.2
4152 9033 0.05
4152 12158 0.2
4152 5864 0.05
4152 5865 0.2
4152 9035 0.01
4152 10682 0.01
4152 3408 0.05
4152 5870 0.2
4152 3421 0.05
4152 12167 0.01
4152 1553 0.2
4152 2679 0.2
4152 12168 0.2
4152 4589 0.01
4152 5875 0.01
4152 5876 0.01
4152 12556 0.01
4152 12171 0.2
4152 3145 0.01
4152 3460 0.01
4152 9049 0.05
4152 9050 0.05
4152 5262 0.2
4152 9054 0.2
4152 2565 0.01
4152 9056 0.2
4152 2692 0.01
4152 1504 0.01
4152 5888 0.01
4152 12175 0.01
4152 9057 0.05
4152 12176 0.2
4152 2695 0.05
4152 5895 0.2
4152 4237 0.2
4152 12177 0.05
4152 9059 0.2
4152 6045 0.2
4152 4283 0.2
4152 2702 0.2
4152 12182 0.05
4152 6837 0.05
4152 9068 0.2
4152 9069 0.01
4152 2759 0.2
4152 2705 0.2
4152 9071 0.2
4152 5906 0.2
4152 2708 0.05
4152 12188 0.2
4152 1192 0.2
4152 12062 0.05
4152 2028 0.01
4152 12194 0.01
4152 5910 0.2
4152 12196 0.2
4152 9079 0.05
4152 952 0.01
4152 12197 0.01
4152 12198 0.01
4152 9081 0.01
4152 9082 0.05
4152 3657 0.05
4152 3126 0.01
4152 12201 0.05
4152 4206 0.2
4152 9986 0.01
4152 9088 0.2
4152 11961 0.2
4152 9089 0.05
4152 5926 0.01
4152 12207 0.05
4152 12563 0.01
4152 3718 0.05
4152 12211 0.01
4152 5929 0.01
4152 8398 0.2
4152 9094 0.2
4152 2725 0.01
4152 9095 0.01
4152 2727 0.01
4152 2033 0.2
4152 2728 0.2
4152 5761 0.01
4152 9098 0.2
4152 5862 0.2
4152 12226 0.2
4152 5940 0.05
4152 12227 0.2
4152 431 0.01
4152 5942 0.01
4152 3795 0.05
4152 12229 0.01
4152 1767 0.05
4152 2737 0.05
4152 3818 0.2
4152 9107 0.2
4152 2740 0.2
4152 2741 0.01
4152 2742 0.01
4152 9109 0.2
4152 9110 0.01
4152 10487 0.01
4152 2746 0.2
4152 2036 0.05
4152 5956 0.05
4152 9113 0.01
4152 5957 0.01
4152 5958 0.2
4152 9115 0.2
4152 12238 0.05
4152 2752 0.01
4152 5961 0.2
4152 9119 0.01
4152 2755 0.01
4152 9983 0.05
4152 9123 0.01
4152 2758 0.2
4152 8405 0.01
4152 12241 0.2
4152 7613 0.01
4152 433 0.01
4152 9125 0.01
4152 10193 0.01
4152 2761 0.01
4152 3695 0.2
4152 2763 0.2
4152 6324 0.05
4152 5974 0.05
4152 962 0.05
4152 9129 0.2
4152 809 0.01
4152 2767 0.01
4152 11058 0.01
4152 2563 0.2
4152 5979 0.2
4152 12246 0.2
4152 12247 0.01
4152 9134 0.01
4152 5982 0.01
4152 5983 0.05
4152 5984 0.05
4152 9135 0.01
4152 4215 0.01
4152 11877 0.01
4152 8151 0.01
4152 9138 0.01
4152 2772 0.2
4152 5989 0.2
4152 12254 0.01
4152 2773 0.05
4152 10279 0.01
4152 12256 0.2
4152 9142 0.05
4152 7535 0.2
4152 2778 0.2
4152 2779 0.2
4152 2780 0.05
4152 2781 0.01
4152 2783 0.01
4152 5994 0.2
4152 8935 0.2
4152 5995 0.2
4152 9149 0.01
4152 2786 0.01
4152 5999 0.05
4152 12262 0.2
4152 2791 0.01
4152 9156 0.05
4152 11851 0.05
4152 6005 0.05
4152 6006 0.01
4152 9157 0.2
4152 9159 0.01
4152 6010 0.2
4152 6011 0.01
4152 2797 0.05
4152 10999 0.2
4152 2798 0.2
4152 2799 0.05
4152 2800 0.2
4152 6014 0.01
4152 6015 0.01
4152 6016 0.05
4152 9164 0.01
4152 2802 0.01
4152 3690 0.01
4152 6020 0.05
4152 6021 0.01
4152 3338 0.2
4152 8303 0.2
4152 6023 0.05
4152 12279 0.2
4152 2810 0.2
4152 9169 0.01
4152 8937 0.05
4152 6030 0.01
4152 11532 0.2
4152 6031 0.2
4152 9172 0.05
4152 4185 0.01
4152 9174 0.01
4152 12284 0.2
4152 9175 0.05
4152 2816 0.05
4152 6034 0.01
4152 5021 0.01
4152 9179 0.2
4152 9180 0.01
4152 2817 0.2
4152 2818 0.05
4152 6039 0.05
4152 6040 0.2
4152 12290 0.05
4152 9182 0.01
4152 6043 0.2
4152 6044 0.2
4152 12294 0.2
4152 2822 0.01
4152 5771 0.01
4152 8757 0.2
4152 11002 0.2
4152 12296 0.2
4152 10543 0.2
4152 174 0.05
4152 12299 0.01
4152 4293 0.2
4152 6055 0.2
4152 2832 0.05
4152 6057 0.01
4152 9191 0.01
4152 6059 0.01
4152 6337 0.05
4152 6062 0.01
4152 3696 0.01
4152 2834 0.05
4152 6064 0.01
4152 6065 0.05
4152 2836 0.05
4152 9194 0.2
4152 6067 0.05
4152 12308 0.2
4152 7382 0.05
4152 104 0.05
4152 12311 0.05
4152 12312 0.01
4152 12313 0.01
4152 10124 0.01
4152 12314 0.05
4152 2844 0.01
4152 9199 0.2
4152 2647 0.01
4152 6070 0.01
4152 9202 0.01
4152 9203 0.05
4152 6073 0.01
4152 11648 0.05
4152 9205 0.01
4152 12321 0.05
4152 9206 0.2
4152 9253 0.01
4152 9208 0.05
4152 4228 0.01
4152 6076 0.2
4152 2853 0.05
4152 12326 0.05
4152 2855 0.01
4152 8446 0.01
4152 10732 0.2
4152 1360 0.2
4152 11562 0.01
4152 12328 0.05
4152 10758 0.2
4152 12330 0.2
4152 8861 0.01
4152 12332 0.05
4152 6087 0.05
4152 2860 0.2
4152 3026 0.01
4152 12336 0.05
4152 2862 0.01
4152 11563 0.01
4152 434 0.01
4152 2989 0.05
4152 9222 0.2
4152 12340 0.2
4152 12341 0.01
4152 12342 0.05
4152 2871 0.05
4152 2872 0.05
4152 6092 0.01
4152 12344 0.2
4152 4732 0.2
4152 2875 0.2
4152 6097 0.01
4152 3150 0.01
4152 4573 0.2
4152 9230 0.2
4152 12348 0.05
4152 12350 0.01
4152 5780 0.01
4152 1118 0.01
4152 6101 0.01
4152 9232 0.01
4152 10877 0.2
4152 2888 0.05
4152 6106 0.05
4152 9236 0.05
4152 10896 0.2
4152 9237 0.2
4152 9238 0.05
4152 9239 0.05
4152 6113 0.05
4152 2893 0.05
4152 10919 0.2
4152 10004 0.01
4152 2894 0.05
4152 12364 0.05
4152 2896 0.2
4152 9241 0.2
4152 9943 0.05
4152 2897 0.05
4152 12368 0.05
4152 6118 0.05
4152 12370 0.01
4152 2900 0.01
4152 12372 0.05
4152 12373 0.05
4152 12374 0.01
4152 2902 0.01
4152 7392 0.05
4152 6121 0.05
4152 12376 0.05
4152 1535 0.01
4152 12378 0.01
4152 2907 0.01
4152 12379 0.2
4152 12380 0.01
4152 12381 0.01
4152 8958 0.2
4152 2911 0.01
4152 2912 0.01
4152 6128 0.01
4152 2973 0.01
4152 9252 0.2
4152 4738 0.05
4152 12049 0.2
4152 7394 0.01
4152 5293 0.01
4152 2915 0.05
4152 3246 0.05
4152 6134 0.05
4152 6871 0.01
4152 12388 0.05
4152 12496 0.01
4152 11072 0.05
4152 6446 0.2
4152 2925 0.01
4152 10180 0.2
4152 2926 0.01
4152 6138 0.2
4152 9267 0.01
4152 2929 0.2
4152 3157 0.2
4152 6142 0.05
4152 8138 0.05
4152 4740 0.01
4152 6143 0.01
4152 989 0.2
4152 10450 0.01
4152 2937 0.2
4152 6148 0.01
4152 12401 0.05
4152 8156 0.2
4152 467 0.01
4152 2940 0.05
4152 2941 0.01
4152 6151 0.01
4152 9276 0.2
4152 2945 0.01
4152 7829 0.05
4152 4376 0.05
4152 2946 0.01
4152 6759 0.01
4152 5376 0.01
4152 5279 0.05
4152 2950 0.2
4152 6157 0.01
4152 9279 0.05
4152 12411 0.01
4152 9281 0.01
4152 11221 0.05
4152 2954 0.05
4152 6165 0.2
4152 9992 0.05
4152 6166 0.05
4152 11241 0.05
4152 9285 0.01
4152 8659 0.05
4152 10013 0.01
4152 9288 0.01
4152 9567 0.2
4152 6474 0.01
4152 3384 0.01
4152 11409 0.01
4152 12421 0.2
4152 2963 0.05
4152 9298 0.01
4152 6177 0.05
4152 2966 0.2
4152 5067 0.2
4152 2968 0.2
4152 5076 0.05
4152 5794 0.05
4152 3717 0.05
4152 6182 0.2
4152 2975 0.05
4152 6183 0.2
4152 7932 0.05
4152 12434 0.05
4152 6185 0.01
4152 9304 0.01
4152 9307 0.01
4152 6188 0.2
4152 2981 0.01
4152 6189 0.05
4152 12441 0.01
4152 5155 0.2
4152 11417 0.01
4152 6191 0.2
4152 9314 0.05
4152 7502 0.01
4152 9316 0.05
4152 6195 0.05
4152 3340 0.05
4152 12445 0.05
4152 1000 0.05
4152 479 0.01
4152 12449 0.01
4152 7404 0.05
4152 2991 0.2
4152 2992 0.01
4152 12451 0.2
4152 12452 0.01
4152 6204 0.01
4152 5241 0.2
4152 2079 0.05
4152 12456 0.01
4152 6210 0.01
4152 6212 0.01
4152 3722 0.05
4152 9328 0.05
4152 9329 0.05
4152 9330 0.05
4152 4252 0.01
4152 1683 0.05
4152 12462 0.05
4152 9333 0.2
4152 2081 0.2
4152 3009 0.01
4152 3011 0.01
4152 3012 0.01
4152 1006 0.01
4152 10017 0.05
4152 9339 0.2
4152 4660 0.05
4152 3021 0.2
4152 3022 0.05
4152 4245 0.01
4152 10534 0.05
4152 9343 0.01
4152 9344 0.01
4152 12471 0.2
4152 6229 0.2
4152 12473 0.05
4152 12474 0.2
4152 8440 0.01
4152 9348 0.2
4152 12475 0.2
4152 9351 0.01
4152 11673 0.2
4152 12478 0.2
4152 3036 0.2
4152 9353 0.2
4152 7411 0.2
4152 6231 0.2
4152 4170 0.05
4152 12482 0.2
4152 3039 0.01
4152 11127 0.05
4152 3040 0.01
4152 12485 0.2
4152 8976 0.2
4152 9356 0.01
4152 11531 0.05
4152 9358 0.01
4152 8515 0.01
4152 12489 0.05
4152 9361 0.2
4152 12490 0.2
4152 9363 0.2
4152 12491 0.01
4152 6243 0.2
4152 3046 0.05
4152 3047 0.2
4152 11138 0.2
4152 6246 0.05
4152 10536 0.05
4152 9365 0.2
4152 6248 0.2
4152 12494 0.05
4152 2951 0.2
4152 6250 0.01
4152 6252 0.2
4152 9370 0.01
4152 9372 0.01
4152 6256 0.05
4152 12499 0.2
4152 6257 0.05
4152 12501 0.2
4152 3059 0.01
4152 11841 0.05
4152 12503 0.05
4152 12505 0.2
4152 5806 0.2
4152 3063 0.2
4152 12508 0.05
4152 6265 0.01
4152 5558 0.05
4152 438 0.05
4152 8445 0.01
4152 12510 0.01
4152 3067 0.01
4152 3068 0.05
4152 3070 0.05
4152 3071 0.01
4152 3072 0.05
4152 5591 0.05
4152 3446 0.2
4152 10025 0.05
4152 11900 0.01
4152 4908 0.01
4152 5604 0.01
4152 12514 0.05
4152 3730 0.05
4152 11031 0.01
4152 9390 0.01
4152 7418 0.2
4152 9391 0.2
4152 6277 0.2
4152 3179 0.2
4152 12521 0.2
4152 9394 0.2
4152 8448 0.05
4152 12522 0.2
4152 12523 0.2
4152 3090 0.01
4152 6377 0.2
4152 10656 0.05
4152 3092 0.01
4152 9401 0.01
4152 1019 0.2
4152 9403 0.05
4152 11993 0.01
4152 3094 0.05
4152 3095 0.2
4152 5702 0.01
4152 9406 0.01
4152 4987 0.01
4152 3097 0.05
4152 5723 0.01
4152 1242 0.2
4152 6381 0.05
4152 12532 0.2
4152 9410 0.01
4152 12534 0.01
4152 12053 0.01
4152 12537 0.05
4152 12538 0.01
4152 1570 0.01
4152 9418 0.2
4152 6299 0.2
4152 6300 0.2
4152 12541 0.01
4152 7952 0.2
4152 2340 0.2
4152 12099 0.2
4152 12545 0.05
4152 6302 0.01
4152 6303 0.2
4152 12643 0.01
4152 9494 0.01
4152 9424 0.05
4152 6307 0.2
4152 9495 0.2
4152 3114 0.2
4152 6308 0.2
4152 3115 0.2
4152 7478 0.2
4152 3117 0.2
4152 6907 0.2
4152 3120 0.05
4152 9427 0.01
4152 9428 0.01
4152 494 0.01
4152 11035 0.05
4152 1025 0.01
4152 7720 0.2
4152 9432 0.2
4152 1026 0.2
4152 12560 0.2
4152 3125 0.2
4152 6314 0.05
4152 6315 0.2
4152 9435 0.2
4152 2230 0.01
4152 7733 0.01
4152 3131 0.2
4152 12567 0.05
4152 12569 0.05
4152 12571 0.05
4152 7957 0.2
4152 12573 0.01
4152 12574 0.01
4152 6325 0.01
4152 12576 0.05
4152 3137 0.05
4152 12577 0.2
4152 12578 0.2
4152 6328 0.2
4152 6330 0.01
4152 3139 0.2
4152 9443 0.05
4152 6334 0.2
4152 9445 0.05
4152 9446 0.05
4152 6038 0.01
4152 3848 0.2
4152 6047 0.01
4152 5592 0.01
4152 9449 0.01
4152 9450 0.05
4152 6389 0.2
4152 9452 0.01
4152 6338 0.05
4152 9455 0.05
4152 6341 0.05
4152 4603 0.05
4152 12592 0.2
4152 4127 0.01
4152 3149 0.01
4152 12593 0.01
4152 12349 0.05
4152 12594 0.2
4152 6110 0.01
4152 6347 0.05
4152 9462 0.2
4152 3154 0.05
4152 12599 0.01
4152 1966 0.2
4152 9466 0.2
4152 3158 0.01
4152 12602 0.01
4152 3160 0.2
4152 9470 0.05
4152 7434 0.2
4152 12607 0.2
4152 3582 0.05
4152 12123 0.01
4152 3163 0.2
4152 3193 0.2
4152 9480 0.05
4152 5820 0.2
4152 6918 0.2
4152 6366 0.01
4152 9484 0.05
4152 9485 0.2
4152 3169 0.05
4152 3171 0.2
4152 12617 0.2
4152 3173 0.05
4152 5822 0.2
4152 3175 0.2
4152 3176 0.01
4152 12621 0.05
4152 9491 0.01
4152 2020 0.2
4152 9492 0.05
4152 6376 0.01
4152 12623 0.2
4152 3181 0.01
4152 6380 0.05
4152 12531 0.01
4152 3185 0.2
4152 3186 0.05
4152 9493 0.01
4152 5813 0.05
4152 6384 0.05
4152 3188 0.01
4152 12627 0.05
4152 9496 0.2
4152 6387 0.2
4152 10034 0.01
4152 11239 0.01
4152 12636 0.05
4152 2499 0.05
4152 6391 0.2
4152 12639 0.2
4152 12600 0.2
4152 6395 0.2
4152 6396 0.01
4152 6397 0.05
4152 3195 0.2
4152 3196 0.05
4152 512 0.05
4152 12644 0.01
4152 6400 0.05
4152 6401 0.2
4152 9511 0.2
4153 3254 0.2
4153 174 0.2
4154 8017 0.05
4154 4786 0.01
4154 1387 0.05
4154 7412 0.2
4154 3920 0.01
4154 6414 0.2
4154 392 0.05
4154 6990 0.2
4154 2535 0.2
4154 9782 0.05
4154 2408 0.2
4154 4589 0.05
4154 160 0.05
4154 7026 0.2
4154 8661 0.01
4154 11713 0.2
4154 10037 0.05
4154 11469 0.2
4154 8875 0.05
4154 1525 0.01
4154 12231 0.05
4154 4152 0.05
4155 4152 0.2
4155 9843 0.05
4156 12376 0.01
4156 7324 0.01
4156 6093 0.05
4156 6756 0.01
4159 4152 0.01
4161 10534 0.2
4161 10405 0.05
4161 7115 0.01
4161 527 0.05
4161 6530 0.01
4162 2257 0.01
4163 234 0.05
4163 4152 0.2
4165 5044 0.01
4165 1979 0.2
4165 5844 0.05
4165 7983 0.05
4166 5487 0.2
4166 91 0.2
4166 5872 0.01
4166 7340 0.01
4166 2434 0.2
4166 1297 0.2
4166 4615 0.01
4166 9923 0.05
4166 3109 0.2
4166 4021 0.05
4166 5938 0.2
4166 7382 0.2
4166 12123 0.2
4166 8445 0.01
4166 2845 0.2
4166 2734 0.01
4166 12552 0.05
4166 8609 0.01
4166 9720 0.05
4166 12129 0.05
4166 7055 0.05
4166 7309 0.01
4166 4329 0.2
4166 7256 0.05
4166 9128 0.2
4166 9433 0.2
4166 8169 0.01
4166 2896 0.05
4166 12513 0.01
4166 11083 0.2
4166 7843 0.01
4166 4340 0.01
4166 2256 0.05
4166 8173 0.01
4166 5286 0.01
4166 982 0.01
4166 6512 0.2
4166 8512 0.2
4166 11855 0.01
4166 7641 0.05
4166 4991 0.2
4166 1002 0.2
4166 9077 0.2
4166 12581 0.01
4166 4938 0.01
4166 4550 0.2
4166 3340 0.05
4166 10533 0.01
4166 518 0.01
4166 1371 0.01
4166 6984 0.05
4166 6232 0.2
4166 7799 0.05
4166 6978 0.01
4166 3190 0.05
4166 3050 0.01
4166 2224 0.01
4166 4148 0.01
4166 2667 0.05
4166 12590 0.05
4166 9090 0.2
4166 8196 0.2
4166 6961 0.01
4166 7369 0.05
4167 8924 0.05
4167 6147 0.2
4171 4152 0.01
4172 11758 0.01
4173 4152 0.05
4174 4152 0.05
4175 2737 0.05
4176 4152 0.05
4177 7394 0.01
4178 1957 0.05
4179 7494 0.01
4179 5992 0.2
4179 2130 0.01
4179 191 0.05
4179 1319 0.05
4179 11605 0.2
4179 1757 0.01
4179 9143 0.01
4179 9673 0.2
4179 6504 0.05
4179 2016 0.05
4179 4134 0.01
4179 5028 0.2
4179 9339 0.05
4179 4152 0.05
4179 9003 0.01
4179 9719 0.05
4180 2674 0.2
4182 12592 0.05
4182 4152 0.2
4182 5455 0.01
4182 3114 0.2
4183 7888 0.01
4184 6751 0.2
4184 4592 0.05
4184 7196 0.2
4184 4152 0.2
4184 9980 0.2
4184 1783 0.2
4185 4152 0.2
4188 7843 0.01
4190 9088 0.2
4191 4152 0.2
4192 1319 0.2
4192 12472 0.01
4192 8568 0.05
4192 2004 0.05
4193 7494 0.2
4193 1757 0.01
4193 871 0.01
4193 1575 0.05
4193 7421 0.01
4193 3114 0.05
4193 7780 0.05
4194 6240 0.05
4195 8869 0.2
4196 9422 0.01
4197 3246 0.01
4198 8869 0.05
4200 9531 0.2
4200 4066 0.01
4200 12552 0.05
4201 1029 0.2
4202 4152 0.05
4203 7641 0.05
4205 6404 0.2
4206 273 0.05
4206 4193 0.2
4206 10529 0.2
4206 10782 0.2
4206 9088 0.2
4206 3114 0.01
4207 2507 0.2
4207 12401 0.2
4208 10059 0.05
4209 12376 0.2
4209 5684 0.2
4209 4152 0.2
4211 4152 0.05
4212 4152 0.05
4213 7592 0.2
4213 4152 0.05
4213 9088 0.2
4213 11455 0.05
4214 4152 0.2
4214 64 0.01
4215 4152 0.05
4217 4519 0.05
4217 6552 0.2
4217 4631 0.05
4217 9554 0.05
4217 3420 0.2
4217 6060 0.01
4217 8814 0.01
4218 3625 0.01
4218 10811 0.2
4218 4522 0.01
4218 9088 0.2
4218 5145 0.2
4218 5066 0.2
4218 1622 0.01
4218 4152 0.01
4218 3114 0.2
4219 4152 0.05
4220 4152 0.05
4221 12220 0.01
4221 4152 0.2
4222 9142 0.05
4223 5482 0.2
4223 8512 0.01
4224 3576 0.05
4226 4012 0.01
4227 4152 0.01
4228 4152 0.05
4229 2398 0.01
4230 5277 0.05
4231 7338 0.2
4231 8879 0.2
4231 2988 0.01
4232 7957 0.01
4233 12552 0.2
4234 5487 0.2
4234 7843 0.2
4236 9088 0.05
4237 4152 0.01
4238 2442 0.05
4238 3469 0.05
4238 9088 0.01
4238 7547 0.05
4238 4133 0.2
4238 4152 0.2
4239 10782 0.01
4241 1111 0.01
4243 4152 0.2
4245 1071 0.2
4245 4152 0.05
4246 2329 0.05
4247 4152 0.05
4249 9562 0.2
4249 1383 0.01
4249 3321 0.05
4250 174 0.05
4250 9919 0.01
4250 6791 0.01
4250 3205 0.01
4250 390 0.2
4250 3842 0.2
4250 191 0.2
4250 12461 0.2
4250 5414 0.05
4250 394 0.01
4250 5028 0.05
4250 9339 0.2
4250 197 0.2
4250 10120 0.05
4250 1412 0.01
4250 12294 0.01
4250 2409 0.05
4250 8568 0.05
4250 4040 0.05
4250 4615 0.2
4250 1622 0.05
4250 9088 0.2
4250 3018 0.2
4250 211 0.2
4250 8574 0.05
4250 6235 0.05
4250 7234 0.05
4250 11102 0.05
4250 4042 0.01
4250 3874 0.05
4250 11921 0.05
4250 3504 0.05
4250 5620 0.01
4250 4834 0.01
4250 11318 0.05
4250 2622 0.05
4250 9975 0.05
4250 5071 0.05
4250 9203 0.05
4250 11745 0.05
4250 766 0.05
4250 1237 0.2
4250 7543 0.01
4250 1240 0.2
4250 7265 0.05
4250 1468 0.05
4250 5842 0.05
4250 9720 0.01
4250 655 0.01
4250 7647 0.2
4250 7863 0.2
4250 1675 0.01
4250 1527 0.05
4250 5482 0.01
4250 4098 0.01
4250 9605 0.05
4250 3408 0.05
4250 2283 0.05
4250 1685 0.05
4250 871 0.01
4250 672 0.2
4250 1089 0.01
4250 3526 0.05
4250 2692 0.05
4250 5889 0.2
4250 2902 0.05
4250 7484 0.01
4250 7683 0.01
4250 1901 0.05
4250 8334 0.2
4250 1707 0.05
4250 10811 0.2
4250 11182 0.2
4250 1717 0.05
4250 10037 0.01
4250 1319 0.01
4250 1728 0.01
4250 3559 0.2
4250 1730 0.2
4250 6340 0.05
4250 5721 0.01
4250 716 0.01
4250 8104 0.01
4250 4734 0.01
4250 9094 0.01
4250 8885 0.05
4250 8306 0.01
4250 4962 0.05
4250 5369 0.05
4250 8082 0.05
4250 8500 0.2
4250 11636 0.2
4250 7171 0.05
4250 1409 0.05
4250 4152 0.05
4250 5964 0.01
4250 351 0.05
4250 8512 0.2
4250 4991 0.01
4250 5239 0.05
4250 6978 0.01
4250 204 0.01
4250 10695 0.01
4250 1371 0.01
4250 6389 0.05
4250 11043 0.2
4250 367 0.01
4250 10286 0.01
4250 2172 0.05
4251 9088 0.2
4253 2070 0.05
4253 3340 0.2
4254 4152 0.2
4254 9088 0.2
4254 4066 0.05
4254 5821 0.01
4254 5263 0.01
4255 7324 0.2
4255 10441 0.01
4256 9088 0.01
4258 4152 0.05
4259 8137 0.2
4259 459 0.2
4260 9975 0.05
4261 4152 0.05
4262 273 0.2
4262 10220 0.05
4262 871 0.2
4262 10524 0.01
4262 9088 0.01
4262 10529 0.01
4262 7780 0.01
4262 2482 0.2
4262 7009 0.2
4263 10608 0.05
4263 2378 0.05
4263 9671 0.01
4263 8093 0.05
4263 9698 0.05
4263 9088 0.01
4263 5145 0.2
4263 11923 0.05
4263 6137 0.05
4263 12411 0.01
4263 4152 0.2
4263 989 0.05
4263 3114 0.01
4265 8108 0.01
4265 10592 0.2
4265 4152 0.01
4266 5721 0.01
4267 6554 0.01
4268 1217 0.01
4269 12552 0.2
4269 7511 0.05
4269 4728 0.01
4270 9466 0.2
4270 6961 0.05
4270 898 0.05
4271 4152 0.01
4272 4306 0.05
4272 1211 0.05
4272 10811 0.2
4272 5379 0.2
4272 5455 0.2
4272 4152 0.05
4272 2271 0.2
4273 978 0.01
4273 4267 0.05
4273 6554 0.2
4274 3906 0.05
4275 4152 0.2
4276 1757 0.01
4276 4152 0.05
4278 4152 0.05
4280 4152 0.2
4282 8452 0.01
4285 9531 0.05
4285 3568 0.01
4286 6454 0.01
4287 1160 0.2
4288 4152 0.2
4289 8473 0.2
4290 7324 0.01
4291 4152 0.2
4293 4152 0.05
4294 4152 0.05
4296 12328 0.05
4297 4152 0.05
4298 4152 0.01
4300 5054 0.01
4300 4152 0.2
4300 9088 0.05
4300 10178 0.05
4302 4152 0.05
4303 12328 0.2
4303 7572 0.05
4306 4272 0.05
4306 10838 0.2
4306 2271 0.05
4306 2694 0.05
4308 9272 0.2
4310 11089 0.01
4310 4152 0.01
4312 3867 0.01
4313 7604 0.01
4313 3005 0.01
4313 2961 0.01
4313 11311 0.01
4313 2732 0.2
4313 5214 0.05
4313 3209 0.05
4313 4152 0.2
4313 7498 0.2
4313 3967 0.2
4314 2507 0.2
4314 9142 0.05
4315 8344 0.2
4316 4525 0.2
4318 4152 0.2
4318 10811 0.01
4320 11375 0.05
4320 5066 0.05
4320 12411 0.05
4320 3114 0.01
4320 10608 0.01
4320 191 0.2
4320 8319 0.05
4320 8512 0.2
4320 2205 0.2
4320 2004 0.2
4320 12621 0.2
4320 4679 0.01
4320 8568 0.05
4320 11454 0.01
4320 5145 0.01
4320 7358 0.01
4320 1622 0.2
4320 5554 0.2
4320 9088 0.05
4320 3172 0.2
4320 10811 0.01
4320 4152 0.01
4321 5637 0.05
4322 4152 0.05
4323 12590 0.2
4324 7641 0.01
4324 10606 0.2
4324 2256 0.2
4324 8483 0.01
4325 8517 0.01
4326 4152 0.2
4327 1622 0.05
4328 8609 0.01
4328 174 0.01
4328 11788 0.05
4328 7613 0.05
4328 1319 0.2
4328 9359 0.2
4328 11075 0.01
4328 8512 0.01
4328 7810 0.05
4328 3842 0.2
4328 4991 0.01
4328 4793 0.05
4328 5135 0.2
4328 12437 0.2
4328 11254 0.2
4328 9851 0.01
4329 1383 0.05
4329 8116 0.2
4329 2992 0.01
4329 8478 0.05
4329 3254 0.01
4329 8810 0.05
4329 4619 0.01
4329 6056 0.01
4329 9929 0.2
4329 4166 0.2
4329 8299 0.2
4329 3901 0.01
4330 10495 0.2
4330 4152 0.01
4330 10811 0.2
4330 9935 0.05
4331 4152 0.05
4332 12552 0.05
4332 9531 0.2
4333 9088 0.05
4333 10811 0.2
4334 7456 0.01
4335 7294 0.05
4335 4016 0.05
4336 5397 0.01
4336 174 0.05
4336 972 0.05
4336 1390 0.05
4336 9778 0.2
4336 4793 0.05
4336 11887 0.05
4336 191 0.05
4336 6173 0.05
4336 9361 0.01
4336 9339 0.2
4336 4588 0.01
4336 12284 0.2
4336 7999 0.05
4336 4450 0.2
4336 211 0.01
4336 9960 0.05
4336 2228 0.2
4336 819 0.2
4336 4066 0.01
4336 11931 0.05
4336 4525 0.2
4336 11540 0.2
4336 4846 0.01
4336 9975 0.01
4336 10357 0.2
4336 1450 0.2
4336 7175 0.2
4336 2846 0.2
4336 5074 0.2
4336 10367 0.05
4336 8406 0.01
4336 7838 0.2
4336 8613 0.2
4336 3487 0.01
4336 10376 0.01
4336 649 0.2
4336 6685 0.05
4336 11359 0.2
4336 7081 0.2
4336 1527 0.2
4336 2875 0.05
4336 7863 0.2
4336 8240 0.2
4336 662 0.05
4336 6504 0.2
4336 3921 0.2
4336 10204 0.2
4336 2692 0.05
4336 7674 0.2
4336 8628 0.2
4336 6122 0.2
4336 1099 0.01
4336 1507 0.2
4336 6128 0.2
4336 302 0.01
4336 2310 0.05
4336 12576 0.05
4336 5339 0.05
4336 1318 0.2
4336 12201 0.2
4336 4149 0.01
4336 9088 0.05
4336 4152 0.01
4336 10055 0.05
4336 5482 0.05
4336 9096 0.2
4336 8306 0.01
4336 12025 0.05
4336 2734 0.05
4336 9410 0.01
4336 932 0.01
4336 8525 0.01
4336 6961 0.2
4336 1352 0.2
4336 7536 0.2
4336 10852 0.2
4336 5071 0.05
4336 3388 0.2
4336 12531 0.05
4336 10863 0.01
4336 3135 0.05
4336 953 0.01
4336 955 0.01
4336 12600 0.2
4336 9700 0.2
4336 4419 0.01
4337 11237 0.2
4338 4152 0.05
4340 7324 0.01
4340 1727 0.2
4340 4166 0.01
4341 2940 0.01
4341 5356 0.2
4341 3413 0.01
4341 4421 0.01
4341 10495 0.01
4341 871 0.2
4341 4846 0.2
4341 2786 0.2
4341 10200 0.05
4341 6673 0.01
4341 4525 0.05
4341 9971 0.01
4341 8589 0.2
4341 4962 0.01
4341 5938 0.01
4341 4226 0.2
4341 1087 0.2
4341 8875 0.01
4341 11589 0.2
4341 2896 0.2
4341 9720 0.2
4341 3684 0.01
4341 11075 0.01
4341 438 0.01
4341 545 0.01
4341 6996 0.01
4341 6755 0.01
4341 8170 0.01
4341 9531 0.01
4341 11695 0.01
4341 2845 0.01
4341 7394 0.01
4341 9167 0.01
4341 3381 0.01
4341 2711 0.2
4341 6479 0.2
4341 4387 0.05
4341 3383 0.05
4341 11012 0.05
4341 4738 0.05
4341 7171 0.01
4341 2969 0.01
4341 70 0.01
4341 6540 0.2
4341 6590 0.2
4341 11654 0.2
4341 4040 0.2
4341 10850 0.2
4341 2318 0.2
4341 1622 0.05
4341 8574 0.2
4341 6370 0.05
4341 1319 0.01
4341 11309 0.01
4341 10690 0.2
4341 8055 0.01
4341 5805 0.05
4341 9851 0.01
4341 2172 0.05
4341 3409 0.05
4342 1622 0.01
4342 4152 0.05
4343 6590 0.01
4343 4042 0.2
4344 4152 0.01
4345 9958 0.2
4346 4593 0.05
4346 11209 0.05
4346 3231 0.2
4349 5272 0.01
4350 6873 0.2
4352 6003 0.01
4352 1527 0.2
4352 4103 0.2
4352 9167 0.01
4352 11241 0.05
4353 4522 0.05
4354 7369 0.05
4355 4152 0.2
4356 9531 0.2
4357 349 0.01
4357 2850 0.01
4357 2444 0.05
4357 12610 0.05
4357 10497 0.05
4357 11295 0.2
4357 9531 0.05
4357 4991 0.2
4357 8681 0.01
4357 4846 0.01
4357 9167 0.01
4357 78 0.01
4357 1230 0.2
4358 249 0.01
4358 4152 0.05
4359 4152 0.05
4363 4152 0.01
4364 702 0.01
4364 4152 0.05
4364 10828 0.05
4365 8935 0.05
4365 2473 0.2
4365 137 0.2
4365 5163 0.05
4365 10318 0.05
4365 10495 0.01
4365 4066 0.05
4365 6745 0.01
4365 11326 0.2
4365 7663 0.01
4365 10618 0.05
4365 174 0.05
4365 7719 0.2
4365 8681 0.05
4365 7324 0.05
4365 7382 0.05
4365 10782 0.01
4365 12123 0.01
4365 1622 0.01
4365 4701 0.2
4365 3842 0.05
4365 1135 0.05
4365 12084 0.05
4365 11540 0.01
4365 234 0.2
4365 24 0.01
4365 7625 0.2
4365 9288 0.01
4365 11434 0.05
4365 8031 0.01
4365 7810 0.05
4365 9531 0.2
4365 9619 0.05
4365 1099 0.01
4365 10695 0.05
4365 9491 0.2
4365 6673 0.2
4365 8361 0.05
4365 2493 0.2
4365 4846 0.05
4365 8173 0.01
4365 12566 0.2
4365 8656 0.2
4365 2004 0.01
4365 70 0.05
4365 1561 0.2
4365 8568 0.01
4365 4040 0.05
4365 249 0.05
4365 4991 0.2
4365 11462 0.01
4365 6003 0.05
4365 3397 0.2
4365 4450 0.01
4365 78 0.05
4365 518 0.2
4365 9843 0.2
4365 1319 0.2
4365 2276 0.2
4365 8381 0.2
4365 3734 0.05
4365 7910 0.01
4365 5805 0.05
4365 574 0.2
4365 8625 0.05
4365 2016 0.01
4365 9605 0.2
4365 11528 0.01
4365 11921 0.2
4365 1527 0.05
4366 2223 0.2
4366 5145 0.2
4366 6592 0.2
4367 1622 0.2
4367 9088 0.2
4368 9720 0.01
4368 1084 0.05
4369 4152 0.2
4370 1957 0.2
4371 8132 0.2
4371 6707 0.2
4371 9088 0.05
4371 12042 0.2
4371 4152 0.01
4371 9342 0.05
4372 4152 0.01
4374 8688 0.05
4374 9354 0.2
4374 9674 0.05
4374 2265 0.01
4375 4152 0.05
4376 4152 0.05
4377 3839 0.01
4377 302 0.2
4377 3135 0.05
4378 3766 0.05
4378 11886 0.01
4379 4152 0.2
4380 4152 0.2
4382 7603 0.01
4383 4152 0.01
4386 4152 0.01
4387 4496 0.01
4387 5218 0.01
4387 2888 0.05
4387 276 0.2
4387 10401 0.05
4387 871 0.05
4387 2568 0.2
4387 1831 0.2
4387 7265 0.2
4387 9564 0.2
4387 10059 0.01
4387 672 0.05
4387 1818 0.01
4387 8681 0.05
4387 8916 0.01
4387 4525 0.2
4387 8132 0.01
4387 11636 0.2
4387 3114 0.05
4387 3823 0.01
4387 5071 0.01
4387 9523 0.05
4387 9720 0.05
4387 4851 0.05
4387 11695 0.2
4387 3583 0.05
4387 2928 0.01
4387 7617 0.05
4387 10906 0.05
4387 9288 0.05
4387 254 0.05
4387 1468 0.2
4387 4487 0.01
4387 8613 0.2
4387 12325 0.2
4387 12513 0.01
4387 5964 0.05
4387 11083 0.05
4387 4152 0.05
4387 11394 0.2
4387 4341 0.01
4387 3698 0.01
4387 9627 0.01
4387 3714 0.2
4387 8240 0.2
4387 7125 0.2
4387 11605 0.2
4387 9538 0.01
4387 1857 0.05
4387 1858 0.01
4387 6431 0.2
4387 10811 0.2
4387 8568 0.2
4387 9142 0.05
4387 953 0.01
4387 12335 0.05
4387 6542 0.05
4387 4770 0.01
4387 2393 0.01
4387 7324 0.01
4387 1622 0.2
4387 5968 0.05
4387 5554 0.05
4387 10633 0.2
4387 7702 0.2
4387 8378 0.01
4387 12482 0.05
4387 5482 0.01
4387 1865 0.2
4387 9359 0.05
4387 10690 0.2
4387 1265 0.2
4387 2359 0.05
4387 5104 0.05
4387 3506 0.01
4387 9602 0.01
4387 5842 0.2
4387 9088 0.05
4387 5763 0.2
4387 10958 0.05
4387 2424 0.05
4387 12401 0.05
4387 11043 0.01
4387 3047 0.05
4388 4152 0.05
4389 4152 0.2
4390 4666 0.01
4392 3381 0.01
4392 10095 0.2
4393 4152 0.01
4394 6984 0.01
4398 4152 0.05
4399 7838 0.05
4400 4152 0.01
4400 11434 0.2
4401 4450 0.2
4404 4152 0.01
4405 4152 0.2
4406 1622 0.01
4408 4152 0.01
4410 12513 0.2
4410 11695 0.05
4410 4770 0.01
4410 171 0.2
4410 9753 0.05
4410 7224 0.05
4410 4701 0.05
4412 299 0.01
4412 8672 0.05
4412 2276 0.01
4412 871 0.01
4412 4066 0.01
4412 11434 0.05
4412 9410 0.05
4412 6405 0.01
4412 9088 0.2
4412 2016 0.01
4412 2242 0.2
4412 10037 0.2
4412 12119 0.05
4412 9975 0.2
4412 1622 0.05
4412 8755 0.01
4412 2644 0.01
4412 2954 0.01
4412 5554 0.05
4412 9605 0.2
4413 7324 0.2
4414 9536 0.2
4414 12061 0.01
4415 9531 0.01
4415 11375 0.2
4415 7875 0.05
4415 3568 0.2
4415 1829 0.05
4415 5726 0.01
4415 4660 0.01
4415 12411 0.01
4415 8623 0.05
4415 5369 0.01
4415 8609 0.05
4415 8737 0.2
4415 3164 0.05
4415 2637 0.01
4415 70 0.05
4415 8319 0.01
4415 871 0.01
4415 2205 0.05
4415 9253 0.2
4415 2004 0.2
4415 10809 0.2
4415 6590 0.01
4415 5968 0.01
4415 12335 0.01
4415 5145 0.2
4415 9591 0.05
4415 10037 0.01
4415 5554 0.2
4415 211 0.01
4415 8574 0.05
4415 8575 0.01
4415 5926 0.2
4415 12592 0.01
4415 4152 0.05
4415 2334 0.01
4415 2283 0.05
4417 1622 0.01
4418 4152 0.2
4419 7294 0.01
4419 9974 0.2
4419 10371 0.05
4419 9980 0.01
4419 6850 0.05
4419 11600 0.01
4419 3114 0.2
4419 9992 0.01
4419 4152 0.01
4419 11501 0.01
4419 10811 0.01
4419 1712 0.05
4419 5145 0.01
4419 6863 0.05
4419 8375 0.2
4419 6330 0.05
4419 8764 0.2
4419 10333 0.01
4419 7647 0.01
4419 11002 0.05
4419 6338 0.05
4419 9088 0.2
4419 1527 0.2
4420 1181 0.01
4421 9121 0.2
4421 4341 0.2
4421 7328 0.05
4422 4152 0.2
4423 1443 0.2
4423 4152 0.05
4423 9088 0.2
4424 4152 0.05
4425 2705 0.01
4426 1686 0.2
4426 11846 0.01
4427 12552 0.2
4427 320 0.2
4428 1527 0.05
4428 4152 0.05
4428 10037 0.2
4428 5820 0.2
4430 4152 0.2
4431 10495 0.01
4431 9088 0.05
4431 8646 0.05
4431 4018 0.01
4431 4152 0.2
4431 6508 0.05
4433 7371 0.05
4433 7603 0.05
4433 3109 0.01
4433 10599 0.05
4433 831 0.2
4433 8025 0.01
4433 11552 0.2
4433 12489 0.2
4433 7410 0.2
4433 343 0.01
4433 8226 0.05
4433 2734 0.01
4433 8366 0.05
4433 6639 0.2
4433 9786 0.01
4433 1961 0.01
4433 4250 0.2
4433 10002 0.01
4433 6043 0.01
4433 9185 0.05
4433 11102 0.05
4433 10141 0.01
4434 1327 0.01
4435 11491 0.05
4436 4152 0.2
4438 9185 0.2
4439 4152 0.2
4440 6280 0.05
4441 1425 0.01
4441 4152 0.2
4442 11164 0.01
4442 7898 0.01
4442 4031 0.05
4442 12084 0.05
4442 3388 0.01
4442 388 0.2
4442 10811 0.05
4442 7838 0.05
4442 12335 0.05
4442 2016 0.2
4442 12513 0.01
4442 9975 0.05
4442 9191 0.01
4442 4152 0.05
4442 5554 0.2
4442 10421 0.01
4443 10811 0.05
4443 1783 0.05
4445 11012 0.2
4446 4152 0.05
4446 7944 0.01
4448 1200 0.2
4448 11241 0.05
4448 8314 0.05
4448 8885 0.01
4448 11481 0.2
4448 10811 0.2
4448 9026 0.01
4448 4152 0.2
4448 10037 0.05
4450 10495 0.05
4450 798 0.2
4450 4779 0.2
4450 10120 0.01
4450 5761 0.2
4450 6893 0.05
4450 7661 0.01
4450 7159 0.05
4450 3776 0.01
4450 12576 0.05
4450 11348 0.2
4450 932 0.05
4450 9673 0.05
4450 6076 0.01
4450 11695 0.2
4450 8574 0.01
4450 4336 0.05
4450 4042 0.05
4450 1240 0.01
4450 1921 0.05
4450 7683 0.05
4450 5600 0.05
4450 9020 0.2
4450 8132 0.01
4450 4127 0.05
4450 7543 0.05
4450 8177 0.05
4450 8568 0.2
4450 2265 0.05
4450 9698 0.05
4450 2547 0.01
4450 8865 0.05
4450 9959 0.05
4450 4401 0.01
4450 10037 0.01
4450 5554 0.2
4450 3018 0.01
4450 8237 0.2
4450 1062 0.01
4450 5916 0.2
4450 10391 0.01
4450 953 0.2
4450 3503 0.05
4450 1352 0.05
4450 11295 0.01
4450 2373 0.01
4450 9088 0.05
4450 2016 0.2
4450 4461 0.2
4450 4152 0.05
4450 3504 0.2
4450 8672 0.01
4450 11196 0.2
4451 273 0.2
4451 11533 0.01
4451 9100 0.01
4451 10782 0.01
4451 3114 0.01
4451 7009 0.01
4451 11113 0.05
4451 4797 0.2
4451 12461 0.05
4451 9483 0.01
4451 5710 0.2
4451 7780 0.2
4451 7494 0.01
4451 2468 0.01
4451 10220 0.05
4451 1757 0.05
4451 10524 0.2
4451 7451 0.05
4451 10529 0.2
4451 7421 0.05
4451 4206 0.01
4451 4262 0.2
4451 7811 0.2
4451 1575 0.01
4452 6071 0.01
4452 9528 0.2
4453 12552 0.01
4453 2896 0.05
4453 1002 0.2
4454 7017 0.2
4454 10450 0.05
4454 10547 0.01
4454 6405 0.05
4454 3676 0.05
4454 11884 0.2
4454 11434 0.01
4454 431 0.2
4454 6754 0.01
4454 2954 0.01
4454 2197 0.01
4454 6020 0.2
4454 11748 0.01
4454 7163 0.01
4454 2644 0.05
4454 7375 0.05
4454 3538 0.2
4454 2926 0.05
4454 2257 0.01
4454 11127 0.01
4454 8805 0.01
4454 1364 0.05
4454 249 0.2
4454 9950 0.01
4454 5970 0.01
4454 5383 0.05
4454 2324 0.01
4454 1625 0.05
4454 4358 0.01
4454 10375 0.2
4454 299 0.01
4454 10588 0.05
4454 9088 0.2
4454 2016 0.2
4454 9912 0.2
4454 4966 0.2
4454 8099 0.05
4454 5867 0.05
4454 4152 0.2
4456 4152 0.2
4456 9088 0.05
4457 6508 0.01
4458 7663 0.05
4458 2923 0.05
4458 4152 0.01
4458 9088 0.05
4458 5794 0.01
4459 9088 0.05
4460 174 0.2
4460 1622 0.01
4460 4152 0.01
4460 10811 0.05
4461 3503 0.2
4461 5600 0.2
4461 2547 0.01
4461 9715 0.05
4461 11348 0.2
4462 4152 0.2
4465 3254 0.2
4465 6318 0.2
4465 4678 0.05
4466 6076 0.2
4469 4152 0.01
4470 5309 0.01
4470 5327 0.2
4471 1622 0.01
4472 9531 0.01
4476 4152 0.01
4477 1418 0.05
4478 4152 0.05
4479 9531 0.2
4480 2756 0.2
4480 7237 0.01
4481 5397 0.05
4481 2596 0.2
4482 12401 0.01
4482 11326 0.01
4483 2449 0.2
4484 4135 0.2
4484 8118 0.01
4484 7526 0.01
4484 191 0.05
4484 1319 0.05
4484 10071 0.01
4484 11130 0.01
4484 8574 0.01
4484 70 0.05
4484 9975 0.01
4484 4152 0.2
4484 9843 0.2
4485 4522 0.2
4486 11754 0.05
4487 5487 0.01
4487 6246 0.01
4487 174 0.2
4487 7875 0.05
4487 4770 0.2
4487 3625 0.2
4487 871 0.01
4487 4066 0.01
4487 821 0.2
4487 7663 0.05
4487 12499 0.2
4487 5066 0.2
4487 4525 0.01
4487 12411 0.2
4487 430 0.05
4487 3114 0.05
4487 4701 0.01
4487 191 0.05
4487 12084 0.2
4487 8445 0.2
4487 24 0.05
4487 7625 0.01
4487 8169 0.01
4487 7170 0.05
4487 11119 0.05
4487 11695 0.01
4487 5399 0.01
4487 8681 0.01
4487 2535 0.05
4487 11679 0.05
4487 7319 0.2
4487 7176 0.2
4487 10852 0.01
4487 4127 0.2
4487 70 0.01
4487 10811 0.05
4487 1108 0.2
4487 10812 0.05
4487 9698 0.2
4487 3118 0.01
4487 1422 0.01
4487 11462 0.2
4487 7324 0.05
4487 1622 0.2
4487 10037 0.05
4487 5554 0.05
4487 8090 0.05
4487 10495 0.01
4487 2664 0.2
4487 11005 0.01
4487 5805 0.05
4487 12158 0.2
4487 7865 0.05
4487 9088 0.2
4487 9624 0.2
4487 9605 0.01
4487 4152 0.2
4487 3504 0.01
4487 12403 0.2
4488 9720 0.01
4488 1622 0.2
4488 4152 0.05
4492 4152 0.05
4493 5822 0.2
4493 12268 0.2
4493 11115 0.05
4493 2044 0.01
4493 1319 0.01
4494 6984 0.01
4496 7829 0.05
4497 4152 0.05
4498 4152 0.05
4500 9088 0.05
4501 8575 0.01
4501 8737 0.05
4501 5726 0.05
4501 6859 0.01
4501 4660 0.01
4501 9698 0.01
4501 5926 0.2
4501 1071 0.05
4501 12592 0.01
4501 4152 0.01
4502 7302 0.05
4505 9247 0.01
4506 2016 0.05
4510 2004 0.05
4510 5239 0.05
4510 7196 0.01
4510 1622 0.05
4510 4152 0.01
4510 1019 0.05
4511 58 0.01
4511 4793 0.05
4512 9531 0.2
4513 4152 0.05
4513 7805 0.01
4514 9786 0.2
4515 4152 0.01
4516 7324 0.2
4516 518 0.01
4518 1622 0.2
4519 926 0.2
4519 1961 0.2
4519 8609 0.01
4519 4217 0.01
4519 11629 0.01
4520 10256 0.05
4521 9435 0.05
4522 4218 0.01
4522 2787 0.01
4522 7975 0.01
4522 6410 0.2
4522 4794 0.01
4522 6005 0.2
4522 7255 0.01
4522 188 0.2
4522 8165 0.05
4522 20 0.2
4522 8739 0.01
4522 5780 0.05
4522 3419 0.01
4522 2179 0.01
4522 10113 0.2
4522 2402 0.2
4522 3338 0.2
4522 5028 0.05
4522 10540 0.2
4522 9648 0.05
4522 7996 0.01
4522 8962 0.01
4522 6434 0.01
4522 8385 0.01
4522 217 0.01
4522 6829 0.05
4522 9188 0.05
4522 3171 0.05
4522 8584 0.01
4522 12490 0.01
4522 49 0.2
4522 8011 0.01
4522 8197 0.05
4522 1987 0.2
4522 10513 0.05
4522 2311 0.05
4522 6461 0.05
4522 10386 0.2
4522 9568 0.2
4522 1943 0.2
4522 5458 0.05
4522 6848 0.05
4522 11816 0.2
4522 11549 0.01
4522 4485 0.01
4522 9382 0.01
4522 6271 0.2
4522 5823 0.2
4522 6480 0.2
4522 10569 0.05
4522 7611 0.05
4522 6676 0.01
4522 7419 0.05
4522 72 0.01
4522 9589 0.01
4522 5290 0.01
4522 11762 0.05
4522 9598 0.2
4522 7647 0.01
4522 3096 0.01
4522 11767 0.2
4522 3907 0.01
4522 10388 0.05
4522 8243 0.05
4522 11967 0.05
4522 1763 0.2
4522 4650 0.01
4522 2676 0.01
4522 12148 0.05
4522 7773 0.05
4522 11510 0.05
4522 6230 0.01
4522 1401 0.2
4522 9609 0.2
4522 11161 0.01
4522 2683 0.01
4522 8638 0.05
4522 10053 0.01
4522 12550 0.01
4522 4695 0.05
4522 10416 0.01
4522 8655 0.01
4522 4712 0.2
4522 5506 0.2
4522 503 0.01
4522 505 0.01
4522 12178 0.01
4522 5908 0.05
4522 4353 0.2
4522 6424 0.01
4522 3954 0.01
4522 752 0.2
4522 5922 0.2
4522 9088 0.2
4522 8422 0.2
4522 10648 0.01
4522 12018 0.01
4522 9576 0.05
4522 1934 0.2
4522 6353 0.01
4522 9987 0.2
4522 7346 0.2
4522 3580 0.05
4522 930 0.2
4522 6359 0.01
4522 2737 0.2
4522 5367 0.05
4522 928 0.2
4522 5055 0.01
4522 2233 0.05
4522 9771 0.01
4522 2978 0.01
4522 6596 0.2
4522 10215 0.05
4522 6773 0.01
4522 8522 0.2
4522 12632 0.05
4522 4999 0.05
4522 8336 0.2
4522 1234 0.2
4522 10486 0.01
4522 10091 0.2
4522 4009 0.2
4522 5566 0.05
4522 5766 0.2
4523 925 0.2
4524 4152 0.05
4525 8935 0.2
4525 2384 0.05
4525 1216 0.01
4525 5992 0.2
4525 9919 0.2
4525 1386 0.01
4525 11481 0.05
4525 972 0.2
4525 10338 0.2
4525 10878 0.01
4525 4793 0.2
4525 11488 0.01
4525 1992 0.05
4525 191 0.01
4525 5239 0.05
4525 6219 0.2
4525 9361 0.2
4525 9531 0.2
4525 11695 0.01
4525 2806 0.01
4525 5028 0.2
4525 9339 0.05
4525 7780 0.2
4525 5600 0.01
4525 8365 0.2
4525 211 0.2
4525 1757 0.05
4525 8003 0.01
4525 8568 0.2
4525 4040 0.05
4525 8378 0.05
4525 1422 0.05
4525 1622 0.01
4525 12401 0.2
4525 3018 0.01
4525 10333 0.2
4525 12294 0.01
4525 8574 0.01
4525 8575 0.2
4525 4824 0.05
4525 4006 0.01
4525 1213 0.01
4525 12488 0.01
4525 12489 0.01
4525 2016 0.2
4525 11526 0.01
4525 3089 0.2
4525 5808 0.05
4525 11529 0.2
4525 11923 0.01
4525 6460 0.2
4525 3698 0.01
4525 3469 0.01
4525 12311 0.2
4525 10357 0.01
4525 5071 0.01
4525 5118 0.05
4525 10367 0.01
4525 234 0.05
4525 766 0.05
4525 70 0.05
4525 4487 0.05
4525 1237 0.2
4525 10716 0.01
4525 12513 0.2
4525 4042 0.01
4525 239 0.2
4525 1240 0.2
4525 9020 0.2
4525 7202 0.01
4525 1468 0.01
4525 11351 0.05
4525 8618 0.05
4525 2292 0.2
4525 5681 0.2
4525 8237 0.2
4525 4152 0.01
4525 7863 0.2
4525 11571 0.01
4525 1675 0.2
4525 5482 0.01
4525 9410 0.2
4525 12159 0.2
4525 1068 0.2
4525 4193 0.01
4525 11196 0.01
4525 12534 0.01
4525 9605 0.2
4525 11968 0.01
4525 6508 0.01
4525 6296 0.05
4525 2283 0.2
4525 10965 0.2
4525 4316 0.01
4525 3514 0.01
4525 7875 0.01
4525 2888 0.01
4525 9545 0.2
4525 871 0.05
4525 3917 0.05
4525 8840 0.05
4525 672 0.01
4525 4700 0.2
4525 7476 0.01
4525 1084 0.01
4525 1884 0.05
4525 10204 0.2
4525 3114 0.01
4525 3526 0.01
4525 11788 0.01
4525 9761 0.2
4525 5889 0.01
4525 12556 0.05
4525 6313 0.05
4525 7683 0.01
4525 4336 0.05
4525 6128 0.05
4525 4341 0.05
4525 10421 0.01
4525 7494 0.01
4525 706 0.2
4525 10989 0.01
4525 1707 0.05
4525 2310 0.2
4525 10811 0.2
4525 12577 0.01
4525 4134 0.05
4525 2393 0.05
4525 7324 0.05
4525 10632 0.05
4525 11326 0.05
4525 10999 0.2
4525 905 0.01
4525 10633 0.2
4525 125 0.2
4525 5342 0.01
4525 5916 0.01
4525 9843 0.01
4525 3554 0.2
4525 1319 0.01
4525 11772 0.2
4525 9088 0.01
4525 3562 0.2
4525 1527 0.01
4525 2334 0.05
4525 8104 0.2
4525 11975 0.2
4525 9096 0.2
4525 9256 0.01
4525 8681 0.05
4525 10782 0.05
4525 11636 0.05
4525 3406 0.2
4525 3585 0.01
4525 6754 0.01
4525 9288 0.2
4525 9673 0.2
4525 1409 0.2
4525 1355 0.01
4525 4387 0.01
4525 2357 0.01
4525 1147 0.05
4525 7543 0.01
4525 351 0.2
4525 4990 0.2
4525 12531 0.05
4525 3185 0.01
4525 1417 0.2
4525 4770 0.05
4525 204 0.05
4525 2367 0.01
4525 5554 0.01
4525 1371 0.2
4525 10480 0.01
4525 9904 0.01
4525 12442 0.01
4525 10690 0.05
4525 955 0.05
4525 3409 0.01
4525 10698 0.2
4525 6961 0.01
4526 1957 0.05
4527 10588 0.05
4527 12409 0.2
4527 3397 0.05
4527 2644 0.05
4528 4152 0.05
4530 5701 0.05
4531 1859 0.01
4532 4152 0.05
4534 2843 0.01
4536 4152 0.2
4537 3538 0.05
4537 1979 0.01
4537 10197 0.01
4537 7375 0.2
4537 11326 0.2
4537 8350 0.05
4537 724 0.05
4537 12123 0.05
4537 10204 0.01
4537 11434 0.05
4537 5272 0.2
4537 6754 0.05
4537 7625 0.05
4537 7936 0.05
4537 2197 0.2
4537 11695 0.01
4537 11012 0.05
4537 7494 0.05
4537 3596 0.05
4537 8082 0.01
4537 1757 0.2
4537 5970 0.05
4537 10037 0.2
4537 5554 0.01
4537 11961 0.2
4537 1704 0.01
4537 9088 0.2
4537 10141 0.05
4537 12401 0.05
4539 3208 0.01
4539 2413 0.05
4539 1422 0.2
4541 9088 0.2
4542 11121 0.05
4542 1292 0.01
4542 4991 0.05
4543 2896 0.01
4544 7007 0.01
4546 10480 0.01
4547 370 0.05
4548 10168 0.01
4548 4152 0.05
4548 1468 0.01
4548 24 0.01
4548 5794 0.05
4548 672 0.01
4548 9088 0.05
4548 11695 0.01
4548 9975 0.05
4548 11921 0.2
4548 1527 0.01
4549 12052 0.2
4552 4152 0.05
4553 3840 0.2
4555 4152 0.2
4556 9003 0.2
4556 5815 0.05
4556 191 0.05
4556 10349 0.2
4556 10690 0.01
4556 11130 0.01
4556 11695 0.2
4556 10698 0.2
4556 6128 0.2
4556 7319 0.2
4557 1622 0.01
4558 7056 0.2
4559 5487 0.2
4559 8935 0.05
4559 4066 0.2
4559 9237 0.2
4559 11326 0.2
4559 11540 0.01
4559 8451 0.2
4559 9288 0.2
4559 9531 0.05
4559 6673 0.01
4559 9537 0.2
4559 7691 0.01
4559 2468 0.2
4559 749 0.05
4559 3769 0.2
4559 9851 0.01
4559 9088 0.2
4559 6341 0.2
4559 12534 0.2
4559 9605 0.2
4559 4152 0.05
4559 11822 0.05
4561 4152 0.01
4563 9531 0.01
4563 7598 0.2
4563 5297 0.05
4563 7810 0.01
4564 4152 0.01
4564 391 0.2
4565 4152 0.05
4566 4152 0.05
4567 4152 0.01
4569 4152 0.05
4570 7861 0.2
4570 4710 0.01
4570 4577 0.05
4571 4152 0.2
4572 12129 0.01
4573 4152 0.01
4574 10037 0.01
4578 10588 0.05
4578 4152 0.01
4578 9088 0.01
4579 8920 0.2
4579 9130 0.01
4579 7155 0.01
4579 2007 0.01
4579 7926 0.2
4579 17 0.05
4581 4152 0.2
4583 4136 0.2
4584 10781 0.05
4584 7307 0.05
4584 7455 0.01
4585 5889 0.05
4587 11274 0.2
4587 9247 0.05
4588 6003 0.05
4588 4152 0.05
4589 8875 0.2
4592 4152 0.05
4593 4346 0.2
4593 7843 0.2
4593 1319 0.2
4593 7852 0.05
4593 9167 0.05
4593 3239 0.05
4593 8512 0.05
4593 3109 0.05
4593 9531 0.2
4593 11695 0.2
4593 8681 0.2
4593 8810 0.05
4593 10141 0.2
4593 10557 0.2
4593 4630 0.05
4593 4152 0.01
4593 2896 0.05
4593 12403 0.01
4594 4152 0.05
4594 1237 0.05
4596 5010 0.2
4596 7641 0.05
4596 9605 0.05
4596 5701 0.05
4596 4152 0.05
4596 10037 0.2
4599 2507 0.2
4599 11127 0.2
4599 351 0.05
4599 2622 0.01
4599 12335 0.05
4599 9088 0.01
4599 12513 0.05
4600 191 0.01
4601 10333 0.01
4601 4152 0.01
4601 9088 0.05
4601 10811 0.05
4601 1417 0.05
4602 2507 0.01
4602 4152 0.2
4603 4152 0.2
4604 9088 0.01
4604 8002 0.2
4605 1957 0.05
4605 4526 0.2
4605 4178 0.05
4606 9068 0.2
4607 1663 0.01
4607 10001 0.05
4607 4786 0.01
4607 36 0.05
4607 392 0.2
4607 4066 0.01
4607 8875 0.05
4607 3099 0.05
4607 12231 0.2
4607 1216 0.05
4607 9326 0.05
4607 7536 0.05
4607 11091 0.05
4607 1913 0.01
4607 7511 0.01
4607 5722 0.01
4607 4047 0.01
4608 430 0.05
4609 4152 0.05
4610 4152 0.01
4611 70 0.01
4611 5938 0.05
4612 5397 0.2
4613 2265 0.2
4614 4152 0.01
4615 174 0.05
4615 9720 0.01
4615 2398 0.05
4615 11695 0.01
4615 9339 0.05
4615 4808 0.01
4615 11288 0.2
4615 11702 0.05
4615 1616 0.2
4615 409 0.2
4615 1757 0.2
4615 10524 0.01
4615 1417 0.01
4615 10723 0.01
4615 4250 0.05
4615 1622 0.01
4615 4450 0.05
4615 11326 0.05
4615 5608 0.05
4615 8574 0.01
4615 5048 0.2
4615 12493 0.01
4615 10150 0.05
4615 2016 0.2
4615 10141 0.05
4615 2228 0.01
4615 9047 0.2
4615 7613 0.05
4615 8593 0.01
4615 4657 0.01
4615 10149 0.2
4615 3469 0.01
4615 7510 0.01
4615 5629 0.2
4615 5071 0.2
4615 3618 0.2
4615 5080 0.2
4615 8613 0.01
4615 10375 0.05
4615 11558 0.2
4615 847 0.05
4615 11130 0.01
4615 455 0.01
4615 1058 0.01
4615 655 0.01
4615 9595 0.05
4615 4732 0.2
4615 7862 0.2
4615 1675 0.05
4615 2276 0.01
4615 5482 0.2
4615 10587 0.05
4615 9410 0.05
4615 1068 0.01
4615 2470 0.01
4615 6098 0.05
4615 2283 0.2
4615 10965 0.05
4615 2284 0.2
4615 9419 0.01
4615 276 0.05
4615 12113 0.2
4615 11980 0.05
4615 1295 0.05
4615 113 0.05
4615 8075 0.2
4615 8077 0.2
4615 7120 0.2
4615 6128 0.05
4615 300 0.01
4615 10809 0.01
4615 10811 0.05
4615 12576 0.01
4615 5145 0.2
4615 12497 0.01
4615 10037 0.2
4615 2718 0.2
4615 5916 0.01
4615 9843 0.2
4615 7330 0.2
4615 11815 0.05
4615 1328 0.05
4615 4152 0.2
4615 9272 0.01
4615 4158 0.01
4615 8891 0.05
4615 7161 0.05
4615 4166 0.05
4615 9474 0.01
4615 6754 0.2
4615 8121 0.05
4615 8319 0.05
4615 1409 0.2
4615 3990 0.05
4615 1150 0.05
4615 3395 0.01
4615 1371 0.01
4615 9142 0.05
4615 6602 0.01
4615 10690 0.01
4615 367 0.05
4615 9698 0.01
4615 9700 0.2
4615 2176 0.01
4617 4152 0.2
4619 8935 0.2
4619 174 0.05
4619 10036 0.01
4619 7603 0.05
4619 7324 0.2
4619 7767 0.01
4619 2992 0.01
4619 5226 0.05
4619 3217 0.05
4619 7810 0.2
4619 9531 0.2
4619 9336 0.2
4619 9167 0.01
4619 8173 0.01
4619 8755 0.01
4619 9676 0.01
4619 1622 0.05
4619 10533 0.2
4619 1624 0.01
4619 1430 0.2
4619 10736 0.01
4619 8383 0.01
4619 5805 0.05
4619 2016 0.01
4619 8392 0.05
4619 4066 0.05
4619 2837 0.2
4619 1138 0.01
4619 5456 0.01
4619 831 0.05
4619 8609 0.01
4619 438 0.2
4619 11337 0.05
4619 7843 0.01
4619 70 0.2
4619 5288 0.2
4619 7641 0.01
4619 1058 0.01
4619 3181 0.05
4619 3899 0.2
4619 656 0.2
4619 4090 0.2
4619 137 0.01
4619 267 0.05
4619 3507 0.01
4619 9605 0.01
4619 5487 0.01
4619 91 0.01
4619 5872 0.01
4619 12358 0.05
4619 9237 0.2
4619 11300 0.05
4619 1690 0.05
4619 3109 0.2
4619 1084 0.01
4619 2896 0.2
4619 4701 0.05
4619 12552 0.01
4619 10610 0.2
4619 4329 0.01
4619 3734 0.2
4619 8920 0.2
4619 12224 0.01
4619 8330 0.2
4619 8088 0.2
4619 4724 0.2
4619 6003 0.05
4619 4136 0.01
4619 4727 0.05
4619 518 0.01
4619 4728 0.2
4619 1319 0.05
4619 7709 0.2
4619 9851 0.05
4619 9650 0.2
4619 5721 0.2
4619 8672 0.01
4619 11210 0.01
4619 12213 0.01
4619 12403 0.01
4619 8116 0.01
4619 11434 0.2
4619 11437 0.2
4619 6961 0.05
4619 3587 0.01
4619 7936 0.2
4619 7536 0.2
4619 6697 0.01
4619 3382 0.2
4619 349 0.2
4619 2969 0.2
4619 8512 0.01
4619 3599 0.01
4619 8137 0.05
4619 1961 0.05
4619 4991 0.05
4619 3395 0.2
4619 11462 0.2
4619 8520 0.01
4619 1371 0.05
4619 8293 0.01
4619 1524 0.01
4619 3190 0.01
4619 1515 0.05
4619 10095 0.05
4621 4152 0.01
4622 2701 0.2
4622 1219 0.05
4623 4152 0.01
4624 4152 0.05
4626 5905 0.05
4626 10831 0.01
4627 5272 0.01
4628 4152 0.2
4630 10182 0.05
4630 1422 0.01
4630 55 0.2
4630 1319 0.01
4630 6589 0.05
4630 494 0.2
4630 5482 0.05
4630 3780 0.01
4630 3069 0.2
4630 3254 0.01
4630 4593 0.01
4630 3929 0.05
4630 4021 0.01
4630 12403 0.01
4630 12513 0.01
4630 9167 0.05
4630 7987 0.01
4630 9088 0.01
4630 10399 0.05
4631 9131 0.01
4631 6552 0.05
4631 9554 0.2
4631 11815 0.2
4631 3073 0.01
4631 4217 0.2
4632 4152 0.2
4632 10829 0.2
4633 2257 0.2
4633 4152 0.01
4633 2543 0.2
4633 3906 0.01
4633 8668 0.05
4634 3504 0.2
4635 9088 0.2
4635 6577 0.05
4636 12121 0.2
4637 9531 0.05
4638 4152 0.2
4639 6714 0.05
4639 4591 0.05
4640 4152 0.05
4641 4152 0.01
4641 6181 0.05
4642 5071 0.05
4642 5415 0.05
4642 5482 0.01
4642 10587 0.01
4642 9088 0.01
4642 9339 0.01
4642 1622 0.2
4642 4152 0.01
4642 10409 0.01
4643 10397 0.01
4643 4152 0.2
4644 6673 0.2
4644 4152 0.01
4644 11188 0.2
4646 5487 0.01
4648 4152 0.2
4650 4522 0.05
4651 7641 0.05
4651 3217 0.01
4651 8512 0.05
4651 5938 0.2
4652 4152 0.2
4653 7446 0.2
4653 9088 0.2
4653 2533 0.01
4655 4152 0.2
4656 10095 0.2
4657 4615 0.2
4658 4152 0.2
4659 4152 0.01
4660 7038 0.01
4660 8575 0.2
4660 9447 0.05
4660 6859 0.05
4660 9088 0.01
4660 5145 0.05
4660 5926 0.01
4660 4506 0.2
4660 1622 0.05
4660 4152 0.01
4660 6347 0.05
4660 12592 0.2
4660 8737 0.01
4661 8986 0.05
4661 11479 0.01
4661 4154 0.2
4661 91 0.2
4661 7875 0.05
4661 320 0.01
4661 9560 0.01
4661 6152 0.2
4661 871 0.01
4661 1430 0.2
4661 8350 0.01
4661 3109 0.05
4661 2730 0.05
4661 8589 0.2
4661 2345 0.05
4661 8682 0.05
4661 926 0.01
4661 4793 0.01
4661 12123 0.01
4661 6006 0.05
4661 2896 0.2
4661 4701 0.05
4661 8735 0.01
4661 12552 0.2
4661 7156 0.05
4661 6469 0.01
4661 9723 0.2
4661 12231 0.2
4661 11434 0.05
4661 7810 0.01
4661 9531 0.01
4661 9247 0.2
4661 2242 0.01
4661 7394 0.01
4661 9167 0.05
4661 11049 0.01
4661 518 0.05
4661 4340 0.2
4661 6414 0.01
4661 70 0.2
4661 6929 0.05
4661 1562 0.2
4661 8512 0.05
4661 4040 0.01
4661 160 0.2
4661 1961 0.2
4661 92 0.05
4661 2954 0.2
4661 11658 0.05
4661 11713 0.05
4661 3899 0.01
4661 7030 0.05
4661 656 0.2
4661 6984 0.05
4661 9843 0.05
4661 8381 0.01
4661 10736 0.05
4661 5254 0.05
4661 9184 0.05
4661 10441 0.2
4661 7641 0.01
4661 1690 0.01
4661 5456 0.2
4661 574 0.2
4661 9851 0.01
4661 6697 0.05
4661 12590 0.01
4661 6069 0.05
4661 11256 0.2
4661 12114 0.05
4661 8672 0.01
4662 4957 0.01
4663 5726 0.2
4664 4152 0.2
4664 9088 0.05
4664 7625 0.05
4664 1319 0.05
4665 4152 0.05
4666 6280 0.01
4666 8445 0.2
4666 174 0.2
4666 2629 0.01
4666 466 0.2
4668 11306 0.2
4668 2899 0.05
4668 8110 0.2
4669 4152 0.01
4671 6142 0.2
4674 4152 0.05
4675 9088 0.05
4676 7875 0.2
4679 12621 0.05
4679 12411 0.05
4679 4152 0.01
4679 3172 0.01
4680 4152 0.05
4681 4132 0.01
4682 6335 0.01
4682 2769 0.01
4683 9466 0.05
4683 1622 0.01
4684 10646 0.05
4684 1422 0.01
4685 4152 0.2
4685 9088 0.01
4686 4040 0.01
4687 191 0.2
4687 1386 0.2
4687 10668 0.05
4687 10811 0.01
4687 12545 0.01
4687 1622 0.2
4687 4152 0.2
4687 5554 0.01
4688 4152 0.01
4688 9088 0.05
4688 2016 0.01
4688 9605 0.01
4690 2551 0.2
4690 12552 0.01
4690 4345 0.2
4690 38 0.05
4690 8941 0.2
4690 9851 0.05
4690 12590 0.05
4690 2629 0.2
4691 4152 0.2
4693 12099 0.2
4694 4152 0.05
4695 4522 0.05
4696 11675 0.01
4696 2242 0.2
4696 11829 0.2
4696 12332 0.05
4697 4152 0.01
4698 12312 0.01
4699 299 0.01
4700 10965 0.05
4700 11319 0.05
4700 10450 0.05
4700 10197 0.01
4700 6405 0.01
4700 11326 0.2
4700 10302 0.01
4700 6257 0.01
4700 11434 0.05
4700 5272 0.2
4700 4796 0.05
4700 7249 0.2
4700 9619 0.01
4700 5145 0.05
4700 9082 0.05
4700 5555 0.2
4700 1720 0.2
4700 1625 0.2
4700 11002 0.2
4700 9410 0.2
4700 9088 0.05
4700 2016 0.2
4700 7811 0.2
4700 4152 0.05
4701 11326 0.05
4701 7159 0.01
4701 11434 0.2
4701 5629 0.01
4701 11788 0.2
4701 234 0.2
4701 24 0.2
4701 6219 0.2
4701 11695 0.2
4701 12513 0.05
4701 1242 0.01
4701 7691 0.01
4701 3388 0.2
4701 10811 0.01
4701 5145 0.2
4701 5554 0.05
4701 4152 0.05
4701 9843 0.05
4701 5482 0.01
4701 7283 0.01
4701 6508 0.2
4701 9088 0.2
4701 12534 0.2
4701 1527 0.2
4701 3504 0.2
4701 3618 0.05
4702 4152 0.01
4702 9088 0.01
4702 6508 0.01
4703 418 0.01
4704 4152 0.01
4705 2257 0.01
4706 7810 0.01
4706 5329 0.2
4706 7767 0.01
4708 5482 0.05
4711 8481 0.01
4711 5038 0.05
4711 4152 0.05
4711 9088 0.05
4711 982 0.05
4712 4522 0.05
4714 6984 0.2
4714 8609 0.2
4714 1227 0.05
4714 5938 0.05
4714 1622 0.05
4714 12081 0.01
4716 2989 0.2
4717 3469 0.01
4718 3409 0.01
4718 2016 0.01
4718 5554 0.05
4719 3846 0.2
4721 4152 0.05
4723 1468 0.05
4723 9410 0.05
4723 9088 0.05
4723 724 0.2
4723 1422 0.2
4723 4152 0.05
4723 1704 0.05
4724 1624 0.05
4724 9547 0.05
4724 8512 0.2
4724 3544 0.05
4724 12251 0.2
4724 10021 0.05
4724 4619 0.05
4724 715 0.01
4724 4727 0.05
4725 8646 0.01
4728 831 0.05
4728 5273 0.05
4728 11926 0.05
4728 12552 0.2
4728 10367 0.01
4728 5484 0.05
4728 8613 0.05
4728 4991 0.01
4728 7324 0.01
4728 1622 0.05
4728 4939 0.01
4728 1965 0.05
4729 2955 0.05
4729 6382 0.2
4729 2106 0.01
4729 6388 0.05
4729 4152 0.01
4729 3293 0.01
4729 9308 0.2
4730 1087 0.2
4731 374 0.05
4731 8512 0.05
4731 7302 0.2
4731 12526 0.05
4731 11354 0.2
4731 689 0.01
4732 7875 0.05
4732 10811 0.05
4732 9698 0.01
4732 9088 0.01
4732 5145 0.2
4732 1622 0.2
4732 4152 0.2
4732 10843 0.05
4732 12411 0.01
4732 6908 0.2
4733 10811 0.2
4734 211 0.05
4734 871 0.01
4734 3769 0.05
4734 10811 0.01
4734 1417 0.01
4734 10086 0.2
4734 9088 0.05
4734 11695 0.2
4734 11083 0.05
4734 4152 0.2
4734 12616 0.01
4735 9538 0.01
4735 6508 0.05
4738 9272 0.05
4738 1224 0.01
4738 627 0.01
4738 8885 0.2
4738 5143 0.01
4738 5728 0.05
4738 11706 0.05
4738 7435 0.2
4738 2438 0.01
4738 9614 0.05
4738 7252 0.05
4738 10613 0.01
4738 8121 0.01
4738 113 0.05
4738 3324 0.2
4738 6128 0.05
4738 4341 0.2
4738 452 0.2
4738 4130 0.2
4738 11130 0.2
4738 9720 0.05
4738 9339 0.2
4738 4864 0.05
4738 10037 0.05
4738 9595 0.05
4738 2712 0.05
4738 2982 0.2
4738 7863 0.05
4738 5659 0.01
4738 10689 0.05
4738 626 0.05
4738 5482 0.05
4738 9088 0.05
4738 8451 0.2
4738 10094 0.01
4738 4152 0.05
4739 6235 0.2
4740 4152 0.05
4741 5482 0.01
4742 3094 0.05
4743 2693 0.2
4744 8938 0.01
4744 8170 0.05
4744 8512 0.2
4744 2933 0.2
4744 4991 0.2
4744 12025 0.01
4744 1332 0.2
4744 4701 0.01
4746 4152 0.2
4747 5487 0.05
4747 11466 0.05
4747 3857 0.2
4747 6169 0.05
4747 4187 0.05
4747 12048 0.01
4747 1235 0.2
4747 808 0.05
4747 10441 0.05
4747 5773 0.05
4747 11344 0.01
4747 2062 0.2
4747 11526 0.2
4747 10249 0.2
4747 6454 0.2
4747 5554 0.2
4748 4152 0.01
4748 1084 0.01
4749 7852 0.01
4750 4152 0.01
4751 1622 0.2
4751 4152 0.05
4751 11056 0.2
4752 2265 0.05
4754 12297 0.01
4754 694 0.2
4754 12432 0.2
4754 2039 0.05
4754 2786 0.2
4756 7035 0.01
4758 9975 0.2
4758 1759 0.2
4758 4152 0.2
4758 9088 0.2
4758 5482 0.2
4760 3786 0.2
4760 10625 0.05
4760 4385 0.01
4761 4152 0.01
4762 1826 0.01
4763 6705 0.01
4764 5272 0.01
4764 5872 0.2
4764 3217 0.05
4764 9971 0.01
4764 11629 0.01
4764 7810 0.2
4764 8499 0.01
4764 1237 0.01
4764 4991 0.05
4764 10266 0.01
4764 4499 0.05
4764 4731 0.05
4764 8672 0.05
4764 10533 0.2
4765 3338 0.05
4766 3664 0.01
4767 4152 0.05
4768 5145 0.2
4769 4152 0.2
4770 276 0.05
4770 10495 0.05
4770 10149 0.05
4770 8306 0.05
4770 821 0.2
4770 7382 0.01
4770 4793 0.01
4770 3114 0.01
4770 390 0.01
4770 11788 0.01
4770 7625 0.01
4770 4487 0.05
4770 1237 0.05
4770 9339 0.2
4770 239 0.05
4770 4387 0.05
4770 6128 0.05
4770 6590 0.01
4770 326 0.01
4770 10811 0.2
4770 4086 0.2
4770 4990 0.01
4770 1422 0.2
4770 9203 0.01
4770 653 0.01
4770 5554 0.01
4770 211 0.2
4770 10480 0.05
4770 5435 0.01
4770 5101 0.01
4770 4410 0.01
4770 5482 0.01
4770 9410 0.2
4770 9088 0.05
4770 4152 0.05
4770 9232 0.05
4771 4152 0.05
4772 3899 0.2
4773 1219 0.2
4774 5938 0.2
4775 1757 0.05
4776 7278 0.01
4776 2637 0.05
4776 10037 0.2
4778 7603 0.05
4778 871 0.2
4779 4450 0.2
4780 11196 0.05
4781 173 0.01
4781 91 0.2
4781 9560 0.05
4781 10032 0.01
4781 8993 0.2
4781 3254 0.2
4781 2892 0.01
4781 1128 0.01
4781 4743 0.05
4781 5938 0.2
4781 59 0.05
4781 8468 0.2
4781 2845 0.05
4781 5272 0.01
4781 9243 0.05
4781 3926 0.2
4781 3217 0.05
4781 5280 0.05
4781 11659 0.05
4781 831 0.01
4781 847 0.01
4781 3180 0.01
4781 10860 0.01
4781 8283 0.2
4781 4724 0.2
4781 1622 0.05
4781 6984 0.01
4781 10777 0.01
4781 8383 0.05
4781 4147 0.01
4781 267 0.01
4781 10437 0.05
4781 1633 0.01
4781 9139 0.2
4781 713 0.2
4781 4016 0.01
4783 4152 0.01
4785 767 0.01
4785 7105 0.01
4785 7603 0.05
4785 9975 0.05
4785 5628 0.05
4785 831 0.01
4785 12297 0.05
4785 2637 0.05
4785 4166 0.01
4785 3321 0.2
4785 3123 0.01
4785 11121 0.01
4785 4808 0.05
4785 10123 0.01
4785 10723 0.2
4785 2849 0.05
4785 5703 0.2
4785 9223 0.2
4785 12277 0.05
4785 519 0.2
4785 8872 0.2
4785 11815 0.2
4785 9701 0.2
4785 4057 0.2
4786 4154 0.05
4786 8017 0.2
4786 1387 0.01
4786 7412 0.01
4786 2088 0.2
4786 3920 0.2
4786 6414 0.05
4786 392 0.2
4786 1525 0.2
4786 12231 0.01
4786 2535 0.2
4786 9782 0.05
4786 2408 0.05
4786 4589 0.2
4786 12388 0.01
4786 2815 0.01
4786 160 0.2
4786 7026 0.01
4786 92 0.2
4786 8661 0.2
4786 11713 0.05
4786 10037 0.05
4786 11360 0.05
4786 11469 0.01
4786 8875 0.05
4786 6990 0.05
4786 107 0.01
4786 11256 0.01
4786 4152 0.05
4788 4152 0.01
4789 4152 0.05
4789 9088 0.01
4789 1084 0.01
4789 12513 0.01
4790 10037 0.2
4790 9026 0.05
4791 4152 0.01
4792 9322 0.01
4792 3019 0.01
4793 174 0.2
4793 5218 0.2
4793 10495 0.05
4793 7375 0.05
4793 2568 0.05
4793 3842 0.05
4793 9531 0.01
4793 11695 0.05
4793 3691 0.05
4793 5600 0.2
4793 1757 0.01
4793 1814 0.01
4793 8177 0.01
4793 8568 0.01
4793 8755 0.2
4793 1422 0.01
4793 1622 0.2
4793 211 0.01
4793 8574 0.01
4793 9359 0.01
4793 4458 0.01
4793 12489 0.01
4793 4042 0.05
4793 11526 0.05
4793 3874 0.2
4793 3504 0.01
4793 1014 0.01
4793 1829 0.01
4793 4066 0.01
4793 3469 0.01
4793 5066 0.01
4793 430 0.01
4793 2242 0.01
4793 5272 0.05
4793 5118 0.05
4793 3618 0.05
4793 1237 0.05
4793 6673 0.01
4793 12513 0.2
4793 1957 0.2
4793 2016 0.01
4793 1468 0.2
4793 5844 0.05
4793 6685 0.05
4793 8618 0.05
4793 2272 0.01
4793 6229 0.05
4793 7647 0.05
4793 7863 0.01
4793 1675 0.05
4793 1527 0.2
4793 5482 0.2
4793 8045 0.05
4793 10588 0.05
4793 6504 0.01
4793 6508 0.2
4793 5487 0.01
4793 871 0.01
4793 4525 0.05
4793 1884 0.2
4793 3114 0.05
4793 2095 0.01
4793 9619 0.01
4793 4336 0.01
4793 12307 0.01
4793 1704 0.01
4793 1346 0.2
4793 7494 0.2
4793 7691 0.2
4793 7125 0.05
4793 6093 0.05
4793 10814 0.01
4793 9339 0.01
4793 11182 0.01
4793 11326 0.01
4793 10037 0.05
4793 5342 0.2
4793 5916 0.01
4793 9843 0.01
4793 1319 0.01
4793 9088 0.2
4793 5721 0.05
4793 8672 0.05
4793 11196 0.01
4793 10449 0.2
4793 3568 0.2
4793 9096 0.01
4793 2954 0.01
4793 731 0.05
4793 11434 0.2
4793 9673 0.01
4793 9674 0.01
4793 4152 0.2
4793 3388 0.01
4793 7543 0.05
4793 12522 0.01
4793 5239 0.05
4793 4770 0.01
4793 204 0.05
4793 5554 0.2
4793 1158 0.05
4793 367 0.05
4793 10286 0.2
4793 6101 0.2
4793 574 0.05
4793 4213 0.2
4793 3409 0.01
4794 4522 0.05
4796 5272 0.2
4796 10450 0.2
4796 3370 0.2
4796 10197 0.05
4796 6405 0.05
4796 11434 0.05
4796 10588 0.05
4796 2199 0.01
4796 4700 0.2
4796 9088 0.2
4796 6257 0.01
4796 12592 0.05
4796 4152 0.01
4796 11326 0.05
4796 7249 0.05
4796 5555 0.2
4797 4152 0.2
4797 3114 0.01
4798 4152 0.2
4799 10416 0.05
4801 1135 0.01
4802 4152 0.2
4803 8342 0.05
4803 3939 0.2
4803 8534 0.01
4803 629 0.05
4803 1446 0.2
4803 2977 0.01
4803 1808 0.01
4803 4152 0.01
4804 4152 0.05
4805 4548 0.2
4805 4152 0.01
4806 8825 0.2
4806 4152 0.2
4807 10095 0.05
4808 4785 0.05
4808 1579 0.05
4808 3205 0.2
4808 2388 0.05
4808 4021 0.2
4808 11884 0.05
4808 6411 0.2
4808 4793 0.2
4808 6416 0.2
4808 1601 0.01
4808 11075 0.01
4808 21 0.05
4808 9525 0.01
4808 24 0.2
4808 3217 0.01
4808 788 0.05
4808 10318 0.2
4808 3219 0.01
4808 795 0.01
4808 3221 0.01
4808 11083 0.01
4808 11609 0.01
4808 8750 0.01
4808 38 0.01
4808 4040 0.01
4808 11091 0.2
4808 6437 0.05
4808 1622 0.2
4808 12395 0.01
4808 5613 0.01
4808 808 0.2
4808 11916 0.05
4808 6449 0.2
4808 11921 0.2
4808 11922 0.05
4808 8017 0.2
4808 9560 0.2
4808 9562 0.01
4808 4066 0.2
4808 6461 0.01
4808 7845 0.05
4808 824 0.01
4808 4846 0.05
4808 831 0.05
4808 832 0.2
4808 4852 0.01
4808 7256 0.2
4808 381 0.01
4808 8031 0.2
4808 2446 0.01
4808 11121 0.05
4808 11122 0.01
4808 7265 0.2
4808 4865 0.2
4808 3275 0.2
4808 70 0.05
4808 11326 0.2
4808 851 0.05
4808 78 0.01
4808 3281 0.2
4808 8823 0.05
4808 3286 0.2
4808 10495 0.01
4808 9602 0.05
4808 11143 0.01
4808 9605 0.01
4808 11197 0.01
4808 4892 0.01
4808 2473 0.05
4808 91 0.05
4808 4103 0.2
4808 5670 0.05
4808 869 0.01
4808 8589 0.01
4808 7303 0.2
4808 3306 0.05
4808 2399 0.01
4808 7309 0.01
4808 4548 0.01
4808 2488 0.05
4808 8852 0.05
4808 7312 0.01
4808 9531 0.01
4808 8075 0.01
4808 4121 0.05
4808 1704 0.01
4808 898 0.05
4808 8088 0.2
4808 7324 0.05
4808 4939 0.2
4808 12154 0.05
4808 2424 0.2
4808 1727 0.2
4808 10441 0.05
4808 2520 0.01
4808 4153 0.01
4808 5727 0.2
4808 5732 0.2
4808 7344 0.01
4808 8899 0.2
4808 11223 0.2
4808 12051 0.01
4808 8124 0.01
4808 9674 0.05
4808 9676 0.05
4808 2535 0.05
4808 1759 0.05
4808 11233 0.01
4808 8137 0.05
4808 12052 0.2
4808 4991 0.2
4808 9688 0.05
4808 3397 0.2
4808 1770 0.2
4808 4995 0.2
4808 10483 0.05
4808 11247 0.01
4808 7366 0.05
4808 7551 0.05
4808 6961 0.01
4808 7369 0.01
4808 8935 0.01
4808 174 0.05
4808 8161 0.2
4808 5010 0.2
4808 6963 0.05
4808 6620 0.2
4808 7381 0.2
4808 7382 0.05
4808 6624 0.01
4808 4047 0.2
4808 5776 0.05
4808 1798 0.01
4808 1799 0.2
4808 9723 0.05
4808 8954 0.05
4808 8170 0.05
4808 7394 0.2
4808 8173 0.2
4808 1812 0.01
4808 204 0.05
4808 10529 0.05
4808 1002 0.2
4808 3654 0.2
4808 4254 0.01
4808 5805 0.01
4808 5052 0.2
4808 10736 0.2
4808 9753 0.05
4808 7426 0.05
4808 1833 0.01
4808 2629 0.05
4808 7959 0.01
4808 12129 0.05
4808 1042 0.05
4808 6673 0.05
4808 12131 0.05
4808 12136 0.01
4808 241 0.01
4808 11654 0.05
4808 1854 0.2
4808 249 0.01
4808 9786 0.01
4808 1058 0.05
4808 3499 0.01
4808 8334 0.05
4808 11363 0.05
4808 9032 0.2
4808 137 0.01
4808 3507 0.01
4808 8249 0.2
4808 10612 0.01
4808 5872 0.01
4808 11300 0.2
4808 9812 0.05
4808 6597 0.2
4808 3533 0.2
4808 12437 0.01
4808 4329 0.01
4808 6714 0.2
4808 8267 0.05
4808 4340 0.01
4808 8274 0.01
4808 4343 0.05
4808 11440 0.05
4808 4345 0.01
4808 3544 0.01
4808 9075 0.01
4808 386 0.2
4808 9843 0.05
4808 7505 0.05
4808 9851 0.2
4808 10641 0.2
4808 9090 0.2
4808 689 0.05
4808 1230 0.01
4808 12213 0.05
4808 9864 0.01
4808 11424 0.05
4808 2728 0.2
4808 8306 0.2
4808 324 0.01
4808 1128 0.2
4808 8310 0.05
4808 5174 0.01
4808 7526 0.2
4808 10440 0.2
4808 11434 0.05
4808 1134 0.2
4808 2734 0.01
4808 430 0.01
4808 6755 0.05
4808 8319 0.05
4808 5186 0.01
4808 7536 0.05
4808 1949 0.2
4808 10673 0.05
4808 11450 0.2
4808 353 0.2
4808 1961 0.01
4808 11462 0.2
4808 9128 0.2
4808 5200 0.2
4808 10685 0.05
4808 6370 0.01
4808 4409 0.01
4808 9658 0.01
4808 9140 0.2
4808 5990 0.01
4808 3687 0.01
4808 8755 0.2
4808 2789 0.2
4808 9926 0.01
4808 6006 0.01
4808 5226 0.05
4808 11491 0.2
4808 11492 0.2
4808 2798 0.01
4808 3640 0.2
4808 4435 0.01
4808 2500 0.01
4808 2003 0.2
4808 2813 0.01
4808 12284 0.01
4808 9948 0.01
4808 10727 0.01
4808 4450 0.01
4808 9954 0.01
4808 6044 0.05
4808 9959 0.2
4808 8381 0.05
4808 9185 0.2
4808 6051 0.2
4808 2016 0.01
4808 2832 0.2
4808 8392 0.05
4808 1227 0.2
4808 1663 0.01
4808 3676 0.05
4808 3677 0.2
4808 11543 0.05
4808 2843 0.2
4808 5269 0.05
4808 2845 0.05
4808 2042 0.05
4808 9147 0.01
4808 10754 0.01
4808 443 0.2
4808 7629 0.01
4808 12310 0.2
4808 5286 0.05
4808 11561 0.05
4808 5287 0.2
4808 2059 0.2
4808 7641 0.01
4808 2444 0.05
4808 1257 0.05
4808 1292 0.05
4808 3711 0.01
4808 2921 0.2
4808 466 0.01
4808 6094 0.01
4808 2073 0.05
4808 2721 0.01
4808 9232 0.2
4808 6883 0.2
4808 3722 0.05
4808 6887 0.05
4808 6889 0.2
4808 1283 0.2
4808 9237 0.05
4808 11136 0.01
4808 10019 0.05
4808 2896 0.2
4808 8447 0.05
4808 1913 0.2
4808 3734 0.05
4808 4537 0.2
4808 9247 0.05
4808 7686 0.05
4808 4875 0.05
4808 2107 0.2
4808 6093 0.05
4808 1312 0.2
4808 2874 0.01
4808 7701 0.2
4808 518 0.05
4808 12393 0.2
4808 2928 0.01
4808 8426 0.01
4808 8473 0.05
4808 1319 0.2
4808 11772 0.01
4808 9167 0.01
4808 5349 0.2
4808 2070 0.01
4808 1334 0.2
4808 6152 0.05
4808 6943 0.01
4808 7717 0.01
4808 3771 0.01
4808 5297 0.01
4808 10782 0.01
4808 2954 0.01
4808 9282 0.05
4808 11241 0.2
4808 7725 0.01
4808 12417 0.01
4808 9288 0.05
4808 10852 0.01
4808 1360 0.2
4808 12426 0.05
4808 4584 0.2
4808 2969 0.01
4808 12432 0.01
4808 7288 0.05
4808 8512 0.2
4808 1364 0.05
4808 10860 0.2
4808 6976 0.2
4808 6978 0.2
4808 8520 0.01
4808 1371 0.01
4808 6984 0.05
4808 6190 0.2
4808 12231 0.05
4808 10095 0.01
4808 2992 0.05
4808 6998 0.2
4808 10101 0.2
4808 3587 0.2
4808 11679 0.2
4808 9741 0.05
4808 4615 0.2
4808 5404 0.2
4808 5406 0.2
4808 5408 0.01
4808 3842 0.2
4808 6217 0.01
4808 5414 0.2
4808 11691 0.2
4808 7810 0.01
4808 2200 0.01
4808 10533 0.2
4808 10888 0.2
4808 3017 0.01
4808 9225 0.01
4808 7017 0.01
4808 1411 0.05
4808 1413 0.05
4808 11704 0.05
4808 9885 0.01
4808 8568 0.2
4808 3033 0.2
4808 1422 0.2
4808 1423 0.01
4808 7796 0.2
4808 6236 0.01
4808 8582 0.01
4808 9360 0.01
4808 7034 0.05
4808 10913 0.01
4808 10145 0.2
4808 7813 0.01
4808 10918 0.2
4808 8598 0.05
4808 10153 0.01
4808 1448 0.2
4808 7048 0.05
4808 2242 0.01
4808 8609 0.01
4808 438 0.01
4808 2248 0.05
4808 10162 0.2
4808 11749 0.01
4808 9491 0.05
4808 7843 0.01
4808 2256 0.05
4808 645 0.01
4808 3890 0.2
4808 7073 0.01
4808 12523 0.2
4808 6377 0.2
4808 653 0.01
4808 5478 0.05
4808 655 0.2
4808 9405 0.2
4808 10839 0.01
4808 7865 0.05
4808 8625 0.2
4808 5487 0.01
4808 9417 0.2
4808 10972 0.2
4808 3109 0.2
4808 11780 0.01
4808 674 0.01
4808 676 0.05
4808 4701 0.05
4808 12552 0.2
4808 3924 0.2
4808 12179 0.05
4808 10982 0.01
4808 5502 0.05
4808 10213 0.05
4808 9433 0.01
4808 9435 0.01
4808 9436 0.01
4808 12566 0.2
4808 10220 0.01
4808 12576 0.2
4808 6003 0.2
4808 12581 0.05
4808 11806 0.2
4808 7133 0.01
4808 2325 0.01
4808 4728 0.05
4808 10237 0.05
4808 4731 0.2
4808 12590 0.01
4808 1527 0.2
4808 6347 0.05
4808 9256 0.2
4808 8681 0.01
4808 3347 0.2
4808 2345 0.2
4808 12123 0.05
4808 3164 0.01
4808 10874 0.05
4808 7936 0.05
4808 10695 0.01
4808 11020 0.01
4808 5541 0.05
4808 11022 0.2
4808 7173 0.05
4808 5544 0.01
4808 5547 0.01
4808 7947 0.01
4808 12522 0.01
4808 5549 0.01
4808 3181 0.2
4808 5550 0.2
4808 4000 0.01
4808 12629 0.01
4808 4776 0.01
4808 12635 0.2
4808 3190 0.2
4808 756 0.01
4808 8723 0.01
4808 234 0.2
4809 10037 0.2
4809 5239 0.2
4812 12328 0.2
4812 4701 0.01
4813 4152 0.05
4813 4066 0.01
4814 11017 0.05
4814 10811 0.2
4814 9698 0.2
4814 9088 0.2
4814 1071 0.01
4814 4152 0.2
4814 3093 0.05
4816 4152 0.05
4817 6605 0.2
4817 1443 0.2
4817 4152 0.2
4817 9088 0.01
4817 4423 0.05
4819 4090 0.05
4819 7511 0.05
4819 2969 0.05
4820 1622 0.01
4822 4152 0.2
4823 10096 0.01
4824 3568 0.05
4824 871 0.2
4824 12545 0.2
4824 5729 0.05
4824 4525 0.2
4824 11111 0.01
4824 5369 0.01
4824 5889 0.2
4824 7484 0.2
4824 9531 0.2
4824 11012 0.01
4824 6377 0.2
4824 801 0.05
4824 2393 0.01
4824 10037 0.01
4824 10633 0.2
4824 1865 0.01
4824 7749 0.05
4824 1213 0.2
4824 9088 0.05
4824 4042 0.05
4824 9605 0.01
4824 4152 0.05
4827 24 0.2
4827 4152 0.2
4827 6803 0.01
4827 1527 0.05
4827 2004 0.2
4830 4586 0.05
4830 4991 0.2
4830 8512 0.2
4830 5554 0.2
4831 4152 0.01
4832 5889 0.2
4833 6044 0.2
4834 11318 0.05
4834 10495 0.05
4834 278 0.2
4834 3469 0.05
4834 6003 0.01
4834 11434 0.2
4834 5071 0.2
4834 931 0.01
4834 3481 0.2
4834 234 0.2
4834 6219 0.01
4834 4018 0.2
4834 1240 0.05
4834 242 0.05
4834 11655 0.05
4834 4250 0.2
4834 254 0.05
4834 11788 0.2
4834 5554 0.05
4834 45 0.01
4834 5482 0.2
4834 9088 0.05
4834 10367 0.2
4834 1527 0.01
4835 10037 0.01
4836 174 0.05
4836 9088 0.05
4836 4133 0.01
4836 1527 0.05
4836 6508 0.2
4836 5554 0.2
4837 1219 0.2
4838 191 0.2
4839 4152 0.01
4841 56 0.05
4841 2783 0.05
4842 7030 0.01
4843 9031 0.2
4844 8100 0.05
4845 12223 0.2
4846 5822 0.05
4846 10120 0.2
4846 8885 0.2
4846 3466 0.01
4846 11130 0.05
4846 5482 0.2
4846 10811 0.05
4846 1683 0.01
4846 9088 0.2
4846 9950 0.2
4846 5141 0.01
4846 4336 0.05
4846 9020 0.05
4846 1622 0.2
4846 10037 0.05
4847 9531 0.01
4849 2282 0.2
4849 12468 0.05
4851 5071 0.05
4851 5600 0.2
4851 5482 0.05
4851 10811 0.01
4851 4040 0.05
4851 2016 0.2
4851 8361 0.2
4851 4387 0.05
4853 2198 0.05
4854 1957 0.01
4855 7543 0.2
4855 12401 0.01
4856 979 0.2
4857 898 0.2
4858 4152 0.05
4860 2416 0.05
4861 9003 0.2
4861 174 0.2
4861 8742 0.05
4861 8568 0.05
4861 9088 0.2
4861 10812 0.05
4862 9129 0.2
4862 8208 0.2
4864 2473 0.2
4864 5670 0.05
4864 4066 0.05
4864 8598 0.05
4864 2730 0.01
4864 5938 0.2
4864 7048 0.01
4864 11432 0.2
4864 2896 0.2
4864 12552 0.05
4864 8609 0.01
4864 2061 0.05
4864 9105 0.05
4864 9851 0.01
4864 8170 0.05
4864 11233 0.05
4864 9676 0.2
4864 11121 0.2
4864 6479 0.05
4864 10673 0.01
4864 4738 0.05
4864 5010 0.2
4864 12566 0.2
4864 6368 0.2
4864 11235 0.2
4864 9540 0.01
4864 8755 0.05
4864 6335 0.05
4864 12635 0.2
4864 1727 0.2
4864 5805 0.01
4864 9850 0.05
4864 7865 0.05
4866 4152 0.05
4867 12123 0.01
4867 4066 0.2
4867 6673 0.01
4867 8319 0.2
4867 724 0.2
4867 4793 0.2
4867 1527 0.05
4868 11985 0.01
4869 10495 0.05
4870 4152 0.01
4871 12328 0.01
4872 4152 0.01
4873 2497 0.01
4874 1971 0.05
4874 649 0.01
4874 2053 0.05
4875 5355 0.01
4876 4152 0.05
4877 4152 0.05
4878 7843 0.05
4878 6071 0.2
4878 8899 0.2
4878 2455 0.01
4878 8976 0.01
4878 438 0.2
4878 4066 0.01
4878 8512 0.05
4878 2256 0.2
4878 8464 0.05
4878 9531 0.05
4878 676 0.2
4878 3188 0.01
4878 6003 0.01
4878 1622 0.01
4878 12123 0.2
4878 10095 0.2
4878 2242 0.2
4880 10592 0.2
4881 5647 0.01
4881 6415 0.2
4881 4152 0.01
4881 10811 0.05
4881 10538 0.05
4882 4193 0.05
4883 4152 0.2
4884 10120 0.2
4884 11870 0.2
4884 8568 0.01
4886 4152 0.2
4887 4152 0.2
4890 11016 0.2
4891 4152 0.05
4893 672 0.05
4893 9088 0.2
4893 11695 0.01
4893 5554 0.2
4893 11974 0.05
4894 11488 0.05
4894 4152 0.01
4895 4152 0.01
4897 1330 0.01
4897 4152 0.05
4897 783 0.05
4898 4152 0.01
4899 3547 0.01
4900 70 0.01
4900 5329 0.01
4900 964 0.01
4900 1138 0.2
4901 6240 0.05
4903 4152 0.2
4906 4152 0.05
4907 3771 0.2
4907 4152 0.05
4907 9288 0.01
4908 4152 0.2
4910 8726 0.2
4910 6498 0.05
4911 8122 0.2
4912 6347 0.01
4912 6265 0.01
4912 7462 0.05
4912 6859 0.05
4912 673 0.05
4912 5926 0.01
4912 4152 0.2
4912 3114 0.05
4915 4152 0.2
4916 8767 0.01
4916 3382 0.05
4917 4152 0.2
4919 5613 0.2
4920 4768 0.05
4920 5145 0.05
4922 8574 0.05
4923 4152 0.2
4925 12411 0.01
4925 4152 0.2
4926 4152 0.05
4926 989 0.2
4927 11489 0.01
4927 8428 0.2
4927 679 0.01
4927 7465 0.2
4927 5145 0.05
4927 8517 0.01
4927 9691 0.05
4928 10472 0.2
4929 1622 0.01
4931 2257 0.01
4932 6984 0.01
4933 4152 0.2
4934 9106 0.01
4934 4152 0.05
4934 7576 0.05
4935 9088 0.2
4937 9088 0.01
4938 9975 0.01
4938 11815 0.01
4938 7923 0.05
4938 4166 0.05
4938 8568 0.05
4939 5109 0.05
4939 174 0.01
4939 3239 0.2
4939 6729 0.2
4939 12403 0.01
4939 2896 0.05
4939 831 0.05
4939 5273 0.05
4939 191 0.2
4939 679 0.05
4939 10367 0.05
4939 7625 0.2
4939 8613 0.05
4939 7218 0.05
4939 12552 0.01
4939 6636 0.05
4939 10811 0.01
4939 4991 0.05
4939 1622 0.01
4939 10976 0.01
4939 10434 0.01
4939 7130 0.05
4939 4728 0.05
4939 11043 0.2
4939 5482 0.2
4939 10141 0.05
4939 6976 0.05
4943 4152 0.01
4945 4152 0.05
4946 2496 0.05
4946 6377 0.01
4946 9605 0.01
4948 174 0.01
4948 1332 0.01
4949 3697 0.2
4949 9398 0.01
4950 4152 0.05
4951 1622 0.01
4951 4152 0.01
4951 2129 0.2
4951 6508 0.2
4953 4152 0.2
4954 9369 0.05
4955 3392 0.05
4955 6156 0.01
4956 4152 0.05
4958 9088 0.05
4959 4152 0.05
4962 5112 0.05
4962 871 0.05
4962 4066 0.05
4962 12581 0.2
4962 7324 0.05
4962 4793 0.2
4962 7899 0.05
4962 2734 0.05
4962 9720 0.2
4962 5411 0.01
4962 11492 0.2
4962 8167 0.05
4962 2196 0.05
4962 9531 0.01
4962 11695 0.01
4962 1239 0.01
4962 7171 0.2
4962 4341 0.01
4962 7494 0.05
4962 10989 0.01
4962 1707 0.05
4962 2408 0.01
4962 11295 0.01
4962 4250 0.05
4962 8619 0.05
4962 1622 0.2
4962 5554 0.05
4962 10633 0.01
4962 749 0.01
4962 8574 0.01
4962 8378 0.2
4962 5761 0.2
4962 9088 0.01
4962 4152 0.01
4962 10050 0.2
4963 9917 0.01
4963 4152 0.05
4963 11056 0.01
4965 6396 0.2
4966 10450 0.01
4966 1827 0.01
4966 10197 0.01
4966 10547 0.2
4966 6405 0.05
4966 10302 0.01
4966 11884 0.2
4966 11434 0.01
4966 7163 0.2
4966 5272 0.05
4966 4796 0.05
4966 9777 0.01
4966 7249 0.05
4966 2197 0.05
4966 6020 0.2
4966 12119 0.2
4966 9339 0.2
4966 10375 0.2
4966 299 0.01
4966 11127 0.2
4966 992 0.05
4966 3389 0.2
4966 2265 0.05
4966 5970 0.2
4966 2239 0.2
4966 9410 0.05
4966 12149 0.2
4966 1364 0.05
4966 4003 0.01
4966 5555 0.01
4966 1720 0.2
4966 9082 0.2
4966 4454 0.05
4966 5561 0.01
4966 10588 0.2
4966 5662 0.05
4966 9088 0.01
4966 4152 0.2
4968 10554 0.05
4969 5795 0.01
4970 4152 0.05
4971 1468 0.01
4971 11695 0.2
4972 2896 0.05
4974 1759 0.05
4975 4152 0.05
4975 9088 0.2
4975 10918 0.01
4975 8681 0.05
4975 12401 0.01
4976 3136 0.01
4977 669 0.05
4978 4152 0.01
4978 9088 0.2
4979 4135 0.2
4979 10401 0.01
4979 6113 0.05
4979 8764 0.05
4979 5717 0.2
4981 4152 0.01
4982 9531 0.05
4982 5482 0.05
4982 11633 0.05
4982 2896 0.05
4983 12469 0.05
4983 9088 0.05
4983 8527 0.01
4984 4152 0.05
4984 11765 0.2
4985 3408 0.01
4986 4152 0.05
4986 5455 0.01
4987 4152 0.05
4988 4152 0.05
4988 11413 0.2
4988 11945 0.2
4989 6510 0.2
4989 10043 0.2
4990 3361 0.05
4990 4066 0.01
4990 6545 0.05
4990 11326 0.01
4990 9715 0.05
4990 4770 0.2
4990 4793 0.05
4990 3524 0.2
4990 11434 0.2
4990 4701 0.05
4990 5071 0.01
4990 6899 0.05
4990 11275 0.05
4990 3844 0.2
4990 11695 0.01
4990 11083 0.01
4990 239 0.05
4990 197 0.01
4990 9210 0.05
4990 6128 0.2
4990 10421 0.2
4990 12517 0.01
4990 10120 0.01
4990 7543 0.01
4990 7946 0.01
4990 12522 0.2
4990 4548 0.01
4990 5145 0.05
4990 1422 0.01
4990 9741 0.01
4990 7324 0.2
4990 1622 0.01
4990 3280 0.01
4990 4152 0.2
4990 7863 0.2
4990 1319 0.2
4990 2276 0.01
4990 4729 0.05
4990 9700 0.01
4990 9088 0.2
4990 11923 0.05
4990 9605 0.2
4990 11921 0.2
4990 1527 0.01
4990 11043 0.2
4990 3408 0.01
4990 10540 0.05
4991 174 0.01
4991 2090 0.05
4991 5218 0.2
4991 8306 0.05
4991 871 0.01
4991 9237 0.01
4991 11326 0.05
4991 9975 0.2
4991 1087 0.05
4991 5118 0.01
4991 10204 0.05
4991 4166 0.2
4991 9564 0.01
4991 5071 0.05
4991 12552 0.01
4991 3842 0.01
4991 11788 0.05
4991 191 0.2
4991 7933 0.05
4991 11492 0.05
4991 10367 0.05
4991 10073 0.2
4991 8169 0.01
4991 9720 0.05
4991 3735 0.2
4991 11695 0.01
4991 3568 0.05
4991 12422 0.2
4991 1018 0.01
4991 7171 0.01
4991 9003 0.2
4991 1371 0.2
4991 9020 0.01
4991 7691 0.05
4991 1707 0.05
4991 1468 0.2
4991 11130 0.05
4991 10811 0.01
4991 7165 0.05
4991 4250 0.05
4991 9688 0.05
4991 7324 0.05
4991 4450 0.01
4991 10037 0.2
4991 5554 0.05
4991 8334 0.05
4991 11679 0.2
4991 7511 0.05
4991 4728 0.01
4991 1319 0.2
4991 11043 0.05
4991 5482 0.2
4991 9088 0.01
4991 4042 0.05
4991 9605 0.01
4991 4152 0.01
4993 4152 0.05
4994 9478 0.01
4994 3734 0.2
4994 7508 0.2
4994 7404 0.2
4994 3122 0.05
4994 1622 0.05
4994 12123 0.2
4994 6116 0.05
4995 1371 0.05
4995 9531 0.05
4995 8344 0.01
4995 3654 0.2
4995 1430 0.2
4995 1295 0.2
4995 10737 0.2
4995 8478 0.01
4995 6792 0.2
4995 12489 0.01
4995 10548 0.01
4995 12594 0.01
4996 4152 0.2
4998 4152 0.2
4999 4522 0.2
5000 2395 0.05
5000 659 0.05
5000 9088 0.01
5000 5145 0.2
5000 5455 0.01
5000 5066 0.2
5000 1071 0.01
5000 4152 0.2
5002 4152 0.2
5004 4152 0.05
5005 4152 0.01
5005 1036 0.01
5007 9071 0.2
5008 12435 0.01
5009 12552 0.2
5010 8012 0.2
5010 10103 0.05
5010 3689 0.2
5010 7627 0.2
5010 2877 0.05
5010 9865 0.05
5010 2381 0.01
5010 9335 0.2
5010 7603 0.05
5010 113 0.05
5010 9223 0.05
5010 9250 0.2
5010 5113 0.2
5010 294 0.2
5010 4808 0.05
5011 7374 0.2
5011 4152 0.2
5012 4152 0.2
5014 7148 0.2
5014 10811 0.05
5014 1669 0.2
5014 9088 0.05
5014 5145 0.05
5014 4152 0.01
5015 9938 0.2
5015 2327 0.05
5016 11809 0.05
5017 11420 0.05
5017 10441 0.2
5017 8512 0.2
5019 4734 0.2
5019 174 0.05
5019 9862 0.2
5019 11480 0.01
5019 4066 0.2
5019 12545 0.2
5019 5066 0.01
5019 10782 0.2
5019 12123 0.01
5019 11434 0.01
5019 3114 0.01
5019 10931 0.01
5019 2277 0.05
5019 3585 0.2
5019 10209 0.2
5019 10028 0.05
5019 8319 0.2
5019 11887 0.2
5019 3075 0.2
5019 3646 0.2
5019 4042 0.2
5019 2257 0.2
5019 12513 0.01
5019 9068 0.01
5019 6133 0.05
5019 1857 0.2
5019 9598 0.2
5019 8512 0.01
5019 10770 0.2
5019 8819 0.2
5019 5145 0.05
5019 4134 0.01
5019 8618 0.05
5019 7324 0.01
5019 1622 0.05
5019 11779 0.2
5019 10037 0.2
5019 6908 0.05
5019 4047 0.05
5019 10333 0.05
5019 1062 0.01
5019 4152 0.05
5019 7329 0.01
5019 11409 0.05
5019 12527 0.05
5019 4007 0.01
5019 6143 0.2
5019 574 0.05
5019 2167 0.2
5019 5964 0.01
5019 2016 0.01
5019 2228 0.01
5019 4732 0.2
5019 9846 0.01
5019 12411 0.2
5019 4419 0.01
5020 4152 0.01
5021 4152 0.2
5022 6873 0.2
5022 2737 0.05
5022 9288 0.05
5022 1319 0.2
5024 10376 0.01
5025 4152 0.01
5026 4152 0.2
5027 8334 0.01
5027 9605 0.2
5027 8512 0.05
5027 11235 0.2
5027 12590 0.01
5027 7048 0.05
5028 10450 0.05
5028 1827 0.2
5028 7375 0.01
5028 4522 0.01
5028 7044 0.2
5028 223 0.2
5028 3676 0.2
5028 11214 0.2
5028 2954 0.2
5028 11386 0.2
5028 5074 0.01
5028 2257 0.01
5028 11127 0.05
5028 6976 0.05
5028 5383 0.2
5028 9082 0.01
5028 672 0.05
5028 811 0.05
5028 9088 0.01
5028 4250 0.2
5028 1733 0.05
5028 10588 0.05
5029 4152 0.2
5030 10037 0.01
5032 9088 0.01
5036 8132 0.05
5037 4152 0.01
5038 4154 0.2
5038 8017 0.2
5038 4786 0.05
5038 1387 0.2
5038 4066 0.2
5038 7412 0.2
5038 324 0.01
5038 2088 0.2
5038 10782 0.05
5038 1290 0.2
5038 6414 0.01
5038 5563 0.2
5038 438 0.05
5038 12231 0.01
5038 2248 0.01
5038 6673 0.2
5038 7493 0.05
5038 7394 0.01
5038 4711 0.2
5038 9782 0.2
5038 12138 0.01
5038 2004 0.01
5038 2408 0.2
5038 12388 0.01
5038 8137 0.2
5038 160 0.01
5038 1422 0.01
5038 8661 0.01
5038 6003 0.2
5038 1622 0.01
5038 2815 0.2
5038 11256 0.05
5038 8334 0.05
5038 360 0.01
5038 4152 0.2
5038 9843 0.05
5038 5251 0.05
5038 5805 0.01
5038 92 0.01
5038 204 0.2
5038 8481 0.05
5038 11921 0.01
5038 1527 0.2
5039 1686 0.01
5041 4152 0.2
5042 5319 0.2
5042 3842 0.05
5042 8862 0.2
5042 10095 0.01
5043 11533 0.2
5043 4630 0.2
5043 3780 0.01
5043 10182 0.01
5043 12407 0.05
5043 10367 0.05
5043 5482 0.01
5043 8122 0.01
5043 12376 0.05
5043 494 0.01
5043 9088 0.2
5043 11695 0.05
5043 12403 0.01
5043 11998 0.05
5043 2470 0.01
5043 7410 0.05
5043 7526 0.2
5043 1704 0.2
5043 2896 0.05
5043 8090 0.01
5044 4165 0.05
5045 4152 0.05
5046 4152 0.01
5047 569 0.05
5047 4152 0.01
5047 10811 0.01
5047 2242 0.2
5047 11829 0.05
5048 2992 0.2
5048 5670 0.2
5048 4105 0.2
5048 4615 0.05
5048 2345 0.2
5048 8609 0.01
5048 11075 0.01
5048 6996 0.05
5048 7810 0.01
5048 8170 0.2
5048 7394 0.01
5048 9167 0.2
5048 11122 0.01
5048 3031 0.2
5048 8706 0.05
5048 3229 0.2
5048 1257 0.05
5048 12581 0.05
5048 6044 0.01
5048 5484 0.05
5048 9851 0.2
5048 3138 0.05
5050 9531 0.05
5053 11108 0.2
5053 10690 0.01
5053 234 0.01
5053 6261 0.2
5053 11111 0.05
5054 4300 0.05
5055 4522 0.05
5056 4152 0.01
5057 3246 0.2
5058 4152 0.05
5060 10727 0.2
5061 9088 0.01
5063 2180 0.05
5063 5482 0.05
5063 10811 0.01
5063 9088 0.01
5063 5145 0.05
5063 2896 0.05
5063 10782 0.01
5063 4152 0.05
5063 1759 0.2
5063 10037 0.2
5063 3114 0.01
5065 10037 0.2
5066 6099 0.01
5066 8108 0.2
5066 3625 0.01
5066 12544 0.05
5066 1029 0.05
5066 3301 0.01
5066 6303 0.05
5066 2240 0.01
5066 9772 0.01
5066 7770 0.2
5066 387 0.2
5066 9241 0.05
5066 10561 0.2
5066 3925 0.05
5066 4211 0.05
5066 8555 0.01
5066 3114 0.05
5066 551 0.01
5066 1898 0.05
5066 11173 0.01
5066 989 0.2
5066 8867 0.01
5066 5137 0.05
5066 5839 0.05
5066 8042 0.05
5066 10945 0.01
5066 2213 0.2
5066 1106 0.2
5066 2543 0.05
5066 10811 0.01
5066 8912 0.01
5066 1568 0.01
5066 1109 0.2
5066 5145 0.2
5066 9588 0.05
5066 10774 0.05
5066 1622 0.2
5066 12592 0.01
5066 6908 0.05
5066 2464 0.2
5066 2507 0.2
5066 4152 0.05
5066 3553 0.05
5066 6873 0.05
5066 6337 0.01
5066 7749 0.05
5066 4373 0.01
5066 7085 0.01
5066 11012 0.01
5066 10235 0.2
5066 4193 0.2
5066 11649 0.2
5066 2470 0.01
5066 4448 0.01
5066 1019 0.05
5066 6611 0.01
5066 369 0.01
5066 7981 0.05
5066 7872 0.01
5067 4152 0.05
5068 2297 0.05
5070 1490 0.01
5071 766 0.05
5071 4018 0.01
5071 3205 0.2
5071 6547 0.01
5071 4793 0.05
5071 11887 0.2
5071 6416 0.05
5071 8740 0.2
5071 11890 0.05
5071 9531 0.05
5071 7218 0.01
5071 5600 0.2
5071 2926 0.2
5071 9538 0.01
5071 4040 0.2
5071 7998 0.05
5071 1622 0.01
5071 1625 0.01
5071 4057 0.2
5071 11921 0.05
5071 11923 0.2
5071 4834 0.01
5071 6460 0.05
5071 4066 0.05
5071 821 0.05
5071 6466 0.05
5071 4851 0.2
5071 10367 0.2
5071 3618 0.2
5071 6479 0.2
5071 10376 0.2
5071 442 0.01
5071 6492 0.2
5071 3281 0.01
5071 8819 0.01
5071 1675 0.2
5071 7283 0.2
5071 9605 0.05
5071 2470 0.2
5071 6508 0.2
5071 2473 0.05
5071 91 0.05
5071 871 0.05
5071 11980 0.05
5071 102 0.01
5071 3316 0.2
5071 8628 0.01
5071 885 0.05
5071 9619 0.2
5071 116 0.2
5071 2312 0.05
5071 1704 0.01
5071 4127 0.05
5071 4132 0.01
5071 11182 0.05
5071 8867 0.05
5071 6551 0.01
5071 910 0.01
5071 1730 0.2
5071 5721 0.05
5071 8104 0.2
5071 4166 0.2
5071 8894 0.01
5071 8899 0.01
5071 9671 0.05
5071 936 0.05
5071 9673 0.2
5071 9674 0.01
5071 3381 0.01
5071 1759 0.05
5071 1017 0.01
5071 8132 0.2
5071 3388 0.2
5071 8137 0.2
5071 4990 0.01
5071 4991 0.2
5071 10474 0.05
5071 11239 0.01
5071 12057 0.2
5071 3397 0.05
5071 1770 0.05
5071 2700 0.2
5071 3409 0.2
5071 7369 0.05
5071 3411 0.2
5071 8935 0.01
5071 174 0.2
5071 10495 0.01
5071 7375 0.01
5071 7382 0.05
5071 5014 0.05
5071 4047 0.05
5071 9720 0.05
5071 191 0.01
5071 12084 0.05
5071 7395 0.01
5071 989 0.01
5071 8173 0.2
5071 992 0.01
5071 4588 0.2
5071 5795 0.01
5071 10529 0.2
5071 9741 0.01
5071 7407 0.05
5071 3018 0.01
5071 211 0.2
5071 11309 0.2
5071 1014 0.05
5071 5805 0.01
5071 7426 0.01
5071 5813 0.2
5071 2622 0.01
5071 3469 0.05
5071 8208 0.01
5071 12123 0.05
5071 8755 0.05
5071 5820 0.01
5071 9772 0.01
5071 9773 0.05
5071 234 0.01
5071 1846 0.2
5071 6673 0.01
5071 8381 0.01
5071 241 0.01
5071 5844 0.2
5071 8237 0.01
5071 9793 0.2
5071 3503 0.2
5071 5863 0.05
5071 10588 0.05
5071 5106 0.05
5071 5620 0.01
5071 3408 0.01
5071 9039 0.05
5071 8252 0.05
5071 1884 0.01
5071 10608 0.01
5071 2692 0.01
5071 5889 0.2
5071 2695 0.2
5071 1099 0.05
5071 4336 0.2
5071 299 0.2
5071 3562 0.2
5071 7494 0.05
5071 9068 0.01
5071 5145 0.2
5071 5916 0.01
5071 9843 0.01
5071 3554 0.05
5071 12201 0.05
5071 1922 0.01
5071 9088 0.2
5071 11540 0.2
5071 8306 0.01
5071 11434 0.01
5071 2737 0.2
5071 6754 0.05
5071 8316 0.2
5071 7536 0.2
5071 8320 0.05
5071 1949 0.01
5071 2750 0.2
5071 1955 0.01
5071 1957 0.01
5071 11455 0.05
5071 4398 0.2
5071 11462 0.05
5071 3605 0.01
5071 6773 0.2
5071 5978 0.2
5071 1158 0.2
5071 9904 0.2
5071 10690 0.05
5071 1975 0.01
5071 8283 0.2
5071 10698 0.05
5071 3625 0.05
5071 9149 0.2
5071 6003 0.05
5071 7255 0.01
5071 10371 0.01
5071 12268 0.01
5071 391 0.05
5071 2797 0.01
5071 2798 0.05
5071 9935 0.05
5071 8361 0.01
5071 8365 0.01
5071 2004 0.05
5071 4615 0.01
5071 12294 0.05
5071 8378 0.2
5071 4257 0.2
5071 4458 0.2
5071 2016 0.01
5071 9189 0.01
5071 1227 0.05
5071 4470 0.01
5071 2028 0.01
5071 427 0.2
5071 12311 0.2
5071 430 0.01
5071 5272 0.01
5071 6076 0.01
5071 1237 0.05
5071 1242 0.05
5071 5287 0.2
5071 12335 0.05
5071 10002 0.01
5071 6093 0.2
5071 8426 0.05
5071 12351 0.01
5071 2888 0.01
5071 9237 0.05
5071 24 0.01
5071 1288 0.01
5071 4525 0.2
5071 1290 0.05
5071 2896 0.05
5071 12376 0.2
5071 4537 0.2
5071 7691 0.01
5071 2107 0.01
5071 10811 0.01
5071 7647 0.01
5071 10037 0.01
5071 518 0.2
5071 7702 0.05
5071 5342 0.01
5071 1319 0.05
5071 6140 0.05
5071 8478 0.2
5071 8480 0.01
5071 1329 0.01
5071 12403 0.2
5071 1333 0.05
5071 536 0.01
5071 3772 0.05
5071 10782 0.2
5071 2145 0.2
5071 545 0.01
5071 6961 0.01
5071 9287 0.05
5071 9288 0.05
5071 9292 0.05
5071 3788 0.2
5071 4152 0.05
5071 11651 0.01
5071 1814 0.01
5071 8512 0.01
5071 6978 0.05
5071 204 0.01
5071 1371 0.01
5071 7749 0.05
5071 6989 0.2
5071 574 0.01
5071 4250 0.01
5071 10876 0.05
5071 8544 0.01
5071 9329 0.2
5071 3840 0.05
5071 3842 0.01
5071 3845 0.01
5071 10884 0.01
5071 6219 0.2
5071 9361 0.05
5071 11695 0.01
5071 9339 0.01
5071 2203 0.01
5071 11020 0.01
5071 4633 0.01
5071 6229 0.2
5071 8568 0.05
5071 10086 0.2
5071 5309 0.01
5071 1422 0.2
5071 4642 0.2
5071 4387 0.05
5071 9359 0.01
5071 7811 0.2
5071 2235 0.05
5071 10147 0.05
5071 7663 0.01
5071 12499 0.01
5071 2242 0.01
5071 438 0.01
5071 2248 0.05
5071 3072 0.05
5071 8613 0.2
5071 12513 0.05
5071 7324 0.2
5071 10168 0.05
5071 8616 0.01
5071 10141 0.05
5071 2265 0.01
5071 8817 0.2
5071 2266 0.01
5071 9397 0.2
5071 3906 0.01
5071 7863 0.05
5071 11767 0.01
5071 2276 0.05
5071 5482 0.05
5071 8625 0.05
5071 12534 0.01
5071 2283 0.05
5071 7875 0.01
5071 2287 0.01
5071 6299 0.01
5071 12099 0.05
5071 12545 0.05
5071 10204 0.01
5071 3114 0.01
5071 4701 0.05
5071 11788 0.01
5071 7888 0.01
5071 7120 0.2
5071 10220 0.05
5071 1512 0.01
5071 12576 0.01
5071 12577 0.05
5071 6330 0.01
5071 7899 0.01
5071 6341 0.2
5071 1527 0.05
5071 2334 0.01
5071 4737 0.01
5071 6139 0.2
5071 8681 0.2
5071 7162 0.2
5071 1409 0.01
5071 9484 0.2
5071 9491 0.05
5071 12238 0.05
5071 5549 0.2
5071 3185 0.05
5071 5554 0.05
5071 5561 0.01
5071 10286 0.05
5071 10287 0.2
5071 4548 0.01
5072 9262 0.01
5072 2637 0.2
5072 5938 0.01
5074 10450 0.05
5074 871 0.2
5074 8478 0.2
5074 2029 0.05
5074 6139 0.05
5074 7044 0.01
5074 11933 0.01
5074 9975 0.01
5074 11434 0.05
5074 9984 0.05
5074 10073 0.01
5074 5435 0.2
5074 11695 0.05
5074 5028 0.2
5074 9339 0.05
5074 7375 0.2
5074 10892 0.2
5074 2257 0.01
5074 7401 0.2
5074 2649 0.01
5074 1957 0.05
5074 11130 0.05
5074 901 0.2
5074 6976 0.05
5074 6492 0.2
5074 3397 0.2
5074 10037 0.05
5074 2369 0.01
5074 4152 0.05
5074 9843 0.01
5074 1625 0.01
5074 367 0.01
5074 2388 0.01
5074 6989 0.2
5074 10588 0.2
5074 9088 0.01
5074 9605 0.05
5074 10216 0.2
5074 1733 0.2
5074 9142 0.01
5074 5113 0.01
5075 2637 0.05
5076 4152 0.2
5077 4152 0.05
5078 4152 0.2
5079 7720 0.05
5079 5958 0.2
5079 2776 0.2
5080 5272 0.2
5080 4615 0.05
5080 9196 0.05
5081 1224 0.05
5081 7898 0.2
5081 5482 0.05
5081 821 0.2
5081 9088 0.2
5081 8601 0.05
5081 12513 0.01
5081 10141 0.01
5081 9975 0.05
5081 4152 0.05
5083 1913 0.01
5085 4152 0.01
5086 4152 0.2
5090 4152 0.2
5091 4152 0.05
5093 4152 0.05
5094 4152 0.05
5095 5973 0.05
5095 4152 0.01
5096 3164 0.2
5097 4152 0.2
5097 9088 0.01
5097 10811 0.05
5098 11787 0.2
5099 5710 0.2
5100 11810 0.01
5101 2324 0.2
5101 1242 0.01
5101 1527 0.2
5101 9843 0.01
5101 438 0.05
5101 6405 0.05
5101 10811 0.2
5101 3205 0.2
5101 3469 0.01
5101 9088 0.01
5101 9288 0.05
5101 12534 0.05
5101 1405 0.01
5101 6003 0.01
5101 4152 0.05
5101 1417 0.2
5101 11434 0.2
5101 5554 0.2
5103 12312 0.2
5105 5992 0.01
5106 4152 0.05
5107 6827 0.2
5108 3389 0.2
5108 4152 0.2
5108 9088 0.01
5109 831 0.01
5109 12552 0.05
5109 8609 0.01
5109 2444 0.05
5109 4728 0.2
5109 9851 0.05
5109 6961 0.2
5109 4066 0.05
5109 4090 0.05
5109 7810 0.05
5109 1320 0.01
5109 4939 0.2
5109 2896 0.01
5110 9088 0.01
5113 12213 0.01
5113 4066 0.2
5113 2388 0.2
5113 7926 0.05
5113 4793 0.05
5113 11383 0.05
5113 4701 0.05
5113 5272 0.01
5113 5074 0.01
5113 7256 0.2
5113 8167 0.01
5113 3734 0.01
5113 9531 0.01
5113 5010 0.01
5113 8656 0.01
5113 8755 0.2
5113 7641 0.2
5113 5342 0.05
5113 1622 0.2
5113 4040 0.2
5113 518 0.01
5113 6093 0.01
5113 8483 0.05
5113 5297 0.05
5113 1527 0.01
5113 11254 0.01
5114 9253 0.01
5114 9088 0.01
5115 10495 0.01
5115 3618 0.01
5115 3963 0.01
5115 8320 0.2
5115 4152 0.2
5115 10698 0.05
5115 7330 0.01
5115 1017 0.05
5116 8132 0.2
5116 3164 0.2
5116 8568 0.05
5116 4259 0.05
5116 9531 0.01
5116 2367 0.2
5117 11418 0.01
5119 494 0.2
5120 3503 0.01
5120 10216 0.01
5120 2373 0.2
5120 6076 0.2
5120 9715 0.2
5120 11529 0.2
5121 9003 0.01
5121 2790 0.01
5123 1319 0.05
5123 7875 0.01
5123 8106 0.05
5123 3205 0.01
5123 11537 0.01
5123 6556 0.2
5123 3370 0.01
5123 5272 0.05
5123 3842 0.2
5123 9721 0.2
5123 11362 0.2
5123 4508 0.01
5123 6754 0.01
5123 1237 0.01
5123 11893 0.2
5123 8084 0.05
5123 8173 0.01
5123 9020 0.05
5123 11081 0.2
5123 9068 0.2
5123 3570 0.2
5123 7998 0.2
5123 6618 0.2
5123 9898 0.2
5123 515 0.05
5123 5916 0.2
5123 10284 0.2
5123 672 0.2
5123 6826 0.01
5123 4881 0.05
5123 6842 0.01
5123 9700 0.2
5123 1216 0.2
5123 4152 0.05
5123 8337 0.05
5123 5620 0.2
5125 4152 0.01
5126 9531 0.2
5127 4152 0.05
5128 4152 0.05
5129 6984 0.05
5129 4785 0.05
5129 1227 0.01
5129 6755 0.01
5129 12297 0.01
5129 171 0.01
5129 229 0.2
5129 3254 0.2
5129 2751 0.2
5130 7072 0.05
5130 5996 0.2
5130 8996 0.01
5130 2491 0.01
5130 186 0.05
5130 6808 0.01
5131 4152 0.01
5133 1371 0.2
5133 4995 0.01
5133 7394 0.05
5133 2845 0.01
5133 5795 0.01
5134 4152 0.2
5136 7843 0.01
5137 387 0.05
5137 5066 0.01
5138 8935 0.2
5138 234 0.2
5138 4152 0.2
5138 7875 0.2
5139 8552 0.05
5140 6984 0.2
5140 8512 0.05
5141 4846 0.05
5143 5487 0.2
5143 7426 0.01
5143 11005 0.2
5143 9560 0.05
5143 2728 0.01
5143 4615 0.01
5143 91 0.01
5143 8397 0.2
5143 12436 0.05
5143 4793 0.2
5143 8445 0.01
5143 12581 0.01
5143 2345 0.05
5143 12552 0.01
5143 8609 0.05
5143 12084 0.01
5143 438 0.05
5143 7936 0.05
5143 7810 0.05
5143 9531 0.01
5143 7536 0.05
5143 4738 0.05
5143 12522 0.05
5143 4040 0.2
5143 7324 0.2
5143 1622 0.2
5143 6984 0.05
5143 4409 0.05
5143 137 0.2
5143 5805 0.2
5143 574 0.05
5143 8625 0.05
5143 8103 0.05
5145 5487 0.05
5145 3199 0.01
5145 174 0.2
5145 12123 0.01
5145 10397 0.01
5145 3625 0.01
5145 4423 0.2
5145 3205 0.01
5145 9713 0.05
5145 2790 0.2
5145 11436 0.2
5145 6003 0.01
5145 7369 0.01
5145 8917 0.2
5145 11500 0.2
5145 387 0.01
5145 1898 0.2
5145 6215 0.2
5145 6416 0.01
5145 9078 0.01
5145 8737 0.2
5145 6887 0.01
5145 10506 0.2
5145 1993 0.05
5145 24 0.2
5145 8167 0.05
5145 353 0.01
5145 10712 0.01
5145 1957 0.05
5145 9531 0.01
5145 2820 0.01
5145 11083 0.2
5145 8361 0.05
5145 5721 0.2
5145 6405 0.01
5145 7218 0.05
5145 8750 0.05
5145 7017 0.2
5145 8173 0.05
5145 5446 0.01
5145 2004 0.05
5145 9946 0.01
5145 8964 0.05
5145 11293 0.2
5145 6033 0.01
5145 1417 0.05
5145 4040 0.05
5145 10124 0.01
5145 9698 0.01
5145 7598 0.05
5145 10529 0.05
5145 1422 0.01
5145 1622 0.01
5145 11094 0.05
5145 9744 0.01
5145 7795 0.01
5145 2296 0.2
5145 211 0.01
5145 5357 0.2
5145 9746 0.01
5145 1625 0.2
5145 7228 0.2
5145 8976 0.05
5145 6722 0.01
5145 1131 0.2
5145 418 0.01
5145 8272 0.2
5145 182 0.05
5145 2016 0.01
5145 218 0.2
5145 7811 0.01
5145 11884 0.2
5145 1019 0.05
5145 249 0.05
5145 11506 0.2
5145 7813 0.01
5145 1014 0.05
5145 9365 0.2
5145 224 0.05
5145 1360 0.01
5145 4066 0.01
5145 3469 0.01
5145 11731 0.05
5145 6254 0.2
5145 5063 0.01
5145 7625 0.01
5145 8397 0.01
5145 5455 0.05
5145 779 0.05
5145 61 0.05
5145 6137 0.01
5145 7248 0.01
5145 8789 0.01
5145 9980 0.01
5145 431 0.2
5145 5272 0.01
5145 9772 0.2
5145 6265 0.01
5145 9773 0.05
5145 6555 0.01
5145 438 0.01
5145 3618 0.01
5145 10450 0.2
5145 381 0.2
5145 10371 0.01
5145 10938 0.01
5145 3114 0.01
5145 9733 0.2
5145 3224 0.2
5145 9387 0.2
5145 11343 0.05
5145 10012 0.01
5145 8802 0.05
5145 5794 0.01
5145 5166 0.01
5145 2257 0.01
5145 7845 0.2
5145 1854 0.05
5145 1248 0.2
5145 6084 0.2
5145 4263 0.05
5145 6859 0.01
5145 6592 0.05
5145 5014 0.2
5145 2062 0.05
5145 12335 0.05
5145 254 0.05
5145 8046 0.01
5145 12149 0.2
5145 9592 0.05
5145 5805 0.05
5145 5809 0.05
5145 5857 0.2
5145 9416 0.01
5145 11570 0.05
5145 6541 0.2
5145 4152 0.01
5145 4506 0.01
5145 1674 0.05
5145 11533 0.05
5145 11571 0.01
5145 9812 0.2
5145 11103 0.05
5145 2276 0.05
5145 84 0.01
5145 9687 0.01
5145 7864 0.2
5145 8103 0.01
5145 5733 0.05
5145 1068 0.01
5145 5379 0.01
5145 4098 0.05
5145 12534 0.05
5145 3410 0.2
5145 1071 0.2
5145 10190 0.2
5145 864 0.01
5145 10782 0.2
5145 5970 0.05
5145 10965 0.05
5145 10195 0.01
5145 1686 0.05
5145 7875 0.01
5145 5872 0.05
5145 2888 0.2
5145 10197 0.05
5145 11988 0.01
5145 3706 0.05
5145 9420 0.05
5145 9237 0.2
5145 11300 0.01
5145 7879 0.01
5145 11136 0.05
5145 2223 0.01
5145 9559 0.2
5145 5878 0.2
5145 9222 0.01
5145 674 0.05
5145 2894 0.2
5145 7830 0.01
5145 7038 0.05
5145 676 0.05
5145 4701 0.01
5145 5101 0.2
5145 10608 0.05
5145 11788 0.05
5145 10220 0.2
5145 12374 0.05
5145 885 0.05
5145 8143 0.2
5145 5559 0.05
5145 6673 0.01
5145 9619 0.01
5145 8854 0.05
5145 3933 0.01
5145 4920 0.2
5145 568 0.05
5145 3535 0.05
5145 7120 0.2
5145 5726 0.05
5145 6719 0.2
5145 12224 0.05
5145 7691 0.2
5145 9068 0.05
5145 8279 0.05
5145 10809 0.05
5145 10142 0.01
5145 4927 0.2
5145 2108 0.01
5145 10811 0.2
5145 12275 0.01
5145 7324 0.2
5145 7547 0.01
5145 4660 0.05
5145 2923 0.01
5145 10037 0.01
5145 518 0.05
5145 11897 0.01
5145 9843 0.2
5145 6140 0.05
5145 3702 0.2
5145 8093 0.2
5145 2515 0.05
5145 9088 0.05
5145 2205 0.01
5145 8099 0.01
5145 12592 0.01
5145 1527 0.05
5145 11822 0.05
5145 8672 0.01
5145 10050 0.05
5145 7375 0.01
5145 6347 0.05
5145 9436 0.2
5145 11008 0.05
5145 10651 0.2
5145 5066 0.05
5145 1371 0.2
5145 11629 0.01
5145 6811 0.01
5145 11329 0.01
5145 4366 0.01
5145 8888 0.05
5145 7719 0.2
5145 10956 0.05
5145 6875 0.05
5145 12411 0.2
5145 5562 0.2
5145 6953 0.05
5145 10067 0.01
5145 6751 0.05
5145 4604 0.05
5145 8118 0.2
5145 541 0.01
5145 8899 0.01
5145 12258 0.05
5145 7725 0.2
5145 6754 0.2
5145 9671 0.05
5145 7936 0.05
5145 9288 0.2
5145 11434 0.01
5145 8319 0.01
5145 9674 0.01
5145 1704 0.2
5145 5956 0.2
5145 5186 0.2
5145 7536 0.05
5145 9486 0.01
5145 1949 0.2
5145 12238 0.2
5145 1759 0.01
5145 12617 0.2
5145 1443 0.01
5145 3175 0.05
5145 7541 0.01
5145 11232 0.01
5145 3389 0.2
5145 8910 0.05
5145 3799 0.01
5145 8512 0.05
5145 12000 0.01
5145 4768 0.05
5145 4193 0.2
5145 7788 0.2
5145 11460 0.05
5145 11462 0.2
5145 4814 0.2
5145 12438 0.01
5145 5976 0.2
5145 6599 0.01
5145 749 0.2
5145 6773 0.2
5145 9904 0.05
5145 5555 0.2
5145 5206 0.05
5145 8719 0.2
5145 6508 0.01
5145 574 0.05
5145 5215 0.05
5145 7556 0.05
5145 1975 0.01
5145 2175 0.05
5145 9493 0.01
5145 2779 0.01
5145 10698 0.01
5145 234 0.01
5145 10096 0.01
5145 4419 0.01
5147 4152 0.05
5148 6621 0.05
5148 5287 0.01
5148 7936 0.2
5148 9237 0.2
5148 5805 0.05
5148 9088 0.01
5148 2435 0.2
5148 6479 0.01
5148 1704 0.01
5153 4152 0.01
5154 8609 0.01
5154 174 0.2
5154 9843 0.05
5154 1319 0.01
5154 8381 0.05
5154 9288 0.2
5154 2016 0.2
5154 1527 0.2
5154 11660 0.05
5154 3568 0.01
5155 4152 0.01
5156 4152 0.05
5157 2240 0.01
5159 4152 0.01
5160 2581 0.2
5160 12330 0.2
5160 10703 0.2
5160 992 0.2
5160 4419 0.05
5161 4149 0.01
5164 4152 0.01
5165 5487 0.01
5166 4152 0.01
5167 4152 0.01
5168 9088 0.2
5169 9208 0.01
5170 23 0.01
5171 4152 0.2
5172 239 0.05
5172 11695 0.2
5172 3568 0.2
5172 1169 0.2
5172 2969 0.2
5173 1957 0.01
5173 5342 0.01
5173 516 0.01
5173 1625 0.05
5175 4152 0.01
5176 1468 0.01
5176 871 0.01
5176 885 0.05
5176 6508 0.05
5176 8478 0.01
5178 1757 0.01
5179 4152 0.01
5181 3729 0.2
5181 4892 0.05
5181 518 0.2
5182 4152 0.01
5183 4152 0.2
5184 4152 0.05
5186 9495 0.2
5186 4152 0.2
5186 5145 0.05
5186 1019 0.01
5186 10517 0.2
5187 10430 0.01
5190 4152 0.2
5191 9958 0.05
5192 2026 0.01
5192 847 0.05
5192 2682 0.2
5192 2829 0.2
5192 9753 0.2
5192 6785 0.01
5192 10095 0.2
5193 11708 0.2
5193 2387 0.05
5194 1071 0.01
5194 9698 0.2
5194 4152 0.2
5195 4152 0.05
5196 4152 0.2
5197 4152 0.05
5197 9088 0.2
5198 4152 0.05
5199 9531 0.05
5203 4152 0.01
5205 9531 0.2
5206 5145 0.01
5207 4152 0.01
5208 4066 0.01
5209 8371 0.05
5210 4152 0.05
5210 3154 0.01
5211 7441 0.05
5212 9088 0.2
5212 1759 0.01
5212 6508 0.2
5214 4313 0.01
5215 4152 0.01
5216 11576 0.05
5217 23 0.01
5218 4139 0.2
5218 1319 0.2
5218 1561 0.2
5218 7946 0.05
5218 4066 0.2
5218 8075 0.2
5218 1422 0.01
5218 7324 0.05
5218 4793 0.01
5218 9605 0.05
5219 3504 0.2
5219 11087 0.01
5220 3656 0.2
5222 10095 0.01
5223 2434 0.05
5224 4152 0.01
5225 9088 0.05
5226 4102 0.01
5226 123 0.05
5226 11490 0.01
5226 11815 0.2
5226 4619 0.2
5226 9063 0.2
5227 7287 0.01
5228 2458 0.2
5228 5440 0.05
5228 898 0.01
5231 4152 0.01
5232 3547 0.01
5233 11718 0.2
5234 10012 0.2
5234 3388 0.2
5234 10495 0.2
5234 249 0.05
5234 12534 0.05
5234 4152 0.05
5235 10037 0.05
5236 4152 0.01
5237 4152 0.2
5238 9088 0.01
5239 174 0.05
5239 8065 0.05
5239 8003 0.01
5239 276 0.01
5239 871 0.05
5239 1730 0.05
5239 11127 0.2
5239 1084 0.01
5239 2389 0.01
5239 9326 0.01
5239 4793 0.05
5239 1884 0.2
5239 12504 0.01
5239 3526 0.2
5239 11788 0.2
5239 191 0.2
5239 2692 0.2
5239 11439 0.05
5239 3481 0.05
5239 234 0.05
5239 11337 0.2
5239 1296 0.01
5239 3560 0.01
5239 1237 0.01
5239 3268 0.2
5239 9339 0.05
5239 6128 0.2
5239 9624 0.05
5239 4809 0.01
5239 10854 0.01
5239 8307 0.01
5239 766 0.05
5239 1707 0.01
5239 452 0.01
5239 70 0.01
5239 5966 0.05
5239 8574 0.2
5239 204 0.01
5239 2228 0.05
5239 11564 0.2
5239 4250 0.2
5239 1422 0.05
5239 9203 0.2
5239 9495 0.05
5239 10037 0.05
5239 5554 0.05
5239 10480 0.05
5239 2737 0.2
5239 7329 0.05
5239 1319 0.01
5239 1265 0.05
5239 367 0.05
5239 5482 0.2
5239 8151 0.2
5239 9410 0.05
5239 9700 0.01
5239 9088 0.05
5239 2470 0.2
5239 4152 0.2
5239 90 0.01
5239 9715 0.01
5241 4152 0.2
5242 4152 0.05
5243 6508 0.2
5244 4152 0.2
5245 4152 0.01
5245 3403 0.01
5246 4152 0.05
5248 10695 0.01
5250 12643 0.2
5251 1527 0.01
5251 4152 0.05
5251 3522 0.05
5252 10607 0.01
5252 8003 0.05
5252 869 0.01
5252 2619 0.01
5252 2888 0.05
5252 12084 0.01
5252 4066 0.01
5252 8568 0.01
5252 4040 0.05
5252 574 0.01
5252 3734 0.2
5252 2242 0.2
5252 12513 0.05
5252 3381 0.01
5252 1622 0.05
5252 3253 0.01
5252 78 0.2
5252 5554 0.2
5252 518 0.2
5253 8392 0.01
5254 12114 0.2
5254 12570 0.2
5254 9985 0.01
5254 2837 0.2
5254 3599 0.01
5254 5456 0.05
5254 2502 0.2
5254 3014 0.05
5254 1482 0.2
5254 8682 0.01
5254 5395 0.01
5254 12549 0.01
5254 9826 0.01
5254 12064 0.05
5254 656 0.01
5255 12267 0.2
5257 1527 0.05
5257 1622 0.2
5257 9088 0.01
5257 4152 0.01
5257 4142 0.05
5258 4152 0.01
5259 3073 0.01
5260 837 0.01
5260 7852 0.01
5261 871 0.05
5263 4152 0.01
5263 4254 0.05
5264 4152 0.05
5265 4152 0.2
5266 8378 0.05
5267 7302 0.2
5267 6044 0.2
5267 3395 0.05
5269 276 0.2
5269 4808 0.05
5269 10037 0.05
5269 12513 0.2
5269 744 0.01
5270 8859 0.01
5271 4152 0.2
5272 4796 0.2
5272 6405 0.05
5272 4700 0.01
5272 7249 0.05
5272 10302 0.2
5272 9088 0.01
5272 2016 0.01
5272 6257 0.01
5272 4152 0.05
5272 11434 0.01
5272 5555 0.01
5273 5487 0.05
5273 1579 0.05
5273 1230 0.05
5273 5938 0.05
5273 7767 0.01
5273 2896 0.05
5273 3217 0.2
5273 7810 0.2
5273 9247 0.05
5273 7843 0.01
5273 4865 0.05
5273 1624 0.05
5273 5795 0.01
5273 7641 0.2
5273 12436 0.05
5273 4040 0.05
5273 10533 0.2
5273 9958 0.01
5273 4307 0.01
5273 4728 0.2
5273 3954 0.01
5273 5297 0.05
5273 9851 0.05
5276 4152 0.05
5278 1622 0.01
5279 4152 0.01
5280 11729 0.01
5282 4152 0.2
5282 1625 0.05
5282 6754 0.2
5282 10588 0.05
5282 3496 0.2
5282 1884 0.01
5282 2954 0.05
5284 4152 0.05
5285 4152 0.05
5286 1586 0.01
5286 6318 0.05
5286 7376 0.2
5286 5482 0.01
5286 9250 0.2
5286 7302 0.2
5286 2639 0.05
5286 11747 0.01
5286 3934 0.01
5286 4166 0.2
5287 5148 0.05
5287 8381 0.01
5287 11654 0.01
5287 5805 0.05
5287 3381 0.05
5287 6479 0.05
5287 1704 0.2
5287 224 0.05
5288 8751 0.05
5288 349 0.05
5288 4619 0.05
5288 6540 0.05
5288 8383 0.01
5288 1036 0.01
5288 3254 0.05
5288 12203 0.01
5288 760 0.05
5288 10868 0.01
5288 713 0.01
5288 1038 0.05
5288 828 0.01
5288 1430 0.01
5289 4152 0.2
5290 4522 0.05
5291 9088 0.01
5291 3185 0.05
5292 4152 0.05
5293 10380 0.05
5294 4152 0.2
5295 11695 0.05
5296 9088 0.2
5298 4991 0.2
5298 3824 0.01
5300 4152 0.05
5301 10000 0.2
5301 4056 0.2
5302 4152 0.01
5302 2016 0.01
5304 12087 0.01
5304 4152 0.05
5304 7200 0.05
5305 38 0.05
5305 4892 0.01
5305 1101 0.2
5308 4152 0.01
5309 3388 0.01
5309 11083 0.05
5309 4470 0.05
5310 174 0.01
5311 2507 0.05
5312 4152 0.2
5313 7465 0.05
5314 1298 0.2
5314 6221 0.05
5314 3239 0.2
5314 1430 0.01
5314 6929 0.05
5315 7888 0.01
5316 3906 0.01
5318 10063 0.2
5320 6792 0.01
5321 4152 0.05
5322 4152 0.05
5324 7945 0.05
5324 5863 0.2
5324 7125 0.2
5325 4152 0.05
5326 2896 0.01
5327 11083 0.05
5328 1622 0.01
5328 9843 0.2
5328 8512 0.2
5329 3382 0.05
5329 7933 0.01
5330 10037 0.05
5332 11083 0.05
5333 5487 0.05
5334 3851 0.05
5334 4066 0.01
5335 4152 0.01
5335 5969 0.05
5336 11103 0.2
5337 234 0.05
5338 4152 0.2
5338 9288 0.01
5339 9088 0.01
5339 1319 0.05
5341 257 0.01
5341 11550 0.2
5341 6329 0.01
5342 11175 0.05
5342 10495 0.01
5342 672 0.2
5342 3879 0.2
5342 5071 0.05
5342 3388 0.05
5342 9484 0.05
5342 9677 0.2
5342 6128 0.01
5342 2257 0.05
5342 2310 0.2
5342 1957 0.01
5342 2818 0.01
5342 3651 0.2
5342 6093 0.05
5342 1625 0.2
5342 5482 0.2
5342 5173 0.05
5342 7543 0.2
5342 9088 0.01
5342 4152 0.05
5342 6508 0.2
5343 3618 0.2
5343 10811 0.01
5343 8104 0.05
5343 1329 0.2
5343 4152 0.2
5343 2334 0.05
5343 7369 0.2
5344 1913 0.2
5344 11667 0.01
5344 7686 0.01
5346 8334 0.01
5346 606 0.2
5346 6961 0.05
5346 3771 0.05
5346 4152 0.01
5346 5820 0.05
5347 3388 0.01
5347 9088 0.05
5347 10037 0.01
5350 2888 0.2
5351 4152 0.2
5352 5926 0.2
5352 4152 0.01
5355 4875 0.05
5356 2637 0.01
5356 4066 0.2
5356 8568 0.05
5356 11326 0.2
5356 9673 0.01
5356 9088 0.05
5356 8075 0.2
5356 4152 0.05
5356 10037 0.05
5356 4341 0.05
5357 4152 0.01
5357 5145 0.05
5359 11540 0.01
5359 1993 0.2
5359 4152 0.2
5359 10698 0.2
5360 4152 0.05
5361 174 0.05
5361 4633 0.05
5361 10970 0.01
5361 398 0.2
5361 4152 0.05
5361 10037 0.2
5362 9126 0.2
5362 4152 0.05
5362 2016 0.05
5363 4152 0.2
5364 12468 0.05
5365 4152 0.05
5366 4152 0.05
5366 3223 0.01
5366 3570 0.05
5366 11326 0.01
5366 7196 0.2
5366 30 0.2
5366 1622 0.01
5366 9088 0.01
5366 7525 0.2
5367 4522 0.05
5368 7686 0.01
5369 7875 0.01
5369 3568 0.05
5369 1829 0.01
5369 871 0.05
5369 10551 0.2
5369 1084 0.01
5369 6844 0.05
5369 8613 0.2
5369 8609 0.01
5369 3164 0.01
5369 11492 0.01
5369 2637 0.2
5369 5539 0.01
5369 10028 0.01
5369 9531 0.2
5369 905 0.01
5369 1857 0.05
5369 8907 0.01
5369 8623 0.01
5369 70 0.01
5369 6590 0.05
5369 8568 0.05
5369 5968 0.2
5369 12335 0.05
5369 4250 0.05
5369 9591 0.2
5369 1622 0.01
5369 10037 0.05
5369 5554 0.01
5369 211 0.05
5369 8574 0.01
5369 4824 0.01
5369 1115 0.05
5369 5482 0.01
5369 9088 0.2
5369 4415 0.2
5369 9605 0.05
5369 6295 0.01
5369 4152 0.05
5369 2334 0.05
5369 6508 0.2
5369 2283 0.05
5370 9164 0.2
5372 9531 0.2
5374 1131 0.01
5376 10456 0.01
5376 3659 0.05
5376 4152 0.01
5376 3395 0.01
5377 4152 0.05
5377 9863 0.2
5378 3846 0.01
5379 8859 0.01
5379 6137 0.2
5379 10811 0.01
5379 772 0.01
5379 4272 0.01
5379 5145 0.01
5379 1622 0.2
5379 4152 0.05
5383 223 0.2
5383 4454 0.2
5383 367 0.01
5383 10588 0.01
5383 9088 0.05
5383 9950 0.01
5383 5028 0.2
5383 1733 0.05
5383 4152 0.05
5384 4152 0.05
5385 6961 0.01
5385 4152 0.01
5385 9843 0.05
5385 7418 0.2
5386 174 0.01
5387 4152 0.01
5389 4152 0.05
5392 4152 0.05
5393 2797 0.01
5394 793 0.01
5395 12251 0.01
5395 3014 0.05
5395 12549 0.01
5395 8682 0.05
5396 4152 0.01
5397 4481 0.05
5397 2586 0.2
5397 9088 0.01
5397 2596 0.01
5397 4152 0.05
5397 4612 0.2
5398 4152 0.01
5399 3625 0.01
5399 10811 0.01
5399 4487 0.05
5399 5066 0.05
5399 1622 0.01
5399 4152 0.05
5399 10037 0.05
5399 3114 0.05
5400 10352 0.2
5400 9560 0.01
5401 4152 0.01
5403 1084 0.05
5405 10611 0.01
5405 4152 0.2
5407 11226 0.05
5409 8731 0.05
5409 8574 0.05
5409 12355 0.01
5409 9203 0.2
5409 7691 0.01
5409 2888 0.2
5409 12084 0.01
5409 367 0.2
5409 6545 0.01
5409 11326 0.2
5409 2890 0.05
5409 672 0.05
5409 9088 0.05
5409 9715 0.01
5409 9716 0.01
5409 7324 0.05
5409 4152 0.2
5409 4701 0.2
5411 4152 0.2
5412 9088 0.2
5413 10037 0.05
5414 9984 0.01
5414 3722 0.2
5414 9721 0.2
5414 11745 0.01
5414 3585 0.2
5414 6229 0.2
5414 11574 0.01
5414 4250 0.01
5414 9715 0.05
5414 4962 0.2
5414 10475 0.01
5414 10121 0.05
5414 10191 0.01
5414 5320 0.2
5415 5487 0.01
5415 8935 0.01
5415 137 0.2
5415 4066 0.01
5415 12123 0.05
5415 4701 0.01
5415 3633 0.05
5415 8899 0.2
5415 234 0.01
5415 24 0.05
5415 7810 0.2
5415 8319 0.05
5415 6673 0.01
5415 11083 0.01
5415 8568 0.05
5415 4040 0.2
5415 12576 0.05
5415 1422 0.05
5415 6003 0.05
5415 3190 0.2
5415 5805 0.05
5415 7865 0.01
5415 9605 0.05
5415 11921 0.01
5415 1527 0.2
5415 9531 0.2
5417 4152 0.05
5419 4152 0.05
5420 10037 0.01
5421 9011 0.2
5422 4152 0.05
5423 4152 0.05
5424 2843 0.2
5424 7851 0.2
5424 12401 0.2
5424 1295 0.2
5424 2908 0.05
5424 8393 0.01
5424 8170 0.05
5424 5404 0.2
5424 2040 0.01
5424 9185 0.2
5424 4152 0.2
5424 9034 0.05
5426 4152 0.05
5427 9531 0.01
5429 9531 0.05
5430 5478 0.2
5431 6891 0.05
5432 4152 0.05
5433 4152 0.05
5434 6639 0.01
5434 4152 0.01
5435 5671 0.01
5435 871 0.2
5435 12168 0.01
5435 3990 0.2
5435 3469 0.2
5435 7663 0.01
5435 5074 0.2
5435 4971 0.01
5435 3618 0.2
5435 8504 0.01
5435 1237 0.01
5435 9339 0.01
5435 6128 0.01
5435 10421 0.05
5435 9020 0.05
5435 992 0.01
5435 3281 0.2
5435 11130 0.01
5435 9174 0.05
5435 1417 0.05
5435 8755 0.2
5435 3185 0.2
5435 4770 0.01
5435 7324 0.2
5435 5554 0.01
5435 1428 0.01
5435 10690 0.01
5435 11043 0.05
5435 10141 0.01
5435 4152 0.01
5435 955 0.01
5436 1759 0.01
5436 11788 0.01
5436 254 0.01
5436 8618 0.01
5436 2737 0.05
5437 4152 0.01
5438 7412 0.01
5438 11713 0.01
5438 8017 0.05
5438 11256 0.2
5438 2535 0.05
5439 932 0.05
5442 4152 0.01
5442 10863 0.01
5442 3766 0.2
5443 10120 0.2
5443 11127 0.01
5443 955 0.05
5443 12577 0.05
5443 1099 0.05
5443 460 0.2
5443 8894 0.2
5444 4672 0.01
5444 5885 0.01
5444 3722 0.05
5444 70 0.2
5444 2928 0.2
5444 8609 0.2
5444 7910 0.2
5444 2214 0.05
5444 11817 0.2
5444 7324 0.01
5444 11083 0.2
5444 1913 0.01
5445 1686 0.01
5446 6613 0.01
5446 3553 0.01
5446 7516 0.05
5446 10811 0.01
5446 9088 0.05
5446 5145 0.01
5446 10430 0.2
5446 4152 0.05
5446 6508 0.01
5446 5554 0.01
5446 7176 0.2
5447 8609 0.01
5447 8512 0.05
5448 11488 0.2
5449 4152 0.2
5449 7912 0.2
5452 5482 0.2
5453 10210 0.2
5453 8935 0.01
5453 7426 0.01
5453 137 0.01
5453 5446 0.05
5453 3416 0.05
5453 7040 0.01
5453 3052 0.01
5453 10199 0.2
5453 7717 0.01
5453 10497 0.05
5453 7843 0.05
5453 4384 0.2
5453 2790 0.05
5453 5938 0.05
5453 1230 0.2
5453 4846 0.2
5453 1854 0.2
5453 12123 0.01
5453 10606 0.01
5453 2575 0.01
5453 4701 0.01
5453 12552 0.01
5453 6334 0.05
5453 10108 0.05
5453 11241 0.01
5453 10797 0.01
5453 12321 0.05
5453 234 0.05
5453 3847 0.05
5453 6472 0.2
5453 8031 0.05
5453 9531 0.05
5453 6673 0.01
5453 1561 0.01
5453 4133 0.01
5453 5716 0.05
5453 1949 0.01
5453 2493 0.2
5453 4340 0.05
5453 10421 0.2
5453 4738 0.01
5453 12566 0.2
5453 2004 0.01
5453 11232 0.05
5453 2434 0.05
5453 7946 0.2
5453 9167 0.01
5453 5376 0.2
5453 8899 0.01
5453 4040 0.01
5453 8464 0.05
5453 7629 0.05
5453 1203 0.01
5453 1422 0.2
5453 3885 0.01
5453 11881 0.01
5453 6003 0.05
5453 10682 0.05
5453 4248 0.01
5453 1407 0.2
5453 4727 0.05
5453 4089 0.01
5453 2588 0.05
5453 197 0.05
5453 3905 0.05
5453 4307 0.05
5453 353 0.01
5453 12063 0.2
5453 6466 0.2
5453 5559 0.2
5453 808 0.05
5453 7414 0.05
5453 10495 0.05
5453 430 0.01
5453 2016 0.01
5453 8426 0.2
5453 9605 0.01
5453 1527 0.2
5453 5722 0.05
5453 7369 0.01
5453 3229 0.05
5454 4152 0.01
5454 12177 0.01
5455 12592 0.01
5455 4152 0.2
5455 783 0.2
5455 3114 0.01
5456 12570 0.2
5456 2837 0.2
5456 656 0.2
5458 4522 0.05
5459 2821 0.05
5459 1741 0.01
5459 6234 0.05
5459 4882 0.01
5459 3254 0.01
5459 2918 0.01
5459 9177 0.2
5459 1421 0.01
5459 5551 0.01
5459 6103 0.05
5459 7305 0.2
5459 6847 0.01
5459 9798 0.05
5460 9088 0.05
5461 1015 0.01
5462 4152 0.05
5462 9088 0.01
5462 2016 0.05
5462 10811 0.01
5462 3175 0.2
5463 4152 0.01
5464 4152 0.01
5465 4152 0.2
5467 2345 0.2
5467 9602 0.01
5467 5356 0.05
5467 1319 0.01
5467 1468 0.2
5467 3719 0.01
5467 2435 0.2
5467 574 0.05
5467 9531 0.05
5467 11695 0.2
5467 7324 0.05
5470 11554 0.2
5471 2507 0.01
5472 9088 0.05
5473 9088 0.05
5474 9531 0.2
5476 4152 0.01
5478 5430 0.05
5478 9088 0.2
5479 9996 0.2
5480 10774 0.05
5480 4152 0.01
5480 5482 0.01
5481 10695 0.01
5482 8935 0.2
5482 174 0.2
5482 10493 0.01
5482 8003 0.2
5482 9919 0.05
5482 1386 0.2
5482 3625 0.2
5482 7663 0.05
5482 1730 0.2
5482 10588 0.2
5482 10876 0.01
5482 10675 0.2
5482 8350 0.01
5482 11182 0.2
5482 1215 0.01
5482 10878 0.05
5482 9715 0.2
5482 11636 0.05
5482 4793 0.05
5482 6756 0.01
5482 5992 0.05
5482 9329 0.05
5482 6024 0.2
5482 1992 0.05
5482 6403 0.2
5482 191 0.01
5482 5968 0.01
5482 11492 0.01
5482 10316 0.01
5482 10884 0.2
5482 394 0.2
5482 6219 0.2
5482 9531 0.05
5482 11695 0.05
5482 6803 0.01
5482 4018 0.05
5482 1807 0.2
5482 8361 0.01
5482 518 0.01
5482 989 0.05
5482 5600 0.05
5482 9733 0.2
5482 8365 0.2
5482 2004 0.2
5482 7022 0.05
5482 6639 0.05
5482 1814 0.05
5482 8177 0.01
5482 8568 0.2
5482 4040 0.05
5482 1201 0.2
5482 8583 0.2
5482 7999 0.05
5482 4250 0.2
5482 1240 0.2
5482 1422 0.2
5482 2412 0.01
5482 2784 0.2
5482 1622 0.2
5482 12401 0.01
5482 3018 0.05
5482 10897 0.2
5482 211 0.05
5482 8574 0.2
5482 12100 0.05
5482 10495 0.01
5482 8381 0.05
5482 11310 0.01
5482 6049 0.01
5482 6446 0.2
5482 6236 0.2
5482 5081 0.05
5482 2016 0.05
5482 7418 0.05
5482 7811 0.01
5482 11921 0.2
5482 3504 0.2
5482 4758 0.01
5482 2428 0.05
5482 10916 0.05
5482 11318 0.01
5482 6246 0.2
5482 5014 0.05
5482 10147 0.2
5482 7816 0.05
5482 5813 0.01
5482 6460 0.2
5482 7265 0.05
5482 5452 0.01
5482 3469 0.2
5482 9762 0.01
5482 2839 0.01
5482 7044 0.01
5482 7823 0.05
5482 11542 0.01
5482 9975 0.01
5482 11736 0.2
5482 7434 0.01
5482 2242 0.05
5482 12317 0.2
5482 3063 0.2
5482 9203 0.2
5482 1452 0.05
5482 3618 0.01
5482 2248 0.05
5482 7625 0.05
5482 9778 0.01
5482 5480 0.2
5482 4487 0.05
5482 1237 0.01
5482 12513 0.2
5482 2855 0.05
5482 10165 0.01
5482 2423 0.2
5482 1623 0.01
5482 4701 0.01
5482 10376 0.01
5482 3698 0.01
5482 351 0.01
5482 766 0.05
5482 8261 0.01
5482 70 0.05
5482 8478 0.2
5482 1857 0.2
5482 11722 0.01
5482 2265 0.2
5482 8817 0.01
5482 12335 0.01
5482 3842 0.2
5482 10782 0.2
5482 11455 0.2
5482 12000 0.05
5482 2292 0.05
5482 7271 0.01
5482 655 0.2
5482 204 0.05
5482 3281 0.01
5482 1527 0.01
5482 8426 0.05
5482 7863 0.05
5482 9793 0.01
5482 9129 0.05
5482 2276 0.05
5482 7283 0.01
5482 2074 0.2
5482 9410 0.05
5482 1068 0.05
5482 6412 0.01
5482 12534 0.01
5482 10393 0.01
5482 4834 0.05
5482 3668 0.05
5482 6508 0.2
5482 90 0.01
5482 2945 0.01
5482 3722 0.2
5482 7647 0.01
5482 871 0.2
5482 12542 0.01
5482 672 0.01
5482 9609 0.2
5482 4525 0.01
5482 9967 0.2
5482 2130 0.01
5482 3114 0.01
5482 12173 0.05
5482 3526 0.01
5482 6899 0.2
5482 7888 0.2
5482 2902 0.01
5482 1913 0.01
5482 6122 0.01
5482 11232 0.05
5482 7683 0.05
5482 4336 0.01
5482 9463 0.01
5482 7120 0.2
5482 6128 0.01
5482 3562 0.05
5482 1901 0.01
5482 302 0.2
5482 5901 0.01
5482 4738 0.05
5482 892 0.01
5482 5330 0.2
5482 442 0.01
5482 1707 0.05
5482 10220 0.05
5482 2310 0.2
5482 2806 0.01
5482 10811 0.05
5482 2622 0.05
5482 1108 0.05
5482 12576 0.05
5482 6093 0.01
5482 12577 0.2
5482 2112 0.2
5482 11881 0.05
5482 9501 0.01
5482 7899 0.05
5482 11326 0.05
5482 3878 0.01
5482 4630 0.05
5482 905 0.05
5482 8090 0.01
5482 11611 0.2
5482 5342 0.2
5482 5916 0.2
5482 9843 0.05
5482 1319 0.01
5482 11772 0.01
5482 4165 0.2
5482 11012 0.05
5482 4149 0.01
5482 9088 0.05
5482 3756 0.01
5482 9624 0.01
5482 10690 0.05
5482 11418 0.05
5482 4152 0.01
5482 8671 0.05
5482 8103 0.05
5482 8104 0.2
5482 12594 0.01
5482 1333 0.01
5482 11975 0.2
5482 10450 0.01
5482 3568 0.01
5482 12215 0.01
5482 719 0.05
5482 5931 0.01
5482 5066 0.01
5482 7313 0.2
5482 7019 0.2
5482 6545 0.05
5482 2496 0.05
5482 7719 0.2
5482 11635 0.01
5482 12027 0.05
5482 2954 0.05
5482 6316 0.01
5482 553 0.01
5482 7344 0.2
5482 662 0.01
5482 8118 0.05
5482 932 0.05
5482 2737 0.05
5482 12231 0.05
5482 6754 0.01
5482 10073 0.2
5482 11434 0.01
5482 10262 0.05
5482 11654 0.01
5482 1704 0.05
5482 5185 0.05
5482 7352 0.2
5482 7536 0.05
5482 2535 0.2
5482 12220 0.05
5482 3988 0.05
5482 4390 0.05
5482 11649 0.01
5482 7737 0.05
5482 11737 0.2
5482 3797 0.01
5482 3388 0.05
5482 7543 0.2
5482 6590 0.05
5482 4042 0.01
5482 8512 0.2
5482 6377 0.01
5482 12284 0.05
5482 3185 0.05
5482 5239 0.01
5482 4770 0.05
5482 12435 0.05
5482 9423 0.05
5482 8755 0.01
5482 5554 0.2
5482 8334 0.2
5482 3135 0.05
5482 2981 0.01
5482 9693 0.01
5482 1479 0.05
5482 367 0.2
5482 1468 0.2
5482 10871 0.2
5482 10867 0.01
5482 9318 0.01
5482 2601 0.05
5482 3409 0.2
5482 10698 0.01
5482 234 0.01
5483 4152 0.01
5484 831 0.05
5484 11926 0.2
5484 4728 0.01
5484 7641 0.05
5484 3935 0.05
5484 9928 0.05
5486 4152 0.05
5487 1561 0.01
5487 871 0.05
5487 2637 0.01
5487 9531 0.01
5487 7394 0.05
5487 4166 0.05
5488 11326 0.05
5489 5703 0.05
5489 11320 0.01
5490 8193 0.2
5490 11003 0.05
5492 8132 0.2
5495 1622 0.05
5495 4193 0.05
5495 4152 0.2
5495 10811 0.01
5495 3114 0.01
5496 8512 0.05
5496 10663 0.05
5497 4152 0.2
5498 4152 0.05
5499 6719 0.2
5499 438 0.01
5499 4040 0.05
5499 1622 0.01
5499 1527 0.05
5499 518 0.2
5500 4152 0.2
5500 5455 0.01
5501 4152 0.05
5504 8663 0.2
5504 10811 0.05
5505 4152 0.01
5505 12503 0.01
5505 3469 0.2
5506 4522 0.05
5507 2705 0.2
5508 3246 0.2
5508 11612 0.05
5510 10037 0.01
5512 2016 0.2
5513 2551 0.01
5513 4391 0.01
5513 5329 0.2
5513 2458 0.05
5513 5938 0.01
5513 3217 0.2
5513 6280 0.05
5513 1128 0.2
5513 12076 0.05
5513 70 0.05
5513 7610 0.2
5513 5189 0.05
5516 10042 0.01
5517 8118 0.01
5517 3842 0.05
5517 299 0.2
5517 234 0.05
5517 4066 0.01
5517 11695 0.05
5517 6673 0.2
5517 2171 0.2
5517 12576 0.01
5517 9088 0.01
5517 2016 0.2
5517 11884 0.01
5517 4793 0.05
5517 4152 0.2
5517 11434 0.01
5518 4152 0.05
5519 8132 0.2
5519 6707 0.05
5520 4152 0.01
5523 9531 0.05
5525 7829 0.05
5526 11000 0.2
5526 8629 0.2
5528 7433 0.05
5529 11488 0.2
5530 4152 0.01
5531 2473 0.05
5531 3596 0.01
5531 8656 0.05
5531 9866 0.2
5531 9760 0.2
5531 106 0.05
5531 9088 0.05
5531 1622 0.01
5532 2786 0.05
5533 2502 0.01
5533 2837 0.05
5533 5456 0.2
5534 4152 0.05
5535 10900 0.01
5536 1622 0.2
5537 3094 0.05
5538 808 0.2
5538 10382 0.05
5539 5369 0.05
5540 4152 0.05
5542 4152 0.05
5545 9496 0.05
5546 4152 0.01
5548 4152 0.2
5549 5071 0.05
5552 966 0.01
5552 2016 0.05
5553 10037 0.2
5554 5992 0.01
5554 2384 0.05
5554 10493 0.2
5554 10495 0.05
5554 3205 0.2
5554 9715 0.01
5554 2389 0.2
5554 6624 0.05
5554 191 0.2
5554 24 0.2
5554 8167 0.2
5554 11695 0.2
5554 8361 0.01
5554 1317 0.01
5554 7022 0.01
5554 5794 0.05
5554 1417 0.05
5554 7999 0.2
5554 1422 0.01
5554 1622 0.2
5554 8574 0.01
5554 610 0.01
5554 9359 0.2
5554 1319 0.05
5554 2016 0.05
5554 11526 0.01
5554 5446 0.2
5554 6836 0.05
5554 3469 0.2
5554 10925 0.2
5554 11537 0.05
5554 5071 0.01
5554 9984 0.05
5554 4836 0.01
5554 3618 0.05
5554 12513 0.05
5554 1851 0.05
5554 10168 0.01
5554 11127 0.05
5554 846 0.01
5554 9991 0.01
5554 5239 0.2
5554 9785 0.01
5554 5857 0.05
5554 4152 0.05
5554 1527 0.05
5554 5482 0.2
5554 5662 0.2
5554 12534 0.01
5554 6508 0.01
5554 7875 0.01
5554 10197 0.05
5554 871 0.05
5554 672 0.2
5554 4525 0.05
5554 3307 0.2
5554 10204 0.01
5554 3114 0.01
5554 4701 0.05
5554 11788 0.05
5554 5683 0.2
5554 7888 0.01
5554 885 0.2
5554 10985 0.01
5554 6128 0.01
5554 3562 0.2
5554 2915 0.01
5554 10811 0.05
5554 11326 0.05
5554 2322 0.05
5554 9843 0.2
5554 8784 0.2
5554 9088 0.05
5554 6341 0.01
5554 1329 0.2
5554 12401 0.01
5554 8103 0.2
5554 6345 0.05
5554 12594 0.2
5554 9463 0.2
5554 12597 0.2
5554 11629 0.05
5554 8894 0.05
5554 10662 0.01
5554 7165 0.2
5554 2737 0.05
5554 545 0.2
5554 6754 0.2
5554 9292 0.01
5554 3788 0.05
5554 8508 0.05
5554 3388 0.01
5554 1957 0.2
5554 8512 0.05
5554 8568 0.01
5554 1503 0.05
5554 1370 0.2
5554 749 0.01
5554 7957 0.2
5554 6198 0.2
5554 10698 0.2
5554 234 0.2
5554 3620 0.2
5555 10450 0.05
5555 1827 0.05
5555 10197 0.01
5555 10547 0.2
5555 6405 0.05
5555 4700 0.2
5555 6257 0.05
5555 11434 0.01
5555 5272 0.2
5555 4796 0.2
5555 7249 0.05
5555 6020 0.2
5555 9410 0.01
5555 7811 0.01
5555 5970 0.01
5555 1625 0.2
5555 10302 0.05
5555 10588 0.01
5555 5662 0.05
5555 9088 0.2
5555 8531 0.2
5555 4966 0.05
5555 4152 0.2
5556 10063 0.01
5557 4152 0.2
5557 1422 0.05
5558 4152 0.2
5559 4152 0.2
5559 9088 0.05
5560 4152 0.01
5561 9088 0.05
5562 6215 0.05
5563 5038 0.01
5564 3504 0.01
5566 4522 0.01
5567 9088 0.01
5570 4152 0.05
5572 8512 0.01
5572 5938 0.2
5574 6577 0.2
5575 12084 0.01
5576 4152 0.05
5577 3618 0.01
5577 11539 0.2
5577 3562 0.2
5577 8208 0.01
5578 4152 0.2
5580 6984 0.2
5581 4152 0.01
5582 8619 0.2
5583 3094 0.2
5585 4152 0.2
5587 831 0.01
5587 12552 0.05
5587 4066 0.01
5587 9851 0.2
5587 438 0.01
5587 898 0.05
5587 1562 0.2
5587 1350 0.05
5587 7810 0.01
5587 12251 0.01
5587 1320 0.05
5587 11922 0.01
5587 4701 0.05
5588 4152 0.2
5590 9923 0.01
5590 4040 0.2
5592 4152 0.05
5593 5554 0.05
5595 4152 0.2
5596 1584 0.05
5596 9088 0.01
5596 7875 0.05
5597 11062 0.2
5597 1622 0.05
5597 12123 0.01
5598 4152 0.01
5598 9815 0.01
5599 6306 0.2
5600 1333 0.2
5600 174 0.2
5600 8618 0.2
5600 2888 0.2
5600 9463 0.2
5600 10216 0.01
5600 4066 0.01
5600 7923 0.2
5600 12545 0.01
5600 4525 0.05
5600 2388 0.05
5600 12311 0.2
5600 1084 0.2
5600 9975 0.2
5600 4793 0.2
5600 5120 0.01
5600 5071 0.01
5600 11348 0.05
5600 4851 0.05
5600 234 0.2
5600 6076 0.2
5600 10695 0.05
5600 10495 0.05
5600 7536 0.01
5600 9339 0.05
5600 8361 0.2
5600 10149 0.01
5600 1242 0.01
5600 12220 0.2
5600 3388 0.05
5600 2063 0.2
5600 8306 0.05
5600 1422 0.01
5600 9677 0.01
5600 1622 0.05
5600 4450 0.05
5600 10863 0.2
5600 2700 0.2
5600 749 0.01
5600 8623 0.05
5600 8574 0.01
5600 7863 0.2
5600 9793 0.2
5600 3503 0.2
5600 5482 0.05
5600 9357 0.2
5600 11363 0.01
5600 9088 0.01
5600 6340 0.2
5600 9605 0.01
5600 4461 0.2
5600 4152 0.2
5600 6508 0.2
5601 7613 0.01
5601 4042 0.05
5601 1409 0.2
5601 1319 0.2
5604 4152 0.01
5605 2388 0.05
5605 11434 0.05
5607 1562 0.2
5607 1413 0.01
5607 2896 0.05
5608 4615 0.2
5611 4152 0.05
5612 4152 0.2
5614 2515 0.05
5614 1622 0.2
5614 4152 0.01
5615 4152 0.2
5617 5487 0.01
5619 1622 0.05
5619 9405 0.2
5620 174 0.2
5620 2888 0.2
5620 276 0.01
5620 3205 0.01
5620 11326 0.05
5620 7663 0.2
5620 9715 0.05
5620 11980 0.2
5620 9975 0.2
5620 11434 0.2
5620 2896 0.01
5620 2283 0.2
5620 5071 0.2
5620 9523 0.01
5620 3842 0.05
5620 3684 0.01
5620 5123 0.01
5620 6961 0.05
5620 9288 0.01
5620 4250 0.01
5620 1237 0.05
5620 11887 0.01
5620 12513 0.2
5620 9339 0.01
5620 9003 0.05
5620 11127 0.2
5620 7691 0.05
5620 7543 0.01
5620 11130 0.05
5620 8574 0.01
5620 9720 0.01
5620 11091 0.01
5620 1422 0.2
5620 1371 0.2
5620 7957 0.2
5620 4152 0.01
5620 5916 0.2
5620 7863 0.2
5620 11043 0.01
5620 6235 0.05
5620 574 0.01
5620 9088 0.05
5620 1216 0.01
5620 10141 0.2
5620 9950 0.01
5620 9142 0.2
5620 3585 0.05
5620 11197 0.2
5621 574 0.01
5621 11594 0.2
5622 4152 0.05
5625 4152 0.05
5626 4152 0.2
5627 3842 0.05
5627 11234 0.01
5627 8512 0.2
5627 4361 0.01
5627 6853 0.05
5627 676 0.01
5628 3217 0.2
5628 8512 0.2
5628 5795 0.2
5628 10533 0.2
5628 6684 0.05
5628 4152 0.2
5628 2896 0.01
5629 174 0.2
5629 10209 0.2
5629 8568 0.05
5629 10086 0.2
5629 9088 0.05
5629 2242 0.01
5629 4701 0.01
5634 10506 0.05
5635 4152 0.2
5636 4152 0.01
5637 8417 0.05
5637 6469 0.2
5637 3958 0.2
5637 6876 0.01
5637 4321 0.2
5637 3383 0.2
5638 4152 0.05
5639 4040 0.01
5640 1622 0.01
5640 1527 0.05
5641 6143 0.05
5642 4152 0.05
5644 1194 0.01
5644 4152 0.01
5644 11692 0.2
5647 4137 0.01
5647 4881 0.2
5648 4152 0.01
5648 12556 0.01
5650 9088 0.01
5651 8599 0.2
5651 9247 0.01
5651 10652 0.05
5651 1291 0.01
5652 1783 0.2
5654 4152 0.01
5655 8983 0.05
5655 9436 0.01
5656 9531 0.2
5657 3010 0.05
5659 10295 0.05
5659 8611 0.05
5659 9323 0.01
5659 2789 0.05
5659 58 0.2
5659 3633 0.05
5659 11887 0.2
5659 782 0.2
5659 9078 0.01
5659 12343 0.2
5659 11075 0.05
5659 9528 0.05
5659 2402 0.2
5659 1191 0.2
5659 12513 0.05
5659 2004 0.01
5659 8755 0.01
5659 3652 0.01
5659 1426 0.01
5659 5148 0.2
5659 8003 0.2
5659 11309 0.05
5659 1319 0.2
5659 2388 0.2
5659 6827 0.01
5659 12297 0.05
5659 1210 0.01
5659 6449 0.2
5659 9753 0.05
5659 11922 0.01
5659 11724 0.05
5659 7613 0.2
5659 7816 0.01
5659 5451 0.2
5659 6051 0.01
5659 8979 0.01
5659 6624 0.01
5659 4854 0.05
5659 12321 0.05
5659 7625 0.01
5659 1236 0.01
5659 12326 0.01
5659 1239 0.2
5659 5282 0.05
5659 4292 0.2
5659 5466 0.05
5659 2455 0.05
5659 70 0.2
5659 3996 0.01
5659 5472 0.01
5659 2861 0.2
5659 256 0.05
5659 78 0.2
5659 6093 0.05
5659 3555 0.01
5659 7287 0.01
5659 9037 0.05
5659 10785 0.01
5659 5670 0.05
5659 4319 0.05
5659 9045 0.01
5659 6512 0.2
5659 4700 0.05
5659 2088 0.01
5659 8065 0.05
5659 4526 0.05
5659 5494 0.01
5659 676 0.2
5659 11788 0.05
5659 3734 0.05
5659 5320 0.2
5659 6714 0.01
5659 12377 0.2
5659 4537 0.2
5659 10982 0.05
5659 9433 0.05
5659 10618 0.05
5659 4738 0.2
5659 4127 0.01
5659 8656 0.01
5659 9070 0.05
5659 10992 0.2
5659 7127 0.05
5659 12002 0.2
5659 515 0.2
5659 292 0.01
5659 11806 0.01
5659 10817 0.05
5659 4139 0.2
5659 7327 0.2
5659 9843 0.05
5659 1644 0.05
5659 3556 0.01
5659 1321 0.2
5659 10641 0.05
5659 12590 0.05
5659 2128 0.2
5659 7511 0.05
5659 11959 0.05
5659 8672 0.01
5659 3253 0.01
5659 6152 0.01
5659 4960 0.01
5659 2728 0.05
5659 926 0.01
5659 11428 0.05
5659 6572 0.05
5659 4568 0.05
5659 3576 0.2
5659 2345 0.2
5659 10521 0.2
5659 4758 0.05
5659 1562 0.05
5659 6071 0.2
5659 6976 0.01
5659 9128 0.01
5659 2700 0.05
5659 12629 0.2
5659 1371 0.05
5659 6600 0.2
5659 9084 0.05
5659 367 0.2
5659 11436 0.01
5659 10695 0.01
5659 370 0.2
5659 171 0.01
5659 10096 0.05
5659 8284 0.01
5661 8681 0.2
5662 10450 0.2
5662 1827 0.05
5662 10197 0.01
5662 6405 0.01
5662 2239 0.05
5662 11884 0.2
5662 11434 0.2
5662 431 0.01
5662 5272 0.01
5662 3840 0.05
5662 5074 0.05
5662 9777 0.05
5662 2954 0.01
5662 2197 0.05
5662 8184 0.2
5662 2644 0.2
5662 299 0.05
5662 7017 0.01
5662 1720 0.01
5662 2257 0.05
5662 11127 0.05
5662 992 0.2
5662 4796 0.2
5662 3389 0.2
5662 11653 0.2
5662 1364 0.01
5662 6976 0.2
5662 5970 0.2
5662 4003 0.2
5662 5555 0.2
5662 2926 0.2
5662 10375 0.01
5662 9410 0.01
5662 9088 0.05
5662 2016 0.2
5662 12534 0.2
5662 8531 0.05
5662 4966 0.05
5662 1733 0.2
5662 4152 0.2
5665 4152 0.05
5669 1371 0.2
5669 12160 0.05
5669 4152 0.05
5669 9605 0.2
5669 11007 0.01
5671 8334 0.05
5671 191 0.05
5671 5435 0.01
5671 4066 0.05
5671 12576 0.01
5671 8568 0.01
5671 8512 0.05
5671 9609 0.2
5671 8319 0.01
5671 7394 0.01
5671 8361 0.2
5671 5721 0.05
5671 1102 0.2
5672 4152 0.01
5674 4152 0.01
5676 5858 0.05
5677 9088 0.01
5678 4152 0.2
5679 8080 0.2
5679 207 0.2
5680 4152 0.01
5681 10690 0.2
5681 8361 0.01
5681 2 0.01
5681 6129 0.01
5681 6993 0.05
5682 6460 0.01
5683 5554 0.01
5684 11130 0.01
5684 4209 0.01
5684 12376 0.05
5684 9760 0.05
5684 4152 0.01
5684 5554 0.2
5685 831 0.2
5685 6246 0.2
5686 9749 0.05
5687 574 0.05
5687 7324 0.01
5687 4066 0.2
5687 9602 0.2
5688 11122 0.2
5688 7625 0.01
5688 1230 0.05
5688 11254 0.2
5689 4152 0.2
5690 4152 0.2
5691 8935 0.01
5691 4991 0.01
5693 438 0.05
5693 12552 0.2
5693 3217 0.2
5694 4152 0.01
5695 4152 0.01
5696 989 0.05
5697 6707 0.01
5697 6892 0.01
5698 3562 0.01
5701 4530 0.2
5701 4152 0.2
5701 1553 0.05
5701 11640 0.05
5701 9142 0.01
5702 4152 0.2
5703 831 0.2
5703 4785 0.05
5703 91 0.01
5703 1319 0.01
5703 12251 0.2
5703 4991 0.2
5703 9605 0.2
5704 2637 0.05
5705 5447 0.2
5705 5030 0.05
5705 7365 0.2
5705 6639 0.05
5705 5133 0.05
5705 12088 0.01
5705 1346 0.2
5706 3633 0.2
5709 91 0.2
5709 6889 0.01
5709 4090 0.05
5709 8679 0.01
5709 8941 0.05
5709 7574 0.2
5709 1128 0.2
5709 7302 0.2
5709 7526 0.01
5709 5732 0.01
5709 12552 0.2
5709 12281 0.01
5709 9851 0.01
5709 438 0.05
5709 837 0.01
5709 2969 0.01
5709 4904 0.2
5709 11279 0.05
5709 7810 0.05
5709 8693 0.05
5709 9167 0.2
5709 11121 0.01
5709 3382 0.2
5709 519 0.05
5709 5329 0.2
5709 9068 0.2
5709 452 0.05
5709 1468 0.01
5709 6540 0.2
5709 4130 0.2
5709 5288 0.01
5709 4082 0.2
5709 8512 0.05
5709 204 0.05
5709 4042 0.2
5709 3234 0.01
5709 4991 0.01
5709 9026 0.01
5709 9433 0.05
5709 7324 0.2
5709 9402 0.05
5709 8334 0.01
5709 6984 0.2
5709 9704 0.01
5709 1319 0.05
5709 4731 0.2
5709 3254 0.05
5709 174 0.05
5709 1295 0.01
5709 959 0.2
5709 2016 0.05
5709 171 0.2
5709 4250 0.05
5709 11921 0.05
5709 4152 0.01
5709 11922 0.2
5710 3114 0.2
5711 4152 0.2
5712 4152 0.05
5713 6947 0.01
5714 4152 0.05
5715 4152 0.01
5718 4152 0.05
5719 9088 0.05
5720 9531 0.05
5721 4266 0.01
5721 174 0.2
5721 871 0.01
5721 11921 0.05
5721 4793 0.01
5721 10782 0.01
5721 3114 0.2
5721 5071 0.01
5721 12461 0.05
5721 9288 0.2
5721 4250 0.2
5721 9619 0.05
5721 1099 0.05
5721 9339 0.01
5721 4080 0.01
5721 10220 0.01
5721 10811 0.05
5721 10529 0.05
5721 9677 0.05
5721 1622 0.01
5721 8917 0.2
5721 9267 0.01
5721 9693 0.01
5721 9088 0.05
5721 7811 0.05
5721 7290 0.01
5721 7421 0.01
5721 4152 0.05
5722 1387 0.01
5723 4152 0.2
5724 4152 0.2
5725 1622 0.01
5726 6008 0.01
5726 1040 0.01
5726 2050 0.2
5726 1983 0.05
5726 2433 0.2
5726 3362 0.2
5726 10811 0.2
5726 6393 0.2
5726 4663 0.2
5726 9703 0.01
5726 7459 0.2
5726 5145 0.01
5726 5926 0.2
5726 12592 0.05
5726 4152 0.01
5726 843 0.01
5728 8935 0.05
5728 174 0.01
5728 10495 0.01
5728 6621 0.05
5728 11065 0.2
5728 7382 0.01
5728 4793 0.05
5728 12084 0.05
5728 9531 0.05
5728 9167 0.05
5728 8361 0.05
5728 7592 0.2
5728 9733 0.2
5728 2004 0.01
5728 8755 0.05
5728 1422 0.05
5728 10727 0.05
5728 1622 0.01
5728 9843 0.05
5728 6051 0.2
5728 5805 0.2
5728 12297 0.05
5728 6449 0.01
5728 11922 0.01
5728 7613 0.05
5728 4066 0.01
5728 2434 0.01
5728 2435 0.2
5728 430 0.05
5728 831 0.05
5728 438 0.05
5728 234 0.01
5728 6673 0.2
5728 6479 0.01
5728 70 0.05
5728 5287 0.2
5728 1527 0.01
5728 8426 0.2
5728 2875 0.2
5728 5101 0.05
5728 2276 0.01
5728 12158 0.05
5728 6976 0.2
5728 5487 0.01
5728 2473 0.2
5728 91 0.01
5728 2888 0.2
5728 9237 0.2
5728 9068 0.05
5728 4701 0.01
5728 12552 0.05
5728 8854 0.05
5728 10421 0.05
5728 8334 0.01
5728 10423 0.05
5728 8656 0.01
5728 10220 0.2
5728 4723 0.01
5728 1516 0.2
5728 7324 0.05
5728 518 0.2
5728 5148 0.01
5728 6003 0.05
5728 8875 0.05
5728 9851 0.2
5728 1730 0.2
5728 4152 0.01
5728 8672 0.2
5728 9658 0.2
5728 2945 0.01
5728 4738 0.05
5728 8118 0.05
5728 932 0.05
5728 7936 0.05
5728 9288 0.2
5728 1409 0.2
5728 3381 0.05
5728 9677 0.2
5728 1759 0.05
5728 561 0.01
5728 8512 0.2
5728 353 0.2
5728 4991 0.01
5728 4040 0.05
5728 1371 0.01
5728 6389 0.2
5729 4824 0.05
5729 7565 0.05
5729 4042 0.01
5729 11012 0.01
5729 10633 0.05
5730 1807 0.01
5730 4152 0.2
5731 10095 0.01
5731 11145 0.01
5732 9958 0.2
5732 9740 0.05
5732 54 0.05
5732 69 0.05
5732 627 0.01
5732 1225 0.2
5732 5709 0.05
5732 9408 0.01
5732 6569 0.01
5732 3959 0.2
5732 7603 0.2
5732 3896 0.2
5732 9336 0.01
5732 7324 0.01
5732 6371 0.01
5733 6215 0.2
5733 5145 0.01
5734 8568 0.2
5735 4152 0.01
5736 4152 0.2
5737 4152 0.05
5738 4152 0.05
5739 4152 0.01
5740 4152 0.2
5741 4152 0.2
5742 12238 0.01
5743 9715 0.01
5744 4152 0.2
5745 7144 0.05
5745 8780 0.2
5745 7235 0.2
5747 5266 0.05
5747 1303 0.2
5747 8378 0.05
5747 2134 0.2
5747 11326 0.2
5750 5010 0.2
5750 11922 0.01
5751 3114 0.2
5752 6734 0.05
5752 4152 0.2
5752 9088 0.2
5752 12411 0.01
5752 9101 0.01
5753 1622 0.05
5753 4846 0.05
5753 12610 0.01
5753 2148 0.2
5754 4785 0.2
5755 2637 0.05
5756 12552 0.01
5756 6094 0.05
5756 2276 0.05
5756 10175 0.2
5756 1961 0.05
5756 2790 0.2
5756 7536 0.2
5756 12581 0.01
5756 5722 0.01
5756 3727 0.2
5756 2896 0.01
5757 4152 0.05
5758 4152 0.2
5758 10811 0.05
5758 6335 0.01
5758 1084 0.01
5758 12224 0.01
5758 197 0.01
5758 9472 0.2
5758 10037 0.05
5761 4152 0.05
5761 1319 0.05
5761 1675 0.01
5761 8568 0.2
5761 9088 0.2
5761 4450 0.01
5762 4152 0.05
5763 9564 0.05
5764 5916 0.01
5764 7471 0.2
5764 10141 0.2
5765 4152 0.2
5766 4522 0.2
5767 4152 0.05
5768 1371 0.01
5768 12552 0.2
5768 6763 0.01
5768 561 0.01
5768 9923 0.2
5768 7641 0.2
5768 9531 0.01
5768 4040 0.2
5770 4152 0.2
5771 4152 0.2
5772 4152 0.01
5772 12513 0.2
5773 9027 0.2
5773 7804 0.2
5774 7875 0.2
5775 10695 0.05
5777 4152 0.01
5778 3469 0.01
5780 4522 0.01
5781 1468 0.01
5781 9720 0.2
5781 9805 0.01
5781 4152 0.05
5781 2700 0.05
5782 2265 0.01
5783 346 0.01
5783 12268 0.05
5783 8229 0.2
5783 10051 0.05
5783 11963 0.2
5783 9154 0.05
5784 4152 0.2
5786 1622 0.01
5786 7337 0.05
5787 10811 0.01
5788 9088 0.05
5789 1527 0.01
5789 3409 0.01
5789 7279 0.2
5793 8512 0.01
5794 10197 0.01
5794 10303 0.2
5794 11434 0.2
5794 6466 0.05
5794 9773 0.01
5794 9288 0.05
5794 5857 0.05
5794 2016 0.2
5794 8361 0.2
5794 8750 0.01
5794 2257 0.01
5794 1957 0.01
5794 2359 0.05
5794 10811 0.01
5794 8568 0.2
5794 1201 0.05
5794 5145 0.2
5794 12149 0.01
5794 8917 0.05
5794 5554 0.05
5794 1625 0.05
5794 4458 0.05
5794 7140 0.2
5794 9088 0.05
5794 1216 0.05
5794 4152 0.05
5796 4152 0.2
5797 10811 0.2
5797 4838 0.01
5797 191 0.2
5798 390 0.2
5798 10931 0.2
5798 7647 0.01
5798 1224 0.2
5798 6128 0.01
5798 4990 0.01
5798 9088 0.05
5798 11921 0.01
5798 9975 0.05
5798 1622 0.05
5798 4152 0.2
5798 7434 0.01
5798 3361 0.2
5800 4152 0.2
5801 4152 0.05
5802 4152 0.2
5804 1313 0.01
5805 5148 0.2
5805 2944 0.05
5805 8381 0.05
5805 5287 0.05
5805 11654 0.05
5805 6673 0.05
5805 1422 0.01
5805 7324 0.05
5805 3381 0.01
5805 9677 0.01
5805 6479 0.05
5805 1527 0.2
5805 1704 0.2
5805 7369 0.05
5806 4152 0.01
5807 1279 0.05
5809 4152 0.01
5810 892 0.01
5811 2398 0.01
5812 805 0.2
5813 5071 0.05
5813 8935 0.01
5813 5482 0.2
5813 12513 0.2
5813 8637 0.05
5813 4152 0.01
5813 10614 0.01
5814 4152 0.05
5816 4152 0.05
5817 4040 0.2
5818 494 0.05
5819 5487 0.01
5819 8173 0.01
5819 4040 0.05
5819 9466 0.2
5819 9531 0.05
5819 9619 0.01
5819 1622 0.05
5819 5554 0.01
5820 4152 0.05
5821 4254 0.01
5822 1757 0.01
5822 4040 0.05
5822 9700 0.05
5822 4846 0.01
5822 7324 0.05
5822 1622 0.01
5822 4152 0.05
5822 8445 0.01
5823 4522 0.01
5824 4152 0.2
5824 9088 0.2
5825 6719 0.2
5825 4152 0.01
5825 6545 0.2
5825 2016 0.2
5825 1622 0.05
5825 1527 0.05
5825 5554 0.01
5825 10421 0.2
5826 4152 0.2
5827 1371 0.2
5827 8173 0.01
5827 8365 0.01
5827 9843 0.01
5827 2004 0.2
5827 4066 0.01
5827 4139 0.2
5827 12284 0.01
5827 1321 0.01
5827 5663 0.01
5827 379 0.2
5827 6449 0.01
5827 1622 0.2
5827 4806 0.01
5827 9141 0.01
5829 7964 0.05
5830 2849 0.01
5831 4152 0.01
5832 1622 0.2
5832 7610 0.05
5833 4152 0.05
5834 811 0.01
5834 9088 0.2
5834 1422 0.01
5835 6404 0.05
5836 4152 0.05
5837 11651 0.2
5839 5066 0.05
5840 4152 0.2
5841 11587 0.2
5842 5487 0.05
5842 4893 0.01
5842 6492 0.01
5842 6707 0.2
5842 8593 0.2
5842 1386 0.01
5842 10073 0.05
5842 871 0.01
5842 8306 0.01
5842 2715 0.2
5842 6461 0.2
5842 8399 0.2
5842 1759 0.05
5842 7575 0.01
5842 2896 0.01
5842 9003 0.05
5842 8609 0.05
5842 3842 0.05
5842 191 0.05
5842 7166 0.2
5842 3164 0.05
5842 1752 0.05
5842 11984 0.05
5842 8169 0.2
5842 5894 0.2
5842 1468 0.01
5842 9531 0.01
5842 11695 0.05
5842 1409 0.05
5842 11083 0.2
5842 4387 0.2
5842 672 0.2
5842 5328 0.05
5842 8132 0.2
5842 1707 0.05
5842 5554 0.05
5842 1018 0.01
5842 8568 0.2
5842 4040 0.01
5842 12335 0.01
5842 8575 0.2
5842 4250 0.01
5842 3118 0.2
5842 11462 0.2
5842 7324 0.01
5842 10310 0.2
5842 7165 0.2
5842 11660 0.2
5842 8090 0.05
5842 8871 0.05
5842 9843 0.2
5842 1319 0.05
5842 10690 0.2
5842 11075 0.01
5842 5104 0.05
5842 11251 0.05
5842 5805 0.05
5842 9602 0.05
5842 11492 0.05
5842 2940 0.01
5842 5467 0.01
5842 9605 0.2
5842 4152 0.2
5842 1269 0.05
5842 1001 0.01
5843 4152 0.01
5844 1979 0.05
5844 4152 0.2
5844 11131 0.05
5844 7983 0.01
5844 3504 0.05
5844 1884 0.2
5844 4165 0.05
5844 1672 0.05
5845 10037 0.01
5846 2515 0.01
5846 1622 0.05
5846 10651 0.01
5847 4152 0.05
5848 12401 0.01
5848 9605 0.05
5849 4152 0.2
5849 9088 0.05
5849 1409 0.01
5849 1048 0.05
5850 3114 0.01
5852 9088 0.05
5854 4152 0.05
5855 4152 0.2
5856 9088 0.01
5857 4152 0.05
5858 4152 0.05
5858 5676 0.01
5859 4152 0.01
5860 12312 0.01
5861 4152 0.05
5862 4152 0.01
5863 5071 0.05
5863 7863 0.2
5863 7125 0.05
5863 8240 0.01
5863 7945 0.01
5863 11326 0.05
5863 5324 0.01
5863 1237 0.2
5863 6195 0.01
5863 10632 0.01
5863 4152 0.05
5864 4152 0.01
5865 2000 0.2
5865 4152 0.2
5865 9088 0.2
5865 7038 0.01
5867 3538 0.05
5867 7811 0.05
5867 9088 0.01
5867 9950 0.05
5867 4454 0.05
5869 4152 0.01
5870 4152 0.05
5871 7773 0.2
5872 5071 0.05
5872 6278 0.2
5872 320 0.01
5872 2276 0.05
5872 26 0.01
5872 11600 0.01
5872 5145 0.05
5872 2849 0.05
5872 796 0.01
5872 1622 0.01
5872 6771 0.01
5872 6969 0.2
5873 7592 0.05
5873 9088 0.05
5873 3318 0.05
5873 6508 0.2
5873 2265 0.05
5874 8117 0.01
5874 9433 0.2
5874 10095 0.05
5874 7686 0.05
5874 5795 0.2
5876 4152 0.2
5877 5795 0.05
5878 4152 0.01
5878 5145 0.01
5878 10811 0.2
5878 3114 0.05
5878 10907 0.2
5879 831 0.05
5879 7324 0.2
5879 4991 0.01
5880 7035 0.05
5881 8920 0.2
5881 5803 0.05
5881 4760 0.01
5881 12590 0.2
5881 6269 0.2
5881 7838 0.01
5881 795 0.2
5881 9032 0.2
5881 7686 0.2
5881 4957 0.2
5883 6368 0.2
5883 6961 0.05
5883 8512 0.05
5887 11326 0.2
5888 4152 0.05
5889 3048 0.2
5889 3204 0.05
5889 4525 0.2
5889 1133 0.01
5889 5071 0.05
5889 12513 0.05
5889 8178 0.05
5889 4042 0.01
5889 10167 0.2
5889 4832 0.01
5889 7543 0.01
5889 351 0.05
5889 6768 0.2
5889 4250 0.2
5889 10446 0.05
5889 10037 0.05
5889 12535 0.2
5889 2879 0.2
5889 1068 0.2
5889 9088 0.05
5889 1974 0.05
5889 4585 0.2
5889 9605 0.01
5889 1329 0.05
5889 4152 0.2
5891 5487 0.05
5891 8977 0.01
5891 1319 0.01
5893 5257 0.01
5893 4152 0.2
5895 4152 0.2
5896 4152 0.05
5898 3388 0.05
5898 1757 0.2
5898 4152 0.01
5898 1468 0.2
5899 9855 0.05
5899 3049 0.01
5900 3246 0.01
5902 11782 0.2
5902 6476 0.01
5903 9088 0.2
5904 4487 0.01
5904 11420 0.01
5904 4181 0.01
5904 2473 0.2
5904 2992 0.05
5906 4152 0.05
5907 5487 0.05
5907 10210 0.01
5907 6051 0.01
5907 2896 0.01
5907 4957 0.01
5908 4522 0.2
5910 4152 0.2
5911 3469 0.2
5912 1622 0.2
5913 8568 0.05
5915 9531 0.01
5916 3370 0.2
5916 3618 0.01
5916 2199 0.01
5916 10592 0.2
5916 4152 0.05
5916 4701 0.05
5917 10095 0.05
5919 1704 0.01
5920 8334 0.01
5920 9843 0.2
5920 1319 0.01
5920 204 0.05
5920 1236 0.01
5920 4537 0.01
5920 4250 0.05
5920 6782 0.05
5920 7536 0.05
5920 8137 0.2
5921 10037 0.2
5922 4522 0.2
5923 4152 0.01
5923 9088 0.05
5923 5145 0.01
5923 12411 0.05
5923 3933 0.05
5924 9088 0.01
5926 6347 0.2
5926 8737 0.2
5926 4912 0.01
5926 5726 0.01
5926 6859 0.2
5926 4660 0.2
5926 8575 0.05
5926 673 0.2
5926 12592 0.01
5926 4152 0.01
5926 12411 0.01
5927 9088 0.01
5928 11488 0.2
5929 4152 0.01
5930 7721 0.01
5931 3281 0.2
5931 8003 0.01
5931 5721 0.05
5931 1468 0.2
5931 10495 0.01
5931 234 0.01
5931 5482 0.05
5931 8574 0.2
5931 8568 0.01
5931 12545 0.01
5931 672 0.01
5931 8361 0.2
5931 9715 0.05
5931 8208 0.05
5931 1622 0.01
5931 1527 0.01
5931 102 0.05
5931 6128 0.05
5932 4439 0.2
5932 4152 0.01
5933 2751 0.2
5934 2334 0.2
5937 6375 0.2
5938 10171 0.01
5938 5072 0.2
5938 2145 0.01
5938 5572 0.2
5938 2637 0.05
5938 1383 0.05
5938 2386 0.05
5938 6812 0.01
5938 3954 0.05
5938 3032 0.05
5938 3254 0.2
5938 8257 0.05
5938 9262 0.01
5938 6422 0.05
5938 10548 0.01
5938 6220 0.05
5938 4152 0.05
5938 4166 0.05
5939 5482 0.2
5940 4152 0.2
5941 4599 0.2
5942 4152 0.2
5943 6984 0.01
5943 1319 0.01
5943 7843 0.2
5943 10421 0.01
5945 3842 0.01
5948 3254 0.01
5948 6984 0.01
5948 5938 0.2
5949 11897 0.05
5950 9088 0.05
5953 8504 0.01
5954 2473 0.01
5955 2016 0.2
5956 4152 0.01
5957 4152 0.01
5958 7720 0.05
5958 3594 0.2
5958 1473 0.2
5958 7859 0.01
5958 202 0.01
5958 1402 0.05
5958 6750 0.05
5958 2776 0.05
5958 5079 0.05
5959 5554 0.01
5960 4152 0.01
5960 9088 0.01
5960 1002 0.05
5960 8088 0.2
5961 4152 0.2
5962 6044 0.2
5962 9073 0.01
5962 2108 0.05
5962 8512 0.05
5964 8935 0.05
5964 174 0.2
5964 4156 0.05
5964 4066 0.01
5964 8306 0.05
5964 672 0.01
5964 3878 0.01
5964 1230 0.2
5964 7382 0.05
5964 926 0.01
5964 3842 0.01
5964 191 0.05
5964 3585 0.01
5964 9288 0.05
5964 7810 0.2
5964 9531 0.05
5964 5554 0.01
5964 1561 0.2
5964 8361 0.2
5964 4387 0.05
5964 7265 0.01
5964 1043 0.2
5964 1468 0.05
5964 7543 0.01
5964 1857 0.2
5964 8568 0.01
5964 204 0.2
5964 4250 0.05
5964 7324 0.2
5964 12581 0.05
5964 4642 0.2
5964 10037 0.01
5964 4254 0.01
5964 518 0.05
5964 1371 0.05
5964 211 0.01
5964 7511 0.2
5964 1319 0.2
5964 5482 0.05
5964 9851 0.05
5964 10442 0.05
5964 8982 0.2
5964 4991 0.01
5964 12401 0.05
5964 5620 0.05
5964 272 0.05
5966 9720 0.01
5966 7749 0.05
5966 5239 0.2
5966 10037 0.01
5966 12513 0.05
5967 4152 0.01
5968 5487 0.01
5968 6246 0.01
5968 191 0.01
5968 1319 0.2
5968 6961 0.05
5968 6756 0.01
5968 4387 0.2
5968 1759 0.2
5969 4152 0.05
5970 10450 0.2
5970 11002 0.05
5970 10197 0.05
5970 11434 0.05
5970 9410 0.2
5970 2197 0.01
5970 9088 0.05
5970 12534 0.2
5970 8531 0.05
5970 12149 0.05
5970 11127 0.05
5970 9495 0.2
5970 4152 0.05
5970 2954 0.2
5970 5857 0.2
5970 5555 0.01
5971 3559 0.01
5971 10474 0.2
5971 10703 0.01
5971 4599 0.2
5971 6756 0.2
5973 5095 0.2
5974 4152 0.2
5975 4152 0.05
5976 5145 0.2
5977 8253 0.2
5977 147 0.2
5977 2557 0.2
5978 5071 0.05
5978 174 0.2
5978 4224 0.01
5978 11455 0.05
5978 2741 0.2
5978 9088 0.2
5978 1084 0.2
5978 9605 0.05
5978 3576 0.01
5978 10435 0.2
5979 4152 0.2
5980 8859 0.2
5981 7603 0.05
5982 4152 0.05
5983 4152 0.01
5984 4152 0.05
5986 3769 0.2
5987 4152 0.2
5988 3254 0.2
5988 6364 0.01
5988 10725 0.01
5988 7188 0.05
5989 4152 0.05
5991 12581 0.05
5991 7823 0.01
5991 8512 0.01
5991 12513 0.01
5992 1242 0.2
5992 6836 0.01
5992 10495 0.2
5992 12545 0.05
5992 4525 0.05
5992 3424 0.01
5992 1622 0.01
5992 11488 0.01
5992 3403 0.01
5992 2298 0.2
5992 7516 0.2
5992 9088 0.2
5992 1405 0.2
5992 8320 0.2
5992 10376 0.2
5992 3083 0.01
5992 1247 0.2
5992 10811 0.01
5992 8568 0.05
5992 10086 0.2
5992 8867 0.05
5992 7899 0.2
5992 5554 0.05
5992 211 0.01
5992 1158 0.05
5992 12440 0.01
5992 5482 0.01
5992 5105 0.2
5992 8505 0.01
5992 4152 0.01
5993 8132 0.2
5993 6707 0.05
5993 11535 0.05
5994 4152 0.2
5994 9088 0.2
5996 5130 0.01
5996 7072 0.01
5996 186 0.01
5996 2491 0.2
5997 451 0.2
5998 8249 0.2
5999 10690 0.05
5999 4152 0.05
5999 1142 0.05
5999 1319 0.01
6001 3606 0.2
6003 174 0.01
6003 10147 0.05
6003 225 0.05
6003 955 0.2
6003 871 0.05
6003 10703 0.2
6003 8306 0.2
6003 3469 0.2
6003 3504 0.05
6003 11884 0.01
6003 11737 0.2
6003 1884 0.2
6003 10204 0.2
6003 7434 0.01
6003 3114 0.01
6003 5071 0.01
6003 6416 0.05
6003 10608 0.2
6003 11938 0.2
6003 24 0.2
6003 11772 0.2
6003 4487 0.05
6003 11695 0.01
6003 1099 0.05
6003 1757 0.2
6003 9339 0.2
6003 404 0.05
6003 1346 0.01
6003 9003 0.05
6003 4066 0.2
6003 3388 0.01
6003 7543 0.05
6003 11130 0.2
6003 4588 0.01
6003 10811 0.2
6003 306 0.01
6003 7165 0.2
6003 5145 0.2
6003 4251 0.05
6003 1622 0.2
6003 5728 0.2
6003 10037 0.05
6003 4152 0.05
6003 5101 0.05
6003 7803 0.05
6003 45 0.2
6003 11043 0.2
6003 1527 0.2
6003 11961 0.2
6003 343 0.05
6003 9088 0.05
6003 2016 0.01
6003 12534 0.2
6003 11910 0.05
6003 3409 0.2
6003 10698 0.05
6003 6508 0.2
6003 11923 0.05
6004 4137 0.2
6005 4522 0.05
6006 4250 0.2
6006 5916 0.05
6008 5726 0.01
6009 8003 0.2
6010 211 0.2
6010 9142 0.01
6010 4152 0.01
6010 3554 0.2
6010 8616 0.05
6010 10495 0.01
6010 1470 0.01
6010 9480 0.05
6010 3469 0.01
6010 9720 0.01
6010 11540 0.2
6010 3408 0.01
6010 5863 0.2
6010 8586 0.01
6010 12401 0.05
6010 10037 0.01
6010 5554 0.05
6010 10474 0.05
6011 4152 0.01
6012 1138 0.01
6013 7737 0.01
6013 8527 0.05
6013 1831 0.05
6013 1711 0.05
6013 9088 0.05
6013 1622 0.2
6013 4983 0.05
6014 2507 0.2
6014 4152 0.2
6015 4152 0.05
6016 6992 0.05
6017 4152 0.05
6018 1622 0.05
6018 10900 0.2
6019 3142 0.2
6020 4152 0.05
6020 9088 0.05
6021 4152 0.05
6022 4152 0.05
6023 4152 0.05
6023 11472 0.05
6025 9369 0.01
6026 4152 0.01
6027 1383 0.05
6027 868 0.05
6027 9709 0.05
6027 1305 0.05
6027 3469 0.01
6027 9097 0.01
6027 9234 0.01
6027 7978 0.05
6027 10 0.2
6027 1036 0.05
6027 12604 0.05
6027 11169 0.2
6027 11451 0.05
6027 10976 0.2
6027 4625 0.01
6027 2304 0.05
6027 8643 0.2
6027 2908 0.01
6027 3618 0.05
6027 7878 0.01
6027 12233 0.05
6027 1455 0.05
6027 2905 0.05
6027 11553 0.05
6027 5889 0.05
6027 1757 0.01
6027 5958 0.01
6027 3886 0.01
6027 1852 0.05
6027 3175 0.05
6027 10795 0.05
6027 1667 0.01
6027 1848 0.2
6027 5036 0.2
6027 3183 0.2
6027 6790 0.05
6027 12338 0.05
6027 3806 0.01
6027 1816 0.01
6027 6494 0.01
6027 5554 0.01
6027 4304 0.2
6027 11406 0.05
6027 3373 0.2
6027 11002 0.05
6027 9083 0.01
6027 956 0.2
6027 3456 0.01
6027 4711 0.05
6027 9207 0.05
6027 9088 0.01
6027 11196 0.2
6027 4213 0.01
6027 9364 0.05
6027 4152 0.01
6027 10611 0.01
6027 11923 0.05
6027 513 0.01
6028 1174 0.01
6029 9640 0.2
6030 4152 0.05
6031 10811 0.05
6031 9088 0.01
6031 12534 0.01
6031 1622 0.2
6031 4152 0.2
6031 3114 0.05
6032 6335 0.01
6033 5733 0.01
6033 6215 0.01
6033 5145 0.2
6034 4152 0.05
6035 2134 0.2
6036 9531 0.01
6037 3618 0.2
6037 9088 0.2
6038 4152 0.2
6039 3259 0.2
6039 8761 0.01
6040 4152 0.01
6041 12115 0.2
6041 11492 0.05
6041 26 0.2
6041 9088 0.01
6041 6367 0.01
6041 11870 0.05
6043 5424 0.2
6043 4433 0.2
6043 10200 0.01
6043 2949 0.2
6043 7394 0.05
6043 4152 0.2
6043 8412 0.01
6044 5914 0.2
6044 12317 0.05
6044 12385 0.2
6044 6962 0.05
6044 2431 0.2
6044 434 0.05
6044 5141 0.01
6044 1160 0.05
6044 5482 0.05
6044 2622 0.01
6044 343 0.2
6044 589 0.05
6044 12489 0.01
6044 5267 0.01
6044 796 0.05
6044 9339 0.05
6044 1622 0.2
6044 4152 0.05
6044 9402 0.2
6044 10037 0.01
6044 11923 0.05
6045 4152 0.05
6046 2339 0.01
6046 8348 0.05
6046 9396 0.01
6047 4152 0.05
6048 11708 0.05
6048 5193 0.2
6048 2387 0.05
6049 766 0.05
6050 9088 0.2
6053 2507 0.01
6053 8167 0.2
6053 574 0.05
6053 4537 0.05
6053 9605 0.2
6053 7382 0.2
6053 12123 0.01
6053 11434 0.2
6054 6984 0.05
6054 6228 0.2
6054 1227 0.01
6054 2896 0.05
6054 2004 0.2
6055 3335 0.2
6055 4152 0.2
6055 5554 0.01
6055 12401 0.01
6056 70 0.2
6056 239 0.05
6056 4329 0.01
6056 191 0.01
6056 5554 0.2
6057 4152 0.2
6058 12312 0.05
6059 4152 0.05
6060 4102 0.01
6060 10705 0.2
6060 8393 0.01
6060 7006 0.01
6060 3258 0.01
6060 7767 0.05
6060 2896 0.2
6060 8609 0.2
6060 8613 0.01
6060 444 0.05
6060 9240 0.2
6060 4490 0.05
6060 1191 0.2
6060 1460 0.01
6060 11502 0.05
6060 3033 0.01
6060 7641 0.05
6060 6696 0.01
6060 961 0.01
6060 4217 0.01
6060 1002 0.01
6060 965 0.2
6060 11795 0.2
6060 6914 0.05
6060 3499 0.2
6060 4728 0.05
6060 214 0.05
6060 10587 0.05
6060 12590 0.2
6060 6831 0.05
6060 12594 0.05
6061 10533 0.05
6062 4152 0.2
6064 4152 0.05
6064 1814 0.01
6064 5554 0.2
6065 4152 0.05
6066 1622 0.01
6066 191 0.2
6067 4152 0.05
6068 5822 0.2
6070 4152 0.05
6071 11309 0.2
6071 8935 0.2
6071 5554 0.2
6072 4157 0.01
6073 1371 0.01
6073 174 0.01
6073 9843 0.2
6073 1319 0.2
6073 70 0.2
6073 7625 0.01
6073 1643 0.2
6073 204 0.05
6073 8378 0.2
6073 2016 0.2
6073 1422 0.05
6073 7324 0.2
6073 9677 0.2
6073 239 0.05
6073 1527 0.01
6073 2896 0.2
6076 5600 0.05
6076 4466 0.01
6076 3503 0.01
6076 9088 0.2
6076 3776 0.01
6076 5120 0.01
6076 4152 0.05
6077 5397 0.01
6077 5487 0.2
6077 8647 0.2
6077 6512 0.05
6077 3205 0.2
6077 5885 0.2
6077 10657 0.05
6077 6624 0.2
6077 6163 0.2
6077 2242 0.05
6077 2296 0.01
6077 5272 0.05
6077 756 0.05
6077 2544 0.05
6077 9592 0.05
6077 10609 0.2
6077 7309 0.01
6077 6075 0.01
6077 6905 0.05
6077 9528 0.01
6077 3122 0.2
6077 2896 0.01
6077 11121 0.05
6077 1759 0.05
6077 7017 0.01
6077 38 0.2
6077 9259 0.01
6077 11235 0.2
6077 4111 0.2
6077 11037 0.2
6077 11241 0.01
6077 12081 0.05
6077 9078 0.01
6077 124 0.2
6077 33 0.01
6077 5342 0.05
6077 5101 0.2
6077 8249 0.2
6077 1242 0.01
6077 10136 0.05
6077 12588 0.01
6077 1633 0.05
6077 9605 0.05
6077 9433 0.05
6077 10743 0.2
6077 5524 0.05
6077 8953 0.05
6077 4892 0.2
6078 4152 0.2
6079 11166 0.2
6079 5964 0.01
6079 6756 0.05
6079 7356 0.01
6079 11695 0.01
6079 5554 0.01
6080 12129 0.05
6082 11585 0.2
6084 4152 0.01
6084 2016 0.01
6087 3135 0.2
6087 9088 0.05
6089 10441 0.01
6089 8609 0.05
6089 8908 0.2
6089 7014 0.2
6090 12213 0.2
6090 6540 0.01
6090 1227 0.01
6090 11326 0.01
6090 1622 0.01
6090 2896 0.05
6090 518 0.2
6092 4152 0.2
6092 8737 0.01
6092 10811 0.01
6092 1417 0.2
6093 10965 0.05
6093 11318 0.05
6093 6235 0.05
6093 4156 0.2
6093 1224 0.2
6093 7691 0.2
6093 11264 0.2
6093 2568 0.05
6093 7265 0.01
6093 9237 0.2
6093 3469 0.2
6093 7406 0.05
6093 2283 0.05
6093 1541 0.05
6093 2784 0.2
6093 9975 0.05
6093 10782 0.2
6093 12323 0.05
6093 6128 0.01
6093 6576 0.2
6093 4701 0.05
6093 6416 0.05
6093 11788 0.05
6093 7541 0.05
6093 10366 0.05
6093 6961 0.01
6093 8167 0.2
6093 10037 0.2
6093 8306 0.01
6093 6673 0.2
6093 1704 0.2
6093 12513 0.2
6093 9677 0.2
6093 11655 0.01
6093 4152 0.05
6093 404 0.2
6093 12401 0.01
6093 5071 0.05
6093 191 0.2
6093 5834 0.01
6093 8656 0.05
6093 3281 0.2
6093 1468 0.01
6093 10141 0.05
6093 10811 0.05
6093 8568 0.2
6093 2265 0.01
6093 8087 0.2
6093 12475 0.2
6093 12531 0.05
6093 706 0.05
6093 9605 0.2
6093 6859 0.2
6093 3746 0.2
6093 7324 0.2
6093 8755 0.05
6093 3652 0.01
6093 5554 0.05
6093 1111 0.2
6093 259 0.01
6093 8003 0.2
6093 5342 0.05
6093 9843 0.2
6093 6733 0.2
6093 1319 0.05
6093 11309 0.05
6093 3504 0.01
6093 1172 0.2
6093 206 0.01
6093 5482 0.01
6093 5002 0.01
6093 7554 0.2
6093 2063 0.05
6093 7863 0.05
6093 9088 0.01
6093 4042 0.01
6093 8104 0.01
6093 5148 0.2
6093 11921 0.05
6093 1527 0.2
6093 10698 0.01
6093 3585 0.01
6093 11923 0.01
6093 3409 0.2
6094 9816 0.2
6094 8989 0.2
6094 54 0.01
6094 10055 0.2
6094 7376 0.05
6094 6895 0.2
6094 7252 0.01
6094 4005 0.2
6094 9335 0.2
6094 8745 0.01
6094 2496 0.01
6094 6639 0.2
6094 3742 0.2
6094 2548 0.2
6094 7324 0.2
6094 5756 0.2
6094 9958 0.05
6094 2411 0.2
6094 11043 0.01
6094 469 0.2
6094 10094 0.01
6094 3408 0.01
6095 9088 0.2
6097 4152 0.05
6098 4615 0.01
6099 5066 0.05
6101 9088 0.05
6102 3217 0.2
6104 174 0.2
6106 4152 0.01
6107 5487 0.01
6107 1360 0.01
6107 2921 0.05
6107 9843 0.2
6107 6984 0.01
6107 9851 0.01
6107 9531 0.05
6107 10318 0.01
6107 1371 0.2
6107 11065 0.2
6107 12566 0.01
6107 2896 0.05
6108 6893 0.2
6110 4152 0.2
6111 9088 0.01
6114 9131 0.01
6114 2813 0.05
6114 4040 0.2
6114 9466 0.2
6114 4991 0.2
6114 8361 0.05
6115 1622 0.2
6115 3752 0.05
6118 4152 0.2
6118 2948 0.05
6119 12084 0.01
6120 10727 0.01
6121 4152 0.2
6122 1622 0.05
6122 1874 0.01
6122 5482 0.05
6123 3625 0.05
6124 4152 0.05
6125 11164 0.05
6125 10037 0.2
6126 9088 0.2
6126 11434 0.05
6128 2384 0.2
6128 11056 0.2
6128 4018 0.01
6128 3205 0.01
6128 3249 0.05
6128 4793 0.05
6128 101 0.2
6128 11892 0.05
6128 4031 0.01
6128 118 0.05
6128 11081 0.05
6128 31 0.01
6128 9636 0.2
6128 5600 0.01
6128 10327 0.01
6128 11088 0.2
6128 1622 0.01
6128 8003 0.01
6128 9550 0.05
6128 6446 0.05
6128 11921 0.05
6128 3504 0.2
6128 5620 0.01
6128 2428 0.2
6128 2389 0.05
6128 2433 0.05
6128 2435 0.2
6128 9565 0.01
6128 4846 0.05
6128 11113 0.01
6128 6468 0.2
6128 10366 0.01
6128 6479 0.2
6128 4862 0.05
6128 3665 0.2
6128 11127 0.2
6128 70 0.2
6128 78 0.2
6128 4152 0.01
6128 7284 0.2
6128 7287 0.05
6128 1679 0.2
6128 2470 0.05
6128 2709 0.05
6128 11158 0.01
6128 9609 0.05
6128 1696 0.05
6128 1200 0.2
6128 11987 0.2
6128 885 0.01
6128 4115 0.01
6128 2945 0.01
6128 2402 0.05
6128 1704 0.01
6128 10421 0.05
6128 10423 0.05
6128 892 0.01
6128 4127 0.2
6128 7321 0.2
6128 2501 0.01
6128 8865 0.01
6128 7324 0.01
6128 11186 0.2
6128 7327 0.05
6128 1644 0.01
6128 8092 0.01
6128 5721 0.05
6128 8103 0.2
6128 8104 0.05
6128 4958 0.01
6128 925 0.05
6128 8885 0.2
6128 6572 0.05
6128 4162 0.2
6128 12019 0.2
6128 4165 0.01
6128 12029 0.2
6128 8118 0.01
6128 409 0.2
6128 9671 0.2
6128 9674 0.05
6128 11225 0.05
6128 3381 0.2
6128 2597 0.05
6128 8131 0.2
6128 3388 0.01
6128 6590 0.01
6128 4968 0.01
6128 4191 0.2
6128 4990 0.05
6128 9690 0.2
6128 10480 0.05
6128 8924 0.05
6128 3409 0.05
6128 8935 0.2
6128 10495 0.05
6128 2568 0.05
6128 8941 0.05
6128 182 0.05
6128 9715 0.2
6128 9716 0.05
6128 2148 0.01
6128 187 0.01
6128 191 0.05
6128 12084 0.2
6128 990 0.05
6128 10520 0.05
6128 1814 0.01
6128 8177 0.01
6128 2291 0.05
6128 10529 0.01
6128 9677 0.01
6128 6211 0.2
6128 7407 0.05
6128 7409 0.05
6128 211 0.01
6128 8183 0.05
6128 7411 0.2
6128 11309 0.2
6128 3457 0.01
6128 1459 0.01
6128 11318 0.05
6128 2619 0.2
6128 9760 0.05
6128 11326 0.05
6128 9762 0.05
6128 8210 0.2
6128 12123 0.01
6128 11336 0.2
6128 9777 0.2
6128 6673 0.2
6128 11342 0.01
6128 239 0.2
6128 3670 0.05
6128 1857 0.01
6128 11351 0.01
6128 5568 0.2
6128 8051 0.05
6128 251 0.2
6128 9790 0.2
6128 12151 0.01
6128 11363 0.2
6128 136 0.01
6128 10587 0.01
6128 5863 0.2
6128 12159 0.01
6128 1068 0.05
6128 2672 0.2
6128 6621 0.05
6128 9812 0.2
6128 3526 0.2
6128 1880 0.05
6128 4336 0.2
6128 1909 0.01
6128 5901 0.01
6128 3548 0.01
6128 7501 0.01
6128 9843 0.05
6128 1922 0.01
6128 11415 0.05
6128 11540 0.2
6128 3566 0.05
6128 5307 0.01
6128 1124 0.2
6128 5931 0.05
6128 2728 0.2
6128 324 0.2
6128 11428 0.05
6128 11429 0.2
6128 11432 0.01
6128 3576 0.2
6128 10639 0.05
6128 2737 0.05
6128 6752 0.01
6128 338 0.05
6128 1954 0.01
6128 1957 0.05
6128 351 0.05
6128 5197 0.05
6128 9900 0.05
6128 6773 0.2
6128 7253 0.05
6128 10690 0.05
6128 367 0.01
6128 7553 0.2
6128 10314 0.01
6128 6791 0.05
6128 8350 0.2
6128 390 0.2
6128 6010 0.2
6128 399 0.05
6128 8361 0.2
6128 8365 0.05
6128 2004 0.2
6128 5239 0.01
6128 6814 0.2
6128 8374 0.05
6128 4615 0.05
6128 4450 0.2
6128 5148 0.2
6128 8378 0.01
6128 8381 0.05
6128 2827 0.01
6128 2016 0.05
6128 7007 0.01
6128 2835 0.05
6128 2028 0.01
6128 1229 0.01
6128 2034 0.01
6128 5272 0.01
6128 9984 0.2
6128 9203 0.2
6128 2766 0.01
6128 12321 0.05
6128 1235 0.2
6128 7625 0.2
6128 1237 0.01
6128 10753 0.2
6128 12335 0.05
6128 460 0.01
6128 6093 0.01
6128 5306 0.05
6128 2888 0.05
6128 9237 0.2
6128 2866 0.05
6128 4525 0.05
6128 6897 0.2
6128 1290 0.01
6128 6899 0.2
6128 1296 0.2
6128 12376 0.05
6128 2097 0.2
6128 4738 0.01
6128 1310 0.2
6128 7647 0.05
6128 10814 0.05
6128 515 0.05
6128 10037 0.01
6128 2926 0.2
6128 5342 0.01
6128 1318 0.2
6128 1319 0.2
6128 11772 0.01
6128 4556 0.2
6128 1321 0.05
6128 9098 0.05
6128 12602 0.2
6128 6941 0.2
6128 9733 0.01
6128 8490 0.01
6128 6545 0.01
6128 7719 0.01
6128 10063 0.05
6128 9280 0.2
6128 11636 0.05
6128 11241 0.2
6128 3406 0.01
6128 545 0.2
6128 6961 0.2
6128 7726 0.2
6128 994 0.2
6128 8512 0.05
6128 6976 0.2
6128 2981 0.01
6128 6192 0.01
6128 2172 0.2
6128 90 0.01
6128 4250 0.05
6128 10871 0.05
6128 11054 0.05
6128 7928 0.05
6128 7005 0.01
6128 10878 0.2
6128 1392 0.2
6128 5798 0.05
6128 592 0.05
6128 3842 0.05
6128 11687 0.05
6128 11689 0.01
6128 11012 0.01
6128 1409 0.01
6128 604 0.05
6128 5425 0.2
6128 8568 0.05
6128 10900 0.01
6128 1422 0.05
6128 9088 0.01
6128 4642 0.01
6128 1426 0.01
6128 8574 0.01
6128 8575 0.01
6128 5435 0.2
6128 5436 0.2
6128 8606 0.01
6128 6246 0.05
6128 10921 0.2
6128 7663 0.2
6128 8601 0.2
6128 2242 0.01
6128 10931 0.01
6128 11745 0.01
6128 12510 0.2
6128 766 0.05
6128 3883 0.05
6128 8613 0.2
6128 12513 0.01
6128 4672 0.05
6128 12519 0.05
6128 4678 0.05
6128 2265 0.2
6128 10950 0.2
6128 8848 0.01
6128 8623 0.01
6128 12527 0.05
6128 5482 0.05
6128 662 0.2
6128 7865 0.01
6128 8625 0.05
6128 10491 0.01
6128 4653 0.2
6128 12545 0.05
6128 672 0.05
6128 2292 0.05
6128 1493 0.01
6128 10204 0.05
6128 3114 0.05
6128 11788 0.01
6128 7888 0.2
6128 3943 0.01
6128 2312 0.01
6128 7127 0.01
6128 12576 0.05
6128 12577 0.01
6128 7899 0.05
6128 9452 0.05
6128 7910 0.05
6128 6340 0.05
6128 871 0.05
6128 2334 0.05
6128 6390 0.01
6128 719 0.05
6128 9463 0.01
6128 3155 0.01
6128 7925 0.2
6128 7159 0.05
6128 2960 0.01
6128 6360 0.05
6128 3164 0.01
6128 731 0.05
6128 7936 0.01
6128 5539 0.01
6128 10262 0.2
6128 7829 0.2
6128 11025 0.05
6128 12616 0.2
6128 3990 0.2
6128 9490 0.05
6128 2359 0.2
6128 6376 0.2
6128 12531 0.05
6128 3185 0.05
6128 4770 0.2
6128 2363 0.01
6128 9495 0.2
6128 5554 0.01
6128 7958 0.05
6128 11043 0.2
6128 2801 0.05
6129 5681 0.05
6129 2 0.05
6130 2889 0.01
6132 2637 0.05
6133 2276 0.2
6133 4152 0.01
6133 3719 0.01
6133 3190 0.01
6134 4152 0.2
6135 6870 0.05
6137 9698 0.01
6139 2257 0.01
6139 2649 0.2
6139 5074 0.05
6139 2029 0.05
6139 9088 0.01
6139 11933 0.2
6139 9975 0.2
6139 1527 0.01
6140 5071 0.05
6140 9904 0.05
6140 9773 0.2
6140 3388 0.05
6140 2276 0.2
6140 786 0.05
6140 821 0.05
6140 10811 0.01
6140 9288 0.01
6140 3469 0.2
6140 7536 0.2
6140 9088 0.01
6140 2016 0.2
6140 1405 0.01
6140 779 0.05
6140 1622 0.05
6140 12123 0.01
6140 9975 0.01
6142 4152 0.01
6142 4671 0.05
6143 10168 0.05
6143 7647 0.05
6143 304 0.05
6143 5641 0.2
6143 10974 0.2
6143 4152 0.2
6143 10037 0.01
6143 5554 0.05
6144 4152 0.2
6144 2976 0.05
6146 11043 0.05
6146 2896 0.2
6147 8924 0.01
6147 4152 0.01
6147 4167 0.05
6148 4152 0.01
6150 4152 0.01
6151 6137 0.05
6151 8737 0.2
6151 1019 0.2
6151 1527 0.05
6151 10811 0.2
6151 9088 0.2
6151 356 0.05
6151 1622 0.2
6151 4152 0.05
6151 12411 0.01
6151 6262 0.01
6153 11679 0.01
6153 7586 0.2
6153 12503 0.01
6153 5505 0.05
6154 3547 0.01
6156 4955 0.2
6157 4152 0.05
6158 11488 0.05
6159 4152 0.01
6160 6432 0.05
6161 10120 0.05
6161 3618 0.2
6163 8108 0.05
6163 10081 0.05
6163 4152 0.01
6163 8764 0.2
6164 10495 0.01
6165 4152 0.01
6166 4152 0.2
6168 12312 0.2
6169 10441 0.05
6169 4747 0.2
6169 9341 0.01
6171 1622 0.01
6173 6762 0.01
6173 7875 0.2
6173 7647 0.2
6173 12453 0.2
6173 871 0.05
6173 8420 0.01
6173 3469 0.01
6173 8887 0.05
6173 1532 0.01
6173 12376 0.2
6173 2692 0.01
6173 7936 0.05
6173 2398 0.01
6173 4031 0.01
6173 10434 0.05
6173 4336 0.01
6173 2016 0.05
6173 6128 0.05
6173 5422 0.2
6173 3370 0.05
6173 10220 0.01
6173 2263 0.2
6173 8568 0.01
6173 6819 0.01
6173 12577 0.05
6173 1860 0.2
6173 9339 0.01
6173 11326 0.2
6173 11921 0.05
6173 5554 0.01
6173 6983 0.01
6173 8237 0.2
6173 6093 0.2
6173 2327 0.05
6173 1865 0.2
6173 12201 0.2
6173 10588 0.05
6173 12489 0.05
6173 4262 0.05
6173 6700 0.01
6176 12396 0.05
6177 4152 0.05
6178 2276 0.01
6178 4152 0.05
6179 713 0.2
6180 7629 0.2
6180 322 0.2
6180 7886 0.01
6180 7472 0.01
6181 4641 0.05
6182 12586 0.2
6182 4152 0.2
6182 11163 0.01
6183 4152 0.01
6184 3075 0.2
6185 9950 0.01
6186 4152 0.05
6188 3618 0.05
6191 4152 0.01
6193 4152 0.2
6194 7834 0.2
6194 9088 0.01
6194 7988 0.01
6195 10770 0.05
6195 4152 0.01
6196 12436 0.01
6196 8512 0.01
6198 5554 0.01
6199 8720 0.01
6199 11235 0.01
6200 5487 0.2
6200 3842 0.05
6200 11624 0.05
6200 8473 0.2
6200 808 0.2
6200 7810 0.05
6200 9531 0.2
6200 10382 0.01
6200 5938 0.2
6200 7843 0.05
6200 8445 0.01
6200 11434 0.01
6200 518 0.05
6201 8045 0.2
6202 12339 0.01
6202 5193 0.01
6202 2387 0.05
6203 4152 0.01
6204 11617 0.01
6205 7883 0.05
6206 1422 0.05
6207 1109 0.05
6209 4152 0.01
6210 4152 0.01
6211 8867 0.05
6212 4152 0.01
6213 7603 0.05
6215 9592 0.05
6215 3799 0.2
6215 6033 0.2
6215 5562 0.2
6215 5733 0.01
6215 5145 0.01
6215 1898 0.01
6215 3437 0.05
6216 11899 0.05
6216 12513 0.01
6218 10114 0.01
6219 5071 0.2
6219 174 0.2
6219 11788 0.01
6219 3388 0.01
6219 10495 0.01
6219 234 0.01
6219 9088 0.05
6219 254 0.01
6219 8625 0.01
6219 1622 0.05
6219 11923 0.01
6219 4701 0.2
6221 6929 0.01
6221 1430 0.01
6221 5314 0.2
6224 4090 0.01
6224 11135 0.01
6224 8170 0.05
6224 2016 0.05
6226 8590 0.01
6226 9851 0.2
6226 8170 0.01
6226 10095 0.01
6226 2896 0.2
6227 6650 0.2
6228 6984 0.2
6228 1292 0.01
6229 5071 0.01
6229 3722 0.01
6229 3503 0.01
6229 9088 0.05
6229 9715 0.2
6229 4793 0.05
6230 4522 0.01
6230 4152 0.01
6230 9088 0.2
6231 4152 0.01
6231 10811 0.01
6232 4166 0.01
6233 12435 0.2
6235 8935 0.01
6235 1979 0.05
6235 174 0.01
6235 11679 0.2
6235 2390 0.05
6235 4103 0.01
6235 12581 0.01
6235 9158 0.01
6235 9720 0.01
6235 12084 0.2
6235 2798 0.2
6235 24 0.05
6235 9531 0.05
6235 11695 0.05
6235 8750 0.2
6235 3370 0.05
6235 8568 0.05
6235 4250 0.01
6235 1422 0.01
6235 1622 0.05
6235 211 0.01
6235 1213 0.2
6235 4042 0.05
6235 5620 0.05
6235 1831 0.05
6235 11326 0.2
6235 3878 0.05
6235 5066 0.05
6235 8093 0.01
6235 6073 0.01
6235 234 0.05
6235 6673 0.2
6235 3114 0.2
6235 2016 0.05
6235 10376 0.05
6235 7265 0.01
6235 1466 0.05
6235 8045 0.01
6235 3842 0.2
6235 6492 0.01
6235 11136 0.2
6235 78 0.2
6235 12401 0.05
6235 7863 0.01
6235 2276 0.05
6235 1527 0.05
6235 5482 0.2
6235 9605 0.2
6235 1683 0.05
6235 5487 0.2
6235 12510 0.01
6235 7875 0.05
6235 8063 0.2
6235 1687 0.2
6235 9807 0.2
6235 676 0.2
6235 4701 0.2
6235 6523 0.05
6235 10608 0.01
6235 12525 0.2
6235 1704 0.05
6235 6911 0.01
6235 10421 0.05
6235 10811 0.05
6235 1108 0.01
6235 9262 0.05
6235 6093 0.2
6235 7324 0.01
6235 10310 0.05
6235 10037 0.05
6235 1319 0.05
6235 6128 0.05
6235 4149 0.2
6235 9088 0.01
6235 10285 0.05
6235 4152 0.05
6235 11196 0.05
6235 8681 0.01
6235 11825 0.05
6235 2945 0.01
6235 4739 0.2
6235 324 0.2
6235 12403 0.01
6235 7936 0.2
6235 1409 0.05
6235 10852 0.05
6235 3596 0.05
6235 10860 0.01
6235 8520 0.05
6235 1371 0.05
6235 6389 0.05
6235 10690 0.01
6235 10695 0.01
6235 6609 0.05
6235 10871 0.2
6236 56 0.2
6236 5482 0.05
6236 12398 0.01
6236 12499 0.05
6236 9339 0.05
6236 9329 0.05
6236 9232 0.05
6237 10608 0.05
6237 9671 0.2
6237 4263 0.05
6238 7754 0.2
6239 4152 0.01
6239 9203 0.05
6239 7647 0.01
6240 5963 0.2
6240 4194 0.2
6240 139 0.2
6240 2494 0.2
6240 4901 0.2
6240 6413 0.05
6240 6591 0.01
6241 8093 0.2
6242 6998 0.2
6242 6540 0.2
6242 7641 0.05
6242 9167 0.2
6242 2070 0.01
6242 10533 0.01
6243 4152 0.05
6244 3238 0.01
6246 818 0.2
6246 4341 0.05
6246 191 0.05
6246 12084 0.2
6246 1468 0.01
6246 1319 0.05
6246 1299 0.01
6246 11695 0.05
6246 5554 0.05
6246 9605 0.01
6246 7324 0.01
6246 10728 0.2
6246 2195 0.05
6246 9624 0.2
6246 6492 0.2
6247 3788 0.05
6248 4152 0.01
6249 6705 0.2
6250 3246 0.2
6252 4152 0.2
6253 1857 0.01
6253 528 0.05
6253 8875 0.05
6254 4152 0.01
6254 9088 0.2
6254 10037 0.05
6255 8031 0.05
6255 7324 0.2
6255 4152 0.05
6255 2888 0.2
6255 11326 0.2
6256 4152 0.05
6257 5272 0.01
6257 4796 0.2
6257 7929 0.2
6257 1625 0.01
6257 4700 0.05
6257 9088 0.01
6257 4152 0.05
6257 5857 0.2
6258 5487 0.2
6258 12552 0.01
6258 2181 0.05
6258 4040 0.2
6258 7810 0.05
6258 9531 0.2
6258 219 0.2
6258 7536 0.01
6258 1622 0.2
6259 4152 0.2
6261 2398 0.2
6261 11111 0.2
6261 1310 0.01
6261 2004 0.05
6262 6151 0.01
6263 8032 0.05
6263 10937 0.01
6264 795 0.2
6265 1622 0.2
6265 9088 0.01
6265 4152 0.01
6265 10811 0.05
6265 3114 0.2
6267 10775 0.2
6268 9619 0.01
6269 11695 0.2
6269 4599 0.05
6270 3625 0.01
6271 4522 0.01
6272 8983 0.01
6272 2473 0.01
6273 7810 0.05
6274 2004 0.01
6275 1774 0.05
6275 320 0.01
6276 4152 0.05
6277 4152 0.01
6278 91 0.05
6278 54 0.2
6278 5872 0.01
6278 5129 0.01
6278 3254 0.01
6278 1169 0.05
6278 2730 0.2
6278 2986 0.2
6278 5938 0.05
6278 5769 0.05
6278 2896 0.2
6278 2992 0.2
6278 5272 0.01
6278 12552 0.2
6278 7810 0.01
6278 8170 0.05
6278 1237 0.2
6278 12513 0.05
6278 9167 0.2
6278 7843 0.01
6278 7779 0.01
6278 8512 0.01
6278 5795 0.01
6278 9349 0.05
6278 7641 0.05
6278 1515 0.01
6278 961 0.2
6278 7324 0.05
6278 4728 0.05
6278 11005 0.05
6278 267 0.01
6278 9605 0.05
6279 2545 0.2
6279 9433 0.05
6279 5145 0.01
6280 6916 0.2
6280 4666 0.2
6280 452 0.2
6280 10343 0.01
6280 5513 0.05
6280 4440 0.2
6280 1965 0.05
6280 271 0.05
6282 9531 0.05
6283 4152 0.01
6284 3547 0.01
6288 9793 0.2
6289 4152 0.01
6290 2551 0.05
6291 3409 0.01
6291 11788 0.2
6291 5101 0.2
6291 12401 0.2
6291 3388 0.2
6291 6590 0.05
6291 8568 0.01
6291 1468 0.01
6291 9088 0.05
6291 4152 0.2
6291 343 0.05
6292 10002 0.2
6292 2888 0.2
6296 4525 0.01
6296 10690 0.2
6296 174 0.01
6297 3246 0.01
6298 24 0.2
6299 8104 0.05
6299 3280 0.2
6299 4963 0.05
6299 7876 0.2
6299 9724 0.05
6299 24 0.2
6299 2160 0.05
6299 10640 0.01
6299 9142 0.2
6299 8387 0.05
6299 5554 0.05
6299 11641 0.2
6299 1622 0.01
6299 4152 0.05
6299 7218 0.2
6300 4152 0.2
6302 4152 0.01
6303 9463 0.01
6303 4701 0.05
6303 11437 0.01
6303 438 0.2
6303 2798 0.01
6303 24 0.01
6303 1098 0.01
6303 8854 0.05
6303 10495 0.01
6303 4152 0.01
6303 7691 0.05
6303 2004 0.2
6303 2265 0.01
6303 12149 0.01
6303 1622 0.05
6303 7082 0.2
6303 1636 0.01
6303 8426 0.2
6303 6873 0.2
6303 2276 0.05
6303 11772 0.2
6303 7508 0.2
6303 1527 0.01
6304 6545 0.01
6306 9627 0.01
6306 5599 0.01
6307 4152 0.01
6308 4152 0.05
6310 3114 0.05
6310 488 0.01
6311 11231 0.05
6313 1527 0.2
6313 3625 0.05
6313 46 0.05
6313 2249 0.2
6313 10811 0.01
6313 9088 0.2
6313 5145 0.05
6313 90 0.2
6313 5066 0.01
6313 4525 0.05
6313 10774 0.01
6313 1622 0.2
6313 12401 0.2
6313 11012 0.2
6313 3114 0.05
6314 4152 0.01
6315 1622 0.2
6315 4152 0.01
6315 387 0.01
6318 11479 0.05
6318 4785 0.05
6318 2992 0.2
6318 12260 0.01
6318 10715 0.01
6318 9323 0.01
6318 8938 0.05
6318 4818 0.2
6318 8941 0.01
6318 6006 0.01
6318 9214 0.05
6318 12269 0.01
6318 9720 0.05
6318 1603 0.2
6318 8953 0.2
6318 3217 0.2
6318 7810 0.2
6318 8170 0.2
6318 6928 0.2
6318 9337 0.01
6318 3221 0.01
6318 444 0.01
6318 3021 0.05
6318 5010 0.2
6318 10723 0.01
6318 11091 0.01
6318 1622 0.01
6318 3652 0.2
6318 6044 0.2
6318 9959 0.05
6318 6827 0.05
6318 8582 0.01
6318 11922 0.05
6318 11326 0.2
6318 11543 0.01
6318 926 0.2
6318 2845 0.01
6318 11560 0.2
6318 831 0.2
6318 4854 0.01
6318 102 0.01
6318 7256 0.05
6318 7259 0.01
6318 12323 0.01
6318 7626 0.01
6318 3729 0.05
6318 12326 0.2
6318 11233 0.2
6318 12515 0.05
6318 11121 0.05
6318 5282 0.2
6318 5286 0.05
6318 11530 0.01
6318 4082 0.01
6318 1563 0.01
6318 6445 0.05
6318 10027 0.01
6318 7854 0.01
6318 2895 0.05
6318 4113 0.01
6318 7858 0.2
6318 7356 0.05
6318 11075 0.2
6318 3099 0.2
6318 10847 0.01
6318 8248 0.05
6318 5487 0.2
6318 10785 0.01
6318 12359 0.01
6318 6512 0.2
6318 9332 0.05
6318 1292 0.01
6318 1882 0.01
6318 283 0.05
6318 2896 0.05
6318 918 0.01
6318 1497 0.2
6318 78 0.01
6318 3533 0.05
6318 8075 0.01
6318 9433 0.01
6318 12384 0.01
6318 11603 0.2
6318 9167 0.01
6318 3842 0.2
6318 1913 0.2
6318 12392 0.05
6318 7133 0.01
6318 518 0.01
6318 4139 0.05
6318 8022 0.05
6318 9850 0.2
6318 8094 0.01
6318 12213 0.01
6318 6152 0.2
6318 9466 0.2
6318 7926 0.2
6318 4568 0.01
6318 7526 0.05
6318 2954 0.01
6318 8161 0.01
6318 7933 0.01
6318 11671 0.2
6318 2744 0.05
6318 7250 0.2
6318 3383 0.05
6318 5543 0.05
6318 9003 0.01
6318 11651 0.05
6318 2969 0.2
6318 9491 0.01
6318 5749 0.2
6318 8512 0.01
6318 11668 0.05
6318 4991 0.05
6318 6386 0.2
6318 6984 0.05
6318 1162 0.05
6318 9141 0.05
6318 370 0.05
6319 191 0.05
6319 3568 0.01
6320 2357 0.2
6320 5889 0.01
6320 1319 0.01
6322 8517 0.2
6323 10037 0.01
6324 4152 0.01
6325 4152 0.2
6326 2443 0.05
6326 4152 0.05
6326 11326 0.2
6327 254 0.01
6328 4152 0.2
6330 11826 0.05
6330 4419 0.01
6330 9288 0.2
6330 6863 0.05
6330 1071 0.01
6330 4152 0.01
6330 10517 0.2
6330 1783 0.01
6331 5487 0.01
6331 174 0.05
6331 7815 0.05
6331 5554 0.01
6332 2919 0.01
6333 1174 0.2
6334 4152 0.01
6334 12642 0.01
6335 3829 0.05
6335 1510 0.01
6335 3067 0.05
6335 10196 0.01
6335 11593 0.05
6335 8392 0.2
6335 3625 0.2
6335 9096 0.05
6335 3570 0.2
6335 10835 0.01
6335 6893 0.05
6335 4667 0.01
6335 3678 0.05
6335 1884 0.2
6335 9472 0.05
6335 10364 0.05
6335 6577 0.05
6335 545 0.01
6335 3585 0.05
6335 24 0.01
6335 6419 0.2
6335 6504 0.05
6335 1405 0.2
6335 404 0.05
6335 7218 0.01
6335 1360 0.01
6335 8366 0.01
6335 3797 0.2
6335 6590 0.05
6335 1814 0.05
6335 8568 0.05
6335 4040 0.2
6335 9624 0.01
6335 9026 0.2
6335 1158 0.05
6335 11326 0.2
6335 749 0.2
6335 5978 0.2
6335 9447 0.2
6335 5482 0.2
6335 9793 0.05
6335 9359 0.2
6335 6476 0.2
6335 10821 0.05
6335 8478 0.05
6335 7465 0.05
6335 9088 0.2
6335 1975 0.05
6335 8451 0.2
6335 10141 0.2
6335 5758 0.2
6335 2776 0.01
6335 6836 0.01
6335 2283 0.01
6336 1319 0.05
6337 4152 0.01
6338 4152 0.2
6339 9565 0.2
6339 11326 0.2
6340 5600 0.2
6340 8935 0.05
6340 8574 0.05
6340 174 0.05
6340 10204 0.05
6340 1352 0.2
6340 985 0.05
6340 9088 0.01
6340 4250 0.05
6340 2535 0.05
6340 10782 0.2
6340 1507 0.05
6341 5071 0.01
6341 12556 0.01
6341 1527 0.05
6341 3361 0.2
6341 6590 0.2
6341 10811 0.01
6341 10402 0.05
6341 12376 0.01
6341 9361 0.05
6341 9088 0.05
6341 6078 0.01
6341 1422 0.2
6341 9339 0.05
6341 4559 0.05
6341 11184 0.05
6341 4152 0.01
6341 10840 0.05
6341 1993 0.05
6341 5554 0.01
6343 8935 0.05
6344 9354 0.01
6344 4613 0.2
6344 3503 0.01
6344 2265 0.01
6344 7584 0.05
6344 3776 0.2
6345 4152 0.05
6345 9088 0.01
6345 5554 0.01
6346 9088 0.01
6347 5926 0.05
6347 12592 0.2
6347 4152 0.2
6347 4660 0.05
6348 7278 0.01
6348 9883 0.05
6349 592 0.01
6350 4152 0.2
6351 4152 0.2
6352 9088 0.05
6353 4522 0.01
6354 7188 0.01
6356 7362 0.01
6356 8306 0.2
6356 7394 0.05
6356 1454 0.05
6357 239 0.2
6357 3436 0.2
6358 10698 0.01
6359 4522 0.2
6361 4991 0.05
6361 11302 0.01
6362 4152 0.05
6362 5554 0.01
6363 8618 0.2
6366 4152 0.01
6367 9740 0.01
6367 2229 0.05
6369 7773 0.05
6371 6984 0.01
6371 5226 0.01
6371 1398 0.2
6371 8512 0.2
6371 4217 0.01
6371 9605 0.01
6371 8310 0.05
6371 1292 0.2
6371 5732 0.01
6372 11015 0.01
6372 7957 0.01
6372 10220 0.01
6372 5299 0.2
6372 12401 0.01
6372 1704 0.01
6375 5937 0.01
6376 4152 0.2
6377 11319 0.01
6377 6754 0.05
6377 4824 0.01
6377 766 0.2
6377 12401 0.05
6377 1857 0.05
6377 10703 0.05
6377 5482 0.01
6377 8568 0.2
6377 11815 0.01
6377 12335 0.05
6377 9088 0.2
6377 10695 0.2
6377 4152 0.2
6377 4808 0.05
6379 12435 0.01
6380 4152 0.01
6381 6533 0.05
6381 4152 0.01
6382 4729 0.01
6384 4152 0.2
6385 4152 0.2
6387 4152 0.05
6388 4729 0.05
6388 1527 0.2
6388 1422 0.01
6388 3469 0.01
6389 8935 0.05
6389 3568 0.01
6389 11481 0.2
6389 3569 0.01
6389 8306 0.01
6389 430 0.05
6389 191 0.2
6389 9361 0.01
6389 7171 0.05
6389 11695 0.01
6389 8361 0.05
6389 11012 0.05
6389 1468 0.01
6389 1831 0.01
6389 351 0.2
6389 8568 0.2
6389 12335 0.2
6389 4250 0.01
6389 2393 0.01
6389 2318 0.05
6389 6235 0.05
6389 12158 0.01
6389 10695 0.2
6389 2470 0.2
6389 12401 0.2
6391 4152 0.05
6392 8161 0.05
6392 12081 0.2
6392 9337 0.01
6393 5726 0.2
6394 60 0.05
6395 4152 0.2
6395 3908 0.01
6396 12328 0.01
6396 4965 0.01
6397 4152 0.2
6398 1527 0.01
6398 4152 0.01
6399 9088 0.01
6400 4152 0.05
6401 4152 0.01
6402 4152 0.2
6403 4152 0.05
6404 2927 0.2
6404 4205 0.05
6404 2467 0.01
6404 356 0.05
6404 5455 0.01
6404 206 0.2
6404 4152 0.05
6404 5835 0.01
6404 10433 0.2
6404 2575 0.01
6405 2257 0.2
6405 10450 0.05
6405 10197 0.05
6405 9410 0.05
6405 9088 0.2
6405 5970 0.05
6405 12534 0.05
6405 4152 0.05
6405 11434 0.2
6406 4152 0.2
6407 10037 0.01
6408 11111 0.2
6409 4152 0.01
6410 4522 0.01
6412 4152 0.01
6412 5482 0.2
6412 191 0.2
6412 12210 0.2
6414 4154 0.2
6414 8017 0.2
6414 4786 0.01
6414 1387 0.01
6414 7412 0.05
6414 2088 0.01
6414 3920 0.05
6414 392 0.05
6414 1525 0.2
6414 2535 0.2
6414 9782 0.2
6414 2408 0.01
6414 4589 0.2
6414 12388 0.01
6414 2815 0.05
6414 160 0.2
6414 7026 0.2
6414 92 0.01
6414 8661 0.2
6414 11713 0.01
6414 10037 0.01
6414 11360 0.01
6414 11469 0.2
6414 8875 0.2
6414 6990 0.2
6414 12231 0.2
6414 11256 0.05
6414 4152 0.05
6415 4152 0.01
6415 4881 0.2
6416 11318 0.05
6416 4066 0.2
6416 2622 0.2
6416 11326 0.01
6416 4700 0.05
6416 7663 0.05
6416 10367 0.2
6416 10782 0.05
6416 5761 0.05
6416 11434 0.05
6416 5071 0.05
6416 574 0.2
6416 8118 0.2
6416 800 0.05
6416 192 0.2
6416 234 0.01
6416 24 0.2
6416 9288 0.05
6416 9361 0.01
6416 1237 0.2
6416 9619 0.2
6416 8613 0.01
6416 5721 0.05
6416 9484 0.2
6416 9339 0.05
6416 4152 0.2
6416 3526 0.2
6416 3175 0.01
6416 7691 0.2
6416 7543 0.05
6416 1857 0.05
6416 12522 0.01
6416 8568 0.2
6416 8755 0.2
6416 6003 0.2
6416 1622 0.05
6416 10037 0.01
6416 749 0.05
6416 211 0.01
6416 6093 0.2
6416 9843 0.01
6416 7863 0.05
6416 1319 0.05
6416 367 0.05
6416 2388 0.05
6416 9410 0.01
6416 9088 0.01
6416 12534 0.05
6416 9605 0.05
6416 12401 0.05
6416 3504 0.05
6416 10588 0.01
6416 11196 0.01
6417 177 0.05
6418 4152 0.05
6421 10695 0.01
6422 7810 0.05
6422 8445 0.05
6422 3217 0.01
6422 5938 0.01
6423 4152 0.05
6424 4522 0.2
6425 5329 0.2
6425 1063 0.01
6426 4152 0.05
6427 3633 0.2
6429 7771 0.2
6429 7572 0.01
6432 91 0.01
6432 9560 0.05
6432 6744 0.01
6432 6301 0.2
6432 6160 0.01
6432 2896 0.2
6432 10001 0.05
6432 12281 0.01
6432 2042 0.05
6432 11122 0.2
6432 9972 0.05
6432 1413 0.2
6432 10570 0.2
6432 8982 0.01
6432 8512 0.2
6432 5515 0.2
6432 349 0.05
6432 7324 0.05
6432 12635 0.05
6432 12297 0.05
6432 4056 0.05
6432 9605 0.05
6432 11528 0.01
6432 1332 0.05
6433 83 0.01
6434 4522 0.2
6435 4152 0.05
6436 9416 0.2
6439 4152 0.01
6440 8425 0.01
6440 3190 0.2
6441 4152 0.01
6446 8574 0.05
6446 12391 0.01
6446 2468 0.01
6446 452 0.05
6446 11470 0.2
6446 1757 0.01
6446 5482 0.01
6446 11815 0.05
6446 12159 0.01
6446 4152 0.05
6446 6128 0.2
6448 4345 0.01
6448 2896 0.05
6449 4152 0.01
6451 9020 0.2
6451 4152 0.05
6451 12341 0.05
6451 4341 0.01
6452 3484 0.05
6453 4152 0.2
6454 4286 0.01
6455 4152 0.05
6455 9088 0.2
6455 8672 0.05
6457 12328 0.05
6458 7235 0.05
6459 11600 0.05
6460 7102 0.2
6460 8306 0.01
6460 4525 0.05
6460 4700 0.01
6460 9975 0.05
6460 10782 0.2
6460 5071 0.05
6460 11488 0.01
6460 9720 0.01
6460 5682 0.05
6460 3164 0.01
6460 2798 0.05
6460 9288 0.05
6460 2172 0.01
6460 12238 0.01
6460 7663 0.01
6460 8413 0.01
6460 4086 0.2
6460 12335 0.01
6460 11164 0.2
6460 7602 0.05
6460 1527 0.2
6460 7411 0.2
6460 5482 0.05
6460 3506 0.05
6460 9088 0.01
6460 6608 0.01
6460 9605 0.01
6460 4152 0.05
6461 7324 0.2
6461 4522 0.2
6461 191 0.01
6461 5554 0.2
6461 12513 0.05
6462 1757 0.01
6463 9385 0.01
6463 1186 0.05
6463 9088 0.01
6464 10037 0.01
6465 4152 0.2
6466 4152 0.05
6466 7007 0.05
6466 10811 0.01
6466 2242 0.2
6467 9416 0.2
6469 8417 0.2
6469 7030 0.01
6469 6876 0.05
6469 5637 0.01
6470 9088 0.01
6471 1666 0.05
6472 3721 0.05
6473 4152 0.01
6474 4152 0.2
6475 10441 0.01
6475 9700 0.01
6475 3935 0.01
6475 4152 0.05
6475 1759 0.01
6475 10037 0.05
6476 5902 0.05
6477 1422 0.2
6477 9605 0.01
6479 6621 0.01
6479 1224 0.05
6479 5287 0.2
6479 11889 0.01
6479 7936 0.2
6479 9237 0.01
6479 6128 0.05
6479 574 0.05
6479 3381 0.2
6479 9088 0.01
6479 6673 0.05
6479 2435 0.01
6479 2945 0.05
6479 9975 0.01
6479 9677 0.01
6479 5805 0.05
6479 1704 0.01
6479 5148 0.01
6480 4522 0.01
6482 4152 0.01
6483 6540 0.2
6483 54 0.01
6484 2024 0.2
6484 9434 0.01
6487 1213 0.05
6488 10204 0.2
6489 11852 0.05
6491 2265 0.01
6492 154 0.01
6492 8574 0.01
6492 10748 0.01
6492 1319 0.05
6492 1468 0.01
6492 9508 0.2
6492 1857 0.2
6492 11130 0.01
6492 5482 0.01
6492 6246 0.2
6492 8306 0.01
6492 9410 0.2
6492 9088 0.01
6492 2016 0.01
6492 4042 0.05
6492 8361 0.2
6492 4152 0.01
6492 8312 0.05
6492 6590 0.2
6492 5554 0.05
6493 9088 0.01
6494 4345 0.2
6495 4152 0.01
6495 11879 0.01
6496 4152 0.01
6497 10777 0.2
6498 1084 0.01
6500 3246 0.01
6501 10037 0.2
6502 7779 0.2
6503 5329 0.2
6503 2992 0.05
6504 174 0.05
6504 1224 0.01
6504 10149 0.05
6504 4066 0.01
6504 7972 0.01
6504 11326 0.05
6504 9565 0.05
6504 4793 0.2
6504 4047 0.2
6504 2038 0.2
6504 7725 0.05
6504 4139 0.2
6504 8613 0.05
6504 9674 0.01
6504 7543 0.2
6504 7536 0.2
6504 2751 0.05
6504 11679 0.05
6504 2257 0.2
6504 2455 0.05
6504 4129 0.01
6504 1468 0.2
6504 1757 0.05
6504 561 0.2
6504 1814 0.2
6504 10811 0.01
6504 8568 0.01
6504 1622 0.01
6504 10037 0.05
6504 211 0.05
6504 3142 0.2
6504 6335 0.01
6504 3712 0.01
6504 10339 0.2
6504 9410 0.01
6504 9700 0.01
6504 9088 0.05
6504 7811 0.2
6504 4152 0.2
6504 6961 0.05
6506 4152 0.05
6507 4152 0.2
6508 5446 0.01
6508 4066 0.05
6508 3469 0.05
6508 1854 0.05
6508 11737 0.05
6508 12418 0.05
6508 11434 0.2
6508 9980 0.05
6508 4701 0.01
6508 11591 0.05
6508 3841 0.01
6508 1993 0.2
6508 2248 0.01
6508 5176 0.2
6508 2380 0.05
6508 3308 0.05
6508 6910 0.01
6508 7536 0.2
6508 9015 0.2
6508 11500 0.2
6508 7009 0.01
6508 11651 0.01
6508 2004 0.2
6508 3388 0.05
6508 7543 0.05
6508 10811 0.05
6508 7597 0.05
6508 3221 0.2
6508 5145 0.05
6508 7407 0.05
6508 5243 0.01
6508 11326 0.05
6508 1758 0.01
6508 5554 0.2
6508 8921 0.05
6508 4152 0.2
6508 8426 0.05
6508 1012 0.01
6508 4457 0.01
6508 5002 0.01
6508 9088 0.2
6508 11526 0.01
6508 1527 0.2
6508 10447 0.01
6508 12411 0.2
6510 10043 0.2
6511 4152 0.05
6512 12245 0.05
6512 11122 0.2
6512 6077 0.01
6512 5145 0.05
6512 4166 0.2
6513 4139 0.01
6514 4152 0.2
6516 10963 0.2
6517 3246 0.01
6518 4152 0.01
6519 4152 0.01
6521 4504 0.01
6521 12566 0.01
6521 10175 0.2
6522 4152 0.01
6525 4152 0.05
6526 9700 0.05
6528 1781 0.2
6528 10012 0.2
6530 10534 0.2
6531 4152 0.05
6532 1219 0.01
6533 6381 0.05
6534 9088 0.2
6535 2507 0.05
6536 4152 0.2
6537 2124 0.05
6537 10037 0.01
6537 1319 0.05
6539 9531 0.01
6539 4152 0.01
6539 2896 0.01
6539 5554 0.01
6540 423 0.2
6540 54 0.05
6540 10702 0.01
6540 178 0.2
6540 12221 0.05
6540 1036 0.2
6540 12281 0.01
6540 7852 0.01
6540 7295 0.01
6540 8428 0.05
6540 7257 0.2
6540 8121 0.2
6540 8751 0.2
6540 3132 0.05
6540 8462 0.2
6540 5288 0.2
6540 6090 0.05
6540 5709 0.05
6540 3954 0.01
6540 8293 0.05
6540 6483 0.01
6540 6242 0.01
6541 11629 0.05
6544 4152 0.01
6545 1242 0.2
6545 1527 0.05
6545 3906 0.01
6545 1957 0.01
6545 871 0.01
6545 511 0.01
6545 11012 0.2
6545 9088 0.01
6545 6304 0.05
6545 2101 0.05
6545 1422 0.01
6545 10495 0.2
6545 3438 0.2
6545 4152 0.2
6545 10698 0.2
6545 3618 0.01
6545 2242 0.01
6545 4701 0.2
6546 8751 0.2
6546 5916 0.01
6546 2167 0.01
6546 871 0.01
6546 6755 0.05
6546 8451 0.05
6546 8121 0.05
6546 9091 0.2
6546 12224 0.2
6547 5071 0.2
6547 3587 0.2
6547 4217 0.05
6547 5066 0.05
6547 1622 0.2
6547 12123 0.01
6549 4152 0.01
6549 1219 0.05
6550 71 0.2
6550 8185 0.2
6552 3132 0.05
6552 4631 0.01
6552 9554 0.05
6552 11815 0.2
6552 3073 0.2
6552 4217 0.01
6552 12195 0.2
6552 1998 0.05
6553 2507 0.05
6553 4152 0.05
6554 5323 0.2
6554 4273 0.01
6555 4152 0.05
6555 9088 0.01
6555 5145 0.2
6556 4152 0.01
6556 2768 0.01
6556 6859 0.01
6556 6265 0.01
6558 4152 0.05
6559 3869 0.2
6559 9619 0.01
6559 9167 0.05
6560 9088 0.05
6561 11737 0.01
6562 4152 0.2
6563 11348 0.05
6565 7371 0.05
6566 9088 0.05
6567 8924 0.01
6568 1386 0.05
6568 12548 0.05
6568 97 0.01
6568 4082 0.05
6569 831 0.01
6569 8609 0.01
6569 9405 0.05
6569 8229 0.01
6569 12129 0.05
6569 4345 0.05
6569 32 0.05
6569 8512 0.01
6569 11235 0.01
6569 8374 0.05
6569 9786 0.05
6569 5938 0.2
6569 11668 0.05
6569 7806 0.05
6569 2751 0.05
6569 5732 0.2
6571 1468 0.05
6571 229 0.05
6571 3514 0.05
6571 4270 0.2
6571 3469 0.05
6572 11529 0.2
6572 9088 0.05
6573 2016 0.2
6574 1319 0.05
6576 4152 0.01
6577 4635 0.01
6577 10927 0.05
6577 478 0.2
6577 5574 0.05
6577 10811 0.2
6577 9024 0.05
6577 9813 0.01
6577 9088 0.01
6577 8775 0.05
6577 6698 0.05
6577 4152 0.2
6577 9204 0.01
6578 4042 0.05
6579 4152 0.01
6579 9088 0.05
6581 7603 0.2
6582 4152 0.01
6583 4152 0.2
6584 8104 0.05
6585 8512 0.05
6585 10095 0.05
6587 4152 0.2
6588 4152 0.05
6589 4630 0.01
6589 1527 0.01
6589 12403 0.2
6589 1319 0.01
6590 11434 0.05
6590 3625 0.01
6590 972 0.05
6590 3205 0.05
6590 7382 0.2
6590 11492 0.05
6590 9531 0.01
6590 10495 0.2
6590 10120 0.01
6590 1757 0.2
6590 1814 0.05
6590 8568 0.2
6590 1422 0.01
6590 1622 0.2
6590 211 0.05
6590 8574 0.2
6590 2016 0.01
6590 3504 0.05
6590 1829 0.2
6590 3469 0.05
6590 12311 0.01
6590 5066 0.01
6590 8609 0.01
6590 10367 0.2
6590 234 0.01
6590 2637 0.05
6590 8611 0.05
6590 70 0.2
6590 12513 0.05
6590 7543 0.01
6590 9020 0.01
6590 1468 0.01
6590 9991 0.01
6590 326 0.05
6590 12335 0.05
6590 9591 0.05
6590 6291 0.2
6590 8623 0.2
6590 4152 0.2
6590 3503 0.2
6590 1527 0.2
6590 11961 0.2
6590 6295 0.01
6590 6508 0.05
6590 2283 0.05
6590 2945 0.05
6590 7875 0.2
6590 7657 0.2
6590 871 0.05
6590 672 0.01
6590 3114 0.05
6590 4701 0.01
6590 10608 0.2
6590 2277 0.05
6590 116 0.2
6590 7489 0.2
6590 6128 0.01
6590 4341 0.05
6590 7691 0.01
6590 10811 0.01
6590 1108 0.01
6590 7899 0.2
6590 11326 0.2
6590 10037 0.2
6590 6335 0.01
6590 1319 0.01
6590 7910 0.05
6590 8093 0.05
6590 9088 0.2
6590 6341 0.2
6590 12401 0.01
6590 2334 0.01
6590 3568 0.01
6590 9094 0.05
6590 5482 0.2
6590 324 0.2
6590 7719 0.01
6590 12411 0.2
6590 5369 0.01
6590 3164 0.2
6590 7725 0.2
6590 6754 0.2
6590 3588 0.05
6590 7162 0.05
6590 1759 0.01
6590 4415 0.2
6590 9491 0.05
6590 5968 0.05
6590 4193 0.05
6590 4770 0.2
6590 3397 0.05
6590 8917 0.01
6590 5554 0.05
6590 749 0.01
6590 955 0.05
6590 8930 0.2
6590 10695 0.01
6590 6782 0.2
6590 3618 0.01
6592 2441 0.2
6592 8279 0.05
6592 4366 0.01
6592 2223 0.01
6592 5145 0.01
6592 1438 0.01
6593 10075 0.01
6593 4152 0.01
6594 9088 0.01
6596 4522 0.01
6597 7603 0.2
6597 385 0.2
6597 7735 0.2
6598 7165 0.05
6599 4152 0.2
6600 519 0.05
6600 573 0.01
6600 11451 0.05
6600 10271 0.05
6600 4016 0.2
6601 11488 0.01
6602 4615 0.01
6604 11120 0.01
6605 1443 0.05
6605 4423 0.05
6605 4152 0.2
6606 4152 0.2
6607 566 0.05
6608 5721 0.01
6608 7863 0.2
6608 1757 0.01
6608 6460 0.2
6608 3030 0.2
6608 3326 0.2
6608 9778 0.05
6608 9088 0.05
6608 10982 0.2
6608 4152 0.2
6609 8885 0.2
6609 9339 0.01
6609 10037 0.2
6609 7271 0.01
6610 4152 0.05
6612 4152 0.01
6613 5446 0.05
6613 7176 0.2
6614 4152 0.2
6615 11722 0.05
6617 4152 0.2
6618 4152 0.05
6618 5820 0.05
6619 174 0.2
6619 9843 0.01
6619 4152 0.01
6619 7647 0.2
6619 1527 0.05
6619 8104 0.05
6621 5148 0.05
6621 7936 0.2
6621 9237 0.2
6621 5145 0.01
6621 2435 0.01
6621 6479 0.01
6621 6128 0.01
6622 10483 0.05
6622 8977 0.2
6622 8397 0.05
6622 4165 0.01
6622 12466 0.2
6623 10824 0.01
6624 4341 0.05
6624 7865 0.01
6624 6077 0.2
6624 11571 0.01
6624 7543 0.01
6624 11679 0.01
6624 5659 0.05
6624 7161 0.05
6624 1028 0.05
6624 672 0.01
6624 9088 0.05
6624 11695 0.05
6624 9480 0.2
6624 12534 0.2
6624 9975 0.2
6624 9339 0.2
6624 12411 0.2
6624 4152 0.01
6624 1704 0.2
6624 5554 0.01
6624 4701 0.01
6625 3576 0.2
6626 4345 0.2
6628 1080 0.2
6632 10037 0.2
6633 6195 0.2
6635 363 0.2
6636 4152 0.2
6636 9088 0.01
6636 11651 0.05
6636 191 0.05
6636 10037 0.2
6637 4152 0.01
6638 4152 0.01
6639 8920 0.05
6639 174 0.01
6639 12123 0.05
6639 9094 0.01
6639 6998 0.01
6639 10495 0.05
6639 5482 0.05
6639 5434 0.05
6639 8755 0.2
6639 1690 0.05
6639 2896 0.01
6639 9088 0.2
6639 8613 0.01
6639 8512 0.05
6639 1329 0.01
6639 1622 0.2
6639 4152 0.2
6639 5554 0.2
6641 1622 0.01
6641 4152 0.05
6642 4152 0.2
6642 9088 0.2
6643 4152 0.01
6644 12411 0.05
6644 4152 0.05
6644 10811 0.05
6645 3991 0.05
6645 7799 0.05
6645 2582 0.2
6645 5456 0.01
6645 656 0.01
6645 389 0.01
6646 10633 0.2
6646 5729 0.2
6646 3055 0.01
6646 1213 0.01
6648 4152 0.05
6649 9068 0.2
6650 9531 0.05
6650 1622 0.05
6650 4152 0.05
6650 2276 0.05
6650 6227 0.01
6652 1422 0.05
6653 936 0.05
6654 7778 0.2
6654 10100 0.05
6654 11043 0.01
6654 351 0.01
6654 2197 0.2
6654 6477 0.01
6654 1622 0.01
6654 4152 0.05
6654 8361 0.2
6654 5554 0.01
6655 8935 0.05
6656 4040 0.2
6657 4152 0.2
6660 4152 0.2
6660 1457 0.2
6661 4152 0.2
6662 4152 0.2
6663 11462 0.01
6663 9186 0.05
6664 8648 0.2
6664 8116 0.01
6666 6280 0.05
6666 2551 0.01
6666 9088 0.01
6666 6051 0.05
6666 1086 0.2
6667 9088 0.05
6669 8108 0.05
6669 4152 0.2
6670 9068 0.05
6671 4152 0.01
6672 4152 0.01
6672 9088 0.2
6672 2016 0.2
6672 12534 0.05
6673 224 0.05
6673 9237 0.05
6673 724 0.05
6673 2893 0.2
6673 7663 0.2
6673 4793 0.2
6673 10782 0.2
6673 1290 0.01
6673 11434 0.2
6673 2242 0.01
6673 5071 0.01
6673 438 0.05
6673 7625 0.01
6673 9531 0.05
6673 3381 0.01
6673 9677 0.2
6673 6479 0.05
6673 4152 0.01
6673 1704 0.05
6673 6719 0.2
6673 739 0.01
6673 10221 0.05
6673 5287 0.01
6673 11654 0.05
6673 8568 0.05
6673 8755 0.2
6673 11188 0.2
6673 5145 0.01
6673 1422 0.2
6673 11462 0.05
6673 7324 0.05
6673 1622 0.05
6673 518 0.05
6673 2401 0.2
6673 6093 0.01
6673 9843 0.2
6673 8381 0.05
6673 5805 0.01
6673 574 0.05
6673 9088 0.01
6673 2016 0.01
6673 1527 0.2
6673 3409 0.2
6674 2276 0.2
6674 4727 0.2
6674 1230 0.01
6674 9528 0.05
6674 9923 0.01
6675 4152 0.05
6676 4522 0.05
6677 4152 0.2
6679 4152 0.01
6680 4152 0.01
6681 2637 0.05
6681 6266 0.2
6682 11488 0.05
6682 12411 0.05
6682 4152 0.2
6683 9088 0.01
6683 2412 0.01
6685 2276 0.2
6685 10811 0.05
6685 10929 0.2
6685 9088 0.05
6685 6981 0.05
6685 4152 0.05
6689 599 0.2
6689 4152 0.05
6693 8758 0.2
6693 3181 0.01
6694 9700 0.01
6695 9620 0.01
6697 2502 0.01
6697 12549 0.01
6697 2837 0.2
6697 656 0.05
6698 6577 0.01
6699 592 0.01
6700 11318 0.05
6700 2888 0.01
6700 7647 0.05
6700 12513 0.05
6700 5101 0.05
6700 3388 0.2
6700 10495 0.2
6700 1527 0.2
6700 6173 0.01
6700 1995 0.05
6700 12545 0.05
6700 8045 0.01
6700 9088 0.2
6700 1216 0.05
6700 7838 0.2
6700 1422 0.2
6700 1622 0.01
6700 4152 0.01
6700 10863 0.05
6700 11923 0.01
6700 7691 0.2
6701 1622 0.05
6701 10037 0.05
6704 1371 0.05
6704 9843 0.01
6704 8512 0.01
6704 9700 0.01
6704 1622 0.2
6704 3140 0.05
6704 191 0.01
6705 6249 0.01
6705 9088 0.2
6705 7719 0.2
6705 4763 0.05
6705 12032 0.01
6706 4152 0.2
6706 12572 0.01
6707 10571 0.2
6707 9558 0.05
6707 8132 0.01
6707 4371 0.2
6707 11535 0.2
6707 3854 0.01
6707 7001 0.05
6707 6892 0.05
6707 3802 0.05
6707 4152 0.05
6707 7575 0.2
6707 11660 0.01
6708 4152 0.01
6709 4666 0.2
6709 320 0.05
6709 8610 0.01
6709 4130 0.05
6709 2595 0.01
6709 11552 0.2
6709 113 0.2
6709 1002 0.05
6710 4152 0.2
6711 4152 0.2
6711 9088 0.05
6711 5554 0.01
6712 4152 0.01
6714 7515 0.2
6714 5659 0.01
6714 4639 0.01
6714 2969 0.05
6716 4152 0.01
6718 1646 0.01
6719 1527 0.01
6719 9773 0.01
6719 2923 0.01
6719 871 0.2
6719 5145 0.05
6719 11540 0.01
6719 12411 0.01
6719 4152 0.05
6719 10698 0.2
6720 4152 0.05
6722 7294 0.05
6722 10147 0.01
6722 1625 0.2
6722 1757 0.01
6722 6963 0.05
6722 9088 0.2
6722 4152 0.2
6724 4152 0.05
6726 4152 0.2
6728 498 0.2
6729 4939 0.05
6730 3547 0.05
6731 8237 0.01
6731 9088 0.2
6731 9087 0.2
6732 10480 0.05
6732 3268 0.01
6732 2389 0.2
6733 3898 0.2
6734 4152 0.2
6735 5487 0.2
6736 4152 0.05
6737 4152 0.01
6739 4152 0.05
6741 9531 0.05
6744 6432 0.2
6745 1135 0.2
6748 1364 0.05
6749 4152 0.05
6749 9088 0.05
6750 3594 0.05
6750 1473 0.05
6750 11555 0.05
6750 7859 0.05
6750 202 0.01
6750 1402 0.2
6750 5958 0.2
6750 2776 0.2
6751 4184 0.2
6751 11571 0.05
6751 4408 0.2
6751 10811 0.01
6751 11629 0.01
6751 4592 0.05
6751 5145 0.05
6752 1242 0.01
6752 191 0.01
6752 545 0.2
6752 871 0.2
6752 4066 0.05
6752 7492 0.01
6752 3469 0.01
6752 10588 0.05
6752 9088 0.01
6752 6508 0.2
6752 6545 0.05
6752 3618 0.2
6752 1781 0.2
6752 1329 0.05
6752 4152 0.01
6752 10698 0.05
6752 11434 0.2
6752 2191 0.01
6753 4152 0.2
6753 3114 0.01
6754 6246 0.01
6754 10450 0.01
6754 6887 0.2
6754 9919 0.01
6754 276 0.05
6754 10495 0.01
6754 6405 0.2
6754 9020 0.2
6754 4615 0.01
6754 12545 0.05
6754 9716 0.01
6754 8984 0.05
6754 61 0.2
6754 11111 0.05
6754 11737 0.05
6754 11434 0.2
6754 3114 0.01
6754 5071 0.05
6754 10588 0.01
6754 8118 0.01
6754 9720 0.05
6754 1817 0.05
6754 65 0.2
6754 1294 0.2
6754 11986 0.01
6754 885 0.01
6754 272 0.05
6754 2954 0.01
6754 12376 0.2
6754 12377 0.2
6754 11748 0.01
6754 4042 0.01
6754 8361 0.01
6754 7265 0.05
6754 7375 0.2
6754 8650 0.01
6754 2257 0.05
6754 11127 0.01
6754 8132 0.01
6754 9912 0.2
6754 1857 0.01
6754 10811 0.01
6754 6377 0.05
6754 249 0.05
6754 12531 0.2
6754 5145 0.2
6754 1422 0.2
6754 2412 0.01
6754 1622 0.2
6754 3469 0.05
6754 10863 0.05
6754 5554 0.05
6754 8574 0.2
6754 4152 0.05
6754 9904 0.2
6754 4454 0.01
6754 7749 0.01
6754 9033 0.05
6754 10012 0.05
6754 9088 0.2
6754 2016 0.2
6754 12534 0.2
6754 1781 0.01
6754 11921 0.05
6754 12401 0.05
6754 3504 0.01
6754 11196 0.2
6754 12403 0.01
6755 2674 0.01
6755 3383 0.05
6756 1814 0.2
6756 11318 0.05
6756 6834 0.05
6756 7875 0.2
6756 9807 0.01
6756 10703 0.05
6756 11326 0.05
6756 3156 0.01
6756 12403 0.2
6756 11201 0.2
6756 12576 0.05
6756 3114 0.2
6756 3635 0.05
6756 191 0.05
6756 4914 0.2
6756 11492 0.01
6756 5889 0.01
6756 7484 0.01
6756 12233 0.01
6756 9402 0.01
6756 8556 0.05
6756 9531 0.2
6756 11695 0.01
6756 7394 0.2
6756 9337 0.05
6756 8203 0.05
6756 7265 0.05
6756 6988 0.01
6756 8366 0.2
6756 4722 0.01
6756 5288 0.05
6756 453 0.05
6756 4038 0.2
6756 8568 0.05
6756 5968 0.05
6756 3545 0.2
6756 10474 0.01
6756 6646 0.2
6756 2806 0.05
6756 8137 0.2
6756 272 0.01
6756 10037 0.05
6756 8334 0.01
6756 314 0.01
6756 7647 0.01
6756 10184 0.2
6756 1319 0.2
6756 3955 0.2
6756 9796 0.2
6756 4483 0.01
6756 5482 0.01
6756 8055 0.2
6756 10911 0.05
6756 8875 0.2
6756 9088 0.01
6756 4042 0.01
6756 8829 0.05
6756 9654 0.2
6756 4152 0.2
6756 9605 0.05
6757 4152 0.01
6758 4152 0.05
6759 4152 0.01
6759 5554 0.2
6760 3281 0.01
6760 9088 0.2
6760 10037 0.05
6760 10371 0.05
6761 6278 0.01
6761 8393 0.01
6761 7603 0.05
6761 7810 0.01
6761 7926 0.05
6761 8366 0.2
6761 8813 0.01
6761 11254 0.2
6762 234 0.01
6762 4152 0.2
6762 10963 0.2
6762 1422 0.2
6763 5768 0.01
6765 53 0.01
6765 1319 0.05
6766 4152 0.05
6767 1527 0.2
6767 4152 0.01
6767 9088 0.05
6768 5889 0.2
6773 4522 0.2
6773 5145 0.01
6774 10095 0.01
6775 9531 0.01
6776 3576 0.01
6776 12403 0.01
6777 1319 0.2
6778 12328 0.01
6779 9088 0.2
6780 9088 0.01
6781 12130 0.2
6781 282 0.2
6781 8512 0.2
6781 9821 0.01
6782 70 0.01
6782 905 0.2
6783 1949 0.05
6783 4152 0.2
6784 9472 0.01
6785 5192 0.2
6786 4152 0.01
6787 11695 0.05
6788 4152 0.2
6789 8173 0.01
6789 1757 0.01
6789 4066 0.2
6789 10811 0.2
6789 9088 0.01
6789 9795 0.05
6789 4152 0.2
6789 3114 0.05
6790 672 0.01
6791 1112 0.05
6791 1319 0.2
6791 871 0.2
6791 9088 0.01
6791 9605 0.2
6791 6128 0.2
6792 5487 0.01
6792 174 0.2
6792 6789 0.2
6792 3416 0.01
6792 448 0.01
6792 1230 0.05
6792 430 0.2
6792 9002 0.01
6792 10073 0.2
6792 7810 0.05
6792 9167 0.05
6792 2016 0.05
6792 4339 0.01
6792 2588 0.01
6792 299 0.05
6792 5135 0.05
6792 8173 0.01
6792 9020 0.2
6792 9032 0.2
6792 7324 0.01
6792 10533 0.2
6792 4089 0.01
6792 1371 0.01
6792 2276 0.01
6792 3190 0.2
6792 9650 0.2
6792 3720 0.05
6792 12534 0.2
6792 10141 0.01
6792 4152 0.05
6792 5559 0.2
6792 7369 0.05
6793 4152 0.05
6794 4152 0.2
6795 4152 0.05
6797 1622 0.05
6800 4152 0.01
6801 4152 0.05
6802 2507 0.2
6803 8935 0.01
6803 2888 0.01
6803 3518 0.01
6803 9760 0.01
6803 12545 0.05
6803 7082 0.2
6803 4701 0.2
6803 438 0.01
6803 24 0.2
6803 5078 0.2
6803 9531 0.01
6803 7536 0.01
6803 989 0.2
6803 8173 0.05
6803 739 0.05
6803 2004 0.01
6803 1468 0.2
6803 8568 0.05
6803 7324 0.2
6803 1622 0.2
6803 6334 0.05
6803 6773 0.01
6803 4152 0.01
6803 5101 0.2
6803 4827 0.2
6803 2276 0.01
6803 5482 0.2
6803 8625 0.05
6803 1527 0.01
6803 3408 0.2
6803 3410 0.05
6804 9480 0.2
6806 4152 0.01
6807 8092 0.05
6808 6984 0.05
6808 5996 0.2
6808 8996 0.05
6808 2491 0.2
6808 5130 0.01
6808 186 0.2
6808 2896 0.01
6809 4152 0.05
6810 4152 0.05
6811 5101 0.05
6811 3625 0.05
6811 234 0.2
6811 10811 0.01
6811 3469 0.2
6811 9088 0.05
6811 5145 0.05
6811 5066 0.05
6811 1622 0.01
6811 4152 0.2
6811 3114 0.2
6813 4152 0.2
6814 10811 0.01
6815 11079 0.05
6815 7875 0.01
6815 2222 0.05
6815 3114 0.2
6815 7410 0.2
6816 5329 0.2
6816 3905 0.2
6816 2523 0.05
6816 4040 0.01
6816 8283 0.01
6816 1063 0.2
6817 7572 0.2
6819 7202 0.05
6819 174 0.2
6819 9843 0.01
6819 2004 0.05
6819 234 0.05
6819 5239 0.01
6819 9088 0.2
6819 9423 0.01
6819 11921 0.01
6819 4152 0.05
6819 430 0.05
6819 1237 0.05
6819 12516 0.05
6819 7691 0.2
6822 4152 0.2
6825 9088 0.2
6826 4152 0.01
6827 8609 0.2
6827 871 0.2
6827 8568 0.2
6827 10037 0.01
6827 8876 0.05
6827 8283 0.2
6827 6996 0.05
6827 2587 0.01
6827 5795 0.05
6827 2212 0.05
6827 12088 0.01
6828 1063 0.01
6829 4522 0.2
6830 11488 0.2
6832 4152 0.2
6833 4152 0.2
6835 4955 0.2
6836 5992 0.2
6836 7178 0.2
6836 10811 0.01
6836 5554 0.05
6838 4152 0.05
6839 5482 0.2
6839 885 0.2
6840 4152 0.01
6841 9466 0.05
6841 2004 0.2
6843 7253 0.2
6845 2475 0.01
6845 3458 0.01
6845 11180 0.05
6845 7528 0.05
6845 825 0.2
6845 7445 0.05
6845 7590 0.05
6846 808 0.05
6846 7843 0.01
6846 10382 0.05
6848 4522 0.05
6849 9088 0.2
6851 5487 0.05
6851 9531 0.05
6851 1622 0.05
6851 8613 0.01
6852 211 0.2
6852 11788 0.01
6852 1319 0.2
6852 4066 0.05
6852 8568 0.2
6852 4040 0.2
6852 536 0.01
6852 2016 0.05
6852 11695 0.01
6852 8361 0.01
6852 1527 0.2
6852 2265 0.05
6852 4701 0.01
6854 6771 0.05
6854 11254 0.01
6857 4217 0.05
6857 1002 0.05
6858 12297 0.05
6859 6347 0.2
6859 10811 0.2
6859 3734 0.01
6859 5926 0.2
6859 1622 0.01
6859 4152 0.01
6859 3114 0.2
6860 5081 0.05
6861 518 0.05
6862 7324 0.05
6863 11826 0.01
6863 4419 0.2
6863 10811 0.2
6863 6330 0.05
6863 12411 0.01
6863 4152 0.2
6863 1019 0.01
6863 1783 0.05
6864 2016 0.2
6866 3046 0.05
6867 9088 0.01
6869 2431 0.01
6870 6135 0.2
6871 4152 0.05
6872 2637 0.01
6873 5137 0.01
6873 10608 0.2
6873 11737 0.2
6873 6178 0.01
6873 4350 0.05
6873 936 0.05
6873 5145 0.2
6873 10265 0.2
6873 5066 0.2
6873 10774 0.01
6873 1622 0.2
6873 4152 0.05
6873 10037 0.2
6874 4345 0.05
6874 963 0.05
6874 2896 0.2
6875 10449 0.05
6875 10782 0.01
6875 9619 0.2
6876 2562 0.01
6876 6469 0.2
6876 11049 0.01
6876 7030 0.01
6876 5637 0.2
6877 11815 0.01
6877 4152 0.01
6878 4991 0.01
6879 4152 0.01
6882 4152 0.2
6885 4152 0.01
6887 61 0.05
6887 6754 0.2
6887 5145 0.01
6888 3840 0.01
6889 3382 0.2
6891 10477 0.2
6891 5431 0.05
6892 728 0.2
6892 3854 0.01
6892 6707 0.05
6892 10677 0.05
6892 5697 0.01
6893 6108 0.2
6893 4450 0.01
6893 11991 0.05
6894 22 0.2
6895 6407 0.2
6895 1227 0.2
6895 5010 0.05
6895 7717 0.01
6895 12223 0.01
6895 7926 0.01
6895 12123 0.01
6895 8117 0.01
6895 12552 0.05
6895 10846 0.2
6895 12321 0.01
6895 4329 0.01
6895 9748 0.2
6895 2070 0.2
6895 9528 0.01
6895 7810 0.05
6895 9531 0.01
6895 9674 0.01
6895 8075 0.01
6895 6094 0.05
6895 5329 0.2
6895 12224 0.01
6895 5286 0.01
6895 4586 0.01
6895 2004 0.05
6895 8462 0.01
6895 4040 0.05
6895 1961 0.2
6895 4000 0.2
6895 8755 0.05
6895 10533 0.01
6895 4090 0.05
6895 6984 0.2
6895 4307 0.2
6895 12063 0.05
6895 5613 0.05
6895 9032 0.01
6895 1320 0.05
6895 5297 0.2
6895 6221 0.2
6895 2016 0.05
6895 12590 0.01
6895 9658 0.2
6895 11018 0.05
6895 7326 0.05
6895 4957 0.2
6897 831 0.01
6897 9075 0.2
6898 4152 0.05
6898 4701 0.05
6899 9088 0.05
6899 7647 0.2
6900 9088 0.2
6901 11462 0.05
6902 4152 0.05
6903 4152 0.2
6904 2199 0.05
6906 174 0.05
6906 91 0.01
6906 4152 0.2
6906 2016 0.05
6907 4152 0.2
6908 5019 0.05
6908 4732 0.01
6908 438 0.05
6908 3625 0.2
6908 10811 0.05
6908 9922 0.05
6908 10037 0.05
6908 9088 0.01
6908 5066 0.05
6908 1071 0.05
6908 1622 0.2
6908 4152 0.01
6908 8319 0.05
6909 4152 0.05
6910 6508 0.2
6911 3842 0.05
6914 7843 0.2
6916 6280 0.2
6917 2398 0.2
6918 4152 0.05
6918 5916 0.05
6918 3370 0.2
6919 11529 0.01
6920 4152 0.2
6920 10110 0.2
6922 11702 0.05
6923 5329 0.2
6923 3217 0.01
6923 8755 0.05
6923 9851 0.2
6923 7641 0.2
6923 3899 0.01
6923 5705 0.2
6923 9433 0.05
6923 11922 0.2
6924 4152 0.2
6926 4152 0.05
6926 7141 0.2
6929 6221 0.01
6929 1430 0.05
6929 5314 0.05
6930 4152 0.01
6931 2786 0.05
6932 2016 0.05
6932 1084 0.05
6934 12472 0.2
6936 4152 0.05
6937 1931 0.01
6939 3922 0.01
6940 6873 0.01
6940 4152 0.2
6941 4265 0.05
6942 1138 0.05
6942 11235 0.05
6944 7410 0.2
6946 4152 0.05
6947 2753 0.01
6947 890 0.2
6947 8055 0.2
6947 2086 0.05
6947 9602 0.01
6947 5713 0.01
6947 5554 0.2
6948 10651 0.05
6949 1473 0.2
6950 9088 0.2
6951 4152 0.01
6952 10811 0.2
6953 4152 0.2
6955 4152 0.05
6956 10963 0.05
6957 12552 0.01
6957 11763 0.2
6957 6094 0.05
6957 2276 0.2
6957 7414 0.2
6957 1961 0.05
6957 1230 0.2
6957 12436 0.01
6957 9078 0.05
6957 5068 0.01
6957 6961 0.2
6957 2896 0.05
6960 1686 0.05
6960 4152 0.01
6961 8935 0.05
6961 174 0.2
6961 3205 0.01
6961 9361 0.2
6961 7394 0.01
6961 9339 0.2
6961 11012 0.05
6961 7218 0.05
6961 4808 0.05
6961 1757 0.01
6961 8568 0.2
6961 4450 0.01
6961 9958 0.01
6961 2016 0.05
6961 3504 0.01
6961 5620 0.05
6961 11318 0.01
6961 4066 0.2
6961 3469 0.01
6961 3254 0.2
6961 9980 0.01
6961 9003 0.2
6961 6073 0.05
6961 436 0.05
6961 10367 0.01
6961 3618 0.2
6961 1240 0.05
6961 10168 0.01
6961 7265 0.2
6961 1468 0.05
6961 11130 0.05
6961 655 0.2
6961 7647 0.05
6961 7863 0.2
6961 11571 0.2
6961 1675 0.2
6961 5482 0.01
6961 10012 0.01
6961 6504 0.2
6961 9605 0.01
6961 6508 0.01
6961 2888 0.05
6961 871 0.01
6961 672 0.05
6961 4525 0.2
6961 2896 0.05
6961 11788 0.01
6961 113 0.05
6961 4336 0.01
6961 6128 0.2
6961 3127 0.01
6961 1707 0.2
6961 10811 0.2
6961 6093 0.2
6961 5145 0.01
6961 2923 0.05
6961 10037 0.05
6961 1319 0.01
6961 5346 0.2
6961 6143 0.01
6961 9088 0.2
6961 12401 0.01
6961 719 0.05
6961 9096 0.01
6961 8306 0.05
6961 8888 0.01
6961 8681 0.01
6961 4962 0.01
6961 10782 0.05
6961 11434 0.2
6961 553 0.05
6961 2737 0.2
6961 6754 0.2
6961 7170 0.2
6961 7171 0.2
6961 4166 0.01
6961 4152 0.01
6961 3383 0.05
6961 5071 0.2
6961 7543 0.05
6961 563 0.01
6961 5968 0.01
6961 7356 0.2
6961 10474 0.2
6961 5554 0.01
6961 749 0.01
6961 5385 0.01
6961 2981 0.01
6961 2982 0.2
6961 2172 0.05
6961 1781 0.2
6961 12577 0.01
6961 3409 0.05
6961 10698 0.01
6961 234 0.05
6962 11233 0.05
6962 8512 0.01
6962 38 0.05
6962 8170 0.05
6962 1622 0.01
6962 10606 0.2
6963 2257 0.05
6963 10147 0.2
6963 1757 0.05
6963 11319 0.01
6963 9088 0.2
6963 4152 0.05
6963 1103 0.01
6964 7808 0.2
6965 4152 0.01
6966 6990 0.2
6967 4152 0.05
6968 4152 0.05
6968 5554 0.01
6969 4154 0.2
6969 174 0.01
6969 5872 0.2
6969 2888 0.2
6969 1387 0.2
6969 4066 0.05
6969 91 0.05
6969 6003 0.05
6969 2896 0.05
6969 2345 0.01
6969 12552 0.05
6969 12321 0.2
6969 1042 0.05
6969 24 0.01
6969 9528 0.2
6969 7810 0.2
6969 9531 0.01
6969 6673 0.2
6969 9167 0.01
6969 3381 0.05
6969 1759 0.01
6969 8173 0.01
6969 1663 0.05
6969 204 0.2
6969 10570 0.05
6969 2408 0.05
6969 561 0.05
6969 8512 0.05
6969 8568 0.2
6969 4040 0.01
6969 12334 0.2
6969 1961 0.05
6969 8137 0.2
6969 7324 0.01
6969 1622 0.05
6969 8755 0.01
6969 12629 0.05
6969 1371 0.01
6969 2928 0.2
6969 5805 0.01
6969 9851 0.05
6969 9605 0.05
6969 8672 0.01
6969 7073 0.01
6970 4152 0.05
6970 9088 0.05
6971 11914 0.05
6971 8512 0.01
6971 5554 0.01
6971 2389 0.01
6971 1029 0.2
6972 4152 0.05
6972 9088 0.05
6973 5069 0.05
6974 4152 0.05
6976 11386 0.2
6976 7375 0.2
6976 10450 0.2
6976 1827 0.01
6976 5074 0.05
6976 6405 0.05
6976 12201 0.01
6976 11434 0.01
6976 10588 0.05
6976 2197 0.01
6976 9088 0.2
6976 223 0.05
6976 9082 0.2
6976 11127 0.01
6976 299 0.2
6976 4152 0.2
6976 2954 0.05
6976 431 0.05
6978 5071 0.01
6978 3063 0.01
6978 11491 0.2
6978 5482 0.2
6978 9692 0.01
6978 2172 0.05
6978 4250 0.2
6978 11182 0.01
6978 4042 0.01
6978 1884 0.2
6978 4166 0.05
6979 11789 0.01
6979 5554 0.01
6981 6685 0.01
6982 174 0.2
6982 3625 0.2
6982 5066 0.05
6982 10405 0.01
6982 3114 0.05
6982 438 0.2
6982 9480 0.05
6982 12376 0.01
6982 3729 0.05
6982 7536 0.05
6982 8361 0.01
6982 989 0.2
6982 562 0.05
6982 10811 0.2
6982 12335 0.2
6982 5145 0.2
6982 371 0.2
6982 1622 0.01
6982 7115 0.01
6982 10534 0.2
6982 3099 0.2
6982 9088 0.2
6982 527 0.05
6982 9605 0.05
6982 4152 0.01
6982 6508 0.2
6983 11348 0.01
6984 186 0.01
6984 9967 0.01
6984 11702 0.05
6984 5916 0.01
6984 304 0.2
6984 1757 0.2
6984 871 0.2
6984 10811 0.01
6984 9700 0.05
6984 4666 0.2
6984 5145 0.05
6984 6992 0.01
6984 10141 0.2
6984 5352 0.05
6984 9698 0.2
6984 5267 0.01
6984 4419 0.01
6984 7319 0.01
6984 9416 0.05
6985 2180 0.2
6986 4152 0.01
6987 8609 0.05
6989 8118 0.05
6989 5074 0.05
6989 2946 0.01
6989 2028 0.2
6989 4152 0.01
6989 5555 0.2
6990 4154 0.01
6990 8017 0.2
6990 4786 0.01
6990 1387 0.01
6990 2088 0.01
6990 3920 0.05
6990 6414 0.01
6990 392 0.05
6990 12231 0.05
6990 9782 0.05
6990 1663 0.05
6990 2408 0.05
6990 12388 0.05
6990 2815 0.01
6990 160 0.2
6990 7026 0.2
6990 92 0.01
6990 8661 0.01
6990 11713 0.2
6990 10037 0.05
6990 11360 0.05
6990 11469 0.2
6990 617 0.01
6990 8875 0.2
6990 1525 0.05
6990 107 0.2
6990 11256 0.05
6990 4152 0.01
6991 3469 0.01
6992 9886 0.2
6992 4152 0.2
6992 6016 0.01
6993 5681 0.2
6994 4152 0.05
6995 10494 0.01
6996 8015 0.05
6996 8344 0.2
6996 9807 0.05
6996 3364 0.01
6996 1128 0.01
6996 926 0.01
6996 7526 0.2
6996 9402 0.2
6996 9720 0.01
6996 8952 0.2
6996 5414 0.2
6996 2812 0.05
6996 10711 0.05
6996 7170 0.01
6996 1236 0.2
6996 8556 0.2
6996 8693 0.01
6996 10938 0.05
6996 7588 0.01
6996 10633 0.05
6996 3383 0.01
6996 4341 0.2
6996 9021 0.2
6996 2969 0.01
6996 1468 0.2
6996 3031 0.05
6996 2548 0.2
6996 2367 0.01
6996 10037 0.05
6996 6043 0.05
6996 10334 0.01
6996 5048 0.05
6996 3954 0.01
6996 8271 0.01
6996 3340 0.2
6996 4152 0.01
6996 11873 0.05
6997 4152 0.01
6998 6639 0.2
6999 4152 0.2
7000 3003 0.01
7001 6707 0.2
7003 9034 0.01
7003 8004 0.2
7004 9433 0.2
7004 2496 0.05
7004 174 0.01
7004 5964 0.2
7005 5487 0.01
7005 10495 0.01
7005 3205 0.01
7005 4021 0.2
7005 4793 0.2
7005 11887 0.01
7005 3842 0.05
7005 9531 0.2
7005 11083 0.01
7005 8361 0.05
7005 2004 0.05
7005 9174 0.01
7005 12284 0.2
7005 4040 0.05
7005 3381 0.05
7005 1422 0.05
7005 1622 0.01
7005 6044 0.01
7005 8574 0.05
7005 5435 0.01
7005 9359 0.2
7005 7414 0.2
7005 5805 0.2
7005 11309 0.05
7005 2016 0.05
7005 11526 0.01
7005 8065 0.05
7005 11326 0.2
7005 7246 0.05
7005 5272 0.05
7005 10931 0.2
7005 9984 0.2
7005 438 0.2
7005 766 0.2
7005 7838 0.01
7005 6673 0.05
7005 12513 0.01
7005 1216 0.01
7005 6479 0.05
7005 11654 0.05
7005 5287 0.05
7005 6093 0.01
7005 9793 0.01
7005 1527 0.01
7005 10588 0.01
7005 7865 0.01
7005 1869 0.2
7005 10965 0.05
7005 2888 0.2
7005 9237 0.2
7005 12545 0.01
7005 672 0.2
7005 1084 0.05
7005 6306 0.2
7005 10204 0.2
7005 4701 0.01
7005 1200 0.01
7005 11788 0.2
7005 9619 0.05
7005 4336 0.2
7005 6128 0.05
7005 6719 0.01
7005 5332 0.01
7005 2708 0.2
7005 7324 0.05
7005 4351 0.2
7005 10037 0.05
7005 11188 0.05
7005 9843 0.05
7005 1319 0.01
7005 11540 0.01
7005 5721 0.2
7005 4155 0.01
7005 324 0.05
7005 8681 0.01
7005 10782 0.2
7005 9875 0.2
7005 932 0.01
7005 9288 0.05
7005 9674 0.05
7005 11845 0.2
7005 7536 0.2
7005 9677 0.05
7005 9491 0.2
7005 2359 0.05
7005 4991 0.05
7005 11462 0.2
7005 8755 0.01
7005 1503 0.2
7005 5554 0.2
7005 8334 0.2
7005 1372 0.01
7005 11042 0.01
7005 3190 0.05
7005 574 0.2
7005 7369 0.2
7006 6060 0.01
7007 4544 0.01
7007 6466 0.01
7007 2242 0.01
7008 2819 0.2
7008 9104 0.2
7009 273 0.01
7009 871 0.05
7009 10524 0.01
7009 8568 0.01
7009 4451 0.01
7009 7451 0.05
7009 10529 0.01
7009 2482 0.01
7009 4262 0.01
7009 7421 0.05
7009 4152 0.05
7009 6508 0.01
7009 3114 0.01
7010 4152 0.2
7011 3481 0.05
7012 9828 0.01
7014 6089 0.01
7014 8908 0.01
7014 2896 0.01
7015 7582 0.01
7016 4152 0.2
7017 9946 0.2
7017 6405 0.2
7017 11434 0.01
7017 9410 0.05
7017 9088 0.01
7017 8843 0.01
7017 4152 0.01
7017 2954 0.2
7018 4152 0.2
7019 4152 0.01
7020 9387 0.2
7021 9088 0.2
7022 2888 0.01
7022 9463 0.2
7022 9288 0.05
7022 9088 0.2
7022 5066 0.01
7022 1329 0.2
7022 1622 0.2
7022 4152 0.05
7022 10204 0.01
7022 5554 0.05
7023 1121 0.01
7023 5482 0.01
7025 54 0.2
7025 3469 0.2
7025 1690 0.2
7025 9088 0.2
7025 905 0.2
7025 1084 0.01
7025 12503 0.2
7025 5505 0.2
7026 8875 0.05
7027 4152 0.01
7028 3444 0.2
7029 4152 0.05
7030 3002 0.2
7030 5586 0.01
7030 4842 0.05
7030 6876 0.2
7030 11049 0.2
7030 2562 0.2
7031 4016 0.2
7032 5487 0.05
7032 1099 0.2
7032 9528 0.05
7033 9203 0.05
7035 2729 0.05
7035 5880 0.01
7035 871 0.01
7035 4756 0.01
7036 1468 0.01
7037 11323 0.05
7038 4152 0.01
7039 4152 0.01
7040 7017 0.05
7040 8817 0.2
7040 4152 0.2
7040 9088 0.01
7042 4152 0.01
7043 4152 0.05
7044 9485 0.01
7044 9088 0.05
7044 5074 0.01
7044 1625 0.05
7046 4152 0.01
7047 1622 0.05
7049 4152 0.2
7049 9088 0.05
7051 5487 0.01
7051 4673 0.2
7051 8065 0.2
7051 4846 0.2
7051 10249 0.2
7051 3212 0.05
7051 12084 0.01
7051 7012 0.01
7051 9008 0.01
7051 9531 0.05
7051 8361 0.01
7051 8173 0.2
7051 739 0.05
7051 4040 0.01
7051 4991 0.01
7051 7324 0.2
7051 1292 0.01
7051 655 0.2
7051 1371 0.05
7051 2981 0.2
7051 1969 0.05
7051 5620 0.05
7051 7758 0.05
7052 10751 0.05
7052 9088 0.05
7053 10256 0.2
7054 1108 0.05
7055 4152 0.01
7055 8681 0.2
7062 5482 0.05
7062 8787 0.05
7063 1624 0.05
7063 10505 0.05
7064 3750 0.01
7066 11309 0.2
7068 9088 0.01
7069 2507 0.05
7070 10690 0.05
7070 10037 0.05
7070 8151 0.01
7071 6554 0.01
7072 6984 0.05
7072 5996 0.05
7072 9531 0.2
7072 2491 0.2
7072 5130 0.01
7072 186 0.2
7072 2896 0.2
7073 9003 0.2
7073 9088 0.2
7074 3547 0.05
7075 4152 0.01
7076 11529 0.05
7077 4152 0.01
7078 4152 0.2
7079 234 0.05
7080 7896 0.05
7082 1641 0.01
7082 1527 0.01
7082 8378 0.2
7082 1017 0.05
7083 4152 0.05
7085 5066 0.05
7087 4152 0.2
7088 9088 0.01
7089 4152 0.01
7090 5487 0.05
7090 11791 0.05
7090 5066 0.05
7091 2896 0.01
7092 1622 0.05
7094 7536 0.01
7094 5266 0.01
7094 11247 0.2
7094 10095 0.2
7095 9558 0.05
7095 8132 0.2
7095 6707 0.05
7096 4152 0.01
7098 4152 0.01
7099 12403 0.2
7100 9531 0.01
7102 6416 0.01
7102 9904 0.2
7102 11571 0.2
7102 6460 0.2
7102 10811 0.05
7102 4592 0.2
7102 1610 0.05
7102 1071 0.01
7102 4152 0.05
7102 11697 0.05
7102 9980 0.05
7103 3443 0.05
7104 8366 0.01
7105 5072 0.05
7105 6407 0.05
7105 3190 0.01
7105 12213 0.2
7105 5872 0.01
7105 6943 0.01
7105 7641 0.05
7105 5010 0.2
7105 12581 0.01
7105 4785 0.01
7105 9713 0.05
7105 1230 0.05
7105 5938 0.01
7105 9560 0.2
7105 11543 0.05
7105 6006 0.01
7105 5069 0.2
7105 12552 0.2
7105 8609 0.01
7105 8358 0.05
7105 10414 0.01
7105 2798 0.05
7105 2637 0.2
7105 982 0.01
7105 1297 0.01
7105 3899 0.2
7105 7810 0.05
7105 3729 0.2
7105 6221 0.2
7105 2896 0.05
7105 11462 0.01
7105 7629 0.05
7105 1407 0.05
7105 10673 0.05
7105 7686 0.01
7105 8173 0.05
7105 3052 0.05
7105 10570 0.05
7105 11763 0.05
7105 11590 0.2
7105 8512 0.2
7105 3544 0.05
7105 2936 0.2
7105 12190 0.2
7105 8088 0.05
7105 1256 0.01
7105 9926 0.01
7105 9167 0.05
7105 1622 0.2
7105 9954 0.2
7105 3340 0.01
7105 1430 0.01
7105 2551 0.01
7105 4875 0.05
7105 7843 0.2
7105 4728 0.01
7105 12635 0.05
7105 5613 0.2
7105 9032 0.2
7105 1727 0.2
7105 6929 0.01
7105 1961 0.05
7105 6876 0.2
7105 8582 0.01
7105 4731 0.2
7105 11022 0.01
7105 9605 0.05
7105 5521 0.2
7105 961 0.01
7105 2070 0.2
7105 561 0.01
7105 272 0.2
7106 4152 0.2
7107 1359 0.01
7108 1622 0.2
7112 2637 0.2
7113 9088 0.01
7113 2122 0.05
7115 10534 0.01
7116 10965 0.05
7116 8478 0.05
7116 9088 0.2
7116 4793 0.01
7116 1696 0.05
7116 4152 0.01
7117 11806 0.01
7117 8512 0.05
7119 2431 0.01
7120 2180 0.05
7120 4152 0.2
7120 2004 0.2
7121 8073 0.01
7122 4152 0.2
7123 1622 0.01
7124 9088 0.01
7125 1237 0.2
7125 7863 0.05
7125 7945 0.01
7125 5863 0.01
7125 5324 0.2
7125 8045 0.01
7125 9088 0.05
7125 9975 0.05
7125 4793 0.01
7125 10632 0.2
7125 4387 0.01
7125 11921 0.01
7126 3469 0.01
7127 9958 0.2
7127 2016 0.01
7127 6128 0.05
7127 452 0.2
7128 1475 0.2
7128 7642 0.05
7132 1468 0.2
7134 4152 0.01
7136 8132 0.05
7136 9817 0.05
7137 9088 0.2
7138 9088 0.05
7139 4152 0.2
7139 11835 0.2
7139 4070 0.2
7140 5794 0.2
7141 6926 0.2
7144 6458 0.2
7144 8780 0.05
7144 4284 0.2
7144 7379 0.05
7144 7235 0.05
7144 12025 0.2
7144 10308 0.2
7144 5745 0.05
7144 2656 0.2
7145 9531 0.2
7147 8575 0.01
7147 4991 0.05
7147 12503 0.01
7148 5014 0.01
7149 4152 0.01
7150 4152 0.05
7151 4152 0.01
7152 9304 0.01
7152 2507 0.05
7152 783 0.2
7152 10809 0.05
7152 3625 0.05
7152 9088 0.05
7152 12411 0.05
7152 12592 0.2
7152 3114 0.2
7155 2602 0.01
7155 9130 0.2
7155 8568 0.2
7155 8877 0.2
7155 2007 0.2
7155 4579 0.01
7155 11751 0.01
7155 17 0.05
7157 4152 0.01
7158 4152 0.05
7159 9088 0.01
7159 7283 0.2
7159 4701 0.2
7160 5521 0.2
7161 9531 0.05
7161 6621 0.05
7161 2888 0.01
7161 6943 0.01
7161 11434 0.05
7161 4066 0.01
7161 2728 0.01
7161 4738 0.01
7161 9237 0.2
7161 7936 0.05
7161 3254 0.05
7161 324 0.05
7161 4846 0.05
7161 4793 0.01
7161 4615 0.2
7161 6624 0.05
7161 1622 0.01
7161 2242 0.05
7161 831 0.2
7161 12376 0.05
7161 12123 0.2
7161 11241 0.05
7161 6887 0.01
7161 12084 0.05
7161 9427 0.2
7161 6963 0.2
7161 2954 0.01
7161 8031 0.01
7161 10588 0.2
7161 3640 0.01
7161 4537 0.2
7161 2896 0.2
7161 1364 0.2
7161 6479 0.2
7161 1759 0.2
7161 10421 0.2
7161 5272 0.2
7161 739 0.01
7161 10992 0.05
7161 12566 0.2
7161 7394 0.01
7161 8306 0.2
7161 2004 0.01
7161 6280 0.01
7161 7127 0.01
7161 8792 0.2
7161 2058 0.01
7161 1562 0.05
7161 1563 0.01
7161 8899 0.05
7161 8137 0.05
7161 5805 0.05
7161 10695 0.01
7161 8875 0.2
7161 4991 0.2
7161 2435 0.01
7161 5971 0.01
7161 7324 0.05
7161 3397 0.01
7161 11699 0.2
7161 8714 0.01
7161 5148 0.05
7161 2926 0.01
7161 6190 0.01
7161 8575 0.01
7161 9843 0.05
7161 353 0.2
7161 1319 0.2
7161 6873 0.05
7161 4409 0.05
7161 3164 0.2
7161 5031 0.01
7161 7910 0.01
7161 9733 0.05
7161 574 0.2
7161 7865 0.2
7161 8625 0.01
7161 2016 0.01
7161 9851 0.05
7161 6976 0.2
7161 11921 0.01
7161 4152 0.2
7161 2472 0.05
7161 8103 0.2
7161 9658 0.05
7162 2431 0.05
7162 10808 0.2
7162 3388 0.05
7162 3625 0.2
7162 3618 0.01
7162 10811 0.05
7162 1201 0.2
7162 9088 0.05
7162 5145 0.01
7162 5066 0.2
7162 11462 0.2
7162 1622 0.2
7162 4152 0.2
7162 10444 0.01
7162 3114 0.01
7163 9088 0.05
7164 2329 0.05
7165 1441 0.2
7165 174 0.01
7165 3568 0.2
7165 11679 0.2
7165 6598 0.01
7165 9471 0.01
7165 8447 0.05
7165 9720 0.05
7165 191 0.01
7165 11492 0.05
7165 3849 0.05
7165 70 0.01
7165 11695 0.2
7165 7683 0.2
7165 10982 0.2
7165 6126 0.01
7165 12235 0.05
7165 7691 0.2
7165 1468 0.01
7165 1757 0.2
7165 5842 0.2
7165 8568 0.05
7165 4040 0.05
7165 8045 0.05
7165 4991 0.01
7165 9688 0.01
7165 6003 0.2
7165 1622 0.01
7165 5554 0.2
7165 7441 0.01
7165 10776 0.05
7165 8574 0.01
7165 1158 0.01
7165 9793 0.2
7165 9359 0.2
7165 10690 0.05
7165 1319 0.01
7165 7185 0.2
7165 10237 0.2
7165 9088 0.05
7165 4152 0.05
7166 9602 0.05
7166 7324 0.01
7166 11090 0.01
7166 1255 0.2
7166 4913 0.2
7168 831 0.05
7168 9410 0.05
7168 9088 0.01
7168 12513 0.01
7168 4152 0.05
7168 1759 0.05
7168 11434 0.01
7171 6246 0.01
7171 871 0.2
7171 724 0.01
7171 8681 0.01
7171 4962 0.05
7171 2896 0.2
7171 9720 0.05
7171 191 0.2
7171 2737 0.2
7171 12084 0.2
7171 6961 0.05
7171 10695 0.2
7171 11695 0.01
7171 8361 0.2
7171 5842 0.2
7171 4341 0.05
7171 9953 0.2
7171 1707 0.2
7171 2969 0.05
7171 1857 0.05
7171 9605 0.2
7171 8568 0.2
7171 8137 0.05
7171 12576 0.01
7171 4250 0.2
7171 2673 0.05
7171 7324 0.2
7171 1622 0.01
7171 5554 0.2
7171 1319 0.2
7171 9359 0.2
7171 10690 0.2
7171 6389 0.01
7171 6051 0.2
7171 8875 0.01
7171 2172 0.05
7171 88 0.05
7171 1675 0.2
7171 12351 0.01
7171 4991 0.05
7171 4152 0.2
7172 4152 0.01
7174 10095 0.05
7175 4336 0.05
7176 5446 0.2
7176 6613 0.01
7176 9088 0.01
7176 10900 0.01
7176 12534 0.01
7176 10142 0.2
7176 4152 0.05
7176 8546 0.01
7176 9037 0.05
7177 4152 0.05
7178 6836 0.01
7182 4152 0.05
7183 249 0.2
7184 4152 0.01
7185 7165 0.01
7186 7357 0.05
7186 12435 0.2
7187 5487 0.01
7189 12552 0.2
7190 2297 0.05
7190 5795 0.01
7190 7641 0.2
7190 9531 0.01
7190 4991 0.05
7190 7626 0.01
7190 9680 0.2
7191 4152 0.01
7192 4152 0.2
7193 3526 0.01
7193 3840 0.2
7193 1527 0.05
7193 6151 0.01
7193 156 0.2
7193 1319 0.2
7193 12071 0.2
7193 12321 0.2
7193 7747 0.01
7193 7625 0.01
7193 10811 0.05
7193 11537 0.2
7193 1780 0.01
7193 5186 0.01
7193 12411 0.2
7193 4152 0.01
7193 10706 0.05
7193 10976 0.05
7193 11753 0.05
7193 8829 0.01
7194 4152 0.01
7195 5487 0.2
7196 4152 0.01
7196 9088 0.2
7196 4184 0.05
7197 11359 0.05
7198 5487 0.05
7199 4152 0.01
7199 228 0.05
7200 5304 0.2
7200 12087 0.05
7200 4152 0.01
7200 11579 0.2
7201 2507 0.2
7201 7324 0.01
7201 6416 0.01
7203 633 0.2
7205 91 0.05
7205 7875 0.01
7205 1579 0.05
7205 9812 0.01
7205 4793 0.2
7205 1727 0.2
7205 1134 0.05
7205 3526 0.05
7205 10662 0.05
7205 3842 0.05
7205 10874 0.2
7205 4435 0.01
7205 9885 0.01
7205 7592 0.2
7205 7845 0.2
7205 70 0.2
7205 9491 0.05
7205 9167 0.2
7205 7641 0.01
7205 10036 0.05
7205 7324 0.05
7205 5554 0.05
7205 1969 0.01
7205 1479 0.2
7205 3190 0.2
7205 4057 0.05
7205 11043 0.01
7206 8935 0.05
7206 1527 0.05
7206 11462 0.05
7206 7663 0.01
7206 4152 0.2
7206 11012 0.2
7206 12503 0.2
7208 4152 0.2
7209 4152 0.01
7210 4152 0.01
7210 9088 0.05
7211 91 0.01
7211 3464 0.05
7211 7691 0.05
7211 4066 0.2
7211 1138 0.01
7211 9923 0.05
7211 7324 0.05
7211 7526 0.01
7211 5732 0.2
7211 831 0.2
7211 12552 0.2
7211 8473 0.01
7211 11075 0.2
7211 438 0.01
7211 7012 0.05
7211 24 0.01
7211 78 0.2
7211 7810 0.01
7211 8170 0.01
7211 9531 0.2
7211 8854 0.01
7211 3592 0.05
7211 9677 0.05
7211 4701 0.05
7211 1759 0.2
7211 3511 0.05
7211 6449 0.01
7211 10992 0.2
7211 898 0.2
7211 1562 0.2
7211 8755 0.01
7211 7641 0.01
7211 4991 0.2
7211 5970 0.01
7211 8137 0.01
7211 9741 0.05
7211 6003 0.05
7211 1622 0.2
7211 11235 0.05
7211 3533 0.05
7211 6984 0.2
7211 5342 0.2
7211 4728 0.05
7211 466 0.2
7211 11043 0.01
7211 11922 0.01
7211 9851 0.2
7211 1975 0.05
7211 12534 0.01
7211 5395 0.01
7211 1527 0.2
7211 10095 0.05
7213 10965 0.01
7213 10120 0.2
7213 1054 0.05
7213 11789 0.01
7213 10664 0.01
7213 1468 0.2
7213 351 0.2
7213 11695 0.01
7213 4152 0.2
7213 5554 0.2
7214 4152 0.01
7216 4152 0.2
7218 1527 0.01
7218 3869 0.05
7218 3478 0.01
7218 6299 0.05
7218 10887 0.2
7218 1417 0.2
7218 9142 0.01
7218 9088 0.05
7218 5145 0.01
7218 8681 0.05
7218 515 0.05
7218 4060 0.2
7218 4152 0.01
7218 8548 0.2
7220 8161 0.2
7220 1945 0.01
7220 1579 0.05
7220 10382 0.05
7220 8682 0.01
7221 10376 0.01
7222 4152 0.05
7223 9600 0.2
7223 10811 0.2
7223 11434 0.2
7223 9088 0.2
7223 8010 0.01
7223 4152 0.01
7223 8319 0.05
7224 10427 0.01
7224 10095 0.05
7224 12513 0.05
7225 871 0.01
7226 4152 0.2
7226 10811 0.2
7227 5554 0.05
7228 5145 0.05
7229 10096 0.2
7230 4152 0.05
7231 11386 0.2
7231 11127 0.01
7231 6754 0.2
7231 10588 0.05
7231 9088 0.05
7231 4152 0.05
7231 2644 0.01
7231 11434 0.05
7231 1370 0.01
7233 4152 0.2
7233 9088 0.2
7233 6508 0.01
7234 8609 0.05
7234 9699 0.2
7234 4021 0.01
7234 4250 0.2
7234 11083 0.05
7234 7324 0.05
7234 10095 0.01
7236 10685 0.05
7236 1601 0.05
7236 4852 0.01
7236 12395 0.05
7236 3530 0.01
7236 1257 0.2
7236 9336 0.05
7236 7288 0.01
7236 5200 0.2
7237 4480 0.2
7238 8787 0.2
7239 4152 0.2
7242 4152 0.05
7243 4152 0.2
7245 4152 0.05
7247 4152 0.05
7248 2016 0.2
7248 4152 0.01
7248 9088 0.01
7248 5145 0.2
7248 3469 0.05
7249 10450 0.2
7249 1827 0.05
7249 10547 0.05
7249 6405 0.05
7249 4700 0.01
7249 6257 0.05
7249 9410 0.2
7249 5272 0.01
7249 4796 0.05
7249 11434 0.05
7249 10375 0.05
7249 11127 0.01
7249 157 0.05
7249 12149 0.05
7249 5857 0.01
7249 5555 0.2
7249 1625 0.2
7249 11002 0.01
7249 811 0.01
7249 10302 0.01
7249 10588 0.2
7249 9088 0.2
7249 8531 0.05
7249 4966 0.05
7249 4152 0.01
7250 4135 0.2
7250 4073 0.2
7250 8810 0.05
7251 6781 0.01
7251 282 0.05
7251 8512 0.05
7251 10533 0.2
7251 9821 0.2
7252 5487 0.2
7252 2473 0.2
7252 91 0.05
7252 4217 0.2
7252 6943 0.05
7252 4066 0.2
7252 2434 0.05
7252 4738 0.05
7252 9923 0.05
7252 3771 0.2
7252 645 0.2
7252 12436 0.2
7252 4793 0.2
7252 7767 0.05
7252 8445 0.05
7252 1913 0.01
7252 2242 0.05
7252 561 0.2
7252 5272 0.01
7252 12552 0.05
7252 3842 0.2
7252 12129 0.2
7252 438 0.01
7252 3217 0.05
7252 11383 0.2
7252 10318 0.01
7252 9531 0.01
7252 5069 0.05
7252 3076 0.2
7252 3381 0.05
7252 7843 0.01
7252 4340 0.01
7252 1371 0.01
7252 3025 0.01
7252 1984 0.2
7252 7541 0.05
7252 1579 0.2
7252 2813 0.05
7252 8512 0.01
7252 8755 0.05
7252 9676 0.05
7252 7641 0.05
7252 961 0.05
7252 8137 0.05
7252 7324 0.05
7252 1622 0.2
7252 3544 0.05
7252 3899 0.01
7252 4727 0.2
7252 11609 0.05
7252 2551 0.01
7252 7799 0.2
7252 5148 0.2
7252 4728 0.2
7252 6094 0.05
7252 11140 0.01
7252 1727 0.2
7252 7810 0.01
7252 9851 0.05
7252 3188 0.05
7252 6697 0.2
7252 1975 0.05
7252 10736 0.05
7252 964 0.2
7252 10175 0.2
7252 12354 0.2
7253 6843 0.01
7253 9390 0.01
7253 1155 0.05
7254 4152 0.2
7255 4522 0.01
7255 102 0.05
7256 4166 0.2
7256 2381 0.2
7257 4113 0.05
7257 91 0.2
7257 5010 0.2
7257 2434 0.05
7257 7717 0.01
7257 97 0.05
7257 8589 0.05
7257 7926 0.01
7257 2629 0.2
7257 7008 0.05
7257 12081 0.05
7257 11384 0.05
7257 12552 0.2
7257 2843 0.2
7257 12129 0.01
7257 3217 0.05
7257 2904 0.05
7257 12382 0.05
7257 689 0.01
7257 10570 0.01
7257 4345 0.2
7257 6540 0.2
7257 898 0.05
7257 8512 0.01
7257 1563 0.2
7257 4991 0.05
7257 1002 0.01
7257 7324 0.05
7257 10477 0.2
7257 8137 0.2
7257 6548 0.2
7257 2551 0.01
7257 12635 0.05
7257 9448 0.05
7257 8483 0.01
7257 11075 0.05
7257 6827 0.01
7257 5052 0.01
7257 1633 0.05
7258 11145 0.01
7259 8483 0.2
7260 3041 0.01
7260 9088 0.2
7260 12123 0.05
7260 731 0.2
7260 4962 0.05
7263 9387 0.05
7265 1757 0.2
7265 174 0.01
7265 5218 0.05
7265 4018 0.05
7265 10876 0.2
7265 11326 0.01
7265 1561 0.2
7265 3878 0.05
7265 9715 0.01
7265 7382 0.2
7265 10782 0.2
7265 1884 0.05
7265 3576 0.2
7265 3114 0.01
7265 4701 0.2
7265 3842 0.05
7265 191 0.2
7265 3481 0.01
7265 6961 0.2
7265 6754 0.05
7265 78 0.01
7265 12376 0.05
7265 8306 0.2
7265 9619 0.05
7265 1409 0.01
7265 9167 0.01
7265 8681 0.2
7265 11083 0.01
7265 4387 0.01
7265 11012 0.01
7265 766 0.01
7265 1707 0.05
7265 1857 0.2
7265 7543 0.2
7265 6756 0.05
7265 1814 0.2
7265 8568 0.05
7265 11695 0.01
7265 12577 0.2
7265 5309 0.2
7265 1422 0.01
7265 1622 0.01
7265 12401 0.05
7265 10037 0.2
7265 5554 0.2
7265 10695 0.05
7265 8574 0.01
7265 6093 0.2
7265 1319 0.05
7265 10690 0.05
7265 955 0.05
7265 5482 0.2
7265 8875 0.05
7265 5964 0.05
7265 9088 0.01
7265 9605 0.01
7265 4250 0.05
7265 11870 0.05
7265 4152 0.05
7265 6508 0.01
7265 5620 0.01
7265 9232 0.01
7266 1002 0.2
7266 9605 0.05
7269 1108 0.01
7270 12213 0.05
7271 7875 0.05
7271 3388 0.2
7271 5482 0.05
7271 9088 0.01
7271 6609 0.2
7271 10037 0.2
7272 4152 0.05
7275 6645 0.05
7275 1964 0.2
7275 3991 0.2
7275 10164 0.05
7275 2582 0.2
7276 4152 0.2
7277 4152 0.2
7278 4610 0.01
7278 6787 0.01
7278 6998 0.01
7278 1579 0.2
7278 5406 0.01
7278 4793 0.2
7278 7767 0.01
7278 5226 0.01
7278 2061 0.01
7278 9723 0.05
7278 788 0.05
7278 10318 0.2
7278 9531 0.05
7278 1997 0.01
7278 2004 0.05
7278 4040 0.2
7278 1239 0.2
7278 961 0.01
7278 4217 0.05
7278 3863 0.01
7278 1622 0.01
7278 208 0.05
7278 7030 0.05
7278 6044 0.05
7278 7799 0.05
7278 6651 0.05
7278 644 0.05
7278 6449 0.05
7278 11884 0.01
7278 1320 0.2
7278 11065 0.05
7278 2434 0.01
7278 7616 0.05
7278 3676 0.01
7278 5268 0.05
7278 5069 0.05
7278 5272 0.2
7278 9380 0.05
7278 438 0.2
7278 11554 0.01
7278 3076 0.2
7278 3485 0.2
7278 7843 0.2
7278 2256 0.2
7278 3251 0.05
7278 645 0.05
7278 1854 0.05
7278 70 0.05
7278 9217 0.05
7278 7641 0.2
7278 10382 0.05
7278 11354 0.2
7278 11136 0.05
7278 11855 0.2
7278 78 0.01
7278 4090 0.05
7278 2070 0.2
7278 2276 0.2
7278 4689 0.05
7278 6510 0.01
7278 91 0.2
7278 5872 0.05
7278 6887 0.01
7278 97 0.05
7278 674 0.2
7278 5795 0.05
7278 2896 0.05
7278 12552 0.01
7278 5319 0.01
7278 10610 0.05
7278 9821 0.05
7278 3899 0.05
7278 4340 0.05
7278 10421 0.2
7278 8920 0.05
7278 4345 0.05
7278 4760 0.01
7278 7127 0.05
7278 3544 0.01
7278 1312 0.01
7278 11806 0.05
7278 4727 0.05
7278 518 0.05
7278 9014 0.05
7278 11005 0.01
7278 4148 0.05
7278 1332 0.2
7278 1230 0.05
7278 2521 0.05
7278 12218 0.01
7278 3771 0.05
7278 1127 0.01
7278 7926 0.01
7278 8310 0.05
7278 9870 0.05
7278 6167 0.01
7278 9286 0.2
7278 11018 0.01
7278 5186 0.01
7278 7731 0.2
7278 1759 0.2
7278 10269 0.01
7278 6002 0.01
7278 7444 0.2
7278 1561 0.2
7278 11654 0.01
7278 8512 0.2
7278 3599 0.05
7278 3181 0.2
7278 4315 0.01
7278 3188 0.05
7278 8755 0.05
7278 7893 0.05
7278 2551 0.05
7278 4776 0.2
7278 3190 0.2
7278 963 0.01
7278 964 0.01
7279 5789 0.2
7280 8173 0.05
7280 10570 0.2
7280 4040 0.05
7280 9531 0.05
7280 1622 0.01
7280 4352 0.2
7281 10695 0.05
7281 1319 0.2
7282 4152 0.2
7283 5071 0.05
7283 3281 0.05
7283 6819 0.01
7283 11788 0.05
7283 191 0.01
7283 2134 0.01
7283 1468 0.2
7283 9991 0.01
7283 234 0.05
7283 11455 0.05
7283 254 0.01
7283 9088 0.2
7283 11540 0.2
7283 3075 0.2
7283 9484 0.01
7283 4152 0.01
7283 10698 0.05
7283 1704 0.05
7283 5554 0.01
7283 4701 0.2
7284 9975 0.2
7284 4152 0.01
7284 9088 0.01
7285 91 0.01
7285 12213 0.2
7285 2786 0.01
7285 2730 0.05
7285 7926 0.2
7285 7767 0.2
7285 2896 0.05
7285 831 0.05
7285 12552 0.01
7285 8609 0.01
7285 9851 0.2
7285 9723 0.2
7285 3217 0.2
7285 5554 0.2
7285 11121 0.2
7285 7843 0.2
7285 2256 0.2
7285 9972 0.05
7285 349 0.05
7285 2969 0.01
7285 3179 0.01
7285 8512 0.2
7285 11235 0.01
7285 9786 0.2
7285 7641 0.05
7285 1515 0.2
7285 7717 0.01
7285 1002 0.2
7285 10533 0.05
7285 6044 0.05
7285 1430 0.05
7285 4728 0.05
7285 2070 0.01
7285 8582 0.05
7285 4731 0.2
7285 11247 0.05
7285 11922 0.05
7285 4957 0.05
7286 4152 0.05
7287 9088 0.01
7287 5227 0.2
7289 4152 0.2
7290 6466 0.2
7290 5721 0.05
7290 936 0.2
7290 1527 0.05
7290 2839 0.2
7290 9088 0.01
7290 2016 0.05
7290 4152 0.2
7290 8319 0.05
7290 7016 0.2
7290 4701 0.2
7291 4152 0.05
7294 11259 0.05
7294 6722 0.2
7294 7721 0.2
7294 8213 0.05
7294 1757 0.2
7294 11590 0.01
7294 4419 0.2
7294 430 0.2
7294 518 0.01
7295 9851 0.2
7295 6540 0.05
7295 926 0.2
7295 10723 0.01
7295 11554 0.05
7295 8098 0.05
7296 11281 0.05
7296 3954 0.2
7298 11488 0.2
7299 6348 0.05
7299 2786 0.01
7300 5342 0.2
7300 1759 0.2
7300 3676 0.2
7300 5805 0.01
7301 3906 0.05
7302 2473 0.2
7302 91 0.01
7302 1579 0.2
7302 2786 0.01
7302 9923 0.2
7302 3254 0.01
7302 9971 0.01
7302 2730 0.2
7302 8920 0.01
7302 7767 0.2
7302 8445 0.2
7302 6665 0.01
7302 2896 0.05
7302 12552 0.05
7302 10931 0.05
7302 3842 0.01
7302 11075 0.05
7302 3217 0.05
7302 3434 0.05
7302 8170 0.2
7302 9531 0.01
7302 9247 0.2
7302 676 0.2
7302 1189 0.05
7302 9433 0.01
7302 8361 0.01
7302 7843 0.01
7302 689 0.05
7302 5233 0.01
7302 6044 0.05
7302 4586 0.01
7302 8512 0.01
7302 5795 0.01
7302 7641 0.2
7302 9720 0.05
7302 4991 0.05
7302 1622 0.01
7302 11235 0.05
7302 4502 0.05
7302 8334 0.05
7302 6984 0.05
7302 6093 0.01
7302 1430 0.01
7302 1319 0.2
7302 267 0.2
7302 8758 0.01
7302 4731 0.05
7302 4450 0.05
7302 6684 0.2
7302 4152 0.2
7302 1332 0.2
7302 10095 0.05
7302 11254 0.01
7303 8227 0.05
7303 9003 0.05
7303 5066 0.05
7303 8168 0.05
7303 3832 0.01
7303 9088 0.01
7303 10141 0.01
7303 4152 0.05
7303 10037 0.2
7303 3408 0.05
7304 8512 0.05
7304 9748 0.01
7306 4152 0.01
7307 4584 0.2
7308 2310 0.2
7308 9088 0.01
7308 3438 0.2
7309 3254 0.01
7310 5487 0.2
7310 3584 0.05
7310 808 0.2
7310 4235 0.01
7310 10382 0.05
7310 460 0.01
7312 9366 0.2
7312 1319 0.2
7312 1468 0.2
7312 11130 0.2
7312 8568 0.05
7312 11398 0.05
7312 11948 0.05
7313 9088 0.05
7314 4152 0.05
7315 4738 0.05
7315 1527 0.01
7315 4715 0.01
7316 8609 0.01
7317 2297 0.01
7320 4152 0.05
7321 8574 0.01
7323 9708 0.2
7323 3842 0.2
7323 4152 0.01
7323 2930 0.01
7324 174 0.01
7324 5218 0.05
7324 6792 0.2
7324 1386 0.05
7324 11880 0.01
7324 7603 0.05
7324 7500 0.05
7324 9003 0.05
7324 7252 0.2
7324 11377 0.01
7324 3840 0.05
7324 5409 0.01
7324 9720 0.2
7324 191 0.2
7324 11492 0.2
7324 192 0.05
7324 10037 0.2
7324 2398 0.01
7324 7394 0.2
7324 9339 0.01
7324 8361 0.05
7324 11897 0.2
7324 7779 0.2
7324 1072 0.05
7324 992 0.05
7324 12326 0.2
7324 211 0.2
7324 8568 0.01
7324 3381 0.2
7324 10723 0.2
7324 10039 0.05
7324 1422 0.2
7324 4619 0.2
7324 1622 0.01
7324 4255 0.01
7324 12294 0.2
7324 10334 0.05
7324 8973 0.05
7324 5435 0.05
7324 6235 0.2
7324 5805 0.01
7324 9360 0.05
7324 420 0.05
7324 5467 0.05
7324 6054 0.2
7324 10141 0.01
7324 10540 0.01
7324 6246 0.2
7324 1224 0.01
7324 7691 0.01
7324 10149 0.2
7324 11980 0.01
7324 1831 0.05
7324 5143 0.2
7324 9564 0.2
7324 821 0.01
7324 6461 0.2
7324 8399 0.2
7324 9975 0.01
7324 7435 0.2
7324 5822 0.01
7324 6073 0.01
7324 10367 0.2
7324 4073 0.01
7324 2637 0.05
7324 7201 0.05
7324 4487 0.01
7324 8613 0.05
7324 6673 0.01
7324 11749 0.2
7324 7543 0.2
7324 4042 0.01
7324 4290 0.05
7324 4080 0.01
7324 6278 0.01
7324 452 0.2
7324 1468 0.2
7324 5842 0.05
7324 11130 0.2
7324 5019 0.05
7324 3842 0.2
7324 1475 0.01
7324 6093 0.01
7324 6094 0.2
7324 1265 0.2
7324 10587 0.01
7324 9602 0.01
7324 7865 0.01
7324 1255 0.2
7324 88 0.05
7324 9605 0.01
7324 2470 0.05
7324 3408 0.01
7324 2283 0.05
7324 10716 0.01
7324 7875 0.01
7324 9235 0.05
7324 276 0.2
7324 9807 0.05
7324 871 0.01
7324 8451 0.01
7324 672 0.01
7324 1084 0.01
7324 10404 0.05
7324 4525 0.2
7324 4156 0.05
7324 10204 0.05
7324 2896 0.01
7324 10409 0.01
7324 3079 0.01
7324 10177 0.05
7324 3925 0.01
7324 884 0.01
7324 6432 0.01
7324 10613 0.01
7324 5687 0.05
7324 10028 0.05
7324 9247 0.01
7324 3324 0.05
7324 7806 0.05
7324 6128 0.2
7324 1904 0.01
7324 2877 0.2
7324 2916 0.2
7324 1643 0.01
7324 1108 0.01
7324 5145 0.2
7324 4134 0.2
7324 7898 0.05
7324 2318 0.05
7324 12581 0.2
7324 5728 0.2
7324 695 0.05
7324 2114 0.2
7324 2507 0.05
7324 5709 0.05
7324 4728 0.05
7324 1319 0.05
7324 9846 0.2
7324 10441 0.2
7324 2882 0.05
7324 9647 0.01
7324 1704 0.2
7324 11815 0.05
7324 9088 0.05
7324 8894 0.05
7324 3353 0.01
7324 1329 0.2
7324 4152 0.2
7324 2334 0.01
7324 9408 0.2
7324 12398 0.2
7324 9092 0.01
7324 3568 0.01
7324 2712 0.05
7324 643 0.2
7324 9097 0.2
7324 12403 0.05
7324 4962 0.05
7324 7161 0.01
7324 5732 0.01
7324 7166 0.05
7324 3585 0.05
7324 10073 0.2
7324 224 0.01
7324 9673 0.2
7324 7171 0.2
7324 12421 0.01
7324 10265 0.01
7324 11226 0.05
7324 9677 0.01
7324 4387 0.2
7324 1419 0.2
7324 5071 0.05
7324 3990 0.2
7324 1449 0.05
7324 7868 0.2
7324 9893 0.2
7324 3388 0.01
7324 5964 0.01
7324 563 0.01
7324 1279 0.2
7324 4991 0.2
7324 3395 0.2
7324 11239 0.2
7324 11794 0.01
7324 8520 0.01
7324 1371 0.2
7324 7550 0.05
7324 9693 0.01
7324 10664 0.2
7324 10690 0.01
7324 11090 0.05
7324 574 0.2
7324 9700 0.01
7324 4413 0.05
7324 10868 0.2
7324 4012 0.01
7324 12447 0.01
7324 3409 0.2
7324 7966 0.01
7328 9535 0.2
7328 10095 0.05
7328 4421 0.05
7329 3618 0.2
7329 1237 0.05
7329 5239 0.01
7330 5487 0.2
7330 5115 0.05
7330 2888 0.2
7330 10495 0.2
7330 4066 0.05
7330 4615 0.01
7330 7382 0.01
7330 12123 0.2
7330 11434 0.01
7330 4701 0.2
7330 11788 0.05
7330 9531 0.05
7330 6673 0.2
7330 11288 0.2
7330 8173 0.01
7330 739 0.2
7330 10811 0.01
7330 12576 0.01
7330 8875 0.05
7330 1422 0.2
7330 5554 0.01
7330 518 0.01
7330 1371 0.2
7330 12345 0.2
7330 137 0.2
7330 1972 0.2
7330 8625 0.05
7330 11921 0.05
7330 4152 0.01
7330 8103 0.01
7331 9088 0.2
7333 4152 0.2
7334 4152 0.05
7334 3338 0.01
7335 4152 0.2
7336 9088 0.01
7338 4231 0.01
7339 9088 0.01
7340 4166 0.01
7340 3901 0.01
7341 7810 0.2
7341 2896 0.2
7342 5964 0.05
7342 9410 0.05
7342 2016 0.2
7342 10141 0.05
7342 12581 0.2
7342 12123 0.05
7342 11434 0.2
7342 2896 0.01
7343 1526 0.05
7344 4152 0.01
7345 10037 0.2
7346 4522 0.05
7347 8935 0.01
7347 10196 0.01
7347 5357 0.2
7347 3469 0.05
7347 7603 0.01
7347 2839 0.05
7347 2992 0.05
7347 11241 0.01
7347 6961 0.2
7347 2004 0.01
7347 7936 0.05
7347 7810 0.2
7347 11695 0.2
7347 796 0.2
7347 6673 0.01
7347 343 0.2
7347 3764 0.01
7347 4080 0.2
7347 10220 0.2
7347 12049 0.05
7347 10811 0.01
7347 4419 0.05
7347 4040 0.01
7347 11239 0.05
7347 12581 0.2
7347 1371 0.01
7347 4152 0.01
7347 3190 0.01
7347 10250 0.05
7347 12489 0.01
7347 9142 0.05
7347 11923 0.05
7347 12594 0.05
7348 4152 0.05
7351 4152 0.05
7352 4152 0.05
7353 7376 0.05
7353 11279 0.2
7354 4152 0.2
7355 3932 0.05
7356 91 0.01
7356 7875 0.2
7356 9096 0.2
7356 11629 0.01
7356 3722 0.05
7356 5272 0.01
7356 12552 0.2
7356 7211 0.2
7356 6961 0.2
7356 8451 0.2
7356 3899 0.2
7356 7810 0.05
7356 4487 0.05
7356 6673 0.05
7356 11695 0.2
7356 343 0.05
7356 9020 0.01
7356 6318 0.01
7356 8512 0.01
7356 10860 0.05
7356 9339 0.05
7356 851 0.2
7356 1622 0.05
7356 8764 0.05
7356 5916 0.01
7356 7863 0.01
7356 1319 0.2
7356 9088 0.2
7356 10141 0.05
7356 4152 0.2
7356 8672 0.2
7356 3824 0.2
7357 7186 0.05
7358 12621 0.2
7358 12411 0.05
7358 4152 0.05
7358 3172 0.05
7359 3625 0.2
7360 4152 0.2
7362 8606 0.2
7363 11014 0.01
7363 2551 0.01
7363 9020 0.01
7363 9094 0.05
7363 1468 0.2
7363 1488 0.01
7363 766 0.05
7363 3050 0.2
7363 8512 0.01
7363 11629 0.01
7363 3899 0.2
7363 6504 0.01
7363 9605 0.01
7363 4525 0.01
7363 7324 0.2
7363 7893 0.01
7363 8672 0.2
7363 2896 0.05
7363 3057 0.01
7364 4152 0.05
7366 10367 0.05
7367 2416 0.2
7368 4152 0.05
7369 11151 0.2
7369 749 0.05
7369 7657 0.01
7369 4914 0.2
7369 6140 0.2
7369 5357 0.01
7369 24 0.01
7369 9671 0.2
7369 3469 0.01
7369 10635 0.01
7369 8829 0.05
7369 10371 0.01
7369 10204 0.2
7369 11434 0.2
7369 4354 0.05
7370 4152 0.2
7371 4487 0.2
7371 6565 0.05
7371 191 0.2
7371 7898 0.01
7372 4152 0.2
7374 5011 0.01
7375 2000 0.2
7375 24 0.2
7375 9984 0.05
7375 8628 0.05
7375 752 0.01
7375 6405 0.2
7375 6754 0.2
7375 9088 0.01
7375 10782 0.05
7375 4152 0.05
7375 11434 0.2
7376 2992 0.2
7376 5010 0.01
7376 1579 0.05
7376 3633 0.01
7376 8736 0.05
7376 9720 0.05
7376 11075 0.01
7376 3217 0.2
7376 7810 0.01
7376 8170 0.2
7376 9531 0.05
7376 7394 0.01
7376 795 0.2
7376 8748 0.05
7376 1413 0.05
7376 10522 0.01
7376 38 0.2
7376 1002 0.01
7376 5722 0.2
7376 1622 0.05
7376 10533 0.2
7376 6044 0.01
7376 1430 0.01
7376 11519 0.2
7376 8977 0.2
7376 1021 0.05
7376 12297 0.05
7376 2016 0.01
7376 10913 0.2
7376 8982 0.05
7376 9753 0.2
7376 11528 0.2
7376 4463 0.05
7376 11922 0.2
7376 9560 0.2
7376 7815 0.2
7376 6249 0.05
7376 2434 0.05
7376 8598 0.05
7376 9971 0.2
7376 1230 0.2
7376 6665 0.01
7376 8596 0.2
7376 8609 0.01
7376 9851 0.05
7376 12321 0.2
7376 7256 0.2
7376 235 0.2
7376 1633 0.2
7376 11122 0.01
7376 2256 0.01
7376 7264 0.2
7376 4473 0.01
7376 3890 0.2
7376 5286 0.2
7376 10175 0.01
7376 9786 0.01
7376 9535 0.2
7376 655 0.01
7376 4090 0.01
7376 11763 0.01
7376 2062 0.05
7376 6094 0.01
7376 9032 0.01
7376 11962 0.05
7376 9602 0.2
7376 11247 0.2
7376 6509 0.05
7376 5487 0.05
7376 91 0.2
7376 3296 0.2
7376 10200 0.05
7376 3109 0.2
7376 10023 0.05
7376 1697 0.05
7376 2896 0.05
7376 11384 0.2
7376 12552 0.05
7376 2297 0.2
7376 4916 0.01
7376 4329 0.2
7376 7116 0.05
7376 9433 0.05
7376 4340 0.05
7376 1901 0.2
7376 12566 0.01
7376 4345 0.05
7376 4927 0.05
7376 9167 0.2
7376 1515 0.05
7376 7131 0.2
7376 4939 0.05
7376 4727 0.2
7376 519 0.05
7376 2928 0.05
7376 9843 0.01
7376 9453 0.01
7376 9850 0.01
7376 4148 0.05
7376 10237 0.2
7376 5349 0.01
7376 12590 0.01
7376 4152 0.05
7376 1332 0.05
7376 8672 0.05
7376 3152 0.2
7376 12213 0.2
7376 12223 0.05
7376 926 0.2
7376 10659 0.2
7376 6749 0.01
7376 2533 0.2
7376 2345 0.2
7376 10012 0.2
7376 1135 0.05
7376 1350 0.05
7376 10673 0.2
7376 7353 0.2
7376 11233 0.05
7376 6375 0.05
7376 8512 0.01
7376 11855 0.2
7376 1961 0.01
7376 4991 0.2
7376 10474 0.2
7376 8920 0.05
7376 6984 0.2
7376 6370 0.05
7376 12635 0.2
7376 11251 0.01
7376 963 0.05
7376 10095 0.05
7376 10096 0.05
7377 10446 0.01
7378 438 0.2
7378 1829 0.2
7378 234 0.01
7378 11772 0.2
7378 3702 0.2
7379 7235 0.05
7382 1383 0.05
7382 8894 0.05
7382 5071 0.05
7382 2442 0.01
7382 10037 0.05
7382 11695 0.2
7382 9339 0.05
7382 1759 0.05
7382 2357 0.05
7382 5964 0.01
7382 6590 0.05
7382 3393 0.2
7382 8045 0.05
7382 4770 0.05
7382 78 0.01
7382 11609 0.2
7382 8574 0.05
7382 4152 0.05
7382 9843 0.2
7382 1675 0.2
7382 9088 0.05
7382 1527 0.01
7384 9068 0.2
7385 2637 0.01
7387 9088 0.01
7388 9088 0.2
7389 4152 0.01
7390 9528 0.05
7392 4152 0.2
7393 5938 0.2
7393 9605 0.01
7394 8650 0.01
7394 5038 0.01
7394 7376 0.05
7394 8993 0.01
7394 10200 0.01
7394 7603 0.01
7394 4661 0.2
7394 12403 0.05
7394 9926 0.2
7394 4166 0.05
7394 9392 0.2
7394 6356 0.2
7394 10612 0.01
7394 12376 0.01
7394 6756 0.05
7394 5894 0.01
7394 7810 0.01
7394 113 0.2
7394 4177 0.05
7394 2534 0.2
7394 11695 0.2
7394 1878 0.01
7394 5133 0.05
7394 4341 0.2
7394 4808 0.2
7394 8226 0.01
7394 4125 0.05
7394 11705 0.05
7394 11853 0.05
7394 649 0.2
7394 1971 0.01
7394 306 0.2
7394 8810 0.2
7394 7324 0.2
7394 10310 0.05
7394 2367 0.05
7394 10037 0.2
7394 3900 0.2
7394 6043 0.01
7394 11015 0.01
7394 2637 0.2
7394 5048 0.2
7394 7365 0.01
7394 10689 0.05
7394 3383 0.01
7394 10723 0.01
7394 8875 0.01
7394 11815 0.05
7394 10824 0.2
7394 6969 0.01
7394 3454 0.01
7394 1526 0.05
7394 4152 0.01
7394 4061 0.05
7396 4152 0.2
7397 2896 0.01
7400 1422 0.05
7401 5074 0.2
7402 3397 0.05
7403 2180 0.05
7403 5063 0.2
7404 9975 0.05
7404 4152 0.01
7404 9088 0.05
7406 12015 0.05
7406 10314 0.05
7406 7625 0.05
7406 11326 0.05
7406 4700 0.01
7406 1230 0.05
7406 11736 0.01
7406 1913 0.2
7406 7012 0.01
7406 885 0.05
7406 9007 0.01
7406 9531 0.2
7406 9167 0.05
7406 11122 0.05
7406 4672 0.05
7406 4343 0.2
7406 2468 0.05
7406 70 0.2
7406 7073 0.2
7406 9786 0.01
7406 4250 0.05
7406 1622 0.01
7406 8848 0.01
7406 78 0.2
7406 1371 0.05
7406 8623 0.2
7406 7957 0.01
7406 6093 0.05
7406 9843 0.2
7406 367 0.05
7406 12534 0.2
7406 4991 0.2
7407 5071 0.01
7407 8574 0.01
7407 11130 0.2
7407 9643 0.2
7407 191 0.01
7407 2888 0.2
7407 2004 0.2
7407 5482 0.05
7407 24 0.05
7407 8167 0.05
7407 6508 0.2
7407 78 0.2
7407 9088 0.2
7407 2016 0.01
7407 3596 0.2
7407 116 0.05
7407 9975 0.2
7407 7347 0.01
7407 9495 0.01
7407 1319 0.01
7407 6128 0.05
7408 9088 0.05
7408 5482 0.2
7408 2130 0.2
7409 5487 0.2
7409 8361 0.01
7409 430 0.2
7409 10771 0.01
7409 905 0.01
7410 3526 0.2
7410 5043 0.05
7410 7875 0.05
7410 2124 0.05
7410 452 0.05
7410 10811 0.2
7410 4433 0.01
7410 11815 0.01
7410 672 0.01
7410 4193 0.05
7410 6815 0.01
7410 2896 0.05
7410 874 0.05
7410 10782 0.01
7410 9088 0.2
7410 3114 0.05
7410 12403 0.05
7411 1468 0.05
7411 6460 0.2
7411 766 0.2
7411 11240 0.05
7411 8681 0.05
7411 2470 0.2
7412 4154 0.05
7412 8017 0.01
7412 4786 0.05
7412 1387 0.2
7412 2088 0.2
7412 3920 0.01
7412 6414 0.05
7412 392 0.05
7412 12465 0.01
7412 1525 0.2
7412 12231 0.2
7412 9782 0.2
7412 2408 0.2
7412 4589 0.01
7412 12388 0.2
7412 2815 0.2
7412 160 0.01
7412 7026 0.05
7412 92 0.05
7412 8661 0.05
7412 11713 0.05
7412 10037 0.01
7412 11360 0.01
7412 11469 0.2
7412 8875 0.2
7412 6990 0.2
7412 107 0.05
7412 11256 0.05
7412 4152 0.01
7413 7526 0.05
7414 11083 0.2
7415 4152 0.01
7416 11284 0.05
7417 4152 0.01
7418 8575 0.2
7418 1957 0.01
7418 1527 0.05
7418 5863 0.05
7418 1610 0.2
7418 12577 0.2
7418 903 0.01
7418 12149 0.2
7418 4152 0.2
7418 4701 0.01
7419 4522 0.2
7420 9484 0.2
7421 2834 0.05
7421 871 0.2
7421 4066 0.2
7421 10782 0.05
7421 3114 0.05
7421 3842 0.05
7421 12461 0.05
7421 9720 0.05
7421 9483 0.05
7421 7780 0.05
7421 7494 0.05
7421 10220 0.2
7421 1757 0.01
7421 10524 0.05
7421 3445 0.01
7421 7451 0.05
7421 4193 0.05
7421 10529 0.05
7421 12477 0.2
7421 4451 0.2
7421 4152 0.05
7421 7802 0.2
7421 8479 0.2
7421 9088 0.01
7421 7811 0.2
7421 1575 0.05
7421 5721 0.01
7422 4152 0.05
7423 4152 0.2
7424 8401 0.05
7426 5071 0.2
7426 4152 0.05
7426 9088 0.01
7426 897 0.05
7426 6341 0.05
7428 1757 0.2
7429 4152 0.01
7431 4152 0.01
7432 24 0.2
7432 12411 0.01
7432 4152 0.2
7432 2004 0.05
7434 5798 0.2
7434 9088 0.01
7434 10931 0.05
7435 8397 0.05
7435 8935 0.2
7435 6407 0.01
7435 174 0.05
7435 10495 0.01
7435 4615 0.05
7435 5701 0.01
7435 5406 0.05
7435 4793 0.2
7435 11884 0.05
7435 1993 0.05
7435 24 0.01
7435 9528 0.01
7435 7810 0.2
7435 4435 0.01
7435 11081 0.01
7435 9167 0.01
7435 7017 0.05
7435 2813 0.2
7435 12284 0.05
7435 8568 0.05
7435 5795 0.05
7435 11511 0.01
7435 1622 0.05
7435 11326 0.2
7435 7843 0.05
7435 8976 0.01
7435 7802 0.2
7435 7414 0.01
7435 5805 0.2
7435 3663 0.05
7435 7813 0.2
7435 1024 0.2
7435 1227 0.05
7435 4066 0.01
7435 2434 0.01
7435 6051 0.05
7435 9971 0.05
7435 11540 0.05
7435 3676 0.2
7435 4846 0.05
7435 12123 0.05
7435 2242 0.05
7435 831 0.01
7435 8609 0.01
7435 438 0.05
7435 12321 0.05
7435 234 0.2
7435 2248 0.2
7435 7838 0.2
7435 8031 0.05
7435 6673 0.05
7435 11384 0.01
7435 4040 0.05
7435 241 0.2
7435 8041 0.05
7435 1854 0.2
7435 2850 0.05
7435 70 0.05
7435 8512 0.01
7435 249 0.2
7435 2444 0.2
7435 11136 0.05
7435 4302 0.01
7435 8048 0.01
7435 5721 0.01
7435 8426 0.2
7435 8822 0.05
7435 3712 0.05
7435 10012 0.05
7435 7865 0.2
7435 9605 0.01
7435 743 0.2
7435 4957 0.2
7435 5487 0.2
7435 5872 0.05
7435 9237 0.05
7435 9812 0.2
7435 2896 0.2
7435 4701 0.05
7435 12552 0.05
7435 2297 0.05
7435 7309 0.2
7435 78 0.01
7435 3734 0.2
7435 9531 0.05
7435 293 0.05
7435 7686 0.01
7435 689 0.01
7435 4738 0.2
7435 12224 0.05
7435 7691 0.2
7435 4129 0.2
7435 4345 0.01
7435 898 0.01
7435 12576 0.05
7435 1515 0.01
7435 515 0.01
7435 11881 0.01
7435 7324 0.2
7435 1913 0.2
7435 1314 0.2
7435 6446 0.2
7435 124 0.05
7435 518 0.05
7435 2928 0.01
7435 11772 0.05
7435 9851 0.01
7435 4731 0.05
7435 12590 0.01
7435 9427 0.05
7435 1527 0.05
7435 11822 0.2
7435 8672 0.05
7435 1230 0.2
7435 12213 0.2
7435 11825 0.01
7435 2728 0.05
7435 9466 0.2
7435 6572 0.05
7435 5938 0.2
7435 926 0.2
7435 2954 0.05
7435 2955 0.2
7435 6961 0.2
7435 9288 0.01
7435 11434 0.05
7435 3899 0.01
7435 5069 0.2
7435 9885 0.05
7435 7536 0.2
7435 12238 0.05
7435 2751 0.2
7435 5544 0.05
7435 349 0.01
7435 2969 0.2
7435 11232 0.2
7435 9491 0.01
7435 5072 0.05
7435 5550 0.05
7435 6976 0.05
7435 12436 0.2
7435 8755 0.05
7435 8920 0.01
7435 6984 0.01
7435 5559 0.05
7435 11665 0.01
7435 10695 0.01
7435 1975 0.2
7436 1622 0.05
7437 1158 0.01
7438 4672 0.01
7438 2544 0.01
7438 5885 0.05
7438 10609 0.05
7438 9215 0.2
7438 6631 0.2
7438 2896 0.01
7439 1622 0.2
7439 2248 0.01
7440 3547 0.01
7441 441 0.05
7441 9531 0.2
7441 7165 0.01
7441 5211 0.05
7443 1783 0.05
7444 4630 0.2
7444 12403 0.2
7444 3780 0.05
7445 6845 0.2
7446 1757 0.01
7447 3547 0.05
7448 4152 0.2
7448 9088 0.05
7448 9715 0.2
7449 4152 0.2
7450 11488 0.01
7451 7494 0.2
7451 273 0.05
7451 10524 0.05
7451 5850 0.2
7451 7421 0.01
7451 4206 0.05
7451 1757 0.2
7451 1730 0.01
7451 4797 0.01
7451 1949 0.2
7451 9088 0.05
7451 10529 0.2
7451 7811 0.01
7451 10782 0.2
7451 7780 0.2
7451 12411 0.2
7451 3114 0.05
7451 7009 0.05
7452 4152 0.05
7453 4152 0.2
7454 3469 0.01
7455 4584 0.05
7456 191 0.01
7456 11492 0.05
7456 5482 0.05
7456 4334 0.01
7456 9088 0.05
7456 10518 0.2
7456 1622 0.05
7456 11070 0.2
7456 5554 0.2
7456 12596 0.2
7457 9531 0.05
7457 8512 0.01
7458 2637 0.05
7459 5726 0.01
7460 4152 0.05
7462 4912 0.01
7463 11967 0.01
7464 7324 0.2
7465 5313 0.2
7465 8831 0.01
7465 4927 0.05
7465 4152 0.01
7465 10869 0.01
7466 808 0.01
7466 1759 0.05
7466 10095 0.01
7466 5554 0.01
7468 8173 0.2
7468 1319 0.01
7468 4018 0.01
7468 885 0.05
7468 11434 0.01
7468 9088 0.01
7468 10474 0.2
7468 2954 0.05
7468 518 0.05
7471 5487 0.01
7471 11259 0.05
7471 8941 0.2
7471 9466 0.05
7471 5297 0.2
7471 8163 0.01
7471 7810 0.05
7471 9167 0.05
7471 7588 0.2
7471 795 0.01
7471 5795 0.05
7471 7641 0.05
7471 8088 0.2
7471 10533 0.2
7471 4090 0.2
7471 672 0.05
7471 10736 0.05
7471 5003 0.01
7471 9851 0.2
7471 5764 0.05
7471 9753 0.2
7471 11254 0.01
7472 6180 0.01
7473 4152 0.2
7474 174 0.2
7474 1465 0.01
7474 8498 0.2
7474 5239 0.01
7474 12158 0.05
7474 672 0.2
7475 4152 0.2
7476 2507 0.01
7476 4152 0.05
7478 4152 0.2
7479 4152 0.05
7480 234 0.05
7481 3067 0.2
7481 1319 0.01
7482 12525 0.05
7483 2896 0.01
7484 1468 0.2
7484 9339 0.01
7484 6756 0.05
7484 4250 0.01
7484 1319 0.2
7485 4152 0.05
7486 10037 0.01
7487 4152 0.2
7489 2515 0.05
7489 1622 0.2
7490 9531 0.05
7491 11488 0.2
7492 4152 0.01
7492 9088 0.01
7493 5038 0.2
7494 2834 0.2
7494 871 0.05
7494 4066 0.05
7494 4793 0.2
7494 10782 0.01
7494 3114 0.01
7494 2846 0.01
7494 11113 0.2
7494 8118 0.01
7494 5850 0.01
7494 12461 0.01
7494 2442 0.01
7494 10367 0.05
7494 4451 0.2
7494 1352 0.2
7494 4537 0.01
7494 12607 0.05
7494 9483 0.01
7494 1949 0.05
7494 1507 0.01
7494 10149 0.01
7494 1099 0.2
7494 12513 0.05
7494 10220 0.2
7494 1757 0.2
7494 10524 0.2
7494 4797 0.01
7494 7451 0.05
7494 4193 0.2
7494 10529 0.05
7494 7780 0.05
7494 1575 0.05
7494 905 0.05
7494 9693 0.05
7494 7802 0.2
7494 8297 0.2
7494 9700 0.05
7494 9088 0.05
7494 7811 0.05
7494 7421 0.2
7494 4152 0.01
7494 8104 0.01
7495 4152 0.05
7496 4152 0.2
7496 9088 0.05
7496 10811 0.05
7497 2257 0.05
7498 4313 0.01
7499 4152 0.01
7500 5872 0.2
7500 10609 0.01
7500 2969 0.2
7500 8512 0.2
7500 7324 0.2
7500 1622 0.2
7500 12123 0.05
7500 2896 0.01
7500 4957 0.01
7501 24 0.05
7501 4152 0.05
7501 9088 0.01
7501 7625 0.2
7502 4152 0.01
7503 1622 0.2
7504 9088 0.05
7504 191 0.01
7506 4152 0.01
7507 4152 0.01
7508 9088 0.2
7509 4152 0.2
7511 3568 0.2
7511 5659 0.2
7511 3165 0.01
7511 4991 0.2
7511 4085 0.2
7511 10037 0.01
7511 191 0.05
7513 4152 0.2
7513 9088 0.05
7513 4003 0.2
7513 12534 0.05
7514 86 0.01
7514 12026 0.2
7514 9452 0.05
7514 10321 0.05
7515 6714 0.01
7516 5446 0.05
7516 5992 0.05
7516 11488 0.2
7516 1360 0.01
7516 871 0.01
7516 885 0.01
7517 12593 0.01
7518 3221 0.05
7519 12328 0.2
7520 6772 0.2
7520 3107 0.01
7521 4152 0.01
7522 9031 0.01
7524 4152 0.05
7525 5366 0.05
7526 8334 0.01
7526 7852 0.01
7526 54 0.01
7526 4484 0.01
7526 7413 0.05
7526 11552 0.01
7526 9025 0.2
7526 4152 0.01
7526 2896 0.05
7527 2933 0.01
7527 6006 0.01
7527 4040 0.01
7528 6845 0.2
7529 10287 0.05
7530 4152 0.05
7531 11679 0.05
7532 8537 0.05
7533 4152 0.05
7533 12534 0.01
7534 871 0.2
7535 11318 0.2
7535 6137 0.01
7535 9276 0.05
7535 8568 0.2
7535 9698 0.2
7535 11695 0.05
7535 2695 0.05
7535 10782 0.01
7535 4152 0.2
7535 5554 0.01
7536 174 0.05
7536 9671 0.05
7536 11679 0.01
7536 9975 0.2
7536 11434 0.2
7536 5071 0.05
7536 438 0.01
7536 10884 0.05
7536 9777 0.05
7536 9088 0.2
7536 1099 0.05
7536 5600 0.2
7536 11130 0.01
7536 5145 0.2
7536 1622 0.05
7536 10037 0.01
7536 9843 0.01
7536 9793 0.05
7536 6140 0.01
7536 2276 0.01
7536 6504 0.05
7536 12534 0.2
7536 10141 0.2
7536 4152 0.2
7536 6508 0.05
7536 2428 0.2
7537 4152 0.01
7539 9466 0.2
7539 10497 0.05
7540 3221 0.01
7541 7602 0.2
7541 4152 0.05
7541 5145 0.2
7541 10774 0.01
7542 6407 0.01
7542 7414 0.01
7542 3771 0.2
7542 2016 0.01
7542 5066 0.05
7542 7536 0.05
7542 387 0.2
7543 6624 0.05
7543 211 0.05
7543 174 0.05
7543 9203 0.2
7543 9843 0.05
7543 9068 0.05
7543 1319 0.05
7543 1675 0.01
7543 6590 0.2
7543 4450 0.2
7543 8568 0.01
7543 10037 0.05
7543 12576 0.01
7543 10695 0.05
7543 1422 0.2
7543 7324 0.2
7543 11921 0.01
7543 4152 0.2
7543 6508 0.2
7543 5620 0.01
7543 6961 0.05
7544 5487 0.05
7544 9531 0.2
7544 1319 0.01
7544 11241 0.2
7544 7863 0.2
7544 2004 0.2
7544 1757 0.05
7544 11043 0.2
7544 4066 0.01
7544 12084 0.01
7544 11326 0.05
7544 2535 0.01
7544 9088 0.05
7544 2016 0.2
7544 6479 0.01
7544 11695 0.2
7544 8361 0.2
7544 4152 0.05
7544 6508 0.2
7544 8894 0.01
7545 4152 0.01
7546 9088 0.2
7547 5272 0.01
7547 783 0.2
7547 8854 0.05
7547 7657 0.2
7547 9619 0.2
7547 4238 0.01
7547 9088 0.01
7547 5145 0.05
7547 1422 0.2
7547 9339 0.01
7547 4152 0.2
7547 9980 0.05
7547 7691 0.05
7548 6756 0.01
7548 4483 0.05
7548 4915 0.05
7548 1923 0.01
7548 8137 0.01
7548 12401 0.05
7549 2573 0.01
7549 4152 0.01
7550 9602 0.2
7550 7324 0.01
7550 4066 0.2
7550 4340 0.05
7550 381 0.2
7552 2181 0.01
7553 1168 0.05
7553 1630 0.01
7553 5782 0.05
7553 2265 0.01
7554 10142 0.01
7554 4152 0.01
7554 9088 0.01
7554 1674 0.05
7554 4701 0.2
7555 4152 0.2
7556 9671 0.01
7557 9721 0.2
7558 4152 0.2
7558 9088 0.2
7558 12411 0.05
7560 6094 0.05
7561 4152 0.05
7562 7336 0.2
7562 10811 0.01
7562 2196 0.01
7562 9088 0.2
7562 4152 0.01
7562 11434 0.01
7563 4152 0.05
7564 9166 0.2
7565 7749 0.01
7565 5729 0.2
7565 1865 0.05
7566 4152 0.01
7567 1622 0.2
7567 1180 0.2
7568 1219 0.2
7569 4152 0.01
7570 12411 0.01
7572 1680 0.05
7572 12328 0.05
7572 10378 0.05
7572 6429 0.01
7572 7771 0.05
7572 6817 0.01
7572 12044 0.05
7572 11172 0.05
7572 651 0.05
7572 4152 0.05
7572 4303 0.05
7573 4152 0.2
7575 579 0.01
7575 941 0.2
7575 8132 0.2
7575 6707 0.05
7576 4090 0.01
7576 91 0.01
7576 5286 0.01
7576 6665 0.2
7576 9014 0.01
7576 9032 0.05
7576 4066 0.01
7576 8170 0.01
7576 11235 0.01
7576 9851 0.2
7576 4487 0.01
7576 9531 0.01
7576 2845 0.01
7576 1515 0.2
7576 9433 0.05
7576 9141 0.05
7576 11855 0.2
7576 1759 0.2
7576 2256 0.2
7576 2896 0.2
7576 4934 0.05
7577 4152 0.2
7578 2507 0.2
7580 4152 0.01
7582 11772 0.01
7582 4152 0.05
7582 10037 0.2
7582 7015 0.05
7584 2265 0.01
7585 10094 0.05
7585 4152 0.05
7585 8202 0.01
7585 275 0.05
7586 6153 0.2
7587 8935 0.01
7587 438 0.01
7587 8568 0.01
7587 3771 0.05
7587 11232 0.05
7587 78 0.2
7588 519 0.05
7588 8664 0.01
7588 8344 0.2
7588 7471 0.05
7588 1233 0.01
7588 11248 0.01
7588 8993 0.05
7588 8025 0.2
7588 3364 0.05
7588 9402 0.01
7588 11853 0.05
7588 509 0.01
7588 2183 0.05
7588 2361 0.05
7588 444 0.2
7588 3258 0.01
7588 8829 0.2
7588 2548 0.2
7588 4166 0.2
7588 4921 0.2
7589 4152 0.05
7590 6845 0.01
7592 5873 0.01
7592 174 0.05
7592 3318 0.05
7592 5728 0.2
7592 9975 0.05
7592 12123 0.01
7592 11434 0.2
7592 191 0.05
7592 3618 0.05
7592 1468 0.05
7592 9531 0.05
7592 9674 0.2
7592 6128 0.05
7592 9624 0.01
7592 3388 0.01
7592 1757 0.05
7592 10811 0.05
7592 11455 0.01
7592 2265 0.05
7592 8045 0.05
7592 1530 0.2
7592 10037 0.2
7592 905 0.2
7592 4506 0.2
7592 1675 0.05
7592 7283 0.2
7592 9088 0.2
7592 4213 0.2
7592 4152 0.01
7592 6508 0.01
7592 2428 0.2
7594 1757 0.05
7595 1622 0.01
7595 4152 0.01
7595 8737 0.01
7595 8319 0.01
7595 11571 0.01
7596 9538 0.05
7597 3221 0.2
7597 2248 0.05
7597 6508 0.2
7598 4152 0.2
7598 9088 0.2
7598 2016 0.05
7598 10037 0.05
7598 3408 0.05
7600 4152 0.05
7601 4217 0.05
7601 9528 0.01
7601 986 0.01
7602 7541 0.05
7602 6460 0.2
7602 1098 0.05
7602 9088 0.2
7602 12312 0.01
7602 10774 0.2
7602 4152 0.05
7603 5487 0.2
7603 11259 0.05
7603 4785 0.2
7603 1945 0.01
7603 2236 0.01
7603 6755 0.2
7603 5010 0.01
7603 173 0.05
7603 2786 0.05
7603 11326 0.01
7603 2949 0.05
7603 3109 0.05
7603 2730 0.01
7603 12403 0.05
7603 4619 0.01
7603 10599 0.05
7603 3454 0.2
7603 9928 0.2
7603 2896 0.05
7603 5732 0.2
7603 831 0.2
7603 3842 0.05
7603 4865 0.05
7603 4148 0.05
7603 1550 0.01
7603 10668 0.01
7603 7394 0.01
7603 4382 0.01
7603 4433 0.05
7603 1350 0.2
7603 6213 0.05
7603 3942 0.05
7603 7810 0.05
7603 12091 0.05
7603 9167 0.05
7603 10888 0.05
7603 8103 0.2
7603 7926 0.2
7603 6761 0.05
7603 1961 0.05
7603 519 0.05
7603 1413 0.05
7603 9336 0.01
7603 9171 0.2
7603 2969 0.2
7603 12568 0.05
7603 12590 0.01
7603 5790 0.01
7603 8512 0.05
7603 6581 0.2
7603 9786 0.2
7603 1971 0.01
7603 9720 0.05
7603 7324 0.2
7603 4136 0.05
7603 5962 0.05
7603 5554 0.2
7603 191 0.01
7603 8869 0.01
7603 6984 0.2
7603 9843 0.01
7603 8473 0.2
7603 1319 0.2
7603 5001 0.05
7603 10736 0.2
7603 2534 0.05
7603 4778 0.2
7603 10441 0.05
7603 9907 0.2
7603 3804 0.05
7603 10095 0.01
7603 12297 0.05
7603 9851 0.05
7603 10860 0.2
7603 3217 0.2
7603 5349 0.2
7603 9605 0.2
7603 2521 0.01
7603 11247 0.2
7603 6508 0.2
7603 12575 0.05
7604 4313 0.01
7604 2961 0.01
7605 10095 0.2
7606 7957 0.01
7606 3842 0.05
7606 4421 0.2
7606 7012 0.05
7606 2786 0.01
7606 9786 0.2
7606 8361 0.05
7606 1527 0.05
7606 10096 0.05
7606 9851 0.05
7607 4152 0.2
7608 4152 0.05
7609 10195 0.05
7609 11012 0.01
7609 1865 0.2
7610 11663 0.01
7611 4522 0.2
7613 211 0.2
7613 3370 0.05
7613 5601 0.01
7613 5659 0.05
7613 10811 0.01
7613 11326 0.05
7613 8045 0.05
7613 9088 0.2
7613 9339 0.01
7613 4152 0.2
7613 430 0.05
7613 10037 0.01
7614 4152 0.2
7616 7278 0.01
7616 1813 0.01
7618 4152 0.05
7619 4152 0.01
7620 12084 0.05
7621 6984 0.01
7621 2159 0.01
7621 8512 0.2
7621 9850 0.2
7621 9786 0.05
7621 2949 0.01
7621 3109 0.01
7621 6006 0.2
7625 653 0.01
7625 11239 0.05
7625 2737 0.2
7625 3388 0.2
7625 5482 0.01
7625 10811 0.05
7625 425 0.01
7625 9088 0.01
7625 5145 0.01
7625 4770 0.01
7625 9484 0.2
7625 1622 0.01
7625 4152 0.01
7626 10037 0.01
7627 4307 0.01
7627 5010 0.2
7627 3217 0.2
7627 1563 0.01
7627 9971 0.05
7627 4021 0.05
7627 9337 0.05
7627 10673 0.01
7627 2845 0.05
7628 3618 0.2
7629 322 0.01
7629 6180 0.05
7631 3486 0.2
7633 9237 0.05
7634 4152 0.2
7635 4152 0.01
7636 2398 0.2
7636 11353 0.01
7638 4152 0.05
7639 4152 0.2
7641 9003 0.05
7641 12601 0.2
7641 8716 0.01
7641 6278 0.01
7641 7471 0.05
7641 9723 0.05
7641 10736 0.2
7641 850 0.05
7641 10037 0.05
7641 3254 0.01
7641 9349 0.2
7641 3484 0.05
7641 6242 0.01
7641 5484 0.01
7641 4166 0.2
7641 2077 0.05
7642 4152 0.01
7643 4152 0.05
7645 1622 0.2
7645 4152 0.01
7646 4152 0.01
7647 174 0.05
7647 3625 0.05
7647 3205 0.05
7647 7572 0.2
7647 9715 0.2
7647 4793 0.05
7647 1622 0.05
7647 12084 0.2
7647 24 0.05
7647 2402 0.05
7647 5600 0.01
7647 8173 0.01
7647 10120 0.01
7647 8568 0.2
7647 4040 0.2
7647 10086 0.2
7647 10529 0.01
7647 1422 0.05
7647 5798 0.01
7647 6619 0.05
7647 12294 0.05
7647 8575 0.05
7647 7411 0.01
7647 11310 0.2
7647 1216 0.01
7647 3045 0.05
7647 2428 0.01
7647 7426 0.05
7647 7429 0.05
7647 5066 0.05
7647 12123 0.01
7647 5071 0.05
7647 9203 0.05
7647 3481 0.01
7647 234 0.05
7647 766 0.2
7647 9777 0.05
7647 2016 0.2
7647 1240 0.2
7647 9997 0.2
7647 7271 0.05
7647 249 0.2
7647 5681 0.05
7647 12401 0.01
7647 5482 0.2
7647 1068 0.01
7647 2470 0.01
7647 2888 0.01
7647 871 0.2
7647 12545 0.2
7647 4522 0.01
7647 4700 0.01
7647 1288 0.01
7647 7663 0.01
7647 3114 0.01
7647 4701 0.05
7647 6899 0.01
7647 7691 0.01
7647 1709 0.2
7647 10811 0.2
7647 12576 0.05
7647 5145 0.2
7647 6545 0.05
7647 8731 0.05
7647 10037 0.01
7647 2507 0.2
7647 5916 0.2
7647 11772 0.2
7647 6143 0.01
7647 1321 0.2
7647 9088 0.05
7647 4152 0.2
7647 9463 0.2
7647 8110 0.05
7647 931 0.01
7647 10256 0.2
7647 6961 0.05
7647 3588 0.01
7647 739 0.2
7647 11232 0.01
7647 9491 0.05
7647 204 0.01
7647 8917 0.05
7647 5554 0.2
7647 8336 0.05
7647 10690 0.05
7647 4732 0.01
7647 8721 0.2
7647 958 0.01
7647 3409 0.05
7650 811 0.2
7650 4152 0.2
7652 2637 0.05
7653 4152 0.05
7654 174 0.05
7654 11232 0.01
7654 11654 0.05
7654 9674 0.01
7654 6673 0.01
7654 430 0.01
7655 8132 0.01
7656 4152 0.2
7657 4152 0.2
7658 4152 0.2
7659 4152 0.01
7660 4152 0.05
7660 9088 0.01
7661 4152 0.01
7663 5071 0.05
7663 174 0.01
7663 7691 0.2
7663 1468 0.01
7663 871 0.01
7663 5482 0.2
7663 8568 0.05
7663 12376 0.05
7663 9088 0.05
7663 10938 0.2
7663 2112 0.01
7663 11695 0.01
7663 11921 0.01
7663 12401 0.01
7663 1237 0.2
7664 1527 0.01
7665 9068 0.2
7666 4991 0.2
7666 8512 0.2
7667 11787 0.01
7668 4152 0.01
7669 1622 0.2
7670 8193 0.05
7671 4152 0.05
7672 10094 0.05
7672 1622 0.05
7674 4152 0.05
7674 4336 0.01
7676 4152 0.05
7677 1430 0.05
7677 1350 0.2
7677 9184 0.05
7679 4042 0.2
7680 498 0.01
7682 4152 0.2
7683 871 0.2
7683 1831 0.01
7683 4525 0.01
7683 12228 0.05
7683 592 0.05
7683 7165 0.05
7683 11788 0.01
7683 191 0.05
7683 2692 0.05
7683 731 0.2
7683 12376 0.2
7683 11695 0.01
7683 7543 0.01
7683 70 0.05
7683 9491 0.01
7683 10811 0.05
7683 8568 0.2
7683 4040 0.2
7683 8045 0.2
7683 4250 0.05
7683 10037 0.05
7683 9843 0.05
7683 1319 0.01
7683 5482 0.01
7683 9088 0.01
7683 4042 0.2
7683 4152 0.05
7684 11337 0.01
7685 2345 0.05
7686 5874 0.2
7686 11667 0.05
7688 4152 0.05
7689 9088 0.2
7690 4152 0.2
7691 11837 0.01
7691 7165 0.01
7691 11788 0.01
7691 2310 0.2
7691 3469 0.05
7691 9088 0.2
7691 9484 0.05
7691 1158 0.01
7691 4152 0.01
7692 1622 0.2
7692 12522 0.2
7692 706 0.01
7694 2180 0.05
7695 12435 0.2
7696 1411 0.2
7696 10184 0.2
7696 12430 0.01
7696 12232 0.05
7696 3919 0.01
7696 4991 0.01
7696 1622 0.05
7696 10095 0.05
7697 4152 0.05
7698 9496 0.2
7700 4152 0.01
7702 9491 0.01
7702 739 0.01
7702 4047 0.05
7702 1422 0.05
7702 6810 0.01
7704 4152 0.05
7705 3244 0.2
7705 4152 0.2
7706 4152 0.2
7707 10037 0.05
7708 4152 0.2
7709 4619 0.2
7709 6771 0.01
7712 3469 0.2
7714 625 0.2
7714 4108 0.05
7714 1132 0.01
7714 9211 0.01
7715 4152 0.05
7716 4152 0.01
7716 3299 0.2
7716 3497 0.01
7717 7285 0.2
7717 10037 0.05
7718 4152 0.05
7718 1422 0.2
7719 3205 0.05
7719 3469 0.2
7719 8681 0.01
7719 10782 0.01
7719 9773 0.2
7719 9288 0.01
7719 12325 0.05
7719 9484 0.01
7719 9339 0.2
7719 2257 0.01
7719 3175 0.01
7719 3388 0.01
7719 6590 0.2
7719 5145 0.01
7719 5554 0.2
7719 4152 0.2
7719 9843 0.2
7719 8384 0.05
7719 7749 0.01
7719 9088 0.01
7719 12534 0.01
7719 12577 0.2
7719 1527 0.01
7719 4419 0.2
7720 5958 0.05
7720 4152 0.01
7720 5079 0.05
7721 7294 0.2
7722 9088 0.2
7723 4152 0.01
7724 12513 0.05
7725 10300 0.2
7725 7844 0.05
7725 4152 0.2
7725 9088 0.01
7725 6504 0.2
7727 4152 0.01
7728 4152 0.05
7732 9372 0.2
7732 12411 0.2
7733 4152 0.05
7734 8132 0.05
7735 385 0.01
7735 6597 0.01
7736 4152 0.05
7736 9088 0.01
7737 9984 0.2
7737 1319 0.2
7737 6013 0.05
7737 5482 0.01
7737 12188 0.05
7737 8742 0.2
7737 8045 0.01
7737 9720 0.01
7737 9605 0.05
7737 9975 0.05
7738 3547 0.05
7740 10965 0.05
7740 5446 0.2
7740 971 0.01
7740 12545 0.05
7740 4700 0.01
7740 5454 0.05
7740 3188 0.2
7740 11137 0.05
7740 10931 0.01
7740 9203 0.2
7740 11788 0.05
7740 6577 0.01
7740 9204 0.05
7740 8167 0.01
7740 2743 0.05
7740 8031 0.2
7740 11695 0.01
7740 12089 0.2
7740 5642 0.2
7740 11343 0.01
7740 4152 0.2
7740 10421 0.01
7740 5600 0.01
7740 739 0.05
7740 2755 0.2
7740 9068 0.2
7740 9174 0.05
7740 1925 0.2
7740 5844 0.05
7740 11511 0.01
7740 6003 0.2
7740 1622 0.05
7740 9843 0.2
7740 7647 0.05
7740 4506 0.05
7740 1674 0.01
7740 11309 0.05
7740 8719 0.05
7740 8672 0.01
7740 9410 0.2
7740 2016 0.05
7740 8480 0.01
7740 11921 0.2
7740 1527 0.05
7740 11822 0.05
7740 8103 0.2
7741 385 0.05
7741 7735 0.2
7743 5487 0.05
7744 12328 0.01
7745 4152 0.2
7746 3503 0.05
7747 545 0.05
7747 9088 0.05
7747 11695 0.01
7747 2312 0.05
7748 2507 0.05
7749 10195 0.2
7749 174 0.05
7749 1084 0.01
7749 5066 0.2
7749 11111 0.2
7749 1884 0.2
7749 3114 0.01
7749 5071 0.01
7749 3403 0.2
7749 3481 0.2
7749 6754 0.01
7749 8613 0.01
7749 11695 0.05
7749 1099 0.2
7749 10265 0.2
7749 6128 0.01
7749 8859 0.2
7749 10120 0.05
7749 3932 0.01
7749 1857 0.05
7749 11351 0.05
7749 8574 0.2
7749 8568 0.05
7749 5554 0.01
7749 8003 0.2
7749 8819 0.01
7749 1319 0.2
7749 10690 0.01
7749 7961 0.2
7749 11012 0.05
7749 9700 0.01
7749 9088 0.2
7749 4042 0.01
7749 1675 0.05
7749 4152 0.2
7749 5114 0.05
7750 4152 0.05
7751 11708 0.01
7751 5193 0.05
7751 2387 0.05
7752 4152 0.01
7753 4152 0.05
7754 4152 0.01
7754 6238 0.05
7756 645 0.05
7757 91 0.2
7757 2969 0.2
7757 6269 0.01
7757 8170 0.01
7757 1961 0.05
7757 8982 0.05
7757 11528 0.2
7757 7843 0.01
7758 7051 0.01
7759 4152 0.01
7760 4152 0.05
7762 278 0.2
7763 1622 0.01
7763 8306 0.01
7763 8798 0.2
7765 4152 0.01
7766 4152 0.2
7769 5786 0.05
7769 7337 0.2
7771 6429 0.01
7771 12328 0.01
7771 11753 0.2
7771 7572 0.05
7772 4152 0.01
7773 11714 0.05
7773 4092 0.01
7773 12619 0.01
7773 3211 0.2
7773 572 0.01
7773 1973 0.05
7773 4522 0.01
7773 5871 0.01
7773 6369 0.05
7773 151 0.05
7775 12513 0.01
7776 4152 0.05
7777 4152 0.05
7778 3842 0.05
7778 3780 0.05
7778 6654 0.2
7778 4196 0.01
7778 8051 0.01
7778 9531 0.2
7778 6673 0.01
7778 3584 0.2
7778 3814 0.05
7778 1527 0.01
7779 519 0.2
7779 4090 0.01
7779 4785 0.01
7779 320 0.05
7779 6010 0.2
7779 9167 0.2
7779 4991 0.2
7779 1961 0.05
7779 8640 0.05
7779 672 0.05
7779 8170 0.01
7779 9088 0.01
7779 9674 0.2
7779 5938 0.2
7779 7324 0.2
7779 6665 0.01
7779 4152 0.2
7779 78 0.05
7780 273 0.2
7780 2834 0.05
7780 871 0.2
7780 4066 0.05
7780 10782 0.2
7780 12315 0.05
7780 2168 0.05
7780 2004 0.01
7780 8459 0.05
7780 3114 0.01
7780 9483 0.2
7780 5710 0.01
7780 7494 0.01
7780 10220 0.01
7780 7451 0.05
7780 10529 0.01
7780 4451 0.2
7780 9843 0.05
7780 8479 0.05
7780 9088 0.2
7780 4262 0.01
7780 7421 0.05
7781 4152 0.05
7782 4152 0.01
7783 3899 0.01
7784 7883 0.2
7785 4152 0.01
7786 4152 0.01
7787 9486 0.2
7788 5145 0.2
7789 4152 0.01
7790 8055 0.2
7791 8616 0.01
7791 1527 0.2
7792 5028 0.2
7792 4152 0.01
7792 9088 0.05
7792 6685 0.05
7793 23 0.05
7795 1071 0.05
7795 4152 0.01
7797 4152 0.2
7798 4152 0.05
7800 4152 0.05
7801 4152 0.01
7802 7494 0.05
7802 273 0.2
7802 871 0.05
7802 1099 0.01
7802 7811 0.2
7802 7421 0.2
7804 11488 0.05
7804 11775 0.05
7804 10811 0.05
7804 9088 0.2
7804 7476 0.01
7804 5145 0.2
7804 1622 0.05
7804 4152 0.01
7805 4513 0.2
7806 739 0.01
7806 4267 0.01
7806 8121 0.05
7806 11691 0.2
7806 8980 0.05
7806 8559 0.2
7806 3395 0.01
7806 1422 0.2
7806 7324 0.2
7806 9339 0.2
7806 4152 0.01
7806 2751 0.2
7806 10448 0.05
7808 1242 0.05
7808 11548 0.05
7808 3618 0.05
7808 6219 0.2
7808 10653 0.01
7808 4152 0.2
7808 10037 0.01
7808 6964 0.05
7809 4152 0.01
7810 5487 0.2
7810 1383 0.2
7810 5109 0.05
7810 3542 0.2
7810 7471 0.01
7810 4706 0.05
7810 8393 0.05
7810 6792 0.01
7810 2839 0.2
7810 7926 0.2
7810 7767 0.2
7810 2896 0.01
7810 320 0.2
7810 9003 0.05
7810 12552 0.01
7810 2637 0.2
7810 235 0.05
7810 3340 0.2
7810 7211 0.2
7810 113 0.01
7810 6422 0.05
7810 9247 0.05
7810 9167 0.01
7810 6761 0.01
7810 1307 0.2
7810 6318 0.01
7810 8700 0.01
7810 4865 0.01
7810 5273 0.01
7810 8512 0.05
7810 850 0.01
7810 4040 0.05
7810 8045 0.05
7810 8088 0.01
7810 8810 0.2
7810 4619 0.2
7810 10863 0.01
7810 10037 0.01
7810 1371 0.01
7810 7603 0.01
7810 4307 0.05
7810 4563 0.05
7810 10689 0.01
7810 2877 0.01
7810 1961 0.01
7810 6132 0.05
7811 273 0.05
7811 6504 0.05
7811 10547 0.01
7811 4066 0.2
7811 3205 0.2
7811 4700 0.2
7811 11434 0.05
7811 12607 0.01
7811 3538 0.2
7811 4796 0.05
7811 5850 0.01
7811 10664 0.01
7811 2442 0.01
7811 5867 0.01
7811 9088 0.05
7811 3114 0.01
7811 1949 0.05
7811 1507 0.01
7811 7780 0.05
7811 7494 0.01
7811 5071 0.01
7811 2257 0.01
7811 10220 0.01
7811 3388 0.05
7811 1757 0.01
7811 10524 0.01
7811 7451 0.05
7811 4193 0.2
7811 5145 0.01
7811 1622 0.05
7811 8917 0.05
7811 5555 0.05
7811 5721 0.2
7811 9693 0.05
7811 8479 0.01
7811 10588 0.2
7811 1730 0.05
7811 12534 0.2
7811 10529 0.2
7811 7421 0.01
7811 4152 0.05
7812 5613 0.01
7813 4152 0.01
7814 4152 0.2
7815 10094 0.2
7815 5072 0.2
7815 2637 0.05
7815 2367 0.05
7815 9262 0.05
7816 9003 0.05
7816 3840 0.01
7816 9272 0.01
7816 11130 0.2
7816 5482 0.2
7816 10613 0.01
7816 8568 0.05
7816 9673 0.05
7816 8045 0.01
7816 12228 0.01
7817 3251 0.05
7817 12017 0.01
7817 6887 0.2
7817 1422 0.01
7817 11884 0.05
7817 11434 0.2
7818 3496 0.01
7818 1884 0.2
7819 5521 0.01
7820 4152 0.01
7822 1624 0.2
7823 5434 0.05
7823 6639 0.01
7823 5482 0.05
7823 8512 0.2
7823 12403 0.2
7823 5554 0.01
7823 5991 0.2
7824 9244 0.2
7825 4152 0.05
7826 2256 0.2
7827 4152 0.05
7828 11600 0.01
7829 4152 0.2
7829 4496 0.2
7830 5145 0.05
7831 1622 0.01
7832 4152 0.05
7834 6194 0.2
7835 4152 0.05
7836 5368 0.05
7836 3217 0.05
7836 10037 0.05
7836 11254 0.01
7836 10095 0.05
7837 2004 0.05
7838 7875 0.01
7838 234 0.01
7838 9938 0.2
7838 3625 0.2
7838 871 0.2
7838 3469 0.01
7838 3301 0.05
7838 5066 0.05
7838 3759 0.01
7838 652 0.01
7838 3114 0.05
7838 4701 0.01
7838 1346 0.2
7838 4482 0.05
7838 10608 0.01
7838 12084 0.01
7838 3618 0.2
7838 6754 0.2
7838 4152 0.2
7838 1237 0.2
7838 4336 0.05
7838 1829 0.2
7838 1216 0.05
7838 12238 0.01
7838 4442 0.05
7838 3370 0.01
7838 119 0.01
7838 12513 0.01
7838 116 0.05
7838 4193 0.05
7838 4399 0.01
7838 1422 0.05
7838 1622 0.01
7838 11326 0.05
7838 10037 0.01
7838 5554 0.01
7838 3344 0.05
7838 6983 0.2
7838 1527 0.2
7838 10495 0.2
7838 9843 0.05
7838 1524 0.2
7838 3504 0.05
7838 436 0.2
7838 8093 0.2
7838 574 0.05
7838 9088 0.2
7838 6607 0.05
7838 7912 0.05
7838 6700 0.01
7838 12401 0.05
7838 10963 0.01
7838 6508 0.2
7839 12411 0.01
7839 4152 0.2
7840 2329 0.05
7841 11878 0.01
7841 11679 0.2
7841 1319 0.01
7841 10695 0.2
7841 4040 0.2
7842 6781 0.01
7843 9003 0.01
7843 6278 0.01
7843 3954 0.01
7843 1757 0.05
7843 3618 0.05
7843 10811 0.2
7843 3585 0.01
7843 5145 0.01
7843 4619 0.2
7843 4166 0.01
7843 9339 0.2
7843 10037 0.01
7843 4701 0.05
7845 4152 0.2
7846 9286 0.2
7847 7382 0.2
7847 12435 0.2
7850 4152 0.01
7850 9088 0.2
7852 831 0.2
7852 8751 0.01
7852 3942 0.01
7852 6540 0.05
7852 8512 0.05
7852 1350 0.2
7852 8941 0.01
7852 3109 0.05
7852 1622 0.01
7853 10989 0.2
7855 4152 0.2
7856 4152 0.01
7858 8322 0.05
7858 5482 0.2
7859 5958 0.05
7859 6750 0.2
7859 2776 0.2
7859 1473 0.2
7860 3416 0.05
7860 808 0.01
7860 2256 0.2
7860 10382 0.2
7861 5221 0.05
7861 7211 0.05
7861 3387 0.2
7863 9515 0.01
7863 6621 0.05
7863 8935 0.2
7863 4018 0.01
7863 4066 0.2
7863 6745 0.2
7863 11326 0.05
7863 174 0.05
7863 824 0.05
7863 5863 0.2
7863 4846 0.2
7863 4793 0.01
7863 10204 0.05
7863 7691 0.05
7863 390 0.01
7863 6416 0.2
7863 8899 0.01
7863 11745 0.01
7863 234 0.05
7863 7125 0.01
7863 2196 0.2
7863 12376 0.05
7863 2172 0.01
7863 1099 0.01
7863 10982 0.2
7863 11083 0.2
7863 5600 0.2
7863 9436 0.01
7863 4738 0.2
7863 12513 0.2
7863 3797 0.05
7863 9491 0.05
7863 7945 0.01
7863 8568 0.2
7863 204 0.01
7863 10770 0.05
7863 12576 0.01
7863 3185 0.05
7863 4250 0.05
7863 1422 0.05
7863 11241 0.01
7863 10632 0.05
7863 5554 0.2
7863 518 0.01
7863 211 0.2
7863 7957 0.2
7863 6093 0.2
7863 5101 0.01
7863 1319 0.2
7863 9359 0.01
7863 6961 0.01
7863 7910 0.05
7863 9088 0.2
7863 9605 0.05
7863 724 0.2
7863 11921 0.2
7863 1527 0.2
7863 11822 0.2
7863 10871 0.2
7863 5620 0.05
7864 1542 0.01
7865 7426 0.2
7865 174 0.05
7865 9094 0.05
7865 871 0.05
7865 3205 0.2
7865 724 0.2
7865 10357 0.01
7865 6624 0.05
7865 4701 0.05
7865 5272 0.01
7865 2888 0.05
7865 234 0.05
7865 12376 0.05
7865 8625 0.05
7865 12513 0.2
7865 7536 0.01
7865 4152 0.05
7865 6128 0.05
7865 9435 0.2
7865 1200 0.2
7865 7691 0.2
7865 9491 0.05
7865 11130 0.05
7865 8755 0.05
7865 5970 0.01
7865 1422 0.2
7865 7324 0.05
7865 4047 0.05
7865 204 0.01
7865 10037 0.01
7865 5554 0.05
7865 7647 0.05
7865 1237 0.05
7865 12600 0.05
7865 2435 0.01
7865 5805 0.05
7865 9088 0.2
7865 2016 0.2
7865 12534 0.05
7865 12401 0.05
7865 11959 0.01
7865 3618 0.05
7866 4152 0.01
7867 11348 0.01
7868 3409 0.2
7868 10690 0.01
7868 766 0.2
7868 7324 0.2
7868 1622 0.05
7868 4152 0.01
7868 10037 0.2
7868 5554 0.01
7869 9851 0.01
7869 3850 0.2
7869 1227 0.01
7871 1622 0.01
7873 4152 0.05
7875 9531 0.2
7875 5596 0.05
7875 5774 0.05
7875 8681 0.05
7875 1542 0.01
7875 5066 0.01
7875 4525 0.05
7875 10782 0.2
7875 2196 0.05
7875 5369 0.05
7875 3114 0.01
7875 5071 0.01
7875 9720 0.2
7875 2580 0.01
7875 11492 0.01
7875 10367 0.05
7875 4487 0.05
7875 9288 0.2
7875 6756 0.2
7875 11079 0.05
7875 7992 0.01
7875 8613 0.2
7875 10495 0.01
7875 7410 0.05
7875 1108 0.01
7875 7691 0.05
7875 4676 0.05
7875 6590 0.2
7875 9174 0.05
7875 10811 0.2
7875 8568 0.01
7875 4040 0.01
7875 657 0.01
7875 6815 0.01
7875 11461 0.05
7875 7324 0.2
7875 1622 0.01
7875 10037 0.01
7875 5554 0.05
7875 403 0.05
7875 211 0.05
7875 8574 0.05
7875 4152 0.01
7875 3237 0.2
7875 2222 0.01
7875 9088 0.05
7875 2016 0.05
7875 4415 0.2
7875 9605 0.01
7875 5145 0.2
7875 11921 0.2
7875 1527 0.2
7876 6299 0.01
7877 10662 0.2
7877 3999 0.2
7877 7923 0.2
7877 12240 0.2
7877 438 0.01
7877 1319 0.2
7877 3754 0.05
7877 5356 0.05
7877 9313 0.2
7877 10483 0.05
7877 1692 0.01
7877 2814 0.2
7877 1422 0.2
7877 1622 0.05
7877 4152 0.01
7877 3426 0.05
7877 1704 0.05
7877 2585 0.01
7879 4152 0.05
7880 8170 0.01
7880 4991 0.01
7883 11258 0.01
7883 11815 0.05
7883 7784 0.01
7883 6205 0.2
7883 1034 0.01
7884 4152 0.2
7885 4701 0.01
7886 7629 0.01
7886 322 0.01
7886 6180 0.2
7887 4152 0.01
7888 5071 0.05
7888 1242 0.01
7888 1527 0.05
7888 3823 0.01
7888 9276 0.2
7888 5315 0.05
7888 5482 0.2
7888 4183 0.01
7888 9088 0.01
7888 5554 0.05
7888 11081 0.2
7888 7354 0.2
7888 10782 0.05
7888 4152 0.01
7888 10204 0.05
7888 3114 0.2
7888 8894 0.2
7889 4152 0.2
7890 4152 0.05
7890 1422 0.05
7891 4152 0.05
7892 4152 0.05
7893 6290 0.05
7893 5133 0.01
7893 5554 0.2
7893 10141 0.2
7894 4152 0.05
7896 1739 0.2
7896 7080 0.01
7897 4152 0.05
7898 2473 0.01
7898 7371 0.2
7898 11376 0.2
7898 10382 0.05
7898 10495 0.01
7898 6715 0.01
7898 11537 0.05
7898 174 0.01
7898 9077 0.05
7898 6412 0.05
7898 2242 0.2
7898 388 0.05
7898 5272 0.01
7898 9720 0.01
7898 11788 0.01
7898 191 0.01
7898 6073 0.01
7898 234 0.01
7898 2300 0.01
7898 10511 0.01
7898 8169 0.05
7898 10421 0.01
7898 4487 0.05
7898 9167 0.05
7898 2253 0.2
7898 4442 0.05
7898 4672 0.05
7898 70 0.01
7898 2312 0.01
7898 8512 0.05
7898 1422 0.01
7898 1002 0.2
7898 10475 0.05
7898 7324 0.2
7898 3899 0.2
7898 3526 0.2
7898 1371 0.01
7898 4152 0.05
7898 5435 0.01
7898 1319 0.2
7898 7747 0.2
7898 6051 0.01
7898 12251 0.2
7898 5081 0.01
7898 10141 0.05
7898 1527 0.01
7898 7012 0.05
7899 5992 0.05
7899 719 0.05
7899 4962 0.01
7899 4701 0.2
7899 5071 0.2
7899 11788 0.01
7899 191 0.01
7899 766 0.01
7899 7625 0.2
7899 12376 0.01
7899 30 0.05
7899 6128 0.2
7899 6590 0.2
7899 1417 0.05
7899 11182 0.05
7899 2601 0.05
7899 211 0.2
7899 5482 0.2
7899 9088 0.01
7899 4042 0.2
7899 11921 0.2
7899 4152 0.05
7899 8104 0.01
7900 8512 0.05
7901 4152 0.01
7904 1213 0.05
7905 3448 0.01
7906 2896 0.05
7907 1622 0.05
7907 12556 0.2
7908 4152 0.05
7909 4152 0.2
7910 9088 0.05
7911 5487 0.05
7911 12403 0.05
7911 2049 0.01
7911 11238 0.01
7911 11270 0.01
7911 1031 0.01
7911 8903 0.05
7911 12513 0.2
7911 9708 0.2
7911 4152 0.01
7911 9031 0.05
7913 1422 0.2
7914 2507 0.2
7917 8609 0.05
7917 3842 0.01
7917 12509 0.2
7917 8169 0.01
7917 11326 0.01
7917 9466 0.05
7917 4152 0.01
7917 1216 0.05
7917 9715 0.01
7917 1422 0.05
7917 1407 0.05
7917 1527 0.01
7917 10204 0.01
7918 8051 0.01
7920 9088 0.01
7922 4152 0.2
7923 7017 0.01
7923 5272 0.2
7923 174 0.01
7923 211 0.05
7923 5600 0.2
7923 9491 0.05
7923 2276 0.2
7923 11772 0.2
7923 12610 0.01
7923 12377 0.05
7923 1333 0.01
7923 5342 0.2
7923 2016 0.01
7923 4537 0.2
7923 1622 0.2
7923 4938 0.05
7923 10447 0.01
7923 11434 0.05
7923 5555 0.01
7925 4152 0.01
7926 4102 0.05
7926 6318 0.05
7926 8225 0.01
7926 8393 0.2
7926 6761 0.2
7926 5113 0.2
7926 7603 0.01
7926 7285 0.01
7926 8613 0.2
7926 4579 0.2
7926 11227 0.01
7926 10408 0.2
7926 4016 0.05
7928 12333 0.05
7929 9088 0.2
7932 4152 0.2
7933 5329 0.2
7934 4152 0.01
7935 5482 0.05
7936 174 0.2
7936 5148 0.05
7936 3388 0.05
7936 11889 0.2
7936 9237 0.2
7936 574 0.2
7936 9088 0.01
7936 5145 0.05
7936 2435 0.01
7936 6621 0.01
7936 9677 0.01
7936 6479 0.05
7936 6128 0.01
7937 4152 0.05
7938 11575 0.01
7938 6897 0.01
7938 11689 0.01
7938 2195 0.2
7938 10878 0.01
7940 11121 0.01
7941 989 0.2
7943 8163 0.2
7943 898 0.01
7943 7757 0.05
7943 1036 0.01
7944 4152 0.05
7945 10632 0.01
7945 4152 0.2
7945 6195 0.2
7945 5863 0.01
7945 7125 0.01
7946 211 0.05
7946 5218 0.2
7946 9793 0.01
7946 1375 0.05
7946 11326 0.2
7946 630 0.2
7946 672 0.01
7946 9088 0.05
7946 12513 0.05
7946 1622 0.05
7946 4152 0.01
7946 5554 0.2
7947 4152 0.05
7948 4152 0.05
7949 1622 0.01
7950 8512 0.2
7950 2896 0.2
7950 622 0.05
7950 12436 0.01
7950 5732 0.05
7950 5069 0.05
7950 4957 0.01
7951 8413 0.05
7952 4152 0.2
7953 11083 0.2
7955 3469 0.05
7956 1084 0.2
7957 10086 0.01
7957 1527 0.01
7957 2605 0.01
7957 557 0.01
7957 11455 0.01
7957 3388 0.05
7957 545 0.05
7957 10811 0.05
7957 8568 0.05
7957 10588 0.05
7957 4232 0.05
7957 9088 0.01
7957 9715 0.01
7957 8618 0.05
7957 2470 0.05
7957 12411 0.2
7957 4152 0.05
7957 9975 0.2
7957 11434 0.05
7957 5554 0.01
7957 518 0.05
7958 3568 0.2
7959 932 0.05
7961 1524 0.01
7961 8963 0.01
7961 12489 0.01
7961 12513 0.05
7961 7749 0.05
7962 4152 0.05
7964 4152 0.2
7964 5829 0.2
7965 12577 0.2
7965 3562 0.2
7966 5487 0.2
7966 1371 0.05
7966 9466 0.01
7966 9531 0.2
7966 7324 0.01
7966 1622 0.01
7967 1527 0.2
7967 2004 0.01
7967 11434 0.2
7967 2954 0.01
7967 2388 0.05
7967 9088 0.2
7967 4152 0.2
7967 6508 0.05
7967 4701 0.01
7968 4152 0.01
7970 11242 0.2
7970 9609 0.05
7970 4152 0.05
7970 7899 0.01
7970 2004 0.01
7972 9088 0.05
7972 1814 0.01
7972 6504 0.01
7973 4152 0.01
7974 8973 0.05
7974 10136 0.05
7974 3901 0.05
7975 4522 0.01
7979 9851 0.01
7979 9167 0.2
7980 4152 0.2
7981 5495 0.2
7981 10782 0.01
7981 4152 0.05
7981 10811 0.05
7981 3114 0.05
7982 4152 0.01
7983 5844 0.01
7985 2727 0.2
7986 4152 0.01
7987 4630 0.01
7988 6194 0.01
7989 2797 0.2
7989 3274 0.2
7990 1857 0.05
7990 4152 0.2
7991 4152 0.05
7992 7875 0.05
7993 4152 0.05
7995 9531 0.01
7997 3469 0.01
7998 8988 0.05
7998 5342 0.01
7998 4162 0.05
7998 1417 0.01
7998 5123 0.05
7999 9674 0.05
7999 4152 0.01
7999 9088 0.01
7999 5482 0.05
7999 5554 0.05
8000 12525 0.05
8000 1707 0.2
8000 8568 0.05
8000 9088 0.05
8000 4042 0.2
8000 11695 0.05
8001 3596 0.2
8002 4604 0.05
8003 174 0.2
8003 4018 0.2
8003 10703 0.2
8003 3469 0.2
8003 4525 0.2
8003 12311 0.05
8003 9975 0.2
8003 4127 0.05
8003 9203 0.2
8003 3028 0.01
8003 11695 0.05
8003 6128 0.01
8003 12516 0.2
8003 7691 0.01
8003 11087 0.05
8003 5239 0.01
8003 12531 0.01
8003 6093 0.01
8003 2784 0.05
8003 9790 0.05
8003 6819 0.01
8003 5252 0.01
8003 10690 0.05
8003 367 0.05
8003 5482 0.01
8003 8151 0.2
8003 9088 0.05
8003 1329 0.05
8003 11921 0.2
8003 4152 0.05
8003 90 0.2
8004 7003 0.01
8007 4152 0.01
8010 7223 0.01
8010 10811 0.05
8011 4522 0.2
8012 8393 0.01
8012 6747 0.01
8012 5010 0.01
8012 2881 0.05
8012 9185 0.01
8015 6996 0.2
8017 4154 0.2
8017 4786 0.05
8017 1387 0.01
8017 7412 0.01
8017 2088 0.05
8017 3920 0.2
8017 6414 0.01
8017 392 0.01
8017 12465 0.01
8017 1525 0.05
8017 12231 0.05
8017 2535 0.05
8017 9782 0.01
8017 1663 0.05
8017 2408 0.05
8017 4589 0.2
8017 12388 0.05
8017 2815 0.05
8017 160 0.05
8017 7026 0.01
8017 92 0.01
8017 8661 0.01
8017 11713 0.2
8017 10037 0.2
8017 11360 0.2
8017 11469 0.05
8017 8875 0.2
8017 6990 0.2
8017 107 0.2
8017 11256 0.05
8017 4152 0.2
8018 9088 0.05
8018 7691 0.05
8019 1622 0.01
8023 4152 0.01
8024 9602 0.2
8025 9843 0.01
8025 9340 0.05
8025 4433 0.2
8025 8512 0.01
8025 6673 0.01
8025 9051 0.2
8025 7588 0.01
8025 11620 0.05
8026 3633 0.01
8026 4152 0.01
8027 4152 0.01
8028 9619 0.05
8029 9088 0.2
8031 3504 0.2
8032 6263 0.2
8032 191 0.2
8032 2707 0.01
8032 10442 0.05
8032 10937 0.2
8032 650 0.05
8032 477 0.05
8032 12401 0.01
8033 4152 0.2
8034 4152 0.05
8035 4090 0.2
8035 8609 0.01
8035 2992 0.2
8035 11075 0.2
8035 6961 0.05
8035 9971 0.2
8035 10036 0.05
8035 4846 0.01
8035 10095 0.01
8036 4152 0.05
8037 11012 0.01
8038 1622 0.2
8038 9480 0.05
8038 5554 0.05
8039 4152 0.2
8040 11204 0.01
8041 3538 0.05
8041 1428 0.2
8041 5721 0.05
8041 11548 0.2
8041 1625 0.2
8041 2276 0.01
8041 3469 0.01
8041 1720 0.2
8041 9088 0.2
8041 2016 0.05
8041 1704 0.2
8041 4152 0.05
8041 11434 0.05
8041 2283 0.2
8042 5066 0.01
8043 1319 0.2
8044 4152 0.01
8045 11434 0.05
8045 8075 0.2
8045 6789 0.05
8045 6616 0.2
8045 6201 0.05
8045 8000 0.2
8045 972 0.01
8045 3205 0.05
8045 10497 0.2
8045 7654 0.01
8045 2388 0.01
8045 12073 0.05
8045 10878 0.2
8045 9715 0.01
8045 2996 0.01
8045 2997 0.05
8045 7382 0.2
8045 4793 0.05
8045 7170 0.05
8045 3000 0.01
8045 10105 0.05
8045 3839 0.01
8045 3840 0.05
8045 6416 0.05
8045 5410 0.2
8045 5227 0.2
8045 2797 0.01
8045 192 0.05
8045 8741 0.01
8045 2799 0.05
8045 3432 0.05
8045 1557 0.2
8045 9793 0.01
8045 9361 0.01
8045 10958 0.2
8045 12052 0.01
8045 1705 0.05
8045 3015 0.01
8045 2649 0.05
8045 1405 0.01
8045 1407 0.05
8045 6649 0.2
8045 10129 0.2
8045 3764 0.2
8045 11899 0.2
8045 8365 0.01
8045 1412 0.05
8045 992 0.05
8045 2209 0.05
8045 2004 0.05
8045 12097 0.05
8045 9538 0.01
8045 5793 0.2
8045 6229 0.2
8045 12285 0.2
8045 8755 0.2
8045 7536 0.05
8045 4432 0.01
8045 11091 0.01
8045 1002 0.05
8045 2598 0.2
8045 41 0.2
8045 4254 0.2
8045 3018 0.05
8045 379 0.05
8045 12294 0.05
8045 11002 0.01
8045 11715 0.01
8045 12109 0.2
8045 12108 0.2
8045 2644 0.01
8045 6235 0.05
8045 7161 0.2
8045 2611 0.01
8045 2015 0.05
8045 6464 0.2
8045 3872 0.01
8045 3241 0.2
8045 12489 0.2
8045 421 0.05
8045 8009 0.05
8045 8983 0.2
8045 6290 0.2
8045 1209 0.01
8045 1219 0.05
8045 11923 0.05
8045 5621 0.01
8045 1014 0.2
8045 7613 0.2
8045 6203 0.01
8045 4706 0.05
8045 9562 0.01
8045 1829 0.2
8045 4040 0.01
8045 4066 0.05
8045 8993 0.01
8045 4067 0.01
8045 9370 0.01
8045 9565 0.2
8045 9491 0.01
8045 4474 0.01
8045 8602 0.2
8045 3677 0.2
8045 13 0.01
8045 6764 0.01
8045 8093 0.05
8045 5820 0.05
8045 9980 0.01
8045 12125 0.05
8045 5073 0.01
8045 12128 0.2
8045 4865 0.05
8045 5074 0.01
8045 4483 0.2
8045 438 0.05
8045 11772 0.05
8045 1362 0.2
8045 1435 0.2
8045 12080 0.2
8045 6672 0.2
8045 6475 0.01
8045 1237 0.01
8045 3691 0.01
8045 2640 0.01
8045 5641 0.01
8045 3076 0.01
8045 4859 0.2
8045 8410 0.2
8045 10375 0.2
8045 12633 0.2
8045 7883 0.01
8045 9020 0.2
8045 9972 0.01
8045 3084 0.2
8045 7802 0.05
8045 70 0.2
8045 8181 0.05
8045 8805 0.2
8045 1252 0.2
8045 2655 0.01
8045 2063 0.2
8045 2265 0.2
8045 11952 0.2
8045 6088 0.2
8045 9397 0.05
8045 2444 0.05
8045 3496 0.01
8045 3280 0.01
8045 9790 0.2
8045 852 0.01
8045 8816 0.01
8045 3281 0.01
8045 7861 0.05
8045 3905 0.2
8045 2875 0.05
8045 7863 0.2
8045 10584 0.01
8045 2276 0.05
8045 137 0.2
8045 4149 0.05
8045 3394 0.2
8045 8430 0.01
8045 6504 0.2
8045 9799 0.05
8045 11496 0.05
8045 4464 0.05
8045 2470 0.2
8045 6700 0.05
8045 8237 0.01
8045 6101 0.2
8045 9037 0.01
8045 5487 0.01
8045 7630 0.01
8045 12540 0.2
8045 6627 0.2
8045 7155 0.01
8045 5490 0.01
8045 11776 0.01
8045 3517 0.05
8045 11779 0.01
8045 6893 0.01
8045 6515 0.2
8045 10695 0.2
8045 6114 0.05
8045 10404 0.05
8045 7663 0.01
8045 9051 0.05
8045 8623 0.05
8045 1089 0.01
8045 2896 0.2
8045 4701 0.2
8045 7669 0.2
8045 1277 0.2
8045 8681 0.01
8045 10207 0.01
8045 11165 0.01
8045 2692 0.01
8045 7810 0.05
8045 12127 0.05
8045 3398 0.01
8045 7816 0.2
8045 4535 0.2
8045 9619 0.05
8045 7683 0.2
8045 4120 0.01
8045 3663 0.05
8045 3535 0.2
8045 9063 0.01
8045 4341 0.05
8045 1901 0.2
8045 9484 0.2
8045 7895 0.2
8045 5904 0.01
8045 7125 0.05
8045 11398 0.05
8045 8462 0.05
8045 10811 0.05
8045 7526 0.01
8045 9940 0.01
8045 12190 0.01
8045 4548 0.01
8045 4129 0.2
8045 515 0.2
8045 10306 0.01
8045 1913 0.2
8045 3139 0.2
8045 10037 0.2
8045 124 0.01
8045 9904 0.2
8045 9371 0.01
8045 4139 0.05
8045 6335 0.01
8045 5916 0.2
8045 9843 0.01
8045 907 0.2
8045 1319 0.05
8045 8872 0.05
8045 6141 0.01
8045 11571 0.01
8045 10821 0.05
8045 2124 0.2
8045 3559 0.01
8045 2933 0.05
8045 9088 0.2
8045 9289 0.05
8045 4150 0.2
8045 2946 0.2
8045 1527 0.2
8045 9605 0.05
8045 2525 0.01
8045 8673 0.01
8045 5356 0.05
8045 7165 0.01
8045 3036 0.2
8045 4244 0.05
8045 3327 0.05
8045 9096 0.05
8045 1099 0.05
8045 6425 0.2
8045 7923 0.2
8045 10835 0.05
8045 3156 0.01
8045 5376 0.2
8045 9507 0.2
8045 4882 0.05
8045 4962 0.2
8045 3519 0.2
8045 7160 0.2
8045 5004 0.05
8045 7755 0.2
8045 2954 0.01
8045 11013 0.01
8045 9475 0.01
8045 9103 0.05
8045 10846 0.01
8045 10065 0.01
8045 6577 0.01
8045 545 0.05
8045 546 0.05
8045 1139 0.01
8045 10874 0.2
8045 6963 0.2
8045 5457 0.2
8045 9041 0.01
8045 2310 0.05
8045 6508 0.2
8045 2631 0.05
8045 3788 0.05
8045 3592 0.01
8045 11226 0.05
8045 12615 0.05
8045 4152 0.2
8045 940 0.05
8045 2509 0.2
8045 7737 0.2
8045 2968 0.2
8045 349 0.2
8045 3797 0.01
8045 3388 0.2
8045 7543 0.05
8045 3179 0.2
8045 8512 0.01
8045 11455 0.05
8045 7355 0.2
8045 9792 0.05
8045 9318 0.2
8045 1961 0.01
8045 1549 0.01
8045 10082 0.05
8045 10280 0.2
8045 11905 0.01
8045 11465 0.2
8045 1503 0.01
8045 3606 0.01
8045 8822 0.2
8045 8334 0.2
8045 2357 0.05
8045 12187 0.05
8045 5978 0.01
8045 2371 0.05
8045 3373 0.01
8045 10522 0.01
8045 9349 0.05
8045 165 0.01
8045 4409 0.2
8045 1840 0.05
8045 12600 0.05
8045 9136 0.2
8045 574 0.01
8045 4597 0.01
8045 1023 0.01
8045 3408 0.01
8045 4213 0.05
8045 4416 0.2
8045 10529 0.05
8045 11870 0.01
8045 9142 0.2
8045 964 0.01
8045 1164 0.01
8046 8081 0.2
8046 3199 0.05
8046 11852 0.05
8046 5145 0.2
8046 4152 0.2
8046 164 0.2
8050 4152 0.2
8052 8098 0.05
8054 4152 0.05
8055 8334 0.01
8055 8574 0.2
8055 6947 0.05
8055 1295 0.2
8055 1387 0.01
8055 12388 0.2
8055 6756 0.05
8055 10824 0.05
8055 10740 0.2
8055 8875 0.05
8056 1857 0.05
8056 6492 0.01
8056 11695 0.2
8056 2916 0.2
8056 3954 0.01
8057 4152 0.05
8058 9397 0.2
8060 4152 0.05
8061 9954 0.05
8062 4152 0.2
8064 9088 0.01
8065 5239 0.01
8065 10037 0.01
8065 7283 0.05
8065 10141 0.2
8066 7369 0.01
8066 11887 0.05
8066 4846 0.05
8067 4152 0.01
8068 4152 0.01
8069 4152 0.2
8070 5266 0.2
8070 1303 0.05
8070 8378 0.01
8070 2134 0.05
8071 9531 0.05
8071 3698 0.2
8071 1318 0.05
8071 2692 0.05
8071 8032 0.01
8071 5482 0.01
8071 9088 0.01
8071 3568 0.05
8071 1622 0.2
8071 12123 0.05
8071 10204 0.2
8071 5554 0.01
8071 2283 0.01
8072 2493 0.01
8072 2776 0.01
8072 11103 0.01
8072 7859 0.2
8072 640 0.01
8073 11340 0.05
8073 7121 0.05
8073 10096 0.01
8075 5356 0.01
8075 367 0.2
8075 5218 0.2
8075 11961 0.2
8075 4615 0.01
8075 10835 0.2
8075 1084 0.01
8075 9288 0.2
8075 9339 0.05
8075 6479 0.2
8075 1704 0.2
8075 9624 0.01
8075 9733 0.2
8075 11127 0.05
8075 12335 0.01
8075 11992 0.01
8075 9128 0.01
8075 10037 0.01
8075 5554 0.05
8075 12401 0.2
8075 11571 0.2
8075 1319 0.2
8075 5482 0.2
8075 8045 0.01
8075 4042 0.01
8075 4152 0.01
8075 2283 0.2
8076 4152 0.05
8077 4615 0.01
8080 5679 0.2
8080 207 0.05
8080 9694 0.05
8080 2983 0.05
8080 10266 0.2
8081 3199 0.05
8081 4152 0.01
8081 8046 0.01
8082 4250 0.01
8082 9088 0.05
8082 11695 0.01
8082 11326 0.01
8083 4152 0.01
8084 5123 0.2
8085 4152 0.05
8086 9088 0.01
8087 9531 0.2
8087 3842 0.05
8087 191 0.01
8087 9359 0.2
8087 5482 0.05
8087 9720 0.05
8087 1468 0.2
8087 10442 0.01
8087 6093 0.05
8087 10037 0.2
8087 3568 0.2
8088 7471 0.01
8088 11931 0.05
8088 672 0.2
8088 4005 0.2
8088 7105 0.05
8088 8428 0.01
8088 2637 0.2
8088 7810 0.05
8088 113 0.05
8088 12513 0.01
8088 5960 0.01
8088 4808 0.2
8088 4130 0.2
8088 511 0.2
8088 9026 0.05
8088 4619 0.05
8088 8573 0.05
8088 8293 0.01
8088 8790 0.2
8088 6923 0.2
8088 10094 0.01
8088 2381 0.01
8088 5373 0.05
8089 10042 0.01
8090 3698 0.01
8090 3618 0.2
8090 5482 0.01
8090 9608 0.2
8090 12376 0.05
8090 11695 0.2
8090 11920 0.2
8090 4152 0.05
8090 1684 0.2
8091 3025 0.01
8092 12531 0.01
8092 4152 0.05
8092 5847 0.01
8092 5554 0.01
8092 6807 0.2
8093 3175 0.01
8093 1884 0.01
8093 2310 0.01
8093 3625 0.05
8093 10811 0.01
8093 10608 0.05
8093 5145 0.01
8093 4263 0.01
8093 6241 0.01
8093 12311 0.05
8093 1622 0.01
8093 4152 0.01
8093 3504 0.2
8093 3114 0.2
8093 9320 0.2
8095 1964 0.01
8096 4152 0.01
8097 9531 0.2
8097 4701 0.01
8098 12552 0.2
8098 8609 0.05
8098 91 0.2
8098 12213 0.01
8098 7295 0.2
8098 1319 0.05
8098 5554 0.01
8098 9014 0.05
8098 3217 0.05
8098 3254 0.01
8098 7810 0.2
8098 7641 0.01
8098 7006 0.05
8098 10533 0.2
8098 9167 0.01
8098 8052 0.2
8098 2896 0.01
8098 11554 0.2
8099 2926 0.01
8099 9733 0.05
8099 12238 0.2
8099 9843 0.05
8099 4454 0.01
8099 438 0.01
8099 1730 0.05
8099 4700 0.05
8099 9088 0.2
8099 5145 0.05
8099 5970 0.2
8099 12534 0.05
8099 4152 0.2
8100 4844 0.2
8100 2572 0.05
8102 4139 0.01
8103 10811 0.01
8103 9288 0.01
8103 9088 0.01
8103 5145 0.05
8103 1622 0.05
8103 4152 0.05
8103 5554 0.05
8104 11971 0.01
8104 7875 0.01
8104 9733 0.05
8104 6460 0.01
8104 3469 0.05
8104 10791 0.05
8104 8681 0.05
8104 8944 0.2
8104 4525 0.05
8104 11111 0.01
8104 11737 0.01
8104 11434 0.2
8104 11788 0.2
8104 3403 0.05
8104 2797 0.05
8104 10884 0.2
8104 9129 0.05
8104 3788 0.2
8104 9992 0.01
8104 9435 0.01
8104 10168 0.05
8104 6584 0.2
8104 1054 0.2
8104 7691 0.01
8104 1468 0.05
8104 5844 0.05
8104 10811 0.05
8104 10086 0.01
8104 446 0.2
8104 4250 0.05
8104 9501 0.2
8104 5554 0.01
8104 5343 0.2
8104 211 0.01
8104 5916 0.2
8104 9843 0.01
8104 10698 0.05
8104 5482 0.01
8104 9088 0.01
8104 4042 0.05
8104 2228 0.01
8104 4152 0.05
8104 2334 0.01
8105 4152 0.2
8108 4265 0.2
8108 9078 0.05
8108 8737 0.2
8108 6163 0.2
8108 10811 0.2
8108 10037 0.05
8108 9088 0.01
8108 2016 0.2
8108 5066 0.2
8108 10081 0.01
8108 1622 0.01
8108 4152 0.05
8108 1791 0.01
8108 8764 0.2
8108 12489 0.05
8110 10037 0.05
8112 494 0.01
8114 4152 0.2
8115 4152 0.01
8116 8609 0.2
8116 10736 0.01
8116 4329 0.01
8116 3052 0.2
8116 8512 0.2
8116 8568 0.01
8116 8170 0.05
8116 4021 0.2
8116 6664 0.2
8116 12234 0.01
8116 9167 0.05
8116 8648 0.2
8116 4619 0.05
8116 7843 0.2
8116 2845 0.05
8118 174 0.01
8118 10197 0.05
8118 10703 0.05
8118 3469 0.2
8118 8887 0.01
8118 1622 0.2
8118 2143 0.2
8118 6416 0.05
8118 541 0.05
8118 3785 0.05
8118 4484 0.01
8118 6754 0.05
8118 12556 0.2
8118 9288 0.2
8118 11434 0.01
8118 7702 0.2
8118 9339 0.05
8118 7494 0.01
8118 7344 0.01
8118 4080 0.01
8118 3388 0.01
8118 11130 0.05
8118 10811 0.01
8118 12000 0.05
8118 9720 0.05
8118 5145 0.2
8118 9495 0.2
8118 2923 0.05
8118 8917 0.01
8118 749 0.05
8118 8574 0.05
8118 8525 0.2
8118 5482 0.2
8118 6989 0.2
8118 730 0.2
8118 9088 0.01
8118 2016 0.05
8118 12534 0.01
8118 1329 0.01
8118 12592 0.01
8118 4152 0.05
8119 1422 0.05
8120 4152 0.2
8121 5487 0.2
8121 2434 0.01
8121 4615 0.01
8121 4846 0.01
8121 7767 0.05
8121 5272 0.05
8121 2193 0.2
8121 3217 0.2
8121 9531 0.01
8121 6540 0.2
8121 9433 0.2
8121 11025 0.05
8121 831 0.01
8121 4738 0.2
8121 6368 0.05
8121 8512 0.01
8121 5795 0.05
8121 7641 0.01
8121 10382 0.01
8121 6546 0.2
8121 1622 0.01
8121 8920 0.05
8121 7806 0.2
8121 682 0.05
8121 9658 0.2
8122 11015 0.05
8122 320 0.2
8122 1319 0.2
8122 1468 0.05
8122 9531 0.2
8122 9088 0.01
8122 5172 0.01
8122 5066 0.05
8122 1622 0.2
8122 4152 0.05
8122 1759 0.2
8122 10037 0.05
8122 3114 0.05
8123 11614 0.05
8123 6178 0.05
8123 4657 0.05
8123 3894 0.2
8123 8568 0.2
8123 1995 0.01
8123 6803 0.01
8123 10774 0.2
8123 4848 0.01
8123 430 0.05
8123 1181 0.2
8124 53 0.2
8124 8568 0.01
8125 11758 0.01
8126 9351 0.2
8127 3190 0.05
8128 9531 0.05
8131 4152 0.05
8132 2940 0.05
8132 941 0.01
8132 9558 0.05
8132 174 0.05
8132 5993 0.05
8132 6707 0.2
8132 4371 0.01
8132 11535 0.01
8132 7625 0.05
8132 871 0.01
8132 3915 0.2
8132 10699 0.2
8132 3469 0.05
8132 6673 0.2
8132 5492 0.2
8132 7734 0.05
8132 5805 0.01
8132 7575 0.01
8132 461 0.05
8132 2483 0.2
8132 4701 0.01
8132 5071 0.01
8132 3842 0.01
8132 11788 0.01
8132 191 0.01
8132 2737 0.05
8132 3818 0.2
8132 6754 0.2
8132 290 0.2
8132 11224 0.05
8132 4152 0.01
8132 9531 0.01
8132 12325 0.2
8132 1862 0.01
8132 7213 0.05
8132 11695 0.05
8132 4387 0.05
8132 6460 0.2
8132 9342 0.2
8132 9817 0.01
8132 10875 0.01
8132 11505 0.2
8132 1468 0.2
8132 5842 0.2
8132 5036 0.2
8132 3802 0.2
8132 5116 0.2
8132 3118 0.2
8132 10531 0.2
8132 12626 0.01
8132 11954 0.01
8132 8729 0.2
8132 1622 0.05
8132 4450 0.05
8132 2367 0.05
8132 5554 0.01
8132 7655 0.2
8132 2478 0.01
8132 7136 0.2
8132 1527 0.01
8132 10495 0.2
8132 9843 0.2
8132 9359 0.2
8132 5519 0.2
8132 5482 0.05
8132 1704 0.2
8132 6892 0.2
8132 1752 0.01
8132 9088 0.05
8132 4042 0.01
8132 2470 0.2
8132 7095 0.05
8132 12401 0.2
8132 3409 0.05
8133 1757 0.01
8134 4152 0.01
8135 4152 0.01
8135 8519 0.2
8136 1372 0.2
8137 5071 0.05
8137 12552 0.2
8137 10177 0.2
8137 69 0.2
8137 11140 0.2
8137 6756 0.05
8137 11815 0.01
8137 4259 0.2
8137 11695 0.05
8137 7548 0.2
8137 7252 0.2
8137 4808 0.2
8138 4152 0.2
8138 9088 0.2
8139 4152 0.05
8140 9031 0.2
8142 9928 0.2
8143 3175 0.01
8143 10811 0.2
8143 9088 0.05
8143 5145 0.01
8143 4213 0.2
8143 4152 0.05
8144 9630 0.05
8144 6486 0.2
8144 7810 0.01
8146 9674 0.01
8146 4701 0.2
8148 4152 0.2
8149 9067 0.01
8149 10744 0.2
8151 1237 0.01
8151 1468 0.05
8151 3481 0.01
8151 766 0.05
8151 5239 0.2
8151 3560 0.05
8151 1730 0.2
8151 1240 0.2
8151 9624 0.2
8152 9088 0.2
8154 4152 0.2
8156 4152 0.05
8157 4152 0.05
8159 8512 0.05
8160 4152 0.05
8162 4152 0.2
8163 3024 0.2
8163 2597 0.2
8163 11213 0.05
8163 2159 0.05
8163 1563 0.05
8164 9531 0.01
8165 4522 0.01
8165 1422 0.05
8167 1224 0.05
8167 10811 0.2
8167 418 0.01
8167 4522 0.2
8167 9088 0.05
8167 5145 0.01
8167 1622 0.05
8167 4152 0.2
8167 5554 0.05
8168 8227 0.05
8168 5413 0.2
8168 4152 0.01
8168 2016 0.05
8168 10037 0.05
8169 7917 0.05
8169 9720 0.2
8169 191 0.01
8169 10664 0.2
8169 9893 0.05
8169 70 0.01
8169 5842 0.2
8169 4487 0.05
8169 12072 0.01
8169 10511 0.05
8169 7898 0.2
8169 9975 0.2
8169 10094 0.2
8169 4166 0.01
8170 3254 0.2
8170 9807 0.2
8170 6278 0.05
8170 12620 0.2
8171 4152 0.2
8173 6799 0.2
8173 6789 0.2
8173 7375 0.2
8173 5819 0.01
8173 11737 0.05
8173 9003 0.2
8173 430 0.2
8173 9329 0.2
8173 5071 0.05
8173 11015 0.05
8173 11489 0.2
8173 5123 0.05
8173 11492 0.05
8173 731 0.2
8173 3532 0.01
8173 2197 0.2
8173 8504 0.05
8173 9674 0.05
8173 9339 0.05
8173 4152 0.2
8173 299 0.2
8173 6969 0.01
8173 1346 0.05
8173 9783 0.05
8173 3388 0.2
8173 10811 0.05
8173 8817 0.01
8173 3191 0.05
8173 5145 0.2
8173 1622 0.01
8173 10775 0.05
8173 7647 0.2
8173 11571 0.01
8173 4991 0.01
8173 10588 0.05
8173 9088 0.2
8173 12537 0.2
8173 12401 0.01
8173 7468 0.2
8174 10037 0.05
8175 4152 0.05
8176 4152 0.05
8177 174 0.01
8177 953 0.2
8177 3503 0.2
8177 5482 0.01
8177 10037 0.05
8177 11363 0.2
8177 494 0.01
8177 9088 0.2
8177 8613 0.2
8177 4793 0.01
8177 9975 0.05
8177 9339 0.2
8177 4152 0.2
8177 2265 0.01
8177 6128 0.05
8177 3185 0.2
8177 12403 0.01
8178 5889 0.01
8179 4152 0.01
8180 4152 0.01
8181 12552 0.2
8181 2969 0.2
8181 3454 0.2
8181 7810 0.05
8181 8045 0.05
8181 11121 0.01
8181 1622 0.01
8181 9656 0.01
8181 10533 0.05
8182 9088 0.2
8184 4796 0.2
8184 7375 0.2
8184 10450 0.05
8184 992 0.01
8184 846 0.2
8184 8510 0.05
8184 5873 0.2
8184 9946 0.01
8184 11214 0.2
8184 6405 0.01
8184 10197 0.01
8184 10588 0.01
8184 811 0.01
8184 9410 0.2
8184 11127 0.05
8184 9082 0.05
8184 5028 0.01
8184 7929 0.01
8184 2644 0.05
8184 11434 0.01
8184 431 0.05
8185 6550 0.2
8187 12581 0.2
8188 4152 0.2
8189 885 0.05
8190 4152 0.01
8191 4152 0.05
8193 7670 0.2
8193 9438 0.05
8193 5490 0.01
8193 10366 0.05
8193 4145 0.2
8193 9099 0.2
8193 11003 0.01
8193 9706 0.01
8194 4152 0.01
8196 9088 0.01
8196 4166 0.01
8197 4522 0.05
8198 187 0.05
8199 4152 0.05
8199 9640 0.01
8200 11196 0.05
8201 1682 0.05
8202 8415 0.2
8202 275 0.05
8202 10381 0.01
8202 7585 0.2
8202 11601 0.01
8202 4152 0.2
8206 4152 0.05
8207 12552 0.05
8207 2424 0.05
8207 10668 0.05
8207 898 0.2
8207 7910 0.05
8207 9531 0.01
8207 1216 0.01
8207 7719 0.01
8207 1622 0.01
8207 1527 0.05
8208 5071 0.01
8208 5698 0.05
8208 3409 0.05
8208 11539 0.01
8208 2692 0.01
8208 8616 0.05
8208 10495 0.05
8208 10209 0.05
8208 9760 0.05
8208 1906 0.2
8208 12376 0.05
8208 9088 0.05
8208 12577 0.05
8208 10769 0.01
8208 5931 0.01
8208 9039 0.01
8208 4152 0.2
8208 4862 0.2
8208 3562 0.01
8208 5577 0.2
8209 4152 0.2
8210 4152 0.01
8212 4152 0.2
8212 11326 0.01
8213 7294 0.05
8213 8574 0.2
8213 1413 0.2
8213 2908 0.01
8213 3656 0.05
8213 7721 0.05
8213 9466 0.01
8213 4487 0.05
8213 1505 0.2
8213 11670 0.05
8213 10627 0.01
8214 1319 0.01
8216 4152 0.01
8217 9531 0.01
8217 3217 0.2
8217 2896 0.2
8217 9923 0.01
8218 9484 0.2
8219 2528 0.2
8219 2416 0.2
8219 3190 0.01
8219 8935 0.05
8219 6978 0.05
8220 5239 0.05
8221 4152 0.05
8224 4152 0.05
8225 12407 0.2
8225 4102 0.2
8225 8393 0.05
8225 7926 0.01
8226 5487 0.2
8226 4066 0.01
8226 9971 0.05
8226 3676 0.05
8226 926 0.05
8226 2896 0.05
8226 12129 0.05
8226 4433 0.2
8226 8170 0.05
8226 9531 0.01
8226 6673 0.01
8226 7394 0.05
8226 795 0.01
8226 518 0.2
8226 2004 0.05
8226 898 0.05
8226 4040 0.01
8226 1961 0.05
8226 9167 0.05
8226 1292 0.05
8226 11359 0.2
8226 9843 0.2
8226 12063 0.2
8226 10483 0.05
8226 6142 0.01
8226 2437 0.01
8226 9851 0.2
8226 7073 0.01
8226 9658 0.05
8227 5413 0.05
8227 4152 0.01
8227 8168 0.2
8227 7303 0.2
8228 9463 0.2
8228 4152 0.01
8228 9088 0.05
8228 2016 0.2
8231 9088 0.05
8232 4152 0.01
8233 1622 0.01
8234 1230 0.2
8234 7133 0.01
8234 5795 0.2
8235 4615 0.2
8236 10695 0.01
8237 11348 0.05
8237 223 0.2
8237 3503 0.05
8237 2373 0.2
8237 12073 0.2
8237 8865 0.01
8237 9715 0.05
8237 3776 0.2
8237 5120 0.01
8237 4461 0.01
8240 1566 0.2
8240 8574 0.01
8240 4387 0.01
8240 4336 0.01
8240 1757 0.2
8240 10703 0.05
8240 5863 0.05
8240 11012 0.05
8240 12376 0.2
8240 9720 0.01
8240 9088 0.05
8240 12513 0.01
8240 12057 0.05
8240 9339 0.2
8240 4152 0.01
8240 10037 0.05
8240 6370 0.2
8241 4152 0.05
8241 8512 0.01
8242 4152 0.2
8243 4522 0.01
8244 9288 0.05
8245 4152 0.2
8249 211 0.01
8250 12602 0.01
8252 5071 0.01
8252 4152 0.01
8252 3787 0.01
8253 7641 0.2
8253 5977 0.01
8253 5795 0.05
8254 2398 0.05
8258 871 0.2
8258 4152 0.01
8258 10811 0.05
8258 3114 0.05
8258 3469 0.2
8260 10736 0.05
8260 8533 0.01
8261 4152 0.01
8261 9088 0.05
8262 4152 0.01
8264 11842 0.2
8264 4148 0.01
8264 12172 0.2
8267 4152 0.2
8270 4152 0.01
8271 1224 0.2
8271 5066 0.01
8271 11434 0.2
8271 2896 0.01
8271 545 0.2
8271 6996 0.2
8271 1186 0.2
8271 9531 0.01
8271 11695 0.2
8271 6126 0.2
8271 10983 0.01
8271 1468 0.2
8271 10811 0.05
8271 4250 0.2
8271 1622 0.2
8271 6041 0.01
8271 4152 0.01
8271 9843 0.01
8271 7863 0.05
8271 10528 0.01
8271 9088 0.01
8271 4042 0.05
8271 12534 0.01
8271 3448 0.01
8271 1527 0.01
8272 5145 0.05
8273 11121 0.01
8273 11247 0.01
8277 4152 0.2
8278 10037 0.01
8279 2223 0.01
8279 5145 0.2
8280 10316 0.01
8281 10777 0.2
8282 11233 0.05
8282 5938 0.05
8282 10606 0.2
8282 7810 0.05
8282 518 0.01
8283 4152 0.05
8283 6827 0.01
8283 4146 0.05
8286 3906 0.05
8287 5487 0.2
8287 9531 0.2
8287 191 0.05
8287 10753 0.05
8287 8677 0.2
8287 9605 0.2
8287 5510 0.2
8287 8672 0.05
8287 4537 0.01
8287 2317 0.2
8287 4264 0.01
8287 6305 0.01
8287 11326 0.05
8287 1759 0.01
8287 10037 0.01
8287 7613 0.01
8288 10037 0.2
8288 3408 0.2
8289 8935 0.2
8289 174 0.2
8289 1319 0.2
8289 3585 0.2
8289 8478 0.01
8289 4040 0.01
8289 574 0.01
8289 9088 0.05
8289 430 0.2
8289 6508 0.2
8291 4152 0.01
8292 4152 0.05
8293 4090 0.05
8293 12213 0.05
8293 11437 0.2
8293 12635 0.05
8293 6540 0.05
8293 2276 0.2
8293 2434 0.2
8293 8512 0.05
8293 1579 0.01
8293 9923 0.2
8293 7810 0.05
8293 3320 0.05
8293 8088 0.05
8293 6890 0.01
8293 4277 0.2
8293 1622 0.05
8293 4152 0.2
8293 4727 0.01
8294 2507 0.2
8295 9088 0.05
8296 4152 0.05
8297 7592 0.05
8297 174 0.01
8297 876 0.2
8297 871 0.2
8297 2622 0.05
8297 9715 0.05
8297 4962 0.01
8297 7576 0.05
8297 592 0.05
8297 10456 0.01
8297 10367 0.05
8297 3618 0.2
8297 1346 0.05
8297 7494 0.2
8297 739 0.05
8297 1468 0.05
8297 1757 0.05
8297 9605 0.2
8297 11091 0.2
8297 254 0.05
8297 11910 0.01
8297 1622 0.05
8297 7409 0.01
8297 10037 0.2
8297 5554 0.2
8297 8623 0.2
8297 4152 0.05
8297 5916 0.05
8297 9793 0.05
8297 1675 0.05
8297 11043 0.05
8297 1319 0.05
8297 3506 0.01
8297 9088 0.05
8297 10141 0.01
8297 11870 0.01
8297 3409 0.2
8297 9868 0.2
8298 3600 0.2
8298 4152 0.2
8298 2766 0.05
8299 2473 0.01
8299 12224 0.2
8299 4329 0.05
8299 7127 0.01
8299 5795 0.05
8299 1422 0.2
8299 8361 0.01
8300 4152 0.2
8301 4320 0.01
8301 4152 0.2
8301 3172 0.01
8303 4152 0.05
8304 4152 0.2
8305 438 0.2
8305 1527 0.01
8305 174 0.2
8305 2242 0.2
8305 6719 0.05
8306 1216 0.05
8306 174 0.01
8306 5992 0.05
8306 5218 0.01
8306 9233 0.01
8306 10495 0.05
8306 9715 0.01
8306 7324 0.05
8306 4793 0.01
8306 8613 0.2
8306 390 0.2
8306 191 0.05
8306 12084 0.01
8306 24 0.05
8306 2398 0.05
8306 9531 0.2
8306 7213 0.2
8306 9339 0.05
8306 8361 0.2
8306 5721 0.2
8306 11012 0.01
8306 4808 0.01
8306 5600 0.01
8306 10120 0.2
8306 2004 0.2
8306 1757 0.05
8306 1814 0.05
8306 8568 0.05
8306 10086 0.05
8306 4250 0.2
8306 1422 0.05
8306 1622 0.2
8306 4450 0.01
8306 211 0.01
8306 8574 0.05
8306 12482 0.2
8306 8381 0.2
8306 9359 0.01
8306 8292 0.01
8306 5805 0.01
8306 2016 0.05
8306 10141 0.01
8306 11921 0.2
8306 11923 0.2
8306 11318 0.05
8306 6246 0.01
8306 12335 0.05
8306 6460 0.2
8306 11326 0.2
8306 7663 0.05
8306 11540 0.01
8306 5066 0.05
8306 9975 0.01
8306 5071 0.01
8306 1970 0.2
8306 10367 0.2
8306 3618 0.01
8306 766 0.2
8306 7625 0.2
8306 1237 0.2
8306 6673 0.05
8306 3114 0.2
8306 12513 0.01
8306 7543 0.2
8306 4042 0.05
8306 7265 0.01
8306 11127 0.2
8306 2266 0.01
8306 85 0.05
8306 4499 0.01
8306 7647 0.2
8306 234 0.2
8306 9793 0.2
8306 1675 0.2
8306 137 0.05
8306 8055 0.05
8306 7283 0.01
8306 10588 0.05
8306 9605 0.01
8306 2470 0.01
8306 6508 0.05
8306 10195 0.05
8306 2888 0.2
8306 871 0.01
8306 7426 0.2
8306 12545 0.01
8306 672 0.05
8306 9609 0.05
8306 4525 0.01
8306 1884 0.05
8306 10204 0.01
8306 2896 0.01
8306 4701 0.05
8306 11984 0.2
8306 7888 0.2
8306 12376 0.05
8306 9619 0.2
8306 1700 0.05
8306 4336 0.2
8306 6128 0.05
8306 7691 0.05
8306 10811 0.2
8306 6093 0.01
8306 5145 0.2
8306 11083 0.05
8306 6003 0.05
8306 3253 0.01
8306 10037 0.2
8306 518 0.01
8306 2718 0.05
8306 9843 0.01
8306 1319 0.01
8306 1704 0.01
8306 2515 0.2
8306 9088 0.01
8306 12401 0.01
8306 2334 0.2
8306 8104 0.05
8306 10587 0.01
8306 724 0.01
8306 8681 0.05
8306 10782 0.2
8306 8894 0.2
8306 932 0.05
8306 3583 0.01
8306 3585 0.2
8306 6754 0.01
8306 9288 0.01
8306 9673 0.05
8306 8319 0.01
8306 602 0.01
8306 1409 0.05
8306 11651 0.2
8306 3388 0.05
8306 5964 0.2
8306 8512 0.05
8306 4395 0.01
8306 4991 0.2
8306 5239 0.2
8306 4770 0.01
8306 4595 0.2
8306 11462 0.2
8306 3397 0.2
8306 8917 0.01
8306 5554 0.01
8306 1371 0.01
8306 3409 0.01
8306 2737 0.2
8306 10690 0.01
8306 955 0.2
8306 9919 0.05
8306 12577 0.05
8306 1527 0.2
8306 10698 0.2
8306 11116 0.05
8307 5239 0.05
8311 2637 0.2
8312 6492 0.05
8313 4152 0.2
8314 9088 0.2
8314 4448 0.2
8314 9339 0.2
8314 1622 0.05
8314 4152 0.2
8314 2964 0.01
8316 5071 0.2
8316 10495 0.05
8316 9088 0.05
8316 6508 0.2
8316 2101 0.2
8317 10037 0.05
8318 4152 0.2
8319 7038 0.05
8319 3199 0.05
8319 1360 0.01
8319 8108 0.05
8319 3625 0.01
8319 6405 0.05
8319 5011 0.2
8319 3205 0.2
8319 3469 0.2
8319 5379 0.2
8319 5066 0.2
8319 12411 0.05
8319 11434 0.2
8319 9980 0.2
8319 5272 0.01
8319 10931 0.01
8319 10608 0.05
8319 8737 0.01
8319 234 0.05
8319 885 0.05
8319 11695 0.01
8319 3114 0.05
8319 11500 0.2
8319 218 0.01
8319 8859 0.05
8319 3389 0.05
8319 1857 0.01
8319 10811 0.2
8319 1417 0.05
8319 6592 0.01
8319 7223 0.01
8319 9698 0.01
8319 4193 0.05
8319 5145 0.2
8319 3800 0.01
8319 9352 0.05
8319 10592 0.05
8319 9203 0.05
8319 1622 0.2
8319 1314 0.2
8319 1019 0.2
8319 6908 0.2
8319 5916 0.05
8319 6140 0.05
8319 2276 0.2
8319 9647 0.01
8319 2515 0.2
8319 9088 0.2
8319 6992 0.05
8319 4263 0.01
8319 7290 0.2
8319 12592 0.05
8319 4152 0.05
8320 2507 0.05
8320 5992 0.01
8320 8104 0.05
8320 1158 0.05
8320 9904 0.2
8320 1242 0.2
8320 9088 0.01
8320 5071 0.05
8320 3114 0.2
8320 5455 0.05
8320 8867 0.2
8320 4152 0.2
8320 12364 0.05
8320 5554 0.2
8320 5115 0.2
8321 8366 0.01
8321 3568 0.05
8321 1829 0.05
8321 871 0.2
8321 351 0.2
8321 12158 0.01
8321 1622 0.2
8322 7858 0.01
8323 4152 0.01
8324 4152 0.05
8325 4152 0.2
8327 4152 0.05
8328 1230 0.01
8328 12552 0.05
8328 12084 0.2
8328 788 0.01
8328 2790 0.2
8328 7838 0.05
8328 1622 0.05
8328 12123 0.05
8328 518 0.05
8329 8609 0.05
8329 174 0.01
8329 5482 0.2
8329 494 0.2
8329 9531 0.2
8329 4991 0.2
8329 1622 0.05
8329 4152 0.01
8331 9088 0.01
8331 12364 0.05
8332 4152 0.05
8333 4152 0.01
8334 1837 0.05
8334 3990 0.01
8334 174 0.05
8334 5671 0.2
8334 11130 0.2
8334 7526 0.01
8334 5346 0.01
8334 6756 0.01
8334 11815 0.01
8334 672 0.2
8334 8055 0.01
8334 4250 0.2
8334 8681 0.2
8334 4152 0.05
8334 2367 0.2
8336 4522 0.01
8338 9088 0.2
8340 10811 0.05
8341 1622 0.05
8341 4152 0.2
8341 12123 0.05
8342 4803 0.2
8343 4152 0.2
8344 2297 0.2
8344 8536 0.2
8344 12213 0.2
8344 1727 0.05
8344 2137 0.2
8344 9439 0.01
8344 4315 0.01
8344 675 0.01
8344 5938 0.01
8344 7588 0.05
8344 10095 0.2
8345 4152 0.05
8346 4152 0.01
8347 9466 0.2
8348 6046 0.2
8348 2434 0.01
8348 2339 0.01
8349 4152 0.2
8350 9088 0.05
8352 1622 0.2
8352 7369 0.2
8353 2888 0.01
8354 3338 0.2
8355 4152 0.05
8356 4152 0.2
8358 140 0.2
8358 10000 0.01
8360 6883 0.01
8361 10099 0.01
8361 174 0.01
8361 9919 0.2
8361 10495 0.05
8361 9329 0.05
8361 3842 0.01
8361 10316 0.05
8361 9531 0.2
8361 4133 0.05
8361 9339 0.2
8361 7218 0.01
8361 5600 0.01
8361 5794 0.05
8361 8574 0.05
8361 8568 0.05
8361 10086 0.2
8361 1422 0.01
8361 1622 0.2
8361 7409 0.2
8361 9958 0.05
8361 6654 0.2
8361 2016 0.01
8361 224 0.2
8361 8992 0.2
8361 9975 0.01
8361 5071 0.01
8361 4851 0.05
8361 3618 0.05
8361 6852 0.2
8361 8613 0.05
8361 1468 0.2
8361 5844 0.2
8361 12335 0.2
8361 6492 0.05
8361 254 0.05
8361 255 0.05
8361 5681 0.05
8361 1527 0.01
8361 5482 0.05
8361 3506 0.01
8361 1683 0.2
8361 2283 0.01
8361 9233 0.05
8361 276 0.01
8361 7302 0.05
8361 3114 0.2
8361 10409 0.2
8361 9614 0.05
8361 11164 0.2
8361 11788 0.05
8361 10811 0.01
8361 6326 0.01
8361 5145 0.05
8361 7324 0.05
8361 10037 0.01
8361 905 0.05
8361 9843 0.01
8361 8379 0.05
8361 8668 0.05
8361 8478 0.2
8361 9647 0.01
8361 9088 0.05
8361 4152 0.05
8361 9856 0.01
8361 8299 0.2
8361 3361 0.01
8361 5931 0.05
8361 8306 0.05
8361 536 0.05
8361 8681 0.2
8361 11434 0.2
8361 6982 0.2
8361 6754 0.2
8361 9480 0.2
8361 3381 0.05
8361 9114 0.2
8361 2357 0.2
8361 3990 0.2
8361 3797 0.05
8361 3388 0.05
8361 3994 0.05
8361 5554 0.05
8361 2981 0.05
8361 1158 0.05
8361 9904 0.2
8361 6389 0.05
8361 11043 0.05
8361 9700 0.05
8361 2172 0.01
8361 9510 0.01
8361 10698 0.05
8362 4152 0.01
8363 8636 0.01
8365 5071 0.2
8365 1240 0.01
8365 9288 0.2
8365 9975 0.2
8365 8045 0.2
8365 9088 0.01
8365 2470 0.05
8365 4152 0.01
8366 2734 0.2
8366 2637 0.05
8366 8321 0.2
8366 7104 0.05
8366 1622 0.01
8366 1683 0.2
8367 4152 0.05
8371 2651 0.05
8371 5209 0.2
8372 4152 0.01
8375 10698 0.2
8375 10811 0.2
8375 10495 0.01
8375 1622 0.05
8375 4152 0.05
8375 10204 0.01
8376 5487 0.2
8376 1230 0.2
8377 4152 0.01
8378 5071 0.01
8378 7082 0.01
8378 1009 0.05
8378 12163 0.2
8378 2134 0.05
8378 1303 0.05
8378 8070 0.05
8378 9088 0.2
8378 3167 0.01
8378 5266 0.05
8378 4152 0.2
8378 6508 0.2
8379 8361 0.05
8380 4840 0.05
8380 9387 0.01
8380 4941 0.01
8380 1541 0.05
8380 699 0.05
8381 5287 0.2
8381 1704 0.05
8381 5805 0.01
8382 4152 0.2
8383 8689 0.01
8383 8751 0.2
8383 7111 0.01
8383 5872 0.01
8383 10610 0.05
8383 1138 0.01
8383 5288 0.2
8383 12217 0.05
8383 3599 0.05
8383 3254 0.2
8383 4781 0.05
8383 91 0.2
8383 4619 0.01
8383 5151 0.05
8383 3899 0.01
8384 6347 0.01
8384 6887 0.05
8384 3205 0.01
8384 12545 0.01
8384 24 0.2
8384 4700 0.01
8384 7719 0.05
8384 381 0.2
8384 10782 0.05
8384 8789 0.01
8384 11434 0.01
8384 387 0.01
8384 8118 0.01
8384 8899 0.05
8384 438 0.2
8384 234 0.01
8384 6754 0.2
8384 9288 0.2
8384 9619 0.05
8384 8854 0.01
8384 3764 0.2
8384 9733 0.05
8384 7691 0.2
8384 249 0.2
8384 9222 0.01
8384 1622 0.05
8384 1527 0.05
8384 9843 0.05
8384 8976 0.05
8384 2276 0.05
8384 1014 0.01
8384 9088 0.01
8384 2016 0.01
8384 1975 0.01
8384 12534 0.2
8384 4152 0.01
8384 8672 0.01
8384 7369 0.2
8385 4522 0.2
8386 1759 0.01
8386 7073 0.05
8386 12590 0.2
8386 9433 0.01
8386 1622 0.2
8386 11247 0.05
8387 6299 0.2
8389 4152 0.01
8391 9033 0.05
8392 4152 0.05
8392 9582 0.01
8392 2318 0.05
8392 5253 0.2
8392 11043 0.05
8392 6335 0.05
8392 10811 0.2
8392 11599 0.2
8392 9720 0.05
8392 11600 0.2
8392 8613 0.05
8392 11923 0.05
8392 1829 0.01
8392 9975 0.05
8392 4619 0.05
8392 10310 0.05
8392 1899 0.2
8392 11706 0.05
8392 3750 0.01
8392 4808 0.2
8393 8920 0.01
8393 8609 0.01
8393 9185 0.2
8393 2986 0.2
8393 7810 0.2
8393 2881 0.2
8393 7926 0.01
8393 6747 0.05
8393 6060 0.01
8394 1622 0.01
8395 2507 0.01
8396 9088 0.2
8398 4152 0.2
8399 1865 0.2
8399 12084 0.2
8399 518 0.05
8399 9531 0.05
8399 2016 0.2
8399 1422 0.01
8399 6245 0.05
8399 7324 0.2
8399 11921 0.05
8399 1527 0.05
8399 1759 0.2
8399 6479 0.2
8399 2242 0.2
8399 4701 0.2
8400 4152 0.05
8401 11945 0.01
8401 11678 0.2
8401 2135 0.2
8401 4988 0.01
8401 11413 0.2
8401 4152 0.2
8401 7424 0.05
8402 6787 0.05
8402 91 0.01
8402 2061 0.05
8402 3251 0.01
8402 12218 0.01
8402 1297 0.01
8402 12052 0.01
8402 1997 0.2
8403 9088 0.01
8404 4152 0.2
8406 4336 0.01
8407 2470 0.2
8408 2054 0.2
8408 8512 0.2
8408 9167 0.05
8409 10037 0.01
8410 4152 0.2
8411 4152 0.01
8412 6043 0.01
8413 2507 0.2
8413 6416 0.01
8413 11375 0.01
8413 11571 0.01
8413 6460 0.05
8413 4592 0.05
8413 9088 0.2
8413 7951 0.05
8413 12040 0.05
8413 4152 0.01
8414 3469 0.05
8415 8202 0.2
8416 3899 0.05
8417 6469 0.2
8417 6876 0.05
8417 5637 0.01
8418 5487 0.05
8418 3869 0.2
8418 9531 0.2
8418 9619 0.2
8418 9605 0.05
8418 11241 0.01
8418 7324 0.05
8419 12513 0.01
8420 2846 0.2
8420 6173 0.05
8420 4152 0.2
8422 4522 0.05
8423 4152 0.01
8424 10095 0.2
8425 3190 0.01
8425 6440 0.01
8426 10450 0.01
8426 5460 0.2
8426 2277 0.05
8426 3388 0.05
8426 10495 0.2
8426 11130 0.01
8426 5482 0.05
8426 9287 0.05
8426 1321 0.01
8426 6508 0.2
8426 6303 0.01
8426 9088 0.05
8426 11239 0.01
8426 9495 0.2
8426 4152 0.2
8426 11434 0.01
8427 4152 0.01
8428 5487 0.05
8428 7813 0.2
8428 6407 0.2
8428 12118 0.05
8428 2727 0.2
8428 4066 0.2
8428 1579 0.05
8428 1230 0.05
8428 11884 0.01
8428 6592 0.05
8428 7806 0.05
8428 10606 0.01
8428 387 0.01
8428 5272 0.2
8428 6334 0.01
8428 12123 0.05
8428 11073 0.05
8428 438 0.2
8428 7725 0.2
8428 788 0.01
8428 1961 0.01
8428 9531 0.05
8428 4384 0.05
8428 676 0.01
8428 9167 0.05
8428 7536 0.2
8428 518 0.05
8428 8750 0.2
8428 7017 0.2
8428 2004 0.05
8428 6540 0.01
8428 4927 0.01
8428 2159 0.01
8428 8512 0.05
8428 3181 0.01
8428 12190 0.2
8428 8088 0.2
8428 7886 0.2
8428 8137 0.01
8428 12436 0.01
8428 1292 0.2
8428 4089 0.05
8428 11188 0.05
8428 8976 0.01
8428 137 0.05
8428 3394 0.2
8428 5805 0.01
8428 10641 0.05
8428 9650 0.01
8428 10540 0.2
8429 8121 0.01
8430 1622 0.05
8431 10447 0.05
8434 518 0.05
8436 2329 0.05
8437 2256 0.05
8439 4152 0.2
8440 4152 0.2
8441 4152 0.2
8442 10376 0.2
8444 4152 0.2
8445 5822 0.01
8445 5071 0.2
8445 4666 0.05
8445 5916 0.05
8445 1233 0.2
8445 452 0.01
8445 10055 0.05
8445 11130 0.01
8445 10749 0.01
8445 4487 0.05
8445 8568 0.05
8445 4166 0.2
8445 9700 0.2
8445 11160 0.01
8445 4857 0.05
8445 9339 0.2
8445 9088 0.05
8445 10037 0.2
8446 4152 0.05
8447 7165 0.05
8447 3238 0.2
8447 9088 0.05
8447 11695 0.01
8447 8613 0.2
8447 4152 0.05
8447 6508 0.05
8448 4152 0.05
8449 9088 0.2
8450 4152 0.01
8451 174 0.05
8451 4066 0.05
8451 9923 0.2
8451 11540 0.2
8451 2896 0.05
8451 9720 0.2
8451 191 0.2
8451 3340 0.05
8451 9361 0.05
8451 4738 0.2
8451 70 0.01
8451 8568 0.01
8451 4040 0.01
8451 6546 0.2
8451 7324 0.01
8451 10037 0.2
8451 749 0.01
8451 8574 0.2
8451 6335 0.01
8451 1319 0.05
8451 9359 0.2
8451 9088 0.2
8451 88 0.05
8451 4559 0.05
8452 4152 0.2
8452 9088 0.05
8452 11934 0.2
8452 4282 0.05
8453 2256 0.01
8454 10872 0.01
8455 4152 0.2
8456 4152 0.05
8457 8541 0.01
8457 10095 0.01
8458 6673 0.2
8458 11695 0.2
8458 2888 0.05
8458 5554 0.05
8459 7780 0.2
8460 5329 0.2
8460 8512 0.2
8460 9624 0.05
8460 11121 0.01
8460 1622 0.05
8460 2751 0.05
8460 2896 0.01
8460 8866 0.05
8461 3643 0.05
8461 4152 0.01
8461 3114 0.2
8461 3469 0.2
8462 6540 0.2
8464 4152 0.05
8465 7810 0.01
8466 2329 0.01
8467 9088 0.01
8468 10702 0.01
8468 1624 0.2
8468 91 0.01
8468 5832 0.01
8468 4066 0.01
8468 8568 0.2
8468 1515 0.2
8468 11528 0.01
8468 2896 0.2
8469 4152 0.01
8470 898 0.01
8471 10037 0.2
8472 46 0.2
8472 4152 0.05
8473 12568 0.01
8473 4289 0.05
8473 2689 0.01
8473 8641 0.2
8474 4152 0.01
8475 4152 0.01
8476 4152 0.05
8477 2629 0.05
8477 417 0.2
8477 10495 0.2
8477 10811 0.01
8477 5226 0.05
8477 8124 0.2
8477 10921 0.01
8477 9677 0.01
8477 1527 0.2
8477 5554 0.2
8477 3018 0.01
8478 5071 0.01
8478 5135 0.05
8478 174 0.01
8478 1319 0.01
8478 8289 0.05
8478 4329 0.05
8478 24 0.01
8478 5482 0.05
8478 10811 0.05
8478 12376 0.05
8478 2535 0.01
8478 9088 0.01
8478 9605 0.2
8478 7663 0.2
8478 9339 0.05
8478 8361 0.05
8478 4152 0.01
8478 430 0.2
8478 2896 0.05
8478 3409 0.01
8479 12461 0.05
8479 1757 0.05
8479 871 0.05
8479 7749 0.2
8479 1949 0.05
8479 9088 0.2
8479 7811 0.2
8479 10782 0.05
8479 4152 0.05
8479 7421 0.2
8479 3114 0.2
8479 7780 0.2
8480 11943 0.05
8480 4152 0.05
8480 9088 0.05
8480 2505 0.05
8480 12534 0.2
8481 2144 0.05
8481 9127 0.2
8481 982 0.2
8481 9978 0.05
8481 1141 0.05
8481 9088 0.01
8481 724 0.05
8481 4711 0.05
8481 5038 0.2
8481 9561 0.01
8481 4152 0.2
8481 10037 0.2
8483 721 0.05
8483 108 0.01
8483 7259 0.2
8483 2447 0.2
8483 12460 0.2
8483 5113 0.01
8484 4152 0.05
8485 3094 0.01
8486 11309 0.05
8486 1527 0.2
8486 11043 0.05
8486 24 0.05
8486 7625 0.01
8487 4152 0.2
8488 2016 0.01
8488 8672 0.2
8489 4152 0.05
8490 4152 0.01
8491 32 0.2
8493 11488 0.05
8494 4152 0.01
8495 4152 0.2
8496 4152 0.2
8497 9088 0.05
8499 11309 0.01
8499 4152 0.01
8500 4250 0.05
8502 3691 0.2
8503 5482 0.2
8503 8512 0.2
8503 1319 0.2
8504 5487 0.01
8504 8173 0.01
8504 3025 0.05
8504 174 0.2
8504 12123 0.05
8504 5435 0.01
8504 12552 0.01
8504 1227 0.2
8504 4701 0.2
8504 6963 0.2
8504 9531 0.01
8504 6673 0.01
8504 8791 0.05
8504 5953 0.05
8504 9167 0.05
8504 1622 0.05
8504 4152 0.2
8504 7893 0.05
8504 5554 0.05
8504 10421 0.01
8505 5992 0.01
8506 1108 0.01
8507 4152 0.01
8508 5554 0.2
8509 3722 0.01
8510 9571 0.05
8510 11127 0.2
8510 1319 0.05
8510 1675 0.2
8510 4409 0.05
8510 10588 0.05
8510 9088 0.01
8510 5028 0.01
8510 12592 0.2
8510 4152 0.2
8510 2644 0.2
8510 8184 0.01
8511 4152 0.05
8512 5328 0.01
8512 91 0.01
8512 7304 0.2
8512 1224 0.05
8512 5671 0.2
8512 5482 0.01
8512 9922 0.01
8512 11326 0.2
8512 7603 0.01
8512 672 0.01
8512 12223 0.2
8512 7823 0.05
8512 1036 0.05
8512 10782 0.01
8512 8116 0.2
8512 4005 0.2
8512 3114 0.01
8512 5071 0.2
8512 8898 0.01
8512 191 0.05
8512 679 0.01
8512 10141 0.05
8512 6962 0.2
8512 8121 0.01
8512 12376 0.2
8512 7810 0.05
8512 11695 0.01
8512 12513 0.01
8512 7302 0.2
8512 6371 0.01
8512 11012 0.2
8512 6969 0.01
8512 6971 0.05
8512 6318 0.2
8512 8306 0.2
8512 12568 0.01
8512 12330 0.05
8512 6639 0.05
8512 8568 0.2
8512 4593 0.05
8512 5145 0.2
8512 9026 0.2
8512 11239 0.01
8512 7666 0.2
8512 10037 0.01
8512 3254 0.05
8512 1319 0.05
8512 10689 0.2
8512 4991 0.05
8512 1029 0.01
8512 6128 0.01
8512 10867 0.2
8512 9700 0.01
8512 9088 0.01
8512 760 0.05
8512 4250 0.05
8512 4152 0.05
8512 10395 0.01
8512 3408 0.01
8512 10474 0.2
8514 5487 0.2
8514 174 0.01
8514 3570 0.01
8514 11326 0.01
8514 7521 0.05
8514 5066 0.2
8514 2451 0.2
8514 3114 0.01
8514 3842 0.05
8514 11938 0.2
8514 9339 0.2
8514 4152 0.05
8514 11127 0.05
8514 1468 0.01
8514 7543 0.01
8514 5239 0.01
8514 515 0.2
8514 1622 0.2
8514 2776 0.2
8514 9088 0.05
8514 11921 0.2
8514 12401 0.01
8515 4152 0.05
8516 4152 0.05
8517 4216 0.2
8517 5487 0.05
8517 6000 0.01
8517 2992 0.01
8517 5010 0.05
8517 1579 0.01
8517 9923 0.05
8517 4021 0.01
8517 10307 0.01
8517 7767 0.01
8517 7980 0.01
8517 9918 0.01
8517 3847 0.01
8517 7325 0.2
8517 9531 0.01
8517 6630 0.2
8517 10812 0.2
8517 1729 0.01
8517 4809 0.2
8517 2208 0.01
8517 4325 0.01
8517 9175 0.01
8517 3033 0.01
8517 1002 0.05
8517 10533 0.2
8517 1430 0.05
8517 3515 0.2
8517 8006 0.01
8517 4826 0.01
8517 7414 0.2
8517 2224 0.2
8517 10138 0.2
8517 5052 0.01
8517 644 0.2
8517 5188 0.2
8517 9753 0.2
8517 12492 0.2
8517 4064 0.2
8517 1226 0.01
8517 10620 0.2
8517 2434 0.05
8517 1833 0.2
8517 1230 0.05
8517 8997 0.05
8517 5068 0.05
8517 2036 0.01
8517 8609 0.01
8517 9851 0.01
8517 438 0.2
8517 7838 0.01
8517 6006 0.2
8517 7262 0.2
8517 7629 0.2
8517 6843 0.01
8517 10570 0.2
8517 12330 0.01
8517 5649 0.01
8517 10575 0.2
8517 7856 0.01
8517 9405 0.01
8517 4503 0.05
8517 2276 0.05
8517 137 0.2
8517 8430 0.2
8517 7465 0.2
8517 8827 0.01
8517 2077 0.01
8517 6703 0.05
8517 1279 0.01
8517 869 0.01
8517 10969 0.05
8517 7717 0.2
8517 2896 0.05
8517 12552 0.05
8517 10798 0.01
8517 2909 0.05
8517 6322 0.2
8517 12181 0.2
8517 4927 0.01
8517 9337 0.05
8517 12190 0.01
8517 371 0.01
8517 7324 0.2
8517 10037 0.01
8517 4727 0.2
8517 12635 0.2
8517 6733 0.2
8517 1727 0.01
8517 404 0.2
8517 11766 0.01
8517 4731 0.2
8517 12590 0.05
8517 4088 0.05
8517 5524 0.01
8517 3286 0.05
8517 12213 0.01
8517 4755 0.01
8517 8173 0.01
8517 6944 0.2
8517 4159 0.01
8517 5727 0.01
8517 2073 0.01
8517 9987 0.01
8517 2953 0.05
8517 6174 0.05
8517 11437 0.2
8517 1942 0.05
8517 7167 0.05
8517 1350 0.01
8517 4577 0.05
8517 2149 0.01
8517 10673 0.05
8517 3169 0.2
8517 152 0.05
8517 9298 0.05
8517 6374 0.05
8517 8512 0.01
8517 564 0.2
8517 4991 0.05
8517 6184 0.05
8517 5142 0.05
8517 3189 0.2
8517 12063 0.01
8517 3190 0.05
8517 12033 0.2
8517 11254 0.2
8517 760 0.05
8517 1585 0.01
8517 7369 0.01
8518 4152 0.01
8519 8135 0.05
8520 5487 0.2
8520 11619 0.01
8520 8820 0.01
8520 9193 0.05
8520 9807 0.01
8520 7376 0.01
8520 12545 0.2
8520 3672 0.05
8520 9047 0.2
8520 12403 0.2
8520 1759 0.2
8520 11221 0.01
8520 2794 0.01
8520 1468 0.2
8520 10976 0.2
8520 7012 0.2
8520 191 0.01
8520 10365 0.05
8520 11220 0.2
8520 6996 0.05
8520 6754 0.01
8520 3688 0.01
8520 12594 0.2
8520 3942 0.2
8520 7681 0.05
8520 9531 0.01
8520 8613 0.01
8520 1355 0.05
8520 9167 0.05
8520 12422 0.05
8520 3383 0.01
8520 4808 0.01
8520 2345 0.05
8520 9020 0.2
8520 10144 0.2
8520 2468 0.05
8520 335 0.05
8520 1645 0.2
8520 5239 0.05
8520 9232 0.05
8520 4101 0.2
8520 5145 0.2
8520 10737 0.01
8520 7324 0.2
8520 1622 0.01
8520 11326 0.01
8520 3340 0.01
8520 6818 0.2
8520 1371 0.05
8520 211 0.01
8520 12401 0.01
8520 5916 0.05
8520 7903 0.01
8520 3501 0.2
8520 2372 0.2
8520 1651 0.05
8520 5517 0.2
8520 3254 0.01
8520 6235 0.01
8520 8150 0.2
8520 11922 0.05
8520 12489 0.01
8520 11526 0.05
8520 12534 0.2
8520 10141 0.01
8520 4152 0.2
8520 7461 0.05
8520 6508 0.01
8520 8681 0.01
8521 4152 0.01
8522 4522 0.01
8523 4152 0.05
8524 4152 0.01
8525 8118 0.01
8525 174 0.05
8525 12123 0.05
8525 2468 0.2
8525 4066 0.05
8525 12556 0.05
8525 10037 0.05
8525 9088 0.2
8525 6673 0.2
8525 12534 0.2
8525 4152 0.2
8525 2954 0.2
8527 6013 0.01
8527 12469 0.2
8527 1711 0.2
8527 9088 0.01
8527 1105 0.01
8527 4983 0.05
8529 4152 0.05
8530 9229 0.2
8530 1757 0.2
8530 3254 0.01
8530 12554 0.2
8531 10965 0.05
8531 11319 0.01
8531 1625 0.01
8531 10197 0.2
8531 9410 0.05
8531 9088 0.2
8531 2016 0.2
8531 5970 0.01
8531 12534 0.2
8531 4152 0.05
8531 5857 0.2
8531 5555 0.05
8532 8462 0.2
8533 1796 0.05
8533 173 0.05
8533 9560 0.05
8533 7810 0.01
8533 1971 0.01
8533 4135 0.2
8534 4803 0.01
8535 9605 0.2
8536 8344 0.05
8537 4152 0.01
8537 7532 0.01
8538 12640 0.05
8539 4152 0.2
8540 4152 0.01
8541 8457 0.01
8542 4152 0.05
8543 4152 0.05
8544 438 0.2
8544 3625 0.2
8544 4152 0.01
8544 9088 0.2
8544 10811 0.2
8546 7176 0.05
8547 9088 0.01
8548 7218 0.05
8549 545 0.2
8550 4152 0.2
8551 4152 0.01
8552 5139 0.01
8553 9407 0.01
8553 1831 0.2
8553 8568 0.01
8553 9700 0.01
8553 10084 0.05
8553 11695 0.2
8553 5926 0.01
8553 4732 0.05
8553 7480 0.05
8554 9700 0.05
8554 4152 0.05
8554 1422 0.2
8555 438 0.05
8558 4152 0.05
8560 1319 0.05
8561 4152 0.05
8562 4152 0.2
8564 4152 0.05
8566 10096 0.2
8567 2711 0.05
8568 5397 0.2
8568 1216 0.05
8568 174 0.01
8568 3414 0.05
8568 9919 0.01
8568 5369 0.05
8568 11481 0.01
8568 12522 0.01
8568 9715 0.01
8568 4793 0.05
8568 5992 0.01
8568 7009 0.01
8568 780 0.05
8568 9720 0.05
8568 5227 0.05
8568 6852 0.01
8568 8553 0.2
8568 1352 0.05
8568 9531 0.05
8568 11695 0.05
8568 10495 0.01
8568 3691 0.01
8568 8361 0.05
8568 10633 0.05
8568 1409 0.2
8568 10120 0.05
8568 1412 0.01
8568 2004 0.2
8568 1757 0.01
8568 6229 0.01
8568 4040 0.2
8568 10086 0.05
8568 4250 0.05
8568 1422 0.01
8568 8000 0.05
8568 950 0.05
8568 1622 0.01
8568 12401 0.2
8568 11326 0.01
8568 3018 0.2
8568 12294 0.05
8568 8574 0.2
8568 6819 0.01
8568 615 0.2
8568 8381 0.05
8568 11310 0.01
8568 4259 0.01
8568 2016 0.05
8568 7418 0.2
8568 3874 0.05
8568 11921 0.01
8568 3504 0.01
8568 11533 0.05
8568 12115 0.05
8568 9366 0.01
8568 7816 0.01
8568 4066 0.05
8568 1831 0.01
8568 2257 0.01
8568 5452 0.2
8568 3469 0.2
8568 7663 0.01
8568 9491 0.05
8568 12311 0.2
8568 12499 0.2
8568 9975 0.01
8568 2015 0.05
8568 9570 0.05
8568 9980 0.05
8568 1650 0.2
8568 5071 0.2
8568 9983 0.05
8568 5118 0.05
8568 6498 0.05
8568 438 0.05
8568 10367 0.01
8568 3618 0.2
8568 2637 0.05
8568 7625 0.2
8568 9777 0.01
8568 1468 0.05
8568 4487 0.2
8568 10938 0.05
8568 5964 0.01
8568 4042 0.05
8568 4290 0.05
8568 4078 0.01
8568 5794 0.05
8568 9020 0.01
8568 7818 0.01
8568 766 0.05
8568 4675 0.2
8568 70 0.05
8568 1857 0.2
8568 2265 0.2
8568 679 0.05
8568 6685 0.05
8568 6492 0.05
8568 8618 0.2
8568 8619 0.05
8568 11529 0.2
8568 6291 0.05
8568 3281 0.05
8568 6093 0.01
8568 8334 0.01
8568 7863 0.01
8568 9793 0.01
8568 1675 0.01
8568 11913 0.01
8568 1527 0.2
8568 11961 0.05
8568 12335 0.2
8568 9410 0.01
8568 4884 0.01
8568 3507 0.05
8568 12534 0.01
8568 9605 0.01
8568 6508 0.2
8568 5114 0.05
8568 2283 0.2
8568 9038 0.05
8568 7875 0.05
8568 11973 0.2
8568 11318 0.01
8568 7265 0.2
8568 871 0.01
8568 1078 0.2
8568 672 0.2
8568 11782 0.05
8568 4525 0.2
8568 1884 0.01
8568 10204 0.05
8568 4701 0.2
8568 12376 0.01
8568 11788 0.2
8568 2095 0.05
8568 7888 0.2
8568 9244 0.01
8568 11598 0.2
8568 8451 0.05
8568 7312 0.2
8568 6673 0.2
8568 1505 0.05
8568 7683 0.01
8568 116 0.2
8568 6126 0.01
8568 5229 0.05
8568 9671 0.01
8568 4340 0.2
8568 9309 0.2
8568 502 0.2
8568 1707 0.01
8568 10220 0.05
8568 10811 0.2
8568 3545 0.05
8568 7647 0.01
8568 6504 0.2
8568 8306 0.01
8568 9339 0.01
8568 1717 0.01
8568 4938 0.05
8568 2923 0.2
8568 10037 0.05
8568 518 0.01
8568 6335 0.01
8568 5916 0.05
8568 9843 0.2
8568 1319 0.2
8568 11571 0.05
8568 8875 0.2
8568 4149 0.05
8568 9088 0.01
8568 211 0.2
8568 4152 0.05
8568 11196 0.05
8568 1814 0.01
8568 5356 0.01
8568 9094 0.2
8568 5482 0.05
8568 8124 0.01
8568 7923 0.05
8568 324 0.2
8568 12602 0.05
8568 8681 0.2
8568 10782 0.2
8568 11434 0.2
8568 10662 0.05
8568 5734 0.2
8568 7165 0.01
8568 9668 0.05
8568 2737 0.01
8568 8316 0.2
8568 6756 0.05
8568 2351 0.05
8568 9673 0.05
8568 7171 0.2
8568 5629 0.2
8568 1355 0.05
8568 309 0.05
8568 9003 0.2
8568 3388 0.05
8568 7543 0.05
8568 11654 0.01
8568 8512 0.01
8568 6377 0.2
8568 5970 0.2
8568 8755 0.05
8568 10863 0.2
8568 5554 0.2
8568 749 0.05
8568 7957 0.05
8568 1158 0.01
8568 6389 0.05
8568 10690 0.05
8568 7749 0.01
8568 5761 0.2
8568 12201 0.01
8568 574 0.01
8568 10695 0.01
8568 1781 0.05
8568 12577 0.2
8568 11870 0.2
8568 3409 0.01
8568 10698 0.2
8568 3620 0.05
8570 4152 0.01
8571 4152 0.05
8572 4152 0.05
8573 8173 0.05
8573 5329 0.2
8573 5872 0.2
8573 2636 0.05
8573 9491 0.2
8573 8088 0.05
8573 5297 0.2
8573 4040 0.01
8573 9531 0.01
8573 293 0.05
8573 9528 0.2
8573 10782 0.01
8573 10606 0.05
8573 10095 0.2
8574 4018 0.01
8574 7005 0.2
8574 4793 0.01
8574 7407 0.01
8574 3842 0.05
8574 191 0.05
8574 11695 0.2
8574 11481 0.2
8574 9339 0.2
8574 8361 0.05
8574 5600 0.2
8574 8240 0.01
8574 1814 0.2
8574 8568 0.2
8574 10086 0.01
8574 4250 0.01
8574 1622 0.01
8574 4450 0.05
8574 3018 0.01
8574 211 0.05
8574 12482 0.2
8574 6446 0.01
8574 11102 0.01
8574 4042 0.2
8574 7811 0.2
8574 1441 0.2
8574 1829 0.05
8574 10149 0.2
8574 5071 0.2
8574 11745 0.05
8574 10367 0.05
8574 3618 0.05
8574 12513 0.01
8574 239 0.2
8574 9020 0.2
8574 70 0.01
8574 1857 0.01
8574 7647 0.05
8574 10778 0.2
8574 5482 0.05
8574 8055 0.2
8574 9605 0.05
8574 2470 0.01
8574 2888 0.2
8574 871 0.05
8574 672 0.01
8574 4525 0.2
8574 1087 0.2
8574 5118 0.2
8574 10204 0.01
8574 3114 0.05
8574 11788 0.2
8574 2692 0.05
8574 7312 0.01
8574 6126 0.2
8574 6128 0.01
8574 4341 0.2
8574 7691 0.01
8574 7321 0.05
8574 12577 0.01
8574 12581 0.2
8574 10037 0.2
8574 9843 0.05
8574 1319 0.2
8574 4922 0.05
8574 9088 0.05
8574 6340 0.2
8574 12401 0.05
8574 11196 0.2
8574 7749 0.2
8574 5931 0.01
8574 8681 0.2
8574 4962 0.01
8574 10089 0.01
8574 12411 0.01
8574 6161 0.05
8574 8118 0.05
8574 7165 0.05
8574 2737 0.05
8574 3585 0.2
8574 6754 0.05
8574 10073 0.2
8574 9480 0.05
8574 4152 0.01
8574 344 0.01
8574 10852 0.05
8574 6590 0.2
8574 5239 0.2
8574 10863 0.01
8574 5554 0.2
8574 10690 0.2
8574 367 0.01
8574 5761 0.2
8574 3481 0.05
8574 3409 0.01
8574 10698 0.2
8575 6347 0.2
8575 4506 0.2
8575 9904 0.05
8575 11695 0.01
8575 10811 0.2
8575 3833 0.01
8575 4660 0.05
8575 9088 0.2
8575 2016 0.2
8575 5926 0.01
8575 8737 0.01
8575 1622 0.05
8575 4152 0.01
8575 3114 0.01
8576 3238 0.05
8578 9088 0.05
8579 3535 0.05
8579 10489 0.05
8580 9387 0.05
8581 4152 0.2
8583 5482 0.2
8584 24 0.01
8584 2248 0.01
8584 7725 0.2
8584 1014 0.2
8584 4522 0.01
8584 9088 0.01
8584 11434 0.2
8584 5554 0.05
8585 4152 0.05
8586 6010 0.05
8587 4152 0.01
8588 4152 0.2
8591 4152 0.05
8592 4152 0.05
8593 174 0.01
8593 12139 0.2
8593 1319 0.2
8593 5842 0.2
8593 5918 0.2
8593 6251 0.2
8593 10414 0.05
8593 4042 0.2
8593 9605 0.01
8593 9339 0.01
8593 2010 0.05
8594 4152 0.2
8595 4152 0.2
8595 9088 0.05
8595 6673 0.05
8595 9843 0.2
8595 8512 0.2
8597 9088 0.2
8598 2637 0.05
8600 12242 0.05
8600 2300 0.01
8600 10037 0.01
8600 6281 0.05
8601 7303 0.2
8601 5721 0.2
8601 9843 0.01
8601 10220 0.2
8601 5081 0.01
8601 2291 0.05
8601 12513 0.01
8601 4450 0.01
8601 4537 0.05
8601 11540 0.01
8601 1422 0.01
8601 7663 0.01
8601 4793 0.2
8601 1527 0.2
8601 430 0.2
8602 9167 0.01
8602 7852 0.2
8602 2896 0.01
8602 4701 0.01
8604 5487 0.05
8604 9531 0.05
8606 9975 0.2
8606 4152 0.2
8607 9531 0.01
8608 3246 0.2
8608 288 0.05
8609 5447 0.2
8609 4519 0.05
8609 8393 0.05
8609 7376 0.2
8609 2790 0.01
8609 8116 0.01
8609 4005 0.2
8609 4166 0.05
8609 9003 0.05
8609 3164 0.2
8609 10367 0.01
8609 3585 0.2
8609 2637 0.01
8609 5369 0.2
8609 8613 0.2
8609 10716 0.05
8609 9167 0.05
8609 6987 0.01
8609 4714 0.05
8609 8348 0.05
8609 10271 0.05
8609 6590 0.2
8609 12598 0.2
8609 10811 0.01
8609 12145 0.01
8609 1567 0.2
8609 1530 0.01
8609 8329 0.01
8609 4619 0.01
8609 9442 0.2
8609 11660 0.2
8609 5048 0.05
8609 10824 0.01
8609 7285 0.2
8609 9508 0.2
8609 4152 0.01
8609 1683 0.05
8610 12213 0.01
8610 1759 0.01
8610 6709 0.05
8610 9531 0.2
8610 4550 0.01
8610 10533 0.2
8611 1622 0.2
8611 9088 0.2
8612 2771 0.2
8613 174 0.05
8613 7217 0.2
8613 4615 0.2
8613 426 0.05
8613 4622 0.2
8613 11887 0.01
8613 6416 0.01
8613 191 0.01
8613 12463 0.05
8613 8170 0.2
8613 9531 0.01
8613 1705 0.2
8613 8361 0.2
8613 11285 0.01
8613 7219 0.05
8613 11702 0.2
8613 6639 0.05
8613 9174 0.2
8613 8177 0.01
8613 8568 0.2
8613 1622 0.2
8613 8574 0.2
8613 9359 0.05
8613 2016 0.05
8613 11526 0.2
8613 4057 0.05
8613 11921 0.2
8613 1219 0.05
8613 6060 0.05
8613 6246 0.2
8613 1224 0.01
8613 8392 0.2
8613 1227 0.05
8613 11326 0.05
8613 9565 0.01
8613 4846 0.05
8613 5071 0.05
8613 8609 0.2
8613 11744 0.05
8613 6851 0.05
8613 9088 0.05
8613 6673 0.05
8613 1468 0.05
8613 12335 0.01
8613 12401 0.05
8613 1527 0.05
8613 5482 0.05
8613 6504 0.05
8613 7875 0.2
8613 5872 0.05
8613 871 0.01
8613 3114 0.2
8613 4701 0.2
8613 8447 0.01
8613 7888 0.2
8613 4336 0.01
8613 2312 0.05
8613 6128 0.2
8613 5066 0.05
8613 8306 0.05
8613 7324 0.05
8613 12581 0.2
8613 5342 0.05
8613 1319 0.01
8613 10641 0.01
8613 4152 0.01
8613 7749 0.05
8613 3568 0.05
8613 9276 0.01
8613 9096 0.01
8613 3570 0.01
8613 10835 0.01
8613 8681 0.05
8613 7926 0.01
8613 10063 0.05
8613 11636 0.2
8613 3585 0.01
8613 4387 0.01
8613 8129 0.01
8613 7543 0.01
8613 8512 0.2
8613 8137 0.05
8613 3395 0.2
8613 8520 0.05
8613 5554 0.05
8613 7747 0.01
8613 5760 0.05
8613 3190 0.05
8613 12444 0.01
8613 959 0.01
8613 4608 0.01
8614 11922 0.2
8615 4152 0.2
8616 6010 0.01
8616 10495 0.05
8616 871 0.05
8616 11695 0.01
8616 3788 0.2
8616 8208 0.05
8616 1527 0.01
8616 2923 0.05
8616 3562 0.01
8617 4152 0.05
8618 5600 0.2
8618 7957 0.05
8618 5436 0.01
8618 1319 0.2
8618 6363 0.01
8618 344 0.05
8619 9020 0.05
8619 6837 0.05
8619 9531 0.2
8619 4962 0.05
8619 5582 0.05
8619 4152 0.01
8620 4152 0.01
8621 2605 0.05
8623 5600 0.2
8623 211 0.2
8623 2888 0.01
8623 1452 0.05
8623 10037 0.2
8623 12376 0.2
8623 8297 0.2
8623 9088 0.01
8623 9715 0.01
8623 9605 0.2
8623 4152 0.05
8623 6128 0.01
8623 592 0.05
8624 4152 0.2
8625 276 0.05
8625 10495 0.2
8625 10703 0.01
8625 672 0.01
8625 489 0.01
8625 5071 0.05
8625 191 0.05
8625 234 0.01
8625 9480 0.01
8625 6219 0.05
8625 6803 0.01
8625 9339 0.01
8625 6128 0.2
8625 9893 0.05
8625 3388 0.2
8625 11130 0.05
8625 1622 0.01
8625 5554 0.2
8625 4365 0.01
8625 4152 0.05
8625 7330 0.01
8625 7865 0.01
8625 11921 0.05
8625 3409 0.2
8625 11043 0.01
8626 4152 0.01
8628 4152 0.05
8628 6803 0.2
8629 5526 0.01
8630 174 0.01
8631 10793 0.01
8633 4152 0.01
8634 2550 0.01
8634 12214 0.2
8636 4152 0.05
8636 8363 0.2
8637 1468 0.2
8637 10367 0.2
8637 561 0.01
8637 5813 0.01
8637 12513 0.2
8637 239 0.2
8638 12376 0.2
8638 4522 0.05
8638 3562 0.01
8639 9786 0.2
8642 4152 0.01
8642 9088 0.05
8642 9068 0.01
8643 1360 0.01
8644 9531 0.2
8645 3547 0.05
8646 3238 0.01
8646 2633 0.05
8646 3388 0.01
8646 10495 0.01
8646 4725 0.01
8646 6754 0.01
8646 10811 0.2
8646 10550 0.01
8646 9088 0.2
8646 4431 0.2
8646 4152 0.2
8646 10698 0.2
8646 2078 0.01
8648 6664 0.2
8648 8116 0.05
8648 5482 0.05
8649 4152 0.05
8650 10200 0.2
8650 12552 0.01
8650 8201 0.01
8650 5226 0.05
8650 7799 0.2
8650 3568 0.05
8650 2957 0.2
8650 871 0.2
8650 7394 0.01
8650 8609 0.05
8650 5805 0.05
8650 9531 0.01
8650 8055 0.05
8650 4217 0.01
8650 11658 0.2
8650 4152 0.2
8650 4701 0.2
8651 12498 0.2
8653 4152 0.2
8654 4152 0.05
8655 4522 0.2
8656 3019 0.2
8657 8512 0.01
8657 10533 0.05
8658 4152 0.05
8659 4152 0.2
8661 4154 0.2
8661 8017 0.05
8661 4786 0.2
8661 1387 0.01
8661 7412 0.2
8661 2088 0.2
8661 3920 0.05
8661 6414 0.05
8661 392 0.05
8661 1525 0.2
8661 12231 0.05
8661 2535 0.05
8661 9782 0.05
8661 2408 0.2
8661 4589 0.2
8661 12388 0.01
8661 2815 0.01
8661 160 0.05
8661 7026 0.05
8661 92 0.2
8661 11713 0.2
8661 10037 0.2
8661 11360 0.01
8661 11469 0.05
8661 2594 0.2
8661 8875 0.2
8661 6990 0.01
8661 107 0.05
8661 11256 0.05
8661 4152 0.01
8662 2276 0.05
8663 3625 0.01
8663 10811 0.2
8663 9088 0.01
8663 5145 0.2
8663 5504 0.05
8663 5066 0.01
8663 4152 0.2
8663 3114 0.2
8664 7588 0.05
8664 4152 0.2
8665 4152 0.2
8667 4152 0.05
8668 8361 0.2
8669 6096 0.01
8670 979 0.05
8671 3388 0.2
8671 4152 0.01
8671 9088 0.2
8671 5482 0.2
8672 4450 0.01
8672 1675 0.2
8672 10811 0.2
8672 9088 0.01
8672 5145 0.01
8672 12534 0.2
8672 2016 0.05
8672 4152 0.2
8672 1346 0.2
8673 9531 0.05
8674 5487 0.2
8675 12461 0.2
8676 4152 0.2
8676 1084 0.01
8677 9068 0.2
8679 438 0.01
8679 9531 0.01
8679 4066 0.2
8679 12552 0.05
8680 854 0.01
8680 4152 0.01
8681 174 0.01
8681 7875 0.01
8681 276 0.2
8681 10495 0.2
8681 8306 0.05
8681 9975 0.2
8681 7719 0.2
8681 4525 0.05
8681 5071 0.05
8681 9720 0.05
8681 7055 0.01
8681 2398 0.2
8681 11695 0.2
8681 10716 0.2
8681 8361 0.01
8681 7218 0.01
8681 7265 0.05
8681 8568 0.01
8681 12531 0.05
8681 3396 0.05
8681 211 0.05
8681 8574 0.2
8681 4152 0.2
8681 3869 0.2
8681 7411 0.05
8681 672 0.2
8681 5661 0.2
8681 10824 0.01
8681 9088 0.05
8681 2333 0.2
8681 9047 0.05
8681 11921 0.01
8681 12401 0.05
8681 8104 0.05
8682 1383 0.05
8682 3312 0.05
8682 12064 0.01
8682 1482 0.05
8682 5468 0.2
8682 12114 0.2
8682 5254 0.2
8682 9985 0.2
8682 2837 0.05
8682 9117 0.01
8682 2502 0.01
8682 3014 0.2
8682 2934 0.2
8682 5395 0.05
8682 6697 0.2
8682 1344 0.2
8682 1320 0.01
8682 9826 0.2
8682 4157 0.01
8682 656 0.01
8684 1387 0.2
8685 6828 0.05
8686 1622 0.01
8688 4374 0.05
8688 9354 0.01
8688 2265 0.05
8689 8383 0.05
8689 11254 0.01
8690 4152 0.01
8691 1527 0.01
8692 739 0.05
8692 1622 0.05
8692 6673 0.2
8692 234 0.05
8692 2004 0.01
8693 12552 0.2
8693 2473 0.05
8693 91 0.05
8693 5709 0.01
8693 2969 0.2
8693 837 0.2
8693 9167 0.05
8693 8512 0.01
8693 6996 0.2
8693 7810 0.2
8693 959 0.05
8693 3899 0.2
8693 9337 0.05
8693 11543 0.2
8693 7843 0.05
8693 2256 0.01
8693 2896 0.01
8694 174 0.2
8694 4152 0.2
8695 4152 0.05
8698 4152 0.05
8699 9088 0.2
8700 11488 0.05
8701 9088 0.05
8702 2473 0.05
8702 10204 0.05
8702 1319 0.2
8703 4152 0.2
8705 5042 0.05
8705 4645 0.01
8705 9408 0.01
8705 5830 0.05
8705 2150 0.01
8705 2849 0.2
8705 10065 0.05
8705 10095 0.01
8707 9531 0.01
8708 5938 0.01
8710 9416 0.01
8711 11468 0.2
8711 4109 0.01
8711 264 0.01
8711 3493 0.2
8713 3469 0.01
8715 4152 0.2
8716 396 0.05
8716 12224 0.01
8716 4728 0.05
8716 1319 0.2
8716 438 0.05
8716 2070 0.01
8716 1961 0.2
8716 8568 0.2
8716 9851 0.01
8716 7641 0.05
8716 9531 0.2
8716 4991 0.05
8716 8532 0.2
8716 9167 0.05
8716 12552 0.01
8716 5554 0.2
8717 7843 0.2
8718 10609 0.01
8718 2813 0.01
8718 8512 0.2
8718 10210 0.01
8718 4437 0.05
8718 1422 0.2
8718 6176 0.05
8718 2896 0.05
8718 4957 0.2
8719 4152 0.01
8721 11488 0.2
8721 7647 0.01
8721 10495 0.05
8721 3879 0.2
8721 551 0.05
8721 1622 0.01
8721 2911 0.01
8721 10050 0.2
8725 1108 0.01
8726 3618 0.01
8726 407 0.2
8726 4910 0.01
8727 9088 0.05
8728 418 0.2
8729 8132 0.2
8730 4734 0.05
8731 7494 0.05
8731 3698 0.2
8731 7647 0.2
8731 5916 0.01
8731 191 0.2
8731 2888 0.05
8731 9793 0.01
8731 10689 0.2
8731 871 0.01
8731 12084 0.05
8731 6229 0.05
8731 5409 0.05
8731 9088 0.05
8731 2016 0.2
8731 1422 0.2
8731 9975 0.2
8731 10782 0.2
8731 3409 0.01
8731 3504 0.2
8731 7691 0.05
8732 3246 0.2
8733 4152 0.05
8734 191 0.2
8737 5926 0.05
8737 12592 0.2
8737 4152 0.05
8737 8575 0.01
8737 4660 0.05
8738 321 0.05
8739 4522 0.01
8740 4152 0.2
8742 8609 0.2
8742 174 0.01
8742 7737 0.2
8742 766 0.01
8742 9088 0.05
8742 4861 0.01
8742 12401 0.05
8742 2896 0.05
8744 4152 0.2
8744 9088 0.2
8745 2256 0.2
8745 91 0.05
8745 11241 0.2
8745 9747 0.2
8745 11075 0.01
8745 6094 0.01
8745 898 0.05
8745 7806 0.05
8745 8031 0.05
8745 9466 0.01
8745 1422 0.2
8745 152 0.05
8745 10095 0.05
8745 2751 0.05
8745 8672 0.2
8745 2896 0.05
8746 1214 0.05
8747 5487 0.05
8750 4152 0.01
8751 8609 0.2
8751 7852 0.01
8751 12213 0.2
8751 6540 0.05
8751 5288 0.2
8751 2837 0.01
8751 173 0.2
8751 3254 0.2
8751 11681 0.05
8751 6546 0.01
8752 4152 0.2
8753 9088 0.2
8753 5554 0.01
8754 4152 0.2
8754 9088 0.05
8754 10811 0.05
8754 2288 0.05
8755 174 0.05
8755 8885 0.01
8755 11980 0.2
8755 9975 0.01
8755 4793 0.05
8755 5071 0.2
8755 6673 0.05
8755 3381 0.2
8755 9677 0.05
8755 4080 0.05
8755 6639 0.01
8755 8568 0.2
8755 8045 0.2
8755 6093 0.2
8755 5435 0.2
8755 5482 0.01
8755 574 0.05
8755 7865 0.05
8755 9088 0.01
8755 10141 0.05
8755 4152 0.05
8755 5113 0.01
8755 9605 0.2
8756 4090 0.05
8756 12552 0.2
8756 4154 0.05
8756 7101 0.2
8756 7412 0.01
8756 438 0.2
8756 1663 0.01
8756 4066 0.05
8756 8512 0.01
8756 8055 0.2
8756 7810 0.05
8756 9531 0.01
8756 12231 0.01
8756 3592 0.01
8756 2896 0.01
8756 518 0.2
8757 4152 0.2
8758 11383 0.2
8759 6269 0.2
8760 5613 0.2
8761 3259 0.05
8761 6039 0.05
8761 4152 0.05
8763 9088 0.2
8764 10081 0.2
8764 4152 0.01
8764 6986 0.05
8764 4419 0.01
8764 6163 0.05
8765 4152 0.01
8766 1814 0.05
8770 9361 0.05
8771 4152 0.2
8772 80 0.05
8773 9088 0.2
8774 4152 0.05
8775 6577 0.01
8776 4152 0.01
8777 9088 0.01
8778 9984 0.01
8779 5487 0.2
8779 719 0.05
8779 6416 0.05
8779 2016 0.01
8779 2428 0.01
8780 7235 0.2
8783 4152 0.05
8784 4152 0.01
8784 9088 0.01
8784 5554 0.2
8785 11204 0.2
8785 5239 0.01
8786 9088 0.01
8787 3925 0.05
8787 12282 0.05
8787 5554 0.05
8787 4000 0.2
8787 4152 0.05
8787 7062 0.05
8787 7238 0.05
8788 9720 0.01
8788 12482 0.05
8788 3403 0.2
8788 10690 0.01
8788 3585 0.01
8788 11879 0.05
8788 3469 0.05
8788 11918 0.05
8788 9700 0.05
8788 11695 0.05
8788 11481 0.05
8788 4042 0.05
8788 9725 0.2
8788 430 0.2
8789 1071 0.01
8789 4152 0.2
8789 10811 0.2
8790 8088 0.01
8790 9531 0.05
8790 3217 0.01
8790 5554 0.01
8791 8504 0.01
8794 9088 0.01
8795 1219 0.05
8796 4152 0.01
8797 4152 0.01
8798 2808 0.2
8798 2403 0.2
8798 9088 0.2
8798 7763 0.05
8799 4152 0.2
8799 9088 0.05
8801 4016 0.05
8802 5145 0.2
8804 3388 0.05
8804 4152 0.2
8805 2324 0.2
8805 2257 0.2
8805 1625 0.2
8805 4454 0.01
8805 10811 0.2
8805 249 0.2
8805 9088 0.2
8805 3397 0.01
8805 3142 0.01
8805 3114 0.05
8806 11137 0.01
8807 1216 0.05
8808 1590 0.2
8808 4152 0.2
8809 9078 0.01
8809 9088 0.01
8810 8920 0.01
8810 4593 0.05
8810 9014 0.01
8810 4329 0.2
8810 7810 0.05
8810 7394 0.2
8810 12590 0.2
8810 7250 0.2
8811 4152 0.05
8812 10716 0.01
8814 12195 0.01
8814 4217 0.01
8815 3010 0.2
8817 9088 0.05
8818 7536 0.05
8818 11247 0.2
8819 5071 0.01
8819 7749 0.01
8819 7625 0.01
8819 7942 0.2
8819 1216 0.05
8819 4152 0.05
8821 9531 0.01
8822 1237 0.2
8823 12407 0.01
8824 1622 0.01
8825 4806 0.01
8826 4152 0.01
8827 4152 0.01
8828 4152 0.05
8831 7465 0.05
8835 12472 0.05
8836 12513 0.01
8836 9435 0.2
8837 4152 0.01
8838 4152 0.05
8839 5482 0.2
8840 7494 0.01
8840 6246 0.05
8840 3842 0.2
8840 12513 0.2
8840 1757 0.01
8840 7913 0.2
8840 12159 0.05
8840 174 0.2
8840 2016 0.2
8840 12503 0.2
8840 6609 0.01
8840 6978 0.01
8840 1216 0.05
8840 3409 0.2
8840 78 0.2
8840 11887 0.05
8840 3370 0.01
8841 10147 0.05
8842 4152 0.05
8843 7017 0.01
8844 10037 0.2
8845 1914 0.01
8846 1704 0.2
8849 1622 0.2
8850 10096 0.2
8851 4727 0.01
8854 4152 0.2
8854 9088 0.05
8856 5446 0.2
8856 8017 0.05
8856 3296 0.01
8856 224 0.2
8856 11085 0.05
8856 1579 0.2
8856 7717 0.05
8856 7412 0.01
8856 12223 0.05
8856 8397 0.01
8856 1230 0.2
8856 926 0.01
8856 7008 0.2
8856 3729 0.05
8856 9002 0.2
8856 12552 0.01
8856 6071 0.2
8856 7936 0.01
8856 7838 0.2
8856 4537 0.01
8856 7536 0.2
8856 7017 0.2
8856 71 0.05
8856 12566 0.01
8856 982 0.05
8856 11233 0.2
8856 2813 0.01
8856 5549 0.2
8856 7073 0.05
8856 8464 0.01
8856 3229 0.01
8856 5971 0.2
8856 12436 0.01
8856 1769 0.01
8856 9078 0.01
8856 9166 0.01
8856 4090 0.01
8856 6984 0.05
8856 521 0.2
8856 3555 0.05
8856 9850 0.01
8856 9851 0.01
8856 1527 0.01
8856 272 0.2
8859 211 0.05
8859 5980 0.01
8859 12527 0.2
8859 3618 0.01
8859 7749 0.01
8859 10811 0.05
8859 7007 0.2
8859 5270 0.01
8859 12257 0.05
8860 2896 0.05
8861 4152 0.05
8863 1757 0.2
8864 12328 0.2
8865 8237 0.05
8865 3503 0.05
8865 1352 0.01
8865 6076 0.2
8865 5120 0.05
8865 1507 0.05
8866 1757 0.2
8866 10120 0.01
8867 5071 0.05
8867 5992 0.05
8867 4152 0.01
8867 64 0.01
8867 9843 0.2
8867 6211 0.01
8867 3768 0.05
8867 9720 0.2
8867 4522 0.01
8867 9088 0.2
8867 5066 0.01
8867 8320 0.2
8867 1622 0.01
8867 1527 0.01
8867 10843 0.05
8868 4152 0.2
8869 4195 0.05
8869 4198 0.01
8870 9716 0.05
8872 4785 0.05
8873 460 0.05
8874 4152 0.2
8875 4753 0.01
8875 4154 0.01
8875 8017 0.01
8875 4786 0.01
8875 11318 0.2
8875 9595 0.05
8875 4066 0.01
8875 9256 0.2
8875 3832 0.01
8875 12556 0.2
8875 3920 0.01
8875 8661 0.01
8875 160 0.2
8875 2088 0.2
8875 11210 0.01
8875 9326 0.2
8875 10782 0.2
8875 1717 0.2
8875 11434 0.01
8875 9873 0.2
8875 6414 0.2
8875 9410 0.2
8875 2992 0.01
8875 191 0.01
8875 3164 0.01
8875 392 0.01
8875 12465 0.05
8875 9777 0.05
8875 6756 0.2
8875 7171 0.2
8875 1099 0.2
8875 10695 0.05
8875 1387 0.2
8875 7536 0.2
8875 2535 0.01
8875 197 0.01
8875 4589 0.05
8875 4341 0.01
8875 406 0.01
8875 1663 0.01
8875 326 0.05
8875 11713 0.2
8875 7394 0.05
8875 4072 0.2
8875 70 0.05
8875 2408 0.2
8875 1857 0.2
8875 1668 0.2
8875 11360 0.2
8875 8568 0.2
8875 2815 0.2
8875 2253 0.01
8875 8055 0.01
8875 7026 0.2
8875 12388 0.2
8875 2594 0.05
8875 9541 0.2
8875 1058 0.01
8875 1622 0.2
8875 107 0.05
8875 10037 0.2
8875 5554 0.01
8875 11609 0.05
8875 11256 0.05
8875 8574 0.01
8875 12401 0.05
8875 11469 0.01
8875 1319 0.01
8875 6990 0.01
8875 1525 0.01
8875 6253 0.01
8875 2015 0.01
8875 3099 0.05
8875 617 0.01
8875 78 0.2
8875 9088 0.01
8875 12231 0.05
8875 2228 0.05
8875 412 0.01
8875 1156 0.2
8875 4152 0.2
8875 5722 0.01
8875 92 0.05
8875 9782 0.05
8875 6492 0.2
8876 4991 0.05
8876 9531 0.01
8876 54 0.2
8876 6827 0.2
8877 7155 0.01
8878 5319 0.2
8878 3842 0.2
8878 430 0.05
8878 10095 0.01
8878 2896 0.05
8879 4231 0.01
8881 11247 0.2
8881 8512 0.01
8881 821 0.05
8881 2896 0.05
8881 9154 0.2
8881 3395 0.05
8881 4040 0.05
8881 9472 0.05
8881 10533 0.2
8881 5779 0.05
8882 4152 0.01
8883 11031 0.05
8883 11005 0.01
8884 4152 0.2
8885 10965 0.2
8885 5487 0.2
8885 276 0.05
8885 4066 0.2
8885 2434 0.01
8885 4700 0.05
8885 4846 0.01
8885 926 0.2
8885 3381 0.05
8885 10318 0.05
8885 11336 0.05
8885 3584 0.05
8885 234 0.05
8885 7116 0.2
8885 8854 0.2
8885 7536 0.01
8885 6128 0.2
8885 4738 0.2
8885 2568 0.2
8885 6609 0.2
8885 7321 0.05
8885 9605 0.2
8885 1563 0.2
8885 8755 0.01
8885 12534 0.05
8885 9026 0.05
8885 3188 0.01
8885 1622 0.2
8885 1473 0.05
8885 10037 0.01
8885 1371 0.05
8885 3281 0.01
8885 4152 0.2
8885 9843 0.2
8885 8051 0.2
8885 7283 0.01
8885 10641 0.05
8885 2016 0.2
8885 6449 0.05
8885 10141 0.05
8885 1527 0.2
8887 2329 0.05
8888 5145 0.05
8889 9088 0.01
8892 9531 0.05
8894 821 0.01
8894 9975 0.2
8894 8544 0.2
8894 8548 0.2
8894 5071 0.05
8894 12032 0.05
8894 4978 0.05
8894 7218 0.05
8894 3388 0.2
8894 8805 0.01
8894 7544 0.2
8894 249 0.05
8894 5145 0.01
8894 5970 0.01
8894 1622 0.01
8894 3340 0.05
8894 4152 0.05
8894 2276 0.05
8894 7888 0.01
8894 9088 0.2
8894 4098 0.2
8894 11529 0.05
8894 9142 0.01
8896 4152 0.05
8897 4152 0.05
8898 8512 0.2
8899 12294 0.2
8899 8737 0.05
8899 9773 0.2
8899 11571 0.05
8899 8384 0.2
8899 9288 0.01
8899 9088 0.01
8899 5145 0.2
8899 9975 0.05
8899 9619 0.01
8899 4152 0.2
8899 10037 0.05
8900 4152 0.05
8901 4152 0.01
8903 7911 0.01
8905 4152 0.05
8907 5369 0.05
8908 6693 0.01
8908 10441 0.2
8908 7014 0.2
8908 1515 0.05
8908 6089 0.05
8908 4152 0.01
8908 2896 0.01
8909 11663 0.05
8910 4152 0.2
8911 4152 0.2
8911 2004 0.01
8912 4152 0.05
8915 4152 0.05
8917 3625 0.2
8917 871 0.2
8917 5066 0.2
8917 61 0.2
8917 12411 0.05
8917 11434 0.05
8917 3114 0.2
8917 8118 0.01
8917 234 0.01
8917 9671 0.05
8917 9288 0.05
8917 9619 0.05
8917 5721 0.01
8917 4152 0.05
8917 6405 0.2
8917 12513 0.05
8917 10220 0.2
8917 6590 0.05
8917 5794 0.01
8917 10811 0.01
8917 6033 0.01
8917 5145 0.05
8917 1622 0.05
8917 7647 0.01
8917 1704 0.01
8917 9088 0.01
8917 2016 0.2
8917 7811 0.01
8917 12592 0.05
8917 3409 0.01
8917 10782 0.05
8918 1468 0.01
8918 12375 0.01
8919 4152 0.05
8920 1383 0.01
8920 1225 0.05
8920 8393 0.2
8920 3435 0.05
8920 7376 0.01
8920 7302 0.01
8920 5881 0.2
8920 7435 0.05
8920 8121 0.2
8920 4579 0.2
8920 10800 0.2
8920 12172 0.05
8920 4130 0.2
8920 6639 0.05
8920 8810 0.01
8920 163 0.05
8920 4619 0.01
8920 10037 0.01
8920 12088 0.05
8920 7278 0.01
8920 5388 0.05
8920 626 0.01
8920 267 0.01
8920 4148 0.2
8920 10046 0.05
8920 11358 0.2
8920 3824 0.01
8920 4016 0.05
8921 9088 0.01
8922 2507 0.01
8923 4152 0.01
8924 6147 0.2
8924 2998 0.01
8924 341 0.2
8924 4167 0.05
8924 6567 0.05
8926 7364 0.05
8927 4152 0.01
8928 405 0.05
8929 1561 0.2
8929 4152 0.2
8931 4152 0.01
8932 6984 0.05
8933 4152 0.2
8934 4152 0.01
8935 1224 0.01
8935 276 0.01
8935 11326 0.01
8935 4525 0.2
8935 9975 0.2
8935 7435 0.2
8935 7691 0.01
8935 10662 0.01
8935 7206 0.2
8935 10367 0.01
8935 3585 0.01
8935 5415 0.2
8935 9935 0.05
8935 2398 0.05
8935 5813 0.2
8935 985 0.01
8935 10938 0.2
8935 6803 0.01
8935 9339 0.05
8935 989 0.2
8935 4808 0.2
8935 5138 0.01
8935 2004 0.05
8935 11232 0.01
8935 5964 0.2
8935 1310 0.05
8935 4040 0.2
8935 12531 0.01
8935 9677 0.05
8935 9900 0.2
8935 1371 0.01
8935 4152 0.2
8935 1319 0.2
8935 11043 0.05
8935 6389 0.05
8935 5482 0.2
8935 8478 0.2
8935 6128 0.01
8935 11492 0.2
8935 1377 0.05
8935 9088 0.01
8935 6340 0.01
8935 2470 0.01
8935 11921 0.01
8935 3409 0.05
8935 955 0.2
8936 4152 0.01
8939 3443 0.01
8940 9258 0.01
8941 10329 0.01
8941 1878 0.05
8941 11815 0.2
8941 9025 0.2
8941 3321 0.2
8941 11403 0.2
8941 9767 0.2
8941 8424 0.01
8943 1188 0.2
8944 8104 0.01
8945 9531 0.2
8945 5554 0.01
8946 10095 0.01
8948 4152 0.2
8949 4152 0.2
8950 4152 0.05
8951 4152 0.01
8952 831 0.05
8952 6996 0.01
8952 3465 0.05
8952 5554 0.05
8959 3190 0.05
8961 5600 0.2
8961 234 0.2
8961 3469 0.05
8961 12513 0.01
8961 4963 0.2
8961 4152 0.05
8961 7448 0.05
8962 4522 0.2
8963 12376 0.05
8963 6504 0.05
8963 12513 0.05
8963 11083 0.05
8963 10774 0.01
8963 1527 0.05
8964 5145 0.01
8965 6984 0.2
8966 4152 0.05
8968 10690 0.2
8970 3625 0.2
8970 10811 0.2
8970 9088 0.01
8970 5145 0.01
8970 5066 0.2
8970 1622 0.05
8970 4152 0.2
8970 6508 0.01
8970 3114 0.05
8970 4701 0.05
8971 4021 0.05
8971 4692 0.2
8972 3766 0.01
8973 7974 0.01
8973 234 0.2
8973 8512 0.05
8973 4040 0.01
8973 9531 0.05
8973 4991 0.01
8973 1257 0.01
8973 7324 0.05
8974 4152 0.2
8975 4152 0.2
8976 4152 0.2
8976 9088 0.01
8977 10483 0.2
8978 4152 0.01
8980 7806 0.05
8982 2496 0.01
8982 10689 0.01
8982 9807 0.05
8982 7376 0.05
8982 6432 0.05
8982 5964 0.01
8982 7757 0.2
8982 2823 0.2
8982 9595 0.2
8983 211 0.01
8984 9088 0.2
8984 11312 0.05
8984 6754 0.01
8984 11326 0.01
8985 10811 0.05
8987 4152 0.05
8988 7998 0.05
8989 12566 0.05
8989 6094 0.05
8989 1227 0.05
8989 898 0.05
8989 10823 0.2
8989 2110 0.01
8989 8170 0.2
8989 4991 0.01
8989 171 0.2
8989 11122 0.2
8989 11922 0.05
8990 4152 0.05
8991 11042 0.05
8992 174 0.2
8992 11788 0.2
8992 3388 0.2
8992 12376 0.05
8992 1622 0.01
8992 3409 0.2
8992 8361 0.2
8993 3254 0.01
8993 508 0.01
8993 7588 0.2
8993 8862 0.05
8995 8869 0.05
8995 12268 0.01
8995 1653 0.01
8995 6984 0.2
8996 186 0.01
8998 4152 0.2
8999 4152 0.05
9000 12312 0.2
9001 4152 0.05
9003 7816 0.2
9003 1386 0.01
9003 2945 0.01
9003 10120 0.05
9003 4556 0.2
9003 6254 0.01
9003 12223 0.05
9003 2790 0.01
9003 7303 0.01
9003 6003 0.2
9003 430 0.2
9003 1717 0.01
9003 11887 0.05
9003 1769 0.05
9003 8609 0.2
9003 9720 0.01
9003 10414 0.05
9003 11492 0.05
9003 10367 0.01
9003 6961 0.01
9003 7810 0.2
9003 8075 0.01
9003 4179 0.01
9003 9167 0.05
9003 2535 0.01
9003 4861 0.05
9003 448 0.05
9003 8173 0.05
9003 739 0.01
9003 6318 0.2
9003 1468 0.2
9003 1561 0.05
9003 5842 0.05
9003 5121 0.05
9003 8568 0.2
9003 2622 0.05
9003 12576 0.05
9003 4991 0.05
9003 7324 0.01
9003 1622 0.01
9003 7073 0.01
9003 905 0.2
9003 1371 0.2
9003 7843 0.05
9003 1319 0.01
9003 7641 0.01
9003 9602 0.2
9003 9851 0.05
9003 1216 0.01
9003 3720 0.01
9003 9317 0.01
9003 9605 0.05
9003 5620 0.2
9005 4152 0.05
9009 9408 0.01
9009 5554 0.2
9010 2507 0.05
9011 249 0.2
9011 4152 0.05
9011 9088 0.01
9011 5421 0.01
9012 9531 0.01
9013 9088 0.01
9014 10188 0.2
9014 5916 0.01
9014 571 0.2
9014 8810 0.05
9015 9088 0.01
9017 4152 0.05
9018 1422 0.05
9019 4152 0.2
9020 174 0.2
9020 4066 0.05
9020 739 0.05
9020 9923 0.2
9020 4846 0.2
9020 4525 0.2
9020 4793 0.2
9020 11434 0.05
9020 2896 0.2
9020 5071 0.2
9020 2692 0.05
9020 5123 0.2
9020 6754 0.01
9020 885 0.2
9020 9531 0.2
9020 2535 0.2
9020 1759 0.2
9020 8173 0.01
9020 10120 0.05
9020 2004 0.2
9020 1857 0.05
9020 8568 0.01
9020 4991 0.2
9020 5970 0.01
9020 6978 0.01
9020 7324 0.05
9020 1622 0.2
9020 4450 0.2
9020 10037 0.01
9020 905 0.05
9020 11256 0.2
9020 8574 0.05
9020 9843 0.01
9020 1319 0.05
9020 9359 0.05
9020 10690 0.01
9020 9700 0.2
9020 9088 0.01
9020 2016 0.05
9020 9605 0.05
9020 11921 0.2
9020 4152 0.01
9022 4152 0.01
9023 3086 0.01
9024 6577 0.01
9025 12552 0.01
9025 10519 0.01
9025 91 0.01
9025 9851 0.01
9025 10736 0.2
9025 898 0.05
9025 8512 0.05
9025 9748 0.2
9025 9466 0.01
9025 1961 0.05
9025 12590 0.01
9026 2431 0.05
9026 8885 0.05
9026 8255 0.01
9026 378 0.2
9026 4790 0.01
9026 6335 0.05
9026 3114 0.2
9026 4077 0.2
9026 12082 0.2
9026 11241 0.01
9026 9773 0.05
9026 3618 0.2
9026 7838 0.05
9026 5553 0.05
9026 2242 0.05
9026 8512 0.05
9026 9020 0.2
9026 7543 0.05
9026 10811 0.05
9026 4040 0.01
9026 7322 0.05
9026 7598 0.01
9026 2435 0.01
9026 9078 0.05
9026 10037 0.05
9026 6908 0.05
9026 10628 0.05
9026 5482 0.05
9026 5361 0.01
9026 8088 0.01
9026 9605 0.2
9026 4012 0.05
9026 11420 0.05
9027 10815 0.2
9028 10037 0.01
9029 9602 0.01
9029 5687 0.2
9029 4066 0.01
9030 4152 0.01
9031 2914 0.01
9031 10917 0.2
9031 4843 0.2
9031 7911 0.2
9031 7522 0.01
9031 11499 0.01
9031 8140 0.2
9031 10647 0.01
9033 9984 0.2
9033 8391 0.05
9033 10690 0.2
9033 6754 0.01
9033 936 0.05
9033 9088 0.2
9033 10495 0.05
9033 4152 0.05
9034 8004 0.01
9034 7003 0.05
9035 4152 0.05
9037 3324 0.2
9037 1759 0.01
9037 7176 0.2
9038 9158 0.01
9038 11870 0.01
9038 10120 0.01
9038 1355 0.05
9038 8568 0.2
9039 8208 0.05
9039 4152 0.2
9039 11326 0.2
9039 10811 0.05
9039 3409 0.2
9042 12566 0.01
9042 4217 0.2
9044 3759 0.01
9046 2810 0.05
9046 6216 0.05
9046 9560 0.2
9046 10798 0.05
9046 5051 0.01
9046 10095 0.05
9046 1072 0.2
9047 5487 0.05
9047 211 0.01
9047 6492 0.01
9047 9359 0.01
9047 8755 0.01
9047 8568 0.05
9047 11326 0.2
9047 10641 0.05
9047 8681 0.01
9047 6949 0.05
9047 11225 0.2
9047 1622 0.2
9047 4152 0.05
9047 8520 0.2
9047 4615 0.2
9047 10096 0.01
9047 11210 0.01
9048 7324 0.2
9048 5805 0.2
9048 9531 0.05
9048 518 0.05
9049 4152 0.05
9050 4152 0.01
9052 1757 0.01
9053 9088 0.05
9054 4152 0.01
9055 4152 0.01
9056 4152 0.01
9056 4040 0.05
9057 4152 0.2
9058 7810 0.01
9059 4152 0.05
9060 4152 0.2
9060 9088 0.2
9060 12524 0.01
9060 9885 0.05
9061 6167 0.2
9061 4307 0.01
9061 3877 0.05
9061 1084 0.2
9061 5068 0.2
9061 1230 0.2
9062 11737 0.01
9066 9396 0.05
9067 8149 0.05
9068 10877 0.2
9068 276 0.2
9068 776 0.01
9068 1084 0.01
9068 10782 0.2
9068 7665 0.05
9068 3114 0.2
9068 5071 0.05
9068 7384 0.2
9068 8642 0.05
9068 5123 0.05
9068 10073 0.2
9068 9700 0.2
9068 6670 0.2
9068 9567 0.2
9068 2906 0.05
9068 1099 0.2
9068 1051 0.05
9068 9339 0.01
9068 1949 0.01
9068 12278 0.2
9068 153 0.01
9068 2734 0.05
9068 3990 0.2
9068 561 0.01
9068 3372 0.01
9068 8677 0.01
9068 7543 0.05
9068 10524 0.01
9068 10811 0.2
9068 4042 0.05
9068 9698 0.05
9068 5145 0.2
9068 3397 0.05
9068 1675 0.01
9068 10037 0.05
9068 6649 0.05
9068 8574 0.05
9068 3409 0.05
9068 5709 0.2
9068 1319 0.05
9068 11042 0.05
9068 8381 0.05
9068 4606 0.05
9068 9088 0.2
9068 2016 0.01
9068 12534 0.05
9068 9605 0.2
9068 11052 0.05
9068 4152 0.01
9069 4152 0.01
9070 10439 0.05
9070 2145 0.01
9070 4539 0.05
9071 5007 0.05
9075 831 0.2
9075 6897 0.01
9075 6081 0.2
9076 9531 0.05
9078 10037 0.01
9079 4152 0.2
9080 9435 0.01
9081 4152 0.2
9082 10450 0.2
9082 1827 0.2
9082 10197 0.05
9082 7375 0.01
9082 10588 0.05
9082 2197 0.05
9082 4700 0.01
9082 9088 0.01
9082 4152 0.01
9082 299 0.2
9082 431 0.2
9083 10037 0.01
9084 9491 0.2
9084 4152 0.05
9084 9088 0.05
9084 1319 0.01
9085 986 0.05
9086 9088 0.01
9087 6731 0.01
9087 9088 0.01
9087 1650 0.01
9088 3199 0.01
9088 3201 0.01
9088 4018 0.2
9088 6405 0.01
9088 3746 0.05
9088 7972 0.05
9088 1979 0.2
9088 3205 0.01
9088 9517 0.05
9088 11182 0.05
9088 2388 0.01
9088 4021 0.2
9088 7838 0.01
9088 8867 0.05
9088 4793 0.05
9088 9991 0.05
9088 4025 0.2
9088 11887 0.01
9088 9577 0.01
9088 4796 0.05
9088 6416 0.2
9088 783 0.2
9088 11074 0.01
9088 1178 0.01
9088 1605 0.01
9088 786 0.2
9088 7375 0.2
9088 11891 0.05
9088 2398 0.01
9088 11079 0.05
9088 7992 0.05
9088 4031 0.05
9088 30 0.2
9088 10320 0.2
9088 31 0.01
9088 3221 0.05
9088 11083 0.2
9088 11897 0.2
9088 3410 0.2
9088 7218 0.2
9088 8750 0.01
9088 5600 0.05
9088 2507 0.05
9088 9537 0.01
9088 11059 0.2
9088 3370 0.2
9088 4814 0.01
9088 9538 0.05
9088 11904 0.05
9088 8754 0.2
9088 7997 0.2
9088 520 0.05
9088 11088 0.05
9088 8755 0.2
9088 7223 0.01
9088 9698 0.05
9088 9267 0.05
9088 11091 0.01
9088 8480 0.01
9088 4044 0.2
9088 9015 0.2
9088 6237 0.05
9088 1622 0.01
9088 11094 0.01
9088 8763 0.01
9088 41 0.01
9088 1758 0.05
9088 10333 0.01
9088 8350 0.05
9088 8003 0.05
9088 5834 0.01
9088 3235 0.2
9088 5950 0.01
9088 1625 0.01
9088 774 0.05
9088 6950 0.2
9088 522 0.05
9088 561 0.2
9088 10302 0.2
9088 7231 0.05
9088 9782 0.01
9088 7233 0.05
9088 7196 0.05
9088 7124 0.2
9088 4831 0.05
9088 3245 0.01
9088 11921 0.2
9088 8777 0.2
9088 3504 0.05
9088 8261 0.05
9088 11923 0.2
9088 2428 0.05
9088 4836 0.2
9088 9809 0.01
9088 8018 0.01
9088 6460 0.05
9088 4066 0.05
9088 8921 0.01
9088 1643 0.01
9088 2435 0.01
9088 4068 0.2
9088 9565 0.05
9088 8784 0.05
9088 823 0.2
9088 8786 0.2
9088 11031 0.01
9088 9521 0.05
9088 61 0.2
9088 11111 0.05
9088 7248 0.01
9088 9570 0.2
9088 5629 0.01
9088 1650 0.2
9088 3532 0.05
9088 64 0.01
9088 11938 0.2
9088 2442 0.05
9088 10366 0.2
9088 6470 0.05
9088 3618 0.05
9088 8794 0.2
9088 839 0.2
9088 8029 0.2
9088 381 0.2
9088 7576 0.2
9088 8616 0.2
9088 5347 0.2
9088 8798 0.05
9088 8799 0.01
9088 11121 0.01
9088 6479 0.2
9088 3270 0.05
9088 11946 0.2
9088 4078 0.2
9088 3271 0.05
9088 9158 0.01
9088 7265 0.05
9088 8041 0.2
9088 2654 0.05
9088 4688 0.05
9088 70 0.2
9088 9784 0.05
9088 8805 0.01
9088 5650 0.2
9088 9585 0.01
9088 2063 0.05
9088 7271 0.05
9088 5970 0.05
9088 471 0.05
9088 6493 0.01
9088 134 0.01
9088 9592 0.05
9088 3280 0.01
9088 78 0.01
9088 6908 0.05
9088 11602 0.05
9088 3281 0.05
9088 5721 0.2
9088 11138 0.05
9088 11957 0.05
9088 83 0.2
9088 10447 0.05
9088 11961 0.05
9088 5849 0.2
9088 7283 0.05
9088 7284 0.2
9088 862 0.05
9088 6504 0.2
9088 4098 0.2
9088 11196 0.05
9088 9605 0.05
9088 10081 0.2
9088 7290 0.05
9088 6508 0.2
9088 90 0.2
9088 5852 0.05
9088 10397 0.05
9088 1686 0.2
9088 6013 0.01
9088 92 0.05
9088 11974 0.05
9088 10401 0.2
9088 871 0.2
9088 4003 0.01
9088 8064 0.05
9088 2839 0.05
9088 10402 0.05
9088 8840 0.05
9088 2223 0.2
9088 917 0.01
9088 124 0.2
9088 7303 0.2
9088 8595 0.01
9088 4107 0.05
9088 10406 0.01
9088 8744 0.05
9088 2482 0.01
9088 103 0.05
9088 8069 0.05
9088 8071 0.01
9088 7308 0.2
9088 2485 0.2
9088 9790 0.01
9088 10141 0.2
9088 885 0.2
9088 4114 0.05
9088 5495 0.2
9088 1742 0.2
9088 9531 0.2
9088 9619 0.2
9088 12151 0.05
9088 8854 0.05
9088 1863 0.01
9088 3110 0.2
9088 3325 0.2
9088 7137 0.05
9088 1704 0.05
9088 9624 0.01
9088 10421 0.01
9088 2798 0.05
9088 11174 0.05
9088 4925 0.05
9088 11081 0.2
9088 1707 0.01
9088 7321 0.05
9088 897 0.2
9088 11178 0.01
9088 3365 0.05
9088 12000 0.01
9088 10278 0.2
9088 8086 0.01
9088 11428 0.01
9088 11026 0.2
9088 7602 0.2
9088 4134 0.05
9088 1757 0.05
9088 9671 0.2
9088 11881 0.01
9088 7324 0.01
9088 1717 0.2
9088 11184 0.2
9088 3340 0.01
9088 10434 0.01
9088 7215 0.05
9088 1720 0.2
9088 1192 0.05
9088 126 0.05
9088 10438 0.2
9088 11343 0.2
9088 4144 0.01
9088 3349 0.2
9088 2514 0.05
9088 914 0.01
9088 2515 0.05
9088 4149 0.01
9088 1730 0.05
9088 8740 0.01
9088 3655 0.01
9088 5719 0.05
9088 4152 0.01
9088 6560 0.05
9088 8103 0.01
9088 8104 0.2
9088 8889 0.05
9088 10449 0.01
9088 11975 0.01
9088 10450 0.2
9088 8108 0.05
9088 6566 0.01
9088 3362 0.05
9088 9663 0.01
9088 3625 0.01
9088 7287 0.2
9088 10325 0.01
9088 4854 0.05
9088 6811 0.05
9088 4962 0.2
9088 4966 0.01
9088 12028 0.2
9088 7344 0.05
9088 10588 0.2
9088 8118 0.2
9088 10276 0.05
9088 932 0.01
9088 6577 0.01
9088 12133 0.05
9088 934 0.05
9088 3374 0.05
9088 8753 0.05
9088 1753 0.2
9088 2891 0.05
9088 2954 0.05
9088 4975 0.2
9088 936 0.05
9088 9673 0.05
9088 9674 0.2
9088 12039 0.01
9088 2408 0.01
9088 2535 0.01
9088 7410 0.01
9088 10714 0.05
9088 3383 0.01
9088 4983 0.2
9088 2537 0.2
9088 940 0.05
9088 6819 0.05
9088 9413 0.01
9088 3388 0.05
9088 3389 0.2
9088 6590 0.01
9088 2543 0.01
9088 4190 0.2
9088 7355 0.2
9088 4990 0.05
9088 8875 0.01
9088 4991 0.01
9088 10474 0.01
9088 10592 0.01
9088 7722 0.01
9088 3397 0.2
9088 4040 0.05
9088 4996 0.05
9088 8918 0.01
9088 6599 0.05
9088 2704 0.2
9088 12187 0.01
9088 9693 0.2
9088 3430 0.2
9088 4999 0.05
9088 10483 0.01
9088 5000 0.05
9088 12032 0.05
9088 1202 0.2
9088 2558 0.05
9088 170 0.2
9088 4824 0.05
9088 4817 0.05
9088 6608 0.2
9088 1779 0.2
9088 4213 0.05
9088 11375 0.01
9088 11908 0.2
9088 11256 0.01
9088 3409 0.01
9088 6961 0.01
9088 7369 0.05
9088 9706 0.01
9088 2324 0.05
9088 11260 0.05
9088 10493 0.01
9088 10093 0.05
9088 4218 0.05
9088 9710 0.2
9088 2567 0.05
9088 2412 0.05
9088 972 0.2
9088 10497 0.05
9088 9712 0.2
9088 9713 0.2
9088 11801 0.01
9088 1215 0.05
9088 9715 0.01
9088 3422 0.05
9088 2818 0.2
9088 7382 0.2
9088 5014 0.2
9088 6624 0.01
9088 12079 0.05
9088 11093 0.01
9088 1795 0.01
9088 10503 0.05
9088 1798 0.01
9088 191 0.2
9088 12084 0.05
9088 7387 0.2
9088 1270 0.05
9088 10197 0.05
9088 8167 0.05
9088 11277 0.05
9088 1804 0.01
9088 4236 0.05
9088 2227 0.01
9088 4238 0.2
9088 986 0.2
9088 12433 0.2
9088 12090 0.2
9088 4978 0.01
9088 12056 0.01
9088 3438 0.2
9088 10517 0.01
9088 9732 0.01
9088 8173 0.2
9088 278 0.05
9088 992 0.01
9088 12311 0.01
9088 5032 0.2
9088 3441 0.01
9088 12097 0.01
9088 11292 0.01
9088 10524 0.05
9088 4588 0.05
9088 8177 0.05
9088 995 0.05
9088 9316 0.2
9088 10529 0.2
9088 7404 0.2
9088 4251 0.2
9088 5038 0.05
9088 7407 0.2
9088 7408 0.01
9088 9744 0.2
9088 8970 0.2
9088 4254 0.01
9088 3018 0.01
9088 2296 0.05
9088 211 0.05
9088 3782 0.2
9088 9747 0.05
9088 7040 0.01
9088 2607 0.05
9088 11309 0.2
9088 1759 0.2
9088 8000 0.01
9088 1014 0.05
9088 7414 0.2
9088 1409 0.01
9088 4262 0.01
9088 2197 0.2
9088 4263 0.05
9088 11884 0.2
9088 1879 0.05
9088 7421 0.01
9088 7088 0.01
9088 10540 0.05
9088 4266 0.05
9088 11319 0.01
9088 7313 0.05
9088 1498 0.01
9088 226 0.05
9088 2943 0.2
9088 12119 0.01
9088 3133 0.2
9088 6972 0.2
9088 1028 0.2
9088 11523 0.05
9088 5063 0.05
9088 10555 0.2
9088 10339 0.2
9088 8208 0.05
9088 7434 0.2
9088 12123 0.01
9088 3478 0.01
9088 5071 0.01
9088 811 0.05
9088 9772 0.2
9088 1884 0.05
9088 6667 0.05
9088 1019 0.01
9088 5074 0.05
9088 3480 0.05
9088 3481 0.2
9088 234 0.05
9088 9283 0.2
9088 9777 0.2
9088 9778 0.01
9088 4958 0.05
9088 1047 0.05
9088 5081 0.2
9088 6673 0.01
9088 3484 0.05
9088 9013 0.01
9088 420 0.2
9088 4290 0.01
9088 12173 0.2
9088 2644 0.01
9088 12135 0.01
9088 241 0.01
9088 5794 0.05
9088 2646 0.2
9088 9020 0.2
9088 8228 0.01
9088 10205 0.2
9088 5089 0.05
9088 3799 0.05
9088 1857 0.01
9088 8231 0.2
9088 5844 0.01
9088 2655 0.05
9088 10574 0.05
9088 6683 0.2
9088 7451 0.2
9088 6685 0.05
9088 10578 0.2
9088 9026 0.2
9088 4300 0.2
9088 12149 0.05
9088 3496 0.05
9088 5097 0.05
9088 8137 0.01
9088 7456 0.2
9088 258 0.2
9088 5857 0.2
9088 6689 0.2
9088 9943 0.05
9088 5101 0.2
9088 9793 0.2
9088 3503 0.01
9088 137 0.01
9088 8240 0.01
9088 10587 0.01
9088 9033 0.2
9088 12158 0.01
9088 9797 0.05
9088 1068 0.2
9088 5864 0.05
9088 5865 0.05
9088 5110 0.01
9088 1071 0.2
9088 6700 0.05
9088 4834 0.01
9088 1870 0.05
9088 8152 0.2
9088 3408 0.2
9088 11657 0.01
9088 3513 0.01
9088 6705 0.2
9088 9806 0.05
9088 3487 0.01
9088 2678 0.01
9088 1502 0.2
9088 3517 0.01
9088 1078 0.01
9088 3518 0.2
9088 10209 0.2
9088 11127 0.2
9088 11043 0.2
9088 7612 0.05
9088 7476 0.05
9088 10603 0.01
9088 12236 0.01
9088 7331 0.01
9088 8258 0.2
9088 9053 0.01
9088 7038 0.01
9088 1091 0.05
9088 3526 0.05
9088 11386 0.05
9088 10608 0.05
9088 1093 0.01
9088 2692 0.01
9088 6446 0.01
9088 5867 0.05
9088 568 0.2
9088 9416 0.2
9088 2172 0.2
9088 5894 0.01
9088 1098 0.05
9088 1099 0.05
9088 4336 0.01
9088 3535 0.01
9088 5900 0.2
9088 3562 0.05
9088 301 0.01
9088 7494 0.01
9088 5168 0.01
9088 7496 0.01
9088 11396 0.01
9088 5903 0.2
9088 9068 0.2
9088 6722 0.05
9088 4711 0.01
9088 10480 0.01
9088 12189 0.2
9088 7061 0.05
9088 5145 0.01
9088 371 0.01
9088 12193 0.05
9088 10632 0.01
9088 12204 0.01
9088 7501 0.01
9088 1111 0.2
9088 12197 0.2
9088 8289 0.01
9088 5916 0.2
9088 5148 0.01
9088 3554 0.2
9088 8384 0.05
9088 1507 0.2
9088 7747 0.01
9088 8295 0.01
9088 299 0.05
9088 9086 0.2
9088 8297 0.01
9088 5923 0.2
9088 7508 0.01
9088 1104 0.2
9088 10662 0.01
9088 11418 0.01
9088 3565 0.05
9088 5927 0.05
9088 955 0.2
9088 337 0.05
9088 7513 0.2
9088 846 0.05
9088 9859 0.01
9088 4279 0.2
9088 5164 0.05
9088 4371 0.05
9088 9095 0.05
9088 11664 0.2
9088 9096 0.05
9088 2728 0.01
9088 12220 0.2
9088 7336 0.2
9088 5761 0.2
9088 6463 0.01
9088 324 0.05
9088 9098 0.2
9088 4604 0.05
9088 326 0.2
9088 10357 0.2
9088 3576 0.05
9088 11434 0.01
9088 11435 0.2
9088 9873 0.01
9088 2170 0.05
9088 394 0.01
9088 11437 0.2
9088 2571 0.01
9088 2622 0.05
9088 9106 0.01
9088 12231 0.2
9088 1944 0.01
9088 6754 0.2
9088 8316 0.01
9088 3588 0.05
9088 7592 0.05
9088 6756 0.01
9088 224 0.2
9088 7702 0.05
9088 8319 0.01
9088 9980 0.2
9088 6760 0.05
9088 7535 0.01
9088 7536 0.05
9088 4387 0.05
9088 343 0.2
9088 344 0.05
9088 345 0.2
9088 348 0.05
9088 10676 0.2
9088 1694 0.2
9088 6466 0.2
9088 7543 0.2
9088 351 0.01
9088 6767 0.05
9088 11455 0.05
9088 5968 0.2
9088 9895 0.01
9088 8742 0.01
9088 7546 0.01
9088 9125 0.2
9088 10682 0.01
9088 5197 0.2
9088 11462 0.05
9088 10683 0.2
9088 1675 0.2
9088 8568 0.2
9088 3605 0.05
9088 3606 0.05
9088 12244 0.05
9088 1158 0.2
9088 9904 0.2
9088 10690 0.05
9088 367 0.05
9088 6326 0.01
9088 7554 0.2
9088 4412 0.05
9088 10695 0.01
9088 5212 0.2
9088 2772 0.05
9088 9533 0.2
9088 10367 0.2
9088 9142 0.05
9088 10698 0.2
9088 12258 0.2
9088 4419 0.01
9088 5992 0.2
9088 6788 0.05
9088 373 0.2
9088 6789 0.01
9088 6613 0.2
9088 5596 0.2
9088 9149 0.01
9088 10703 0.2
9088 218 0.05
9088 10265 0.05
9088 9923 0.05
9088 378 0.2
9088 174 0.05
9088 6003 0.01
9088 12418 0.01
9088 1913 0.05
9088 6291 0.01
9088 5225 0.05
9088 12390 0.05
9088 2714 0.2
9088 391 0.05
9088 1376 0.05
9088 9162 0.05
9088 6780 0.2
9088 2797 0.2
9088 3805 0.01
9088 2799 0.05
9088 11494 0.05
9088 9935 0.2
9088 395 0.2
9088 11492 0.01
9088 1237 0.01
9088 2804 0.2
9088 3642 0.2
9088 10495 0.01
9088 4133 0.2
9088 401 0.01
9088 8361 0.05
9088 8935 0.05
9088 12385 0.05
9088 1999 0.05
9088 2000 0.05
9088 5914 0.05
9088 8365 0.2
9088 2004 0.05
9088 9174 0.05
9088 12284 0.05
9088 5239 0.05
9088 1201 0.2
9088 8138 0.01
9088 11511 0.05
9088 7598 0.05
9088 6815 0.2
9088 7599 0.01
9088 8410 0.01
9088 7504 0.01
9088 11326 0.2
9088 6041 0.05
9088 12293 0.01
9088 12294 0.05
9088 1240 0.2
9088 6899 0.2
9088 4454 0.01
9088 4456 0.05
9088 6825 0.2
9088 4458 0.05
9088 6050 0.2
9088 4459 0.01
9088 11931 0.01
9088 2015 0.05
9088 2016 0.01
9088 11526 0.2
9088 11529 0.05
9088 7609 0.05
9088 1219 0.05
9088 1018 0.2
9088 5873 0.05
9088 2834 0.2
9088 6407 0.05
9088 9967 0.2
9088 1224 0.2
9088 2835 0.2
9088 12307 0.05
9088 4469 0.05
9088 425 0.05
9088 8396 0.2
9088 4333 0.01
9088 11537 0.05
9088 5924 0.05
9088 1229 0.01
9088 12312 0.01
9088 9094 0.2
9088 3678 0.2
9088 11544 0.05
9088 430 0.05
9088 8403 0.2
9088 353 0.05
9088 5272 0.01
9088 9984 0.01
9088 9203 0.05
9088 6849 0.05
9088 3684 0.2
9088 6850 0.01
9088 187 0.05
9088 9253 0.01
9088 4937 0.01
9088 1329 0.05
9088 7249 0.05
9088 442 0.05
9088 4487 0.05
9088 10641 0.2
9088 3691 0.2
9088 10330 0.01
9088 9170 0.05
9088 1198 0.05
9088 1239 0.01
9088 9209 0.01
9088 2191 0.01
9088 2051 0.05
9088 1924 0.01
9088 1242 0.2
9088 8413 0.05
9088 9213 0.05
9088 249 0.05
9088 10766 0.01
9088 10753 0.01
9088 1294 0.05
9088 9216 0.05
9088 9853 0.01
9088 6455 0.2
9088 2062 0.2
9088 11877 0.01
9088 10002 0.05
9088 10003 0.01
9088 4500 0.05
9088 1259 0.2
9088 5291 0.01
9088 12592 0.01
9088 11568 0.05
9088 215 0.05
9088 11570 0.05
9088 11679 0.05
9088 7647 0.2
9088 4506 0.01
9088 11571 0.05
9088 10778 0.05
9088 8671 0.05
9088 6095 0.2
9088 6594 0.05
9088 9700 0.05
9088 10012 0.05
9088 12347 0.01
9088 12006 0.01
9088 8809 0.05
9088 8467 0.2
9088 4367 0.2
9088 9843 0.01
9088 2298 0.01
9088 7558 0.05
9088 6101 0.2
9088 10782 0.05
9088 1274 0.2
9088 9950 0.05
9088 11540 0.05
9088 10723 0.2
9088 2888 0.01
9088 9236 0.2
9088 6230 0.2
9088 10018 0.05
9088 6893 0.01
9088 6111 0.05
9088 2196 0.2
9088 1288 0.2
9088 4525 0.01
9088 2130 0.01
9088 9222 0.2
9088 3568 0.05
9088 10026 0.2
9088 8447 0.01
9088 11591 0.05
9088 6900 0.01
9088 10797 0.01
9088 2095 0.05
9088 12467 0.01
9088 12374 0.05
9088 4601 0.05
9088 8451 0.2
9088 8452 0.05
9088 12376 0.2
9088 7920 0.05
9088 11600 0.01
9088 4537 0.01
9088 7683 0.2
9088 6126 0.2
9088 888 0.2
9088 7865 0.05
9088 10442 0.2
9088 6128 0.01
9088 8458 0.01
9088 706 0.05
9088 7689 0.2
9088 9485 0.05
9088 4541 0.01
9088 7691 0.2
9088 8306 0.2
9088 3710 0.01
9088 3246 0.01
9088 2107 0.2
9088 10811 0.2
9088 1537 0.05
9088 3744 0.01
9088 5114 0.2
9088 4548 0.2
9088 905 0.2
9088 2112 0.2
9088 3811 0.2
9088 515 0.05
9088 8426 0.2
9088 6137 0.2
9088 3749 0.01
9088 10037 0.01
9088 3750 0.01
9088 518 0.05
9088 2926 0.05
9088 1443 0.2
9088 5342 0.01
9088 2928 0.2
9088 1319 0.01
9088 6140 0.01
9088 2883 0.01
9088 11772 0.05
9088 2122 0.01
9088 8478 0.01
9088 6143 0.01
9088 8479 0.01
9088 7663 0.05
9088 2126 0.05
9088 2409 0.01
9088 1327 0.01
9088 8481 0.2
9088 4559 0.2
9088 2129 0.01
9088 12401 0.2
9088 528 0.2
9088 10049 0.2
9088 10050 0.01
9088 7017 0.2
9088 5356 0.01
9088 6151 0.2
9088 1103 0.05
9088 4934 0.01
9088 3318 0.05
9088 4256 0.2
9088 931 0.01
9088 7339 0.01
9088 6545 0.01
9088 8055 0.2
9088 3771 0.2
9088 1993 0.01
9088 7719 0.2
9088 10867 0.2
9088 3253 0.2
9088 12411 0.05
9088 10843 0.2
9088 6953 0.01
9088 2144 0.2
9088 541 0.01
9088 11241 0.2
9088 3988 0.2
9088 3403 0.2
9088 545 0.01
9088 7725 0.2
9088 10073 0.05
9088 9288 0.05
9088 2148 0.05
9088 606 0.2
9088 9603 0.01
9088 12607 0.05
9088 3788 0.05
9088 8381 0.05
9088 6982 0.05
9088 9296 0.01
9088 11130 0.2
9088 6970 0.05
9088 10852 0.01
9088 1360 0.2
9088 7736 0.01
9088 11651 0.2
9088 557 0.01
9088 8510 0.05
9088 3797 0.2
9088 2292 0.2
9088 2213 0.01
9088 11654 0.01
9088 3064 0.05
9088 8512 0.01
9088 1364 0.2
9088 10858 0.05
9088 8514 0.05
9088 7165 0.05
9088 6976 0.05
9088 9803 0.05
9088 6978 0.01
9088 9304 0.2
9088 204 0.05
9088 5383 0.05
9088 2165 0.05
9088 1370 0.01
9088 1371 0.05
9088 7025 0.05
9088 2981 0.2
9088 691 0.2
9088 4599 0.01
9088 8525 0.2
9088 3813 0.01
9088 2985 0.05
9088 2956 0.2
9088 7749 0.05
9088 8527 0.05
9088 12477 0.01
9088 11149 0.05
9088 574 0.2
9088 2171 0.2
9088 2987 0.05
9088 9881 0.2
9088 6194 0.01
9088 5856 0.2
9088 8143 0.2
9088 8531 0.2
9088 11669 0.05
9088 3823 0.05
9088 10871 0.05
9088 10096 0.05
9088 9320 0.2
9088 5397 0.2
9088 10611 0.01
9088 10873 0.05
9088 1552 0.05
9088 9688 0.2
9088 11005 0.05
9088 7002 0.2
9088 9324 0.01
9088 7007 0.05
9088 11436 0.05
9088 8182 0.05
9088 8544 0.2
9088 2186 0.01
9088 2743 0.2
9088 9329 0.2
9088 10105 0.2
9088 3695 0.05
9088 3840 0.01
9088 5409 0.01
9088 3842 0.05
9088 7999 0.05
9088 8773 0.05
9088 5412 0.05
9088 2160 0.05
9088 7409 0.2
9088 8899 0.01
9088 10112 0.01
9088 6219 0.2
9088 3849 0.05
9088 9361 0.01
9088 3850 0.01
9088 2199 0.2
9088 11695 0.05
9088 601 0.2
9088 1404 0.01
9088 1405 0.2
9088 10115 0.2
9088 8547 0.05
9088 2601 0.05
9088 11697 0.2
9088 9730 0.05
9088 7779 0.05
9088 7780 0.05
9088 3764 0.2
9088 10120 0.2
9088 1412 0.01
9088 12470 0.01
9088 4633 0.2
9088 7021 0.2
9088 7022 0.01
9088 3856 0.01
9088 735 0.2
9088 6229 0.01
9088 1417 0.01
9088 10086 0.2
9088 9087 0.2
9088 9351 0.2
9088 9237 0.2
9088 1422 0.01
9088 2737 0.05
9088 615 0.05
9088 11713 0.2
9088 6555 0.05
9088 11156 0.01
9088 1428 0.01
9088 8574 0.01
9088 8575 0.01
9088 12482 0.05
9088 1461 0.01
9088 11715 0.01
9088 4522 0.05
9088 6749 0.2
9088 8976 0.2
9088 8331 0.05
9088 9609 0.01
9088 9358 0.05
9088 1012 0.2
9088 9360 0.2
9088 12489 0.01
9088 4042 0.01
9088 1436 0.2
9088 7811 0.05
9088 7625 0.05
9088 3874 0.05
9088 10143 0.2
9088 7176 0.2
9088 3045 0.05
9088 10145 0.05
9088 2232 0.2
9088 3047 0.01
9088 5446 0.01
9088 1441 0.05
9088 6235 0.05
9088 10147 0.05
9088 6779 0.2
9088 11027 0.05
9088 7804 0.2
9088 10216 0.05
9088 11587 0.2
9088 448 0.05
9088 8597 0.2
9088 4660 0.05
9088 9372 0.2
9088 7044 0.2
9088 3878 0.05
9088 3879 0.05
9088 12499 0.2
9088 6257 0.05
9088 10155 0.2
9088 1955 0.2
9088 11737 0.01
9088 11738 0.01
9088 4664 0.05
9088 2242 0.05
9088 5788 0.01
9088 8609 0.2
9088 12363 0.01
9088 7052 0.05
9088 6265 0.2
9088 5460 0.2
9088 637 0.05
9088 438 0.2
9088 4127 0.05
9088 8611 0.05
9088 3883 0.2
9088 5238 0.05
9088 5463 0.2
9088 642 0.05
9088 10938 0.01
9088 11748 0.05
9088 12513 0.01
9088 1957 0.01
9088 10247 0.05
9088 8917 0.01
9088 11533 0.05
9088 2256 0.05
9088 7068 0.01
9088 3080 0.05
9088 12517 0.05
9088 9614 0.05
9088 2257 0.01
9088 10150 0.05
9088 4675 0.05
9088 1468 0.01
9088 5472 0.01
9088 5473 0.01
9088 2265 0.05
9088 8817 0.01
9088 2266 0.01
9088 9397 0.2
9088 677 0.2
9088 4076 0.05
9088 7078 0.05
9088 2203 0.05
9088 9400 0.05
9088 5478 0.2
9088 655 0.01
9088 8449 0.05
9088 5677 0.01
9088 8623 0.01
9088 2506 0.01
9088 7863 0.05
9088 11767 0.01
9088 2276 0.2
9088 12530 0.2
9088 5482 0.01
9088 9410 0.2
9088 1481 0.2
9088 12534 0.05
9088 107 0.2
9088 4071 0.2
9088 1929 0.01
9088 2283 0.05
9088 10965 0.05
9088 10195 0.05
9088 7875 0.2
9088 4000 0.01
9088 6299 0.01
9088 12541 0.01
9088 6246 0.05
9088 7879 0.2
9088 672 0.05
9088 4700 0.01
9088 12035 0.2
9088 674 0.01
9088 10204 0.2
9088 3114 0.05
9088 4701 0.01
9088 4702 0.01
9088 11786 0.01
9088 11788 0.2
9088 3925 0.2
9088 7888 0.2
9088 7113 0.05
9088 5061 0.05
9088 10978 0.05
9088 12556 0.2
9088 4250 0.01
9088 9060 0.01
9088 10982 0.05
9088 1829 0.2
9088 10985 0.2
9088 3126 0.2
9088 10149 0.2
9088 8650 0.01
9088 9435 0.05
9088 3171 0.01
9088 9436 0.01
9088 12564 0.01
9088 8578 0.2
9088 3940 0.01
9088 116 0.01
9088 2468 0.05
9088 7125 0.01
9088 2310 0.2
9088 1831 0.2
9088 2312 0.2
9088 1366 0.01
9088 5108 0.2
9088 2384 0.05
9088 12576 0.01
9088 12577 0.01
9088 4723 0.05
9088 9610 0.01
9088 6330 0.01
9088 7899 0.2
9088 3469 0.01
9088 9442 0.2
9088 3141 0.05
9088 8663 0.05
9088 2277 0.05
9088 9463 0.2
9088 8214 0.05
9088 2326 0.2
9088 4789 0.05
9088 7138 0.05
9088 10547 0.2
9088 9733 0.2
9088 11822 0.01
9088 2331 0.05
9088 7910 0.01
9088 1525 0.05
9088 10238 0.01
9088 6340 0.2
9088 6341 0.01
9088 3963 0.05
9088 6572 0.2
9088 11696 0.2
9088 9458 0.05
9088 1527 0.01
9088 2334 0.01
9088 8672 0.05
9088 6345 0.01
9088 6346 0.05
9088 4734 0.2
9088 281 0.01
9088 11862 0.01
9088 719 0.05
9088 11284 0.01
9088 5066 0.2
9088 9256 0.05
9088 4738 0.05
9088 9532 0.2
9088 8338 0.2
9088 5620 0.2
9088 6352 0.05
9088 724 0.01
9088 8681 0.01
9088 7929 0.01
9088 9473 0.05
9088 7163 0.01
9088 5531 0.01
9088 11837 0.2
9088 1549 0.01
9088 11839 0.01
9088 3164 0.01
9088 5369 0.05
9088 12152 0.2
9088 4129 0.2
9088 6791 0.05
9088 7936 0.05
9088 3819 0.05
9088 4758 0.01
9088 1711 0.05
9088 11845 0.01
9088 9483 0.05
9088 9484 0.05
9088 6534 0.01
9088 9132 0.01
9088 11847 0.01
9088 5487 0.05
9088 1975 0.01
9088 8699 0.01
9088 2357 0.2
9088 1310 0.01
9088 8701 0.05
9088 12621 0.05
9088 9491 0.01
9088 7946 0.01
9088 2359 0.01
9088 3996 0.05
9088 10931 0.05
9088 6377 0.05
9088 8099 0.05
9088 12531 0.05
9088 12127 0.01
9088 9011 0.01
9088 4770 0.01
9088 1574 0.01
9088 272 0.05
9088 5554 0.01
9088 5555 0.05
9088 749 0.05
9088 7957 0.05
9088 1576 0.2
9088 11427 0.01
9088 1696 0.05
9088 1216 0.01
9088 5559 0.05
9088 8497 0.05
9088 5561 0.05
9088 199 0.05
9088 5462 0.05
9088 5339 0.01
9088 4012 0.05
9088 8727 0.05
9088 12644 0.01
9088 7967 0.01
9089 4152 0.2
9090 12297 0.01
9090 7603 0.05
9090 1153 0.2
9090 4166 0.05
9090 2637 0.2
9092 7324 0.01
9093 5272 0.01
9093 6044 0.05
9093 2070 0.2
9093 6827 0.05
9093 5795 0.01
9093 7641 0.01
9094 10965 0.01
9094 2257 0.05
9094 7647 0.2
9094 9203 0.2
9094 1625 0.05
9094 6590 0.2
9094 11351 0.05
9094 11319 0.01
9094 672 0.05
9094 9088 0.2
9094 9950 0.01
9094 4152 0.05
9095 4152 0.05
9095 9088 0.01
9095 9253 0.01
9095 863 0.01
9095 3984 0.01
9096 174 0.2
9096 3205 0.2
9096 12225 0.01
9096 1084 0.05
9096 1089 0.05
9096 3262 0.2
9096 7165 0.2
9096 545 0.01
9096 6961 0.01
9096 8613 0.01
9096 12513 0.05
9096 9339 0.01
9096 561 0.2
9096 8568 0.01
9096 4040 0.2
9096 4991 0.01
9096 1622 0.01
9096 4450 0.2
9096 6335 0.05
9096 6140 0.05
9096 9088 0.2
9096 9605 0.05
9096 4152 0.2
9097 12552 0.2
9097 2473 0.2
9097 9843 0.05
9097 5803 0.01
9097 574 0.05
9097 3734 0.05
9097 4991 0.05
9097 7324 0.01
9097 1622 0.05
9097 12123 0.2
9098 4152 0.05
9098 9088 0.01
9098 9904 0.01
9099 10366 0.01
9099 8193 0.2
9099 11003 0.2
9100 3114 0.01
9101 4152 0.01
9101 5752 0.01
9102 12505 0.05
9102 10095 0.01
9102 8501 0.05
9103 10037 0.2
9104 7008 0.05
9105 9339 0.05
9105 1622 0.2
9106 9088 0.2
9106 4934 0.05
9107 4152 0.2
9108 174 0.2
9108 4152 0.05
9108 12594 0.2
9109 4152 0.01
9110 4152 0.2
9111 6771 0.01
9112 1400 0.01
9113 4152 0.2
9114 8361 0.01
9115 4152 0.05
9116 4152 0.01
9116 9088 0.2
9116 3113 0.01
9116 2018 0.05
9117 12064 0.2
9117 1320 0.05
9117 2837 0.2
9117 2502 0.2
9117 2934 0.01
9117 8682 0.05
9117 1344 0.01
9117 9826 0.01
9117 12549 0.2
9117 656 0.01
9118 2766 0.01
9119 4152 0.05
9120 6361 0.05
9121 12320 0.05
9121 4421 0.2
9122 3469 0.01
9123 4152 0.01
9124 4152 0.05
9124 10220 0.01
9125 4152 0.01
9126 5362 0.01
9126 4796 0.05
9126 2257 0.05
9126 10877 0.2
9126 992 0.05
9126 2016 0.2
9126 4152 0.05
9127 8481 0.01
9128 10114 0.05
9129 4152 0.2
9129 4862 0.01
9130 7926 0.01
9130 4579 0.2
9130 7155 0.2
9131 12195 0.05
9131 4631 0.01
9131 1998 0.05
9131 8814 0.05
9132 9088 0.01
9134 4152 0.05
9135 4152 0.05
9137 11337 0.01
9138 4152 0.2
9139 2841 0.2
9142 5916 0.01
9142 6299 0.01
9142 1709 0.05
9142 4222 0.01
9142 3469 0.2
9142 9088 0.05
9142 8894 0.05
9142 8104 0.01
9142 5066 0.01
9142 9975 0.01
9142 11737 0.05
9142 4152 0.2
9142 2334 0.2
9142 7218 0.2
9142 10050 0.01
9144 4152 0.2
9146 12203 0.2
9147 4911 0.01
9147 8685 0.01
9147 2718 0.2
9147 792 0.2
9147 12590 0.2
9149 4152 0.05
9149 9088 0.01
9149 885 0.05
9150 4152 0.2
9152 4152 0.2
9155 11115 0.05
9155 9753 0.05
9155 1444 0.2
9155 11926 0.01
9155 7350 0.05
9156 4152 0.05
9157 4152 0.2
9158 10120 0.05
9158 9088 0.05
9158 9038 0.01
9159 4152 0.05
9160 2637 0.2
9161 9531 0.01
9161 3842 0.05
9162 9088 0.2
9163 4152 0.01
9164 5370 0.2
9164 4152 0.2
9166 9088 0.01
9166 7564 0.01
9167 7105 0.2
9167 7376 0.01
9167 6792 0.01
9167 2790 0.2
9167 12309 0.05
9167 7979 0.2
9167 8408 0.05
9167 26 0.2
9167 2398 0.01
9167 7810 0.05
9167 4630 0.2
9167 7779 0.2
9167 4808 0.01
9167 10452 0.01
9167 9950 0.2
9167 1530 0.2
9167 4619 0.01
9167 7603 0.05
9167 5048 0.2
9167 3239 0.01
9167 1216 0.05
9167 10141 0.05
9167 6242 0.2
9167 3466 0.05
9167 3254 0.01
9167 4661 0.2
9167 7435 0.2
9167 9003 0.2
9167 8609 0.05
9167 10367 0.2
9167 2637 0.05
9167 10716 0.01
9167 10376 0.05
9167 7265 0.05
9167 6278 0.2
9167 3689 0.2
9167 3900 0.2
9167 3713 0.05
9167 7471 0.05
9167 7296 0.01
9167 3109 0.2
9167 99 0.05
9167 5314 0.2
9167 10409 0.01
9167 12552 0.05
9167 10177 0.05
9167 2272 0.01
9167 1295 0.2
9167 10612 0.05
9167 113 0.05
9167 10988 0.05
9167 6318 0.01
9167 12568 0.2
9167 10691 0.05
9167 3948 0.05
9167 4352 0.01
9167 10037 0.01
9167 5916 0.05
9167 3954 0.2
9167 3755 0.2
9167 11815 0.05
9167 10824 0.05
9167 7143 0.01
9167 5717 0.2
9167 8098 0.2
9167 4152 0.01
9167 3542 0.05
9167 9096 0.01
9167 5728 0.2
9167 8716 0.2
9167 12403 0.01
9167 3585 0.05
9167 8693 0.01
9167 1759 0.01
9167 343 0.2
9167 6969 0.2
9167 2969 0.05
9167 5964 0.2
9167 2548 0.01
9167 4003 0.01
9167 8334 0.2
9167 10689 0.05
9167 1971 0.2
9167 3172 0.01
9167 10868 0.2
9167 11870 0.01
9167 763 0.01
9168 4152 0.2
9169 4152 0.01
9170 4152 0.05
9170 9088 0.01
9172 4152 0.2
9174 3842 0.2
9174 7875 0.01
9174 1319 0.2
9174 7740 0.05
9174 9088 0.2
9174 12513 0.01
9174 4152 0.2
9175 4152 0.01
9176 4152 0.2
9177 2896 0.05
9178 3473 0.01
9179 4152 0.01
9180 4152 0.01
9181 1227 0.01
9182 4152 0.05
9183 9088 0.2
9183 1831 0.05
9183 11703 0.2
9183 2302 0.01
9185 8393 0.2
9185 6747 0.01
9185 11705 0.05
9185 4433 0.2
9185 4438 0.2
9186 11462 0.2
9186 6663 0.2
9187 174 0.05
9188 4522 0.05
9189 5071 0.05
9189 9339 0.05
9189 10037 0.01
9189 9606 0.01
9190 1580 0.05
9191 4152 0.2
9192 1622 0.2
9193 5487 0.05
9193 831 0.01
9193 9531 0.2
9193 10382 0.05
9193 10287 0.2
9194 4152 0.01
9197 10811 0.01
9198 3625 0.01
9199 7766 0.2
9199 4152 0.05
9199 1346 0.05
9200 1622 0.2
9202 4152 0.2
9203 174 0.2
9203 1224 0.2
9203 9094 0.05
9203 10495 0.05
9203 10876 0.05
9203 672 0.01
9203 9609 0.05
9203 12456 0.05
9203 12499 0.01
9203 9975 0.2
9203 12123 0.05
9203 10204 0.2
9203 11788 0.05
9203 10481 0.05
9203 187 0.2
9203 9361 0.2
9203 11695 0.2
9203 12513 0.01
9203 7543 0.2
9203 4152 0.01
9203 6128 0.01
9203 5844 0.01
9203 11130 0.05
9203 7740 0.01
9203 5239 0.01
9203 4250 0.05
9203 4770 0.05
9203 1622 0.01
9203 5554 0.2
9203 8003 0.2
9203 7647 0.2
9203 7283 0.2
9203 11012 0.05
9203 958 0.05
9203 2016 0.2
9203 1329 0.2
9203 3409 0.2
9203 6508 0.2
9204 12294 0.01
9204 7657 0.05
9204 9288 0.01
9204 6577 0.01
9205 4152 0.05
9206 4152 0.05
9208 4152 0.01
9208 5169 0.05
9210 4990 0.05
9211 625 0.2
9211 7714 0.05
9211 1132 0.2
9212 6673 0.2
9213 9088 0.05
9216 9339 0.2
9216 9088 0.05
9216 655 0.01
9216 10037 0.05
9218 9479 0.2
9218 1622 0.01
9218 10811 0.2
9218 4633 0.01
9218 10037 0.2
9219 4152 0.01
9220 1622 0.05
9221 8575 0.2
9221 438 0.05
9221 1993 0.05
9221 4066 0.2
9221 8568 0.05
9221 3734 0.05
9221 324 0.05
9221 2016 0.05
9221 11884 0.2
9221 9126 0.01
9221 1622 0.05
9222 4152 0.2
9222 9088 0.2
9223 5010 0.2
9223 4090 0.2
9223 2444 0.05
9223 12213 0.2
9223 191 0.2
9223 8473 0.05
9223 12063 0.01
9223 438 0.2
9223 10177 0.01
9223 4066 0.05
9223 11507 0.05
9223 6827 0.2
9223 9851 0.2
9223 4021 0.2
9223 2381 0.05
9223 795 0.01
9223 12403 0.01
9223 2256 0.05
9223 2896 0.01
9223 2992 0.01
9224 9369 0.01
9226 9531 0.2
9227 4152 0.01
9228 5272 0.01
9228 6368 0.2
9228 8681 0.05
9228 1422 0.05
9228 5938 0.05
9228 2751 0.2
9229 6279 0.2
9229 1414 0.01
9229 2958 0.01
9229 9879 0.05
9229 5145 0.05
9229 2545 0.01
9229 10037 0.2
9229 5554 0.01
9230 4152 0.2
9231 12525 0.05
9232 3438 0.2
9232 7265 0.2
9232 12003 0.01
9232 4770 0.01
9232 3583 0.05
9232 10495 0.01
9232 1814 0.2
9232 2265 0.01
9232 3072 0.01
9232 11540 0.2
9232 10474 0.01
9232 1422 0.01
9232 6236 0.2
9232 11111 0.05
9232 10782 0.2
9232 4152 0.01
9232 10698 0.01
9232 8917 0.05
9232 5114 0.2
9233 9720 0.05
9233 11264 0.2
9233 1527 0.01
9233 8361 0.2
9233 8306 0.2
9235 9602 0.2
9235 7324 0.05
9235 5554 0.05
9236 4152 0.01
9236 9088 0.01
9236 7176 0.05
9237 5071 0.05
9237 6093 0.01
9237 5148 0.05
9237 7936 0.2
9237 2435 0.01
9237 1704 0.01
9237 574 0.01
9237 9088 0.2
9237 5145 0.2
9237 9677 0.05
9237 6621 0.2
9237 6673 0.05
9237 6479 0.05
9237 4152 0.05
9237 10037 0.2
9237 3114 0.01
9238 4152 0.01
9239 4152 0.01
9241 4152 0.2
9242 8464 0.01
9244 7824 0.05
9244 1831 0.2
9244 905 0.2
9244 8568 0.2
9245 4152 0.01
9246 6914 0.05
9246 10841 0.2
9246 7843 0.05
9247 1383 0.01
9247 11419 0.05
9247 2837 0.01
9247 7302 0.2
9247 8682 0.01
9247 1344 0.01
9247 2896 0.01
9247 5273 0.2
9247 3312 0.01
9247 11116 0.01
9247 7810 0.05
9247 9826 0.2
9247 1624 0.05
9247 8568 0.2
9247 8512 0.05
9247 5651 0.05
9247 4505 0.01
9247 7324 0.01
9247 4040 0.2
9247 656 0.2
9247 1009 0.05
9247 8378 0.2
9247 2877 0.2
9247 1961 0.05
9247 10094 0.05
9249 8935 0.2
9249 1527 0.2
9250 5487 0.01
9250 5272 0.05
9250 3842 0.05
9250 12213 0.05
9250 12513 0.2
9250 5010 0.2
9250 5482 0.05
9250 4040 0.2
9250 926 0.05
9250 4098 0.2
9250 1422 0.01
9250 9337 0.05
9250 3221 0.05
9250 8141 0.01
9250 5721 0.01
9250 11922 0.01
9250 5286 0.2
9251 8460 0.05
9251 9748 0.01
9251 3954 0.05
9252 4152 0.2
9253 9304 0.05
9253 9095 0.01
9253 4152 0.05
9253 9088 0.01
9253 12592 0.2
9254 10811 0.2
9254 2050 0.01
9255 1622 0.01
9256 9372 0.2
9257 3771 0.05
9258 11537 0.05
9258 11623 0.05
9258 9297 0.01
9258 8940 0.2
9259 6077 0.01
9260 989 0.05
9261 9677 0.01
9262 5072 0.01
9262 2637 0.2
9262 7815 0.05
9262 5938 0.2
9263 3625 0.01
9263 5482 0.2
9263 10811 0.01
9263 1108 0.05
9263 9088 0.2
9263 11695 0.2
9263 5066 0.05
9263 1622 0.05
9263 4152 0.2
9263 10037 0.05
9263 3114 0.05
9266 1586 0.01
9267 4152 0.2
9267 9088 0.05
9270 11818 0.01
9271 4152 0.01
9272 4837 0.2
9272 4371 0.01
9272 7816 0.05
9272 11481 0.2
9272 11180 0.05
9272 4615 0.05
9272 9027 0.01
9272 11744 0.2
9272 7213 0.2
9272 5028 0.05
9272 10672 0.05
9272 4738 0.01
9272 9627 0.05
9272 351 0.2
9272 2393 0.05
9272 10727 0.01
9272 695 0.2
9272 124 0.2
9272 1524 0.05
9272 6051 0.05
9272 4308 0.01
9272 2280 0.01
9272 11921 0.2
9272 2428 0.01
9273 1108 0.01
9274 647 0.05
9276 7888 0.01
9276 1468 0.05
9276 11326 0.2
9276 12376 0.2
9276 8613 0.05
9276 12499 0.05
9276 7535 0.2
9276 11921 0.01
9276 4152 0.05
9276 12581 0.05
9277 10037 0.2
9279 4152 0.01
9280 6128 0.01
9281 4152 0.01
9281 11695 0.01
9282 1030 0.2
9283 4152 0.01
9283 9843 0.2
9283 9736 0.2
9283 10259 0.2
9283 9088 0.2
9283 1527 0.05
9285 1957 0.2
9285 4152 0.2
9286 7278 0.2
9286 6113 0.01
9286 7846 0.01
9287 1158 0.01
9288 6404 0.2
9288 3625 0.2
9288 3205 0.01
9288 2388 0.05
9288 10371 0.05
9288 6416 0.05
9288 786 0.01
9288 4031 0.2
9288 11500 0.05
9288 11697 0.2
9288 7218 0.2
9288 8750 0.01
9288 2324 0.01
9288 8365 0.01
9288 2004 0.05
9288 7022 0.2
9288 10524 0.05
9288 1814 0.01
9288 8568 0.01
9288 1422 0.05
9288 1622 0.05
9288 9744 0.05
9288 7804 0.05
9288 2016 0.01
9288 4263 0.2
9288 11318 0.01
9288 9967 0.05
9288 6460 0.05
9288 4066 0.2
9288 3469 0.01
9288 3678 0.05
9288 61 0.01
9288 9980 0.05
9288 5272 0.05
9288 11548 0.05
9288 234 0.05
9288 11343 0.05
9288 5794 0.01
9288 2257 0.01
9288 6685 0.01
9288 1329 0.01
9288 3280 0.01
9288 3281 0.05
9288 1527 0.2
9288 5101 0.05
9288 2276 0.05
9288 716 0.2
9288 10012 0.2
9288 8244 0.2
9288 12534 0.01
9288 24 0.01
9288 7875 0.2
9288 7657 0.01
9288 10016 0.2
9288 871 0.05
9288 12545 0.01
9288 4525 0.05
9288 3114 0.01
9288 10608 0.05
9288 885 0.01
9288 8452 0.2
9288 9619 0.05
9288 8854 0.01
9288 3535 0.05
9288 9253 0.05
9288 3094 0.05
9288 5145 0.01
9288 6330 0.2
9288 10037 0.05
9288 2926 0.05
9288 9843 0.05
9288 6140 0.2
9288 7997 0.01
9288 2515 0.2
9288 9088 0.2
9288 4559 0.01
9288 12592 0.05
9288 5721 0.01
9288 8103 0.01
9288 9733 0.2
9288 10651 0.2
9288 5066 0.01
9288 7719 0.01
9288 10782 0.05
9288 11434 0.2
9288 8118 0.05
9288 541 0.01
9288 8899 0.05
9288 12032 0.01
9288 7725 0.05
9288 9671 0.01
9288 206 0.01
9288 4152 0.05
9288 12617 0.2
9288 6762 0.2
9288 3175 0.01
9288 11852 0.2
9288 3388 0.01
9288 3389 0.01
9288 7038 0.01
9288 8917 0.01
9288 6599 0.05
9288 749 0.2
9288 12187 0.01
9288 9904 0.05
9288 8525 0.05
9288 574 0.05
9288 1975 0.01
9288 1781 0.05
9288 3618 0.2
9288 7369 0.01
9290 5487 0.2
9290 11796 0.05
9291 56 0.05
9292 5071 0.05
9292 10495 0.2
9292 885 0.01
9292 10811 0.2
9292 11446 0.2
9292 1622 0.05
9292 4152 0.05
9292 6128 0.01
9292 5554 0.01
9294 12328 0.01
9295 2839 0.2
9295 174 0.01
9295 430 0.05
9295 1319 0.05
9296 9088 0.05
9297 11623 0.2
9297 9258 0.01
9297 8940 0.01
9298 4152 0.2
9299 4152 0.05
9300 1117 0.2
9300 2103 0.01
9300 4152 0.05
9300 1204 0.05
9301 4152 0.2
9302 847 0.05
9302 2026 0.2
9304 4152 0.01
9304 9088 0.05
9304 9253 0.2
9305 2329 0.2
9307 4152 0.01
9307 3797 0.2
9308 4729 0.05
9310 8132 0.2
9311 4067 0.05
9312 4152 0.2
9314 4152 0.01
9315 391 0.2
9316 4152 0.01
9316 9088 0.2
9316 10811 0.05
9317 9003 0.01
9317 1265 0.2
9317 9088 0.05
9317 5554 0.2
9317 4152 0.01
9317 2896 0.01
9320 9088 0.01
9321 1468 0.2
9322 4792 0.01
9322 1527 0.2
9322 3019 0.2
9324 4152 0.01
9324 9088 0.2
9324 1857 0.05
9327 3239 0.01
9328 4152 0.2
9329 174 0.2
9329 3625 0.2
9329 871 0.05
9329 5066 0.2
9329 3114 0.01
9329 5071 0.05
9329 3481 0.01
9329 9671 0.05
9329 8173 0.01
9329 10811 0.01
9329 5145 0.01
9329 1622 0.2
9329 10037 0.05
9329 4152 0.2
9329 3906 0.2
9329 5482 0.05
9329 12201 0.2
9329 10588 0.2
9329 9088 0.01
9329 2016 0.2
9329 1527 0.01
9329 10698 0.05
9329 11923 0.01
9330 4152 0.05
9331 8173 0.05
9331 2297 0.01
9331 174 0.01
9331 5885 0.01
9331 2735 0.01
9331 3286 0.2
9331 10136 0.01
9331 4040 0.01
9331 2904 0.05
9331 1792 0.05
9331 2896 0.01
9331 12515 0.01
9331 1622 0.01
9331 152 0.2
9331 676 0.2
9333 4152 0.2
9334 5573 0.05
9335 1984 0.2
9335 2434 0.05
9335 12223 0.05
9335 2730 0.2
9335 1230 0.2
9335 4731 0.2
9335 12123 0.2
9335 10606 0.05
9335 2896 0.05
9335 9002 0.05
9335 5362 0.2
9335 7256 0.05
9335 788 0.2
9335 7810 0.01
9335 9885 0.2
9335 11121 0.2
9335 11122 0.01
9335 689 0.05
9335 5010 0.01
9335 70 0.2
9335 4927 0.01
9335 4040 0.01
9335 6003 0.2
9335 9078 0.05
9335 4727 0.05
9335 6984 0.2
9335 12063 0.05
9335 6094 0.2
9335 8055 0.01
9335 2016 0.05
9337 3254 0.05
9337 11236 0.05
9337 6318 0.2
9337 2381 0.2
9338 4152 0.2
9339 5397 0.01
9339 8935 0.05
9339 1979 0.01
9339 174 0.01
9339 12123 0.2
9339 5992 0.01
9339 4018 0.2
9339 2568 0.2
9339 10588 0.01
9339 1721 0.01
9339 3205 0.01
9339 9923 0.01
9339 7196 0.01
9339 9715 0.2
9339 6003 0.05
9339 7382 0.01
9339 4793 0.01
9339 6624 0.01
9339 187 0.05
9339 1913 0.05
9339 390 0.2
9339 6416 0.01
9339 3842 0.01
9339 12084 0.05
9339 7191 0.01
9339 7810 0.2
9339 9531 0.05
9339 11695 0.2
9339 8314 0.01
9339 9043 0.2
9339 11083 0.01
9339 8361 0.01
9339 5721 0.2
9339 2588 0.2
9339 9600 0.05
9339 5600 0.05
9339 8173 0.01
9339 9045 0.05
9339 992 0.05
9339 3370 0.01
9339 2969 0.2
9339 2004 0.01
9339 2213 0.01
9339 8177 0.01
9339 8568 0.01
9339 4040 0.05
9339 3381 0.01
9339 4250 0.05
9339 4615 0.01
9339 1422 0.01
9339 1622 0.2
9339 4450 0.05
9339 4642 0.05
9339 4451 0.01
9339 5148 0.05
9339 211 0.05
9339 8574 0.05
9339 8575 0.01
9339 5435 0.05
9339 5436 0.01
9339 11309 0.2
9339 10375 0.2
9339 808 0.01
9339 7414 0.2
9339 8606 0.2
9339 9359 0.2
9339 2016 0.2
9339 11526 0.2
9339 239 0.2
9339 11921 0.05
9339 5620 0.2
9339 7426 0.2
9339 7613 0.05
9339 1827 0.2
9339 4066 0.05
9339 5066 0.05
9339 2028 0.05
9339 10136 0.01
9339 7663 0.2
9339 9491 0.2
9339 11540 0.05
9339 4846 0.05
9339 5805 0.01
9339 430 0.01
9339 2242 0.01
9339 9189 0.05
9339 5272 0.2
9339 10931 0.05
9339 1290 0.01
9339 5074 0.05
9339 11336 0.2
9339 3618 0.01
9339 2248 0.01
9339 7625 0.01
9339 3560 0.01
9339 8031 0.2
9339 6475 0.01
9339 10641 0.05
9339 6673 0.01
9339 12513 0.01
9339 1957 0.2
9339 3269 0.2
9339 6479 0.2
9339 7843 0.2
9339 2644 0.05
9339 448 0.01
9339 8041 0.05
9339 10944 0.05
9339 70 0.01
9339 9216 0.05
9339 1245 0.05
9339 2265 0.01
9339 12335 0.05
9339 9720 0.05
9339 10002 0.05
9339 2292 0.01
9339 353 0.05
9339 2868 0.2
9339 655 0.2
9339 11359 0.2
9339 3281 0.2
9339 1527 0.2
9339 7863 0.01
9339 3503 0.2
9339 6094 0.01
9339 2276 0.05
9339 11491 0.05
9339 11961 0.2
9339 3714 0.2
9339 9410 0.2
9339 12201 0.01
9339 6504 0.2
9339 12534 0.2
9339 9605 0.05
9339 6236 0.2
9339 6508 0.01
9339 10782 0.01
9339 7547 0.2
9339 5487 0.2
9339 1685 0.01
9339 6621 0.2
9339 7875 0.01
9339 2888 0.2
9339 7484 0.2
9339 12542 0.01
9339 9237 0.05
9339 12545 0.2
9339 4700 0.01
9339 8065 0.2
9339 4525 0.2
9339 1884 0.01
9339 8445 0.05
9339 2365 0.2
9339 4701 0.2
9339 1200 0.05
9339 10608 0.2
9339 11788 0.01
9339 3925 0.05
9339 7127 0.2
9339 9609 0.01
9339 885 0.05
9339 78 0.01
9339 12376 0.2
9339 9619 0.01
9339 4336 0.05
9339 2312 0.05
9339 8075 0.2
9339 5287 0.01
9339 7806 0.01
9339 7120 0.2
9339 299 0.2
9339 10421 0.2
9339 4738 0.05
9339 204 0.2
9339 4127 0.01
9339 8656 0.01
9339 10220 0.01
9339 2107 0.2
9339 1675 0.05
9339 10811 0.2
9339 9077 0.2
9339 2622 0.2
9339 12576 0.01
9339 6093 0.2
9339 12003 0.01
9339 9288 0.2
9339 8731 0.01
9339 7324 0.05
9339 7899 0.01
9339 11326 0.05
9339 10037 0.2
9339 124 0.05
9339 518 0.2
9339 4139 0.01
9339 9843 0.05
9339 1319 0.01
9339 1507 0.05
9339 11772 0.2
9339 8294 0.01
9339 9452 0.05
9339 1704 0.05
9339 1699 0.05
9339 2515 0.01
9339 4149 0.2
9339 9088 0.2
9339 6340 0.2
9339 6341 0.05
9339 8478 0.2
9339 4152 0.05
9339 8672 0.2
9339 8681 0.2
9339 3190 0.2
9339 9733 0.2
9339 5482 0.05
9339 9096 0.01
9339 5329 0.05
9339 11629 0.05
9339 6139 0.05
9339 7719 0.2
9339 11210 0.05
9339 10249 0.2
9339 11434 0.05
9339 12228 0.01
9339 561 0.01
9339 10012 0.01
9339 8118 0.2
9339 9875 0.01
9339 11241 0.05
9339 9068 0.2
9339 3722 0.05
9339 3164 0.01
9339 6961 0.2
9339 409 0.05
9339 7936 0.2
9339 12610 0.05
9339 2954 0.2
9339 224 0.05
9339 8625 0.05
9339 9674 0.2
9339 2845 0.01
9339 4179 0.01
9339 7536 0.05
9339 12317 0.2
9339 739 0.05
9339 11651 0.05
9339 4103 0.01
9339 3797 0.01
9339 3388 0.01
9339 7543 0.2
9339 11234 0.01
9339 2359 0.2
9339 3996 0.05
9339 12522 0.2
9339 12000 0.01
9339 9174 0.05
9339 7356 0.05
9339 10982 0.01
9339 4047 0.2
9339 5239 0.05
9339 4770 0.01
9339 6978 0.2
9339 6185 0.2
9339 8899 0.05
9339 3397 0.01
9339 8755 0.2
9339 4003 0.2
9339 5554 0.01
9339 9105 0.01
9339 1371 0.2
9339 6984 0.05
9339 7957 0.05
9339 1158 0.05
9339 11529 0.05
9339 11042 0.01
9339 4409 0.2
9339 367 0.01
9339 7553 0.05
9339 574 0.01
9339 9700 0.05
9339 9658 0.05
9339 8240 0.2
9339 7369 0.2
9339 6609 0.01
9339 4966 0.05
9339 10900 0.2
9339 10698 0.01
9339 234 0.05
9339 10096 0.01
9340 8025 0.05
9340 6639 0.01
9340 8116 0.05
9340 11620 0.01
9341 6169 0.01
9342 3818 0.01
9342 4152 0.05
9342 8132 0.01
9342 6707 0.05
9342 4371 0.2
9343 3625 0.05
9343 10811 0.2
9343 9088 0.05
9343 5066 0.01
9343 1622 0.2
9343 4152 0.01
9343 3114 0.2
9344 4152 0.01
9345 10108 0.01
9345 4846 0.2
9346 10480 0.2
9347 4152 0.01
9348 4152 0.01
9351 2004 0.2
9351 7120 0.01
9351 9088 0.05
9351 8126 0.01
9351 4152 0.2
9351 2334 0.2
9351 1529 0.2
9352 8319 0.2
9353 4152 0.2
9354 3503 0.01
9354 4374 0.05
9354 6344 0.05
9354 212 0.2
9354 2265 0.05
9355 4152 0.2
9356 4152 0.2
9357 2265 0.2
9358 4152 0.05
9358 9088 0.01
9359 174 0.01
9359 8306 0.01
9359 6792 0.01
9359 11540 0.05
9359 7161 0.2
9359 10371 0.05
9359 5071 0.2
9359 7165 0.05
9359 8451 0.01
9359 8613 0.05
9359 9339 0.01
9359 4387 0.01
9359 7171 0.01
9359 780 0.05
9359 9020 0.2
9359 1707 0.01
9359 1757 0.01
9359 8087 0.01
9359 1422 0.01
9359 1622 0.2
9359 10037 0.2
9359 5554 0.05
9359 211 0.01
9359 9793 0.01
9359 11043 0.01
9359 4152 0.05
9360 4734 0.2
9360 6492 0.05
9360 12545 0.2
9360 2014 0.05
9360 10867 0.2
9360 11687 0.01
9360 24 0.01
9360 3532 0.01
9360 7391 0.2
9360 1759 0.01
9360 4808 0.2
9360 10256 0.01
9360 7324 0.01
9360 10835 0.2
9360 12294 0.05
9360 2982 0.05
9360 11043 0.2
9360 8824 0.05
9360 11815 0.2
9360 7865 0.01
9360 3409 0.2
9360 8103 0.01
9360 3395 0.01
9361 10675 0.01
9361 174 0.01
9361 10495 0.2
9361 3205 0.01
9361 12545 0.05
9361 631 0.01
9361 2789 0.2
9361 6389 0.05
9361 4525 0.01
9361 11737 0.2
9361 9570 0.01
9361 5071 0.05
9361 6416 0.01
9361 9720 0.01
9361 9203 0.2
9361 9773 0.05
9361 545 0.05
9361 6961 0.01
9361 885 0.05
9361 8451 0.2
9361 2945 0.2
9361 2923 0.05
9361 241 0.2
9361 2000 0.05
9361 3175 0.2
9361 10811 0.2
9361 12000 0.01
9361 8045 0.01
9361 1622 0.01
9361 10402 0.05
9361 11326 0.2
9361 10037 0.2
9361 5554 0.2
9361 749 0.05
9361 211 0.01
9361 1319 0.01
9361 8770 0.2
9361 11772 0.01
9361 1242 0.01
9361 12335 0.05
9361 9088 0.01
9361 6341 0.2
9361 9605 0.05
9361 1329 0.2
9361 4152 0.05
9361 11822 0.05
9362 4152 0.01
9363 4152 0.2
9365 10592 0.01
9365 4152 0.05
9367 11636 0.05
9368 11320 0.01
9369 4954 0.01
9369 6025 0.01
9369 9224 0.05
9369 3101 0.05
9370 4152 0.01
9370 11649 0.01
9372 7732 0.01
9372 2337 0.05
9372 9256 0.05
9372 2622 0.01
9372 1949 0.01
9372 9088 0.01
9372 2016 0.2
9372 6003 0.05
9372 10782 0.01
9372 4152 0.01
9372 2334 0.01
9372 12411 0.01
9373 4152 0.05
9375 4152 0.05
9376 2888 0.05
9377 4152 0.2
9378 3584 0.05
9378 1622 0.2
9379 1216 0.05
9380 3312 0.01
9382 4522 0.01
9383 11009 0.2
9384 4152 0.05
9385 6463 0.01
9387 9915 0.2
9387 11823 0.2
9387 7020 0.01
9387 10936 0.2
9387 3625 0.01
9387 317 0.2
9387 8580 0.05
9387 11939 0.05
9387 11253 0.2
9387 5145 0.05
9387 5066 0.01
9387 10024 0.2
9387 1622 0.01
9387 4152 0.05
9387 7263 0.05
9387 3114 0.01
9390 2798 0.2
9390 7253 0.2
9391 4152 0.2
9392 9753 0.2
9392 6044 0.2
9392 4090 0.2
9392 7394 0.05
9392 2896 0.2
9393 8512 0.2
9394 4152 0.05
9395 12213 0.05
9395 2004 0.05
9396 831 0.05
9396 6046 0.2
9396 2434 0.05
9397 9088 0.05
9397 1332 0.01
9397 5554 0.01
9398 3697 0.2
9398 4949 0.05
9398 10480 0.05
9398 3114 0.2
9399 11488 0.01
9400 9531 0.01
9400 9088 0.01
9400 4066 0.2
9400 2896 0.2
9403 4152 0.01
9404 12376 0.2
9406 4152 0.2
9407 9480 0.01
9408 91 0.2
9408 54 0.05
9408 9923 0.2
9408 3254 0.2
9408 1084 0.01
9408 12507 0.01
9408 5069 0.05
9408 5732 0.2
9408 5272 0.05
9408 7309 0.01
9408 1138 0.01
9408 3217 0.05
9408 9009 0.05
9408 9531 0.01
9408 9674 0.2
9408 11985 0.05
9408 9625 0.05
9408 8173 0.05
9408 1904 0.2
9408 3394 0.2
9408 3290 0.05
9408 9535 0.2
9408 7324 0.01
9408 11300 0.2
9408 10037 0.2
9408 5554 0.05
9408 6984 0.2
9408 1063 0.01
9408 2877 0.05
9408 3959 0.01
9408 2016 0.2
9408 10141 0.2
9408 1527 0.2
9408 10095 0.01
9410 10495 0.05
9410 6405 0.2
9410 4615 0.2
9410 6416 0.05
9410 9720 0.05
9410 12084 0.2
9410 1186 0.2
9410 4238 0.01
9410 796 0.01
9410 9339 0.2
9410 12039 0.2
9410 7017 0.01
9410 7702 0.05
9410 992 0.05
9410 9946 0.05
9410 2212 0.2
9410 11653 0.05
9410 8568 0.2
9410 1422 0.01
9410 211 0.2
9410 12482 0.01
9410 10912 0.2
9410 2016 0.2
9410 3874 0.05
9410 2431 0.01
9410 10147 0.2
9410 10149 0.05
9410 11326 0.2
9410 3273 0.01
9410 9975 0.01
9410 12123 0.05
9410 7249 0.05
9410 2242 0.05
9410 9773 0.2
9410 438 0.01
9410 10367 0.01
9410 234 0.2
9410 9777 0.01
9410 12513 0.05
9410 1242 0.01
9410 8041 0.2
9410 70 0.2
9410 11130 0.05
9410 5239 0.05
9410 6492 0.01
9410 12341 0.05
9410 3710 0.01
9410 1527 0.2
9410 9793 0.05
9410 9796 0.05
9410 5482 0.05
9410 5662 0.01
9410 6504 0.01
9410 9605 0.01
9410 5669 0.2
9410 10197 0.05
9410 12545 0.2
9410 4700 0.01
9410 8843 0.05
9410 4525 0.01
9410 12363 0.05
9410 11788 0.2
9410 2692 0.2
9410 4336 0.05
9410 2911 0.01
9410 1370 0.01
9410 4718 0.2
9410 1707 0.05
9410 3741 0.05
9410 10811 0.2
9410 5145 0.2
9410 4134 0.05
9410 10037 0.2
9410 1720 0.05
9410 1319 0.01
9410 8092 0.2
9410 3560 0.05
9410 9088 0.05
9410 4152 0.05
9410 11007 0.01
9410 10450 0.05
9410 7716 0.2
9410 324 0.2
9410 8681 0.2
9410 11434 0.2
9410 12228 0.05
9410 7168 0.05
9410 3588 0.05
9410 7342 0.2
9410 8184 0.2
9410 1759 0.2
9410 2357 0.2
9410 3389 0.2
9410 11031 0.01
9410 7740 0.2
9410 5379 0.2
9410 10474 0.2
9410 4770 0.01
9410 9495 0.01
9410 4003 0.01
9410 5554 0.2
9410 5555 0.01
9410 12444 0.05
9410 4412 0.01
9410 4213 0.2
9410 4723 0.2
9411 9008 0.01
9412 4042 0.05
9413 672 0.01
9413 9088 0.2
9413 10037 0.05
9414 7663 0.05
9416 2507 0.01
9416 6467 0.01
9416 3175 0.01
9416 8710 0.05
9416 9844 0.05
9416 10762 0.01
9416 6436 0.2
9416 10811 0.05
9416 1096 0.05
9416 9698 0.2
9416 9088 0.05
9416 2016 0.2
9416 2615 0.2
9416 3255 0.01
9416 4152 0.05
9416 2242 0.01
9418 4152 0.01
9420 5145 0.2
9421 8334 0.05
9421 8935 0.2
9421 2473 0.05
9421 3842 0.05
9421 5272 0.05
9421 12552 0.01
9421 438 0.2
9421 7127 0.05
9421 4066 0.05
9421 7625 0.05
9421 3734 0.01
9421 1961 0.05
9421 9531 0.01
9421 4991 0.05
9421 1371 0.05
9421 4793 0.05
9421 1622 0.01
9421 1527 0.2
9421 8672 0.05
9421 10096 0.2
9422 4196 0.2
9423 6819 0.05
9423 1622 0.05
9423 4152 0.01
9424 4152 0.01
9424 1050 0.01
9425 1781 0.01
9426 4152 0.2
9427 1675 0.05
9427 11130 0.05
9427 9671 0.01
9427 9088 0.01
9427 9495 0.01
9427 4152 0.01
9427 12411 0.05
9428 24 0.05
9428 4152 0.01
9428 4250 0.2
9429 1781 0.05
9429 10012 0.2
9430 320 0.05
9432 1979 0.01
9433 6364 0.01
9433 174 0.05
9433 6077 0.01
9433 5874 0.01
9433 1319 0.05
9433 10343 0.05
9433 5482 0.2
9433 8121 0.05
9433 3469 0.2
9433 3254 0.2
9433 10824 0.2
9433 3644 0.05
9433 10141 0.2
9433 7302 0.05
9433 6318 0.2
9433 4166 0.2
9433 4061 0.01
9433 3382 0.01
9434 6484 0.2
9435 3409 0.01
9435 1224 0.05
9435 8836 0.01
9435 10811 0.2
9435 7865 0.01
9435 12335 0.05
9435 9088 0.05
9435 3705 0.2
9435 10782 0.2
9435 4152 0.2
9435 8104 0.2
9436 9088 0.2
9436 11629 0.2
9437 11548 0.01
9438 8193 0.05
9439 8536 0.05
9439 2297 0.2
9439 8344 0.01
9439 12213 0.05
9440 10037 0.05
9442 7373 0.01
9442 9923 0.05
9442 2790 0.2
9442 1230 0.01
9442 7324 0.01
9442 3727 0.2
9442 11434 0.01
9442 4701 0.01
9442 9003 0.01
9442 2735 0.2
9442 8609 0.05
9442 7536 0.05
9442 7843 0.01
9442 8173 0.01
9442 12330 0.01
9442 5549 0.01
9442 12436 0.05
9442 10037 0.05
9442 10533 0.2
9442 518 0.05
9442 2276 0.05
9442 137 0.01
9442 9088 0.2
9442 2016 0.01
9442 5764 0.01
9442 10141 0.05
9442 7369 0.05
9443 4152 0.2
9444 10608 0.01
9445 4152 0.05
9446 4152 0.01
9447 3764 0.01
9447 12123 0.01
9447 4506 0.05
9447 5726 0.01
9447 10811 0.05
9447 4040 0.05
9447 518 0.01
9447 9088 0.2
9447 5145 0.01
9447 2016 0.05
9447 1622 0.05
9447 4152 0.2
9447 4660 0.05
9447 12592 0.05
9447 8737 0.01
9448 304 0.2
9449 4152 0.05
9450 4152 0.01
9451 3547 0.05
9452 7514 0.01
9455 4152 0.05
9456 7324 0.01
9456 10108 0.2
9456 4846 0.2
9457 2507 0.01
9458 9088 0.01
9459 3469 0.01
9460 3576 0.01
9461 6320 0.05
9462 4152 0.05
9463 4836 0.01
9463 11375 0.2
9463 6545 0.01
9463 10416 0.01
9463 1098 0.2
9463 11695 0.01
9463 5600 0.2
9463 8228 0.01
9463 7691 0.01
9463 452 0.05
9463 7022 0.01
9463 10811 0.05
9463 2063 0.01
9463 2265 0.01
9463 1422 0.2
9463 5554 0.05
9463 853 0.2
9463 11363 0.2
9463 10690 0.01
9463 11772 0.01
9463 5482 0.01
9463 9088 0.05
9463 2016 0.01
9463 211 0.01
9463 11921 0.01
9463 4152 0.2
9463 3504 0.05
9464 1783 0.05
9466 6945 0.01
9466 588 0.2
9466 10404 0.05
9466 5819 0.05
9466 12228 0.2
9466 11488 0.01
9466 10796 0.2
9466 11661 0.05
9466 3406 0.01
9466 192 0.2
9466 3965 0.05
9466 2045 0.2
9466 9728 0.01
9466 3937 0.05
9466 6718 0.05
9466 6913 0.01
9466 9020 0.01
9466 2539 0.05
9466 5904 0.01
9466 417 0.2
9466 12092 0.05
9466 5141 0.2
9466 2916 0.2
9466 12143 0.2
9466 2379 0.2
9466 11388 0.2
9466 10037 0.05
9466 6908 0.05
9466 3402 0.2
9466 7218 0.01
9466 3735 0.05
9466 8213 0.2
9466 4152 0.01
9466 2231 0.2
9466 7966 0.05
9467 4042 0.05
9469 10593 0.05
9470 4152 0.01
9471 7165 0.05
9472 5758 0.05
9472 9542 0.2
9472 6335 0.01
9472 6784 0.05
9472 8881 0.2
9472 5554 0.01
9473 9088 0.2
9476 2016 0.2
9477 6094 0.2
9477 8609 0.05
9479 9218 0.01
9480 174 0.2
9480 10495 0.01
9480 6545 0.05
9480 5263 0.2
9480 12397 0.2
9480 3679 0.2
9480 5014 0.05
9480 6624 0.01
9480 4701 0.01
9480 11548 0.01
9480 6982 0.01
9480 6010 0.01
9480 934 0.05
9480 839 0.2
9480 12376 0.05
9480 8625 0.2
9480 6804 0.01
9480 8361 0.05
9480 12238 0.2
9480 940 0.01
9480 1852 0.2
9480 10220 0.01
9480 1253 0.2
9480 1622 0.2
9480 886 0.2
9480 8574 0.05
9480 4152 0.2
9480 9407 0.01
9480 3815 0.2
9480 9088 0.2
9480 8038 0.01
9480 12490 0.05
9480 11921 0.01
9480 1527 0.05
9481 11829 0.05
9482 5554 0.01
9483 10529 0.05
9483 10811 0.2
9483 3114 0.2
9484 10495 0.2
9484 4066 0.01
9484 4470 0.2
9484 10876 0.2
9484 8350 0.2
9484 11540 0.05
9484 9288 0.01
9484 11737 0.05
9484 12123 0.05
9484 11434 0.05
9484 2242 0.01
9484 407 0.05
9484 11788 0.01
9484 4773 0.05
9484 7625 0.2
9484 9778 0.2
9484 8218 0.05
9484 3072 0.05
9484 8646 0.05
9484 7396 0.05
9484 343 0.05
9484 7691 0.05
9484 7082 0.05
9484 10811 0.2
9484 254 0.05
9484 7420 0.05
9484 2923 0.2
9484 5554 0.01
9484 211 0.01
9484 5342 0.05
9484 9843 0.05
9484 2276 0.05
9484 11312 0.01
9484 7283 0.01
9484 9088 0.05
9484 2016 0.01
9484 11722 0.05
9484 7719 0.2
9484 4152 0.2
9484 10540 0.2
9485 9088 0.01
9486 5145 0.05
9486 9843 0.05
9487 9851 0.2
9489 3072 0.05
9491 211 0.01
9491 1527 0.2
9491 12123 0.2
9491 7691 0.05
9491 408 0.05
9491 1319 0.05
9491 731 0.01
9491 5482 0.05
9491 2622 0.05
9491 8568 0.2
9491 11326 0.01
9491 9088 0.2
9491 2016 0.05
9491 1622 0.2
9491 4152 0.05
9491 2923 0.2
9492 4152 0.05
9493 4152 0.01
9493 8875 0.2
9494 4152 0.01
9494 10811 0.01
9495 6347 0.01
9495 6887 0.01
9495 1360 0.05
9495 7568 0.01
9495 4066 0.05
9495 2728 0.01
9495 1704 0.05
9495 2948 0.05
9495 12149 0.05
9495 4700 0.2
9495 11065 0.01
9495 674 0.2
9495 10782 0.05
9495 12123 0.01
9495 8789 0.01
9495 11434 0.05
9495 2242 0.01
9495 4701 0.2
9495 5272 0.2
9495 11884 0.01
9495 8118 0.01
9495 9078 0.2
9495 8899 0.2
9495 3164 0.05
9495 438 0.05
9495 9427 0.01
9495 7725 0.05
9495 2248 0.2
9495 8031 0.01
9495 5559 0.05
9495 9126 0.01
9495 2896 0.05
9495 12131 0.2
9495 5186 0.01
9495 7536 0.2
9495 1949 0.05
9495 2296 0.05
9495 8173 0.01
9495 299 0.01
9495 8750 0.2
9495 3764 0.05
9495 9436 0.01
9495 739 0.01
9495 1854 0.01
9495 2004 0.05
9495 9946 0.01
9495 9491 0.2
9495 5239 0.01
9495 3181 0.2
9495 9812 0.2
9495 4133 0.2
9495 12576 0.2
9495 779 0.05
9495 5970 0.01
9495 1422 0.2
9495 5701 0.2
9495 6003 0.2
9495 7407 0.2
9495 353 0.2
9495 4254 0.05
9495 1674 0.05
9495 8426 0.01
9495 9843 0.05
9495 5101 0.2
9495 8976 0.2
9495 6254 0.05
9495 6466 0.01
9495 2276 0.2
9495 522 0.01
9495 5347 0.05
9495 5987 0.01
9495 2016 0.05
9495 1975 0.2
9495 12321 0.05
9495 3663 0.2
9495 4152 0.05
9495 11822 0.2
9495 8672 0.05
9496 7698 0.05
9496 1797 0.05
9496 11330 0.2
9496 2513 0.2
9496 5545 0.2
9496 10692 0.05
9496 11068 0.2
9496 4439 0.2
9496 4152 0.05
9497 9531 0.05
9498 4152 0.2
9501 8104 0.2
9506 12084 0.01
9508 10037 0.01
9509 4152 0.05
9510 8361 0.2
9511 4152 0.01
9512 5554 0.2
9513 494 0.01
9513 11998 0.05
9514 2843 0.2
9514 10440 0.05
9514 2896 0.2
9514 795 0.2
9515 7863 0.2
9516 10695 0.01
9517 9088 0.05
9518 4152 0.2
9519 9339 0.01
9519 9096 0.2
9520 4152 0.01
9521 4152 0.01
9521 9088 0.01
9522 4152 0.2
9523 932 0.05
9524 2637 0.01
9525 9088 0.01
9526 7536 0.01
9526 174 0.2
9526 5554 0.01
9526 9484 0.05
9529 4152 0.2
9531 1216 0.01
9531 1385 0.05
9531 1386 0.05
9531 11481 0.01
9531 2182 0.05
9531 2569 0.05
9531 9923 0.05
9531 590 0.2
9531 12077 0.01
9531 4793 0.2
9531 385 0.05
9531 10310 0.01
9531 8164 0.05
9531 9720 0.2
9531 191 0.05
9531 11492 0.05
9531 10890 0.2
9531 11695 0.05
9531 9339 0.01
9531 8361 0.01
9531 10633 0.01
9531 11012 0.2
9531 7592 0.05
9531 2207 0.01
9531 8366 0.2
9531 10895 0.01
9531 5427 0.01
9531 3029 0.01
9531 12283 0.05
9531 8568 0.01
9531 4040 0.01
9531 3407 0.2
9531 4250 0.01
9531 1530 0.2
9531 1622 0.2
9531 10902 0.2
9531 8573 0.01
9531 12103 0.01
9531 211 0.05
9531 4824 0.2
9531 2825 0.05
9531 5050 0.2
9531 9359 0.2
9531 3237 0.05
9531 420 0.2
9531 5467 0.05
9531 2019 0.01
9531 12327 0.2
9531 1441 0.2
9531 7995 0.01
9531 1224 0.05
9531 12495 0.05
9531 12120 0.05
9531 8607 0.05
9531 8128 0.05
9531 4472 0.01
9531 10644 0.01
9531 3971 0.2
9531 8399 0.01
9531 6258 0.05
9531 5819 0.2
9531 2739 0.05
9531 4479 0.01
9531 2283 0.01
9531 8609 0.2
9531 7441 0.05
9531 10367 0.01
9531 12180 0.2
9531 10442 0.01
9531 1468 0.2
9531 8613 0.05
9531 6673 0.2
9531 4637 0.01
9531 3568 0.2
9531 4042 0.05
9531 3078 0.2
9531 12582 0.2
9531 10376 0.01
9531 8644 0.01
9531 70 0.05
9531 3893 0.01
9531 6282 0.01
9531 1600 0.01
9531 247 0.01
9531 4847 0.05
9531 8418 0.01
9531 12335 0.05
9531 8071 0.05
9531 3495 0.01
9531 12147 0.01
9531 3147 0.05
9531 9591 0.01
9531 11355 0.2
9531 5968 0.2
9531 8623 0.05
9531 79 0.2
9531 2637 0.2
9531 7280 0.05
9531 9794 0.2
9531 1499 0.2
9531 5482 0.05
9531 9226 0.05
9531 2878 0.01
9531 976 0.05
9531 8945 0.01
9531 4590 0.05
9531 6295 0.05
9531 3395 0.05
9531 5487 0.01
9531 2885 0.01
9531 7100 0.01
9531 11973 0.05
9531 6107 0.01
9531 871 0.01
9531 5656 0.2
9531 9811 0.2
9531 2035 0.2
9531 9048 0.01
9531 8122 0.01
9531 876 0.2
9531 9691 0.05
9531 5118 0.01
9531 3882 0.01
9531 9012 0.2
9531 2436 0.2
9531 9614 0.05
9531 9818 0.01
9531 1116 0.05
9531 5889 0.2
9531 4332 0.01
9531 5126 0.01
9531 7683 0.05
9531 1829 0.05
9531 8892 0.01
9531 8271 0.01
9531 4341 0.01
9531 5523 0.2
9531 500 0.05
9531 2495 0.01
9531 10989 0.05
9531 7278 0.01
9531 10811 0.2
9531 8087 0.05
9531 12249 0.2
9531 2315 0.05
9531 5145 0.01
9531 12004 0.01
9531 9076 0.2
9531 7958 0.2
9531 3634 0.05
9531 10037 0.2
9531 1719 0.05
9531 5915 0.2
9531 1919 0.2
9531 1728 0.2
9531 9647 0.01
9531 63 0.2
9531 4149 0.01
9531 9088 0.05
9531 11619 0.2
9531 8097 0.2
9531 10643 0.01
9531 7145 0.01
9531 4152 0.2
9531 2334 0.01
9531 8681 0.05
9531 8673 0.01
9531 11974 0.01
9531 2840 0.01
9531 8306 0.2
9531 10837 0.2
9531 11210 0.2
9531 11111 0.05
9531 11635 0.01
9531 12605 0.01
9531 5369 0.01
9531 7875 0.2
9531 8821 0.2
9531 3164 0.05
9531 3781 0.05
9531 3821 0.01
9531 3585 0.01
9531 2524 0.2
9531 1351 0.2
9531 9673 0.2
9531 1409 0.05
9531 2747 0.2
9531 5429 0.05
9531 4982 0.01
9531 11646 0.01
9531 1759 0.01
9531 5372 0.01
9531 3596 0.01
9531 10696 0.05
9531 5964 0.2
9531 6590 0.2
9531 8707 0.2
9531 11033 0.2
9531 3393 0.05
9531 10474 0.05
9531 8329 0.01
9531 3397 0.05
9531 4200 0.05
9531 9497 0.05
9531 1108 0.2
9531 6775 0.01
9531 9695 0.01
9531 6741 0.01
9531 3575 0.01
9531 340 0.01
9531 4415 0.2
9531 3409 0.2
9531 6200 0.2
9531 7966 0.01
9533 9088 0.05
9533 6508 0.01
9536 4785 0.2
9536 2727 0.05
9536 1227 0.01
9536 9870 0.05
9536 2896 0.05
9536 831 0.01
9536 4531 0.01
9536 2444 0.2
9536 1077 0.05
9536 7588 0.01
9536 4345 0.01
9536 1562 0.01
9536 898 0.01
9536 8862 0.05
9536 8512 0.2
9536 8895 0.2
9536 7324 0.2
9536 10533 0.05
9536 6984 0.05
9536 8483 0.2
9536 10441 0.05
9536 4414 0.2
9536 9753 0.2
9537 749 0.05
9537 4559 0.05
9537 4152 0.05
9537 9088 0.2
9538 1775 0.2
9538 4735 0.05
9538 7596 0.01
9538 9088 0.2
9538 2855 0.05
9538 1903 0.2
9539 4152 0.01
9541 10076 0.05
9541 11717 0.05
9541 5628 0.01
9541 11326 0.05
9542 9472 0.2
9543 353 0.05
9544 4152 0.01
9545 6762 0.01
9545 8935 0.05
9545 3370 0.05
9545 1468 0.2
9545 11326 0.05
9545 12545 0.2
9545 3771 0.05
9545 12489 0.01
9545 1422 0.05
9545 4152 0.01
9545 3504 0.2
9547 6420 0.05
9547 9874 0.05
9547 10037 0.01
9547 4724 0.2
9547 2687 0.01
9548 4152 0.05
9552 4152 0.2
9554 3132 0.01
9554 6552 0.01
9554 4631 0.05
9554 3073 0.01
9554 5259 0.2
9554 4217 0.2
9554 1998 0.05
9554 8814 0.2
9555 4152 0.05
9558 7095 0.01
9558 8132 0.2
9558 191 0.2
9558 6707 0.05
9559 4152 0.05
9560 8869 0.01
9560 11815 0.01
9560 9655 0.05
9560 7105 0.05
9560 10689 0.05
9560 3454 0.2
9560 2877 0.01
9560 7376 0.05
9560 9046 0.2
9560 6432 0.01
9560 2247 0.2
9560 694 0.05
9560 5143 0.01
9560 4135 0.05
9560 10094 0.2
9560 1965 0.05
9560 3469 0.05
9560 5400 0.05
9560 4808 0.01
9561 8481 0.05
9562 11043 0.2
9564 4991 0.2
9564 1707 0.2
9565 2455 0.2
9565 8082 0.2
9565 6504 0.05
9565 1814 0.2
9565 11326 0.2
9565 6339 0.2
9565 9088 0.2
9567 9068 0.05
9568 4522 0.2
9570 9515 0.05
9570 739 0.05
9570 1923 0.05
9570 5916 0.2
9570 2888 0.01
9570 12576 0.01
9570 3828 0.01
9570 78 0.05
9570 9361 0.2
9570 9700 0.05
9570 9088 0.05
9570 4042 0.2
9570 9715 0.01
9570 10888 0.05
9570 5066 0.05
9570 9975 0.01
9570 10774 0.2
9570 4152 0.05
9570 10037 0.2
9570 11923 0.01
9570 3395 0.2
9571 11127 0.2
9571 8510 0.05
9572 4152 0.2
9572 9088 0.2
9573 4152 0.05
9574 24 0.01
9574 4152 0.05
9575 4139 0.05
9576 4522 0.01
9577 9088 0.01
9578 4152 0.01
9579 6368 0.05
9579 10797 0.2
9579 1563 0.01
9579 2004 0.01
9580 3395 0.05
9582 5822 0.2
9582 8392 0.05
9583 898 0.05
9585 4152 0.2
9585 9088 0.2
9586 4152 0.2
9587 1073 0.2
9587 11326 0.01
9588 4152 0.05
9589 4522 0.01
9590 4152 0.05
9591 2940 0.2
9591 174 0.01
9591 7875 0.05
9591 3568 0.05
9591 7919 0.01
9591 1829 0.05
9591 871 0.01
9591 1831 0.05
9591 6851 0.2
9591 923 0.2
9591 6146 0.01
9591 6940 0.05
9591 7047 0.05
9591 10262 0.01
9591 8445 0.2
9591 5369 0.05
9591 8609 0.05
9591 9431 0.05
9591 7622 0.2
9591 7683 0.01
9591 8166 0.05
9591 8359 0.2
9591 4156 0.2
9591 10367 0.01
9591 5889 0.01
9591 2637 0.01
9591 885 0.2
9591 12233 0.2
9591 8266 0.01
9591 3533 0.05
9591 9531 0.01
9591 1142 0.05
9591 7060 0.05
9591 10728 0.01
9591 8269 0.01
9591 8818 0.05
9591 9217 0.05
9591 1901 0.05
9591 1440 0.01
9591 11899 0.01
9591 12304 0.01
9591 4415 0.01
9591 1707 0.01
9591 6539 0.01
9591 70 0.2
9591 6590 0.05
9591 219 0.05
9591 4722 0.2
9591 563 0.2
9591 5968 0.2
9591 10349 0.05
9591 12335 0.2
9591 9720 0.01
9591 3212 0.05
9591 1671 0.01
9591 10037 0.01
9591 8623 0.2
9591 8574 0.05
9591 2970 0.01
9591 8147 0.05
9591 12442 0.05
9591 1118 0.05
9591 6446 0.01
9591 8430 0.01
9591 2124 0.2
9591 11492 0.2
9591 9189 0.2
9591 6782 0.01
9591 211 0.05
9591 9319 0.05
9591 2334 0.2
9591 1220 0.01
9591 2283 0.05
9592 5145 0.2
9593 8943 0.2
9593 1188 0.01
9594 4152 0.2
9595 8935 0.01
9595 4217 0.01
9595 10495 0.01
9595 5010 0.05
9595 4615 0.01
9595 9715 0.01
9595 11887 0.2
9595 6414 0.05
9595 392 0.05
9595 1993 0.2
9595 8167 0.01
9595 4433 0.01
9595 7810 0.2
9595 9531 0.2
9595 8361 0.05
9595 2004 0.05
9595 2813 0.2
9595 12284 0.2
9595 4040 0.05
9595 1422 0.2
9595 4642 0.2
9595 3869 0.2
9595 5613 0.05
9595 7414 0.2
9595 6827 0.05
9595 5805 0.01
9595 8982 0.2
9595 11921 0.05
9595 11531 0.01
9595 8589 0.05
9595 5446 0.01
9595 8017 0.01
9595 4066 0.05
9595 1230 0.05
9595 4846 0.05
9595 12123 0.01
9595 2242 0.05
9595 831 0.01
9595 9203 0.01
9595 438 0.05
9595 12321 0.01
9595 7256 0.01
9595 7625 0.05
9595 8031 0.2
9595 6673 0.2
9595 6479 0.01
9595 9782 0.2
9595 442 0.2
9595 7073 0.05
9595 249 0.05
9595 78 0.05
9595 4089 0.01
9595 1527 0.05
9595 8426 0.2
9595 5101 0.05
9595 8055 0.01
9595 5297 0.2
9595 9605 0.2
9595 5487 0.2
9595 273 0.05
9595 2473 0.01
9595 6512 0.2
9595 7412 0.2
9595 1084 0.05
9595 12213 0.05
9595 8445 0.01
9595 4701 0.01
9595 7886 0.05
9595 7888 0.05
9595 107 0.2
9595 3734 0.05
9595 9433 0.05
9595 299 0.01
9595 689 0.2
9595 4738 0.05
9595 8110 0.05
9595 6003 0.05
9595 12581 0.2
9595 9078 0.05
9595 518 0.05
9595 5342 0.01
9595 2928 0.2
9595 5148 0.01
9595 1319 0.05
9595 8875 0.2
9595 9650 0.2
9595 10421 0.05
9595 5163 0.05
9595 11624 0.01
9595 7717 0.05
9595 3771 0.01
9595 9466 0.05
9595 11432 0.2
9595 4968 0.05
9595 11241 0.01
9595 932 0.2
9595 6752 0.01
9595 6963 0.05
9595 9288 0.01
9595 8319 0.2
9595 4384 0.2
9595 10736 0.2
9595 3381 0.2
9595 9677 0.2
9595 12238 0.05
9595 3797 0.01
9595 11232 0.05
9595 8706 0.01
9595 353 0.2
9595 1961 0.05
9595 10682 0.2
9595 8899 0.2
9595 8334 0.01
9595 10483 0.01
9596 4152 0.2
9597 2469 0.01
9598 4522 0.01
9599 4152 0.01
9600 5822 0.2
9600 7223 0.01
9600 12401 0.2
9600 2398 0.2
9600 9975 0.2
9600 9339 0.01
9600 4152 0.01
9600 6052 0.05
9601 4152 0.2
9602 3151 0.01
9602 8024 0.01
9602 12139 0.05
9602 9235 0.2
9602 7166 0.01
9602 4913 0.01
9602 9846 0.01
9602 5687 0.2
9602 11090 0.2
9602 1255 0.01
9602 269 0.05
9602 7324 0.2
9603 9088 0.05
9604 4152 0.2
9605 2181 0.05
9605 8535 0.05
9605 3828 0.05
9605 10703 0.05
9605 972 0.05
9605 6791 0.01
9605 67 0.05
9605 6868 0.2
9605 3074 0.05
9605 9288 0.01
9605 426 0.2
9605 13 0.05
9605 7202 0.2
9605 6416 0.2
9605 1181 0.05
9605 191 0.05
9605 7388 0.01
9605 5415 0.05
9605 2398 0.05
9605 9361 0.05
9605 7316 0.2
9605 6803 0.2
9605 9339 0.01
9605 4034 0.2
9605 7218 0.01
9605 4808 0.01
9605 5600 0.05
9605 7219 0.2
9605 1412 0.2
9605 3370 0.05
9605 3372 0.05
9605 3038 0.05
9605 1757 0.2
9605 2409 0.05
9605 10524 0.05
9605 1814 0.2
9605 6432 0.05
9605 8755 0.05
9605 4250 0.05
9605 1422 0.05
9605 3866 0.2
9605 12294 0.05
9605 8574 0.05
9605 2605 0.05
9605 511 0.05
9605 6235 0.05
9605 10148 0.05
9605 1629 0.01
9605 7808 0.2
9605 2016 0.05
9605 10141 0.01
9605 3874 0.01
9605 11921 0.2
9605 6246 0.2
9605 4458 0.2
9605 1224 0.05
9605 11535 0.2
9605 6460 0.01
9605 2622 0.2
9605 11540 0.05
9605 4005 0.05
9605 1039 0.05
9605 5071 0.05
9605 6856 0.01
9605 11548 0.01
9605 5074 0.05
9605 10367 0.05
9605 3618 0.01
9605 7625 0.05
9605 3266 0.2
9605 6852 0.2
9605 4666 0.2
9605 6477 0.2
9605 3114 0.05
9605 2856 0.2
9605 1216 0.01
9605 1857 0.2
9605 9020 0.2
9605 7266 0.2
9605 1468 0.05
9605 12330 0.01
9605 326 0.05
9605 2655 0.05
9605 5848 0.05
9605 9026 0.2
9605 78 0.05
9605 11914 0.01
9605 6093 0.01
9605 6499 0.01
9605 7863 0.05
9605 10777 0.01
9605 1675 0.2
9605 7888 0.2
9605 5482 0.2
9605 10587 0.05
9605 9410 0.2
9605 1068 0.01
9605 2280 0.05
9605 192 0.2
9605 12351 0.01
9605 5889 0.2
9605 3408 0.2
9605 2284 0.05
9605 7875 0.2
9605 5669 0.01
9605 871 0.2
9605 1876 0.2
9605 9003 0.05
9605 11380 0.2
9605 4525 0.05
9605 2896 0.01
9605 9614 0.01
9605 11788 0.05
9605 5123 0.05
9605 10611 0.01
9605 11169 0.05
9605 8075 0.05
9605 2285 0.05
9605 11695 0.01
9605 1507 0.2
9605 7494 0.01
9605 2496 0.01
9605 9068 0.01
9605 6539 0.01
9605 10809 0.05
9605 1558 0.01
9605 4929 0.01
9605 10628 0.01
9605 8306 0.01
9605 4135 0.2
9605 7324 0.2
9605 204 0.01
9605 10037 0.2
9605 7702 0.01
9605 9840 0.01
9605 1319 0.01
9605 8872 0.01
9605 8478 0.01
9605 8297 0.01
9605 9088 0.2
9605 6341 0.05
9605 132 0.2
9605 211 0.01
9605 8099 0.05
9605 4152 0.05
9605 4734 0.05
9605 4128 0.2
9605 8885 0.2
9605 9096 0.05
9605 10120 0.05
9605 11629 0.2
9605 6146 0.05
9605 12602 0.05
9605 8681 0.05
9605 10782 0.01
9605 7161 0.2
9605 9472 0.05
9605 3981 0.05
9605 12158 0.01
9605 7363 0.2
9605 2737 0.05
9605 932 0.01
9605 10220 0.05
9605 10073 0.01
9605 4383 0.05
9605 6756 0.01
9605 9673 0.05
9605 7171 0.2
9605 1409 0.05
9605 3788 0.05
9605 1357 0.05
9605 736 0.05
9605 2964 0.2
9605 6371 0.2
9605 12317 0.01
9605 6764 0.05
9605 7543 0.01
9605 4213 0.05
9605 9174 0.2
9605 7356 0.2
9605 4991 0.01
9605 3395 0.2
9605 5842 0.2
9605 12476 0.05
9605 4596 0.2
9605 8568 0.01
9605 8917 0.2
9605 5554 0.01
9605 6982 0.05
9605 5978 0.05
9605 12633 0.05
9605 4777 0.05
9605 10689 0.2
9605 11043 0.05
9605 3610 0.01
9605 10286 0.2
9605 9700 0.01
9605 4413 0.2
9605 4011 0.2
9605 3409 0.2
9606 6984 0.05
9606 9189 0.2
9607 672 0.2
9607 4152 0.2
9607 11695 0.05
9608 8090 0.2
9609 9203 0.05
9609 2692 0.01
9609 5482 0.05
9609 4522 0.2
9609 9088 0.2
9609 9339 0.01
9609 4152 0.05
9609 6128 0.2
9609 3562 0.05
9610 4152 0.01
9611 4152 0.2
9612 7843 0.01
9614 211 0.2
9614 4139 0.2
9614 367 0.2
9614 11241 0.2
9614 9843 0.01
9614 12084 0.2
9614 11309 0.05
9614 1319 0.01
9614 4738 0.05
9614 9324 0.05
9614 78 0.2
9614 11609 0.05
9614 9531 0.2
9614 6673 0.05
9614 5148 0.05
9614 8361 0.2
9614 1527 0.01
9614 9605 0.2
9614 6479 0.01
9614 7691 0.05
9615 4152 0.2
9619 5721 0.2
9619 8899 0.05
9619 9843 0.01
9619 12000 0.05
9619 4700 0.2
9619 8045 0.05
9619 9088 0.01
9619 10782 0.05
9619 4152 0.2
9619 12411 0.05
9620 6695 0.01
9620 5482 0.05
9620 513 0.05
9622 10495 0.2
9622 4152 0.2
9622 9088 0.2
9622 12401 0.01
9623 4152 0.01
9624 6246 0.01
9624 174 0.01
9624 11623 0.2
9624 3526 0.05
9624 9720 0.01
9624 11788 0.2
9624 191 0.01
9624 3481 0.2
9624 3585 0.2
9624 11337 0.05
9624 1296 0.2
9624 4487 0.2
9624 2172 0.2
9624 9673 0.01
9624 1237 0.01
9624 8075 0.01
9624 7592 0.2
9624 8460 0.2
9624 1955 0.05
9624 11179 0.01
9624 5239 0.01
9624 12242 0.01
9624 12335 0.01
9624 10474 0.05
9624 12581 0.2
9624 905 0.01
9624 211 0.2
9624 6335 0.01
9624 10690 0.2
9624 5482 0.05
9624 8151 0.05
9624 3560 0.2
9624 9088 0.05
9624 1216 0.01
9625 10210 0.05
9625 7309 0.2
9625 4066 0.05
9625 5069 0.05
9625 2896 0.2
9626 11788 0.01
9627 6306 0.01
9627 12513 0.01
9629 11722 0.01
9630 5822 0.05
9630 8869 0.05
9630 173 0.05
9630 6278 0.05
9630 482 0.01
9630 1295 0.2
9630 3254 0.01
9630 9397 0.2
9630 10502 0.01
9630 1038 0.2
9630 1965 0.05
9634 4152 0.01
9635 5487 0.2
9637 4152 0.01
9638 4152 0.05
9639 4152 0.01
9640 8199 0.2
9641 7641 0.01
9641 5795 0.05
9642 6984 0.01
9642 1292 0.05
9642 10663 0.01
9643 24 0.2
9643 1622 0.2
9643 4152 0.01
9643 4700 0.05
9645 4152 0.01
9646 8025 0.01
9646 6639 0.01
9647 2992 0.2
9647 4066 0.05
9647 1230 0.05
9647 8319 0.05
9647 4701 0.2
9647 831 0.2
9647 12552 0.05
9647 3848 0.01
9647 7810 0.2
9647 9531 0.05
9647 8361 0.01
9647 7843 0.01
9647 2213 0.01
9647 4991 0.05
9647 7324 0.2
9647 1622 0.05
9647 2416 0.01
9647 1527 0.05
9647 465 0.01
9647 574 0.05
9647 4152 0.05
9647 10050 0.05
9648 4522 0.01
9652 8512 0.2
9652 3370 0.2
9652 10141 0.01
9653 4152 0.2
9654 1319 0.01
9654 3164 0.01
9654 6756 0.2
9654 4042 0.01
9654 11695 0.2
9654 1622 0.2
9655 9560 0.2
9655 7394 0.2
9655 795 0.05
9655 1622 0.01
9655 2367 0.01
9655 2896 0.05
9657 12556 0.05
9658 2357 0.01
9658 9700 0.05
9658 4152 0.01
9658 10037 0.01
9658 5554 0.01
9660 4152 0.2
9661 2431 0.01
9662 10695 0.05
9663 9088 0.05
9665 3547 0.01
9666 4152 0.2
9668 8568 0.2
9670 6639 0.01
9671 10608 0.01
9671 10811 0.2
9671 9288 0.05
9671 12562 0.2
9671 6237 0.2
9671 9088 0.01
9671 5145 0.01
9671 7369 0.05
9671 1422 0.05
9671 4263 0.2
9671 7556 0.2
9671 12411 0.01
9671 4152 0.05
9671 8568 0.05
9671 3175 0.05
9672 4152 0.05
9673 831 0.05
9673 8935 0.05
9673 7598 0.05
9673 174 0.01
9673 191 0.05
9673 2004 0.01
9673 871 0.05
9673 4066 0.05
9673 4139 0.05
9673 4040 0.01
9673 4450 0.05
9673 9088 0.05
9673 905 0.05
9673 9624 0.2
9673 3381 0.01
9673 7324 0.05
9673 12581 0.05
9673 4152 0.01
9673 11434 0.01
9673 11887 0.05
9674 6504 0.05
9674 2945 0.05
9674 11326 0.01
9674 4374 0.05
9674 724 0.2
9674 7663 0.01
9674 4793 0.2
9674 10782 0.01
9674 5071 0.2
9674 3618 0.2
9674 9671 0.01
9674 12376 0.2
9674 9088 0.05
9674 12326 0.01
9674 9339 0.05
9674 989 0.2
9674 1346 0.01
9674 7494 0.01
9674 8173 0.01
9674 10220 0.05
9674 11130 0.01
9674 1814 0.2
9674 11455 0.01
9674 7999 0.01
9674 4152 0.05
9674 9843 0.01
9674 6128 0.2
9674 10588 0.01
9674 1730 0.2
9674 8481 0.01
9674 1527 0.05
9674 3504 0.01
9675 8755 0.05
9676 4619 0.2
9676 3484 0.2
9676 816 0.2
9677 10965 0.2
9677 8935 0.2
9677 2888 0.05
9677 4018 0.2
9677 9237 0.01
9677 11326 0.05
9677 3771 0.05
9677 324 0.05
9677 7324 0.01
9677 10782 0.01
9677 2954 0.2
9677 438 0.2
9677 7936 0.01
9677 12376 0.01
9677 6673 0.2
9677 1099 0.2
9677 6479 0.01
9677 5721 0.01
9677 1704 0.05
9677 5600 0.01
9677 8656 0.2
9677 2004 0.2
9677 5342 0.01
9677 8755 0.01
9677 9267 0.05
9677 1422 0.05
9677 9741 0.2
9677 3188 0.01
9677 4040 0.2
9677 6093 0.2
9677 5148 0.05
9677 5805 0.05
9677 574 0.05
9677 7865 0.2
9677 1527 0.01
9679 4152 0.05
9686 4152 0.01
9687 4152 0.01
9688 12401 0.2
9688 367 0.01
9688 10811 0.05
9688 5239 0.2
9688 9720 0.01
9688 9088 0.01
9688 4991 0.01
9688 7165 0.2
9688 592 0.05
9688 1622 0.2
9688 4152 0.2
9688 10037 0.2
9688 4808 0.05
9689 2016 0.2
9690 4152 0.01
9690 11567 0.01
9691 8935 0.01
9691 6407 0.2
9691 6621 0.05
9691 2992 0.05
9691 4066 0.01
9691 1579 0.05
9691 9923 0.05
9691 1230 0.01
9691 11884 0.05
9691 12123 0.05
9691 5068 0.05
9691 11434 0.05
9691 2896 0.01
9691 4701 0.01
9691 831 0.2
9691 12552 0.2
9691 11233 0.05
9691 6071 0.2
9691 1138 0.01
9691 24 0.05
9691 7936 0.01
9691 7008 0.01
9691 7810 0.2
9691 9531 0.2
9691 6673 0.01
9691 11081 0.2
9691 9885 0.01
9691 12238 0.05
9691 2256 0.2
9691 689 0.01
9691 3025 0.01
9691 1854 0.05
9691 2004 0.05
9691 2728 0.2
9691 4927 0.2
9691 9167 0.01
9691 5795 0.05
9691 8464 0.01
9691 8758 0.05
9691 4991 0.2
9691 10682 0.01
9691 8137 0.2
9691 7843 0.2
9691 5148 0.05
9691 353 0.2
9691 7414 0.05
9691 5297 0.2
9691 5872 0.05
9691 9605 0.01
9691 1527 0.01
9692 11830 0.2
9692 12398 0.01
9692 6978 0.01
9693 7494 0.2
9693 11533 0.05
9693 11113 0.01
9693 10220 0.01
9693 10495 0.01
9693 871 0.01
9693 4066 0.2
9693 9720 0.01
9693 1575 0.01
9693 9088 0.2
9693 10529 0.05
9693 3185 0.01
9693 9483 0.2
9693 7811 0.01
9693 7324 0.05
9693 10782 0.2
9693 4152 0.2
9693 1949 0.05
9693 3114 0.2
9693 1099 0.05
9694 8080 0.05
9694 5679 0.05
9694 207 0.05
9694 10266 0.05
9695 9531 0.05
9697 4152 0.2
9698 2662 0.05
9698 2016 0.01
9698 6137 0.05
9698 8737 0.01
9698 9904 0.2
9698 3625 0.2
9698 4066 0.05
9698 10811 0.05
9698 5194 0.2
9698 10535 0.01
9698 9088 0.01
9698 5145 0.05
9698 7535 0.05
9698 1071 0.05
9698 1622 0.2
9698 4152 0.01
9698 11434 0.01
9698 12411 0.01
9698 9416 0.2
9700 174 0.05
9700 10495 0.05
9700 10703 0.05
9700 3205 0.2
9700 773 0.2
9700 6006 0.05
9700 9720 0.2
9700 191 0.05
9700 8554 0.01
9700 6475 0.05
9700 8556 0.05
9700 1186 0.2
9700 2199 0.05
9700 1705 0.2
9700 7213 0.01
9700 9339 0.05
9700 8361 0.01
9700 7219 0.05
9700 8366 0.05
9700 5239 0.05
9700 4040 0.01
9700 11091 0.05
9700 4615 0.01
9700 1622 0.2
9700 5071 0.05
9700 7409 0.01
9700 6649 0.2
9700 12294 0.05
9700 8769 0.05
9700 12008 0.2
9700 2016 0.2
9700 6449 0.05
9700 10141 0.05
9700 2228 0.2
9700 4066 0.2
9700 3469 0.05
9700 4632 0.2
9700 8021 0.05
9700 8788 0.05
9700 1835 0.05
9700 5822 0.01
9700 7051 0.01
9700 3618 0.2
9700 7625 0.01
9700 8796 0.2
9700 1237 0.01
9700 9020 0.05
9700 10944 0.2
9700 8512 0.05
9700 7081 0.01
9700 12401 0.01
9700 7863 0.2
9700 2276 0.05
9700 3316 0.2
9700 5482 0.05
9700 6694 0.2
9700 10012 0.05
9700 6504 0.2
9700 9605 0.01
9700 10474 0.01
9700 5487 0.01
9700 6704 0.2
9700 4103 0.01
9700 10196 0.01
9700 276 0.01
9700 6113 0.05
9700 1084 0.01
9700 11980 0.2
9700 1884 0.05
9700 8445 0.05
9700 2896 0.05
9700 4701 0.05
9700 10608 0.2
9700 11789 0.2
9700 5123 0.05
9700 6526 0.2
9700 9531 0.01
9700 9619 0.05
9700 4336 0.2
9700 12225 0.01
9700 10421 0.01
9700 7494 0.05
9700 9068 0.05
9700 7395 0.05
9700 7647 0.01
9700 5145 0.05
9700 7324 0.01
9700 11326 0.05
9700 5914 0.01
9700 9447 0.05
9700 9843 0.05
9700 1319 0.01
9700 10044 0.01
9700 9088 0.01
9700 5172 0.2
9700 4152 0.05
9700 11196 0.01
9700 9658 0.2
9700 3025 0.01
9700 11629 0.01
9700 9649 0.05
9700 9466 0.01
9700 724 0.01
9700 10782 0.2
9700 4166 0.2
9700 9474 0.01
9700 8656 0.01
9700 6754 0.01
9700 9673 0.2
9700 602 0.01
9700 7536 0.05
9700 1949 0.2
9700 11025 0.01
9700 5272 0.05
9700 3468 0.2
9700 3388 0.01
9700 11234 0.2
9700 12522 0.01
9700 4990 0.01
9700 4991 0.2
9700 5970 0.2
9700 1371 0.05
9700 6984 0.01
9700 7957 0.01
9700 2981 0.2
9700 7749 0.2
9700 574 0.2
9700 3824 0.05
9700 10900 0.2
9700 10291 0.05
9700 3409 0.01
9700 11116 0.2
9700 10096 0.05
9700 4419 0.01
9701 4785 0.05
9701 5323 0.05
9701 10225 0.2
9701 1833 0.2
9701 1128 0.2
9701 7767 0.2
9701 2845 0.05
9701 10798 0.01
9701 4329 0.2
9701 2444 0.01
9701 10111 0.2
9701 4904 0.05
9701 2744 0.2
9701 2896 0.01
9701 5281 0.2
9701 6843 0.2
9701 5188 0.05
9701 2208 0.05
9701 7641 0.05
9701 8088 0.05
9701 185 0.2
9701 4550 0.2
9701 7030 0.01
9701 11245 0.01
9701 5916 0.05
9701 3189 0.2
9701 5981 0.01
9701 7709 0.05
9701 9851 0.05
9701 12590 0.05
9701 9753 0.05
9702 4152 0.05
9702 10037 0.05
9703 12411 0.2
9703 4152 0.05
9703 5726 0.2
9704 3382 0.2
9706 10366 0.01
9706 8193 0.05
9706 9088 0.2
9707 8512 0.01
9707 5042 0.2
9708 7911 0.2
9709 11492 0.2
9709 9531 0.05
9709 10095 0.01
9710 9088 0.2
9712 9088 0.05
9713 9975 0.2
9713 11921 0.01
9713 9088 0.2
9713 5145 0.2
9713 12084 0.05
9714 6060 0.2
9714 10610 0.01
9715 3625 0.2
9715 871 0.05
9715 8306 0.05
9715 12073 0.2
9715 5066 0.01
9715 3776 0.05
9715 8623 0.2
9715 5120 0.05
9715 3114 0.01
9715 390 0.2
9715 9984 0.05
9715 4752 0.01
9715 2692 0.05
9715 8297 0.05
9715 766 0.2
9715 442 0.01
9715 1352 0.01
9715 11695 0.01
9715 10495 0.05
9715 1216 0.05
9715 5743 0.2
9715 10216 0.01
9715 2357 0.05
9715 7265 0.01
9715 11127 0.2
9715 11348 0.05
9715 3388 0.2
9715 10811 0.05
9715 8568 0.2
9715 2265 0.2
9715 5145 0.2
9715 5239 0.2
9715 1422 0.01
9715 1622 0.05
9715 5554 0.01
9715 211 0.2
9715 7647 0.2
9715 3503 0.05
9715 4007 0.05
9715 9357 0.01
9715 2373 0.01
9715 9088 0.2
9715 3100 0.2
9715 4461 0.01
9715 4152 0.05
9715 8237 0.2
9715 11043 0.05
9716 10425 0.05
9716 5409 0.05
9716 11676 0.05
9716 9919 0.01
9716 6754 0.01
9716 11218 0.05
9716 12206 0.01
9716 8870 0.05
9716 1122 0.2
9716 4152 0.2
9716 6128 0.2
9716 12503 0.05
9720 4785 0.01
9720 2637 0.2
9720 10867 0.01
9720 4018 0.05
9720 2393 0.2
9720 3205 0.05
9720 10162 0.01
9720 2388 0.2
9720 4021 0.2
9720 8867 0.05
9720 11636 0.2
9720 4793 0.2
9720 11887 0.2
9720 7981 0.2
9720 6416 0.2
9720 766 0.05
9720 10316 0.2
9720 24 0.01
9720 3217 0.05
9720 26 0.05
9720 2398 0.2
9720 9531 0.05
9720 905 0.01
9720 7213 0.01
9720 11083 0.2
9720 518 0.2
9720 3403 0.2
9720 7218 0.2
9720 4808 0.05
9720 5600 0.01
9720 7219 0.2
9720 3370 0.05
9720 1757 0.2
9720 8754 0.2
9720 4040 0.05
9720 9698 0.05
9720 7999 0.01
9720 11091 0.01
9720 1622 0.2
9720 6440 0.05
9720 10334 0.05
9720 4824 0.01
9720 9268 0.2
9720 6446 0.2
9720 932 0.01
9720 11918 0.2
9720 7234 0.2
9720 10342 0.01
9720 11921 0.01
9720 51 0.2
9720 3504 0.01
9720 11922 0.2
9720 11923 0.01
9720 2428 0.01
9720 9558 0.05
9720 54 0.2
9720 55 0.2
9720 6460 0.01
9720 4066 0.05
9720 1643 0.05
9720 821 0.05
9720 3254 0.2
9720 6461 0.01
9720 8021 0.01
9720 13 0.2
9720 8788 0.01
9720 11111 0.05
9720 8875 0.05
9720 7250 0.2
9720 831 0.01
9720 10366 0.2
9720 10367 0.2
9720 3618 0.2
9720 7356 0.01
9720 8031 0.01
9720 11120 0.2
9720 6479 0.01
9720 4862 0.01
9720 5842 0.01
9720 10376 0.01
9720 2452 0.05
9720 7265 0.01
9720 8041 0.01
9720 3757 0.2
9720 70 0.05
9720 9991 0.01
9720 8805 0.01
9720 10380 0.01
9720 2063 0.2
9720 7271 0.01
9720 8045 0.01
9720 6492 0.2
9720 1329 0.01
9720 9591 0.05
9720 78 0.01
9720 6908 0.01
9720 3281 0.01
9720 5721 0.01
9720 1674 0.01
9720 1675 0.05
9720 8824 0.2
9720 11961 0.2
9720 8055 0.01
9720 5361 0.2
9720 8103 0.01
9720 11492 0.05
9720 7285 0.01
9720 6504 0.2
9720 4098 0.2
9720 11196 0.01
9720 8829 0.01
9720 5666 0.01
9720 6508 0.05
9720 90 0.01
9720 11971 0.01
9720 2473 0.01
9720 786 0.01
9720 4103 0.2
9720 10401 0.2
9720 871 0.05
9720 7302 0.05
9720 9609 0.01
9720 10404 0.01
9720 1696 0.01
9720 9614 0.01
9720 11984 0.2
9720 11166 0.05
9720 882 0.2
9720 885 0.01
9720 9402 0.01
9720 10511 0.01
9720 8075 0.2
9720 3321 0.05
9720 4496 0.05
9720 4120 0.2
9720 11992 0.05
9720 1704 0.05
9720 9624 0.2
9720 9627 0.2
9720 10424 0.2
9720 8623 0.01
9720 12000 0.01
9720 8003 0.2
9720 8087 0.01
9720 11629 0.2
9720 11182 0.01
9720 7324 0.2
9720 3340 0.2
9720 10434 0.2
9720 8090 0.2
9720 8869 0.01
9720 4139 0.05
9720 11897 0.05
9720 5709 0.05
9720 5101 0.01
9720 6551 0.01
9720 8819 0.05
9720 8092 0.05
9720 10441 0.2
9720 8093 0.01
9720 2515 0.05
9720 4149 0.01
9720 1730 0.2
9720 407 0.05
9720 4152 0.01
9720 9796 0.05
9720 8104 0.01
9720 9658 0.05
9720 10449 0.05
9720 11975 0.2
9720 10450 0.05
9720 3361 0.05
9720 1507 0.05
9720 8108 0.2
9720 7055 0.01
9720 926 0.01
9720 4962 0.05
9720 6214 0.2
9720 4165 0.01
9720 4166 0.2
9720 8894 0.2
9720 662 0.2
9720 8118 0.05
9720 8899 0.01
9720 9339 0.01
9720 6577 0.05
9720 11219 0.01
9720 146 0.2
9720 9671 0.01
9720 10844 0.01
9720 936 0.05
9720 9673 0.01
9720 8124 0.01
9720 9674 0.2
9720 3381 0.01
9720 8904 0.2
9720 7410 0.2
9720 3383 0.2
9720 12046 0.2
9720 6819 0.01
9720 8132 0.2
9720 7868 0.2
9720 3388 0.01
9720 7354 0.05
9720 6590 0.2
9720 8137 0.2
9720 3393 0.2
9720 11237 0.2
9720 4991 0.01
9720 3395 0.01
9720 11239 0.01
9720 12057 0.01
9720 3397 0.01
9720 8755 0.05
9720 8917 0.2
9720 10695 0.2
9720 2704 0.01
9720 10480 0.01
9720 10628 0.05
9720 9693 0.2
9720 2014 0.2
9720 953 0.01
9720 2839 0.01
9720 955 0.05
9720 4732 0.2
9720 8151 0.01
9720 6604 0.2
9720 9699 0.01
9720 958 0.01
9720 11254 0.2
9720 960 0.2
9720 4448 0.05
9720 5758 0.01
9720 3409 0.2
9720 7369 0.05
9720 8935 0.05
9720 174 0.01
9720 175 0.05
9720 5772 0.01
9720 10495 0.2
9720 7376 0.01
9720 972 0.01
9720 7603 0.01
9720 12072 0.01
9720 11375 0.01
9720 9715 0.01
9720 7382 0.05
9720 2285 0.05
9720 8122 0.2
9720 4047 0.05
9720 4488 0.2
9720 2032 0.05
9720 5019 0.01
9720 10728 0.2
9720 9793 0.2
9720 191 0.01
9720 12084 0.01
9720 5781 0.05
9720 10508 0.05
9720 2252 0.2
9720 8169 0.01
9720 7391 0.01
9720 8170 0.2
9720 986 0.01
9720 7394 0.05
9720 1806 0.05
9720 5028 0.2
9720 2587 0.01
9720 6043 0.01
9720 9732 0.05
9720 7399 0.05
9720 6639 0.2
9720 1814 0.2
9720 8177 0.05
9720 204 0.2
9720 2012 0.01
9720 10529 0.2
9720 1002 0.01
9720 2784 0.01
9720 7409 0.05
9720 3382 0.01
9720 4254 0.05
9720 3018 0.01
9720 211 0.2
9720 11305 0.05
9720 7411 0.05
9720 5048 0.01
9720 672 0.05
9720 11309 0.05
9720 3454 0.01
9720 11310 0.01
9720 3109 0.01
9720 1333 0.01
9720 5805 0.01
9720 7418 0.2
9720 1018 0.2
9720 9753 0.05
9720 9047 0.01
9720 7421 0.05
9720 11318 0.2
9720 7426 0.05
9720 223 0.01
9720 225 0.2
9720 1829 0.01
9720 8993 0.05
9720 2622 0.2
9720 3469 0.01
9720 2624 0.05
9720 5062 0.01
9720 9899 0.01
9720 3164 0.2
9720 8208 0.2
9720 2629 0.05
9720 1039 0.01
9720 5071 0.01
9720 8213 0.2
9720 1884 0.05
9720 5074 0.01
9720 3481 0.05
9720 234 0.05
9720 11337 0.05
9720 1045 0.01
9720 6673 0.2
9720 3114 0.05
9720 9733 0.2
9720 420 0.05
9720 239 0.01
9720 2644 0.2
9720 9020 0.05
9720 11654 0.05
9720 12552 0.05
9720 5118 0.05
9720 1857 0.01
9720 246 0.01
9720 5844 0.05
9720 11655 0.2
9720 249 0.05
9720 9786 0.05
9720 10576 0.05
9720 6686 0.2
9720 254 0.05
9720 1058 0.01
9720 4846 0.2
9720 1061 0.01
9720 8237 0.2
9720 1865 0.2
9720 4990 0.2
9720 3503 0.01
9720 9966 0.01
9720 4309 0.2
9720 137 0.05
9720 8240 0.05
9720 10587 0.05
9720 12158 0.2
9720 1068 0.05
9720 3507 0.01
9720 5620 0.05
9720 11231 0.2
9720 6700 0.01
9720 3408 0.05
9720 9688 0.05
9720 9039 0.2
9720 276 0.01
9720 9807 0.01
9720 12435 0.05
9720 10601 0.01
9720 8255 0.05
9720 3520 0.01
9720 7477 0.05
9720 1085 0.2
9720 3524 0.2
9720 7613 0.05
9720 11386 0.01
9720 10608 0.2
9720 5122 0.01
9720 2692 0.2
9720 9619 0.01
9720 5889 0.2
9720 2695 0.01
9720 3532 0.01
9720 1099 0.2
9720 4336 0.2
9720 4337 0.01
9720 4340 0.01
9720 5134 0.01
9720 4341 0.05
9720 7494 0.01
9720 304 0.01
9720 9068 0.01
9720 5385 0.01
9720 5066 0.01
9720 5624 0.05
9720 12188 0.01
9720 7061 0.05
9720 10633 0.01
9720 2005 0.05
9720 2718 0.2
9720 5916 0.01
9720 5148 0.01
9720 3554 0.2
9720 11409 0.2
9720 7120 0.01
9720 12201 0.05
9720 9851 0.01
9720 9088 0.01
9720 3562 0.05
9720 11540 0.01
9720 1346 0.05
9720 10588 0.05
9720 4368 0.01
9720 12213 0.01
9720 3568 0.2
9720 4371 0.05
9720 10651 0.2
9720 9096 0.2
9720 8306 0.05
9720 10653 0.05
9720 324 0.01
9720 4718 0.2
9720 326 0.01
9720 10357 0.05
9720 3576 0.01
9720 11434 0.2
9720 2734 0.05
9720 10662 0.05
9720 6982 0.2
9720 2737 0.05
9720 3585 0.05
9720 6754 0.2
9720 6755 0.05
9720 9108 0.2
9720 6756 0.2
9720 8319 0.05
9720 602 0.01
9720 8613 0.2
9720 7536 0.2
9720 1949 0.01
9720 4387 0.01
9720 343 0.05
9720 10675 0.01
9720 12240 0.05
9720 5964 0.2
9720 351 0.2
9720 5966 0.2
9720 11454 0.01
9720 11455 0.05
9720 5968 0.2
9720 4395 0.05
9720 1961 0.2
9720 11462 0.2
9720 11548 0.01
9720 9128 0.01
9720 8334 0.2
9720 6773 0.2
9720 1158 0.2
9720 9904 0.01
9720 10689 0.2
9720 10690 0.01
9720 4409 0.01
9720 367 0.01
9720 10250 0.05
9720 732 0.05
9720 12191 0.2
9720 9919 0.05
9720 2776 0.05
9720 10698 0.2
9720 11116 0.05
9720 4419 0.05
9720 5992 0.05
9720 1979 0.05
9720 1408 0.01
9720 1981 0.2
9720 5218 0.05
9720 10099 0.01
9720 3625 0.05
9720 10703 0.2
9720 2790 0.05
9720 3828 0.2
9720 1988 0.01
9720 12581 0.01
9720 9931 0.05
9720 6010 0.01
9720 2797 0.2
9720 2798 0.01
9720 394 0.01
9720 1995 0.05
9720 6803 0.05
9720 9167 0.05
9720 8361 0.05
9720 11679 0.01
9720 9989 0.05
9720 8366 0.05
9720 6242 0.01
9720 2004 0.01
9720 10482 0.01
9720 9174 0.2
9720 5239 0.01
9720 1200 0.2
9720 9950 0.01
9720 4615 0.05
9720 12490 0.2
9720 4450 0.05
9720 8800 0.01
9720 9843 0.05
9720 12294 0.05
9720 8378 0.2
9720 8381 0.01
9720 8383 0.05
9720 4458 0.05
9720 9961 0.2
9720 12297 0.01
9720 2016 0.05
9720 11529 0.01
9720 7609 0.2
9720 1219 0.01
9720 298 0.01
9720 11533 0.2
9720 9967 0.05
9720 1224 0.2
9720 8392 0.2
9720 5263 0.2
9720 9716 0.2
9720 11127 0.01
9720 12311 0.2
9720 12312 0.05
9720 9094 0.2
9720 3678 0.2
9720 9975 0.2
9720 430 0.05
9720 9980 0.01
9720 5272 0.05
9720 9984 0.2
9720 9203 0.2
9720 6223 0.05
9720 6073 0.01
9720 7625 0.05
9720 3688 0.01
9720 7768 0.2
9720 1236 0.2
9720 442 0.01
9720 4487 0.01
9720 1237 0.2
9720 11481 0.2
9720 2048 0.05
9720 2470 0.2
9720 1240 0.05
9720 6052 0.2
9720 1242 0.2
9720 3698 0.01
9720 11130 0.01
9720 1251 0.2
9720 7641 0.05
9720 11877 0.01
9720 10002 0.2
9720 460 0.01
9720 12340 0.2
9720 6870 0.2
9720 5293 0.05
9720 6093 0.2
9720 8426 0.05
9720 10777 0.01
9720 6873 0.2
9720 12335 0.2
9720 9700 0.2
9720 9229 0.05
9720 472 0.05
9720 12594 0.05
9720 9232 0.2
9720 9233 0.05
9720 3722 0.05
9720 2888 0.01
9720 6107 0.2
9720 9237 0.05
9720 4522 0.01
9720 10791 0.2
9720 10774 0.2
9720 4525 0.01
9720 12364 0.05
9720 2896 0.2
9720 9241 0.05
9720 7852 0.2
9720 12525 0.05
9720 7810 0.01
9720 1295 0.2
9720 8451 0.01
9720 1213 0.2
9720 6122 0.01
9720 10028 0.2
9720 4537 0.2
9720 7683 0.2
9720 2911 0.05
9720 6128 0.2
9720 6624 0.05
9720 4738 0.05
9720 7691 0.01
9720 11570 0.01
9720 10809 0.05
9720 1310 0.01
9720 10811 0.05
9720 5114 0.01
9720 7647 0.01
9720 515 0.05
9720 2923 0.01
9720 10037 0.05
9720 11609 0.2
9720 519 0.01
9720 1813 0.01
9720 2928 0.01
9720 1318 0.05
9720 1319 0.05
9720 11772 0.01
9720 8478 0.01
9720 8479 0.05
9720 10824 0.01
9720 11619 0.01
9720 8481 0.05
9720 724 0.2
9720 12401 0.01
9720 8681 0.01
9720 2940 0.05
9720 11288 0.05
9720 5791 0.2
9720 9276 0.01
9720 5358 0.05
9720 6545 0.2
9720 10835 0.05
9720 3772 0.01
9720 7719 0.05
9720 7283 0.01
9720 10782 0.05
9720 9003 0.01
9720 2954 0.2
9720 2142 0.2
9720 10012 0.05
9720 11241 0.01
9720 3583 0.01
9720 5366 0.01
9720 545 0.05
9720 6961 0.05
9720 10073 0.01
9720 9288 0.05
9720 5176 0.05
9720 3788 0.05
9720 10852 0.05
9720 10524 0.05
9720 7737 0.2
9720 2969 0.01
9720 4588 0.2
9720 1059 0.2
9720 9605 0.05
9720 8512 0.01
9720 4593 0.05
9720 5379 0.05
9720 6977 0.01
9720 6978 0.01
9720 1371 0.01
9720 6984 0.01
9720 2981 0.05
9720 6985 0.05
9720 8525 0.05
9720 7747 0.2
9720 5390 0.05
9720 7749 0.05
9720 1683 0.2
9720 574 0.05
9720 4606 0.05
9720 2172 0.2
9720 9317 0.05
9720 10868 0.01
9720 4250 0.01
9720 6996 0.2
9720 1957 0.2
9720 5397 0.2
9720 8535 0.2
9720 12123 0.05
9720 2992 0.01
9720 9322 0.2
9720 2180 0.05
9720 10876 0.05
9720 7005 0.01
9720 91 0.2
9720 9329 0.01
9720 592 0.05
9720 3842 0.01
9720 11687 0.01
9720 12463 0.2
9720 12464 0.01
9720 10883 0.01
9720 10112 0.05
9720 6219 0.05
9720 9361 0.05
9720 679 0.2
9720 2199 0.2
9720 11695 0.01
9720 8173 0.05
9720 1405 0.2
9720 1142 0.05
9720 11012 0.05
9720 7779 0.01
9720 1409 0.2
9720 5422 0.2
9720 10120 0.2
9720 8564 0.05
9720 1414 0.01
9720 8568 0.05
9720 10086 0.05
9720 5309 0.2
9720 1422 0.01
9720 8574 0.05
9720 8575 0.01
9720 12482 0.2
9720 353 0.2
9720 5436 0.2
9720 6235 0.2
9720 10135 0.05
9720 9359 0.05
9720 12489 0.2
9720 4042 0.2
9720 7811 0.01
9720 3874 0.05
9720 10181 0.01
9720 10145 0.01
9720 6245 0.01
9720 2235 0.05
9720 627 0.05
9720 2237 0.01
9720 11980 0.05
9720 3990 0.05
9720 5452 0.2
9720 630 0.01
9720 7663 0.2
9720 7044 0.01
9720 12499 0.05
9720 11737 0.05
9720 10928 0.2
9720 4664 0.01
9720 2242 0.2
9720 8609 0.01
9720 438 0.01
9720 3067 0.05
9720 2249 0.05
9720 3883 0.2
9720 640 0.01
9720 3072 0.05
9720 7808 0.05
9720 10938 0.2
9720 12513 0.01
9720 7543 0.01
9720 7843 0.01
9720 2256 0.2
9720 10168 0.2
9720 2257 0.01
9720 1468 0.01
9720 10141 0.05
9720 2265 0.05
9720 8817 0.05
9720 2266 0.01
9720 8618 0.2
9720 5477 0.05
9720 9721 0.2
9720 10095 0.2
9720 655 0.2
9720 3900 0.05
9720 6291 0.01
9720 7081 0.05
9720 7082 0.01
9720 7863 0.2
9720 6380 0.01
9720 12527 0.2
9720 11767 0.01
9720 2276 0.05
9720 5482 0.2
9720 9410 0.05
9720 7865 0.01
9720 8625 0.05
9720 10958 0.05
9720 12534 0.2
9720 6296 0.2
9720 2283 0.2
9720 5487 0.05
9720 10195 0.01
9720 2284 0.2
9720 7875 0.01
9720 10196 0.05
9720 6299 0.2
9720 12545 0.2
9720 7107 0.05
9720 4700 0.01
9720 7109 0.2
9720 6306 0.05
9720 3112 0.05
9720 10204 0.2
9720 1494 0.01
9720 4701 0.01
9720 1496 0.01
9720 11788 0.2
9720 7888 0.05
9720 12556 0.2
9720 9433 0.2
9720 3937 0.2
9720 9435 0.01
9720 6318 0.05
9720 10989 0.05
9720 8656 0.01
9720 10220 0.05
9720 1831 0.01
9720 12576 0.05
9720 12577 0.05
9720 7898 0.01
9720 6003 0.05
9720 7899 0.2
9720 11326 0.01
9720 10999 0.01
9720 7135 0.01
9720 10233 0.01
9720 7910 0.05
9720 6340 0.01
9720 6341 0.01
9720 12590 0.2
9720 3514 0.01
9720 1527 0.01
9720 2334 0.05
9720 8672 0.01
9720 8602 0.01
9720 4734 0.05
9720 11351 0.01
9720 719 0.01
9720 9463 0.05
9720 1036 0.01
9720 9256 0.2
9720 12376 0.2
9720 7924 0.2
9720 2496 0.05
9720 12602 0.2
9720 12403 0.01
9720 10248 0.2
9720 8683 0.01
9720 5985 0.01
9720 7162 0.01
9720 12607 0.01
9720 4127 0.2
9720 11015 0.05
9720 7165 0.01
9720 10256 0.05
9720 5369 0.2
9720 7936 0.2
9720 9480 0.2
9720 7170 0.2
9720 7171 0.05
9720 11020 0.01
9720 9484 0.05
9720 9485 0.01
9720 3987 0.05
9720 12617 0.2
9720 1108 0.05
9720 2509 0.05
9720 739 0.2
9720 1451 0.2
9720 8702 0.2
9720 9491 0.05
9720 12519 0.2
9720 12522 0.05
9720 6377 0.01
9720 3183 0.01
9720 12531 0.01
9720 3185 0.2
9720 4770 0.01
9720 9495 0.05
9720 2367 0.01
9720 5554 0.05
9720 1096 0.05
9720 7957 0.01
9720 9142 0.05
9720 6389 0.05
9720 1216 0.01
9720 11043 0.2
9720 3190 0.05
9720 10286 0.01
9720 1452 0.05
9720 511 0.01
9720 760 0.01
9720 4012 0.2
9720 11870 0.2
9720 7967 0.05
9721 11304 0.01
9721 5123 0.2
9721 2119 0.05
9721 1084 0.2
9721 4152 0.05
9721 10037 0.01
9721 7557 0.2
9722 278 0.2
9724 4152 0.05
9724 6299 0.2
9727 4152 0.2
9728 4152 0.2
9730 9088 0.2
9731 4152 0.05
9732 9720 0.05
9732 9088 0.05
9732 972 0.2
9733 4152 0.05
9733 6140 0.2
9733 24 0.05
9733 5482 0.01
9733 3469 0.05
9733 11890 0.2
9733 9088 0.2
9733 5145 0.2
9733 8099 0.01
9733 1884 0.2
9733 11326 0.01
9733 8104 0.01
9734 1622 0.05
9735 8173 0.05
9735 3842 0.05
9735 1343 0.05
9735 3217 0.2
9735 10441 0.05
9735 5297 0.2
9735 4991 0.2
9735 12267 0.2
9735 3899 0.2
9735 2896 0.01
9738 655 0.05
9739 4152 0.05
9740 6984 0.05
9740 12552 0.01
9740 8512 0.05
9740 6367 0.05
9740 2229 0.2
9740 5732 0.2
9742 12328 0.01
9744 6137 0.01
9744 1019 0.05
9744 1327 0.2
9744 9698 0.01
9744 9088 0.2
9744 5145 0.05
9744 5066 0.2
9744 12411 0.2
9744 4152 0.2
9744 12592 0.01
9744 3114 0.05
9745 4152 0.01
9746 4768 0.05
9746 5145 0.01
9747 9088 0.2
9747 5482 0.01
9748 9025 0.01
9749 5686 0.05
9752 676 0.05
9753 9392 0.2
9753 9536 0.01
9753 173 0.01
9753 983 0.2
9753 7471 0.05
9753 2193 0.2
9753 4410 0.2
9753 3254 0.05
9753 10981 0.2
9753 11283 0.2
9753 3321 0.05
9753 9155 0.05
9753 1378 0.2
9753 7943 0.01
9754 4152 0.2
9755 1227 0.05
9756 11488 0.01
9758 4152 0.05
9759 12513 0.05
9760 10495 0.2
9760 4209 0.05
9760 10037 0.05
9760 12376 0.01
9760 5684 0.05
9760 6803 0.05
9760 1622 0.01
9760 821 0.01
9760 6128 0.01
9760 3562 0.01
9761 4525 0.01
9763 12220 0.2
9764 4152 0.05
9765 4825 0.01
9766 7843 0.05
9768 898 0.01
9768 2444 0.2
9768 8512 0.01
9768 1792 0.05
9769 2507 0.05
9769 4732 0.2
9770 4152 0.05
9770 4001 0.01
9771 4522 0.2
9772 5066 0.01
9773 3625 0.01
9773 5011 0.05
9773 3205 0.05
9773 2389 0.2
9773 11065 0.05
9773 387 0.01
9773 783 0.2
9773 9935 0.05
9773 6219 0.2
9773 9361 0.2
9773 11079 0.01
9773 10495 0.05
9773 1405 0.05
9773 11083 0.05
9773 10517 0.01
9773 3764 0.05
9773 1720 0.01
9773 10520 0.05
9773 2004 0.2
9773 5794 0.01
9773 1417 0.05
9773 9698 0.05
9773 6815 0.2
9773 1422 0.2
9773 1622 0.05
9773 4642 0.01
9773 2016 0.05
9773 7811 0.2
9773 11319 0.05
9773 10147 0.2
9773 3469 0.05
9773 5455 0.05
9773 3678 0.05
9773 12123 0.01
9773 9980 0.05
9773 5071 0.05
9773 6466 0.2
9773 11548 0.2
9773 438 0.2
9773 381 0.05
9773 11130 0.2
9773 3702 0.2
9773 6685 0.01
9773 1527 0.05
9773 11571 0.01
9773 2276 0.01
9773 9410 0.01
9773 12534 0.05
9773 1071 0.2
9773 1783 0.2
9773 1686 0.05
9773 871 0.05
9773 5309 0.05
9773 4700 0.2
9773 1084 0.2
9773 3114 0.01
9773 3734 0.01
9773 11600 0.2
9773 8854 0.05
9773 6719 0.05
9773 9253 0.01
9773 9068 0.01
9773 10811 0.05
9773 5145 0.2
9773 11184 0.2
9773 10037 0.01
9773 2324 0.2
9773 11188 0.05
9773 9843 0.2
9773 8384 0.2
9773 6140 0.05
9773 1321 0.05
9773 9088 0.01
9773 1329 0.01
9773 12592 0.2
9773 4152 0.05
9773 8672 0.05
9773 2000 0.05
9773 10450 0.2
9773 2205 0.2
9773 7719 0.2
9773 10782 0.2
9773 9283 0.01
9773 10843 0.01
9773 11434 0.01
9773 11837 0.01
9773 7347 0.2
9773 545 0.2
9773 9288 0.05
9773 8319 0.05
9773 2242 0.01
9773 12040 0.05
9773 5186 0.01
9773 736 0.01
9773 1949 0.2
9773 12238 0.05
9773 3175 0.01
9773 5970 0.05
9773 8899 0.2
9773 5554 0.2
9773 749 0.01
9773 9904 0.01
9773 5393 0.05
9773 1975 0.01
9773 10698 0.05
9773 12411 0.2
9774 1622 0.2
9775 463 0.05
9775 4152 0.05
9776 4152 0.05
9777 4796 0.01
9777 992 0.2
9777 846 0.2
9777 10197 0.05
9777 9946 0.01
9777 6405 0.2
9777 11653 0.01
9777 299 0.2
9777 9410 0.2
9777 9088 0.05
9777 12513 0.05
9777 4152 0.2
9777 11434 0.01
9778 7196 0.05
9778 211 0.01
9778 9485 0.2
9778 10495 0.05
9778 1014 0.05
9778 5482 0.01
9778 343 0.05
9778 1608 0.01
9778 9088 0.2
9778 6608 0.05
9778 4336 0.2
9778 9484 0.01
9778 4152 0.01
9778 6508 0.05
9780 4152 0.01
9781 4152 0.2
9782 4154 0.05
9782 8017 0.01
9782 4786 0.01
9782 1387 0.05
9782 7412 0.01
9782 2088 0.01
9782 6414 0.05
9782 392 0.05
9782 1525 0.01
9782 12231 0.01
9782 2535 0.2
9782 1468 0.2
9782 2408 0.05
9782 4589 0.2
9782 12388 0.05
9782 2815 0.01
9782 160 0.05
9782 92 0.01
9782 8661 0.2
9782 11713 0.01
9782 10037 0.2
9782 11360 0.05
9782 11469 0.05
9782 2594 0.2
9782 8875 0.01
9782 6990 0.2
9782 107 0.01
9782 11256 0.2
9782 4152 0.2
9783 11727 0.01
9784 9088 0.05
9784 10695 0.01
9785 5554 0.2
9786 1383 0.2
9786 10649 0.01
9786 7376 0.05
9786 6569 0.01
9786 7603 0.05
9786 12403 0.01
9786 9975 0.01
9786 12069 0.01
9786 830 0.2
9786 159 0.2
9786 9720 0.01
9786 4514 0.01
9786 10668 0.2
9786 4433 0.05
9786 11599 0.05
9786 5080 0.05
9786 10716 0.01
9786 2585 0.2
9786 2534 0.2
9786 10988 0.05
9786 7621 0.01
9786 3031 0.05
9786 1961 0.2
9786 7406 0.05
9786 1622 0.01
9786 2367 0.2
9786 3900 0.01
9786 1205 0.2
9786 519 0.01
9786 10457 0.2
9786 7606 0.2
9786 3454 0.01
9786 9907 0.01
9786 3959 0.01
9786 10824 0.05
9786 7285 0.2
9786 10094 0.2
9786 4808 0.01
9786 1332 0.2
9787 12435 0.01
9788 8869 0.2
9788 10440 0.01
9789 11043 0.01
9790 11318 0.2
9790 8003 0.01
9790 1224 0.05
9790 8568 0.05
9790 9088 0.2
9790 10141 0.2
9790 10774 0.05
9790 6128 0.05
9791 4152 0.05
9791 10037 0.05
9793 5071 0.05
9793 5600 0.01
9793 174 0.05
9793 12123 0.05
9793 9843 0.05
9793 12084 0.05
9793 3388 0.05
9793 2276 0.05
9793 4066 0.05
9793 5761 0.05
9793 8055 0.05
9793 9410 0.2
9793 9088 0.01
9793 7536 0.01
9793 10782 0.05
9793 4152 0.2
9793 11434 0.01
9793 9531 0.2
9794 9531 0.05
9795 6789 0.2
9796 4042 0.05
9797 9088 0.01
9800 4152 0.05
9802 3766 0.2
9803 9088 0.2
9803 12566 0.01
9803 2888 0.01
9804 12522 0.01
9804 2256 0.01
9805 5781 0.05
9806 9088 0.2
9807 2473 0.01
9807 174 0.2
9807 7852 0.05
9807 4066 0.05
9807 8982 0.01
9807 3254 0.01
9807 12072 0.01
9807 2284 0.2
9807 9928 0.2
9807 7012 0.2
9807 11594 0.01
9807 6996 0.01
9807 2969 0.2
9807 12322 0.01
9807 1236 0.01
9807 2905 0.2
9807 8170 0.01
9807 9531 0.01
9807 11695 0.05
9807 11985 0.2
9807 11121 0.2
9807 10633 0.01
9807 3383 0.05
9807 9655 0.2
9807 7376 0.2
9807 2004 0.05
9807 6368 0.05
9807 12590 0.2
9807 8512 0.01
9807 6432 0.05
9807 38 0.01
9807 6725 0.01
9807 5145 0.05
9807 2786 0.05
9807 11136 0.01
9807 7324 0.05
9807 1622 0.01
9807 3900 0.05
9807 518 0.01
9807 8869 0.05
9807 10191 0.05
9807 9746 0.05
9807 1319 0.2
9807 4177 0.01
9807 574 0.05
9807 12203 0.2
9807 171 0.01
9807 10868 0.2
9807 4991 0.05
9807 12618 0.05
9807 7511 0.2
9807 11922 0.05
9809 1527 0.05
9809 2004 0.01
9809 6752 0.01
9809 10811 0.05
9809 10588 0.05
9809 9088 0.2
9809 5554 0.01
9809 11464 0.2
9809 4152 0.05
9809 3504 0.2
9809 4047 0.01
9809 3114 0.05
9810 4152 0.2
9811 9531 0.2
9812 1622 0.05
9812 4152 0.01
9813 6577 0.01
9815 5598 0.01
9816 6094 0.2
9816 1961 0.05
9816 10441 0.01
9816 1230 0.05
9817 7136 0.2
9817 8132 0.05
9818 9531 0.05
9818 6673 0.01
9818 3229 0.05
9819 4152 0.01
9820 4152 0.2
9821 6781 0.01
9821 12130 0.01
9822 4152 0.01
9824 4152 0.2
9826 5468 0.05
9826 3312 0.2
9826 12064 0.2
9826 12570 0.01
9826 9985 0.05
9826 2837 0.05
9826 2502 0.01
9826 3014 0.01
9826 5254 0.05
9826 2934 0.2
9826 8682 0.01
9826 7799 0.2
9826 1344 0.05
9826 1320 0.2
9826 12549 0.2
9826 656 0.2
9827 4152 0.01
9828 1579 0.2
9828 2786 0.2
9828 7520 0.2
9828 3109 0.2
9828 11540 0.05
9828 7526 0.2
9828 831 0.05
9828 7012 0.01
9828 1350 0.05
9828 8170 0.2
9828 6540 0.2
9828 3382 0.05
9828 3383 0.2
9828 4672 0.2
9828 3499 0.01
9828 6512 0.2
9828 1622 0.2
9828 8623 0.2
9828 1319 0.2
9828 10441 0.05
9828 12590 0.05
9828 9753 0.05
9829 12513 0.2
9830 4152 0.05
9833 4152 0.05
9834 12297 0.05
9834 2896 0.05
9836 2896 0.05
9837 4152 0.01
9837 1321 0.01
9838 4152 0.2
9840 1387 0.01
9840 9605 0.01
9840 92 0.05
9840 1319 0.01
9841 4152 0.05
9842 4152 0.01
9843 1757 0.05
9843 1319 0.01
9843 1224 0.2
9843 3668 0.2
9843 11695 0.05
9843 871 0.05
9843 3205 0.2
9843 3469 0.05
9843 672 0.05
9843 7719 0.05
9843 8595 0.05
9843 4525 0.01
9843 4793 0.01
9843 9283 0.2
9843 5071 0.2
9843 9720 0.05
9843 12525 0.05
9843 9773 0.2
9843 10256 0.2
9843 12321 0.05
9843 885 0.01
9843 1468 0.01
9843 6673 0.2
9843 9619 0.05
9843 7683 0.05
9843 9484 0.05
9843 9674 0.01
9843 8361 0.2
9843 4152 0.2
9843 6128 0.2
9843 9020 0.01
9843 11130 0.05
9843 3388 0.05
9843 7543 0.01
9843 1857 0.2
9843 2359 0.05
9843 10811 0.01
9843 8568 0.2
9843 4040 0.01
9843 8045 0.2
9843 5118 0.2
9843 1422 0.01
9843 6978 0.01
9843 10037 0.2
9843 5554 0.05
9843 10695 0.2
9843 8574 0.01
9843 1527 0.05
9843 5101 0.05
9843 11571 0.2
9843 1675 0.01
9843 11043 0.2
9843 9793 0.05
9843 5482 0.01
9843 12531 0.05
9843 1704 0.2
9843 9700 0.05
9843 9088 0.01
9843 1781 0.2
9843 11921 0.01
9843 3409 0.01
9843 10698 0.05
9843 955 0.01
9844 3255 0.01
9844 9416 0.2
9845 4152 0.05
9846 9602 0.01
9846 7324 0.2
9846 1704 0.05
9847 8609 0.2
9848 885 0.2
9848 9843 0.01
9849 4152 0.2
9851 8107 0.2
9851 10689 0.01
9851 5143 0.05
9851 2124 0.05
9851 113 0.05
9851 1965 0.05
9852 357 0.05
9852 10356 0.01
9853 1757 0.05
9853 4152 0.05
9853 9088 0.05
9853 1319 0.2
9854 4152 0.01
9855 3049 0.2
9855 1622 0.2
9855 4152 0.2
9855 5899 0.2
9856 8361 0.01
9857 1622 0.01
9858 4152 0.2
9859 4152 0.05
9860 4152 0.05
9861 4152 0.2
9862 7725 0.2
9863 5377 0.05
9865 5872 0.01
9865 6943 0.05
9865 5010 0.2
9865 7717 0.01
9865 11326 0.05
9865 8681 0.05
9865 11543 0.2
9865 5272 0.2
9865 12552 0.01
9865 6416 0.05
9865 2899 0.05
9865 8170 0.2
9865 9531 0.05
9865 7686 0.01
9865 12566 0.2
9865 10944 0.05
9865 2969 0.05
9865 11233 0.05
9865 5509 0.2
9865 7324 0.05
9865 1622 0.01
9865 9954 0.05
9865 518 0.05
9865 1430 0.2
9865 5613 0.2
9865 9851 0.05
9865 1633 0.01
9867 11623 0.2
9867 9258 0.01
9867 8940 0.05
9870 7511 0.2
9872 1108 0.01
9873 9088 0.05
9874 91 0.05
9874 3217 0.05
9874 7641 0.2
9874 4991 0.01
9874 11554 0.05
9874 7767 0.2
9874 8445 0.05
9874 5554 0.05
9875 12398 0.01
9875 12435 0.2
9876 4152 0.05
9877 174 0.01
9877 4152 0.01
9878 4152 0.01
9879 9229 0.01
9880 3687 0.2
9881 9088 0.05
9882 4152 0.05
9883 6348 0.01
9884 2507 0.01
9885 9060 0.01
9886 6992 0.05
9887 7218 0.05
9890 4152 0.01
9890 4592 0.2
9891 4152 0.01
9892 5487 0.05
9893 5487 0.05
9893 11674 0.2
9893 4154 0.05
9893 174 0.01
9893 4066 0.2
9893 8840 0.01
9893 7412 0.01
9893 2790 0.01
9893 1230 0.2
9893 191 0.2
9893 8169 0.05
9893 2172 0.2
9893 2408 0.05
9893 2535 0.2
9893 197 0.05
9893 9782 0.2
9893 1360 0.2
9893 1244 0.05
9893 5902 0.2
9893 1561 0.05
9893 4040 0.2
9893 2062 0.05
9893 92 0.2
9893 7324 0.05
9893 1622 0.2
9893 518 0.2
9893 1371 0.2
9893 7082 0.2
9893 7843 0.05
9893 2928 0.2
9893 9843 0.01
9893 1319 0.01
9893 137 0.2
9893 8625 0.05
9893 6684 0.01
9895 9088 0.01
9896 2798 0.05
9899 9523 0.01
9899 5721 0.05
9899 4152 0.2
9899 9288 0.01
9899 1422 0.05
9900 8935 0.2
9900 4152 0.01
9900 5916 0.05
9901 2637 0.2
9902 5487 0.01
9902 11247 0.01
9902 5277 0.05
9902 7625 0.2
9904 7102 0.2
9904 24 0.01
9904 7657 0.05
9904 12335 0.05
9904 2180 0.01
9904 3205 0.01
9904 3469 0.01
9904 1084 0.01
9904 779 0.01
9904 788 0.05
9904 10204 0.05
9904 10371 0.05
9904 9720 0.2
9904 8737 0.2
9904 1602 0.01
9904 9773 0.01
9904 6754 0.05
9904 9288 0.05
9904 8320 0.01
9904 11500 0.01
9904 8750 0.2
9904 3175 0.01
9904 10270 0.2
9904 10811 0.2
9904 1417 0.05
9904 249 0.01
9904 9698 0.05
9904 5145 0.2
9904 1622 0.2
9904 10037 0.01
9904 8575 0.2
9904 2464 0.05
9904 1625 0.2
9904 9793 0.05
9904 6140 0.01
9904 11310 0.05
9904 1527 0.01
9904 12531 0.05
9904 381 0.01
9904 9088 0.01
9904 2016 0.01
9904 8361 0.01
9904 12534 0.05
9904 4213 0.01
9904 1071 0.05
9904 12592 0.05
9904 4152 0.05
9904 7369 0.01
9904 2893 0.2
9905 3469 0.2
9906 12003 0.05
9907 70 0.05
9907 8512 0.05
9907 1297 0.05
9907 7603 0.05
9907 9786 0.2
9907 10627 0.2
9907 4991 0.05
9907 8445 0.01
9908 4152 0.2
9909 4152 0.2
9910 3025 0.05
9910 2071 0.01
9910 6303 0.01
9910 1779 0.05
9910 4152 0.01
9910 10863 0.2
9911 1957 0.01
9911 2257 0.01
9912 2257 0.2
9912 6754 0.01
9913 4152 0.05
9914 4152 0.01
9915 9387 0.01
9916 5600 0.01
9916 3842 0.01
9916 5916 0.05
9916 304 0.2
9916 187 0.01
9916 11196 0.2
9917 4152 0.05
9917 4963 0.05
9918 8517 0.2
9919 11655 0.05
9919 10195 0.01
9919 2956 0.2
9919 6754 0.05
9919 5482 0.01
9919 1240 0.2
9919 8568 0.2
9919 11012 0.01
9919 10086 0.05
9919 4525 0.05
9919 12576 0.01
9919 9088 0.01
9919 8361 0.2
9919 9716 0.2
9919 3397 0.2
9919 4152 0.01
9919 6508 0.01
9920 3503 0.01
9922 12376 0.2
9922 7663 0.01
9922 2888 0.2
9922 9605 0.05
9923 8935 0.2
9923 5356 0.2
9923 174 0.2
9923 10495 0.2
9923 871 0.05
9923 2728 0.2
9923 3469 0.2
9923 4700 0.05
9923 11540 0.01
9923 4166 0.2
9923 5272 0.01
9923 3618 0.2
9923 8451 0.05
9923 9531 0.01
9923 1704 0.2
9923 7592 0.2
9923 8173 0.01
9923 4738 0.2
9923 4040 0.01
9923 5145 0.01
9923 1622 0.2
9923 5071 0.01
9923 10037 0.2
9923 2401 0.01
9923 4152 0.05
9923 9843 0.05
9923 5805 0.2
9923 9088 0.01
9923 10868 0.01
9923 1527 0.2
9923 3504 0.05
9923 3585 0.05
9924 3175 0.05
9925 4152 0.05
9926 1184 0.01
9927 12123 0.05
9928 7603 0.2
9928 8957 0.2
9928 8142 0.2
9930 4152 0.05
9932 592 0.05
9932 3526 0.01
9932 9088 0.2
9932 12401 0.01
9933 5822 0.2
9934 6984 0.01
9935 8935 0.01
9935 1527 0.05
9935 2004 0.05
9935 438 0.2
9935 10495 0.2
9935 4330 0.05
9935 6508 0.05
9935 9088 0.01
9935 6673 0.01
9935 11083 0.01
9935 4152 0.2
9935 11434 0.05
9935 2242 0.2
9935 6719 0.01
9936 1957 0.2
9936 2257 0.01
9937 4152 0.2
9938 5015 0.2
9938 2612 0.2
9938 2327 0.05
9938 11326 0.01
9939 2937 0.01
9943 4152 0.05
9944 4152 0.05
9946 4152 0.01
9949 4152 0.05
9950 10450 0.2
9950 9094 0.2
9950 4846 0.01
9950 3676 0.2
9950 11884 0.2
9950 11434 0.01
9950 2896 0.2
9950 431 0.01
9950 11386 0.01
9950 1827 0.2
9950 516 0.05
9950 2954 0.2
9950 11748 0.05
9950 2644 0.01
9950 299 0.2
9950 3538 0.05
9950 11127 0.2
9950 10474 0.05
9950 6185 0.05
9950 5383 0.05
9950 905 0.01
9950 2324 0.2
9950 2921 0.2
9950 1625 0.05
9950 4454 0.01
9950 10588 0.2
9950 9088 0.01
9950 5867 0.01
9950 5620 0.05
9951 4152 0.05
9952 4152 0.2
9952 2196 0.05
9953 4166 0.2
9953 12335 0.01
9953 7171 0.05
9953 10037 0.01
9953 452 0.01
9954 10094 0.2
9954 9667 0.05
9955 1884 0.05
9956 4152 0.01
9957 7536 0.05
9957 2276 0.2
9957 11434 0.05
9958 174 0.2
9958 10495 0.2
9958 1579 0.01
9958 11884 0.2
9958 6010 0.05
9958 11075 0.01
9958 24 0.2
9958 7810 0.2
9958 9531 0.2
9958 7030 0.01
9958 8361 0.2
9958 8748 0.2
9958 8568 0.01
9958 5795 0.01
9958 185 0.2
9958 1622 0.01
9958 4450 0.05
9958 10533 0.01
9958 211 0.05
9958 1430 0.2
9958 808 0.05
9958 6446 0.05
9958 1633 0.05
9958 11922 0.05
9958 4066 0.05
9958 11326 0.2
9958 9971 0.01
9958 12123 0.01
9958 5273 0.05
9958 234 0.2
9958 3797 0.01
9958 9008 0.05
9958 2896 0.05
9958 2016 0.05
9958 7843 0.05
9958 1854 0.05
9958 4865 0.01
9958 70 0.2
9958 7073 0.01
9958 10382 0.01
9958 78 0.2
9958 4307 0.05
9958 6094 0.01
9958 5297 0.2
9958 5487 0.2
9958 1690 0.05
9958 5440 0.2
9958 8589 0.05
9958 9659 0.2
9958 1697 0.2
9958 8445 0.2
9958 676 0.01
9958 4329 0.01
9958 10421 0.2
9958 204 0.05
9958 4345 0.2
9958 6368 0.05
9958 898 0.2
9958 7127 0.05
9958 1515 0.01
9958 8283 0.2
9958 1913 0.2
9958 11405 0.05
9958 518 0.2
9958 1319 0.05
9958 5721 0.05
9958 9658 0.05
9958 12213 0.05
9958 2728 0.05
9958 9466 0.01
9958 8681 0.2
9958 5938 0.01
9958 926 0.2
9958 1134 0.2
9958 5732 0.05
9958 11306 0.05
9958 1759 0.2
9958 11450 0.05
9958 8509 0.01
9958 2969 0.2
9958 8512 0.01
9958 8137 0.2
9958 5550 0.2
9958 4991 0.01
9958 12436 0.2
9958 4040 0.05
9958 2551 0.2
9958 6984 0.05
9958 367 0.2
9958 12640 0.05
9958 10095 0.2
9959 1622 0.05
9959 4066 0.2
9959 4000 0.01
9959 4450 0.01
9960 4336 0.01
9961 2507 0.2
9961 10037 0.2
9962 4152 0.2
9964 4152 0.2
9965 10695 0.05
9967 3618 0.2
9967 4066 0.01
9967 5482 0.05
9967 9288 0.01
9967 2197 0.01
9967 9088 0.2
9967 1622 0.05
9967 4152 0.01
9967 10782 0.01
9967 3114 0.2
9967 940 0.05
9968 4345 0.01
9968 9753 0.05
9970 7309 0.05
9970 1601 0.01
9970 38 0.2
9970 2845 0.05
9971 9958 0.2
9971 7627 0.01
9971 7302 0.05
9971 7523 0.01
9971 12422 0.2
9971 4341 0.2
9973 1622 0.05
9974 3871 0.2
9974 250 0.01
9974 12411 0.05
9974 4152 0.01
9975 5571 0.01
9975 4785 0.2
9975 3067 0.01
9975 4018 0.01
9975 6406 0.01
9975 6407 0.2
9975 3205 0.2
9975 2388 0.01
9975 4021 0.2
9975 4793 0.2
9975 14 0.01
9975 3210 0.01
9975 7980 0.01
9975 11071 0.01
9975 5585 0.2
9975 6416 0.2
9975 9592 0.05
9975 11888 0.05
9975 766 0.05
9975 10998 0.05
9975 1606 0.01
9975 9528 0.05
9975 6927 0.01
9975 10318 0.01
9975 2402 0.01
9975 905 0.2
9975 11081 0.05
9975 796 0.01
9975 4806 0.05
9975 7218 0.05
9975 8750 0.2
9975 5600 0.01
9975 11899 0.05
9975 4813 0.05
9975 4814 0.05
9975 11822 0.05
9975 4815 0.01
9975 11088 0.05
9975 8755 0.2
9975 9540 0.01
9975 11091 0.2
9975 1622 0.2
9975 9923 0.2
9975 8003 0.01
9975 9546 0.05
9975 5798 0.05
9975 4826 0.2
9975 10337 0.05
9975 808 0.05
9975 4828 0.05
9975 11100 0.01
9975 5081 0.2
9975 6449 0.05
9975 11921 0.05
9975 4833 0.05
9975 5620 0.01
9975 8016 0.05
9975 1727 0.05
9975 6460 0.05
9975 4066 0.05
9975 5469 0.01
9975 2435 0.2
9975 7245 0.01
9975 5158 0.01
9975 13 0.05
9975 7247 0.05
9975 10357 0.2
9975 9324 0.2
9975 7709 0.01
9975 831 0.2
9975 11113 0.2
9975 1652 0.05
9975 832 0.05
9975 7253 0.05
9975 6469 0.2
9975 4854 0.2
9975 6470 0.2
9975 3618 0.05
9975 7256 0.2
9975 3266 0.01
9975 1597 0.2
9975 1468 0.2
9975 6475 0.01
9975 11120 0.05
9975 6479 0.2
9975 2450 0.2
9975 4080 0.05
9975 8041 0.2
9975 2455 0.01
9975 9584 0.01
9975 847 0.01
9975 326 0.05
9975 4082 0.01
9975 782 0.01
9975 2063 0.01
9975 1180 0.2
9975 8046 0.01
9975 7073 0.05
9975 78 0.05
9975 4090 0.01
9975 3281 0.05
9975 6887 0.05
9975 4092 0.05
9975 11415 0.2
9975 1674 0.01
9975 4162 0.2
9975 9600 0.01
9975 11960 0.2
9975 11961 0.05
9975 7284 0.2
9975 8499 0.01
9975 11144 0.05
9975 2433 0.01
9975 8830 0.01
9975 4100 0.05
9975 2472 0.05
9975 6508 0.01
9975 10396 0.05
9975 11151 0.2
9975 2473 0.05
9975 11890 0.2
9975 7296 0.01
9975 1687 0.01
9975 871 0.01
9975 5673 0.01
9975 6512 0.2
9975 8064 0.2
9975 12149 0.01
9975 3307 0.01
9975 10407 0.05
9975 8068 0.01
9975 1200 0.2
9975 6524 0.2
9975 11892 0.05
9975 11987 0.05
9975 885 0.05
9975 11879 0.05
9975 9619 0.2
9975 4118 0.01
9975 2492 0.2
9975 4292 0.05
9975 6094 0.2
9975 11174 0.05
9975 9998 0.05
9975 7458 0.01
9975 4930 0.05
9975 11857 0.2
9975 12153 0.01
9975 1714 0.2
9975 12003 0.2
9975 7324 0.01
9975 4938 0.2
9975 4939 0.2
9975 6873 0.05
9975 124 0.01
9975 4139 0.01
9975 11188 0.01
9975 12032 0.2
9975 11190 0.2
9975 8092 0.05
9975 913 0.2
9975 916 0.05
9975 9651 0.05
9975 1732 0.01
9975 4152 0.2
9975 7334 0.01
9975 1479 0.01
9975 4956 0.01
9975 9658 0.01
9975 4153 0.01
9975 11975 0.05
9975 10186 0.05
9975 918 0.01
9975 4809 0.2
9975 8110 0.2
9975 6572 0.2
9975 4962 0.05
9975 926 0.2
9975 2638 0.2
9975 10782 0.01
9975 8894 0.05
9975 7344 0.2
9975 7347 0.01
9975 932 0.01
9975 6577 0.01
9975 9669 0.2
9975 12033 0.2
9975 2004 0.01
9975 11223 0.01
9975 12051 0.05
9975 4975 0.2
9975 12037 0.05
9975 9673 0.2
9975 9674 0.01
9975 12039 0.2
9975 5721 0.05
9975 4980 0.01
9975 9681 0.2
9975 12029 0.2
9975 4184 0.05
9975 6819 0.01
9975 8134 0.01
9975 12049 0.05
9975 11233 0.2
9975 9683 0.05
9975 9685 0.2
9975 11828 0.2
9975 12055 0.2
9975 4991 0.2
9975 9036 0.01
9975 8899 0.2
9975 3397 0.2
9975 8364 0.01
9975 2470 0.01
9975 2700 0.01
9975 6600 0.2
9975 5759 0.2
9975 8901 0.2
9975 2555 0.05
9975 10483 0.2
9975 11249 0.05
9975 3408 0.05
9975 171 0.05
9975 2562 0.05
9975 8155 0.01
9975 1783 0.2
9975 1784 0.05
9975 7369 0.01
9975 3412 0.2
9975 174 0.2
9975 790 0.2
9975 8161 0.05
9975 11264 0.01
9975 2568 0.01
9975 12289 0.05
9975 9713 0.01
9975 9485 0.2
9975 5014 0.01
9975 6624 0.2
9975 11271 0.2
9975 5776 0.05
9975 9720 0.2
9975 191 0.01
9975 4914 0.2
9975 9230 0.05
9975 8953 0.05
9975 8167 0.05
9975 6628 0.2
9975 8169 0.2
9975 2926 0.2
9975 8170 0.01
9975 5028 0.01
9975 8173 0.2
9975 992 0.01
9975 201 0.2
9975 10521 0.01
9975 6636 0.05
9975 1814 0.01
9975 8177 0.01
9975 5795 0.2
9975 6642 0.2
9975 8967 0.2
9975 8575 0.01
9975 4250 0.2
9975 7404 0.2
9975 1002 0.2
9975 6211 0.05
9975 11299 0.2
9975 4254 0.01
9975 11302 0.01
9975 10918 0.05
9975 12106 0.05
9975 11309 0.01
9975 5049 0.2
9975 11310 0.01
9975 7414 0.01
9975 8979 0.05
9975 4260 0.01
9975 8981 0.05
9975 807 0.05
9975 9753 0.2
9975 220 0.01
9975 11318 0.2
9975 46 0.05
9975 7313 0.01
9975 5812 0.01
9975 1028 0.01
9975 3469 0.01
9975 4272 0.01
9975 9962 0.05
9975 5066 0.2
9975 2967 0.05
9975 8210 0.01
9975 2629 0.05
9975 5068 0.05
9975 8715 0.05
9975 11333 0.05
9975 233 0.05
9975 5074 0.05
9975 12129 0.01
9975 5494 0.2
9975 4187 0.01
9975 235 0.2
9975 4958 0.2
9975 6672 0.2
9975 3729 0.2
9975 5616 0.2
9975 6673 0.01
9975 1216 0.01
9975 8223 0.01
9975 2644 0.01
9975 3489 0.01
9975 12144 0.2
9975 249 0.05
9975 9786 0.05
9975 251 0.05
9975 10578 0.05
9975 5853 0.01
9975 3496 0.05
9975 5097 0.2
9975 4191 0.2
9975 9790 0.01
9975 5857 0.01
9975 259 0.2
9975 4305 0.01
9975 5101 0.01
9975 9793 0.05
9975 11363 0.01
9975 4310 0.05
9975 10587 0.05
9975 11922 0.05
9975 10588 0.2
9975 8247 0.05
9975 8914 0.01
9975 11247 0.2
9975 7468 0.2
9975 2672 0.01
9975 10596 0.05
9975 273 0.2
9975 1873 0.05
9975 1074 0.2
9975 11377 0.01
9975 9044 0.05
9975 8256 0.05
9975 9559 0.05
9975 3520 0.05
9975 8258 0.01
9975 283 0.01
9975 11384 0.05
9975 11386 0.05
9975 1098 0.2
9975 1369 0.05
9975 4329 0.05
9975 8266 0.05
9975 3533 0.2
9975 1099 0.05
9975 4336 0.01
9975 7489 0.2
9975 10618 0.2
9975 9062 0.05
9975 819 0.05
9975 9064 0.01
9975 1901 0.05
9975 5168 0.05
9975 5902 0.01
9975 2706 0.05
9975 8280 0.05
9975 9835 0.2
9975 12190 0.05
9975 9074 0.05
9975 371 0.2
9975 10630 0.2
9975 10632 0.2
9975 9078 0.01
9975 9837 0.05
9975 9841 0.01
9975 12181 0.2
9975 5916 0.05
9975 9843 0.2
9975 8379 0.2
9975 8384 0.2
9975 11436 0.01
9975 3556 0.2
9975 9846 0.01
9975 8294 0.2
9975 4359 0.05
9975 299 0.01
9975 9850 0.01
9975 9851 0.01
9975 9088 0.05
9975 5926 0.2
9975 824 0.05
9975 5505 0.05
9975 167 0.01
9975 3568 0.01
9975 9094 0.2
9975 7122 0.05
9975 1931 0.01
9975 2728 0.05
9975 61 0.05
9975 12223 0.05
9975 9098 0.05
9975 8308 0.2
9975 3940 0.05
9975 7526 0.05
9975 3576 0.01
9975 5176 0.2
9975 10662 0.05
9975 11437 0.01
9975 2737 0.2
9975 5947 0.05
9975 6752 0.2
9975 3585 0.01
9975 6754 0.2
9975 11441 0.2
9975 2742 0.01
9975 1142 0.2
9975 7536 0.2
9975 12238 0.01
9975 5188 0.01
9975 7541 0.2
9975 5965 0.01
9975 4393 0.05
9975 1781 0.05
9975 1961 0.05
9975 6071 0.2
9975 5970 0.01
9975 5197 0.01
9975 2039 0.05
9975 8568 0.05
9975 9900 0.2
9975 5201 0.05
9975 1108 0.01
9975 11145 0.01
9975 10687 0.2
9975 1158 0.05
9975 4853 0.2
9975 5985 0.2
9975 9135 0.05
9975 10871 0.05
9975 4412 0.01
9975 1975 0.2
9975 11476 0.01
9975 5145 0.01
9975 12256 0.2
9975 9142 0.2
9975 10698 0.01
9975 9750 0.01
9975 370 0.05
9975 2779 0.2
9975 3621 0.05
9975 8276 0.01
9975 8794 0.05
9975 7563 0.05
9975 12260 0.05
9975 8935 0.01
9975 3625 0.05
9975 6376 0.01
9975 7569 0.05
9975 2786 0.05
9975 2787 0.2
9975 379 0.05
9975 9155 0.2
9975 3828 0.2
9975 384 0.01
9975 6006 0.05
9975 5226 0.01
9975 2797 0.2
9975 12270 0.2
9975 4433 0.01
9975 6016 0.2
9975 6803 0.01
9975 10495 0.01
9975 4439 0.05
9975 8361 0.2
9975 9941 0.2
9975 11679 0.01
9975 4442 0.05
9975 5233 0.01
9975 8365 0.05
9975 5010 0.01
9975 6810 0.2
9975 12284 0.2
9975 3648 0.2
9975 7598 0.2
9975 586 0.05
9975 4450 0.01
9975 3652 0.2
9975 6044 0.2
9975 12294 0.2
9975 5247 0.2
9975 1240 0.05
9975 9959 0.2
9975 1209 0.05
9975 3555 0.2
9975 6827 0.05
9975 12297 0.05
9975 2016 0.05
9975 5708 0.2
9975 6830 0.01
9975 11528 0.01
9975 6057 0.2
9975 1219 0.05
9975 3409 0.01
9975 1221 0.01
9975 8392 0.2
9975 12335 0.2
9975 6485 0.05
9975 7007 0.2
9975 2838 0.05
9975 11537 0.05
9975 1230 0.2
9975 9974 0.05
9975 5935 0.2
9975 9849 0.01
9975 5272 0.05
9975 9984 0.2
9975 9203 0.01
9975 4484 0.2
9975 12321 0.01
9975 10754 0.01
9975 1237 0.2
9975 12326 0.01
9975 7629 0.01
9975 5282 0.2
9975 9211 0.2
9975 1243 0.05
9975 3698 0.01
9975 2054 0.2
9975 2850 0.01
9975 2057 0.2
9975 5288 0.01
9975 453 0.01
9975 12331 0.2
9975 3702 0.2
9975 2062 0.01
9975 2861 0.05
9975 2459 0.01
9975 1257 0.05
9975 9535 0.01
9975 9222 0.2
9975 2895 0.2
9975 6091 0.05
9975 1261 0.2
9975 6093 0.01
9975 8426 0.2
9975 5295 0.05
9975 11573 0.05
9975 6875 0.05
9975 7641 0.05
9975 8075 0.05
9975 10012 0.01
9975 8433 0.2
9975 5644 0.2
9975 6880 0.01
9975 7012 0.05
9975 9232 0.2
9975 3722 0.2
9975 10785 0.01
9975 2888 0.01
9975 7658 0.05
9975 3724 0.01
9975 6109 0.01
9975 6893 0.01
9975 24 0.05
9975 10790 0.05
9975 8611 0.01
9975 7663 0.01
9975 4526 0.01
9975 5315 0.01
9975 2896 0.2
9975 9241 0.01
9975 8447 0.05
9975 10027 0.05
9975 1293 0.01
9975 12370 0.05
9975 10798 0.2
9975 12374 0.05
9975 7676 0.2
9975 3734 0.01
9975 4537 0.05
9975 7684 0.05
9975 4538 0.2
9975 1304 0.2
9975 10805 0.05
9975 7691 0.05
9975 10809 0.05
9975 7693 0.01
9975 10810 0.05
9975 10811 0.2
9975 2028 0.2
9975 8464 0.2
9975 6135 0.05
9975 4548 0.2
9975 10814 0.01
9975 6925 0.01
9975 11055 0.01
9975 515 0.01
9975 3749 0.2
9975 10037 0.05
9975 2464 0.01
9975 10040 0.2
9975 1318 0.05
9975 8473 0.01
9975 1319 0.2
9975 6140 0.05
9975 2122 0.2
9975 1321 0.05
9975 7710 0.05
9975 1324 0.05
9975 2127 0.2
9975 2935 0.01
9975 10048 0.05
9975 2128 0.05
9975 4560 0.05
9975 5354 0.01
9975 3763 0.2
9975 2942 0.2
9975 9273 0.2
9975 3767 0.2
9975 9733 0.01
9975 534 0.01
9975 1411 0.01
9975 11629 0.2
9975 11631 0.01
9975 5408 0.05
9975 5146 0.2
9975 10062 0.05
9975 4568 0.01
9975 2953 0.2
9975 2954 0.2
9975 5362 0.2
9975 8498 0.2
9975 7725 0.05
9975 6963 0.05
9975 2148 0.05
9975 6504 0.2
9975 1354 0.01
9975 12607 0.05
9975 2150 0.01
9975 6175 0.01
9975 1360 0.05
9975 7737 0.01
9975 557 0.01
9975 8510 0.01
9975 1884 0.2
9975 10856 0.05
9975 3798 0.05
9975 8512 0.01
9975 10859 0.01
9975 2798 0.05
9975 6976 0.01
9975 6702 0.2
9975 7789 0.05
9975 12437 0.01
9975 9306 0.2
9975 1371 0.01
9975 8522 0.01
9975 4598 0.01
9975 7747 0.2
9975 11665 0.05
9975 574 0.05
9975 3820 0.2
9975 11668 0.01
9975 3823 0.2
9975 10095 0.05
9975 10099 0.2
9975 582 0.05
9975 2992 0.05
9975 2180 0.2
9975 9323 0.01
9975 10876 0.2
9975 12456 0.01
9975 5405 0.05
9975 8544 0.01
9975 11763 0.05
9975 7008 0.2
9975 2191 0.2
9975 3839 0.01
9975 6215 0.2
9975 5411 0.01
9975 4625 0.01
9975 6217 0.01
9975 5414 0.01
9975 3847 0.2
9975 3012 0.2
9975 11695 0.01
9975 10533 0.05
9975 9336 0.05
9975 5418 0.01
9975 11012 0.05
9975 3021 0.05
9975 3764 0.01
9975 10057 0.01
9975 7783 0.2
9975 7784 0.05
9975 7786 0.05
9975 2213 0.05
9975 3859 0.05
9975 4105 0.01
9975 10086 0.05
9975 3860 0.01
9975 1422 0.2
9975 11711 0.2
9975 8572 0.05
9975 7796 0.05
9975 11254 0.2
9975 6232 0.05
9975 10673 0.01
9975 2220 0.01
9975 1430 0.2
9975 10911 0.05
9975 8606 0.01
9975 10138 0.01
9975 8582 0.2
9975 7807 0.01
9975 3873 0.2
9975 7034 0.05
9975 11721 0.2
9975 7925 0.05
9975 10931 0.01
9975 1437 0.01
9975 3045 0.05
9975 11724 0.2
9975 5446 0.05
9975 2235 0.2
9975 3052 0.01
9975 10922 0.2
9975 5452 0.2
9975 12499 0.01
9975 2242 0.01
9975 635 0.05
9975 2360 0.01
9975 6265 0.05
9975 3728 0.05
9975 2248 0.2
9975 2249 0.01
9975 10162 0.2
9975 7838 0.01
9975 12489 0.05
9975 10938 0.05
9975 2092 0.2
9975 12513 0.2
9975 6117 0.05
9975 9390 0.01
9975 7418 0.2
9975 4672 0.2
9975 6277 0.2
9975 6899 0.01
9975 6280 0.2
9975 5472 0.05
9975 2265 0.01
9975 6286 0.05
9975 11455 0.05
9975 9075 0.01
9975 7854 0.01
9975 11855 0.05
9975 11428 0.05
9975 7858 0.2
9975 6118 0.05
9975 7082 0.2
9975 9405 0.2
9975 2276 0.05
9975 9409 0.05
9975 5482 0.05
9975 7086 0.01
9975 4169 0.01
9975 7865 0.01
9975 8625 0.05
9975 10957 0.05
9975 10961 0.01
9975 7094 0.01
9975 10190 0.2
9975 9415 0.05
9975 10192 0.01
9975 5320 0.01
9975 5487 0.2
9975 5488 0.2
9975 11988 0.01
9975 12542 0.05
9975 6301 0.05
9975 2293 0.2
9975 6304 0.05
9975 3537 0.01
9975 5493 0.05
9975 8638 0.01
9975 3114 0.01
9975 4701 0.2
9975 12552 0.01
9975 225 0.2
9975 7888 0.05
9975 9128 0.01
9975 12558 0.2
9975 8646 0.2
9975 3933 0.05
9975 9433 0.01
9975 7120 0.01
9975 10987 0.01
9975 12563 0.2
9975 9436 0.2
9975 12522 0.01
9975 7818 0.05
9975 12566 0.2
9975 8656 0.2
9975 7125 0.01
9975 2312 0.05
9975 4722 0.05
9975 12574 0.05
9975 6325 0.01
9975 12576 0.05
9975 12577 0.2
9975 7492 0.05
9975 8660 0.01
9975 12581 0.01
9975 11326 0.2
9975 7133 0.01
9975 2277 0.01
9975 6139 0.05
9975 2327 0.01
9975 706 0.05
9975 11004 0.05
9975 9721 0.2
9975 2765 0.05
9975 12588 0.05
9975 8022 0.05
9975 4731 0.2
9975 6341 0.01
9975 12590 0.01
9975 12592 0.2
9975 1527 0.2
9975 5524 0.2
9975 11007 0.01
9975 3152 0.05
9975 3190 0.2
9975 11825 0.01
9975 7919 0.01
9975 7920 0.01
9975 6348 0.01
9975 3974 0.2
9975 4540 0.2
9975 9466 0.2
9975 724 0.01
9975 8681 0.05
9975 8682 0.2
9975 1543 0.01
9975 7160 0.01
9975 4745 0.2
9975 6355 0.2
9975 6174 0.2
9975 8687 0.05
9975 12123 0.01
9975 6603 0.01
9975 7933 0.05
9975 2348 0.05
9975 4129 0.2
9975 4758 0.01
9975 11845 0.01
9975 5543 0.01
9975 12617 0.05
9975 3989 0.2
9975 9489 0.05
9975 11029 0.01
9975 9491 0.05
9975 8609 0.01
9975 3181 0.05
9975 9495 0.01
9975 4132 0.05
9975 9141 0.2
9975 5554 0.01
9975 7053 0.2
9975 7957 0.01
9975 12635 0.05
9975 12636 0.2
9975 11862 0.2
9975 11010 0.01
9975 11047 0.01
9975 10288 0.2
9975 2163 0.05
9975 9509 0.01
9975 8727 0.01
9975 11053 0.01
9976 2015 0.2
9977 4003 0.01
9978 8481 0.05
9980 2257 0.01
9980 1527 0.2
9980 11319 0.01
9980 1028 0.05
9980 3469 0.05
9980 9088 0.2
9980 12534 0.05
9980 4152 0.01
9980 1103 0.01
9981 4152 0.2
9982 4152 0.01
9983 8568 0.2
9984 2855 0.05
9984 3722 0.05
9984 5074 0.01
9984 3388 0.2
9984 7375 0.01
9984 6754 0.05
9984 5482 0.2
9984 8778 0.05
9984 9033 0.05
9984 7737 0.05
9984 11363 0.01
9984 9715 0.2
9984 11788 0.2
9984 9975 0.2
9984 1329 0.05
9984 1622 0.01
9984 234 0.2
9984 5554 0.2
9984 7749 0.05
9985 3312 0.2
9985 9380 0.2
9985 12064 0.01
9985 1320 0.01
9985 2837 0.01
9985 2502 0.01
9985 3014 0.2
9985 8682 0.05
9985 1344 0.2
9985 9826 0.05
9985 12549 0.01
9985 656 0.05
9986 4152 0.2
9987 4522 0.05
9988 1527 0.2
9988 4152 0.01
9988 9088 0.01
9988 10495 0.2
9989 4152 0.2
9991 4152 0.01
9991 9088 0.2
9991 5554 0.05
9992 2507 0.01
9992 11982 0.05
9992 3246 0.01
9992 2240 0.05
9992 9088 0.2
9992 1384 0.2
9992 3114 0.05
9992 1036 0.2
9992 6330 0.01
9992 4152 0.05
9992 7120 0.2
9992 8104 0.01
9992 4419 0.05
9994 12503 0.01
9995 10037 0.2
9997 3409 0.01
9999 3175 0.01
10000 5301 0.05
10001 6432 0.05
10002 5071 0.01
10002 11319 0.01
10002 6292 0.01
10002 10508 0.2
10002 574 0.01
10002 9088 0.05
10002 11064 0.05
10002 6342 0.05
10002 4152 0.05
10002 1408 0.05
10003 9088 0.2
10004 4152 0.2
10005 4152 0.01
10006 2981 0.2
10007 4152 0.01
10008 4152 0.2
10011 5272 0.01
10011 7568 0.05
10011 5148 0.01
10012 11151 0.05
10012 4066 0.05
10012 2388 0.2
10012 12221 0.01
10012 9975 0.01
10012 7435 0.01
10012 6754 0.2
10012 9288 0.05
10012 6528 0.05
10012 9339 0.05
10012 1759 0.2
10012 5234 0.2
10012 7376 0.2
10012 452 0.2
10012 10811 0.05
10012 1781 0.2
10012 10691 0.05
10012 5145 0.05
10012 1530 0.2
10012 1622 0.05
10012 10037 0.01
10012 706 0.05
10012 10689 0.05
10012 9700 0.05
10012 9088 0.2
10012 2470 0.05
10012 4152 0.05
10013 4152 0.05
10014 12223 0.01
10016 4152 0.05
10017 4152 0.01
10018 9088 0.01
10020 4152 0.05
10022 2213 0.05
10024 9387 0.2
10025 4152 0.01
10025 11351 0.05
10026 1319 0.05
10028 174 0.05
10028 438 0.01
10028 3190 0.01
10028 10811 0.01
10028 9088 0.2
10028 2016 0.01
10028 7324 0.2
10028 6673 0.01
10028 12411 0.01
10028 4152 0.05
10028 3114 0.2
10028 4089 0.2
10031 11825 0.01
10031 2004 0.2
10031 12284 0.2
10031 7247 0.01
10031 4152 0.05
10031 10037 0.01
10033 4152 0.2
10035 4152 0.2
10036 11815 0.2
10036 12376 0.2
10036 8035 0.05
10036 8503 0.01
10036 4619 0.05
10036 7205 0.01
10037 6407 0.2
10037 7 0.01
10037 11 0.05
10037 12 0.01
10037 6414 0.05
10037 6416 0.01
10037 21 0.01
10037 3216 0.05
10037 24 0.2
10037 3217 0.2
10037 27 0.05
10037 9531 0.05
10037 29 0.05
10037 3221 0.05
10037 9535 0.01
10037 6430 0.2
10037 6432 0.05
10037 9551 0.05
10037 6446 0.2
10037 6450 0.05
10037 9558 0.2
10037 3251 0.01
10037 9563 0.01
10037 6460 0.2
10037 9565 0.2
10037 6464 0.01
10037 6466 0.05
10037 68 0.01
10037 6475 0.05
10037 3268 0.05
10037 3269 0.2
10037 6478 0.01
10037 6479 0.05
10037 3272 0.05
10037 9581 0.01
10037 9582 0.05
10037 70 0.2
10037 3277 0.2
10037 6491 0.01
10037 73 0.01
10037 9591 0.05
10037 78 0.01
10037 6908 0.05
10037 83 0.05
10037 6501 0.05
10037 6504 0.01
10037 9605 0.2
10037 6508 0.2
10037 3295 0.01
10037 3296 0.2
10037 9608 0.01
10037 100 0.01
10037 3310 0.01
10037 3314 0.2
10037 107 0.05
10037 9617 0.01
10037 681 0.2
10037 3321 0.05
10037 116 0.01
10037 3325 0.2
10037 7142 0.2
10037 9624 0.05
10037 6537 0.01
10037 6538 0.2
10037 6539 0.2
10037 6540 0.2
10037 6543 0.05
10037 3340 0.01
10037 7244 0.01
10037 9647 0.2
10037 835 0.2
10037 130 0.05
10037 9650 0.01
10037 9658 0.05
10037 10586 0.2
10037 9659 0.01
10037 6575 0.01
10037 3371 0.01
10037 6577 0.05
10037 9673 0.2
10037 6580 0.2
10037 9674 0.05
10037 3381 0.2
10037 9677 0.05
10037 3388 0.05
10037 6590 0.05
10037 9684 0.05
10037 160 0.2
10037 3394 0.05
10037 3395 0.01
10037 9690 0.2
10037 6600 0.2
10037 9695 0.05
10037 167 0.05
10037 1620 0.01
10037 6609 0.05
10037 1149 0.2
10037 3409 0.2
10037 7582 0.01
10037 9710 0.2
10037 6619 0.05
10037 7603 0.05
10037 9717 0.2
10037 186 0.01
10037 191 0.2
10037 6629 0.05
10037 9729 0.05
10037 3436 0.05
10037 6632 0.05
10037 198 0.2
10037 6636 0.05
10037 9737 0.05
10037 6640 0.01
10037 204 0.2
10037 6647 0.05
10037 211 0.01
10037 9747 0.01
10037 9748 0.2
10037 3454 0.01
10037 216 0.2
10037 3462 0.05
10037 222 0.01
10037 224 0.05
10037 228 0.05
10037 9760 0.01
10037 3469 0.05
10037 229 0.2
10037 6663 0.2
10037 232 0.2
10037 3479 0.01
10037 234 0.01
10037 3797 0.2
10037 9777 0.2
10037 6672 0.01
10037 6673 0.05
10037 241 0.01
10037 244 0.2
10037 2158 0.2
10037 246 0.05
10037 248 0.05
10037 9786 0.05
10037 6685 0.2
10037 6688 0.2
10037 3498 0.05
10037 6690 0.01
10037 6691 0.01
10037 9793 0.05
10037 3504 0.2
10037 3507 0.01
10037 9799 0.01
10037 3509 0.2
10037 9801 0.2
10037 6701 0.2
10037 1783 0.2
10037 273 0.05
10037 3514 0.2
10037 9807 0.05
10037 9808 0.01
10037 3519 0.2
10037 9812 0.2
10037 280 0.05
10037 3520 0.2
10037 3525 0.2
10037 8227 0.01
10037 6713 0.05
10037 6714 0.05
10037 293 0.2
10037 1909 0.05
10037 299 0.01
10037 300 0.01
10037 7488 0.05
10037 6719 0.01
10037 6723 0.05
10037 3544 0.01
10037 9843 0.01
10037 3554 0.01
10037 3555 0.05
10037 9850 0.2
10037 9851 0.05
10037 3563 0.05
10037 3568 0.2
10037 9862 0.2
10037 1646 0.05
10037 3570 0.05
10037 325 0.01
10037 9869 0.01
10037 3574 0.05
10037 9871 0.05
10037 6751 0.05
10037 6752 0.2
10037 3585 0.01
10037 6754 0.2
10037 6755 0.01
10037 6756 0.2
10037 8557 0.01
10037 6760 0.2
10037 9885 0.01
10037 3593 0.01
10037 9887 0.05
10037 9888 0.2
10037 343 0.2
10037 3595 0.2
10037 6764 0.2
10037 9894 0.2
10037 3598 0.05
10037 351 0.2
10037 352 0.01
10037 353 0.05
10037 3602 0.2
10037 9904 0.2
10037 367 0.2
10037 10095 0.01
10037 3614 0.2
10037 2358 0.05
10037 2368 0.01
10037 11116 0.2
10037 10629 0.2
10037 373 0.05
10037 3625 0.01
10037 3626 0.2
10037 9922 0.2
10037 9923 0.05
10037 3628 0.2
10037 2422 0.2
10037 6795 0.05
10037 11118 0.05
10037 382 0.01
10037 9926 0.05
10037 6798 0.2
10037 10537 0.01
10037 394 0.01
10037 399 0.2
10037 400 0.05
10037 402 0.01
10037 9942 0.05
10037 9945 0.05
10037 9948 0.01
10037 9959 0.01
10037 6821 0.2
10037 6824 0.05
10037 9961 0.05
10037 6827 0.2
10037 9963 0.05
10037 419 0.05
10037 420 0.01
10037 3663 0.05
10037 9967 0.01
10037 3673 0.05
10037 11127 0.2
10037 9975 0.05
10037 430 0.05
10037 3683 0.2
10037 434 0.2
10037 3688 0.01
10037 3691 0.05
10037 9989 0.2
10037 3694 0.05
10037 448 0.01
10037 2850 0.01
10037 455 0.01
10037 3842 0.2
10037 3706 0.2
10037 3710 0.05
10037 2921 0.01
10037 3712 0.05
10037 9277 0.05
10037 10012 0.05
10037 475 0.01
10037 3720 0.01
10037 3722 0.01
10037 483 0.01
10037 6893 0.01
10037 3729 0.2
10037 6899 0.05
10037 7810 0.05
10037 3734 0.01
10037 496 0.05
10037 10031 0.2
10037 9791 0.05
10037 3740 0.01
10037 3743 0.2
10037 512 0.05
10037 10038 0.2
10037 518 0.2
10037 522 0.01
10037 3753 0.01
10037 10044 0.2
10037 531 0.2
10037 6943 0.2
10037 3771 0.2
10037 10068 0.05
10037 6959 0.2
10037 545 0.05
10037 6961 0.01
10037 10072 0.05
10037 3794 0.01
10037 3478 0.2
10037 559 0.05
10037 561 0.05
10037 563 0.2
10037 6975 0.2
10037 567 0.05
10037 6976 0.2
10037 6978 0.2
10037 6984 0.2
10037 572 0.01
10037 574 0.05
10037 575 0.01
10037 6990 0.2
10037 6996 0.2
10037 10096 0.05
10037 3827 0.2
10037 586 0.01
10037 7005 0.05
10037 7007 0.05
10037 7009 0.2
10037 10108 0.05
10037 10109 0.05
10037 3719 0.05
10037 3847 0.2
10037 596 0.05
10037 4384 0.2
10037 3853 0.05
10037 7017 0.2
10037 10120 0.2
10037 7024 0.2
10037 10086 0.2
10037 3869 0.01
10037 10116 0.2
10037 10132 0.05
10037 617 0.01
10037 618 0.01
10037 10140 0.2
10037 623 0.05
10037 10145 0.01
10037 10216 0.2
10037 10218 0.2
10037 3877 0.2
10037 4008 0.01
10037 7055 0.05
10037 7059 0.2
10037 7061 0.2
10037 645 0.2
10037 10172 0.01
10037 3894 0.05
10037 7070 0.2
10037 10175 0.05
10037 655 0.05
10037 656 0.01
10037 7081 0.2
10037 3903 0.05
10037 7093 0.01
10037 1699 0.2
10037 665 0.05
10037 667 0.01
10037 10197 0.2
10037 10199 0.01
10037 672 0.05
10037 674 0.05
10037 676 0.01
10037 3927 0.2
10037 10212 0.01
10037 3933 0.05
10037 7120 0.01
10037 689 0.01
10037 4381 0.05
10037 7127 0.05
10037 693 0.01
10037 3945 0.01
10037 700 0.05
10037 7135 0.01
10037 10237 0.01
10037 7143 0.01
10037 7146 0.05
10037 719 0.2
10037 724 0.05
10037 10248 0.05
10037 10249 0.05
10037 4574 0.05
10037 10251 0.01
10037 7162 0.05
10037 726 0.01
10037 7167 0.05
10037 10874 0.01
10037 7170 0.01
10037 739 0.05
10037 10269 0.2
10037 10274 0.2
10037 4000 0.2
10037 7180 0.2
10037 7181 0.05
10037 9142 0.01
10037 10283 0.05
10037 7559 0.05
10037 10287 0.01
10037 4012 0.2
10037 10291 0.05
10037 766 0.01
10037 4020 0.05
10037 7195 0.05
10037 7196 0.01
10037 778 0.2
10037 4025 0.05
10037 785 0.01
10037 788 0.2
10037 10318 0.2
10037 10319 0.2
10037 11171 0.01
10037 795 0.2
10037 7218 0.05
10037 7219 0.01
10037 4040 0.2
10037 4047 0.2
10037 5033 0.2
10037 808 0.01
10037 810 0.05
10037 5081 0.2
10037 813 0.05
10037 10344 0.05
10037 10347 0.05
10037 7241 0.01
10037 4066 0.01
10037 821 0.05
10037 10363 0.01
10037 7260 0.01
10037 7261 0.2
10037 4533 0.05
10037 7265 0.05
10037 7266 0.01
10037 7271 0.01
10037 10382 0.05
10037 7073 0.2
10037 852 0.01
10037 4089 0.2
10037 4090 0.01
10037 855 0.05
10037 4093 0.2
10037 5361 0.05
10037 7292 0.05
10037 869 0.05
10037 7297 0.05
10037 10401 0.01
10037 871 0.05
10037 874 0.05
10037 875 0.01
10037 7303 0.05
10037 4596 0.05
10037 10412 0.05
10037 7309 0.2
10037 10141 0.01
10037 7312 0.2
10037 887 0.01
10037 7318 0.2
10037 4127 0.01
10037 11763 0.05
10037 4130 0.2
10037 898 0.01
10037 4133 0.05
10037 8110 0.2
10037 903 0.01
10037 11881 0.05
10037 7324 0.2
10037 4136 0.2
10037 4139 0.05
10037 10441 0.01
10037 913 0.2
10037 5631 0.01
10037 4148 0.05
10037 10442 0.01
10037 4152 0.01
10037 11975 0.05
10037 10450 0.01
10037 11982 0.2
10037 10451 0.2
10037 4158 0.05
10037 12019 0.01
10037 10454 0.01
10037 4164 0.01
10037 7344 0.01
10037 7345 0.2
10037 10461 0.01
10037 4193 0.2
10037 10474 0.05
10037 10483 0.05
10037 10495 0.05
10037 3912 0.05
10037 10497 0.05
10037 7382 0.05
10037 2285 0.05
10037 7383 0.2
10037 982 0.01
10037 10728 0.05
10037 7394 0.01
10037 7395 0.2
10037 4242 0.2
10037 4244 0.01
10037 9676 0.05
10037 10529 0.01
10037 6203 0.2
10037 7409 0.2
10037 4254 0.01
10037 1013 0.2
10037 8483 0.05
10037 7414 0.2
10037 1019 0.05
10037 4265 0.01
10037 7426 0.05
10037 1023 0.01
10037 1042 0.2
10037 7442 0.01
10037 1049 0.2
10037 4295 0.2
10037 10570 0.05
10037 7451 0.01
10037 4299 0.05
10037 1058 0.2
10037 4301 0.2
10037 10582 0.01
10037 4307 0.05
10037 137 0.2
10037 10588 0.01
10037 1068 0.01
10037 4311 0.2
10037 10591 0.01
10037 1071 0.05
10037 7469 0.05
10037 6621 0.01
10037 1083 0.01
10037 6658 0.01
10037 1088 0.01
10037 10606 0.05
10037 7481 0.05
10037 10608 0.2
10037 4329 0.2
10037 7486 0.2
10037 1099 0.05
10037 4336 0.05
10037 1103 0.05
10037 4347 0.05
10037 1108 0.05
10037 371 0.01
10037 7505 0.05
10037 10641 0.01
10037 1229 0.05
10037 7511 0.01
10037 1123 0.01
10037 1126 0.05
10037 1127 0.01
10037 6935 0.2
10037 1130 0.05
10037 1134 0.2
10037 10663 0.05
10037 1138 0.05
10037 10220 0.01
10037 602 0.05
10037 7536 0.01
10037 10672 0.2
10037 10673 0.05
10037 10675 0.01
10037 7543 0.2
10037 1158 0.05
10037 4407 0.2
10037 4409 0.05
10037 1160 0.05
10037 4411 0.05
10037 4412 0.01
10037 10695 0.01
10037 4415 0.01
10037 10698 0.05
10037 1165 0.2
10037 1166 0.2
10037 1176 0.2
10037 10756 0.2
10037 10712 0.2
10037 6616 0.2
10037 4435 0.05
10037 1189 0.2
10037 3416 0.01
10037 7587 0.05
10037 1191 0.2
10037 7592 0.05
10037 7593 0.2
10037 4444 0.01
10037 7598 0.05
10037 4448 0.01
10037 1203 0.05
10037 4450 0.05
10037 4451 0.01
10037 10731 0.01
10037 4454 0.05
10037 10737 0.2
10037 4458 0.01
10037 4460 0.05
10037 1218 0.2
10037 1219 0.05
10037 7613 0.01
10037 7615 0.05
10037 7510 0.01
10037 1230 0.05
10037 7623 0.2
10037 7625 0.05
10037 4487 0.2
10037 7626 0.05
10037 6083 0.01
10037 7629 0.2
10037 10760 0.01
10037 7632 0.05
10037 1242 0.2
10037 1244 0.05
10037 7635 0.2
10037 1245 0.05
10037 7641 0.01
10037 1258 0.01
10037 9721 0.01
10037 7647 0.05
10037 1262 0.01
10037 7651 0.05
10037 4507 0.05
10037 10779 0.05
10037 1271 0.2
10037 1398 0.2
10037 1281 0.01
10037 4522 0.2
10037 7821 0.01
10037 1290 0.2
10037 4529 0.05
10037 10796 0.05
10037 10797 0.2
10037 1295 0.01
10037 1297 0.01
10037 4537 0.01
10037 7683 0.05
10037 7691 0.05
10037 10808 0.01
10037 12092 0.05
10037 10811 0.05
10037 4548 0.2
10037 196 0.05
10037 1314 0.01
10037 1315 0.05
10037 1319 0.01
10037 10820 0.2
10037 1321 0.05
10037 4558 0.05
10037 1328 0.01
10037 1329 0.01
10037 8059 0.01
10037 10827 0.01
10037 1334 0.2
10037 1811 0.05
10037 10832 0.05
10037 7717 0.01
10037 10835 0.2
10037 1341 0.2
10037 10841 0.2
10037 10843 0.01
10037 10844 0.01
10037 10846 0.01
10037 7161 0.05
10037 7725 0.2
10037 1350 0.2
10037 1355 0.01
10037 7730 0.01
10037 7731 0.2
10037 1360 0.2
10037 4586 0.05
10037 7739 0.01
10037 1368 0.2
10037 1371 0.2
10037 4599 0.2
10037 1373 0.05
10037 5173 0.01
10037 7755 0.2
10037 7399 0.2
10037 1379 0.2
10037 7761 0.05
10037 4615 0.01
10037 9234 0.05
10037 7767 0.05
10037 10880 0.2
10037 10888 0.2
10037 1407 0.2
10037 11012 0.2
10037 4632 0.2
10037 1413 0.01
10037 1417 0.01
10037 1422 0.05
10037 10903 0.2
10037 10905 0.01
10037 8696 0.05
10037 7802 0.2
10037 4646 0.01
10037 10910 0.01
10037 7806 0.2
10037 1435 0.01
10037 7808 0.2
10037 4649 0.01
10037 7813 0.05
10037 8632 0.2
10037 11849 0.2
10037 7818 0.2
10037 7663 0.2
10037 1448 0.01
10037 10931 0.05
10037 4666 0.2
10037 8722 0.2
10037 7838 0.01
10037 1456 0.2
10037 10942 0.01
10037 10944 0.05
10037 10947 0.01
10037 4680 0.01
10037 7862 0.01
10037 7863 0.05
10037 10955 0.2
10037 7865 0.01
10037 2538 0.05
10037 7875 0.01
10037 10969 0.2
10037 10971 0.2
10037 7678 0.01
10037 4700 0.2
10037 10975 0.2
10037 7882 0.01
10037 4701 0.05
10037 7883 0.05
10037 10976 0.2
10037 7886 0.01
10037 7888 0.05
10037 10979 0.2
10037 4713 0.2
10037 1507 0.2
10037 9953 0.2
10037 7895 0.05
10037 7896 0.2
10037 11000 0.2
10037 11001 0.01
10037 11005 0.2
10037 4731 0.01
10037 4732 0.01
10037 7915 0.01
10037 12385 0.01
10037 7931 0.01
10037 11018 0.05
10037 7936 0.2
10037 4756 0.05
10037 7939 0.2
10037 4759 0.05
10037 11025 0.05
10037 11029 0.01
10037 11030 0.01
10037 11032 0.2
10037 1563 0.01
10037 1564 0.01
10037 1565 0.05
10037 1838 0.05
10037 1571 0.05
10037 9423 0.05
10037 4776 0.05
10037 11043 0.01
10037 11045 0.2
10037 1582 0.01
10037 4786 0.01
10037 4787 0.2
10037 7971 0.2
10037 4790 0.2
10037 4793 0.2
10037 3263 0.05
10037 1603 0.2
10037 11083 0.2
10037 4809 0.01
10037 4810 0.05
10037 3370 0.01
10037 4814 0.01
10037 9698 0.05
10037 1622 0.05
10037 1624 0.2
10037 8004 0.2
10037 4824 0.2
10037 1627 0.05
10037 11101 0.2
10037 11102 0.2
10037 8008 0.2
10037 8009 0.05
10037 11103 0.2
10037 4835 0.01
10037 5087 0.01
10037 4846 0.05
10037 11113 0.01
10037 3618 0.2
10037 3630 0.01
10037 8031 0.01
10037 11121 0.01
10037 11122 0.01
10037 1661 0.01
10037 1663 0.2
10037 8041 0.05
10037 4865 0.2
10037 1667 0.05
10037 11133 0.05
10037 1675 0.05
10037 11140 0.2
10037 4879 0.05
10037 8055 0.05
10037 4888 0.2
10037 7713 0.01
10037 1683 0.05
10037 1685 0.05
10037 8061 0.05
10037 11157 0.05
10037 8065 0.2
10037 8066 0.2
10037 1696 0.01
10037 1200 0.01
10037 11168 0.01
10037 8075 0.05
10037 8501 0.2
10037 1701 0.2
10037 8078 0.05
10037 1704 0.01
10037 3972 0.05
10037 1707 0.01
10037 4927 0.2
10037 8087 0.2
10037 1713 0.2
10037 4936 0.05
10037 1716 0.05
10037 10310 0.2
10037 11184 0.01
10037 4940 0.05
10037 1719 0.05
10037 11188 0.05
10037 1865 0.01
10037 1727 0.2
10037 8093 0.05
10037 1333 0.01
10037 1730 0.2
10037 8108 0.2
10037 1743 0.2
10037 4961 0.05
10037 11206 0.01
10037 11210 0.01
10037 4962 0.01
10037 12411 0.01
10037 8117 0.01
10037 4967 0.05
10037 8121 0.01
10037 8122 0.05
10037 1757 0.2
10037 11226 0.2
10037 6697 0.05
10037 1758 0.05
10037 1759 0.05
10037 8129 0.01
10037 11232 0.01
10037 11233 0.05
10037 11234 0.01
10037 4991 0.01
10037 4992 0.2
10037 11241 0.2
10037 1770 0.05
10037 4997 0.05
10037 10628 0.05
10037 5001 0.05
10037 8153 0.05
10037 1871 0.2
10037 272 0.05
10037 4576 0.01
10037 5010 0.2
10037 12417 0.2
10037 5019 0.01
10037 1798 0.2
10037 6172 0.05
10037 8167 0.2
10037 8168 0.01
10037 1810 0.2
10037 11288 0.01
10037 8173 0.05
10037 8174 0.01
10037 5030 0.2
10037 11291 0.01
10037 5035 0.05
10037 1814 0.05
10037 8177 0.2
10037 11298 0.05
10037 1821 0.01
10037 1822 0.2
10037 4647 0.2
10037 11310 0.05
10037 11313 0.2
10037 5051 0.2
10037 11318 0.05
10037 4706 0.2
10037 1829 0.2
10037 1831 0.2
10037 11326 0.01
10037 5063 0.2
10037 5065 0.01
10037 5066 0.01
10037 8211 0.05
10037 5068 0.2
10037 5071 0.05
10037 5118 0.05
10037 1844 0.05
10037 8220 0.2
10037 812 0.01
10037 9733 0.01
10037 5084 0.05
10037 11486 0.2
10037 8230 0.2
10037 8235 0.05
10037 5101 0.01
10037 8239 0.05
10037 8240 0.05
10037 11371 0.2
10037 11254 0.01
10037 1873 0.01
10037 8255 0.01
10037 8258 0.05
10037 11384 0.2
10037 11388 0.01
10037 8263 0.01
10037 8265 0.01
10037 11390 0.05
10037 5133 0.05
10037 5134 0.01
10037 8278 0.05
10037 2434 0.01
10037 11400 0.2
10037 5145 0.01
10037 11931 0.2
10037 1913 0.2
10037 8287 0.2
10037 11405 0.2
10037 8288 0.05
10037 5148 0.05
10037 5152 0.2
10037 8297 0.05
10037 1927 0.2
10037 8302 0.2
10037 1929 0.01
10037 8306 0.01
10037 1938 0.01
10037 5369 0.2
10037 1940 0.01
10037 1947 0.01
10037 8317 0.05
10037 5186 0.05
10037 5441 0.01
10037 1954 0.2
10037 1955 0.01
10037 11452 0.05
10037 8326 0.01
10037 1961 0.2
10037 1962 0.05
10037 11462 0.05
10037 11465 0.01
10037 11467 0.01
10037 8334 0.2
10037 5204 0.05
10037 11471 0.2
10037 1975 0.2
10037 5213 0.05
10037 8343 0.05
10037 11885 0.05
10037 8351 0.01
10037 11588 0.05
10037 11488 0.2
10037 11492 0.01
10037 1993 0.05
10037 8361 0.01
10037 5233 0.2
10037 2004 0.05
10037 8368 0.2
10037 5239 0.01
10037 8373 0.2
10037 11515 0.01
10037 3553 0.01
10037 11519 0.2
10037 8381 0.01
10037 2016 0.01
10037 11526 0.01
10037 5256 0.2
10037 11528 0.2
10037 11529 0.01
10037 2023 0.2
10037 2024 0.05
10037 2031 0.2
10037 5267 0.2
10037 5269 0.05
10037 11546 0.05
10037 5272 0.2
10037 5274 0.2
10037 11548 0.01
10037 8409 0.05
10037 11557 0.05
10037 2056 0.2
10037 5287 0.05
10037 2060 0.2
10037 2064 0.05
10037 11569 0.05
10037 2067 0.05
10037 2069 0.2
10037 6145 0.2
10037 2070 0.01
10037 8430 0.01
10037 11577 0.2
10037 8438 0.01
10037 12484 0.01
10037 2089 0.2
10037 5163 0.01
10037 8445 0.05
10037 5318 0.01
10037 5319 0.2
10037 2095 0.01
10037 8451 0.2
10037 2096 0.05
10037 2101 0.01
10037 8458 0.2
10037 5330 0.05
10037 2106 0.2
10037 6368 0.01
10037 12630 0.05
10037 8471 0.01
10037 2464 0.01
10037 5342 0.2
10037 2117 0.2
10037 8473 0.05
10037 5346 0.05
10037 5347 0.2
10037 5348 0.05
10037 2420 0.2
10037 8481 0.05
10037 2131 0.2
10037 11621 0.01
10037 5356 0.01
10037 8488 0.2
10037 11629 0.05
10037 2141 0.01
10037 11636 0.01
10037 2145 0.05
10037 11434 0.01
10037 2151 0.2
10037 5371 0.01
10037 11647 0.2
10037 11651 0.01
10037 2156 0.01
10037 5375 0.05
10037 8512 0.01
10037 8513 0.05
10037 8525 0.05
10037 2171 0.05
10037 2172 0.05
10037 11668 0.01
10037 11674 0.05
10037 11972 0.05
10037 5402 0.05
10037 8545 0.05
10037 5180 0.05
10037 11685 0.2
10037 5410 0.05
10037 11687 0.01
10037 5413 0.01
10037 7296 0.01
10037 2197 0.2
10037 11695 0.2
10037 6912 0.2
10037 5420 0.05
10037 8563 0.01
10037 11702 0.01
10037 2209 0.01
10037 2210 0.05
10037 8568 0.2
10037 2215 0.05
10037 11713 0.05
10037 8574 0.01
10037 8575 0.01
10037 5435 0.2
10037 5436 0.05
10037 2227 0.01
10037 644 0.2
10037 2231 0.01
10037 11978 0.2
10037 5446 0.05
10037 11725 0.2
10037 680 0.2
10037 5450 0.05
10037 8600 0.2
10037 11734 0.2
10037 8844 0.05
10037 8609 0.01
10037 11742 0.01
10037 2248 0.2
10037 8611 0.2
10037 8613 0.05
10037 6239 0.05
10037 5469 0.05
10037 11761 0.2
10037 8623 0.2
10037 2276 0.2
10037 5482 0.2
10037 11771 0.2
10037 2283 0.01
10037 5487 0.05
10037 884 0.2
10037 5489 0.2
10037 7412 0.2
10037 8635 0.05
10037 11784 0.05
10037 12614 0.05
10037 2296 0.01
10037 11788 0.05
10037 11789 0.2
10037 2300 0.2
10037 2301 0.2
10037 2307 0.01
10037 8656 0.2
10037 5510 0.2
10037 9370 0.01
10037 11469 0.2
10037 11807 0.05
10037 9371 0.01
10037 5521 0.01
10037 2334 0.2
10037 8672 0.2
10037 8673 0.01
10037 5526 0.01
10037 2345 0.05
10037 8689 0.05
10037 5539 0.05
10037 1409 0.01
10037 2355 0.05
10037 5544 0.2
10037 8700 0.2
10037 2359 0.2
10037 11854 0.2
10037 8709 0.05
10037 2365 0.2
10037 2366 0.05
10037 5552 0.05
10037 5553 0.2
10037 5554 0.05
10037 2372 0.2
10037 11861 0.05
10037 12509 0.2
10037 8719 0.2
10037 11867 0.01
10037 10431 0.2
10037 11883 0.2
10037 5579 0.2
10037 11884 0.05
10037 8737 0.01
10037 2398 0.2
10037 5594 0.05
10037 11896 0.2
10037 8748 0.01
10037 8750 0.01
10037 5600 0.2
10037 376 0.05
10037 2408 0.2
10037 8755 0.2
10037 8764 0.05
10037 5609 0.2
10037 8768 0.05
10037 8769 0.2
10037 8772 0.01
10037 380 0.2
10037 11921 0.01
10037 11922 0.01
10037 2431 0.2
10037 5623 0.2
10037 2435 0.05
10037 8789 0.2
10037 5629 0.05
10037 5630 0.01
10037 6383 0.01
10037 387 0.2
10037 5644 0.05
10037 5645 0.2
10037 11950 0.01
10037 8807 0.01
10037 8443 0.2
10037 2463 0.05
10037 5658 0.05
10037 8822 0.01
10037 8823 0.05
10037 2465 0.05
10037 11964 0.2
10037 5663 0.05
10037 8514 0.01
10037 2473 0.05
10037 11973 0.2
10037 5670 0.01
10037 4154 0.2
10037 8589 0.2
10037 4156 0.05
10037 8847 0.05
10037 11988 0.05
10037 2493 0.2
10037 8856 0.2
10037 11995 0.05
10037 5692 0.2
10037 8862 0.05
10037 6805 0.2
10037 8865 0.01
10037 12003 0.2
10037 5701 0.05
10037 5705 0.2
10037 2507 0.2
10037 2510 0.2
10037 12008 0.01
10037 2511 0.01
10037 8873 0.01
10037 8875 0.01
10037 5716 0.2
10037 2518 0.2
10037 8880 0.2
10037 5721 0.01
10037 5722 0.01
10037 2521 0.01
10037 8885 0.01
10037 12024 0.2
10037 5729 0.05
10037 8891 0.01
10037 8899 0.2
10037 12031 0.05
10037 8925 0.2
10037 12034 0.05
10037 8902 0.2
10037 2534 0.01
10037 5748 0.05
10037 5749 0.01
10037 2550 0.05
10037 2700 0.01
10037 8920 0.05
10037 5758 0.05
10037 8935 0.05
10037 8938 0.2
10037 2569 0.05
10037 2575 0.01
10037 12082 0.05
10037 12084 0.2
10037 5785 0.01
10037 9265 0.2
10037 12094 0.2
10037 12098 0.05
10037 5795 0.05
10037 8969 0.01
10037 12102 0.2
10037 3018 0.2
10037 8972 0.2
10037 12107 0.01
10037 8976 0.2
10037 8977 0.2
10037 2611 0.01
10037 5805 0.01
10037 2612 0.2
10037 2619 0.05
10037 2621 0.2
10037 2622 0.05
10037 12121 0.2
10037 12123 0.2
10037 5820 0.05
10037 9006 0.01
10037 5827 0.05
10037 2635 0.01
10037 2636 0.2
10037 2637 0.01
10037 5828 0.05
10037 9145 0.2
10037 2641 0.2
10037 9014 0.05
10037 5838 0.2
10037 9020 0.2
10037 1496 0.2
10037 2653 0.05
10037 9026 0.05
10037 12149 0.05
10037 9028 0.2
10037 12153 0.2
10037 9032 0.01
10037 5868 0.2
10037 3408 0.05
10037 5872 0.2
10037 9044 0.01
10037 9045 0.01
10037 9047 0.05
10037 5882 0.01
10037 2692 0.05
10037 5886 0.01
10037 5889 0.2
10037 5891 0.05
10037 2698 0.01
10037 5897 0.2
10037 12181 0.05
10037 5900 0.01
10037 9068 0.01
10037 9071 0.2
10037 9078 0.01
10037 3901 0.05
10037 2718 0.01
10037 5916 0.01
10037 9083 0.05
10037 5921 0.01
10037 9088 0.05
10037 12205 0.05
10037 5925 0.05
10037 9090 0.2
10037 12213 0.05
10037 9094 0.2
10037 2727 0.05
10037 2728 0.05
10037 2730 0.05
10037 5936 0.01
10037 9103 0.05
10037 2736 0.2
10037 12231 0.01
10037 10991 0.05
10037 5952 0.05
10037 5958 0.2
10037 2749 0.05
10037 12238 0.05
10037 5964 0.01
10037 5966 0.01
10037 9124 0.2
10037 5968 0.01
10037 5970 0.01
10037 12576 0.05
10037 2774 0.2
10037 9141 0.2
10037 2776 0.2
10037 5993 0.05
10037 5997 0.2
10037 9440 0.01
10037 9153 0.05
10037 12264 0.01
10037 9158 0.05
10037 12268 0.05
10037 6010 0.01
10037 2798 0.2
10037 12271 0.2
10037 9165 0.2
10037 4727 0.01
10037 9167 0.2
10037 2807 0.01
10037 9174 0.05
10037 12284 0.01
10037 2814 0.2
10037 2817 0.2
10037 6044 0.2
10037 12294 0.01
10037 9189 0.05
10037 9995 0.05
10037 12302 0.05
10037 6063 0.05
10037 12316 0.2
10037 12317 0.05
10037 6071 0.2
10037 12321 0.05
10037 6075 0.2
10037 2852 0.05
10037 12324 0.05
10037 9210 0.01
10037 12329 0.2
10037 9216 0.01
10037 9217 0.05
10037 6085 0.01
10037 12334 0.01
10037 12335 0.05
10037 9221 0.01
10037 6091 0.05
10037 6093 0.05
10037 6094 0.05
10037 1527 0.2
10037 2879 0.2
10037 4590 0.01
10037 6098 0.2
10037 6101 0.01
10037 12354 0.01
10037 12360 0.01
10037 12355 0.05
10037 2888 0.01
10037 459 0.05
10037 9237 0.2
10037 12361 0.05
10037 6113 0.2
10037 12363 0.01
10037 2896 0.05
10037 12376 0.05
10037 9246 0.2
10037 6125 0.05
10037 2910 0.2
10037 6128 0.2
10037 4738 0.05
10037 2916 0.05
10037 12388 0.01
10037 2919 0.05
10037 6136 0.2
10037 8426 0.01
10037 6137 0.05
10037 6138 0.2
10037 2928 0.01
10037 2588 0.2
10037 9269 0.01
10037 2931 0.2
10037 12401 0.05
10037 2942 0.01
10037 12406 0.2
10037 2945 0.2
10037 12408 0.01
10037 12410 0.2
10037 10782 0.2
10037 6162 0.05
10037 2954 0.05
10037 9284 0.05
10037 9287 0.05
10037 9288 0.2
10037 11274 0.05
10037 9293 0.2
10037 1884 0.2
10037 12436 0.01
10037 3175 0.01
10037 2980 0.2
10037 12442 0.05
10037 12443 0.01
10037 4250 0.05
10037 2992 0.2
10037 5235 0.2
10037 12455 0.2
10037 12456 0.2
10037 12459 0.01
10037 11345 0.2
10037 9329 0.05
10037 6221 0.2
10037 9339 0.01
10037 2601 0.01
10037 3025 0.2
10037 3026 0.05
10037 6233 0.01
10037 6235 0.05
10037 6236 0.05
10037 9359 0.05
10037 12489 0.2
10037 9361 0.05
10037 12492 0.05
10037 6246 0.01
10037 9366 0.2
10037 3051 0.01
10037 3052 0.2
10037 3053 0.05
10037 12497 0.01
10037 12498 0.2
10037 6254 0.2
10037 6256 0.05
10037 12500 0.05
10037 12502 0.05
10037 3065 0.01
10037 438 0.01
10037 9381 0.01
10037 12510 0.2
10037 3072 0.05
10037 12513 0.01
10037 7405 0.05
10037 12523 0.01
10037 3181 0.2
10037 12529 0.01
10037 6293 0.01
10037 3098 0.05
10037 3099 0.2
10037 12534 0.01
10037 9419 0.05
10037 12542 0.05
10037 3109 0.01
10037 12113 0.05
10037 3188 0.2
10037 3114 0.05
10037 12552 0.2
10037 5845 0.2
10037 3116 0.2
10037 9427 0.01
10037 9433 0.05
10037 6317 0.2
10037 12224 0.01
10037 3134 0.01
10037 7957 0.01
10037 6323 0.2
10037 6326 0.2
10037 12580 0.05
10037 6003 0.01
10037 12581 0.2
10037 9442 0.2
10037 6334 0.05
10037 3142 0.2
10037 6335 0.2
10037 12589 0.2
10037 12590 0.2
10037 1142 0.01
10037 12594 0.2
10037 12383 0.05
10037 9466 0.05
10037 3159 0.01
10037 9468 0.05
10037 12603 0.2
10037 9474 0.01
10037 12608 0.2
10037 6360 0.05
10037 3164 0.2
10037 12610 0.2
10037 12613 0.2
10037 6365 0.05
10037 3167 0.05
10037 7963 0.05
10037 3171 0.05
10037 6373 0.2
10037 9489 0.01
10037 12522 0.05
10037 6378 0.05
10037 12128 0.05
10037 12629 0.2
10037 12631 0.2
10037 9502 0.2
10037 12600 0.2
10037 9508 0.01
10038 10037 0.05
10039 5721 0.01
10039 3388 0.01
10039 3469 0.2
10039 574 0.2
10039 7324 0.2
10039 4152 0.05
10039 11326 0.2
10039 11434 0.2
10039 4701 0.01
10041 4152 0.05
10042 5516 0.05
10042 11173 0.2
10042 4152 0.2
10042 8089 0.01
10042 2939 0.05
10045 4152 0.01
10048 10094 0.01
10049 4152 0.2
10049 9088 0.01
10049 12534 0.2
10050 3199 0.01
10050 7875 0.01
10050 10147 0.2
10050 2888 0.01
10050 10495 0.01
10050 871 0.01
10050 2622 0.05
10050 11537 0.2
10050 9373 0.2
10050 8681 0.01
10050 4962 0.05
10050 5066 0.05
10050 3397 0.05
10050 3114 0.01
10050 7981 0.01
10050 10608 0.01
10050 11548 0.01
10050 6982 0.05
10050 6577 0.2
10050 234 0.2
10050 24 0.05
10050 8167 0.01
10050 6963 0.05
10050 9480 0.05
10050 6219 0.05
10050 9361 0.01
10050 4152 0.2
10050 7313 0.01
10050 551 0.2
10050 4439 0.2
10050 5721 0.01
10050 2101 0.2
10050 10811 0.05
10050 9142 0.01
10050 10086 0.2
10050 5145 0.2
10050 1622 0.2
10050 2265 0.05
10050 5554 0.01
10050 932 0.2
10050 249 0.2
10050 3409 0.05
10050 4827 0.05
10050 5482 0.01
10050 10587 0.05
10050 9647 0.05
10050 1321 0.2
10050 8721 0.05
10050 9088 0.05
10050 1527 0.2
10050 5114 0.2
10052 6984 0.01
10053 4522 0.01
10054 4152 0.01
10055 831 0.2
10055 11259 0.05
10055 11321 0.05
10055 6094 0.01
10055 2159 0.2
10055 4336 0.2
10055 10502 0.05
10055 8445 0.2
10056 10076 0.05
10057 6984 0.2
10058 4152 0.01
10059 4208 0.05
10061 4152 0.01
10061 12513 0.01
10063 5556 0.2
10064 4152 0.01
10065 3025 0.01
10065 137 0.2
10065 438 0.2
10065 4991 0.01
10065 2276 0.2
10065 3190 0.01
10065 2434 0.01
10065 8512 0.05
10065 3771 0.01
10065 9650 0.2
10065 12436 0.05
10065 7536 0.2
10065 644 0.2
10065 1727 0.05
10065 10095 0.01
10065 2896 0.05
10066 6984 0.2
10067 5145 0.01
10068 174 0.05
10069 4152 0.2
10070 4152 0.2
10071 6071 0.05
10071 3464 0.05
10071 12129 0.05
10071 4484 0.01
10071 11233 0.05
10071 7725 0.2
10071 2529 0.2
10071 12284 0.05
10071 4040 0.2
10071 11539 0.05
10071 6449 0.05
10071 9560 0.05
10071 11922 0.05
10071 8672 0.2
10073 174 0.05
10073 1387 0.05
10073 11679 0.01
10073 3205 0.05
10073 2388 0.2
10073 9721 0.01
10073 7810 0.2
10073 11695 0.01
10073 9339 0.01
10073 2016 0.01
10073 1757 0.01
10073 1814 0.2
10073 8568 0.05
10073 4040 0.2
10073 4250 0.2
10073 211 0.01
10073 8574 0.2
10073 9609 0.2
10073 5805 0.01
10073 4042 0.2
10073 7811 0.05
10073 3504 0.05
10073 11922 0.05
10073 4066 0.2
10073 11326 0.05
10073 1230 0.05
10073 5074 0.01
10073 6673 0.2
10073 12513 0.2
10073 4262 0.05
10073 6479 0.2
10073 4078 0.01
10073 1468 0.2
10073 5842 0.01
10073 10141 0.05
10073 12335 0.2
10073 191 0.01
10073 8623 0.01
10073 1527 0.01
10073 5482 0.2
10073 7641 0.2
10073 9605 0.2
10073 3408 0.2
10073 273 0.05
10073 2888 0.05
10073 7412 0.2
10073 4700 0.05
10073 4701 0.05
10073 12552 0.05
10073 12525 0.05
10073 2692 0.05
10073 12376 0.01
10073 9619 0.2
10073 9068 0.01
10073 7321 0.05
10073 7324 0.2
10073 1913 0.2
10073 10037 0.2
10073 518 0.05
10073 9843 0.05
10073 1319 0.01
10073 9088 0.05
10073 4152 0.2
10073 4154 0.05
10073 12403 0.05
10073 12604 0.05
10073 10782 0.01
10073 11434 0.01
10073 8656 0.01
10073 10220 0.05
10073 9480 0.05
10073 4166 0.05
10073 9677 0.05
10073 1949 0.2
10073 153 0.2
10073 8132 0.05
10073 7543 0.01
10073 160 0.01
10073 12531 0.05
10073 4991 0.2
10073 3395 0.01
10073 5554 0.01
10073 9904 0.2
10073 7747 0.05
10073 2610 0.01
10073 574 0.2
10074 11180 0.01
10076 10056 0.2
10076 8512 0.01
10076 9541 0.05
10078 4152 0.01
10078 9088 0.01
10078 2016 0.01
10079 4152 0.05
10080 4152 0.05
10081 3094 0.01
10081 4152 0.2
10081 9088 0.2
10081 8764 0.05
10081 6163 0.01
10082 795 0.05
10085 12638 0.05
10086 9531 0.01
10086 24 0.05
10086 5992 0.01
10086 234 0.01
10086 10495 0.2
10086 6460 0.05
10086 4734 0.01
10086 2622 0.05
10086 6545 0.2
10086 3469 0.01
10086 2014 0.05
10086 12499 0.05
10086 5629 0.01
10086 4701 0.05
10086 5071 0.01
10086 191 0.2
10086 545 0.05
10086 3618 0.2
10086 6754 0.2
10086 885 0.05
10086 12376 0.01
10086 3072 0.2
10086 1995 0.01
10086 11695 0.05
10086 8361 0.05
10086 4152 0.2
10086 3698 0.05
10086 7691 0.05
10086 10220 0.01
10086 3388 0.05
10086 7543 0.05
10086 8568 0.01
10086 9249 0.2
10086 1422 0.2
10086 2412 0.2
10086 11182 0.05
10086 1622 0.2
10086 10037 0.01
10086 5554 0.2
10086 211 0.2
10086 1527 0.01
10086 6388 0.05
10086 3504 0.05
10086 5482 0.05
10086 9088 0.2
10086 90 0.01
10086 5747 0.05
10086 9919 0.05
10086 3565 0.05
10086 12401 0.01
10086 10698 0.2
10086 10316 0.05
10086 8104 0.2
10086 3409 0.2
10087 4152 0.2
10088 4152 0.05
10089 8574 0.2
10089 12391 0.05
10089 12159 0.05
10089 11745 0.2
10089 1757 0.2
10089 11470 0.2
10090 1622 0.2
10090 1527 0.2
10091 4522 0.05
10092 4152 0.2
10093 9088 0.05
10094 4785 0.05
10094 11875 0.01
10094 11878 0.01
10094 1579 0.01
10094 6414 0.2
10094 1601 0.2
10094 11075 0.2
10094 5589 0.05
10094 3217 0.05
10094 9528 0.05
10094 3340 0.2
10094 9530 0.2
10094 9531 0.05
10094 795 0.01
10094 799 0.05
10094 38 0.01
10094 801 0.2
10094 9389 0.05
10094 5613 0.01
10094 1861 0.05
10094 11922 0.05
10094 9560 0.05
10094 2434 0.05
10094 9564 0.05
10094 8785 0.05
10094 1652 0.05
10094 3381 0.01
10094 4852 0.05
10094 7256 0.2
10094 8030 0.01
10094 11121 0.01
10094 11122 0.01
10094 844 0.01
10094 4090 0.2
10094 8823 0.05
10094 8053 0.2
10094 3769 0.05
10094 9602 0.05
10094 4097 0.05
10094 7288 0.05
10094 2473 0.01
10094 91 0.2
10094 6512 0.01
10094 4105 0.2
10094 1690 0.2
10094 5440 0.2
10094 97 0.05
10094 788 0.05
10094 4111 0.05
10094 882 0.05
10094 4916 0.2
10094 7121 0.2
10094 1997 0.2
10094 2502 0.01
10094 3336 0.01
10094 3770 0.2
10094 6548 0.01
10094 5705 0.2
10094 2424 0.01
10094 10441 0.2
10094 8100 0.01
10094 11959 0.01
10094 2523 0.05
10094 11210 0.2
10094 926 0.01
10094 2533 0.05
10094 2003 0.05
10094 1756 0.05
10094 2534 0.2
10094 9676 0.01
10094 939 0.05
10094 11233 0.01
10094 4189 0.05
10094 11235 0.05
10094 12052 0.2
10094 4991 0.05
10094 4315 0.05
10094 6597 0.01
10094 2551 0.05
10094 6600 0.2
10094 5001 0.2
10094 11251 0.01
10094 10528 0.2
10094 171 0.01
10094 3938 0.05
10094 964 0.05
10094 1102 0.01
10094 8161 0.05
10094 5010 0.05
10094 8941 0.01
10094 5380 0.2
10094 4225 0.2
10094 3424 0.05
10094 2061 0.01
10094 9723 0.01
10094 8169 0.01
10094 8170 0.2
10094 7394 0.01
10094 9730 0.01
10094 993 0.01
10094 10521 0.05
10094 5792 0.05
10094 6640 0.01
10094 204 0.01
10094 4249 0.05
10094 6581 0.01
10094 1002 0.2
10094 1009 0.05
10094 9748 0.2
10094 11309 0.05
10094 5805 0.05
10094 5052 0.2
10094 9753 0.2
10094 224 0.2
10094 8204 0.01
10094 1831 0.2
10094 6665 0.05
10094 2629 0.01
10094 5068 0.2
10094 5069 0.01
10094 5072 0.2
10094 12129 0.2
10094 9782 0.01
10094 3251 0.2
10094 12139 0.05
10094 8231 0.01
10094 3924 0.2
10094 9786 0.05
10094 11354 0.2
10094 9789 0.05
10094 9032 0.2
10094 137 0.05
10094 267 0.2
10094 6697 0.05
10094 11247 0.2
10094 1788 0.2
10094 275 0.2
10094 1087 0.01
10094 10606 0.2
10094 10609 0.05
10094 10610 0.01
10094 6714 0.05
10094 9821 0.05
10094 4340 0.01
10094 1901 0.01
10094 4345 0.2
10094 1907 0.05
10094 8283 0.05
10094 9075 0.01
10094 2711 0.2
10094 1913 0.2
10094 1115 0.2
10094 1900 0.2
10094 9850 0.01
10094 9851 0.05
10094 6742 0.05
10094 7511 0.05
10094 12213 0.01
10094 2730 0.2
10094 6747 0.05
10094 9870 0.2
10094 2986 0.2
10094 5268 0.05
10094 3587 0.2
10094 9880 0.05
10094 10673 0.05
10094 2751 0.01
10094 9889 0.01
10094 3599 0.2
10094 1961 0.2
10094 6370 0.05
10094 1969 0.05
10094 4410 0.05
10094 12251 0.2
10094 1975 0.01
10094 6782 0.05
10094 5990 0.2
10094 7624 0.01
10094 6787 0.2
10094 10314 0.05
10094 4421 0.01
10094 2786 0.2
10094 9155 0.2
10094 9926 0.2
10094 12581 0.01
10094 5226 0.2
10094 9718 0.01
10094 6013 0.01
10094 4433 0.05
10094 6958 0.2
10094 3640 0.01
10094 7133 0.2
10094 7585 0.01
10094 9167 0.2
10094 7588 0.01
10094 9171 0.05
10094 2813 0.05
10094 412 0.01
10094 9952 0.05
10094 9954 0.2
10094 8381 0.01
10094 10736 0.05
10094 12297 0.05
10094 3556 0.05
10094 4465 0.01
10094 1227 0.01
10094 9971 0.05
10094 11543 0.2
10094 2843 0.05
10094 2845 0.2
10094 4403 0.01
10094 2042 0.2
10094 4495 0.05
10094 11554 0.05
10094 10753 0.05
10094 11561 0.01
10094 7641 0.01
10094 1255 0.05
10094 6142 0.05
10094 6094 0.05
10094 8430 0.01
10094 2881 0.2
10094 3722 0.2
10094 1398 0.2
10094 10019 0.05
10094 5163 0.01
10094 2896 0.05
10094 8447 0.2
10094 7672 0.05
10094 1297 0.2
10094 9247 0.01
10094 7685 0.2
10094 7686 0.2
10094 4738 0.2
10094 11603 0.05
10094 10816 0.2
10094 11614 0.01
10094 1319 0.2
10094 1320 0.2
10094 5349 0.2
10094 10048 0.05
10094 2128 0.01
10094 1332 0.05
10094 2944 0.05
10094 8682 0.2
10094 7717 0.05
10094 1338 0.01
10094 5174 0.2
10094 12416 0.2
10094 8509 0.01
10094 2969 0.05
10094 12432 0.01
10094 8512 0.2
10094 3804 0.05
10094 11658 0.05
10094 8518 0.2
10094 8520 0.2
10094 1371 0.05
10094 6984 0.01
10094 5390 0.05
10094 10867 0.2
10094 8533 0.01
10094 10095 0.2
10094 7758 0.05
10094 1386 0.01
10094 7531 0.05
10094 11679 0.2
10094 7767 0.2
10094 468 0.01
10094 7012 0.05
10094 7013 0.01
10094 7810 0.01
10094 10116 0.01
10094 9340 0.05
10094 5425 0.2
10094 8565 0.05
10094 9007 0.05
10094 1423 0.01
10094 4642 0.01
10094 7030 0.01
10094 7796 0.2
10094 7799 0.01
10094 5435 0.05
10094 619 0.05
10094 7662 0.2
10094 1437 0.01
10094 7815 0.2
10094 8598 0.05
10094 8601 0.01
10094 7048 0.01
10094 8609 0.05
10094 639 0.2
10094 3076 0.05
10094 7064 0.01
10094 7843 0.05
10094 2256 0.2
10094 4672 0.2
10094 10377 0.01
10094 4113 0.01
10094 3899 0.05
10094 4689 0.2
10094 12234 0.2
10094 10192 0.01
10094 5522 0.05
10094 10200 0.01
10094 3109 0.01
10094 12552 0.05
10094 2297 0.01
10094 9433 0.05
10094 689 0.01
10094 12566 0.01
10094 2468 0.05
10094 8895 0.2
10094 1515 0.01
10094 6003 0.2
10094 7131 0.01
10094 4727 0.2
10094 7136 0.05
10094 7601 0.2
10094 4728 0.01
10094 10237 0.01
10094 4731 0.05
10094 12590 0.2
10094 7926 0.05
10094 2157 0.2
10094 2345 0.2
10094 1363 0.01
10094 7933 0.05
10094 1550 0.2
10094 11432 0.01
10094 8723 0.05
10094 898 0.05
10094 6002 0.01
10094 6374 0.01
10094 4766 0.2
10094 11855 0.05
10094 12526 0.05
10094 3185 0.05
10094 5552 0.2
10094 12629 0.05
10094 10994 0.01
10094 8720 0.05
10094 8088 0.05
10094 8724 0.05
10095 8344 0.05
10095 2414 0.05
10095 2069 0.2
10095 5917 0.05
10095 2849 0.05
10096 1872 0.01
10096 5455 0.2
10096 12411 0.05
10096 8789 0.05
10096 783 0.01
10096 8850 0.01
10096 4823 0.05
10096 8073 0.2
10096 9339 0.2
10096 5914 0.2
10096 3175 0.05
10096 10811 0.05
10096 9698 0.2
10096 5145 0.01
10096 10037 0.05
10096 2507 0.01
10096 8566 0.05
10096 7229 0.01
10096 9700 0.01
10096 9088 0.05
10096 1071 0.2
10096 4152 0.2
10097 4152 0.2
10098 4152 0.2
10099 10195 0.2
10099 174 0.2
10099 9843 0.2
10099 1865 0.2
10099 211 0.01
10099 10495 0.01
10099 871 0.2
10099 4066 0.2
10099 11585 0.05
10099 3842 0.05
10099 1527 0.2
10099 8361 0.05
10099 4152 0.01
10099 11012 0.01
10100 6654 0.05
10100 1077 0.05
10100 6963 0.2
10102 4152 0.05
10103 7256 0.05
10103 12213 0.05
10103 2070 0.2
10103 5010 0.01
10103 4082 0.01
10103 11327 0.2
10104 4152 0.01
10105 1412 0.01
10105 9088 0.05
10105 9605 0.01
10105 1319 0.01
10106 4152 0.05
10107 4152 0.01
10110 4152 0.05
10110 6920 0.01
10111 713 0.05
10111 2297 0.2
10114 9128 0.05
10114 6218 0.2
10115 9088 0.01
10118 11284 0.01
10119 177 0.05
10120 9038 0.05
10120 174 0.01
10120 1149 0.2
10120 871 0.2
10120 10703 0.01
10120 8306 0.05
10120 929 0.2
10120 1084 0.01
10120 4846 0.01
10120 9003 0.05
10120 11636 0.2
10120 592 0.05
10120 9158 0.2
10120 6161 0.05
10120 766 0.05
10120 4884 0.01
10120 1355 0.01
10120 7213 0.2
10120 2189 0.05
10120 11690 0.01
10120 9020 0.2
10120 1509 0.05
10120 7543 0.05
10120 6590 0.2
10120 4011 0.2
10120 8568 0.05
10120 4990 0.01
10120 9720 0.01
10120 4250 0.01
10120 8866 0.05
10120 1757 0.05
10120 10037 0.2
10120 905 0.05
10120 3526 0.01
10120 7647 0.2
10120 7749 0.2
10120 9088 0.2
10120 5443 0.01
10120 9605 0.01
10120 4152 0.2
10120 9715 0.05
10122 4152 0.01
10124 4152 0.05
10125 4152 0.2
10125 5554 0.2
10126 4152 0.2
10127 3625 0.01
10130 3877 0.2
10131 1757 0.05
10132 10037 0.05
10133 1622 0.2
10133 4152 0.05
10133 2972 0.2
10134 4152 0.01
10136 5554 0.05
10137 1201 0.05
10137 12149 0.2
10137 4152 0.05
10137 5669 0.2
10138 9975 0.2
10138 1084 0.2
10138 1279 0.2
10140 1242 0.01
10140 10495 0.2
10140 12499 0.01
10140 254 0.2
10140 1107 0.05
10141 174 0.01
10141 3624 0.2
10141 10495 0.01
10141 2181 0.05
10141 4615 0.05
10141 6792 0.05
10141 2388 0.01
10141 4047 0.01
10141 1236 0.05
10141 3842 0.05
10141 12084 0.05
10141 4939 0.2
10141 4433 0.2
10141 1187 0.01
10141 3331 0.05
10141 9167 0.01
10141 11083 0.2
10141 197 0.2
10141 3025 0.01
10141 9174 0.01
10141 8568 0.05
10141 4040 0.01
10141 11091 0.05
10141 1422 0.2
10141 1622 0.2
10141 612 0.01
10141 211 0.05
10141 12482 0.05
10141 5435 0.2
10141 8381 0.2
10141 9359 0.2
10141 2418 0.2
10141 6051 0.2
10141 5081 0.05
10141 2016 0.05
10141 6449 0.2
10141 11922 0.01
10141 5620 0.2
10141 8065 0.2
10141 223 0.01
10141 5059 0.01
10141 7691 0.2
10141 10149 0.01
10141 9760 0.05
10141 6253 0.05
10141 3879 0.01
10141 7247 0.2
10141 2842 0.2
10141 12123 0.2
10141 5071 0.01
10141 8609 0.05
10141 6073 0.2
10141 10367 0.2
10141 766 0.2
10141 8031 0.2
10141 6673 0.2
10141 12513 0.05
10141 2856 0.05
10141 8041 0.2
10141 8879 0.01
10141 70 0.05
10141 71 0.01
10141 12335 0.05
10141 9720 0.01
10141 9790 0.2
10141 4089 0.2
10141 6093 0.05
10141 3283 0.01
10141 4593 0.2
10141 11822 0.05
10141 2276 0.01
10141 1527 0.2
10141 10059 0.2
10141 3506 0.2
10141 9605 0.05
10141 2470 0.01
10141 5487 0.01
10141 2888 0.05
10141 3109 0.01
10141 1084 0.2
10141 7303 0.2
10141 7663 0.01
10141 2896 0.05
10141 12376 0.05
10141 3734 0.2
10141 9433 0.2
10141 7893 0.01
10141 1227 0.01
10141 10421 0.01
10141 4127 0.01
10141 8656 0.2
10141 4404 0.2
10141 8464 0.05
10141 8283 0.05
10141 7898 0.2
10141 7324 0.01
10141 12581 0.2
10141 9442 0.01
10141 10433 0.2
10141 1674 0.01
10141 4139 0.05
10141 6335 0.01
10141 1319 0.01
10141 2124 0.05
10141 8297 0.05
10141 9088 0.05
10141 9650 0.05
10141 9652 0.05
10141 12207 0.05
10141 12400 0.01
10141 9435 0.05
10141 1332 0.05
10141 1479 0.01
10141 3190 0.01
10141 8885 0.01
10141 7153 0.05
10141 4632 0.01
10141 8306 0.05
10141 2730 0.01
10141 12403 0.01
10141 3576 0.05
10141 11434 0.05
10141 7342 0.2
10141 553 0.2
10141 10073 0.05
10141 9288 0.05
10141 2743 0.01
10141 7536 0.01
10141 7541 0.2
10141 8704 0.05
10141 561 0.05
10141 8512 0.2
10141 5968 0.2
10141 7356 0.2
10141 10474 0.05
10141 11462 0.05
10141 9690 0.05
10141 3397 0.05
10141 8755 0.01
10141 8520 0.2
10141 5555 0.01
10141 1371 0.2
10141 6984 0.2
10141 2981 0.2
10141 9504 0.2
10141 4209 0.2
10141 574 0.05
10141 9700 0.01
10141 5764 0.05
10141 4250 0.01
10141 3409 0.2
10141 7369 0.01
10141 4419 0.01
10142 4152 0.05
10142 9088 0.05
10142 12534 0.01
10142 3205 0.05
10142 11571 0.01
10143 9088 0.05
10145 6416 0.01
10145 9088 0.05
10147 10965 0.01
10147 11319 0.05
10147 6405 0.05
10147 8841 0.05
10147 11434 0.01
10147 9980 0.05
10147 11837 0.05
10147 6963 0.01
10147 2954 0.05
10147 2257 0.05
10147 1428 0.01
10147 1757 0.05
10147 6003 0.01
10147 5857 0.05
10147 1720 0.05
10147 6722 0.05
10147 1625 0.05
10147 2276 0.2
10147 9088 0.2
10147 2016 0.2
10147 12534 0.2
10147 4152 0.2
10147 10698 0.01
10149 5600 0.2
10149 8618 0.05
10149 9807 0.2
10149 4066 0.2
10149 4615 0.05
10149 6673 0.2
10149 7324 0.05
10149 12024 0.05
10149 4793 0.01
10149 12123 0.2
10149 11434 0.2
10149 2242 0.2
10149 12489 0.01
10149 11788 0.01
10149 6961 0.2
10149 24 0.05
10149 254 0.2
10149 6504 0.01
10149 9674 0.05
10149 796 0.2
10149 9677 0.2
10149 10421 0.05
10149 7494 0.05
10149 4080 0.01
10149 10141 0.01
10149 10811 0.2
10149 11695 0.01
10149 3381 0.2
10149 12576 0.01
10149 8145 0.05
10149 4250 0.01
10149 3395 0.2
10149 4770 0.05
10149 7347 0.05
10149 1622 0.2
10149 12401 0.01
10149 2470 0.05
10149 2324 0.01
10149 8574 0.05
10149 4152 0.2
10149 5148 0.05
10149 3554 0.01
10149 9793 0.2
10149 4458 0.05
10149 7806 0.05
10149 9410 0.2
10149 9088 0.2
10149 4042 0.01
10149 12534 0.05
10149 4213 0.05
10149 2228 0.05
10149 1527 0.05
10149 2334 0.01
10149 6508 0.01
10149 9531 0.05
10149 9605 0.2
10150 9088 0.01
10150 6508 0.01
10151 811 0.05
10152 2470 0.01
10154 4152 0.05
10155 9088 0.01
10155 6508 0.05
10156 4152 0.05
10158 4152 0.05
10159 3246 0.05
10160 4152 0.01
10161 4152 0.2
10162 4152 0.01
10163 4152 0.01
10163 11819 0.05
10164 3991 0.2
10164 2582 0.01
10164 3599 0.01
10164 5456 0.01
10164 6645 0.2
10164 8682 0.05
10164 1964 0.01
10164 389 0.2
10165 5482 0.05
10166 4152 0.05
10166 9088 0.01
10166 12411 0.01
10167 5889 0.2
10168 10195 0.2
10168 4152 0.05
10168 10495 0.05
10168 5309 0.01
10168 1922 0.2
10168 5554 0.05
10168 1288 0.01
10168 1527 0.05
10168 8104 0.05
10169 4152 0.01
10173 4152 0.05
10174 1622 0.05
10174 1527 0.2
10175 10177 0.2
10175 3454 0.2
10175 7376 0.01
10175 10716 0.2
10175 9185 0.05
10175 6521 0.2
10175 7252 0.2
10175 10037 0.01
10175 5756 0.2
10176 3145 0.01
10177 91 0.05
10177 4066 0.01
10177 2434 0.05
10177 3109 0.01
10177 3188 0.01
10177 99 0.05
10177 7767 0.01
10177 7526 0.01
10177 11434 0.05
10177 2896 0.01
10177 4701 0.2
10177 12552 0.2
10177 438 0.01
10177 9870 0.2
10177 8170 0.2
10177 9531 0.01
10177 2242 0.05
10177 9167 0.2
10177 4340 0.01
10177 2256 0.2
10177 12224 0.01
10177 1579 0.01
10177 8512 0.05
10177 9632 0.05
10177 3544 0.01
10177 4991 0.05
10177 4217 0.01
10177 7324 0.01
10177 8137 0.01
10177 3899 0.05
10177 4727 0.01
10177 7799 0.05
10177 10736 0.05
10177 9223 0.2
10177 9851 0.05
10177 7511 0.05
10177 10175 0.05
10178 4300 0.05
10179 2070 0.2
10179 4152 0.05
10179 2256 0.2
10180 4152 0.2
10182 5043 0.01
10182 4630 0.2
10182 494 0.2
10182 12403 0.05
10182 3780 0.05
10183 4152 0.2
10185 1757 0.05
10188 9014 0.2
10188 2790 0.2
10188 2896 0.05
10189 5197 0.05
10190 2515 0.2
10191 8334 0.2
10191 4672 0.01
10191 837 0.2
10192 2157 0.05
10192 3582 0.05
10193 4152 0.2
10194 4152 0.2
10195 10099 0.01
10195 9919 0.01
10195 10495 0.01
10195 8306 0.05
10195 11540 0.05
10195 1084 0.05
10195 11481 0.2
10195 4152 0.05
10195 11012 0.01
10195 3171 0.2
10195 1242 0.05
10195 10168 0.05
10195 3702 0.2
10195 12335 0.05
10195 7609 0.2
10195 5145 0.2
10195 10633 0.01
10195 11188 0.2
10195 1865 0.05
10195 7749 0.01
10195 9088 0.05
10195 2016 0.2
10195 3409 0.05
10195 10698 0.05
10195 5729 0.2
10196 10498 0.2
10196 4152 0.01
10196 1245 0.01
10196 60 0.01
10197 4796 0.01
10197 10450 0.01
10197 1827 0.05
10197 846 0.01
10197 6405 0.2
10197 5794 0.2
10197 9410 0.01
10197 10588 0.01
10197 4700 0.05
10197 9088 0.05
10197 12534 0.2
10197 4152 0.01
10197 11434 0.05
10197 5857 0.01
10197 431 0.05
10198 4152 0.01
10200 2496 0.01
10200 7376 0.2
10200 8650 0.2
10200 7394 0.2
10200 10094 0.01
10200 4341 0.01
10200 6043 0.01
10201 2398 0.01
10202 4152 0.2
10203 11488 0.05
10204 1216 0.2
10204 3199 0.2
10204 174 0.01
10204 9919 0.2
10204 9921 0.01
10204 12289 0.01
10204 4429 0.05
10204 191 0.05
10204 12084 0.05
10204 3429 0.2
10204 2398 0.01
10204 11695 0.01
10204 9339 0.01
10204 11012 0.05
10204 5600 0.01
10204 2016 0.2
10204 7022 0.01
10204 1757 0.01
10204 5239 0.2
10204 8916 0.01
10204 1422 0.2
10204 2737 0.2
10204 8375 0.2
10204 8574 0.2
10204 1213 0.2
10204 4042 0.2
10204 1224 0.05
10204 2237 0.01
10204 1831 0.01
10204 7044 0.01
10204 11111 0.05
10204 5071 0.05
10204 4109 0.2
10204 2442 0.01
10204 3618 0.2
10204 766 0.05
10204 1050 0.2
10204 1923 0.01
10204 1242 0.05
10204 2257 0.05
10204 1468 0.01
10204 6488 0.05
10204 7267 0.01
10204 92 0.05
10204 1527 0.2
10204 7863 0.01
10204 10588 0.01
10204 6699 0.2
10204 2470 0.05
10204 2169 0.05
10204 5381 0.01
10204 6299 0.2
10204 672 0.05
10204 1884 0.01
10204 12367 0.01
10204 11788 0.2
10204 2692 0.05
10204 7888 0.05
10204 5889 0.01
10204 4336 0.05
10204 3934 0.05
10204 9825 0.01
10204 6460 0.01
10204 1707 0.05
10204 828 0.2
10204 10811 0.01
10204 11401 0.01
10204 12576 0.05
10204 5145 0.05
10204 6003 0.2
10204 10037 0.2
10204 9843 0.2
10204 1319 0.01
10204 6337 0.01
10204 6128 0.05
10204 11815 0.01
10204 9088 0.2
10204 6340 0.2
10204 2129 0.2
10204 4152 0.01
10204 9463 0.05
10204 3772 0.2
10204 12454 0.01
10204 12604 0.01
10204 11636 0.05
10204 7165 0.01
10204 932 0.05
10204 3583 0.01
10204 3585 0.01
10204 7349 0.01
10204 10073 0.2
10204 8319 0.05
10204 1409 0.01
10204 3788 0.01
10204 8702 0.05
10204 3388 0.05
10204 6590 0.2
10204 12577 0.2
10204 8917 0.05
10204 5554 0.2
10204 9904 0.01
10204 10690 0.05
10204 7749 0.01
10204 8726 0.2
10204 234 0.2
10205 9088 0.2
10206 4152 0.01
10206 3383 0.01
10208 2297 0.2
10208 4701 0.2
10208 4846 0.05
10208 676 0.2
10208 518 0.05
10209 3388 0.01
10209 9088 0.05
10209 3562 0.2
10209 8208 0.05
10209 4152 0.05
10209 5629 0.05
10214 4152 0.01
10215 4522 0.2
10216 1014 0.01
10216 9088 0.05
10217 4152 0.2
10219 4152 0.01
10220 10495 0.05
10220 871 0.2
10220 9480 0.2
10220 10782 0.01
10220 12607 0.01
10220 4797 0.05
10220 11788 0.01
10220 234 0.05
10220 2695 0.01
10220 4451 0.05
10220 3114 0.01
10220 9483 0.01
10220 1949 0.2
10220 1099 0.2
10220 7494 0.05
10220 10811 0.01
10220 8568 0.05
10220 10529 0.01
10220 7780 0.2
10220 1622 0.01
10220 8917 0.01
10220 4152 0.2
10220 9693 0.01
10220 4262 0.2
10220 7811 0.01
10220 7421 0.01
10220 5721 0.01
10220 10698 0.05
10221 6673 0.2
10223 4152 0.2
10225 8767 0.05
10225 7721 0.01
10226 811 0.05
10228 4152 0.01
10229 4133 0.05
10229 4836 0.01
10229 174 0.2
10229 3507 0.01
10230 4152 0.2
10231 2507 0.05
10232 4152 0.05
10234 370 0.05
10236 4152 0.2
10237 7165 0.05
10237 9088 0.2
10237 10037 0.05
10238 10495 0.2
10238 9088 0.2
10238 2298 0.2
10238 11083 0.2
10239 4152 0.2
10240 4152 0.2
10241 1622 0.01
10242 4152 0.01
10243 5587 0.01
10244 2130 0.01
10245 4152 0.05
10246 10280 0.01
10246 9096 0.2
10247 2016 0.01
10247 1622 0.05
10247 9088 0.01
10247 4152 0.01
10250 2507 0.2
10251 4152 0.01
10251 10037 0.01
10253 4152 0.01
10254 2300 0.2
10255 3703 0.05
10255 2951 0.2
10256 174 0.2
10256 7053 0.01
10256 3388 0.05
10256 1957 0.05
10256 251 0.01
10256 958 0.01
10256 7647 0.05
10256 11695 0.2
10256 4520 0.2
10258 4152 0.2
10259 9283 0.01
10260 4152 0.2
10261 6984 0.2
10261 1622 0.05
10261 1527 0.05
10261 12084 0.05
10262 1675 0.05
10263 4152 0.01
10263 6508 0.2
10263 11923 0.01
10263 8755 0.2
10264 4021 0.2
10264 4152 0.05
10265 853 0.05
10265 6873 0.05
10265 10690 0.2
10265 3585 0.05
10265 10508 0.05
10265 11649 0.2
10265 5066 0.01
10265 10774 0.01
10266 8080 0.05
10266 5679 0.2
10266 207 0.2
10266 9694 0.01
10266 2983 0.2
10267 4152 0.05
10268 4152 0.05
10270 9904 0.01
10271 808 0.05
10271 4152 0.05
10271 7843 0.2
10272 4152 0.2
10273 7686 0.01
10275 3523 0.05
10275 4152 0.05
10275 10811 0.05
10275 849 0.2
10275 1327 0.2
10276 9088 0.05
10277 4152 0.2
10278 9088 0.01
10279 4152 0.05
10281 4152 0.05
10282 4152 0.2
10283 5487 0.01
10283 1319 0.2
10283 2004 0.05
10285 1371 0.05
10285 2551 0.01
10285 10367 0.01
10285 3351 0.2
10285 2896 0.05
10285 11359 0.2
10286 5071 0.05
10286 174 0.01
10286 9088 0.2
10286 4250 0.2
10286 9605 0.01
10286 4152 0.2
10287 5071 0.01
10289 4152 0.01
10290 438 0.05
10290 1910 0.01
10290 4152 0.01
10290 3678 0.2
10291 739 0.01
10292 1002 0.01
10293 6984 0.05
10293 7843 0.2
10294 5482 0.2
10296 1135 0.2
10297 1108 0.01
10298 528 0.05
10299 4152 0.01
10300 7725 0.01
10301 11140 0.01
10301 272 0.01
10302 5272 0.05
10302 4796 0.2
10302 10450 0.05
10302 11002 0.2
10302 10197 0.05
10302 6405 0.05
10302 11434 0.01
10302 811 0.01
10302 4700 0.01
10302 9088 0.01
10302 6257 0.05
10302 12149 0.05
10302 7249 0.01
10302 5555 0.01
10304 3217 0.2
10305 4152 0.2
10306 4152 0.01
10309 5010 0.01
10309 12552 0.05
10309 4785 0.01
10309 10673 0.01
10309 12566 0.05
10309 9843 0.01
10309 1398 0.01
10309 7256 0.05
10309 795 0.01
10309 9676 0.2
10309 12635 0.2
10309 2843 0.01
10310 5487 0.01
10310 91 0.05
10310 3568 0.2
10310 8392 0.05
10310 4616 0.01
10310 2730 0.05
10310 5268 0.05
10310 9723 0.01
10310 639 0.01
10310 9531 0.01
10310 6673 0.05
10310 7394 0.01
10310 3381 0.05
10310 6746 0.01
10310 645 0.2
10310 349 0.01
10310 5842 0.01
10310 9784 0.01
10310 4040 0.01
10310 12581 0.01
10310 8520 0.05
10310 4728 0.01
10310 9359 0.2
10310 9696 0.05
10310 6235 0.01
10310 8977 0.2
10310 10736 0.2
10311 4988 0.05
10312 1979 0.05
10313 11259 0.05
10313 9331 0.2
10315 5272 0.05
10316 4152 0.01
10316 4018 0.05
10316 4066 0.01
10316 8280 0.2
10316 1098 0.2
10316 1372 0.2
10316 896 0.2
10316 8361 0.05
10316 1527 0.01
10316 6508 0.2
10316 2439 0.01
10317 4152 0.2
10320 4152 0.2
10320 9088 0.01
10320 200 0.01
10321 7514 0.05
10322 4152 0.05
10324 5272 0.05
10324 831 0.01
10324 10931 0.2
10324 6167 0.05
10324 4728 0.01
10324 4345 0.05
10324 6368 0.01
10324 10872 0.05
10324 2786 0.2
10324 3804 0.05
10324 9531 0.01
10324 10473 0.05
10324 5515 0.05
10324 11668 0.01
10324 5885 0.05
10326 4152 0.01
10330 9088 0.05
10333 2507 0.01
10333 3094 0.01
10333 7657 0.2
10333 438 0.01
10333 8719 0.01
10333 3388 0.2
10333 9088 0.01
10333 2016 0.2
10333 5455 0.05
10333 12592 0.05
10333 4152 0.01
10334 9720 0.01
10334 1319 0.05
10334 6996 0.05
10334 2073 0.05
10334 12297 0.2
10334 10860 0.05
10334 7324 0.01
10335 4152 0.01
10336 4152 0.05
10339 12294 0.2
10339 6504 0.01
10339 10495 0.01
10339 7725 0.05
10339 9088 0.05
10339 12499 0.05
10339 12123 0.05
10339 6508 0.05
10341 895 0.01
10341 4152 0.2
10345 6190 0.05
10346 4152 0.2
10348 387 0.01
10348 5066 0.05
10349 12363 0.05
10349 11982 0.01
10349 191 0.05
10349 8104 0.05
10350 1622 0.01
10350 2896 0.01
10351 4152 0.01
10352 9560 0.2
10352 5400 0.05
10352 9851 0.2
10352 9531 0.2
10352 9433 0.2
10352 7843 0.05
10352 2896 0.2
10353 4152 0.2
10355 12328 0.05
10357 11318 0.01
10357 7865 0.05
10357 2737 0.01
10357 211 0.05
10357 871 0.2
10357 11655 0.05
10357 11326 0.2
10357 9975 0.2
10357 9088 0.2
10357 4525 0.2
10357 4152 0.2
10357 234 0.2
10357 8104 0.01
10358 10641 0.05
10359 4152 0.2
10360 12513 0.2
10361 9491 0.01
10362 4152 0.01
10364 2507 0.05
10366 6093 0.01
10366 4081 0.05
10366 10811 0.01
10366 9099 0.01
10366 8193 0.01
10366 9088 0.05
10366 10474 0.01
10366 9706 0.2
10366 4152 0.05
10366 11003 0.01
10366 1783 0.01
10367 5397 0.05
10367 8935 0.2
10367 174 0.2
10367 2992 0.05
10367 11063 0.05
10367 4047 0.05
10367 6416 0.05
10367 3842 0.05
10367 2797 0.01
10367 9528 0.01
10367 9531 0.2
10367 9167 0.01
10367 2403 0.05
10367 9733 0.01
10367 12294 0.2
10367 1757 0.05
10367 6639 0.2
10367 4588 0.05
10367 8568 0.01
10367 4040 0.2
10367 4250 0.01
10367 4824 0.2
10367 1622 0.05
10367 4450 0.05
10367 3018 0.2
10367 5043 0.05
10367 211 0.05
10367 8574 0.05
10367 8575 0.2
10367 3433 0.01
10367 8381 0.2
10367 2224 0.05
10367 2016 0.05
10367 10141 0.2
10367 7421 0.01
10367 4834 0.01
10367 11318 0.05
10367 6246 0.01
10367 1829 0.01
10367 2237 0.2
10367 4525 0.01
10367 11127 0.05
10367 3678 0.05
10367 10357 0.01
10367 12123 0.05
10367 831 0.01
10367 8609 0.05
10367 234 0.01
10367 2637 0.01
10367 7625 0.2
10367 4042 0.01
10367 9020 0.01
10367 8041 0.01
10367 70 0.2
10367 12335 0.01
10367 9720 0.05
10367 6492 0.01
10367 9591 0.2
10367 1059 0.01
10367 11921 0.01
10367 8623 0.2
10367 6093 0.2
10367 2464 0.2
10367 5101 0.2
10367 1675 0.01
10367 2276 0.05
10367 137 0.01
10367 3769 0.01
10367 8103 0.01
10367 9410 0.05
10367 11492 0.05
10367 8432 0.2
10367 9605 0.05
10367 12351 0.05
10367 3809 0.05
10367 2283 0.05
10367 7875 0.01
10367 2888 0.01
10367 871 0.01
10367 9237 0.2
10367 11043 0.01
10367 460 0.2
10367 8637 0.2
10367 10204 0.2
10367 3114 0.05
10367 11788 0.05
10367 2272 0.01
10367 78 0.05
10367 4336 0.2
10367 4341 0.01
10367 7494 0.2
10367 1371 0.05
10367 295 0.2
10367 1707 0.01
10367 953 0.05
10367 12576 0.01
10367 8306 0.01
10367 515 0.05
10367 11182 0.05
10367 7324 0.01
10367 10037 0.05
10367 6335 0.2
10367 9843 0.01
10367 4728 0.05
10367 8297 0.2
10367 9088 0.2
10367 12401 0.01
10367 2334 0.01
10367 8672 0.05
10367 1814 0.05
10367 3568 0.05
10367 5482 0.05
10367 8110 0.2
10367 7719 0.05
10367 12403 0.05
10367 4962 0.01
10367 926 0.05
10367 9003 0.2
10367 5369 0.01
10367 10012 0.01
10367 8899 0.01
10367 3164 0.01
10367 6961 0.2
10367 8500 0.05
10367 2172 0.05
10367 7536 0.01
10367 4152 0.2
10367 1759 0.01
10367 5071 0.01
10367 8132 0.05
10367 4473 0.2
10367 11015 0.05
10367 7543 0.05
10367 6590 0.01
10367 10931 0.01
10367 5968 0.2
10367 6295 0.2
10367 4991 0.05
10367 6432 0.01
10367 9128 0.2
10367 5554 0.2
10367 10695 0.05
10367 8334 0.2
10367 8525 0.01
10367 7747 0.01
10367 10285 0.05
10367 4409 0.2
10367 7749 0.05
10367 959 0.05
10367 4415 0.05
10368 4152 0.01
10369 1862 0.01
10371 1674 0.05
10371 1594 0.05
10371 9359 0.05
10371 9088 0.05
10371 8894 0.05
10371 4152 0.01
10371 12136 0.01
10371 10581 0.01
10372 4152 0.05
10373 4152 0.05
10374 1622 0.2
10375 7249 0.05
10376 480 0.01
10376 46 0.05
10376 11775 0.01
10376 9094 0.05
10376 5992 0.2
10376 10495 0.05
10376 871 0.01
10376 2568 0.01
10376 3469 0.2
10376 174 0.01
10376 11540 0.05
10376 8681 0.2
10376 8442 0.01
10376 9980 0.01
10376 7691 0.2
10376 5071 0.2
10376 11488 0.05
10376 11548 0.2
10376 234 0.05
10376 5024 0.2
10376 6219 0.01
10376 11600 0.2
10376 9531 0.01
10376 4336 0.2
10376 9167 0.01
10376 7375 0.05
10376 9253 0.2
10376 8433 0.2
10376 2309 0.2
10376 3388 0.01
10376 7543 0.2
10376 10811 0.05
10376 6682 0.2
10376 12513 0.05
10376 6685 0.2
10376 4398 0.2
10376 1422 0.2
10376 10083 0.05
10376 12581 0.05
10376 12289 0.2
10376 12294 0.05
10376 4152 0.01
10376 3344 0.01
10376 1265 0.2
10376 1014 0.2
10376 5482 0.01
10376 7221 0.01
10376 9088 0.05
10376 1216 0.01
10376 12534 0.2
10376 3663 0.2
10376 1527 0.05
10376 11822 0.2
10376 6508 0.05
10377 11036 0.2
10377 3111 0.05
10377 709 0.05
10378 7572 0.05
10379 3416 0.05
10380 5293 0.01
10380 191 0.01
10381 8202 0.05
10383 1372 0.2
10385 4152 0.01
10386 4522 0.05
10387 4152 0.2
10388 4522 0.2
10389 4152 0.2
10390 4152 0.05
10391 4450 0.01
10392 4152 0.05
10395 6232 0.2
10395 91 0.05
10395 4728 0.01
10395 11233 0.01
10395 8512 0.2
10395 2786 0.05
10395 9851 0.2
10395 12513 0.05
10395 4152 0.01
10395 5820 0.05
10395 10533 0.01
10396 2206 0.01
10396 4152 0.2
10396 3680 0.2
10397 2205 0.05
10397 3175 0.05
10397 10811 0.01
10397 9088 0.05
10397 5145 0.01
10397 4643 0.2
10397 4152 0.01
10397 3114 0.05
10398 4152 0.01
10399 4630 0.01
10400 2865 0.2
10401 9359 0.01
10401 10690 0.2
10401 9088 0.05
10401 12499 0.2
10401 4387 0.05
10401 10037 0.2
10401 4979 0.2
10402 2888 0.2
10402 5002 0.05
10402 11326 0.05
10402 9361 0.2
10402 11079 0.01
10402 9088 0.2
10402 6341 0.2
10402 4152 0.05
10402 187 0.01
10402 6508 0.2
10402 5554 0.01
10402 241 0.05
10403 11679 0.2
10404 4021 0.2
10404 9843 0.05
10404 10591 0.01
10404 11828 0.2
10404 5404 0.05
10404 6686 0.05
10404 4056 0.2
10404 3224 0.01
10404 7324 0.2
10404 4848 0.01
10404 655 0.2
10404 2896 0.05
10405 10534 0.05
10405 562 0.2
10405 527 0.01
10406 6416 0.05
10406 9088 0.05
10407 12401 0.2
10407 9088 0.01
10407 9975 0.05
10407 4152 0.01
10407 10843 0.2
10407 5554 0.2
10408 961 0.2
10408 5554 0.2
10408 7926 0.01
10409 5487 0.05
10409 2473 0.01
10409 9715 0.05
10409 676 0.2
10409 831 0.01
10409 12552 0.01
10409 11806 0.2
10409 24 0.05
10409 7810 0.05
10409 1409 0.01
10409 9167 0.2
10409 8361 0.2
10409 2493 0.2
10409 1759 0.2
10409 10421 0.05
10409 2357 0.01
10409 12566 0.2
10409 8568 0.05
10409 8755 0.2
10409 4217 0.2
10409 11136 0.2
10409 7324 0.01
10409 10175 0.2
10409 4642 0.2
10409 12629 0.2
10409 1371 0.2
10409 5148 0.2
10409 1319 0.01
10409 4340 0.05
10409 8582 0.2
10409 5081 0.01
10409 2016 0.01
10410 91 0.01
10410 9405 0.01
10410 2813 0.2
10410 8512 0.01
10410 4991 0.05
10410 851 0.2
10410 11247 0.05
10410 10095 0.2
10413 4152 0.01
10416 4522 0.2
10416 4152 0.01
10416 4799 0.01
10417 12116 0.01
10418 4152 0.01
10419 4152 0.01
10421 1979 0.01
10421 3336 0.05
10421 5435 0.05
10421 2945 0.05
10421 3618 0.05
10421 12335 0.01
10421 9088 0.05
10421 2016 0.01
10421 4152 0.2
10421 5554 0.2
10422 10834 0.01
10425 9716 0.2
10427 7224 0.05
10427 385 0.05
10427 7735 0.01
10429 4892 0.05
10430 3278 0.01
10430 5446 0.2
10430 4152 0.05
10430 5187 0.2
10432 1084 0.01
10433 6404 0.05
10433 2592 0.01
10433 10698 0.01
10433 116 0.05
10434 234 0.01
10434 766 0.05
10434 6173 0.2
10434 9088 0.2
10434 3114 0.05
10434 4152 0.01
10434 4939 0.01
10434 78 0.01
10434 5554 0.05
10435 5978 0.2
10436 11558 0.05
10436 5487 0.01
10436 12545 0.2
10436 6093 0.05
10436 2167 0.05
10436 3190 0.01
10436 9174 0.01
10436 10811 0.2
10436 12201 0.05
10436 3842 0.2
10436 3256 0.01
10436 2389 0.01
10436 4152 0.2
10436 5554 0.05
10437 831 0.01
10437 7810 0.01
10437 4781 0.05
10438 9088 0.2
10440 8869 0.01
10440 8751 0.05
10441 54 0.05
10441 9735 0.01
10441 8908 0.05
10441 2849 0.2
10441 6475 0.2
10441 12338 0.05
10441 12513 0.01
10441 760 0.2
10441 7324 0.2
10441 6089 0.2
10441 11420 0.05
10441 4670 0.01
10441 3901 0.05
10442 9614 0.01
10442 9531 0.2
10442 8071 0.05
10442 174 0.2
10442 2747 0.01
10442 12084 0.2
10442 8032 0.05
10442 5964 0.01
10442 1319 0.2
10442 2622 0.01
10442 8087 0.2
10442 9088 0.05
10442 12513 0.05
10442 11635 0.2
10442 4152 0.2
10442 10037 0.2
10442 561 0.2
10442 3568 0.05
10443 4152 0.05
10444 11462 0.2
10444 7162 0.2
10445 7702 0.2
10446 5889 0.01
10446 7377 0.05
10447 1333 0.05
10447 8431 0.2
10447 4152 0.01
10447 9088 0.05
10447 6508 0.01
10449 2066 0.05
10449 1622 0.2
10449 4152 0.05
10449 10811 0.05
10449 7369 0.01
10450 10197 0.01
10450 10547 0.2
10450 6405 0.2
10450 4700 0.2
10450 11884 0.01
10450 11214 0.05
10450 11434 0.2
10450 3114 0.01
10450 431 0.01
10450 4796 0.2
10450 2277 0.01
10450 6754 0.01
10450 9777 0.01
10450 4966 0.05
10450 12119 0.01
10450 2644 0.01
10450 7375 0.2
10450 3538 0.2
10450 1720 0.01
10450 2257 0.01
10450 11127 0.2
10450 992 0.01
10450 846 0.01
10450 9946 0.01
10450 11653 0.01
10450 1364 0.05
10450 5970 0.05
10450 7038 0.01
10450 4003 0.05
10450 5555 0.2
10450 2324 0.01
10450 11002 0.01
10450 11571 0.05
10450 12032 0.05
10450 9410 0.2
10450 5662 0.05
10450 9088 0.2
10450 2016 0.05
10450 12534 0.2
10450 8531 0.2
10450 4152 0.01
10450 10588 0.01
10452 7324 0.01
10452 12552 0.01
10452 8512 0.2
10452 2896 0.01
10452 9167 0.01
10453 1757 0.01
10455 4152 0.01
10456 7875 0.01
10456 10400 0.2
10456 11878 0.05
10456 7923 0.01
10456 12072 0.2
10456 191 0.05
10456 2692 0.2
10456 234 0.05
10456 852 0.01
10456 10695 0.2
10456 11120 0.2
10456 11226 0.05
10456 4152 0.01
10456 11398 0.2
10456 2813 0.01
10456 5376 0.01
10456 8137 0.05
10456 4448 0.01
10456 1622 0.2
10456 41 0.05
10456 2005 0.2
10456 1527 0.05
10456 2921 0.2
10456 955 0.01
10456 8297 0.05
10456 9088 0.2
10456 12401 0.01
10456 3824 0.01
10457 5272 0.01
10457 9786 0.01
10457 9753 0.05
10458 3547 0.2
10459 4152 0.2
10460 2172 0.01
10462 2297 0.01
10463 1622 0.05
10463 4152 0.2
10463 11788 0.01
10463 932 0.2
10466 4152 0.01
10467 3469 0.2
10469 4152 0.2
10470 4152 0.01
10471 1783 0.05
10472 4152 0.01
10472 9407 0.05
10472 4928 0.01
10473 2110 0.2
10473 10094 0.01
10474 1383 0.01
10474 8344 0.05
10474 10495 0.2
10474 6405 0.05
10474 7376 0.05
10474 8350 0.2
10474 11375 0.2
10474 2791 0.2
10474 779 0.2
10474 591 0.01
10474 6961 0.2
10474 12083 0.01
10474 1181 0.01
10474 6010 0.05
10474 24 0.2
10474 2197 0.05
10474 9531 0.2
10474 11695 0.05
10474 30 0.2
10474 6803 0.01
10474 7375 0.2
10474 2000 0.01
10474 9733 0.01
10474 8366 0.01
10474 125 0.01
10474 9946 0.05
10474 9538 0.01
10474 6639 0.2
10474 2814 0.05
10474 6186 0.2
10474 7598 0.05
10474 9950 0.05
10474 1622 0.01
10474 11304 0.05
10474 6442 0.05
10474 7843 0.05
10474 8773 0.05
10474 10141 0.01
10474 2228 0.05
10474 3874 0.05
10474 816 0.01
10474 9809 0.01
10474 4706 0.05
10474 8393 0.01
10474 7817 0.05
10474 6250 0.05
10474 2435 0.2
10474 821 0.2
10474 3678 0.2
10474 3260 0.01
10474 5071 0.01
10474 7051 0.05
10474 4666 0.2
10474 10366 0.2
10474 3618 0.01
10474 2248 0.2
10474 3484 0.01
10474 1050 0.2
10474 2252 0.01
10474 9650 0.2
10474 2296 0.2
10474 1468 0.01
10474 2265 0.2
10474 7850 0.2
10474 457 0.2
10474 5808 0.01
10474 6865 0.2
10474 7073 0.05
10474 3709 0.01
10474 853 0.01
10474 1527 0.2
10474 10184 0.2
10474 2637 0.05
10474 11571 0.05
10474 857 0.05
10474 5482 0.2
10474 8103 0.2
10474 9410 0.01
10474 7603 0.05
10474 9605 0.2
10474 7468 0.05
10474 11254 0.2
10474 9232 0.05
10474 5487 0.01
10474 11890 0.05
10474 12541 0.01
10474 871 0.05
10474 7881 0.05
10474 3921 0.05
10474 676 0.01
10474 4701 0.05
10474 10976 0.01
10474 11787 0.01
10474 11592 0.2
10474 10413 0.01
10474 679 0.05
10474 3398 0.01
10474 11391 0.05
10474 113 0.05
10474 4709 0.05
10474 9619 0.2
10474 1704 0.05
10474 9624 0.01
10474 4539 0.2
10474 9253 0.2
10474 12224 0.2
10474 3246 0.05
10474 1558 0.01
10474 12576 0.01
10474 4548 0.01
10474 5145 0.01
10474 8866 0.2
10474 515 0.01
10474 4135 0.2
10474 6330 0.05
10474 3469 0.2
10474 10037 0.01
10474 3950 0.01
10474 7135 0.2
10474 9843 0.05
10474 6140 0.05
10474 4144 0.2
10474 10044 0.01
10474 3560 0.01
10474 9088 0.2
10474 1923 0.01
10474 3963 0.05
10474 1329 0.01
10474 4152 0.2
10474 8672 0.01
10474 1123 0.01
10474 3318 0.05
10474 2873 0.2
10474 10835 0.01
10474 4374 0.01
10474 724 0.05
10474 8681 0.05
10474 12411 0.2
10474 2954 0.01
10474 2142 0.05
10474 2735 0.01
10474 8901 0.01
10474 12032 0.05
10474 3585 0.2
10474 7936 0.2
10474 11434 0.2
10474 602 0.01
10474 6540 0.01
10474 7536 0.05
10474 9474 0.01
10474 3478 0.2
10474 1346 0.2
10474 3388 0.01
10474 6180 0.01
10474 8512 0.01
10474 3800 0.05
10474 5378 0.05
10474 3063 0.2
10474 6361 0.01
10474 3395 0.01
10474 5971 0.05
10474 6978 0.01
10474 10863 0.01
10474 5554 0.05
10474 9501 0.01
10474 10483 0.05
10474 1375 0.05
10474 11043 0.2
10474 3190 0.05
10474 10250 0.01
10474 9699 0.05
10474 9700 0.05
10474 9508 0.2
10474 6992 0.05
10474 8865 0.05
10474 11870 0.01
10474 3409 0.01
10474 9705 0.05
10474 10871 0.05
10474 7369 0.01
10474 4419 0.05
10477 6891 0.05
10478 7883 0.01
10479 1884 0.2
10479 2637 0.2
10480 5487 0.2
10480 11558 0.01
10480 5573 0.05
10480 11772 0.2
10480 4770 0.01
10480 8304 0.05
10480 12099 0.05
10480 7378 0.2
10480 11326 0.2
10480 6732 0.01
10480 2389 0.01
10480 4525 0.01
10480 4793 0.05
10480 3114 0.01
10480 3697 0.2
10480 9720 0.2
10480 191 0.01
10480 3106 0.2
10480 9616 0.05
10480 1403 0.05
10480 3268 0.2
10480 12513 0.2
10480 9346 0.2
10480 4546 0.01
10480 6128 0.01
10480 6971 0.05
10480 1953 0.2
10480 7738 0.2
10480 12520 0.05
10480 2409 0.01
10480 10811 0.2
10480 9398 0.01
10480 204 0.2
10480 6686 0.2
10480 5239 0.05
10480 1422 0.2
10480 3547 0.2
10480 10037 0.05
10480 5554 0.05
10480 11914 0.05
10480 4152 0.05
10480 5916 0.05
10480 2152 0.2
10480 1319 0.05
10480 1524 0.2
10480 4050 0.2
10480 4949 0.2
10480 9088 0.2
10480 420 0.01
10480 10047 0.2
10480 4057 0.05
10480 1527 0.05
10481 11348 0.05
10486 5272 0.01
10486 1319 0.01
10486 4066 0.05
10486 4522 0.05
10486 1527 0.01
10486 5554 0.2
10487 11488 0.05
10487 4152 0.01
10488 4152 0.05
10489 8579 0.2
10492 4152 0.2
10493 2257 0.05
10493 11127 0.05
10493 10982 0.05
10493 9094 0.05
10493 11679 0.01
10493 5482 0.2
10493 2384 0.01
10493 9088 0.01
10493 9950 0.01
10493 1422 0.2
10493 4846 0.05
10493 5554 0.2
10494 6995 0.05
10495 5397 0.05
10495 10099 0.2
10495 3199 0.2
10495 174 0.2
10495 7760 0.2
10495 4894 0.01
10495 11481 0.01
10495 9149 0.01
10495 3205 0.01
10495 6619 0.01
10495 8350 0.05
10495 7659 0.2
10495 12456 0.01
10495 9715 0.05
10495 9991 0.01
10495 4621 0.05
10495 388 0.2
10495 11488 0.2
10495 4487 0.2
10495 2888 0.01
10495 6010 0.05
10495 9230 0.2
10495 4431 0.05
10495 10316 0.01
10495 24 0.2
10495 9935 0.01
10495 11692 0.05
10495 6219 0.05
10495 9361 0.05
10495 11695 0.05
10495 3641 0.05
10495 8681 0.2
10495 7396 0.05
10495 8361 0.01
10495 313 0.01
10495 337 0.01
10495 5600 0.01
10495 4632 0.05
10495 407 0.01
10495 10520 0.01
10495 2004 0.05
10495 6639 0.2
10495 1814 0.05
10495 10086 0.05
10495 9446 0.05
10495 10876 0.05
10495 1922 0.2
10495 2412 0.05
10495 8375 0.05
10495 4450 0.2
10495 10638 0.01
10495 12294 0.05
10495 8003 0.2
10495 8378 0.2
10495 4522 0.05
10495 4834 0.05
10495 10339 0.01
10495 811 0.05
10495 1216 0.05
10495 7418 0.01
10495 10140 0.05
10495 11722 0.2
10495 1219 0.2
10495 11923 0.2
10495 2791 0.01
10495 3247 0.05
10495 3271 0.05
10495 1224 0.05
10495 1641 0.01
10495 2622 0.05
10495 9760 0.05
10495 10924 0.05
10495 5115 0.01
10495 7044 0.01
10495 12311 0.01
10495 12499 0.2
10495 8398 0.01
10495 8208 0.2
10495 9975 0.05
10495 11737 0.2
10495 7082 0.05
10495 9980 0.2
10495 2283 0.01
10495 11333 0.01
10495 9203 0.2
10495 9773 0.01
10495 3481 0.01
10495 3618 0.2
10495 3883 0.01
10495 9778 0.05
10495 1329 0.05
10495 9988 0.01
10495 10238 0.2
10495 3075 0.2
10495 2855 0.05
10495 11318 0.01
10495 5992 0.2
10495 2191 0.2
10495 4862 0.01
10495 1851 0.05
10495 10376 0.2
10495 10168 0.05
10495 6076 0.2
10495 1468 0.01
10495 2260 0.05
10495 3963 0.01
10495 9585 0.01
10495 2063 0.05
10495 2265 0.01
10495 249 0.05
10495 4869 0.01
10495 11953 0.05
10495 12149 0.05
10495 7308 0.01
10495 1060 0.2
10495 3702 0.05
10495 853 0.2
10495 9598 0.05
10495 8426 0.05
10495 3906 0.05
10495 3503 0.2
10495 10220 0.2
10495 5482 0.05
10495 7283 0.01
10495 2797 0.01
10495 6504 0.2
10495 8740 0.01
10495 2470 0.2
10495 6700 0.01
10495 10050 0.01
10495 6508 0.2
10495 5114 0.01
10495 9232 0.01
10495 10195 0.2
10495 11540 0.05
10495 7875 0.05
10495 11239 0.05
10495 2677 0.01
10495 4734 0.01
10495 871 0.05
10495 3518 0.05
10495 5309 0.05
10495 2700 0.01
10495 9463 0.05
10495 2087 0.2
10495 6303 0.05
10495 10791 0.05
10495 3411 0.05
10495 1288 0.05
10495 7663 0.2
10495 8258 0.05
10495 1987 0.05
10495 4701 0.05
10495 11788 0.2
10495 2298 0.2
10495 1892 0.2
10495 4330 0.01
10495 885 0.05
10495 10416 0.2
10495 12376 0.05
10495 1098 0.01
10495 11600 0.2
10495 8646 0.2
10495 116 0.01
10495 8625 0.01
10495 5422 0.2
10495 4031 0.01
10495 2911 0.01
10495 9622 0.01
10495 6128 0.05
10495 3562 0.2
10495 1346 0.01
10495 3940 0.05
10495 7691 0.2
10495 3281 0.2
10495 10811 0.2
10495 2028 0.05
10495 9634 0.05
10495 1318 0.2
10495 12576 0.2
10495 11629 0.2
10495 1158 0.01
10495 3469 0.2
10495 3749 0.05
10495 1111 0.2
10495 5342 0.2
10495 5916 0.05
10495 3952 0.2
10495 3554 0.01
10495 7330 0.2
10495 11772 0.05
10495 3158 0.05
10495 1321 0.2
10495 11363 0.2
10495 4149 0.05
10495 9088 0.01
10495 2101 0.01
10495 9923 0.2
10495 211 0.2
10495 3879 0.05
10495 4152 0.05
10495 3966 0.05
10495 11007 0.2
10495 1333 0.05
10495 10162 0.05
10495 11975 0.01
10495 5931 0.2
10495 3362 0.01
10495 6545 0.2
10495 10654 0.2
10495 1993 0.05
10495 7719 0.2
10495 9033 0.2
10495 6164 0.2
10495 1242 0.05
10495 12123 0.2
10495 11437 0.01
10495 2737 0.2
10495 10256 0.05
10495 8746 0.01
10495 6754 0.05
10495 8316 0.05
10495 11640 0.2
10495 9480 0.2
10495 2148 0.2
10495 936 0.05
10495 2962 0.05
10495 9292 0.05
10495 2242 0.2
10495 3788 0.05
10495 9484 0.01
10495 11651 0.05
10495 3797 0.2
10495 3388 0.01
10495 9491 0.05
10495 6590 0.01
10495 2798 0.05
10495 4770 0.01
10495 7508 0.05
10495 9129 0.01
10495 6982 0.2
10495 9693 0.01
10495 1968 0.2
10495 1374 0.05
10495 8924 0.01
10495 10690 0.05
10495 5984 0.01
10495 9908 0.2
10495 8721 0.2
10495 958 0.05
10495 4012 0.05
10495 4214 0.05
10495 3409 0.05
10495 10698 0.05
10495 234 0.05
10498 1245 0.05
10498 10196 0.2
10499 4152 0.05
10500 4152 0.01
10501 4152 0.2
10502 1276 0.2
10502 8751 0.01
10502 9274 0.2
10502 4257 0.01
10502 10055 0.2
10502 9630 0.01
10502 6156 0.05
10502 808 0.01
10502 10498 0.05
10502 12559 0.05
10502 8866 0.01
10502 11694 0.05
10502 10833 0.2
10502 10863 0.2
10502 5746 0.2
10502 561 0.2
10502 734 0.01
10503 9088 0.01
10504 4152 0.05
10505 7063 0.05
10506 5634 0.2
10506 4152 0.05
10507 4152 0.01
10508 4152 0.2
10508 10002 0.05
10509 2507 0.05
10510 12435 0.05
10511 1622 0.05
10511 8169 0.2
10511 191 0.01
10511 7898 0.01
10512 1237 0.2
10513 4522 0.05
10514 749 0.2
10514 12213 0.05
10514 3797 0.2
10514 5968 0.01
10514 9531 0.2
10514 4991 0.2
10514 10095 0.2
10514 2896 0.2
10514 518 0.05
10515 4152 0.05
10516 4152 0.01
10516 12074 0.2
10517 1071 0.05
10517 3199 0.05
10517 4152 0.05
10517 5455 0.05
10517 5186 0.05
10518 7456 0.01
10519 749 0.05
10519 10798 0.01
10519 1444 0.05
10519 8666 0.05
10519 9025 0.05
10519 1622 0.01
10519 3685 0.01
10520 4152 0.05
10520 1017 0.2
10521 6051 0.01
10522 91 0.2
10522 7376 0.01
10522 2434 0.05
10522 1032 0.05
10522 2896 0.05
10522 3217 0.05
10522 8170 0.2
10522 11122 0.05
10522 11125 0.01
10522 12224 0.2
10522 12566 0.2
10522 5286 0.2
10522 11763 0.2
10522 4345 0.2
10522 8512 0.05
10522 1002 0.05
10522 1622 0.05
10522 4727 0.01
10522 6984 0.05
10522 1527 0.05
10522 1319 0.2
10522 1727 0.01
10522 10012 0.05
10522 10781 0.05
10522 4152 0.05
10522 10095 0.2
10523 3469 0.2
10524 273 0.05
10524 11533 0.05
10524 10495 0.05
10524 871 0.2
10524 10782 0.05
10524 8638 0.2
10524 3114 0.2
10524 7009 0.2
10524 12461 0.05
10524 2695 0.05
10524 4451 0.2
10524 1099 0.05
10524 7780 0.01
10524 7494 0.01
10524 1443 0.05
10524 9068 0.2
10524 10220 0.05
10524 1468 0.01
10524 1757 0.01
10524 10811 0.2
10524 7451 0.05
10524 10529 0.01
10524 8917 0.2
10524 6093 0.05
10524 9693 0.01
10524 4206 0.01
10524 4262 0.2
10524 7811 0.05
10524 7421 0.01
10524 4152 0.05
10525 4152 0.2
10526 4152 0.05
10527 10811 0.01
10528 3448 0.2
10529 11533 0.2
10529 871 0.2
10529 6545 0.2
10529 3469 0.01
10529 10782 0.05
10529 3114 0.05
10529 7009 0.2
10529 2695 0.05
10529 4451 0.2
10529 9619 0.2
10529 1099 0.2
10529 9483 0.05
10529 11695 0.01
10529 1949 0.2
10529 2168 0.2
10529 1507 0.2
10529 6128 0.05
10529 7780 0.01
10529 7494 0.2
10529 2257 0.2
10529 10220 0.05
10529 3388 0.05
10529 10524 0.01
10529 10811 0.01
10529 1417 0.05
10529 4193 0.05
10529 10631 0.2
10529 8917 0.2
10529 7647 0.01
10529 9693 0.2
10529 9088 0.01
10529 7811 0.05
10529 7421 0.05
10529 5721 0.2
10529 8104 0.05
10530 811 0.05
10531 8132 0.2
10532 4152 0.01
10533 6242 0.2
10533 4166 0.2
10534 2726 0.05
10534 3970 0.01
10534 3442 0.2
10534 638 0.05
10534 562 0.01
10534 4161 0.01
10534 527 0.05
10534 10405 0.2
10534 1622 0.05
10534 4152 0.01
10534 7115 0.05
10534 6530 0.05
10535 9698 0.01
10536 4152 0.05
10538 4881 0.05
10539 10659 0.05
10540 11312 0.2
10540 8478 0.2
10540 10835 0.05
10540 4522 0.01
10540 9088 0.05
10540 3788 0.05
10540 9484 0.01
10540 2283 0.05
10540 11923 0.05
10540 3018 0.2
10541 5487 0.01
10541 4487 0.2
10542 4152 0.01
10543 4152 0.05
10544 12123 0.01
10544 2996 0.2
10545 4152 0.05
10546 4152 0.2
10547 4152 0.05
10549 3185 0.01
10550 8646 0.2
10551 5369 0.05
10552 10095 0.01
10553 4152 0.05
10554 4968 0.2
10555 9088 0.01
10556 4152 0.05
10557 9562 0.01
10557 10343 0.01
10557 4991 0.05
10557 4593 0.2
10558 7721 0.01
10558 5557 0.05
10558 12356 0.05
10558 7365 0.2
10558 10835 0.05
10558 1941 0.2
10558 12338 0.01
10558 11711 0.05
10558 4152 0.2
10558 6447 0.2
10559 1108 0.01
10560 11671 0.01
10561 5066 0.01
10562 10811 0.05
10563 4152 0.2
10564 4152 0.01
10565 4152 0.01
10566 4152 0.2
10567 10811 0.01
10568 1960 0.01
10569 4522 0.01
10571 6707 0.2
10572 8512 0.05
10572 2896 0.2
10573 4152 0.2
10574 9088 0.01
10577 4152 0.01
10578 4152 0.01
10578 9088 0.05
10579 4152 0.05
10581 10371 0.01
10583 4152 0.01
10585 4152 0.05
10587 831 0.2
10587 12123 0.2
10587 9843 0.01
10587 2004 0.05
10587 70 0.2
10587 9491 0.05
10587 837 0.01
10587 7321 0.2
10587 3588 0.01
10587 8306 0.01
10587 9720 0.2
10587 9088 0.05
10587 9605 0.2
10587 3631 0.2
10587 7324 0.2
10587 1622 0.05
10587 4152 0.2
10587 6128 0.2
10588 10450 0.01
10588 1827 0.01
10588 10197 0.2
10588 6405 0.2
10588 223 0.01
10588 11884 0.2
10588 1884 0.05
10588 11434 0.05
10588 431 0.05
10588 4796 0.01
10588 5074 0.01
10588 6754 0.01
10588 2954 0.01
10588 2197 0.2
10588 2688 0.01
10588 9339 0.2
10588 7375 0.05
10588 2926 0.2
10588 2257 0.01
10588 11127 0.05
10588 11651 0.05
10588 3840 0.05
10588 1364 0.2
10588 9950 0.05
10588 5383 0.01
10588 2324 0.01
10588 9082 0.2
10588 1625 0.01
10588 7231 0.01
10588 299 0.01
10588 9088 0.01
10588 2016 0.2
10588 1733 0.2
10588 4152 0.01
10589 12566 0.05
10592 4265 0.2
10592 4796 0.05
10592 5916 0.05
10592 3370 0.2
10592 1856 0.05
10592 4880 0.2
10592 2199 0.2
10592 9088 0.05
10592 10320 0.01
10592 9365 0.01
10592 7038 0.2
10592 4152 0.05
10592 8319 0.01
10593 2951 0.2
10593 9469 0.2
10594 12513 0.01
10594 1531 0.2
10595 11758 0.05
10597 2896 0.05
10598 4040 0.2
10599 7603 0.2
10601 1622 0.05
10602 1319 0.01
10603 3535 0.2
10603 4152 0.2
10603 9088 0.05
10603 7369 0.05
10603 1783 0.01
10604 3606 0.05
10605 4152 0.2
10606 11233 0.05
10607 4152 0.01
10608 9444 0.05
10608 2378 0.2
10608 7879 0.2
10608 8093 0.2
10608 4263 0.05
10608 4152 0.01
10608 3114 0.2
10609 7500 0.01
10609 6077 0.01
10609 11425 0.2
10609 10939 0.01
10609 8718 0.05
10610 9714 0.05
10610 4764 0.01
10610 8383 0.2
10610 7376 0.01
10610 4619 0.05
10610 10094 0.2
10610 6060 0.01
10610 9223 0.01
10611 2507 0.05
10611 4152 0.01
10611 9088 0.05
10611 12592 0.01
10611 4700 0.05
10612 12552 0.05
10612 8609 0.01
10612 9843 0.01
10612 438 0.05
10612 7394 0.05
10612 8512 0.2
10612 9923 0.2
10612 12297 0.01
10612 9786 0.05
10612 1961 0.2
10612 9531 0.2
10612 6673 0.05
10612 4336 0.2
10612 795 0.2
10612 9167 0.2
10612 11921 0.01
10612 8137 0.2
10612 70 0.05
10612 12581 0.01
10612 2896 0.05
10612 2992 0.2
10613 8935 0.2
10613 4154 0.05
10613 8017 0.2
10613 3296 0.05
10613 7816 0.2
10613 4066 0.01
10613 1663 0.2
10613 9237 0.2
10613 2623 0.2
10613 2954 0.2
10613 4701 0.2
10613 831 0.05
10613 8687 0.2
10613 12084 0.01
10613 12231 0.01
10613 3847 0.2
10613 7838 0.05
10613 3734 0.05
10613 11233 0.01
10613 8361 0.2
10613 2493 0.05
10613 1759 0.05
10613 6414 0.05
10613 4738 0.05
10613 5902 0.2
10613 12566 0.05
10613 2004 0.2
10613 1561 0.01
10613 10673 0.01
10613 160 0.05
10613 518 0.01
10613 10682 0.05
10613 515 0.05
10613 7324 0.2
10613 1622 0.01
10613 9388 0.2
10613 9843 0.05
10613 6093 0.2
10613 5148 0.05
10613 6094 0.05
10613 2276 0.01
10613 6051 0.2
10613 2435 0.05
10613 8875 0.01
10613 6449 0.2
10613 2070 0.05
10613 1527 0.05
10613 9658 0.01
10614 8935 0.01
10614 1527 0.2
10614 7716 0.2
10614 5813 0.01
10614 3771 0.01
10614 12513 0.01
10614 4152 0.05
10616 4152 0.01
10616 2296 0.05
10617 1622 0.01
10617 4152 0.2
10617 2016 0.01
10617 8512 0.05
10619 4152 0.01
10621 11235 0.2
10623 3618 0.01
10623 11491 0.01
10624 3579 0.2
10626 4152 0.05
10627 8213 0.01
10628 10037 0.2
10628 9026 0.01
10629 438 0.05
10629 1527 0.01
10630 4152 0.01
10631 871 0.05
10631 10529 0.05
10632 4152 0.05
10632 7945 0.2
10632 7863 0.01
10633 9631 0.05
10633 9531 0.2
10633 4042 0.05
10633 5729 0.01
10633 6646 0.05
10633 11012 0.05
10634 3469 0.01
10635 7369 0.01
10636 4152 0.2
10637 6984 0.01
10637 174 0.05
10637 3478 0.01
10637 6094 0.01
10637 11043 0.2
10637 1579 0.01
10637 4991 0.01
10637 7303 0.01
10637 12590 0.2
10637 1622 0.05
10637 7511 0.2
10637 1227 0.05
10638 11488 0.05
10638 10495 0.05
10639 9088 0.05
10640 4152 0.01
10640 9088 0.01
10640 6299 0.01
10641 302 0.05
10641 3135 0.01
10641 1683 0.2
10641 8885 0.01
10641 1675 0.2
10641 10358 0.2
10641 12531 0.2
10641 9088 0.01
10641 8613 0.2
10641 9339 0.2
10641 4152 0.05
10641 10037 0.05
10641 4377 0.2
10642 12129 0.01
10643 9531 0.01
10644 9531 0.05
10645 4152 0.05
10646 4684 0.05
10646 4152 0.01
10647 9031 0.05
10648 4522 0.01
10649 12590 0.01
10651 2836 0.01
10651 5846 0.01
10651 2515 0.2
10651 6948 0.2
10651 7489 0.05
10651 1622 0.01
10652 8767 0.05
10652 5651 0.01
10653 4152 0.01
10653 3550 0.2
10654 10495 0.05
10655 4152 0.2
10656 10811 0.2
10657 136 0.01
10657 8938 0.01
10657 2256 0.01
10658 4152 0.01
10659 10539 0.2
10660 7511 0.05
10660 191 0.2
10661 3190 0.01
10662 8935 0.05
10662 174 0.01
10662 11326 0.01
10662 4525 0.2
10662 1541 0.2
10662 9975 0.01
10662 2242 0.01
10662 12376 0.2
10662 8609 0.2
10662 11788 0.05
10662 10712 0.01
10662 11695 0.01
10662 11020 0.05
10662 9674 0.01
10662 739 0.01
10662 409 0.2
10662 1468 0.05
10662 7543 0.05
10662 1813 0.05
10662 8512 0.2
10662 8568 0.2
10662 12335 0.05
10662 8043 0.05
10662 1422 0.01
10662 1622 0.01
10662 3469 0.2
10662 10863 0.05
10662 5554 0.01
10662 1319 0.05
10662 8381 0.01
10662 4152 0.05
10664 8935 0.2
10664 7691 0.2
10664 1319 0.01
10664 10690 0.05
10664 4700 0.05
10664 8169 0.01
10664 9609 0.01
10664 10341 0.2
10664 4042 0.2
10664 9715 0.01
10664 7213 0.01
10664 7324 0.05
10664 1527 0.05
10664 7409 0.01
10664 655 0.01
10665 10938 0.05
10666 4152 0.2
10667 11247 0.01
10668 7603 0.01
10668 9786 0.2
10668 4152 0.01
10668 4687 0.2
10669 4152 0.05
10670 12213 0.2
10671 1622 0.2
10674 871 0.05
10675 4018 0.01
10675 234 0.01
10675 7749 0.05
10675 10811 0.05
10675 11695 0.2
10675 2016 0.01
10675 4152 0.2
10675 11012 0.05
10675 4701 0.05
10676 9088 0.05
10677 6892 0.2
10679 249 0.05
10680 4152 0.05
10681 4152 0.01
10682 11735 0.05
10682 4152 0.05
10682 9088 0.2
10682 5453 0.05
10683 4152 0.05
10683 9088 0.01
10684 4785 0.05
10686 10719 0.05
10686 5872 0.05
10686 10777 0.01
10686 847 0.05
10686 2073 0.01
10686 12338 0.01
10686 1622 0.05
10686 10037 0.05
10688 4152 0.05
10689 8935 0.01
10689 4786 0.05
10689 1387 0.2
10689 11679 0.05
10689 3626 0.2
10689 9922 0.2
10689 10497 0.2
10689 8661 0.2
10689 7324 0.05
10689 4793 0.01
10689 12581 0.2
10689 6414 0.05
10689 5226 0.05
10689 9710 0.05
10689 11075 0.01
10689 6884 0.2
10689 4433 0.2
10689 7810 0.01
10689 8170 0.05
10689 9531 0.05
10689 7394 0.01
10689 9167 0.01
10689 1407 0.05
10689 11713 0.2
10689 8755 0.2
10689 7536 0.01
10689 1422 0.05
10689 1622 0.01
10689 9843 0.05
10689 10495 0.2
10689 11519 0.01
10689 5435 0.01
10689 8976 0.2
10689 5613 0.05
10689 6827 0.2
10689 5805 0.05
10689 12112 0.05
10689 10736 0.05
10689 11922 0.01
10689 5620 0.2
10689 9560 0.01
10689 224 0.05
10689 2434 0.05
10689 4846 0.2
10689 11543 0.2
10689 5269 0.05
10689 2242 0.05
10689 831 0.01
10689 8609 0.05
10689 438 0.05
10689 2248 0.2
10689 6673 0.05
10689 11122 0.01
10689 7843 0.05
10689 561 0.05
10689 5286 0.2
10689 2850 0.01
10689 5287 0.2
10689 8982 0.05
10689 7073 0.01
10689 7641 0.2
10689 3842 0.05
10689 10382 0.05
10689 9535 0.2
10689 78 0.01
10689 4307 0.2
10689 2276 0.2
10689 12084 0.01
10689 3394 0.2
10689 10012 0.05
10689 7865 0.01
10689 9605 0.01
10689 11140 0.05
10689 272 0.01
10689 91 0.01
10689 5872 0.05
10689 3109 0.2
10689 8589 0.2
10689 8445 0.2
10689 2896 0.05
10689 4701 0.01
10689 12552 0.05
10689 107 0.2
10689 6221 0.05
10689 3325 0.2
10689 4340 0.05
10689 5154 0.01
10689 4738 0.05
10689 12566 0.01
10689 12388 0.05
10689 1515 0.01
10689 8731 0.05
10689 6003 0.2
10689 1913 0.2
10689 8361 0.2
10689 4727 0.2
10689 518 0.01
10689 2928 0.05
10689 5148 0.01
10689 11005 0.01
10689 7910 0.05
10689 1430 0.05
10689 9851 0.2
10689 5521 0.2
10689 1527 0.01
10689 8672 0.05
10689 4154 0.2
10689 12213 0.01
10689 9466 0.01
10689 11210 0.05
10689 5938 0.2
10689 926 0.01
10689 11434 0.05
10689 8687 0.01
10689 10846 0.05
10689 11241 0.05
10689 12231 0.2
10689 6961 0.05
10689 9288 0.01
10689 8319 0.2
10689 9674 0.01
10689 3381 0.2
10689 11232 0.2
10689 3179 0.2
10689 8512 0.05
10689 8137 0.05
10689 160 0.05
10689 1961 0.2
10689 4991 0.01
10689 4040 0.2
10689 5554 0.01
10689 4590 0.05
10689 3190 0.05
10689 574 0.01
10689 2172 0.05
10689 11256 0.01
10689 963 0.05
10690 7562 0.01
10690 174 0.01
10690 3625 0.05
10690 3205 0.05
10690 4789 0.01
10690 5999 0.01
10690 4793 0.2
10690 7202 0.05
10690 9720 0.05
10690 191 0.01
10690 12084 0.2
10690 11492 0.2
10690 10316 0.2
10690 6076 0.01
10690 8956 0.01
10690 1237 0.05
10690 2806 0.05
10690 5028 0.2
10690 11012 0.05
10690 10892 0.01
10690 10120 0.2
10690 3788 0.05
10690 1757 0.05
10690 3517 0.05
10690 8568 0.05
10690 5436 0.05
10690 9950 0.01
10690 10876 0.2
10690 610 0.2
10690 1622 0.05
10690 211 0.05
10690 8574 0.05
10690 12482 0.01
10690 7411 0.05
10690 5435 0.05
10690 8381 0.05
10690 6235 0.01
10690 4042 0.2
10690 6830 0.01
10690 11921 0.2
10690 6246 0.2
10690 1831 0.01
10690 7265 0.01
10690 6663 0.2
10690 11540 0.01
10690 5066 0.05
10690 8875 0.2
10690 5071 0.01
10690 6073 0.05
10690 4854 0.01
10690 3481 0.01
10690 7256 0.2
10690 4922 0.2
10690 3072 0.01
10690 4152 0.01
10690 12324 0.05
10690 6673 0.01
10690 239 0.05
10690 8968 0.01
10690 9020 0.2
10690 11127 0.05
10690 70 0.2
10690 1857 0.05
10690 7070 0.2
10690 11351 0.01
10690 8043 0.01
10690 12335 0.05
10690 10774 0.05
10690 5681 0.05
10690 655 0.2
10690 8623 0.01
10690 7647 0.2
10690 7863 0.2
10690 1264 0.2
10690 1265 0.01
10690 5482 0.01
10690 9033 0.2
10690 4181 0.01
10690 7868 0.05
10690 2470 0.2
10690 6508 0.2
10690 6296 0.05
10690 3067 0.05
10690 10401 0.2
10690 871 0.05
10690 672 0.2
10690 2292 0.05
10690 1084 0.2
10690 4525 0.2
10690 1087 0.2
10690 1884 0.2
10690 10204 0.01
10690 1200 0.01
10690 12376 0.01
10690 5894 0.2
10690 4918 0.01
10690 2700 0.05
10690 7120 0.05
10690 6128 0.01
10690 4341 0.01
10690 4127 0.2
10690 5293 0.01
10690 10811 0.05
10690 11857 0.01
10690 5145 0.2
10690 2112 0.01
10690 7324 0.2
10690 10037 0.2
10690 518 0.01
10690 11481 0.01
10690 8472 0.05
10690 1319 0.05
10690 4556 0.2
10690 3438 0.01
10690 10778 0.01
10690 4149 0.05
10690 9088 0.2
10690 6340 0.01
10690 9624 0.2
10690 12592 0.01
10690 12401 0.2
10690 367 0.2
10690 3568 0.05
10690 9094 0.2
10690 8108 0.01
10690 9463 0.05
10690 8306 0.01
10690 7719 0.01
10690 4962 0.05
10690 553 0.05
10690 11014 0.2
10690 7165 0.05
10690 12031 0.2
10690 2737 0.01
10690 4971 0.05
10690 7171 0.01
10690 1704 0.05
10690 10265 0.05
10690 1949 0.05
10690 4387 0.01
10690 4615 0.05
10690 344 0.2
10690 12317 0.05
10690 6590 0.01
10690 3179 0.2
10690 7544 0.05
10690 5842 0.05
10690 12577 0.2
10690 204 0.05
10690 11870 0.2
10690 5554 0.01
10690 8334 0.05
10690 2981 0.01
10690 10664 0.01
10690 7747 0.05
10690 7749 0.01
10690 1468 0.05
10690 11091 0.2
10690 7965 0.05
10690 561 0.01
10690 9129 0.01
10691 10965 0.01
10691 5487 0.2
10691 1320 0.01
10691 1227 0.01
10691 4066 0.05
10691 6512 0.05
10691 9046 0.05
10691 3771 0.01
10691 926 0.2
10691 12225 0.01
10691 1230 0.05
10691 5938 0.2
10691 3488 0.05
10691 2629 0.01
10691 2896 0.2
10691 561 0.05
10691 831 0.2
10691 12552 0.05
10691 8609 0.01
10691 9720 0.2
10691 11241 0.2
10691 9851 0.05
10691 438 0.01
10691 8498 0.2
10691 9167 0.01
10691 6269 0.2
10691 9433 0.05
10691 4090 0.01
10691 7810 0.01
10691 8170 0.01
10691 9531 0.2
10691 6673 0.01
10691 12315 0.05
10691 5805 0.05
10691 1969 0.05
10691 7536 0.2
10691 9677 0.05
10691 8512 0.2
10691 7843 0.05
10691 7883 0.01
10691 10519 0.2
10691 11654 0.2
10691 10269 0.01
10691 5051 0.01
10691 70 0.01
10691 898 0.05
10691 1562 0.05
10691 10012 0.01
10691 4040 0.01
10691 4249 0.2
10691 11181 0.05
10691 3842 0.2
10691 4991 0.2
10691 11121 0.05
10691 3830 0.01
10691 1622 0.2
10691 8755 0.2
10691 2603 0.2
10691 518 0.2
10691 1371 0.2
10691 6984 0.05
10691 7648 0.01
10691 4728 0.05
10691 1319 0.05
10691 7505 0.2
10691 2276 0.2
10691 8976 0.01
10691 1961 0.05
10691 7910 0.05
10691 11922 0.2
10691 574 0.01
10691 6390 0.05
10691 12590 0.05
10691 9753 0.05
10691 8672 0.2
10691 5722 0.01
10691 10095 0.2
10691 12645 0.05
10693 4152 0.2
10694 4152 0.2
10695 511 0.01
10695 5600 0.01
10695 1831 0.05
10695 3828 0.05
10695 7841 0.01
10695 627 0.01
10695 11679 0.05
10695 10703 0.2
10695 972 0.2
10695 1441 0.2
10695 3469 0.01
10695 4020 0.01
10695 724 0.05
10695 3990 0.05
10695 6389 0.05
10695 5775 0.05
10695 826 0.01
10695 2124 0.01
10695 2172 0.01
10695 676 0.2
10695 7409 0.01
10695 10930 0.05
10695 1884 0.2
10695 191 0.01
10695 12461 0.01
10695 10865 0.2
10695 5481 0.2
10695 10367 0.05
10695 234 0.05
10695 2869 0.05
10695 1237 0.05
10695 11695 0.05
10695 3114 0.01
10695 1757 0.2
10695 11286 0.2
10695 5134 0.01
10695 9662 0.2
10695 4808 0.05
10695 10376 0.01
10695 12385 0.05
10695 11878 0.05
10695 1857 0.01
10695 7543 0.05
10695 2409 0.01
10695 11130 0.2
10695 9784 0.01
10695 6377 0.2
10695 2622 0.05
10695 8045 0.01
10695 5248 0.05
10695 4250 0.01
10695 8568 0.05
10695 5339 0.05
10695 8236 0.01
10695 10037 0.01
10695 5554 0.01
10695 5659 0.05
10695 211 0.2
10695 4152 0.01
10695 9843 0.2
10695 1865 0.05
10695 1319 0.01
10695 11043 0.05
10695 6235 0.05
10695 5482 0.01
10695 8606 0.01
10695 6590 0.01
10695 9088 0.05
10695 12534 0.01
10695 10456 0.05
10695 8481 0.05
10695 9965 0.01
10695 1527 0.01
10695 7281 0.05
10696 9531 0.2
10697 4152 0.2
10698 10195 0.05
10698 174 0.2
10698 10147 0.05
10698 2888 0.01
10698 5446 0.2
10698 10495 0.05
10698 4066 0.01
10698 5359 0.01
10698 3469 0.2
10698 1993 0.2
10698 11540 0.2
10698 2570 0.01
10698 4525 0.2
10698 6358 0.2
10698 2041 0.05
10698 9329 0.01
10698 5115 0.2
10698 5071 0.01
10698 6466 0.05
10698 1290 0.2
10698 225 0.01
10698 6577 0.05
10698 6752 0.01
10698 234 0.01
10698 6754 0.01
10698 7625 0.2
10698 10712 0.01
10698 8646 0.05
10698 7536 0.05
10698 9339 0.2
10698 8361 0.01
10698 4152 0.05
10698 1704 0.2
10698 1242 0.05
10698 6719 0.01
10698 7691 0.05
10698 10220 0.05
10698 1468 0.2
10698 11318 0.2
10698 6961 0.01
10698 10811 0.01
10698 8568 0.01
10698 9232 0.05
10698 10086 0.05
10698 2062 0.2
10698 8378 0.2
10698 5145 0.01
10698 6545 0.05
10698 1422 0.2
10698 8375 0.2
10698 6003 0.2
10698 1622 0.05
10698 10037 0.05
10698 5554 0.01
10698 8574 0.2
10698 6093 0.05
10698 3343 0.2
10698 2737 0.01
10698 1319 0.01
10698 11309 0.2
10698 808 0.01
10698 5482 0.2
10698 2123 0.05
10698 7283 0.01
10698 2515 0.01
10698 958 0.2
10698 9088 0.01
10698 2016 0.05
10698 11921 0.01
10698 1527 0.05
10698 11372 0.05
10698 3618 0.01
10698 8104 0.05
10698 6561 0.01
10699 8132 0.05
10700 11695 0.01
10701 5487 0.01
10701 2016 0.05
10702 91 0.01
10702 349 0.01
10702 6540 0.05
10702 12251 0.01
10702 9371 0.2
10702 7641 0.05
10702 5832 0.2
10702 8468 0.01
10702 3899 0.01
10703 174 0.2
10703 2888 0.05
10703 2622 0.2
10703 11326 0.01
10703 4522 0.2
10703 4793 0.01
10703 10782 0.05
10703 12123 0.05
10703 11434 0.2
10703 8118 0.05
10703 191 0.01
10703 12084 0.05
10703 6961 0.05
10703 24 0.01
10703 7936 0.05
10703 9288 0.05
10703 6756 0.2
10703 8625 0.2
10703 9619 0.01
10703 905 0.01
10703 11695 0.2
10703 7081 0.05
10703 10120 0.2
10703 1468 0.05
10703 1857 0.2
10703 10811 0.2
10703 6377 0.05
10703 4040 0.05
10703 6492 0.05
10703 5971 0.2
10703 8000 0.01
10703 6003 0.05
10703 5554 0.01
10703 1371 0.2
10703 4152 0.2
10703 9843 0.05
10703 8525 0.01
10703 1319 0.05
10703 6140 0.05
10703 8240 0.2
10703 5805 0.01
10703 574 0.2
10703 7865 0.01
10703 9700 0.2
10703 9088 0.05
10703 2016 0.2
10703 9605 0.2
10703 2228 0.2
10703 12401 0.05
10703 12411 0.05
10704 1371 0.01
10705 5272 0.01
10705 1217 0.2
10706 10735 0.01
10706 7193 0.01
10706 5249 0.01
10706 8875 0.01
10706 7073 0.05
10707 4152 0.01
10709 12275 0.01
10710 12123 0.01
10711 3382 0.01
10711 3383 0.2
10711 6996 0.2
10712 10037 0.2
10713 4152 0.2
10714 5938 0.01
10716 12552 0.01
10716 8003 0.2
10716 8812 0.2
10716 10269 0.05
10716 9167 0.01
10716 5356 0.01
10716 10175 0.05
10716 9786 0.01
10716 4042 0.2
10716 8681 0.2
10716 7394 0.2
10716 8609 0.2
10716 4525 0.01
10716 7324 0.05
10716 4152 0.01
10716 3383 0.05
10716 2896 0.01
10716 12403 0.01
10717 11451 0.05
10717 12513 0.01
10718 11488 0.2
10721 4152 0.05
10722 1507 0.05
10723 91 0.05
10723 3464 0.2
10723 12356 0.05
10723 4066 0.05
10723 4615 0.01
10723 672 0.05
10723 4701 0.2
10723 11788 0.01
10723 7211 0.05
10723 7810 0.01
10723 9531 0.2
10723 6673 0.01
10723 6318 0.05
10723 2004 0.05
10723 8512 0.05
10723 4040 0.2
10723 12576 0.2
10723 4991 0.2
10723 7324 0.05
10723 9843 0.05
10723 8381 0.01
10723 7641 0.05
10723 4690 0.2
10723 5805 0.01
10723 9851 0.05
10723 9088 0.01
10723 9605 0.05
10723 9753 0.01
10723 10095 0.2
10725 10592 0.01
10725 2437 0.2
10725 6984 0.2
10726 1622 0.01
10727 6120 0.01
10729 4118 0.01
10730 3504 0.01
10732 4152 0.2
10733 4152 0.05
10734 8173 0.01
10734 6407 0.01
10734 8041 0.2
10734 2004 0.2
10734 3190 0.2
10734 7414 0.01
10734 9078 0.05
10735 10706 0.05
10736 8116 0.05
10736 7471 0.01
10736 7641 0.2
10736 12543 0.2
10736 7603 0.05
10736 113 0.05
10736 10868 0.01
10736 4619 0.2
10736 7252 0.2
10736 3899 0.05
10738 9531 0.01
10739 4152 0.01
10740 8055 0.01
10741 4152 0.2
10742 4152 0.2
10744 8149 0.2
10746 1219 0.2
10747 12328 0.2
10748 6492 0.05
10750 5272 0.01
10750 12224 0.05
10750 4728 0.05
10750 3217 0.2
10750 9851 0.2
10750 7641 0.01
10750 3899 0.2
10750 10533 0.2
10751 7052 0.2
10752 1783 0.01
10754 7280 0.05
10755 4152 0.2
10758 4152 0.2
10759 4152 0.05
10760 10037 0.01
10761 4152 0.01
10762 4152 0.05
10762 2615 0.05
10762 9416 0.2
10763 6827 0.2
10764 11791 0.2
10765 4152 0.01
10765 864 0.01
10766 9088 0.05
10767 1957 0.2
10767 5342 0.01
10768 4152 0.05
10769 8208 0.2
10770 776 0.01
10770 5019 0.05
10770 6819 0.01
10770 1237 0.2
10770 7863 0.2
10770 9088 0.05
10770 6195 0.05
10770 10632 0.05
10770 4152 0.2
10770 7434 0.01
10770 1318 0.05
10771 7409 0.2
10773 1622 0.01
10774 11785 0.2
10774 7541 0.05
10774 6873 0.2
10774 10690 0.01
10774 2798 0.01
10774 12284 0.2
10774 11300 0.05
10774 1098 0.01
10774 6673 0.2
10774 1524 0.2
10774 10265 0.2
10774 11462 0.05
10774 4152 0.2
10774 7602 0.05
10774 4701 0.01
10775 6267 0.01
10775 4152 0.01
10776 7165 0.01
10777 8281 0.2
10777 6497 0.01
10777 9020 0.2
10777 11789 0.01
10778 8574 0.05
10778 9088 0.2
10778 3769 0.2
10778 11455 0.01
10779 4152 0.2
10779 1865 0.2
10781 4584 0.05
10782 273 0.2
10782 2834 0.05
10782 11375 0.05
10782 7875 0.2
10782 11533 0.05
10782 10547 0.2
10782 871 0.2
10782 10703 0.01
10782 2690 0.05
10782 5063 0.2
10782 2240 0.01
10782 7663 0.01
10782 9967 0.05
10782 12411 0.05
10782 1730 0.05
10782 9980 0.2
10782 7981 0.05
10782 4797 0.2
10782 5850 0.05
10782 12414 0.2
10782 12461 0.2
10782 7888 0.01
10782 430 0.05
10782 8917 0.01
10782 1237 0.01
10782 6673 0.01
10782 3114 0.01
10782 5721 0.01
10782 7535 0.2
10782 11318 0.2
10782 7410 0.2
10782 4152 0.01
10782 7120 0.05
10782 2180 0.2
10782 9435 0.05
10782 2205 0.2
10782 2257 0.2
10782 4066 0.05
10782 1449 0.05
10782 9068 0.01
10782 10220 0.05
10782 70 0.2
10782 11822 0.2
10782 6590 0.2
10782 10524 0.05
10782 1814 0.2
10782 10811 0.2
10782 8568 0.05
10782 3702 0.01
10782 7780 0.2
10782 9698 0.01
10782 4193 0.2
10782 5145 0.05
10782 11788 0.2
10782 1622 0.2
10782 10037 0.01
10782 5554 0.2
10782 211 0.01
10782 6093 0.05
10782 9693 0.2
10782 1431 0.01
10782 9793 0.2
10782 4206 0.05
10782 1507 0.2
10782 2276 0.01
10782 8381 0.05
10782 4239 0.01
10782 1949 0.01
10782 9088 0.05
10782 2016 0.2
10782 7811 0.2
10782 5866 0.2
10782 10529 0.05
10782 1527 0.01
10782 3504 0.05
10782 8104 0.01
10783 2398 0.05
10784 679 0.05
10787 4152 0.05
10788 4152 0.2
10789 4152 0.2
10790 4152 0.01
10791 4152 0.01
10791 5482 0.2
10792 4152 0.2
10792 391 0.05
10792 1007 0.01
10793 8631 0.2
10793 4152 0.01
10793 10811 0.05
10794 4152 0.01
10797 2605 0.01
10797 1675 0.05
10797 3618 0.2
10797 9088 0.05
10797 12513 0.05
10797 4152 0.01
10797 1346 0.05
10798 3829 0.05
10798 10519 0.2
10798 2823 0.2
10798 452 0.05
10798 2585 0.2
10798 12513 0.05
10798 8517 0.01
10798 3260 0.01
10799 3217 0.01
10799 7262 0.05
10800 8920 0.2
10800 4731 0.01
10800 8512 0.05
10801 4152 0.01
10802 12552 0.2
10804 898 0.01
10804 10473 0.05
10804 7350 0.2
10806 4152 0.2
10807 4152 0.05
10808 2846 0.05
10808 11462 0.05
10808 10037 0.01
10808 7162 0.01
10809 2507 0.2
10809 5916 0.05
10809 3625 0.01
10809 9605 0.05
10809 10811 0.2
10809 4615 0.05
10809 12335 0.2
10809 5145 0.05
10809 1084 0.05
10809 5066 0.01
10809 12592 0.01
10809 4152 0.05
10809 3114 0.05
10811 3199 0.05
10811 7192 0.05
10811 6405 0.05
10811 4925 0.05
10811 3205 0.01
10811 772 0.01
10811 1592 0.2
10811 7196 0.2
10811 9529 0.2
10811 9521 0.05
10811 7981 0.2
10811 6416 0.2
10811 1314 0.05
10811 783 0.05
10811 8740 0.05
10811 24 0.2
10811 7210 0.01
10811 2398 0.05
10811 1610 0.05
10811 4018 0.2
10811 3884 0.05
10811 2405 0.01
10811 8750 0.05
10811 4814 0.05
10811 1757 0.2
10811 8754 0.05
10811 4040 0.05
10811 7223 0.05
10811 9698 0.01
10811 9267 0.2
10811 1622 0.01
10811 7226 0.2
10811 1625 0.2
10811 7233 0.01
10811 6140 0.05
10811 3244 0.01
10811 3245 0.01
10811 11921 0.2
10811 11754 0.05
10811 3504 0.05
10811 11923 0.2
10811 11772 0.05
10811 11106 0.01
10811 2433 0.05
10811 4066 0.2
10811 9565 0.01
10811 4846 0.01
10811 61 0.05
10811 7248 0.05
10811 8789 0.01
10811 1650 0.01
10811 6466 0.2
10811 6555 0.01
10811 10366 0.05
10811 10367 0.2
10811 3618 0.01
10811 11856 0.2
10811 2087 0.05
10811 3636 0.2
10811 5089 0.2
10811 5842 0.2
10811 8039 0.01
10811 10376 0.01
10811 8041 0.2
10811 1667 0.01
10811 8805 0.01
10811 9523 0.2
10811 2063 0.2
10811 5652 0.2
10811 8045 0.2
10811 3280 0.05
10811 7712 0.01
10811 6908 0.01
10811 854 0.05
10811 5721 0.2
10811 4876 0.05
10811 1674 0.05
10811 5257 0.2
10811 11141 0.2
10811 4881 0.2
10811 6504 0.05
10811 2469 0.01
10811 1681 0.2
10811 7290 0.05
10811 6508 0.05
10811 7693 0.01
10811 7293 0.01
10811 10397 0.01
10811 1686 0.05
10811 2476 0.05
10811 871 0.05
10811 5095 0.05
10811 8055 0.05
10811 1158 0.2
10811 7657 0.2
10811 885 0.01
10811 4115 0.2
10811 5495 0.05
10811 9619 0.01
10811 8854 0.05
10811 3323 0.2
10811 1704 0.01
10811 10421 0.2
10811 2798 0.05
10811 8859 0.2
10811 2498 0.01
10811 1709 0.05
10811 12000 0.01
10811 1712 0.05
10811 11629 0.01
10811 903 0.2
10811 7324 0.05
10811 11184 0.01
10811 10433 0.2
10811 3906 0.05
10811 2507 0.01
10811 9643 0.01
10811 7330 0.2
10811 4522 0.01
10811 8093 0.01
10811 914 0.05
10811 2515 0.05
10811 11193 0.05
10811 10585 0.05
10811 4953 0.2
10811 4152 0.01
10811 8103 0.2
10811 8104 0.05
10811 10449 0.01
10811 3360 0.05
10811 8108 0.2
10811 5726 0.01
10811 4160 0.2
10811 8888 0.01
10811 6811 0.01
10811 10782 0.01
10811 1480 0.2
10811 8118 0.01
10811 931 0.05
10811 932 0.05
10811 6577 0.05
10811 12032 0.2
10811 6952 0.2
10811 4173 0.05
10811 9671 0.05
10811 12040 0.05
10811 7410 0.05
10811 8905 0.2
10811 6583 0.01
10811 4184 0.01
10811 6584 0.01
10811 2669 0.01
10811 3388 0.05
10811 3389 0.2
10811 6590 0.05
10811 2542 0.05
10811 9687 0.01
10811 4193 0.2
10811 4991 0.2
10811 10474 0.05
10811 6488 0.2
10811 8143 0.05
10811 6599 0.2
10811 5758 0.2
10811 9693 0.01
10811 2839 0.01
10811 170 0.2
10811 1779 0.05
10811 11375 0.01
10811 1782 0.2
10811 3409 0.01
10811 7369 0.05
10811 10965 0.2
10811 966 0.2
10811 1787 0.2
10811 3415 0.2
10811 10495 0.2
10811 7375 0.05
10811 6619 0.2
10811 5774 0.01
10811 5014 0.01
10811 3424 0.05
10811 8162 0.01
10811 4047 0.01
10811 4232 0.01
10811 10197 0.05
10811 8167 0.05
10811 986 0.05
10811 3438 0.05
10811 8173 0.2
10811 2592 0.01
10811 10524 0.01
10811 5794 0.2
10811 11294 0.05
10811 204 0.01
10811 10527 0.2
10811 9316 0.2
10811 10529 0.2
10811 5039 0.2
10811 4252 0.05
10811 9744 0.01
10811 4254 0.01
10811 2296 0.05
10811 211 0.01
10811 8974 0.01
10811 11309 0.2
10811 1015 0.05
10811 7502 0.01
10811 8189 0.2
10811 8193 0.01
10811 11500 0.05
10811 218 0.01
10811 4263 0.01
10811 1019 0.05
10811 8392 0.05
10811 8985 0.01
10811 11319 0.01
10811 5061 0.05
10811 10546 0.05
10811 8636 0.05
10811 1028 0.01
10811 3469 0.05
10811 4272 0.2
10811 5063 0.2
10811 5066 0.05
10811 4276 0.2
10811 1037 0.05
10811 6137 0.05
10811 11017 0.01
10811 5821 0.05
10811 9770 0.2
10811 5071 0.2
10811 811 0.05
10811 5826 0.01
10811 10562 0.05
10811 4282 0.01
10811 234 0.05
10811 10567 0.05
10811 6671 0.05
10811 9011 0.2
10811 12131 0.05
10811 9017 0.01
10811 241 0.01
10811 9020 0.05
10811 11654 0.01
10811 4856 0.01
10811 12140 0.2
10811 10574 0.05
10811 249 0.2
10811 8010 0.2
10811 6685 0.05
10811 10608 0.01
10811 10578 0.2
10811 254 0.2
10811 12149 0.2
10811 5097 0.2
10811 12150 0.05
10811 11529 0.05
10811 5858 0.05
10811 5101 0.2
10811 3503 0.2
10811 9795 0.2
10811 10588 0.05
10811 8244 0.05
10811 1068 0.2
10811 5620 0.2
10811 11231 0.01
10811 4313 0.01
10811 1071 0.05
10811 9688 0.2
10811 9039 0.01
10811 4318 0.2
10811 12168 0.05
10811 5876 0.05
10811 5878 0.01
10811 1884 0.2
10811 11386 0.2
10811 6712 0.01
10811 3527 0.01
10811 2692 0.01
10811 4330 0.01
10811 4333 0.05
10811 12177 0.05
10811 1099 0.2
10811 297 0.01
10811 299 0.01
10811 4341 0.2
10811 3538 0.01
10811 3539 0.2
10811 9068 0.01
10811 1905 0.2
10811 1108 0.05
10811 12191 0.05
10811 371 0.2
10811 2714 0.05
10811 5916 0.05
10811 9843 0.2
10811 8384 0.05
10811 6734 0.01
10811 8294 0.01
10811 5923 0.2
10811 9088 0.01
10811 6739 0.2
10811 5504 0.2
10811 1925 0.05
10811 5926 0.05
10811 11418 0.2
10811 8298 0.05
10811 1346 0.2
10811 11421 0.05
10811 5167 0.05
10811 10651 0.2
10811 8306 0.2
10811 7496 0.2
10811 10656 0.05
10811 10658 0.2
10811 1131 0.01
10811 11434 0.05
10811 6753 0.05
10811 6754 0.05
10811 10669 0.01
10811 2743 0.05
10811 8317 0.2
10811 8319 0.2
10811 2746 0.05
10811 5956 0.2
10811 7536 0.05
10811 10675 0.2
10811 1957 0.05
10811 353 0.01
10811 7546 0.2
10811 11459 0.2
10811 5970 0.01
10811 358 0.2
10811 3605 0.05
10811 3936 0.01
10811 2767 0.2
10811 6611 0.01
10811 4406 0.05
10811 9904 0.05
10811 9204 0.2
10811 6780 0.2
10811 12068 0.01
10811 1975 0.01
10811 9168 0.01
10811 9141 0.2
10811 2989 0.2
10811 10698 0.05
10811 4419 0.2
10811 5992 0.05
10811 7562 0.05
10811 6789 0.01
10811 6613 0.2
10811 1983 0.2
10811 3625 0.01
10811 9149 0.2
10811 10703 0.2
10811 7573 0.01
10811 174 0.01
10811 3948 0.05
10811 8537 0.2
10811 10371 0.05
10811 387 0.01
10811 11488 0.01
10811 391 0.01
10811 11491 0.2
10811 1993 0.01
10811 2799 0.05
10811 5399 0.05
10811 8361 0.2
10811 11325 0.05
10811 4442 0.2
10811 2000 0.05
10811 4443 0.01
10811 2004 0.01
10811 10721 0.05
10811 9174 0.2
10811 6814 0.2
10811 1201 0.01
10811 6815 0.01
10811 8375 0.05
10811 1204 0.2
10811 12294 0.05
10811 2012 0.05
10811 1211 0.2
10811 11522 0.2
10811 418 0.2
10811 4460 0.01
10811 2016 0.05
10811 843 0.2
10811 4461 0.2
10811 7459 0.05
10811 11533 0.01
10811 7613 0.05
10811 6836 0.2
10811 424 0.05
10811 8544 0.05
10811 5264 0.05
10811 11540 0.01
10811 9197 0.2
10811 3678 0.01
10811 9199 0.01
10811 9980 0.05
10811 5272 0.01
10811 2766 0.05
10811 6850 0.05
10811 7625 0.01
10811 1237 0.2
10811 11481 0.05
10811 2048 0.2
10811 7629 0.01
10811 1242 0.2
10811 8413 0.01
10811 8414 0.05
10811 2055 0.2
10811 1248 0.01
10811 6084 0.01
10811 454 0.2
10811 6859 0.01
10811 10770 0.2
10811 2062 0.05
10811 6863 0.2
10811 4506 0.2
10811 11571 0.05
10811 6875 0.01
10811 2071 0.05
10811 8672 0.05
10811 10012 0.2
10811 3715 0.2
10811 6806 0.2
10811 6101 0.05
10811 2888 0.05
10811 7658 0.2
10811 5024 0.01
10811 11585 0.2
10811 10020 0.05
10811 7663 0.01
10811 2896 0.2
10811 10793 0.2
10811 12374 0.01
10811 3733 0.01
10811 8452 0.2
10811 3734 0.01
10811 10028 0.01
10811 7683 0.2
10811 9463 0.01
10811 8456 0.01
10811 9253 0.01
10811 7691 0.05
10811 6918 0.05
10811 3246 0.2
10811 2112 0.01
10811 9464 0.01
10811 10037 0.2
10811 518 0.2
10811 2926 0.01
10811 520 0.05
10811 5342 0.05
10811 5343 0.05
10811 11097 0.05
10811 1319 0.2
10811 10275 0.2
10811 6142 0.2
10811 8479 0.01
10811 1327 0.05
10811 1329 0.2
10811 2129 0.05
10811 6151 0.01
10811 9733 0.05
10811 7829 0.01
10811 6545 0.05
10811 4566 0.01
10811 1339 0.05
10811 12411 0.01
10811 10843 0.2
10811 2956 0.05
10811 9288 0.2
10811 12097 0.2
10811 8827 0.01
10811 9292 0.2
10811 2963 0.05
10811 7729 0.01
10811 10158 0.05
10811 3793 0.2
10811 10855 0.01
10811 11651 0.01
10811 3478 0.05
10811 6180 0.05
10811 2974 0.01
10811 3800 0.05
10811 5379 0.2
10811 568 0.2
10811 7038 0.01
10811 3547 0.01
10811 8525 0.05
10811 4601 0.05
10811 6644 0.05
10811 864 0.01
10811 11436 0.01
10811 4250 0.05
10811 1944 0.2
10811 10096 0.2
10811 5215 0.01
10811 5397 0.05
10811 10873 0.2
10811 1386 0.05
10811 11019 0.01
10811 2180 0.05
10811 10876 0.2
10811 589 0.2
10811 7007 0.2
10811 7766 0.2
10811 2186 0.01
10811 7009 0.05
10811 3840 0.2
10811 10107 0.2
10811 5411 0.05
10811 3848 0.05
10811 2196 0.2
10811 6219 0.05
10811 9361 0.01
10811 11695 0.2
10811 9353 0.2
10811 9339 0.01
10811 11012 0.2
10811 4525 0.2
10811 2671 0.2
10811 5422 0.05
10811 2205 0.01
10811 11702 0.05
10811 10265 0.2
10811 2213 0.01
10811 1417 0.2
10811 10086 0.05
10811 1420 0.05
10811 1422 0.05
10811 4643 0.05
10811 6231 0.01
10811 8575 0.2
10811 3869 0.2
10811 11127 0.2
10811 3040 0.2
10811 1432 0.01
10811 2222 0.2
10811 12486 0.05
10811 12487 0.05
10811 11722 0.2
10811 10142 0.2
10811 3047 0.01
10811 7813 0.2
10811 4654 0.01
10811 10147 0.05
10811 7804 0.01
10811 9372 0.2
10811 5455 0.2
10811 11737 0.01
10811 10927 0.01
10811 2242 0.05
10811 635 0.05
10811 2244 0.01
10811 12506 0.05
10811 8609 0.2
10811 12508 0.2
10811 6265 0.2
10811 438 0.05
10811 5462 0.01
10811 3883 0.05
10811 10935 0.05
10811 3072 0.05
10811 10938 0.2
10811 8917 0.2
10811 1462 0.05
10811 7946 0.01
10811 9390 0.05
10811 4671 0.2
10811 10168 0.05
10811 2257 0.2
10811 1468 0.01
10811 2265 0.01
10811 12523 0.01
10811 3897 0.01
10811 3094 0.2
10811 4687 0.05
10811 5480 0.2
10811 2276 0.01
10811 5482 0.01
10811 7085 0.2
10811 9410 0.01
10811 12533 0.2
10811 12534 0.05
10811 10190 0.05
10811 9416 0.05
10811 10194 0.05
10811 7875 0.01
10811 4000 0.2
10811 5446 0.05
10811 11988 0.2
10811 12545 0.01
10811 672 0.05
10811 4700 0.05
10811 3188 0.05
10811 3110 0.2
10811 10204 0.01
10811 3114 0.01
10811 4701 0.01
10811 5850 0.01
10811 11788 0.01
10811 7889 0.01
10811 11791 0.01
10811 8646 0.05
10811 7120 0.2
10811 3127 0.05
10811 9435 0.05
10811 4448 0.2
10811 4717 0.2
10811 116 0.2
10811 10220 0.05
10811 4721 0.2
10811 7957 0.2
10811 12574 0.05
10811 12381 0.01
10811 12576 0.01
10811 5514 0.05
10811 6003 0.01
10811 11326 0.2
10811 7902 0.01
10811 12583 0.05
10811 8663 0.01
10811 10231 0.2
10811 6254 0.2
10811 10232 0.01
10811 6341 0.2
10811 12592 0.05
10811 1527 0.01
10811 2334 0.01
10811 4733 0.2
10811 6345 0.2
10811 11007 0.01
10811 4734 0.05
10811 11826 0.01
10811 7150 0.05
10811 7920 0.05
10811 11863 0.2
10811 7152 0.01
10811 11829 0.01
10811 1539 0.2
10811 8681 0.2
10811 1542 0.05
10811 5529 0.2
10811 9283 0.2
10811 10251 0.2
10811 12607 0.01
10811 3163 0.2
10811 3164 0.05
10811 10259 0.05
10811 7937 0.2
10811 10809 0.05
10811 8694 0.01
10811 9483 0.01
10811 9484 0.05
10811 9485 0.2
10811 3173 0.2
10811 3175 0.2
10811 11031 0.05
10811 10931 0.05
10811 12623 0.01
10811 3181 0.01
10811 12625 0.01
10811 6381 0.2
10811 3185 0.05
10811 7951 0.01
10811 4770 0.2
10811 4001 0.05
10811 9494 0.01
10811 4003 0.2
10811 5554 0.05
10811 5555 0.01
10811 749 0.2
10811 3135 0.01
10811 9501 0.05
10811 11043 0.05
10811 3190 0.05
10811 8719 0.2
10811 6393 0.01
10811 7055 0.2
10811 1583 0.01
10813 795 0.05
10814 2018 0.2
10815 9027 0.05
10818 4152 0.05
10824 5487 0.2
10824 9531 0.2
10824 5356 0.05
10824 174 0.01
10824 9262 0.2
10824 2786 0.2
10824 8055 0.2
10824 3109 0.05
10824 91 0.2
10824 7719 0.05
10824 8681 0.05
10824 5938 0.2
10824 6665 0.2
10824 2896 0.2
10824 4701 0.05
10824 2345 0.01
10824 8609 0.2
10824 9720 0.05
10824 5072 0.2
10824 7625 0.01
10824 8170 0.2
10824 4537 0.05
10824 6673 0.01
10824 2845 0.2
10824 7394 0.2
10824 9167 0.01
10824 7536 0.05
10824 9433 0.05
10824 11122 0.2
10824 10673 0.01
10824 4090 0.05
10824 5286 0.05
10824 70 0.01
10824 9491 0.2
10824 9605 0.2
10824 8512 0.05
10824 12388 0.2
10824 1961 0.05
10824 4991 0.01
10824 9923 0.2
10824 1371 0.05
10824 10736 0.01
10824 12223 0.05
10824 6827 0.2
10824 12590 0.01
10824 11921 0.2
10826 5889 0.01
10828 4364 0.05
10829 4632 0.01
10830 1213 0.2
10831 4130 0.01
10831 4626 0.01
10834 10422 0.01
10834 4152 0.01
10837 9531 0.2
10838 4306 0.2
10840 6341 0.05
10842 1918 0.05
10843 3411 0.01
10843 5446 0.01
10843 1224 0.05
10843 2888 0.05
10843 9463 0.2
10843 3362 0.01
10843 6545 0.05
10843 3469 0.05
10843 9372 0.2
10843 4700 0.05
10843 4021 0.05
10843 2791 0.05
10843 8867 0.01
10843 674 0.2
10843 6953 0.05
10843 9980 0.05
10843 4701 0.2
10843 2956 0.05
10843 3250 0.2
10843 7888 0.05
10843 932 0.01
10843 8167 0.01
10843 10407 0.2
10843 10372 0.05
10843 3075 0.01
10843 9484 0.2
10843 1405 0.05
10843 10168 0.01
10843 8568 0.05
10843 8755 0.01
10843 12574 0.01
10843 12576 0.01
10843 10774 0.01
10843 1622 0.05
10843 6619 0.2
10843 5554 0.05
10843 1111 0.05
10843 6093 0.05
10843 3869 0.05
10843 11309 0.2
10843 8978 0.05
10843 169 0.05
10843 10538 0.05
10843 8924 0.05
10843 958 0.2
10843 9088 0.05
10843 11526 0.05
10843 10140 0.2
10843 2935 0.05
10843 2470 0.01
10843 4152 0.2
10843 10698 0.01
10843 12594 0.2
10845 12602 0.2
10847 4152 0.05
10848 8173 0.05
10849 4152 0.05
10852 11130 0.01
10852 452 0.01
10852 11043 0.05
10852 6235 0.01
10852 9088 0.05
10852 4336 0.2
10852 2496 0.05
10852 4808 0.2
10853 4152 0.01
10854 310 0.2
10854 5239 0.01
10855 4152 0.01
10856 4152 0.01
10857 11679 0.01
10858 9088 0.2
10859 4152 0.05
10860 11358 0.05
10861 5329 0.2
10861 2629 0.01
10861 9560 0.01
10862 11154 0.05
10862 2365 0.2
10862 4152 0.05
10862 11313 0.2
10863 1333 0.01
10863 5446 0.05
10863 5721 0.01
10863 2071 0.05
10863 2888 0.05
10863 11695 0.01
10863 5789 0.05
10863 12212 0.01
10863 6303 0.01
10863 8681 0.05
10863 2792 0.01
10863 4793 0.05
10863 187 0.01
10863 4701 0.2
10863 10662 0.2
10863 12084 0.01
10863 3618 0.05
10863 6754 0.2
10863 6673 0.2
10863 6020 0.01
10863 4336 0.2
10863 8855 0.05
10863 9619 0.01
10863 4152 0.2
10863 9031 0.01
10863 5600 0.01
10863 3025 0.2
10863 1779 0.2
10863 7541 0.05
10863 1468 0.01
10863 899 0.05
10863 8568 0.01
10863 12513 0.05
10863 10002 0.01
10863 1422 0.01
10863 6003 0.05
10863 1622 0.05
10863 3340 0.01
10863 8574 0.05
10863 1527 0.2
10863 5916 0.01
10863 3906 0.01
10863 2327 0.05
10863 4257 0.05
10863 11309 0.01
10863 8381 0.05
10863 12489 0.2
10863 9910 0.01
10863 5479 0.05
10863 2831 0.01
10863 7604 0.01
10863 6700 0.05
10863 3409 0.2
10863 11822 0.2
10863 11196 0.2
10864 4152 0.2
10865 10695 0.05
10866 722 0.05
10867 1622 0.2
10868 2551 0.05
10868 10736 0.2
10868 8609 0.01
10868 5226 0.01
10868 1961 0.2
10868 438 0.2
10868 1579 0.05
10868 561 0.05
10868 2434 0.05
10868 8512 0.01
10868 9923 0.2
10868 3394 0.2
10868 3899 0.05
10868 12590 0.2
10868 9926 0.01
10868 7324 0.2
10868 3109 0.05
10868 11235 0.05
10868 10095 0.2
10868 4701 0.05
10869 7465 0.01
10870 4152 0.01
10871 1622 0.01
10871 9088 0.2
10871 4152 0.2
10873 9088 0.01
10874 4152 0.01
10874 9088 0.2
10875 8132 0.2
10876 7240 0.05
10876 7265 0.2
10876 6347 0.2
10876 9843 0.05
10876 438 0.2
10876 9078 0.05
10876 7947 0.05
10876 2948 0.2
10876 3702 0.2
10876 1321 0.2
10876 249 0.2
10876 6254 0.01
10876 12335 0.05
10876 9619 0.01
10876 779 0.05
10876 4152 0.05
10876 4806 0.2
10876 2960 0.05
10876 2242 0.2
10877 4152 0.2
10877 9088 0.05
10879 11127 0.2
10881 4152 0.2
10882 192 0.05
10884 3840 0.01
10884 3388 0.05
10884 11100 0.05
10884 2276 0.2
10884 5482 0.01
10884 11326 0.2
10884 811 0.01
10884 1704 0.01
10884 1422 0.01
10884 7536 0.2
10884 4152 0.2
10884 11434 0.05
10884 4701 0.01
10885 4152 0.05
10886 12328 0.05
10887 7494 0.05
10887 12294 0.05
10887 12123 0.2
10887 8899 0.05
10887 2004 0.01
10887 438 0.01
10887 7451 0.01
10887 5145 0.01
10887 7536 0.05
10887 4060 0.05
10887 1884 0.01
10887 1949 0.2
10887 7218 0.2
10889 4152 0.01
10890 5487 0.01
10890 9531 0.05
10890 6673 0.05
10890 4040 0.05
10892 10690 0.2
10892 5074 0.2
10893 4152 0.01
10894 4152 0.05
10895 9531 0.01
10896 4152 0.2
10897 5482 0.01
10898 4152 0.2
10900 2722 0.01
10900 6416 0.05
10900 6498 0.05
10900 191 0.05
10900 6018 0.2
10900 78 0.2
10900 9700 0.01
10900 9088 0.2
10900 11526 0.01
10900 9339 0.05
10900 1622 0.01
10900 6128 0.05
10900 7966 0.05
10900 7176 0.01
10901 1514 0.2
10901 972 0.05
10901 11112 0.2
10902 9923 0.2
10902 9531 0.01
10902 4384 0.2
10902 1622 0.01
10902 9078 0.2
10902 518 0.01
10904 4152 0.05
10906 3361 0.2
10906 5889 0.05
10906 4525 0.2
10906 1005 0.01
10906 4387 0.05
10906 12503 0.2
10906 5505 0.01
10907 5878 0.01
10908 12312 0.01
10909 4152 0.2
10914 5554 0.2
10916 5482 0.01
10917 11499 0.05
10917 9031 0.01
10918 4975 0.2
10918 672 0.2
10918 4152 0.01
10918 9088 0.2
10918 8681 0.01
10919 4152 0.05
10920 4152 0.2
10921 4152 0.01
10923 10965 0.01
10923 10302 0.05
10923 2016 0.05
10923 4793 0.2
10923 4152 0.01
10923 5555 0.05
10924 4152 0.05
10925 4152 0.2
10926 4152 0.05
10927 6577 0.05
10929 6685 0.2
10930 10695 0.05
10931 5019 0.01
10931 5798 0.05
10931 871 0.2
10931 10037 0.2
10931 9088 0.01
10931 9339 0.05
10931 7434 0.01
10931 4152 0.2
10931 6128 0.01
10933 2431 0.2
10934 3574 0.05
10935 4152 0.01
10936 9387 0.05
10936 12335 0.2
10937 8032 0.2
10937 6263 0.01
10938 8935 0.2
10938 1319 0.2
10938 2004 0.01
10938 766 0.2
10938 8568 0.2
10938 4040 0.01
10938 9088 0.05
10938 5145 0.2
10938 10665 0.2
10938 7663 0.01
10938 204 0.01
10938 4152 0.2
10938 11326 0.2
10938 11434 0.05
10938 7218 0.2
10939 11425 0.01
10939 10609 0.2
10939 2247 0.05
10940 4152 0.2
10941 5487 0.01
10941 12552 0.05
10941 8609 0.05
10941 898 0.01
10941 8109 0.05
10941 9851 0.2
10941 2790 0.05
10941 9167 0.2
10943 4152 0.05
10944 1675 0.01
10944 2605 0.01
10945 4152 0.05
10946 4152 0.05
10949 4152 0.2
10950 4152 0.01
10951 1949 0.2
10951 4152 0.05
10952 2797 0.01
10952 4152 0.01
10953 4152 0.05
10954 4152 0.05
10956 5145 0.01
10957 4152 0.2
10959 5072 0.01
10960 4152 0.05
10962 11594 0.2
10963 6762 0.2
10963 6956 0.2
10963 1340 0.05
10963 6516 0.2
10963 11682 0.01
10965 11175 0.05
10965 10147 0.2
10965 9094 0.01
10965 8885 0.05
10965 4700 0.2
10965 4525 0.2
10965 885 0.05
10965 7116 0.05
10965 11695 0.2
10965 7213 0.2
10965 4152 0.2
10965 2257 0.2
10965 8623 0.05
10965 1757 0.2
10965 8568 0.05
10965 12433 0.01
10965 1428 0.05
10965 6093 0.01
10965 1625 0.01
10965 7005 0.01
10965 9088 0.01
10965 2016 0.01
10965 8531 0.01
10965 3089 0.05
10965 1527 0.01
10966 1961 0.2
10968 4152 0.2
10969 4625 0.05
10970 5361 0.01
10973 4152 0.05
10974 6143 0.05
10976 1757 0.2
10976 10037 0.2
10977 11056 0.2
10978 4152 0.05
10982 12401 0.01
10982 10493 0.01
10982 191 0.2
10982 7863 0.05
10982 1319 0.2
10982 9088 0.05
10982 6608 0.2
10982 9339 0.05
10982 1622 0.05
10982 4152 0.05
10982 7165 0.2
10983 8271 0.01
10984 4152 0.2
10985 11199 0.05
10985 9088 0.2
10985 2343 0.05
10985 5554 0.2
10985 3469 0.01
10986 2329 0.01
10988 5487 0.05
10988 11479 0.01
10988 2345 0.2
10988 9786 0.2
10988 10441 0.01
10988 898 0.01
10988 6755 0.01
10988 8512 0.01
10988 672 0.05
10988 9167 0.01
10988 3382 0.01
10988 11247 0.05
10988 2896 0.2
10988 9851 0.01
10990 4152 0.01
10993 4152 0.05
10994 10094 0.05
10994 4152 0.2
10994 1319 0.05
10995 2711 0.01
10995 1622 0.2
10995 6152 0.05
10997 4152 0.2
11000 5526 0.05
11000 10037 0.2
11000 8629 0.01
11002 4152 0.05
11003 9099 0.2
11003 8193 0.01
11003 5490 0.01
11005 8883 0.2
11005 4152 0.2
11005 9088 0.2
11005 11031 0.05
11007 11788 0.2
11007 254 0.05
11007 1422 0.05
11007 5669 0.01
11008 4152 0.2
11008 5145 0.05
11008 4643 0.05
11008 10096 0.2
11009 719 0.01
11009 9383 0.01
11009 9721 0.01
11009 3568 0.2
11011 4152 0.2
11012 10195 0.01
11012 2473 0.01
11012 10099 0.01
11012 11481 0.05
11012 12019 0.2
11012 9633 0.05
11012 6545 0.05
11012 2691 0.05
11012 11585 0.2
11012 12311 0.05
11012 5729 0.01
11012 5066 0.2
11012 11111 0.05
11012 5071 0.01
11012 3071 0.01
11012 2398 0.2
11012 9531 0.2
11012 7565 0.05
11012 9322 0.05
11012 8037 0.01
11012 1613 0.01
11012 10633 0.01
11012 10891 0.05
11012 12617 0.05
11012 10675 0.01
11012 6819 0.2
11012 6678 0.01
11012 4445 0.2
11012 9631 0.05
11012 12336 0.01
11012 1622 0.01
11012 5619 0.05
11012 11609 0.05
11012 5340 0.01
11012 8574 0.05
11012 12153 0.01
11012 4824 0.2
11012 1865 0.2
11012 8292 0.01
11012 10690 0.01
11012 7749 0.05
11012 1213 0.01
11012 4209 0.05
11012 4042 0.2
11012 4341 0.01
11012 1879 0.01
11012 7609 0.2
11014 3514 0.01
11014 4152 0.2
11015 8173 0.05
11015 7219 0.2
11015 191 0.05
11015 1319 0.2
11015 1468 0.05
11015 10367 0.05
11015 8568 0.05
11015 204 0.01
11015 11695 0.2
11015 1409 0.01
11015 12436 0.05
11015 4042 0.01
11015 2964 0.01
11015 8122 0.05
11017 4152 0.01
11017 4814 0.01
11019 2016 0.05
11021 4152 0.2
11022 9032 0.05
11023 12147 0.2
11024 2881 0.05
11024 3899 0.05
11024 91 0.2
11024 5872 0.2
11024 8137 0.01
11025 2737 0.05
11025 3018 0.2
11026 9088 0.01
11027 9088 0.2
11027 3145 0.05
11028 185 0.01
11028 7843 0.05
11028 5297 0.2
11029 2063 0.2
11031 8883 0.01
11031 4152 0.2
11031 9088 0.05
11031 11005 0.01
11033 9531 0.05
11034 4152 0.2
11035 4152 0.05
11036 10377 0.2
11037 4152 0.05
11038 2637 0.2
11039 4152 0.01
11040 3656 0.2
11041 4152 0.01
11041 8587 0.2
11041 5455 0.2
11042 8991 0.05
11042 9068 0.01
11043 8935 0.05
11043 174 0.01
11043 9715 0.2
11043 7324 0.2
11043 9716 0.05
11043 3842 0.2
11043 12343 0.05
11043 12084 0.2
11043 3217 0.01
11043 7810 0.05
11043 8170 0.01
11043 9167 0.2
11043 10812 0.01
11043 8361 0.05
11043 2004 0.05
11043 9174 0.2
11043 204 0.01
11043 4250 0.2
11043 1622 0.01
11043 5435 0.05
11043 5436 0.01
11043 9359 0.01
11043 6654 0.2
11043 9360 0.2
11043 11921 0.01
11043 5620 0.05
11043 12115 0.05
11043 8392 0.05
11043 9562 0.01
11043 9564 0.01
11043 11326 0.01
11043 3676 0.05
11043 430 0.01
11043 5272 0.01
11043 7959 0.2
11043 234 0.05
11043 7625 0.2
11043 6673 0.01
11043 11122 0.01
11043 2256 0.05
11043 1854 0.01
11043 70 0.05
11043 1857 0.05
11043 9786 0.05
11043 9720 0.05
11043 11136 0.05
11043 9789 0.2
11043 78 0.2
11043 1527 0.2
11043 6094 0.2
11043 8625 0.2
11043 12534 0.05
11043 9605 0.01
11043 6976 0.2
11043 6508 0.05
11043 5487 0.01
11043 273 0.01
11043 5872 0.05
11043 871 0.2
11043 6512 0.2
11043 3110 0.2
11043 2896 0.05
11043 3526 0.01
11043 1297 0.2
11043 10421 0.01
11043 12576 0.2
11043 6003 0.05
11043 4939 0.01
11043 10037 0.2
11043 2928 0.01
11043 9843 0.2
11043 1319 0.2
11043 4556 0.2
11043 8875 0.2
11043 9851 0.01
11043 6341 0.01
11043 12590 0.2
11043 9090 0.01
11043 4152 0.2
11043 8672 0.01
11043 2728 0.2
11043 6146 0.2
11043 7719 0.05
11043 932 0.05
11043 9288 0.05
11043 10852 0.2
11043 2969 0.2
11043 4991 0.05
11043 10474 0.01
11043 9128 0.2
11043 1371 0.05
11043 6984 0.05
11043 9505 0.05
11043 10695 0.05
11044 4152 0.05
11046 4152 0.01
11048 7810 0.01
11049 3002 0.2
11049 320 0.05
11049 4842 0.05
11049 6876 0.01
11049 113 0.01
11049 2562 0.01
11049 10094 0.01
11049 7030 0.2
11050 4152 0.2
11051 11326 0.01
11052 9068 0.05
11056 501 0.05
11056 4592 0.05
11056 112 0.2
11056 4116 0.05
11056 514 0.01
11056 4963 0.2
11056 4152 0.2
11057 4152 0.2
11059 9088 0.2
11060 4152 0.05
11061 2399 0.01
11061 11378 0.01
11064 10002 0.2
11065 5462 0.01
11065 4152 0.05
11066 5272 0.01
11066 4066 0.2
11066 11434 0.2
11068 9496 0.05
11068 4814 0.01
11068 438 0.2
11068 4066 0.05
11068 1622 0.2
11068 4152 0.2
11068 2242 0.2
11069 4152 0.01
11070 7456 0.2
11071 12411 0.2
11071 4152 0.05
11072 4152 0.05
11073 11497 0.01
11073 1280 0.01
11074 9088 0.05
11075 5842 0.2
11076 4152 0.2
11078 7746 0.01
11078 3503 0.2
11078 2373 0.2
11078 6076 0.01
11078 8865 0.2
11078 4461 0.01
11079 6815 0.01
11079 9088 0.05
11079 7875 0.01
11079 3114 0.2
11081 452 0.2
11081 7888 0.2
11081 5123 0.05
11081 9088 0.01
11081 3114 0.05
11081 5554 0.2
11082 1704 0.01
11083 4734 0.05
11083 5309 0.2
11083 672 0.05
11083 4021 0.2
11083 10204 0.05
11083 432 0.01
11083 64 0.01
11083 2146 0.01
11083 5415 0.05
11083 9088 0.2
11083 11845 0.01
11083 3940 0.2
11083 3388 0.01
11083 5332 0.05
11083 12335 0.05
11083 5145 0.2
11083 7863 0.05
11083 7414 0.2
11083 10238 0.2
11083 4042 0.05
11083 1869 0.01
11083 1329 0.05
11083 4152 0.2
11083 7953 0.01
11083 90 0.2
11085 8856 0.2
11087 5219 0.05
11087 3504 0.2
11088 1757 0.05
11088 4152 0.01
11088 9088 0.01
11088 3618 0.01
11089 4310 0.05
11090 9602 0.01
11090 7324 0.2
11090 1255 0.2
11090 7166 0.2
11091 4152 0.2
11091 9088 0.2
11092 4152 0.2
11093 9088 0.01
11094 2276 0.2
11094 4152 0.2
11095 9753 0.2
11096 1422 0.2
11097 1686 0.05
11098 3246 0.01
11099 1372 0.2
11100 4152 0.01
11102 4042 0.01
11102 9531 0.01
11102 4250 0.05
11102 4525 0.01
11102 11695 0.05
11102 4152 0.2
11103 2493 0.2
11103 1467 0.01
11103 6904 0.01
11103 640 0.2
11103 2199 0.05
11103 2776 0.01
11104 831 0.01
11104 10609 0.05
11104 8512 0.2
11104 7048 0.01
11104 10440 0.2
11104 2896 0.2
11105 4152 0.05
11106 10811 0.2
11107 4152 0.2
11108 11111 0.2
11109 4152 0.05
11110 4152 0.05
11111 5811 0.05
11111 6408 0.01
11111 1316 0.05
11111 1310 0.01
11111 8254 0.01
11111 7749 0.01
11111 2398 0.01
11111 11108 0.05
11111 5053 0.2
11111 1879 0.2
11111 12628 0.05
11111 6261 0.05
11111 12173 0.05
11112 10901 0.01
11113 7494 0.2
11113 871 0.01
11113 9088 0.01
11114 2542 0.2
11115 12268 0.2
11115 280 0.01
11115 6908 0.2
11116 4152 0.2
11116 10037 0.01
11117 2416 0.05
11119 4487 0.01
11120 1607 0.2
11120 5554 0.05
11120 6604 0.2
11121 8273 0.01
11121 4785 0.01
11121 9807 0.2
11121 12602 0.05
11121 2193 0.2
11121 8163 0.05
11121 8745 0.05
11121 7940 0.05
11121 7779 0.2
11121 6318 0.2
11121 3132 0.05
11121 4542 0.01
11121 11513 0.01
11121 8181 0.2
11121 4864 0.01
11121 10037 0.2
11121 3900 0.01
11121 519 0.01
11121 5709 0.2
11121 6077 0.2
11121 2828 0.05
11121 9088 0.05
11121 759 0.05
11121 8158 0.01
11122 7376 0.2
11122 6512 0.01
11124 3246 0.2
11127 9950 0.2
11127 10450 0.01
11127 10493 0.01
11127 1827 0.01
11127 3625 0.01
11127 6976 0.05
11127 5620 0.05
11127 2239 0.2
11127 9715 0.2
11127 6257 0.05
11127 5066 0.05
11127 7929 0.05
11127 11434 0.01
11127 3114 0.01
11127 431 0.01
11127 5272 0.01
11127 4796 0.2
11127 9720 0.01
11127 11788 0.01
11127 6754 0.01
11127 2954 0.01
11127 7249 0.05
11127 4250 0.2
11127 11695 0.01
11127 11748 0.05
11127 5028 0.01
11127 6020 0.05
11127 8184 0.01
11127 2644 0.2
11127 299 0.01
11127 3538 0.01
11127 3526 0.05
11127 8510 0.05
11127 11386 0.2
11127 1468 0.2
11127 7543 0.2
11127 10811 0.01
11127 5239 0.01
11127 1364 0.2
11127 249 0.05
11127 10375 0.2
11127 5145 0.01
11127 5970 0.01
11127 12149 0.05
11127 1622 0.01
11127 10037 0.01
11127 5554 0.05
11127 2926 0.01
11127 211 0.05
11127 5482 0.05
11127 9082 0.01
11127 4454 0.05
11127 10690 0.01
11127 10879 0.05
11127 7231 0.01
11127 12201 0.2
11127 10588 0.2
11127 5662 0.01
11127 9088 0.01
11127 4042 0.2
11127 1376 0.05
11127 9912 0.01
11127 4966 0.01
11127 11333 0.01
11127 1733 0.01
11127 4152 0.01
11127 2334 0.05
11127 9571 0.2
11127 3676 0.2
11128 4152 0.01
11129 11799 0.05
11130 174 0.01
11130 2992 0.01
11130 10708 0.05
11130 1387 0.2
11130 8938 0.01
11130 4615 0.01
11130 7936 0.01
11130 8350 0.2
11130 6621 0.2
11130 9715 0.01
11130 11065 0.01
11130 7382 0.01
11130 4793 0.2
11130 8792 0.05
11130 6006 0.01
11130 592 0.01
11130 6414 0.01
11130 9720 0.2
11130 12084 0.2
11130 1993 0.2
11130 24 0.01
11130 8167 0.2
11130 5684 0.05
11130 9531 0.01
11130 905 0.01
11130 795 0.05
11130 8361 0.05
11130 3764 0.2
11130 9733 0.05
11130 3025 0.01
11130 1413 0.2
11130 2004 0.01
11130 9946 0.05
11130 9032 0.01
11130 2813 0.05
11130 9174 0.05
11130 613 0.01
11130 8568 0.05
11130 4040 0.01
11130 3381 0.01
11130 1674 0.2
11130 1422 0.2
11130 1622 0.05
11130 3651 0.05
11130 208 0.01
11130 1758 0.2
11130 10534 0.2
11130 8574 0.2
11130 8575 0.2
11130 10495 0.01
11130 5435 0.05
11130 672 0.2
11130 8977 0.01
11130 9356 0.2
11130 5805 0.2
11130 617 0.05
11130 2016 0.01
11130 10913 0.01
11130 11921 0.01
11130 4463 0.05
11130 11922 0.01
11130 5620 0.01
11130 8017 0.05
11130 4838 0.2
11130 7816 0.01
11130 4066 0.05
11130 2435 0.01
11130 11326 0.05
11130 9565 0.01
11130 6254 0.01
11130 10153 0.05
11130 1230 0.2
11130 674 0.05
11130 12123 0.05
11130 2455 0.01
11130 831 0.05
11130 6466 0.01
11130 8609 0.01
11130 9984 0.05
11130 9203 0.2
11130 5074 0.01
11130 12129 0.2
11130 438 0.05
11130 12321 0.01
11130 234 0.01
11130 9147 0.01
11130 639 0.2
11130 9777 0.01
11130 7008 0.01
11130 8031 0.2
11130 6076 0.05
11130 6673 0.05
11130 3729 0.01
11130 12131 0.01
11130 11121 0.2
11130 6479 0.01
11130 7843 0.05
11130 9782 0.01
11130 241 0.05
11130 9158 0.05
11130 1663 0.01
11130 561 0.2
11130 12139 0.01
11130 6449 0.05
11130 2850 0.2
11130 70 0.2
11130 3086 0.2
11130 1857 0.05
11130 249 0.05
11130 6492 0.05
11130 1058 0.01
11130 4846 0.01
11130 78 0.2
11130 3382 0.01
11130 3281 0.01
11130 1527 0.05
11130 7407 0.01
11130 2921 0.2
11130 6094 0.2
11130 2276 0.05
11130 11687 0.05
11130 3769 0.05
11130 8055 0.01
11130 9410 0.01
11130 7865 0.2
11130 8625 0.01
11130 12534 0.2
11130 9843 0.05
11130 6976 0.2
11130 9232 0.01
11130 5487 0.2
11130 2473 0.01
11130 6884 0.01
11130 3296 0.2
11130 5971 0.05
11130 2888 0.01
11130 6108 0.05
11130 7412 0.01
11130 12388 0.2
11130 4156 0.05
11130 8445 0.05
11130 676 0.05
11130 4701 0.01
11130 7883 0.01
11130 12552 0.2
11130 11788 0.05
11130 9427 0.05
11130 8852 0.2
11130 7312 0.01
11130 4537 0.2
11130 8075 0.01
11130 10982 0.05
11130 1507 0.05
11130 10421 0.05
11130 1371 0.01
11130 4738 0.01
11130 12224 0.01
11130 12566 0.2
11130 12024 0.05
11130 4129 0.2
11130 6540 0.05
11130 399 0.05
11130 7127 0.2
11130 8003 0.2
11130 8464 0.2
11130 3545 0.2
11130 8306 0.2
11130 515 0.05
11130 5701 0.05
11130 7324 0.2
11130 124 0.05
11130 518 0.2
11130 2926 0.01
11130 4435 0.01
11130 5342 0.01
11130 2928 0.2
11130 5148 0.01
11130 9448 0.2
11130 1319 0.2
11130 1373 0.01
11130 11772 0.01
11130 367 0.01
11130 4556 0.01
11130 6003 0.01
11130 1321 0.01
11130 9088 0.05
11130 8426 0.05
11130 4152 0.01
11130 11140 0.2
11130 9658 0.2
11130 6347 0.2
11130 5163 0.2
11130 4371 0.01
11130 6943 0.05
11130 719 0.2
11130 3566 0.01
11130 2728 0.2
11130 5359 0.01
11130 3771 0.05
11130 9466 0.05
11130 6146 0.01
11130 724 0.05
11130 5938 0.05
11130 926 0.01
11130 10782 0.2
11130 12576 0.2
11130 2954 0.01
11130 5362 0.05
11130 9602 0.05
11130 8118 0.05
11130 11241 0.2
11130 2737 0.05
11130 6961 0.01
11130 10220 0.05
11130 6963 0.05
11130 9288 0.01
11130 11434 0.05
11130 8319 0.2
11130 9674 0.01
11130 10695 0.2
11130 2408 0.01
11130 7536 0.2
11130 1949 0.2
11130 12238 0.2
11130 4983 0.2
11130 10852 0.05
11130 5272 0.01
11130 739 0.2
11130 3478 0.2
11130 4103 0.2
11130 3797 0.05
11130 11232 0.05
11130 9491 0.05
11130 9605 0.2
11130 2159 0.2
11130 8512 0.2
11130 5549 0.2
11130 3181 0.2
11130 160 0.05
11130 1961 0.01
11130 8875 0.01
11130 4991 0.01
11130 10474 0.01
11130 4000 0.05
11130 11462 0.2
11130 12436 0.05
11130 12437 0.01
11130 11256 0.01
11130 5555 0.01
11130 8334 0.05
11130 6984 0.2
11130 9716 0.05
11130 10483 0.01
11130 2442 0.05
11130 12190 0.05
11130 5173 0.05
11130 4484 0.05
11130 2172 0.01
11130 1975 0.05
11130 10291 0.05
11130 272 0.01
11131 5844 0.2
11131 3504 0.2
11132 4152 0.2
11134 4152 0.05
11135 11274 0.01
11136 24 0.2
11136 9088 0.2
11136 1319 0.05
11137 4152 0.05
11137 8806 0.05
11138 4152 0.01
11138 9088 0.01
11139 4152 0.05
11140 3869 0.05
11140 9922 0.2
11140 6756 0.05
11140 1975 0.05
11140 8137 0.01
11140 9705 0.2
11140 272 0.01
11143 4152 0.01
11145 10065 0.01
11145 5731 0.2
11145 1089 0.2
11146 4152 0.01
11147 3568 0.05
11148 4152 0.2
11149 9088 0.2
11150 3094 0.05
11151 3409 0.05
11151 9843 0.05
11151 2004 0.01
11151 4066 0.05
11151 614 0.05
11151 10012 0.05
11151 2016 0.01
11151 2242 0.05
11151 3188 0.2
11151 4152 0.01
11151 7369 0.2
11152 4152 0.05
11153 1017 0.01
11154 1622 0.05
11154 4152 0.2
11154 10862 0.01
11155 4152 0.01
11156 9088 0.2
11157 10037 0.01
11158 4152 0.2
11159 4152 0.2
11161 4522 0.01
11162 191 0.05
11163 6182 0.05
11164 5446 0.01
11164 6460 0.2
11164 12456 0.2
11164 9241 0.01
11164 3842 0.05
11164 6982 0.2
11164 438 0.05
11164 934 0.2
11164 2798 0.05
11164 6125 0.05
11164 9484 0.01
11164 8361 0.01
11164 3436 0.01
11164 4442 0.05
11164 8365 0.01
11164 1147 0.05
11164 9538 0.05
11164 4496 0.01
11164 8912 0.05
11164 1201 0.01
11164 5145 0.05
11164 11462 0.01
11164 9899 0.01
11164 2325 0.01
11164 2921 0.05
11164 3906 0.01
11164 418 0.05
11164 420 0.05
11164 1975 0.01
11164 3618 0.2
11164 2176 0.2
11164 1993 0.01
11164 5620 0.01
11165 4152 0.05
11167 1236 0.2
11167 9851 0.01
11167 561 0.05
11169 5487 0.05
11169 91 0.01
11169 6152 0.01
11169 9757 0.2
11169 10495 0.01
11169 4066 0.2
11169 6512 0.05
11169 7414 0.05
11169 3156 0.01
11169 926 0.05
11169 4700 0.05
11169 174 0.05
11169 7382 0.2
11169 4793 0.01
11169 12123 0.01
11169 2242 0.05
11169 4701 0.01
11169 831 0.05
11169 12552 0.2
11169 11788 0.01
11169 10609 0.05
11169 12084 0.2
11169 438 0.05
11169 234 0.2
11169 8167 0.01
11169 9528 0.2
11169 7810 0.01
11169 494 0.05
11169 6673 0.01
11169 387 0.2
11169 8854 0.01
11169 7536 0.01
11169 11121 0.2
11169 1949 0.2
11169 1759 0.05
11169 10421 0.2
11169 6719 0.2
11169 12566 0.01
11169 2004 0.01
11169 8512 0.2
11169 4040 0.01
11169 1910 0.2
11169 1422 0.05
11169 11083 0.2
11169 7324 0.2
11169 12581 0.05
11169 11855 0.05
11169 8361 0.01
11169 9851 0.01
11169 6984 0.01
11169 6093 0.05
11169 9843 0.05
11169 1319 0.05
11169 2276 0.05
11169 8220 0.2
11169 1961 0.05
11169 8672 0.05
11169 1413 0.05
11169 7865 0.05
11169 10695 0.05
11169 2016 0.2
11169 1975 0.05
11169 12534 0.05
11169 9605 0.01
11169 1527 0.05
11169 11922 0.01
11170 2290 0.2
11172 7572 0.05
11173 1845 0.05
11173 10042 0.01
11173 8089 0.2
11174 9088 0.2
11175 10965 0.01
11176 12268 0.2
11176 9154 0.05
11178 9088 0.01
11179 9624 0.2
11180 9272 0.2
11180 6845 0.2
11180 2593 0.01
11180 10074 0.05
11180 3378 0.05
11180 7445 0.01
11181 10691 0.2
11182 4152 0.2
11182 9088 0.01
11182 4250 0.2
11182 9715 0.05
11182 2601 0.01
11183 1214 0.01
11183 4701 0.01
11184 6341 0.2
11184 12556 0.05
11185 7218 0.2
11187 12574 0.05
11188 5071 0.01
11188 10195 0.05
11188 4152 0.01
11188 6673 0.2
11189 4152 0.2
11191 11213 0.01
11192 2507 0.05
11192 4152 0.2
11193 10811 0.05
11194 4152 0.01
11194 989 0.01
11195 4152 0.01
11196 12188 0.01
11196 12294 0.2
11196 6416 0.2
11196 174 0.2
11196 4450 0.05
11196 8200 0.05
11196 871 0.2
11196 6754 0.01
11196 1284 0.2
11196 8574 0.01
11196 8568 0.2
11196 11326 0.2
11196 4780 0.01
11196 9720 0.05
11196 9700 0.01
11196 9088 0.2
11196 10578 0.01
11196 8000 0.2
11196 4793 0.01
11196 4152 0.05
11196 6508 0.01
11198 4152 0.01
11199 10985 0.05
11200 7536 0.05
11200 12071 0.01
11200 4152 0.01
11200 6508 0.2
11202 4152 0.2
11203 4152 0.2
11204 3526 0.01
11204 8785 0.01
11204 8040 0.01
11204 11589 0.2
11204 1880 0.2
11205 4152 0.05
11207 267 0.01
11208 4152 0.01
11209 3231 0.2
11210 3568 0.05
11210 1468 0.2
11210 857 0.05
11210 9531 0.05
11210 9339 0.05
11210 1622 0.2
11210 10037 0.01
11210 2896 0.2
11211 4152 0.2
11212 4152 0.01
11213 11191 0.2
11214 4152 0.2
11215 4152 0.01
11216 4152 0.2
11217 1371 0.01
11217 6044 0.05
11217 5902 0.01
11217 12566 0.05
11217 4129 0.01
11217 9491 0.2
11217 2248 0.05
11217 9466 0.01
11217 8170 0.2
11217 6146 0.05
11217 11233 0.05
11217 9658 0.05
11217 3729 0.05
11217 4701 0.05
11220 4152 0.2
11221 4152 0.05
11222 10811 0.01
11224 8132 0.05
11225 4152 0.2
11226 7324 0.01
11226 5407 0.05
11227 12224 0.01
11227 7926 0.2
11228 4152 0.05
11229 10483 0.05
11229 3734 0.05
11229 5163 0.01
11230 12566 0.2
11230 12590 0.2
11231 6311 0.05
11231 4152 0.01
11231 10811 0.01
11231 12341 0.2
11232 8935 0.2
11232 4080 0.05
11232 7647 0.2
11232 276 0.05
11232 5482 0.05
11232 5145 0.05
11232 4152 0.05
11235 1965 0.2
11235 1520 0.05
11236 5487 0.2
11236 1386 0.05
11236 2256 0.2
11236 9337 0.01
11237 1224 0.2
11237 12376 0.05
11237 4337 0.01
11237 1622 0.2
11237 4152 0.05
11237 5554 0.01
11238 7911 0.01
11239 7426 0.2
11239 9560 0.05
11239 2888 0.01
11239 8173 0.01
11239 10495 0.05
11239 10497 0.01
11239 2388 0.05
11239 8681 0.01
11239 2242 0.01
11239 4701 0.2
11239 5071 0.2
11239 4450 0.2
11239 438 0.01
11239 24 0.2
11239 7625 0.2
11239 9936 0.01
11239 12376 0.05
11239 3734 0.05
11239 6076 0.05
11239 7808 0.05
11239 7218 0.2
11239 9733 0.01
11239 739 0.05
11239 2455 0.01
11239 7082 0.2
11239 70 0.01
11239 9491 0.05
11239 8512 0.01
11239 2063 0.01
11239 3702 0.05
11239 2817 0.05
11239 7324 0.2
11239 1622 0.2
11239 653 0.01
11239 2700 0.01
11239 3094 0.2
11239 8426 0.2
11239 2276 0.05
11239 9088 0.05
11239 1071 0.2
11239 4152 0.2
11239 7369 0.01
11240 7411 0.2
11241 4352 0.2
11241 11130 0.2
11241 9088 0.05
11241 4448 0.01
11241 3395 0.05
11241 4152 0.2
11241 12340 0.2
11241 10037 0.01
11241 9026 0.2
11242 7970 0.01
11243 1622 0.05
11244 8609 0.01
11247 8881 0.01
11247 8386 0.2
11248 2992 0.05
11250 4152 0.01
11251 1449 0.01
11251 9843 0.05
11251 3618 0.2
11251 5482 0.01
11251 3469 0.05
11251 2016 0.05
11251 5554 0.2
11251 4701 0.2
11252 1884 0.01
11253 9387 0.05
11255 4152 0.01
11256 4154 0.2
11256 8017 0.01
11256 4786 0.01
11256 1387 0.01
11256 7412 0.01
11256 2088 0.2
11256 3920 0.05
11256 6414 0.01
11256 392 0.05
11256 1525 0.01
11256 9782 0.01
11256 2408 0.05
11256 4589 0.2
11256 12388 0.05
11256 2815 0.2
11256 160 0.01
11256 3394 0.05
11256 7026 0.2
11256 92 0.2
11256 8661 0.01
11256 11713 0.05
11256 10037 0.01
11256 11360 0.01
11256 11469 0.01
11256 617 0.2
11256 8875 0.05
11256 6990 0.05
11256 107 0.05
11256 4152 0.01
11257 3234 0.01
11257 371 0.05
11258 7883 0.01
11258 5297 0.05
11259 7294 0.05
11259 10702 0.2
11259 173 0.05
11259 7471 0.01
11259 10055 0.2
11259 7699 0.05
11259 7603 0.05
11259 12207 0.01
11259 7721 0.05
11259 11787 0.05
11259 10313 0.05
11259 679 0.05
11259 2902 0.05
11259 9879 0.05
11259 12513 0.01
11259 1414 0.01
11259 1468 0.2
11259 9958 0.01
11259 11711 0.05
11259 7957 0.2
11259 5916 0.2
11259 6733 0.05
11259 12208 0.2
11259 9229 0.01
11259 8158 0.05
11259 3656 0.05
11259 11254 0.01
11260 1527 0.05
11260 4152 0.2
11260 9088 0.2
11260 3469 0.01
11261 4152 0.01
11262 4152 0.2
11263 1622 0.2
11264 9975 0.2
11264 4152 0.2
11264 6093 0.05
11265 1319 0.01
11266 4152 0.2
11268 4152 0.01
11269 4152 0.01
11270 7911 0.01
11271 4152 0.05
11272 9619 0.2
11273 9357 0.2
11273 2265 0.05
11274 11135 0.05
11275 4990 0.2
11275 4152 0.2
11276 4152 0.01
11277 4152 0.05
11277 9088 0.05
11278 4152 0.05
11278 6508 0.01
11279 11318 0.2
11279 8348 0.2
11279 7353 0.01
11279 4419 0.2
11280 4152 0.05
11281 2070 0.01
11281 961 0.2
11282 12593 0.2
11283 9753 0.2
11284 7416 0.01
11284 9088 0.2
11284 5145 0.01
11284 10118 0.05
11286 10695 0.05
11287 11319 0.05
11288 4615 0.2
11289 4152 0.01
11291 1527 0.2
11291 10037 0.2
11292 9088 0.01
11292 11326 0.05
11293 4152 0.01
11294 4152 0.05
11295 4450 0.01
11296 9466 0.05
11296 1292 0.2
11297 4112 0.05
11298 9437 0.01
11298 5253 0.2
11298 11600 0.05
11298 4152 0.01
11300 11489 0.05
11300 12499 0.01
11300 11980 0.01
11300 10774 0.05
11300 2911 0.2
11300 4152 0.01
11300 1084 0.2
11301 94 0.01
11303 4152 0.2
11304 9721 0.01
11306 4668 0.01
11307 4152 0.05
11308 4991 0.01
11308 10533 0.01
11308 5795 0.2
11309 5071 0.2
11309 4404 0.01
11309 6071 0.2
11309 9843 0.2
11309 7066 0.01
11309 10863 0.05
11309 3247 0.05
11309 10811 0.01
11309 418 0.2
11309 936 0.01
11309 8499 0.01
11309 9088 0.2
11309 5066 0.2
11309 4152 0.2
11309 10698 0.01
11309 5554 0.05
11310 7647 0.2
11310 9904 0.01
11310 4522 0.2
11310 9491 0.01
11310 1527 0.05
11310 936 0.05
11310 9088 0.05
11310 2016 0.05
11310 3171 0.05
11310 1422 0.2
11310 12149 0.01
11310 9975 0.2
11310 4152 0.05
11310 5554 0.01
11311 4313 0.2
11311 208 0.2
11311 3967 0.05
11312 9484 0.2
11313 10862 0.01
11314 4152 0.01
11315 10249 0.01
11316 4152 0.2
11318 4836 0.05
11318 174 0.2
11318 9094 0.01
11318 2835 0.2
11318 10495 0.01
11318 3205 0.2
11318 672 0.05
11318 10357 0.2
11318 1200 0.2
11318 11788 0.01
11318 191 0.2
11318 7625 0.01
11318 11695 0.05
11318 4152 0.05
11318 409 0.01
11318 8568 0.2
11318 9790 0.2
11318 6093 0.01
11318 3503 0.05
11318 5482 0.2
11318 1216 0.2
11318 12401 0.2
11318 10698 0.01
11318 90 0.01
11318 3409 0.01
11319 4152 0.01
11319 9088 0.01
11319 10811 0.05
11320 9368 0.05
11320 5703 0.01
11320 5489 0.05
11321 5822 0.01
11321 10055 0.2
11321 8121 0.01
11321 857 0.01
11321 8793 0.2
11321 6771 0.05
11321 12088 0.01
11322 5613 0.2
11323 4152 0.05
11323 7037 0.2
11324 4152 0.05
11325 4152 0.05
11325 12150 0.01
11325 3185 0.01
11326 2990 0.2
11326 4836 0.05
11326 2637 0.05
11326 7613 0.2
11326 9938 0.01
11326 871 0.05
11326 3469 0.01
11326 9565 0.05
11326 3207 0.2
11326 1884 0.2
11326 8212 0.05
11326 4796 0.2
11326 5887 0.2
11326 11941 0.01
11326 10884 0.01
11326 6504 0.05
11326 12513 0.2
11326 6128 0.01
11326 1241 0.01
11326 2257 0.2
11326 3370 0.01
11326 8082 0.05
11326 2107 0.05
11326 1814 0.2
11326 9587 0.01
11326 4047 0.01
11326 5554 0.2
11326 3142 0.2
11326 12401 0.2
11326 1625 0.01
11326 1527 0.05
11326 9088 0.2
11326 90 0.2
11326 11051 0.01
11326 2228 0.2
11326 4152 0.2
11326 6508 0.2
11326 8104 0.05
11327 10103 0.2
11328 4152 0.2
11329 5145 0.01
11330 9496 0.01
11332 4152 0.2
11333 10333 0.01
11333 11127 0.01
11333 2637 0.05
11333 3554 0.2
11333 11571 0.2
11333 1319 0.01
11333 12576 0.05
11333 3205 0.05
11333 4700 0.2
11333 9088 0.05
11333 2016 0.01
11333 1084 0.2
11333 9975 0.05
11333 9495 0.01
11333 4152 0.05
11333 1417 0.2
11333 1622 0.2
11333 5554 0.2
11334 4152 0.01
11335 4152 0.01
11337 3481 0.01
11337 3560 0.01
11337 5239 0.05
11337 9137 0.01
11337 7684 0.2
11337 4152 0.05
11337 9624 0.2
11338 4152 0.05
11339 5069 0.01
11340 8073 0.2
11342 2470 0.01
11343 4152 0.05
11343 9088 0.05
11343 5145 0.2
11343 9288 0.01
11343 3175 0.01
11346 4152 0.01
11348 5600 0.2
11348 11273 0.05
11348 6563 0.05
11348 10481 0.2
11348 3567 0.01
11348 6983 0.01
11348 8237 0.2
11348 3503 0.2
11348 2889 0.05
11348 2028 0.05
11348 9357 0.05
11348 2373 0.01
11348 7867 0.01
11348 9715 0.05
11348 3776 0.2
11348 5120 0.01
11348 2265 0.01
11348 4461 0.2
11348 2283 0.01
11349 4152 0.05
11350 4152 0.05
11351 4525 0.05
11351 10025 0.01
11351 4152 0.01
11351 11748 0.01
11351 9094 0.2
11352 1686 0.01
11353 2398 0.05
11354 4731 0.01
11355 719 0.05
11355 10108 0.2
11355 9531 0.05
11356 4152 0.05
11358 8920 0.2
11358 9531 0.05
11358 7625 0.05
11358 6963 0.01
11358 10860 0.01
11358 2896 0.05
11359 5272 0.2
11359 8226 0.2
11359 7197 0.2
11359 9193 0.05
11359 10285 0.2
11359 837 0.01
11359 1657 0.05
11359 11526 0.01
11359 4336 0.01
11359 9339 0.05
11359 6700 0.05
11360 8875 0.05
11361 4152 0.01
11363 5600 0.2
11363 12531 0.05
11363 8177 0.01
11363 6577 0.2
11364 2387 0.2
11365 4152 0.2
11366 4152 0.05
11367 4152 0.2
11368 1344 0.01
11368 3312 0.2
11368 1482 0.01
11372 11923 0.05
11372 211 0.2
11372 8104 0.2
11372 4152 0.2
11372 12123 0.01
11372 1319 0.05
11372 10811 0.05
11372 3469 0.05
11372 5554 0.05
11372 903 0.01
11372 1622 0.2
11372 1884 0.05
11372 10698 0.2
11372 11434 0.2
11372 12411 0.05
11373 1527 0.2
11373 4152 0.01
11374 4152 0.05
11375 9288 0.05
11375 3469 0.2
11375 9088 0.01
11375 1781 0.2
11375 10782 0.01
11375 4152 0.05
11375 12411 0.2
11375 8750 0.05
11377 7324 0.05
11377 1704 0.01
11379 4152 0.2
11381 4152 0.05
11382 12344 0.05
11383 8758 0.01
11385 4152 0.05
11386 3676 0.05
11386 7375 0.05
11386 12201 0.05
11386 1827 0.2
11386 5074 0.05
11386 6405 0.2
11386 9950 0.05
11386 11434 0.2
11386 2197 0.01
11386 9088 0.2
11386 6976 0.2
11386 9082 0.05
11386 1364 0.05
11386 5028 0.2
11386 11127 0.01
11386 299 0.05
11386 4152 0.01
11386 2644 0.2
11386 2954 0.2
11386 431 0.2
11388 10037 0.2
11389 4152 0.01
11392 1969 0.05
11393 4152 0.05
11395 4152 0.05
11396 9088 0.2
11397 5272 0.2
11398 1579 0.01
11398 1230 0.01
11398 7843 0.2
11398 10192 0.05
11398 7980 0.01
11398 10533 0.05
11399 12186 0.01
11399 4152 0.05
11400 10037 0.05
11401 2888 0.05
11402 4152 0.01
11403 8941 0.01
11404 8512 0.05
11406 1383 0.05
11406 11116 0.05
11406 9207 0.2
11406 1916 0.01
11406 6733 0.01
11407 12328 0.01
11408 4152 0.05
11409 1527 0.2
11409 4152 0.01
11411 4152 0.2
11413 4988 0.05
11413 4152 0.2
11413 8401 0.2
11414 8173 0.2
11414 47 0.01
11414 234 0.05
11414 10339 0.01
11414 2016 0.2
11414 9674 0.01
11414 1622 0.01
11414 12123 0.05
11414 299 0.2
11415 4152 0.05
11416 4152 0.01
11416 10517 0.01
11417 4152 0.2
11418 9843 0.05
11418 3388 0.01
11418 10811 0.01
11418 919 0.2
11418 9088 0.2
11418 1216 0.01
11418 5117 0.05
11418 4031 0.01
11418 3114 0.05
11419 9247 0.05
11420 8847 0.01
11420 9265 0.2
11420 7921 0.01
11420 10441 0.05
11420 5904 0.2
11421 4152 0.2
11421 9088 0.01
11422 8935 0.2
11423 4152 0.2
11425 12552 0.05
11425 12224 0.05
11425 12213 0.05
11425 10939 0.01
11425 10609 0.01
11425 2004 0.2
11425 8512 0.05
11425 4040 0.01
11425 1430 0.2
11425 1422 0.2
11425 2247 0.05
11425 2896 0.01
11425 4957 0.05
11426 4152 0.2
11427 9088 0.2
11428 9088 0.2
11430 4152 0.01
11431 8512 0.2
11432 6128 0.01
11433 12178 0.2
11434 2324 0.01
11434 7375 0.01
11434 3832 0.01
11434 2388 0.2
11434 11884 0.05
11434 4796 0.01
11434 6416 0.01
11434 10884 0.2
11434 2197 0.05
11434 9339 0.05
11434 6405 0.2
11434 7592 0.05
11434 1720 0.01
11434 992 0.05
11434 5794 0.01
11434 7223 0.01
11434 9698 0.05
11434 9950 0.05
11434 2818 0.05
11434 1625 0.05
11434 8584 0.05
11434 7811 0.05
11434 10147 0.05
11434 1827 0.05
11434 10547 0.2
11434 4066 0.05
11434 3469 0.01
11434 3678 0.2
11434 431 0.01
11434 5272 0.2
11434 5074 0.01
11434 234 0.01
11434 9777 0.2
11434 11748 0.2
11434 3389 0.05
11434 2644 0.2
11434 2257 0.2
11434 11127 0.01
11434 3840 0.05
11434 8045 0.05
11434 3710 0.01
11434 8426 0.05
11434 5101 0.05
11434 11571 0.05
11434 5482 0.01
11434 10588 0.2
11434 5662 0.2
11434 4098 0.2
11434 12534 0.05
11434 1071 0.01
11434 6508 0.01
11434 10197 0.2
11434 4700 0.05
11434 1884 0.01
11434 4701 0.01
11434 12525 0.2
11434 1099 0.05
11434 12119 0.05
11434 3535 0.01
11434 299 0.05
11434 6126 0.2
11434 12576 0.01
11434 5145 0.2
11434 2926 0.05
11434 1319 0.01
11434 9793 0.01
11434 9088 0.05
11434 4152 0.05
11434 11822 0.05
11434 8104 0.01
11434 7017 0.2
11434 10450 0.01
11434 2954 0.05
11434 9410 0.05
11434 12039 0.2
11434 9484 0.05
11434 7536 0.05
11434 5071 0.2
11434 11651 0.05
11434 11653 0.2
11434 1364 0.2
11434 5970 0.01
11434 4003 0.2
11434 8917 0.01
11434 5555 0.05
11434 9773 0.01
11434 4412 0.01
11435 9088 0.2
11436 9088 0.05
11437 10495 0.2
11437 6303 0.05
11437 9088 0.05
11437 6508 0.05
11439 1237 0.05
11439 5239 0.05
11440 1750 0.05
11443 4152 0.05
11444 4152 0.01
11445 4152 0.05
11446 9292 0.2
11447 4152 0.01
11448 4152 0.05
11449 498 0.01
11451 6600 0.05
11451 2070 0.01
11451 8163 0.05
11451 10533 0.01
11451 10717 0.01
11451 2896 0.2
11451 4957 0.2
11453 4152 0.01
11454 5272 0.2
11454 739 0.05
11454 11005 0.2
11454 12123 0.2
11454 9843 0.2
11454 8976 0.05
11454 11232 0.2
11454 4066 0.05
11454 12284 0.05
11454 11434 0.2
11454 3172 0.01
11454 12411 0.2
11454 4152 0.2
11454 8672 0.2
11454 2896 0.2
11454 10540 0.01
11455 8926 0.2
11455 871 0.05
11455 2728 0.05
11455 9975 0.2
11455 5071 0.2
11455 9720 0.01
11455 3618 0.05
11455 9674 0.01
11455 2101 0.05
11455 1468 0.2
11455 1757 0.01
11455 8045 0.01
11455 3280 0.05
11455 10037 0.01
11455 905 0.05
11455 3901 0.2
11455 5978 0.05
11455 10778 0.05
11455 5482 0.05
11455 7283 0.01
11455 4149 0.01
11455 9088 0.2
11455 3507 0.05
11455 4213 0.01
11455 4152 0.2
11455 6508 0.01
11455 2428 0.05
11456 2551 0.2
11456 5010 0.01
11456 11075 0.01
11456 2813 0.01
11456 9851 0.2
11456 7926 0.2
11456 964 0.2
11458 4152 0.01
11459 10811 0.01
11460 4152 0.2
11461 7875 0.2
11462 2431 0.2
11462 6901 0.05
11462 10808 0.05
11462 1468 0.01
11462 3625 0.01
11462 3618 0.2
11462 10141 0.01
11462 10811 0.01
11462 1201 0.01
11462 6673 0.05
11462 9088 0.2
11462 5145 0.05
11462 1197 0.05
11462 5066 0.05
11462 6663 0.2
11462 6020 0.2
11462 1622 0.2
11462 4152 0.01
11462 7162 0.01
11462 3114 0.05
11463 4152 0.01
11464 3504 0.05
11468 8711 0.05
11468 264 0.05
11468 4109 0.2
11468 3493 0.05
11469 4154 0.01
11469 8017 0.01
11469 4786 0.01
11469 1387 0.05
11469 7412 0.2
11469 2088 0.01
11469 1525 0.05
11469 3920 0.05
11469 8875 0.05
11469 6414 0.2
11469 392 0.01
11469 12465 0.05
11469 12556 0.2
11469 12231 0.01
11469 9782 0.2
11469 2408 0.2
11469 4589 0.05
11469 12388 0.01
11469 2815 0.01
11469 160 0.05
11469 7026 0.01
11469 92 0.01
11469 8661 0.05
11469 11713 0.05
11469 10037 0.05
11469 11360 0.05
11469 617 0.05
11469 2015 0.05
11469 6990 0.2
11469 107 0.05
11469 11256 0.2
11469 4152 0.2
11470 390 0.2
11470 8574 0.2
11470 1549 0.01
11470 10089 0.2
11470 12032 0.01
11470 11745 0.2
11470 1757 0.01
11470 9096 0.05
11470 4221 0.2
11470 6446 0.05
11470 12159 0.05
11470 6076 0.01
11470 4971 0.05
11470 8623 0.01
11470 5554 0.2
11472 6023 0.05
11473 4152 0.05
11474 11246 0.05
11475 4152 0.05
11478 4152 0.05
11479 8463 0.2
11479 11254 0.01
11480 2238 0.01
11481 9272 0.01
11481 10195 0.2
11481 12482 0.05
11481 10811 0.05
11481 11012 0.05
11481 8788 0.2
11481 4152 0.01
11481 6508 0.01
11483 5487 0.2
11483 4809 0.2
11483 91 0.2
11483 12552 0.2
11483 4066 0.05
11483 5297 0.05
11483 11326 0.01
11483 9851 0.2
11483 7073 0.2
11484 5272 0.2
11485 9753 0.01
11487 4152 0.05
11488 5992 0.2
11488 10485 0.05
11488 5448 0.05
11488 11775 0.2
11488 6836 0.05
11488 10495 0.01
11488 6460 0.01
11488 6158 0.2
11488 4052 0.05
11488 5529 0.05
11488 8493 0.05
11488 10203 0.05
11488 4025 0.2
11488 11434 0.2
11488 9756 0.05
11488 3406 0.2
11488 7516 0.2
11488 2962 0.2
11488 551 0.05
11488 7491 0.2
11488 7218 0.01
11488 11754 0.2
11488 10376 0.05
11488 1147 0.2
11488 8700 0.05
11488 1855 0.01
11488 7450 0.2
11488 9399 0.01
11488 7298 0.05
11488 8764 0.01
11488 1518 0.2
11488 4635 0.2
11488 10718 0.01
11488 10638 0.05
11488 6601 0.2
11488 954 0.01
11488 11768 0.2
11488 7804 0.2
11488 2014 0.2
11488 8721 0.05
11488 10487 0.2
11488 6830 0.01
11488 5928 0.2
11488 8104 0.05
11488 12539 0.05
11489 7813 0.05
11489 174 0.05
11489 7240 0.05
11489 11300 0.01
11489 9713 0.05
11489 7838 0.01
11489 3188 0.05
11489 6071 0.01
11489 438 0.05
11489 11337 0.05
11489 236 0.05
11489 11278 0.05
11489 9885 0.2
11489 3222 0.01
11489 9062 0.05
11489 8173 0.2
11489 3025 0.05
11489 5360 0.01
11489 7541 0.01
11489 4927 0.2
11489 7947 0.05
11489 5644 0.05
11489 2062 0.05
11489 669 0.2
11489 11881 0.01
11489 11298 0.2
11489 9078 0.05
11489 9499 0.05
11489 2930 0.01
11489 1478 0.05
11489 5559 0.05
11489 5003 0.01
11489 3251 0.2
11489 864 0.01
11490 5822 0.2
11490 5226 0.01
11490 1945 0.05
11490 6006 0.05
11490 1622 0.01
11490 12144 0.01
11490 10095 0.05
11491 10623 0.2
11491 4435 0.01
11492 8935 0.2
11492 4154 0.01
11492 4317 0.01
11492 7875 0.05
11492 7165 0.05
11492 1387 0.2
11492 871 0.2
11492 1831 0.2
11492 6295 0.2
11492 9324 0.01
11492 6254 0.2
11492 2292 0.01
11492 537 0.2
11492 12499 0.2
11492 4962 0.2
11492 2318 0.05
11492 3828 0.2
11492 1696 0.05
11492 9003 0.05
11492 3576 0.05
11492 1717 0.01
11492 3114 0.2
11492 4701 0.05
11492 780 0.05
11492 9720 0.01
11492 191 0.01
11492 6577 0.01
11492 3164 0.2
11492 10204 0.2
11492 3585 0.2
11492 6041 0.2
11492 12376 0.01
11492 1468 0.2
11492 3851 0.2
11492 12235 0.01
11492 9989 0.05
11492 12513 0.05
11492 4387 0.05
11492 5842 0.2
11492 4808 0.05
11492 8173 0.2
11492 5521 0.05
11492 204 0.2
11492 1707 0.05
11492 8623 0.01
11492 70 0.01
11492 6590 0.05
11492 4040 0.05
11492 5968 0.01
11492 6335 0.2
11492 4991 0.05
11492 3861 0.01
11492 1422 0.05
11492 8000 0.05
11492 9591 0.2
11492 7324 0.05
11492 1622 0.2
11492 12401 0.2
11492 4003 0.05
11492 10037 0.01
11492 5554 0.05
11492 211 0.01
11492 12238 0.01
11492 1319 0.2
11492 10690 0.05
11492 1726 0.01
11492 12345 0.2
11492 5482 0.01
11492 7683 0.01
11492 174 0.01
11492 9088 0.01
11492 592 0.01
11492 10367 0.2
11492 12403 0.05
11492 4152 0.01
11492 3409 0.05
11493 4152 0.2
11494 9699 0.2
11494 4152 0.2
11494 9088 0.05
11494 9218 0.05
11494 5511 0.01
11495 4152 0.2
11497 11073 0.05
11498 1622 0.05
11499 10917 0.05
11499 9031 0.05
11500 9222 0.05
11500 4152 0.2
11500 6508 0.05
11500 9288 0.05
11501 1527 0.01
11501 2276 0.05
11501 4152 0.01
11501 4419 0.05
11503 11922 0.05
11504 7256 0.05
11504 6694 0.01
11504 795 0.05
11505 8132 0.2
11506 5145 0.2
11508 4152 0.05
11509 4152 0.05
11510 4522 0.01
11511 4152 0.01
11511 9088 0.01
11512 4152 0.2
11514 4152 0.05
11516 4152 0.05
11517 5503 0.01
11517 8512 0.01
11517 550 0.2
11518 4152 0.2
11521 5487 0.01
11522 1783 0.01
11523 9088 0.2
11524 12179 0.01
11525 12123 0.2
11526 4152 0.2
11526 9843 0.01
11526 11571 0.05
11526 5482 0.2
11526 6508 0.01
11526 7005 0.2
11526 9088 0.01
11526 10900 0.01
11526 4793 0.2
11526 9339 0.2
11526 1884 0.01
11526 10037 0.01
11526 5554 0.05
11527 12522 0.01
11528 8468 0.05
11528 7757 0.05
11529 12294 0.01
11529 6919 0.05
11529 9088 0.2
11529 6572 0.05
11529 7076 0.05
11529 9339 0.2
11529 5120 0.05
11529 4152 0.2
11529 8894 0.05
11531 4152 0.2
11531 430 0.01
11532 4152 0.01
11533 7038 0.01
11533 273 0.2
11533 2834 0.01
11533 9693 0.01
11533 7421 0.01
11533 1443 0.01
11533 1468 0.05
11533 871 0.01
11533 10524 0.05
11533 10811 0.01
11533 4451 0.05
11533 9088 0.01
11533 10529 0.05
11533 9483 0.2
11533 7811 0.05
11533 10782 0.05
11533 4152 0.2
11533 12411 0.2
11533 3114 0.05
11534 4152 0.2
11535 3802 0.01
11535 8132 0.05
11535 6707 0.05
11536 1967 0.2
11537 2507 0.05
11537 11623 0.01
11537 10811 0.2
11537 9258 0.01
11537 9088 0.05
11537 8940 0.05
11537 4152 0.2
11537 5554 0.2
11537 10050 0.2
11539 12376 0.01
11539 1622 0.01
11539 5577 0.01
11539 3562 0.01
11539 8208 0.05
11540 10195 0.05
11540 6719 0.2
11540 3397 0.05
11540 9256 0.01
11540 5359 0.01
11540 2014 0.01
11540 12311 0.2
11540 9715 0.05
11540 5176 0.05
11540 3114 0.05
11540 8894 0.05
11540 5071 0.05
11540 7752 0.05
11540 932 0.01
11540 6010 0.05
11540 10256 0.2
11540 10367 0.2
11540 3618 0.01
11540 1187 0.2
11540 4336 0.2
11540 9484 0.05
11540 1704 0.01
11540 10376 0.2
11540 8173 0.05
11540 9489 0.05
11540 1468 0.01
11540 10811 0.01
11540 10086 0.01
11540 12576 0.01
11540 12577 0.2
11540 1422 0.05
11540 2737 0.01
11540 11658 0.2
11540 1622 0.2
11540 2020 0.05
11540 749 0.01
11540 12294 0.2
11540 10495 0.01
11540 3583 0.2
11540 9359 0.05
11540 3769 0.05
11540 12335 0.01
11540 5986 0.01
11540 9088 0.05
11540 4559 0.2
11540 4152 0.05
11540 10698 0.05
11540 1993 0.2
11540 10646 0.05
11540 9232 0.05
11541 4152 0.05
11543 5613 0.2
11544 6429 0.01
11544 12328 0.01
11544 11753 0.2
11545 4152 0.01
11547 4152 0.01
11548 10376 0.2
11548 7808 0.05
11548 9773 0.2
11548 9437 0.05
11548 3483 0.05
11548 9480 0.2
11548 9088 0.01
11548 12499 0.05
11548 1422 0.05
11548 736 0.05
11548 1622 0.2
11548 4152 0.01
11548 2242 0.01
11548 10050 0.2
11549 4522 0.2
11550 5341 0.2
11551 11878 0.01
11552 3109 0.2
11552 7526 0.2
11552 4550 0.2
11552 6709 0.01
11552 4433 0.05
11553 7721 0.2
11554 7295 0.01
11555 3594 0.05
11555 1473 0.01
11555 2776 0.05
11555 1402 0.2
11555 5958 0.05
11555 6750 0.01
11555 4152 0.05
11558 10436 0.2
11558 10480 0.2
11558 4152 0.05
11558 2389 0.01
11559 4152 0.2
11559 11826 0.2
11562 4152 0.05
11563 4152 0.2
11563 6859 0.2
11564 5239 0.01
11565 4152 0.05
11567 9690 0.2
11568 9088 0.2
11570 3409 0.01
11570 871 0.01
11570 24 0.2
11570 9088 0.05
11570 12499 0.2
11570 1527 0.05
11570 1622 0.05
11570 4152 0.01
11570 7218 0.01
11571 7102 0.2
11571 10450 0.05
11571 6151 0.01
11571 6404 0.05
11571 11961 0.2
11571 6405 0.05
11571 7973 0.2
11571 7196 0.01
11571 3678 0.2
11571 6624 0.2
11571 11434 0.05
11571 1329 0.01
11571 4796 0.05
11571 9592 0.2
11571 9773 0.2
11571 9204 0.01
11571 438 0.2
11571 6961 0.05
11571 6672 0.01
11571 9619 0.05
11571 8646 0.2
11571 12513 0.05
11571 2296 0.05
11571 10517 0.05
11571 8750 0.2
11571 5422 0.05
11571 1147 0.01
11571 7595 0.01
11571 10811 0.01
11571 8568 0.05
11571 4191 0.2
11571 7451 0.01
11571 5145 0.2
11571 8046 0.2
11571 8899 0.2
11571 1622 0.05
11571 9078 0.01
11571 2923 0.01
11571 12294 0.2
11571 9843 0.2
11571 11002 0.05
11571 10585 0.2
11571 12032 0.05
11571 8719 0.01
11571 9088 0.2
11571 2016 0.05
11571 11526 0.01
11571 12534 0.05
11571 10142 0.01
11571 8099 0.01
11571 4152 0.01
11571 8672 0.01
11571 3408 0.05
11572 1703 0.2
11576 1108 0.05
11576 5216 0.05
11578 4152 0.05
11579 4152 0.01
11579 7200 0.2
11580 8935 0.05
11581 4152 0.05
11582 2416 0.01
11583 5329 0.2
11584 1857 0.01
11585 10099 0.2
11585 174 0.05
11585 1865 0.05
11585 6082 0.2
11585 10811 0.01
11585 4592 0.01
11585 3796 0.2
11585 2924 0.01
11585 4152 0.2
11585 11012 0.01
11585 5114 0.01
11586 3547 0.2
11586 11326 0.05
11589 4152 0.01
11590 7294 0.05
11590 7721 0.2
11590 192 0.05
11590 956 0.01
11590 8568 0.01
11590 9097 0.05
11590 4335 0.2
11590 132 0.01
11590 12604 0.2
11591 9088 0.01
11594 574 0.01
11594 9158 0.01
11594 91 0.05
11594 932 0.2
11594 11251 0.2
11595 9851 0.2
11595 11075 0.01
11596 5413 0.01
11596 3408 0.2
11597 149 0.2
11598 8568 0.01
11599 70 0.05
11599 9786 0.01
11599 2473 0.01
11599 8681 0.05
11599 8392 0.2
11600 1899 0.05
11600 6459 0.2
11600 8392 0.05
11600 10495 0.2
11600 6219 0.05
11600 9088 0.2
11600 11298 0.05
11600 1622 0.01
11600 4152 0.2
11600 7828 0.05
11600 4419 0.2
11601 8202 0.05
11602 4152 0.05
11602 9088 0.05
11603 11680 0.05
11603 11127 0.2
11603 3942 0.05
11603 4394 0.2
11603 901 0.2
11603 710 0.01
11603 10704 0.01
11603 6700 0.2
11603 10191 0.01
11605 4387 0.2
11605 1084 0.2
11605 4179 0.05
11606 1422 0.01
11607 4152 0.01
11608 1917 0.01
11609 2398 0.2
11610 2932 0.2
11610 11559 0.05
11611 5487 0.01
11611 6673 0.2
11612 5508 0.2
11613 1622 0.2
11613 7863 0.05
11615 4152 0.05
11616 4152 0.2
11617 6204 0.05
11618 1422 0.2
11619 2734 0.01
11619 9720 0.2
11619 438 0.01
11619 8568 0.2
11619 1468 0.2
11619 9531 0.05
11620 9340 0.05
11620 8025 0.01
11620 9843 0.2
11620 8512 0.2
11621 10037 0.01
11621 1783 0.2
11622 4152 0.05
11623 11537 0.2
11623 9258 0.01
11623 9297 0.01
11625 2797 0.2
11626 7494 0.01
11626 3842 0.2
11626 5916 0.2
11626 3705 0.2
11626 1265 0.05
11626 11629 0.05
11626 8065 0.2
11626 6803 0.2
11627 3656 0.2
11629 6751 0.2
11629 9436 0.2
11629 6541 0.05
11629 10495 0.05
11629 234 0.2
11629 11626 0.2
11629 10811 0.2
11629 3469 0.01
11629 9700 0.05
11629 9088 0.05
11629 5145 0.05
11629 11921 0.05
11629 12534 0.01
11629 1071 0.2
11629 9975 0.05
11629 9339 0.2
11629 1622 0.2
11629 4152 0.05
11629 10037 0.2
11629 5554 0.05
11630 6673 0.01
11632 4152 0.01
11633 4982 0.01
11635 12231 0.05
11635 9531 0.01
11636 3041 0.2
11636 122 0.2
11636 10120 0.2
11636 4086 0.05
11636 191 0.05
11636 1237 0.2
11636 1468 0.05
11636 9491 0.05
11636 367 0.01
11636 5482 0.2
11636 10037 0.2
11636 12376 0.01
11636 672 0.2
11636 12335 0.01
11636 9088 0.01
11636 4250 0.05
11636 1084 0.05
11636 4387 0.2
11636 6128 0.01
11636 8104 0.01
11636 8613 0.05
11637 4152 0.05
11638 4152 0.2
11639 4152 0.01
11640 5701 0.05
11640 4152 0.05
11641 6299 0.01
11642 4152 0.2
11643 4152 0.01
11644 4152 0.2
11645 4152 0.05
11646 9531 0.05
11646 1527 0.2
11646 12552 0.05
11646 8512 0.05
11646 5805 0.05
11648 4152 0.01
11649 5071 0.2
11649 3271 0.01
11649 3438 0.01
11649 2967 0.01
11649 3889 0.05
11649 5482 0.2
11649 5241 0.05
11649 3469 0.05
11649 6508 0.01
11649 9088 0.2
11649 5066 0.05
11649 1622 0.01
11649 4152 0.2
11649 12411 0.01
11650 2093 0.2
11650 4152 0.05
11650 891 0.01
11650 1881 0.2
11651 6636 0.2
11651 2798 0.2
11651 6508 0.2
11651 10588 0.2
11651 9088 0.01
11651 4152 0.01
11651 11434 0.01
11652 4152 0.01
11653 9946 0.01
11653 9410 0.01
11653 9088 0.05
11653 4152 0.05
11653 11434 0.01
11653 5554 0.2
11654 174 0.2
11654 5287 0.2
11654 2435 0.01
11654 5805 0.2
11654 6673 0.05
11654 3381 0.2
11654 6479 0.2
11654 1704 0.05
11655 11100 0.01
11655 4152 0.05
11655 6229 0.01
11655 1422 0.2
11655 4834 0.05
11656 4152 0.05
11657 9088 0.2
11658 5226 0.05
11658 9131 0.05
11658 9723 0.05
11658 4495 0.01
11658 9954 0.01
11658 4720 0.05
11658 10822 0.2
11658 4689 0.2
11658 4210 0.01
11658 7064 0.05
11658 3109 0.01
11658 5664 0.05
11658 10964 0.05
11658 4217 0.05
11658 4859 0.05
11658 8421 0.01
11658 8650 0.2
11658 12403 0.2
11660 4152 0.01
11660 6707 0.2
11662 4223 0.01
11663 1546 0.01
11663 7610 0.2
11664 9088 0.01
11665 5487 0.01
11665 1622 0.2
11667 7686 0.01
11669 9088 0.01
11670 8213 0.2
11672 1135 0.05
11673 4152 0.01
11675 11829 0.2
11676 9716 0.2
11678 8401 0.01
11679 7165 0.01
11679 10493 0.01
11679 6504 0.05
11679 3880 0.01
11679 10857 0.2
11679 7531 0.01
11679 377 0.01
11679 9720 0.05
11679 2172 0.05
11679 10403 0.01
11679 9088 0.2
11679 4991 0.05
11679 7536 0.05
11679 6624 0.2
11679 10695 0.2
11680 5329 0.05
11680 7843 0.01
11680 11603 0.01
11680 9167 0.2
11681 1622 0.05
11681 8512 0.01
11681 12590 0.05
11682 10963 0.01
11683 4152 0.2
11684 6673 0.2
11686 2398 0.01
11688 2892 0.01
11690 10120 0.05
11692 5644 0.05
11693 4152 0.01
11695 4893 0.01
11695 11318 0.01
11695 6246 0.05
11695 367 0.05
11695 2888 0.2
11695 10495 0.05
11695 9711 0.05
11695 672 0.05
11695 2292 0.01
11695 174 0.01
11695 5172 0.05
11695 8681 0.01
11695 3114 0.05
11695 4701 0.01
11695 5071 0.05
11695 8553 0.05
11695 11788 0.2
11695 234 0.01
11695 6754 0.05
11695 8616 0.05
11695 7683 0.2
11695 116 0.2
11695 4341 0.2
11695 10675 0.01
11695 7691 0.01
11695 409 0.05
11695 1468 0.01
11695 10811 0.2
11695 8568 0.01
11695 4040 0.01
11695 4991 0.01
11695 1422 0.05
11695 6978 0.01
11695 6003 0.2
11695 10037 0.01
11695 5554 0.2
11695 4152 0.2
11695 1319 0.05
11695 3503 0.05
11695 7749 0.2
11695 5482 0.2
11695 6508 0.2
11695 5295 0.01
11695 9088 0.2
11695 1216 0.01
11695 9605 0.2
11695 1329 0.01
11695 11921 0.05
11695 1527 0.01
11695 3618 0.2
11696 9088 0.05
11697 4152 0.05
11698 4152 0.05
11700 3361 0.05
11701 1622 0.2
11701 4152 0.2
11702 6922 0.05
11702 4152 0.2
11702 2669 0.05
11703 9183 0.2
11705 2992 0.2
11705 1319 0.05
11705 9185 0.05
11705 5482 0.05
11705 4991 0.05
11705 7394 0.2
11705 3138 0.01
11706 1788 0.01
11706 3296 0.2
11706 5971 0.01
11706 8392 0.05
11706 6746 0.2
11706 9466 0.05
11706 8397 0.2
11706 926 0.05
11706 8445 0.2
11706 445 0.2
11706 982 0.2
11706 3842 0.05
11706 11241 0.05
11706 4854 0.2
11706 6961 0.01
11706 6884 0.01
11706 2743 0.2
11706 8075 0.2
11706 733 0.2
11706 9388 0.2
11706 4738 0.2
11706 9972 0.2
11706 6180 0.01
11706 1961 0.2
11706 3229 0.05
11706 1422 0.2
11706 9535 0.05
11706 7131 0.2
11706 78 0.2
11706 1503 0.05
11706 7802 0.05
11706 3190 0.01
11706 574 0.01
11706 1018 0.01
11707 831 0.2
11708 6048 0.01
11708 5193 0.05
11708 7751 0.05
11708 2387 0.01
11709 4152 0.01
11710 347 0.05
11710 10782 0.01
11710 3842 0.01
11712 1135 0.05
11713 4154 0.2
11713 8017 0.2
11713 4786 0.01
11713 1387 0.01
11713 7412 0.05
11713 2088 0.01
11713 3920 0.01
11713 6414 0.01
11713 392 0.01
11713 1525 0.05
11713 12231 0.05
11713 9782 0.05
11713 2408 0.05
11713 4589 0.05
11713 12388 0.05
11713 2815 0.05
11713 160 0.01
11713 7026 0.2
11713 92 0.2
11713 8661 0.05
11713 10037 0.05
11713 11360 0.2
11713 11469 0.01
11713 8875 0.05
11713 6990 0.01
11713 107 0.2
11713 11256 0.01
11713 4152 0.05
11714 7773 0.01
11715 9088 0.01
11716 4152 0.05
11717 9541 0.01
11718 5233 0.2
11719 2637 0.01
11720 3469 0.01
11722 6615 0.01
11722 4152 0.05
11722 9629 0.2
11722 11758 0.01
11723 4152 0.01
11726 4152 0.05
11727 9783 0.01
11727 4152 0.05
11728 1622 0.01
11728 4152 0.2
11728 3618 0.01
11728 11326 0.01
11730 1913 0.2
11730 4152 0.01
11730 518 0.2
11731 3469 0.05
11733 1142 0.2
11734 5707 0.2
11734 351 0.2
11735 5487 0.01
11735 8173 0.2
11735 10931 0.2
11735 3842 0.2
11735 10682 0.2
11735 10884 0.05
11735 11326 0.2
11735 174 0.01
11735 8575 0.01
11735 9674 0.01
11735 8065 0.05
11735 11921 0.2
11735 3340 0.01
11735 1954 0.05
11735 518 0.05
11737 174 0.2
11737 234 0.01
11737 24 0.01
11737 1084 0.05
11737 5066 0.05
11737 674 0.2
11737 12411 0.05
11737 9980 0.05
11737 6466 0.01
11737 7725 0.01
11737 6754 0.01
11737 9288 0.01
11737 9361 0.05
11737 3114 0.01
11737 12513 0.2
11737 9484 0.05
11737 9062 0.2
11737 8750 0.01
11737 8173 0.01
11737 2004 0.2
11737 2213 0.2
11737 10811 0.01
11737 9142 0.2
11737 249 0.05
11737 6003 0.05
11737 1622 0.05
11737 1527 0.01
11737 4522 0.05
11737 6873 0.01
11737 2276 0.01
11737 5482 0.05
11737 9088 0.01
11737 4152 0.05
11737 6508 0.05
11737 8104 0.01
11737 6561 0.2
11738 9088 0.05
11739 12637 0.01
11739 4152 0.01
11740 4152 0.01
11741 4152 0.05
11743 871 0.01
11745 8574 0.05
11745 7863 0.2
11745 11470 0.05
11745 6446 0.2
11745 12159 0.2
11745 4250 0.05
11745 10089 0.05
11745 2470 0.05
11745 5721 0.2
11746 1108 0.05
11747 7810 0.01
11747 8609 0.05
11747 8758 0.05
11747 5286 0.01
11747 5795 0.05
11748 2324 0.2
11748 2257 0.05
11748 4066 0.05
11748 1625 0.2
11748 4454 0.2
11748 10547 0.05
11748 6754 0.01
11748 11351 0.2
11748 11434 0.05
11748 10588 0.05
11748 9088 0.01
11748 2954 0.05
11749 4152 0.01
11749 5491 0.05
11750 4152 0.05
11750 6314 0.05
11750 6754 0.05
11750 2204 0.2
11751 7155 0.2
11752 2756 0.2
11752 2276 0.2
11752 7260 0.2
11752 12223 0.05
11752 1230 0.2
11752 11083 0.05
11753 7771 0.01
11753 11544 0.2
11753 2898 0.2
11753 12328 0.05
11753 12352 0.01
11754 11488 0.05
11754 4152 0.2
11754 4486 0.05
11755 5272 0.01
11755 6368 0.01
11755 8609 0.2
11755 4345 0.01
11755 8512 0.2
11756 4152 0.2
11757 4152 0.01
11758 8125 0.2
11758 4152 0.05
11758 4172 0.2
11758 11722 0.01
11759 2416 0.01
11760 4152 0.05
11761 352 0.2
11761 10037 0.2
11764 6984 0.01
11764 4991 0.2
11764 6287 0.05
11765 4984 0.2
11765 7543 0.2
11767 5071 0.01
11767 4522 0.2
11767 9088 0.05
11767 12513 0.2
11768 11488 0.01
11769 6202 0.05
11770 4152 0.2
11771 4152 0.01
11771 3362 0.2
11772 1196 0.2
11772 672 0.05
11772 10495 0.2
11772 249 0.2
11772 9361 0.2
11772 9088 0.2
11772 12119 0.01
11772 1622 0.01
11772 4152 0.01
11772 12593 0.01
11775 11488 0.2
11775 7804 0.05
11777 3469 0.05
11779 174 0.05
11779 5019 0.01
11779 4152 0.05
11781 1084 0.2
11782 8568 0.2
11783 4152 0.05
11785 10774 0.01
11786 4152 0.2
11786 9088 0.01
11787 4152 0.05
11787 5098 0.2
11787 7667 0.2
11788 174 0.2
11788 10495 0.2
11788 7005 0.05
11788 12456 0.2
11788 191 0.2
11788 6219 0.2
11788 11695 0.01
11788 9339 0.01
11788 8361 0.2
11788 8568 0.05
11788 4250 0.01
11788 1422 0.05
11788 1622 0.01
11788 8574 0.2
11788 5436 0.2
11788 4042 0.2
11788 11921 0.01
11788 4834 0.05
11788 11318 0.01
11788 1441 0.2
11788 10149 0.2
11788 8992 0.2
11788 5071 0.01
11788 9984 0.05
11788 9203 0.2
11788 10367 0.2
11788 234 0.2
11788 766 0.05
11788 6852 0.05
11788 3698 0.01
11788 11127 0.2
11788 1468 0.01
11788 2266 0.01
11788 254 0.2
11788 6291 0.2
11788 9626 0.01
11788 6093 0.05
11788 9793 0.01
11788 5482 0.2
11788 7283 0.2
11788 9410 0.01
11788 9605 0.05
11788 8254 0.01
11788 2893 0.05
11788 4525 0.2
11788 10204 0.01
11788 4701 0.05
11788 3526 0.01
11788 2692 0.05
11788 5889 0.05
11788 12376 0.2
11788 7683 0.01
11788 6128 0.2
11788 9624 0.2
11788 7691 0.05
11788 1707 0.05
11788 10220 0.2
11788 120 0.2
11788 10811 0.01
11788 5145 0.05
11788 7899 0.05
11788 10037 0.01
11788 518 0.05
11788 9843 0.2
11788 1319 0.05
11788 7330 0.01
11788 1728 0.2
11788 9088 0.05
11788 3618 0.05
11788 12401 0.05
11788 8104 0.01
11788 11007 0.01
11788 10782 0.2
11788 11636 0.05
11788 10662 0.2
11788 2737 0.05
11788 3585 0.01
11788 1409 0.01
11788 9484 0.2
11788 10463 0.05
11788 4152 0.05
11788 1955 0.05
11788 3388 0.05
11788 3185 0.01
11788 4991 0.2
11788 5239 0.2
11788 4770 0.01
11788 5554 0.01
11788 7957 0.05
11788 3481 0.2
11788 3409 0.01
11788 6961 0.2
11789 6979 0.05
11789 9700 0.2
11789 10777 0.05
11789 10037 0.01
11789 7213 0.2
11791 10764 0.2
11791 7090 0.2
11791 4152 0.01
11791 7558 0.2
11791 4701 0.05
11792 2724 0.01
11793 7133 0.05
11794 8935 0.2
11794 5916 0.01
11794 1319 0.2
11794 4066 0.2
11794 5482 0.2
11794 6694 0.01
11794 4040 0.2
11794 5145 0.05
11794 7324 0.05
11794 9658 0.05
11796 9290 0.2
11797 4152 0.01
11798 4152 0.05
11799 4152 0.01
11799 11129 0.05
11801 9088 0.05
11802 11241 0.01
11804 4152 0.01
11805 808 0.01
11806 11855 0.01
11808 438 0.05
11808 2507 0.2
11808 4152 0.01
11808 783 0.01
11808 5455 0.2
11809 2473 0.2
11809 5001 0.05
11809 12566 0.05
11809 11233 0.05
11809 12590 0.01
11809 10441 0.05
11809 788 0.01
11809 8598 0.05
11809 9926 0.01
11809 5016 0.2
11809 1002 0.05
11809 9676 0.2
11809 10673 0.05
11809 7686 0.05
11810 4152 0.05
11810 9088 0.05
11810 5100 0.05
11812 4152 0.2
11814 1624 0.01
11815 4785 0.01
11815 9359 0.05
11815 3205 0.05
11815 2388 0.2
11815 4021 0.05
11815 11065 0.2
11815 4793 0.05
11815 5584 0.01
11815 5585 0.05
11815 9523 0.2
11815 1601 0.01
11815 24 0.01
11815 788 0.05
11815 3219 0.05
11815 795 0.01
11815 3221 0.05
11815 11083 0.01
11815 11901 0.01
11815 8755 0.05
11815 11091 0.2
11815 8760 0.2
11815 1622 0.01
11815 7843 0.2
11815 5613 0.2
11815 6446 0.05
11815 2256 0.05
11815 5616 0.05
11815 1633 0.2
11815 6449 0.05
11815 1635 0.01
11815 11921 0.2
11815 11922 0.2
11815 9560 0.05
11815 4066 0.01
11815 7247 0.2
11815 9569 0.01
11815 1321 0.05
11815 831 0.05
11815 832 0.05
11815 65 0.2
11815 837 0.05
11815 8031 0.2
11815 6475 0.2
11815 11120 0.01
11815 11121 0.05
11815 7849 0.05
11815 4865 0.05
11815 4082 0.05
11815 782 0.2
11815 851 0.05
11815 78 0.2
11815 8814 0.05
11815 4090 0.01
11815 8823 0.01
11815 9605 0.2
11815 8830 0.2
11815 2473 0.01
11815 91 0.01
11815 1687 0.01
11815 9609 0.05
11815 1692 0.05
11815 9528 0.01
11815 4111 0.05
11815 3309 0.2
11815 7309 0.01
11815 10415 0.01
11815 2488 0.05
11815 3899 0.2
11815 9531 0.05
11815 9619 0.2
11815 1702 0.01
11815 11174 0.2
11815 898 0.01
11815 7324 0.05
11815 4938 0.05
11815 4939 0.01
11815 4139 0.05
11815 6552 0.2
11815 3347 0.2
11815 10441 0.01
11815 4150 0.05
11815 5721 0.01
11815 2520 0.2
11815 4153 0.01
11815 918 0.05
11815 2523 0.01
11815 926 0.05
11815 932 0.01
11815 8122 0.05
11815 1756 0.05
11815 9676 0.2
11815 7410 0.05
11815 11233 0.05
11815 4189 0.05
11815 8137 0.01
11815 12054 0.05
11815 4991 0.01
11815 9926 0.01
11815 3399 0.2
11815 10483 0.2
11815 5001 0.2
11815 9037 0.01
11815 6609 0.01
11815 171 0.2
11815 5487 0.01
11815 10708 0.05
11815 8161 0.2
11815 10497 0.05
11815 8941 0.01
11815 9715 0.2
11815 5776 0.2
11815 12084 0.2
11815 8953 0.2
11815 5783 0.01
11815 8170 0.2
11815 7394 0.01
11815 3436 0.2
11815 8173 0.2
11815 6636 0.2
11815 5795 0.01
11815 4249 0.05
11815 11295 0.2
11815 1002 0.05
11815 9959 0.05
11815 3382 0.2
11815 9748 0.2
11815 8186 0.01
11815 8979 0.2
11815 5805 0.01
11815 5806 0.01
11815 5052 0.05
11815 9753 0.05
11815 1833 0.01
11815 5063 0.01
11815 6665 0.05
11815 2629 0.05
11815 12129 0.2
11815 5494 0.01
11815 234 0.05
11815 6673 0.05
11815 1216 0.2
11815 8512 0.2
11815 9786 0.05
11815 12149 0.01
11815 2660 0.2
11815 11235 0.01
11815 11357 0.2
11815 9553 0.01
11815 9032 0.2
11815 137 0.05
11815 7467 0.05
11815 11247 0.05
11815 2672 0.05
11815 3512 0.2
11815 5872 0.05
11815 8256 0.01
11815 2682 0.2
11815 9814 0.01
11815 283 0.2
11815 3533 0.01
11815 9821 0.01
11815 1098 0.2
11815 6717 0.2
11815 10618 0.2
11815 1901 0.01
11815 9065 0.01
11815 5902 0.2
11815 6877 0.2
11815 4345 0.01
11815 3587 0.05
11815 9075 0.05
11815 12195 0.01
11815 1913 0.2
11815 9843 0.2
11815 9850 0.05
11815 6853 0.05
11815 11420 0.2
11815 12213 0.2
11815 9095 0.05
11815 5938 0.01
11815 5174 0.01
11815 7526 0.2
11815 10440 0.2
11815 2734 0.01
11815 2737 0.05
11815 8315 0.05
11815 1945 0.05
11815 4382 0.05
11815 8319 0.01
11815 10673 0.05
11815 2751 0.2
11815 9889 0.05
11815 1961 0.2
11815 11462 0.05
11815 8334 0.01
11815 362 0.2
11815 367 0.01
11815 1975 0.01
11815 5990 0.01
11815 6785 0.2
11815 370 0.05
11815 12260 0.05
11815 4421 0.05
11815 375 0.01
11815 7625 0.05
11815 2786 0.01
11815 379 0.01
11815 9155 0.2
11815 9441 0.01
11815 384 0.05
11815 9929 0.2
11815 5226 0.2
11815 3640 0.01
11815 3642 0.2
11815 2500 0.01
11815 8361 0.2
11815 12326 0.2
11815 2003 0.2
11815 2004 0.01
11815 2813 0.01
11815 12284 0.2
11815 412 0.01
11815 4450 0.01
11815 9954 0.01
11815 3652 0.05
11815 6044 0.01
11815 3654 0.05
11815 8381 0.2
11815 4455 0.01
11815 9185 0.2
11815 6827 0.05
11815 12297 0.2
11815 2016 0.2
11815 9189 0.05
11815 11528 0.2
11815 4465 0.01
11815 2026 0.2
11815 1227 0.2
11815 9195 0.2
11815 11540 0.01
11815 11543 0.01
11815 2843 0.01
11815 2845 0.01
11815 5272 0.05
11815 2039 0.01
11815 6074 0.01
11815 7624 0.2
11815 6081 0.01
11815 10754 0.05
11815 7008 0.2
11815 7626 0.2
11815 9990 0.01
11815 5282 0.01
11815 2850 0.01
11815 11561 0.2
11815 2861 0.2
11815 2895 0.05
11815 1292 0.05
11815 6093 0.2
11815 2921 0.05
11815 466 0.01
11815 6142 0.01
11815 11573 0.05
11815 7641 0.05
11815 8430 0.01
11815 2881 0.05
11815 11577 0.2
11815 10781 0.01
11815 7012 0.2
11815 10785 0.2
11815 3724 0.01
11815 4631 0.05
11815 10019 0.01
11815 7663 0.2
11815 8445 0.01
11815 2896 0.05
11815 10027 0.2
11815 3734 0.01
11815 9247 0.2
11815 7686 0.2
11815 7691 0.01
11815 7693 0.2
11815 10810 0.2
11815 3711 0.05
11815 10036 0.01
11815 9167 0.2
11815 3750 0.2
11815 518 0.05
11815 10040 0.01
11815 12393 0.05
11815 2116 0.2
11815 1319 0.01
11815 8022 0.05
11815 5349 0.2
11815 2935 0.01
11815 10048 0.2
11815 2128 0.05
11815 6152 0.01
11815 6943 0.2
11815 7719 0.2
11815 5297 0.2
11815 4568 0.2
11815 10782 0.05
11815 6163 0.2
11815 5362 0.2
11815 10659 0.05
11815 11241 0.2
11815 12416 0.05
11815 547 0.05
11815 9288 0.2
11815 5792 0.01
11815 4584 0.01
11815 11651 0.2
11815 2969 0.01
11815 12432 0.2
11815 3798 0.01
11815 2159 0.01
11815 5376 0.05
11815 204 0.05
11815 1369 0.2
11815 6984 0.2
11815 572 0.05
11815 574 0.05
11815 10095 0.01
11815 578 0.2
11815 2992 0.2
11815 6755 0.01
11815 11679 0.05
11815 9323 0.05
11815 4615 0.2
11815 2043 0.01
11815 3842 0.2
11815 6217 0.2
11815 5414 0.2
11815 7013 0.01
11815 7810 0.05
11815 2200 0.01
11815 3021 0.2
11815 3764 0.2
11815 1413 0.01
11815 7784 0.05
11815 8565 0.05
11815 3857 0.2
11815 11022 0.05
11815 11653 0.05
11815 8568 0.01
11815 1422 0.01
11815 1423 0.2
11815 10128 0.2
11815 7796 0.01
11815 2220 0.2
11815 1430 0.05
11815 5436 0.01
11815 7802 0.05
11815 8582 0.2
11815 9360 0.2
11815 1437 0.2
11815 11724 0.2
11815 6246 0.01
11815 7492 0.2
11815 8598 0.2
11815 1448 0.05
11815 7048 0.01
11815 3066 0.05
11815 10162 0.05
11815 3070 0.2
11815 3073 0.05
11815 3729 0.2
11815 3076 0.2
11815 1460 0.01
11815 9389 0.2
11815 5466 0.01
11815 4672 0.01
11815 6280 0.05
11815 5472 0.2
11815 8983 0.2
11815 7858 0.2
11815 1479 0.2
11815 7865 0.2
11815 8625 0.2
11815 10965 0.01
11815 11774 0.05
11815 12542 0.05
11815 12545 0.05
11815 11780 0.2
11815 12548 0.01
11815 5493 0.01
11815 10204 0.2
11815 4701 0.2
11815 7883 0.01
11815 12552 0.05
11815 2297 0.2
11815 11788 0.01
11815 7888 0.2
11815 1077 0.05
11815 9433 0.05
11815 7288 0.2
11815 12224 0.05
11815 12566 0.2
11815 12575 0.2
11815 12577 0.05
11815 6003 0.05
11815 12581 0.2
11815 11806 0.05
11815 7133 0.01
11815 2325 0.01
11815 6335 0.2
11815 4728 0.01
11815 706 0.05
11815 12588 0.01
11815 12590 0.2
11815 1527 0.2
11815 11007 0.05
11815 6347 0.05
11815 3973 0.2
11815 9463 0.2
11815 6348 0.01
11815 3974 0.05
11815 3156 0.2
11815 9466 0.01
11815 1543 0.01
11815 2345 0.01
11815 1363 0.2
11815 7933 0.2
11815 11020 0.2
11815 6368 0.01
11815 11025 0.05
11815 6374 0.05
11815 1562 0.01
11815 6377 0.01
11815 5550 0.2
11815 7957 0.05
11815 2375 0.05
11815 8720 0.01
11815 8723 0.2
11815 8724 0.2
11815 8075 0.05
11816 4522 0.05
11818 4345 0.05
11818 9270 0.2
11818 1430 0.01
11819 10163 0.2
11820 3217 0.2
11820 8609 0.01
11820 4991 0.05
11820 4586 0.05
11820 689 0.2
11821 12328 0.05
11822 10376 0.2
11822 3388 0.05
11822 9361 0.2
11822 9088 0.01
11822 10782 0.2
11822 4152 0.2
11822 11434 0.2
11823 9387 0.05
11823 4152 0.05
11825 4152 0.2
11826 6330 0.2
11826 4152 0.01
11826 11559 0.01
11826 1783 0.01
11827 4152 0.05
11829 11675 0.2
11829 5047 0.2
11829 10811 0.2
11829 12332 0.01
11829 4152 0.01
11829 9481 0.01
11829 2242 0.05
11829 12583 0.01
11830 9692 0.05
11833 603 0.2
11833 12513 0.01
11834 2833 0.05
11834 8553 0.2
11835 7139 0.2
11836 4152 0.2
11837 11319 0.05
11837 10147 0.05
11837 545 0.2
11837 9088 0.01
11837 1757 0.01
11837 4152 0.01
11837 7691 0.05
11838 2265 0.01
11839 9088 0.2
11840 4152 0.2
11841 4152 0.01
11842 4148 0.05
11842 8264 0.2
11842 2896 0.05
11843 4152 0.01
11844 4152 0.05
11845 11083 0.2
11845 4021 0.05
11845 3940 0.05
11845 5309 0.01
11845 5327 0.2
11846 3625 0.05
11846 5726 0.05
11846 4426 0.2
11846 1622 0.05
11846 12592 0.01
11846 3114 0.05
11847 4152 0.2
11848 4152 0.05
11850 3403 0.05
11851 4152 0.05
11852 3199 0.05
11852 9288 0.05
11852 8046 0.01
11852 6489 0.01
11852 1622 0.2
11852 4152 0.2
11852 164 0.01
11853 2434 0.05
11853 11062 0.05
11853 7767 0.01
11853 8609 0.2
11853 5884 0.2
11853 191 0.2
11853 2634 0.01
11853 7625 0.2
11853 7394 0.01
11853 9337 0.2
11853 7588 0.01
11853 7541 0.01
11853 3275 0.2
11853 2970 0.2
11853 1579 0.05
11853 2107 0.01
11853 4217 0.05
11853 6727 0.2
11853 3188 0.05
11853 9851 0.05
11853 12112 0.2
11853 11254 0.2
11854 4152 0.01
11855 11806 0.2
11855 4166 0.01
11856 10811 0.05
11859 11887 0.01
11859 1319 0.01
11860 18 0.2
11860 8512 0.01
11860 5554 0.01
11862 9088 0.01
11863 4152 0.01
11864 4152 0.05
11865 4152 0.2
11866 3217 0.05
11868 2585 0.05
11869 10641 0.05
11869 10441 0.01
11870 9158 0.01
11870 9038 0.05
11870 1319 0.2
11870 7265 0.2
11870 10120 0.01
11870 8568 0.2
11870 8297 0.05
11870 8045 0.05
11870 4884 0.05
11870 10474 0.05
11870 1355 0.05
11871 4152 0.2
11872 4152 0.05
11876 4152 0.05
11877 9531 0.01
11877 4152 0.05
11877 9720 0.2
11877 9088 0.05
11877 12513 0.2
11877 1527 0.05
11878 7841 0.05
11878 10456 0.2
11878 11551 0.05
11878 9088 0.01
11878 12253 0.2
11878 10695 0.05
11879 6495 0.05
11880 2434 0.05
11880 9466 0.2
11880 1087 0.05
11880 2345 0.2
11880 12552 0.01
11880 2737 0.2
11880 1042 0.05
11880 2248 0.05
11880 3217 0.2
11880 9531 0.05
11880 6673 0.01
11880 10812 0.01
11880 8512 0.01
11880 7073 0.01
11880 1961 0.01
11880 11136 0.01
11880 7324 0.05
11880 1622 0.05
11880 6984 0.05
11880 1319 0.05
11880 4537 0.2
11880 5003 0.05
11880 9851 0.05
11881 4152 0.01
11882 4152 0.01
11884 3389 0.05
11884 4152 0.05
11884 9088 0.2
11884 11434 0.2
11886 4378 0.05
11886 4152 0.01
11887 8840 0.2
11887 4700 0.05
11887 12411 0.2
11887 2896 0.2
11887 5071 0.2
11887 9720 0.05
11887 9673 0.05
11887 9088 0.05
11887 8613 0.01
11887 4336 0.05
11887 9538 0.01
11887 9003 0.2
11887 70 0.2
11887 1757 0.05
11887 12335 0.05
11887 2083 0.01
11887 5554 0.05
11887 9843 0.2
11887 11859 0.2
11887 1319 0.05
11887 2172 0.01
11887 4152 0.01
11887 5620 0.05
11889 6479 0.01
11889 7936 0.05
11890 5071 0.2
11890 9733 0.05
11890 9975 0.2
11891 9088 0.01
11892 8859 0.01
11892 4152 0.2
11894 4152 0.01
11895 8575 0.2
11895 2016 0.05
11897 2257 0.2
11897 2268 0.01
11897 1625 0.01
11897 5949 0.2
11897 3013 0.2
11897 9088 0.05
11897 2016 0.05
11897 12534 0.2
11897 7324 0.2
11897 4152 0.05
11898 12147 0.05
11900 4152 0.2
11901 3838 0.05
11901 5633 0.01
11902 4152 0.01
11903 4152 0.2
11903 989 0.2
11904 9088 0.01
11906 4152 0.2
11907 5795 0.01
11908 9088 0.01
11909 4152 0.2
11910 6093 0.01
11910 191 0.05
11910 1319 0.01
11910 1468 0.2
11910 1757 0.2
11910 8297 0.2
11910 12335 0.05
11910 6003 0.05
11910 4152 0.2
11911 9531 0.01
11911 3217 0.01
11912 4152 0.2
11913 9088 0.01
11913 8568 0.01
11914 6971 0.2
11914 10480 0.2
11914 3114 0.05
11914 1084 0.05
11914 9605 0.2
11914 5554 0.05
11915 4152 0.05
11917 12335 0.01
11917 12044 0.05
11917 7572 0.01
11918 8788 0.05
11919 3628 0.2
11920 8090 0.2
11921 8935 0.01
11921 174 0.2
11921 2181 0.2
11921 9713 0.05
11921 9329 0.2
11921 5409 0.01
11921 3842 0.05
11921 6219 0.01
11921 11695 0.05
11921 9339 0.01
11921 1814 0.2
11921 8568 0.05
11921 6819 0.2
11921 4250 0.05
11921 1622 0.05
11921 4450 0.05
11921 1318 0.2
11921 211 0.01
11921 8003 0.2
11921 8575 0.05
11921 5798 0.05
11921 9359 0.05
11921 4458 0.2
11921 12489 0.2
11921 4042 0.2
11921 7421 0.2
11921 1219 0.01
11921 4066 0.2
11921 11326 0.2
11921 9975 0.05
11921 430 0.01
11921 5071 0.05
11921 11548 0.2
11921 3481 0.2
11921 8613 0.01
11921 2896 0.2
11921 2016 0.2
11921 239 0.2
11921 9020 0.05
11921 2266 0.05
11921 6093 0.05
11921 7863 0.05
11921 3503 0.2
11921 1527 0.05
11921 5863 0.2
11921 8625 0.2
11921 3507 0.01
11921 10958 0.2
11921 9605 0.05
11921 90 0.01
11921 2283 0.01
11921 7875 0.2
11921 8252 0.05
11921 871 0.2
11921 672 0.05
11921 7663 0.01
11921 3114 0.2
11921 11788 0.01
11921 12376 0.2
11921 1099 0.05
11921 4031 0.2
11921 6128 0.2
11921 9436 0.01
11921 4469 0.2
11921 7125 0.01
11921 10811 0.05
11921 4548 0.01
11921 12003 0.2
11921 11182 0.01
11921 7899 0.01
11921 2923 0.05
11921 5709 0.01
11921 9843 0.05
11921 1704 0.05
11921 9088 0.2
11921 5721 0.05
11921 11822 0.05
11921 4734 0.01
11921 3361 0.01
11921 9276 0.2
11921 9463 0.2
11921 11629 0.05
11921 8681 0.05
11921 12228 0.2
11921 6577 0.05
11921 6754 0.2
11921 9480 0.05
11921 6173 0.05
11921 4152 0.2
11921 12616 0.05
11921 11651 0.05
11921 3388 0.2
11921 6180 0.01
11921 4990 0.2
11921 9203 0.01
11921 2737 0.05
11921 1524 0.2
11921 10690 0.01
11921 10698 0.01
11922 1440 0.01
11922 1383 0.05
11922 6246 0.2
11922 9720 0.01
11922 11130 0.05
11922 10073 0.01
11922 8614 0.01
11922 10141 0.2
11922 796 0.2
11922 4152 0.2
11922 10037 0.01
11922 11254 0.05
11923 174 0.2
11923 2888 0.05
11923 8392 0.01
11923 10495 0.01
11923 12545 0.2
11923 11267 0.01
11923 5066 0.2
11923 9329 0.05
11923 3114 0.05
11923 5071 0.2
11923 6219 0.2
11923 12376 0.01
11923 654 0.01
11923 3625 0.01
11923 12295 0.05
11923 606 0.2
11923 10811 0.2
11923 12574 0.01
11923 5145 0.2
11923 1622 0.01
11923 3469 0.05
11923 11921 0.05
11923 9088 0.05
11923 6700 0.05
11923 4152 0.01
11923 3408 0.01
11923 10540 0.05
11924 1017 0.01
11925 4152 0.2
11926 10872 0.05
11927 1352 0.05
11928 10037 0.01
11929 871 0.05
11930 56 0.01
11931 12407 0.05
11931 8609 0.2
11931 3842 0.01
11931 12555 0.2
11931 3067 0.05
11931 9088 0.01
11931 4336 0.01
11931 9167 0.05
11931 1759 0.2
11931 12224 0.01
11931 12513 0.01
11931 2969 0.01
11931 901 0.01
11931 7641 0.05
11931 8088 0.05
11931 10434 0.2
11931 5916 0.01
11931 7863 0.01
11931 1319 0.2
11931 10587 0.2
11931 959 0.01
11931 5721 0.01
11932 4152 0.05
11933 6139 0.01
11933 5074 0.2
11934 8452 0.05
11935 1386 0.05
11935 7324 0.01
11935 12401 0.05
11935 7362 0.05
11935 7933 0.01
11936 4152 0.01
11937 7888 0.05
11937 871 0.2
11937 10256 0.05
11937 8568 0.01
11937 353 0.01
11937 4031 0.2
11938 4152 0.2
11938 9088 0.05
11938 2016 0.01
11939 9387 0.01
11940 5071 0.2
11940 936 0.05
11940 6873 0.05
11940 191 0.05
11940 6655 0.01
11941 11326 0.2
11942 4152 0.05
11943 8480 0.2
11945 4988 0.01
11945 4152 0.2
11946 9088 0.2
11948 7312 0.2
11950 10037 0.05
11951 5487 0.01
11951 5148 0.01
11951 2435 0.05
11951 8755 0.01
11951 574 0.01
11951 8319 0.05
11951 6673 0.2
11951 3381 0.2
11951 2016 0.01
11951 6479 0.05
11953 10495 0.2
11953 1219 0.2
11954 8132 0.2
11955 1622 0.01
11956 778 0.05
11957 9088 0.01
11958 4152 0.05
11959 7865 0.01
11959 9088 0.2
11961 11571 0.01
11961 6590 0.2
11961 1319 0.05
11961 8568 0.2
11961 324 0.05
11961 9088 0.01
11961 1084 0.05
11961 6003 0.2
11961 9975 0.2
11961 9339 0.2
11961 4152 0.05
11966 4152 0.2
11967 4522 0.05
11967 7463 0.01
11967 24 0.05
11967 10578 0.01
11967 5554 0.2
11968 4525 0.01
11969 4152 0.2
11971 8041 0.01
11971 6673 0.05
11974 5889 0.05
11974 1815 0.2
11974 9531 0.05
11974 4250 0.01
11974 4991 0.01
11974 9088 0.05
11975 9975 0.01
11975 10495 0.05
11975 1622 0.2
11975 9088 0.05
11975 4152 0.01
11976 4152 0.01
11977 4152 0.05
11979 2791 0.01
11980 273 0.01
11980 7426 0.01
11980 2235 0.2
11980 4615 0.01
11980 11300 0.01
11980 11434 0.05
11980 2896 0.05
11980 4701 0.2
11980 5272 0.2
11980 10662 0.2
11980 6071 0.01
11980 6673 0.05
11980 12238 0.05
11980 5071 0.2
11980 2004 0.01
11980 8755 0.01
11980 4000 0.05
11980 7324 0.01
11980 11326 0.2
11980 9843 0.05
11980 9700 0.01
11980 2228 0.05
11980 10291 0.05
11980 3409 0.2
11980 8103 0.2
11980 5620 0.01
11980 10540 0.01
11981 4152 0.05
11982 10037 0.05
11982 10349 0.05
11985 5272 0.05
11985 4868 0.01
11985 91 0.2
11985 9851 0.05
11985 3217 0.2
11985 9923 0.2
11985 267 0.01
11985 7810 0.2
11985 3842 0.01
11985 9674 0.2
11985 5938 0.05
11985 961 0.01
11985 1622 0.2
11985 5795 0.2
11985 7767 0.05
11986 4152 0.05
11986 6754 0.2
11987 1622 0.05
11988 4152 0.2
11989 10441 0.2
11990 9531 0.01
11991 6893 0.01
11992 7691 0.05
11993 4152 0.2
11994 4152 0.05
11996 1527 0.05
11996 4152 0.2
11998 494 0.01
11998 12403 0.01
11998 3780 0.2
11999 4152 0.01
12000 9088 0.05
12001 4991 0.2
12001 11554 0.2
12003 11042 0.01
12003 9906 0.05
12003 4152 0.2
12003 12399 0.05
12004 5487 0.01
12004 8173 0.2
12004 12218 0.2
12004 4040 0.05
12004 9531 0.01
12004 6673 0.05
12004 5521 0.05
12005 4152 0.05
12006 9088 0.05
12007 2737 0.01
12008 9700 0.01
12008 10037 0.05
12009 5446 0.05
12009 174 0.01
12009 12167 0.05
12009 234 0.05
12009 1321 0.2
12009 249 0.05
12009 2016 0.05
12009 4152 0.05
12010 4152 0.2
12012 6106 0.2
12014 12328 0.2
12016 4152 0.2
12017 7817 0.2
12017 10775 0.01
12017 1216 0.2
12017 932 0.05
12018 4522 0.05
12019 6128 0.2
12019 10037 0.05
12020 4152 0.2
12021 11309 0.05
12021 5539 0.2
12021 11121 0.2
12021 5342 0.2
12021 8755 0.01
12022 4152 0.01
12023 4152 0.01
12025 2367 0.01
12025 7461 0.05
12025 343 0.01
12025 4336 0.01
12026 7514 0.05
12028 9088 0.01
12029 4152 0.01
12030 1219 0.01
12031 5071 0.05
12031 1246 0.01
12031 10690 0.2
12031 766 0.01
12031 11695 0.2
12031 4152 0.01
12031 10037 0.01
12031 5554 0.05
12032 2257 0.2
12032 10547 0.05
12032 4152 0.01
12032 9088 0.2
12032 7044 0.01
12035 9088 0.05
12037 4152 0.01
12038 5447 0.05
12039 7017 0.2
12039 9733 0.01
12039 9078 0.2
12039 8899 0.01
12039 9710 0.05
12039 9288 0.2
12039 11434 0.01
12039 9410 0.01
12039 9088 0.01
12039 2016 0.2
12039 9975 0.05
12039 4793 0.01
12039 4152 0.01
12039 11326 0.01
12039 2954 0.01
12039 2296 0.01
12040 4152 0.2
12041 6771 0.05
12041 760 0.2
12042 4371 0.01
12043 4152 0.05
12044 7572 0.01
12047 1622 0.2
12050 7857 0.01
12050 5331 0.2
12053 4152 0.05
12056 9088 0.05
12057 5071 0.05
12057 174 0.01
12057 8240 0.01
12057 11326 0.05
12057 9088 0.2
12057 12011 0.2
12057 4152 0.01
12059 2630 0.01
12060 4152 0.05
12062 4152 0.01
12062 5455 0.01
12063 7857 0.01
12064 5254 0.01
12064 2502 0.2
12064 3014 0.01
12064 2934 0.2
12064 8682 0.01
12064 6697 0.01
12064 1344 0.01
12064 9826 0.01
12064 12549 0.01
12064 656 0.01
12065 4152 0.05
12065 1921 0.2
12067 2888 0.2
12068 10811 0.01
12068 3936 0.2
12069 9786 0.2
12070 4152 0.2
12071 11200 0.01
12071 2004 0.05
12071 4066 0.2
12071 2213 0.01
12071 989 0.05
12071 2242 0.01
12071 7536 0.2
12071 12411 0.2
12071 4152 0.05
12071 6508 0.2
12071 865 0.01
12071 4701 0.2
12073 8237 0.01
12073 8045 0.05
12073 9715 0.01
12074 4152 0.01
12074 9088 0.2
12074 10516 0.05
12077 9531 0.05
12079 4152 0.01
12081 2413 0.2
12081 3395 0.05
12081 4714 0.05
12082 10037 0.01
12084 3990 0.2
12084 6246 0.05
12084 3361 0.2
12084 871 0.2
12084 10703 0.2
12084 5143 0.05
12084 2569 0.05
12084 5728 0.2
12084 9713 0.05
12084 6128 0.05
12084 12221 0.05
12084 8399 0.01
12084 7620 0.2
12084 7161 0.2
12084 10204 0.05
12084 5071 0.05
12084 3840 0.2
12084 5409 0.05
12084 7051 0.01
12084 6119 0.05
12084 10613 0.01
12084 7838 0.05
12084 11169 0.01
12084 2398 0.2
12084 10261 0.01
12084 7171 0.01
12084 1409 0.2
12084 5721 0.05
12084 9339 0.01
12084 4152 0.2
12084 1759 0.01
12084 989 0.05
12084 4442 0.01
12084 2357 0.01
12084 4080 0.05
12084 452 0.01
12084 11130 0.01
12084 7544 0.05
12084 9614 0.01
12084 2470 0.01
12084 12335 0.2
12084 9720 0.05
12084 8306 0.05
12084 8731 0.05
12084 1622 0.2
12084 10863 0.01
12084 10037 0.05
12084 5554 0.01
12084 11815 0.05
12084 7647 0.2
12084 9793 0.01
12084 10689 0.05
12084 10690 0.01
12084 11043 0.2
12084 6235 0.01
12084 9506 0.05
12084 12398 0.05
12084 9410 0.2
12084 4487 0.2
12084 10442 0.2
12084 9088 0.2
12084 10141 0.05
12084 2228 0.2
12084 5252 0.05
12084 3504 0.05
12086 8609 0.01
12086 2786 0.2
12086 3544 0.2
12086 11554 0.2
12086 8682 0.01
12086 7767 0.2
12087 5304 0.05
12087 4152 0.01
12087 7200 0.2
12088 8920 0.01
12088 3052 0.01
12088 8512 0.05
12089 7740 0.05
12089 3469 0.01
12090 1622 0.2
12090 9088 0.01
12090 4152 0.01
12090 932 0.01
12090 1704 0.01
12092 5487 0.2
12092 9619 0.01
12092 1622 0.01
12092 2016 0.2
12092 10982 0.2
12093 2216 0.01
12093 3960 0.01
12093 1232 0.2
12093 4152 0.05
12093 1260 0.01
12096 4152 0.2
12097 4152 0.01
12097 9088 0.01
12099 4693 0.05
12099 4057 0.2
12099 4050 0.01
12100 3317 0.05
12100 989 0.01
12101 4152 0.05
12103 9531 0.2
12104 12203 0.01
12105 4152 0.2
12110 5468 0.2
12110 8682 0.05
12110 9826 0.01
12110 656 0.2
12111 1622 0.2
12111 959 0.01
12111 5329 0.05
12111 12590 0.05
12114 3312 0.01
12114 5254 0.01
12114 2837 0.05
12114 2502 0.05
12114 6697 0.01
12114 8682 0.01
12114 1344 0.2
12114 656 0.01
12115 1496 0.05
12115 12401 0.05
12115 10366 0.05
12115 11043 0.05
12115 10524 0.2
12115 1468 0.01
12115 8568 0.2
12115 2776 0.2
12115 2839 0.2
12115 11992 0.2
12115 11870 0.01
12115 4732 0.2
12115 6041 0.2
12115 1346 0.01
12116 2258 0.2
12116 5013 0.2
12116 1084 0.05
12116 4152 0.01
12116 11221 0.05
12116 10417 0.05
12117 2113 0.01
12119 10450 0.2
12119 1827 0.2
12119 6405 0.2
12119 2239 0.01
12119 1696 0.01
12119 7929 0.2
12119 11214 0.05
12119 11434 0.05
12119 11386 0.01
12119 5074 0.05
12119 2954 0.01
12119 2197 0.05
12119 6020 0.2
12119 5028 0.2
12119 8184 0.01
12119 2644 0.01
12119 7375 0.2
12119 3538 0.2
12119 2257 0.05
12119 11127 0.2
12119 299 0.2
12119 1364 0.2
12119 6976 0.05
12119 12149 0.2
12119 2324 0.01
12119 9082 0.2
12119 4454 0.2
12119 10375 0.01
12119 12201 0.05
12119 811 0.01
12119 9088 0.01
12119 4152 0.2
12120 9531 0.2
12121 4636 0.2
12122 8512 0.05
12123 1979 0.05
12123 9927 0.2
12123 10544 0.05
12123 3469 0.05
12123 6111 0.2
12123 4165 0.05
12123 5071 0.01
12123 7983 0.2
12123 10710 0.2
12123 12557 0.01
12123 1757 0.05
12123 2016 0.05
12123 2608 0.01
12123 1346 0.01
12123 9491 0.01
12123 11455 0.2
12123 5145 0.2
12123 1672 0.2
12123 4520 0.01
12123 8525 0.01
12123 3502 0.01
12123 6140 0.05
12123 1675 0.01
12123 9088 0.2
12123 11525 0.05
12123 4152 0.01
12123 6508 0.2
12124 3361 0.05
12126 4066 0.2
12126 2813 0.05
12126 9851 0.2
12126 2016 0.05
12126 8310 0.05
12126 12402 0.2
12126 7133 0.05
12127 9088 0.05
12129 2751 0.05
12129 6569 0.2
12129 4166 0.2
12130 6984 0.05
12130 10284 0.01
12130 2110 0.2
12130 11370 0.2
12130 8512 0.01
12130 9821 0.05
12130 6781 0.2
12130 7324 0.01
12130 282 0.2
12130 8259 0.05
12131 4152 0.2
12133 9088 0.05
12133 5554 0.05
12134 4152 0.01
12135 11014 0.2
12135 4152 0.2
12135 9088 0.05
12135 11434 0.2
12136 10371 0.01
12138 1757 0.2
12138 1574 0.01
12138 9088 0.05
12139 9602 0.2
12139 334 0.01
12140 4152 0.2
12141 1622 0.01
12141 4152 0.05
12142 4152 0.01
12145 12552 0.2
12145 8609 0.2
12145 12129 0.05
12145 4066 0.2
12145 8512 0.2
12145 11665 0.2
12145 9851 0.05
12145 8098 0.2
12145 11543 0.01
12145 2751 0.01
12145 655 0.2
12145 2896 0.2
12145 5732 0.01
12146 4152 0.05
12146 9088 0.05
12146 3618 0.2
12147 2356 0.05
12147 11898 0.01
12147 4152 0.2
12147 2803 0.05
12147 11023 0.01
12149 4152 0.01
12150 11325 0.05
12152 9088 0.2
12153 4152 0.05
12155 4152 0.05
12157 8941 0.05
12157 351 0.2
12158 9720 0.2
12158 6389 0.01
12158 561 0.2
12158 12335 0.2
12158 5728 0.05
12158 4487 0.01
12158 9088 0.2
12158 9605 0.05
12158 8321 0.2
12158 4152 0.05
12158 1087 0.05
12159 11745 0.05
12159 1757 0.01
12159 6446 0.01
12159 11470 0.01
12159 10089 0.05
12159 6128 0.05
12160 5669 0.01
12161 4152 0.05
12162 12328 0.05
12163 8378 0.01
12164 3691 0.2
12166 1083 0.01
12166 10441 0.01
12166 4728 0.05
12167 4152 0.05
12168 4152 0.05
12168 10811 0.2
12168 1417 0.2
12169 1759 0.01
12170 4152 0.01
12171 4152 0.05
12172 11842 0.2
12172 4148 0.01
12172 8264 0.05
12172 8920 0.01
12172 12552 0.05
12173 2398 0.01
12173 11111 0.2
12173 1879 0.2
12174 12552 0.01
12174 9851 0.05
12174 4927 0.01
12174 7810 0.05
12174 9167 0.01
12174 1622 0.2
12175 4152 0.05
12176 4152 0.01
12177 12592 0.01
12177 4152 0.01
12177 8737 0.2
12177 5454 0.01
12178 4522 0.05
12178 11433 0.2
12180 9531 0.05
12182 4152 0.2
12183 7324 0.01
12183 1622 0.2
12184 4152 0.01
12185 1256 0.2
12185 5428 0.2
12186 11399 0.05
12187 9088 0.01
12188 7737 0.2
12188 11196 0.01
12189 9088 0.2
12190 3975 0.01
12191 10811 0.01
12192 4152 0.05
12194 4152 0.01
12196 4152 0.2
12197 4152 0.05
12199 1757 0.05
12199 871 0.2
12199 1352 0.05
12200 435 0.05
12201 4152 0.05
12202 12213 0.2
12202 2992 0.05
12202 5010 0.01
12202 7717 0.05
12202 7926 0.05
12202 2896 0.2
12202 2345 0.2
12202 12552 0.2
12202 5226 0.05
12202 7256 0.05
12202 3217 0.05
12202 9528 0.01
12202 7810 0.2
12202 795 0.05
12202 7686 0.2
12202 2813 0.01
12202 12566 0.01
12202 11233 0.05
12202 898 0.2
12202 8512 0.2
12202 1961 0.01
12202 9032 0.05
12202 574 0.2
12202 9851 0.01
12202 12590 0.2
12203 1961 0.01
12203 12552 0.2
12203 9146 0.01
12203 9851 0.2
12203 10441 0.01
12203 8512 0.01
12203 5297 0.01
12203 7810 0.05
12203 8170 0.05
12203 12104 0.2
12203 9167 0.01
12203 3707 0.05
12203 7843 0.05
12203 2256 0.2
12203 12243 0.2
12206 9716 0.05
12207 5487 0.01
12207 4152 0.01
12207 1084 0.01
12207 7073 0.2
12207 10141 0.2
12208 2004 0.05
12209 2180 0.05
12210 6412 0.2
12210 4152 0.2
12210 10037 0.2
12210 5554 0.01
12211 4152 0.01
12213 8536 0.05
12213 8751 0.05
12213 2297 0.2
12213 8344 0.01
12213 9439 0.01
12214 2959 0.2
12215 5482 0.2
12216 5272 0.01
12218 7278 0.05
12218 1414 0.01
12218 711 0.2
12218 3750 0.01
12219 4152 0.2
12219 5554 0.01
12220 5600 0.2
12220 11318 0.05
12220 6416 0.2
12220 8082 0.01
12220 2888 0.01
12220 5482 0.05
12220 10884 0.2
12220 4751 0.2
12220 11326 0.01
12220 9763 0.01
12220 9088 0.2
12220 3025 0.05
12220 2945 0.05
12220 4221 0.01
12220 8104 0.05
12221 9531 0.01
12221 2473 0.01
12221 11772 0.01
12221 6887 0.01
12221 7568 0.05
12221 4066 0.01
12221 9237 0.2
12221 10153 0.05
12221 3676 0.2
12221 11065 0.01
12221 4793 0.01
12221 2843 0.01
12221 489 0.05
12221 2242 0.05
12221 4701 0.01
12221 5272 0.01
12221 8118 0.01
12221 1292 0.05
12221 12084 0.2
12221 8315 0.2
12221 7725 0.2
12221 24 0.05
12221 9777 0.2
12221 9288 0.05
12221 3263 0.01
12221 4435 0.05
12221 676 0.05
12221 12131 0.01
12221 6540 0.05
12221 3381 0.05
12221 8361 0.05
12221 11609 0.2
12221 10421 0.01
12221 9436 0.05
12221 739 0.01
12221 2813 0.05
12221 6368 0.2
12221 8512 0.01
12221 898 0.05
12221 12284 0.01
12221 8755 0.05
12221 8374 0.05
12221 518 0.01
12221 4991 0.2
12221 11235 0.05
12221 5701 0.01
12221 6003 0.05
12221 1622 0.2
12221 10281 0.01
12221 5148 0.05
12221 6984 0.05
12221 2493 0.01
12221 2921 0.2
12221 9843 0.01
12221 5251 0.01
12221 8976 0.05
12221 808 0.01
12221 5297 0.2
12221 10012 0.05
12221 6752 0.01
12221 5938 0.01
12221 1975 0.05
12221 8445 0.01
12221 8480 0.01
12221 1527 0.01
12223 1371 0.2
12223 9003 0.05
12223 6771 0.01
12223 8512 0.2
12223 10824 0.05
12224 5758 0.01
12225 9700 0.05
12225 9096 0.01
12225 1224 0.05
12226 4152 0.2
12227 4152 0.01
12228 10662 0.05
12228 1979 0.01
12228 191 0.01
12228 8381 0.05
12228 2945 0.01
12228 3618 0.2
12228 7816 0.05
12228 8568 0.05
12228 9410 0.01
12228 7683 0.2
12228 11921 0.05
12228 2344 0.2
12228 3114 0.05
12228 2243 0.01
12229 4152 0.05
12230 6220 0.05
12231 4154 0.01
12231 8017 0.01
12231 4786 0.2
12231 1387 0.01
12231 7412 0.05
12231 2088 0.01
12231 3920 0.05
12231 6414 0.01
12231 392 0.01
12231 12465 0.01
12231 1525 0.01
12231 2535 0.05
12231 9782 0.01
12231 2408 0.05
12231 4589 0.2
12231 8568 0.01
12231 2815 0.2
12231 160 0.2
12231 7026 0.05
12231 12388 0.05
12231 92 0.2
12231 8661 0.2
12231 11713 0.01
12231 10037 0.05
12231 11360 0.01
12231 11469 0.2
12231 8875 0.2
12231 6990 0.05
12231 9088 0.2
12231 107 0.01
12231 11256 0.2
12231 4152 0.2
12232 518 0.05
12234 1170 0.2
12234 8116 0.2
12235 11492 0.01
12235 9566 0.05
12235 7165 0.01
12237 4152 0.01
12238 5071 0.05
12238 12355 0.01
12238 1224 0.01
12238 9773 0.2
12238 452 0.01
12238 11492 0.2
12238 6460 0.2
12238 11130 0.2
12238 6173 0.2
12238 9480 0.2
12238 12335 0.01
12238 9088 0.01
12238 5145 0.2
12238 7838 0.01
12238 5742 0.2
12238 9691 0.05
12238 8099 0.01
12238 4152 0.01
12238 10037 0.2
12238 9595 0.2
12238 11980 0.2
12241 4152 0.2
12242 1622 0.01
12242 8600 0.01
12242 10037 0.2
12242 9624 0.2
12243 5487 0.05
12243 5773 0.2
12243 9851 0.01
12243 12203 0.2
12243 3901 0.01
12243 6454 0.2
12243 737 0.2
12244 4152 0.2
12245 6512 0.01
12246 4152 0.2
12247 3840 0.2
12247 4152 0.05
12248 7843 0.05
12248 3190 0.2
12248 8979 0.01
12248 8755 0.05
12248 9466 0.2
12248 3394 0.2
12248 8075 0.05
12248 1058 0.2
12248 3325 0.01
12248 5795 0.05
12248 9535 0.05
12249 9531 0.2
12250 2345 0.01
12250 5613 0.05
12250 5938 0.2
12250 8512 0.05
12250 11235 0.01
12250 12590 0.01
12251 519 0.05
12251 10702 0.05
12251 3079 0.05
12251 91 0.2
12251 4724 0.01
12251 466 0.05
12251 4147 0.01
12251 649 0.2
12251 7211 0.2
12251 7898 0.05
12251 5395 0.2
12251 5703 0.2
12252 2629 0.05
12252 3217 0.05
12252 10095 0.05
12253 11878 0.2
12254 4152 0.01
12255 3842 0.01
12255 4066 0.01
12256 4152 0.05
12257 8859 0.01
12258 8964 0.01
12258 9088 0.2
12258 5145 0.2
12259 2004 0.2
12261 438 0.01
12261 6673 0.2
12261 3544 0.05
12262 4152 0.01
12263 11344 0.05
12263 234 0.01
12263 808 0.01
12263 489 0.2
12263 12267 0.05
12264 5487 0.05
12265 4152 0.05
12268 5323 0.05
12273 7810 0.2
12273 7641 0.2
12273 8512 0.01
12273 1561 0.2
12273 4701 0.05
12274 4152 0.05
12275 5145 0.05
12277 831 0.2
12277 6984 0.01
12277 4785 0.01
12277 1793 0.05
12278 9068 0.01
12279 4152 0.2
12280 1386 0.2
12281 5329 0.01
12281 91 0.05
12281 2992 0.01
12281 6540 0.2
12281 8609 0.2
12281 6432 0.01
12281 8170 0.2
12281 9167 0.05
12281 2896 0.01
12282 8787 0.2
12283 9531 0.2
12284 932 0.01
12285 831 0.01
12286 4152 0.2
12287 4152 0.01
12288 4152 0.05
12289 10376 0.05
12289 1757 0.2
12289 12513 0.01
12290 4152 0.01
12291 3469 0.2
12292 1527 0.01
12292 1422 0.2
12292 1783 0.01
12293 9088 0.05
12294 5071 0.05
12294 211 0.01
12294 8899 0.2
12294 7657 0.05
12294 234 0.2
12294 766 0.01
12294 8568 0.01
12294 9088 0.01
12294 11529 0.05
12294 4152 0.01
12295 12574 0.2
12295 4152 0.05
12296 4152 0.2
12297 10334 0.01
12298 6771 0.2
12299 4152 0.01
12300 1757 0.05
12301 6407 0.2
12302 1387 0.05
12305 831 0.01
12305 1002 0.2
12307 9088 0.2
12307 7591 0.05
12308 4152 0.2
12309 9167 0.05
12311 5600 0.01
12311 3698 0.01
12311 5342 0.01
12311 8378 0.2
12311 10495 0.05
12311 6590 0.01
12311 8003 0.2
12311 958 0.01
12311 9088 0.2
12311 11540 0.01
12311 9715 0.2
12311 4525 0.2
12311 3651 0.01
12311 6508 0.2
12311 3114 0.2
12312 5487 0.2
12312 4698 0.05
12312 174 0.05
12312 3379 0.05
12312 4066 0.01
12312 9 0.05
12312 3257 0.01
12312 60 0.2
12312 12411 0.05
12312 9000 0.01
12312 2954 0.01
12312 4167 0.01
12312 6168 0.2
12312 3686 0.2
12312 11434 0.2
12312 9676 0.05
12312 1704 0.01
12312 6058 0.05
12312 3251 0.05
12312 1154 0.2
12312 11881 0.05
12312 1622 0.2
12312 7602 0.05
12312 5103 0.05
12312 5860 0.01
12312 8976 0.2
12312 10908 0.05
12312 2276 0.05
12312 9088 0.01
12312 2016 0.2
12312 712 0.2
12312 4152 0.01
12312 8672 0.2
12312 4419 0.01
12313 4152 0.05
12314 4152 0.01
12315 10782 0.2
12315 871 0.2
12315 3114 0.01
12315 10220 0.2
12316 7324 0.01
12317 4152 0.01
12317 3722 0.05
12318 8616 0.2
12318 3618 0.2
12318 9288 0.01
12321 4152 0.05
12321 9088 0.01
12321 9843 0.2
12322 2992 0.2
12323 5482 0.2
12323 3568 0.2
12325 3842 0.01
12325 8132 0.05
12325 7691 0.05
12325 932 0.05
12325 8568 0.05
12325 5805 0.05
12325 4149 0.01
12325 7719 0.2
12325 7663 0.2
12325 11921 0.2
12325 4387 0.05
12325 4701 0.01
12326 3840 0.01
12326 12294 0.05
12326 1319 0.01
12326 9674 0.05
12326 7324 0.01
12326 4152 0.05
12327 9531 0.01
12328 6457 0.05
12328 6429 0.01
12328 7519 0.2
12328 11544 0.01
12328 2898 0.2
12328 7771 0.2
12328 1384 0.2
12328 794 0.2
12328 9294 0.01
12328 10886 0.05
12328 11407 0.05
12328 11753 0.01
12328 2308 0.2
12328 4812 0.01
12328 4296 0.2
12328 10355 0.2
12328 2920 0.01
12328 12352 0.2
12328 7572 0.05
12328 77 0.2
12328 10747 0.2
12328 7744 0.01
12328 8864 0.05
12328 9742 0.05
12328 12584 0.2
12328 2609 0.05
12328 6778 0.2
12328 6396 0.01
12328 2173 0.01
12328 12014 0.01
12328 12162 0.01
12328 11821 0.05
12328 4871 0.05
12328 4152 0.05
12328 1528 0.2
12328 1273 0.2
12330 4152 0.01
12330 8512 0.01
12330 1473 0.05
12330 9605 0.05
12331 932 0.05
12332 4696 0.05
12332 11829 0.05
12332 2242 0.01
12333 7928 0.2
12335 8935 0.2
12335 174 0.01
12335 1387 0.05
12335 10876 0.01
12335 4021 0.05
12335 10936 0.05
12335 4792 0.2
12335 7255 0.01
12335 6006 0.2
12335 11887 0.01
12335 2888 0.05
12335 12084 0.05
12335 9935 0.05
12335 788 0.2
12335 2398 0.2
12335 9361 0.01
12335 11083 0.01
12335 8361 0.2
12335 3436 0.05
12335 989 0.01
12335 6225 0.2
12335 4442 0.2
12335 7219 0.01
12335 8378 0.2
12335 9174 0.05
12335 8568 0.01
12335 4040 0.01
12335 10086 0.2
12335 8575 0.01
12335 1422 0.01
12335 11910 0.05
12335 5916 0.05
12335 1622 0.05
12335 11326 0.2
12335 2964 0.05
12335 12294 0.05
12335 8574 0.05
12335 4387 0.05
12335 46 0.05
12335 4042 0.05
12335 2612 0.01
12335 10141 0.05
12335 2228 0.01
12335 3504 0.05
12335 11923 0.01
12335 6460 0.05
12335 3469 0.2
12335 4272 0.2
12335 5066 0.05
12335 7247 0.05
12335 12123 0.01
12335 5272 0.2
12335 9984 0.01
12335 766 0.05
12335 10162 0.01
12335 1468 0.2
12335 8613 0.01
12335 1239 0.01
12335 9387 0.01
12335 239 0.05
12335 70 0.2
12335 7511 0.01
12335 3702 0.2
12335 10774 0.01
12335 191 0.01
12335 2066 0.05
12335 6093 0.2
12335 9793 0.01
12335 1527 0.01
12335 8055 0.01
12335 5863 0.01
12335 12158 0.01
12335 1068 0.2
12335 8625 0.01
12335 3507 0.01
12335 2470 0.2
12335 8622 0.01
12335 90 0.01
12335 9232 0.05
12335 10195 0.01
12335 3722 0.05
12335 8252 0.01
12335 6299 0.2
12335 3518 0.2
12335 2292 0.2
12335 102 0.01
12335 3114 0.2
12335 4701 0.05
12335 8956 0.05
12335 12376 0.05
12335 3737 0.2
12335 4057 0.2
12335 7319 0.2
12335 10421 0.05
12335 6719 0.01
12335 9953 0.05
12335 10809 0.05
12335 10811 0.01
12335 7647 0.2
12335 5145 0.01
12335 371 0.05
12335 10924 0.05
12335 10037 0.05
12335 5114 0.05
12335 9643 0.05
12335 8384 0.2
12335 8478 0.01
12335 10442 0.05
12335 9088 0.01
12335 9624 0.2
12335 1329 0.05
12335 4152 0.2
12335 10588 0.2
12335 3568 0.2
12335 10835 0.05
12335 9975 0.2
12335 12602 0.01
12335 12604 0.05
12335 9003 0.2
12335 11434 0.01
12335 2955 0.01
12335 10662 0.2
12335 6982 0.01
12335 3585 0.05
12335 6754 0.2
12335 10073 0.05
12335 11636 0.01
12335 1403 0.05
12335 1949 0.01
12335 12238 0.01
12335 5071 0.05
12335 739 0.05
12335 6819 0.2
12335 9491 0.01
12335 12519 0.01
12335 3395 0.2
12335 6978 0.05
12335 12057 0.01
12335 204 0.2
12335 1371 0.01
12335 2981 0.2
12335 3547 0.2
12335 9904 0.05
12335 8525 0.05
12335 10690 0.05
12335 12490 0.2
12335 9435 0.05
12335 3408 0.2
12335 4415 0.01
12335 4012 0.01
12335 3409 0.2
12335 10698 0.2
12335 4419 0.2
12336 4152 0.05
12337 1622 0.05
12339 6202 0.2
12339 2387 0.2
12340 11241 0.05
12341 4152 0.05
12342 4152 0.2
12343 11043 0.2
12343 204 0.01
12344 11382 0.01
12344 4152 0.2
12347 4152 0.2
12347 9088 0.05
12348 4152 0.05
12349 4152 0.05
12350 4152 0.01
12351 5071 0.2
12351 12294 0.01
12351 2737 0.2
12351 10367 0.01
12351 6590 0.01
12351 1831 0.01
12351 494 0.2
12351 7171 0.05
12351 4042 0.2
12351 9605 0.05
12352 6429 0.05
12352 12328 0.01
12352 11753 0.2
12352 7572 0.05
12353 4152 0.05
12355 5409 0.05
12355 12513 0.01
12356 8170 0.2
12357 4793 0.2
12357 9619 0.01
12357 9843 0.2
12358 11788 0.2
12358 438 0.05
12358 8512 0.01
12358 7302 0.05
12358 1961 0.2
12358 11695 0.2
12358 4727 0.01
12358 1189 0.2
12358 4619 0.01
12358 1622 0.2
12358 7767 0.05
12358 5554 0.05
12363 9088 0.05
12363 12435 0.01
12364 11881 0.2
12364 4152 0.05
12364 8331 0.2
12364 2242 0.05
12364 2359 0.05
12365 2896 0.05
12366 2991 0.01
12366 4152 0.01
12367 1077 0.2
12368 1422 0.2
12369 4152 0.01
12370 4152 0.2
12372 4152 0.05
12373 4152 0.01
12374 4152 0.2
12374 2016 0.2
12374 3469 0.01
12376 174 0.01
12376 10495 0.01
12376 2180 0.05
12376 10497 0.2
12376 3842 0.01
12376 391 0.2
12376 191 0.05
12376 11687 0.2
12376 11492 0.05
12376 8167 0.01
12376 5684 0.01
12376 11695 0.05
12376 7394 0.05
12376 9339 0.2
12376 11697 0.2
12376 11012 0.01
12376 2004 0.05
12376 8963 0.01
12376 6431 0.01
12376 1417 0.01
12376 204 0.05
12376 10086 0.05
12376 1422 0.05
12376 1622 0.2
12376 11326 0.01
12376 612 0.2
12376 5043 0.2
12376 7411 0.05
12376 9359 0.01
12376 2016 0.01
12376 10141 0.01
12376 11921 0.05
12376 11923 0.05
12376 1224 0.05
12376 6460 0.2
12376 8992 0.2
12376 9760 0.05
12376 821 0.2
12376 6911 0.2
12376 11539 0.01
12376 8208 0.2
12376 430 0.05
12376 5071 0.01
12376 435 0.2
12376 8638 0.05
12376 1237 0.05
12376 10938 0.05
12376 12513 0.2
12376 239 0.01
12376 3698 0.2
12376 1665 0.01
12376 1468 0.2
12376 12522 0.05
12376 12335 0.05
12376 9720 0.2
12376 8623 0.2
12376 9404 0.01
12376 4152 0.2
12376 7863 0.2
12376 11141 0.05
12376 3713 0.2
12376 12534 0.05
12376 2677 0.2
12376 6893 0.05
12376 672 0.01
12376 2292 0.2
12376 7663 0.01
12376 1884 0.2
12376 10204 0.2
12376 5577 0.05
12376 11788 0.01
12376 7888 0.2
12376 114 0.01
12376 7683 0.2
12376 7120 0.05
12376 6128 0.05
12376 3562 0.05
12376 7691 0.2
12376 2107 0.01
12376 8306 0.2
12376 10036 0.01
12376 5339 0.05
12376 7899 0.05
12376 3469 0.2
12376 8090 0.2
12376 5482 0.05
12376 3554 0.01
12376 8478 0.01
12376 9088 0.2
12376 6341 0.2
12376 1326 0.05
12376 1329 0.05
12376 12401 0.01
12376 2334 0.01
12376 9276 0.2
12376 8240 0.2
12376 6545 0.2
12376 7161 0.01
12376 11636 0.01
12376 10662 0.05
12376 6982 0.2
12376 6754 0.01
12376 10073 0.01
12376 9673 0.05
12376 9674 0.01
12376 9677 0.05
12376 12238 0.2
12376 3171 0.01
12376 9890 0.2
12376 2969 0.01
12376 3388 0.05
12376 7543 0.2
12376 8512 0.2
12376 11237 0.2
12376 4991 0.05
12376 8568 0.2
12376 11239 0.05
12376 5554 0.01
12376 749 0.01
12376 7957 0.05
12376 10628 0.01
12376 12442 0.2
12376 10690 0.2
12376 367 0.2
12376 4209 0.01
12376 1975 0.01
12376 3409 0.05
12377 2276 0.05
12377 6754 0.01
12377 3520 0.01
12377 7923 0.2
12378 4152 0.2
12379 4152 0.01
12381 4152 0.2
12385 1071 0.2
12385 4152 0.2
12386 12401 0.05
12388 4154 0.05
12388 8017 0.05
12388 4786 0.01
12388 1387 0.2
12388 7412 0.01
12388 2088 0.01
12388 3920 0.05
12388 6414 0.2
12388 392 0.2
12388 1525 0.01
12388 12231 0.05
12388 6529 0.2
12388 2535 0.05
12388 9782 0.2
12388 2408 0.05
12388 4589 0.01
12388 2815 0.05
12388 160 0.01
12388 92 0.05
12388 8661 0.05
12388 11713 0.01
12388 10037 0.2
12388 11360 0.01
12388 11469 0.01
12388 617 0.01
12388 8055 0.2
12388 8875 0.05
12388 10824 0.2
12388 6990 0.01
12388 107 0.2
12388 11256 0.2
12388 4152 0.01
12390 9088 0.05
12391 6446 0.2
12396 6176 0.05
12397 9480 0.05
12398 7240 0.05
12398 174 0.05
12398 7040 0.05
12398 4066 0.01
12398 2435 0.01
12398 379 0.05
12398 4474 0.01
12398 4793 0.2
12398 6236 0.05
12398 2954 0.05
12398 9875 0.2
12398 8899 0.2
12398 12084 0.05
12398 6961 0.2
12398 24 0.01
12398 8167 0.2
12398 4537 0.01
12398 9619 0.05
12398 12513 0.05
12398 3381 0.01
12398 3885 0.01
12398 12238 0.05
12398 1704 0.01
12398 10421 0.05
12398 3025 0.01
12398 230 0.05
12398 2004 0.05
12398 9174 0.05
12398 7129 0.01
12398 3945 0.05
12398 4548 0.01
12398 6978 0.05
12398 7324 0.2
12398 5554 0.01
12398 11609 0.01
12398 4139 0.2
12398 2493 0.05
12398 5148 0.05
12398 9556 0.05
12398 808 0.2
12398 1321 0.01
12398 7865 0.2
12398 1527 0.05
12399 12003 0.2
12400 5916 0.2
12400 10141 0.01
12401 1589 0.2
12401 3625 0.05
12401 8681 0.2
12401 5066 0.01
12401 3114 0.05
12401 6961 0.05
12401 191 0.2
12401 545 0.05
12401 234 0.01
12401 6754 0.05
12401 12376 0.2
12401 11695 0.01
12401 116 0.2
12401 4152 0.05
12401 12513 0.2
12401 70 0.05
12401 10811 0.2
12401 8568 0.05
12401 8512 0.05
12401 7647 0.01
12401 5145 0.01
12401 6377 0.05
12401 1422 0.01
12401 9741 0.05
12401 1622 0.05
12401 10037 0.01
12401 5554 0.01
12401 6291 0.05
12401 6093 0.2
12401 1319 0.05
12401 6508 0.01
12401 9088 0.2
12401 12534 0.05
12401 1527 0.05
12401 3618 0.01
12402 395 0.2
12403 2183 0.01
12403 4021 0.01
12403 191 0.2
12403 11695 0.2
12403 7394 0.01
12403 9167 0.05
12403 4630 0.05
12403 11287 0.2
12403 5600 0.2
12403 6639 0.01
12403 8177 0.2
12403 1422 0.05
12403 5916 0.2
12403 5043 0.2
12403 6235 0.05
12403 3239 0.01
12403 2016 0.05
12403 10141 0.2
12403 9753 0.01
12403 5808 0.2
12403 55 0.2
12403 3254 0.05
12403 7823 0.05
12403 11540 0.05
12403 5822 0.05
12403 10367 0.05
12403 2637 0.05
12403 3069 0.01
12403 10716 0.01
12403 11126 0.01
12403 3489 0.05
12403 2260 0.05
12403 1857 0.01
12403 9786 0.05
12403 9402 0.05
12403 9223 0.01
12403 10182 0.01
12403 6093 0.05
12403 7863 0.05
12403 9796 0.2
12403 1527 0.01
12403 5482 0.01
12403 10391 0.2
12403 2470 0.2
12403 2284 0.01
12403 7875 0.05
12403 4700 0.05
12403 1291 0.2
12403 2896 0.05
12403 885 0.05
12403 2489 0.01
12403 494 0.2
12403 1707 0.01
12403 11998 0.2
12403 1971 0.05
12403 5339 0.05
12403 7324 0.05
12403 4939 0.05
12403 10037 0.01
12403 4139 0.05
12403 8290 0.05
12403 7911 0.05
12403 9088 0.05
12403 11420 0.2
12403 11196 0.05
12403 923 0.01
12403 10060 0.01
12403 2734 0.05
12403 11015 0.2
12403 3780 0.2
12403 6996 0.2
12403 6754 0.2
12403 10073 0.01
12403 6756 0.2
12403 7410 0.05
12403 4152 0.05
12403 3383 0.2
12403 5071 0.05
12403 7444 0.05
12403 6377 0.01
12403 4593 0.05
12403 3185 0.2
12403 4991 0.05
12403 4770 0.2
12403 8329 0.01
12403 11658 0.01
12403 8520 0.2
12403 5554 0.01
12403 1371 0.2
12403 6776 0.05
12403 10690 0.05
12403 8526 0.01
12403 959 0.05
12403 11873 0.05
12404 67 0.05
12405 2015 0.05
12407 8823 0.05
12409 3397 0.05
12411 2205 0.2
12411 11375 0.2
12411 2004 0.2
12411 10811 0.01
12411 9088 0.2
12411 5145 0.2
12411 5554 0.2
12411 5066 0.01
12411 1622 0.01
12411 4152 0.2
12411 8319 0.2
12411 3114 0.2
12412 4152 0.05
12413 9851 0.05
12414 211 0.2
12414 4066 0.2
12414 2197 0.01
12414 4193 0.05
12414 6673 0.01
12414 11923 0.05
12414 5066 0.01
12414 10782 0.2
12414 4152 0.2
12414 3114 0.05
12414 4701 0.2
12415 4152 0.01
12418 9088 0.2
12419 4152 0.05
12422 4991 0.01
12424 1622 0.05
12425 3234 0.2
12425 371 0.2
12425 2896 0.01
12425 11257 0.05
12427 4152 0.2
12428 1346 0.2
12429 592 0.05
12433 10965 0.01
12433 1527 0.01
12433 2004 0.01
12433 1957 0.2
12433 2276 0.2
12433 5844 0.2
12433 3883 0.2
12433 9288 0.05
12433 4700 0.2
12433 9088 0.01
12433 2016 0.2
12433 8854 0.05
12433 10782 0.05
12433 4152 0.05
12433 5554 0.01
12434 4152 0.05
12435 9875 0.01
12435 582 0.01
12435 6233 0.2
12435 7847 0.05
12435 2826 0.2
12435 3087 0.01
12435 1606 0.05
12435 3892 0.2
12435 9787 0.05
12435 6379 0.2
12435 10510 0.2
12435 12547 0.05
12435 7186 0.2
12435 5008 0.2
12435 7695 0.2
12438 5145 0.2
12439 2896 0.2
12440 5992 0.2
12441 4152 0.2
12442 4525 0.2
12442 12376 0.01
12442 1622 0.2
12444 9410 0.2
12445 4152 0.05
12446 4152 0.05
12447 7324 0.01
12447 11491 0.05
12448 2108 0.2
12448 8568 0.01
12449 4152 0.05
12450 3403 0.01
12451 4152 0.05
12452 4152 0.05
12454 4152 0.05
12454 10204 0.01
12455 10037 0.01
12456 1242 0.05
12456 2257 0.05
12456 9203 0.2
12456 11788 0.05
12456 7863 0.01
12456 3164 0.05
12456 10495 0.2
12456 10876 0.01
12456 11326 0.05
12456 12123 0.05
12456 8433 0.01
12456 9975 0.05
12456 8867 0.01
12456 4152 0.01
12456 10037 0.2
12457 1622 0.05
12458 4785 0.01
12459 10037 0.05
12460 8483 0.05
12461 273 0.01
12461 2834 0.01
12461 8675 0.2
12461 11929 0.2
12461 10216 0.2
12461 10782 0.05
12461 3114 0.01
12461 4797 0.01
12461 4451 0.05
12461 9088 0.01
12461 1099 0.2
12461 9483 0.2
12461 1949 0.01
12461 871 0.01
12461 7494 0.2
12461 10220 0.2
12461 10524 0.01
12461 7451 0.05
12461 2482 0.05
12461 4193 0.05
12461 10529 0.2
12461 1575 0.01
12461 4152 0.05
12461 4206 0.01
12461 8479 0.05
12461 1730 0.2
12461 7811 0.2
12461 4250 0.2
12461 7421 0.05
12461 5721 0.2
12462 4152 0.2
12463 8613 0.2
12463 2312 0.2
12465 392 0.2
12465 8875 0.2
12467 9088 0.2
12468 4849 0.2
12468 5364 0.05
12468 3547 0.05
12468 2282 0.05
12468 3699 0.01
12469 9088 0.2
12469 8527 0.01
12469 4983 0.2
12470 9088 0.01
12472 8835 0.01
12472 4192 0.05
12472 4152 0.05
12472 6934 0.2
12472 3291 0.2
12473 4152 0.2
12474 4152 0.01
12475 4152 0.01
12476 191 0.05
12477 7494 0.05
12477 273 0.05
12477 4797 0.2
12477 5721 0.2
12477 12461 0.05
12477 4206 0.05
12477 1757 0.01
12477 871 0.2
12477 2834 0.05
12477 1949 0.01
12477 1575 0.05
12477 2482 0.05
12477 4193 0.01
12477 10529 0.2
12477 1099 0.05
12477 7811 0.2
12477 11929 0.2
12477 10782 0.2
12477 4152 0.05
12477 7421 0.05
12477 3114 0.2
12478 4152 0.01
12479 1854 0.05
12479 191 0.05
12479 70 0.2
12479 8170 0.05
12479 9531 0.2
12479 5554 0.01
12479 7591 0.01
12482 4387 0.05
12482 10690 0.01
12482 9410 0.2
12482 9088 0.2
12482 11481 0.01
12482 1084 0.01
12482 10141 0.2
12482 8788 0.01
12482 1142 0.05
12482 4152 0.01
12483 12552 0.01
12483 10606 0.05
12485 4152 0.01
12486 9843 0.05
12487 10811 0.05
12487 696 0.05
12488 1829 0.01
12489 4152 0.05
12489 8108 0.05
12489 1791 0.01
12489 9088 0.01
12489 5145 0.05
12489 1527 0.05
12489 2954 0.2
12490 10168 0.01
12490 12335 0.01
12490 9480 0.01
12490 3554 0.2
12490 4522 0.01
12491 4152 0.2
12494 4152 0.05
12495 5487 0.01
12495 3109 0.05
12495 9531 0.01
12496 4152 0.2
12498 8651 0.01
12498 11418 0.05
12499 11318 0.01
12499 10401 0.05
12499 3469 0.05
12499 2389 0.05
12499 11434 0.2
12499 4701 0.05
12499 11548 0.2
12499 2298 0.2
12499 11492 0.01
12499 2798 0.01
12499 10495 0.01
12499 11651 0.01
12499 7691 0.05
12499 9491 0.05
12499 2265 0.05
12499 1622 0.01
12499 5554 0.2
12499 4152 0.01
12499 1319 0.01
12499 11363 0.05
12499 8381 0.05
12499 9088 0.01
12499 10140 0.05
12499 1527 0.05
12499 6508 0.01
12500 2016 0.01
12501 4152 0.05
12503 4152 0.01
12503 3469 0.01
12504 5239 0.2
12505 4152 0.2
12506 10811 0.2
12507 1063 0.2
12507 840 0.01
12508 4152 0.2
12508 8737 0.01
12509 932 0.01
12510 4152 0.01
12511 1108 0.01
12513 5772 0.05
12513 177 0.05
12513 4789 0.2
12513 7005 0.05
12513 4793 0.05
12513 390 0.05
12513 5019 0.2
12513 191 0.01
12513 11695 0.05
12513 10495 0.2
12513 989 0.2
12513 603 0.2
12513 4442 0.2
12513 8564 0.05
12513 409 0.2
12513 9174 0.05
12513 8568 0.05
12513 1422 0.01
12513 1622 0.01
12513 2890 0.01
12513 8574 0.2
12513 1216 0.05
12513 10141 0.01
12513 1224 0.05
12513 5813 0.05
12513 2622 0.2
12513 11931 0.2
12513 3469 0.2
12513 6461 0.01
12513 9975 0.05
12513 11737 0.2
12513 430 0.01
12513 2242 0.01
12513 2243 0.01
12513 5071 0.01
12513 234 0.05
12513 766 0.01
12513 239 0.05
12513 847 0.05
12513 10376 0.05
12513 3526 0.05
12513 4493 0.01
12513 1857 0.05
12513 9027 0.05
12513 655 0.2
12513 6870 0.2
12513 8237 0.2
12513 6093 0.2
12513 3906 0.01
12513 7863 0.05
12513 11571 0.2
12513 1675 0.05
12513 1265 0.01
12513 1527 0.05
12513 5482 0.2
12513 9410 0.05
12513 7865 0.2
12513 4515 0.05
12513 3722 0.2
12513 6893 0.05
12513 11317 0.2
12513 8637 0.2
12513 4701 0.01
12513 10607 0.01
12513 10797 0.2
12513 8643 0.05
12513 5889 0.01
12513 1296 0.01
12513 12376 0.05
12513 4537 0.05
12513 7494 0.01
12513 2708 0.2
12513 902 0.01
12513 4134 0.2
12513 11326 0.01
12513 2923 0.05
12513 10037 0.2
12513 905 0.01
12513 9843 0.05
12513 1319 0.01
12513 7911 0.2
12513 9088 0.05
12513 11287 0.01
12513 1329 0.2
12513 12401 0.2
12513 2334 0.01
12513 6346 0.01
12513 8240 0.01
12513 9096 0.2
12513 10061 0.01
12513 3576 0.05
12513 4166 0.05
12513 553 0.05
12513 12608 0.01
12513 3585 0.2
12513 936 0.2
12513 1409 0.05
12513 4152 0.01
12513 3987 0.05
12513 2154 0.2
12513 3388 0.2
12513 6590 0.05
12513 5966 0.2
12513 6769 0.01
12513 4525 0.01
12513 9900 0.2
12513 5554 0.2
12513 10480 0.2
12513 4599 0.01
12513 12577 0.2
12513 3618 0.05
12514 4152 0.01
12516 6819 0.01
12516 1527 0.01
12517 7863 0.01
12517 1319 0.01
12517 659 0.01
12517 11326 0.2
12517 4990 0.01
12517 9088 0.2
12517 4152 0.2
12517 11434 0.2
12518 12552 0.2
12518 7511 0.01
12519 8334 0.2
12519 367 0.2
12519 1865 0.01
12519 5554 0.01
12520 10480 0.05
12521 4152 0.01
12522 4990 0.2
12522 197 0.2
12522 1683 0.05
12522 3322 0.2
12522 1319 0.05
12523 4152 0.05
12524 9060 0.05
12525 3538 0.05
12525 10852 0.01
12525 10450 0.05
12525 9843 0.2
12525 7482 0.01
12525 70 0.2
12525 9231 0.2
12525 6405 0.05
12525 6235 0.2
12525 10073 0.01
12525 9720 0.01
12525 11434 0.01
12525 3842 0.05
12525 1186 0.2
12525 9088 0.01
12525 5970 0.01
12525 8000 0.05
12525 9339 0.2
12525 2954 0.2
12525 7691 0.05
12526 689 0.05
12526 4731 0.2
12526 11354 0.01
12527 8859 0.01
12528 91 0.2
12530 9088 0.01
12531 8935 0.01
12531 174 0.05
12531 2888 0.01
12531 1318 0.01
12531 4018 0.05
12531 871 0.01
12531 11326 0.05
12531 5258 0.05
12531 8681 0.05
12531 1547 0.01
12531 2283 0.01
12531 9904 0.01
12531 5409 0.2
12531 234 0.01
12531 6754 0.01
12531 1237 0.05
12531 8575 0.05
12531 2016 0.2
12531 4152 0.05
12531 6128 0.2
12531 3082 0.2
12531 2004 0.2
12531 8568 0.2
12531 2265 0.2
12531 6093 0.2
12531 3091 0.01
12531 1622 0.2
12531 10924 0.01
12531 3493 0.2
12531 3018 0.05
12531 8003 0.2
12531 1527 0.2
12531 9843 0.01
12531 6388 0.2
12531 11363 0.05
12531 8092 0.2
12531 1922 0.2
12531 10641 0.01
12531 3756 0.2
12531 2519 0.01
12531 4732 0.01
12531 2672 0.05
12531 2428 0.05
12532 4152 0.01
12534 10450 0.05
12534 10147 0.2
12534 10197 0.05
12534 6405 0.05
12534 3205 0.2
12534 6624 0.2
12534 11434 0.01
12534 9980 0.01
12534 6416 0.05
12534 3164 0.2
12534 545 0.05
12534 234 0.2
12534 1804 0.2
12534 3114 0.01
12534 1103 0.05
12534 2257 0.01
12534 1757 0.2
12534 8531 0.01
12534 8118 0.01
12534 5145 0.05
12534 5970 0.2
12534 8099 0.01
12534 6003 0.01
12534 1622 0.01
12534 10037 0.05
12534 5554 0.2
12534 1720 0.01
12534 8525 0.2
12534 1625 0.05
12534 9088 0.01
12534 2016 0.2
12534 7811 0.05
12534 4559 0.05
12534 4152 0.01
12534 8672 0.2
12534 1028 0.05
12535 5889 0.05
12537 4152 0.2
12538 4152 0.01
12539 11488 0.2
12541 9304 0.05
12541 4152 0.2
12541 9088 0.05
12541 9253 0.01
12542 5482 0.01
12545 5992 0.01
12545 3199 0.01
12545 6151 0.2
12545 1224 0.05
12545 2888 0.01
12545 11318 0.01
12545 4066 0.05
12545 8306 0.01
12545 10782 0.05
12545 11434 0.01
12545 5071 0.2
12545 5019 0.01
12545 191 0.05
12545 2737 0.01
12545 6754 0.01
12545 6419 0.05
12545 9361 0.05
12545 6803 0.2
12545 9339 0.01
12545 6128 0.05
12545 3562 0.2
12545 241 0.2
12545 5600 0.2
12545 7691 0.2
12545 3388 0.2
12545 1757 0.2
12545 8568 0.2
12545 12577 0.2
12545 1622 0.01
12545 5554 0.05
12545 211 0.2
12545 4152 0.05
12545 9843 0.01
12545 3503 0.05
12545 1527 0.05
12545 9410 0.05
12545 9088 0.2
12545 2016 0.2
12545 1781 0.05
12545 6700 0.05
12545 3409 0.05
12545 6508 0.01
12545 11923 0.2
12546 9003 0.05
12546 7875 0.2
12547 12435 0.2
12549 3312 0.01
12549 12064 0.01
12549 2837 0.2
12549 3014 0.05
12549 8682 0.01
12549 6697 0.05
12549 9826 0.2
12549 656 0.05
12550 4522 0.2
12552 11926 0.05
12552 4066 0.01
12552 8679 0.01
12552 8047 0.2
12552 4166 0.2
12552 2896 0.01
12552 4701 0.05
12552 831 0.01
12552 9851 0.2
12552 438 0.01
12552 1138 0.2
12552 884 0.01
12552 3217 0.01
12552 7810 0.2
12552 9531 0.2
12552 9167 0.2
12552 8693 0.01
12552 898 0.2
12552 8137 0.05
12552 4991 0.05
12552 3748 0.05
12552 1622 0.05
12552 11235 0.2
12552 10037 0.01
12552 8768 0.2
12552 4728 0.2
12552 3954 0.05
12552 1320 0.01
12552 11815 0.01
12552 1295 0.2
12552 12203 0.05
12552 2548 0.2
12552 11922 0.2
12553 4152 0.05
12556 8118 0.2
12556 7907 0.2
12556 8525 0.01
12556 5482 0.05
12556 4039 0.2
12556 3785 0.01
12556 9088 0.2
12556 6341 0.05
12556 5648 0.01
12556 9657 0.2
12556 5554 0.01
12557 12123 0.01
12560 4152 0.2
12562 9671 0.2
12563 4152 0.2
12565 1622 0.2
12565 7625 0.2
12565 11923 0.01
12567 4152 0.05
12568 3890 0.2
12568 9721 0.2
12568 8473 0.05
12568 12129 0.05
12568 8512 0.2
12568 8568 0.01
12568 7603 0.2
12568 1515 0.2
12568 4728 0.2
12568 9167 0.01
12568 2535 0.01
12568 5286 0.05
12569 4152 0.01
12570 3312 0.01
12570 11368 0.05
12570 2837 0.05
12570 5456 0.01
12570 2502 0.01
12570 3014 0.01
12570 8682 0.01
12570 1344 0.05
12570 9826 0.2
12570 656 0.2
12571 4152 0.05
12572 6706 0.2
12573 4152 0.2
12574 11187 0.2
12574 4152 0.05
12574 10811 0.2
12575 7603 0.05
12575 99 0.01
12576 1242 0.2
12576 3361 0.01
12576 9919 0.05
12576 10495 0.05
12576 10149 0.2
12576 3205 0.05
12576 3469 0.2
12576 11540 0.01
12576 9975 0.01
12576 9003 0.05
12576 10843 0.01
12576 11434 0.2
12576 5071 0.2
12576 11333 0.05
12576 10367 0.2
12576 2798 0.2
12576 5415 0.01
12576 10884 0.05
12576 10162 0.01
12576 2196 0.05
12576 6756 0.01
12576 7171 0.2
12576 11695 0.01
12576 4336 0.2
12576 9339 0.01
12576 2911 0.01
12576 4152 0.2
12576 6128 0.2
12576 4808 0.05
12576 7017 0.01
12576 9733 0.05
12576 7265 0.01
12576 7691 0.01
12576 452 0.01
12576 3388 0.05
12576 7543 0.2
12576 10811 0.05
12576 5671 0.05
12576 249 0.2
12576 10474 0.2
12576 9495 0.01
12576 4450 0.2
12576 5554 0.2
12576 7647 0.01
12576 9843 0.2
12576 7863 0.01
12576 5517 0.2
12576 11043 0.05
12576 5482 0.2
12576 299 0.01
12576 9088 0.01
12576 12401 0.2
12576 7725 0.2
12576 90 0.05
12576 1736 0.2
12577 3361 0.05
12577 12545 0.01
12577 11540 0.05
12577 8208 0.05
12577 9975 0.01
12577 5071 0.2
12577 144 0.2
12577 191 0.05
12577 3481 0.01
12577 6961 0.05
12577 9480 0.05
12577 6173 0.05
12577 6128 0.01
12577 3562 0.05
12577 5443 0.05
12577 7265 0.01
12577 4127 0.01
12577 452 0.2
12577 8568 0.2
12577 3185 0.2
12577 1329 0.2
12577 5554 0.2
12577 8574 0.2
12577 12401 0.05
12577 10690 0.01
12577 5482 0.01
12577 11815 0.01
12577 9088 0.2
12577 7418 0.01
12577 7719 0.2
12577 7965 0.01
12577 4152 0.01
12578 4152 0.05
12578 9088 0.01
12578 1216 0.2
12579 2416 0.05
12581 8935 0.01
12581 5356 0.05
12581 174 0.05
12581 3568 0.01
12581 9276 0.01
12581 6791 0.01
12581 11326 0.05
12581 3254 0.2
12581 1357 0.01
12581 4962 0.01
12581 7324 0.05
12581 9975 0.2
12581 430 0.01
12581 1158 0.2
12581 7342 0.05
12581 4701 0.2
12581 191 0.05
12581 9605 0.01
12581 2637 0.2
12581 26 0.05
12581 9673 0.01
12581 9531 0.01
12581 11695 0.01
12581 9595 0.05
12581 1757 0.05
12581 4166 0.2
12581 2535 0.2
12581 9624 0.05
12581 10376 0.2
12581 9020 0.01
12581 2496 0.2
12581 1468 0.2
12581 5964 0.01
12581 11130 0.01
12581 4040 0.01
12581 9786 0.01
12581 4991 0.01
12581 6492 0.2
12581 8000 0.01
12581 6003 0.01
12581 10037 0.2
12581 5554 0.01
12581 5756 0.01
12581 211 0.05
12581 8574 0.05
12581 5916 0.2
12581 9843 0.05
12581 1319 0.05
12581 10689 0.05
12581 10698 0.2
12581 6235 0.05
12581 8187 0.2
12581 8613 0.05
12581 4259 0.01
12581 574 0.01
12581 2172 0.01
12581 9088 0.2
12581 12534 0.2
12581 10141 0.2
12581 1527 0.01
12581 2334 0.05
12581 2283 0.2
12582 9531 0.05
12583 11829 0.01
12584 12328 0.05
12585 3114 0.01
12586 6182 0.05
12587 10441 0.05
12587 11519 0.05
12590 1383 0.01
12590 4519 0.01
12590 54 0.2
12590 6152 0.01
12590 11095 0.2
12590 4690 0.05
12590 7603 0.05
12590 9025 0.2
12590 5444 0.2
12590 3321 0.2
12590 8810 0.01
12590 10094 0.05
12590 1622 0.01
12590 5962 0.2
12592 2507 0.2
12592 9253 0.2
12592 8737 0.2
12592 10809 0.2
12592 5726 0.01
12592 9288 0.05
12592 4660 0.2
12592 9088 0.2
12592 4152 0.05
12593 1196 0.01
12593 7517 0.2
12593 11772 0.2
12593 11282 0.05
12593 262 0.01
12593 9088 0.2
12593 4152 0.2
12594 3698 0.01
12594 5482 0.05
12594 9108 0.2
12594 11695 0.01
12594 4995 0.05
12594 5554 0.01
12595 831 0.05
12596 7456 0.05
12597 5554 0.05
12598 8609 0.01
12599 4152 0.01
12600 5916 0.01
12600 7865 0.2
12600 2657 0.2
12600 4336 0.05
12600 11921 0.01
12600 4152 0.05
12601 7641 0.05
12601 8512 0.01
12601 5795 0.01
12602 10845 0.05
12602 2235 0.2
12602 6733 0.01
12602 6007 0.05
12602 9605 0.2
12602 8568 0.05
12602 8250 0.2
12602 2905 0.2
12602 12335 0.2
12602 91 0.2
12602 11695 0.01
12602 9720 0.05
12602 6245 0.05
12602 11121 0.05
12602 4152 0.01
12602 6128 0.2
12602 5554 0.05
12602 1783 0.2
12604 1757 0.05
12604 11590 0.2
12604 9605 0.05
12605 9531 0.01
12606 1622 0.2
12606 7581 0.05
12607 7494 0.05
12607 557 0.01
12607 10220 0.2
12607 871 0.05
12607 4066 0.01
12607 9088 0.01
12607 1099 0.01
12607 7811 0.05
12607 10782 0.01
12607 4152 0.01
12607 3114 0.2
12608 12513 0.05
12609 3547 0.01
12610 7923 0.05
12612 5482 0.2
12613 10037 0.05
12617 9359 0.2
12617 4152 0.2
12617 5145 0.01
12618 10715 0.2
12618 12423 0.2
12618 6301 0.01
12619 7773 0.2
12620 3254 0.01
12620 8170 0.01
12620 10533 0.01
12621 8301 0.2
12621 2205 0.01
12621 11375 0.2
12621 8319 0.05
12621 2004 0.01
12621 4320 0.05
12621 10811 0.05
12621 4679 0.01
12621 9088 0.2
12621 5145 0.2
12621 5554 0.01
12621 7358 0.2
12621 5066 0.05
12621 1622 0.01
12621 4152 0.01
12621 12411 0.05
12621 3114 0.2
12621 3172 0.05
12622 1037 0.05
12622 4152 0.2
12622 1674 0.01
12623 4152 0.01
12624 70 0.01
12625 1783 0.05
12626 8132 0.05
12627 6190 0.05
12627 4152 0.01
12628 11111 0.2
12632 4522 0.05
12633 5487 0.01
12634 4152 0.01
12635 9975 0.01
12635 7105 0.01
12635 3900 0.01
12636 4152 0.05
12637 3390 0.01
12637 4152 0.01
12637 2684 0.01
12638 10653 0.01
12638 10085 0.01
12639 4152 0.01
12640 3956 0.01
12640 8538 0.01
12640 3283 0.05
12640 10757 0.05
12640 10687 0.05
12642 6334 0.05
12643 4152 0.01
12643 5250 0.01
12644 4152 0.05
12644 9088 0.01
