1 1 0.01
1 2 0.05
1 3 0.01
1 4 0.05
1 5 0.2
1 6 0.2
1 7 0.01
1 8 0.05
1 9 0.05
10 11 0.2
12 12 0.01
12 13 0.05
12 14 0.01
15 15 0.01
15 16 0.01
15 17 0.05
15 18 0.2
15 19 0.2
15 20 0.05
15 21 0.05
15 22 0.2
15 23 0.05
24 24 0.2
25 26 0.2
25 27 0.01
25 28 0.05
25 29 0.01
25 30 0.2
25 31 0.2
25 32 0.05
25 33 0.05
25 34 0.2
25 25 0.2
25 35 0.2
36 36 0.01
37 38 0.01
37 39 0.01
37 40 0.2
37 37 0.05
41 41 0.05
41 42 0.01
41 43 0.2
41 44 0.01
41 45 0.2
41 46 0.2
47 47 0.05
48 49 0.01
48 50 0.05
48 51 0.05
48 52 0.01
48 48 0.01
48 53 0.05
48 54 0.01
48 55 0.01
48 56 0.01
48 57 0.01
48 58 0.05
48 59 0.05
48 60 0.05
48 61 0.2
48 62 0.2
48 63 0.01
48 64 0.01
48 65 0.05
48 66 0.05
48 67 0.05
48 68 0.2
48 69 0.05
48 70 0.2
48 71 0.2
48 72 0.01
48 73 0.05
48 74 0.2
48 75 0.01
48 76 0.05
77 77 0.2
78 79 0.01
78 80 0.05
78 81 0.05
78 82 0.05
78 83 0.05
78 84 0.05
78 85 0.2
78 86 0.2
78 87 0.05
78 88 0.01
78 89 0.05
78 90 0.05
78 91 0.2
78 92 0.01
78 93 0.05
78 94 0.2
78 95 0.05
78 96 0.01
78 97 0.01
78 98 0.2
78 99 0.05
78 100 0.05
78 101 0.2
78 102 0.01
78 103 0.2
78 104 0.2
78 105 0.2
78 106 0.01
78 107 0.05
78 40 0.2
78 108 0.2
78 109 0.2
78 110 0.2
78 111 0.01
78 112 0.05
78 113 0.05
114 115 0.05
114 116 0.01
114 114 0.05
117 118 0.05
117 119 0.01
120 45 0.01
120 121 0.2
122 22 0.05
122 123 0.01
122 124 0.2
125 126 0.05
125 127 0.05
125 128 0.2
125 129 0.01
130 130 0.2
131 131 0.01
131 132 0.01
131 133 0.2
134 135 0.01
134 136 0.2
134 137 0.05
134 134 0.05
134 138 0.01
134 79 0.05
134 139 0.2
134 140 0.2
134 141 0.2
134 142 0.05
143 144 0.05
143 145 0.05
143 146 0.2
143 147 0.01
143 148 0.2
149 149 0.01
150 151 0.01
152 152 0.2
153 153 0.2
153 154 0.05
153 155 0.01
153 156 0.01
153 157 0.05
153 158 0.01
153 159 0.01
153 160 0.05
153 161 0.2
153 162 0.05
153 163 0.05
164 164 0.2
164 165 0.2
164 166 0.05
164 167 0.2
164 168 0.05
169 170 0.2
169 171 0.05
169 172 0.05
169 173 0.01
169 174 0.01
169 169 0.01
169 175 0.01
169 176 0.2
169 177 0.2
169 178 0.05
179 179 0.2
180 181 0.01
180 182 0.05
180 183 0.2
184 184 0.01
185 185 0.01
185 186 0.05
185 62 0.01
185 187 0.01
185 188 0.01
185 189 0.2
190 191 0.05
190 192 0.05
190 193 0.2
190 194 0.05
195 196 0.2
195 197 0.2
195 195 0.2
195 198 0.2
195 199 0.05
195 200 0.05
195 201 0.2
195 202 0.2
195 203 0.05
195 204 0.2
195 205 0.2
206 207 0.2
206 206 0.2
206 208 0.05
206 209 0.05
206 210 0.01
206 211 0.01
206 212 0.01
206 213 0.01
214 214 0.01
214 215 0.01
214 216 0.01
214 217 0.2
214 218 0.01
214 219 0.01
214 220 0.01
214 221 0.05
214 222 0.2
214 223 0.01
214 224 0.2
214 225 0.01
214 226 0.05
214 227 0.2
214 228 0.2
214 229 0.01
214 230 0.01
214 231 0.05
214 232 0.05
214 233 0.01
214 234 0.05
214 235 0.05
214 236 0.01
214 237 0.01
214 238 0.01
214 239 0.01
214 240 0.2
214 241 0.2
214 242 0.05
214 243 0.05
214 244 0.05
214 245 0.01
214 246 0.05
214 247 0.2
214 248 0.01
214 249 0.01
214 250 0.05
214 70 0.2
214 251 0.05
214 252 0.01
214 253 0.05
214 254 0.01
214 255 0.01
214 256 0.2
214 257 0.2
214 258 0.05
214 259 0.05
214 260 0.05
214 261 0.2
214 262 0.2
214 263 0.2
214 264 0.2
214 265 0.2
266 266 0.05
267 267 0.01
267 268 0.05
267 269 0.05
267 270 0.05
267 271 0.2
267 272 0.2
267 273 0.2
267 274 0.2
275 276 0.2
136 135 0.05
277 278 0.01
277 279 0.2
277 280 0.01
277 277 0.2
277 281 0.01
277 282 0.05
277 283 0.2
277 30 0.05
277 284 0.2
277 22 0.01
277 285 0.05
277 286 0.2
277 287 0.05
277 227 0.05
277 288 0.01
277 289 0.05
277 290 0.2
277 291 0.2
277 292 0.05
277 112 0.05
277 61 0.2
277 293 0.05
277 294 0.01
277 295 0.01
277 296 0.05
277 297 0.2
277 298 0.01
299 299 0.05
300 300 0.05
301 301 0.05
301 46 0.01
301 95 0.2
301 302 0.01
301 303 0.2
301 304 0.2
301 305 0.05
301 306 0.2
301 307 0.2
301 308 0.2
309 309 0.05
309 191 0.01
309 310 0.05
309 311 0.2
309 312 0.2
313 313 0.05
314 46 0.05
314 30 0.2
314 315 0.2
314 316 0.2
314 317 0.05
314 318 0.05
314 319 0.01
314 320 0.2
321 321 0.01
321 322 0.05
321 323 0.2
321 126 0.2
321 175 0.01
321 324 0.2
321 30 0.05
321 325 0.01
321 326 0.01
321 327 0.01
321 328 0.01
321 329 0.2
330 330 0.05
330 331 0.01
330 49 0.05
330 332 0.05
330 57 0.05
330 333 0.01
330 334 0.01
330 335 0.2
330 336 0.01
330 337 0.01
330 48 0.05
338 339 0.05
338 338 0.05
340 340 0.2
341 342 0.01
343 344 0.01
343 345 0.2
343 324 0.01
343 346 0.01
347 347 0.05
348 349 0.05
348 303 0.01
348 350 0.2
348 351 0.01
348 352 0.01
348 353 0.2
354 354 0.01
231 355 0.05
231 356 0.05
231 357 0.05
231 234 0.05
231 358 0.01
231 359 0.2
231 360 0.05
231 214 0.01
231 361 0.2
231 362 0.2
231 363 0.2
231 30 0.2
231 364 0.01
365 365 0.2
366 366 0.01
367 367 0.05
368 368 0.05
369 370 0.01
371 371 0.01
372 373 0.2
372 374 0.2
372 375 0.01
372 87 0.2
372 141 0.01
372 376 0.2
372 377 0.01
372 378 0.01
372 379 0.2
380 381 0.01
382 382 0.01
383 383 0.05
384 385 0.01
384 384 0.2
384 386 0.05
384 387 0.2
388 389 0.05
388 390 0.2
388 391 0.05
388 392 0.2
388 393 0.01
388 394 0.01
395 395 0.2
396 396 0.05
397 397 0.05
397 398 0.01
397 399 0.01
397 157 0.01
397 400 0.05
397 401 0.05
397 346 0.01
397 402 0.01
397 403 0.05
397 404 0.05
397 405 0.05
397 406 0.2
397 407 0.01
397 408 0.01
397 72 0.05
397 409 0.05
397 410 0.2
397 411 0.05
397 412 0.05
397 413 0.2
397 414 0.2
397 415 0.01
397 416 0.01
397 417 0.2
397 181 0.05
397 418 0.01
397 419 0.01
397 420 0.05
397 421 0.05
397 422 0.05
423 424 0.05
423 425 0.2
423 22 0.2
423 112 0.05
423 118 0.01
423 426 0.05
423 427 0.01
428 429 0.01
428 430 0.2
428 431 0.2
428 432 0.01
428 433 0.01
428 434 0.05
428 46 0.05
428 435 0.05
428 436 0.01
428 437 0.05
428 438 0.01
428 318 0.05
428 439 0.01
428 440 0.2
428 44 0.2
428 30 0.01
428 441 0.2
428 442 0.01
428 443 0.2
428 316 0.2
428 352 0.2
428 444 0.2
428 445 0.05
428 446 0.05
447 447 0.05
448 449 0.2
448 450 0.2
448 451 0.2
448 452 0.05
448 453 0.2
448 454 0.2
455 455 0.05
456 457 0.05
458 458 0.01
459 459 0.05
460 460 0.2
460 461 0.2
462 370 0.01
462 463 0.2
462 464 0.05
462 465 0.05
438 438 0.2
438 316 0.01
438 466 0.2
438 467 0.2
438 468 0.2
438 469 0.2
438 441 0.05
438 470 0.2
438 471 0.05
438 472 0.2
438 473 0.05
438 474 0.01
438 475 0.05
438 476 0.01
438 477 0.01
438 478 0.2
438 479 0.05
438 480 0.05
438 481 0.2
438 482 0.2
438 483 0.2
438 236 0.01
438 484 0.2
438 485 0.2
438 486 0.05
438 487 0.01
438 488 0.01
438 489 0.2
438 490 0.2
438 491 0.05
438 492 0.2
438 493 0.05
438 494 0.2
438 495 0.01
438 496 0.01
438 497 0.01
438 498 0.2
438 499 0.2
438 500 0.05
438 501 0.01
438 502 0.05
438 503 0.2
438 504 0.05
438 505 0.2
438 506 0.01
438 70 0.2
438 507 0.01
438 508 0.05
438 509 0.05
438 510 0.2
438 305 0.2
438 511 0.05
438 512 0.01
438 513 0.01
438 93 0.2
438 514 0.01
438 515 0.05
438 258 0.05
438 516 0.2
438 517 0.2
438 518 0.01
438 519 0.05
438 520 0.05
438 521 0.01
438 522 0.2
438 523 0.2
438 524 0.2
438 525 0.2
438 526 0.2
438 527 0.2
438 528 0.2
438 529 0.2
438 530 0.01
438 531 0.05
438 532 0.05
438 533 0.05
438 534 0.2
438 535 0.2
438 536 0.2
438 537 0.2
438 538 0.01
438 539 0.2
438 540 0.05
438 541 0.2
438 542 0.2
438 543 0.01
438 544 0.01
438 545 0.05
438 546 0.2
438 547 0.2
438 548 0.01
438 549 0.05
438 550 0.05
438 551 0.01
438 460 0.01
438 552 0.2
438 553 0.05
554 555 0.05
554 556 0.01
557 557 0.01
557 558 0.01
557 559 0.05
560 560 0.01
560 561 0.05
560 562 0.01
563 564 0.05
563 565 0.01
201 197 0.05
201 201 0.2
566 566 0.2
567 567 0.05
568 568 0.2
568 569 0.2
568 570 0.2
571 571 0.05
571 572 0.05
362 362 0.2
362 232 0.05
362 39 0.2
362 573 0.05
362 324 0.05
362 574 0.2
362 575 0.05
362 576 0.2
362 577 0.05
362 578 0.01
362 19 0.01
362 579 0.2
362 580 0.01
362 581 0.05
362 96 0.2
362 582 0.05
362 583 0.01
362 584 0.2
362 92 0.2
362 316 0.2
362 585 0.01
362 586 0.2
362 587 0.01
362 588 0.05
362 589 0.05
362 255 0.01
362 501 0.2
362 45 0.01
362 9 0.2
362 590 0.05
362 488 0.01
362 30 0.2
362 328 0.05
362 591 0.01
362 592 0.01
362 593 0.05
362 594 0.2
362 329 0.05
362 89 0.01
362 595 0.2
362 596 0.01
362 597 0.01
362 598 0.05
362 103 0.05
362 599 0.05
362 469 0.05
362 523 0.05
362 438 0.05
362 104 0.01
362 242 0.01
362 600 0.01
362 157 0.2
362 601 0.05
362 602 0.01
362 603 0.05
362 604 0.05
362 335 0.01
362 336 0.01
362 98 0.2
362 605 0.05
362 606 0.01
362 607 0.01
362 548 0.2
362 546 0.05
362 547 0.01
362 608 0.01
362 609 0.05
362 265 0.05
362 610 0.2
362 611 0.05
362 399 0.2
362 612 0.05
362 107 0.05
362 613 0.05
362 65 0.05
362 429 0.2
362 614 0.2
362 615 0.01
362 616 0.01
362 617 0.2
362 34 0.2
362 618 0.05
362 619 0.05
362 620 0.2
362 297 0.05
362 621 0.01
362 622 0.2
362 623 0.05
362 624 0.01
362 274 0.2
362 625 0.2
362 626 0.2
362 193 0.05
362 627 0.05
362 212 0.01
362 628 0.05
362 629 0.05
362 630 0.2
362 631 0.01
362 322 0.2
362 632 0.05
362 289 0.2
362 418 0.05
362 633 0.2
362 497 0.01
362 634 0.01
362 635 0.2
636 637 0.01
636 638 0.2
636 30 0.2
636 639 0.2
636 640 0.05
636 641 0.2
636 305 0.2
636 642 0.01
636 643 0.2
636 644 0.2
636 427 0.01
636 645 0.01
636 63 0.2
636 646 0.2
636 579 0.2
636 119 0.01
636 647 0.2
636 334 0.2
636 648 0.01
636 649 0.05
636 650 0.2
636 58 0.01
636 51 0.01
636 651 0.2
636 652 0.2
636 653 0.01
636 654 0.01
636 655 0.05
636 434 0.01
636 656 0.01
636 657 0.2
636 658 0.2
636 659 0.05
660 660 0.01
660 661 0.2
660 261 0.2
662 662 0.05
662 663 0.05
664 664 0.2
665 665 0.01
666 666 0.05
666 667 0.01
666 668 0.05
666 669 0.05
666 670 0.01
671 672 0.05
671 673 0.01
671 671 0.2
671 674 0.05
671 675 0.05
676 677 0.05
676 678 0.01
676 466 0.01
676 603 0.01
676 679 0.2
676 680 0.01
676 93 0.05
676 94 0.01
676 95 0.01
676 96 0.05
676 97 0.01
676 108 0.01
676 109 0.05
676 681 0.05
676 110 0.2
676 100 0.01
676 682 0.01
676 654 0.2
676 683 0.05
676 653 0.01
676 652 0.01
684 684 0.2
685 683 0.01
686 686 0.05
687 687 0.05
602 602 0.01
602 601 0.05
602 583 0.01
602 592 0.05
602 362 0.05
602 336 0.05
688 688 0.05
689 689 0.01
690 690 0.01
690 691 0.01
692 692 0.01
693 693 0.2
694 694 0.2
694 282 0.01
694 695 0.05
694 696 0.2
694 697 0.2
694 698 0.05
699 699 0.01
699 109 0.05
699 700 0.01
699 701 0.05
702 703 0.05
702 704 0.2
702 215 0.05
702 702 0.01
702 705 0.05
706 707 0.01
706 708 0.05
706 242 0.2
706 545 0.01
706 709 0.01
706 620 0.05
706 710 0.2
706 333 0.2
706 624 0.2
706 653 0.01
706 711 0.01
706 712 0.2
706 713 0.2
706 714 0.01
706 715 0.05
706 716 0.2
706 30 0.05
706 643 0.05
706 331 0.01
706 332 0.2
706 717 0.2
706 718 0.01
706 719 0.01
706 618 0.05
706 720 0.2
706 346 0.01
706 721 0.01
706 722 0.2
706 723 0.05
706 49 0.2
706 724 0.05
706 725 0.01
706 726 0.01
706 727 0.05
706 728 0.2
706 268 0.05
729 332 0.2
729 310 0.01
729 331 0.01
729 282 0.01
730 126 0.05
731 731 0.05
732 732 0.2
733 733 0.05
734 734 0.2
734 735 0.05
734 102 0.05
734 736 0.2
734 737 0.01
734 738 0.2
734 739 0.2
734 84 0.05
734 740 0.01
734 741 0.01
734 584 0.2
734 648 0.2
734 142 0.2
734 141 0.01
742 743 0.05
742 742 0.01
744 744 0.05
745 745 0.2
746 746 0.01
746 747 0.01
746 748 0.2
746 749 0.2
746 584 0.05
746 750 0.05
746 22 0.01
746 436 0.2
746 647 0.2
746 751 0.05
746 108 0.2
26 33 0.05
26 34 0.2
26 32 0.05
26 31 0.2
26 71 0.05
26 737 0.05
26 30 0.01
26 46 0.2
26 26 0.05
26 29 0.05
26 324 0.01
26 28 0.05
26 27 0.2
26 752 0.05
26 25 0.01
26 753 0.2
754 754 0.01
755 755 0.2
756 756 0.01
757 758 0.2
757 757 0.05
757 215 0.01
757 46 0.01
757 95 0.2
757 759 0.01
757 205 0.05
757 92 0.2
757 760 0.2
761 762 0.2
763 764 0.05
765 765 0.05
766 766 0.2
766 606 0.01
766 17 0.2
766 607 0.2
766 166 0.01
766 767 0.2
768 768 0.01
768 769 0.2
768 770 0.05
768 771 0.2
768 772 0.01
768 773 0.05
768 774 0.05
768 610 0.2
768 577 0.05
768 775 0.05
768 658 0.01
768 776 0.2
768 777 0.01
768 778 0.01
768 779 0.05
768 780 0.05
768 781 0.01
768 782 0.05
760 783 0.01
760 784 0.01
760 438 0.2
785 785 0.01
785 328 0.05
785 786 0.2
785 126 0.2
785 286 0.05
785 787 0.01
785 788 0.01
785 525 0.2
785 329 0.2
785 789 0.05
785 790 0.2
785 736 0.01
785 791 0.01
785 792 0.05
785 162 0.05
785 522 0.01
785 615 0.05
785 793 0.05
785 794 0.2
785 795 0.2
785 796 0.2
785 797 0.01
785 62 0.01
785 798 0.01
785 799 0.2
785 582 0.05
785 800 0.01
785 624 0.05
785 642 0.2
785 801 0.2
785 802 0.05
785 613 0.01
785 188 0.2
785 712 0.01
785 803 0.2
785 460 0.2
785 804 0.2
785 617 0.2
785 232 0.2
785 357 0.2
785 683 0.2
785 614 0.01
785 805 0.01
785 751 0.2
785 806 0.01
785 346 0.2
785 620 0.01
785 492 0.01
785 807 0.05
785 808 0.2
785 809 0.01
785 810 0.2
785 811 0.2
785 349 0.05
785 812 0.01
785 641 0.2
785 405 0.01
785 813 0.2
785 814 0.2
785 594 0.2
785 815 0.2
816 816 0.05
817 817 0.2
818 818 0.2
819 820 0.05
821 822 0.01
821 821 0.05
823 823 0.2
824 824 0.2
824 46 0.2
824 328 0.01
824 385 0.05
824 126 0.05
824 825 0.05
824 826 0.05
824 827 0.01
828 828 0.2
291 829 0.2
291 112 0.05
291 328 0.05
291 22 0.05
291 784 0.2
291 830 0.01
291 831 0.2
291 277 0.01
291 291 0.01
832 832 0.05
833 741 0.05
833 736 0.2
833 789 0.05
833 142 0.05
833 739 0.01
833 834 0.05
833 792 0.01
833 835 0.05
833 836 0.01
833 837 0.2
838 838 0.01
839 839 0.2
840 840 0.01
840 841 0.2
840 586 0.05
840 34 0.01
840 780 0.01
840 842 0.01
840 843 0.01
840 844 0.05
840 845 0.05
840 846 0.01
840 597 0.2
847 847 0.2
848 849 0.01
848 848 0.01
848 850 0.05
848 851 0.05
848 852 0.01
853 106 0.2
853 854 0.2
853 656 0.05
853 855 0.05
853 856 0.01
853 857 0.01
853 858 0.05
853 859 0.01
853 860 0.05
853 648 0.01
853 84 0.05
853 30 0.2
853 172 0.01
853 429 0.01
853 861 0.2
853 862 0.2
853 863 0.05
853 364 0.01
853 53 0.2
853 637 0.05
853 333 0.2
853 50 0.01
853 864 0.01
853 48 0.01
853 58 0.01
853 61 0.05
853 337 0.05
853 865 0.2
866 866 0.01
867 867 0.01
868 868 0.01
868 869 0.05
868 870 0.01
868 141 0.05
868 871 0.2
872 872 0.2
873 46 0.05
873 873 0.01
874 874 0.01
875 875 0.2
875 876 0.01
877 316 0.2
877 46 0.01
877 878 0.05
877 743 0.05
877 879 0.05
877 880 0.01
877 438 0.2
877 329 0.05
877 881 0.01
877 882 0.2
877 784 0.2
877 286 0.2
877 795 0.01
877 883 0.05
877 79 0.05
884 884 0.05
885 126 0.05
885 885 0.2
885 886 0.2
885 887 0.01
885 888 0.05
885 889 0.2
885 890 0.2
885 891 0.01
885 40 0.05
885 892 0.2
885 893 0.05
885 329 0.2
885 751 0.01
885 894 0.01
895 895 0.01
896 118 0.01
896 65 0.2
897 897 0.2
897 898 0.01
897 899 0.2
897 900 0.01
897 780 0.2
897 597 0.01
897 901 0.2
897 902 0.2
897 903 0.05
897 904 0.05
897 701 0.05
897 905 0.05
897 711 0.2
897 363 0.2
897 727 0.05
906 907 0.01
906 908 0.01
909 909 0.01
909 910 0.01
98 98 0.01
98 762 0.01
98 911 0.05
98 804 0.2
98 113 0.05
98 912 0.2
98 438 0.2
98 913 0.05
98 914 0.05
98 328 0.2
98 915 0.2
98 286 0.01
98 916 0.01
98 19 0.05
98 265 0.05
98 917 0.2
98 846 0.05
98 918 0.05
98 376 0.05
98 919 0.01
98 297 0.2
98 65 0.2
98 214 0.2
98 920 0.2
98 255 0.01
98 157 0.01
98 241 0.01
98 92 0.2
98 194 0.2
98 599 0.01
98 89 0.05
98 921 0.05
98 922 0.01
98 923 0.01
98 583 0.2
98 592 0.01
98 525 0.01
98 362 0.05
98 924 0.01
98 925 0.2
98 926 0.05
98 613 0.2
98 927 0.2
98 246 0.05
98 615 0.2
98 399 0.2
98 928 0.05
98 929 0.2
98 930 0.2
98 121 0.05
931 931 0.2
932 932 0.05
524 524 0.05
524 807 0.05
524 438 0.01
524 258 0.01
524 528 0.05
524 918 0.01
524 735 0.05
524 933 0.01
524 623 0.01
524 791 0.2
524 719 0.01
524 934 0.2
524 346 0.01
524 935 0.05
524 98 0.2
524 936 0.01
524 937 0.01
524 171 0.05
524 597 0.2
524 938 0.05
524 712 0.2
524 939 0.05
524 593 0.01
524 530 0.05
524 940 0.01
524 941 0.01
524 942 0.05
524 453 0.01
524 804 0.01
524 324 0.05
524 263 0.01
524 943 0.2
524 830 0.01
524 944 0.01
524 945 0.05
524 795 0.05
524 946 0.01
524 947 0.2
524 922 0.2
524 255 0.05
524 948 0.01
524 949 0.01
524 950 0.01
524 951 0.01
524 864 0.05
524 103 0.01
524 658 0.01
524 952 0.05
524 532 0.2
524 953 0.01
524 917 0.05
524 107 0.2
524 954 0.01
524 955 0.01
524 956 0.01
524 957 0.01
524 469 0.01
524 780 0.05
524 271 0.01
524 358 0.01
524 958 0.2
524 959 0.01
524 214 0.05
524 89 0.2
524 960 0.01
524 888 0.05
524 961 0.01
524 887 0.05
524 962 0.05
524 513 0.01
524 963 0.05
524 801 0.05
524 757 0.2
524 703 0.01
524 923 0.2
524 964 0.2
524 965 0.05
524 966 0.2
524 517 0.01
524 45 0.01
524 967 0.01
524 968 0.01
524 969 0.01
524 970 0.01
524 920 0.2
524 305 0.05
524 971 0.2
524 972 0.05
524 598 0.05
524 599 0.2
524 522 0.05
524 613 0.2
524 295 0.01
524 525 0.01
524 973 0.2
524 974 0.2
524 975 0.01
524 976 0.2
524 977 0.05
524 978 0.01
524 979 0.05
524 980 0.01
524 981 0.01
524 982 0.2
524 362 0.05
524 983 0.01
524 984 0.2
524 93 0.2
524 985 0.05
524 986 0.01
524 987 0.2
524 988 0.01
524 989 0.05
524 990 0.2
524 773 0.2
524 991 0.01
524 992 0.01
524 993 0.2
524 34 0.05
524 545 0.2
524 994 0.2
524 995 0.05
524 996 0.05
524 997 0.2
524 998 0.05
524 157 0.01
524 19 0.05
524 261 0.2
524 394 0.05
524 999 0.2
524 638 0.2
524 1000 0.05
524 546 0.2
524 492 0.05
524 46 0.05
524 44 0.05
524 1001 0.2
524 1002 0.05
524 174 0.2
524 1003 0.2
524 1004 0.2
1005 721 0.01
1006 1007 0.01
669 669 0.01
669 670 0.01
669 1008 0.05
669 1009 0.01
669 666 0.05
669 668 0.01
669 1010 0.05
669 1011 0.05
669 1012 0.05
1013 1013 0.2
1014 1014 0.01
1015 1015 0.05
1016 739 0.05
1016 45 0.2
1016 92 0.01
1016 1017 0.01
1016 1018 0.01
1016 1019 0.05
1016 1020 0.05
1016 1021 0.2
1016 1022 0.05
1016 1023 0.01
1016 215 0.2
1016 1024 0.01
1016 1025 0.05
1016 641 0.2
1016 1026 0.2
1016 1027 0.05
1016 714 0.05
1016 743 0.05
1016 1028 0.05
1016 1029 0.05
1016 1030 0.05
1016 801 0.05
1016 1031 0.05
1016 469 0.05
1016 443 0.05
1016 1032 0.05
1016 1033 0.01
1016 736 0.01
1016 741 0.05
1016 90 0.01
1016 1034 0.05
1016 1035 0.2
1016 297 0.01
1016 429 0.05
1016 44 0.01
1016 293 0.05
1016 1036 0.2
1016 1037 0.2
1016 1038 0.2
1016 1039 0.2
1016 1040 0.01
1016 1041 0.05
1016 1042 0.01
1016 1043 0.01
1016 1044 0.01
1016 497 0.01
1016 613 0.05
1016 1045 0.01
1016 656 0.2
1016 1046 0.01
1016 1047 0.05
1048 1048 0.01
1048 1049 0.2
1050 786 0.05
1050 588 0.05
1050 1051 0.05
1050 1052 0.2
1050 792 0.2
1050 1053 0.05
1050 715 0.01
1054 1054 0.2
1055 1056 0.2
1055 523 0.01
1055 1057 0.2
1055 411 0.2
1055 1058 0.2
1055 1059 0.05
1055 98 0.01
1055 1060 0.05
1061 304 0.05
1061 1062 0.05
1061 450 0.05
1061 449 0.05
1063 1063 0.2
1063 1064 0.2
1063 1065 0.01
1063 1066 0.05
1063 1067 0.2
541 438 0.2
541 598 0.01
541 1068 0.05
541 617 0.01
541 1069 0.01
541 316 0.2
541 328 0.2
541 1070 0.01
1071 441 0.05
1072 30 0.01
1072 1073 0.2
1072 577 0.2
1072 326 0.2
1072 1074 0.05
1072 306 0.2
1072 468 0.05
1072 1075 0.05
1072 1076 0.01
1072 305 0.05
1072 46 0.01
1072 324 0.05
1072 1077 0.2
1072 352 0.05
1072 466 0.01
1072 1078 0.05
1072 1021 0.05
1072 882 0.2
1072 1079 0.01
1072 351 0.05
1072 1080 0.01
1072 1081 0.2
1072 677 0.01
1072 638 0.05
1072 1082 0.2
1072 1083 0.01
1072 1084 0.05
1072 1085 0.2
1072 1086 0.05
1072 1022 0.05
1072 642 0.01
1072 438 0.05
1072 303 0.05
1072 431 0.2
1072 827 0.05
1072 316 0.2
1072 1087 0.2
1072 172 0.05
1072 142 0.05
1072 555 0.2
1072 1088 0.01
1072 933 0.2
1072 643 0.01
1072 1089 0.01
1072 1090 0.01
1072 89 0.05
1072 528 0.2
1072 1091 0.2
1072 1092 0.2
1072 440 0.2
1072 599 0.2
1072 804 0.05
1072 1093 0.05
1072 1094 0.01
1095 1095 0.05
1096 1096 0.01
238 104 0.2
238 1097 0.05
238 736 0.01
238 92 0.05
238 238 0.01
238 651 0.05
238 998 0.2
238 187 0.05
1098 1098 0.2
1099 1099 0.05
1100 1002 0.01
1100 1101 0.01
1100 30 0.01
1102 1102 0.2
1103 1103 0.2
116 1104 0.01
116 1105 0.01
116 142 0.2
116 1104 0.2
116 1106 0.05
116 718 0.01
116 1107 0.01
116 22 0.01
116 859 0.01
116 673 0.05
116 674 0.05
116 588 0.01
116 1108 0.01
116 1109 0.05
1110 1110 0.2
1110 1111 0.2
1110 784 0.01
1110 880 0.05
1110 175 0.01
1110 887 0.05
1110 1112 0.2
1110 108 0.01
1110 652 0.01
1110 1113 0.05
1110 1114 0.05
1110 883 0.05
1115 328 0.01
1115 171 0.01
1115 46 0.01
1115 350 0.2
1115 1116 0.05
1115 1092 0.05
1115 30 0.2
1115 1117 0.01
1115 324 0.05
1115 8 0.01
1115 719 0.01
1115 325 0.01
1115 1020 0.05
1115 913 0.05
1115 326 0.2
1115 126 0.2
1115 101 0.05
1115 428 0.01
1118 46 0.2
1118 1118 0.2
1118 148 0.05
1119 92 0.2
1119 1022 0.01
1119 750 0.2
1119 1017 0.2
1119 469 0.2
1119 584 0.05
1120 1120 0.05
1121 864 0.01
1121 1121 0.01
1122 764 0.01
1122 426 0.05
1122 282 0.01
1122 1123 0.05
1122 22 0.2
1122 424 0.01
1122 46 0.2
1122 1124 0.05
1122 118 0.2
1122 1125 0.05
1122 1126 0.05
1122 290 0.05
1122 598 0.2
1122 110 0.01
1122 647 0.2
1122 273 0.01
1122 1127 0.05
1122 237 0.2
1128 1128 0.05
1129 1129 0.05
1129 1130 0.2
1131 1131 0.2
1132 1132 0.05
1132 30 0.05
1132 1133 0.2
1132 349 0.01
1132 282 0.05
1132 1134 0.01
1132 982 0.01
1132 246 0.2
1132 1135 0.2
1132 1136 0.05
1132 643 0.05
1132 94 0.05
1132 517 0.2
1132 1137 0.01
1132 525 0.2
1132 1138 0.2
1132 1139 0.01
1132 938 0.05
1132 898 0.2
1140 1140 0.01
1141 1142 0.01
1141 1141 0.01
1143 1143 0.05
1144 1144 0.2
1144 1145 0.2
1146 1146 0.05
1147 1147 0.2
1147 1148 0.01
1147 1149 0.2
1147 1150 0.2
1147 1151 0.2
1147 711 0.01
1147 791 0.05
1147 429 0.05
1147 326 0.2
1147 46 0.01
1147 883 0.05
1147 328 0.01
1147 324 0.01
1147 1152 0.2
1147 625 0.05
1147 34 0.05
1147 1153 0.05
1147 1154 0.01
911 911 0.05
911 175 0.01
911 916 0.2
911 1155 0.01
911 1156 0.05
911 1157 0.01
911 1158 0.01
911 764 0.2
911 292 0.2
1159 603 0.2
1159 1159 0.2
1159 604 0.05
1159 261 0.05
1159 157 0.05
1159 242 0.2
1159 89 0.05
1159 658 0.01
1159 955 0.05
1159 1153 0.01
1159 989 0.01
1159 1160 0.05
1159 519 0.01
1159 613 0.2
1159 215 0.01
1159 429 0.05
1159 1161 0.2
1159 599 0.2
1159 1162 0.05
1159 107 0.05
1159 376 0.05
1159 214 0.01
1159 1163 0.01
1159 578 0.2
1159 718 0.2
1159 1164 0.01
1159 1042 0.2
1159 525 0.05
1159 1165 0.01
1159 556 0.05
1159 1060 0.05
1159 1166 0.01
1159 807 0.01
1159 1167 0.01
1159 584 0.2
1159 323 0.01
1159 241 0.01
1159 577 0.05
1159 938 0.01
1159 1168 0.2
1159 1068 0.2
1159 1169 0.05
1159 1170 0.01
1159 638 0.01
1159 362 0.2
1159 920 0.01
1159 1171 0.2
1159 1172 0.05
1159 175 0.01
1173 1173 0.05
1174 1174 0.05
1174 710 0.01
1174 974 0.01
1174 594 0.2
1174 1175 0.01
1174 126 0.2
1174 852 0.2
1174 1176 0.01
1174 1177 0.05
1174 175 0.2
1174 916 0.01
1174 329 0.2
1174 1178 0.2
1174 1179 0.2
1174 1180 0.2
1174 1089 0.2
1174 30 0.2
1174 658 0.01
1174 625 0.05
1174 597 0.2
1174 166 0.05
1174 708 0.05
1174 1153 0.01
1174 1181 0.2
1174 1182 0.01
1174 1183 0.01
1174 449 0.05
1184 1185 0.01
1184 1184 0.01
1184 424 0.05
1184 427 0.01
1184 328 0.01
1184 30 0.01
1184 719 0.01
1184 46 0.05
1184 296 0.01
1184 286 0.01
245 245 0.05
245 1186 0.01
245 1187 0.2
245 1188 0.2
245 297 0.01
245 1189 0.01
245 1190 0.01
245 214 0.2
245 1191 0.01
245 257 0.2
245 1192 0.01
245 993 0.01
245 830 0.05
1188 492 0.2
1188 784 0.01
1188 234 0.05
1193 1193 0.05
1194 1195 0.2
1196 1196 0.2
1197 801 0.01
1197 1198 0.2
1197 84 0.01
1199 49 0.2
1199 1200 0.05
1199 98 0.05
1199 1199 0.01
1201 1201 0.01
1201 1202 0.01
1201 1203 0.01
1201 1204 0.05
1201 1205 0.05
1201 1206 0.01
1201 1207 0.01
1201 1208 0.05
1201 1209 0.2
1201 1210 0.05
1201 749 0.01
1201 1211 0.05
1201 387 0.01
1201 748 0.05
1201 1212 0.01
1201 1213 0.01
1201 46 0.2
1201 584 0.05
1201 1047 0.2
1201 377 0.2
1201 1214 0.05
1201 1215 0.01
1201 784 0.01
1201 199 0.01
1201 346 0.05
1201 110 0.05
1201 1216 0.2
1201 1111 0.05
1201 893 0.01
1201 1217 0.2
1201 113 0.2
1201 1218 0.2
1201 1219 0.01
1201 1220 0.05
1201 1221 0.01
1201 659 0.2
1201 1070 0.05
1201 1222 0.2
1201 1223 0.2
1201 290 0.05
1201 30 0.2
1201 1145 0.2
1224 740 0.01
1224 1224 0.05
1225 1225 0.01
1226 379 0.2
1226 282 0.2
1226 22 0.05
1226 65 0.2
1226 869 0.05
1226 870 0.01
1226 1227 0.05
1226 1228 0.01
1226 312 0.2
1226 1229 0.2
1226 1230 0.05
1226 356 0.05
1226 695 0.2
1226 1231 0.2
1186 1232 0.2
1186 575 0.01
1186 584 0.2
1186 1233 0.2
1186 215 0.2
1186 203 0.01
1186 1234 0.01
1186 226 0.01
1186 89 0.2
1186 355 0.01
1186 311 0.05
1186 214 0.01
1186 245 0.2
1186 1189 0.05
1186 1235 0.01
1236 1236 0.2
1236 1237 0.01
1236 610 0.01
1236 597 0.01
1236 124 0.05
1236 1238 0.05
1236 1239 0.05
1236 1240 0.01
1236 1005 0.01
1236 1241 0.05
1236 944 0.01
1236 1242 0.2
1236 1178 0.01
1236 577 0.01
1236 1243 0.2
1236 1244 0.2
1236 1245 0.05
1236 1116 0.2
1236 1246 0.05
1236 1092 0.01
1236 1247 0.05
1236 830 0.05
1236 1248 0.2
1236 1249 0.01
1236 1250 0.2
1236 1251 0.05
1236 1252 0.2
1236 297 0.05
1236 1253 0.01
1236 62 0.01
1236 1254 0.2
1236 1255 0.05
1236 1256 0.05
1236 813 0.01
1236 1257 0.01
1236 1258 0.2
1236 1259 0.01
1236 1260 0.2
1236 1261 0.01
1236 1262 0.2
1236 1263 0.2
1236 1264 0.2
1236 1265 0.01
1236 1266 0.2
1236 1267 0.05
1236 1268 0.2
1236 1269 0.05
1236 1270 0.01
1236 1271 0.05
1236 1043 0.2
1272 1273 0.01
1274 1275 0.01
1276 1276 0.05
1276 30 0.01
1276 46 0.01
1276 1277 0.01
1276 1278 0.2
1276 126 0.01
1276 6 0.01
1276 329 0.01
1276 1279 0.01
1276 1032 0.01
1276 1 0.2
1276 793 0.2
1280 1280 0.01
1280 1113 0.01
1280 214 0.2
1280 1281 0.01
1280 1282 0.05
1280 1283 0.2
1280 1284 0.05
1280 45 0.05
1285 1286 0.01
1285 1026 0.2
1285 1287 0.01
1285 1288 0.01
1285 1289 0.05
1285 985 0.01
1285 1290 0.2
1285 1291 0.01
1285 648 0.05
1285 740 0.05
1292 1292 0.2
1292 215 0.05
1292 506 0.2
1292 717 0.01
1292 1293 0.05
1294 1294 0.05
1295 1295 0.01
1296 1297 0.05
1296 1296 0.05
1296 1298 0.05
1299 1299 0.01
1300 1300 0.05
1301 1302 0.05
1301 1162 0.05
1301 528 0.2
1301 739 0.2
1301 943 0.2
1301 762 0.05
1301 757 0.01
1301 187 0.05
1301 804 0.01
1301 638 0.05
1301 329 0.05
1301 1303 0.01
1301 142 0.05
1301 656 0.2
1301 84 0.2
1301 1167 0.01
1301 1304 0.2
1301 1305 0.2
1301 855 0.01
1301 1306 0.05
1301 741 0.05
1301 1307 0.05
1301 1308 0.05
1301 1309 0.05
1301 792 0.05
1301 1310 0.05
1301 405 0.2
1301 1311 0.2
1301 1312 0.05
1301 1247 0.01
1301 764 0.05
1301 1116 0.01
1301 349 0.2
1301 1313 0.05
1301 1314 0.01
1301 214 0.01
1301 780 0.01
1301 791 0.01
1301 34 0.01
1301 1016 0.2
1301 1315 0.2
1301 242 0.2
1301 788 0.05
1301 1316 0.05
1301 1317 0.05
1301 1318 0.05
1301 1319 0.05
1301 173 0.2
1320 1321 0.05
1322 174 0.05
762 762 0.05
762 913 0.05
762 1314 0.2
762 915 0.2
762 1323 0.01
762 297 0.05
762 98 0.01
762 1324 0.01
762 1325 0.05
762 1326 0.2
762 171 0.01
1327 1327 0.01
1328 1328 0.05
1329 1329 0.05
1330 1330 0.2
1331 1331 0.05
1331 708 0.2
1331 777 0.2
1331 597 0.05
28 28 0.2
1332 1332 0.2
1333 1334 0.05
1333 1333 0.2
119 119 0.01
119 764 0.2
119 108 0.05
119 1335 0.05
119 121 0.2
119 306 0.01
119 750 0.01
119 45 0.05
119 1336 0.01
119 658 0.05
119 855 0.2
119 887 0.2
119 1337 0.2
119 1338 0.01
119 1339 0.2
119 1340 0.2
119 1341 0.2
119 1342 0.01
119 1343 0.05
119 1344 0.2
119 1345 0.05
119 1346 0.2
119 65 0.01
1347 1347 0.05
1347 869 0.01
1348 1348 0.2
623 1349 0.2
623 1350 0.2
623 438 0.01
623 1351 0.01
623 791 0.01
623 1352 0.01
623 849 0.2
623 1353 0.2
623 1354 0.05
623 349 0.05
623 1355 0.2
623 1356 0.2
623 1216 0.01
623 1309 0.2
623 1357 0.01
1358 1358 0.05
261 214 0.01
261 1359 0.05
261 1047 0.05
261 405 0.2
261 780 0.05
261 1154 0.2
261 604 0.2
261 1360 0.2
261 1361 0.05
261 1362 0.2
261 1363 0.05
261 1364 0.2
261 661 0.05
261 1365 0.2
261 1366 0.01
261 1367 0.01
261 768 0.2
261 1368 0.2
261 1369 0.05
261 1370 0.01
261 526 0.05
261 1065 0.2
261 1371 0.01
261 1372 0.2
261 1373 0.05
261 1374 0.2
261 1375 0.05
261 1376 0.01
261 1377 0.01
261 9 0.05
261 1378 0.01
261 727 0.01
261 1379 0.01
261 1380 0.2
261 1381 0.05
261 1160 0.2
261 441 0.05
261 1382 0.2
261 1251 0.05
261 1383 0.2
261 1254 0.05
261 1094 0.01
261 699 0.01
261 1384 0.05
261 1385 0.01
261 1386 0.2
261 1387 0.01
261 363 0.01
261 701 0.05
261 1388 0.01
261 1389 0.2
261 128 0.01
261 109 0.05
261 914 0.2
261 1390 0.01
261 1391 0.01
261 1392 0.01
261 1393 0.01
261 1394 0.2
261 1395 0.01
261 943 0.01
261 1396 0.05
261 37 0.05
261 1397 0.05
261 1398 0.2
261 1043 0.2
261 1399 0.01
261 42 0.2
261 625 0.01
1400 466 0.01
1400 30 0.05
1400 324 0.01
1400 174 0.05
1400 326 0.01
1400 1400 0.05
1400 1002 0.01
1400 323 0.05
1400 345 0.01
1400 797 0.2
1400 1401 0.01
1400 1076 0.05
1400 121 0.05
1400 46 0.2
1400 438 0.01
1400 328 0.01
1400 1402 0.01
1400 587 0.05
1400 329 0.01
1400 1403 0.2
1400 1404 0.2
1400 555 0.01
1400 1405 0.01
1400 584 0.01
1400 1406 0.2
1400 1407 0.01
1400 1000 0.05
1400 1408 0.2
1400 837 0.2
1400 859 0.05
1400 1409 0.05
1400 1410 0.05
1031 1411 0.05
1412 1412 0.2
1413 1414 0.05
1413 1413 0.05
1413 438 0.05
1413 597 0.2
1413 583 0.05
1413 1415 0.05
1413 934 0.01
1413 242 0.05
1413 30 0.2
1413 949 0.05
1413 171 0.05
1413 172 0.2
1416 1417 0.01
1416 1418 0.05
1416 780 0.05
1416 1419 0.01
1416 1420 0.01
1421 1422 0.05
1421 1423 0.2
1421 1424 0.05
1421 1425 0.2
1426 1426 0.01
1426 1427 0.01
1426 1428 0.2
1426 1429 0.01
1426 1430 0.2
1431 385 0.05
1431 860 0.2
1432 1432 0.01
1433 1433 0.05
1433 328 0.05
1433 30 0.2
1433 306 0.2
1433 1434 0.2
1433 326 0.05
1433 934 0.2
1433 1020 0.05
1433 174 0.2
1433 1435 0.01
1433 1436 0.01
1433 797 0.2
1433 1028 0.05
1433 648 0.01
1433 142 0.2
1433 1437 0.05
1438 1438 0.01
1439 1439 0.2
1439 191 0.05
1440 1440 0.2
1440 1441 0.05
1442 1442 0.01
1443 1443 0.2
1444 1028 0.05
1444 46 0.05
1444 175 0.2
1444 286 0.2
1445 1445 0.01
1446 1446 0.05
1446 1447 0.05
1446 803 0.05
1448 1449 0.2
1448 1448 0.2
1448 379 0.01
1448 1450 0.2
1448 1451 0.05
1452 1453 0.05
1452 1452 0.2
1452 1454 0.01
1452 142 0.2
1452 1176 0.01
1452 1312 0.2
1452 472 0.2
1455 1455 0.2
1456 1456 0.2
1456 597 0.01
1457 801 0.01
1457 516 0.05
1457 1458 0.01
1457 297 0.05
1457 1459 0.2
1460 1460 0.2
534 1461 0.05
534 46 0.01
534 534 0.05
534 493 0.01
534 6 0.05
534 852 0.2
534 1462 0.2
534 883 0.01
534 1463 0.01
534 658 0.01
534 1172 0.01
534 1126 0.2
534 1464 0.2
534 1465 0.01
534 1449 0.01
534 282 0.05
534 1466 0.2
534 1467 0.01
1468 1468 0.01
1469 712 0.05
1469 808 0.05
1469 517 0.05
1155 764 0.01
1155 1209 0.2
1470 1470 0.05
1471 1471 0.2
1472 1472 0.05
1472 995 0.2
1472 438 0.01
1472 46 0.2
1472 44 0.01
1472 588 0.2
1472 802 0.2
1472 1473 0.2
1474 1474 0.05
1475 1475 0.01
358 358 0.2
358 30 0.05
358 1020 0.01
358 46 0.2
358 719 0.2
358 1476 0.01
358 324 0.2
358 345 0.05
358 328 0.05
358 172 0.2
358 827 0.2
358 810 0.2
358 1477 0.2
358 231 0.05
358 524 0.2
358 215 0.2
358 107 0.2
1478 1478 0.05
825 747 0.01
825 427 0.01
825 746 0.05
825 290 0.01
825 1479 0.05
825 65 0.01
825 1181 0.01
825 789 0.01
825 286 0.05
825 1480 0.2
825 46 0.2
825 858 0.01
825 827 0.2
825 736 0.01
825 825 0.2
825 826 0.05
825 647 0.01
825 329 0.05
1200 1200 0.05
1200 49 0.2
1481 1481 0.2
1481 213 0.01
1482 1482 0.05
1483 1483 0.01
1483 46 0.2
1483 514 0.2
1483 429 0.01
1483 240 0.05
1483 806 0.05
1483 1407 0.05
1483 1464 0.05
1483 111 0.2
1483 438 0.01
1483 852 0.2
1483 1172 0.2
1483 858 0.2
1483 944 0.2
1483 1484 0.01
1483 784 0.01
1483 1220 0.05
1483 658 0.01
1483 296 0.2
1483 711 0.05
1483 30 0.05
1483 719 0.01
1483 956 0.05
1483 328 0.01
1483 214 0.05
1483 1181 0.2
1483 528 0.05
1483 44 0.01
1483 362 0.2
1483 9 0.05
1483 1171 0.01
1483 165 0.2
1483 4 0.2
1483 1022 0.2
1483 1072 0.01
1483 5 0.2
1483 431 0.05
1483 1485 0.05
1483 1165 0.2
1483 445 0.2
1483 1486 0.01
1483 1415 0.05
1483 1318 0.2
1483 1302 0.2
1483 703 0.05
1483 739 0.2
1483 791 0.01
1483 316 0.05
1483 584 0.05
1483 258 0.2
1483 1487 0.05
1483 1488 0.01
1483 952 0.05
1483 1489 0.01
1483 937 0.2
1483 918 0.01
1483 939 0.2
1483 234 0.01
1483 1223 0.2
1483 1490 0.2
1483 1491 0.01
1483 1492 0.01
1483 1493 0.05
1483 643 0.2
1483 1494 0.05
1483 353 0.05
1483 526 0.2
1483 751 0.01
1483 103 0.01
1483 950 0.2
1483 1495 0.05
1483 1496 0.05
1483 1497 0.05
1483 1498 0.2
1483 934 0.05
1483 1499 0.05
1483 613 0.05
1483 997 0.05
1483 1500 0.01
1483 1241 0.2
1483 194 0.2
1483 1501 0.05
1483 92 0.05
1483 604 0.2
1483 346 0.01
1483 1502 0.2
1483 1503 0.2
1483 673 0.05
1483 261 0.01
1483 373 0.01
1504 1504 0.05
1504 1505 0.2
1504 843 0.01
1504 1506 0.2
1507 1507 0.05
1507 126 0.05
1508 112 0.2
1509 1509 0.01
1510 1247 0.2
1510 1511 0.01
1510 1512 0.05
1510 577 0.2
1513 1513 0.05
1513 1514 0.05
1513 332 0.01
1513 1515 0.01
806 806 0.01
806 22 0.2
806 424 0.01
806 426 0.2
806 1124 0.2
806 597 0.01
806 770 0.05
806 514 0.2
806 1516 0.2
806 1047 0.01
806 118 0.2
806 1517 0.01
806 1518 0.05
806 1519 0.05
806 1520 0.2
806 711 0.01
806 1521 0.01
806 1522 0.01
806 972 0.05
806 1523 0.05
806 1524 0.01
1525 1526 0.01
1525 1525 0.01
1525 1527 0.2
1525 1528 0.2
1525 1529 0.05
1525 1530 0.2
1525 1531 0.05
1532 1123 0.01
1532 1533 0.2
1534 1314 0.2
1534 237 0.05
1534 1535 0.01
1534 1536 0.01
1534 1537 0.01
1538 1538 0.01
1538 1539 0.05
1538 1540 0.05
1538 711 0.05
1538 234 0.2
1538 414 0.2
1538 716 0.01
1538 349 0.2
1487 658 0.2
1487 1488 0.05
1487 1284 0.2
1487 46 0.2
1487 1541 0.2
1542 1542 0.01
1542 1543 0.05
1542 647 0.2
1542 764 0.05
1542 46 0.05
1542 1091 0.2
1542 1137 0.2
1542 1544 0.05
1545 46 0.05
1545 438 0.01
1545 1343 0.01
1545 187 0.01
1545 1546 0.01
1545 780 0.01
1545 523 0.05
1545 1547 0.2
1545 44 0.2
1545 346 0.2
1545 1548 0.01
1545 316 0.01
1545 1549 0.2
1545 658 0.2
1545 353 0.2
1545 1550 0.05
1545 121 0.05
1545 506 0.2
1545 431 0.2
1545 1551 0.01
1545 9 0.2
1545 711 0.01
1545 214 0.05
1545 1270 0.05
1545 1047 0.2
1545 922 0.2
1545 103 0.05
1545 1552 0.05
1545 743 0.2
1545 424 0.01
1545 282 0.01
1545 296 0.05
1545 1127 0.01
1545 1246 0.2
1545 119 0.2
1545 1030 0.01
1545 469 0.05
1545 1117 0.2
1545 1553 0.01
1545 1122 0.05
1545 45 0.2
1545 583 0.2
1545 274 0.2
1545 175 0.05
1545 265 0.01
1545 157 0.2
1545 1554 0.2
1545 618 0.2
1545 1555 0.2
1545 829 0.2
1545 1556 0.01
1545 1501 0.01
1545 65 0.2
1545 1557 0.01
1545 1558 0.01
1545 328 0.2
1545 1559 0.2
1545 593 0.01
1545 801 0.01
1545 610 0.2
1545 1560 0.05
1545 1561 0.05
1545 440 0.01
1545 1515 0.01
1545 148 0.01
1545 1278 0.2
1545 6 0.01
1545 612 0.2
1545 126 0.01
1545 623 0.01
1545 1562 0.2
1545 1563 0.05
1545 1564 0.01
1545 1565 0.01
1545 632 0.01
1545 788 0.2
1545 1566 0.05
1545 1567 0.05
1545 461 0.2
1545 1277 0.01
1545 1568 0.05
1545 1569 0.2
1545 716 0.01
1545 1258 0.01
1545 1570 0.05
1545 1571 0.01
1545 1366 0.2
1572 1572 0.05
1573 1574 0.2
1573 1575 0.2
1573 1576 0.05
1577 1577 0.01
1578 1578 0.2
1578 126 0.05
1578 46 0.2
1578 883 0.05
1578 562 0.2
1578 1579 0.05
1578 714 0.2
1578 1580 0.2
1578 787 0.2
1578 1581 0.01
1578 30 0.2
1578 305 0.01
1578 644 0.2
1578 1582 0.01
1578 1583 0.01
1578 1211 0.01
1578 329 0.01
1578 175 0.01
1578 852 0.05
1578 1584 0.01
1578 296 0.01
1578 282 0.2
1578 708 0.2
1578 597 0.01
1578 1277 0.2
1578 157 0.05
1578 776 0.05
1578 45 0.01
1578 1585 0.2
1578 1586 0.2
1578 1052 0.05
1578 328 0.01
1578 1153 0.2
1578 48 0.05
1578 1233 0.05
1578 601 0.05
1578 191 0.2
1578 428 0.01
1578 1492 0.05
1578 209 0.05
1578 820 0.01
1578 829 0.05
1578 1493 0.2
1578 1587 0.05
1578 673 0.2
1578 128 0.01
1588 1588 0.2
1588 174 0.01
1588 712 0.01
1588 1001 0.2
1588 1002 0.2
1588 990 0.05
1588 1589 0.2
1588 1590 0.2
1588 714 0.2
1588 126 0.01
1591 46 0.2
1591 506 0.05
1591 1583 0.2
1591 440 0.2
1591 44 0.2
1591 431 0.2
1591 353 0.2
1591 445 0.01
1591 435 0.05
1234 1234 0.01
1234 172 0.05
1234 853 0.05
1234 1592 0.05
1234 719 0.01
1234 163 0.2
1234 30 0.01
1234 854 0.01
1234 1593 0.05
1234 126 0.01
1234 1594 0.2
1234 1595 0.01
1234 1596 0.2
1234 1583 0.2
1234 1597 0.05
1234 1598 0.01
1234 1599 0.05
1234 695 0.2
1234 1600 0.01
1234 716 0.05
1601 555 0.05
1601 1601 0.05
1601 1602 0.01
1601 1603 0.01
1601 1604 0.05
1601 175 0.01
1601 349 0.01
1601 737 0.05
1601 328 0.01
1601 106 0.05
1601 1605 0.01
1601 1516 0.01
1601 845 0.01
1601 405 0.2
1601 1246 0.2
1601 457 0.05
1601 1606 0.2
1601 46 0.05
1601 1110 0.01
1601 983 0.2
1607 1607 0.05
1607 30 0.2
1607 46 0.2
1607 22 0.05
1607 577 0.2
1607 126 0.05
1607 1608 0.2
1607 246 0.01
1607 1609 0.01
1610 172 0.01
1611 1611 0.05
1612 1613 0.05
1612 1612 0.01
1614 1614 0.05
1615 1615 0.2
468 719 0.2
468 30 0.2
468 328 0.2
468 1616 0.2
468 324 0.05
468 1476 0.05
468 1020 0.2
468 1079 0.01
468 934 0.05
468 623 0.01
468 1072 0.2
468 1356 0.2
468 797 0.2
468 1075 0.01
468 326 0.2
468 645 0.01
468 1073 0.01
468 807 0.05
1617 1617 0.2
1617 610 0.2
1618 1618 0.05
1618 1619 0.01
1618 286 0.2
1618 1620 0.2
1618 1621 0.05
1618 708 0.2
1618 1622 0.01
1618 683 0.2
1618 45 0.2
1618 658 0.05
1618 1068 0.2
465 463 0.05
465 370 0.01
465 464 0.05
465 462 0.05
465 369 0.05
781 1623 0.2
1624 1624 0.05
1624 46 0.05
1624 362 0.05
1624 883 0.2
1624 1211 0.2
1624 385 0.01
1624 19 0.05
1624 658 0.2
1624 586 0.01
1624 297 0.05
1624 191 0.05
1624 387 0.05
1624 286 0.01
1624 1625 0.2
1624 810 0.01
1624 1626 0.01
1624 1609 0.2
1624 923 0.01
1624 1216 0.01
1624 1079 0.01
1624 905 0.2
1624 1627 0.01
1624 1391 0.01
1624 841 0.2
1624 1628 0.05
1624 1026 0.2
1624 42 0.05
1624 948 0.01
1624 972 0.05
1624 1629 0.2
1624 1201 0.2
1624 922 0.2
1624 1298 0.01
1624 1630 0.05
1624 277 0.05
1624 617 0.2
1624 795 0.2
1624 1631 0.2
1624 853 0.2
1624 1632 0.2
1624 806 0.01
1624 1633 0.05
1624 1634 0.01
1624 1635 0.2
1624 1636 0.01
1624 1360 0.2
1624 439 0.01
1624 1637 0.2
1624 1087 0.05
1624 225 0.2
1624 548 0.2
1624 1638 0.2
1624 982 0.05
1624 1369 0.01
1624 1639 0.2
1624 680 0.2
1624 878 0.2
1624 1019 0.2
1624 1640 0.2
1624 1174 0.01
1624 251 0.2
1624 1641 0.05
1624 263 0.01
1624 1642 0.2
1624 1183 0.2
1624 1643 0.01
1624 23 0.01
1624 1644 0.01
1624 1645 0.05
1624 1646 0.01
1624 61 0.2
1624 90 0.05
1624 1647 0.01
1624 958 0.05
1624 1648 0.05
1624 1529 0.05
1624 141 0.01
1624 1649 0.05
1624 1650 0.01
1624 357 0.05
1624 1566 0.2
1624 1187 0.01
1624 1651 0.2
1624 1652 0.01
1624 1653 0.05
1624 1654 0.05
1624 1064 0.05
1624 96 0.05
1624 1655 0.05
1624 1656 0.01
1624 1585 0.01
1624 98 0.2
1624 1657 0.2
1624 988 0.2
1624 1027 0.05
1624 1352 0.01
1624 1601 0.05
1624 1394 0.2
1624 91 0.2
1624 1658 0.01
1624 1368 0.05
1624 1659 0.2
1624 681 0.05
1624 1660 0.01
1624 1661 0.05
1624 1662 0.01
1624 298 0.2
1624 785 0.05
1624 1182 0.05
1624 1663 0.05
1624 587 0.05
1664 1664 0.01
1664 1665 0.01
1664 34 0.05
1666 1666 0.2
1346 1346 0.01
1346 45 0.05
1346 119 0.05
1346 1341 0.01
1667 1667 0.01
1668 1181 0.05
1669 858 0.05
1669 1175 0.01
1669 121 0.01
1669 1669 0.2
984 646 0.2
984 175 0.01
984 1319 0.05
1670 1671 0.01
657 657 0.05
657 918 0.01
657 1672 0.01
657 450 0.2
657 1673 0.05
657 957 0.01
657 1674 0.05
657 449 0.05
657 452 0.05
657 451 0.05
657 1675 0.05
657 1278 0.05
657 46 0.01
657 329 0.2
657 1676 0.05
657 286 0.01
657 1677 0.05
657 42 0.2
657 1678 0.05
657 1679 0.01
657 1680 0.01
657 175 0.05
1681 1681 0.2
1682 65 0.05
1682 1019 0.01
1682 1683 0.05
1682 805 0.2
1682 1684 0.01
1682 65 0.01
1682 1685 0.01
1682 738 0.05
1682 1018 0.01
1682 1686 0.01
1682 1343 0.05
1682 1687 0.05
1682 1023 0.2
1682 921 0.05
1682 750 0.01
1682 22 0.01
1682 104 0.2
1682 1089 0.01
1682 394 0.05
1682 651 0.2
1682 746 0.05
1682 1428 0.01
1682 801 0.05
1682 469 0.05
1682 1027 0.2
1682 1688 0.05
97 739 0.2
97 736 0.2
97 1298 0.01
97 97 0.05
97 86 0.05
97 1689 0.2
97 789 0.2
97 792 0.2
97 740 0.05
97 648 0.01
97 84 0.01
97 1628 0.01
97 741 0.01
97 584 0.01
97 142 0.01
97 801 0.05
97 1690 0.2
97 1053 0.01
97 738 0.2
97 46 0.01
97 1691 0.01
97 1176 0.2
97 431 0.05
97 91 0.05
97 833 0.2
97 106 0.2
97 1635 0.01
97 837 0.05
97 1692 0.05
97 1693 0.05
97 1694 0.05
97 859 0.05
97 353 0.01
97 329 0.05
97 855 0.01
97 1695 0.2
97 1454 0.01
97 1696 0.2
97 856 0.2
97 805 0.01
97 1659 0.01
97 405 0.05
97 1697 0.01
97 1698 0.05
97 1699 0.2
97 126 0.01
1700 1700 0.2
1675 1701 0.05
1675 1702 0.01
1675 355 0.05
1675 1703 0.2
1675 214 0.01
1675 1233 0.2
1675 841 0.2
1675 1704 0.2
1675 710 0.2
1675 1705 0.01
1675 1706 0.01
1675 1707 0.2
1675 1708 0.2
1709 1629 0.2
1709 1710 0.01
1709 1711 0.01
1709 1712 0.01
1709 1183 0.01
1713 1713 0.05
1714 1671 0.01
1715 1715 0.05
1522 1522 0.01
1522 806 0.01
1522 431 0.05
1522 597 0.01
1522 966 0.2
1522 1325 0.01
1716 399 0.01
1716 1717 0.01
1716 398 0.05
1716 584 0.05
1716 126 0.2
1716 892 0.05
1716 46 0.2
1716 328 0.2
1718 431 0.01
1718 46 0.01
1718 1719 0.05
1718 438 0.05
1718 30 0.05
1718 1022 0.01
1718 435 0.2
1718 1720 0.05
1718 352 0.2
1718 326 0.01
1718 1086 0.05
1718 1288 0.01
1718 1718 0.05
274 274 0.05
274 1609 0.05
274 1721 0.05
274 1722 0.2
274 918 0.05
274 1171 0.01
274 629 0.05
274 46 0.01
274 710 0.01
274 333 0.01
274 624 0.01
274 650 0.01
274 1723 0.2
274 29 0.2
274 1229 0.05
274 175 0.01
274 1177 0.05
274 852 0.05
274 126 0.05
274 282 0.2
274 1122 0.01
274 194 0.05
274 655 0.01
274 1724 0.05
1725 1725 0.05
1726 1726 0.05
1727 30 0.05
1727 1082 0.05
1727 305 0.01
1727 858 0.01
1727 642 0.2
1727 1123 0.01
1727 1728 0.2
1727 1298 0.2
1727 783 0.01
1729 1729 0.05
1729 1730 0.05
1731 1731 0.2
1731 1732 0.05
1731 1733 0.2
1731 399 0.2
1731 43 0.2
1731 1734 0.2
1735 1735 0.05
1735 1490 0.01
1736 1736 0.2
1736 1737 0.05
1736 582 0.01
719 719 0.2
1738 1738 0.05
1738 632 0.01
1738 53 0.01
1738 175 0.01
1738 126 0.2
1738 54 0.2
1738 1739 0.2
1738 1740 0.01
1738 426 0.01
1738 46 0.2
1738 80 0.2
1738 1741 0.01
1738 1154 0.01
1738 653 0.2
1738 1742 0.05
1738 1743 0.01
1738 1393 0.01
1738 1744 0.2
1738 1745 0.2
1738 1746 0.05
1738 1747 0.05
1738 328 0.2
1738 191 0.05
1738 1124 0.01
1748 1748 0.2
1748 349 0.2
1748 934 0.01
1748 1020 0.01
1748 1749 0.01
1748 577 0.01
1748 652 0.05
1536 1536 0.2
1536 30 0.2
1536 328 0.05
1536 719 0.2
1536 1750 0.05
1536 1751 0.05
1536 457 0.05
1536 349 0.2
1536 1117 0.2
1536 646 0.01
1536 1752 0.05
1536 934 0.01
1536 1753 0.05
1536 943 0.05
1536 1313 0.2
1536 1020 0.2
1536 1754 0.01
1536 172 0.01
1536 1755 0.2
1536 1756 0.05
1536 577 0.2
1536 1757 0.01
1758 1758 0.05
51 51 0.01
51 349 0.2
51 144 0.01
51 1759 0.2
51 147 0.01
51 282 0.2
51 591 0.05
51 52 0.05
51 50 0.2
51 829 0.2
51 1022 0.2
51 1760 0.01
51 1761 0.01
51 175 0.05
51 784 0.2
51 1097 0.05
51 1762 0.2
51 1763 0.05
51 576 0.05
51 331 0.2
51 1764 0.05
51 1765 0.01
51 48 0.01
51 335 0.01
51 332 0.01
51 1246 0.2
51 49 0.01
51 53 0.2
51 729 0.2
51 55 0.01
51 1766 0.2
51 61 0.05
51 333 0.2
51 1767 0.2
51 57 0.2
51 58 0.2
51 67 0.05
51 59 0.05
51 624 0.01
51 1768 0.05
51 577 0.2
51 334 0.05
51 337 0.2
51 1769 0.01
51 100 0.01
51 861 0.01
1629 1770 0.01
1629 1771 0.2
1629 441 0.01
1629 1727 0.05
1629 1772 0.01
1629 62 0.2
1629 1773 0.01
1629 1774 0.05
1629 678 0.01
1629 1775 0.05
1629 1776 0.01
1629 1777 0.2
1629 42 0.01
1629 1778 0.01
1629 1779 0.2
1629 421 0.01
1629 1780 0.01
1629 1160 0.2
1629 1781 0.05
1629 1248 0.2
1629 943 0.2
1629 1068 0.05
1629 801 0.05
1629 1782 0.01
1629 1783 0.2
1629 1784 0.2
1629 1709 0.05
1785 1785 0.2
1786 1786 0.01
1786 513 0.05
1786 323 0.2
1786 719 0.05
1786 1167 0.05
1787 1787 0.01
1788 1788 0.2
1789 646 0.01
1789 1790 0.05
1789 1283 0.01
1791 1791 0.2
1792 1793 0.05
1792 1794 0.01
1792 1028 0.05
1792 1007 0.01
1792 1795 0.2
1796 1796 0.2
204 204 0.2
831 492 0.01
831 1797 0.2
831 1798 0.2
831 623 0.2
831 501 0.05
831 99 0.2
831 918 0.05
831 934 0.2
831 739 0.2
831 1799 0.2
831 382 0.2
831 1800 0.01
831 1801 0.05
831 291 0.01
831 563 0.05
1802 1802 0.05
420 1803 0.01
420 420 0.2
420 716 0.2
420 792 0.05
1804 1313 0.01
1804 1020 0.05
1804 646 0.01
1805 1805 0.2
1806 1806 0.2
1807 1807 0.05
1808 1808 0.05
1808 1809 0.01
1808 492 0.05
1808 888 0.01
1810 1810 0.05
996 987 0.01
996 996 0.05
996 584 0.01
996 1811 0.01
996 46 0.01
996 597 0.2
996 242 0.05
996 1085 0.2
996 1650 0.01
996 528 0.2
996 997 0.05
996 1812 0.01
996 261 0.05
996 1170 0.01
996 214 0.01
996 919 0.05
996 1813 0.2
996 577 0.2
996 524 0.01
996 610 0.01
996 81 0.01
996 1814 0.01
996 1815 0.05
996 624 0.01
996 757 0.05
996 209 0.2
996 19 0.05
996 429 0.01
996 1160 0.2
996 1816 0.2
996 255 0.01
996 1817 0.2
996 525 0.01
996 583 0.2
996 958 0.01
996 357 0.05
996 604 0.05
996 1034 0.01
996 791 0.01
996 593 0.01
996 1060 0.2
996 297 0.01
996 157 0.01
996 112 0.01
996 801 0.01
996 1818 0.05
996 939 0.01
996 103 0.2
996 274 0.2
996 1819 0.01
996 1820 0.01
996 1409 0.01
996 34 0.2
1821 126 0.2
1821 1821 0.05
1822 1823 0.2
1822 178 0.01
1822 1824 0.01
1822 1552 0.01
1822 924 0.05
1822 1825 0.2
1822 1826 0.05
1822 1827 0.01
1828 1828 0.05
1829 629 0.05
1830 1830 0.05
1830 429 0.01
1830 431 0.01
1830 1237 0.01
1830 1831 0.2
1830 1832 0.2
1830 1833 0.05
1834 445 0.2
1834 46 0.2
1834 1818 0.01
1834 1024 0.01
1834 431 0.01
1834 506 0.01
1834 44 0.2
1834 437 0.05
1834 943 0.01
1834 469 0.2
1834 22 0.05
1834 1835 0.01
1834 1086 0.01
1834 1836 0.01
1834 1291 0.01
1834 512 0.01
1834 770 0.05
1837 1246 0.05
1837 1838 0.01
1837 879 0.05
1837 46 0.2
1837 324 0.05
1837 328 0.01
1837 1839 0.2
1837 910 0.05
1840 990 0.2
1840 1495 0.2
1840 1840 0.01
1840 1841 0.05
1840 1400 0.01
1840 1842 0.01
1840 577 0.01
1840 1247 0.01
1840 329 0.05
1840 438 0.05
1840 46 0.01
1840 545 0.2
1840 1843 0.05
1840 860 0.01
1840 857 0.05
1840 45 0.01
1840 912 0.01
1840 172 0.2
1840 934 0.01
1840 913 0.01
1840 1085 0.05
1840 171 0.2
1840 349 0.05
1840 712 0.2
1840 492 0.01
1840 638 0.2
1840 209 0.05
1840 30 0.01
1840 937 0.2
1840 719 0.2
1840 126 0.05
1840 1752 0.2
1840 1754 0.05
1840 1844 0.05
1840 1490 0.01
1840 1845 0.05
1840 1846 0.05
1840 1117 0.2
1840 1020 0.05
1840 1847 0.05
1840 1491 0.2
1840 1493 0.01
1840 1848 0.01
1840 174 0.01
1840 1582 0.2
1840 431 0.01
1840 1849 0.05
1840 939 0.01
1840 348 0.05
1840 286 0.05
1840 350 0.2
1840 780 0.05
1840 813 0.01
1840 1850 0.01
1840 165 0.2
1840 1851 0.05
1840 1852 0.2
1853 126 0.05
1854 1854 0.01
1854 148 0.01
1414 1413 0.05
1576 1574 0.01
1576 1573 0.01
1576 1576 0.05
1576 1575 0.05
1855 1856 0.05
1855 1688 0.05
1855 46 0.05
1855 441 0.05
1855 1775 0.2
1855 1092 0.05
1855 1857 0.2
1855 739 0.2
1855 1858 0.05
1855 1370 0.01
1859 1860 0.2
1861 1861 0.01
1861 1862 0.05
1861 1863 0.05
1861 1123 0.2
1861 1864 0.05
1861 590 0.2
138 135 0.2
138 647 0.05
138 134 0.2
138 79 0.2
138 1218 0.01
138 1865 0.05
138 139 0.01
1866 1866 0.2
1866 1867 0.2
1868 1742 0.05
1868 1868 0.2
1868 1869 0.2
1868 653 0.2
1868 1870 0.2
1868 1871 0.01
1868 157 0.2
1872 605 0.01
1872 1153 0.01
1872 1873 0.05
1872 597 0.01
1872 1874 0.01
1872 605 0.01
1872 96 0.05
1872 1875 0.2
1876 429 0.05
1876 712 0.01
1876 1877 0.01
1876 597 0.01
1876 780 0.05
1876 545 0.05
1876 174 0.01
1876 513 0.05
1876 349 0.05
1876 492 0.01
1878 719 0.2
1878 30 0.05
1878 1436 0.01
1878 438 0.01
1878 492 0.01
1878 1085 0.01
1878 1020 0.2
1878 46 0.01
1878 62 0.01
1878 649 0.2
1878 708 0.2
1879 1879 0.01
1879 65 0.05
1879 1880 0.2
1879 792 0.01
1879 1881 0.2
1879 784 0.05
1879 1882 0.05
1879 108 0.01
1879 584 0.2
1883 1883 0.01
1884 1884 0.2
1885 1885 0.2
1885 1886 0.01
1887 1887 0.05
1887 1190 0.2
1887 1156 0.01
1888 30 0.01
1889 126 0.01
1890 46 0.05
1890 714 0.01
1891 1891 0.01
445 353 0.01
445 44 0.01
445 46 0.01
445 318 0.2
445 440 0.05
445 436 0.01
445 1892 0.01
445 22 0.05
445 1591 0.2
445 431 0.01
445 4 0.2
445 1893 0.2
445 1160 0.2
445 328 0.05
445 30 0.05
445 329 0.05
445 506 0.2
445 441 0.05
445 1894 0.05
445 1518 0.2
445 1834 0.2
445 1895 0.01
445 437 0.05
445 738 0.01
445 101 0.01
445 1835 0.01
1896 1896 0.2
1896 46 0.01
1896 1897 0.2
1896 577 0.01
1896 793 0.2
1537 1537 0.01
1537 1534 0.01
1537 1898 0.05
1537 46 0.05
1537 1899 0.2
1537 1486 0.05
1537 1900 0.2
1537 841 0.2
1537 1901 0.05
1902 587 0.2
1902 1167 0.2
1902 1902 0.05
1902 1086 0.2
1902 1903 0.01
1904 1905 0.05
1906 46 0.01
1906 1407 0.05
1906 440 0.01
1906 44 0.2
1906 1893 0.05
1906 431 0.01
1906 1020 0.2
1906 1907 0.01
1906 1908 0.05
1906 428 0.2
1906 1909 0.01
1906 1910 0.01
1906 639 0.05
1906 1237 0.01
1906 632 0.2
1906 1906 0.2
1906 126 0.2
1911 148 0.01
1911 1912 0.2
1913 1010 0.05
1913 96 0.05
1914 588 0.05
1914 1229 0.2
1914 1591 0.2
638 677 0.05
638 1915 0.05
638 1616 0.01
638 735 0.01
638 511 0.05
638 174 0.2
638 46 0.05
638 1073 0.01
638 30 0.05
638 324 0.01
638 934 0.01
638 1020 0.01
638 1798 0.05
638 1083 0.2
638 172 0.05
638 501 0.01
638 1085 0.01
638 34 0.05
638 1916 0.01
638 791 0.2
638 829 0.01
638 1028 0.01
638 438 0.01
638 512 0.2
638 1166 0.01
638 1434 0.05
638 481 0.01
638 797 0.2
638 1917 0.01
638 784 0.2
638 29 0.01
638 1133 0.01
638 1181 0.05
638 645 0.01
638 112 0.2
638 121 0.2
638 1021 0.01
638 1079 0.2
638 1356 0.05
638 467 0.01
638 623 0.01
638 937 0.05
638 1918 0.01
638 1919 0.05
638 584 0.01
638 1920 0.05
638 171 0.05
638 175 0.05
638 748 0.2
638 749 0.01
638 893 0.05
638 1921 0.05
638 1922 0.2
638 1754 0.05
638 1923 0.01
638 1284 0.2
638 329 0.2
638 1160 0.01
638 353 0.05
638 1924 0.05
638 1132 0.2
638 1925 0.2
638 1926 0.01
638 1927 0.2
638 1314 0.01
638 514 0.01
638 94 0.2
638 701 0.05
638 1752 0.05
638 298 0.2
638 912 0.01
638 1928 0.05
638 1929 0.01
638 1703 0.01
638 44 0.2
638 577 0.05
638 1930 0.01
638 1931 0.2
638 1932 0.01
638 1933 0.2
638 1033 0.01
638 1074 0.01
638 933 0.2
638 1934 0.2
638 1935 0.01
638 822 0.2
638 528 0.01
638 242 0.2
638 1936 0.2
638 841 0.2
638 1839 0.2
638 1702 0.2
638 1937 0.2
638 1495 0.05
638 588 0.05
638 492 0.01
638 1938 0.05
638 804 0.05
638 1371 0.05
638 346 0.2
638 915 0.05
638 575 0.01
638 60 0.2
638 1719 0.2
638 1137 0.05
638 1353 0.01
638 964 0.01
638 1223 0.2
638 344 0.2
638 1433 0.01
638 1437 0.01
638 1939 0.2
638 599 0.2
854 172 0.05
854 854 0.01
1940 1940 0.01
1941 1941 0.01
1942 1309 0.05
1942 30 0.2
1942 1943 0.01
500 500 0.05
1944 939 0.01
1945 1945 0.05
1946 629 0.05
1947 1948 0.01
1949 1949 0.05
1950 1950 0.01
1950 399 0.01
1951 1951 0.05
1951 30 0.2
1951 346 0.05
1951 719 0.05
1951 46 0.01
1951 1798 0.01
1951 1049 0.01
1951 1490 0.2
1951 492 0.05
1951 438 0.05
1951 513 0.05
1951 174 0.05
1951 1020 0.05
1951 1309 0.2
1951 349 0.01
1951 393 0.01
1951 126 0.2
1951 1495 0.05
1951 898 0.01
1951 1952 0.05
1951 1953 0.05
1951 1954 0.05
1951 1955 0.05
1951 1956 0.2
1957 597 0.2
1957 1958 0.01
1957 126 0.05
1957 522 0.05
1957 1064 0.2
1959 802 0.2
1959 215 0.05
418 418 0.05
418 438 0.01
418 1960 0.2
418 46 0.05
418 428 0.2
418 1075 0.05
418 1961 0.05
418 181 0.2
418 215 0.01
418 594 0.2
418 399 0.2
418 1630 0.01
418 1453 0.2
418 595 0.01
418 30 0.2
418 1472 0.2
418 1962 0.01
418 454 0.01
418 593 0.01
418 416 0.05
418 516 0.05
418 1963 0.01
418 1586 0.2
418 683 0.05
418 997 0.01
418 793 0.01
418 419 0.05
418 165 0.05
418 1964 0.2
418 846 0.01
418 214 0.05
418 780 0.05
418 751 0.05
418 625 0.2
418 719 0.2
418 328 0.05
418 397 0.01
418 922 0.01
418 246 0.01
418 417 0.2
418 1068 0.01
418 1154 0.05
418 813 0.05
418 1965 0.01
418 500 0.05
418 175 0.05
418 121 0.01
418 157 0.05
418 23 0.05
418 1966 0.2
418 1967 0.05
418 1968 0.01
418 776 0.2
418 1004 0.2
418 1969 0.05
418 610 0.01
418 1831 0.05
418 1970 0.05
418 1971 0.01
418 82 0.2
418 1972 0.01
418 1973 0.05
418 1974 0.01
418 1975 0.2
418 715 0.01
418 126 0.05
1976 1976 0.2
1976 764 0.01
1977 1277 0.2
1977 45 0.05
1977 708 0.01
1977 1775 0.05
1977 165 0.05
1977 167 0.05
1977 166 0.01
1977 1378 0.01
1977 897 0.01
1977 1416 0.01
1977 785 0.2
1977 124 0.05
1977 214 0.05
1977 721 0.05
1977 1978 0.2
1977 1979 0.01
1977 363 0.01
1977 349 0.01
1977 1980 0.01
1977 186 0.05
1977 625 0.05
1977 1981 0.01
1977 960 0.05
1977 1395 0.2
1977 1982 0.05
1977 400 0.05
1983 1983 0.2
1984 784 0.01
1984 277 0.2
1984 1985 0.05
1986 1597 0.01
1986 1654 0.01
1986 779 0.01
1986 719 0.05
1986 13 0.05
1986 1869 0.05
1986 1987 0.01
1986 65 0.01
1986 167 0.05
1986 1988 0.05
1986 1668 0.05
1986 1548 0.05
1986 739 0.2
1986 329 0.2
1986 1775 0.01
1986 353 0.2
1986 30 0.05
1989 1989 0.05
1990 1991 0.2
1990 1278 0.2
1990 1565 0.05
1990 126 0.01
1990 1990 0.2
1992 1992 0.2
1992 1451 0.01
1992 467 0.01
1992 425 0.2
1992 508 0.2
1992 118 0.2
1992 352 0.2
1992 303 0.01
1992 1993 0.05
1992 438 0.2
1992 126 0.2
1992 1994 0.2
1992 623 0.2
1992 1490 0.2
1992 1995 0.05
1992 30 0.01
1992 329 0.01
1992 719 0.05
1992 1075 0.01
1992 349 0.05
1992 304 0.05
1992 513 0.01
1992 1616 0.2
1992 351 0.05
1992 439 0.05
1992 1020 0.2
1992 1996 0.2
1992 1847 0.01
1992 258 0.05
1992 904 0.01
1992 1624 0.2
1992 556 0.05
1992 1997 0.2
1992 1136 0.2
1992 1998 0.01
1992 228 0.01
1992 1076 0.01
1992 588 0.2
1992 1602 0.01
1992 257 0.05
1992 841 0.2
1992 804 0.2
1992 1999 0.01
1992 1415 0.2
1992 2000 0.05
1992 316 0.01
1992 586 0.05
1992 528 0.01
1992 797 0.01
1992 757 0.2
1992 1171 0.2
1992 471 0.01
1992 580 0.05
1992 48 0.05
1992 888 0.01
1992 501 0.05
1992 912 0.05
1992 1586 0.2
1992 1547 0.01
1992 918 0.2
1992 92 0.05
1992 346 0.2
1992 2001 0.05
1992 683 0.05
1992 113 0.05
1992 65 0.05
1992 1172 0.05
1992 1110 0.2
1992 738 0.05
1992 83 0.2
1992 1072 0.05
1992 2002 0.01
1992 1486 0.01
1992 658 0.05
1992 1139 0.05
1992 2003 0.05
1992 2004 0.01
1992 593 0.2
1992 1880 0.2
1992 1339 0.01
1992 1571 0.2
1992 2005 0.05
1992 2006 0.05
1992 2007 0.05
1992 2008 0.2
1992 2009 0.2
1992 2010 0.2
1992 2011 0.05
1992 2012 0.2
1992 1640 0.05
1992 2013 0.2
1992 2014 0.2
1992 2015 0.01
1992 2016 0.01
1992 2017 0.01
1992 2018 0.01
1992 2019 0.2
1992 2020 0.01
1992 2021 0.2
1992 644 0.05
1992 429 0.01
1992 1278 0.05
1992 642 0.2
1992 2022 0.2
1992 2023 0.2
1992 2024 0.01
1992 1939 0.2
1992 2025 0.05
1992 1667 0.2
1992 2026 0.2
1992 2027 0.01
1992 2028 0.2
1992 2029 0.05
1992 2030 0.05
1992 2031 0.01
1992 2032 0.01
1992 833 0.05
1992 837 0.2
1992 2033 0.05
1992 2034 0.01
1992 2035 0.01
1992 2036 0.05
1992 929 0.01
1992 2037 0.05
1992 411 0.05
1992 2038 0.05
1992 2039 0.2
1992 2040 0.2
1992 2041 0.2
1992 1528 0.05
1992 1527 0.01
1992 2042 0.05
1992 2043 0.01
1992 2044 0.2
1992 2045 0.05
1992 2046 0.05
1992 2047 0.2
1992 889 0.05
1992 2048 0.05
1992 2049 0.05
1992 2050 0.2
1992 2051 0.01
1992 2052 0.01
1992 2053 0.05
1992 2054 0.01
2055 171 0.01
2055 1020 0.01
2055 46 0.01
2055 431 0.05
2055 121 0.2
2056 2056 0.2
2057 1343 0.2
2057 594 0.05
2057 2058 0.05
2057 282 0.01
2059 714 0.2
2059 2060 0.05
2059 2061 0.01
2059 736 0.2
2059 883 0.05
2059 657 0.01
2059 1672 0.2
2059 1402 0.2
857 2062 0.05
857 858 0.01
857 2063 0.2
857 2064 0.05
857 277 0.01
857 290 0.2
857 1016 0.05
857 2065 0.2
857 2066 0.01
857 2067 0.05
857 1638 0.05
857 934 0.2
857 2068 0.01
857 104 0.05
857 2069 0.01
857 2070 0.01
857 278 0.2
857 2071 0.01
857 2072 0.2
857 2073 0.01
857 79 0.2
857 2074 0.2
857 746 0.05
857 860 0.2
857 93 0.05
2075 2076 0.2
2077 2078 0.01
2077 438 0.05
2077 286 0.01
2077 30 0.01
2077 46 0.01
2077 1447 0.01
2077 1022 0.05
2077 436 0.01
2077 316 0.2
2077 434 0.2
843 2002 0.01
843 306 0.01
843 34 0.2
843 1074 0.2
843 555 0.2
843 844 0.01
843 2079 0.2
843 881 0.05
843 841 0.01
843 983 0.2
843 2080 0.2
843 2081 0.01
2082 2082 0.05
2083 238 0.2
2083 2084 0.2
2083 2085 0.05
2083 1339 0.01
2086 310 0.01
2086 2086 0.2
2086 1309 0.01
2086 8 0.05
2086 643 0.01
2086 1097 0.2
2086 2087 0.01
815 815 0.2
1691 1691 0.05
1691 736 0.05
1691 792 0.2
1691 801 0.01
1691 738 0.05
1691 1114 0.01
2088 583 0.01
2089 2089 0.2
2089 912 0.01
2089 83 0.2
2090 2090 0.2
2090 428 0.01
2090 429 0.01
2090 1191 0.05
2090 431 0.2
2090 2091 0.01
2090 578 0.01
2090 618 0.01
2090 643 0.05
2090 2092 0.05
2090 1270 0.01
2090 969 0.01
2093 2093 0.01
2093 272 0.05
2093 2094 0.05
2093 273 0.01
2093 43 0.05
2093 1732 0.01
2093 1733 0.05
2095 2095 0.01
2096 2096 0.05
2097 2097 0.01
2097 1041 0.05
2097 2098 0.2
2097 2099 0.01
1473 1472 0.01
1473 2100 0.2
1473 1473 0.05
849 849 0.05
849 157 0.05
849 851 0.2
849 623 0.05
849 850 0.01
849 848 0.01
849 1172 0.05
849 1153 0.01
2101 324 0.01
2101 306 0.2
2101 2102 0.2
2101 1313 0.2
2101 623 0.2
2101 466 0.01
2101 1082 0.01
2101 1401 0.05
2101 2103 0.05
2101 323 0.05
2101 668 0.2
2101 1804 0.2
2101 1434 0.2
2101 1021 0.01
2101 788 0.01
2101 1637 0.2
2101 325 0.2
2101 2101 0.05
2101 1754 0.01
2101 1692 0.01
2104 2104 0.2
2104 1968 0.01
2105 2106 0.2
2105 181 0.01
2105 182 0.2
2105 1653 0.2
2105 2107 0.01
2105 2108 0.01
2105 2109 0.05
2105 2110 0.01
2105 2111 0.01
2105 2112 0.01
2105 2113 0.05
2105 1047 0.01
61 1767 0.01
61 50 0.01
61 51 0.2
61 55 0.2
61 576 0.01
61 329 0.05
61 286 0.05
61 48 0.05
61 332 0.01
61 331 0.01
61 61 0.05
61 637 0.2
61 335 0.2
61 49 0.2
61 2114 0.05
61 277 0.05
61 57 0.2
2115 2115 0.05
2116 2116 0.05
2117 2117 0.2
1093 1093 0.05
1093 646 0.01
2118 46 0.05
2119 2119 0.01
2120 2120 0.01
2120 1202 0.2
2121 2121 0.2
2122 2122 0.05
2122 186 0.05
2123 148 0.01
2124 2124 0.2
140 140 0.2
140 142 0.05
140 859 0.01
140 141 0.01
140 789 0.2
140 134 0.05
140 919 0.05
2125 2125 0.05
2125 1417 0.05
2125 1418 0.2
2125 779 0.2
2125 1391 0.05
2125 638 0.05
2125 780 0.2
2125 2126 0.01
2125 721 0.2
2127 2127 0.05
2127 736 0.05
2128 1378 0.01
2129 2129 0.2
2129 373 0.05
2129 2130 0.05
2129 62 0.2
2131 2131 0.01
2131 1247 0.05
163 854 0.01
163 163 0.01
163 323 0.2
163 1505 0.05
163 1238 0.2
163 656 0.05
163 46 0.05
163 743 0.2
163 2132 0.2
163 652 0.2
163 1765 0.05
163 1312 0.05
163 860 0.01
163 825 0.01
163 648 0.01
163 1116 0.05
163 647 0.05
163 1925 0.01
163 642 0.05
163 1663 0.01
163 1082 0.01
163 719 0.01
163 1089 0.2
163 1247 0.05
163 329 0.05
163 826 0.01
163 175 0.05
163 1181 0.01
163 172 0.01
163 2133 0.05
163 154 0.2
163 467 0.01
163 126 0.2
163 713 0.05
2134 2134 0.01
2134 912 0.05
2134 83 0.2
2134 2135 0.05
2134 2136 0.01
2134 2137 0.2
2134 2138 0.01
2134 2089 0.05
2134 2139 0.05
2134 1605 0.2
2134 2140 0.01
2134 2141 0.2
2134 349 0.01
2134 792 0.01
2134 2142 0.2
2134 781 0.05
2134 2143 0.2
2134 918 0.2
2134 20 0.2
2134 577 0.01
2134 631 0.2
2134 2144 0.2
2134 1388 0.05
2134 2145 0.2
2134 2146 0.05
2134 408 0.05
2134 2147 0.05
2134 1880 0.01
2134 2148 0.01
2134 1060 0.01
2134 1377 0.05
2134 1383 0.05
2134 107 0.01
2134 428 0.05
2134 429 0.05
2134 2149 0.01
2134 418 0.01
2134 420 0.05
2134 1645 0.01
2134 2150 0.2
2134 2151 0.05
2134 2152 0.2
2134 157 0.05
2134 1852 0.01
2134 2153 0.2
2134 2154 0.01
2134 376 0.05
2134 802 0.01
2134 1965 0.2
2155 2155 0.2
2155 920 0.01
2155 46 0.05
2155 353 0.05
2156 2156 0.01
870 916 0.05
870 2157 0.01
870 869 0.2
870 1227 0.2
870 2158 0.01
2159 2159 0.05
2160 2160 0.2
2111 2111 0.01
2161 492 0.01
2162 2162 0.05
2162 46 0.01
2162 102 0.05
2162 349 0.2
2162 50 0.05
2162 52 0.05
2162 328 0.05
2162 1976 0.05
2163 2163 0.05
80 80 0.01
80 632 0.2
80 1738 0.05
80 1741 0.05
80 1740 0.2
80 1393 0.01
80 1743 0.05
80 1237 0.05
80 22 0.2
80 1962 0.05
80 1744 0.05
80 126 0.2
80 46 0.01
80 717 0.05
80 1586 0.2
80 431 0.01
80 2164 0.01
80 165 0.01
80 166 0.01
80 653 0.01
80 426 0.01
80 1747 0.01
80 2165 0.05
80 53 0.2
80 437 0.2
80 1910 0.05
80 1770 0.01
80 639 0.01
80 549 0.01
80 2166 0.01
2167 2167 0.2
2168 1219 0.05
2169 2169 0.2
2169 2170 0.01
2171 2171 0.2
804 804 0.01
804 892 0.05
804 719 0.01
804 328 0.01
804 1754 0.01
804 1079 0.05
804 1117 0.01
804 1020 0.05
804 30 0.05
804 1847 0.2
804 791 0.2
804 947 0.05
804 1356 0.05
804 282 0.2
804 751 0.01
804 807 0.01
804 712 0.2
804 912 0.05
804 918 0.01
804 171 0.01
804 933 0.05
804 2172 0.01
804 172 0.2
804 1085 0.05
804 645 0.2
804 1076 0.05
804 46 0.2
804 939 0.01
804 1798 0.2
804 1072 0.2
804 1437 0.01
804 735 0.2
804 324 0.05
804 1992 0.2
804 577 0.05
804 1476 0.05
804 646 0.05
804 797 0.2
804 346 0.05
804 174 0.01
804 638 0.01
804 349 0.05
804 523 0.05
804 348 0.2
804 593 0.01
804 543 0.05
804 1752 0.2
804 511 0.01
804 2173 0.2
804 438 0.2
804 780 0.2
804 830 0.01
804 934 0.2
804 1167 0.01
804 344 0.01
804 1004 0.05
804 492 0.01
804 943 0.01
2174 2174 0.01
2175 943 0.2
2176 2176 0.01
2177 2177 0.05
2178 2178 0.05
2179 2179 0.01
2180 1524 0.05
2180 997 0.01
2180 2181 0.05
2180 2182 0.01
2180 2183 0.2
2180 1768 0.2
2180 646 0.2
2180 2184 0.05
2180 2185 0.05
1924 175 0.2
1924 30 0.05
1924 353 0.2
1924 329 0.01
1924 286 0.2
1924 46 0.01
1924 431 0.01
1924 209 0.01
1924 719 0.05
1924 739 0.05
1924 1924 0.05
1924 352 0.2
1924 303 0.2
1924 1030 0.01
1924 514 0.05
1924 598 0.01
2186 2186 0.01
1863 1863 0.05
1863 1862 0.05
1863 1861 0.01
1863 1200 0.2
1863 167 0.05
2187 2187 0.2
2188 2188 0.2
2188 943 0.01
2188 1756 0.01
2188 1755 0.05
2188 1536 0.01
2188 1931 0.2
2188 2189 0.01
2188 2190 0.01
2188 1741 0.01
2191 2191 0.05
2192 1586 0.01
617 944 0.05
617 1975 0.01
617 711 0.05
617 75 0.2
617 2193 0.2
617 1384 0.05
617 1920 0.05
617 1377 0.05
617 1378 0.01
617 1917 0.2
2194 2194 0.01
2194 82 0.05
433 433 0.05
2195 2196 0.01
2195 2197 0.01
2195 658 0.05
2195 850 0.2
2195 1154 0.05
2195 852 0.2
2195 1126 0.05
2195 883 0.01
2195 2198 0.05
2195 2199 0.05
2195 2200 0.05
2195 289 0.01
2195 2201 0.01
2195 1462 0.2
2195 1762 0.05
2202 1216 0.2
2203 2203 0.05
2204 2204 0.01
429 429 0.05
429 46 0.01
429 431 0.05
429 215 0.01
429 44 0.2
429 725 0.05
429 2205 0.2
429 442 0.2
429 30 0.05
429 428 0.2
429 2206 0.05
429 1247 0.01
429 1123 0.2
429 316 0.01
429 444 0.2
429 318 0.01
429 1065 0.01
429 2091 0.01
429 1116 0.01
429 506 0.01
429 1024 0.01
429 432 0.2
429 353 0.05
429 438 0.01
429 445 0.01
429 1823 0.2
429 578 0.01
429 433 0.05
429 434 0.01
429 440 0.2
429 1191 0.2
429 2207 0.2
429 304 0.05
429 2208 0.05
429 853 0.05
429 643 0.01
429 618 0.01
429 437 0.2
429 1089 0.2
429 286 0.05
429 739 0.05
429 405 0.01
429 4 0.01
429 2092 0.01
429 2209 0.05
429 1554 0.2
429 647 0.05
429 5 0.2
429 126 0.2
429 441 0.05
429 1086 0.2
429 491 0.01
429 1893 0.01
429 2002 0.01
429 2210 0.2
429 1894 0.2
429 436 0.2
429 720 0.05
429 736 0.2
429 1176 0.05
429 282 0.2
429 1160 0.01
429 1190 0.01
429 1343 0.05
429 2211 0.2
429 791 0.01
429 2212 0.01
429 1270 0.01
429 2213 0.05
429 2214 0.05
429 1557 0.01
429 564 0.01
429 1856 0.2
429 2215 0.05
429 2216 0.05
429 1447 0.05
429 943 0.01
429 2217 0.01
429 2218 0.05
429 2219 0.01
429 2220 0.01
429 802 0.2
429 1548 0.01
429 969 0.2
429 1816 0.05
429 1832 0.05
429 242 0.2
429 2221 0.01
429 958 0.05
429 157 0.01
429 22 0.05
429 683 0.01
429 2222 0.01
429 722 0.01
429 1908 0.2
429 373 0.2
429 2 0.05
429 2223 0.01
429 1910 0.2
429 399 0.2
429 1809 0.01
429 45 0.01
429 2224 0.01
429 2184 0.01
429 562 0.05
429 1471 0.2
429 2225 0.05
429 2226 0.05
429 549 0.05
429 639 0.2
429 2227 0.05
429 1959 0.2
429 844 0.05
429 830 0.2
429 2228 0.05
429 1092 0.05
429 413 0.05
429 1058 0.05
429 2229 0.01
429 717 0.05
429 2230 0.05
429 1770 0.2
429 2231 0.05
429 1775 0.2
429 1830 0.2
429 2232 0.2
429 902 0.05
429 835 0.01
429 148 0.05
429 2233 0.2
429 2234 0.2
429 1386 0.2
429 2235 0.2
429 2236 0.01
739 739 0.01
739 801 0.05
739 738 0.01
739 736 0.2
739 1053 0.01
739 1690 0.05
739 648 0.05
739 789 0.01
739 584 0.01
739 142 0.2
739 835 0.2
739 1298 0.2
739 97 0.05
739 106 0.05
739 836 0.01
739 86 0.2
739 792 0.01
739 329 0.01
739 834 0.05
739 1694 0.2
739 1693 0.01
739 45 0.05
739 2237 0.2
739 2238 0.2
739 740 0.2
739 1659 0.05
739 1454 0.2
739 856 0.01
739 90 0.05
739 1452 0.2
739 326 0.05
739 743 0.05
739 506 0.05
739 1433 0.2
739 1606 0.05
739 2239 0.05
739 2240 0.05
2241 2241 0.01
2242 1469 0.01
2242 2243 0.2
2242 2244 0.2
2242 2245 0.2
2242 274 0.05
2242 242 0.2
2242 2246 0.01
2247 2247 0.05
2247 325 0.05
2247 326 0.2
2247 324 0.05
2247 1028 0.05
2247 719 0.01
2247 1434 0.01
2247 46 0.05
2247 1087 0.2
2247 112 0.01
2247 2248 0.05
2247 30 0.2
2247 323 0.01
2247 1078 0.2
2247 1021 0.05
2247 1117 0.2
2247 328 0.2
2247 2249 0.2
2247 2101 0.01
2247 1912 0.05
2247 2094 0.05
2247 306 0.05
2247 1075 0.01
2247 148 0.05
721 721 0.01
721 1005 0.05
721 712 0.01
721 174 0.01
721 349 0.05
721 728 0.2
721 2250 0.01
721 780 0.01
721 2227 0.05
721 1418 0.05
721 492 0.01
721 1416 0.05
721 2125 0.05
721 711 0.2
721 577 0.01
721 653 0.01
721 1869 0.05
721 709 0.01
721 1362 0.05
721 2251 0.05
721 830 0.2
721 2252 0.2
721 30 0.2
721 719 0.01
721 1529 0.01
721 990 0.2
721 1742 0.05
721 1495 0.01
721 1020 0.2
721 2253 0.01
721 545 0.05
721 2254 0.2
721 2255 0.01
721 2256 0.05
721 324 0.01
721 345 0.01
721 1356 0.05
721 344 0.05
721 892 0.01
721 1049 0.2
721 638 0.2
721 346 0.05
721 399 0.05
721 779 0.05
721 774 0.01
721 727 0.05
721 1917 0.05
721 1073 0.2
721 172 0.05
721 1117 0.01
721 126 0.2
721 1353 0.05
721 1490 0.2
721 791 0.05
721 1436 0.2
721 1075 0.01
721 468 0.2
721 511 0.01
721 934 0.05
721 2233 0.01
721 2257 0.05
721 2258 0.2
721 620 0.01
721 1370 0.05
721 1386 0.05
721 1870 0.01
721 1952 0.05
721 1719 0.2
721 2259 0.2
721 793 0.05
721 2260 0.2
721 303 0.01
721 804 0.05
721 2173 0.05
721 1847 0.01
721 1379 0.01
1304 837 0.2
1304 739 0.05
1304 736 0.2
1304 106 0.05
1304 2261 0.2
1304 2262 0.2
1304 790 0.2
1304 2263 0.05
1304 1692 0.05
1304 2032 0.05
1304 1306 0.05
1304 1301 0.05
2264 2264 0.05
2264 1399 0.05
2264 2265 0.05
2266 2266 0.01
2266 2267 0.2
2266 2268 0.01
2266 2269 0.05
2266 1145 0.01
2266 1011 0.01
2266 1569 0.2
1815 677 0.05
1815 587 0.01
1815 1917 0.2
1815 46 0.2
1815 30 0.05
1815 719 0.01
1815 328 0.2
1815 34 0.2
1815 934 0.2
1815 1798 0.05
1815 345 0.01
1815 327 0.05
1815 933 0.01
1815 2270 0.05
1815 492 0.2
1815 438 0.01
1815 545 0.05
1815 2271 0.2
1815 171 0.05
1815 242 0.01
1815 2272 0.01
1815 528 0.01
1815 1932 0.05
1163 1163 0.2
1163 248 0.01
1163 46 0.05
1163 1894 0.2
1163 555 0.01
1163 1247 0.05
1163 788 0.2
1163 860 0.05
1163 638 0.2
1163 63 0.05
1163 175 0.01
1163 126 0.01
1163 603 0.2
1163 2217 0.2
1163 442 0.2
1163 101 0.2
1163 506 0.2
1163 353 0.2
1163 1557 0.01
1163 163 0.2
1163 227 0.01
1163 606 0.2
1163 240 0.01
1163 2273 0.2
1163 1303 0.2
1163 1167 0.05
1163 2274 0.01
1163 844 0.01
1163 306 0.2
1163 2275 0.2
1163 919 0.01
1163 1110 0.05
1163 893 0.2
1163 1126 0.05
1163 858 0.2
1163 1915 0.01
1163 1360 0.05
1163 737 0.2
1163 2019 0.2
1163 1964 0.01
1163 1366 0.01
1163 2276 0.01
1163 20 0.01
1163 1160 0.01
1163 1052 0.2
1163 166 0.01
1163 888 0.2
1163 776 0.01
1163 882 0.01
1163 497 0.01
1163 610 0.01
1163 1137 0.05
1163 922 0.01
1163 67 0.2
1163 1390 0.05
1163 328 0.05
1163 399 0.01
1163 773 0.01
1163 1586 0.05
1163 23 0.05
1163 614 0.05
1163 148 0.01
1163 400 0.01
1163 1517 0.2
1163 624 0.05
1163 916 0.2
1163 594 0.2
1163 1558 0.05
1163 1248 0.2
1163 2182 0.2
1163 593 0.01
1163 982 0.05
1163 2277 0.01
1163 1416 0.2
2278 2278 0.01
2278 377 0.01
2278 647 0.01
2279 2279 0.2
2280 2280 0.2
958 958 0.01
958 46 0.01
958 5 0.2
958 1557 0.2
958 103 0.2
958 271 0.2
958 258 0.01
958 1022 0.05
958 438 0.05
958 597 0.05
958 584 0.05
958 443 0.2
958 524 0.01
958 593 0.2
958 917 0.05
958 44 0.05
958 613 0.2
958 882 0.05
958 429 0.05
958 255 0.05
958 2061 0.2
958 996 0.01
958 242 0.05
2281 2282 0.05
2283 2283 0.05
701 701 0.01
701 1892 0.01
701 2284 0.05
701 46 0.05
701 739 0.01
701 94 0.2
701 904 0.05
701 648 0.01
701 441 0.2
701 903 0.05
701 2285 0.01
701 902 0.2
701 2286 0.2
701 1727 0.2
701 1675 0.2
701 897 0.05
701 898 0.01
701 899 0.05
701 905 0.01
701 901 0.05
2287 282 0.2
2287 694 0.05
2287 1560 0.05
2288 2289 0.01
165 167 0.01
165 166 0.05
165 286 0.2
165 710 0.2
165 30 0.01
165 1123 0.05
165 49 0.2
165 1200 0.2
165 2290 0.05
165 2291 0.2
165 555 0.01
165 2292 0.01
165 71 0.2
165 679 0.01
165 1772 0.05
165 2293 0.2
165 165 0.2
2294 2294 0.2
751 1968 0.05
751 708 0.05
751 1189 0.2
751 805 0.01
751 1968 0.05
751 2295 0.2
751 1684 0.05
751 1181 0.05
751 1086 0.01
751 1557 0.2
751 613 0.05
751 1017 0.05
751 200 0.05
751 172 0.2
751 2274 0.2
751 1686 0.01
751 92 0.2
751 885 0.2
751 2296 0.2
751 948 0.2
751 711 0.2
751 2297 0.05
751 234 0.01
751 678 0.2
751 2298 0.05
751 2299 0.2
751 1463 0.2
751 1998 0.05
751 1134 0.2
751 394 0.2
751 1899 0.05
751 1471 0.01
751 1322 0.01
751 746 0.01
751 992 0.2
751 1339 0.01
751 376 0.01
751 1688 0.01
2300 22 0.2
2300 1097 0.01
2300 194 0.05
2301 2301 0.2
2302 2302 0.05
2302 324 0.05
2302 2303 0.01
2302 323 0.2
2302 326 0.01
2302 271 0.01
2302 797 0.01
2302 328 0.2
2302 623 0.05
2302 2304 0.05
259 259 0.01
2150 2150 0.01
2150 92 0.2
2150 2134 0.05
2150 926 0.01
2150 1223 0.01
2305 2305 0.2
1551 1551 0.01
1551 263 0.05
1551 2306 0.05
1551 2307 0.2
1551 2308 0.2
1551 737 0.01
1551 518 0.01
1551 121 0.05
1551 166 0.01
1551 1246 0.2
1551 1930 0.05
1551 30 0.05
1551 126 0.01
1551 1116 0.2
1551 352 0.2
1551 364 0.2
1551 1037 0.01
1551 613 0.01
1551 524 0.05
1551 271 0.05
1551 378 0.05
1551 1223 0.2
1551 1690 0.05
1551 943 0.01
1551 1153 0.01
1551 1583 0.2
1551 303 0.01
1551 719 0.05
1551 326 0.2
1551 1020 0.01
1551 101 0.01
1551 610 0.2
1551 232 0.01
1551 646 0.2
2309 2309 0.2
2309 46 0.01
2310 2310 0.01
2311 2311 0.01
1637 1012 0.01
1637 2312 0.01
1637 1637 0.05
2313 165 0.05
2313 2313 0.2
2313 157 0.2
2313 679 0.01
2313 1515 0.05
2313 232 0.01
2313 1178 0.2
2313 944 0.2
2313 20 0.2
2313 286 0.2
2313 1646 0.2
2313 1450 0.05
2313 1974 0.01
2313 714 0.01
2313 642 0.2
2313 2314 0.05
2315 2315 0.2
2315 2316 0.05
2315 1494 0.05
2315 597 0.2
1190 759 0.2
1190 1033 0.01
1190 584 0.01
1190 205 0.05
1190 316 0.05
1190 329 0.2
1190 1454 0.05
1190 191 0.01
1190 232 0.2
1190 581 0.01
1190 887 0.01
1190 784 0.2
1190 324 0.05
1190 643 0.01
1190 2317 0.01
1190 2318 0.05
1190 764 0.01
1190 290 0.01
1190 2319 0.2
1190 1157 0.2
1190 137 0.05
1190 2320 0.01
1190 1158 0.01
1190 280 0.05
1190 1240 0.05
1190 1761 0.05
1190 196 0.2
1190 579 0.05
1190 2321 0.01
1190 1701 0.01
1190 2322 0.05
1190 2323 0.01
1190 273 0.2
1190 175 0.2
1190 677 0.01
1190 328 0.2
1190 841 0.2
1190 121 0.2
1190 586 0.05
1190 2103 0.05
1190 467 0.2
1190 2002 0.01
1190 429 0.2
1190 251 0.2
1190 250 0.01
1190 2309 0.2
1190 362 0.05
1190 2324 0.05
1190 2325 0.2
1190 2326 0.01
1190 104 0.01
1190 197 0.05
1190 200 0.05
1190 513 0.05
1190 985 0.01
1190 335 0.05
1190 738 0.01
1190 1356 0.01
1190 804 0.01
1190 2327 0.2
1190 1839 0.2
1190 2328 0.05
1190 2329 0.2
1190 2330 0.01
1190 2331 0.01
1190 1415 0.05
1190 1246 0.01
1190 1127 0.2
1190 9 0.2
1190 495 0.2
1190 45 0.01
1190 2021 0.05
1190 642 0.01
1190 1165 0.05
1190 703 0.2
1190 53 0.2
1190 1188 0.2
1190 65 0.01
1190 1390 0.2
1190 1595 0.05
1190 245 0.01
1190 356 0.05
1190 255 0.2
1190 1171 0.01
1190 1801 0.01
1190 1172 0.01
1190 743 0.05
1190 1132 0.2
1190 388 0.01
1190 704 0.2
1190 640 0.05
1190 1156 0.05
1190 1113 0.05
1190 2004 0.05
1190 961 0.01
1190 246 0.01
1190 2332 0.01
1190 292 0.01
1190 2333 0.01
1190 617 0.2
1190 2334 0.2
1190 633 0.05
1190 188 0.2
1190 893 0.2
1190 1812 0.2
1190 113 0.01
1190 296 0.2
1190 1849 0.05
1190 242 0.01
1190 920 0.05
1190 2141 0.05
1190 2212 0.2
1190 1469 0.01
1190 21 0.05
1190 613 0.2
1190 1887 0.05
1190 911 0.2
1190 1775 0.01
1190 461 0.01
1190 962 0.05
1190 1586 0.01
1190 46 0.2
1190 126 0.05
2335 2335 0.05
2336 1943 0.01
2337 2337 0.05
2338 441 0.05
2338 428 0.01
2339 2340 0.01
1243 2080 0.01
2341 2341 0.01
2342 296 0.2
2342 714 0.01
2342 2342 0.01
2342 612 0.05
2342 2343 0.2
2342 2269 0.2
2342 1562 0.2
2344 2344 0.01
2344 428 0.01
2345 1634 0.2
324 328 0.01
324 30 0.01
324 645 0.01
324 1075 0.01
324 326 0.01
324 719 0.05
324 323 0.01
324 46 0.05
324 345 0.01
324 305 0.05
324 121 0.05
324 325 0.2
324 286 0.2
324 1495 0.01
324 1754 0.05
324 1028 0.01
324 1752 0.2
324 2346 0.05
324 1616 0.05
324 346 0.2
324 2347 0.01
1365 2348 0.2
1365 654 0.01
1365 950 0.01
1365 2349 0.05
1365 1293 0.2
1365 780 0.01
1365 1394 0.05
1365 1047 0.2
1365 960 0.2
1365 1178 0.05
1365 1662 0.01
1365 625 0.05
1365 1711 0.2
1365 214 0.05
1365 1339 0.05
1365 2350 0.2
1365 20 0.05
1365 990 0.2
1365 2351 0.01
1365 187 0.2
1365 686 0.05
1365 613 0.05
1365 349 0.2
1365 2352 0.2
1365 1416 0.2
1365 773 0.01
1365 1978 0.01
1365 610 0.05
1365 1517 0.05
1365 363 0.2
1365 261 0.2
1365 897 0.05
1365 791 0.05
1365 45 0.01
1365 2353 0.01
1818 1818 0.01
1818 1898 0.2
1818 1023 0.01
1818 1027 0.05
1818 104 0.2
1818 92 0.2
1818 1097 0.01
1818 46 0.01
1818 30 0.05
1818 329 0.2
1818 1799 0.01
1818 175 0.01
1818 1024 0.01
1818 2354 0.2
1818 1343 0.05
1818 2355 0.2
1818 2356 0.05
1818 1341 0.01
1818 1834 0.01
1818 2357 0.05
1818 943 0.01
2358 2358 0.05
2359 2359 0.05
2360 2360 0.2
2360 2361 0.05
2360 1662 0.05
2362 2362 0.01
2362 148 0.01
2362 1603 0.05
2362 714 0.2
2362 46 0.05
2362 1912 0.05
2362 845 0.01
2362 2363 0.05
2362 2247 0.05
2362 323 0.05
2362 325 0.01
1594 743 0.01
1594 764 0.01
1594 1062 0.05
1594 46 0.01
1594 329 0.2
1594 2002 0.05
1594 1234 0.2
1594 1089 0.01
1594 1020 0.2
1594 175 0.05
1594 1176 0.01
1594 101 0.2
1594 286 0.05
1594 316 0.01
1594 306 0.2
1594 1068 0.05
2364 2364 0.05
2365 2365 0.2
2365 2366 0.01
2365 2267 0.01
2365 2367 0.05
2365 2368 0.2
2369 2369 0.2
2370 2371 0.05
2370 2372 0.05
2370 234 0.2
2370 165 0.2
2370 2370 0.01
2370 2373 0.01
2370 1365 0.2
2370 1783 0.05
2370 721 0.2
2370 1370 0.2
1250 1250 0.05
1250 764 0.2
2374 2374 0.05
2375 2375 0.05
656 584 0.2
656 648 0.2
656 142 0.2
656 86 0.2
656 789 0.05
656 741 0.01
656 2376 0.05
656 836 0.05
656 834 0.2
656 835 0.01
656 1176 0.01
656 740 0.01
656 84 0.05
656 737 0.2
656 893 0.05
656 1288 0.01
656 2377 0.01
656 1628 0.2
656 1081 0.05
656 701 0.05
656 1308 0.2
656 91 0.05
656 792 0.01
656 801 0.2
656 2378 0.05
2379 2379 0.05
2380 2380 0.05
2381 2381 0.2
2381 126 0.05
2381 928 0.2
168 194 0.2
168 168 0.01
466 328 0.01
466 324 0.05
466 1117 0.2
466 174 0.2
466 30 0.05
466 719 0.05
466 466 0.01
466 882 0.05
466 121 0.05
546 546 0.01
546 362 0.05
546 1356 0.01
546 1353 0.05
546 157 0.01
546 30 0.05
546 937 0.05
546 46 0.2
546 460 0.2
546 2214 0.01
546 2382 0.05
546 186 0.01
2383 2383 0.2
2383 1957 0.01
2383 126 0.05
2383 286 0.2
2383 175 0.2
2383 162 0.05
2383 1247 0.01
2383 855 0.05
2383 736 0.01
2383 1343 0.05
2383 813 0.05
2383 522 0.05
2383 1116 0.05
2383 2384 0.01
2383 1731 0.01
2383 724 0.2
2385 2386 0.01
2385 2385 0.01
2387 2388 0.2
2387 2389 0.2
2390 2390 0.01
2390 346 0.01
2391 2391 0.01
2392 2393 0.2
2394 2394 0.01
2394 719 0.01
2394 2395 0.2
2394 2396 0.2
2394 2397 0.05
2394 673 0.2
2394 116 0.05
2394 925 0.01
2394 2193 0.2
2394 30 0.2
2394 126 0.01
2398 2398 0.01
2398 46 0.2
2398 825 0.05
2398 1157 0.05
2398 328 0.01
2398 916 0.2
2398 764 0.05
2399 2075 0.2
2399 30 0.2
2399 126 0.01
2399 46 0.2
2399 642 0.01
2399 2399 0.05
2400 2400 0.01
1075 328 0.01
1075 324 0.2
1075 30 0.05
1075 719 0.01
1075 468 0.2
1075 306 0.01
1075 645 0.01
1075 1074 0.01
1075 1434 0.05
1075 511 0.2
1075 1117 0.05
1075 2401 0.2
1075 174 0.05
1075 1087 0.01
1075 466 0.2
1075 1072 0.05
1075 1313 0.05
1075 323 0.01
1075 1401 0.01
1075 623 0.05
1075 1073 0.2
1075 2103 0.05
1075 1076 0.05
1075 46 0.05
1075 2067 0.2
1075 3 0.05
1075 2402 0.05
1075 2403 0.05
1075 1133 0.2
1075 2249 0.01
1075 1754 0.01
1075 1752 0.05
1075 936 0.01
1075 2347 0.05
1075 2404 0.01
2405 2406 0.2
2405 2407 0.01
2405 1020 0.01
2405 2408 0.2
2405 286 0.01
2405 2405 0.05
2405 2409 0.2
2405 2410 0.2
2405 866 0.2
2405 2411 0.2
2405 565 0.2
2405 199 0.2
2405 2412 0.05
2413 2413 0.01
2414 2414 0.05
2414 230 0.2
2414 2227 0.01
2414 2415 0.2
2414 2416 0.2
2414 2417 0.01
2414 126 0.05
2414 707 0.2
2414 857 0.01
2414 2259 0.01
2418 2419 0.01
2418 286 0.2
473 473 0.2
473 1584 0.2
473 1673 0.2
1434 2103 0.2
1434 323 0.2
1434 1117 0.05
1434 324 0.2
1434 1075 0.2
1434 326 0.01
1434 1020 0.2
1434 306 0.01
1434 719 0.2
1434 1400 0.05
1434 1082 0.2
1434 2101 0.2
1434 466 0.2
1434 934 0.05
1434 1633 0.05
1434 1401 0.05
1434 328 0.01
1434 352 0.2
1434 645 0.05
1434 46 0.01
1434 1028 0.05
1434 1076 0.01
1434 1753 0.05
1434 2247 0.01
1434 1546 0.05
1434 325 0.05
1434 1847 0.2
1434 2420 0.01
2421 2421 0.2
2422 2422 0.01
1710 2423 0.05
1710 1712 0.2
1710 2424 0.05
2425 293 0.05
2426 1717 0.01
2426 2426 0.05
2228 1191 0.2
2228 578 0.2
2228 428 0.01
2228 2092 0.05
2228 431 0.2
2228 2091 0.05
2228 643 0.2
2228 1270 0.01
2228 720 0.05
2228 1554 0.05
2228 1555 0.01
2228 2222 0.2
2427 2428 0.01
2427 1653 0.2
2429 2429 0.01
2430 2430 0.05
2430 276 0.2
2430 1839 0.2
2431 328 0.2
758 758 0.01
758 323 0.2
758 30 0.05
758 326 0.05
758 352 0.05
758 1082 0.05
758 719 0.01
758 1123 0.01
758 324 0.05
758 328 0.05
758 2432 0.2
758 2433 0.01
758 2141 0.2
758 142 0.05
758 736 0.2
758 1286 0.01
758 318 0.01
758 835 0.05
758 522 0.01
758 1301 0.01
758 859 0.01
2434 2434 0.05
2434 1495 0.05
2434 1283 0.2
2434 1284 0.2
2434 2435 0.05
2434 830 0.2
2434 780 0.01
2434 1372 0.01
2434 2251 0.01
2434 2436 0.05
545 438 0.01
545 174 0.2
545 712 0.01
545 2437 0.01
2438 323 0.01
2438 210 0.2
2438 213 0.2
2438 2439 0.05
2438 328 0.05
795 506 0.05
795 303 0.01
795 46 0.05
795 743 0.2
795 350 0.2
795 1075 0.01
795 151 0.2
795 30 0.05
795 642 0.01
795 1123 0.05
795 353 0.05
795 329 0.2
795 175 0.2
795 1176 0.2
795 352 0.01
795 282 0.2
795 286 0.01
795 328 0.01
795 283 0.2
795 264 0.05
795 1408 0.05
1419 1419 0.05
2440 2440 0.2
2441 2441 0.05
611 362 0.2
203 197 0.05
203 199 0.05
203 196 0.05
203 198 0.2
203 195 0.01
203 205 0.2
203 586 0.01
203 2329 0.2
2442 377 0.2
2442 2443 0.2
2442 121 0.01
2444 2445 0.01
2444 2446 0.01
2444 2444 0.2
2444 2447 0.2
2444 2448 0.05
2444 2449 0.2
2444 2450 0.2
2444 2451 0.05
2444 2452 0.05
2444 1277 0.05
2453 652 0.05
2453 1210 0.01
2453 2453 0.2
2453 764 0.2
2453 2454 0.2
2453 105 0.05
2453 1499 0.01
2453 1212 0.01
2453 2455 0.05
2453 2289 0.05
2453 2456 0.05
2453 659 0.01
2453 110 0.2
2453 137 0.2
2453 747 0.2
2453 2457 0.2
2453 1214 0.2
2453 1219 0.05
2453 749 0.05
2453 1127 0.05
2453 290 0.05
2453 1222 0.05
2453 2458 0.01
2453 1479 0.01
2453 79 0.01
2453 746 0.2
2453 748 0.2
2453 2459 0.01
2453 1213 0.05
2453 2460 0.2
2453 647 0.05
2453 2461 0.2
2453 1605 0.2
1530 1530 0.05
1530 1527 0.01
1530 1939 0.05
1530 1420 0.05
1530 1525 0.01
1530 2258 0.01
2462 2463 0.05
2462 2464 0.05
2462 1370 0.05
2462 711 0.05
2462 1364 0.01
2462 774 0.01
2462 2348 0.05
2465 2465 0.05
400 405 0.2
400 540 0.01
400 1711 0.01
400 813 0.2
400 2221 0.05
400 654 0.01
400 2352 0.01
400 930 0.01
400 2466 0.2
400 7 0.2
400 577 0.01
400 2467 0.01
400 2468 0.2
400 2469 0.01
400 737 0.2
400 2470 0.2
400 2471 0.01
400 2472 0.01
400 2473 0.05
400 2474 0.01
400 2080 0.05
400 2361 0.01
400 597 0.05
400 1955 0.2
400 1094 0.05
400 2144 0.2
400 1249 0.05
400 1450 0.2
400 2475 0.01
400 2423 0.05
400 1710 0.05
400 613 0.01
353 46 0.2
353 30 0.2
353 1116 0.01
2476 2476 0.05
2477 2477 0.05
2477 1202 0.05
2477 1343 0.05
2477 118 0.01
2477 323 0.01
2477 724 0.05
2477 2478 0.2
2477 282 0.2
2477 406 0.01
2477 148 0.05
2479 2479 0.01
2480 2480 0.2
417 1341 0.01
417 417 0.2
417 397 0.01
417 2354 0.05
417 2356 0.01
417 1818 0.2
417 175 0.05
417 844 0.05
417 919 0.05
417 181 0.2
417 328 0.2
417 1047 0.2
417 399 0.2
417 469 0.01
417 1418 0.2
417 1248 0.2
417 807 0.05
2481 673 0.01
2481 1490 0.05
2481 1493 0.01
2481 1846 0.2
1397 1397 0.2
1397 2149 0.05
1397 780 0.01
1397 1416 0.2
1397 1417 0.2
1397 1418 0.2
1397 791 0.01
1397 186 0.2
1397 2482 0.2
1397 2483 0.01
1397 728 0.01
1397 1392 0.01
1397 1420 0.2
1397 2484 0.05
1397 492 0.01
1397 2485 0.2
1397 2486 0.01
1397 2480 0.05
1397 2487 0.05
1397 774 0.01
2488 121 0.05
2488 584 0.01
2488 214 0.2
2488 2488 0.05
497 710 0.05
497 610 0.01
497 444 0.01
497 258 0.2
497 2489 0.01
497 1388 0.2
497 781 0.2
2490 2490 0.2
2490 234 0.01
2491 2491 0.01
2492 2492 0.05
2492 399 0.01
2012 2012 0.05
2012 286 0.2
256 30 0.2
256 214 0.01
2493 30 0.2
2494 2494 0.01
2495 242 0.01
2495 2495 0.05
2495 2214 0.2
2496 2496 0.05
2496 2497 0.2
2496 2498 0.05
2496 1662 0.2
2482 2482 0.2
2482 1517 0.01
2482 1391 0.2
2499 2499 0.05
2499 584 0.05
2500 2500 0.2
2384 2383 0.2
2384 2384 0.01
2384 126 0.05
2501 784 0.01
2501 584 0.05
2501 110 0.2
2502 2502 0.05
2502 2503 0.05
2504 2504 0.2
893 1244 0.05
893 251 0.2
893 523 0.05
893 469 0.2
893 2274 0.05
893 1024 0.05
893 576 0.01
893 1546 0.01
893 2208 0.01
893 498 0.05
893 2505 0.05
893 438 0.05
893 1898 0.05
893 44 0.01
893 525 0.2
893 1201 0.05
893 1393 0.01
893 716 0.01
893 610 0.05
893 2135 0.05
893 2506 0.2
893 2507 0.01
893 2270 0.05
893 2508 0.2
893 1685 0.05
893 633 0.2
893 6 0.01
893 786 0.05
893 794 0.05
893 2141 0.2
893 173 0.05
893 66 0.2
893 2509 0.01
893 2510 0.01
893 403 0.05
893 165 0.05
893 1004 0.2
2511 2511 0.01
283 283 0.05
283 795 0.01
2512 2512 0.2
2512 46 0.05
2513 2513 0.05
2514 2514 0.2
1032 1032 0.05
1032 2 0.05
2515 387 0.05
2515 9 0.05
2515 385 0.05
2515 2516 0.05
2515 1229 0.05
2515 2515 0.01
2515 2517 0.05
2515 2518 0.05
2515 2519 0.2
2515 2520 0.01
2515 791 0.05
2087 310 0.2
2087 265 0.01
2087 584 0.05
2087 2086 0.05
2087 233 0.05
2087 1126 0.01
2087 16 0.2
2412 22 0.01
2412 2521 0.2
2412 1343 0.01
2412 714 0.2
2412 2412 0.01
2412 1231 0.2
2412 306 0.2
2412 112 0.05
2412 426 0.01
2412 261 0.2
2412 525 0.2
2412 385 0.01
2412 2004 0.2
2412 1047 0.01
2412 357 0.05
2412 791 0.01
2412 593 0.2
2412 1034 0.05
2412 923 0.05
2412 242 0.2
2412 1160 0.01
2412 241 0.2
2412 297 0.01
2412 157 0.2
2412 2324 0.01
2412 378 0.05
2412 705 0.2
2412 2522 0.01
2412 2523 0.01
2412 1069 0.2
2412 1685 0.05
2412 2524 0.2
2412 1938 0.01
2412 2405 0.05
2412 1171 0.01
2525 2525 0.05
2525 30 0.05
2525 286 0.05
2525 126 0.01
2526 2526 0.2
312 2527 0.2
312 191 0.01
312 623 0.01
312 379 0.01
312 1227 0.01
312 869 0.2
312 1226 0.01
312 309 0.2
312 218 0.05
312 2528 0.05
312 1228 0.01
312 1230 0.01
312 359 0.05
312 998 0.05
312 651 0.01
312 694 0.01
312 696 0.2
312 697 0.2
2529 2529 0.01
2529 555 0.01
2529 1157 0.05
2529 2530 0.2
2529 286 0.01
2529 172 0.05
2529 1158 0.2
2529 356 0.05
2529 92 0.01
2529 1703 0.2
2529 251 0.05
2531 2531 0.01
2237 2237 0.01
2532 2532 0.01
2533 2533 0.2
2534 556 0.2
2534 18 0.2
2534 890 0.2
2534 1892 0.05
2534 1216 0.01
2534 1079 0.01
2534 1627 0.2
2534 461 0.2
2534 2535 0.2
2534 346 0.01
2534 1652 0.01
2534 2536 0.2
2534 2537 0.2
2534 326 0.05
2534 2538 0.01
2534 167 0.2
2534 1515 0.05
2534 318 0.05
2534 63 0.05
2534 655 0.2
2534 434 0.2
2534 656 0.01
2534 657 0.05
2534 165 0.05
2534 2539 0.05
2534 1068 0.01
2534 888 0.01
2534 1491 0.05
2534 856 0.2
2534 81 0.2
2534 82 0.05
2540 2540 0.05
2541 1770 0.05
2497 2497 0.05
2542 716 0.01
2542 2251 0.01
1088 1088 0.05
1088 1339 0.2
1088 1728 0.05
2543 2543 0.05
2543 2544 0.05
2543 1683 0.2
2543 2270 0.2
506 46 0.2
506 1116 0.01
506 30 0.05
506 431 0.01
506 506 0.05
506 743 0.2
506 1160 0.05
506 445 0.05
506 441 0.2
506 5 0.2
506 44 0.01
506 432 0.05
506 440 0.01
2545 2545 0.2
2546 2546 0.01
2547 2548 0.05
2547 2549 0.01
772 772 0.05
772 328 0.05
772 30 0.05
772 719 0.2
772 46 0.01
772 2550 0.2
772 193 0.05
772 274 0.05
772 627 0.01
772 2246 0.2
772 655 0.01
772 624 0.01
772 918 0.2
772 1768 0.01
772 650 0.01
772 785 0.05
772 1954 0.2
772 597 0.01
772 768 0.01
2551 1517 0.01
2551 9 0.05
2551 1750 0.2
2551 2551 0.05
2552 2552 0.2
2553 2553 0.2
2554 2555 0.2
2554 1002 0.01
2554 174 0.01
2554 2556 0.05
2557 2558 0.05
2559 2559 0.05
2559 2560 0.05
1167 2561 0.2
1167 431 0.05
1167 46 0.01
1167 2562 0.01
1167 2563 0.05
1167 1002 0.2
1167 30 0.2
1167 1117 0.2
1167 934 0.05
1167 327 0.01
1167 2564 0.05
1167 810 0.2
1167 1020 0.01
1167 172 0.2
1167 677 0.05
1167 1491 0.2
1167 587 0.05
1167 2565 0.05
1167 937 0.2
1167 1495 0.01
1167 714 0.05
1167 1023 0.05
1167 290 0.2
1167 353 0.05
1167 90 0.2
1167 14 0.2
1167 298 0.2
1167 641 0.2
1167 2566 0.01
1167 807 0.01
1167 514 0.05
1167 71 0.2
1167 1957 0.01
1167 858 0.05
2567 2567 0.01
658 587 0.01
658 1488 0.01
658 2568 0.2
658 1730 0.2
658 2527 0.01
658 2569 0.01
658 2570 0.01
658 2571 0.05
658 1624 0.01
658 1188 0.01
658 1464 0.05
658 247 0.05
658 243 0.01
658 1136 0.2
658 246 0.2
658 240 0.05
658 1487 0.01
658 1483 0.2
658 258 0.2
658 613 0.05
658 977 0.05
658 2572 0.01
658 1541 0.05
658 1465 0.01
658 2573 0.05
658 883 0.05
658 1106 0.2
658 1779 0.2
658 2574 0.05
658 2198 0.2
658 2197 0.05
658 1031 0.2
658 2575 0.05
658 1176 0.2
658 1 0.2
658 37 0.01
658 1874 0.01
658 2410 0.05
658 449 0.2
658 2576 0.2
658 710 0.01
2577 1930 0.2
2106 1653 0.2
2106 182 0.05
2106 865 0.2
2106 2108 0.2
2106 2107 0.05
2106 324 0.05
2106 1586 0.05
2106 2578 0.01
2106 2105 0.05
2106 2110 0.2
2106 428 0.2
2106 2579 0.01
2106 2243 0.01
2106 1965 0.2
2106 124 0.2
2106 1743 0.05
2106 2580 0.01
2106 2581 0.05
2582 2582 0.05
2583 1117 0.01
2583 202 0.01
2583 2584 0.05
2583 2585 0.01
2583 1397 0.01
2583 186 0.05
2586 2586 0.2
2586 2587 0.01
2588 2588 0.01
2588 385 0.2
2589 2589 0.01
2589 756 0.2
2590 857 0.05
2590 467 0.05
2590 242 0.01
2590 532 0.01
2590 374 0.2
2590 1599 0.05
2590 812 0.2
2590 353 0.01
2590 2591 0.01
2013 1750 0.05
2013 2592 0.2
2013 1407 0.2
2013 2593 0.01
2013 2594 0.05
2013 2595 0.2
2596 323 0.01
2596 2597 0.01
2598 2598 0.05
1062 1062 0.05
1062 1454 0.05
1062 2184 0.2
1062 304 0.2
1062 2599 0.05
1062 741 0.05
1062 764 0.2
1062 2600 0.05
1062 1023 0.05
1062 1020 0.2
1062 2226 0.2
1874 869 0.2
908 316 0.2
908 436 0.01
908 1996 0.01
908 438 0.2
908 467 0.01
908 908 0.01
908 1894 0.2
908 2210 0.01
908 351 0.05
2601 2601 0.01
2601 1757 0.05
2601 2602 0.2
2601 1750 0.01
2601 1536 0.01
2601 2603 0.2
2601 2604 0.2
2601 2016 0.2
2601 2605 0.05
2601 440 0.05
2601 457 0.2
2601 512 0.2
2601 2606 0.2
2601 2607 0.05
2608 887 0.2
2608 35 0.2
2608 2609 0.2
96 1913 0.05
96 2610 0.01
96 356 0.01
96 581 0.01
96 1162 0.01
96 659 0.01
96 297 0.01
96 703 0.2
96 2002 0.01
96 1704 0.01
96 759 0.01
96 2611 0.05
96 362 0.01
96 784 0.05
96 197 0.01
96 1801 0.01
96 780 0.01
96 579 0.2
96 985 0.05
96 334 0.05
96 739 0.2
96 1091 0.05
96 202 0.05
96 577 0.05
96 880 0.2
96 791 0.01
96 797 0.01
96 1290 0.2
96 2612 0.05
96 1111 0.05
96 2613 0.05
96 44 0.2
96 2614 0.05
96 1270 0.05
96 2615 0.05
96 2272 0.2
96 328 0.05
96 30 0.2
96 719 0.01
96 46 0.2
96 917 0.01
96 1153 0.01
96 2616 0.2
2617 2617 0.05
2617 2618 0.2
2617 2317 0.01
2617 643 0.05
2619 2619 0.2
2619 126 0.05
2620 2620 0.05
2621 2621 0.2
2621 1182 0.05
2621 1171 0.2
2621 424 0.01
2621 46 0.2
2621 632 0.05
2621 2622 0.2
2623 2623 0.05
1385 1385 0.01
1385 2624 0.01
1385 296 0.05
1385 375 0.05
1385 1562 0.2
1385 612 0.05
1385 283 0.2
1385 2343 0.05
1385 1579 0.01
1385 714 0.2
1385 2269 0.2
1385 2625 0.01
1385 1781 0.05
1385 1553 0.05
2626 326 0.01
2626 65 0.2
210 210 0.01
210 206 0.01
2627 2627 0.05
2628 2628 0.05
1697 1697 0.2
1697 2629 0.01
1697 106 0.01
1697 97 0.2
1697 736 0.05
1697 837 0.05
1697 2164 0.01
2630 2630 0.05
2631 298 0.05
2632 2632 0.2
871 868 0.01
2085 1254 0.2
2085 610 0.05
2085 625 0.01
2085 400 0.2
2085 1373 0.05
2085 1248 0.2
2633 2633 0.05
2634 915 0.05
2634 192 0.01
2634 399 0.2
1769 50 0.2
1769 57 0.05
1769 58 0.05
1769 337 0.2
1769 51 0.01
1769 1769 0.2
1769 59 0.01
1769 227 0.2
2635 2636 0.05
2635 2637 0.2
2635 1892 0.2
2635 907 0.05
2635 1288 0.05
2635 2638 0.01
2635 2639 0.05
2635 440 0.2
410 126 0.2
2640 2640 0.2
2485 2485 0.01
2641 2641 0.01
2642 2642 0.05
2643 2643 0.01
2644 2644 0.2
2645 2645 0.2
2645 45 0.01
913 933 0.2
913 171 0.2
913 172 0.01
913 328 0.01
913 2172 0.01
913 2271 0.05
913 1314 0.01
913 2646 0.01
913 915 0.05
913 2647 0.2
913 791 0.2
913 810 0.01
913 827 0.05
913 350 0.01
913 762 0.2
913 913 0.05
913 1441 0.01
913 1324 0.2
2648 242 0.2
2648 2648 0.2
2649 2649 0.01
2650 2650 0.05
2651 2651 0.2
1246 737 0.05
1246 2652 0.2
1246 352 0.01
1246 1547 0.2
1246 1930 0.2
1246 2653 0.05
1246 1750 0.2
1246 2654 0.01
1246 2655 0.2
1246 2656 0.05
1246 2008 0.05
1246 2657 0.2
1246 265 0.2
1246 2246 0.01
1246 2509 0.01
1246 2658 0.01
1246 2659 0.2
1246 461 0.01
1701 1675 0.2
1701 46 0.05
1701 426 0.01
1701 1124 0.01
1701 425 0.05
1701 770 0.01
1701 22 0.05
1701 424 0.2
1701 112 0.01
1701 118 0.2
1701 2660 0.2
1701 250 0.05
1701 44 0.01
1701 1705 0.2
1701 1707 0.2
1701 1708 0.01
2661 2661 0.05
2662 475 0.05
2662 1012 0.2
2663 2664 0.05
2663 2663 0.01
2663 2665 0.05
714 286 0.05
714 2666 0.2
714 2291 0.2
714 327 0.01
714 1123 0.2
714 1546 0.05
714 46 0.01
714 1022 0.01
714 405 0.01
714 126 0.01
714 1430 0.2
714 2667 0.01
714 373 0.01
714 1663 0.05
714 872 0.2
531 531 0.2
531 1244 0.01
531 286 0.01
531 972 0.01
531 956 0.01
531 1549 0.2
531 211 0.05
531 89 0.05
531 323 0.01
531 525 0.2
531 711 0.01
531 1393 0.05
531 719 0.2
531 165 0.2
531 93 0.01
531 438 0.2
531 349 0.2
531 530 0.01
2668 2668 0.05
2669 2669 0.01
2670 2670 0.05
2670 329 0.2
1369 708 0.05
1369 960 0.01
1369 1826 0.05
1369 125 0.01
1369 1378 0.2
1369 1223 0.05
1369 922 0.05
1369 804 0.01
1369 2671 0.01
1369 261 0.05
1369 625 0.01
1369 2274 0.01
1369 2672 0.05
1369 2085 0.05
1369 2673 0.2
1369 2674 0.05
1369 2675 0.05
1369 129 0.01
1369 45 0.05
1369 62 0.05
1369 658 0.2
2676 1557 0.05
2676 2676 0.05
2677 2677 0.2
2677 116 0.2
1982 1982 0.05
1982 2678 0.2
1982 2679 0.2
1982 614 0.01
859 86 0.01
859 801 0.2
859 97 0.05
859 1693 0.01
859 142 0.2
859 648 0.2
859 736 0.01
859 329 0.2
859 1496 0.05
859 91 0.05
859 856 0.2
859 837 0.2
859 1894 0.05
859 318 0.01
859 747 0.05
859 738 0.2
859 90 0.2
859 1089 0.2
859 405 0.2
859 2680 0.05
859 2681 0.01
2682 2682 0.2
2682 2683 0.01
2684 2684 0.05
715 715 0.01
715 207 0.05
715 2685 0.05
715 2686 0.01
715 2687 0.01
715 786 0.2
715 549 0.2
715 44 0.2
715 441 0.01
715 717 0.05
715 214 0.01
715 1943 0.05
715 2302 0.2
715 2688 0.05
715 2689 0.05
715 2690 0.2
715 2691 0.05
715 2692 0.2
2693 2693 0.2
2694 597 0.01
2694 378 0.05
2694 2307 0.2
2694 1153 0.01
2694 1873 0.2
2694 2575 0.05
2694 2694 0.01
2694 1875 0.01
2694 2695 0.05
2696 2696 0.05
2696 886 0.05
2696 2002 0.05
2696 2697 0.2
2696 2698 0.01
2696 95 0.01
2696 303 0.05
2696 305 0.05
2696 301 0.01
2696 304 0.05
2696 2699 0.2
2696 2700 0.01
1271 1166 0.01
2701 2701 0.05
2701 945 0.2
1910 429 0.05
1910 46 0.2
1910 5 0.2
1910 1407 0.2
1910 445 0.05
1910 1910 0.2
1910 1893 0.05
1910 44 0.05
1910 1499 0.01
1910 639 0.05
1910 1906 0.2
1910 1237 0.05
1910 316 0.2
1910 2702 0.05
1910 353 0.05
1910 440 0.2
1910 632 0.05
1910 1856 0.05
1910 215 0.01
1910 110 0.01
1910 1770 0.2
1910 441 0.01
1910 318 0.05
1910 2231 0.05
1910 2703 0.05
1910 2704 0.2
1910 1160 0.05
1910 549 0.2
1910 173 0.01
1910 1447 0.01
1910 1959 0.2
1910 2705 0.01
1910 1154 0.05
1910 437 0.2
1910 2232 0.2
1910 2240 0.2
1910 506 0.01
1910 717 0.2
1910 80 0.01
1910 43 0.01
1910 2655 0.2
1910 2706 0.05
1910 2707 0.01
1910 1116 0.01
1910 1795 0.05
1910 2235 0.01
1910 2708 0.05
2051 2051 0.05
2709 2709 0.05
2710 1378 0.01
2711 2711 0.05
2712 2712 0.01
318 1894 0.2
318 1996 0.01
318 439 0.01
318 738 0.01
318 317 0.05
318 2002 0.05
318 1583 0.01
318 859 0.01
318 428 0.01
318 2226 0.01
318 789 0.05
318 588 0.01
318 2713 0.2
318 65 0.01
318 2714 0.01
318 2715 0.2
337 57 0.2
337 51 0.05
337 50 0.01
337 2716 0.05
337 58 0.01
337 48 0.05
337 330 0.01
337 333 0.05
337 861 0.2
337 637 0.2
337 1769 0.05
2717 2717 0.2
2718 2718 0.01
2718 295 0.05
2719 2719 0.2
2719 610 0.05
2719 737 0.05
2719 2659 0.2
2719 2720 0.01
2110 2110 0.01
2721 424 0.05
2721 425 0.01
2721 1520 0.05
2721 2722 0.01
2721 19 0.05
2019 797 0.05
2019 1918 0.05
2019 126 0.2
2019 829 0.2
2723 2723 0.05
2723 268 0.2
2723 1839 0.05
2723 2662 0.2
2723 147 0.01
422 774 0.05
422 793 0.05
422 780 0.2
422 1586 0.2
422 422 0.2
2724 2724 0.01
2724 328 0.01
2724 890 0.2
2724 779 0.01
2724 34 0.01
2724 625 0.05
2724 349 0.05
2724 888 0.05
2724 265 0.2
2724 830 0.01
2724 469 0.2
2724 711 0.2
2724 172 0.05
2724 646 0.01
1287 1286 0.2
1287 1026 0.01
1287 46 0.01
1287 1285 0.05
1287 318 0.01
1287 351 0.01
360 360 0.01
1754 328 0.05
1754 304 0.05
1754 172 0.01
1754 121 0.05
1754 1020 0.05
1754 328 0.2
1754 934 0.01
1754 46 0.05
1754 719 0.01
1754 1752 0.05
1754 171 0.05
1754 324 0.05
1754 30 0.2
1860 30 0.05
1860 1020 0.01
1860 1860 0.05
1860 1076 0.05
1860 121 0.01
1860 46 0.01
1860 1077 0.05
1860 1859 0.2
1860 658 0.2
1860 1087 0.01
1860 1021 0.05
1860 1085 0.01
1860 1073 0.05
1860 437 0.2
1860 344 0.2
1860 2725 0.01
1860 2726 0.2
1860 2727 0.05
1860 2728 0.01
1860 572 0.01
1860 2729 0.05
1860 570 0.01
1860 504 0.2
1860 324 0.2
1860 492 0.05
1860 438 0.2
2730 1149 0.05
2730 173 0.01
2731 2732 0.05
2731 2733 0.2
2731 1049 0.2
2734 759 0.05
2735 2735 0.05
2736 2736 0.01
2737 2737 0.05
2738 2739 0.05
2738 2738 0.05
716 2740 0.2
716 553 0.2
716 1538 0.01
716 1540 0.2
716 349 0.05
716 2741 0.2
716 378 0.05
716 142 0.05
716 2227 0.2
716 1072 0.05
716 2742 0.2
716 2743 0.05
716 92 0.01
716 528 0.01
716 855 0.05
716 837 0.2
716 522 0.05
716 789 0.2
716 2744 0.01
716 739 0.01
716 420 0.01
716 681 0.05
716 1000 0.2
716 588 0.2
716 740 0.05
716 157 0.01
716 781 0.2
716 715 0.2
716 786 0.2
716 2745 0.05
716 2686 0.05
716 620 0.01
716 718 0.05
716 329 0.05
716 859 0.01
716 536 0.01
716 2746 0.05
716 2251 0.05
716 1051 0.05
716 492 0.01
716 1519 0.2
716 1286 0.2
716 736 0.05
716 84 0.05
716 584 0.05
716 140 0.05
716 2747 0.2
716 2629 0.05
716 2141 0.01
716 242 0.2
716 194 0.05
716 1306 0.01
716 1659 0.05
716 2748 0.05
716 1108 0.05
716 2749 0.01
716 2750 0.05
716 2751 0.05
716 758 0.05
716 318 0.2
716 116 0.01
716 2752 0.2
716 944 0.01
716 2753 0.05
716 2754 0.2
716 2755 0.01
1604 110 0.2
1604 652 0.2
1604 2453 0.05
1604 105 0.01
1604 1222 0.01
1604 106 0.01
1604 1605 0.2
1604 1604 0.01
1604 2756 0.01
1604 46 0.2
1604 2757 0.01
1604 175 0.2
1604 739 0.05
1604 647 0.05
1604 1798 0.05
1503 1503 0.05
1503 1502 0.05
1503 1490 0.2
1503 673 0.2
1503 126 0.01
1503 30 0.2
2758 918 0.2
2758 2463 0.2
1490 2759 0.05
1490 623 0.01
1490 172 0.01
1490 302 0.05
1490 739 0.05
1490 735 0.01
1490 1492 0.01
1490 1476 0.2
1490 438 0.2
1490 349 0.2
1490 30 0.01
1490 1117 0.05
1490 1752 0.2
1490 324 0.2
1490 791 0.01
1490 1079 0.05
1490 1847 0.2
1490 1753 0.2
1490 1125 0.05
1490 1436 0.05
1490 719 0.05
1490 1020 0.01
1490 1754 0.01
1490 1490 0.2
1490 46 0.05
1490 937 0.2
1490 797 0.2
1490 1491 0.2
1490 405 0.01
1490 780 0.05
1490 1616 0.01
1490 1493 0.01
1490 501 0.2
1490 1735 0.05
1490 2760 0.05
1490 1085 0.2
1490 468 0.2
1490 441 0.2
1490 577 0.01
1490 126 0.2
1490 1992 0.01
1490 481 0.05
1490 1108 0.2
1490 1123 0.05
1490 1848 0.01
1490 673 0.05
1490 1502 0.05
1490 645 0.2
1490 807 0.2
1490 1495 0.01
1490 1353 0.05
1490 2761 0.2
1490 2435 0.2
1490 2401 0.01
1490 672 0.2
1490 2762 0.05
1490 712 0.01
1490 830 0.2
1490 346 0.05
1490 1049 0.05
1490 2258 0.01
2763 2763 0.05
2764 2259 0.01
2764 2764 0.01
2764 429 0.05
2765 2765 0.2
2766 2766 0.01
2767 2767 0.05
2767 1343 0.05
2767 329 0.05
2768 528 0.2
1158 555 0.2
1158 2320 0.05
1158 1157 0.01
1158 2319 0.01
1158 1158 0.01
1158 764 0.01
1158 2769 0.2
1158 2770 0.05
1158 2771 0.01
1158 292 0.01
2772 2772 0.2
2772 650 0.05
2773 2773 0.2
2774 2774 0.2
2774 904 0.2
2774 2775 0.05
2774 1964 0.2
2774 2776 0.05
2774 791 0.2
2774 2259 0.2
2774 1618 0.05
2774 2634 0.2
2774 915 0.05
2774 2777 0.05
2774 2778 0.2
2774 2716 0.01
2774 2779 0.05
2774 1395 0.05
2774 188 0.05
2774 2780 0.05
2774 1899 0.05
2774 552 0.01
2774 442 0.05
2774 399 0.2
2774 43 0.05
2774 46 0.01
2774 719 0.2
2774 1832 0.2
2774 773 0.01
2774 969 0.2
2774 2090 0.05
2774 431 0.05
2774 2092 0.05
2774 708 0.01
2774 1816 0.2
2774 994 0.2
2774 2781 0.01
2774 429 0.2
2774 1011 0.05
2774 669 0.2
2774 2782 0.05
2774 1510 0.01
2774 137 0.01
2774 1089 0.2
2774 2783 0.2
2774 2317 0.05
2774 2784 0.05
2774 960 0.05
2774 1126 0.05
2774 624 0.05
2774 943 0.2
2774 807 0.05
2774 165 0.01
2774 1093 0.01
2774 701 0.2
2774 2274 0.2
2774 794 0.01
2774 70 0.2
2774 1526 0.05
2774 2785 0.2
2774 646 0.05
2774 1223 0.05
2774 1043 0.01
2774 1781 0.05
2774 630 0.2
2774 2786 0.2
2774 20 0.05
2774 2787 0.01
2774 2448 0.05
2774 2788 0.2
2774 751 0.01
2774 2789 0.05
2774 597 0.2
2774 1974 0.01
2774 714 0.01
2774 2790 0.05
2774 214 0.01
2774 1282 0.01
2774 346 0.01
2774 1238 0.2
2774 2791 0.05
2774 1142 0.01
2774 860 0.01
2774 175 0.2
2774 610 0.05
2774 2792 0.2
2774 1068 0.05
2774 335 0.05
2774 349 0.01
2774 1586 0.05
2774 441 0.2
2774 830 0.05
2774 1711 0.05
2774 2219 0.05
2774 207 0.2
2774 62 0.01
2774 2793 0.2
2774 2794 0.2
2774 157 0.2
2774 469 0.2
2774 1418 0.05
2774 2795 0.2
2774 1339 0.2
2774 400 0.2
2774 460 0.05
2774 583 0.01
2774 1049 0.05
2774 2372 0.05
2774 215 0.05
2774 328 0.05
2774 297 0.05
2774 1163 0.01
2774 699 0.01
2774 545 0.05
2774 2125 0.05
2774 23 0.01
2774 777 0.2
2774 1548 0.05
2796 2796 0.05
2796 1963 0.2
2796 625 0.01
2796 328 0.2
2796 30 0.01
2796 719 0.05
2796 46 0.2
2797 2517 0.2
2797 2798 0.05
2797 2323 0.05
2797 2799 0.05
2797 582 0.01
2797 474 0.2
2800 2800 0.01
2801 2801 0.2
2801 2802 0.01
2803 2803 0.01
2803 2274 0.2
2803 2804 0.2
2803 943 0.2
2803 1851 0.01
2803 737 0.2
2803 1153 0.2
2803 2805 0.2
2803 2806 0.05
2803 1988 0.01
2803 1874 0.05
2803 1388 0.2
2803 610 0.01
2803 46 0.01
2803 2807 0.2
2803 1237 0.2
2803 45 0.05
2808 2516 0.2
2809 2809 0.01
2810 2810 0.05
2700 2700 0.01
2700 2002 0.2
2700 306 0.2
2811 2811 0.2
2099 2099 0.05
2099 497 0.2
2099 334 0.2
2099 613 0.01
2099 1046 0.01
2099 2097 0.05
2099 2098 0.05
2812 2812 0.2
288 289 0.01
288 860 0.01
288 288 0.05
288 1068 0.2
288 647 0.01
288 277 0.05
2813 2813 0.01
2813 2622 0.05
2814 2814 0.01
2815 2815 0.01
2816 2816 0.01
2817 2817 0.2
2818 2818 0.05
2686 2745 0.05
2686 715 0.01
2686 2687 0.2
2686 2819 0.2
2686 1960 0.05
2686 736 0.01
2686 739 0.01
2686 46 0.05
2686 207 0.2
2686 2820 0.2
869 869 0.01
869 65 0.2
869 870 0.05
869 1227 0.01
869 2158 0.01
869 2821 0.05
869 1874 0.2
869 1226 0.01
869 359 0.01
869 2822 0.2
869 312 0.01
869 868 0.2
869 379 0.2
869 640 0.05
869 1171 0.2
869 1177 0.05
869 1228 0.05
869 2823 0.01
869 282 0.05
869 2824 0.05
869 1181 0.2
2825 2825 0.2
2826 2826 0.01
499 345 0.2
499 30 0.2
499 438 0.2
499 46 0.2
499 1075 0.2
499 1960 0.01
499 2827 0.05
499 584 0.05
499 327 0.2
499 175 0.01
499 2356 0.05
499 1500 0.05
499 499 0.2
499 2828 0.01
499 517 0.05
499 2535 0.05
499 2516 0.2
499 2829 0.2
2830 678 0.2
2830 2830 0.2
2831 2831 0.05
2831 770 0.05
2831 194 0.01
2831 2832 0.01
2833 2833 0.01
2713 2713 0.05
2713 1086 0.2
2713 751 0.01
2713 2834 0.2
2713 22 0.01
2713 30 0.05
2713 46 0.05
2713 352 0.2
2713 326 0.05
2713 738 0.01
2713 2284 0.01
2713 1343 0.05
2713 1894 0.01
2713 318 0.05
2713 1447 0.01
2713 2652 0.05
2713 202 0.2
2713 319 0.2
2713 438 0.01
2713 394 0.05
2713 705 0.2
2713 93 0.05
2713 2835 0.01
2713 2836 0.05
452 449 0.05
452 450 0.05
452 451 0.2
452 448 0.05
582 1047 0.05
582 427 0.05
582 286 0.2
582 2071 0.05
582 582 0.2
582 2363 0.05
582 324 0.2
582 148 0.01
582 1033 0.01
582 255 0.01
582 205 0.2
582 2837 0.05
582 2838 0.01
582 1195 0.01
582 2839 0.05
582 739 0.2
582 327 0.05
582 198 0.2
582 197 0.05
582 577 0.05
582 1613 0.2
582 362 0.01
582 2323 0.2
582 474 0.2
582 121 0.05
582 163 0.05
582 2615 0.2
582 581 0.05
582 1150 0.2
582 1243 0.05
582 844 0.01
582 304 0.2
582 301 0.2
582 467 0.01
582 326 0.01
582 743 0.2
582 677 0.05
582 2506 0.05
582 65 0.05
582 784 0.2
582 250 0.01
582 561 0.01
582 2840 0.01
582 736 0.2
582 512 0.05
582 596 0.01
582 83 0.2
582 831 0.01
582 1658 0.05
582 1307 0.05
582 2841 0.2
582 800 0.2
582 2461 0.2
582 556 0.2
582 259 0.05
582 764 0.05
582 437 0.2
582 50 0.01
582 52 0.05
582 51 0.2
582 853 0.01
582 1767 0.2
582 58 0.2
582 2216 0.05
582 2003 0.2
582 2842 0.05
582 683 0.05
582 1585 0.05
582 215 0.2
582 1117 0.01
582 258 0.2
582 499 0.05
582 2020 0.01
582 489 0.05
582 503 0.05
582 703 0.01
582 1139 0.2
582 923 0.01
582 44 0.05
582 1171 0.01
582 2515 0.05
582 113 0.01
582 297 0.01
582 738 0.01
582 1415 0.05
582 801 0.2
582 2843 0.2
582 1486 0.01
582 961 0.2
582 846 0.01
582 2844 0.05
582 2405 0.05
582 141 0.05
582 2797 0.2
582 631 0.2
582 719 0.01
582 475 0.2
582 2845 0.2
582 1677 0.01
582 1736 0.2
582 2141 0.01
582 517 0.05
582 92 0.2
582 2846 0.01
582 2001 0.05
582 741 0.2
582 2214 0.01
582 1165 0.05
582 1270 0.2
582 2725 0.01
582 1192 0.05
582 2432 0.2
582 646 0.2
582 973 0.2
582 1304 0.2
582 261 0.01
582 157 0.01
582 893 0.05
582 787 0.2
582 15 0.2
582 2568 0.01
582 1169 0.01
582 374 0.05
582 2777 0.2
582 785 0.01
582 776 0.2
582 2847 0.2
2580 1965 0.01
2580 181 0.01
2580 1653 0.2
2580 1056 0.2
2580 2108 0.05
2580 182 0.01
2580 2110 0.01
2580 2848 0.2
2580 2107 0.05
2580 2109 0.2
2580 2113 0.05
2580 2849 0.01
2580 2111 0.2
2580 2850 0.01
2580 2106 0.2
2748 2748 0.01
2748 740 0.01
2748 739 0.2
2748 84 0.05
2748 142 0.01
2748 789 0.01
2748 86 0.01
2748 855 0.01
2748 2751 0.2
2748 2629 0.2
2748 1433 0.05
2748 837 0.05
2748 587 0.01
69 69 0.2
69 67 0.01
69 48 0.05
69 68 0.2
69 70 0.01
69 71 0.01
69 53 0.05
69 66 0.01
69 74 0.05
2851 1692 0.01
2851 2852 0.05
2851 142 0.01
2851 739 0.01
2851 736 0.2
2851 438 0.2
2851 1308 0.01
2851 86 0.2
2851 329 0.05
2851 126 0.05
2851 248 0.2
2851 597 0.01
2851 324 0.2
2851 30 0.05
2851 353 0.01
2851 175 0.2
2851 784 0.05
2851 405 0.2
2851 327 0.01
2851 646 0.2
2851 792 0.2
2851 46 0.2
2851 13 0.05
2851 431 0.01
2851 2851 0.05
2851 2853 0.05
2851 2854 0.2
2851 1898 0.05
2851 2681 0.05
2851 1021 0.2
2851 2855 0.01
2851 719 0.05
2851 445 0.2
2851 858 0.05
2851 101 0.2
2851 286 0.05
2851 1075 0.2
2851 162 0.05
2851 1668 0.05
2851 129 0.2
2851 165 0.01
1770 1471 0.05
1770 441 0.05
1770 717 0.2
1770 1557 0.2
1770 1893 0.2
1770 2856 0.05
1770 2541 0.2
2857 2857 0.05
2858 2858 0.01
2858 441 0.01
2858 1165 0.05
1172 385 0.01
1172 1449 0.05
1172 1176 0.2
1172 1453 0.05
1172 2727 0.05
1172 2859 0.01
1172 658 0.01
1172 214 0.01
1172 1464 0.05
1172 2377 0.2
1172 141 0.05
1172 586 0.01
1172 597 0.05
1172 9 0.05
1172 246 0.2
1172 738 0.2
1172 644 0.2
1172 852 0.01
1172 1343 0.01
1172 1126 0.01
1172 434 0.01
1172 1171 0.01
1172 1024 0.05
1172 883 0.2
1172 710 0.05
1172 16 0.05
1172 858 0.2
1172 562 0.05
1172 1075 0.01
1172 1033 0.2
1172 197 0.05
1172 987 0.2
1172 2572 0.01
1172 282 0.2
1172 1483 0.2
1172 598 0.01
1172 469 0.05
1172 948 0.01
1172 1546 0.01
1172 349 0.05
1172 1216 0.01
1172 784 0.01
1172 2860 0.2
1172 291 0.2
1172 2861 0.01
1172 2521 0.05
1172 525 0.2
1172 107 0.05
1172 157 0.2
1172 1070 0.2
1172 795 0.05
1172 1543 0.2
1172 1211 0.05
1172 34 0.01
1172 335 0.05
1172 989 0.05
1172 1582 0.05
1172 1437 0.05
1172 1227 0.01
1172 1961 0.05
1172 1816 0.05
1172 2862 0.2
1172 848 0.05
1172 934 0.2
1172 2863 0.05
1172 2864 0.05
1172 1160 0.05
1172 643 0.05
1172 2151 0.2
1172 766 0.05
1172 1172 0.05
1172 2865 0.01
1172 898 0.05
1172 849 0.01
2866 2866 0.05
2866 2867 0.05
2866 2868 0.2
2866 2869 0.01
2866 766 0.05
2870 2870 0.05
2870 314 0.01
2249 2249 0.2
2249 326 0.01
2249 1075 0.01
2249 323 0.2
2249 324 0.2
2530 2320 0.05
2530 1158 0.05
2530 2770 0.05
2530 1157 0.01
2530 555 0.05
2530 2319 0.05
2871 2872 0.05
2871 2871 0.05
2873 2873 0.2
2874 883 0.2
2874 1211 0.2
2874 1176 0.01
2874 1449 0.01
2874 57 0.2
797 328 0.2
797 719 0.05
797 30 0.05
797 1020 0.01
797 1476 0.01
797 735 0.01
797 326 0.01
797 1400 0.05
797 324 0.2
797 1075 0.05
797 645 0.2
797 174 0.2
797 1633 0.05
797 466 0.01
797 577 0.2
797 468 0.05
797 797 0.2
797 1436 0.2
797 934 0.05
797 1401 0.01
797 352 0.05
797 1073 0.2
797 1074 0.2
797 2401 0.05
797 1313 0.01
797 1789 0.01
797 215 0.01
797 2616 0.2
797 1072 0.05
797 2875 0.05
797 1434 0.2
797 323 0.05
797 1117 0.05
797 1084 0.05
797 349 0.01
797 558 0.05
797 668 0.01
797 350 0.2
797 1076 0.01
797 2876 0.05
797 305 0.2
797 1356 0.05
797 2877 0.01
797 623 0.01
797 1079 0.2
797 1495 0.05
797 1437 0.2
797 1616 0.01
797 652 0.2
797 642 0.01
797 282 0.05
797 46 0.01
797 829 0.05
797 1918 0.2
797 118 0.2
797 467 0.2
797 351 0.05
797 1427 0.2
797 1433 0.2
797 1993 0.05
797 791 0.2
797 435 0.01
797 1123 0.01
797 1491 0.01
797 325 0.2
797 595 0.2
797 2878 0.2
797 172 0.05
797 344 0.05
797 1894 0.05
797 436 0.2
797 286 0.01
797 1166 0.01
797 511 0.05
797 348 0.05
797 827 0.01
797 1639 0.05
797 320 0.05
797 2879 0.05
797 1213 0.01
797 8 0.2
797 1247 0.2
797 1754 0.05
797 22 0.05
797 2880 0.2
797 937 0.2
797 2881 0.01
797 353 0.01
797 1490 0.01
797 405 0.2
797 2882 0.05
797 915 0.05
797 13 0.05
797 126 0.05
797 1167 0.01
797 1847 0.2
797 2883 0.01
797 1430 0.2
797 736 0.05
797 1752 0.01
797 638 0.2
797 646 0.05
797 65 0.01
797 2884 0.2
797 1948 0.05
797 674 0.2
797 2885 0.05
797 1900 0.05
797 2019 0.2
797 2221 0.05
797 2190 0.2
797 2667 0.01
797 1937 0.2
797 804 0.01
797 2304 0.2
797 2886 0.01
797 142 0.2
797 711 0.01
797 943 0.2
797 522 0.01
797 2887 0.2
797 1051 0.01
797 555 0.2
905 905 0.05
905 2888 0.2
905 2551 0.2
905 1750 0.01
905 902 0.01
905 904 0.2
905 898 0.05
905 903 0.05
905 899 0.05
905 897 0.05
905 701 0.2
2889 2889 0.01
774 14 0.2
774 2464 0.05
774 780 0.01
774 1491 0.01
774 1167 0.2
774 711 0.2
774 2561 0.05
774 2614 0.05
774 846 0.2
774 934 0.2
774 46 0.2
774 30 0.05
774 1847 0.01
774 328 0.05
774 719 0.2
774 1020 0.05
774 1754 0.01
774 172 0.2
774 1075 0.05
774 13 0.01
774 1495 0.01
774 791 0.01
774 939 0.05
774 2883 0.05
774 898 0.01
774 348 0.05
774 712 0.01
774 807 0.2
774 422 0.2
774 793 0.05
774 2890 0.2
774 2348 0.05
774 892 0.2
774 727 0.2
774 1930 0.01
774 653 0.2
774 902 0.05
774 2463 0.2
774 1742 0.2
774 2251 0.01
774 1869 0.01
774 492 0.01
774 721 0.01
774 1362 0.05
774 349 0.01
774 303 0.01
774 1117 0.01
774 468 0.2
774 1356 0.2
774 326 0.01
774 645 0.01
774 2450 0.2
774 943 0.05
774 1364 0.01
774 577 0.05
774 1309 0.05
774 2247 0.01
774 715 0.2
774 1851 0.01
2891 2891 0.01
2891 1221 0.05
2892 2892 0.01
2893 2893 0.05
2894 2894 0.05
2894 2895 0.01
2894 791 0.01
2894 258 0.05
2896 2896 0.01
95 306 0.01
95 1720 0.05
95 1133 0.01
95 719 0.05
95 301 0.01
95 303 0.05
95 352 0.2
95 305 0.2
95 326 0.01
95 2284 0.05
95 738 0.01
95 435 0.05
95 1894 0.05
95 2078 0.05
2897 2897 0.01
2897 747 0.01
2461 1479 0.05
1800 1800 0.2
1800 172 0.01
1800 934 0.01
1800 174 0.01
1800 349 0.2
1800 831 0.2
1800 438 0.2
1800 492 0.2
1800 579 0.01
1800 19 0.01
1800 214 0.01
2898 1237 0.01
2898 2232 0.05
2899 2366 0.2
2899 2267 0.2
2900 2900 0.05
2900 157 0.2
2346 2346 0.05
2346 2101 0.05
2346 172 0.01
2346 324 0.01
2346 344 0.01
2901 2901 0.2
673 1493 0.05
673 30 0.05
673 1108 0.05
673 673 0.2
673 1490 0.01
673 286 0.05
673 1502 0.01
673 719 0.01
673 937 0.05
673 1993 0.05
673 1491 0.05
673 1492 0.01
673 126 0.05
673 175 0.05
673 674 0.05
673 1342 0.01
673 116 0.05
673 918 0.2
673 735 0.05
673 2902 0.01
673 1568 0.2
673 2759 0.01
673 672 0.2
673 2903 0.2
673 1503 0.05
673 2208 0.05
673 2397 0.01
673 1653 0.05
673 675 0.2
673 671 0.2
673 1587 0.05
673 2113 0.01
673 2904 0.01
673 2905 0.01
673 718 0.01
673 2906 0.2
673 2907 0.01
673 1662 0.01
673 2908 0.2
673 2909 0.01
673 2252 0.01
673 2910 0.2
673 2911 0.05
673 713 0.01
673 428 0.01
673 2807 0.2
673 629 0.01
673 2246 0.2
673 1104 0.2
673 2762 0.05
673 2912 0.05
673 1049 0.2
673 2913 0.05
673 1754 0.01
2914 2914 0.05
2915 2915 0.01
2915 310 0.01
655 624 0.2
655 2550 0.01
655 274 0.2
655 1609 0.2
655 629 0.01
655 1768 0.05
655 194 0.01
655 193 0.01
655 627 0.01
2916 2916 0.05
2351 2917 0.01
1712 1710 0.05
1712 1709 0.05
1712 1629 0.2
2445 1991 0.05
2445 1278 0.05
2445 2446 0.2
2445 2918 0.05
2445 2444 0.01
2445 2447 0.01
2445 2448 0.05
2919 2919 0.01
2919 346 0.05
2919 492 0.01
2920 2920 0.2
2921 2922 0.01
2921 2921 0.05
2921 2923 0.01
2924 2925 0.2
2924 130 0.05
2902 718 0.2
2902 1568 0.2
2902 1846 0.2
2926 357 0.01
2926 424 0.01
2926 2927 0.01
2926 427 0.01
2410 2407 0.05
2410 2405 0.01
2410 2408 0.01
2410 2406 0.05
2410 2928 0.01
2410 121 0.01
2410 960 0.05
2410 866 0.05
2410 2411 0.05
2410 565 0.2
2410 2929 0.05
2410 2930 0.01
2410 658 0.2
773 773 0.2
773 2931 0.01
773 830 0.05
773 89 0.05
773 44 0.05
773 2932 0.05
773 349 0.01
773 469 0.05
773 613 0.2
773 525 0.2
773 93 0.05
773 770 0.2
773 1160 0.2
773 22 0.2
773 214 0.01
773 246 0.05
773 991 0.05
773 1216 0.2
773 107 0.2
773 923 0.01
773 2506 0.01
773 893 0.01
773 1233 0.2
773 583 0.01
773 263 0.01
773 997 0.01
773 804 0.2
773 538 0.01
773 112 0.2
773 438 0.01
773 920 0.2
773 2933 0.05
773 514 0.05
773 912 0.2
773 242 0.01
773 524 0.01
773 121 0.01
773 1324 0.05
773 171 0.01
773 2858 0.2
773 2934 0.2
2935 1605 0.05
2935 2935 0.05
2935 433 0.2
2935 710 0.05
2935 1494 0.2
2936 2936 0.2
1381 1416 0.2
1381 261 0.2
1381 1065 0.2
1381 2235 0.05
1381 1223 0.01
2937 2937 0.05
2938 2938 0.05
2938 642 0.05
2938 610 0.2
2938 624 0.01
2938 2789 0.2
2938 2787 0.2
2938 165 0.01
2938 328 0.2
2938 658 0.05
2938 349 0.2
2938 62 0.01
2938 1731 0.01
2938 2939 0.01
2938 2940 0.01
2938 128 0.01
2938 1987 0.2
649 286 0.01
172 1480 0.01
172 511 0.01
172 46 0.05
172 350 0.05
172 30 0.01
172 1117 0.2
172 934 0.05
172 719 0.05
172 1020 0.05
172 352 0.01
172 326 0.2
172 623 0.2
172 735 0.05
172 2941 0.05
172 2942 0.01
172 34 0.05
172 1238 0.2
172 915 0.05
172 13 0.2
172 431 0.05
172 1993 0.01
172 642 0.2
172 645 0.05
172 324 0.2
172 1592 0.2
172 430 0.05
172 174 0.05
172 1313 0.01
172 351 0.05
172 1996 0.05
172 791 0.05
172 1434 0.2
172 209 0.05
172 112 0.2
172 1167 0.01
172 810 0.2
172 349 0.05
172 1072 0.2
172 1133 0.05
172 501 0.01
172 286 0.05
172 947 0.05
172 797 0.2
172 1085 0.01
172 912 0.2
172 1927 0.01
172 577 0.01
172 764 0.01
172 1495 0.05
172 1023 0.01
172 1436 0.01
172 646 0.2
172 1616 0.2
172 2101 0.05
172 104 0.01
172 2319 0.05
172 2320 0.05
172 555 0.05
172 1157 0.05
172 739 0.2
172 2726 0.01
172 584 0.2
172 656 0.01
172 171 0.05
172 2943 0.2
172 2944 0.01
172 784 0.01
172 1247 0.2
172 2945 0.01
172 2172 0.01
172 175 0.01
172 1116 0.2
172 2946 0.2
172 1754 0.05
172 303 0.2
172 2530 0.2
172 1024 0.01
172 1158 0.2
172 1027 0.2
172 353 0.2
172 2947 0.01
172 854 0.2
172 1597 0.05
172 933 0.2
172 2647 0.01
172 853 0.2
172 2646 0.2
172 1314 0.01
172 1752 0.05
172 1536 0.01
172 1089 0.01
172 1687 0.2
172 163 0.01
172 405 0.2
172 1073 0.2
172 99 0.2
172 126 0.01
172 2271 0.2
172 101 0.01
172 1451 0.2
172 807 0.2
172 1075 0.05
172 649 0.01
172 827 0.05
172 2529 0.01
172 647 0.05
172 1847 0.05
172 328 0.05
172 805 0.2
172 1028 0.05
172 329 0.05
172 918 0.05
172 2363 0.05
172 830 0.01
172 696 0.2
172 1179 0.05
172 1430 0.01
172 913 0.01
172 1613 0.05
172 1938 0.2
172 2948 0.2
172 1411 0.2
172 990 0.05
172 762 0.01
172 83 0.2
172 9 0.2
172 640 0.2
172 2420 0.01
172 2949 0.01
172 1177 0.05
172 1171 0.01
172 597 0.01
172 643 0.05
172 873 0.01
172 246 0.01
172 751 0.05
172 695 0.01
172 65 0.2
172 2214 0.05
172 712 0.05
172 1324 0.2
172 1441 0.01
172 939 0.01
172 1440 0.05
172 949 0.01
172 1844 0.01
172 525 0.05
172 545 0.01
172 1001 0.05
172 44 0.01
172 157 0.2
172 492 0.2
172 1840 0.2
172 1413 0.2
172 2950 0.01
172 1166 0.01
172 162 0.05
172 1631 0.01
1338 1338 0.2
1338 887 0.05
1338 1339 0.05
1338 784 0.01
1338 119 0.2
1338 2951 0.01
1338 1340 0.2
2952 2952 0.05
759 759 0.2
759 316 0.01
759 2103 0.2
759 2953 0.2
759 385 0.05
759 387 0.01
759 887 0.2
759 2954 0.05
759 2955 0.05
759 175 0.01
759 329 0.2
759 46 0.2
759 30 0.2
759 1836 0.05
759 841 0.01
759 2734 0.01
576 46 0.2
576 51 0.05
576 175 0.05
576 1449 0.01
576 1010 0.05
576 2956 0.05
576 1248 0.01
576 2246 0.2
2957 2957 0.05
2958 2958 0.05
2959 2959 0.2
2960 2960 0.01
2961 2961 0.2
2961 837 0.2
2961 855 0.05
2961 102 0.05
2961 790 0.01
2961 2751 0.2
2961 736 0.01
2961 106 0.01
2961 801 0.2
2961 2843 0.2
2961 91 0.2
2961 2261 0.05
2961 2962 0.01
2961 188 0.2
2961 2747 0.05
2963 318 0.2
2963 1306 0.05
2963 2964 0.05
2963 627 0.01
2963 1768 0.2
2963 1769 0.01
2963 949 0.05
2963 2435 0.2
2963 1073 0.2
2963 2841 0.05
2963 1547 0.05
2963 2101 0.2
2963 325 0.2
2963 1316 0.05
994 444 0.05
994 994 0.2
994 2872 0.05
994 2965 0.05
994 2966 0.01
994 157 0.01
994 1047 0.01
994 528 0.2
994 22 0.05
994 286 0.01
994 969 0.2
994 110 0.05
994 898 0.01
994 711 0.2
994 524 0.05
994 376 0.2
2200 780 0.05
2200 1515 0.01
2200 624 0.2
2200 1182 0.05
1651 34 0.2
1651 33 0.2
1651 31 0.2
1651 29 0.05
1651 32 0.2
1651 27 0.2
1651 28 0.2
1651 836 0.05
1651 71 0.01
1651 1651 0.2
1180 1180 0.01
1180 12 0.2
1180 374 0.2
1180 2967 0.01
2968 2968 0.2
2969 625 0.01
2969 2970 0.01
2969 699 0.01
2969 1378 0.05
2969 165 0.2
2969 234 0.2
2969 1368 0.2
2969 335 0.2
2969 708 0.05
2969 1968 0.05
2969 2969 0.2
2969 614 0.2
2969 1373 0.01
2969 414 0.05
2969 157 0.2
2969 397 0.05
2969 597 0.05
2969 2793 0.2
2969 45 0.2
2969 387 0.01
2969 385 0.05
2326 2326 0.2
2326 2325 0.2
2326 2971 0.05
2326 2170 0.2
2917 2171 0.01
2917 286 0.01
2917 194 0.2
2917 1609 0.01
2917 165 0.01
2895 2895 0.2
2895 310 0.05
2895 234 0.01
2895 2894 0.05
2972 1074 0.05
2972 328 0.01
2972 306 0.2
2972 1616 0.05
2972 2660 0.05
2973 2973 0.05
2862 2862 0.2
2862 2863 0.05
2862 1172 0.05
992 34 0.01
992 514 0.05
992 751 0.05
992 335 0.01
992 992 0.05
992 261 0.05
992 65 0.2
992 324 0.2
992 329 0.05
2255 511 0.01
2255 174 0.01
2255 1851 0.2
2255 492 0.2
2255 2974 0.2
2255 2614 0.05
2255 2255 0.2
2255 1072 0.05
2255 1418 0.05
2255 1001 0.01
2255 349 0.05
2255 2173 0.01
2255 1020 0.05
2255 2450 0.05
2255 810 0.2
2255 780 0.2
2255 624 0.2
2255 712 0.01
2255 2975 0.05
2255 1356 0.05
2255 728 0.01
2255 1852 0.2
2976 2976 0.01
2770 2320 0.2
2770 2770 0.05
2770 2530 0.05
246 30 0.2
246 214 0.05
246 93 0.2
246 205 0.01
246 1754 0.05
246 172 0.01
246 46 0.05
246 719 0.2
246 215 0.05
246 1190 0.05
246 1172 0.05
246 1189 0.05
246 257 0.05
246 1607 0.01
246 1132 0.01
246 1488 0.05
246 1309 0.01
246 1650 0.01
246 2977 0.01
246 997 0.2
246 1671 0.05
246 378 0.2
246 593 0.2
246 157 0.2
246 773 0.2
246 650 0.05
246 98 0.2
246 807 0.2
246 1399 0.01
246 2852 0.05
246 1447 0.2
246 418 0.2
246 936 0.01
246 1768 0.01
2978 1280 0.01
2978 768 0.01
2978 2979 0.2
2978 79 0.2
2978 1563 0.2
2978 2381 0.05
2978 518 0.05
2978 1645 0.01
2978 198 0.2
654 654 0.05
654 813 0.2
654 1247 0.05
654 1711 0.05
654 2221 0.01
654 126 0.05
2980 2980 0.01
1342 1342 0.2
1342 119 0.05
1342 855 0.2
1342 2981 0.2
1342 673 0.01
2982 2982 0.05
2317 2317 0.01
2317 643 0.05
2317 2983 0.01
2317 2733 0.01
2317 2732 0.2
2317 1497 0.01
2317 126 0.2
1065 2757 0.05
1065 784 0.01
1065 1591 0.05
1065 2984 0.01
1065 1287 0.2
1065 2985 0.01
1065 99 0.01
1065 2986 0.01
1065 1495 0.05
1065 126 0.2
1065 515 0.01
1065 2987 0.01
1065 1371 0.01
1065 1561 0.05
1065 431 0.01
1065 2988 0.01
1065 853 0.2
1065 304 0.05
1065 1856 0.05
1065 643 0.05
1065 428 0.2
1065 2215 0.2
1065 894 0.2
1065 720 0.01
1065 618 0.05
1065 855 0.01
1065 526 0.2
1065 1247 0.2
1065 2141 0.05
1065 2989 0.2
1065 1064 0.2
1065 4 0.05
1065 141 0.2
1065 1555 0.05
1065 1026 0.2
1065 467 0.05
1065 2222 0.05
1065 1908 0.05
1065 1066 0.05
1065 2219 0.05
1065 746 0.01
1065 1063 0.05
1065 373 0.2
1065 787 0.05
1065 2990 0.01
1065 1471 0.2
1065 619 0.01
1065 2228 0.05
1065 1092 0.2
1065 2991 0.01
1065 2992 0.2
1065 1858 0.2
1065 2993 0.01
1065 2994 0.01
2790 888 0.2
2790 711 0.2
2790 764 0.05
2790 1543 0.2
2790 2672 0.05
2790 177 0.01
2790 2790 0.2
2790 2995 0.01
2790 2996 0.2
2790 212 0.05
2790 2997 0.2
2790 2998 0.2
2790 178 0.2
2790 776 0.2
2790 2999 0.01
2790 647 0.05
2790 954 0.05
2790 3000 0.2
2790 3001 0.01
2790 2716 0.05
2790 1179 0.2
2790 1770 0.05
2790 3002 0.05
2790 3003 0.2
2790 3004 0.05
2790 3005 0.01
2790 241 0.01
2790 351 0.01
2790 3006 0.2
2790 3007 0.05
2790 1961 0.2
2790 3008 0.2
2790 2463 0.01
2790 904 0.05
2790 126 0.05
2790 30 0.2
2790 1156 0.01
2790 1387 0.01
2790 3009 0.2
2790 176 0.05
2790 1122 0.01
2790 1337 0.2
2790 588 0.05
2790 1091 0.2
2790 3010 0.05
2790 1560 0.2
2790 2298 0.01
2790 1524 0.2
2790 20 0.2
2790 737 0.05
3011 3011 0.05
3011 500 0.2
3011 2716 0.01
316 316 0.05
316 1160 0.01
316 1022 0.2
316 3012 0.05
316 1068 0.05
316 3013 0.2
3014 1663 0.2
3015 449 0.2
3016 1074 0.05
3016 1851 0.05
3016 3017 0.01
3018 3018 0.2
3019 3019 0.2
3019 3020 0.05
3019 46 0.01
3021 1208 0.2
3022 3022 0.2
2656 1838 0.2
2656 327 0.05
2656 2008 0.01
2954 759 0.2
2954 579 0.01
3023 3023 0.2
3024 1579 0.05
3024 296 0.2
3024 1562 0.01
3024 3024 0.01
3025 3025 0.2
3026 1016 0.01
3027 3027 0.2
3027 1126 0.05
3028 3028 0.2
3028 3029 0.01
3028 1418 0.2
3028 3030 0.01
3028 1064 0.01
3028 1512 0.2
3028 157 0.01
3028 3031 0.01
3028 18 0.01
3028 593 0.2
3028 261 0.05
3028 121 0.2
3028 1247 0.01
3028 46 0.05
3028 719 0.01
3028 30 0.01
3028 328 0.05
3028 830 0.2
3028 323 0.2
3028 44 0.2
3028 209 0.05
3028 525 0.05
3028 22 0.05
3028 1816 0.2
3028 467 0.05
3028 1065 0.01
3028 3032 0.05
3028 860 0.01
3028 793 0.01
3028 137 0.05
3028 265 0.05
3028 3033 0.01
3028 540 0.2
3028 1223 0.05
3028 191 0.05
3028 286 0.05
3028 846 0.01
3028 858 0.01
3028 594 0.05
2840 2323 0.05
2840 2840 0.01
3034 3034 0.01
3035 46 0.05
3035 586 0.2
3035 328 0.2
3035 30 0.01
3035 719 0.05
3036 3037 0.05
3038 400 0.01
3038 1711 0.2
3038 1710 0.05
3038 613 0.01
3039 2219 0.2
3039 2740 0.01
3039 1774 0.2
3039 2327 0.01
3039 1248 0.2
3039 526 0.05
3039 1970 0.01
3040 3040 0.01
3041 126 0.01
3042 3042 0.2
3043 3043 0.01
3044 3044 0.01
3044 3045 0.05
3046 3046 0.05
3046 1202 0.05
3046 3047 0.01
3048 3048 0.2
3049 3049 0.2
3049 543 0.05
3049 3050 0.01
3049 2304 0.01
3049 705 0.01
3049 2536 0.2
3049 2094 0.2
3049 1661 0.05
3049 327 0.01
3049 214 0.2
3049 3051 0.01
3049 3052 0.05
2239 3053 0.01
2239 2239 0.2
2239 739 0.01
2239 856 0.2
2239 46 0.05
2239 3054 0.2
2239 993 0.01
2239 597 0.05
2239 987 0.2
2239 3055 0.01
2239 209 0.2
2239 242 0.01
2239 157 0.05
2239 3056 0.01
3057 126 0.2
3057 428 0.01
3058 1807 0.2
3058 13 0.01
3058 1754 0.05
3059 265 0.05
3059 710 0.01
3060 3060 0.05
2447 2444 0.2
2447 2445 0.01
2447 2446 0.2
2447 2448 0.2
2447 2447 0.01
2447 3061 0.01
2447 126 0.05
3062 3062 0.01
3063 3063 0.2
3063 328 0.01
3063 1856 0.2
966 966 0.05
966 1522 0.05
966 806 0.2
966 3064 0.2
966 22 0.05
966 770 0.05
966 424 0.01
966 3065 0.2
966 3066 0.2
966 2622 0.01
966 3067 0.05
966 3068 0.01
966 112 0.05
966 426 0.01
966 118 0.01
966 609 0.05
966 3069 0.01
966 425 0.05
966 427 0.01
966 1124 0.05
966 1520 0.01
966 1047 0.05
966 1523 0.2
966 3070 0.2
966 617 0.2
966 287 0.01
966 3071 0.2
966 972 0.01
966 3072 0.2
966 640 0.2
3073 461 0.05
1360 1356 0.2
1360 1408 0.2
1360 40 0.2
1360 2254 0.2
3074 3075 0.2
648 648 0.2
648 142 0.05
648 789 0.2
648 792 0.2
648 736 0.01
648 738 0.05
648 739 0.05
648 2132 0.01
648 741 0.05
648 740 0.01
648 1053 0.05
648 2376 0.2
648 835 0.05
648 833 0.05
648 1081 0.05
648 327 0.05
648 1020 0.01
648 1308 0.05
648 441 0.01
648 737 0.05
648 584 0.01
648 1644 0.05
648 91 0.2
648 656 0.05
648 1628 0.2
648 1689 0.05
648 86 0.05
648 834 0.05
648 1298 0.05
648 3076 0.2
648 97 0.2
648 836 0.01
648 801 0.2
648 106 0.01
648 1433 0.01
648 1307 0.01
648 1692 0.05
648 837 0.2
648 1694 0.2
648 1693 0.2
648 1516 0.2
648 1286 0.01
648 2237 0.2
648 3077 0.05
648 859 0.2
648 3078 0.01
648 855 0.2
648 1454 0.01
648 3079 0.01
648 90 0.05
3080 3080 0.05
3081 3081 0.01
3082 813 0.05
3082 1116 0.2
3082 65 0.01
2593 1407 0.2
2593 584 0.05
2593 648 0.2
2593 86 0.2
2593 1454 0.2
2593 1406 0.01
2593 3083 0.2
2593 3084 0.05
2593 2782 0.2
2593 2747 0.2
2593 2749 0.01
2593 3085 0.01
2593 2433 0.01
492 492 0.05
492 784 0.01
492 46 0.01
492 438 0.2
492 1114 0.05
492 3086 0.01
492 3087 0.2
492 1643 0.01
492 45 0.05
492 514 0.01
492 1343 0.2
492 638 0.2
492 328 0.2
492 831 0.01
492 1800 0.01
492 513 0.05
492 234 0.01
492 588 0.2
492 760 0.01
492 1188 0.05
492 349 0.01
492 30 0.01
492 83 0.2
492 829 0.05
492 982 0.01
492 2001 0.05
492 3088 0.01
492 963 0.05
492 1216 0.05
492 2782 0.01
492 528 0.01
492 172 0.01
492 3089 0.2
492 66 0.01
492 799 0.2
492 192 0.2
492 53 0.05
492 67 0.05
492 808 0.2
492 65 0.2
492 1418 0.2
492 1049 0.2
492 712 0.05
492 2255 0.01
492 3090 0.2
492 2226 0.2
492 1988 0.05
492 2136 0.05
492 3091 0.2
1755 1755 0.01
1755 943 0.05
3092 3092 0.05
3093 3093 0.05
2221 2221 0.05
2221 215 0.01
2221 2880 0.05
2221 126 0.05
2221 1160 0.2
3094 3094 0.01
3095 3095 0.2
3096 739 0.2
3096 3096 0.05
3097 3097 0.01
3097 773 0.2
3097 3098 0.05
104 784 0.01
104 65 0.2
104 286 0.2
104 1086 0.01
104 801 0.01
104 736 0.2
104 327 0.01
104 1022 0.01
104 1023 0.01
104 2454 0.05
104 2805 0.01
104 326 0.01
104 3099 0.2
104 1546 0.05
104 1799 0.01
104 238 0.2
104 92 0.05
104 1018 0.2
104 739 0.2
104 734 0.2
104 741 0.05
104 172 0.05
104 750 0.2
104 22 0.05
104 1019 0.05
104 584 0.2
104 45 0.05
104 746 0.01
104 2945 0.01
104 651 0.05
104 760 0.01
104 1027 0.01
104 1898 0.2
104 1682 0.05
104 3100 0.01
104 3101 0.01
104 1818 0.2
104 405 0.01
104 610 0.05
104 2325 0.05
104 166 0.01
104 1315 0.01
104 19 0.01
104 328 0.01
104 492 0.05
705 705 0.01
705 126 0.01
705 30 0.2
705 703 0.01
705 739 0.01
705 2652 0.05
705 46 0.2
705 469 0.05
705 286 0.05
705 2713 0.2
705 352 0.01
705 784 0.05
705 438 0.2
705 738 0.01
705 1447 0.2
705 93 0.2
705 704 0.01
705 353 0.01
705 90 0.2
705 1286 0.05
705 1685 0.01
705 2334 0.2
705 215 0.01
705 44 0.01
705 1998 0.05
705 802 0.05
705 792 0.01
705 1246 0.05
705 34 0.05
705 1494 0.01
705 702 0.2
705 786 0.01
705 681 0.05
705 2835 0.05
705 3102 0.01
705 522 0.05
705 639 0.2
705 3103 0.01
705 3104 0.01
705 2750 0.01
705 3049 0.2
705 2714 0.01
536 536 0.05
536 739 0.2
536 656 0.2
536 1689 0.05
536 84 0.01
536 837 0.05
536 1176 0.01
536 2213 0.01
536 329 0.2
536 855 0.2
536 648 0.05
536 718 0.2
536 142 0.01
536 802 0.01
536 856 0.2
536 1452 0.05
536 2216 0.01
536 3078 0.01
536 405 0.2
536 859 0.01
536 1053 0.05
536 789 0.2
536 736 0.2
536 86 0.01
536 1454 0.2
536 1628 0.2
536 833 0.01
536 1286 0.2
536 879 0.05
536 1697 0.05
3105 1589 0.01
735 30 0.01
735 719 0.01
735 1356 0.2
735 1616 0.01
735 1020 0.01
3106 3106 0.05
3106 3107 0.01
3106 2332 0.2
3108 3108 0.01
3108 3109 0.05
3110 3110 0.2
3110 855 0.01
3111 3111 0.01
1391 1517 0.2
1391 2482 0.01
1391 1518 0.2
1391 9 0.2
1391 779 0.01
1391 1418 0.01
1391 3112 0.2
1391 522 0.05
1391 1417 0.2
3113 3113 0.2
3114 3114 0.05
740 739 0.05
740 1690 0.2
740 84 0.2
740 736 0.05
740 738 0.05
740 1635 0.2
740 792 0.01
740 741 0.2
740 3115 0.05
740 1053 0.2
740 740 0.05
740 46 0.05
740 3116 0.2
740 835 0.05
740 833 0.05
740 86 0.01
740 1628 0.05
740 656 0.2
740 648 0.05
740 584 0.01
740 142 0.01
740 789 0.05
740 836 0.2
740 1689 0.2
740 97 0.01
740 106 0.05
740 1692 0.05
740 837 0.01
740 3077 0.05
740 1694 0.2
740 1693 0.01
740 1286 0.05
740 855 0.05
740 3076 0.01
740 1696 0.01
740 1311 0.05
740 2751 0.05
740 1627 0.2
740 2629 0.2
740 1224 0.01
740 102 0.05
740 3117 0.01
740 2748 0.2
740 91 0.05
740 1306 0.01
740 718 0.05
740 1298 0.05
740 3118 0.05
740 1310 0.05
740 3119 0.2
740 1454 0.05
740 2747 0.05
740 2739 0.05
740 802 0.05
740 963 0.05
740 1285 0.05
740 588 0.05
3120 3120 0.2
87 87 0.05
87 805 0.01
87 46 0.2
87 303 0.2
87 1847 0.01
87 316 0.01
87 1546 0.01
87 438 0.2
87 30 0.01
87 1117 0.2
87 305 0.01
87 642 0.2
87 22 0.2
87 306 0.2
87 719 0.05
87 353 0.05
87 329 0.2
87 431 0.05
87 13 0.05
87 1343 0.2
87 349 0.05
87 304 0.01
87 1162 0.05
87 3121 0.01
87 355 0.05
87 310 0.01
87 648 0.2
87 491 0.2
87 233 0.05
87 2614 0.05
87 3122 0.2
87 307 0.05
87 3123 0.01
2269 2269 0.01
2269 1562 0.01
2269 375 0.05
2269 1145 0.2
2269 283 0.01
2269 2624 0.2
2269 1626 0.05
2269 1778 0.2
2269 3124 0.05
2269 2268 0.01
2269 2625 0.05
2269 2922 0.01
2269 3125 0.2
2269 2439 0.01
2269 3126 0.05
2269 75 0.2
2269 711 0.2
2269 1781 0.01
2269 1182 0.05
2269 1569 0.2
2269 3127 0.2
2269 3128 0.2
2269 1385 0.01
1544 1544 0.2
1544 3129 0.05
3130 3130 0.2
3130 121 0.01
3130 584 0.01
3130 2594 0.05
3130 86 0.05
3130 681 0.05
3130 1407 0.01
3130 142 0.2
3130 467 0.01
3130 659 0.05
3130 787 0.05
3130 329 0.2
3130 801 0.2
3130 1139 0.2
3130 157 0.2
3130 328 0.2
3130 830 0.01
3130 2747 0.2
3130 751 0.01
3130 403 0.01
3130 1964 0.01
3131 3131 0.01
3132 385 0.01
3132 3132 0.01
3132 3099 0.05
3132 387 0.01
3132 3133 0.05
3134 126 0.05
1931 1756 0.01
1931 943 0.2
1931 2189 0.01
1931 1930 0.01
1931 2188 0.05
1931 2190 0.01
3135 3135 0.05
3136 46 0.2
3136 445 0.05
3136 329 0.2
3136 30 0.05
3136 577 0.05
3136 328 0.05
3136 555 0.2
479 555 0.01
479 3137 0.05
479 46 0.05
479 3138 0.01
479 916 0.2
479 879 0.01
479 943 0.01
1762 1428 0.01
1762 916 0.05
1762 1181 0.01
1762 1176 0.2
176 176 0.2
3139 3139 0.05
1484 1484 0.01
1484 514 0.2
1484 1602 0.2
1484 1516 0.2
1484 106 0.05
1484 3140 0.2
1484 3141 0.05
1484 2020 0.2
480 480 0.01
480 121 0.01
480 328 0.2
480 1343 0.01
480 434 0.05
480 2157 0.01
480 1930 0.01
480 353 0.01
3142 3142 0.05
3143 3143 0.05
3144 3144 0.05
3145 3146 0.05
3147 105 0.01
3147 1214 0.01
3147 743 0.2
3147 2457 0.2
3147 2454 0.05
3147 1605 0.05
3147 652 0.2
3147 1222 0.2
3148 2332 0.01
3148 1768 0.05
3148 332 0.01
3148 333 0.05
3148 1280 0.2
1703 1703 0.2
1703 46 0.05
1703 638 0.05
1703 286 0.01
1703 1450 0.05
1703 737 0.01
1703 555 0.01
1703 1157 0.01
1703 3149 0.2
1703 328 0.05
1703 141 0.2
1703 3150 0.05
1703 215 0.01
1703 1675 0.01
1703 284 0.2
1703 89 0.01
1703 2529 0.2
1703 2171 0.05
1703 1704 0.05
1703 2615 0.2
1703 683 0.01
1703 846 0.05
1703 632 0.2
1703 590 0.05
1703 919 0.01
1703 1408 0.2
1703 194 0.2
3151 3151 0.05
635 635 0.01
3152 2072 0.05
1415 1663 0.05
1415 226 0.01
1415 3153 0.2
1415 3154 0.05
1415 3155 0.2
1415 1153 0.01
1415 582 0.05
1415 40 0.05
1415 578 0.01
3156 3156 0.01
1995 1994 0.2
1995 1992 0.01
3157 3157 0.2
3158 125 0.05
3159 3159 0.05
3160 3160 0.05
3160 3161 0.05
3160 3162 0.05
3163 3163 0.01
3163 1151 0.05
3163 2020 0.2
3163 514 0.2
3163 2922 0.05
3163 2332 0.2
3163 1604 0.01
3163 1602 0.05
3163 1516 0.2
3164 3164 0.01
3165 3165 0.01
3165 376 0.2
3165 121 0.01
3166 3166 0.2
3167 3167 0.2
3168 3168 0.01
3169 3169 0.05
3169 328 0.05
3170 3170 0.01
3170 584 0.05
1539 1539 0.05
1539 709 0.05
1539 1538 0.01
807 1838 0.2
807 1927 0.2
807 2073 0.05
807 335 0.2
807 30 0.05
807 33 0.05
807 444 0.05
807 351 0.2
807 3171 0.05
807 3172 0.05
807 1133 0.2
807 1437 0.05
807 645 0.01
807 753 0.05
807 1895 0.2
807 34 0.05
807 1616 0.2
807 677 0.01
807 810 0.05
807 1839 0.05
807 298 0.05
807 99 0.01
807 172 0.05
807 822 0.2
807 807 0.01
807 1495 0.2
807 829 0.05
807 1719 0.2
807 994 0.01
807 3173 0.01
807 719 0.01
807 511 0.01
807 1353 0.01
807 1754 0.01
807 3174 0.01
807 1847 0.05
807 328 0.01
807 492 0.01
807 304 0.2
807 326 0.01
807 1433 0.01
807 3102 0.01
807 255 0.01
807 199 0.2
807 346 0.01
807 1356 0.2
807 937 0.05
807 804 0.2
807 3175 0.01
807 524 0.01
807 438 0.2
807 638 0.2
807 1490 0.05
807 525 0.2
807 1844 0.05
807 912 0.2
807 1645 0.01
807 947 0.2
807 986 0.01
807 523 0.01
807 1080 0.2
807 949 0.01
807 990 0.01
807 174 0.2
807 1001 0.01
807 988 0.01
807 3176 0.01
807 3177 0.2
807 3178 0.01
807 1322 0.01
807 3179 0.05
807 712 0.2
807 717 0.01
807 2347 0.01
807 3180 0.01
807 35 0.2
807 3181 0.01
807 124 0.05
807 1395 0.05
807 1075 0.2
807 3182 0.2
807 468 0.01
3183 31 0.05
3183 28 0.01
3183 29 0.2
3183 32 0.05
3183 33 0.2
3184 3184 0.2
2555 467 0.01
2555 174 0.05
2555 1002 0.05
2555 2556 0.2
2555 2554 0.2
2555 466 0.2
106 739 0.01
106 86 0.05
106 648 0.01
106 656 0.2
106 84 0.01
106 2376 0.01
106 584 0.01
106 1689 0.01
106 1053 0.05
106 738 0.01
106 1516 0.2
106 142 0.2
106 1628 0.01
106 834 0.2
106 835 0.01
106 97 0.2
106 1298 0.01
106 789 0.01
106 740 0.01
106 741 0.05
106 574 0.01
106 3076 0.01
106 91 0.05
106 46 0.2
106 438 0.2
106 1604 0.05
106 3185 0.2
106 3186 0.05
106 1692 0.2
106 1635 0.2
106 801 0.05
106 1309 0.01
106 1307 0.05
106 102 0.05
106 677 0.05
106 286 0.2
106 837 0.01
106 79 0.2
106 855 0.01
106 1694 0.2
106 1605 0.2
106 1602 0.05
106 1081 0.05
106 3187 0.01
106 1454 0.01
106 1083 0.01
106 405 0.01
106 514 0.05
106 3188 0.05
106 3140 0.2
106 3189 0.01
106 1484 0.2
106 2751 0.05
106 1311 0.01
106 2020 0.2
106 2261 0.2
106 3190 0.05
106 1304 0.01
106 2216 0.2
106 1167 0.2
106 2799 0.01
106 2961 0.05
106 1697 0.2
106 2213 0.05
106 2263 0.2
106 790 0.2
106 3191 0.2
106 2262 0.2
106 3192 0.01
106 1433 0.2
106 2629 0.05
106 1033 0.2
106 3193 0.05
106 1695 0.05
106 1312 0.05
106 856 0.2
106 1895 0.05
106 1286 0.05
106 736 0.05
106 3119 0.05
106 3141 0.05
106 258 0.05
106 751 0.2
3194 3194 0.2
2332 3195 0.01
2332 521 0.01
3196 3196 0.2
3197 242 0.01
3197 716 0.01
3198 3198 0.2
3198 375 0.05
3198 612 0.05
3198 1579 0.05
3198 1562 0.05
3198 283 0.05
1893 46 0.05
1893 431 0.05
1893 30 0.05
1893 3199 0.05
1893 353 0.01
1893 445 0.01
1893 318 0.2
1893 440 0.05
1893 436 0.05
1893 511 0.01
1893 434 0.01
1893 4 0.05
1893 44 0.05
1893 5 0.2
1893 1908 0.01
1893 1770 0.05
3200 3200 0.05
2636 2636 0.01
2636 3201 0.05
2636 2635 0.2
2636 438 0.01
2636 2273 0.01
2636 46 0.2
2636 334 0.01
2636 258 0.01
3202 3202 0.01
3202 3203 0.01
3204 1231 0.05
342 302 0.05
342 342 0.01
342 341 0.05
342 326 0.05
342 328 0.01
342 1021 0.01
342 1689 0.05
342 784 0.05
342 714 0.01
2940 2795 0.05
2940 3205 0.2
2423 1710 0.05
3206 3206 0.01
3206 1370 0.01
3206 349 0.05
3206 711 0.2
3206 348 0.2
3207 3207 0.05
3207 226 0.05
146 145 0.05
146 787 0.01
434 2002 0.05
434 303 0.2
434 2284 0.01
434 306 0.05
1652 1652 0.01
1652 30 0.01
1652 1247 0.05
1652 163 0.2
1652 1925 0.05
1652 1160 0.2
1652 5 0.05
1652 943 0.01
1652 2188 0.01
1652 719 0.2
1652 46 0.05
1652 326 0.01
1652 739 0.05
1652 431 0.05
1652 2189 0.01
1652 2435 0.05
1652 1020 0.2
1652 1847 0.01
1652 172 0.05
1652 286 0.2
1652 1511 0.05
1652 695 0.2
1652 303 0.2
1652 307 0.05
1652 351 0.2
1652 694 0.01
1652 282 0.2
1652 555 0.01
1652 329 0.2
1652 643 0.05
1652 405 0.05
1652 736 0.2
1652 438 0.05
1652 3208 0.2
1652 858 0.01
1652 644 0.05
1652 1898 0.2
1652 373 0.05
1652 1964 0.01
1652 428 0.01
1652 440 0.05
1652 696 0.05
1652 639 0.05
1652 1908 0.01
1652 441 0.01
1652 2231 0.05
1652 175 0.2
1652 813 0.01
1652 3082 0.05
1652 2226 0.2
1652 1548 0.05
1652 1277 0.05
1652 697 0.2
1652 3209 0.05
1652 44 0.2
1108 1108 0.05
1108 1493 0.2
1108 438 0.01
1108 937 0.01
1108 46 0.05
1108 736 0.2
1108 719 0.2
1108 30 0.01
1108 2759 0.2
1108 1476 0.2
1108 1492 0.2
1108 329 0.01
1108 936 0.01
1108 718 0.05
1108 1568 0.2
1108 1502 0.05
1108 1490 0.01
1108 1491 0.05
1108 739 0.2
1108 674 0.01
1108 855 0.05
1108 863 0.01
1108 792 0.2
1108 3210 0.05
1108 2902 0.01
1108 716 0.2
1108 2905 0.05
1108 3211 0.05
1108 1587 0.2
1108 324 0.2
1108 1519 0.05
1108 346 0.01
1108 786 0.05
1108 344 0.05
1108 673 0.01
1108 672 0.05
1108 126 0.2
1108 175 0.01
1108 1974 0.05
1108 3117 0.01
1108 681 0.05
1108 1304 0.01
1108 758 0.01
1108 741 0.2
1108 53 0.01
1108 522 0.05
1108 142 0.05
1108 116 0.2
1108 1306 0.05
1108 789 0.2
1108 588 0.01
1108 2906 0.05
1108 3212 0.05
1108 815 0.05
1108 701 0.05
1108 84 0.2
1108 86 0.2
1108 859 0.01
1108 1659 0.2
1108 2213 0.01
1108 1165 0.2
1108 2762 0.2
1108 1846 0.01
1108 1845 0.05
1108 2686 0.2
1108 2277 0.01
1108 740 0.2
1108 837 0.01
1108 987 0.2
3213 3213 0.2
3213 46 0.05
3213 13 0.01
3213 281 0.05
3213 191 0.05
3213 1185 0.2
3213 1960 0.01
3213 353 0.05
3213 328 0.05
3214 3214 0.01
3215 3215 0.01
1566 1049 0.05
1566 678 0.01
1566 787 0.01
1566 1991 0.2
1566 1552 0.2
1566 1545 0.05
1566 126 0.01
1566 175 0.05
1566 166 0.05
1566 46 0.01
1566 793 0.05
1566 329 0.2
1566 2251 0.05
1566 1754 0.2
1590 1219 0.01
1590 747 0.2
1590 3216 0.05
1590 2555 0.05
1590 174 0.01
1590 1002 0.05
1590 990 0.05
1590 1001 0.05
1590 377 0.01
1590 3217 0.2
1231 598 0.2
1231 3204 0.05
398 1717 0.05
398 2426 0.01
398 399 0.2
398 3218 0.01
3219 3219 0.05
3220 3220 0.01
3220 1768 0.01
3221 3221 0.01
3222 3222 0.05
3222 2317 0.2
3222 2983 0.05
3222 3223 0.05
3222 719 0.01
3222 175 0.05
3222 2356 0.2
3222 353 0.05
3222 1116 0.2
3222 943 0.01
3222 3224 0.2
3222 316 0.05
3222 3013 0.2
3222 3225 0.05
3222 30 0.05
3222 1495 0.01
3226 3227 0.05
3226 3228 0.2
3211 1108 0.01
3211 3211 0.2
3211 1587 0.05
3211 1493 0.05
3229 3229 0.2
3229 718 0.2
3230 3230 0.01
3230 558 0.2
323 328 0.01
323 1401 0.2
323 352 0.2
323 1076 0.2
323 1434 0.01
323 1072 0.05
323 305 0.01
323 3231 0.01
323 934 0.01
323 1079 0.01
323 3232 0.01
323 2346 0.2
323 3233 0.01
323 325 0.2
323 558 0.01
323 1021 0.01
323 22 0.05
323 426 0.05
323 1932 0.05
323 2666 0.01
323 430 0.05
323 1637 0.05
323 1860 0.01
323 912 0.05
323 595 0.05
323 2247 0.2
323 2249 0.01
323 916 0.2
323 2725 0.05
323 1403 0.2
323 175 0.05
323 2880 0.2
323 2600 0.01
323 306 0.2
323 615 0.01
323 101 0.01
323 2681 0.05
323 3234 0.01
323 3235 0.01
323 2304 0.05
323 248 0.01
323 529 0.01
323 3236 0.01
323 2171 0.2
323 2596 0.2
323 3237 0.2
323 1175 0.01
323 1092 0.01
323 346 0.2
323 206 0.2
323 207 0.01
323 210 0.05
323 2439 0.01
323 217 0.01
3238 3238 0.01
578 578 0.01
578 286 0.01
578 431 0.01
578 329 0.2
578 429 0.05
578 13 0.05
578 739 0.05
578 442 0.2
578 1065 0.2
578 729 0.05
578 46 0.01
578 457 0.2
578 2189 0.05
578 428 0.05
578 444 0.01
578 1191 0.2
578 2021 0.2
578 44 0.2
578 2205 0.05
578 1643 0.2
578 2207 0.01
578 618 0.01
578 2090 0.01
578 2092 0.2
578 3239 0.01
578 492 0.01
578 943 0.01
578 224 0.2
578 720 0.05
578 2880 0.01
578 1813 0.05
578 643 0.2
578 1711 0.01
578 1415 0.2
578 1270 0.05
578 2091 0.2
2456 652 0.01
2456 1212 0.05
2456 65 0.01
2456 2453 0.01
2456 1210 0.2
2456 108 0.01
2456 2455 0.2
2456 377 0.2
2456 2289 0.2
2456 1218 0.05
2456 105 0.05
2456 290 0.2
2456 1479 0.05
2456 746 0.2
2456 748 0.05
2285 2285 0.01
2285 903 0.01
2285 904 0.2
2285 701 0.05
2285 902 0.05
2483 234 0.01
2483 2782 0.05
2483 3240 0.05
2483 588 0.05
2483 46 0.01
2483 438 0.2
2483 963 0.05
2483 492 0.05
2483 2483 0.01
2483 3087 0.05
2483 2739 0.2
2483 1418 0.2
2483 780 0.2
2483 1988 0.2
2483 3091 0.05
3241 46 0.01
3241 30 0.01
3241 1343 0.01
3241 1731 0.01
3241 29 0.05
2853 2854 0.01
2853 2851 0.2
2853 3242 0.01
2853 2419 0.01
2853 2853 0.2
2853 536 0.2
2853 577 0.2
3243 320 0.05
2791 2791 0.2
2791 1142 0.2
3244 3244 0.01
3244 943 0.2
3244 1988 0.05
3244 1605 0.05
3244 719 0.05
3244 30 0.01
3244 328 0.2
3244 46 0.2
3244 492 0.01
3244 2483 0.2
3244 2739 0.05
3244 963 0.01
3244 1643 0.2
3244 588 0.01
3244 234 0.05
3244 2277 0.01
3245 3245 0.01
542 533 0.01
542 2002 0.05
542 306 0.01
542 542 0.05
542 1817 0.2
542 2217 0.05
542 438 0.2
542 577 0.05
542 1068 0.05
542 2218 0.05
542 1881 0.2
542 345 0.01
542 34 0.05
542 346 0.05
1454 739 0.2
1454 855 0.2
1454 142 0.05
1454 648 0.2
1454 736 0.01
1454 738 0.01
1454 1798 0.2
1454 835 0.01
1454 3246 0.01
1454 801 0.01
1454 741 0.2
1454 2184 0.01
1454 106 0.01
1454 1286 0.05
1454 856 0.01
1454 1116 0.05
1454 1452 0.05
1454 3079 0.05
3247 1243 0.2
3248 126 0.2
3248 46 0.01
3249 1219 0.01
3249 1695 0.01
3249 739 0.05
3249 2273 0.01
3249 837 0.2
295 295 0.01
295 1592 0.05
295 277 0.2
295 1764 0.05
295 1863 0.01
295 296 0.05
295 3250 0.05
295 603 0.2
295 2718 0.01
295 271 0.05
295 1826 0.01
295 71 0.01
295 67 0.05
295 165 0.01
295 1450 0.05
295 167 0.05
295 166 0.01
295 1169 0.01
295 3251 0.2
295 438 0.2
295 194 0.2
295 3252 0.01
1835 1834 0.05
1835 445 0.01
1835 44 0.01
1835 242 0.01
1835 46 0.01
1835 512 0.2
1835 1000 0.01
3253 3253 0.05
794 794 0.2
794 893 0.2
794 796 0.2
794 469 0.05
794 438 0.05
794 577 0.01
794 708 0.2
794 625 0.2
794 2274 0.05
794 2031 0.01
794 2470 0.2
794 1418 0.2
794 2282 0.01
794 400 0.01
794 3254 0.01
3255 2803 0.05
1261 2527 0.2
1261 234 0.05
1261 3256 0.01
1261 2031 0.01
1261 751 0.05
1261 587 0.05
1261 708 0.05
1261 172 0.05
1261 711 0.01
1261 706 0.01
1261 2084 0.2
1261 1652 0.01
1261 1255 0.2
1261 1392 0.01
1261 457 0.05
1261 30 0.2
1261 719 0.05
1261 2435 0.2
1261 3208 0.05
1261 373 0.01
1261 3257 0.05
1261 1254 0.01
1261 2688 0.2
1261 3258 0.05
1261 944 0.01
1261 610 0.01
1261 716 0.2
1261 2789 0.05
1261 3259 0.01
1261 1236 0.2
1261 3260 0.01
1261 1154 0.2
1261 2793 0.05
1261 779 0.2
1261 934 0.2
1261 1028 0.05
1261 629 0.01
1261 1237 0.2
3261 3261 0.2
3262 3262 0.01
3263 273 0.05
3263 2956 0.05
3263 2993 0.01
3263 873 0.2
3078 739 0.05
3078 329 0.05
3078 3078 0.05
3078 736 0.2
3078 188 0.01
3078 1597 0.05
3078 648 0.2
3264 3264 0.05
3265 286 0.2
3265 46 0.2
3265 126 0.2
3265 3265 0.01
3266 3266 0.05
449 450 0.2
449 1673 0.2
449 451 0.05
449 452 0.05
449 448 0.01
449 3267 0.2
449 2409 0.05
970 970 0.05
970 2566 0.05
970 917 0.05
970 524 0.05
970 597 0.01
970 952 0.2
970 923 0.05
970 3268 0.2
3269 431 0.2
3269 5 0.05
3269 4 0.05
3269 9 0.05
3269 3269 0.01
3269 171 0.2
2828 2828 0.05
2828 517 0.01
2828 2535 0.05
2828 499 0.05
2828 986 0.2
2828 528 0.05
2828 712 0.05
845 845 0.2
845 555 0.2
845 1603 0.01
845 843 0.01
845 8 0.05
845 983 0.2
845 1606 0.2
845 457 0.01
845 226 0.2
845 1601 0.05
845 472 0.2
845 1794 0.2
845 1123 0.2
3270 3270 0.01
3271 3271 0.2
3271 387 0.01
3271 385 0.01
3271 3272 0.2
3271 3273 0.05
3271 3274 0.01
3271 2214 0.05
3271 46 0.01
230 230 0.2
230 1927 0.2
230 1083 0.01
230 1047 0.2
230 214 0.01
230 918 0.2
230 947 0.01
230 1801 0.05
230 1442 0.2
230 757 0.2
230 34 0.01
230 610 0.2
230 334 0.01
230 1658 0.2
230 791 0.2
230 934 0.05
230 298 0.05
230 3275 0.01
230 822 0.05
230 703 0.2
230 1166 0.05
230 512 0.2
230 101 0.05
230 3276 0.2
230 3277 0.2
3278 3278 0.05
3279 3279 0.01
1181 915 0.2
1181 3280 0.05
1181 642 0.2
1181 350 0.05
1181 825 0.2
1181 46 0.01
1181 3281 0.01
1181 1762 0.2
1181 286 0.2
1181 540 0.05
1181 751 0.01
1181 1154 0.2
1181 1668 0.01
1181 582 0.2
1181 2705 0.01
1181 514 0.2
1181 992 0.01
1181 461 0.05
1181 890 0.01
1181 1282 0.01
1181 274 0.2
1181 1237 0.05
1181 1049 0.01
1181 869 0.05
1181 3282 0.05
1181 1394 0.01
1181 2716 0.2
1181 1174 0.2
1181 1301 0.01
1181 173 0.01
1181 1316 0.01
1181 2141 0.01
1181 128 0.01
2618 2618 0.05
2618 2617 0.01
2618 2317 0.01
2618 643 0.01
2618 30 0.2
3283 3283 0.01
3283 2523 0.01
3283 928 0.05
3283 3284 0.05
3283 1187 0.01
3283 591 0.05
432 432 0.05
432 1720 0.2
432 436 0.05
432 46 0.01
1011 669 0.2
1011 3285 0.2
1011 271 0.05
3286 3286 0.05
3287 3287 0.05
3287 215 0.05
3287 1041 0.01
3112 712 0.05
3112 1418 0.05
3112 492 0.2
3112 346 0.2
3112 779 0.05
3112 892 0.2
3112 2482 0.2
3112 780 0.2
3112 3288 0.01
1216 784 0.2
1216 883 0.05
1216 1047 0.01
1216 1022 0.05
1216 234 0.05
1216 852 0.05
1216 623 0.01
1216 1201 0.05
1216 528 0.2
1216 948 0.05
1216 1798 0.05
1216 586 0.2
1216 724 0.01
1216 111 0.05
1216 2861 0.2
1216 1353 0.2
1216 1211 0.2
1216 716 0.05
3289 1362 0.2
3289 3289 0.05
3290 3290 0.01
3290 2093 0.05
2665 2665 0.01
2665 2664 0.05
2665 2663 0.01
3291 863 0.05
3291 3291 0.05
3291 3292 0.2
3291 3293 0.01
3291 429 0.01
3291 46 0.01
3291 30 0.2
3291 22 0.2
3291 638 0.2
3291 326 0.01
3291 2616 0.05
3291 1176 0.05
3291 783 0.2
3291 1171 0.05
3291 719 0.01
3294 3294 0.2
3295 3295 0.05
241 241 0.01
241 1179 0.05
241 3296 0.05
241 351 0.2
241 1033 0.2
241 214 0.05
241 271 0.01
241 46 0.2
241 30 0.05
241 286 0.01
241 1485 0.01
241 453 0.2
241 352 0.01
241 1961 0.2
241 1167 0.2
241 3009 0.01
241 1960 0.2
241 1126 0.05
241 638 0.01
241 394 0.2
241 194 0.01
241 1000 0.05
241 2412 0.05
241 98 0.2
241 3297 0.2
241 3050 0.05
241 121 0.2
241 3007 0.2
241 3006 0.2
241 904 0.01
3298 370 0.05
3298 463 0.2
3298 464 0.01
3298 462 0.2
3298 465 0.2
3299 3299 0.05
268 269 0.01
268 333 0.05
268 67 0.05
268 268 0.01
268 1839 0.01
268 328 0.05
268 267 0.2
268 270 0.05
3300 3300 0.05
3301 3301 0.01
3302 3302 0.2
3303 3303 0.01
3182 110 0.01
3182 122 0.01
3182 165 0.05
3182 2134 0.05
3182 328 0.01
3182 1126 0.01
3182 3182 0.05
3182 1047 0.2
3182 3304 0.2
3182 3305 0.01
3182 708 0.05
3182 807 0.01
3182 246 0.05
3306 3306 0.01
3307 1086 0.01
3307 2971 0.05
3307 3308 0.2
3307 3309 0.2
3307 3310 0.05
3311 3311 0.01
2138 2138 0.2
2138 912 0.05
2138 2089 0.2
2138 83 0.01
2138 1605 0.01
2138 2134 0.01
3312 580 0.01
3312 593 0.01
392 392 0.2
392 801 0.2
392 1309 0.2
392 2667 0.01
392 651 0.05
392 390 0.05
392 2843 0.05
392 738 0.2
392 391 0.05
392 3313 0.01
392 1754 0.2
2439 2439 0.2
2439 1354 0.2
2439 1450 0.05
2439 1248 0.2
2439 3314 0.2
2439 209 0.01
2439 2942 0.05
2439 1820 0.05
2439 708 0.01
2439 2269 0.05
3315 3315 0.05
1643 1643 0.2
1643 353 0.2
1643 739 0.05
1643 784 0.01
1643 492 0.01
1643 1546 0.01
1643 3240 0.05
3316 3316 0.2
3316 3317 0.05
3316 3318 0.05
3316 1643 0.05
3316 1992 0.2
3316 555 0.01
3316 89 0.01
3316 507 0.01
3316 44 0.01
3316 205 0.01
3316 1801 0.01
3316 45 0.2
3316 328 0.01
3316 1065 0.2
3316 1217 0.01
3316 1075 0.05
3316 1281 0.2
3316 988 0.2
3316 3319 0.05
3316 232 0.2
3316 329 0.05
3316 102 0.05
3316 1704 0.01
3316 497 0.2
3316 710 0.01
3320 3320 0.2
3321 3321 0.05
3321 2671 0.01
3322 3322 0.2
3322 643 0.01
3322 3239 0.01
3322 1555 0.01
2805 3323 0.01
2805 1546 0.05
2805 784 0.01
2805 1097 0.2
2805 352 0.2
2805 2157 0.05
1112 1112 0.01
1112 1339 0.05
1112 113 0.01
1112 887 0.2
1112 784 0.01
1112 2307 0.01
1112 1435 0.2
1112 564 0.2
1112 335 0.05
1112 1110 0.2
791 791 0.2
791 577 0.01
791 326 0.05
791 735 0.01
791 1616 0.05
791 174 0.01
791 1356 0.05
791 511 0.01
791 46 0.01
791 350 0.2
791 1075 0.05
791 2562 0.05
791 2563 0.05
791 1476 0.01
791 349 0.01
791 646 0.01
791 934 0.05
791 328 0.2
791 1436 0.2
791 719 0.2
791 325 0.2
791 829 0.01
791 623 0.01
791 352 0.2
791 467 0.01
791 468 0.2
791 466 0.01
791 1166 0.01
791 2248 0.05
791 1021 0.2
791 737 0.01
791 918 0.2
791 1072 0.01
791 797 0.01
791 569 0.2
791 481 0.05
791 1117 0.2
791 1133 0.05
791 144 0.01
791 1028 0.05
791 501 0.05
791 915 0.01
791 2647 0.05
791 1490 0.01
791 1752 0.05
791 555 0.05
791 810 0.01
791 34 0.01
791 1754 0.2
791 305 0.2
791 44 0.05
791 540 0.05
791 638 0.05
791 30 0.2
791 99 0.01
791 2894 0.2
791 3324 0.01
791 935 0.05
791 2614 0.2
791 361 0.2
791 231 0.05
791 912 0.2
791 3325 0.2
791 1241 0.01
791 3133 0.01
791 561 0.2
791 3296 0.2
791 3149 0.05
791 171 0.05
791 22 0.01
791 651 0.05
791 1937 0.2
791 2945 0.01
791 1702 0.05
791 586 0.01
791 1602 0.2
791 3326 0.01
791 271 0.2
791 3327 0.01
791 804 0.2
791 1786 0.01
791 1847 0.05
791 1430 0.05
791 2324 0.05
791 292 0.05
791 172 0.05
791 1848 0.2
791 1948 0.05
791 2435 0.05
791 904 0.2
791 2918 0.2
791 346 0.05
791 1856 0.05
791 261 0.05
791 2302 0.2
791 65 0.05
791 1223 0.05
791 1314 0.2
791 1301 0.2
791 525 0.2
791 1217 0.2
791 1991 0.2
791 1278 0.2
791 711 0.2
791 353 0.2
791 990 0.2
791 242 0.01
791 3328 0.05
791 1811 0.05
791 545 0.01
791 3050 0.2
791 793 0.05
791 949 0.05
791 785 0.2
791 513 0.2
791 1147 0.2
791 2450 0.2
791 610 0.01
3099 121 0.05
3099 46 0.2
3099 1075 0.05
3099 1428 0.05
3099 1123 0.05
3099 328 0.2
3099 1020 0.2
3099 352 0.01
3099 784 0.05
3099 385 0.05
3099 1799 0.01
3099 3329 0.2
3099 1097 0.01
3099 3330 0.05
3099 1898 0.05
3099 1451 0.01
3099 3132 0.05
3099 387 0.2
3099 141 0.2
3099 1546 0.05
3099 3133 0.05
3099 405 0.05
3099 736 0.2
3099 175 0.05
1571 858 0.2
1571 328 0.2
1571 577 0.01
1571 629 0.2
1571 650 0.01
1571 286 0.2
1571 49 0.05
1571 46 0.01
1571 1993 0.2
1571 303 0.2
1571 352 0.05
1571 649 0.2
1571 1641 0.2
1571 2171 0.2
1571 194 0.05
1571 126 0.01
1571 918 0.05
1571 329 0.2
513 513 0.2
513 1786 0.01
513 333 0.01
513 234 0.2
513 545 0.2
513 712 0.05
513 2224 0.2
513 2782 0.01
513 1322 0.01
513 813 0.2
513 2250 0.2
513 599 0.05
513 1831 0.01
513 1243 0.2
513 2911 0.05
3331 2037 0.05
3332 3332 0.01
3332 1754 0.05
3333 3333 0.05
659 659 0.2
659 2453 0.05
659 290 0.2
659 652 0.05
659 1201 0.2
3334 3334 0.05
1768 193 0.01
1768 624 0.05
1768 627 0.2
1768 793 0.01
1768 331 0.05
1768 650 0.01
1768 274 0.05
1768 629 0.2
1768 333 0.05
1768 282 0.01
1768 332 0.01
1768 334 0.01
1768 655 0.05
1768 3220 0.05
1222 652 0.05
1222 105 0.2
1222 659 0.2
1222 110 0.05
1222 2289 0.2
1222 1499 0.2
1222 3335 0.05
1222 290 0.01
1222 3336 0.05
1222 3337 0.01
1222 2454 0.05
1222 2455 0.2
1222 377 0.05
1222 137 0.2
1222 2458 0.01
1222 1218 0.05
1222 2457 0.05
1222 1479 0.05
1222 1212 0.05
1222 2461 0.01
1222 747 0.01
1222 1605 0.01
1222 1210 0.01
1222 79 0.05
1222 1215 0.01
1222 748 0.01
1222 2378 0.01
1222 1205 0.05
1222 746 0.01
1222 2459 0.2
1222 3338 0.2
1222 1214 0.05
1222 1219 0.01
1222 1213 0.01
1222 2460 0.2
1222 749 0.2
1222 743 0.05
1222 2501 0.01
1222 3147 0.01
1222 647 0.2
3192 3192 0.2
3192 827 0.01
3192 1592 0.01
3192 736 0.01
3192 329 0.05
3192 739 0.2
3192 142 0.2
3192 790 0.05
3192 2799 0.05
3192 1699 0.05
3192 3313 0.01
3339 3339 0.01
3189 2206 0.01
3189 429 0.2
3189 431 0.2
3189 2208 0.2
3189 30 0.05
3189 46 0.2
3189 345 0.05
3189 719 0.01
3189 428 0.01
3189 1516 0.01
3189 677 0.2
3189 3140 0.2
3189 106 0.05
3189 514 0.01
3340 1316 0.01
3340 3341 0.05
3342 3343 0.01
3342 626 0.2
3342 3268 0.2
3344 1436 0.01
3345 3345 0.01
3346 724 0.01
1765 1765 0.2
1765 405 0.2
1765 739 0.2
1765 789 0.05
1765 2666 0.05
1765 286 0.01
1765 801 0.01
1765 3347 0.01
1765 1195 0.05
1765 2276 0.01
1765 46 0.01
1765 175 0.05
1765 2094 0.2
1765 1117 0.01
1765 327 0.01
1765 51 0.01
1765 331 0.05
1765 656 0.01
1765 349 0.01
1765 736 0.01
1765 1020 0.2
1765 729 0.05
1765 90 0.05
1765 2247 0.2
1765 1434 0.2
1765 858 0.05
1765 1078 0.05
1765 1764 0.01
1765 643 0.01
1765 1068 0.01
1765 701 0.01
1765 335 0.05
1765 1597 0.2
1765 934 0.05
1765 1553 0.05
1765 163 0.01
1765 141 0.2
1765 807 0.05
1765 1696 0.2
1765 1053 0.05
1765 53 0.01
1765 361 0.2
76 76 0.05
2452 1991 0.01
2452 2934 0.2
2452 3348 0.05
2452 293 0.05
3075 3075 0.2
3075 3074 0.05
3349 3349 0.05
3349 191 0.01
3349 3350 0.05
3349 743 0.2
3349 747 0.2
3349 652 0.05
3349 1222 0.05
3349 748 0.2
3349 714 0.01
3349 647 0.05
3349 746 0.01
3349 137 0.2
3349 126 0.01
3349 1218 0.2
3349 749 0.2
3349 2454 0.2
647 764 0.05
647 1543 0.01
647 748 0.05
647 1222 0.01
3351 3351 0.01
3352 1654 0.05
3353 3353 0.05
3354 2272 0.05
3355 683 0.05
3356 3356 0.01
3356 1064 0.2
3356 3357 0.05
3358 3358 0.01
3359 3359 0.05
3360 175 0.2
3361 3361 0.05
3362 612 0.01
3362 610 0.2
3363 3363 0.2
3364 3364 0.01
3365 683 0.2
3365 3366 0.2
3365 1059 0.01
3367 3367 0.05
3367 108 0.2
3367 784 0.01
3368 48 0.05
2605 2601 0.2
2605 2602 0.05
2605 1750 0.05
2605 1757 0.05
2605 2605 0.01
2605 2606 0.05
3369 3369 0.05
3370 3370 0.2
3370 1316 0.05
3371 3371 0.05
1002 174 0.01
1002 30 0.05
1002 466 0.05
1002 328 0.05
1002 46 0.01
1002 3372 0.05
1002 990 0.05
1002 1001 0.05
1002 1589 0.05
1002 3050 0.01
3373 3374 0.01
3375 3375 0.01
2003 2003 0.2
2003 1167 0.2
2003 1485 0.2
3376 822 0.2
3376 3376 0.2
597 30 0.01
597 1116 0.01
597 1238 0.05
597 597 0.05
597 659 0.01
597 316 0.01
597 46 0.01
597 856 0.2
597 750 0.01
597 1546 0.01
597 714 0.2
597 349 0.2
597 1428 0.2
597 1124 0.01
597 555 0.05
597 749 0.01
597 126 0.2
597 1176 0.05
597 326 0.05
597 175 0.01
597 329 0.05
597 2891 0.01
597 1247 0.05
597 2538 0.05
597 1511 0.01
597 610 0.01
597 353 0.05
597 719 0.05
597 1240 0.01
597 224 0.2
597 2031 0.01
597 736 0.01
597 286 0.01
597 2929 0.2
597 1021 0.01
597 3102 0.2
597 271 0.2
597 65 0.2
597 1246 0.01
597 1047 0.05
597 512 0.2
597 3377 0.05
597 323 0.05
597 1786 0.01
597 92 0.01
597 2614 0.01
597 2216 0.01
597 2515 0.2
597 1699 0.2
597 1698 0.01
597 674 0.01
597 3378 0.01
597 293 0.05
597 1957 0.01
597 1172 0.2
597 2748 0.01
597 1494 0.05
597 2327 0.2
597 2329 0.05
597 237 0.2
597 3379 0.01
597 591 0.01
597 2988 0.2
597 2619 0.01
597 784 0.01
597 791 0.01
597 803 0.05
597 311 0.01
597 1422 0.05
597 3380 0.2
597 1165 0.01
597 172 0.2
597 333 0.2
597 3381 0.01
597 626 0.05
597 1334 0.01
597 3382 0.01
597 83 0.01
597 1737 0.05
597 70 0.01
597 471 0.01
597 1998 0.01
597 3383 0.2
597 1189 0.05
597 247 0.2
597 1192 0.05
597 248 0.05
597 1478 0.01
597 1040 0.05
597 250 0.01
597 214 0.2
597 641 0.01
597 362 0.2
597 513 0.01
597 2273 0.01
597 133 0.2
597 2072 0.2
597 251 0.01
597 3035 0.01
597 2592 0.05
597 500 0.01
597 255 0.01
597 291 0.05
597 356 0.05
597 904 0.2
597 1602 0.05
597 2002 0.2
597 759 0.05
597 488 0.2
597 934 0.2
597 1216 0.2
597 703 0.05
597 2858 0.2
597 556 0.05
597 1315 0.2
597 501 0.2
597 243 0.05
597 822 0.2
597 523 0.2
597 3119 0.2
597 2918 0.2
597 806 0.05
597 540 0.05
597 3384 0.2
597 1185 0.05
597 81 0.01
597 258 0.2
597 2377 0.05
597 1535 0.01
597 1405 0.01
597 3121 0.01
597 852 0.01
597 3385 0.2
597 3386 0.05
597 94 0.05
597 982 0.01
597 1819 0.2
597 2000 0.05
597 911 0.05
597 1171 0.05
597 107 0.05
597 1136 0.05
597 1110 0.01
597 2021 0.05
597 1000 0.05
597 113 0.01
597 3387 0.01
597 3388 0.01
597 2749 0.05
597 3389 0.2
597 3141 0.01
597 631 0.05
597 593 0.2
597 2518 0.2
597 2593 0.01
597 2016 0.2
597 252 0.05
597 2334 0.05
597 2008 0.01
597 1045 0.01
597 3390 0.01
597 3391 0.01
597 1486 0.05
597 1091 0.05
597 1600 0.05
597 2381 0.05
597 3392 0.05
597 1585 0.2
597 986 0.05
597 93 0.05
597 1880 0.01
597 2634 0.05
597 2789 0.01
597 517 0.05
597 2844 0.01
597 309 0.01
597 3393 0.01
597 1345 0.2
597 254 0.01
597 1563 0.05
597 2239 0.05
597 563 0.01
597 987 0.05
597 2535 0.05
597 3394 0.05
597 632 0.2
597 2089 0.05
597 1326 0.01
597 995 0.2
597 111 0.05
597 2851 0.05
597 1220 0.2
597 67 0.2
597 98 0.05
597 1217 0.01
597 963 0.05
597 960 0.01
597 2141 0.05
597 757 0.05
597 518 0.01
597 840 0.05
597 774 0.2
597 993 0.01
597 1413 0.01
597 528 0.01
597 3395 0.01
597 2507 0.2
597 1333 0.2
597 211 0.2
597 3396 0.05
597 2164 0.01
597 263 0.01
597 269 0.2
597 268 0.01
597 1137 0.2
597 2306 0.2
597 378 0.05
597 1817 0.01
597 2694 0.05
597 973 0.05
597 524 0.05
597 1991 0.2
597 956 0.05
597 917 0.05
597 3397 0.2
597 189 0.05
597 1522 0.05
597 972 0.05
597 599 0.01
597 971 0.2
597 958 0.2
597 855 0.01
597 1797 0.05
597 3398 0.05
597 974 0.05
597 976 0.2
597 1550 0.01
597 2506 0.2
597 970 0.2
597 950 0.2
597 954 0.2
597 194 0.2
597 705 0.2
597 955 0.01
597 2295 0.01
597 2933 0.05
597 3217 0.05
597 376 0.2
597 992 0.2
597 2270 0.05
597 2705 0.2
597 2063 0.2
597 923 0.2
597 3399 0.05
597 242 0.01
597 938 0.01
597 1811 0.01
597 3400 0.01
597 3401 0.2
597 3402 0.05
597 1559 0.05
597 394 0.05
597 999 0.01
597 1060 0.01
597 1685 0.01
597 965 0.05
597 741 0.01
597 1043 0.01
597 3403 0.01
597 1399 0.05
597 3089 0.2
597 920 0.01
597 711 0.05
597 722 0.01
597 3404 0.05
597 3405 0.2
597 3406 0.2
597 1092 0.05
597 858 0.01
597 623 0.01
597 1768 0.01
597 813 0.01
597 892 0.01
597 3407 0.05
597 928 0.2
597 2745 0.05
597 246 0.01
597 3408 0.01
597 2792 0.05
597 3176 0.01
597 1832 0.2
597 2777 0.05
597 3218 0.01
597 1528 0.01
597 1527 0.2
597 2042 0.05
597 577 0.05
597 328 0.2
597 334 0.2
597 2350 0.05
597 891 0.05
597 1463 0.05
597 3409 0.2
597 3410 0.2
597 406 0.2
597 3411 0.2
597 1711 0.05
597 401 0.2
597 3412 0.2
597 699 0.05
597 3413 0.2
597 68 0.01
597 2974 0.2
597 1920 0.2
597 1826 0.2
597 7 0.2
597 1236 0.2
597 594 0.2
597 403 0.05
597 1781 0.2
597 1779 0.01
597 1630 0.01
597 1174 0.01
597 2772 0.05
597 3414 0.05
597 1971 0.05
597 3051 0.05
597 1656 0.2
597 812 0.05
597 1393 0.05
597 1178 0.2
597 525 0.05
597 45 0.01
597 421 0.2
597 654 0.05
597 953 0.05
597 1770 0.01
597 2231 0.01
597 2541 0.2
597 3082 0.01
597 1510 0.01
597 2347 0.01
597 1182 0.05
597 1831 0.01
597 3415 0.01
597 1578 0.2
597 1743 0.2
597 2315 0.2
597 2193 0.05
597 3416 0.05
597 23 0.2
597 3312 0.05
597 3125 0.05
597 1778 0.2
597 3417 0.05
597 1569 0.05
597 3052 0.01
597 3418 0.01
597 3419 0.01
597 2282 0.2
597 1965 0.05
597 2832 0.2
597 414 0.01
597 2221 0.05
597 2352 0.01
597 3420 0.05
597 2259 0.05
597 3181 0.05
597 3421 0.01
597 2784 0.05
597 2439 0.05
597 2136 0.01
597 2466 0.05
597 2790 0.05
597 708 0.01
597 335 0.05
597 2785 0.01
597 2787 0.05
597 125 0.05
597 943 0.05
597 469 0.2
597 1237 0.01
597 1618 0.05
597 43 0.05
597 1732 0.01
597 1733 0.05
597 1634 0.01
597 2780 0.2
597 2084 0.01
597 2795 0.05
597 2018 0.01
597 492 0.2
597 440 0.05
597 22 0.2
597 429 0.05
597 1068 0.01
597 1126 0.01
597 3422 0.01
597 2774 0.01
597 770 0.2
597 634 0.01
597 1142 0.01
597 2372 0.2
597 620 0.05
597 1390 0.05
597 124 0.01
597 830 0.2
597 3423 0.2
597 3424 0.01
597 3425 0.01
597 1242 0.01
597 3426 0.05
597 232 0.01
597 157 0.01
597 3427 0.01
597 3428 0.05
597 1876 0.05
597 2741 0.2
597 3429 0.2
597 1636 0.2
597 1774 0.05
597 3430 0.2
597 1852 0.2
597 3206 0.01
597 3431 0.01
597 3432 0.01
597 2511 0.05
597 3433 0.05
597 3434 0.01
597 2778 0.01
597 2671 0.2
597 2277 0.01
597 3007 0.01
597 3435 0.2
597 2474 0.01
597 780 0.01
597 1872 0.01
597 775 0.05
597 709 0.05
597 768 0.01
597 3436 0.05
597 3437 0.2
597 363 0.05
597 1417 0.2
597 346 0.2
597 2615 0.01
597 772 0.2
597 3438 0.05
597 2349 0.01
597 769 0.01
597 1363 0.05
597 3439 0.2
597 3440 0.05
597 2940 0.01
597 552 0.2
597 1665 0.2
597 3441 0.2
597 1377 0.01
597 441 0.05
597 1851 0.2
597 2434 0.01
597 545 0.2
597 1277 0.05
597 1416 0.01
597 1394 0.05
597 899 0.05
597 897 0.2
597 1586 0.01
597 1243 0.2
597 400 0.05
597 804 0.05
597 13 0.05
597 1223 0.2
597 20 0.05
597 944 0.05
597 625 0.2
597 1378 0.2
597 2254 0.05
597 779 0.05
597 737 0.01
597 212 0.05
597 1339 0.2
597 807 0.05
597 2938 0.01
597 771 0.01
597 1958 0.05
597 2911 0.01
597 238 0.2
597 3442 0.01
597 1365 0.01
597 2463 0.01
597 3443 0.01
597 3444 0.2
597 900 0.01
597 1005 0.01
597 2134 0.01
597 383 0.05
597 1331 0.01
597 1662 0.01
597 3445 0.2
597 1085 0.01
597 2672 0.05
597 990 0.05
597 3446 0.2
597 3447 0.05
597 1368 0.2
597 3448 0.01
597 405 0.2
597 1373 0.05
597 1954 0.05
597 1248 0.05
597 3449 0.01
597 1375 0.2
597 1251 0.2
597 3450 0.2
597 3451 0.2
597 2969 0.2
597 2970 0.2
597 1254 0.05
597 1930 0.2
597 1419 0.01
597 1398 0.05
597 1386 0.2
597 1387 0.01
597 1383 0.05
597 297 0.01
597 1952 0.05
597 2144 0.01
597 1250 0.05
597 764 0.01
597 42 0.01
597 1385 0.01
597 727 0.05
597 2740 0.05
597 1955 0.01
597 3452 0.05
597 3453 0.05
597 3454 0.2
597 2265 0.05
597 1456 0.2
597 1094 0.05
597 2807 0.05
597 128 0.01
597 1389 0.05
597 3455 0.2
391 391 0.2
391 801 0.05
391 1309 0.2
391 2751 0.05
391 1459 0.2
391 390 0.2
391 1684 0.01
391 3313 0.01
391 2667 0.01
391 392 0.05
391 2843 0.05
391 389 0.01
391 388 0.05
391 584 0.05
3456 3456 0.01
3456 286 0.01
3457 3457 0.01
3458 3458 0.01
3459 3459 0.2
3460 3460 0.2
1696 1696 0.05
1696 739 0.05
1696 736 0.01
1696 1053 0.2
1696 1635 0.01
1696 97 0.05
1696 1692 0.01
1696 648 0.01
1696 859 0.2
1696 329 0.05
1696 46 0.2
1696 91 0.05
1696 835 0.2
1696 1693 0.05
1696 740 0.05
1696 142 0.01
1696 1307 0.01
1696 656 0.05
1696 106 0.2
1696 3461 0.01
1696 855 0.01
1696 837 0.01
1696 856 0.05
3462 303 0.2
3462 46 0.2
3462 30 0.2
2135 912 0.2
2135 83 0.2
2135 349 0.05
2135 1605 0.2
2135 1881 0.05
2135 3088 0.2
2135 2089 0.2
2135 274 0.2
2135 1216 0.2
2135 3240 0.01
2135 784 0.05
2135 963 0.2
2135 1780 0.01
2135 3463 0.05
2135 3464 0.2
2135 2137 0.2
2135 2136 0.2
1673 1673 0.05
1673 2409 0.2
1673 807 0.05
1673 30 0.01
1673 46 0.05
1673 328 0.05
1673 473 0.01
1673 844 0.05
1673 3465 0.2
1673 1674 0.2
1673 3466 0.01
1673 40 0.05
1673 556 0.05
1673 918 0.05
1673 957 0.2
1673 657 0.2
1673 450 0.01
1673 449 0.05
1673 739 0.2
1673 142 0.01
1673 451 0.05
1673 2034 0.05
1673 1584 0.05
1673 3467 0.2
1673 3468 0.01
1673 630 0.01
3469 2229 0.2
3469 3469 0.2
3469 1499 0.05
3469 1222 0.05
3469 747 0.05
3469 714 0.01
3469 30 0.2
3469 746 0.01
3469 872 0.01
3469 428 0.01
3469 647 0.05
3469 1479 0.01
3469 1213 0.05
916 2528 0.01
916 3470 0.05
916 3471 0.01
916 2225 0.01
916 1596 0.05
916 916 0.2
1677 582 0.2
1677 167 0.05
1677 165 0.01
1677 2292 0.2
1677 1677 0.2
1677 352 0.2
1677 286 0.05
1677 2711 0.2
2625 2100 0.2
2625 612 0.01
2625 1778 0.05
2625 1569 0.2
2625 1562 0.01
2625 3124 0.2
2625 2269 0.2
3472 3472 0.2
3473 286 0.05
711 797 0.01
711 14 0.01
711 1491 0.05
711 1167 0.2
711 2561 0.2
711 46 0.05
711 764 0.01
711 711 0.2
711 2565 0.2
711 1553 0.01
711 852 0.01
711 780 0.2
711 1302 0.05
711 2464 0.01
711 774 0.05
711 349 0.2
711 348 0.01
711 9 0.05
711 329 0.01
711 806 0.01
711 643 0.01
711 13 0.2
711 1393 0.2
711 1339 0.05
711 245 0.01
711 531 0.2
711 3474 0.05
711 3475 0.2
711 269 0.05
711 751 0.05
711 791 0.01
711 888 0.05
711 1495 0.01
711 1021 0.2
711 1545 0.01
711 599 0.05
711 1278 0.01
711 103 0.05
711 613 0.05
711 939 0.2
711 1948 0.2
711 2507 0.2
711 898 0.2
711 378 0.01
711 3009 0.01
711 2930 0.01
711 6 0.01
711 20 0.01
711 2790 0.01
711 943 0.01
711 2732 0.05
711 1187 0.01
711 1642 0.01
711 2614 0.05
711 891 0.05
711 2686 0.01
711 1147 0.2
711 892 0.2
711 3476 0.05
711 776 0.2
711 1370 0.01
711 3477 0.05
711 2268 0.2
711 678 0.2
711 2348 0.05
711 1392 0.01
711 3428 0.05
711 793 0.01
711 2251 0.05
711 717 0.01
711 492 0.05
711 363 0.01
711 2463 0.2
711 897 0.05
711 577 0.2
711 3440 0.01
711 1364 0.2
711 1362 0.01
711 2890 0.01
711 3431 0.01
711 1538 0.01
711 3478 0.05
3479 1373 0.01
1781 46 0.2
1781 126 0.2
1781 30 0.2
1781 3480 0.01
1781 1579 0.05
1781 1052 0.2
1781 286 0.05
1781 610 0.01
1781 2847 0.05
1781 597 0.05
1781 1178 0.05
1781 353 0.01
1781 44 0.2
1781 2232 0.05
1781 632 0.01
1781 45 0.01
1781 1343 0.01
1781 3481 0.2
1781 3482 0.2
1781 2226 0.05
1781 2231 0.2
1781 3483 0.2
1781 65 0.2
1781 440 0.01
1781 431 0.2
1781 3484 0.01
1781 2274 0.2
1781 62 0.05
1781 1629 0.2
1781 2141 0.05
1781 3485 0.05
1781 851 0.05
1781 815 0.2
1781 506 0.05
1781 714 0.01
1781 708 0.01
1781 2269 0.01
1781 157 0.05
1781 2774 0.01
1781 3486 0.01
1781 5 0.2
1781 1988 0.05
1781 786 0.01
1781 1562 0.2
1781 561 0.05
1781 3487 0.2
1781 2195 0.05
1145 1166 0.05
1145 1378 0.2
1145 625 0.01
1145 296 0.05
1145 1579 0.05
1145 3024 0.01
1145 1562 0.01
1145 375 0.01
1145 227 0.2
1145 283 0.2
1145 1307 0.2
1145 747 0.01
1145 3488 0.2
1145 2934 0.01
1145 965 0.05
1145 1222 0.05
1145 362 0.2
1145 277 0.2
1145 683 0.2
1145 795 0.05
1145 175 0.01
1145 3396 0.2
1145 328 0.01
1145 2393 0.2
1145 712 0.05
1145 525 0.01
1145 3489 0.05
1145 1512 0.2
1145 890 0.05
1145 87 0.05
1145 23 0.01
1145 599 0.01
1145 1494 0.01
1145 207 0.05
1145 1469 0.2
1145 584 0.01
1145 1091 0.2
1145 1223 0.05
1145 1308 0.05
1145 466 0.01
1145 1366 0.05
1145 1316 0.05
1145 399 0.05
1145 2141 0.01
1145 1236 0.2
1145 335 0.05
1145 1991 0.01
1145 1145 0.05
1145 1144 0.05
1145 857 0.2
1145 612 0.05
1145 860 0.05
2629 1697 0.01
2629 736 0.01
2629 835 0.05
2629 142 0.05
2629 1286 0.01
2629 740 0.2
2629 102 0.01
2629 91 0.01
2629 792 0.2
2629 2376 0.2
2629 648 0.2
2629 2262 0.01
2629 790 0.05
2629 106 0.01
2629 2748 0.01
2629 837 0.05
2629 1693 0.05
2629 855 0.05
2629 1454 0.01
2629 739 0.01
2629 1053 0.2
2629 789 0.01
2629 1628 0.2
2629 3490 0.01
2629 84 0.01
2629 3491 0.01
2629 584 0.05
2629 1306 0.05
2629 852 0.2
2629 1464 0.2
2629 318 0.01
2629 522 0.2
2629 859 0.2
2629 786 0.2
2629 128 0.2
2629 1781 0.2
3492 3492 0.05
3493 3493 0.2
3494 3494 0.2
3495 3495 0.05
3496 3496 0.01
1580 1580 0.05
1580 3497 0.01
1580 302 0.05
1580 467 0.05
1580 151 0.01
1580 879 0.2
1580 126 0.05
1580 3379 0.05
1580 240 0.2
1580 644 0.01
1580 719 0.01
1580 642 0.01
1580 329 0.01
1580 30 0.2
1580 163 0.01
1580 1278 0.01
1580 1568 0.05
1580 787 0.01
1580 1020 0.05
1580 2746 0.05
1546 1176 0.05
1546 1211 0.2
1546 1643 0.01
1546 736 0.05
1546 104 0.01
1546 1023 0.2
1546 92 0.2
1546 1027 0.01
1546 3188 0.01
1546 90 0.05
1546 405 0.01
3498 3498 0.01
3499 3499 0.2
3500 2275 0.2
3500 2930 0.2
3500 2497 0.01
3500 3501 0.2
3500 2428 0.01
3500 2510 0.05
3500 3404 0.01
3500 116 0.2
3502 3502 0.2
949 126 0.01
949 46 0.01
949 1495 0.2
949 1020 0.2
949 719 0.2
949 172 0.01
949 171 0.05
949 1754 0.01
949 30 0.2
949 939 0.2
949 438 0.05
3503 3503 0.2
3504 3504 0.2
1325 762 0.01
1325 1522 0.05
1325 22 0.2
1325 2732 0.01
1325 1177 0.01
1437 1616 0.05
1437 328 0.01
1437 30 0.2
1437 797 0.2
1437 174 0.05
1437 511 0.01
1437 512 0.2
1437 1028 0.05
1437 3172 0.05
1437 1927 0.01
1437 645 0.05
1437 638 0.2
1437 1074 0.05
1437 3505 0.2
3506 3506 0.05
1066 1066 0.05
1066 1856 0.01
1066 1065 0.2
1066 618 0.01
1066 1561 0.2
1066 2215 0.05
1066 431 0.05
1066 2091 0.2
1066 2222 0.2
1066 643 0.05
1066 322 0.01
1066 2069 0.01
1066 126 0.05
1066 2207 0.2
1066 863 0.01
1066 1270 0.2
1066 2430 0.05
1066 2259 0.2
834 834 0.01
834 142 0.2
834 739 0.01
834 656 0.2
834 1028 0.2
834 734 0.01
834 1022 0.2
834 1306 0.01
846 846 0.01
846 40 0.2
846 326 0.01
846 1162 0.01
846 1171 0.01
846 1486 0.2
846 2273 0.01
846 582 0.2
846 840 0.01
846 1703 0.2
846 683 0.05
846 1306 0.01
846 2214 0.01
846 3379 0.05
846 956 0.01
846 972 0.2
846 774 0.01
846 322 0.2
846 1548 0.01
846 271 0.2
846 922 0.01
846 98 0.2
846 997 0.01
846 593 0.05
846 103 0.01
846 157 0.05
846 3507 0.01
846 3028 0.05
846 399 0.01
846 1652 0.01
846 1153 0.2
846 418 0.2
846 776 0.01
846 1183 0.05
846 3477 0.05
846 2847 0.05
846 1178 0.05
846 1394 0.2
846 261 0.2
846 3508 0.2
846 1872 0.05
846 1874 0.05
846 3509 0.2
846 924 0.01
846 2265 0.2
846 1370 0.01
846 3510 0.01
846 583 0.05
846 3511 0.05
846 1254 0.01
3512 3513 0.2
3514 3514 0.2
3514 1398 0.01
3515 3515 0.05
3516 3516 0.05
3517 3517 0.05
3517 326 0.05
3517 1117 0.01
3517 30 0.05
3517 46 0.01
3517 719 0.05
3517 328 0.05
3517 1083 0.01
3517 1028 0.01
3517 1284 0.01
3517 915 0.2
3517 638 0.05
3517 112 0.2
3517 349 0.05
3517 1917 0.01
3517 735 0.05
3517 569 0.01
3517 286 0.05
3517 595 0.01
3517 1309 0.05
3517 385 0.05
3517 22 0.01
3517 2199 0.05
3517 3337 0.01
3517 469 0.05
1150 887 0.2
1150 101 0.01
1150 1343 0.2
1150 1930 0.05
1150 943 0.05
1150 19 0.05
1150 456 0.2
1150 225 0.01
1150 215 0.05
1150 658 0.01
1150 1658 0.2
1150 1536 0.05
1150 2610 0.05
1150 3122 0.05
1150 1496 0.05
1150 2271 0.01
1150 35 0.05
1150 224 0.01
1150 2609 0.05
3518 3519 0.01
3518 3520 0.01
3518 794 0.01
3518 2572 0.2
3518 3403 0.05
3518 803 0.05
3518 725 0.01
3518 326 0.2
1476 328 0.2
1476 719 0.2
1476 30 0.01
1476 324 0.01
1476 947 0.05
1476 468 0.2
1476 466 0.05
1476 1616 0.2
1476 1020 0.05
1476 1073 0.2
1476 735 0.01
1476 1072 0.05
1476 645 0.2
1476 1075 0.2
1476 174 0.05
1476 577 0.2
1476 1436 0.05
1476 1633 0.01
2363 915 0.01
2363 934 0.2
2363 172 0.01
2363 791 0.01
2363 582 0.05
2363 2362 0.05
2363 2517 0.01
2363 2841 0.2
2363 1856 0.2
3521 1375 0.2
3521 3521 0.2
3521 1379 0.2
3521 2256 0.01
3522 3522 0.2
3523 3523 0.05
888 888 0.2
888 2789 0.01
888 261 0.01
888 711 0.01
888 3524 0.05
888 3525 0.2
888 2995 0.2
888 3526 0.05
2466 2466 0.2
2466 405 0.05
2466 400 0.01
2466 3527 0.05
2466 1711 0.01
3528 3528 0.01
3529 3529 0.01
2297 2297 0.2
2297 519 0.05
2297 751 0.2
3530 191 0.05
3530 915 0.05
3531 233 0.2
3532 3532 0.05
3533 3533 0.2
118 30 0.01
118 652 0.2
118 1428 0.05
118 1123 0.2
118 282 0.2
118 770 0.2
118 112 0.2
118 118 0.05
118 642 0.01
118 424 0.05
118 425 0.05
118 22 0.2
118 1124 0.01
118 426 0.01
3534 3534 0.05
3535 3535 0.01
3536 3536 0.05
1170 1170 0.05
1170 3217 0.05
1170 376 0.01
1170 110 0.2
1170 994 0.05
1170 1222 0.05
1170 377 0.01
1170 804 0.05
2856 346 0.2
2856 224 0.01
2856 522 0.2
1743 1743 0.01
1743 632 0.01
1743 80 0.2
1743 1738 0.01
1743 126 0.01
1743 175 0.05
1743 46 0.01
1743 1182 0.01
1743 461 0.05
1743 1744 0.05
1743 1514 0.2
1743 53 0.2
1743 1747 0.01
1743 1741 0.01
1743 3537 0.2
1743 1181 0.2
1743 242 0.05
1743 604 0.2
1743 1775 0.01
1743 1756 0.01
1743 1145 0.2
1743 625 0.01
1743 804 0.01
1743 1447 0.05
1743 48 0.01
1743 1740 0.01
1743 1779 0.05
1743 597 0.01
1743 739 0.2
1743 708 0.05
1743 1605 0.01
1743 673 0.05
1743 1393 0.2
1743 950 0.2
1743 1965 0.05
1743 19 0.01
1743 1124 0.01
1743 2106 0.05
1743 1154 0.01
1743 2537 0.2
1743 2251 0.01
1743 1473 0.01
1743 3538 0.05
1743 917 0.2
1743 1365 0.2
3539 3539 0.2
3540 3540 0.2
1749 1749 0.01
1749 1915 0.01
1749 426 0.05
924 3030 0.2
924 630 0.05
924 924 0.2
924 776 0.01
924 2313 0.2
837 1692 0.2
837 1298 0.2
837 1689 0.01
837 106 0.05
837 739 0.01
837 2376 0.05
837 792 0.05
837 736 0.01
837 1433 0.01
837 97 0.2
837 142 0.2
837 833 0.01
837 574 0.2
837 801 0.05
837 740 0.01
837 835 0.05
837 1308 0.2
837 1516 0.05
837 1307 0.05
837 2132 0.05
837 3186 0.2
837 84 0.2
837 738 0.01
837 86 0.01
837 741 0.2
837 3076 0.01
837 1628 0.2
837 1635 0.2
837 1309 0.01
837 1053 0.2
837 1690 0.05
837 1644 0.01
837 701 0.01
837 1437 0.01
837 1691 0.01
837 91 0.2
837 789 0.01
837 3115 0.2
837 3077 0.01
837 834 0.01
837 734 0.01
837 1627 0.01
837 648 0.01
837 1663 0.05
837 1693 0.05
837 1286 0.01
837 855 0.2
837 1659 0.05
837 1454 0.01
837 1696 0.2
837 856 0.01
837 1452 0.01
837 859 0.01
837 3079 0.2
837 1311 0.2
837 90 0.01
837 405 0.05
837 1312 0.2
837 2213 0.05
837 853 0.2
837 1694 0.05
837 2751 0.01
837 3541 0.2
837 1180 0.01
837 1304 0.01
837 1699 0.05
837 3476 0.05
837 3313 0.01
837 3192 0.01
837 2961 0.05
837 790 0.01
837 718 0.2
837 2263 0.01
837 674 0.2
837 2032 0.05
837 1765 0.01
837 2748 0.01
837 1695 0.01
837 1697 0.01
837 3249 0.01
837 3542 0.01
837 2261 0.05
837 102 0.01
837 2629 0.05
837 9 0.01
837 3543 0.2
837 8 0.01
837 3491 0.05
837 3118 0.2
837 1176 0.2
837 3544 0.2
837 1640 0.2
837 1306 0.2
837 1310 0.2
837 3119 0.2
837 3117 0.2
837 784 0.05
837 643 0.05
837 802 0.01
837 863 0.2
837 681 0.2
837 953 0.2
837 588 0.2
837 3389 0.01
837 2141 0.05
837 1301 0.05
837 2962 0.01
837 536 0.2
837 2747 0.05
837 1000 0.05
837 786 0.05
837 2593 0.05
837 1400 0.2
837 758 0.01
837 2216 0.2
837 188 0.01
837 2750 0.01
837 1409 0.05
837 1106 0.05
837 963 0.05
837 2739 0.2
837 1051 0.05
837 73 0.01
837 2239 0.2
837 3545 0.01
837 716 0.2
837 2448 0.01
1962 1962 0.01
1962 118 0.01
1962 2622 0.2
1962 632 0.2
3546 3547 0.2
3546 109 0.01
3548 121 0.2
1215 1215 0.05
1215 747 0.05
1215 652 0.2
1215 1222 0.2
1215 1214 0.2
1215 1213 0.2
1215 746 0.01
1215 137 0.01
1215 290 0.2
1215 1479 0.01
1215 110 0.2
1215 3549 0.01
2157 737 0.01
2157 352 0.01
3550 3550 0.01
3056 3056 0.2
3056 990 0.2
3551 3551 0.2
2209 2209 0.01
2209 429 0.01
2209 431 0.2
2209 428 0.2
2209 46 0.01
2209 643 0.05
2209 1823 0.2
2209 2205 0.2
1030 2953 0.01
1030 1016 0.05
1030 1034 0.05
1030 1924 0.05
1030 991 0.2
1030 1038 0.01
3552 3552 0.01
3553 3553 0.01
3553 42 0.05
3554 3554 0.05
3555 644 0.01
3555 3556 0.01
3555 3555 0.01
3555 1484 0.2
3555 3119 0.2
3555 1137 0.01
3557 3557 0.2
3557 1092 0.01
3558 3558 0.2
3559 3560 0.05
3559 774 0.01
3559 584 0.05
3559 629 0.2
3559 1757 0.2
3559 780 0.2
3559 188 0.01
3559 227 0.2
3559 230 0.05
3559 1804 0.05
3559 1154 0.01
3559 2789 0.2
3559 3561 0.05
1915 30 0.05
1915 1915 0.01
1915 324 0.01
1915 328 0.01
1915 22 0.01
1915 426 0.2
1915 1020 0.2
1915 915 0.01
1915 3323 0.2
1915 1447 0.01
1915 1749 0.01
1915 2002 0.05
1915 34 0.01
3562 514 0.2
3562 3562 0.2
3563 3563 0.2
603 603 0.01
603 3564 0.01
603 295 0.2
603 1200 0.01
603 1515 0.05
603 167 0.01
603 1169 0.05
603 587 0.2
603 157 0.2
603 963 0.05
603 1450 0.01
603 49 0.2
603 165 0.2
603 3251 0.2
603 599 0.01
603 166 0.2
603 3565 0.01
603 242 0.05
603 1495 0.05
603 1660 0.05
603 912 0.2
603 1159 0.01
603 261 0.2
603 898 0.2
603 658 0.05
603 919 0.05
603 1862 0.05
603 1863 0.01
603 452 0.01
603 641 0.2
603 362 0.01
603 3566 0.2
603 989 0.2
603 194 0.2
603 2160 0.2
603 2151 0.05
603 3397 0.05
603 608 0.05
3567 3567 0.2
3568 3568 0.01
2660 2660 0.01
2660 1077 0.01
2660 121 0.05
2660 577 0.2
2660 46 0.2
2660 1075 0.01
2660 1021 0.05
2660 30 0.05
2660 2071 0.05
2660 324 0.01
2660 351 0.2
2660 3569 0.05
2660 760 0.05
2660 1751 0.01
2660 1496 0.01
3570 3570 0.2
3571 3571 0.01
13 1020 0.01
13 328 0.2
13 46 0.05
13 1075 0.01
13 30 0.05
13 191 0.05
13 286 0.2
13 736 0.05
13 2565 0.01
13 2561 0.05
13 1491 0.2
13 352 0.2
13 50 0.05
13 3572 0.2
13 1583 0.01
13 1247 0.05
13 3573 0.05
13 506 0.2
13 943 0.01
13 281 0.01
13 14 0.05
13 2967 0.01
13 228 0.05
13 3574 0.2
13 12 0.01
13 774 0.05
13 711 0.05
13 898 0.2
3575 3575 0.01
3576 3576 0.05
3576 141 0.05
1698 1698 0.01
1698 126 0.2
1698 84 0.05
3577 3577 0.2
601 583 0.01
601 362 0.2
601 592 0.2
601 601 0.01
601 157 0.2
601 852 0.05
601 1211 0.01
601 602 0.05
601 336 0.01
601 48 0.01
601 53 0.05
601 67 0.2
601 1578 0.2
2395 2395 0.2
2395 719 0.05
1628 739 0.2
1628 882 0.05
1628 648 0.01
1628 84 0.2
1628 736 0.2
1628 737 0.2
1628 86 0.01
1628 741 0.01
1628 584 0.01
1628 327 0.01
1628 142 0.05
1628 789 0.01
3578 3579 0.01
3580 3580 0.05
3581 620 0.05
3581 2251 0.2
3581 1490 0.01
3581 1869 0.2
3581 709 0.2
3582 3582 0.2
3583 876 0.01
899 701 0.05
899 904 0.2
899 903 0.2
899 2285 0.05
899 905 0.2
899 2551 0.01
899 899 0.2
899 897 0.05
899 902 0.05
3584 3584 0.01
3585 3585 0.2
3585 610 0.01
3585 30 0.05
3585 328 0.2
3585 719 0.01
3585 46 0.2
3586 764 0.2
3586 1157 0.01
3586 2944 0.05
3586 555 0.05
3586 577 0.01
3587 3587 0.01
3587 1165 0.2
3587 3210 0.01
3587 2728 0.01
3587 791 0.2
3587 718 0.05
3587 157 0.2
3587 82 0.2
3587 793 0.05
3588 3588 0.2
2786 2786 0.01
2786 429 0.2
2786 2219 0.2
3589 3589 0.2
53 53 0.2
53 332 0.2
53 282 0.2
53 51 0.05
53 144 0.05
53 329 0.05
53 49 0.01
53 175 0.01
53 331 0.01
53 335 0.05
53 324 0.2
53 729 0.01
53 50 0.05
53 286 0.2
53 48 0.2
53 126 0.2
53 172 0.05
53 807 0.01
53 298 0.01
53 864 0.05
53 46 0.05
53 328 0.01
53 1097 0.05
53 54 0.01
53 1746 0.05
53 637 0.05
53 3590 0.2
53 1764 0.05
53 591 0.01
53 710 0.05
53 3591 0.05
53 65 0.05
53 1766 0.01
53 3592 0.01
53 736 0.05
53 333 0.01
53 739 0.2
53 720 0.2
53 1738 0.05
53 67 0.05
53 70 0.2
53 69 0.2
53 718 0.01
53 859 0.05
53 1519 0.01
53 786 0.2
53 68 0.01
53 588 0.2
53 1779 0.01
53 632 0.05
3593 129 0.05
3594 3594 0.05
3595 3595 0.05
3596 3596 0.05
3596 3597 0.05
2322 2322 0.2
1450 1450 0.2
1450 379 0.2
1450 312 0.2
1450 2615 0.01
1450 311 0.01
1450 166 0.2
1450 165 0.01
1450 167 0.05
1450 2171 0.01
1450 1200 0.2
1450 295 0.2
1450 194 0.2
1450 3598 0.2
1450 3599 0.01
1450 603 0.05
1450 3565 0.05
1450 3600 0.2
1450 1533 0.01
1450 624 0.05
1450 3601 0.2
1450 3252 0.2
3602 1211 0.01
3602 1176 0.2
3602 587 0.2
3602 328 0.05
3602 883 0.01
3602 886 0.05
3602 1339 0.2
3602 2876 0.2
3602 236 0.01
3602 760 0.05
3602 658 0.01
3602 276 0.01
3602 2572 0.01
3603 3603 0.01
3604 2316 0.05
3604 1653 0.01
3350 783 0.2
3350 697 0.05
3350 1160 0.2
3350 3350 0.05
3350 191 0.2
3350 1238 0.01
3350 1024 0.05
3605 3605 0.2
3606 2739 0.01
1485 3607 0.01
3608 1043 0.01
3609 3609 0.01
3609 2777 0.01
3609 588 0.2
3609 1650 0.2
3609 3610 0.05
3609 812 0.2
3609 1914 0.05
3609 3109 0.2
3611 3611 0.01
3611 1644 0.2
3611 3233 0.01
3611 3262 0.2
3611 3612 0.01
3611 2562 0.01
3611 102 0.2
3611 1075 0.01
3611 30 0.2
3611 1123 0.2
3611 328 0.01
3611 1020 0.05
3611 345 0.01
3611 324 0.01
3611 1804 0.05
3611 3613 0.2
3611 46 0.05
3611 667 0.01
3611 3614 0.01
3611 109 0.05
3611 1915 0.01
1717 1717 0.2
1717 1033 0.01
1717 3572 0.01
1717 587 0.2
3240 3240 0.2
3240 784 0.05
3240 739 0.05
3240 46 0.05
3240 3615 0.01
3240 883 0.05
3240 1694 0.2
3240 353 0.05
3240 1557 0.2
3240 1643 0.2
3240 3088 0.2
3240 172 0.01
3240 1605 0.01
3240 234 0.01
3240 963 0.01
3240 328 0.01
3240 492 0.01
3240 2782 0.2
3240 113 0.01
3240 438 0.05
3181 807 0.05
3181 3616 0.01
3181 2948 0.2
3617 3618 0.01
3619 3619 0.2
3620 1270 0.2
3620 2216 0.01
3620 437 0.01
3620 2298 0.2
3620 710 0.05
3620 1609 0.05
3620 286 0.05
3620 30 0.2
3620 3621 0.2
2047 2047 0.05
3622 3622 0.05
3622 3623 0.2
3624 3624 0.05
3624 2252 0.2
3624 2498 0.01
3624 673 0.2
3624 30 0.05
3624 2904 0.01
3624 3625 0.2
3624 126 0.2
3626 3626 0.01
968 968 0.05
968 3627 0.05
968 2351 0.2
968 2157 0.05
968 577 0.01
968 126 0.01
968 1616 0.01
968 30 0.05
968 719 0.2
968 1847 0.01
968 46 0.01
3628 3628 0.2
3628 3629 0.2
3630 3630 0.2
3630 1229 0.05
3630 3631 0.01
3630 629 0.2
3630 194 0.05
3630 624 0.01
3630 3632 0.01
3633 82 0.05
3633 3634 0.2
2716 2716 0.05
2716 1734 0.05
2716 626 0.01
2716 3011 0.2
2716 3051 0.01
2716 3635 0.05
2716 610 0.01
2931 2931 0.01
3636 3636 0.2
1801 1801 0.01
1801 232 0.01
1801 28 0.2
1801 225 0.2
1801 215 0.2
1801 96 0.01
1801 3380 0.01
1801 387 0.01
1801 194 0.05
3637 3637 0.05
3637 1420 0.05
3637 1378 0.05
3638 3638 0.05
1634 3002 0.01
1634 2635 0.01
1634 441 0.05
1634 2938 0.01
1634 1780 0.2
1634 1385 0.2
1634 2741 0.2
1634 3424 0.05
1634 2084 0.01
1634 1472 0.2
1634 3639 0.2
1634 2671 0.05
1634 3640 0.2
1634 2665 0.01
1634 3641 0.05
1634 2085 0.2
1634 2709 0.01
1218 1218 0.05
1218 1546 0.01
1218 858 0.05
1218 1212 0.05
1218 1123 0.05
1218 2453 0.05
1218 1210 0.2
1218 764 0.01
1218 2454 0.2
1218 286 0.2
1218 2289 0.01
1218 46 0.01
1218 105 0.2
1218 1499 0.01
1218 324 0.05
1218 1127 0.01
1218 290 0.01
1218 110 0.01
1218 714 0.01
1218 1222 0.2
1218 377 0.01
1218 2455 0.05
1218 659 0.05
1218 3642 0.05
1218 137 0.2
1218 2458 0.01
1218 2457 0.01
1218 1479 0.05
1218 2461 0.01
1218 747 0.2
1218 2378 0.05
1218 1605 0.01
1218 79 0.05
1218 748 0.2
1218 652 0.01
1218 746 0.01
1218 2459 0.01
1218 1214 0.01
1218 1219 0.05
1218 1213 0.05
1218 2460 0.05
1218 749 0.01
1218 879 0.05
1218 555 0.2
1218 175 0.2
1218 3643 0.01
1218 743 0.05
1218 584 0.2
1218 2501 0.01
1218 647 0.05
1218 329 0.2
1218 641 0.05
1218 1158 0.05
1218 1027 0.2
1218 750 0.2
1218 1343 0.01
1218 2278 0.2
1218 3644 0.01
1218 22 0.2
1218 770 0.05
1218 296 0.05
1218 649 0.2
1218 108 0.01
1218 3645 0.01
1218 2312 0.01
1218 1862 0.05
1218 2456 0.2
1218 1201 0.01
1218 92 0.2
1218 1604 0.05
1218 644 0.01
1218 1206 0.05
1218 3396 0.05
1218 1203 0.01
1218 1865 0.05
1218 954 0.2
1218 1070 0.2
1218 1428 0.2
2659 1246 0.2
2659 2658 0.01
2659 737 0.05
2230 642 0.01
2230 429 0.01
2230 3269 0.01
1929 1929 0.2
1929 638 0.05
1929 514 0.2
1929 1536 0.2
1929 144 0.01
1929 764 0.01
1929 587 0.01
1929 1211 0.2
1929 316 0.05
1929 3188 0.05
1929 501 0.2
1929 1518 0.2
1929 1133 0.01
1929 1798 0.2
1929 1065 0.01
1929 405 0.2
1929 2993 0.05
962 962 0.2
962 1160 0.2
962 1176 0.2
962 1957 0.01
962 292 0.05
962 1158 0.05
962 1156 0.2
3646 3646 0.01
3293 3293 0.01
3293 3292 0.2
3293 863 0.05
3293 714 0.05
3293 3291 0.2
3293 3647 0.01
3648 3648 0.05
915 30 0.2
915 1616 0.2
915 1436 0.2
915 1074 0.2
915 328 0.2
915 1791 0.05
915 3649 0.2
915 172 0.2
915 46 0.05
915 1117 0.2
915 934 0.05
915 638 0.2
915 791 0.2
915 1314 0.2
915 350 0.2
915 171 0.2
915 2172 0.2
915 797 0.2
915 2646 0.2
915 2271 0.05
915 1687 0.01
915 2363 0.2
915 1356 0.05
915 912 0.01
915 913 0.2
915 1658 0.05
915 762 0.2
915 2634 0.05
915 990 0.2
915 827 0.2
915 262 0.01
915 1126 0.01
915 1181 0.05
915 712 0.2
915 323 0.01
915 2304 0.05
915 780 0.01
3650 3650 0.2
234 438 0.05
234 513 0.2
234 234 0.2
234 2782 0.01
234 963 0.01
234 2483 0.01
234 492 0.01
234 549 0.01
234 66 0.01
234 588 0.05
234 1643 0.01
234 3651 0.05
234 1988 0.05
234 715 0.2
234 2141 0.2
938 524 0.01
938 938 0.05
938 44 0.2
938 995 0.2
938 209 0.01
938 242 0.2
938 597 0.05
938 959 0.01
938 172 0.05
938 712 0.2
938 1001 0.01
938 1002 0.05
938 174 0.05
938 346 0.01
390 390 0.2
390 801 0.05
390 1309 0.01
390 391 0.2
390 441 0.01
390 388 0.05
390 1894 0.2
390 1754 0.2
390 392 0.01
390 2667 0.2
390 2843 0.2
390 584 0.01
390 393 0.05
390 3652 0.2
3653 514 0.2
3654 3655 0.2
3656 3656 0.05
2845 1231 0.2
2845 2521 0.01
2845 1171 0.2
2845 2861 0.01
2845 1723 0.2
50 352 0.2
50 303 0.01
50 52 0.05
50 51 0.01
50 286 0.05
50 282 0.05
50 3006 0.2
50 349 0.01
50 351 0.01
50 1760 0.2
50 764 0.2
50 329 0.2
50 49 0.05
50 2062 0.05
50 175 0.01
50 624 0.2
50 332 0.01
50 48 0.05
50 29 0.2
50 58 0.05
50 1767 0.2
50 55 0.2
50 57 0.01
50 59 0.05
50 647 0.2
50 61 0.05
50 333 0.01
50 637 0.2
50 331 0.05
50 864 0.2
50 227 0.05
50 337 0.05
50 1769 0.05
50 853 0.2
50 461 0.01
3657 3657 0.01
3657 3600 0.01
3657 1450 0.2
3658 22 0.05
233 46 0.05
233 1160 0.01
233 719 0.2
233 328 0.2
233 2058 0.01
233 286 0.01
233 961 0.2
233 233 0.05
233 491 0.2
233 1752 0.05
233 87 0.01
233 3659 0.05
233 610 0.01
233 1126 0.05
233 3275 0.05
233 332 0.2
233 214 0.01
233 822 0.01
233 2087 0.2
233 1216 0.05
233 226 0.2
233 231 0.05
233 219 0.2
233 3136 0.01
233 198 0.01
233 3660 0.01
233 1047 0.05
233 919 0.01
233 461 0.01
233 1673 0.01
233 2997 0.2
233 2704 0.2
233 2782 0.05
233 2108 0.2
233 404 0.05
233 182 0.05
233 2111 0.01
233 183 0.01
233 801 0.01
233 525 0.05
233 1471 0.2
233 3566 0.01
233 3032 0.01
233 1034 0.01
233 1584 0.2
233 30 0.01
850 849 0.2
850 848 0.05
850 852 0.01
850 1176 0.01
850 2198 0.01
850 1211 0.05
850 883 0.2
850 1126 0.01
850 658 0.2
850 784 0.2
850 1154 0.05
850 126 0.01
850 2197 0.05
850 2874 0.2
850 175 0.2
850 22 0.01
850 1464 0.2
850 850 0.05
850 1031 0.01
850 3661 0.05
850 2753 0.05
850 2861 0.01
850 2575 0.2
850 1172 0.2
3662 3662 0.01
171 350 0.2
171 172 0.05
171 511 0.2
171 645 0.05
171 646 0.2
171 915 0.01
171 810 0.01
171 328 0.2
171 174 0.05
171 30 0.01
171 719 0.2
171 1313 0.05
171 1117 0.05
171 171 0.01
171 2172 0.05
171 912 0.05
171 1020 0.05
171 1754 0.2
171 303 0.05
171 1436 0.05
171 933 0.01
171 2647 0.01
171 501 0.2
171 949 0.05
171 762 0.01
171 913 0.2
3651 3651 0.05
3651 234 0.05
3651 66 0.2
3651 1046 0.01
3663 3663 0.2
3663 3664 0.01
3663 126 0.05
3663 438 0.01
3663 46 0.2
3663 30 0.01
3663 86 0.2
3663 328 0.05
3663 324 0.2
3663 3193 0.2
2329 2329 0.05
2329 203 0.05
2329 586 0.01
2329 199 0.01
2329 197 0.2
2329 200 0.2
2329 205 0.2
2329 1190 0.01
2329 198 0.05
2329 196 0.01
2329 204 0.05
2329 3655 0.2
2329 255 0.2
2329 488 0.2
3665 3665 0.05
3276 505 0.01
3276 303 0.01
3276 629 0.01
3276 46 0.01
3276 883 0.05
3276 3497 0.01
3276 1924 0.01
3276 151 0.01
3276 1580 0.05
3276 649 0.05
3276 176 0.2
3276 3666 0.01
3276 30 0.01
3276 309 0.05
3276 3667 0.05
3276 1211 0.01
3276 3668 0.05
3276 879 0.2
3276 1571 0.01
3276 351 0.05
3276 918 0.01
3276 175 0.01
3276 1176 0.01
3276 352 0.2
3276 764 0.01
3276 3669 0.01
3276 1762 0.2
3276 286 0.01
3276 913 0.01
3276 194 0.05
3670 3670 0.01
3670 2100 0.01
3671 2099 0.05
3671 3672 0.01
3671 334 0.2
3671 65 0.2
3673 643 0.05
2487 2251 0.01
2487 349 0.05
2487 3440 0.05
2487 1392 0.2
2487 1397 0.2
3674 3674 0.05
2142 1028 0.05
2142 2142 0.01
2142 3675 0.01
2142 1538 0.01
2142 3676 0.05
2142 3677 0.01
2142 944 0.2
2142 261 0.2
2142 1178 0.05
2142 708 0.05
2142 3678 0.05
2142 1160 0.2
2142 584 0.01
2142 9 0.2
2142 2711 0.01
2142 3229 0.2
3679 3680 0.05
3679 224 0.01
3679 3679 0.01
3679 1964 0.05
3681 3681 0.05
413 43 0.2
413 2002 0.01
3030 324 0.01
3030 3030 0.05
3030 327 0.05
3030 3103 0.05
3030 30 0.01
3030 46 0.01
3030 719 0.05
3030 3028 0.01
3030 1075 0.2
3030 645 0.05
3030 934 0.01
3030 1616 0.05
3030 1495 0.05
3030 326 0.2
3030 323 0.01
3030 2346 0.01
3030 344 0.05
3030 345 0.2
3030 913 0.05
3682 3682 0.2
3336 3336 0.2
3336 121 0.01
3336 3683 0.01
3336 109 0.01
3336 1021 0.01
3133 3133 0.01
3133 387 0.2
3133 3099 0.01
3133 3132 0.05
3684 3684 0.2
3309 1086 0.2
3309 3308 0.01
3309 3307 0.01
3309 3309 0.2
1035 1035 0.01
1035 1016 0.05
3685 888 0.2
3685 328 0.05
3685 326 0.01
3685 2616 0.2
3685 351 0.2
3685 658 0.05
3685 852 0.2
3685 1465 0.05
3685 2196 0.2
3685 977 0.2
3686 3137 0.2
3686 2538 0.05
2357 2357 0.01
2357 1818 0.05
2357 2354 0.01
2357 1341 0.2
3687 3687 0.01
3688 3688 0.01
3688 2227 0.2
3688 2415 0.01
3688 2144 0.2
3688 2259 0.2
3688 3441 0.05
3689 696 0.05
3689 126 0.01
3689 175 0.05
2955 759 0.01
3690 2143 0.2
3690 324 0.05
3690 175 0.2
3690 736 0.01
3691 3691 0.05
3691 194 0.2
3692 894 0.2
639 441 0.2
639 431 0.2
639 215 0.2
639 1910 0.05
639 1515 0.05
639 1160 0.2
639 429 0.01
639 1893 0.05
639 46 0.05
3693 3693 0.2
3694 3694 0.01
3694 1961 0.05
3695 3695 0.05
3696 3696 0.01
3697 3697 0.05
3698 3698 0.2
2839 2839 0.01
2839 2403 0.01
2839 1195 0.05
3699 1775 0.01
3699 1855 0.05
3700 126 0.2
3700 30 0.01
132 132 0.01
132 3701 0.2
132 1960 0.01
132 131 0.01
2308 1551 0.01
2308 263 0.2
2308 2306 0.05
2308 3116 0.05
682 912 0.2
682 682 0.01
682 722 0.01
682 3398 0.05
682 1650 0.2
682 577 0.2
682 1939 0.05
682 500 0.01
682 3702 0.05
682 3703 0.2
682 3704 0.05
682 3705 0.01
682 719 0.2
474 743 0.05
474 474 0.05
474 962 0.2
474 1156 0.01
474 3706 0.2
474 3707 0.01
474 273 0.2
474 2517 0.2
474 911 0.01
3210 718 0.01
3210 1568 0.2
3210 126 0.01
3210 30 0.05
3210 46 0.2
3210 1165 0.05
3210 3708 0.05
3709 3709 0.2
3710 3710 0.01
3711 3711 0.2
3712 3712 0.2
3713 887 0.2
3713 3713 0.2
1335 119 0.05
3714 3714 0.01
2733 2732 0.05
2733 643 0.2
2733 2731 0.2
2733 579 0.2
2733 1277 0.05
386 386 0.2
386 384 0.01
3643 3643 0.01
3715 46 0.01
894 1957 0.01
894 885 0.05
894 889 0.01
894 3716 0.2
894 891 0.2
3138 46 0.2
3138 714 0.01
3138 30 0.2
3138 3281 0.2
3138 916 0.05
3138 286 0.2
3138 739 0.2
3138 329 0.2
3138 2213 0.2
3138 1024 0.05
3138 405 0.2
3138 126 0.05
240 3379 0.2
240 1580 0.01
240 644 0.05
240 214 0.2
240 9 0.05
240 19 0.2
240 93 0.2
240 658 0.2
240 1033 0.2
240 2333 0.2
240 113 0.01
240 1488 0.2
240 737 0.01
240 111 0.05
240 584 0.05
240 1483 0.05
240 956 0.2
240 887 0.2
240 45 0.2
240 292 0.05
240 3316 0.01
240 486 0.2
240 888 0.2
240 751 0.05
240 265 0.01
240 787 0.05
240 1685 0.01
1780 1780 0.01
1780 46 0.2
1780 30 0.05
1780 739 0.05
1780 506 0.05
1780 45 0.05
1780 514 0.01
1780 643 0.2
1780 577 0.2
1780 65 0.01
1780 751 0.01
1780 2034 0.2
1780 717 0.05
1780 852 0.05
1780 776 0.05
1780 349 0.01
1780 610 0.2
1780 492 0.01
1780 1847 0.2
1780 165 0.2
1780 2137 0.2
1780 3509 0.05
1780 1874 0.05
3717 157 0.2
3717 708 0.2
3717 175 0.05
3717 637 0.05
3717 624 0.2
3717 48 0.01
3717 332 0.2
3717 329 0.2
2903 2903 0.05
2903 673 0.2
2903 672 0.05
2903 1502 0.2
3718 3386 0.01
3718 1547 0.01
3718 3718 0.05
3718 2307 0.2
3719 3719 0.2
3123 46 0.01
3720 3720 0.05
3720 45 0.2
3721 82 0.01
3722 377 0.2
3722 3482 0.2
3722 3723 0.05
3722 3724 0.2
3722 746 0.2
3722 1213 0.01
3722 747 0.05
3722 1222 0.2
3722 749 0.01
3722 1499 0.2
3722 659 0.2
3722 108 0.01
3722 110 0.05
3722 46 0.01
3722 562 0.2
3722 1127 0.05
3722 2289 0.01
3722 290 0.2
3722 175 0.05
3722 126 0.05
3722 2454 0.05
3722 3725 0.2
3722 994 0.2
3722 1605 0.05
3722 2378 0.2
3726 1344 0.05
3726 1760 0.2
3726 764 0.01
2905 2905 0.01
2905 1493 0.2
2905 1587 0.01
2905 1108 0.01
2905 3211 0.05
2905 672 0.2
2905 718 0.01
2905 30 0.2
2905 126 0.05
2905 673 0.05
2905 324 0.05
2905 1490 0.05
2905 1492 0.01
2905 46 0.2
2905 719 0.05
2905 674 0.05
2905 1824 0.2
3727 3727 0.05
519 519 0.01
519 1485 0.01
519 2274 0.05
519 3728 0.2
519 763 0.05
519 2504 0.01
519 3729 0.2
519 500 0.01
519 974 0.2
519 2729 0.01
519 572 0.2
519 3660 0.2
519 189 0.2
519 3730 0.2
519 3731 0.05
519 2489 0.05
519 1500 0.01
519 1707 0.01
519 3708 0.2
519 3732 0.2
519 1104 0.01
519 3378 0.05
519 2435 0.05
519 716 0.01
519 3102 0.05
519 2891 0.01
519 238 0.2
519 3395 0.2
519 211 0.05
519 2295 0.01
3733 324 0.2
3733 1447 0.05
3733 440 0.2
3733 352 0.05
3733 431 0.01
3733 46 0.05
3733 506 0.05
3733 719 0.01
3733 353 0.2
3733 1495 0.01
3733 30 0.05
3733 1012 0.2
3733 328 0.01
2072 2072 0.2
2072 328 0.01
2072 857 0.05
2072 46 0.2
2072 49 0.2
2072 1288 0.2
2072 576 0.05
2072 385 0.01
2072 1761 0.01
2072 2681 0.2
2072 426 0.01
2072 22 0.2
2072 597 0.2
2072 888 0.05
3734 3734 0.05
3735 3735 0.05
3736 3736 0.01
3737 3737 0.2
1826 1826 0.05
1826 295 0.2
1826 528 0.05
1826 519 0.05
1826 210 0.2
1826 2135 0.05
1826 1390 0.01
1826 1178 0.2
1826 3385 0.05
3738 3738 0.05
3162 3161 0.2
3162 3160 0.05
783 783 0.05
783 3350 0.01
783 506 0.01
783 760 0.01
2042 813 0.05
2042 162 0.2
2042 739 0.2
2042 695 0.01
2042 1176 0.2
3739 3285 0.2
3740 1407 0.2
3126 3126 0.01
3126 3741 0.01
3126 972 0.05
3126 2269 0.2
3126 708 0.05
3127 3127 0.01
3127 1579 0.01
3127 296 0.01
3127 1562 0.2
3127 2343 0.2
3127 375 0.05
3127 322 0.2
3127 1052 0.01
3127 283 0.05
3127 2269 0.01
3127 3024 0.01
3127 3128 0.05
3127 3742 0.01
3127 1569 0.05
3127 2100 0.05
3127 1308 0.01
3127 2268 0.05
3127 1626 0.05
3743 3743 0.05
3743 1968 0.01
3743 1653 0.05
3743 1229 0.05
3743 1723 0.01
3743 2427 0.01
3743 282 0.01
3743 1337 0.2
3743 1560 0.01
3743 640 0.05
3743 1177 0.2
3744 1742 0.01
2158 869 0.05
2158 2158 0.05
2158 870 0.2
3745 3745 0.2
3746 3746 0.01
3747 3747 0.01
3748 3748 0.05
3748 1524 0.05
3748 328 0.05
3748 286 0.01
555 764 0.01
555 2002 0.2
555 2319 0.05
555 2201 0.01
555 2320 0.2
555 286 0.2
555 1157 0.01
555 2944 0.05
555 328 0.01
555 1603 0.01
555 843 0.05
555 2530 0.01
555 1158 0.05
555 329 0.05
555 1601 0.2
555 845 0.2
555 2529 0.01
555 1606 0.2
1214 1214 0.2
1214 747 0.2
1214 1479 0.05
1214 290 0.2
1214 748 0.01
1214 746 0.2
1214 1499 0.2
1214 2455 0.01
1214 79 0.05
1214 1127 0.01
1214 1210 0.05
1214 2453 0.05
1214 377 0.01
1214 137 0.01
1214 2457 0.2
1214 1222 0.2
1214 659 0.2
1214 1212 0.05
1214 1218 0.05
1214 2378 0.01
1214 108 0.01
1214 764 0.05
1214 352 0.2
1214 2459 0.05
1214 719 0.05
1214 749 0.01
1214 1219 0.05
1214 2460 0.2
1214 2456 0.2
1214 1213 0.05
1214 30 0.05
1214 3749 0.2
1214 3645 0.05
2939 2939 0.05
2939 514 0.05
2939 20 0.01
2939 3750 0.01
2939 779 0.05
1783 1783 0.2
1783 441 0.05
3751 3751 0.2
189 189 0.05
189 519 0.2
189 346 0.2
3752 3752 0.05
3753 3753 0.2
1309 1309 0.2
1309 736 0.05
1309 801 0.2
1309 391 0.2
1309 738 0.05
1309 1117 0.05
1309 1434 0.05
1309 735 0.2
1309 303 0.2
1309 46 0.05
1309 438 0.01
1309 349 0.2
1309 30 0.01
1309 719 0.05
1309 1020 0.2
1309 326 0.01
1309 468 0.01
1309 1308 0.2
1309 789 0.05
1309 142 0.05
1309 648 0.01
1309 390 0.01
1309 392 0.01
1309 389 0.01
1309 2667 0.01
1309 388 0.01
1309 2843 0.05
1309 1684 0.05
1309 393 0.2
1309 2860 0.01
1309 784 0.2
1309 852 0.2
1309 1176 0.01
1309 883 0.01
1309 246 0.01
1309 3754 0.01
1309 1798 0.2
1309 515 0.01
3755 2081 0.05
3756 3756 0.05
3757 82 0.01
2446 1278 0.01
2446 1565 0.01
2446 1991 0.05
2446 2918 0.05
2446 2445 0.05
2446 2446 0.01
2446 736 0.2
3758 3758 0.01
3758 286 0.2
3758 112 0.2
3758 425 0.05
3758 118 0.2
3758 1124 0.2
3758 30 0.01
3758 427 0.2
3758 22 0.01
3758 1298 0.05
3758 424 0.05
3758 282 0.05
3758 426 0.2
3758 770 0.2
3758 3759 0.2
3758 291 0.05
1997 784 0.05
1997 1185 0.2
1997 200 0.2
3760 3760 0.2
3761 3761 0.05
3761 126 0.01
3761 121 0.05
3761 644 0.2
3761 825 0.01
3761 522 0.05
3761 286 0.05
3761 1476 0.2
3761 1957 0.05
3761 175 0.2
3761 1280 0.05
3761 1064 0.2
3762 175 0.05
3762 46 0.01
3762 3762 0.2
3762 353 0.01
3762 329 0.01
3762 2997 0.05
3762 148 0.2
3763 1867 0.2
3763 3764 0.2
3763 3765 0.01
3766 3766 0.05
3766 857 0.05
3767 385 0.01
3768 1605 0.01
22 425 0.2
22 424 0.01
22 118 0.01
22 770 0.2
22 112 0.2
22 282 0.01
22 1915 0.2
22 30 0.01
22 46 0.01
22 1124 0.01
22 426 0.01
22 893 0.01
22 1097 0.2
22 104 0.01
22 65 0.2
22 2945 0.01
22 92 0.2
22 1116 0.05
22 3102 0.2
22 1221 0.01
22 3769 0.01
22 805 0.05
22 751 0.2
22 3770 0.01
22 1723 0.01
22 3069 0.2
22 609 0.01
3771 3771 0.05
3772 3772 0.05
3772 316 0.05
3772 112 0.01
3773 3773 0.01
1240 1240 0.2
1240 2685 0.2
2689 2125 0.05
2689 3774 0.05
2689 2708 0.01
2689 1154 0.2
3775 656 0.01
3775 235 0.05
3775 106 0.05
3775 3776 0.2
3775 1882 0.2
3775 3319 0.01
3775 1879 0.2
3777 3777 0.05
416 399 0.01
416 498 0.01
416 438 0.05
416 316 0.05
416 46 0.05
416 1996 0.05
416 2578 0.05
416 3778 0.2
416 625 0.05
416 2997 0.2
3779 781 0.2
3780 3780 0.05
3781 1273 0.05
1516 106 0.01
1516 1692 0.05
1516 102 0.01
1516 736 0.2
1516 1694 0.01
1516 837 0.05
1516 1693 0.01
1516 1602 0.2
1516 3782 0.01
1516 2747 0.2
1516 1151 0.2
1516 3141 0.2
1516 2020 0.05
1516 806 0.05
1516 514 0.2
1516 1311 0.2
1516 1484 0.01
1516 648 0.2
1516 3189 0.01
1516 3140 0.05
1516 1601 0.01
3783 3783 0.2
1105 116 0.01
1105 1105 0.2
1105 925 0.05
1105 1107 0.01
1105 3784 0.2
3785 3785 0.05
2834 45 0.01
2834 22 0.01
2834 65 0.05
2834 286 0.2
2834 349 0.01
3009 3006 0.01
3009 3786 0.05
3009 2076 0.2
3009 176 0.2
3009 764 0.01
3787 1562 0.2
3787 1222 0.2
3787 110 0.2
3788 3788 0.01
3789 3347 0.01
1969 375 0.05
1969 46 0.01
1969 1960 0.01
1969 612 0.01
3790 448 0.2
3790 449 0.2
1849 3791 0.2
1849 719 0.01
1849 46 0.2
1849 329 0.05
1849 736 0.01
1849 1490 0.01
1849 30 0.2
1849 859 0.05
1849 673 0.05
1849 1492 0.2
1849 1848 0.2
1849 22 0.01
1849 431 0.2
1849 739 0.05
1849 1000 0.01
1849 1840 0.2
1849 126 0.2
1849 1960 0.01
1849 385 0.01
1849 744 0.01
1849 855 0.05
1849 997 0.2
1849 438 0.05
1849 1800 0.2
1849 1190 0.01
1849 495 0.2
1849 21 0.2
1849 121 0.01
1849 1519 0.05
1849 3792 0.2
1401 328 0.05
1401 719 0.05
1401 306 0.05
1401 466 0.01
1401 1075 0.05
1401 323 0.2
1401 326 0.2
1401 30 0.05
1401 1087 0.2
1401 1434 0.2
1401 645 0.05
1401 324 0.01
1401 174 0.01
1401 1117 0.05
1401 2401 0.05
1401 934 0.01
1401 1633 0.01
1401 735 0.2
1401 2101 0.05
1401 1084 0.05
1401 1401 0.05
1401 797 0.2
1401 2103 0.05
1401 345 0.2
1401 352 0.2
1684 801 0.2
1684 391 0.01
1684 3313 0.01
1684 738 0.05
1684 441 0.2
1684 390 0.2
1684 1309 0.05
1684 388 0.01
1684 65 0.01
1684 2751 0.2
1684 392 0.01
1684 389 0.05
1684 584 0.01
1684 2667 0.01
1684 751 0.01
1684 651 0.05
1684 1684 0.01
1684 394 0.2
1684 1682 0.2
1684 921 0.05
1684 1023 0.2
1684 92 0.05
1684 393 0.2
2306 263 0.01
2306 1551 0.01
2306 2308 0.05
2306 2307 0.2
2306 2232 0.05
2306 783 0.01
2306 1037 0.2
2306 3116 0.2
2306 19 0.2
2306 836 0.01
2306 3793 0.01
2306 2185 0.01
1635 735 0.01
1635 46 0.2
1635 1476 0.01
1635 1616 0.01
1635 858 0.05
1635 349 0.05
1635 144 0.2
1635 642 0.2
1635 172 0.01
1635 30 0.2
1635 1117 0.01
1635 324 0.01
1635 645 0.01
1635 1123 0.01
1635 934 0.05
1635 328 0.2
1635 719 0.05
1635 915 0.2
1635 1020 0.2
1635 1308 0.05
1635 352 0.2
1635 326 0.2
1635 1074 0.2
1635 468 0.2
1635 467 0.05
1635 1238 0.05
1635 2562 0.2
1635 2563 0.01
1635 22 0.2
1635 13 0.2
1635 1894 0.2
1635 431 0.2
1635 738 0.05
1635 801 0.2
1635 792 0.2
1635 2759 0.05
1635 348 0.01
1635 736 0.01
1635 1309 0.2
3794 137 0.2
3560 3560 0.05
3560 2911 0.01
3560 3795 0.01
3560 3625 0.01
3560 2252 0.01
3560 1492 0.05
1708 1707 0.05
1708 1708 0.01
1708 1701 0.05
1708 1675 0.2
1708 1705 0.01
1026 1026 0.2
1026 739 0.2
1026 736 0.05
1026 1286 0.01
1026 86 0.05
1026 2103 0.01
1026 175 0.05
1026 1016 0.01
1026 1287 0.01
1026 52 0.2
1026 1285 0.2
1026 1022 0.01
1026 918 0.01
1026 45 0.01
1026 750 0.2
1026 1720 0.2
1026 1289 0.01
1026 3246 0.2
1026 985 0.2
1026 1065 0.2
1026 580 0.05
1026 2990 0.2
1026 335 0.01
1026 2145 0.01
1026 614 0.05
1026 1812 0.01
1026 711 0.05
1026 46 0.05
3796 949 0.2
3796 966 0.2
3796 2405 0.2
3796 631 0.01
3796 758 0.01
3796 989 0.2
3796 920 0.01
3796 17 0.01
3797 1153 0.2
3797 49 0.05
3798 647 0.05
3798 283 0.01
3798 3798 0.01
3798 643 0.2
3798 1343 0.2
3798 737 0.05
3231 323 0.01
3231 1401 0.2
3231 326 0.01
3231 328 0.01
3231 325 0.05
903 904 0.01
903 701 0.2
903 902 0.01
903 2286 0.2
903 897 0.01
903 712 0.01
903 899 0.01
903 905 0.01
903 901 0.01
629 629 0.2
629 286 0.2
629 1290 0.05
629 649 0.05
629 274 0.05
629 333 0.2
629 63 0.01
629 1571 0.01
629 194 0.01
629 2246 0.2
629 1030 0.2
629 577 0.2
629 49 0.01
629 282 0.01
629 2787 0.01
629 1524 0.05
629 624 0.05
629 627 0.01
629 918 0.01
629 129 0.01
629 1946 0.01
629 3799 0.01
3800 3800 0.2
3801 3478 0.2
969 643 0.01
969 429 0.05
969 286 0.01
1094 1094 0.2
1094 30 0.05
1094 719 0.2
1094 3802 0.2
1094 328 0.2
1094 46 0.05
1094 1309 0.01
1094 1996 0.01
1094 1109 0.2
1094 1370 0.2
1094 492 0.2
1094 3803 0.01
1094 1072 0.01
1094 1075 0.05
1094 2404 0.2
1094 2347 0.01
1094 329 0.05
1094 859 0.05
1094 801 0.05
1094 391 0.01
1094 1684 0.2
1094 388 0.01
1094 390 0.2
1094 1894 0.01
1094 3450 0.05
1094 3447 0.2
1094 1384 0.2
1094 414 0.05
1094 2803 0.2
1094 897 0.01
1094 400 0.01
1094 1930 0.05
1094 1091 0.01
1094 3804 0.01
1094 918 0.01
1094 1492 0.05
1094 3754 0.01
1094 403 0.2
1094 1662 0.2
1094 1798 0.05
1094 186 0.2
1094 3805 0.2
1094 2108 0.01
1094 441 0.05
1094 3676 0.01
3806 3806 0.2
200 200 0.2
200 198 0.05
200 195 0.01
200 587 0.01
200 204 0.2
200 3807 0.05
200 197 0.05
200 822 0.01
200 826 0.01
200 286 0.2
200 205 0.01
200 1543 0.2
200 3316 0.05
200 3138 0.05
200 2329 0.2
200 2003 0.05
200 1997 0.01
200 3808 0.2
200 751 0.2
200 757 0.2
200 1113 0.01
200 914 0.01
200 172 0.2
200 1126 0.2
200 265 0.2
3809 3809 0.2
3810 3810 0.05
3811 3811 0.01
3812 3812 0.2
221 276 0.2
221 202 0.05
221 646 0.01
221 113 0.01
221 810 0.01
221 40 0.05
221 232 0.01
221 214 0.01
3813 3813 0.05
2904 2904 0.01
2904 718 0.05
2904 673 0.05
2904 2498 0.2
2904 1493 0.05
2904 30 0.2
2904 3814 0.05
2904 126 0.05
2904 116 0.05
3087 492 0.01
3087 3086 0.01
3087 1643 0.01
3087 119 0.05
3087 1598 0.01
3087 2034 0.2
3087 461 0.01
3087 67 0.01
3087 66 0.01
3087 234 0.05
3087 1360 0.01
3815 3815 0.05
3815 3816 0.01
3817 3817 0.05
3818 3818 0.2
3819 3819 0.01
3820 19 0.05
3821 1596 0.01
2471 2274 0.2
2471 400 0.05
3822 3822 0.05
3823 3823 0.01
2393 1145 0.01
2393 2393 0.2
1517 1518 0.2
1517 46 0.01
1517 353 0.05
1517 1517 0.2
1517 329 0.2
1517 1312 0.01
1517 9 0.05
1517 163 0.05
1517 1895 0.2
1517 736 0.01
1517 506 0.05
1517 305 0.01
1517 86 0.01
1517 855 0.01
1517 90 0.05
1517 431 0.2
1517 175 0.2
1517 1116 0.01
1517 577 0.05
1517 1171 0.05
1517 858 0.05
1517 45 0.01
1517 806 0.2
1517 1068 0.2
1517 1880 0.2
1517 1839 0.01
1517 923 0.01
1517 517 0.2
1517 2141 0.2
1517 791 0.05
1517 1246 0.01
1517 92 0.01
1517 297 0.01
1517 738 0.01
1517 918 0.01
1517 1160 0.2
1517 445 0.05
1517 3386 0.05
1517 2482 0.05
1517 1391 0.2
1517 433 0.2
1517 1021 0.05
1517 172 0.05
1517 405 0.05
1517 424 0.05
1517 943 0.2
1517 2551 0.01
1517 1582 0.05
1517 1471 0.05
1517 1092 0.2
1517 100 0.2
1517 1417 0.05
1004 1004 0.05
1004 345 0.05
1004 324 0.05
1004 344 0.01
1004 892 0.01
1004 30 0.05
1004 3824 0.05
1004 327 0.01
1004 346 0.01
1004 1418 0.05
1004 982 0.05
1004 712 0.05
1004 1851 0.01
1004 1356 0.01
1004 1495 0.01
1004 523 0.2
1004 804 0.01
1004 2173 0.01
1004 780 0.2
1004 492 0.01
1004 524 0.01
1004 1020 0.01
1004 830 0.01
1004 2255 0.2
1004 1917 0.05
1004 2975 0.2
1004 3447 0.01
1004 1049 0.01
1004 2372 0.05
3825 3825 0.05
2144 2144 0.05
2144 2227 0.01
2144 400 0.05
2622 3067 0.01
3129 3129 0.05
3129 1544 0.2
3129 1154 0.01
1493 30 0.2
1493 1490 0.01
1493 937 0.2
1493 1492 0.01
1493 1491 0.2
1493 2759 0.2
1493 46 0.05
1493 144 0.05
1493 1752 0.01
1493 438 0.01
1493 719 0.2
1493 1108 0.01
1493 1493 0.2
1493 739 0.01
1493 791 0.05
1493 328 0.2
1493 936 0.01
1493 673 0.05
1493 1502 0.01
1493 1848 0.01
1493 329 0.2
1998 109 0.01
1998 1693 0.05
1998 1998 0.05
1998 803 0.01
1998 328 0.01
1998 9 0.01
1998 556 0.05
1998 597 0.2
1998 555 0.01
1998 736 0.05
1998 703 0.01
1998 2652 0.01
1998 1685 0.05
1998 2713 0.05
1998 3826 0.2
3827 3827 0.05
3827 193 0.05
3274 3274 0.05
3274 387 0.01
3274 385 0.05
3828 3828 0.01
3828 3829 0.01
3830 3830 0.2
3831 30 0.01
3831 3831 0.01
3831 735 0.01
3831 286 0.2
3831 126 0.05
3831 2729 0.01
3831 32 0.05
3831 29 0.2
3831 31 0.2
3832 3832 0.2
3833 286 0.05
3834 3834 0.05
3835 672 0.05
3835 1420 0.2
3836 3836 0.05
212 445 0.2
212 212 0.05
212 3837 0.05
212 3838 0.01
212 377 0.01
212 157 0.01
212 3839 0.2
212 2790 0.01
212 1910 0.05
212 206 0.01
212 1250 0.2
212 2267 0.01
212 3285 0.2
2604 2604 0.05
851 1172 0.01
851 1126 0.05
851 658 0.05
851 2572 0.05
851 851 0.05
851 1211 0.05
851 852 0.01
851 1464 0.01
851 883 0.05
851 849 0.2
851 848 0.01
851 850 0.2
851 3661 0.01
851 3840 0.01
851 2575 0.2
3841 82 0.05
3842 3842 0.01
3842 807 0.01
3003 3003 0.01
3003 346 0.05
3843 445 0.05
1825 193 0.05
1825 1825 0.05
1825 2550 0.01
1825 1768 0.05
1825 194 0.05
2925 2925 0.2
2925 643 0.2
2925 2318 0.01
2925 46 0.01
2925 30 0.01
2925 130 0.01
2925 2924 0.05
3844 3844 0.2
3845 3845 0.05
1773 1773 0.2
1773 62 0.05
1773 929 0.01
1773 944 0.05
1773 1512 0.01
1773 1982 0.01
1773 757 0.2
1773 46 0.2
1773 30 0.05
3846 3846 0.2
3847 3847 0.01
3848 3848 0.2
3849 3849 0.2
75 1211 0.01
3850 3850 0.2
3850 258 0.2
3850 271 0.2
3850 532 0.2
3850 951 0.2
3850 2634 0.2
3850 1745 0.05
3850 1318 0.2
1603 1603 0.01
1603 555 0.05
1603 1660 0.01
1603 647 0.2
1603 1123 0.2
1603 843 0.01
1603 1601 0.05
1603 1315 0.01
3851 46 0.01
2680 3079 0.05
2680 2680 0.2
2680 859 0.2
3852 3852 0.2
3852 764 0.01
3853 3853 0.2
3854 3854 0.05
3177 2157 0.2
3855 3855 0.2
3855 627 0.05
3855 637 0.05
3855 1766 0.2
3855 333 0.2
3855 282 0.05
3855 274 0.2
630 630 0.01
630 261 0.2
630 528 0.01
630 1162 0.01
630 950 0.05
630 605 0.2
630 255 0.05
630 93 0.2
630 2782 0.01
630 245 0.05
630 1685 0.05
630 157 0.2
630 3856 0.2
630 1034 0.2
630 898 0.05
630 362 0.01
630 3218 0.05
630 1183 0.05
630 614 0.01
630 1656 0.01
630 815 0.01
630 812 0.05
3267 449 0.05
3267 3267 0.01
2213 739 0.05
2213 1433 0.05
2213 329 0.2
3007 3007 0.05
3007 176 0.01
3007 2076 0.01
3007 3009 0.01
3007 241 0.05
3007 351 0.05
3007 352 0.01
3007 3008 0.01
3007 2790 0.2
3007 3001 0.2
3007 776 0.2
3007 597 0.2
3857 3857 0.2
3858 3858 0.2
3859 3859 0.05
697 317 0.2
697 3350 0.2
697 764 0.01
697 1344 0.2
697 698 0.05
697 695 0.01
697 282 0.01
697 694 0.2
697 696 0.05
3860 3860 0.01
3186 3542 0.05
3186 3861 0.2
421 421 0.01
421 397 0.01
421 625 0.01
421 597 0.05
421 3862 0.01
3863 3863 0.2
3863 656 0.05
3863 86 0.2
3863 739 0.01
3863 46 0.01
3863 286 0.01
3863 329 0.05
3863 855 0.01
3863 438 0.01
3864 922 0.2
3864 923 0.2
2406 2405 0.2
2406 2406 0.01
2406 2407 0.2
2406 46 0.2
2406 30 0.2
2406 385 0.05
2406 2410 0.01
1732 43 0.2
1732 2093 0.01
1732 399 0.01
1732 1732 0.05
1732 1733 0.2
1732 1731 0.2
900 902 0.2
900 904 0.2
900 701 0.2
900 898 0.2
900 860 0.2
900 899 0.2
900 905 0.05
900 900 0.01
900 897 0.01
900 165 0.01
900 857 0.05
900 385 0.01
900 282 0.2
900 1560 0.2
900 1546 0.2
3865 3865 0.2
3865 121 0.2
3865 743 0.05
3865 710 0.2
3865 332 0.2
3865 329 0.01
3865 175 0.01
3865 1176 0.2
3865 126 0.05
1232 1186 0.05
1232 2859 0.05
1232 385 0.2
1232 3099 0.01
1232 387 0.01
1232 1027 0.01
2517 2517 0.05
2517 2323 0.05
2517 2797 0.2
3866 641 0.2
3866 3866 0.2
3866 1663 0.01
3867 3867 0.2
3867 595 0.05
3868 3868 0.2
3869 376 0.05
3870 3870 0.05
2933 2933 0.01
2933 514 0.2
1281 1281 0.01
1281 1280 0.01
1281 1596 0.01
1281 328 0.05
1281 165 0.2
1281 167 0.01
1281 45 0.05
1281 49 0.05
3871 3871 0.05
3871 126 0.05
3871 195 0.2
951 1928 0.01
951 951 0.01
951 780 0.01
951 1842 0.05
951 524 0.2
951 44 0.01
951 324 0.05
951 3850 0.2
2876 2876 0.05
2876 46 0.01
2876 1075 0.2
2876 30 0.2
2876 305 0.01
2876 1123 0.01
2876 1020 0.2
2876 2333 0.05
2876 102 0.2
2876 797 0.2
2876 175 0.05
2876 880 0.01
2876 385 0.2
2876 22 0.2
2876 3602 0.05
2876 750 0.2
2876 328 0.2
2876 2666 0.01
2876 1644 0.05
2876 444 0.2
2876 3337 0.05
2876 584 0.2
2876 587 0.2
2876 121 0.05
2876 94 0.2
2876 1089 0.2
3872 3872 0.01
3872 328 0.05
3872 353 0.01
3872 46 0.2
3872 2199 0.05
3872 506 0.01
2539 2539 0.2
2539 328 0.01
2539 30 0.05
2539 46 0.01
2539 121 0.2
2539 126 0.05
2539 329 0.01
2539 175 0.05
2539 234 0.05
2539 1022 0.01
2539 750 0.05
2539 1643 0.2
2539 469 0.2
2539 1993 0.01
2539 927 0.01
2539 424 0.05
2539 548 0.05
2539 438 0.2
2539 17 0.2
2539 1233 0.2
2539 503 0.2
2539 928 0.01
3873 3873 0.05
3874 3874 0.2
3875 3875 0.05
3876 3876 0.05
3876 2945 0.01
3876 651 0.05
3876 1027 0.2
3876 22 0.2
3876 2199 0.2
3877 3877 0.2
3878 3878 0.05
3879 3879 0.01
2038 2038 0.05
2807 2807 0.2
2807 2803 0.01
2807 1529 0.2
2807 673 0.05
2807 3880 0.2
3881 3881 0.2
3882 3882 0.05
145 145 0.2
145 147 0.05
145 1020 0.05
145 144 0.2
3883 126 0.01
3883 750 0.2
3883 1400 0.05
3884 3884 0.2
3884 351 0.05
3884 555 0.01
3884 329 0.05
3884 46 0.05
3884 30 0.2
3884 175 0.05
3884 1898 0.01
2537 776 0.01
2537 711 0.05
2537 157 0.01
2537 793 0.01
2537 1586 0.2
2537 780 0.05
2537 1223 0.01
2537 43 0.05
2537 399 0.01
2537 708 0.01
2537 597 0.05
2537 40 0.2
2537 329 0.01
2537 431 0.2
2537 126 0.05
2537 802 0.05
2537 1126 0.2
2537 2578 0.2
2537 960 0.01
2537 492 0.01
2537 804 0.2
2537 1779 0.2
2537 1743 0.01
2537 3483 0.05
2537 1775 0.2
2537 1190 0.05
2537 429 0.2
2537 62 0.2
2537 634 0.2
2537 678 0.01
2537 751 0.2
2537 346 0.01
2537 577 0.05
2537 30 0.01
2537 353 0.05
2537 719 0.05
2537 46 0.05
2537 2282 0.01
2537 1384 0.2
2537 2789 0.05
2537 1587 0.2
2537 1661 0.2
2537 326 0.01
2537 328 0.05
2537 1616 0.01
2537 463 0.2
2537 717 0.01
2537 80 0.01
2537 1630 0.05
2537 1182 0.01
2537 418 0.01
2537 523 0.01
2537 2108 0.2
2537 1965 0.2
2537 1463 0.01
2537 1409 0.05
2537 115 0.2
2537 194 0.2
2537 1184 0.2
2537 524 0.01
2537 593 0.01
2537 162 0.2
2537 1064 0.05
2537 522 0.01
2537 785 0.01
2537 172 0.01
2537 153 0.05
2537 646 0.2
2537 303 0.05
2537 1961 0.01
2537 813 0.05
2537 22 0.01
2537 45 0.01
2537 65 0.01
2537 584 0.05
2537 739 0.05
2537 1028 0.2
2537 1688 0.2
2537 405 0.01
2537 2798 0.05
2537 588 0.05
2537 946 0.2
2537 3885 0.01
2537 335 0.01
2537 582 0.05
3010 3010 0.05
3010 1343 0.05
3010 694 0.05
3010 282 0.01
3010 695 0.05
3010 696 0.01
90 90 0.2
90 739 0.01
90 2666 0.05
90 1693 0.05
90 3100 0.2
90 801 0.01
90 2237 0.01
90 1086 0.2
90 792 0.05
90 789 0.05
90 2715 0.01
90 92 0.2
90 1176 0.05
90 142 0.05
90 1799 0.01
90 329 0.05
90 327 0.2
90 1898 0.05
90 3246 0.2
90 1628 0.01
90 584 0.2
90 2213 0.01
90 741 0.2
90 1454 0.05
90 86 0.2
90 736 0.2
90 84 0.2
90 648 0.2
90 859 0.2
90 1546 0.01
90 855 0.2
90 574 0.2
90 835 0.2
90 405 0.01
90 1312 0.05
3886 322 0.05
3886 3886 0.2
3209 3209 0.01
3209 126 0.01
802 802 0.05
802 739 0.01
802 1009 0.05
802 506 0.05
802 2757 0.05
802 855 0.2
802 46 0.01
802 856 0.01
802 2214 0.05
802 741 0.2
802 2213 0.01
802 353 0.05
802 329 0.2
802 175 0.05
802 784 0.05
802 142 0.2
802 837 0.05
802 1691 0.2
802 789 0.2
802 126 0.2
802 792 0.2
802 431 0.01
802 3887 0.2
802 536 0.2
802 1309 0.05
802 1690 0.2
802 3888 0.2
802 963 0.2
802 2739 0.05
802 736 0.05
802 785 0.2
802 2747 0.05
802 863 0.2
802 786 0.05
802 614 0.2
802 2961 0.01
802 2962 0.05
802 1167 0.05
802 1959 0.2
802 215 0.05
802 604 0.05
802 740 0.2
802 656 0.01
802 1053 0.01
802 928 0.01
802 1472 0.2
802 1650 0.01
802 261 0.2
802 1369 0.2
2291 2291 0.2
3889 3889 0.01
3890 3890 0.01
3890 514 0.2
3890 1151 0.05
3890 2789 0.05
3891 3891 0.01
3891 738 0.2
3891 1308 0.05
3891 648 0.2
3891 142 0.01
3891 737 0.05
3891 855 0.01
3891 329 0.01
3891 30 0.05
3891 126 0.01
3891 741 0.05
680 680 0.2
680 1033 0.2
680 109 0.01
680 1306 0.01
680 22 0.2
680 584 0.2
680 1500 0.2
680 827 0.05
680 103 0.01
680 841 0.05
680 34 0.05
680 492 0.01
680 80 0.05
680 265 0.2
680 461 0.2
680 630 0.01
680 844 0.01
680 189 0.2
680 1526 0.2
680 1072 0.05
680 469 0.05
680 599 0.05
680 20 0.2
680 157 0.01
680 453 0.05
680 2792 0.05
680 812 0.01
680 399 0.01
680 1963 0.01
680 3892 0.2
680 214 0.2
680 890 0.2
680 255 0.2
680 804 0.05
680 2550 0.01
680 349 0.05
680 793 0.2
680 801 0.2
680 2777 0.05
680 235 0.01
680 625 0.01
680 620 0.05
680 335 0.05
680 362 0.05
680 632 0.2
3161 3162 0.05
3161 3160 0.2
3893 3893 0.2
3894 830 0.2
3894 148 0.05
3438 2834 0.05
3438 3544 0.05
3438 2356 0.05
3438 65 0.01
3438 45 0.05
3438 119 0.05
3438 2137 0.05
3438 1519 0.01
3438 3438 0.01
3438 3895 0.05
3438 1337 0.05
3438 3896 0.05
3438 3805 0.05
3438 1524 0.05
3438 2255 0.05
3438 3442 0.05
3438 1020 0.2
3438 431 0.01
3438 2787 0.2
3438 3537 0.05
3438 1988 0.05
3438 3897 0.05
3438 30 0.01
3438 492 0.01
3438 1001 0.2
3438 1987 0.2
3438 349 0.01
3438 3898 0.05
3438 736 0.01
3438 68 0.01
3837 3837 0.05
3837 212 0.05
3899 3899 0.05
3900 3900 0.05
3901 3901 0.01
3902 3902 0.2
3902 3903 0.01
3904 3904 0.05
3904 626 0.05
3904 3268 0.2
610 1236 0.05
610 1254 0.01
610 124 0.01
610 1250 0.05
610 1251 0.2
610 128 0.05
610 2267 0.2
610 1237 0.2
610 1396 0.05
610 2463 0.01
610 1657 0.01
610 3905 0.01
610 3906 0.2
610 2674 0.2
610 3907 0.05
610 1617 0.01
610 3585 0.01
610 642 0.01
610 3908 0.01
610 612 0.01
610 1223 0.05
610 1153 0.01
610 1808 0.05
610 1781 0.05
610 1453 0.05
610 1804 0.2
610 593 0.2
610 3484 0.05
610 1512 0.05
610 812 0.05
610 1543 0.01
610 791 0.05
610 3743 0.2
610 646 0.01
610 3909 0.05
610 779 0.01
610 945 0.01
610 233 0.01
610 1052 0.01
610 3910 0.05
610 953 0.2
610 2147 0.01
610 3312 0.01
610 3082 0.05
610 276 0.2
610 3911 0.05
610 3538 0.2
610 2788 0.2
610 1116 0.2
610 3912 0.05
610 203 0.01
610 3377 0.01
610 107 0.2
610 3913 0.01
610 2976 0.01
610 686 0.05
610 406 0.2
610 3845 0.2
610 525 0.05
610 407 0.05
610 715 0.2
610 737 0.05
610 1126 0.2
610 1290 0.01
610 104 0.01
610 1089 0.01
610 1548 0.01
610 739 0.2
610 2685 0.2
610 1333 0.05
610 1988 0.05
610 3704 0.01
610 418 0.05
610 2789 0.05
610 987 0.01
610 3914 0.2
610 3915 0.05
610 597 0.05
610 2102 0.01
610 890 0.2
610 265 0.05
610 81 0.01
610 788 0.01
610 3916 0.2
610 3917 0.01
610 2671 0.01
610 3918 0.01
610 3919 0.01
610 1238 0.2
610 1047 0.05
610 3051 0.01
610 736 0.2
610 2332 0.05
610 2541 0.05
610 2031 0.01
610 1247 0.05
610 1634 0.05
610 3920 0.2
610 2719 0.2
610 1258 0.2
610 802 0.05
610 3455 0.2
610 3921 0.01
610 3922 0.05
610 3923 0.2
610 3924 0.05
610 2340 0.2
610 3925 0.01
610 297 0.05
610 3926 0.05
610 3927 0.2
610 3928 0.01
610 3929 0.05
610 3930 0.01
610 3931 0.01
610 2635 0.2
610 3258 0.2
610 1947 0.2
610 3932 0.01
610 1257 0.2
610 3933 0.05
610 1261 0.05
610 3934 0.05
610 1263 0.05
610 1265 0.01
610 1964 0.01
610 1269 0.2
610 3362 0.05
3935 3935 0.05
3936 3936 0.05
3936 232 0.2
3936 3937 0.05
3938 1277 0.05
3938 595 0.2
3938 328 0.05
3938 429 0.05
3939 3939 0.2
156 156 0.01
156 153 0.01
156 154 0.01
156 161 0.01
1057 1057 0.01
1057 62 0.01
1057 19 0.01
1057 3856 0.2
3940 3940 0.05
3941 82 0.05
3941 1650 0.2
855 855 0.2
855 648 0.2
855 106 0.2
855 3187 0.05
855 741 0.2
855 353 0.2
855 119 0.2
855 736 0.01
855 1693 0.05
855 1086 0.05
855 574 0.05
855 97 0.01
855 3185 0.01
855 1692 0.2
855 46 0.05
855 739 0.2
855 584 0.2
855 837 0.2
855 1454 0.2
855 1695 0.01
855 2213 0.05
855 1298 0.01
855 856 0.01
855 738 0.01
855 1696 0.2
855 1663 0.2
855 304 0.05
855 835 0.2
855 656 0.01
855 405 0.01
855 1342 0.05
855 1306 0.05
3942 30 0.2
3943 3944 0.01
3943 3943 0.2
3943 385 0.2
2404 2404 0.01
2404 1309 0.01
1549 209 0.2
1549 3384 0.05
1549 211 0.01
1549 3389 0.01
1549 3237 0.05
1549 207 0.05
1549 1515 0.2
1549 3480 0.2
2907 2907 0.01
3945 3945 0.01
3945 46 0.05
3945 2002 0.2
1747 1747 0.01
1747 1743 0.05
1747 1154 0.2
1747 632 0.2
1747 80 0.2
3680 30 0.01
3680 46 0.05
3680 431 0.2
3680 4 0.01
3946 2732 0.05
3947 3947 0.01
3947 3948 0.05
3947 1047 0.01
3949 3950 0.01
3951 3951 0.2
3951 963 0.2
3952 3133 0.2
3952 387 0.01
3952 385 0.2
3953 3067 0.01
3953 15 0.2
3953 394 0.05
3953 1794 0.05
3953 2107 0.05
3953 1814 0.2
3953 3564 0.05
3953 814 0.2
3953 3954 0.01
3955 3955 0.05
3956 3956 0.05
1744 80 0.01
1744 632 0.05
1744 1744 0.05
1744 1743 0.05
1744 1738 0.2
2762 2762 0.05
2762 1491 0.05
2762 1490 0.05
2762 672 0.05
2762 673 0.01
2762 1493 0.2
2762 937 0.01
2762 1846 0.2
3957 3957 0.05
3958 3193 0.2
2219 1065 0.01
2219 1386 0.05
3959 3959 0.2
3960 3960 0.2
2560 2560 0.01
3918 3918 0.05
3918 922 0.2
3918 214 0.2
229 584 0.01
229 2189 0.01
229 316 0.2
229 225 0.2
229 172 0.2
229 214 0.2
229 361 0.2
229 89 0.05
2353 2353 0.01
2783 1794 0.2
2783 2783 0.2
2783 584 0.01
2783 3409 0.01
2783 3664 0.2
2783 399 0.05
2783 2965 0.2
2783 2782 0.2
2783 1410 0.2
2783 3961 0.05
2783 2775 0.2
2783 3066 0.2
3962 3962 0.05
3962 1707 0.2
3962 3963 0.2
3962 974 0.2
3962 1343 0.05
3962 506 0.2
3964 329 0.2
3965 46 0.2
3966 3966 0.01
2802 2802 0.2
2802 2801 0.2
3967 3967 0.01
3968 3525 0.05
3968 3968 0.05
3969 1355 0.05
1373 261 0.2
1373 3970 0.2
1373 924 0.01
1373 3509 0.05
1373 1874 0.01
1373 1872 0.05
1373 2969 0.05
1373 2265 0.2
1373 1515 0.01
1373 1954 0.05
1373 1251 0.05
1373 1388 0.01
1373 3450 0.01
1373 3971 0.01
1373 2085 0.2
3972 2781 0.2
3972 701 0.2
3972 2090 0.2
3973 3973 0.05
3974 3974 0.2
3975 3975 0.05
808 712 0.01
808 1851 0.05
808 620 0.01
808 349 0.01
808 814 0.2
3976 3976 0.2
3977 3977 0.01
3978 3978 0.2
3979 3979 0.05
1999 1692 0.01
1999 2263 0.2
1999 329 0.01
1999 855 0.01
1999 46 0.2
1999 736 0.01
1999 739 0.01
1999 3491 0.01
3980 1533 0.2
3980 3981 0.2
3544 3544 0.2
3544 739 0.05
3544 142 0.01
3544 2799 0.05
3544 3476 0.01
3544 3313 0.2
3544 3896 0.01
3544 3898 0.01
2190 2188 0.2
2190 2189 0.2
2190 1931 0.01
2190 1756 0.2
2190 943 0.2
2190 2881 0.2
2190 101 0.01
2190 1536 0.01
2190 1755 0.01
2190 797 0.01
782 3982 0.01
782 3983 0.01
782 727 0.01
782 443 0.01
3984 126 0.01
8 46 0.01
8 1436 0.01
8 797 0.01
8 445 0.01
8 2881 0.2
8 2190 0.2
8 101 0.05
8 118 0.05
8 837 0.05
8 555 0.05
8 2296 0.01
333 1766 0.01
333 637 0.01
333 349 0.2
333 331 0.2
333 282 0.2
333 335 0.2
333 53 0.2
3985 2197 0.2
3985 603 0.05
3985 90 0.2
3985 91 0.05
3985 878 0.01
3985 92 0.01
3985 680 0.2
3985 93 0.01
3985 95 0.05
3985 96 0.01
3985 98 0.05
3985 99 0.05
3985 682 0.01
3985 654 0.05
3985 652 0.01
3985 651 0.2
3985 51 0.01
3985 1723 0.2
3985 1001 0.05
3985 1908 0.05
3985 2078 0.2
3985 175 0.01
3985 1195 0.2
3985 1609 0.01
3985 1648 0.2
3985 861 0.2
3985 296 0.01
3985 3102 0.05
3985 595 0.05
3985 295 0.05
3985 258 0.2
3985 1122 0.2
3985 3986 0.01
3985 353 0.01
3987 3987 0.05
3824 3824 0.05
3824 345 0.05
3824 327 0.2
3988 3988 0.05
3988 165 0.2
3989 3989 0.01
1357 572 0.01
1357 2298 0.01
1357 3990 0.01
1357 129 0.2
1357 629 0.01
1357 1524 0.05
3991 3991 0.05
2880 215 0.01
2880 323 0.01
3992 3992 0.05
3993 3993 0.05
3994 3994 0.05
1494 1494 0.2
1494 3995 0.2
1494 3996 0.05
1494 1450 0.05
1494 165 0.01
1494 167 0.05
1494 717 0.01
1494 2315 0.2
1494 119 0.01
1494 679 0.05
1494 3328 0.05
1494 1349 0.2
1494 1280 0.05
1494 2277 0.05
1494 873 0.05
1971 1971 0.01
3997 3997 0.01
3998 3998 0.01
1491 1491 0.2
1491 1167 0.05
1491 2561 0.05
1491 1490 0.05
1491 1492 0.01
1491 937 0.2
1491 14 0.01
1491 623 0.2
1491 13 0.01
1491 1595 0.05
1491 1108 0.01
1491 780 0.05
1491 349 0.2
1491 918 0.05
2107 1653 0.01
2107 2107 0.05
2107 2108 0.2
2107 181 0.2
2107 182 0.05
2107 2106 0.2
2107 2109 0.05
2107 1056 0.01
2107 2848 0.2
2107 2110 0.2
2107 3812 0.01
2107 2243 0.05
3999 3999 0.2
2755 2754 0.01
4000 4000 0.05
2570 658 0.05
2570 2570 0.2
2966 376 0.01
2966 994 0.05
55 1760 0.2
55 50 0.01
55 52 0.05
55 51 0.2
55 48 0.2
55 49 0.2
55 331 0.2
55 853 0.2
55 1047 0.05
55 56 0.01
4001 116 0.05
3409 3409 0.2
3409 604 0.05
3409 4002 0.01
3409 1091 0.2
3409 461 0.01
3409 3087 0.2
3409 2150 0.05
3409 379 0.2
3409 2934 0.2
3409 804 0.2
3409 2214 0.2
3409 1136 0.2
3409 4003 0.01
3409 413 0.05
3409 2350 0.2
3409 4004 0.2
3409 4005 0.2
3409 927 0.2
3409 584 0.05
3409 597 0.2
3409 1768 0.01
3409 378 0.05
3409 2783 0.01
3409 3961 0.05
3409 2775 0.2
1046 1046 0.05
1046 587 0.01
1046 770 0.05
1046 405 0.05
4006 632 0.01
4006 431 0.2
4006 639 0.05
4006 46 0.05
4007 4007 0.01
88 1860 0.2
88 964 0.2
88 4008 0.01
88 1815 0.01
88 88 0.01
88 4009 0.01
88 3337 0.01
88 4010 0.05
565 565 0.2
565 960 0.05
565 2410 0.05
565 2411 0.2
565 2405 0.2
565 2407 0.2
565 784 0.2
565 644 0.01
565 2928 0.05
1082 326 0.01
4011 4011 0.05
2023 2023 0.01
1627 835 0.2
1627 736 0.01
1627 84 0.2
1627 2132 0.05
1627 1627 0.01
1627 1097 0.01
1627 738 0.05
1627 2759 0.05
1627 792 0.05
1627 1749 0.2
1627 436 0.05
1627 1691 0.01
1627 916 0.05
1627 833 0.05
1627 741 0.05
1627 1053 0.05
1627 1308 0.2
1627 2210 0.01
1627 701 0.2
1627 1546 0.2
1627 349 0.01
1627 1075 0.05
1627 739 0.05
1627 801 0.05
1627 3541 0.2
1627 648 0.01
1627 142 0.01
1627 789 0.01
1627 86 0.2
1627 1628 0.2
1627 656 0.2
1627 1689 0.2
1627 3338 0.01
1627 106 0.05
1627 175 0.01
1627 1692 0.2
1627 859 0.2
1627 837 0.2
1627 91 0.05
1627 1454 0.01
1627 740 0.05
1627 221 0.05
3477 4012 0.01
4013 4013 0.01
569 31 0.01
569 1020 0.2
569 467 0.05
569 2666 0.05
569 32 0.2
569 3517 0.2
569 918 0.01
569 302 0.05
569 90 0.01
403 403 0.2
403 892 0.05
403 2510 0.2
403 893 0.2
403 625 0.05
403 1963 0.05
403 20 0.01
403 3130 0.01
403 528 0.2
403 397 0.05
403 2847 0.2
403 597 0.05
403 780 0.05
403 3288 0.05
3934 1643 0.01
3934 492 0.05
3934 1557 0.05
3934 2232 0.2
3934 783 0.01
3934 1114 0.01
3258 1586 0.2
3258 1254 0.01
3258 2688 0.01
3203 3203 0.05
4014 4014 0.05
4015 2505 0.01
4016 4016 0.2
1027 1027 0.2
1027 506 0.01
1027 434 0.2
1027 743 0.01
1027 750 0.01
1027 1546 0.2
1027 736 0.05
1027 30 0.01
1027 328 0.2
1027 2945 0.05
1027 104 0.05
1027 1019 0.05
1027 329 0.01
1027 175 0.05
1027 1022 0.01
1027 1097 0.01
1027 92 0.01
1027 651 0.05
1027 1496 0.05
1027 286 0.01
1027 438 0.2
1027 584 0.01
4017 4017 0.2
4018 4019 0.2
2964 2964 0.05
2964 629 0.2
2964 804 0.05
2964 346 0.01
2964 214 0.01
2964 1968 0.01
2964 1622 0.05
2964 960 0.2
2964 2317 0.2
2964 1395 0.2
2964 461 0.01
2964 795 0.01
2964 2578 0.2
2964 1142 0.05
2964 2634 0.2
2964 2938 0.05
2964 1634 0.01
2964 779 0.01
2964 1339 0.01
2964 1137 0.05
1398 3507 0.01
1398 1398 0.05
1398 4020 0.2
1398 53 0.05
1398 48 0.01
1398 331 0.05
1398 332 0.01
1398 1768 0.01
1398 74 0.05
1398 66 0.2
1398 67 0.2
1398 4021 0.2
1398 57 0.01
1398 333 0.01
1398 724 0.01
1398 3565 0.2
1398 4022 0.05
1398 4023 0.01
1398 3514 0.2
1398 4024 0.01
1398 1742 0.05
1398 1373 0.01
1398 727 0.2
1398 1085 0.01
1398 779 0.05
1398 75 0.01
1398 282 0.05
1398 1609 0.01
1398 51 0.2
1398 68 0.01
387 387 0.2
387 385 0.05
387 4025 0.01
387 759 0.05
387 3133 0.01
387 3132 0.2
387 108 0.01
1775 1351 0.01
1775 1775 0.01
1775 4026 0.01
1775 1106 0.05
1775 658 0.01
1775 4027 0.05
1775 634 0.2
1775 157 0.05
1775 1277 0.2
1775 630 0.01
1775 1068 0.01
1775 46 0.05
1775 165 0.05
1775 429 0.2
1775 2205 0.2
1775 1773 0.01
1775 424 0.2
1775 718 0.2
1775 353 0.05
1775 506 0.2
1775 2855 0.2
1775 2851 0.05
1775 248 0.2
1775 1692 0.05
1775 172 0.01
1775 577 0.2
1775 1490 0.01
1775 674 0.2
1775 1689 0.2
1775 1092 0.05
1775 44 0.05
1775 678 0.2
1775 610 0.2
1775 542 0.2
1775 188 0.01
1775 335 0.05
1775 1089 0.05
1775 194 0.01
1775 441 0.2
1775 1162 0.05
1775 963 0.05
1775 984 0.05
1775 62 0.01
1775 625 0.05
1775 2350 0.2
1775 1743 0.01
1775 844 0.2
1775 1178 0.2
1775 1236 0.2
1775 1237 0.01
1775 4028 0.05
1775 3809 0.01
1775 1510 0.05
1775 1779 0.2
1775 1512 0.01
1775 711 0.01
1775 2214 0.2
1775 349 0.01
1775 801 0.01
1775 214 0.05
1775 67 0.05
1775 3464 0.01
1775 925 0.01
1775 3467 0.05
1775 1223 0.2
1775 1047 0.2
1775 751 0.2
1775 4029 0.05
1775 1629 0.01
1775 525 0.2
1775 776 0.01
1775 1160 0.01
1775 1093 0.05
1775 148 0.05
1775 1542 0.01
1775 65 0.2
1775 1575 0.05
1775 1656 0.05
1775 1569 0.05
1775 1966 0.2
1775 4030 0.01
1775 4031 0.05
1775 1777 0.01
1775 3483 0.05
1775 3129 0.2
1775 2429 0.01
1775 1248 0.05
1775 3699 0.05
1775 1855 0.2
1775 1857 0.05
1775 1732 0.01
1775 399 0.2
1775 1731 0.05
1775 43 0.05
1775 860 0.01
1775 329 0.2
1775 50 0.2
1775 948 0.01
1775 1781 0.2
1775 328 0.05
1775 30 0.05
1775 719 0.2
1775 629 0.2
1775 1326 0.01
1775 762 0.2
1775 2251 0.05
1775 1877 0.01
1775 4032 0.05
1775 1495 0.01
1775 4033 0.05
1775 2256 0.2
1775 3257 0.05
1775 708 0.05
1775 2252 0.01
1775 623 0.2
1775 2535 0.01
1775 536 0.05
1775 342 0.05
1775 3117 0.01
1775 802 0.05
1775 648 0.05
1775 2706 0.05
1775 1492 0.2
1775 4034 0.01
1775 1182 0.05
1775 4035 0.05
1775 3444 0.05
1775 3430 0.2
1775 1418 0.05
1775 1664 0.05
1775 1780 0.01
1775 902 0.05
1775 768 0.05
1775 186 0.01
1775 1394 0.01
1775 779 0.2
1775 1662 0.01
1775 780 0.2
1775 728 0.01
4036 4036 0.2
3275 3275 0.01
3275 14 0.2
3275 4037 0.05
3275 4038 0.05
3275 1491 0.01
3275 3276 0.01
4039 4039 0.05
4040 4040 0.2
1459 1459 0.2
1459 391 0.05
1459 1457 0.2
2576 2197 0.01
2576 658 0.2
2576 2572 0.2
2576 3661 0.01
2576 852 0.01
4041 4041 0.01
4042 4042 0.01
4042 1656 0.01
4042 4043 0.05
3281 3281 0.2
3281 46 0.05
3281 1767 0.01
4044 4044 0.2
4044 1428 0.2
2821 2821 0.01
2821 869 0.01
4045 4045 0.05
4046 4046 0.05
4046 345 0.2
4046 255 0.05
4046 328 0.2
4046 1087 0.05
4046 30 0.01
4046 2860 0.2
4046 241 0.2
4046 1012 0.01
1310 584 0.01
1310 714 0.2
1310 2747 0.01
1310 835 0.05
1310 656 0.2
1310 86 0.2
1310 90 0.05
1310 3119 0.01
4047 4047 0.05
4047 1823 0.05
4048 4048 0.2
4049 4049 0.01
4050 4050 0.2
393 393 0.01
393 390 0.01
393 1024 0.01
393 388 0.2
393 801 0.01
393 1309 0.01
393 389 0.05
393 2667 0.05
393 392 0.2
393 2843 0.05
393 2751 0.01
4051 4051 0.01
4051 925 0.01
4051 1109 0.05
4051 30 0.2
4051 4052 0.01
4051 1105 0.01
4051 2396 0.05
4051 116 0.01
4051 3805 0.05
4051 2397 0.01
4051 719 0.2
4053 4053 0.01
3728 3728 0.05
3954 3954 0.2
4054 4054 0.2
1500 1500 0.2
1500 499 0.2
1500 2829 0.05
4055 4055 0.05
3053 3053 0.2
3053 2239 0.2
3053 3442 0.05
3053 739 0.01
3053 856 0.05
4056 4056 0.05
1205 1205 0.01
1205 1605 0.05
1205 1222 0.01
1205 2458 0.05
1205 1218 0.2
1205 1212 0.01
1205 1111 0.01
1205 1201 0.05
3454 3454 0.2
3454 441 0.2
4057 4057 0.01
4058 4058 0.05
2942 2307 0.2
2942 2942 0.2
2942 719 0.2
2942 323 0.2
2942 324 0.05
2942 2101 0.2
2942 1648 0.01
2942 887 0.01
4059 4059 0.2
3666 151 0.01
3666 3497 0.01
3419 1717 0.01
491 87 0.05
491 435 0.05
491 1065 0.2
491 30 0.2
491 307 0.01
491 305 0.05
491 438 0.2
4060 4060 0.01
4061 4061 0.01
1921 1921 0.2
1921 46 0.2
1921 30 0.01
1921 719 0.01
1921 286 0.05
1921 326 0.05
1921 352 0.01
1921 1081 0.01
1921 328 0.01
1921 659 0.05
1921 641 0.01
1389 1389 0.2
1389 1379 0.2
1389 429 0.2
1389 2227 0.05
1389 1375 0.01
1389 261 0.01
1389 597 0.2
1389 4062 0.05
1389 2256 0.2
1389 4063 0.2
4064 302 0.01
1034 1016 0.01
1034 1030 0.2
1034 1035 0.05
1034 858 0.2
1034 631 0.2
1034 1041 0.01
1034 22 0.2
1034 883 0.05
1034 852 0.05
1034 438 0.01
1034 792 0.05
1034 19 0.2
1034 1038 0.2
1034 1042 0.05
1034 658 0.01
1034 997 0.01
1034 429 0.05
1034 242 0.05
1034 1595 0.01
1034 2412 0.01
1034 157 0.01
1034 1162 0.05
1034 265 0.05
1034 34 0.2
1034 1930 0.2
3861 3542 0.01
3861 3186 0.2
3861 584 0.01
4065 1992 0.05
4065 727 0.2
4065 1022 0.05
4065 431 0.2
4065 1447 0.01
4065 432 0.01
4065 4066 0.2
4065 320 0.05
4065 780 0.2
4065 445 0.05
4065 513 0.05
4065 712 0.05
4065 523 0.01
4065 791 0.2
4065 31 0.01
4065 301 0.05
4065 4019 0.2
4065 4067 0.05
303 1022 0.2
303 352 0.2
303 306 0.01
303 95 0.2
303 46 0.01
303 719 0.2
303 30 0.01
303 326 0.2
303 305 0.05
303 1993 0.05
303 348 0.2
303 1894 0.2
303 286 0.05
303 1019 0.01
4068 741 0.01
351 352 0.01
351 324 0.05
351 858 0.05
351 350 0.05
351 1720 0.05
351 1022 0.01
351 303 0.05
351 3006 0.05
351 1961 0.01
351 3572 0.01
351 3884 0.01
351 4069 0.2
351 241 0.05
351 3009 0.01
351 836 0.01
722 722 0.05
722 1247 0.01
722 682 0.05
722 604 0.05
722 429 0.05
722 3398 0.01
722 349 0.05
722 793 0.01
722 912 0.05
722 597 0.01
722 1270 0.05
722 1899 0.2
722 51 0.05
722 53 0.01
722 428 0.2
722 618 0.01
722 1554 0.2
722 643 0.01
722 332 0.2
722 333 0.2
722 1769 0.2
4070 4070 0.01
3511 3511 0.01
4071 4071 0.01
4071 587 0.05
4071 1167 0.05
4071 93 0.01
4071 311 0.01
3347 215 0.01
3347 642 0.2
538 322 0.01
538 2199 0.2
538 773 0.01
538 2078 0.2
4072 4072 0.05
4073 4073 0.2
4074 4074 0.01
4074 2990 0.05
4075 883 0.01
4075 1211 0.01
4075 1031 0.2
44 431 0.2
44 46 0.2
44 438 0.05
44 658 0.2
44 429 0.05
44 638 0.01
44 435 0.01
44 305 0.01
44 440 0.01
44 2002 0.01
44 428 0.05
44 444 0.05
44 1521 0.05
44 1086 0.01
44 353 0.01
44 445 0.2
44 1237 0.01
44 506 0.05
44 432 0.2
44 995 0.05
44 578 0.05
44 4076 0.05
44 514 0.2
44 5 0.2
44 441 0.2
44 791 0.05
44 1041 0.05
44 215 0.2
44 1834 0.01
44 510 0.01
44 3316 0.01
44 306 0.2
44 434 0.2
44 1701 0.2
44 512 0.05
44 586 0.05
44 1835 0.01
44 271 0.05
44 1270 0.01
44 4077 0.01
44 1411 0.01
44 1291 0.05
44 9 0.2
44 1893 0.01
44 556 0.01
44 1407 0.2
44 1483 0.01
44 111 0.05
44 893 0.05
44 322 0.05
44 1545 0.2
44 951 0.01
44 958 0.01
44 922 0.05
44 1016 0.05
44 938 0.05
44 103 0.01
44 209 0.2
44 1924 0.2
44 172 0.01
44 703 0.01
44 157 0.05
44 705 0.01
44 93 0.01
44 242 0.05
44 3319 0.01
44 604 0.01
44 1816 0.2
44 1906 0.2
44 1908 0.01
44 373 0.01
44 632 0.01
44 1642 0.05
44 524 0.2
44 2522 0.01
44 793 0.01
44 2224 0.2
44 1910 0.2
44 1092 0.2
44 2226 0.2
44 549 0.01
44 1781 0.01
44 1775 0.05
44 2165 0.2
44 1856 0.01
4078 4078 0.2
4078 441 0.2
4079 4079 0.05
596 1898 0.2
596 2326 0.01
596 1270 0.2
596 324 0.05
596 187 0.2
596 362 0.01
596 52 0.05
596 111 0.01
596 3786 0.01
596 297 0.2
596 92 0.05
596 757 0.01
596 1844 0.2
596 2355 0.05
596 2601 0.05
596 316 0.2
596 103 0.2
596 593 0.01
596 157 0.2
596 1560 0.2
596 3397 0.05
596 45 0.2
4080 4080 0.2
4080 1373 0.05
3474 3474 0.2
3474 735 0.05
3474 468 0.01
3474 286 0.2
3474 577 0.2
3474 172 0.01
3474 329 0.05
3474 1754 0.2
3474 1020 0.2
3474 719 0.01
3474 328 0.2
3474 1847 0.01
3474 934 0.05
3474 791 0.01
3474 1117 0.05
3474 30 0.2
3474 438 0.2
3474 1075 0.2
3474 46 0.01
3474 774 0.01
3474 4081 0.2
4082 1851 0.05
4082 724 0.2
4082 2255 0.01
4082 1437 0.2
4082 944 0.2
4082 1072 0.05
4082 633 0.01
4082 1629 0.2
4082 627 0.05
4082 1189 0.05
4082 442 0.05
4082 1677 0.01
4082 946 0.2
4082 4083 0.01
4082 592 0.2
4082 2972 0.01
4082 2614 0.01
1728 1088 0.2
1728 30 0.05
1728 303 0.01
4084 4084 0.01
3101 3101 0.01
3101 104 0.01
3101 651 0.2
3101 584 0.01
3101 4085 0.2
2164 751 0.05
4086 4086 0.2
2263 1304 0.01
2263 736 0.2
2263 739 0.01
2263 1692 0.01
2263 790 0.2
2263 784 0.01
2263 1635 0.01
2263 801 0.05
2263 741 0.01
2263 84 0.05
2263 789 0.05
2263 3191 0.05
2263 329 0.05
2263 126 0.2
2263 2032 0.01
2263 4087 0.2
2263 855 0.01
2263 142 0.2
2263 656 0.2
2263 674 0.2
2263 2216 0.01
2263 3891 0.01
4088 1603 0.05
4089 4089 0.05
3898 3544 0.2
3898 3896 0.2
3898 3438 0.2
3898 431 0.01
2836 2836 0.2
2836 215 0.01
2836 1233 0.2
2836 2713 0.01
2836 1894 0.2
2836 2652 0.2
2836 1447 0.2
2836 469 0.01
2836 43 0.01
4090 4090 0.01
1074 328 0.2
1074 719 0.01
1074 1073 0.01
1074 30 0.05
1074 306 0.2
1074 1072 0.2
1074 645 0.01
1074 326 0.01
1074 323 0.01
1074 1079 0.01
1074 352 0.2
1074 345 0.05
1074 4091 0.05
1074 511 0.05
1074 1020 0.01
1074 3016 0.2
1074 1851 0.01
1074 1075 0.01
1074 3017 0.05
1074 882 0.2
1074 147 0.01
1074 46 0.01
1074 1754 0.01
1074 1433 0.2
4092 4092 0.01
4092 3099 0.05
4092 1902 0.05
4093 2832 0.01
4093 4094 0.05
4095 4095 0.05
3175 807 0.05
3175 346 0.01
3175 3175 0.01
3175 9 0.2
3304 4096 0.01
3304 708 0.05
3304 3182 0.2
3304 819 0.2
3304 4096 0.01
3304 441 0.05
3304 3004 0.05
3304 277 0.05
3304 1142 0.05
3304 279 0.05
3304 125 0.2
3304 4097 0.01
3304 126 0.2
3304 4098 0.2
4099 4099 0.01
4099 126 0.01
4100 642 0.01
4100 3323 0.2
4100 30 0.01
4100 2289 0.2
4100 329 0.01
4100 175 0.2
4100 1222 0.01
4100 679 0.05
4100 647 0.2
139 139 0.2
139 135 0.2
139 136 0.01
139 134 0.05
139 138 0.05
2222 2222 0.05
2222 126 0.2
2222 1065 0.01
2222 428 0.01
2222 1561 0.2
2222 1191 0.2
2222 2092 0.2
2222 720 0.01
2222 431 0.01
2222 618 0.01
2222 2207 0.05
2222 1816 0.01
2222 1066 0.2
2222 2091 0.2
2222 4101 0.05
2222 1856 0.01
2222 2208 0.2
2222 442 0.05
2222 2090 0.05
2222 619 0.01
2222 2228 0.01
2222 1555 0.2
2222 578 0.01
2222 4 0.01
2222 5 0.01
2222 1833 0.05
2222 353 0.05
2222 2219 0.01
2222 2259 0.2
2222 4102 0.01
2222 577 0.05
4103 1075 0.05
4103 1428 0.2
4104 4104 0.05
4105 1968 0.05
4105 174 0.05
4105 1750 0.05
4105 312 0.01
4105 2060 0.05
4105 4106 0.01
4105 4002 0.2
4105 631 0.05
2184 1454 0.01
2184 2600 0.01
2184 1798 0.2
2184 587 0.2
2184 172 0.05
2184 2947 0.05
2184 1062 0.05
2184 2599 0.01
2184 741 0.05
2184 441 0.2
2184 1770 0.05
2184 1471 0.05
2184 440 0.05
2184 428 0.2
619 619 0.01
619 1067 0.05
619 1237 0.05
619 593 0.05
619 618 0.01
619 1555 0.2
619 1066 0.05
619 429 0.2
619 428 0.01
619 2219 0.2
619 362 0.01
619 1816 0.2
619 442 0.05
619 2207 0.05
619 2222 0.01
619 1065 0.05
619 643 0.2
619 431 0.2
619 725 0.05
619 2091 0.01
619 578 0.05
619 2092 0.01
619 1554 0.01
619 2215 0.01
619 2090 0.05
619 1823 0.01
619 126 0.05
619 4107 0.01
619 1191 0.01
619 3239 0.05
619 234 0.01
619 438 0.05
619 46 0.01
619 444 0.05
619 2069 0.2
619 2208 0.01
619 1561 0.2
619 1270 0.05
619 2209 0.2
4108 2619 0.2
4108 4108 0.2
3505 3505 0.05
3505 1176 0.05
3505 1342 0.2
3505 3725 0.01
3505 46 0.01
3505 500 0.2
3505 1346 0.2
3505 1126 0.2
3505 775 0.2
3505 492 0.01
3505 1463 0.2
4109 4109 0.2
4110 4111 0.05
2396 2396 0.2
2396 2397 0.2
2396 114 0.2
2396 673 0.01
2396 1918 0.2
2396 1107 0.2
2396 30 0.05
2396 829 0.01
2396 424 0.2
2396 22 0.01
2396 46 0.2
2396 112 0.05
2396 116 0.2
2396 2882 0.01
2396 719 0.2
2396 937 0.2
2396 643 0.2
2396 497 0.2
2396 1201 0.05
2396 1525 0.05
2396 428 0.01
2396 1105 0.01
2396 329 0.2
2396 4112 0.05
2396 4113 0.01
2396 3784 0.01
2396 2762 0.2
2396 1104 0.05
2396 1798 0.05
216 216 0.01
4114 4114 0.05
4114 4115 0.2
4114 286 0.01
1589 1589 0.05
1589 30 0.2
1589 174 0.01
1589 990 0.01
1589 1001 0.01
1589 1002 0.05
1589 1100 0.01
1589 1404 0.01
1589 4116 0.2
1589 1400 0.01
1589 466 0.01
1589 126 0.01
1589 171 0.2
1589 349 0.05
1589 4117 0.2
1589 11 0.2
1589 46 0.05
1589 3105 0.05
1589 348 0.01
1589 1588 0.05
4118 4118 0.2
208 208 0.05
208 1187 0.05
208 4119 0.05
208 207 0.2
208 209 0.05
208 210 0.2
208 211 0.2
208 286 0.2
208 1820 0.05
208 593 0.05
208 295 0.05
208 1142 0.05
208 977 0.05
208 206 0.2
2415 2227 0.2
2415 2415 0.2
2415 4120 0.05
2415 2414 0.2
2415 3688 0.2
4121 4121 0.05
4121 2307 0.01
4121 3006 0.05
4121 2284 0.01
4121 304 0.05
4121 2076 0.05
4121 3572 0.2
4121 176 0.05
4121 3786 0.05
4122 929 0.05
4123 4101 0.05
1458 1458 0.2
1458 1457 0.2
202 646 0.2
202 1571 0.05
202 1804 0.01
202 430 0.05
202 286 0.01
202 1597 0.05
202 783 0.01
202 289 0.01
202 3122 0.01
202 2611 0.05
202 1390 0.05
202 613 0.05
202 4124 0.01
202 207 0.2
2475 1711 0.2
2475 813 0.01
2475 1723 0.2
2475 400 0.05
2312 30 0.2
2312 1637 0.05
2312 916 0.2
4125 2324 0.01
4125 4126 0.05
4127 4127 0.01
902 701 0.05
902 903 0.2
902 904 0.01
902 902 0.05
902 897 0.05
902 898 0.2
902 905 0.05
902 429 0.05
902 899 0.05
902 901 0.05
902 711 0.01
902 1851 0.01
902 165 0.01
902 634 0.01
902 900 0.05
902 363 0.05
1273 1273 0.01
1273 1135 0.01
4128 4128 0.05
3083 3083 0.2
1107 1918 0.2
1107 1107 0.01
1107 30 0.05
1107 829 0.01
1107 116 0.05
1107 1105 0.01
1107 3784 0.05
1107 2912 0.01
1107 4113 0.2
1107 925 0.05
1107 114 0.2
1107 673 0.2
1107 4129 0.2
1107 4052 0.01
1107 2397 0.01
1107 2882 0.01
1107 719 0.05
1107 4112 0.01
1107 4051 0.05
1107 2762 0.05
1107 1104 0.05
1107 859 0.01
4130 4130 0.2
4130 1378 0.01
4130 2434 0.05
4130 812 0.2
4130 1254 0.05
4130 4131 0.01
707 3398 0.2
707 4132 0.05
707 2227 0.01
707 2259 0.01
707 4101 0.2
707 2781 0.01
707 2222 0.01
1838 444 0.2
1838 2073 0.2
1838 3171 0.2
1838 327 0.2
1838 345 0.01
1838 2355 0.05
1838 807 0.2
1838 994 0.05
1838 1838 0.01
1838 30 0.01
1838 46 0.01
2678 2678 0.01
2678 614 0.05
2678 2679 0.2
2678 1982 0.2
2678 613 0.05
4133 62 0.01
1596 1596 0.2
1596 126 0.05
1596 282 0.05
1596 286 0.01
1596 175 0.01
1596 3572 0.05
1596 826 0.2
1596 46 0.05
1596 3821 0.2
1596 825 0.01
1596 329 0.05
1596 916 0.2
1176 4067 0.05
1176 1546 0.05
1176 736 0.05
1176 327 0.2
1176 1211 0.2
1176 431 0.2
1176 1762 0.05
1176 656 0.01
1176 852 0.01
1176 90 0.05
1176 92 0.01
1176 38 0.2
1176 1089 0.01
1176 175 0.2
4134 4134 0.2
4134 793 0.01
1605 2135 0.2
1605 83 0.2
1605 1222 0.05
1605 110 0.05
1605 747 0.2
1605 137 0.01
1605 79 0.01
1605 836 0.05
1605 108 0.05
1605 1641 0.05
1605 784 0.01
1605 887 0.2
1605 1213 0.05
1605 748 0.05
1605 746 0.2
1605 652 0.05
1605 290 0.05
1605 1214 0.01
1605 1604 0.01
1605 2756 0.05
1605 3768 0.01
1605 102 0.01
1605 749 0.05
1605 2457 0.01
1605 883 0.2
1605 4067 0.01
1605 647 0.2
1605 2501 0.2
1605 234 0.05
4135 4135 0.01
4136 4136 0.05
4137 4138 0.2
3037 1520 0.01
3037 271 0.01
3037 19 0.05
3037 94 0.05
3037 329 0.2
2609 887 0.2
2609 35 0.2
2609 1150 0.01
2609 2608 0.01
2609 224 0.01
4139 30 0.01
1948 797 0.05
1948 46 0.2
1948 791 0.01
1948 577 0.2
1948 353 0.01
1948 30 0.01
862 584 0.05
862 862 0.01
862 1794 0.05
862 46 0.05
862 2703 0.2
862 717 0.01
862 324 0.01
862 3409 0.05
862 4140 0.01
862 1717 0.2
862 399 0.05
862 2750 0.01
862 2749 0.2
862 453 0.2
862 2965 0.01
862 853 0.01
862 1020 0.05
862 4141 0.2
862 1974 0.2
862 776 0.2
862 1021 0.01
862 1734 0.05
862 461 0.01
862 1731 0.01
862 346 0.01
862 126 0.01
3282 3282 0.01
3282 2216 0.05
2841 739 0.2
2841 1343 0.05
2841 506 0.05
2841 445 0.2
2841 3191 0.01
2841 1557 0.2
2841 855 0.05
2841 46 0.01
2841 1430 0.2
2841 561 0.01
2841 2216 0.2
2841 858 0.2
2841 714 0.01
2841 825 0.2
2841 648 0.2
2841 438 0.2
2841 736 0.05
2841 2799 0.01
2841 30 0.05
2841 1454 0.01
2841 44 0.2
2841 741 0.05
2841 642 0.2
2841 427 0.05
2841 2363 0.2
2841 45 0.2
2841 328 0.01
2841 833 0.01
2841 582 0.01
2841 437 0.01
2841 610 0.01
2841 329 0.2
2841 916 0.2
2841 175 0.05
2841 142 0.01
2841 837 0.2
2841 4142 0.2
2841 126 0.01
2841 1659 0.2
2841 148 0.2
2841 441 0.2
2841 1160 0.01
2841 1856 0.01
4143 45 0.05
887 46 0.05
887 886 0.05
887 784 0.2
887 2942 0.2
887 438 0.01
887 1751 0.05
887 1641 0.01
887 1339 0.01
887 113 0.01
887 1605 0.05
887 119 0.05
887 1150 0.01
887 108 0.2
887 1111 0.05
887 2613 0.01
887 2323 0.05
887 586 0.05
887 1882 0.01
887 35 0.01
887 1112 0.2
887 503 0.05
887 4144 0.01
2368 2365 0.2
2368 2367 0.01
2368 3285 0.05
2368 2267 0.2
2368 4145 0.05
4146 351 0.01
4146 350 0.2
4146 2307 0.01
4146 2076 0.01
4146 3669 0.05
4146 3572 0.01
4146 3786 0.01
4146 4147 0.01
4146 4148 0.05
4146 4149 0.01
2041 2041 0.01
1022 46 0.05
1022 30 0.01
1022 352 0.05
1022 1086 0.2
1022 326 0.2
1022 327 0.01
1022 438 0.2
1022 719 0.2
1022 1720 0.2
1022 95 0.2
1022 1133 0.01
1022 303 0.2
1022 435 0.01
1022 209 0.05
1022 65 0.2
1022 1081 0.2
1022 351 0.05
1022 443 0.2
1022 784 0.05
1022 316 0.2
1022 436 0.05
1022 1031 0.05
1022 431 0.05
1022 1993 0.01
1022 1017 0.05
1022 1116 0.05
1022 2284 0.05
1803 1803 0.01
1803 126 0.01
1803 506 0.01
1803 46 0.01
1803 62 0.2
1803 2217 0.01
749 1605 0.01
749 2460 0.01
749 1218 0.2
749 747 0.2
749 652 0.01
749 1212 0.2
749 110 0.01
749 1479 0.2
749 746 0.05
749 748 0.05
749 1219 0.01
749 79 0.05
749 1222 0.2
749 290 0.2
749 2457 0.2
749 137 0.2
749 1499 0.01
749 2453 0.2
749 1214 0.2
749 764 0.2
749 1210 0.2
749 2289 0.01
749 2456 0.01
749 326 0.2
749 659 0.05
749 2459 0.05
749 2461 0.01
749 2278 0.05
749 1205 0.01
749 2454 0.2
749 1213 0.05
749 3749 0.01
749 584 0.05
749 2458 0.2
749 647 0.01
749 108 0.05
749 1203 0.01
749 377 0.2
749 3725 0.2
749 3645 0.05
749 4150 0.01
749 1201 0.01
749 1206 0.2
749 46 0.01
749 1238 0.2
749 1116 0.01
4151 4151 0.05
4151 1386 0.05
4151 4132 0.2
3856 3856 0.05
3856 893 0.05
3856 584 0.01
3856 357 0.01
3856 1068 0.01
3856 67 0.05
3856 438 0.2
3856 431 0.05
3856 320 0.01
3856 443 0.2
3856 1057 0.05
3856 2508 0.01
3856 93 0.2
3856 215 0.2
3856 316 0.05
3856 19 0.01
3856 265 0.01
3856 1315 0.2
3856 2782 0.01
3856 1685 0.01
3856 157 0.05
3856 631 0.01
3856 804 0.05
3856 1413 0.2
3856 620 0.01
4152 70 0.2
4152 4152 0.05
4152 2186 0.2
1632 3663 0.05
1632 3664 0.01
1632 3193 0.2
1632 1632 0.2
1632 126 0.05
1632 438 0.2
1632 46 0.05
1632 30 0.05
1632 175 0.01
1632 4153 0.05
1632 441 0.2
1632 318 0.05
1632 639 0.05
1632 1770 0.01
1632 440 0.05
1632 44 0.05
1632 431 0.05
1632 1160 0.2
1367 1367 0.01
4154 4154 0.01
3423 3423 0.2
3423 126 0.2
3423 46 0.01
3423 1116 0.05
3423 328 0.01
1477 2078 0.05
1477 4019 0.2
1477 316 0.05
4155 4156 0.01
4155 4157 0.01
4155 126 0.2
4155 4158 0.2
4155 45 0.05
1623 2754 0.05
1623 4159 0.05
1623 4160 0.05
2261 2261 0.01
2261 106 0.2
2261 102 0.2
2261 1311 0.01
2261 736 0.2
2261 739 0.2
2261 142 0.05
2261 86 0.2
2261 656 0.01
2261 584 0.2
2261 1692 0.05
2261 2614 0.05
2261 1658 0.2
2261 1126 0.05
2261 1689 0.05
2261 747 0.01
2261 3192 0.01
2261 1304 0.05
2261 1699 0.01
2261 3118 0.01
2261 2961 0.01
2261 405 0.05
2261 248 0.01
2261 1409 0.05
4161 4161 0.01
4162 4162 0.2
183 183 0.01
991 991 0.01
991 1030 0.2
991 773 0.2
991 524 0.05
991 1038 0.01
991 1034 0.01
991 1035 0.2
991 1039 0.2
991 498 0.01
991 469 0.01
991 1042 0.05
991 1021 0.01
4163 4163 0.01
4163 46 0.2
4163 438 0.01
4163 593 0.2
4163 4164 0.05
4163 30 0.2
904 901 0.05
904 701 0.05
904 903 0.2
904 2285 0.2
904 902 0.2
904 897 0.05
904 898 0.05
904 899 0.01
904 905 0.2
904 1020 0.2
904 2782 0.05
904 888 0.01
904 918 0.01
904 927 0.01
904 1179 0.05
904 4165 0.05
904 1512 0.05
904 3599 0.01
904 641 0.01
904 1451 0.2
904 1187 0.01
904 711 0.01
904 148 0.05
904 2286 0.2
904 328 0.05
904 53 0.2
904 3242 0.01
904 2284 0.05
904 2149 0.05
904 1089 0.2
904 549 0.2
904 2789 0.2
904 432 0.2
904 165 0.2
904 900 0.05
904 260 0.2
904 916 0.2
904 449 0.05
91 91 0.05
91 3116 0.01
91 30 0.2
91 351 0.01
91 1633 0.2
91 2376 0.2
91 2061 0.2
91 46 0.2
91 1644 0.2
91 736 0.05
91 648 0.01
91 1693 0.01
91 859 0.2
91 837 0.01
91 739 0.2
91 329 0.05
91 1298 0.05
91 97 0.05
91 656 0.01
91 86 0.01
91 106 0.2
91 789 0.2
91 84 0.2
91 142 0.2
91 741 0.2
91 584 0.05
91 1033 0.01
91 2629 0.01
91 792 0.01
91 102 0.01
91 405 0.01
91 2751 0.01
91 740 0.01
91 835 0.2
91 2748 0.01
91 855 0.05
91 2961 0.01
91 802 0.05
91 4166 0.05
1824 46 0.05
1824 719 0.05
1824 316 0.05
1824 4167 0.2
1824 1490 0.2
1824 126 0.05
1824 1495 0.05
1824 30 0.05
1824 937 0.01
1824 1754 0.2
1824 638 0.01
1824 1085 0.01
1422 1422 0.01
1422 237 0.05
1422 1314 0.2
1422 1534 0.05
1422 1421 0.05
1422 1423 0.05
4168 584 0.05
4168 2593 0.2
4168 4026 0.2
4168 4169 0.05
4168 3085 0.05
4168 656 0.05
4168 1794 0.05
4168 1793 0.2
4168 4168 0.05
4170 148 0.2
4170 584 0.05
3526 1961 0.05
4171 4171 0.01
2140 2140 0.05
2140 349 0.01
4172 4173 0.05
4174 4174 0.05
4175 4175 0.05
4175 112 0.2
4176 46 0.01
4176 4019 0.05
2147 148 0.05
2147 2147 0.01
2147 2559 0.01
2147 2560 0.05
2147 1243 0.01
2147 2482 0.05
2147 80 0.05
2147 2210 0.2
2147 95 0.01
2147 786 0.05
2147 722 0.01
2147 467 0.01
2147 949 0.2
2147 1740 0.2
2147 1074 0.05
2147 1536 0.05
2147 1337 0.2
2147 501 0.05
2147 627 0.2
2147 2745 0.01
2147 82 0.05
2147 679 0.05
2147 1133 0.01
2147 2255 0.01
2147 3478 0.2
2147 318 0.2
2147 304 0.2
2147 2246 0.05
2147 101 0.01
2147 2233 0.2
2147 1515 0.2
2147 1176 0.05
2147 2463 0.01
2147 595 0.05
2147 2290 0.01
2147 2474 0.01
2147 3032 0.2
2147 1948 0.05
2147 351 0.2
2147 1270 0.05
2147 852 0.2
2147 426 0.01
2147 70 0.01
2147 1571 0.05
2147 2577 0.05
2147 337 0.01
2147 193 0.01
2147 50 0.2
2147 2501 0.01
2147 1377 0.05
2147 48 0.05
2147 4 0.2
2147 1696 0.01
2147 2171 0.05
2147 2672 0.05
2147 1306 0.01
2147 1851 0.01
2147 2483 0.05
2147 1894 0.2
2147 336 0.05
2147 3102 0.2
2147 1246 0.2
2147 1799 0.2
2147 49 0.2
2147 2352 0.05
2147 468 0.2
2147 1290 0.05
2147 2108 0.05
2147 1978 0.05
2147 43 0.05
2147 2101 0.2
2147 813 0.05
2147 1437 0.01
2147 513 0.05
2147 2042 0.05
2147 227 0.05
2147 1418 0.05
2147 81 0.2
2147 1361 0.01
2147 1417 0.05
2147 740 0.2
2147 574 0.05
2147 66 0.01
2147 1996 0.05
2147 400 0.2
2147 1049 0.01
2147 2435 0.05
2147 792 0.2
2147 230 0.2
2147 436 0.2
2147 1109 0.01
2147 917 0.2
2147 224 0.01
2147 916 0.2
2147 296 0.05
2147 1769 0.05
2147 83 0.2
2147 137 0.05
2147 555 0.05
2147 2259 0.01
2147 344 0.2
2528 916 0.05
2528 3598 0.05
2528 289 0.05
4177 4177 0.01
4177 1175 0.2
1658 1658 0.2
1658 230 0.2
1658 918 0.2
1658 2614 0.2
1658 915 0.01
1658 1616 0.01
1658 934 0.01
1658 286 0.01
1658 30 0.2
1658 719 0.05
1658 46 0.2
1658 947 0.05
1658 121 0.01
1658 791 0.2
1658 935 0.2
1658 328 0.05
1658 34 0.2
1658 1100 0.01
1658 990 0.2
1658 118 0.2
1658 22 0.2
1658 232 0.2
1658 1150 0.2
1658 1993 0.2
1658 1928 0.05
1658 2261 0.01
1658 4178 0.01
1658 747 0.01
1658 436 0.01
1658 2272 0.01
1658 841 0.2
1658 577 0.05
1658 1847 0.01
1658 1844 0.01
1658 623 0.2
1658 298 0.01
1658 4179 0.01
1658 2985 0.05
1658 586 0.01
1658 582 0.05
1658 1842 0.05
1658 501 0.05
4180 4180 0.2
4180 286 0.05
4181 4181 0.01
4181 4037 0.05
674 739 0.2
674 736 0.2
674 837 0.05
674 718 0.05
674 855 0.05
674 142 0.05
674 797 0.2
674 1568 0.01
674 673 0.01
674 116 0.01
674 1492 0.01
674 672 0.01
674 1342 0.01
674 1108 0.05
674 1490 0.05
674 1493 0.2
674 3212 0.05
674 126 0.05
674 2902 0.05
674 1846 0.01
674 30 0.01
674 3210 0.2
674 329 0.2
674 316 0.01
674 1068 0.2
674 1463 0.01
329 353 0.01
329 30 0.01
329 719 0.2
329 1799 0.05
329 739 0.01
329 506 0.01
329 859 0.01
329 1428 0.01
329 46 0.2
329 679 0.05
540 1535 0.05
540 93 0.05
540 1663 0.05
540 1283 0.2
540 400 0.2
540 1980 0.2
830 709 0.05
830 638 0.01
830 1313 0.05
830 94 0.2
830 918 0.05
830 709 0.2
830 4182 0.2
830 4183 0.05
830 2975 0.01
830 1968 0.2
830 577 0.05
830 438 0.01
830 631 0.2
830 712 0.2
830 810 0.01
830 646 0.01
830 1166 0.05
830 311 0.2
830 1085 0.05
830 286 0.2
830 3659 0.05
830 3937 0.01
830 198 0.05
830 1495 0.2
830 172 0.05
830 232 0.05
830 717 0.05
830 219 0.01
830 329 0.01
830 2372 0.01
830 620 0.01
830 545 0.2
830 349 0.2
830 4184 0.05
830 511 0.01
830 1016 0.01
830 1020 0.05
830 793 0.01
830 12 0.01
830 1436 0.05
830 1301 0.01
830 624 0.2
830 715 0.2
830 46 0.01
830 346 0.01
830 739 0.01
830 939 0.01
830 813 0.05
830 34 0.05
830 3495 0.05
830 859 0.01
830 291 0.05
830 1117 0.05
830 531 0.01
830 265 0.2
830 1093 0.01
830 1616 0.01
830 780 0.05
830 3614 0.01
830 4185 0.2
830 1049 0.05
830 492 0.2
830 171 0.2
830 3337 0.05
830 1852 0.2
830 1671 0.2
830 523 0.2
830 3894 0.2
830 1399 0.2
830 1490 0.05
830 4186 0.2
254 247 0.01
4187 4187 0.01
4188 4188 0.2
1645 1645 0.2
1645 1495 0.05
1645 172 0.2
1645 918 0.2
1645 438 0.01
1645 30 0.2
1645 1353 0.05
1645 1436 0.05
1645 577 0.2
1645 328 0.01
1645 915 0.01
1645 912 0.2
1645 2614 0.01
1645 990 0.2
1645 780 0.2
1645 807 0.05
1645 712 0.05
1645 939 0.05
1645 804 0.01
1645 2631 0.05
4189 776 0.05
464 463 0.01
464 370 0.01
4190 4190 0.05
6 1570 0.01
6 1 0.05
1411 1211 0.01
1411 883 0.01
1411 286 0.01
1411 4075 0.2
1411 352 0.05
1411 1288 0.01
1411 784 0.01
1411 438 0.01
1411 46 0.2
1411 2727 0.2
1411 1031 0.05
1411 1411 0.05
1411 3615 0.05
1411 714 0.05
1411 738 0.01
1411 880 0.05
1411 172 0.05
1411 2331 0.2
1411 4191 0.01
1411 440 0.01
1411 4077 0.01
1411 44 0.01
1411 1110 0.2
1411 1111 0.01
1411 2196 0.2
4192 4192 0.01
2355 1818 0.01
2355 4193 0.01
2355 835 0.01
2355 1546 0.01
2355 2073 0.05
2355 444 0.05
2355 1838 0.2
2355 30 0.01
2355 3174 0.01
4194 4194 0.01
4195 4195 0.01
4195 739 0.01
3664 3663 0.01
3664 650 0.01
3664 3849 0.01
3664 357 0.05
3664 3193 0.05
287 287 0.05
287 285 0.05
287 284 0.01
287 424 0.2
287 22 0.2
287 3071 0.01
2798 2798 0.2
2798 45 0.05
2798 1337 0.05
2798 4196 0.05
2962 126 0.01
2962 2962 0.05
2962 2751 0.05
2962 391 0.01
2962 739 0.05
2962 801 0.2
2962 1309 0.2
2962 789 0.05
2962 855 0.05
2962 1754 0.01
2962 2961 0.2
2962 3313 0.01
2962 1684 0.01
2962 2667 0.05
2962 1547 0.2
2962 3386 0.05
4197 4197 0.01
4198 632 0.01
4198 1154 0.01
4199 4199 0.01
81 81 0.01
81 107 0.2
81 1136 0.2
81 965 0.2
81 1022 0.05
81 30 0.05
81 1495 0.01
81 46 0.01
81 303 0.01
81 19 0.01
81 597 0.05
81 214 0.2
81 298 0.01
81 2273 0.01
81 1535 0.01
81 703 0.2
81 648 0.05
81 2363 0.05
81 65 0.01
81 3385 0.2
81 9 0.2
81 345 0.01
81 258 0.01
81 501 0.05
81 1291 0.2
81 516 0.01
81 113 0.01
81 438 0.2
81 1485 0.01
81 3088 0.05
81 4200 0.01
81 2933 0.05
81 610 0.01
81 4201 0.05
81 830 0.2
81 987 0.05
81 103 0.05
81 613 0.2
81 357 0.2
81 157 0.05
4202 4202 0.2
4203 4203 0.01
4186 4186 0.05
4186 860 0.2
1019 434 0.2
1019 303 0.2
1019 326 0.05
1019 92 0.05
1019 750 0.05
1019 801 0.05
1019 104 0.01
1019 1022 0.2
1019 1023 0.2
1019 1018 0.01
1019 22 0.05
1019 1017 0.01
1019 748 0.05
1019 746 0.05
1019 1019 0.2
1019 65 0.2
1019 1086 0.01
1019 647 0.2
1019 2945 0.05
1019 651 0.01
1019 1027 0.2
1019 1682 0.05
1019 469 0.2
1019 1024 0.01
1019 805 0.05
1019 405 0.2
1019 1687 0.01
1019 1119 0.01
1019 3102 0.01
1019 933 0.05
1019 1079 0.2
1019 2271 0.01
1019 2284 0.2
1019 350 0.2
1019 913 0.05
1019 2646 0.05
1019 171 0.05
1019 94 0.2
1019 2272 0.05
1019 827 0.2
1019 1314 0.05
1019 1847 0.2
1019 4149 0.2
1019 1441 0.2
1019 1754 0.01
1019 523 0.01
1019 934 0.05
1019 555 0.01
1019 1686 0.2
1019 2614 0.01
1019 525 0.05
1019 912 0.2
1019 1440 0.01
1019 858 0.01
1019 921 0.01
1019 394 0.01
1153 157 0.01
1153 1223 0.01
1153 4204 0.01
1153 2539 0.01
1153 1304 0.2
1153 4205 0.05
1153 3850 0.2
1153 328 0.01
1153 89 0.01
1153 45 0.2
1153 751 0.05
1153 297 0.2
1153 1685 0.2
1153 1650 0.05
1153 492 0.2
1153 457 0.2
1153 4206 0.01
1153 617 0.2
1153 1982 0.01
1153 3856 0.05
1153 14 0.01
1153 774 0.05
1153 711 0.05
1153 188 0.2
1153 232 0.01
1153 1418 0.2
1153 2831 0.01
1153 890 0.2
1153 892 0.01
1153 399 0.05
1153 888 0.01
1153 3797 0.2
1153 814 0.2
1153 699 0.2
1153 1673 0.05
1153 1183 0.2
1153 2847 0.05
1153 2694 0.01
1153 2018 0.2
1153 413 0.05
1153 1873 0.2
1153 1875 0.01
1153 849 0.05
1153 2782 0.01
1153 1872 0.01
1153 1874 0.01
1153 626 0.01
1153 1147 0.05
1153 3509 0.05
1153 924 0.2
1153 1387 0.05
1153 4207 0.01
1153 3635 0.01
1153 1254 0.2
1153 2265 0.05
1153 4208 0.01
1153 4209 0.01
1153 9 0.01
4210 4210 0.05
4211 326 0.05
4211 286 0.01
4211 2103 0.01
4211 558 0.01
1839 2430 0.05
1839 586 0.01
1839 528 0.05
4212 4212 0.2
3659 4213 0.05
4214 1313 0.2
4214 326 0.05
4214 2247 0.2
599 4215 0.2
599 172 0.05
599 171 0.01
599 913 0.01
599 518 0.2
599 599 0.2
599 2333 0.01
599 89 0.2
599 1223 0.2
599 933 0.01
599 1211 0.01
599 30 0.05
599 304 0.05
599 936 0.05
599 888 0.05
599 711 0.01
599 764 0.05
599 522 0.2
599 2507 0.2
599 362 0.05
599 1303 0.2
599 830 0.2
599 631 0.2
599 1339 0.05
599 701 0.01
599 1191 0.05
599 194 0.05
599 985 0.01
599 4216 0.01
599 2270 0.01
599 2171 0.05
599 1536 0.2
599 295 0.2
599 603 0.05
599 2004 0.2
599 4217 0.2
599 498 0.05
599 1543 0.01
599 98 0.2
599 251 0.05
599 3948 0.01
599 1489 0.2
599 265 0.05
599 177 0.05
599 178 0.05
599 929 0.2
599 4218 0.2
599 613 0.01
599 2732 0.05
599 617 0.05
599 2153 0.2
599 776 0.2
599 2429 0.01
599 820 0.01
599 122 0.2
3708 3708 0.2
3708 3210 0.05
64 48 0.05
64 3850 0.01
3441 3441 0.05
2739 2747 0.01
2739 963 0.05
2739 492 0.05
2739 91 0.05
2739 2141 0.05
2739 3240 0.01
2739 2739 0.01
2739 740 0.05
2739 2629 0.2
2739 2782 0.01
2739 3951 0.01
2739 1643 0.05
2739 3087 0.01
2739 2483 0.05
2739 234 0.05
2739 588 0.2
2739 2151 0.01
2739 2750 0.01
2739 4219 0.2
2739 802 0.01
2739 718 0.01
2739 3606 0.2
2739 2749 0.05
2739 142 0.2
2739 855 0.2
2739 1286 0.01
2739 837 0.01
2739 859 0.2
2739 736 0.05
2739 834 0.01
4220 4220 0.01
4220 497 0.05
4220 194 0.05
4220 2171 0.01
4220 1450 0.01
4220 3598 0.01
4220 286 0.2
4220 328 0.05
307 307 0.05
307 491 0.2
307 308 0.2
307 1647 0.2
307 305 0.05
307 46 0.01
307 301 0.05
1919 1919 0.01
1919 638 0.05
1919 328 0.2
4221 4002 0.2
4221 3038 0.01
4221 3774 0.2
4221 3922 0.05
4221 2084 0.01
4221 4222 0.2
4221 1251 0.2
4221 610 0.05
4221 2527 0.2
4221 2913 0.01
4221 4223 0.01
1008 670 0.05
1008 669 0.05
1008 1008 0.01
3402 3402 0.05
3402 604 0.2
3402 1552 0.05
810 810 0.2
810 172 0.2
810 1167 0.01
810 587 0.2
810 912 0.2
810 298 0.2
810 2172 0.05
810 915 0.01
810 34 0.01
810 1687 0.01
810 791 0.2
810 171 0.01
810 807 0.01
810 804 0.2
810 1441 0.2
4224 112 0.01
708 708 0.01
708 1093 0.05
708 1223 0.2
708 2784 0.2
708 1236 0.01
708 4225 0.2
708 2361 0.01
708 3676 0.01
708 2142 0.2
708 232 0.01
708 4221 0.01
708 706 0.01
708 2130 0.01
708 4226 0.01
708 4227 0.01
4228 4228 0.05
4229 4229 0.2
4230 4230 0.05
4230 30 0.2
4230 719 0.2
4230 324 0.01
4230 1386 0.2
4230 2227 0.05
4230 4231 0.2
4230 429 0.01
4230 1379 0.05
66 66 0.2
66 48 0.05
66 328 0.2
66 67 0.05
66 234 0.05
66 68 0.05
66 69 0.01
66 70 0.01
66 3087 0.2
66 1988 0.01
66 3091 0.2
2681 2681 0.05
2681 739 0.05
2681 835 0.2
2681 1031 0.2
2681 1075 0.01
2681 2312 0.05
2681 350 0.05
2681 859 0.05
2681 648 0.01
2681 84 0.2
2681 736 0.01
2681 30 0.01
2681 324 0.05
2681 323 0.01
4232 3182 0.2
4233 4233 0.2
4234 2192 0.05
3702 682 0.05
4235 1830 0.2
4235 1839 0.2
4235 1823 0.05
4235 1692 0.01
4235 239 0.05
4235 3802 0.2
4235 335 0.05
4235 654 0.2
3251 3251 0.05
3251 1169 0.2
3251 603 0.05
3251 295 0.05
3251 157 0.05
3986 3986 0.2
3986 3427 0.05
3986 1000 0.2
3986 3827 0.01
3986 4236 0.2
3986 2972 0.05
3986 708 0.2
3986 1242 0.01
3986 3430 0.01
3986 46 0.05
3986 2671 0.2
3986 4237 0.01
3986 1368 0.01
3986 192 0.2
3986 214 0.01
3986 4035 0.2
3986 3444 0.05
3986 780 0.01
3986 1182 0.01
3986 1775 0.01
3986 793 0.01
3986 1569 0.01
3986 4238 0.01
3986 1181 0.05
3986 3432 0.2
3986 4239 0.01
3986 3795 0.01
3986 3919 0.05
3986 3447 0.01
3986 1004 0.2
3986 1277 0.05
3986 1178 0.2
3986 1365 0.01
3986 1075 0.01
3986 1518 0.05
3986 328 0.2
3986 859 0.05
3146 3146 0.2
3146 34 0.2
3146 3145 0.2
4240 4240 0.01
4142 4142 0.01
4241 4241 0.05
4242 4242 0.2
4243 1781 0.05
4243 1052 0.01
4243 1579 0.05
4243 3487 0.2
2036 2036 0.2
2036 1322 0.2
4244 4245 0.2
4244 1313 0.05
1165 4 0.2
1165 431 0.2
1165 2443 0.2
1165 673 0.01
1165 1407 0.2
1165 950 0.01
1165 718 0.2
1165 3587 0.2
1165 1049 0.01
3625 3625 0.01
3625 2498 0.2
3625 1529 0.2
3625 1490 0.01
3625 1492 0.01
3625 1491 0.01
3625 2762 0.05
3625 1493 0.05
3625 2497 0.05
3625 673 0.01
3625 672 0.2
3625 1846 0.2
3625 2902 0.2
3625 3467 0.01
3625 830 0.2
3625 2252 0.01
3625 1662 0.01
3625 719 0.01
3625 3560 0.05
3625 2911 0.01
3625 2258 0.2
551 551 0.01
551 886 0.2
551 549 0.05
551 550 0.01
551 838 0.2
4160 4159 0.05
4160 1623 0.01
4246 4246 0.01
4247 82 0.01
4248 794 0.05
4248 469 0.2
2251 793 0.01
2251 718 0.05
2251 346 0.01
2251 620 0.05
2251 1326 0.01
2251 678 0.2
2251 2251 0.01
2251 2227 0.2
2251 1395 0.2
2251 2487 0.01
2251 711 0.05
2251 3440 0.2
2251 1362 0.2
2906 673 0.01
2906 672 0.05
2906 1108 0.2
2906 1493 0.01
2906 1974 0.2
2906 2759 0.2
2906 1587 0.2
2906 2905 0.01
2906 674 0.01
2906 3211 0.05
2906 30 0.05
2906 2906 0.2
2505 498 0.2
2505 4249 0.05
2505 4015 0.01
2505 579 0.05
2505 1607 0.05
2505 641 0.01
4250 747 0.01
4250 642 0.01
4250 879 0.2
4250 1306 0.01
4250 736 0.2
3417 3417 0.2
3417 126 0.05
3417 329 0.2
3417 46 0.01
3417 2772 0.01
3417 650 0.05
1570 1570 0.05
1570 2390 0.2
1570 346 0.01
1570 6 0.2
836 836 0.05
836 92 0.2
836 1651 0.01
836 656 0.2
836 142 0.2
836 84 0.05
836 86 0.01
836 740 0.05
836 2666 0.05
836 1081 0.01
836 327 0.01
836 1638 0.05
836 3793 0.2
836 1663 0.05
836 79 0.01
836 648 0.01
836 1215 0.01
836 2459 0.01
836 326 0.01
836 105 0.2
836 1605 0.2
836 749 0.01
836 1097 0.01
836 833 0.01
836 1087 0.2
836 587 0.2
836 834 0.01
836 734 0.01
836 964 0.2
836 172 0.2
836 1435 0.2
836 739 0.2
836 1692 0.01
836 3186 0.05
836 729 0.01
836 2880 0.05
836 1693 0.2
836 859 0.2
836 405 0.2
836 102 0.01
836 3154 0.2
836 2306 0.05
798 798 0.05
663 663 0.2
2450 2450 0.2
2450 1020 0.2
2450 34 0.01
2450 918 0.05
2450 577 0.05
2450 171 0.05
2450 30 0.05
2450 1754 0.01
2450 346 0.2
2450 2 0.01
2450 1 0.05
2450 5 0.2
2450 4 0.2
2450 3 0.05
2450 46 0.2
2450 438 0.01
2450 712 0.01
2450 1418 0.2
2450 620 0.2
2450 830 0.2
2450 780 0.01
2450 990 0.2
2450 1001 0.05
2450 174 0.01
2450 1049 0.01
2450 492 0.2
2450 1851 0.01
2450 349 0.05
2450 525 0.2
2450 791 0.05
2450 678 0.05
2450 2255 0.01
2450 7 0.05
2450 793 0.2
743 747 0.2
743 652 0.01
743 1222 0.05
743 1218 0.2
743 79 0.05
743 710 0.2
2132 2132 0.2
2132 84 0.2
4251 1361 0.01
4252 4252 0.2
4253 3742 0.2
4253 643 0.05
4253 853 0.05
4253 3293 0.2
4253 428 0.05
4253 4254 0.01
4253 429 0.2
4253 1123 0.2
4 353 0.01
4 30 0.2
4 46 0.2
4 4 0.01
4 431 0.2
4 445 0.05
4 44 0.05
4 1116 0.05
4 506 0.2
4 329 0.05
4 1799 0.2
4 1893 0.05
4 3680 0.01
4 318 0.2
4 440 0.05
4 3269 0.2
4 286 0.01
4 441 0.01
4 435 0.05
4 1856 0.05
4 429 0.01
4 5 0.05
4 1908 0.2
3395 3395 0.2
3395 1893 0.2
3395 626 0.2
3395 993 0.01
3395 3904 0.05
3395 3268 0.05
3395 4255 0.01
4256 4256 0.2
3742 126 0.05
3742 714 0.2
3742 286 0.05
3742 46 0.2
3742 431 0.2
3742 428 0.01
3742 863 0.05
3742 2227 0.2
3742 4254 0.05
3742 4101 0.01
3742 3647 0.2
3742 3742 0.2
3742 4253 0.01
3742 429 0.05
3742 328 0.05
3742 2578 0.2
3742 2703 0.05
3742 1826 0.01
3742 1974 0.2
3742 1043 0.05
3742 4257 0.05
3742 3128 0.2
3742 3127 0.05
3742 4258 0.01
220 225 0.05
2548 2549 0.2
2548 194 0.2
2548 572 0.05
2548 2548 0.05
2548 2051 0.01
2548 3410 0.2
2548 2547 0.01
2548 4259 0.2
2548 1524 0.2
2548 4260 0.05
2548 4261 0.05
2548 4262 0.2
2548 4263 0.2
2548 819 0.05
1297 1297 0.05
1297 1296 0.2
1297 1298 0.05
1297 4264 0.2
4265 3468 0.2
1149 514 0.2
1149 2020 0.05
1149 1484 0.05
1149 1149 0.05
4266 4266 0.01
4266 1816 0.2
4266 604 0.01
4267 4267 0.2
4021 67 0.2
4159 4160 0.05
4159 1623 0.01
4268 293 0.05
4268 4268 0.05
4269 4269 0.01
2299 1019 0.05
2299 2299 0.05
2299 751 0.2
2299 801 0.2
2299 1017 0.05
2299 326 0.01
2299 65 0.05
2299 805 0.2
257 246 0.2
257 2971 0.2
257 356 0.2
257 556 0.01
257 965 0.05
257 257 0.05
257 214 0.2
257 1192 0.2
257 523 0.01
257 4270 0.05
257 2001 0.05
257 245 0.05
257 1992 0.01
257 2004 0.2
257 258 0.01
257 262 0.2
257 737 0.2
4271 4271 0.2
4271 30 0.05
1877 1049 0.01
1877 2450 0.05
1877 1048 0.01
1877 1775 0.01
1877 1876 0.01
4272 126 0.01
2437 712 0.05
861 861 0.01
861 1012 0.05
861 1769 0.01
861 57 0.05
861 227 0.05
861 58 0.05
861 51 0.2
861 337 0.2
861 59 0.01
861 333 0.01
861 637 0.2
861 865 0.01
861 1187 0.05
861 48 0.2
861 853 0.05
861 50 0.05
861 1930 0.2
861 577 0.01
861 328 0.01
861 4273 0.01
1308 1308 0.2
1308 1309 0.2
1308 438 0.2
4274 4274 0.2
4275 4275 0.01
1311 1311 0.2
1311 286 0.01
1311 1693 0.05
1311 4100 0.05
1311 789 0.05
1311 71 0.2
1311 1176 0.2
1311 837 0.2
1311 142 0.01
1311 1022 0.2
1311 175 0.2
1311 405 0.2
1311 90 0.05
1311 329 0.05
1311 31 0.2
1311 327 0.01
1311 1204 0.2
1311 853 0.05
1311 1298 0.05
1311 1125 0.01
1311 1628 0.01
1311 584 0.01
1311 1694 0.05
1311 1516 0.05
1311 2213 0.01
1311 642 0.01
1311 741 0.01
1311 747 0.01
1311 1692 0.01
1311 29 0.2
1311 1454 0.05
1311 86 0.2
1311 30 0.05
1311 1157 0.2
1311 737 0.05
1311 736 0.01
1311 84 0.2
1311 1053 0.2
1311 648 0.05
1311 859 0.2
1311 714 0.01
1311 385 0.01
1311 3186 0.05
1311 2312 0.05
1311 97 0.05
1311 2646 0.01
1311 1491 0.2
1311 102 0.05
1311 46 0.2
1311 1041 0.01
1311 855 0.05
1311 2376 0.2
1311 835 0.2
1311 658 0.05
1311 656 0.05
1311 3541 0.05
1311 1288 0.2
1311 3077 0.01
1311 2652 0.2
1311 1695 0.05
1311 3079 0.2
1311 1505 0.01
1311 1126 0.2
1311 1696 0.01
1311 3769 0.2
1311 740 0.05
1311 750 0.01
1311 1921 0.05
1311 506 0.2
1311 1590 0.01
1311 106 0.01
1311 739 0.01
1311 668 0.2
1311 171 0.01
2356 2356 0.05
4276 4276 0.05
4276 2578 0.2
4276 1223 0.01
4276 7 0.01
191 46 0.01
191 1238 0.05
191 13 0.05
191 328 0.05
191 1020 0.05
191 431 0.01
191 302 0.2
191 191 0.2
191 4087 0.01
191 190 0.05
191 2290 0.05
191 1031 0.05
191 1583 0.2
191 3530 0.05
191 918 0.05
191 764 0.2
191 915 0.05
191 279 0.05
191 4277 0.01
191 1176 0.05
191 1211 0.01
191 916 0.05
191 2528 0.01
191 281 0.01
191 312 0.01
191 1450 0.05
191 1010 0.05
191 49 0.2
191 3590 0.2
191 289 0.05
191 1089 0.05
191 1190 0.01
191 647 0.05
191 1430 0.05
191 1185 0.01
191 638 0.01
191 1323 0.01
191 277 0.01
191 1290 0.2
191 232 0.01
191 586 0.05
191 579 0.01
191 3350 0.01
191 3349 0.2
191 1024 0.2
191 3213 0.2
191 1624 0.05
191 197 0.05
191 580 0.01
191 1280 0.05
191 2221 0.05
191 519 0.05
191 712 0.05
191 1003 0.05
191 578 0.05
191 1439 0.2
191 165 0.05
191 1533 0.2
191 349 0.05
191 4278 0.05
191 877 0.2
4279 4279 0.01
4280 4280 0.2
4280 4281 0.05
4282 767 0.05
4282 606 0.01
4282 766 0.01
4283 4283 0.01
4283 801 0.2
4283 1182 0.01
4283 328 0.05
4284 4284 0.01
4285 4285 0.05
4285 1318 0.01
4285 4286 0.01
4287 4287 0.05
4288 4289 0.05
4288 4288 0.2
4288 286 0.05
4288 2781 0.01
4288 2090 0.01
4288 2092 0.01
4288 431 0.2
4288 969 0.2
4288 4290 0.01
4288 720 0.01
4288 428 0.2
4288 1247 0.01
4288 4291 0.05
4288 126 0.01
4288 46 0.2
4288 643 0.01
2411 2411 0.01
2411 960 0.01
2411 565 0.2
4292 4292 0.05
4293 4294 0.01
4293 1012 0.2
4295 328 0.01
4295 45 0.2
4295 2147 0.05
4295 3292 0.05
4295 3394 0.01
4295 4132 0.05
4295 721 0.05
4295 3920 0.2
4286 4296 0.2
4286 4285 0.2
4297 1153 0.2
2094 2094 0.01
2094 325 0.2
2094 2247 0.05
2094 1021 0.2
2094 326 0.05
2094 1117 0.2
2094 735 0.2
2094 1401 0.05
2094 344 0.2
2094 2101 0.05
2094 2249 0.01
2094 324 0.01
2094 1753 0.2
2094 273 0.2
2094 272 0.05
2094 2093 0.01
2094 363 0.2
955 955 0.05
4298 925 0.01
4299 4299 0.2
4300 4300 0.05
956 19 0.01
956 524 0.05
956 1028 0.01
956 157 0.2
956 2506 0.05
2432 2432 0.05
2432 2672 0.05
2432 2519 0.2
4301 126 0.01
1746 53 0.05
3482 2226 0.01
3482 2289 0.01
3482 1499 0.05
3482 3482 0.01
3482 749 0.2
3482 1222 0.2
3482 3645 0.01
3482 747 0.05
3482 79 0.05
3482 1213 0.2
3482 377 0.01
3482 746 0.05
3482 108 0.05
3482 290 0.05
3482 137 0.05
3482 2460 0.05
3482 1212 0.05
3482 1214 0.01
3482 46 0.05
3482 555 0.2
3482 142 0.01
3482 2551 0.05
3482 2141 0.01
3482 157 0.05
3482 776 0.05
3482 4302 0.2
3482 174 0.2
2946 2320 0.2
2911 126 0.2
2911 2911 0.05
2911 1492 0.01
2911 3795 0.05
2911 3560 0.01
2911 728 0.05
999 524 0.2
999 604 0.05
999 329 0.2
999 1671 0.2
999 788 0.05
999 617 0.01
1954 1954 0.05
1954 495 0.05
1954 46 0.2
1954 62 0.01
1954 328 0.01
1954 165 0.05
1954 175 0.01
1954 1981 0.05
1954 708 0.2
1954 1365 0.2
1954 1373 0.01
1954 762 0.01
4303 4303 0.01
4303 205 0.01
1956 2672 0.2
1956 1571 0.01
1956 2352 0.05
1956 1361 0.01
1956 1109 0.01
1956 1306 0.2
1956 351 0.01
1956 2463 0.01
1956 3032 0.2
1956 1437 0.2
1956 137 0.2
1956 1894 0.01
1956 50 0.05
1956 2210 0.01
1956 1996 0.2
1956 916 0.05
1956 595 0.2
1956 1799 0.2
1956 4 0.01
1956 1536 0.2
1956 1133 0.01
1956 722 0.05
1956 1246 0.01
1956 1769 0.05
1956 852 0.2
1956 2483 0.05
1956 1417 0.01
1956 679 0.01
1956 1049 0.05
1956 1176 0.2
1956 43 0.05
1956 2255 0.01
1956 224 0.05
1956 344 0.2
1956 193 0.01
1956 436 0.05
1956 1978 0.01
1956 337 0.01
1956 2042 0.05
1956 48 0.2
1956 2290 0.05
1956 336 0.05
1956 296 0.05
1956 426 0.2
1956 1337 0.01
1956 101 0.05
1956 1290 0.2
1956 1074 0.01
1956 95 0.05
1956 400 0.2
1956 792 0.01
1956 3102 0.01
1956 2246 0.2
1956 148 0.2
1956 1851 0.01
1956 1418 0.05
1956 598 0.05
1956 627 0.2
1956 1893 0.05
1956 949 0.01
1956 813 0.05
1956 513 0.05
1956 786 0.05
1956 1270 0.05
1956 1711 0.01
1956 318 0.2
1956 304 0.05
1956 2171 0.05
1956 555 0.2
1956 49 0.05
1956 2482 0.01
1956 468 0.2
1956 467 0.05
1956 501 0.2
1956 917 0.01
1956 80 0.05
1956 2101 0.01
1956 81 0.01
1956 82 0.05
1956 2745 0.01
1956 3478 0.2
1956 230 0.2
1956 2233 0.2
1956 2577 0.05
1956 2474 0.05
1956 1377 0.2
1956 1515 0.05
1956 2435 0.05
1956 2277 0.05
1956 70 0.01
1956 574 0.2
1956 83 0.2
1956 2501 0.2
1956 1696 0.2
1956 2108 0.01
1956 66 0.2
1956 1740 0.01
1956 1948 0.01
1956 227 0.01
1956 2259 0.2
1956 740 0.2
4304 4304 0.2
4305 1723 0.05
4305 1603 0.05
4305 2293 0.01
1206 1206 0.2
1206 1201 0.01
1206 746 0.2
1206 1479 0.01
1206 652 0.2
1206 1210 0.2
1206 1499 0.05
1206 110 0.01
1206 1222 0.01
1206 2457 0.2
1206 1214 0.01
1206 747 0.2
1206 2461 0.2
1206 749 0.05
1206 1203 0.2
1206 748 0.2
1206 1212 0.05
907 320 0.05
907 1892 0.01
907 2078 0.2
907 2068 0.05
907 3372 0.05
907 209 0.05
4306 4306 0.2
4306 67 0.2
4306 336 0.2
4306 165 0.05
4030 4030 0.2
4030 297 0.2
4030 4307 0.2
4030 2855 0.2
4030 4308 0.05
4030 1775 0.2
3545 1051 0.05
3545 3545 0.05
3545 736 0.01
3545 46 0.2
3545 73 0.05
3545 2887 0.05
3545 859 0.05
3545 837 0.2
3545 30 0.2
3545 353 0.2
3545 126 0.05
3545 715 0.2
4309 4309 0.01
3491 3491 0.2
3491 792 0.2
3491 736 0.01
3491 856 0.2
3491 1692 0.01
3491 656 0.01
3491 789 0.01
3491 86 0.01
3491 855 0.05
3491 142 0.2
3491 739 0.2
3491 648 0.05
3491 84 0.2
3491 1053 0.2
3491 859 0.2
3491 102 0.2
3491 2629 0.2
3491 163 0.2
3491 405 0.01
3491 1596 0.01
3491 49 0.05
3491 175 0.2
3491 1693 0.2
3491 837 0.01
4310 4310 0.2
4311 4311 0.2
3033 346 0.05
3033 1497 0.01
3033 22 0.05
3033 1227 0.01
4312 4312 0.05
3380 3380 0.2
3380 328 0.2
3380 70 0.05
3380 597 0.05
3380 9 0.05
3380 1801 0.01
3380 528 0.05
3380 1233 0.01
3380 677 0.05
3380 2715 0.05
3380 1162 0.01
3380 590 0.2
3380 356 0.05
3380 45 0.2
4313 4313 0.01
2084 1160 0.01
2084 625 0.01
2084 1634 0.2
2084 597 0.01
2084 780 0.2
2084 708 0.01
2084 124 0.01
2084 214 0.2
2084 441 0.2
2084 2125 0.05
2084 4221 0.05
2084 2130 0.2
2084 4314 0.01
2084 3258 0.01
2084 1947 0.2
2084 4315 0.01
2084 3478 0.2
2084 4316 0.05
2084 1261 0.2
2084 1265 0.01
4317 4317 0.05
4318 441 0.05
4318 405 0.2
4318 1428 0.01
4318 584 0.01
4318 440 0.2
4318 46 0.2
4318 126 0.2
4281 4281 0.2
4281 4278 0.2
3004 3004 0.2
3004 3304 0.01
4319 4319 0.01
4319 3 0.05
4319 2450 0.05
292 292 0.2
292 113 0.01
4320 4320 0.05
1981 126 0.05
1981 1981 0.01
1981 1586 0.2
1981 1622 0.05
1981 297 0.05
1981 495 0.2
1981 1970 0.01
1981 175 0.01
1981 46 0.05
1981 1365 0.01
1981 880 0.2
1981 1068 0.2
1981 157 0.05
1981 990 0.2
1981 3032 0.2
1981 3928 0.2
1981 1954 0.01
1981 286 0.2
1981 1978 0.05
1981 1988 0.2
1981 708 0.01
1981 727 0.2
1981 714 0.05
1981 1974 0.01
1981 872 0.01
1981 148 0.2
1981 1254 0.05
1981 1519 0.01
1981 1742 0.2
1981 116 0.2
1981 716 0.01
1981 128 0.01
1981 642 0.2
1981 151 0.01
1981 694 0.2
1981 282 0.01
1981 1241 0.01
1981 2142 0.01
1981 1315 0.2
1981 1369 0.01
2887 2887 0.2
2887 1436 0.05
2887 3545 0.05
2887 736 0.01
2887 73 0.2
2887 859 0.05
2887 118 0.05
2887 1051 0.01
4321 165 0.01
4321 4321 0.2
4321 555 0.05
4321 4322 0.01
4321 497 0.2
4323 4323 0.01
4324 4324 0.2
4325 4325 0.2
4131 1569 0.05
4131 1052 0.2
4131 1258 0.01
4131 296 0.2
4131 962 0.2
4131 157 0.01
4131 1781 0.01
4131 1562 0.05
4131 1377 0.05
4131 4326 0.01
4131 1626 0.01
4131 1579 0.05
4131 375 0.01
4327 53 0.2
4327 577 0.05
4327 3206 0.01
4327 3340 0.05
4327 4327 0.01
4327 346 0.05
4327 46 0.2
1017 1086 0.2
1017 326 0.05
1017 1022 0.01
1017 92 0.05
1017 1019 0.05
1017 4328 0.01
1017 750 0.05
1017 801 0.01
1017 22 0.01
1017 1023 0.2
1017 318 0.05
1017 4329 0.2
1017 584 0.2
1017 434 0.2
1017 95 0.05
1017 1720 0.2
1017 348 0.01
4330 4330 0.01
4331 4331 0.05
1106 658 0.01
1106 1106 0.2
1106 4332 0.01
1106 2768 0.2
1106 837 0.01
1106 1775 0.2
1106 116 0.05
4333 4333 0.2
4334 2851 0.05
4334 1207 0.05
4334 4334 0.01
4335 4335 0.05
4335 829 0.2
4335 1158 0.05
4335 1485 0.05
4335 92 0.2
4335 1209 0.01
4335 1617 0.01
4335 104 0.2
4335 292 0.05
4335 1898 0.05
4335 1315 0.05
4335 1929 0.01
4336 4336 0.2
4337 4337 0.05
3326 3326 0.2
3326 791 0.01
3326 1801 0.05
3326 92 0.05
3326 540 0.01
3385 3385 0.01
339 339 0.05
339 338 0.05
339 2544 0.01
4338 4338 0.05
4339 4339 0.2
4201 4201 0.2
4201 4200 0.01
4201 81 0.2
4201 212 0.01
3020 3020 0.2
3020 3019 0.01
4340 4340 0.05
4341 4341 0.05
4342 4342 0.01
4342 335 0.05
4342 65 0.01
4342 255 0.01
4342 583 0.2
4342 362 0.2
4342 4343 0.05
4342 1402 0.2
4342 3283 0.05
4342 1051 0.05
1038 1038 0.01
1038 991 0.05
1038 1016 0.01
1038 1030 0.05
1038 1034 0.01
1038 1039 0.2
4344 4344 0.01
679 679 0.05
679 175 0.05
679 3335 0.05
679 714 0.01
679 1157 0.2
679 647 0.2
679 642 0.05
679 1123 0.01
679 2291 0.01
679 286 0.01
679 4100 0.2
679 3323 0.2
679 2313 0.05
679 1306 0.05
679 165 0.2
679 2293 0.01
679 49 0.05
679 1281 0.2
679 1450 0.2
679 2290 0.05
679 164 0.05
679 1646 0.05
679 328 0.01
679 295 0.05
679 603 0.01
679 409 0.01
679 72 0.01
679 1241 0.2
679 282 0.2
679 2789 0.2
679 1974 0.01
679 4345 0.01
679 1515 0.05
679 1315 0.01
679 1898 0.01
679 92 0.05
679 104 0.01
679 1494 0.05
679 4346 0.05
679 1280 0.01
679 3250 0.05
679 2062 0.01
679 4347 0.2
679 1863 0.01
679 4348 0.05
679 4349 0.2
679 4350 0.05
679 873 0.2
679 2935 0.05
679 1052 0.05
679 4351 0.01
679 4322 0.2
679 289 0.2
679 4352 0.01
679 4353 0.2
679 3252 0.05
679 3347 0.01
679 296 0.01
679 1579 0.2
679 764 0.05
679 1929 0.2
679 2993 0.01
4354 4354 0.05
3285 2267 0.05
3285 3285 0.05
4355 431 0.05
2971 3308 0.2
2971 3307 0.2
2971 1086 0.2
2971 2325 0.2
2971 2326 0.2
4356 4356 0.01
1660 1660 0.2
1660 172 0.01
1660 112 0.01
1660 326 0.2
1660 424 0.2
1660 118 0.05
1660 2616 0.2
1660 351 0.2
1660 1313 0.05
1660 1917 0.05
1660 440 0.05
1660 50 0.05
1660 1065 0.01
1660 3573 0.2
1660 2318 0.01
1660 1247 0.05
1660 1157 0.2
1660 739 0.2
1660 8 0.05
1660 1603 0.01
1660 1663 0.05
1660 282 0.01
1660 1339 0.05
1660 1894 0.05
1660 747 0.01
1660 1211 0.01
1660 306 0.2
1660 349 0.05
1660 303 0.2
1660 65 0.2
1660 2886 0.01
1660 1764 0.01
1660 167 0.05
1660 1655 0.05
1660 329 0.2
1660 3601 0.01
1660 165 0.01
1660 1450 0.05
1340 1338 0.01
1340 887 0.2
1340 1339 0.2
1340 119 0.2
577 918 0.01
577 46 0.2
577 353 0.05
577 30 0.01
577 1449 0.2
577 629 0.05
577 1571 0.05
577 2614 0.2
577 1817 0.2
577 712 0.05
577 525 0.2
577 306 0.01
577 939 0.2
577 533 0.01
577 542 0.01
577 362 0.05
577 545 0.05
577 1948 0.05
577 2883 0.05
577 469 0.01
577 242 0.05
577 1641 0.01
577 304 0.01
577 2002 0.2
577 2700 0.01
577 103 0.2
577 547 0.01
577 63 0.2
577 780 0.01
577 1467 0.05
577 492 0.01
577 2246 0.2
577 2226 0.2
577 613 0.05
577 621 0.01
577 624 0.01
577 649 0.2
577 193 0.01
577 793 0.05
577 2450 0.01
577 1352 0.05
577 627 0.05
577 1049 0.01
577 100 0.01
577 346 0.05
577 1711 0.01
577 1093 0.2
577 1896 0.01
577 1897 0.01
577 843 0.01
2032 4357 0.2
2032 2748 0.01
2032 674 0.2
2032 739 0.2
2032 430 0.05
2032 1696 0.05
2032 1451 0.05
2032 1036 0.01
2032 855 0.01
2032 648 0.05
2032 1053 0.05
2032 736 0.01
2032 2213 0.01
2032 1304 0.01
2032 1628 0.2
2032 833 0.2
2032 405 0.05
2032 175 0.2
2032 142 0.2
2032 837 0.2
2032 126 0.05
2032 3543 0.01
2032 106 0.2
2032 1286 0.01
2032 738 0.01
2032 703 0.05
2032 3542 0.05
2032 3491 0.01
2032 3475 0.2
4358 4358 0.2
4359 4359 0.01
4359 4360 0.01
4359 2170 0.2
4359 1298 0.05
4359 1085 0.2
4361 4361 0.2
4362 4362 0.05
2507 46 0.01
2507 5 0.2
2507 353 0.01
2507 739 0.01
2507 506 0.05
2507 445 0.2
2507 434 0.05
2507 576 0.01
2507 2238 0.2
2507 561 0.2
2507 714 0.2
2507 438 0.2
2507 647 0.05
2507 1447 0.01
2507 305 0.2
2507 1847 0.05
2507 4 0.05
2507 436 0.2
2507 126 0.05
2507 431 0.01
2507 2507 0.01
2507 378 0.01
2507 4363 0.05
2507 2956 0.01
2507 215 0.05
2507 589 0.05
2507 166 0.01
2879 349 0.01
2879 1434 0.05
2879 118 0.01
2879 468 0.05
2879 827 0.2
2879 30 0.2
2879 1117 0.2
2879 348 0.01
2879 1082 0.01
2879 1021 0.05
2879 1020 0.01
2879 577 0.01
2879 466 0.2
2879 934 0.2
2879 1052 0.01
2879 13 0.01
2879 4364 0.01
2879 2879 0.05
2879 1183 0.05
2879 4365 0.2
2879 4366 0.05
4367 4367 0.01
2484 1397 0.2
2484 2484 0.05
1707 1705 0.01
1707 1708 0.01
1707 293 0.05
1707 3962 0.01
4368 2251 0.01
2508 2508 0.2
4369 3002 0.05
4369 1643 0.05
3389 3389 0.2
3389 3384 0.2
3389 584 0.01
3389 211 0.01
3389 1549 0.01
3389 209 0.01
3389 207 0.01
3389 210 0.2
3389 1451 0.05
3389 1515 0.01
3389 1598 0.05
3389 3192 0.05
3389 286 0.2
4370 4370 0.01
4371 990 0.01
4371 1764 0.2
4372 4372 0.05
4372 148 0.01
1556 1556 0.05
4373 4373 0.2
4373 584 0.2
4373 102 0.01
4373 3116 0.01
4373 1644 0.05
4373 513 0.05
4374 4374 0.05
4375 4375 0.2
2687 2687 0.05
2687 715 0.01
2687 2745 0.01
2687 207 0.01
2687 2685 0.05
959 959 0.01
959 316 0.01
959 2522 0.05
959 306 0.2
959 938 0.01
959 242 0.01
1461 1461 0.05
1461 534 0.01
4376 4376 0.2
4377 4377 0.05
4377 751 0.01
481 638 0.01
481 829 0.01
481 1918 0.2
481 112 0.05
481 30 0.01
481 468 0.01
481 791 0.01
481 349 0.01
481 577 0.01
481 328 0.2
481 719 0.05
481 645 0.2
481 1117 0.01
481 1020 0.2
481 1476 0.2
481 174 0.05
481 934 0.01
481 324 0.2
481 1075 0.05
481 351 0.05
481 352 0.01
481 623 0.01
481 172 0.01
481 511 0.01
481 735 0.05
481 642 0.05
481 467 0.2
481 1021 0.05
481 1313 0.2
481 46 0.05
481 303 0.01
481 438 0.05
481 431 0.01
481 937 0.2
481 739 0.01
481 329 0.2
481 1490 0.01
481 1847 0.05
481 1356 0.01
481 325 0.05
481 298 0.05
481 5 0.05
481 1752 0.01
481 807 0.05
481 915 0.01
481 1930 0.01
4378 4378 0.01
92 801 0.05
92 95 0.05
92 434 0.01
92 104 0.01
92 286 0.05
92 736 0.01
92 1086 0.01
92 326 0.2
92 436 0.05
92 1546 0.01
92 1720 0.01
92 1022 0.05
92 22 0.01
92 1018 0.01
92 739 0.2
92 1583 0.05
92 431 0.01
92 2291 0.01
92 46 0.2
92 1023 0.2
92 750 0.2
92 1176 0.01
92 584 0.2
92 858 0.05
92 1019 0.05
92 1123 0.2
92 1017 0.05
92 738 0.05
92 65 0.01
92 506 0.05
92 746 0.2
92 651 0.01
92 1027 0.01
92 175 0.2
92 353 0.01
92 1898 0.05
92 90 0.2
92 1089 0.2
92 1818 0.05
92 405 0.05
92 49 0.01
92 14 0.01
92 610 0.01
92 1895 0.05
92 1812 0.05
92 1912 0.01
92 4379 0.2
92 4353 0.05
92 1886 0.2
92 38 0.05
92 234 0.2
92 1290 0.2
92 441 0.01
92 751 0.2
92 92 0.01
92 2171 0.05
92 2749 0.05
92 1686 0.2
92 394 0.05
4380 4380 0.2
379 869 0.2
379 1227 0.05
379 1450 0.01
379 312 0.05
379 1230 0.01
379 232 0.01
379 651 0.01
379 1226 0.01
379 1228 0.2
379 2528 0.2
379 2615 0.01
379 694 0.05
379 696 0.2
379 998 0.2
379 956 0.01
379 1440 0.01
379 960 0.05
379 3598 0.2
379 194 0.05
379 103 0.2
379 624 0.05
379 1356 0.2
379 2831 0.2
379 1448 0.2
4381 4381 0.05
4382 4382 0.05
4382 1211 0.05
4382 852 0.2
4382 764 0.05
4383 4383 0.2
2318 86 0.2
2318 2317 0.05
2318 351 0.01
2318 4384 0.01
2318 643 0.05
2318 584 0.05
2318 2925 0.01
2318 2318 0.01
2318 4069 0.2
2318 1190 0.2
2318 4385 0.05
2318 4386 0.05
865 1653 0.05
278 279 0.05
278 277 0.01
1233 1546 0.2
1233 1447 0.2
1233 438 0.01
1233 46 0.05
1233 1022 0.2
1233 434 0.2
1233 93 0.01
1233 784 0.2
1233 329 0.01
1233 328 0.2
1233 1993 0.01
1233 1755 0.05
1233 2652 0.05
1233 1894 0.2
1233 3380 0.2
1233 30 0.01
1233 469 0.01
1233 2713 0.05
1233 2836 0.05
4387 4387 0.01
4388 126 0.01
4388 1500 0.05
377 2289 0.2
377 105 0.2
377 377 0.2
377 1499 0.2
377 2453 0.01
377 1210 0.05
377 1212 0.2
377 2456 0.2
377 652 0.2
377 290 0.01
377 110 0.01
377 1222 0.05
377 1218 0.01
377 2278 0.05
377 137 0.2
377 2458 0.05
377 2457 0.2
377 2461 0.05
377 1479 0.05
377 1214 0.05
377 1213 0.01
377 2459 0.2
377 79 0.01
377 1219 0.01
377 1205 0.01
377 748 0.2
377 3338 0.2
377 749 0.05
377 1201 0.05
377 3396 0.05
377 3725 0.05
377 212 0.01
377 3838 0.01
377 1318 0.2
377 1091 0.01
377 282 0.01
377 639 0.01
377 1590 0.01
377 659 0.01
377 237 0.2
377 1314 0.2
377 747 0.05
377 1070 0.2
4389 4389 0.2
4389 827 0.01
4389 2031 0.01
4389 171 0.05
4389 328 0.05
4389 1430 0.01
4390 736 0.01
4390 739 0.01
4390 4390 0.01
4390 4391 0.01
2572 2572 0.01
2572 1172 0.01
2572 658 0.2
2572 3602 0.2
2572 1339 0.05
2572 977 0.01
2572 1541 0.05
3468 3468 0.2
3468 1673 0.2
4392 2807 0.05
4392 1529 0.05
4392 3880 0.01
4392 1530 0.2
4393 4393 0.01
123 123 0.2
137 4394 0.01
137 377 0.01
137 290 0.2
137 1218 0.2
137 1222 0.2
137 2454 0.2
137 2456 0.01
137 108 0.01
137 137 0.05
137 652 0.01
137 2453 0.05
137 110 0.01
137 2455 0.01
137 1499 0.2
137 2457 0.01
137 1127 0.05
137 105 0.2
137 659 0.2
137 1210 0.2
137 1479 0.01
137 2458 0.01
137 747 0.01
137 1212 0.2
137 748 0.05
137 2461 0.01
137 746 0.05
137 2459 0.2
137 1205 0.2
137 2289 0.2
137 4395 0.2
137 1604 0.2
137 1214 0.2
137 2278 0.05
137 749 0.2
137 2501 0.2
137 3645 0.2
137 1201 0.01
137 4396 0.05
2922 2922 0.01
2922 345 0.2
2922 4067 0.2
2922 46 0.05
2922 2921 0.05
2922 2923 0.2
2922 4397 0.01
2922 327 0.2
34 1080 0.05
34 638 0.05
34 34 0.05
34 1085 0.05
34 255 0.01
34 1133 0.01
34 172 0.01
34 32 0.01
34 1356 0.2
34 3649 0.2
34 1028 0.2
34 1077 0.05
34 1072 0.2
34 31 0.01
34 1993 0.01
34 33 0.05
34 1651 0.01
34 2303 0.01
34 438 0.2
34 2726 0.01
34 2879 0.05
34 753 0.01
34 2172 0.01
34 1633 0.2
34 328 0.01
34 501 0.05
34 915 0.01
34 1616 0.2
34 1754 0.2
34 791 0.2
34 780 0.2
34 112 0.05
34 843 0.2
34 4009 0.05
34 1923 0.05
34 1815 0.2
34 797 0.01
34 845 0.2
34 298 0.05
34 810 0.01
34 3442 0.01
34 174 0.01
34 844 0.2
34 807 0.05
34 99 0.2
34 842 0.01
34 933 0.01
34 2614 0.05
34 1658 0.01
34 25 0.05
34 1314 0.01
34 913 0.05
34 840 0.05
34 841 0.05
34 827 0.01
34 387 0.05
34 1316 0.05
34 345 0.05
34 523 0.2
34 35 0.2
34 982 0.2
34 2272 0.05
34 517 0.05
34 1928 0.2
34 525 0.2
34 830 0.05
34 346 0.05
34 1313 0.05
34 1175 0.05
34 4183 0.01
34 1963 0.2
34 2450 0.01
34 399 0.01
34 3146 0.01
34 1664 0.2
4255 362 0.01
4398 298 0.05
4398 4399 0.2
4398 3266 0.2
4400 1495 0.01
4400 2883 0.01
4400 1080 0.2
4401 555 0.2
4401 30 0.01
4402 4402 0.2
4403 4403 0.2
4404 4404 0.01
4404 558 0.01
4404 3230 0.2
4404 3233 0.01
4404 2103 0.2
4404 1759 0.05
2141 564 0.2
2141 1270 0.05
2141 2141 0.01
2141 438 0.01
2141 741 0.05
2141 1237 0.01
2141 786 0.01
2141 2747 0.2
2141 963 0.05
2141 588 0.2
2141 3240 0.01
2141 2782 0.05
2141 2433 0.05
2141 758 0.2
2141 178 0.05
2141 1068 0.01
2141 837 0.05
2141 385 0.01
2141 3085 0.05
2141 2749 0.2
2141 718 0.01
2141 1000 0.05
2141 492 0.05
2141 801 0.01
2141 1319 0.01
2141 1065 0.05
2141 461 0.05
2141 399 0.01
2141 2703 0.01
2141 1788 0.05
2141 2173 0.01
2141 1519 0.01
2141 2214 0.2
2141 2226 0.01
2141 142 0.2
2141 1770 0.01
2141 441 0.2
2141 173 0.2
2141 1149 0.05
2141 2739 0.01
2141 234 0.2
2141 1988 0.01
2141 3091 0.2
2141 2795 0.05
2141 1958 0.01
2141 2137 0.2
2141 3892 0.01
2141 3838 0.2
2141 307 0.05
2141 4405 0.05
2141 4406 0.2
2141 1318 0.01
2141 1734 0.05
2141 4407 0.2
4067 31 0.05
4067 784 0.01
4067 737 0.01
4067 29 0.01
4067 46 0.05
4067 328 0.2
4067 327 0.01
4067 345 0.01
4067 326 0.01
4067 324 0.05
4067 3099 0.05
4067 1176 0.05
4067 1604 0.01
4067 1605 0.01
4067 1898 0.01
4067 3188 0.01
4067 2886 0.2
4067 1151 0.01
4067 3102 0.2
4067 1220 0.01
4067 1221 0.05
4067 4408 0.01
4067 1546 0.01
4409 1274 0.01
4409 46 0.2
3933 121 0.2
3933 328 0.01
4410 1201 0.01
4410 4410 0.01
4411 4411 0.2
4412 1386 0.2
4412 4413 0.2
4412 4414 0.05
4412 4415 0.01
4412 859 0.05
4412 2256 0.01
4412 1823 0.01
4412 725 0.01
4412 2207 0.2
4412 1005 0.05
4412 1379 0.2
4412 429 0.2
4412 1247 0.05
4412 1375 0.01
4412 4132 0.05
4412 2227 0.2
4416 4416 0.05
4417 4417 0.05
4418 4418 0.05
4419 4419 0.01
4420 126 0.2
4420 175 0.05
4421 82 0.05
4422 4422 0.05
1663 467 0.2
1663 46 0.01
1663 1663 0.05
1663 827 0.2
1663 4423 0.01
1663 30 0.01
1663 736 0.05
1663 3014 0.05
1663 324 0.01
1663 327 0.2
1663 1434 0.05
1663 286 0.05
1663 764 0.01
1663 328 0.01
1663 739 0.2
1663 142 0.01
1663 789 0.05
1663 648 0.01
1663 792 0.01
1663 1247 0.05
1663 2376 0.05
1663 1176 0.2
1663 741 0.2
1663 584 0.2
1663 1644 0.01
1663 836 0.2
1663 1689 0.05
1663 747 0.05
1663 91 0.01
1663 1628 0.05
1663 97 0.01
1663 656 0.05
1663 86 0.2
1663 1604 0.05
1663 175 0.01
1663 1028 0.05
1663 1660 0.05
1663 1603 0.2
1663 623 0.01
1663 2538 0.01
1663 303 0.05
1663 837 0.01
1663 1075 0.2
1663 329 0.2
1663 3216 0.01
1663 1590 0.05
1663 457 0.2
1663 1078 0.01
1663 855 0.05
1663 84 0.05
1663 506 0.01
1663 4424 0.2
1663 791 0.05
1663 1913 0.05
1663 3866 0.2
1663 641 0.05
1663 1218 0.05
1663 743 0.2
1663 4425 0.05
1663 1033 0.01
1663 1927 0.01
1663 4371 0.05
1663 199 0.01
1663 1485 0.2
1663 4245 0.05
1663 4426 0.05
1663 990 0.2
1663 4427 0.05
1663 1415 0.2
1663 3753 0.05
1663 961 0.2
1663 4428 0.05
1663 1690 0.05
1663 92 0.05
1663 163 0.01
1663 540 0.2
1663 353 0.01
1663 595 0.2
1663 269 0.01
1663 2884 0.2
1663 586 0.01
1663 203 0.05
1663 126 0.01
1663 1960 0.01
1663 3544 0.05
1663 1699 0.01
1663 2261 0.2
1663 1113 0.05
1663 2799 0.2
1663 3313 0.2
1663 4142 0.05
4429 4429 0.05
4430 1238 0.01
4431 527 0.01
345 345 0.01
345 328 0.05
345 323 0.05
345 324 0.01
345 30 0.05
345 326 0.01
345 1434 0.05
345 46 0.2
345 434 0.05
345 736 0.2
345 511 0.05
345 4397 0.2
345 327 0.01
345 4432 0.01
345 913 0.01
345 1811 0.01
345 1020 0.05
345 34 0.2
1033 1033 0.05
1033 1598 0.05
1033 438 0.2
1033 71 0.2
1033 91 0.05
1033 109 0.01
1033 3296 0.05
1033 1433 0.05
1033 202 0.2
1033 743 0.01
1033 1717 0.01
1033 736 0.05
1033 784 0.2
1033 792 0.2
1033 241 0.05
1033 351 0.05
1033 1110 0.2
1033 648 0.01
1033 142 0.01
1033 176 0.01
1033 789 0.2
1033 638 0.2
1033 104 0.2
1033 696 0.05
1033 698 0.01
1033 92 0.2
1033 1126 0.2
1033 111 0.01
1033 240 0.2
2780 2780 0.01
2780 46 0.05
2780 429 0.01
2780 428 0.01
2780 377 0.2
2780 4254 0.05
2780 2209 0.01
2780 2091 0.05
2780 126 0.01
2780 1066 0.05
2780 2774 0.2
2780 708 0.2
2780 1974 0.05
2780 597 0.2
2780 2259 0.2
3259 3259 0.01
3259 1764 0.2
3259 778 0.01
3259 625 0.2
3259 457 0.2
3259 812 0.05
3259 1657 0.2
3259 2125 0.05
4433 4433 0.2
4434 4434 0.01
4434 1494 0.05
4434 103 0.05
4435 784 0.05
4436 4436 0.01
4165 4165 0.05
4437 4437 0.01
4438 4438 0.01
4439 4439 0.01
4439 351 0.01
713 713 0.01
4440 4440 0.01
4441 4441 0.05
2008 2008 0.05
2008 1246 0.01
2008 1547 0.2
2008 737 0.2
2008 2655 0.05
2008 1750 0.01
2008 597 0.2
2008 2657 0.01
2008 126 0.01
2008 2656 0.01
4442 4443 0.01
4442 4442 0.2
4444 506 0.05
4444 126 0.01
4444 787 0.05
4444 128 0.2
4444 329 0.2
4444 644 0.2
4391 4391 0.05
4391 4390 0.01
4445 4445 0.01
4446 4446 0.05
4447 46 0.01
4447 2289 0.01
4448 548 0.2
4448 4448 0.2
3995 1494 0.2
4449 3631 0.2
4449 865 0.05
4450 4450 0.01
4451 4451 0.01
1657 939 0.01
1657 1392 0.01
1657 610 0.01
1657 546 0.2
1657 1657 0.01
1657 727 0.01
1657 30 0.2
1657 719 0.05
1657 1362 0.2
1657 1869 0.2
4452 4452 0.2
1619 224 0.2
1619 625 0.01
1619 328 0.01
1619 378 0.01
1619 46 0.05
1619 1618 0.01
4453 4453 0.01
4454 4454 0.01
4455 3424 0.05
4455 286 0.05
4455 30 0.01
4455 46 0.01
792 65 0.01
792 1635 0.2
792 801 0.05
792 1308 0.2
792 736 0.01
792 648 0.2
792 789 0.05
792 142 0.2
792 2376 0.2
792 741 0.05
792 739 0.01
792 1452 0.2
792 107 0.01
792 2629 0.2
792 3542 0.05
792 1880 0.01
792 740 0.05
792 4456 0.2
792 1881 0.2
792 2136 0.2
4457 4457 0.01
1045 1045 0.2
1045 946 0.2
1794 2782 0.05
1794 584 0.01
1794 1794 0.2
1794 2226 0.2
1794 2783 0.05
1794 4168 0.2
1794 1793 0.05
4458 4458 0.2
4458 1753 0.05
4458 325 0.05
4458 2247 0.01
1235 1235 0.2
3629 3629 0.01
4459 4459 0.01
4459 3180 0.01
4460 4460 0.05
3905 610 0.05
4461 4461 0.01
1528 1528 0.05
1528 1526 0.2
1528 1525 0.01
1528 1527 0.2
1724 274 0.01
1724 1722 0.01
1724 1609 0.05
2257 721 0.01
2257 1955 0.2
2257 400 0.2
2257 4462 0.2
2257 1711 0.05
4463 4463 0.2
1247 45 0.2
1247 1238 0.01
1247 46 0.05
1247 428 0.01
1247 429 0.05
1247 30 0.2
1247 1123 0.01
1247 286 0.2
1247 467 0.01
1247 1176 0.05
1247 1116 0.01
1247 2538 0.05
1247 610 0.01
1247 163 0.05
1247 4464 0.01
1247 1511 0.2
1247 597 0.2
1247 1597 0.2
1247 4465 0.01
1247 813 0.2
1247 4412 0.05
4466 4466 0.01
4467 4467 0.01
2566 2566 0.01
2566 14 0.2
2566 1167 0.2
2566 1491 0.2
2566 13 0.2
2566 2565 0.05
3225 3225 0.05
3225 3013 0.05
4468 349 0.05
4468 719 0.01
4468 1020 0.2
4468 522 0.01
4468 126 0.05
4468 449 0.05
4468 2251 0.01
4468 1362 0.01
4468 653 0.05
4469 4469 0.05
2704 1906 0.2
2704 428 0.01
2704 431 0.01
2704 639 0.01
2704 1910 0.05
2704 1237 0.2
2704 1407 0.01
2704 445 0.2
2704 429 0.2
2704 215 0.2
2704 506 0.2
2704 353 0.05
2704 438 0.05
2704 2782 0.05
2704 2593 0.2
2704 2749 0.01
2704 2240 0.01
2704 1092 0.01
2704 329 0.2
2704 126 0.05
2704 4470 0.2
2704 46 0.05
2704 5 0.01
2704 4471 0.01
1816 1816 0.01
1816 429 0.05
1816 431 0.01
1816 643 0.01
1816 2092 0.01
1816 2090 0.05
1816 2091 0.2
1816 442 0.01
1816 2215 0.05
1816 1270 0.2
1816 997 0.2
1816 430 0.05
1816 428 0.2
1816 1065 0.05
1816 720 0.05
1816 2207 0.05
1816 1823 0.05
1816 4 0.2
1816 30 0.05
1816 126 0.01
1816 1957 0.05
1816 1856 0.05
1816 1554 0.2
1816 1561 0.2
1816 2208 0.05
1816 4107 0.01
1816 1064 0.05
1816 4101 0.2
1816 157 0.2
1816 969 0.01
1816 286 0.01
1816 1808 0.2
1816 921 0.05
1816 898 0.2
1816 1814 0.2
1816 646 0.01
1816 1085 0.01
1816 514 0.05
1816 324 0.01
1816 121 0.2
1816 242 0.01
1816 587 0.05
1816 4406 0.05
1816 996 0.01
1816 1126 0.05
1816 378 0.01
1816 4266 0.01
1816 3400 0.05
1816 948 0.01
1816 741 0.01
1816 760 0.01
1816 683 0.05
1816 1089 0.01
1816 175 0.2
1816 3850 0.2
1816 44 0.05
1816 1172 0.01
1816 525 0.05
1816 469 0.01
1816 2222 0.2
1816 22 0.2
1816 791 0.2
1816 1058 0.01
1816 893 0.2
1816 2219 0.2
3547 3546 0.01
3547 109 0.2
3547 3547 0.01
3547 2154 0.05
3547 3420 0.2
3547 2468 0.05
4277 4277 0.2
4277 191 0.01
4472 4472 0.01
4472 586 0.01
2965 2593 0.01
2965 2965 0.05
2965 453 0.01
2965 584 0.2
2965 681 0.05
2965 1000 0.2
2965 2747 0.01
2965 2749 0.01
2965 994 0.05
2965 431 0.01
2965 3409 0.01
2965 1410 0.01
2965 2783 0.01
2965 142 0.05
2965 3085 0.01
2965 2703 0.05
3914 22 0.05
3914 3914 0.2
3914 424 0.05
3914 3064 0.2
4473 4473 0.2
162 126 0.05
162 825 0.2
162 826 0.05
162 46 0.05
162 1238 0.2
162 1247 0.01
162 3328 0.01
162 646 0.2
162 1430 0.2
162 385 0.05
162 649 0.01
162 1428 0.05
162 1116 0.2
162 647 0.01
162 30 0.01
162 1313 0.01
162 2538 0.05
162 22 0.01
162 4474 0.01
162 813 0.05
162 695 0.05
162 522 0.05
162 1092 0.05
162 2042 0.01
162 1961 0.05
162 303 0.2
162 1668 0.2
700 700 0.05
4475 4475 0.01
4476 4476 0.05
4477 4477 0.05
4478 4478 0.01
1044 1016 0.2
4479 1957 0.05
4479 126 0.05
4480 175 0.2
4481 4481 0.01
4363 4363 0.01
4363 739 0.2
4363 46 0.01
4363 378 0.05
4363 126 0.05
4363 2507 0.05
2994 1371 0.01
2994 1065 0.01
2994 2994 0.01
2994 1084 0.2
3176 3176 0.05
327 345 0.2
327 328 0.05
327 326 0.2
327 324 0.01
4482 4482 0.05
1499 2453 0.05
1499 652 0.05
1499 1210 0.01
1499 2454 0.05
1499 3642 0.2
1499 105 0.01
1499 1499 0.2
1499 1212 0.2
1499 377 0.05
1499 1218 0.01
1499 2289 0.01
1499 286 0.2
1499 2456 0.05
1499 108 0.01
1499 659 0.01
1499 290 0.05
1499 1590 0.05
1499 3338 0.05
1499 1127 0.2
1499 110 0.05
1499 1222 0.05
1499 2455 0.05
1499 747 0.05
1499 2461 0.05
1499 1479 0.01
1499 2458 0.01
1499 2457 0.05
1499 137 0.01
1499 1605 0.05
1499 79 0.01
1499 748 0.01
1499 2459 0.05
1499 746 0.01
1499 1604 0.01
1499 1214 0.2
1499 749 0.05
1499 1219 0.01
1499 1213 0.05
1499 2460 0.05
1499 647 0.05
1499 3645 0.2
1499 954 0.05
1499 4150 0.2
921 1023 0.2
921 22 0.01
921 751 0.05
921 1682 0.2
921 388 0.2
921 801 0.01
921 92 0.01
1324 1324 0.01
1324 2271 0.05
1324 172 0.05
1056 1056 0.05
1056 1653 0.01
1056 2107 0.2
1056 182 0.01
1056 2108 0.01
1056 181 0.05
1056 2112 0.05
1056 2113 0.01
1056 2109 0.05
1056 2111 0.2
1056 2849 0.05
1056 2848 0.2
4483 4483 0.05
3090 3090 0.2
3090 780 0.01
3090 461 0.05
2843 2843 0.01
2843 390 0.01
2843 1309 0.2
2843 2667 0.01
2843 1684 0.05
2843 392 0.05
2843 1754 0.05
2843 388 0.2
2843 389 0.2
2843 801 0.05
2843 2961 0.01
2843 651 0.05
2843 582 0.01
4484 4260 0.2
4485 3725 0.2
4456 1881 0.05
4456 65 0.01
4456 792 0.05
4456 1880 0.05
4456 4486 0.05
4456 1879 0.05
4456 107 0.01
4456 3501 0.01
4456 3464 0.05
394 1682 0.2
394 92 0.05
394 65 0.2
394 751 0.01
394 388 0.01
394 1023 0.05
394 469 0.01
394 801 0.2
394 22 0.01
394 1019 0.05
394 895 0.01
394 805 0.2
394 1686 0.2
394 921 0.05
394 1834 0.05
4487 1526 0.05
4487 4487 0.2
4487 1527 0.01
4487 1525 0.05
1258 1254 0.2
1258 1545 0.01
1258 4131 0.01
1258 62 0.2
1258 1236 0.05
1258 148 0.2
32 32 0.2
32 31 0.05
32 33 0.2
32 29 0.01
32 28 0.05
32 27 0.2
32 26 0.2
32 737 0.01
32 34 0.05
32 1246 0.2
1137 1137 0.2
1137 944 0.05
1137 770 0.2
1137 2306 0.2
1137 263 0.01
1137 2141 0.01
1137 1091 0.01
1137 1542 0.2
1137 597 0.05
1137 83 0.05
1137 324 0.01
1137 70 0.05
1137 94 0.01
1137 1851 0.05
1137 3179 0.01
1137 776 0.2
4488 4488 0.2
4489 4489 0.2
605 712 0.01
605 545 0.05
605 791 0.01
605 923 0.2
605 757 0.05
605 2000 0.2
605 751 0.01
605 3510 0.05
605 2034 0.2
605 584 0.05
605 1153 0.05
605 362 0.05
605 2372 0.01
605 3316 0.05
605 2021 0.01
605 438 0.2
605 1494 0.2
605 919 0.2
605 328 0.05
605 2535 0.05
605 580 0.05
605 886 0.01
3427 1852 0.2
3427 3986 0.05
3427 804 0.2
3427 46 0.2
3427 30 0.05
3427 1617 0.05
3427 4490 0.2
3427 1242 0.05
3427 3538 0.05
3427 3444 0.05
3427 261 0.01
3427 1416 0.05
3427 1631 0.01
3427 4035 0.2
3427 3430 0.2
3427 1182 0.01
3427 2832 0.01
3427 1642 0.2
3427 4120 0.05
3427 902 0.01
3427 1068 0.01
3427 990 0.05
3427 1142 0.01
3427 2147 0.05
3427 904 0.2
3427 583 0.01
3427 780 0.05
3427 1394 0.2
3427 2671 0.01
3427 460 0.01
3427 157 0.01
3427 234 0.2
3427 192 0.01
3427 597 0.01
3427 1368 0.2
3427 708 0.01
3427 1775 0.05
3427 793 0.01
3427 1181 0.01
3427 2634 0.01
3427 4238 0.05
3427 625 0.05
3427 1563 0.2
3427 2251 0.05
3427 3425 0.05
3427 1662 0.2
3427 1243 0.01
3427 1910 0.05
3427 2550 0.01
3427 2252 0.05
3427 346 0.01
112 1117 0.01
112 1020 0.05
112 719 0.01
112 1616 0.2
112 328 0.2
112 22 0.05
112 425 0.01
112 424 0.05
112 118 0.05
112 770 0.2
112 46 0.05
112 325 0.2
112 735 0.2
112 511 0.01
112 1356 0.01
112 174 0.05
112 1075 0.01
112 349 0.01
112 1082 0.05
112 326 0.2
112 577 0.01
112 468 0.01
112 1124 0.2
112 426 0.01
112 1476 0.01
112 4175 0.01
112 858 0.01
112 1073 0.2
112 2942 0.05
112 351 0.2
112 947 0.2
112 1918 0.01
112 40 0.01
112 829 0.05
112 282 0.01
112 1133 0.2
112 915 0.05
112 1028 0.05
112 638 0.05
112 1284 0.01
112 3517 0.01
112 481 0.05
112 1434 0.2
112 797 0.01
112 34 0.01
112 1917 0.05
112 209 0.05
112 65 0.01
112 784 0.01
112 2247 0.01
112 172 0.05
112 801 0.01
112 1167 0.05
112 430 0.01
112 657 0.05
112 918 0.2
112 144 0.01
112 1892 0.01
112 2060 0.05
112 3572 0.2
112 2553 0.01
112 4491 0.01
112 2248 0.01
112 887 0.05
112 737 0.05
112 4492 0.01
112 1211 0.05
112 1639 0.05
112 2002 0.05
112 569 0.2
112 2157 0.01
112 937 0.01
112 377 0.05
112 13 0.01
112 1641 0.2
112 2457 0.05
112 1660 0.05
112 110 0.05
112 1116 0.01
112 1754 0.2
112 736 0.01
112 555 0.2
112 108 0.01
112 1078 0.2
112 353 0.01
112 729 0.2
112 1452 0.05
112 4344 0.05
112 297 0.05
112 1343 0.01
112 1536 0.01
112 810 0.05
112 2076 0.2
112 3102 0.2
112 423 0.2
112 3758 0.2
112 1930 0.05
112 2271 0.01
112 291 0.2
112 1520 0.2
112 1283 0.01
112 438 0.2
112 2789 0.2
112 1160 0.01
112 1927 0.01
112 165 0.05
112 4493 0.2
112 255 0.01
112 287 0.05
112 285 0.01
112 609 0.2
112 3069 0.01
112 3772 0.01
112 3066 0.2
112 3070 0.01
315 314 0.05
315 30 0.01
1988 234 0.05
1988 3091 0.2
1988 50 0.01
1988 1769 0.05
1988 588 0.2
1988 66 0.05
1988 1605 0.01
1988 963 0.01
4494 2154 0.05
2091 2091 0.2
2091 429 0.05
2091 2206 0.05
2091 725 0.05
2091 4107 0.2
2091 578 0.05
2091 1823 0.01
2091 431 0.05
2091 643 0.01
2091 2207 0.2
2091 618 0.2
2091 1191 0.05
2091 3239 0.05
2091 430 0.01
2091 1816 0.2
2091 1561 0.05
2091 1555 0.05
2091 1270 0.2
2091 2219 0.2
2091 1066 0.2
2091 2222 0.2
2091 1554 0.05
2091 428 0.01
2091 2228 0.05
2091 1832 0.2
4495 4495 0.01
3431 3431 0.2
3431 1002 0.2
3431 1001 0.05
3431 1020 0.05
1209 764 0.01
590 167 0.05
590 1862 0.2
590 1861 0.05
590 1863 0.05
590 590 0.05
590 3380 0.01
590 45 0.01
590 3316 0.01
590 165 0.2
590 2171 0.01
590 362 0.2
590 297 0.2
1185 13 0.01
1185 34 0.2
1185 357 0.01
1185 355 0.2
1185 356 0.01
1185 191 0.01
1185 759 0.01
1185 281 0.01
1185 232 0.05
1185 4496 0.05
1185 19 0.01
1185 587 0.2
1185 46 0.01
1185 329 0.05
1185 783 0.05
1185 2610 0.2
1185 3863 0.2
1185 55 0.01
1185 928 0.2
1185 582 0.01
1185 3732 0.01
1185 89 0.01
1185 4037 0.05
1185 276 0.01
1185 4497 0.01
1185 290 0.01
1185 3153 0.01
1185 623 0.01
1185 3190 0.01
1185 438 0.01
1185 2003 0.05
4498 329 0.01
4498 45 0.01
4498 4498 0.01
1917 30 0.05
1917 324 0.2
1917 1616 0.05
1917 3663 0.05
1917 2272 0.01
1917 1602 0.01
607 607 0.2
607 766 0.2
607 606 0.01
607 3281 0.05
2316 148 0.05
2316 2316 0.05
2316 3604 0.2
4499 4499 0.2
4499 1175 0.01
4500 4500 0.01
4501 4501 0.05
4502 4502 0.2
4502 1476 0.2
1704 1704 0.2
1704 334 0.2
1704 2514 0.05
1704 1675 0.2
1704 1706 0.01
4503 4503 0.2
4503 286 0.01
4503 175 0.01
4503 4504 0.01
4503 328 0.01
2223 429 0.05
4505 625 0.01
4505 4506 0.05
4505 4505 0.01
296 1767 0.2
296 3281 0.05
296 714 0.01
296 286 0.01
296 1553 0.2
296 1222 0.01
296 137 0.05
296 649 0.2
296 328 0.2
296 1127 0.2
296 2289 0.2
296 45 0.2
296 290 0.01
296 4507 0.01
296 2343 0.01
595 595 0.05
595 324 0.05
595 30 0.01
595 323 0.01
595 328 0.2
595 466 0.01
595 351 0.05
595 1075 0.05
595 326 0.2
595 719 0.05
595 345 0.05
595 1753 0.2
595 1754 0.2
595 543 0.2
595 492 0.01
595 712 0.01
108 1499 0.01
108 105 0.01
108 652 0.01
108 2456 0.05
108 1210 0.05
108 659 0.01
108 2289 0.01
108 290 0.05
108 108 0.05
108 2453 0.05
108 764 0.2
108 110 0.05
108 377 0.05
108 2454 0.01
108 2455 0.01
108 1218 0.01
108 65 0.05
108 1127 0.01
108 1222 0.2
108 2278 0.05
108 1479 0.2
108 2457 0.01
108 137 0.2
108 2461 0.01
108 1212 0.05
108 747 0.05
108 79 0.2
108 748 0.01
108 1205 0.2
108 1605 0.01
108 746 0.01
108 2459 0.05
108 2458 0.05
108 1214 0.01
108 1219 0.2
108 1213 0.01
108 749 0.01
108 2757 0.05
108 647 0.05
108 3147 0.01
108 3749 0.2
108 1604 0.05
108 175 0.01
108 3645 0.05
108 887 0.05
108 1112 0.05
108 1339 0.05
108 1113 0.01
108 1110 0.2
108 2501 0.2
108 2951 0.2
108 4508 0.05
2108 2108 0.05
2108 1653 0.05
2108 4509 0.01
2108 182 0.01
2108 2109 0.2
2108 2113 0.01
2108 2849 0.2
2108 4510 0.05
2108 2111 0.01
2108 424 0.05
2108 426 0.01
2108 1520 0.01
2108 2721 0.01
2108 22 0.2
2108 1124 0.2
2108 112 0.01
2108 427 0.2
2108 46 0.2
2108 2031 0.2
2108 1965 0.05
2108 461 0.05
2108 2107 0.01
2108 3812 0.05
2108 1047 0.01
2108 30 0.01
2108 4511 0.01
2108 293 0.2
2108 624 0.01
2108 3360 0.01
2108 175 0.05
2108 126 0.2
2108 188 0.01
2108 2850 0.05
2108 233 0.05
2108 89 0.01
2108 183 0.05
2108 2106 0.01
2108 2112 0.05
2108 716 0.01
2108 181 0.2
2108 2110 0.01
2108 1056 0.01
2108 2848 0.2
2108 2105 0.2
2108 3805 0.01
4512 1798 0.05
4512 30 0.01
4512 4512 0.2
4512 3754 0.01
4512 1309 0.2
3237 3237 0.05
3237 2806 0.05
3237 927 0.2
196 197 0.05
196 46 0.2
196 196 0.01
196 198 0.05
196 199 0.05
196 195 0.2
196 200 0.01
196 202 0.05
196 205 0.2
196 204 0.2
196 586 0.05
196 1190 0.01
196 203 0.01
196 3380 0.01
4513 1052 0.2
4513 2269 0.2
4513 1562 0.01
4513 375 0.2
4513 283 0.05
4513 1569 0.2
1064 1957 0.2
1064 126 0.05
1064 1167 0.2
1064 2206 0.2
1064 2207 0.01
1064 643 0.2
1064 4107 0.01
1064 4514 0.2
1064 22 0.01
1064 286 0.05
1064 30 0.2
1064 431 0.05
1064 327 0.05
1064 3398 0.01
1064 425 0.05
1064 4515 0.05
1064 4516 0.2
1064 2003 0.05
1064 2555 0.2
1064 4101 0.01
1064 1247 0.01
1064 446 0.01
1064 1816 0.01
1064 428 0.2
1064 3357 0.2
1064 3356 0.2
1064 863 0.05
1064 522 0.05
1064 429 0.01
1064 1958 0.05
1064 1065 0.2
1064 1596 0.01
1064 102 0.01
1064 587 0.05
1064 2430 0.05
1064 2091 0.2
1064 825 0.2
1064 324 0.2
1064 46 0.05
1064 426 0.05
1064 1203 0.05
1064 764 0.01
1064 1117 0.2
1064 618 0.05
1064 118 0.2
1064 1764 0.2
1064 261 0.05
1064 4517 0.2
1064 4518 0.2
1064 1063 0.2
1064 3028 0.01
1064 21 0.2
1064 4519 0.2
1064 4520 0.01
1064 3761 0.05
1064 162 0.2
1064 329 0.05
1064 872 0.2
4521 4521 0.05
4522 1068 0.01
4522 883 0.05
4522 888 0.01
4522 1491 0.01
4522 1278 0.2
4522 743 0.2
4522 1546 0.05
4522 710 0.05
4522 856 0.05
4522 750 0.01
4522 79 0.2
4522 49 0.2
4522 317 0.01
4522 351 0.05
4522 654 0.05
4522 653 0.01
4522 652 0.2
4522 651 0.05
4522 51 0.2
4522 579 0.05
4522 1116 0.01
4522 1428 0.2
4522 1450 0.05
4522 738 0.01
4522 30 0.2
4522 641 0.01
4522 305 0.01
4522 747 0.01
4522 1752 0.05
4522 440 0.01
4522 810 0.01
4522 643 0.2
4522 584 0.01
960 2410 0.05
960 2405 0.2
960 2928 0.2
960 2406 0.2
960 2411 0.05
960 2407 0.01
960 987 0.05
960 111 0.05
960 271 0.01
960 1703 0.2
960 1226 0.05
960 379 0.01
960 328 0.2
960 1324 0.05
960 751 0.01
960 2573 0.2
960 565 0.01
960 3911 0.01
960 135 0.01
960 3538 0.01
960 1366 0.01
960 128 0.05
219 219 0.01
219 216 0.05
767 767 0.2
767 606 0.2
767 17 0.01
767 631 0.2
767 4523 0.01
4524 4524 0.01
4525 4525 0.2
276 276 0.2
276 4191 0.2
276 555 0.05
276 430 0.05
276 1185 0.01
276 4526 0.2
276 4527 0.05
276 205 0.01
276 582 0.01
276 89 0.05
276 4528 0.05
276 3732 0.01
276 2430 0.05
276 55 0.05
276 232 0.01
276 1678 0.2
276 4529 0.05
276 584 0.05
276 774 0.01
276 1277 0.01
1268 2505 0.01
1268 893 0.05
1268 2208 0.05
1268 673 0.2
1268 175 0.01
1268 126 0.01
4530 4530 0.2
4531 4531 0.01
4532 4532 0.2
4533 4533 0.01
4533 4534 0.01
4533 307 0.2
4535 4535 0.01
4536 4536 0.2
4537 4537 0.01
3655 3655 0.01
4538 4538 0.05
334 1764 0.01
334 334 0.2
334 331 0.2
334 282 0.01
334 332 0.01
334 864 0.01
334 65 0.05
334 1766 0.05
334 1704 0.01
334 1229 0.01
334 4539 0.2
334 2216 0.01
334 2636 0.05
334 67 0.01
334 274 0.2
334 3319 0.01
334 624 0.05
334 4540 0.01
334 399 0.2
334 2246 0.01
334 1768 0.05
334 48 0.05
334 335 0.2
334 62 0.01
334 224 0.05
334 615 0.05
334 193 0.05
334 144 0.05
334 1384 0.01
334 189 0.2
334 2671 0.2
4541 4541 0.05
646 202 0.01
646 1313 0.05
646 646 0.05
646 1804 0.01
646 791 0.05
646 172 0.05
646 4010 0.01
646 171 0.2
646 2728 0.2
646 830 0.2
646 1085 0.05
646 1117 0.01
646 1789 0.01
646 350 0.2
646 1020 0.05
646 934 0.01
646 1597 0.05
646 610 0.01
646 2611 0.01
646 1167 0.05
646 60 0.05
646 1536 0.01
646 1547 0.05
646 2518 0.05
646 1139 0.2
646 4405 0.01
646 2214 0.01
646 1613 0.2
646 2215 0.01
646 242 0.01
646 2851 0.01
646 802 0.05
646 1156 0.01
646 4542 0.01
646 1318 0.2
646 3892 0.2
646 430 0.05
646 583 0.05
646 4406 0.2
646 307 0.01
646 1816 0.05
646 997 0.05
646 442 0.01
646 683 0.01
646 429 0.2
646 965 0.01
646 582 0.05
646 1488 0.05
646 82 0.05
646 793 0.05
646 162 0.01
646 157 0.2
646 1745 0.01
646 984 0.05
646 3850 0.01
646 1316 0.05
646 3838 0.05
646 1301 0.2
646 173 0.05
646 3212 0.2
646 232 0.05
646 2887 0.05
646 2141 0.05
646 212 0.01
646 377 0.05
646 2724 0.2
646 1093 0.01
646 461 0.05
646 893 0.2
646 2934 0.05
646 1236 0.01
646 1831 0.2
646 45 0.01
646 1142 0.05
646 776 0.05
646 1223 0.01
646 1551 0.05
646 1182 0.05
646 2537 0.05
646 2774 0.01
646 708 0.2
646 23 0.2
3218 3218 0.05
3218 398 0.01
3218 399 0.01
3218 2426 0.05
3218 4543 0.2
3218 4544 0.2
527 430 0.2
527 784 0.01
527 438 0.01
527 883 0.05
527 1211 0.2
527 4545 0.01
527 527 0.01
4546 2684 0.01
4546 1024 0.05
4546 710 0.2
4546 286 0.01
4546 916 0.05
4546 3281 0.05
4546 743 0.05
4432 345 0.05
4432 3103 0.01
1560 1723 0.05
1560 4547 0.01
1560 282 0.01
1560 2521 0.05
1560 1231 0.05
1560 1337 0.05
1560 2332 0.05
1560 2845 0.01
1560 1091 0.2
4548 4548 0.05
4549 4549 0.2
2615 1912 0.05
2615 2615 0.05
2615 312 0.2
2615 2612 0.01
2615 194 0.01
38 92 0.05
38 1047 0.05
38 255 0.2
38 2715 0.05
4550 4550 0.2
4551 4551 0.01
2246 193 0.05
4552 4552 0.01
4191 440 0.05
4191 1020 0.2
2863 2862 0.2
2863 1172 0.01
4553 4553 0.05
4553 1190 0.2
4554 4554 0.05
2114 2114 0.01
2114 332 0.01
2114 53 0.2
2114 61 0.05
2114 286 0.2
2114 659 0.2
2114 377 0.05
4555 4555 0.01
4556 4556 0.2
3296 4557 0.01
3296 241 0.01
514 514 0.2
514 353 0.05
514 719 0.01
514 327 0.2
514 1602 0.05
514 1604 0.2
514 1516 0.05
514 106 0.05
514 46 0.2
514 30 0.05
514 324 0.01
514 438 0.01
514 492 0.05
514 638 0.2
514 501 0.05
514 44 0.01
514 1798 0.05
514 3140 0.2
514 3189 0.2
514 1484 0.01
514 1483 0.01
514 2020 0.2
514 3141 0.01
514 1090 0.05
514 3113 0.2
514 1933 0.01
514 1149 0.05
514 1167 0.2
514 2432 0.05
514 3119 0.01
514 3890 0.05
514 3562 0.05
514 2933 0.2
514 1151 0.2
514 992 0.05
514 3519 0.2
4558 4558 0.01
4558 418 0.05
4558 4200 0.01
4558 399 0.05
4558 46 0.2
4558 3187 0.2
4558 1587 0.05
4558 3477 0.05
4558 1376 0.01
4558 261 0.05
4558 1113 0.01
1856 1856 0.05
1856 431 0.2
1856 429 0.05
1856 46 0.01
1856 30 0.2
1856 1065 0.05
1856 4 0.2
1856 2205 0.05
1856 2206 0.05
1856 428 0.05
1856 4559 0.05
1856 1855 0.05
1856 1910 0.01
1856 44 0.2
1856 438 0.05
1856 326 0.01
1856 436 0.05
1856 440 0.2
1856 5 0.01
1856 1858 0.05
1856 3063 0.2
4560 4560 0.05
4561 801 0.2
2181 2181 0.01
2181 62 0.2
4562 4562 0.05
4414 4415 0.2
4414 1386 0.2
4414 2227 0.2
4414 1375 0.2
4414 1379 0.01
4414 4132 0.01
4414 707 0.01
4414 859 0.05
4414 116 0.05
4414 716 0.2
4563 4563 0.01
4236 30 0.2
4236 937 0.01
4236 323 0.01
4236 1753 0.2
4236 2172 0.05
4564 4564 0.05
4565 4565 0.01
1116 434 0.2
1116 1238 0.05
1116 1247 0.2
1116 2538 0.2
1116 353 0.05
4566 4566 0.01
4566 1936 0.05
4567 4567 0.01
4568 4568 0.05
626 626 0.05
626 3268 0.05
626 993 0.01
626 3343 0.05
626 3395 0.01
2018 2018 0.01
2018 634 0.2
2018 1992 0.01
2018 791 0.05
2018 2466 0.05
2018 658 0.05
2018 1153 0.2
3185 3187 0.2
3185 855 0.01
3185 106 0.01
3185 944 0.01
3185 1546 0.05
4569 4569 0.05
2149 922 0.2
2149 364 0.05
2149 1384 0.2
2149 522 0.01
2149 780 0.01
2149 1397 0.05
2149 349 0.05
2149 1416 0.2
2149 904 0.01
2149 186 0.2
2149 1417 0.01
2149 126 0.01
2149 2434 0.2
2149 1495 0.01
2149 719 0.05
2149 2252 0.05
2149 492 0.05
2149 799 0.2
2149 793 0.2
2149 352 0.05
2149 791 0.01
2149 2134 0.2
2149 2787 0.01
2149 779 0.2
2149 1117 0.05
2149 3440 0.2
2149 728 0.2
2149 610 0.2
2149 1420 0.05
4570 4570 0.05
4571 4572 0.01
4573 4573 0.2
4573 286 0.05
2273 2273 0.2
2273 584 0.2
2273 677 0.01
2273 597 0.05
2273 46 0.05
2273 2002 0.01
2273 1086 0.2
2273 4574 0.05
2273 81 0.01
2273 846 0.05
2273 3249 0.2
376 376 0.01
376 121 0.2
376 1170 0.2
376 3217 0.2
376 212 0.2
376 994 0.2
376 1605 0.05
376 2966 0.05
376 597 0.01
376 110 0.2
376 659 0.05
376 860 0.2
376 292 0.05
376 1211 0.01
376 1176 0.2
376 19 0.2
376 357 0.05
376 3856 0.2
376 1085 0.01
376 1047 0.01
376 751 0.01
376 764 0.2
376 584 0.05
376 157 0.01
376 1590 0.05
376 2872 0.2
376 1159 0.2
376 4575 0.05
376 65 0.2
376 746 0.01
376 749 0.2
376 647 0.05
376 1543 0.2
376 399 0.2
376 792 0.05
376 2134 0.01
376 599 0.05
1040 1040 0.05
4576 4576 0.01
4576 2267 0.01
2523 928 0.01
2523 751 0.01
2523 2523 0.05
2523 2295 0.01
2523 2412 0.2
2523 3283 0.2
2523 19 0.01
2523 3284 0.05
4577 4577 0.01
4578 4578 0.2
4578 708 0.2
4578 1384 0.01
4578 1183 0.2
4578 328 0.2
4578 4579 0.01
4578 2141 0.2
4578 791 0.2
4578 577 0.2
4578 1277 0.01
4578 983 0.05
1396 1396 0.01
2782 2782 0.2
2782 963 0.01
2782 3951 0.05
2782 3087 0.2
2782 438 0.05
2782 1643 0.01
2782 716 0.01
2782 492 0.05
2782 934 0.01
2782 588 0.05
2782 245 0.2
2782 3856 0.01
2782 773 0.2
2782 378 0.05
2782 63 0.05
2782 997 0.2
2782 102 0.05
2782 712 0.01
2782 2483 0.05
2782 631 0.2
2782 513 0.05
2782 912 0.01
2782 3085 0.01
2782 2749 0.01
2782 453 0.2
2782 584 0.2
2782 2593 0.2
2782 4580 0.2
2782 2739 0.2
2782 1794 0.2
2782 2141 0.01
2782 617 0.01
2782 66 0.2
2782 2783 0.01
2782 2750 0.05
2782 335 0.05
2782 4581 0.2
2782 328 0.2
2782 1716 0.2
2782 2704 0.2
2782 22 0.01
2782 1586 0.01
2782 2243 0.05
2782 3288 0.05
2782 1154 0.2
2782 2774 0.2
2782 4582 0.05
2782 2793 0.05
2782 4407 0.01
2782 1153 0.05
2610 3573 0.2
2610 2880 0.01
2610 215 0.01
2610 2561 0.2
2610 1122 0.05
2610 1428 0.2
2610 1249 0.05
2610 1053 0.01
2610 1738 0.01
2610 1757 0.05
2610 827 0.05
2610 2226 0.2
2610 58 0.2
2610 1908 0.01
2610 1392 0.05
2610 716 0.01
2610 119 0.2
2610 1092 0.2
2610 1002 0.2
2610 1447 0.05
2610 637 0.2
2610 639 0.01
2610 1454 0.01
2610 640 0.2
2610 641 0.01
2610 265 0.2
2610 330 0.2
2610 305 0.2
2610 2214 0.01
2610 1752 0.05
2610 1362 0.2
2610 2615 0.2
2610 440 0.01
2610 331 0.05
2610 644 0.05
2610 427 0.2
2610 1116 0.01
2610 334 0.05
2610 642 0.2
2610 432 0.05
2610 645 0.2
2610 2213 0.05
2610 1519 0.2
2610 63 0.01
2610 348 0.2
2610 2747 0.01
2610 1123 0.05
2610 863 0.2
2610 1847 0.2
2610 746 0.2
2610 1167 0.01
2610 345 0.01
2610 241 0.05
2610 4583 0.2
2610 623 0.05
2610 717 0.2
2610 379 0.2
2610 332 0.2
2610 2847 0.01
2610 805 0.2
2610 2103 0.2
2610 1436 0.01
2610 1961 0.05
2610 1898 0.01
2610 1993 0.01
2610 578 0.05
2610 2348 0.01
2610 327 0.01
2610 57 0.05
2610 912 0.01
2610 2372 0.2
2610 13 0.01
2610 1052 0.05
2610 614 0.2
2610 1030 0.05
2610 619 0.01
2610 104 0.05
2610 295 0.01
2610 422 0.01
2610 1955 0.01
2610 2232 0.2
2610 618 0.2
2610 3288 0.2
2610 31 0.01
2610 2823 0.2
2610 1286 0.2
2610 830 0.01
2610 1910 0.05
2610 1211 0.01
2610 2247 0.05
2610 363 0.01
2610 1313 0.2
2610 1089 0.01
2610 325 0.2
2610 673 0.05
2610 2218 0.2
2610 1479 0.01
2610 167 0.2
2610 1768 0.05
2610 1247 0.05
2610 915 0.2
2610 1134 0.05
1761 30 0.01
3428 597 0.2
3428 3428 0.01
3428 711 0.05
3428 3429 0.01
3428 898 0.2
3428 1852 0.2
3428 774 0.2
3428 214 0.2
1441 176 0.05
1441 171 0.2
4584 4584 0.01
4585 4586 0.2
2769 2769 0.2
4587 328 0.05
4587 4587 0.2
4588 286 0.05
4588 329 0.01
4588 30 0.01
4588 353 0.05
4588 29 0.2
588 588 0.01
588 1591 0.05
588 739 0.2
588 1053 0.2
588 46 0.01
588 225 0.2
588 353 0.2
588 328 0.05
588 121 0.01
588 1229 0.01
588 387 0.05
588 385 0.05
588 514 0.05
588 286 0.01
588 333 0.01
588 1914 0.2
588 45 0.01
588 1177 0.2
588 92 0.01
588 2515 0.01
588 1246 0.01
588 492 0.2
588 712 0.01
588 517 0.05
588 648 0.01
588 1650 0.2
588 2782 0.01
588 963 0.05
588 792 0.01
588 1301 0.2
588 2777 0.05
588 234 0.05
588 1560 0.05
588 890 0.01
588 1586 0.05
588 420 0.2
588 1050 0.05
588 2240 0.2
588 1047 0.2
588 1167 0.01
588 2861 0.2
588 2521 0.05
588 2232 0.05
588 2141 0.2
588 346 0.2
588 1988 0.05
588 716 0.01
588 2752 0.01
588 1420 0.01
588 598 0.01
4589 4589 0.2
4590 4590 0.2
4591 4591 0.05
4591 747 0.2
4591 377 0.2
4592 116 0.01
4593 714 0.05
4593 4593 0.01
1337 45 0.2
1337 1337 0.05
1337 119 0.01
1337 2798 0.05
1337 4196 0.2
1337 329 0.01
1337 282 0.2
1337 1123 0.01
1337 1723 0.01
1337 3770 0.01
1337 4547 0.05
1337 1560 0.05
1337 2521 0.01
1337 1231 0.01
1337 2420 0.01
1337 1171 0.2
1337 696 0.05
1337 694 0.2
1337 697 0.05
1337 3010 0.05
1337 2323 0.2
1337 855 0.01
1337 1091 0.01
1337 65 0.2
1337 640 0.05
1337 2949 0.2
1337 764 0.05
3125 3125 0.01
4594 4594 0.01
359 1230 0.05
359 22 0.01
359 282 0.05
359 764 0.05
359 869 0.01
359 1227 0.2
359 584 0.05
359 359 0.01
359 1132 0.05
4595 1247 0.05
45 2740 0.01
45 819 0.2
45 944 0.05
45 937 0.05
45 119 0.2
45 3885 0.01
45 1281 0.2
45 1337 0.2
45 577 0.05
45 3940 0.05
45 1557 0.05
45 65 0.2
45 2060 0.01
45 2798 0.01
45 1028 0.05
45 946 0.2
45 4196 0.05
45 4596 0.2
45 2834 0.2
45 335 0.01
45 329 0.01
45 1408 0.05
45 194 0.2
45 1026 0.2
45 1023 0.05
45 4597 0.05
45 3888 0.01
45 3573 0.2
45 584 0.05
45 1053 0.05
45 104 0.2
45 739 0.05
45 719 0.05
45 651 0.01
45 1346 0.01
45 4598 0.01
45 4599 0.01
45 588 0.05
45 2356 0.01
45 746 0.05
45 4600 0.05
45 1671 0.05
45 1485 0.2
45 1280 0.2
45 1247 0.2
45 1688 0.05
45 2125 0.05
45 42 0.2
45 4601 0.01
45 1154 0.01
45 120 0.05
45 802 0.2
45 1160 0.05
45 1369 0.2
45 4602 0.05
45 4603 0.2
45 63 0.01
45 4604 0.01
45 4605 0.2
45 4606 0.01
45 165 0.05
45 1898 0.01
45 1251 0.2
45 4607 0.2
45 736 0.05
45 4608 0.01
45 4609 0.01
45 536 0.05
4610 62 0.2
2226 2226 0.2
2226 506 0.01
2226 1160 0.01
2226 4534 0.05
2226 46 0.05
2226 1647 0.05
2226 438 0.01
2226 303 0.05
2226 441 0.2
2226 432 0.2
2226 2002 0.05
2226 1847 0.01
2226 844 0.01
2226 308 0.05
2226 307 0.05
2226 2700 0.2
2226 843 0.2
2226 316 0.2
2226 305 0.2
2226 577 0.01
2226 2218 0.2
2226 1817 0.2
2226 1062 0.2
2226 511 0.2
2226 304 0.2
2226 1993 0.01
2226 523 0.01
2226 719 0.05
2226 1020 0.2
2226 174 0.2
2226 434 0.05
2226 353 0.05
2226 990 0.2
2226 1794 0.2
2226 584 0.05
2226 103 0.2
2226 157 0.05
2226 613 0.05
2226 428 0.2
2226 599 0.01
2226 345 0.05
2226 2224 0.05
2226 645 0.01
2226 306 0.05
2226 1068 0.01
2226 44 0.01
2226 2551 0.05
2226 3082 0.2
2226 65 0.01
2226 492 0.01
2226 3482 0.2
2226 4611 0.05
2226 2078 0.2
2226 649 0.01
2226 4612 0.01
2005 2005 0.05
2005 3133 0.01
2005 311 0.2
3239 578 0.2
3239 618 0.2
3239 1191 0.01
3239 643 0.2
3239 428 0.01
3239 2091 0.01
3239 1554 0.01
3239 1561 0.05
3239 2208 0.01
3239 1856 0.01
3239 2215 0.01
3239 720 0.01
3239 1555 0.05
3239 619 0.05
4613 4613 0.01
58 58 0.2
58 1767 0.2
58 57 0.2
58 48 0.05
58 50 0.05
58 1769 0.01
1323 1323 0.2
1323 762 0.2
1323 328 0.2
1323 98 0.01
1323 610 0.05
4614 129 0.2
4614 2340 0.2
4615 1711 0.2
4615 813 0.01
4615 1249 0.01
4615 400 0.05
4615 45 0.2
4615 1264 0.2
4615 4616 0.01
3444 3444 0.01
3444 126 0.05
3444 1968 0.01
3444 787 0.01
3444 810 0.01
3444 346 0.2
3444 492 0.2
3444 708 0.05
3444 2227 0.05
3444 793 0.01
3444 718 0.2
3444 1293 0.2
3444 513 0.05
3444 1586 0.01
3444 324 0.01
3444 1775 0.2
3444 1382 0.2
3444 3427 0.2
3444 422 0.05
3444 2847 0.2
3444 3986 0.05
3444 780 0.2
3444 620 0.05
3444 1851 0.05
3444 717 0.01
3444 678 0.2
3444 1165 0.2
3444 673 0.2
3444 3625 0.01
3444 2463 0.05
3444 597 0.01
3444 349 0.05
3444 4173 0.2
3124 612 0.2
3124 1778 0.2
3124 1569 0.01
3124 1562 0.01
3124 2100 0.2
3124 2269 0.01
1245 1237 0.01
1245 44 0.05
1245 737 0.01
998 998 0.01
998 2971 0.2
998 3308 0.05
998 1086 0.05
998 1226 0.05
998 651 0.2
998 1227 0.01
998 869 0.2
998 1230 0.05
998 379 0.2
998 238 0.2
858 328 0.05
858 983 0.01
858 1195 0.2
4617 4617 0.2
4617 584 0.01
4617 175 0.2
4617 1086 0.05
4618 1898 0.05
205 200 0.2
205 201 0.01
205 203 0.01
205 197 0.01
205 582 0.05
205 584 0.2
205 195 0.05
205 276 0.01
205 204 0.2
205 757 0.01
205 1078 0.05
205 323 0.2
205 2570 0.05
205 1648 0.05
205 196 0.01
205 1190 0.2
205 46 0.05
205 232 0.2
205 580 0.05
205 581 0.05
205 2615 0.01
205 579 0.2
205 586 0.2
205 738 0.2
205 2329 0.05
205 2858 0.01
205 803 0.05
205 4303 0.01
205 4619 0.05
205 1464 0.05
205 246 0.05
205 70 0.01
205 1136 0.2
205 254 0.01
205 199 0.05
4620 1809 0.01
4620 4620 0.01
920 920 0.2
920 917 0.01
920 103 0.05
920 533 0.2
920 4621 0.2
920 1846 0.05
920 534 0.05
920 535 0.01
920 536 0.01
920 537 0.01
920 46 0.05
920 438 0.05
920 353 0.05
920 773 0.01
920 255 0.2
920 187 0.01
920 362 0.01
920 4622 0.05
920 4623 0.05
920 1685 0.01
920 2865 0.01
920 1427 0.05
920 2155 0.01
4624 4624 0.2
4094 4094 0.2
4094 2832 0.01
4094 2831 0.01
4094 1175 0.01
2225 1024 0.2
2225 431 0.05
2225 2225 0.2
1263 1223 0.2
1263 1264 0.2
1263 1236 0.2
1263 62 0.2
1263 610 0.01
1263 1378 0.2
1563 1563 0.01
1563 1049 0.2
1563 714 0.05
1563 1545 0.01
1563 3390 0.01
1563 1569 0.05
1563 2277 0.01
1823 1823 0.01
1823 429 0.05
1823 1191 0.2
1823 4593 0.01
1823 2205 0.05
1823 578 0.05
1823 2207 0.05
1823 2091 0.05
1823 725 0.05
1823 46 0.2
1823 643 0.2
1823 2209 0.01
1823 431 0.05
1823 4047 0.05
1823 2206 0.05
1823 442 0.01
1823 618 0.05
1823 30 0.2
1823 316 0.2
1823 2092 0.05
1823 4132 0.01
1823 89 0.01
1823 1554 0.05
1823 1065 0.01
1823 4257 0.01
1823 428 0.2
1823 157 0.05
1823 757 0.05
1965 1965 0.05
1965 1653 0.01
1965 182 0.2
1965 181 0.01
1965 1047 0.05
1965 1056 0.2
1965 2108 0.01
1965 2243 0.2
1965 2106 0.2
1965 2580 0.05
1965 2109 0.01
1965 2848 0.05
1641 282 0.2
1641 887 0.01
1641 113 0.2
1641 784 0.01
1641 215 0.2
1641 1605 0.2
1641 332 0.05
1641 637 0.01
1641 629 0.05
1641 63 0.05
1641 194 0.05
1641 292 0.01
1641 95 0.05
1641 2944 0.01
4625 322 0.2
4625 4492 0.01
4625 4083 0.2
4625 4625 0.05
4626 3168 0.2
5 46 0.01
5 30 0.05
5 647 0.05
5 440 0.2
5 431 0.2
5 5 0.01
5 353 0.2
5 429 0.2
5 2235 0.01
2657 737 0.05
2657 1246 0.05
2227 2227 0.05
2227 739 0.05
2227 4102 0.2
2227 2416 0.2
2227 522 0.05
2227 4254 0.2
2227 2251 0.05
2227 3398 0.01
2227 492 0.2
2227 4120 0.2
2227 4627 0.01
2227 4194 0.05
2227 2259 0.01
2227 3441 0.2
2227 3705 0.05
2227 682 0.05
2227 2144 0.01
2227 1823 0.01
2227 728 0.05
2227 2911 0.01
2227 1519 0.2
2227 1375 0.01
3640 3640 0.01
3640 799 0.2
3640 492 0.05
3640 1133 0.05
3640 1898 0.05
3640 126 0.01
3640 715 0.2
698 317 0.05
698 697 0.01
698 569 0.01
698 694 0.2
199 197 0.2
199 1663 0.2
199 198 0.01
199 196 0.01
199 1605 0.01
199 200 0.2
199 586 0.01
199 324 0.2
199 203 0.01
199 2329 0.2
199 1675 0.05
199 610 0.05
199 1022 0.01
199 1171 0.2
199 500 0.2
199 841 0.01
199 805 0.01
199 807 0.2
199 199 0.05
199 277 0.2
199 2405 0.2
199 187 0.05
199 1798 0.2
199 9 0.05
199 1153 0.2
199 478 0.2
199 584 0.2
199 1201 0.01
199 513 0.2
199 579 0.05
199 3776 0.2
199 919 0.2
199 1172 0.01
199 918 0.01
199 1839 0.05
199 751 0.05
199 784 0.01
199 1068 0.2
199 1126 0.2
199 577 0.05
199 92 0.01
199 764 0.05
199 316 0.05
199 1616 0.2
199 195 0.05
199 4628 0.2
199 3852 0.2
199 356 0.01
199 1495 0.01
199 2593 0.2
199 214 0.01
199 757 0.05
199 1353 0.2
199 19 0.05
199 1134 0.01
199 205 0.01
199 1671 0.01
199 2199 0.01
199 1165 0.2
199 4629 0.05
199 651 0.05
199 65 0.05
199 52 0.01
199 111 0.2
199 429 0.2
199 1650 0.01
199 94 0.05
199 830 0.05
199 1281 0.01
199 1543 0.2
199 103 0.2
199 944 0.2
4225 1524 0.2
4225 4225 0.05
4630 4630 0.01
4035 746 0.2
4035 4035 0.01
4035 858 0.01
4035 983 0.2
4035 1562 0.2
4035 375 0.01
4035 296 0.2
4528 285 0.2
4528 424 0.2
4528 22 0.01
4528 426 0.2
4528 276 0.2
4528 312 0.2
4528 578 0.2
4528 45 0.05
2343 296 0.01
4631 4631 0.01
3716 3716 0.01
3716 214 0.01
3716 891 0.2
3716 885 0.01
4632 399 0.05
4632 1716 0.05
4632 1717 0.01
4632 1809 0.01
3382 584 0.05
3382 2325 0.2
3382 4432 0.05
3382 2073 0.2
3382 327 0.05
3382 3382 0.2
4633 4633 0.01
4633 1407 0.05
4633 445 0.01
4633 1126 0.05
4633 1466 0.01
4633 757 0.01
1220 2891 0.2
1220 3102 0.01
1220 1221 0.01
1220 584 0.2
1220 444 0.2
1220 1220 0.05
1220 1201 0.01
1220 1582 0.05
4634 4634 0.05
572 572 0.2
2745 405 0.2
2745 1960 0.01
2745 736 0.01
2745 739 0.01
2745 46 0.05
2745 30 0.01
2745 2686 0.2
2745 2687 0.05
2745 3297 0.2
2745 715 0.01
2745 786 0.05
2745 207 0.05
3937 3936 0.05
3937 3937 0.05
770 112 0.2
770 305 0.05
770 46 0.05
770 425 0.05
770 118 0.2
770 1124 0.2
770 22 0.01
770 424 0.2
770 282 0.2
770 426 0.2
770 427 0.01
770 1126 0.2
770 764 0.01
770 2521 0.01
770 658 0.05
770 640 0.01
770 2949 0.05
770 1171 0.05
770 2823 0.2
770 598 0.01
770 1125 0.2
770 1723 0.2
770 806 0.05
770 801 0.2
770 1137 0.01
770 194 0.2
770 469 0.05
770 2831 0.05
770 3071 0.05
1372 1372 0.05
4003 1136 0.05
4003 126 0.01
4003 3572 0.05
4003 2076 0.01
4003 3006 0.01
4003 303 0.05
4003 352 0.2
4003 919 0.2
4003 271 0.05
4003 518 0.01
4003 328 0.05
4003 30 0.01
4003 719 0.01
4003 324 0.01
4003 4635 0.2
4003 329 0.05
4003 1315 0.01
4003 3101 0.2
4003 1898 0.2
4003 104 0.05
4003 92 0.01
4003 286 0.01
83 912 0.05
83 2135 0.05
83 1937 0.2
83 1671 0.05
83 172 0.01
83 810 0.01
83 492 0.05
83 171 0.2
83 1754 0.05
83 30 0.01
83 1020 0.05
83 915 0.01
83 350 0.05
83 174 0.01
83 933 0.01
83 2271 0.05
83 349 0.05
83 438 0.01
83 2172 0.05
83 251 0.01
83 1192 0.05
83 258 0.01
83 1486 0.01
83 712 0.2
83 2089 0.2
83 2134 0.2
83 2138 0.01
4636 4636 0.2
279 277 0.2
279 278 0.05
279 441 0.05
279 4637 0.01
279 4008 0.2
279 349 0.2
279 191 0.2
279 4098 0.01
279 4096 0.01
279 831 0.01
279 4379 0.2
279 92 0.01
279 14 0.2
279 2324 0.01
279 4097 0.01
2402 2402 0.01
2002 2002 0.2
2002 303 0.01
2002 305 0.2
2002 95 0.01
2002 1915 0.01
2002 1160 0.05
2002 306 0.01
2002 434 0.01
2002 555 0.2
2002 1086 0.05
2002 318 0.05
2002 317 0.01
2002 316 0.2
2002 1116 0.01
2002 647 0.05
2002 843 0.05
2002 353 0.2
2002 304 0.05
2002 881 0.2
2002 438 0.2
2002 1594 0.05
2002 2698 0.01
2002 432 0.01
2002 441 0.2
2002 1557 0.2
2002 2700 0.01
2002 1407 0.05
2002 308 0.01
2002 2218 0.01
2002 577 0.2
2002 44 0.2
2002 523 0.2
2002 533 0.05
2002 542 0.01
2002 1817 0.01
2002 2217 0.05
2002 844 0.05
2002 413 0.05
3172 1437 0.05
3172 1927 0.2
3172 719 0.05
3172 1167 0.05
3172 441 0.05
3172 2351 0.2
4638 4638 0.2
161 153 0.01
161 154 0.01
161 161 0.05
4639 1334 0.05
4639 514 0.2
4639 4639 0.2
4639 4640 0.2
4639 739 0.05
4639 142 0.2
4639 789 0.05
4639 656 0.05
1238 1238 0.01
1238 916 0.2
346 46 0.01
346 346 0.01
346 719 0.2
346 324 0.01
346 643 0.2
346 110 0.2
346 2317 0.01
346 1754 0.2
346 2318 0.2
346 638 0.2
346 892 0.05
346 298 0.05
346 791 0.2
346 1167 0.05
346 934 0.2
346 780 0.01
346 171 0.05
346 344 0.05
346 807 0.05
346 326 0.05
346 1497 0.05
346 947 0.01
346 804 0.01
346 712 0.2
346 2390 0.2
346 526 0.05
346 1003 0.01
346 1001 0.01
346 1798 0.05
346 454 0.2
346 3405 0.05
346 779 0.01
346 1490 0.05
346 620 0.2
346 349 0.05
346 1049 0.05
346 3112 0.01
346 718 0.01
346 830 0.05
346 4582 0.01
346 2173 0.05
346 522 0.01
346 3651 0.05
346 990 0.2
346 577 0.05
346 1656 0.01
346 678 0.05
346 2372 0.01
346 844 0.05
346 1436 0.05
346 348 0.2
346 542 0.01
346 2251 0.05
346 1293 0.05
346 2080 0.01
346 30 0.01
4641 1371 0.01
3445 990 0.05
2524 2524 0.01
2524 2033 0.05
2524 1685 0.2
2524 328 0.05
2524 760 0.01
2524 3422 0.01
2524 1330 0.05
2524 2216 0.01
2524 621 0.2
2524 2429 0.01
4642 4642 0.01
4642 577 0.05
4642 9 0.01
4642 918 0.2
4642 65 0.2
4642 329 0.2
441 1892 0.01
441 436 0.05
441 1288 0.05
441 2078 0.01
441 209 0.05
441 4643 0.05
441 1996 0.01
441 1086 0.05
441 437 0.2
441 320 0.05
441 439 0.2
441 318 0.01
441 435 0.05
441 2210 0.01
441 46 0.01
441 279 0.05
441 4637 0.05
441 348 0.01
441 648 0.01
441 4098 0.01
441 445 0.2
441 4096 0.05
441 738 0.05
441 93 0.05
441 316 0.2
441 305 0.05
441 5 0.01
441 3558 0.2
441 639 0.05
441 192 0.05
441 1770 0.2
441 2231 0.2
441 1893 0.05
441 440 0.01
441 3304 0.01
441 43 0.2
441 4644 0.05
441 1783 0.2
441 1548 0.05
441 429 0.2
441 1270 0.01
441 44 0.05
441 373 0.2
441 432 0.05
441 431 0.01
441 624 0.2
441 4078 0.2
441 859 0.01
441 2338 0.2
441 716 0.2
441 802 0.2
441 4645 0.2
4646 4646 0.2
3089 3089 0.05
3089 157 0.05
3089 597 0.2
3089 492 0.05
4647 173 0.2
4647 4648 0.05
4647 652 0.2
4649 4649 0.01
4649 273 0.05
4649 469 0.05
4649 466 0.05
4649 30 0.01
4649 46 0.2
4649 1068 0.01
4649 2226 0.01
4649 4650 0.05
4649 779 0.2
4649 610 0.2
4649 424 0.05
4649 1816 0.05
4649 364 0.2
4649 780 0.2
4649 719 0.2
4651 584 0.05
328 30 0.05
328 1616 0.2
328 1072 0.01
328 645 0.05
328 947 0.2
328 719 0.05
328 466 0.01
328 1073 0.01
328 468 0.01
328 324 0.2
328 1075 0.2
328 1074 0.05
328 2875 0.05
328 1434 0.2
328 1020 0.01
328 1117 0.2
328 174 0.05
328 2101 0.01
328 511 0.01
328 934 0.2
328 1313 0.01
328 2877 0.2
328 1002 0.01
328 326 0.01
328 577 0.01
328 1082 0.2
328 1633 0.05
328 323 0.05
328 1401 0.05
328 2103 0.01
328 352 0.01
328 2616 0.01
328 797 0.01
328 1789 0.2
328 1436 0.2
328 215 0.2
328 349 0.2
328 350 0.05
328 668 0.01
328 1079 0.2
328 144 0.01
328 2291 0.01
328 1427 0.2
328 202 0.05
328 1426 0.05
328 3017 0.05
328 858 0.01
328 1123 0.01
328 1727 0.2
328 1863 0.01
328 667 0.05
328 112 0.01
328 1915 0.01
328 3099 0.05
328 1791 0.05
328 501 0.05
328 1323 0.2
328 2561 0.2
328 1993 0.2
328 587 0.01
328 1176 0.05
328 914 0.01
328 804 0.05
328 1012 0.05
328 1450 0.01
328 4652 0.2
328 1175 0.2
328 4653 0.01
328 2577 0.01
328 67 0.2
328 194 0.2
328 2753 0.05
328 4294 0.2
328 2970 0.01
328 4654 0.01
328 716 0.01
328 4655 0.01
4656 4656 0.2
4656 4657 0.01
4062 4062 0.01
4062 1389 0.2
4658 4658 0.01
1406 3085 0.05
1406 4026 0.2
4659 4030 0.01
4659 4659 0.01
4659 3565 0.05
1793 4168 0.2
1793 1794 0.01
1793 656 0.01
1793 584 0.01
1793 1793 0.2
1793 1795 0.05
3706 1156 0.05
3706 292 0.01
3706 911 0.01
3706 1158 0.05
3706 962 0.05
3706 2100 0.2
3706 764 0.01
3706 328 0.2
4660 4660 0.2
4660 4010 0.2
4660 2334 0.01
4661 4661 0.2
239 239 0.01
239 890 0.2
239 126 0.05
239 329 0.05
239 175 0.05
4662 4662 0.01
2275 2275 0.05
2275 2034 0.05
2275 2824 0.2
2275 4218 0.05
2275 4663 0.01
4664 1451 0.05
4664 4665 0.01
4664 4664 0.05
4664 175 0.05
4666 546 0.05
4667 4667 0.2
4668 4668 0.2
3128 3127 0.2
3128 1579 0.2
3128 296 0.01
3128 612 0.01
3128 3742 0.2
3128 2269 0.01
3128 863 0.01
3128 1569 0.01
1451 737 0.01
1451 647 0.2
1451 1343 0.05
1451 1451 0.05
1451 1598 0.01
1451 743 0.01
1451 1592 0.2
1451 53 0.01
1451 430 0.01
1451 3337 0.05
1451 739 0.2
1451 506 0.2
1451 46 0.01
1451 329 0.01
1451 30 0.05
1451 303 0.05
1451 1238 0.05
1451 1024 0.05
1451 576 0.01
1451 649 0.01
1451 286 0.01
1451 305 0.05
1451 643 0.2
1451 1847 0.2
1451 1195 0.2
1451 1992 0.01
1451 1449 0.05
1451 172 0.05
1451 171 0.05
1451 747 0.2
1451 2506 0.05
1451 3153 0.01
1451 65 0.05
1451 3099 0.01
1451 1699 0.01
1451 2032 0.2
1451 175 0.05
1451 62 0.01
1451 4664 0.01
1451 1655 0.05
1451 2031 0.01
1451 3389 0.05
1451 1448 0.2
1451 904 0.05
4669 1373 0.01
4669 1662 0.2
4669 4670 0.2
4669 1142 0.05
4669 3559 0.01
442 429 0.2
442 725 0.05
442 431 0.01
442 4107 0.2
442 46 0.01
442 44 0.2
442 428 0.05
442 444 0.2
442 1191 0.05
442 1823 0.2
442 3239 0.01
442 2208 0.01
442 2090 0.05
442 2207 0.05
442 618 0.01
442 578 0.2
442 2091 0.2
442 720 0.05
442 643 0.05
442 1554 0.05
442 4671 0.2
442 4514 0.01
442 1561 0.05
442 2217 0.05
442 2206 0.05
442 1856 0.01
442 1270 0.05
442 1065 0.2
442 2002 0.01
442 126 0.05
442 438 0.01
442 4406 0.01
442 1816 0.01
442 646 0.01
442 1555 0.2
442 1163 0.05
442 2222 0.01
442 619 0.2
270 268 0.2
4672 4672 0.05
4672 353 0.2
4672 186 0.05
2558 2558 0.05
4673 1818 0.05
4673 735 0.2
4673 303 0.01
4673 2944 0.05
4673 1416 0.2
4673 390 0.05
4673 760 0.05
4673 1619 0.05
4673 1171 0.2
4673 46 0.05
4673 3470 0.2
4673 2707 0.2
4673 4674 0.01
4673 2993 0.01
4673 3082 0.2
4673 2798 0.01
4673 1924 0.2
4673 2562 0.2
4675 4675 0.2
4616 736 0.2
4616 4615 0.05
4676 4676 0.2
4677 4677 0.2
4678 2685 0.2
4678 548 0.2
4678 805 0.05
4678 786 0.2
280 46 0.01
280 280 0.05
280 30 0.2
280 277 0.2
280 764 0.2
280 440 0.05
280 501 0.01
280 598 0.2
280 2760 0.2
1831 1831 0.2
1831 2034 0.05
1831 1068 0.05
1831 429 0.01
1831 48 0.05
1831 643 0.2
1831 126 0.2
1831 4679 0.2
1831 717 0.01
1831 1126 0.01
1831 1171 0.05
1831 22 0.05
1831 426 0.05
1831 2845 0.01
1831 2861 0.01
1831 1124 0.01
1831 1247 0.2
1831 2939 0.01
1831 335 0.2
1831 1586 0.05
1831 646 0.05
1831 175 0.01
1831 323 0.01
1831 3108 0.01
1831 1830 0.01
1831 4260 0.2
1831 525 0.2
1831 328 0.2
1831 532 0.2
1831 45 0.2
1831 1394 0.2
1831 1832 0.01
1831 3555 0.2
1831 904 0.01
1831 62 0.05
1831 2706 0.2
1831 1242 0.05
1831 4680 0.2
4679 4679 0.05
4679 3414 0.01
4679 2169 0.05
4679 168 0.01
4679 1630 0.01
4679 4281 0.2
4679 3463 0.01
4679 420 0.01
4679 4681 0.2
4679 3481 0.05
4679 1832 0.05
4679 1831 0.2
4679 126 0.2
2001 2001 0.01
2001 492 0.01
4682 46 0.01
4682 1940 0.2
4682 4682 0.2
4683 4683 0.2
4683 4684 0.05
4685 4685 0.05
4685 92 0.05
4685 326 0.01
3913 1898 0.2
982 4686 0.01
982 2272 0.05
982 34 0.05
982 934 0.2
982 492 0.05
982 46 0.2
982 286 0.2
982 126 0.2
982 1451 0.05
982 4099 0.01
1974 714 0.2
1974 126 0.2
1974 872 0.2
1974 286 0.01
1974 3742 0.01
1974 862 0.01
1974 863 0.05
1974 418 0.2
1974 708 0.2
4687 4687 0.2
1928 1928 0.2
1928 298 0.05
1928 30 0.01
1928 438 0.05
1928 1020 0.2
1928 638 0.2
1928 2614 0.05
1928 1658 0.01
1928 1436 0.05
1928 990 0.2
1928 1842 0.01
1928 735 0.05
1928 2272 0.2
1928 951 0.01
1928 34 0.2
1928 329 0.01
1928 286 0.2
517 438 0.2
517 2615 0.05
517 563 0.2
517 577 0.2
517 323 0.05
517 438 0.05
517 791 0.05
517 807 0.05
517 712 0.2
517 933 0.2
517 1166 0.2
517 286 0.2
517 829 0.05
517 2503 0.05
517 582 0.01
517 528 0.2
517 175 0.05
517 2828 0.2
517 759 0.05
517 328 0.2
517 1306 0.05
517 1400 0.2
517 2247 0.05
517 429 0.2
517 1517 0.05
517 934 0.01
517 46 0.2
517 346 0.2
517 719 0.01
517 34 0.01
517 795 0.2
517 2535 0.05
517 597 0.01
517 1132 0.01
517 165 0.05
517 720 0.01
517 1167 0.01
517 1000 0.2
517 588 0.01
517 492 0.2
517 171 0.01
517 260 0.05
517 324 0.01
517 242 0.05
517 30 0.05
517 1469 0.01
517 1798 0.01
672 672 0.01
672 673 0.05
672 1492 0.05
672 1490 0.05
672 1493 0.05
672 1502 0.2
672 1108 0.05
672 2902 0.2
672 30 0.2
672 1568 0.05
672 675 0.05
677 323 0.05
677 797 0.05
677 324 0.2
677 30 0.2
677 829 0.05
677 677 0.05
677 327 0.05
677 40 0.05
677 1918 0.05
677 326 0.05
677 1073 0.01
677 1480 0.01
677 2405 0.05
677 638 0.05
677 46 0.05
677 306 0.05
677 3099 0.01
677 430 0.01
677 1072 0.01
677 4364 0.05
677 4688 0.2
677 1920 0.05
677 2333 0.05
677 3649 0.2
677 443 0.05
677 1167 0.2
677 316 0.01
677 1485 0.05
677 1815 0.2
677 102 0.01
677 106 0.05
677 2600 0.01
677 175 0.05
677 1602 0.05
677 1033 0.05
677 1090 0.05
677 961 0.05
677 3189 0.01
677 126 0.01
677 101 0.01
677 527 0.05
677 4689 0.05
677 346 0.05
677 104 0.01
677 757 0.2
677 39 0.2
677 1190 0.2
677 1498 0.05
677 4690 0.05
677 4691 0.01
677 4125 0.01
677 311 0.01
677 2878 0.01
677 4692 0.2
677 3380 0.05
677 982 0.2
677 2273 0.05
677 3119 0.01
677 2636 0.2
2139 2134 0.01
2139 912 0.05
2139 1605 0.05
2139 2140 0.01
1495 719 0.2
1495 30 0.01
1495 1616 0.05
1495 937 0.01
1495 13 0.01
1495 1133 0.05
1495 645 0.01
1495 324 0.01
1495 577 0.2
1495 328 0.05
1495 1085 0.05
1495 126 0.01
1495 172 0.01
1495 2883 0.2
1495 1752 0.2
1495 1754 0.05
1495 1844 0.01
1495 438 0.01
1495 1353 0.01
1495 949 0.2
1495 950 0.05
1495 1490 0.2
1495 774 0.01
1495 807 0.2
1495 4400 0.2
1495 545 0.2
1495 349 0.2
1495 1851 0.01
1495 712 0.01
1495 2434 0.2
1495 610 0.05
1495 653 0.2
4693 4693 0.01
2613 886 0.01
2613 887 0.05
2613 1111 0.2
2307 2307 0.2
2307 351 0.01
2307 2942 0.2
2307 887 0.05
2307 350 0.2
2307 4121 0.01
2307 710 0.2
2307 4146 0.05
2307 1435 0.2
2307 2076 0.05
2307 3669 0.2
2307 3006 0.05
2307 3572 0.01
2307 4694 0.05
2307 1037 0.05
2307 3750 0.01
2307 1547 0.2
2307 2765 0.05
2307 234 0.01
2307 904 0.01
2307 3386 0.05
2307 1112 0.05
2307 3718 0.2
2307 518 0.05
2307 263 0.2
2307 2306 0.01
2307 364 0.05
2307 1179 0.05
2307 2694 0.01
2307 1551 0.05
2307 4695 0.01
226 226 0.05
764 1123 0.05
764 22 0.2
764 1125 0.05
764 282 0.05
764 1122 0.2
764 119 0.01
764 2944 0.2
764 1157 0.05
764 2319 0.05
764 747 0.2
764 1344 0.2
764 1176 0.01
764 697 0.2
764 3586 0.05
764 647 0.2
764 30 0.01
764 770 0.05
764 1230 0.2
764 424 0.2
764 1543 0.2
764 748 0.01
764 137 0.01
764 1430 0.2
764 2521 0.05
764 640 0.01
764 2949 0.01
764 1171 0.2
764 2420 0.2
764 273 0.05
764 1126 0.05
764 869 0.01
764 2823 0.2
764 1723 0.01
764 1231 0.01
764 696 0.01
764 1211 0.05
764 598 0.2
764 1068 0.2
764 65 0.01
764 562 0.05
764 1136 0.2
764 297 0.05
764 377 0.2
764 1222 0.01
764 3807 0.05
764 1134 0.01
764 1218 0.05
764 177 0.01
764 4696 0.01
764 2997 0.01
764 694 0.01
764 1337 0.2
764 588 0.2
764 1091 0.05
764 3010 0.2
764 3770 0.05
764 695 0.05
764 1560 0.05
764 4697 0.2
764 1203 0.05
764 2861 0.05
764 4547 0.05
4698 4698 0.2
430 430 0.05
430 385 0.01
430 105 0.2
430 429 0.05
430 276 0.01
430 2214 0.2
430 1318 0.05
4699 4699 0.2
4699 3292 0.05
4699 3293 0.2
4699 4101 0.2
4699 429 0.2
4699 643 0.01
4699 2781 0.01
4699 1974 0.01
4699 863 0.2
4699 126 0.2
4699 872 0.2
1384 1384 0.01
1384 346 0.2
1384 438 0.05
1384 712 0.2
1384 492 0.2
1384 545 0.05
1384 4002 0.2
1384 349 0.2
1384 522 0.05
1384 719 0.01
1384 717 0.2
1384 804 0.05
1384 30 0.01
1384 791 0.01
1384 126 0.2
1384 780 0.01
1384 46 0.01
1384 328 0.05
1384 1182 0.01
1384 525 0.2
1384 776 0.2
1384 990 0.05
1384 1975 0.2
1384 617 0.2
1384 588 0.05
1384 469 0.2
1384 625 0.2
1384 175 0.05
1384 701 0.01
1384 1856 0.05
1384 4583 0.05
1384 1662 0.05
1384 577 0.05
1384 1418 0.2
1384 620 0.01
1384 830 0.01
1384 511 0.05
1384 774 0.01
1384 807 0.2
1384 892 0.01
1384 468 0.05
1384 715 0.05
1384 23 0.01
1384 2084 0.2
1384 1395 0.01
1384 1852 0.2
1384 799 0.2
1384 2254 0.2
1384 1968 0.01
1384 624 0.05
1384 2252 0.01
1384 937 0.2
1384 1851 0.01
1384 1495 0.05
1384 1869 0.2
1384 793 0.2
1384 2227 0.01
1384 422 0.05
1384 2372 0.01
1384 2136 0.05
1384 777 0.05
1384 2792 0.05
1384 727 0.2
1987 66 0.05
1987 1988 0.05
1987 349 0.2
1987 68 0.2
1987 65 0.2
4700 4700 0.01
1467 1467 0.05
1467 577 0.01
4701 918 0.01
4701 45 0.01
4701 629 0.05
4701 328 0.2
4701 157 0.01
4702 4702 0.01
4703 157 0.2
4703 1711 0.05
4703 799 0.01
4703 1964 0.05
4703 93 0.2
4703 4206 0.2
4703 3647 0.2
4703 89 0.01
4703 1963 0.01
4703 625 0.01
4703 1182 0.01
4703 2934 0.05
4703 4704 0.2
4703 328 0.2
4703 1833 0.01
1339 1339 0.01
1339 887 0.2
1339 784 0.05
1339 113 0.05
1339 1088 0.05
1339 3602 0.2
1339 1338 0.2
1339 1340 0.2
1339 119 0.2
1339 3753 0.05
1339 2527 0.01
1339 234 0.2
1339 3256 0.2
1339 2031 0.05
1339 1111 0.05
1339 886 0.05
1339 108 0.2
1339 2951 0.05
1339 197 0.2
1339 1112 0.05
1339 3475 0.01
1339 2572 0.2
1339 1353 0.05
1339 751 0.05
1339 2201 0.05
1339 1126 0.05
4705 4705 0.05
4706 4706 0.01
4707 4707 0.2
844 1243 0.2
844 304 0.01
844 316 0.2
844 842 0.2
844 1162 0.2
844 1673 0.2
1168 1168 0.01
4708 4708 0.05
4709 4709 0.2
4710 4710 0.01
4711 719 0.05
1991 1991 0.2
1991 1278 0.01
1991 2918 0.05
1991 1565 0.2
1991 2446 0.01
1991 1990 0.05
1991 642 0.05
1991 644 0.2
1991 787 0.01
1991 2445 0.2
1991 6 0.2
1991 329 0.05
1991 22 0.05
1991 2562 0.2
1991 144 0.2
1991 2452 0.2
1991 3348 0.2
1991 2934 0.05
1991 773 0.01
1991 1463 0.05
1991 4712 0.2
1991 1545 0.01
2165 632 0.2
2165 126 0.05
2165 431 0.2
2165 157 0.2
2165 1740 0.05
2165 46 0.05
2165 1024 0.01
2165 329 0.2
2165 1910 0.01
2165 440 0.01
2165 428 0.01
2165 445 0.2
2165 44 0.05
2165 717 0.05
2165 215 0.01
2165 639 0.01
2165 1906 0.01
2165 2232 0.2
2165 2240 0.05
2165 4713 0.2
2165 587 0.01
2165 1237 0.01
2165 80 0.01
2165 4714 0.2
2165 577 0.2
4715 46 0.2
4715 2944 0.01
4715 1037 0.2
4715 332 0.05
4715 637 0.2
4715 333 0.01
4715 331 0.2
4715 2769 0.2
4715 286 0.01
4715 126 0.01
4715 1596 0.2
4715 1428 0.2
4715 4716 0.2
4715 647 0.2
4715 51 0.2
4715 335 0.05
4715 1583 0.2
4715 1247 0.01
4715 826 0.2
4715 137 0.01
4715 3592 0.01
4715 49 0.2
4715 852 0.05
4715 95 0.01
4715 1641 0.05
4715 2201 0.05
4715 4715 0.2
558 558 0.2
558 858 0.01
558 351 0.01
558 2103 0.01
558 88 0.05
4717 4009 0.2
4717 2303 0.01
4717 34 0.01
4717 591 0.05
4717 4717 0.01
4717 362 0.2
1870 653 0.2
1870 1871 0.01
1870 1870 0.05
1870 2260 0.2
1870 1869 0.2
1870 719 0.01
1870 1020 0.01
1870 303 0.05
1870 126 0.2
1870 30 0.2
1870 492 0.2
1870 46 0.05
1870 1868 0.2
1870 1742 0.05
1870 363 0.2
1870 721 0.05
521 2332 0.01
4718 142 0.01
1602 1602 0.2
1602 106 0.05
1602 1605 0.01
1602 1516 0.05
1602 677 0.05
1602 1601 0.05
1602 1604 0.05
1602 1798 0.2
1602 514 0.2
1602 1484 0.05
1602 584 0.2
1602 3141 0.2
1602 2020 0.01
1602 3119 0.01
4719 4719 0.05
3990 30 0.05
3990 129 0.2
3990 2298 0.05
3990 1609 0.01
3990 1357 0.05
1183 1183 0.05
1183 517 0.01
1183 416 0.2
1183 3651 0.01
1183 3477 0.01
1183 3597 0.2
1183 335 0.01
1183 1282 0.01
1183 614 0.05
1183 1629 0.05
1183 1174 0.05
1183 1178 0.2
1183 1711 0.01
1183 1704 0.2
1183 2879 0.05
1183 1135 0.05
1183 189 0.2
1183 1093 0.01
1183 109 0.05
1183 4366 0.01
1183 1374 0.2
1183 3635 0.01
1183 1515 0.2
1183 2254 0.05
1183 1764 0.2
1183 108 0.2
1183 2694 0.2
1183 4365 0.2
1183 1874 0.01
1918 1918 0.2
1918 797 0.05
1918 829 0.2
1918 30 0.05
1918 642 0.05
1918 2307 0.01
1918 112 0.05
1918 677 0.05
1918 481 0.2
1918 2878 0.2
4720 1569 0.01
4720 4721 0.01
4720 4513 0.01
4722 4722 0.05
4723 186 0.01
4723 715 0.05
4723 653 0.05
4723 4468 0.01
4723 126 0.2
4723 2125 0.2
4723 346 0.01
4723 2919 0.01
4723 344 0.01
4723 1436 0.2
4723 727 0.05
4723 46 0.01
4723 4183 0.01
4723 830 0.05
4723 709 0.2
587 587 0.05
587 1167 0.01
587 113 0.05
587 658 0.2
587 1400 0.05
587 4008 0.2
587 1815 0.2
587 328 0.01
587 3602 0.2
587 4071 0.01
587 1633 0.2
587 3564 0.2
587 91 0.05
587 836 0.05
587 810 0.2
587 2600 0.05
587 944 0.2
587 2571 0.01
587 1046 0.01
587 2876 0.01
587 2184 0.2
587 4724 0.05
587 594 0.2
587 1929 0.05
587 298 0.05
587 3442 0.05
587 200 0.2
587 232 0.05
587 1185 0.05
587 1702 0.05
587 579 0.05
587 362 0.2
587 528 0.05
587 1151 0.01
587 1488 0.01
587 2748 0.05
587 736 0.2
587 1717 0.05
587 1315 0.05
587 923 0.01
587 2705 0.01
587 603 0.05
587 357 0.01
587 1816 0.01
587 1957 0.2
587 102 0.05
587 2141 0.05
587 1064 0.01
587 4517 0.05
587 972 0.2
587 23 0.2
587 2777 0.01
587 62 0.01
587 4713 0.05
587 2165 0.2
587 1902 0.05
587 1898 0.05
587 92 0.05
587 124 0.2
587 364 0.01
587 20 0.2
587 1624 0.2
587 715 0.2
4360 1085 0.01
4360 4360 0.2
193 624 0.05
193 193 0.01
193 274 0.01
193 577 0.2
193 194 0.05
193 1352 0.2
193 2246 0.2
193 627 0.01
193 918 0.2
193 1768 0.01
193 655 0.01
193 3827 0.2
4725 4725 0.01
2819 2324 0.05
2819 1339 0.2
2819 46 0.05
2819 126 0.2
2819 1495 0.2
2819 1290 0.05
2819 642 0.2
2819 3475 0.01
2819 329 0.01
2819 2686 0.01
2819 4726 0.01
4727 1133 0.05
4727 1290 0.01
4727 2078 0.05
4727 175 0.2
4727 1195 0.05
4727 1609 0.01
4727 861 0.2
4727 2171 0.05
4727 296 0.2
4727 3102 0.2
4727 595 0.05
4727 295 0.2
4727 258 0.01
4727 1122 0.2
4727 1996 0.05
4727 2420 0.05
3928 297 0.01
3928 3928 0.05
4728 718 0.01
4728 1311 0.05
4728 1183 0.05
4728 211 0.05
4728 4729 0.05
4728 937 0.2
4728 881 0.05
4728 424 0.05
3448 3448 0.01
4033 4033 0.2
4033 1495 0.01
4730 4730 0.05
4731 4731 0.2
741 1053 0.2
741 833 0.2
741 648 0.05
741 584 0.2
741 834 0.05
741 1635 0.2
741 4643 0.01
741 1176 0.2
741 746 0.05
741 1692 0.05
741 2538 0.2
741 3185 0.2
741 353 0.01
741 1454 0.05
741 2599 0.01
741 2184 0.05
741 1062 0.01
1003 346 0.05
1003 191 0.01
1003 438 0.01
1003 1003 0.01
1003 1001 0.01
4732 4732 0.2
4733 4733 0.2
1554 1191 0.01
1554 429 0.05
1554 3239 0.2
1554 618 0.2
1554 643 0.01
1554 1561 0.2
1554 578 0.05
1554 442 0.01
1554 428 0.01
1554 2207 0.05
1554 2091 0.05
1554 1823 0.2
1554 431 0.05
1554 2092 0.05
1554 2090 0.2
1554 720 0.01
1554 1065 0.2
1554 1555 0.2
1554 2228 0.05
4734 126 0.2
4735 4735 0.01
2872 751 0.2
2872 994 0.05
2872 1086 0.05
2872 584 0.05
4736 107 0.01
4736 2457 0.2
4736 1312 0.01
4736 2108 0.2
4736 40 0.2
4736 240 0.01
4736 111 0.2
4736 112 0.05
4736 1578 0.05
4736 113 0.2
4736 1019 0.2
4736 3645 0.01
4736 106 0.01
4736 805 0.01
4736 241 0.01
4736 1123 0.05
4736 863 0.2
4736 1167 0.05
4736 4580 0.2
4736 345 0.01
4736 850 0.2
4736 89 0.2
4736 88 0.2
4736 556 0.2
4736 1216 0.05
4736 1079 0.2
4736 461 0.01
4736 1026 0.01
4736 1311 0.2
4736 2852 0.01
4736 481 0.05
4736 9 0.05
174 466 0.05
174 1400 0.05
174 1020 0.01
174 30 0.2
174 1075 0.2
174 511 0.05
174 934 0.05
174 1313 0.05
174 324 0.05
174 1002 0.01
174 1356 0.01
174 623 0.01
174 1087 0.05
174 174 0.2
174 577 0.05
174 326 0.01
174 1433 0.05
174 1401 0.01
174 323 0.01
174 345 0.01
174 797 0.01
174 350 0.01
174 305 0.2
174 46 0.2
174 882 0.01
174 1476 0.05
174 351 0.2
174 4737 0.2
174 1403 0.2
174 1404 0.01
174 304 0.01
174 467 0.01
174 1072 0.2
174 2555 0.05
174 329 0.05
174 172 0.2
174 349 0.01
174 2554 0.05
174 525 0.05
174 438 0.05
174 348 0.2
174 712 0.2
174 248 0.01
174 4116 0.01
174 1589 0.05
174 171 0.05
174 1001 0.2
174 990 0.01
174 545 0.05
174 1117 0.01
174 2255 0.2
174 810 0.05
174 1588 0.05
174 4738 0.05
174 492 0.01
174 813 0.05
174 2226 0.05
174 12 0.01
174 807 0.2
174 2437 0.01
174 1418 0.01
174 344 0.01
174 495 0.05
174 892 0.01
174 1049 0.05
174 982 0.05
174 1076 0.05
174 3482 0.05
174 1293 0.05
174 192 0.05
174 717 0.01
174 4612 0.05
167 167 0.01
167 166 0.01
167 165 0.2
167 2291 0.05
167 1200 0.01
167 49 0.05
167 1862 0.01
167 1078 0.05
167 1863 0.01
167 1677 0.01
167 1450 0.2
124 124 0.2
124 708 0.05
124 1620 0.2
124 926 0.2
124 328 0.05
124 122 0.2
124 2084 0.2
124 399 0.05
124 282 0.05
124 694 0.2
124 1560 0.01
124 3915 0.2
124 2939 0.01
124 610 0.05
124 932 0.2
124 1665 0.05
124 1978 0.05
124 1368 0.05
124 2970 0.01
124 1251 0.05
124 819 0.2
2789 2789 0.01
2789 148 0.01
2789 48 0.01
2789 3890 0.2
2789 503 0.05
2789 4135 0.01
2789 597 0.01
2789 751 0.2
2789 1313 0.05
2789 888 0.05
2789 3203 0.01
2789 4739 0.2
2789 3088 0.2
2789 172 0.01
2789 209 0.05
2789 19 0.05
2789 764 0.2
2789 1223 0.05
2789 1175 0.2
2789 1388 0.05
2789 323 0.05
2789 4740 0.01
2789 4741 0.01
2789 555 0.2
2789 1154 0.2
2789 46 0.01
2789 282 0.2
2789 112 0.01
2789 4029 0.05
2789 4742 0.05
2789 339 0.01
2789 760 0.01
2789 492 0.01
2789 165 0.05
2789 67 0.05
2789 1126 0.05
2789 1779 0.05
2789 820 0.2
2789 642 0.2
2789 613 0.2
2789 708 0.01
2789 2774 0.05
2789 1974 0.2
2789 1142 0.05
2789 2537 0.05
2789 1971 0.2
2789 629 0.01
2789 776 0.01
2789 679 0.05
2789 2938 0.01
2789 167 0.01
2789 3908 0.05
2789 3949 0.2
2789 4597 0.2
2789 1394 0.05
2789 2468 0.2
2789 1277 0.2
2789 4743 0.05
2789 610 0.2
2789 1373 0.05
2789 904 0.01
2789 4208 0.01
2789 1381 0.01
2789 1649 0.2
2789 1398 0.01
2789 3894 0.05
2789 1384 0.01
2789 891 0.2
2789 4368 0.05
2789 774 0.05
2789 405 0.01
2789 1538 0.05
2789 4744 0.05
2789 4745 0.2
2789 3774 0.05
2789 905 0.05
2789 694 0.01
2789 124 0.2
2789 4746 0.01
2789 3559 0.01
2789 701 0.2
2789 4747 0.2
2789 4748 0.05
2789 781 0.2
2789 944 0.01
2789 4749 0.01
2789 3259 0.01
2789 723 0.2
2789 2664 0.2
2789 449 0.2
2789 983 0.05
4750 4750 0.01
1135 1135 0.01
1135 4751 0.05
1135 3781 0.01
1135 1273 0.2
1135 1272 0.01
4752 11 0.05
4753 22 0.01
4753 40 0.01
4754 4754 0.05
4755 30 0.01
3398 3398 0.05
3398 597 0.05
3398 3292 0.2
3398 322 0.05
3398 1064 0.01
3398 157 0.2
3398 4101 0.01
3398 722 0.01
3398 682 0.05
3398 324 0.2
3915 3915 0.01
3915 610 0.2
4756 4756 0.05
4757 4757 0.01
4758 46 0.01
4758 4758 0.2
4758 805 0.2
4758 577 0.05
4758 714 0.2
4758 787 0.2
4758 674 0.05
4759 4759 0.05
3660 3660 0.05
3660 764 0.01
3660 286 0.05
3660 357 0.05
3660 46 0.01
3660 121 0.05
3660 175 0.2
3660 760 0.2
3660 101 0.2
3660 324 0.01
3660 30 0.01
4760 4760 0.05
4761 4761 0.2
2752 2752 0.2
2752 588 0.01
2752 2141 0.01
2752 1519 0.2
2752 786 0.01
3070 3070 0.05
3070 2622 0.05
3070 3067 0.01
3070 112 0.2
3070 3069 0.2
3070 425 0.01
3070 424 0.01
4762 4762 0.05
788 1020 0.01
788 364 0.01
788 788 0.01
788 175 0.01
788 94 0.01
788 126 0.01
788 1126 0.2
788 329 0.05
788 610 0.05
788 791 0.2
788 3319 0.2
788 1238 0.05
788 1378 0.2
788 860 0.01
788 1223 0.2
788 323 0.05
788 1774 0.01
788 4763 0.01
788 1988 0.05
788 781 0.2
2578 2578 0.01
2578 157 0.01
2578 214 0.05
2578 1584 0.01
2578 1966 0.01
2578 4764 0.05
2578 404 0.05
2578 4765 0.05
2578 415 0.01
2578 4470 0.01
2578 4766 0.05
2578 3532 0.01
2578 2113 0.05
2578 4510 0.05
2578 183 0.2
2578 4767 0.2
2578 2112 0.2
2578 3288 0.01
2578 1772 0.01
2578 4768 0.01
2578 4769 0.05
2578 4202 0.05
2578 1887 0.01
2578 4770 0.01
2578 1058 0.2
2578 4276 0.2
2578 2106 0.01
2578 4771 0.01
2578 409 0.01
2578 1769 0.01
2578 2448 0.05
2578 4336 0.01
2578 100 0.01
2578 2168 0.05
2578 4772 0.01
2578 4773 0.2
2578 4774 0.01
2578 3778 0.01
2578 492 0.2
2578 1238 0.01
2578 2934 0.01
2578 516 0.05
2578 1961 0.05
2578 4029 0.01
2578 525 0.2
2578 1068 0.01
2578 984 0.01
2578 1393 0.2
2578 4342 0.2
2578 813 0.2
2578 922 0.01
2578 2141 0.01
2578 1575 0.01
2578 42 0.01
2578 107 0.05
2578 233 0.2
2578 1091 0.05
2578 1747 0.01
2578 1182 0.01
2578 1339 0.2
2578 3742 0.01
2578 2282 0.01
2578 1142 0.01
2578 1630 0.2
4775 46 0.01
4775 30 0.05
4775 4775 0.01
4775 3150 0.2
4775 594 0.05
4775 1244 0.01
4775 1237 0.01
4775 1111 0.01
4506 4506 0.01
4506 625 0.2
4506 53 0.2
4776 3538 0.05
4776 1852 0.05
4777 4777 0.05
4778 4778 0.2
4091 1074 0.05
4091 719 0.05
4091 30 0.01
4091 306 0.01
4091 324 0.05
4779 4779 0.01
4779 3002 0.2
4779 1634 0.05
4779 2635 0.05
4779 1548 0.05
4779 1394 0.2
4779 408 0.05
4780 4780 0.05
1021 2101 0.01
1021 1434 0.01
1021 323 0.05
1021 1401 0.2
1021 2401 0.2
1021 324 0.05
1021 306 0.05
1021 328 0.01
1021 2103 0.05
1021 325 0.01
1021 326 0.2
1021 349 0.01
1021 791 0.2
1021 1078 0.2
1021 4656 0.05
1021 2971 0.01
1021 788 0.05
1021 1932 0.05
1021 109 0.2
1021 467 0.2
1021 2071 0.05
1021 2660 0.2
1021 1648 0.01
1021 1134 0.05
1021 638 0.2
1021 1637 0.2
1021 1100 0.2
1021 1753 0.2
1021 1028 0.2
1021 2070 0.05
1021 1085 0.01
1021 172 0.2
1021 4781 0.05
1021 1052 0.01
1021 2248 0.05
1021 1117 0.05
1021 714 0.01
1021 701 0.05
1021 344 0.2
1021 595 0.01
1021 4215 0.05
1021 1016 0.05
1021 2094 0.05
1021 1930 0.05
1021 342 0.2
1021 1303 0.01
1021 573 0.05
1021 4782 0.05
1021 1226 0.05
1021 2653 0.01
1021 928 0.05
1021 3476 0.01
1021 3117 0.2
1021 1938 0.2
1021 4783 0.01
1021 597 0.2
1021 60 0.05
1021 910 0.05
1021 1711 0.05
1021 475 0.01
1021 251 0.05
1021 3384 0.05
1021 4670 0.05
1021 916 0.01
1021 911 0.01
1021 888 0.05
1021 562 0.2
1021 1723 0.2
1021 649 0.05
1021 764 0.01
1021 2608 0.05
1021 1517 0.05
1021 346 0.05
1021 2851 0.05
1021 919 0.05
1021 711 0.2
4784 4785 0.05
4786 4786 0.2
2614 2614 0.01
2614 1658 0.05
2614 34 0.01
2614 915 0.2
2614 1616 0.2
2614 735 0.2
2614 30 0.2
2614 1993 0.2
2614 719 0.05
2614 328 0.01
2614 1436 0.2
2614 797 0.2
2614 172 0.2
2614 171 0.05
2614 1752 0.2
2614 791 0.01
2614 46 0.01
2614 1495 0.05
2614 1847 0.01
2614 1917 0.2
2614 990 0.05
2614 935 0.05
2614 304 0.2
2614 438 0.01
2614 934 0.05
2614 87 0.01
2614 1100 0.05
2614 306 0.05
2614 232 0.01
2614 1022 0.01
2614 351 0.2
2614 298 0.05
2614 323 0.2
2614 174 0.2
2614 1928 0.05
2614 2272 0.01
2614 2261 0.2
2614 1844 0.2
2614 913 0.2
2614 2647 0.01
2614 933 0.05
2614 810 0.05
2614 577 0.01
2614 841 0.2
2614 918 0.05
2614 4787 0.05
2614 2883 0.2
2614 1353 0.05
2614 2974 0.2
2614 780 0.2
2614 2173 0.05
2614 2255 0.01
2614 1049 0.2
2614 3478 0.2
4349 4349 0.01
4788 4788 0.05
4789 3040 0.01
4790 4790 0.05
4791 4791 0.2
3325 3325 0.2
4792 4793 0.01
4794 4794 0.05
4795 4795 0.2
4795 1512 0.05
4795 556 0.2
4795 773 0.2
4795 469 0.01
4796 4796 0.2
4796 370 0.2
4796 463 0.2
4694 352 0.2
4694 303 0.01
4694 351 0.05
4694 46 0.01
4694 286 0.05
4694 2307 0.01
1423 1423 0.2
1423 1422 0.2
1423 1421 0.01
4797 4797 0.01
2956 2956 0.05
2956 576 0.2
2956 2507 0.2
4798 4798 0.01
2606 2603 0.2
2606 2604 0.05
2606 1757 0.01
2606 2057 0.01
2606 248 0.01
2606 2602 0.01
2606 1750 0.05
2606 2601 0.01
2606 2605 0.05
86 648 0.01
86 656 0.05
86 84 0.01
86 106 0.05
86 836 0.2
86 2318 0.01
86 859 0.01
86 631 0.01
628 362 0.05
628 583 0.2
628 577 0.2
2885 2885 0.05
2885 797 0.05
2885 126 0.2
2885 286 0.2
2885 1983 0.01
2885 323 0.2
2885 1428 0.01
2885 175 0.05
2885 46 0.2
2885 2419 0.05
2885 2880 0.2
4799 716 0.01
4799 694 0.01
4691 4691 0.01
4691 677 0.01
4691 1167 0.05
99 99 0.05
99 30 0.01
99 915 0.2
99 350 0.05
99 171 0.05
99 328 0.05
99 719 0.01
99 1072 0.05
99 172 0.2
99 807 0.05
99 933 0.01
99 121 0.2
99 912 0.2
99 1313 0.2
99 2646 0.01
99 46 0.05
99 577 0.2
99 431 0.05
99 934 0.05
99 501 0.05
99 831 0.01
99 1176 0.01
99 286 0.2
780 1847 0.01
780 797 0.05
780 1436 0.01
780 303 0.2
780 46 0.2
780 30 0.2
780 34 0.2
780 438 0.05
780 329 0.01
780 1028 0.01
780 1490 0.05
780 843 0.2
780 845 0.05
780 328 0.2
780 937 0.2
780 514 0.01
780 14 0.2
780 1491 0.01
780 915 0.01
780 735 0.2
780 844 0.05
780 842 0.2
780 2503 0.05
780 840 0.2
780 60 0.05
780 791 0.2
780 841 0.05
780 3172 0.01
780 1430 0.2
780 2464 0.05
780 1558 0.05
780 172 0.2
780 1167 0.01
780 1246 0.05
780 2482 0.2
780 804 0.2
780 346 0.01
780 1645 0.01
780 711 0.05
780 774 0.01
780 1545 0.2
780 1301 0.01
780 2614 0.01
780 939 0.01
780 712 0.05
780 751 0.01
780 532 0.01
780 524 0.05
780 951 0.2
780 2067 0.01
780 522 0.01
780 523 0.05
780 3442 0.2
780 171 0.01
780 892 0.2
780 1993 0.2
780 950 0.05
780 1547 0.2
780 525 0.2
780 2808 0.01
780 1652 0.01
780 949 0.01
780 1166 0.01
780 577 0.01
780 1418 0.05
780 779 0.05
780 1391 0.01
780 2437 0.05
780 813 0.2
780 2990 0.05
780 1361 0.05
780 242 0.2
780 2450 0.01
780 492 0.2
780 530 0.05
780 807 0.2
780 830 0.01
780 898 0.05
780 1529 0.01
780 982 0.2
780 2350 0.2
780 2173 0.2
780 728 0.05
780 1631 0.01
780 2126 0.2
780 776 0.01
780 1049 0.01
780 1370 0.05
780 1968 0.05
780 1004 0.2
780 624 0.01
780 3597 0.01
780 4800 0.01
780 2200 0.05
780 2255 0.2
780 173 0.01
780 3447 0.01
780 2483 0.05
780 3421 0.01
780 403 0.05
780 3181 0.2
780 3288 0.2
780 3566 0.2
780 63 0.2
780 4801 0.2
780 2975 0.2
780 2136 0.01
780 1734 0.01
780 4802 0.01
780 1395 0.05
780 2787 0.2
780 4803 0.01
780 793 0.01
780 399 0.01
780 1416 0.2
780 2125 0.2
780 1851 0.05
780 1852 0.05
780 934 0.01
780 3405 0.05
780 1417 0.2
780 2254 0.01
780 1869 0.2
780 1876 0.01
780 1394 0.2
780 2348 0.2
780 4804 0.01
780 1372 0.01
780 1075 0.05
780 620 0.01
780 1642 0.01
780 1001 0.01
780 3427 0.05
780 422 0.2
780 3444 0.2
780 2084 0.05
780 2251 0.05
780 2911 0.2
780 4650 0.05
780 1585 0.01
780 2487 0.01
780 2372 0.01
780 545 0.05
780 3206 0.01
780 2434 0.01
780 897 0.05
780 363 0.01
780 186 0.2
780 2149 0.05
780 457 0.2
780 1397 0.2
780 1952 0.01
780 1757 0.05
780 4805 0.2
780 2485 0.01
4806 4806 0.01
4807 4807 0.2
4808 4808 0.05
4808 2099 0.01
637 49 0.01
637 332 0.05
637 335 0.05
637 175 0.01
637 3591 0.2
637 3592 0.01
637 1766 0.05
637 282 0.01
637 1012 0.01
637 333 0.01
637 4809 0.2
637 331 0.01
3513 3512 0.2
4810 610 0.2
4810 2789 0.05
2183 94 0.01
2183 4811 0.01
2183 385 0.05
4812 855 0.05
4812 716 0.2
4812 536 0.01
4812 859 0.01
4812 116 0.2
4812 1051 0.2
4812 715 0.2
4812 736 0.01
4813 4813 0.05
4814 297 0.01
4814 175 0.01
4815 4815 0.01
4816 4816 0.2
4816 4817 0.05
2376 648 0.2
2376 2376 0.05
2376 792 0.05
2376 142 0.01
2376 584 0.05
2376 46 0.2
2376 1644 0.01
2376 3116 0.2
2376 91 0.01
2376 327 0.05
2376 835 0.05
2376 741 0.2
2376 739 0.05
2376 833 0.05
2376 86 0.05
2376 736 0.05
2376 1689 0.05
2376 84 0.01
2376 656 0.2
2376 834 0.01
2376 106 0.01
2376 837 0.2
2376 1692 0.01
2376 2629 0.01
2376 405 0.2
2376 1454 0.05
2376 2681 0.05
2376 1693 0.2
2376 3491 0.01
2376 1640 0.2
2376 738 0.05
3297 1407 0.01
3297 978 0.2
3297 157 0.05
3297 604 0.01
3297 659 0.01
3297 1033 0.2
4818 4818 0.01
4819 4819 0.01
4819 925 0.05
4819 1525 0.05
4819 719 0.01
4820 4820 0.01
4821 4821 0.2
4822 4822 0.01
4823 4823 0.01
4823 118 0.05
2015 1485 0.01
1922 172 0.05
1922 801 0.01
1922 104 0.05
1922 65 0.2
1922 22 0.2
1922 2834 0.05
1922 623 0.2
1922 326 0.01
1922 30 0.05
1922 92 0.01
1922 747 0.05
1922 764 0.2
1922 282 0.05
1922 1176 0.05
1922 1641 0.05
1922 2945 0.01
1922 2199 0.05
1922 2652 0.01
1922 97 0.2
1922 1754 0.05
1922 2210 0.2
1922 2062 0.05
1922 893 0.01
1922 50 0.01
1922 557 0.01
1922 88 0.2
1922 2538 0.05
4824 4824 0.05
4825 4825 0.05
1497 1497 0.2
1497 643 0.01
1497 2318 0.2
1497 2317 0.05
1497 110 0.2
1497 46 0.2
1497 30 0.2
1497 324 0.2
1497 647 0.2
1497 286 0.05
1497 346 0.2
1497 4386 0.2
243 243 0.05
243 255 0.05
243 214 0.05
243 234 0.2
243 1047 0.05
243 1136 0.2
243 658 0.2
243 4528 0.2
4826 4826 0.01
4827 4827 0.01
4827 1378 0.01
4827 1988 0.05
4827 1370 0.01
4828 4828 0.2
4829 4829 0.2
4523 17 0.2
4523 1521 0.2
4523 4523 0.05
4464 4464 0.05
4464 1247 0.05
4830 4830 0.05
4831 429 0.2
4832 4832 0.05
4833 4833 0.01
507 507 0.05
4834 4834 0.05
4083 1028 0.2
4083 4492 0.05
4835 4835 0.01
2320 555 0.01
2320 2320 0.05
2320 2319 0.2
2320 2201 0.2
2320 172 0.01
2320 286 0.05
2320 764 0.01
2320 1157 0.05
2320 739 0.05
2320 2944 0.01
2320 2769 0.2
2320 746 0.05
2320 290 0.05
2320 2946 0.05
2320 2943 0.01
2320 2770 0.05
2320 2530 0.05
2320 1158 0.01
4836 4836 0.05
4837 4837 0.01
4120 4120 0.2
4120 4627 0.01
4120 2227 0.01
4120 2415 0.05
4120 990 0.2
4120 3398 0.05
4120 2414 0.01
4120 126 0.01
4120 4016 0.01
4120 4838 0.05
4120 30 0.2
4120 4839 0.2
4120 3427 0.05
4379 4379 0.01
4379 14 0.05
4379 92 0.01
4379 4353 0.2
4379 19 0.2
4840 4840 0.05
4841 710 0.01
4841 4841 0.01
575 575 0.01
575 1935 0.2
575 638 0.05
4842 4842 0.05
4842 126 0.2
4842 1960 0.2
217 310 0.01
217 217 0.2
217 209 0.05
217 207 0.01
217 210 0.05
217 2439 0.01
217 323 0.2
217 211 0.01
217 213 0.01
3432 1847 0.05
3432 3432 0.05
3432 735 0.01
3432 209 0.01
3432 3003 0.2
3432 349 0.2
3432 441 0.01
4843 4843 0.01
4844 4844 0.05
3227 3228 0.2
3227 3226 0.01
3639 3639 0.01
3639 1634 0.01
3639 46 0.01
1164 1164 0.2
3116 30 0.01
3116 102 0.01
3116 3116 0.01
3116 1644 0.2
3116 91 0.01
3116 1073 0.05
3116 438 0.01
3116 1086 0.2
3116 22 0.05
3116 326 0.05
3116 436 0.05
3116 320 0.01
3116 431 0.2
3116 1022 0.01
3116 1718 0.05
3116 1892 0.2
3116 2210 0.2
3116 2376 0.2
3116 584 0.05
3116 46 0.01
3116 328 0.01
3116 2306 0.05
3116 2232 0.01
209 4845 0.01
209 172 0.2
209 348 0.2
209 320 0.05
209 743 0.05
209 1924 0.2
209 710 0.01
209 1704 0.01
209 210 0.05
209 3384 0.01
209 2789 0.2
209 1288 0.01
209 211 0.01
209 1549 0.05
209 880 0.2
209 3389 0.01
209 522 0.05
209 207 0.01
209 2239 0.05
209 1650 0.05
209 1053 0.01
209 1820 0.01
209 206 0.2
209 2195 0.2
4846 210 0.2
4846 3609 0.01
4846 3566 0.01
4846 1895 0.05
4846 3033 0.05
4846 2703 0.01
4846 388 0.2
4846 1051 0.2
4847 4847 0.2
1606 555 0.05
1606 739 0.05
1606 506 0.2
1606 46 0.01
1606 856 0.2
1606 1430 0.05
1606 1075 0.2
1606 1606 0.01
1526 1526 0.01
1526 1525 0.01
1526 680 0.2
1526 346 0.01
1526 157 0.01
1526 1529 0.01
1526 344 0.05
1526 1527 0.01
1526 1528 0.2
1526 1490 0.05
1526 780 0.2
1526 1531 0.05
1526 1530 0.01
1526 345 0.05
1526 719 0.01
1526 2258 0.2
1609 1609 0.05
1609 274 0.01
1609 1721 0.2
1609 710 0.01
1609 1722 0.2
1609 624 0.05
1609 126 0.05
1609 629 0.05
1609 194 0.2
1609 655 0.05
1609 175 0.05
1609 918 0.05
1609 286 0.2
1609 67 0.2
1609 46 0.01
1609 2298 0.2
1609 4848 0.01
1587 1587 0.01
1587 673 0.01
1587 1108 0.2
1587 3211 0.2
1587 157 0.2
1587 2762 0.2
1587 1493 0.2
1587 2905 0.01
1587 1490 0.01
1587 672 0.05
1587 1568 0.01
1587 2902 0.05
1587 1492 0.05
1587 30 0.2
1587 126 0.2
1587 674 0.2
1587 46 0.01
4019 4019 0.2
4019 719 0.01
4019 46 0.05
4019 439 0.2
4019 326 0.2
4019 30 0.01
4019 2210 0.2
4019 4849 0.01
4019 316 0.01
4019 1160 0.01
4019 1086 0.2
4019 438 0.2
4019 1288 0.2
4019 209 0.2
4019 437 0.05
4019 4850 0.05
4019 1477 0.01
4019 4491 0.2
4019 349 0.05
4019 436 0.2
4019 320 0.2
4019 428 0.01
4019 429 0.05
4019 431 0.05
49 1571 0.2
49 50 0.05
49 916 0.05
49 175 0.05
49 282 0.05
49 4851 0.2
49 332 0.2
49 1200 0.05
4852 4852 0.2
4853 1752 0.01
3390 1000 0.2
3390 674 0.05
3390 1307 0.01
3390 1298 0.2
3390 3384 0.2
310 1847 0.01
310 729 0.05
310 310 0.2
310 2895 0.05
310 4854 0.2
310 2086 0.2
310 1240 0.01
2112 2112 0.2
2112 1653 0.05
2112 2108 0.05
2112 2113 0.01
2112 182 0.2
2112 2849 0.2
2112 183 0.2
2112 2470 0.05
2743 2743 0.01
2743 718 0.05
2743 157 0.01
2743 1379 0.2
2760 1490 0.01
2760 30 0.05
2760 2760 0.05
2760 1492 0.05
2760 1125 0.05
4855 4855 0.01
4856 4856 0.01
2506 2506 0.05
2506 4186 0.05
606 766 0.05
606 606 0.05
606 17 0.01
606 329 0.01
606 1500 0.05
606 1521 0.05
606 242 0.01
606 438 0.05
606 1000 0.05
606 607 0.01
606 1278 0.01
606 4443 0.05
606 4442 0.2
606 767 0.2
332 282 0.01
332 49 0.05
332 144 0.2
332 50 0.2
332 331 0.01
332 4832 0.01
332 2615 0.05
332 22 0.01
332 167 0.2
1867 1867 0.01
1867 3763 0.2
1867 1866 0.05
4178 309 0.01
4178 430 0.05
4178 2284 0.2
4178 1499 0.05
4178 624 0.2
4178 4277 0.2
4178 92 0.01
4857 4857 0.2
4858 4858 0.2
4859 4859 0.05
2256 2256 0.05
2256 1375 0.05
2256 2227 0.05
2256 1389 0.05
2256 721 0.05
2256 1005 0.01
2256 1379 0.05
2256 4132 0.01
2256 1386 0.2
2256 707 0.05
2256 1823 0.2
2256 3441 0.01
2256 2253 0.01
2256 3521 0.2
2256 2259 0.01
4542 242 0.05
1028 1434 0.01
1028 323 0.01
1028 326 0.05
1028 1087 0.2
1028 34 0.01
1028 325 0.01
1028 1021 0.05
1028 737 0.01
1028 3517 0.05
1028 947 0.2
1028 1022 0.01
1028 438 0.05
1028 4492 0.01
1028 4083 0.2
1028 1433 0.05
1028 3338 0.05
1028 584 0.01
1028 2726 0.05
1028 16 0.2
1028 40 0.01
1028 1920 0.05
1028 1215 0.2
1028 2409 0.05
1028 4860 0.05
1028 106 0.05
1028 658 0.05
1028 964 0.2
1028 918 0.01
1028 1086 0.05
1028 112 0.01
1028 912 0.05
1028 1078 0.2
1028 215 0.05
1028 638 0.01
1028 1079 0.01
1028 2247 0.05
1028 1117 0.01
1028 1751 0.05
1028 3337 0.05
1028 791 0.01
1028 512 0.01
1028 501 0.01
1028 1837 0.01
1028 166 0.2
1028 88 0.01
1028 1339 0.2
1028 44 0.05
1028 2172 0.2
1028 171 0.2
1028 172 0.05
1028 944 0.05
1028 442 0.01
1028 4861 0.01
1028 2942 0.01
1028 317 0.05
1028 3602 0.2
1028 1663 0.2
1028 2377 0.01
1028 1088 0.2
1028 780 0.05
1028 2984 0.01
1028 1016 0.01
1028 4010 0.05
1028 4862 0.01
1028 844 0.01
1028 324 0.2
1028 2571 0.05
1028 1827 0.05
1028 4863 0.01
1028 3675 0.2
4864 4865 0.2
644 644 0.2
644 739 0.01
644 858 0.05
644 1580 0.01
644 1596 0.01
644 642 0.05
644 328 0.05
644 163 0.01
644 719 0.2
644 1992 0.01
644 329 0.01
644 1020 0.01
644 172 0.05
644 126 0.01
644 3102 0.05
644 3379 0.05
644 30 0.2
644 3555 0.01
644 3556 0.01
644 1898 0.05
644 787 0.2
644 467 0.01
4866 4866 0.2
882 797 0.01
882 1073 0.05
882 326 0.05
882 323 0.2
882 466 0.01
882 1076 0.05
882 1074 0.01
882 174 0.05
882 623 0.01
882 1075 0.01
882 882 0.05
882 3230 0.01
882 1633 0.01
882 316 0.01
882 306 0.01
882 324 0.2
882 1020 0.01
882 934 0.2
882 645 0.01
882 1401 0.05
882 351 0.2
882 352 0.05
882 555 0.01
882 584 0.01
147 147 0.01
147 144 0.01
147 328 0.05
147 30 0.01
147 719 0.2
147 306 0.2
147 324 0.01
147 1075 0.01
147 1020 0.2
147 326 0.01
147 1401 0.2
147 323 0.01
147 642 0.01
147 858 0.05
147 1074 0.2
147 46 0.01
147 325 0.05
147 427 0.2
147 1932 0.05
147 145 0.01
147 562 0.2
147 146 0.01
147 165 0.01
147 1278 0.01
147 467 0.2
147 787 0.01
4867 4867 0.01
65 349 0.2
65 1022 0.2
65 326 0.2
65 1086 0.05
65 801 0.05
65 282 0.01
65 328 0.05
65 1123 0.01
65 22 0.01
65 1082 0.05
65 827 0.05
65 784 0.2
65 792 0.2
65 65 0.2
65 1023 0.05
65 286 0.2
65 764 0.05
65 102 0.01
65 104 0.2
65 869 0.2
65 108 0.05
65 750 0.05
65 45 0.2
65 584 0.05
65 2834 0.01
65 1019 0.2
65 2945 0.05
65 825 0.2
65 710 0.2
65 2417 0.01
65 1119 0.01
65 273 0.01
65 334 0.05
65 738 0.05
65 1451 0.2
65 107 0.01
65 648 0.01
65 497 0.2
65 577 0.01
65 1704 0.01
65 1687 0.05
65 1230 0.2
65 1557 0.2
65 1882 0.05
65 1881 0.05
65 591 0.2
65 1171 0.01
65 640 0.05
65 2529 0.05
65 1231 0.05
65 1880 0.05
65 751 0.05
65 1068 0.2
65 172 0.05
65 3237 0.01
65 2713 0.05
65 791 0.01
65 438 0.2
65 1089 0.01
65 394 0.2
65 921 0.05
65 1437 0.05
65 522 0.01
65 3501 0.2
65 1514 0.2
65 859 0.2
65 1020 0.01
65 1160 0.01
65 813 0.2
65 492 0.05
65 93 0.05
65 2250 0.05
65 1247 0.05
65 1091 0.2
65 1987 0.05
1630 1630 0.05
1630 126 0.01
1630 1182 0.05
1630 46 0.01
1630 793 0.2
1630 620 0.05
1630 642 0.2
1630 296 0.05
1630 714 0.01
1630 1089 0.01
1630 30 0.01
1630 328 0.2
1630 4868 0.01
1630 107 0.2
1630 4749 0.01
1630 4679 0.2
1630 813 0.2
1630 1237 0.05
1630 2898 0.05
1630 2042 0.2
1630 157 0.01
1630 1384 0.05
1630 1569 0.2
1630 1049 0.01
1630 1734 0.2
1630 2578 0.2
2565 1491 0.01
2565 2565 0.01
2565 2561 0.01
2565 1167 0.01
2565 13 0.01
2565 14 0.2
2565 1179 0.01
926 926 0.05
926 157 0.05
926 541 0.2
926 2573 0.2
926 864 0.2
926 148 0.05
926 2150 0.01
926 715 0.05
926 3117 0.2
926 124 0.05
926 714 0.2
926 2439 0.05
926 4869 0.01
4870 3989 0.05
4870 595 0.01
4870 543 0.01
4870 1000 0.01
4870 808 0.01
4870 328 0.2
4870 22 0.05
4870 104 0.01
4870 326 0.2
4870 126 0.05
4870 4871 0.2
4870 1356 0.01
4870 34 0.01
4870 892 0.01
4870 345 0.05
4870 2536 0.2
4870 4034 0.2
4870 323 0.2
4870 1401 0.05
4870 4173 0.2
4872 126 0.2
4873 4873 0.05
4874 4874 0.05
4586 4586 0.01
4875 4875 0.05
4875 737 0.01
4875 807 0.01
4875 227 0.05
4875 893 0.01
4875 795 0.2
157 593 0.05
157 157 0.01
157 963 0.01
157 615 0.01
157 1165 0.01
157 631 0.2
157 994 0.01
157 598 0.05
157 214 0.05
157 1034 0.01
157 376 0.2
157 921 0.2
157 898 0.2
157 1814 0.2
157 316 0.01
157 329 0.01
157 353 0.2
157 1318 0.2
157 751 0.01
157 943 0.01
157 34 0.01
157 599 0.05
157 995 0.05
157 1685 0.05
157 1160 0.2
157 703 0.2
157 632 0.2
157 2977 0.2
157 246 0.05
157 526 0.05
157 992 0.2
157 852 0.01
157 1126 0.01
157 804 0.05
157 328 0.2
157 1047 0.2
157 923 0.05
157 603 0.01
157 987 0.05
157 1167 0.2
157 121 0.2
157 405 0.01
157 1132 0.2
157 4876 0.05
157 513 0.05
157 959 0.05
157 378 0.2
157 107 0.01
157 830 0.05
157 323 0.01
157 920 0.2
157 2705 0.01
157 1816 0.01
157 19 0.01
157 583 0.01
157 1172 0.05
157 81 0.2
157 525 0.01
157 1660 0.05
157 44 0.05
157 1452 0.01
157 739 0.2
157 1719 0.05
157 1815 0.05
157 2239 0.05
157 242 0.01
157 4663 0.05
157 3251 0.05
157 919 0.01
157 357 0.05
157 2002 0.01
157 379 0.01
157 112 0.05
157 683 0.01
157 757 0.05
157 4872 0.05
157 4868 0.05
157 4877 0.01
157 497 0.01
157 985 0.05
157 993 0.05
157 1393 0.2
157 1494 0.05
157 1169 0.05
157 1023 0.05
157 633 0.2
157 597 0.05
157 841 0.05
157 442 0.05
157 795 0.2
157 846 0.05
157 791 0.2
157 1998 0.05
157 1170 0.2
157 604 0.05
157 93 0.01
157 1650 0.01
157 255 0.05
157 2004 0.2
157 1159 0.05
157 1585 0.2
157 996 0.05
157 1060 0.01
157 2522 0.01
157 274 0.05
157 638 0.05
157 623 0.2
157 3398 0.01
157 4878 0.05
157 938 0.01
157 998 0.05
157 92 0.2
157 524 0.01
157 914 0.2
157 1154 0.05
157 956 0.05
157 172 0.05
157 1166 0.2
157 297 0.05
157 65 0.01
157 864 0.01
157 187 0.2
157 613 0.01
157 983 0.05
157 711 0.01
157 2507 0.05
157 1068 0.05
157 1533 0.2
157 362 0.05
157 1545 0.01
157 1609 0.2
157 2135 0.01
157 1162 0.2
157 2091 0.05
157 3910 0.2
157 658 0.01
157 89 0.2
157 989 0.05
157 1164 0.2
157 556 0.01
157 2535 0.05
157 718 0.2
157 2615 0.05
157 988 0.01
157 2405 0.01
157 930 0.01
157 1072 0.2
157 469 0.01
157 1561 0.05
157 1547 0.05
157 1091 0.2
157 624 0.05
157 430 0.01
157 1552 0.01
157 98 0.01
157 532 0.01
157 712 0.05
157 241 0.05
157 248 0.05
157 1000 0.2
157 954 0.2
157 3408 0.2
157 1595 0.2
157 1549 0.2
157 334 0.2
157 584 0.01
157 1839 0.05
157 1065 0.05
157 1543 0.05
157 4321 0.2
157 1012 0.2
157 893 0.05
157 912 0.01
157 332 0.05
157 1028 0.01
157 4879 0.2
157 601 0.05
157 1556 0.2
157 4880 0.2
157 209 0.01
157 514 0.05
157 3566 0.01
157 949 0.01
157 888 0.01
157 2412 0.2
157 3892 0.2
157 705 0.2
157 596 0.01
157 1521 0.01
157 617 0.05
157 543 0.05
157 1339 0.2
157 1097 0.2
157 1961 0.01
157 1440 0.01
157 1899 0.01
157 1880 0.05
157 3297 0.2
157 3050 0.2
157 1671 0.01
157 265 0.2
157 17 0.01
157 1304 0.2
157 659 0.2
157 189 0.2
157 103 0.05
157 269 0.05
157 1043 0.01
157 1191 0.2
157 4881 0.05
157 966 0.05
157 4882 0.05
157 2388 0.2
157 1156 0.05
157 519 0.01
157 306 0.05
157 429 0.01
157 934 0.05
157 3384 0.2
157 1171 0.01
157 960 0.2
157 944 0.01
157 82 0.2
157 528 0.05
157 492 0.01
157 1560 0.01
157 801 0.01
157 1598 0.01
157 3087 0.01
157 3032 0.01
157 251 0.01
157 1163 0.01
157 45 0.2
157 2295 0.2
157 1517 0.2
157 523 0.05
157 770 0.2
157 1827 0.05
157 441 0.01
157 578 0.05
157 263 0.05
157 904 0.2
157 2865 0.01
157 322 0.01
157 51 0.01
157 517 0.05
157 394 0.05
157 4883 0.2
157 2768 0.2
157 610 0.05
157 207 0.01
157 880 0.2
157 657 0.01
157 3587 0.2
157 333 0.2
157 1237 0.2
157 148 0.05
157 2715 0.05
157 4884 0.2
157 793 0.2
157 346 0.2
157 2867 0.01
157 1844 0.2
157 577 0.01
157 843 0.05
157 2782 0.01
157 3395 0.05
157 83 0.2
157 545 0.2
157 955 0.05
157 1495 0.2
157 1487 0.05
157 4885 0.05
157 766 0.2
157 1042 0.01
157 1135 0.01
157 716 0.2
157 147 0.05
157 925 0.05
157 3564 0.05
157 605 0.2
157 837 0.2
157 805 0.01
157 547 0.01
157 2611 0.01
157 807 0.01
157 1490 0.05
157 972 0.2
157 548 0.05
157 1908 0.01
157 887 0.2
157 1812 0.01
157 3541 0.05
157 797 0.01
157 1427 0.2
157 1233 0.01
157 2933 0.01
157 1881 0.01
157 384 0.05
157 1002 0.05
157 2572 0.05
157 467 0.01
157 608 0.05
157 4886 0.05
157 606 0.2
157 4887 0.2
157 3237 0.2
157 324 0.2
157 62 0.2
157 439 0.01
157 618 0.2
157 546 0.01
157 629 0.01
157 111 0.2
157 2573 0.2
157 373 0.2
157 153 0.2
157 154 0.2
157 162 0.2
157 646 0.2
157 4888 0.01
157 1813 0.05
157 614 0.05
157 18 0.2
157 174 0.01
157 582 0.01
157 2866 0.05
157 1067 0.01
157 3028 0.05
157 1453 0.01
157 762 0.01
157 1832 0.05
157 948 0.05
157 4343 0.05
157 531 0.2
157 541 0.05
157 1399 0.01
157 1550 0.2
157 1849 0.01
157 4675 0.05
157 2539 0.01
157 3130 0.2
157 3507 0.2
157 1181 0.2
157 1991 0.01
157 1278 0.05
157 2214 0.2
157 1307 0.2
157 4889 0.01
157 52 0.05
157 4625 0.05
157 4333 0.05
157 4703 0.05
157 1390 0.05
157 4442 0.2
157 426 0.01
157 425 0.01
157 2835 0.01
157 647 0.2
157 3118 0.2
157 910 0.01
157 652 0.01
157 764 0.05
157 1499 0.2
157 2454 0.05
157 939 0.05
157 215 0.05
157 3208 0.05
157 1652 0.01
157 349 0.05
157 2145 0.05
157 1642 0.2
157 883 0.05
157 2013 0.01
157 1 0.01
157 785 0.2
157 3403 0.01
157 2506 0.01
157 973 0.05
157 786 0.2
157 2134 0.01
157 4890 0.05
157 6 0.2
157 3807 0.2
157 2616 0.2
157 137 0.2
157 1967 0.2
157 945 0.2
157 974 0.01
157 4396 0.05
157 4891 0.2
157 4892 0.01
157 1645 0.05
157 1514 0.01
157 767 0.01
157 1675 0.05
157 2900 0.2
157 3546 0.05
157 704 0.05
157 118 0.2
157 588 0.05
157 177 0.01
157 4835 0.01
157 1834 0.2
157 191 0.2
157 738 0.05
157 1238 0.05
157 1677 0.05
157 2990 0.05
157 335 0.2
157 1026 0.2
157 276 0.2
157 1570 0.2
157 1222 0.01
157 749 0.2
157 747 0.01
157 1070 0.01
157 1182 0.05
157 3367 0.01
157 3319 0.05
157 453 0.01
157 2593 0.2
157 4433 0.05
157 4893 0.01
157 2141 0.05
157 2143 0.2
157 2861 0.01
157 2845 0.05
157 399 0.01
157 4167 0.05
157 1716 0.05
157 1190 0.2
157 188 0.2
157 15 0.01
157 1085 0.2
157 119 0.05
157 1049 0.05
157 990 0.05
157 102 0.05
157 4540 0.2
157 1542 0.01
157 4189 0.2
157 630 0.05
157 3089 0.01
157 1361 0.05
157 715 0.01
157 4186 0.01
157 3537 0.2
157 1330 0.2
157 2617 0.2
157 1366 0.2
157 1356 0.01
157 4894 0.05
157 2622 0.01
157 1824 0.05
157 4580 0.05
157 4895 0.2
157 2685 0.01
157 794 0.01
157 1021 0.05
157 984 0.2
157 780 0.05
157 4896 0.05
157 4897 0.2
157 4898 0.01
157 2033 0.01
157 2238 0.2
157 4198 0.05
157 4251 0.2
157 803 0.05
157 4273 0.05
157 1467 0.05
157 1436 0.2
157 1360 0.05
157 3797 0.2
157 402 0.01
157 4899 0.01
157 3240 0.01
157 1586 0.01
157 1631 0.01
157 929 0.2
157 178 0.05
157 1515 0.01
157 2151 0.01
157 4900 0.05
157 1727 0.01
157 2094 0.05
157 4901 0.05
157 21 0.05
157 3235 0.2
157 1512 0.2
157 522 0.2
157 640 0.01
157 4696 0.05
157 1823 0.05
157 3519 0.01
157 1309 0.2
157 538 0.05
157 3344 0.2
157 4902 0.2
157 3312 0.01
157 23 0.01
157 2739 0.05
157 549 0.01
157 4903 0.2
157 2226 0.05
157 844 0.05
157 886 0.05
157 1486 0.01
157 918 0.01
157 87 0.01
157 2824 0.2
157 2732 0.05
157 813 0.01
157 1286 0.01
157 454 0.2
157 639 0.2
157 437 0.05
157 1246 0.01
157 736 0.2
157 621 0.01
157 1175 0.2
157 63 0.05
157 2503 0.01
157 799 0.2
157 377 0.2
157 374 0.01
157 212 0.05
157 2227 0.05
157 173 0.05
157 457 0.05
157 4904 0.2
157 3894 0.01
157 1668 0.01
157 234 0.2
157 2240 0.05
157 412 0.01
157 4905 0.05
157 4906 0.01
157 1351 0.2
157 4004 0.2
157 4907 0.05
157 1678 0.2
157 2976 0.2
157 4908 0.05
157 812 0.01
157 890 0.01
157 788 0.2
157 3404 0.01
157 4823 0.01
157 1092 0.05
157 950 0.01
157 1820 0.01
157 620 0.01
157 336 0.01
157 2887 0.01
157 2678 0.2
157 2255 0.05
157 811 0.01
157 4909 0.01
157 928 0.05
157 3218 0.2
157 4910 0.05
157 3853 0.05
157 4461 0.01
157 4581 0.2
157 1963 0.01
157 1052 0.05
157 1768 0.2
157 808 0.2
157 680 0.05
157 1529 0.2
157 1526 0.2
157 2042 0.05
157 1528 0.05
157 1527 0.01
157 2045 0.2
157 400 0.2
157 892 0.05
157 2934 0.01
157 397 0.2
157 891 0.2
157 1711 0.2
157 1322 0.2
157 1910 0.05
157 2578 0.01
157 625 0.05
157 165 0.05
157 4911 0.2
157 4912 0.2
157 4913 0.05
157 1524 0.05
157 594 0.05
157 1418 0.05
157 673 0.05
157 2444 0.05
157 2250 0.05
157 728 0.01
157 94 0.2
157 2108 0.2
157 337 0.2
157 2745 0.2
157 409 0.05
157 2997 0.2
157 1089 0.01
157 233 0.01
157 182 0.05
157 737 0.05
157 1772 0.01
157 1769 0.01
157 100 0.2
157 414 0.2
157 4512 0.05
157 3467 0.01
157 1662 0.01
157 776 0.05
157 1245 0.01
157 2703 0.2
157 4914 0.05
157 3827 0.2
157 2907 0.2
157 675 0.05
157 4327 0.01
157 4260 0.05
157 463 0.2
157 2104 0.01
157 1971 0.2
157 4915 0.01
157 2230 0.01
157 2350 0.01
157 917 0.2
157 3209 0.01
157 4183 0.05
157 579 0.01
157 1051 0.2
157 48 0.2
157 2316 0.01
157 2313 0.05
157 4342 0.01
157 1774 0.05
157 2772 0.2
157 73 0.05
157 3067 0.05
157 3413 0.2
157 654 0.01
157 1574 0.05
157 1587 0.01
157 1277 0.01
157 1575 0.05
157 3082 0.05
157 2231 0.2
157 4916 0.2
157 421 0.01
157 1629 0.01
157 634 0.05
157 1401 0.01
157 1775 0.2
157 678 0.2
157 42 0.01
157 67 0.01
157 3464 0.01
157 2165 0.05
157 1741 0.2
157 1773 0.01
157 774 0.05
157 1980 0.01
157 4917 0.01
157 552 0.2
157 2450 0.01
157 3482 0.01
157 193 0.05
157 20 0.05
157 1248 0.2
157 1153 0.2
157 420 0.2
157 3288 0.01
157 1187 0.2
157 1605 0.05
157 208 0.05
157 1857 0.05
157 290 0.2
157 4918 0.05
157 2198 0.2
157 849 0.01
157 850 0.01
157 2197 0.05
157 4919 0.05
157 7 0.2
157 815 0.2
157 1636 0.2
157 50 0.01
157 1781 0.05
157 708 0.05
157 863 0.01
157 719 0.2
157 2470 0.01
157 1569 0.01
157 2625 0.05
157 1578 0.2
157 403 0.05
157 2269 0.05
157 2429 0.2
157 1370 0.01
157 542 0.05
157 4920 0.05
157 2182 0.01
157 1622 0.2
157 2466 0.2
157 1988 0.05
157 3918 0.2
157 4921 0.05
157 2787 0.05
157 1779 0.2
157 2372 0.01
157 213 0.01
157 4922 0.01
157 1902 0.01
157 2774 0.01
157 1384 0.05
157 3011 0.2
157 500 0.01
157 460 0.2
157 902 0.05
157 79 0.05
157 2317 0.05
157 627 0.01
157 4923 0.2
157 9 0.01
157 3578 0.05
157 1851 0.05
157 3909 0.2
157 2252 0.05
157 3622 0.05
157 1566 0.2
157 4597 0.01
157 3257 0.2
157 773 0.05
157 649 0.2
157 1492 0.01
157 2847 0.05
157 3429 0.01
157 2474 0.01
157 1394 0.01
157 1093 0.2
157 363 0.2
157 2938 0.2
157 709 0.2
157 2790 0.01
157 1665 0.01
157 2463 0.2
157 1981 0.05
157 1416 0.2
157 779 0.01
157 802 0.01
157 694 0.05
157 186 0.2
157 4924 0.2
157 4869 0.05
157 1386 0.01
157 722 0.05
157 2473 0.01
157 701 0.2
157 124 0.01
157 417 0.2
157 2464 0.05
157 348 0.05
157 2911 0.01
157 1978 0.01
157 2969 0.05
157 2062 0.01
157 2265 0.05
157 1254 0.2
157 1387 0.01
157 2352 0.2
157 1757 0.01
157 3455 0.2
157 1379 0.2
157 2743 0.2
157 1398 0.01
157 2267 0.01
157 125 0.05
157 2366 0.05
157 1362 0.2
157 4744 0.01
157 4925 0.05
157 282 0.2
157 4926 0.2
157 778 0.01
157 3717 0.01
157 781 0.01
157 129 0.01
4518 4518 0.01
4518 1064 0.2
4518 643 0.01
4518 46 0.2
2126 779 0.01
2126 780 0.2
2126 346 0.2
2126 1418 0.2
2126 525 0.01
2126 328 0.01
2126 2126 0.2
2126 1512 0.05
2126 469 0.2
2126 1391 0.01
2126 598 0.2
2126 492 0.01
2126 2125 0.05
2126 1417 0.2
2323 739 0.01
2323 736 0.01
2323 148 0.2
2323 273 0.2
2323 561 0.01
2323 46 0.05
2323 427 0.2
2323 855 0.05
2323 714 0.01
2323 175 0.05
2323 126 0.2
2323 2660 0.2
2323 329 0.01
2323 2312 0.2
2323 2213 0.2
2323 856 0.01
2323 859 0.2
2323 582 0.2
2323 474 0.01
2323 887 0.01
2323 586 0.05
2323 1190 0.2
2323 2840 0.01
2323 858 0.2
2323 437 0.05
2323 2798 0.05
2323 1157 0.05
2323 642 0.01
2323 2363 0.01
2323 2725 0.05
2323 879 0.05
2323 307 0.01
2323 789 0.2
2323 328 0.2
2323 2216 0.01
2323 2799 0.2
2323 4927 0.01
2323 2517 0.01
2323 2797 0.01
2323 45 0.2
2323 1306 0.2
2323 562 0.05
2323 701 0.2
2323 1337 0.01
4928 751 0.05
4929 4929 0.2
3618 2672 0.05
1524 624 0.05
1524 2550 0.2
1524 65 0.05
1524 813 0.05
1524 577 0.01
1524 2246 0.05
1524 282 0.2
1524 1768 0.01
1524 627 0.01
1524 639 0.01
1524 3805 0.01
1524 1357 0.05
4930 4930 0.2
4930 1586 0.2
3153 3153 0.01
3153 2506 0.2
4931 4932 0.2
4933 4933 0.01
4692 1915 0.01
4692 1749 0.2
128 2754 0.05
128 1255 0.05
232 739 0.01
232 99 0.2
232 1616 0.05
232 30 0.2
232 4582 0.2
232 324 0.05
232 379 0.01
232 34 0.01
232 1020 0.2
232 2942 0.2
232 2307 0.01
232 887 0.2
232 1215 0.05
232 4245 0.01
232 918 0.2
232 4175 0.05
232 3275 0.2
232 829 0.01
232 934 0.05
232 53 0.05
232 284 0.2
232 51 0.05
232 1073 0.2
232 172 0.01
232 4371 0.2
232 4539 0.01
232 1333 0.05
232 215 0.05
232 4408 0.05
232 221 0.05
232 985 0.2
232 92 0.01
232 805 0.2
232 2895 0.05
232 1627 0.05
232 757 0.05
232 1033 0.01
232 810 0.2
232 242 0.2
232 791 0.2
232 1166 0.01
232 587 0.05
232 356 0.01
232 1917 0.05
232 1605 0.2
232 2682 0.2
232 844 0.2
232 44 0.2
232 203 0.05
232 2021 0.01
232 915 0.01
232 1602 0.2
232 638 0.2
232 2876 0.05
232 491 0.2
232 830 0.01
232 797 0.05
232 277 0.05
232 297 0.01
232 362 0.2
232 555 0.01
232 3316 0.01
232 3936 0.05
232 1547 0.05
232 1801 0.05
232 658 0.05
232 239 0.2
232 2189 0.2
232 429 0.2
232 1415 0.01
232 456 0.2
232 703 0.2
232 13 0.2
232 102 0.01
232 1167 0.05
232 615 0.2
232 234 0.05
232 19 0.01
232 227 0.05
232 2506 0.05
232 214 0.01
232 784 0.01
232 1490 0.2
232 3495 0.2
232 1047 0.2
232 265 0.2
232 225 0.2
232 1162 0.2
232 1518 0.2
232 3122 0.01
232 928 0.05
232 1496 0.05
232 89 0.2
232 200 0.2
232 1992 0.01
232 331 0.05
232 1216 0.2
232 943 0.2
232 1186 0.01
232 226 0.01
232 230 0.05
232 759 0.05
232 385 0.2
232 357 0.05
232 1185 0.05
232 912 0.05
232 822 0.01
232 610 0.05
232 575 0.05
232 2616 0.2
232 2614 0.05
232 445 0.05
232 1343 0.05
232 1818 0.01
232 1834 0.2
232 437 0.01
232 306 0.2
232 1191 0.05
232 512 0.2
232 4178 0.2
232 191 0.01
232 1764 0.05
232 1658 0.01
232 349 0.01
232 1692 0.2
232 195 0.05
232 430 0.01
232 578 0.05
232 252 0.01
232 334 0.05
232 361 0.05
232 332 0.05
232 231 0.2
232 1072 0.2
232 648 0.01
232 501 0.2
232 1536 0.01
232 198 0.01
232 96 0.2
232 87 0.05
232 335 0.05
232 1641 0.05
232 591 0.01
232 637 0.2
232 576 0.2
232 1760 0.05
232 1246 0.01
232 163 0.2
232 2363 0.01
232 55 0.05
232 1927 0.2
232 807 0.05
232 346 0.01
232 1074 0.01
232 1290 0.2
232 3133 0.05
232 582 0.01
232 48 0.01
232 947 0.2
232 2405 0.2
232 801 0.01
232 14 0.05
232 2529 0.05
232 880 0.2
232 4671 0.2
232 4934 0.2
232 2025 0.01
232 3866 0.2
232 3174 0.05
232 1402 0.2
232 2728 0.05
232 866 0.05
232 2729 0.2
232 572 0.05
232 171 0.01
232 3758 0.2
232 668 0.01
232 1542 0.2
232 2101 0.01
232 505 0.01
232 504 0.2
232 569 0.01
232 3660 0.01
232 3187 0.01
232 2320 0.01
232 2566 0.2
232 106 0.01
232 2884 0.05
232 1009 0.2
232 1434 0.01
232 570 0.01
232 1590 0.2
232 4935 0.2
232 4700 0.05
232 377 0.2
232 4076 0.01
232 2284 0.05
232 506 0.05
232 2765 0.01
232 4936 0.2
232 2656 0.01
232 845 0.05
232 425 0.2
232 4937 0.2
232 507 0.2
232 2577 0.05
232 3708 0.01
232 311 0.01
232 4938 0.01
232 1104 0.01
232 1915 0.01
232 508 0.05
232 1088 0.2
232 1727 0.01
232 3732 0.01
232 1728 0.2
232 1453 0.2
232 4939 0.01
232 510 0.05
232 2757 0.01
232 854 0.01
232 2923 0.01
232 4114 0.05
232 4397 0.2
232 2922 0.01
232 345 0.01
232 199 0.01
232 3193 0.05
232 540 0.01
232 4940 0.05
232 442 0.2
232 118 0.2
232 4941 0.05
232 1499 0.01
232 83 0.05
232 1270 0.2
232 2562 0.2
232 2555 0.05
232 1422 0.05
232 1305 0.01
232 1648 0.05
232 1021 0.2
232 40 0.2
232 205 0.05
232 209 0.01
232 1704 0.2
232 492 0.05
232 1233 0.05
232 2188 0.2
232 3591 0.01
232 2324 0.2
232 579 0.05
232 594 0.05
232 316 0.05
232 944 0.2
232 581 0.2
232 1190 0.05
232 1800 0.05
232 323 0.2
232 1894 0.05
232 1756 0.05
232 1078 0.01
232 1127 0.2
232 298 0.05
232 1390 0.2
232 65 0.05
232 2715 0.01
232 2503 0.05
232 312 0.2
232 1026 0.05
232 1289 0.05
232 276 0.05
232 2002 0.01
232 659 0.05
232 3319 0.05
232 617 0.2
232 715 0.01
232 246 0.05
232 804 0.05
232 585 0.2
232 4882 0.05
232 577 0.2
232 614 0.2
232 613 0.2
232 914 0.05
232 960 0.05
232 583 0.2
232 517 0.01
232 625 0.2
232 399 0.2
232 1378 0.05
232 712 0.2
232 599 0.01
232 193 0.05
232 22 0.2
232 274 0.2
232 751 0.01
232 1223 0.2
232 1217 0.05
232 4204 0.2
232 1551 0.2
232 1702 0.05
232 1153 0.2
232 4751 0.01
232 4205 0.05
232 3028 0.05
232 4635 0.01
232 2777 0.05
232 374 0.05
232 3032 0.05
232 373 0.2
232 812 0.05
232 2939 0.01
232 3609 0.01
232 785 0.01
232 925 0.2
232 813 0.05
232 620 0.05
232 1418 0.05
232 188 0.2
232 888 0.05
232 1514 0.01
232 255 0.2
232 2782 0.2
232 3121 0.05
232 39 0.01
232 677 0.01
232 4691 0.2
232 1159 0.05
232 1319 0.2
232 4405 0.2
232 2214 0.01
232 646 0.2
232 457 0.2
232 1291 0.05
232 1601 0.05
232 1189 0.01
232 2601 0.2
232 4942 0.05
232 983 0.2
232 1399 0.2
232 1967 0.05
232 194 0.2
232 62 0.01
232 104 0.05
232 1160 0.01
232 2240 0.2
232 793 0.05
232 461 0.05
232 2313 0.01
232 165 0.05
232 497 0.2
232 4029 0.01
232 469 0.2
232 400 0.01
232 75 0.2
232 125 0.05
232 526 0.05
232 1851 0.05
232 1971 0.01
232 904 0.2
232 3911 0.01
232 899 0.01
232 45 0.05
232 42 0.01
232 418 0.05
232 1662 0.01
232 708 0.2
232 897 0.01
232 779 0.2
232 516 0.01
232 788 0.2
232 1178 0.05
232 1964 0.05
232 2222 0.01
232 711 0.2
232 862 0.05
232 632 0.01
232 716 0.2
232 2807 0.05
232 774 0.05
3919 3919 0.2
3919 2277 0.05
3919 1304 0.2
4943 4943 0.2
4944 2783 0.2
4945 4945 0.01
4946 4946 0.01
4947 4947 0.2
4947 716 0.01
4948 4948 0.01
3675 3675 0.05
1613 351 0.01
1613 1961 0.05
1613 53 0.2
1613 175 0.05
1613 329 0.01
1613 286 0.05
1613 126 0.01
1613 1612 0.2
1613 46 0.01
1613 646 0.2
4949 4949 0.2
4950 4950 0.2
4950 1488 0.01
2081 715 0.05
2081 297 0.05
2081 843 0.01
2081 2754 0.2
2081 4951 0.01
2081 3755 0.2
2081 126 0.01
2081 1243 0.05
4952 4952 0.01
1586 1978 0.05
1586 1981 0.01
1586 1634 0.01
1586 1386 0.01
1586 2782 0.05
1586 80 0.2
1586 3088 0.05
1586 710 0.2
1586 399 0.2
1586 773 0.2
1586 4953 0.2
1586 2106 0.01
1586 19 0.01
1586 3566 0.05
1586 982 0.2
1586 4954 0.05
1586 4002 0.01
1586 1992 0.01
1586 1662 0.2
1586 858 0.2
1586 2745 0.01
1586 2986 0.01
1586 2602 0.01
1586 1022 0.01
1586 718 0.2
1586 1679 0.05
1586 258 0.2
1586 4955 0.01
1586 1512 0.05
1586 2282 0.01
1586 1394 0.05
1586 807 0.05
1586 2686 0.01
1586 924 0.05
1586 712 0.05
1586 3949 0.01
1586 1353 0.2
1586 1964 0.05
1586 215 0.2
1586 779 0.05
1586 286 0.01
1586 1629 0.2
1586 1595 0.05
1586 829 0.01
1586 1495 0.2
1586 683 0.01
1586 1193 0.2
1586 209 0.05
1586 4150 0.05
1586 124 0.01
1586 3112 0.2
1586 2573 0.01
1586 263 0.2
1586 1966 0.2
1586 72 0.2
1586 4069 0.05
1586 4597 0.05
1586 4780 0.05
1586 1384 0.05
1586 100 0.01
1586 1248 0.05
1586 68 0.2
1586 4749 0.05
1586 148 0.01
1586 1521 0.2
1586 1016 0.2
1586 107 0.01
1586 793 0.2
1586 328 0.01
1586 997 0.05
1586 944 0.01
1586 499 0.01
1586 2703 0.05
1586 4956 0.2
1586 2774 0.05
1586 583 0.05
1586 282 0.05
1586 3102 0.05
1586 2299 0.2
1586 429 0.01
1586 1831 0.2
1586 715 0.05
1586 4957 0.2
1586 1788 0.01
1586 22 0.05
1586 4389 0.01
1586 939 0.05
1586 34 0.01
1586 33 0.2
1586 9 0.01
1586 418 0.05
1586 2182 0.05
1586 890 0.01
1586 214 0.01
1586 1418 0.05
1586 165 0.05
1586 1093 0.05
1586 375 0.01
1586 106 0.01
1586 4930 0.01
1586 1047 0.2
1586 157 0.05
1586 630 0.05
1586 111 0.05
1586 4132 0.05
1586 242 0.2
1586 2934 0.2
1586 445 0.2
1586 886 0.01
1586 1769 0.05
1586 1798 0.05
1586 4214 0.01
809 809 0.01
809 1650 0.05
809 3103 0.01
809 4958 0.2
809 4959 0.05
809 94 0.2
809 788 0.01
809 555 0.2
809 286 0.2
809 344 0.05
809 324 0.05
809 327 0.01
809 345 0.01
809 126 0.2
809 1523 0.2
809 4419 0.01
809 1020 0.05
809 785 0.2
809 595 0.01
809 1436 0.01
809 780 0.2
809 577 0.05
2060 46 0.01
2060 45 0.01
4960 4960 0.01
4470 4470 0.2
4470 2704 0.2
1548 5 0.05
1548 953 0.01
1548 40 0.05
1548 329 0.2
1548 445 0.05
1548 736 0.01
1548 1799 0.05
1548 739 0.05
1548 835 0.01
1548 148 0.2
1548 43 0.05
1548 1907 0.2
1548 3002 0.2
1548 1634 0.2
1548 4779 0.2
3246 3246 0.01
3246 739 0.01
3246 1287 0.2
3246 736 0.2
3246 46 0.2
3246 985 0.05
3246 1286 0.05
3246 1289 0.01
3246 1285 0.2
3246 1026 0.01
3246 1454 0.01
4961 4961 0.01
4185 1126 0.05
4185 329 0.01
4185 797 0.2
4185 4962 0.2
4185 3174 0.2
4185 599 0.01
4185 1172 0.05
4185 362 0.2
4963 4963 0.05
4963 46 0.01
4963 1171 0.2
4963 273 0.05
1424 1425 0.2
1424 1424 0.01
1424 1423 0.01
1424 1422 0.01
1705 1705 0.05
1705 1675 0.2
1705 1707 0.01
1705 1701 0.05
1705 9 0.05
1705 271 0.05
1705 293 0.01
1705 277 0.2
1705 4964 0.01
1705 3117 0.2
1705 2425 0.01
1705 751 0.2
1705 46 0.01
1705 429 0.01
1705 215 0.01
1705 1708 0.05
4965 4965 0.01
4965 273 0.05
4965 424 0.05
4965 46 0.05
4965 148 0.05
4965 1270 0.05
1091 1091 0.05
1091 1542 0.01
1091 1543 0.2
1091 764 0.2
1091 290 0.01
1091 647 0.01
1091 1137 0.2
1091 108 0.05
1091 282 0.05
1091 694 0.2
1091 1560 0.01
1091 1134 0.2
1091 1544 0.05
1091 377 0.2
1091 1337 0.05
1091 697 0.01
1091 65 0.01
1091 3010 0.2
1091 1126 0.2
1091 658 0.01
1091 1874 0.2
1091 2790 0.05
2991 2991 0.01
4966 4966 0.05
4966 265 0.2
4967 667 0.05
3725 1176 0.01
3725 747 0.01
3725 647 0.01
3725 659 0.2
3725 652 0.2
3725 2457 0.01
3725 714 0.2
3725 1212 0.2
3725 1127 0.05
3725 2278 0.05
3725 3549 0.01
3725 4968 0.2
3725 2289 0.2
3725 290 0.01
3725 2852 0.05
3725 2461 0.01
3725 1211 0.05
3725 1479 0.01
3725 2456 0.2
3725 137 0.2
3725 2460 0.01
3725 1215 0.2
3725 433 0.05
3725 110 0.2
3725 1213 0.01
3725 2453 0.05
3725 1218 0.05
3725 1210 0.01
3725 764 0.05
3725 2874 0.01
3725 1222 0.01
3725 749 0.2
3725 2454 0.01
3725 4485 0.05
3725 3505 0.01
4969 4969 0.2
4969 2539 0.2
4969 1671 0.01
4969 442 0.2
4969 328 0.01
2378 2378 0.2
2378 1214 0.2
2378 1195 0.05
2794 2794 0.01
4714 4713 0.2
4714 1133 0.01
4714 2165 0.01
4714 1142 0.01
4714 1378 0.2
3314 1549 0.2
3314 1592 0.01
3314 207 0.05
3314 209 0.2
3314 44 0.01
4970 4970 0.05
4970 431 0.05
1935 575 0.01
4183 830 0.2
4183 939 0.05
4183 1085 0.05
4183 34 0.05
4183 438 0.01
4183 2255 0.01
4183 4583 0.05
4971 46 0.01
4972 4972 0.2
4973 4973 0.2
1541 1541 0.2
1541 1487 0.05
1541 658 0.05
1541 1464 0.01
1541 1488 0.05
1541 977 0.2
1541 2572 0.05
2944 555 0.05
2944 1157 0.2
2944 764 0.2
2944 2319 0.2
3399 1123 0.2
4974 4975 0.01
4974 373 0.05
4974 634 0.01
4974 3082 0.01
4974 813 0.05
1540 349 0.05
1540 1538 0.05
1540 716 0.01
4976 4976 0.01
4976 1531 0.01
2473 2473 0.01
2473 405 0.01
2473 2474 0.2
2473 400 0.05
2473 1711 0.2
2473 2467 0.2
2473 4977 0.01
4978 4978 0.2
4245 4245 0.05
248 2681 0.2
248 248 0.2
248 324 0.01
248 1692 0.01
248 323 0.2
248 2851 0.05
248 286 0.2
248 126 0.05
248 4979 0.01
4126 2324 0.01
4890 4890 0.2
4890 2143 0.05
3676 1538 0.2
3676 2142 0.05
3676 3676 0.05
3676 708 0.05
3676 414 0.01
3676 397 0.01
3676 2793 0.2
3676 1094 0.01
3676 2969 0.05
2882 829 0.01
2882 30 0.2
2882 328 0.2
2882 1918 0.01
2882 2878 0.05
2882 4980 0.05
2882 797 0.2
2882 2882 0.2
2882 112 0.05
2882 286 0.2
2882 46 0.05
2882 2883 0.05
2882 2019 0.2
399 399 0.01
399 1717 0.2
399 398 0.2
399 584 0.2
399 1716 0.01
399 2426 0.01
399 892 0.05
399 157 0.2
399 4700 0.2
399 30 0.01
399 46 0.01
399 4511 0.01
399 297 0.01
399 1809 0.2
399 4632 0.2
399 4167 0.01
399 2558 0.05
399 4981 0.01
399 429 0.01
399 328 0.01
399 1060 0.05
399 2595 0.01
399 2013 0.01
399 1000 0.01
399 103 0.05
399 617 0.05
399 362 0.01
399 4540 0.01
399 334 0.2
399 385 0.05
399 20 0.01
399 2599 0.01
399 2184 0.01
399 741 0.01
399 1454 0.01
399 4982 0.2
399 3850 0.2
399 376 0.2
399 2098 0.01
399 949 0.05
399 599 0.01
399 711 0.01
399 323 0.01
399 625 0.2
399 4983 0.2
399 4984 0.01
399 4985 0.2
399 1777 0.2
399 2260 0.01
399 2642 0.2
399 4986 0.05
399 4987 0.2
399 1049 0.01
399 1484 0.2
399 1824 0.2
399 846 0.05
399 52 0.01
399 1085 0.05
399 927 0.01
399 98 0.01
399 261 0.2
399 4580 0.2
399 577 0.2
399 793 0.2
399 919 0.2
399 4958 0.01
399 232 0.2
399 2492 0.2
399 1092 0.05
399 3218 0.01
399 4543 0.2
399 324 0.05
399 922 0.2
399 1153 0.01
399 239 0.05
399 680 0.2
399 4544 0.2
399 397 0.2
399 2141 0.2
399 405 0.05
399 2783 0.2
399 3409 0.05
399 3961 0.05
399 2775 0.05
399 886 0.01
399 417 0.01
399 418 0.01
399 34 0.01
399 1410 0.05
399 370 0.01
399 1178 0.01
399 4029 0.05
399 718 0.2
399 2787 0.2
399 1732 0.01
399 43 0.01
399 1968 0.05
399 1665 0.01
1001 1001 0.05
1001 990 0.01
1001 174 0.05
1001 1002 0.01
1001 1590 0.05
1001 2555 0.2
1001 1589 0.05
1001 171 0.01
1001 172 0.2
1001 712 0.2
1001 524 0.2
1001 938 0.2
1001 3050 0.05
1001 577 0.01
1001 934 0.01
1001 525 0.01
1001 1003 0.05
1001 807 0.01
1001 1418 0.2
1001 492 0.05
1001 1492 0.01
1001 346 0.01
1001 1404 0.2
1001 780 0.01
1001 511 0.2
1001 830 0.05
1001 3894 0.2
1001 1993 0.05
1001 829 0.05
1001 303 0.05
1001 2556 0.05
1001 1356 0.05
1001 937 0.2
1001 2437 0.05
1001 46 0.01
1001 892 0.2
1001 1020 0.05
1001 349 0.05
1001 2255 0.05
1001 1917 0.05
1001 2450 0.01
1001 345 0.2
1001 728 0.01
1001 2173 0.05
1001 1851 0.05
1001 438 0.05
1001 324 0.01
1001 30 0.01
1001 1049 0.05
1001 3431 0.05
2215 1856 0.2
2215 429 0.2
4988 648 0.01
4988 334 0.2
4988 647 0.2
4988 119 0.2
4988 579 0.2
4988 1116 0.05
4988 1428 0.01
4988 1450 0.05
4988 738 0.01
4988 637 0.2
4988 1768 0.05
4988 1515 0.05
4988 2299 0.01
4988 2535 0.01
4988 1652 0.2
4988 2536 0.05
4988 2537 0.05
4988 326 0.05
4988 1202 0.2
4988 2538 0.01
4988 167 0.01
4988 1571 0.05
4988 2550 0.05
4988 655 0.05
4988 434 0.01
4988 1086 0.05
4988 172 0.01
4988 797 0.01
4988 27 0.2
4988 65 0.2
4988 555 0.05
4988 2834 0.2
4988 1921 0.05
4989 4989 0.01
4990 4990 0.01
4990 1171 0.2
4990 3807 0.01
4990 3770 0.01
4990 22 0.2
4990 282 0.2
4990 1231 0.2
4991 4991 0.05
4992 4992 0.2
2021 578 0.05
2021 2021 0.01
2021 1643 0.05
2021 583 0.05
2021 904 0.05
2021 337 0.05
2021 171 0.01
2021 30 0.05
2021 1420 0.05
2021 46 0.01
2021 1343 0.2
2021 430 0.01
2021 373 0.01
2021 1548 0.05
2021 377 0.2
2021 1434 0.01
2021 3482 0.01
2021 425 0.05
2021 445 0.05
2021 540 0.01
2021 442 0.2
2021 709 0.05
2021 1818 0.01
2021 735 0.2
2021 882 0.2
2021 2323 0.01
2021 209 0.05
2021 1524 0.01
2021 1162 0.05
2021 1433 0.2
2021 1616 0.01
2021 144 0.01
2021 1476 0.2
2021 511 0.05
2021 1248 0.2
2021 655 0.2
2021 1094 0.05
2021 434 0.01
2021 1238 0.05
2021 1416 0.05
2021 1401 0.05
2021 620 0.01
2021 844 0.05
2021 657 0.05
2021 1012 0.05
2021 835 0.05
2021 659 0.2
2021 1016 0.2
2021 1024 0.05
2021 883 0.2
2021 888 0.2
2021 2450 0.05
2021 1491 0.01
2021 710 0.01
2021 1974 0.05
2021 743 0.2
2021 1278 0.2
2021 856 0.01
2021 656 0.01
2021 2136 0.01
2021 892 0.05
2021 576 0.2
2021 750 0.01
2021 1546 0.05
2021 857 0.2
2021 1684 0.2
2021 79 0.2
2021 333 0.01
2021 163 0.05
2021 273 0.2
2021 651 0.01
2021 858 0.2
2021 562 0.01
2021 650 0.05
2021 1924 0.2
2021 100 0.01
2021 1450 0.2
2021 2562 0.01
2021 350 0.2
2021 1968 0.2
2021 118 0.01
2021 1356 0.2
2021 658 0.2
2021 624 0.01
2021 1033 0.05
2021 385 0.01
2021 2890 0.05
2021 375 0.05
2021 3117 0.2
2021 859 0.01
2021 1493 0.05
2021 2252 0.01
2021 5 0.01
2021 1580 0.05
2021 1543 0.01
2021 649 0.05
2021 2911 0.2
2021 3257 0.2
2021 860 0.01
2021 654 0.2
2021 787 0.01
2021 1834 0.01
2021 1124 0.2
2021 1127 0.05
4993 4993 0.01
4994 584 0.01
4994 1794 0.2
4994 2226 0.01
4994 399 0.05
4994 3218 0.05
4994 1410 0.01
4994 2787 0.2
4994 1732 0.01
4994 1731 0.01
4994 1733 0.01
4994 4632 0.2
1025 1025 0.01
1025 506 0.05
1025 4995 0.2
3565 1450 0.2
3565 194 0.05
3565 1909 0.2
3565 167 0.01
3565 584 0.05
3565 165 0.05
3565 71 0.2
3565 603 0.05
4996 4996 0.2
4997 4997 0.2
4997 449 0.2
4509 1653 0.2
4509 4509 0.2
4509 2109 0.2
4509 182 0.05
2947 172 0.2
2947 2184 0.05
2947 933 0.05
4998 4998 0.2
3669 351 0.2
3669 352 0.05
3669 350 0.2
3669 3006 0.2
3669 2076 0.01
3669 2307 0.05
3669 303 0.01
3669 4146 0.01
3669 3669 0.01
3669 3786 0.05
3669 3572 0.01
3669 2587 0.01
3669 176 0.05
3669 1441 0.2
3669 1179 0.05
3669 1927 0.05
3669 4148 0.05
3669 872 0.05
3669 4147 0.2
3669 1167 0.2
3669 1961 0.01
3669 3884 0.2
1496 1496 0.2
1496 1428 0.2
1496 1023 0.2
1496 1027 0.01
1496 329 0.01
1496 859 0.05
1496 175 0.01
1496 1150 0.05
1496 1097 0.01
1496 1241 0.2
1496 4057 0.2
4999 121 0.2
5000 5001 0.05
5000 5000 0.05
1229 1229 0.01
4986 4986 0.01
4986 843 0.05
4986 844 0.01
4113 4113 0.01
4113 30 0.01
4113 22 0.2
4113 116 0.05
4113 1105 0.05
4113 673 0.05
4113 719 0.05
4113 46 0.01
4113 329 0.2
4113 1580 0.05
4113 126 0.01
4113 2762 0.05
4113 937 0.2
3804 3804 0.05
3804 84 0.2
3804 737 0.05
3804 789 0.01
3804 739 0.05
3804 400 0.2
3804 1711 0.2
3804 736 0.01
4987 4987 0.01
1908 44 0.2
1908 943 0.01
1908 1160 0.2
1908 1086 0.2
1908 46 0.2
1908 445 0.2
1908 1407 0.2
1908 441 0.2
1908 436 0.2
1908 440 0.01
1908 1894 0.05
1908 431 0.2
1908 429 0.01
1908 1856 0.2
1908 5 0.01
1908 353 0.01
1908 1116 0.01
1908 434 0.2
1908 432 0.01
1908 318 0.05
1908 438 0.01
1908 1065 0.05
1908 435 0.05
1908 4 0.05
1908 1906 0.01
1908 1893 0.2
1908 373 0.2
1908 4888 0.01
1908 1237 0.01
1302 1302 0.05
1302 46 0.01
1302 757 0.2
1302 972 0.01
1302 1301 0.05
1302 711 0.01
1302 214 0.01
1302 251 0.01
1302 703 0.05
5002 598 0.2
5002 2521 0.2
5002 1122 0.05
5002 1229 0.05
5003 5003 0.2
5004 669 0.01
2908 2908 0.01
5005 747 0.05
5005 2214 0.2
5005 1752 0.2
5005 233 0.01
5005 440 0.01
5005 741 0.05
5005 810 0.2
5005 5006 0.01
5005 2537 0.2
5005 2536 0.05
5005 4583 0.2
5005 1652 0.05
5005 2705 0.05
5005 321 0.2
5005 346 0.05
5005 2535 0.2
5005 4214 0.01
5005 2299 0.05
5005 1073 0.2
5005 949 0.05
5005 627 0.01
5005 2964 0.2
5005 1306 0.2
5005 318 0.2
5005 167 0.2
5005 2538 0.01
5005 1447 0.01
5005 1844 0.05
5005 373 0.05
5005 445 0.2
5005 303 0.01
5005 1596 0.2
5005 583 0.2
5005 1644 0.01
5005 1992 0.01
5005 27 0.05
5005 891 0.05
3338 1499 0.01
3338 747 0.05
3338 1222 0.05
5007 5007 0.01
5007 1622 0.2
5007 126 0.2
5007 46 0.2
5007 1278 0.01
2416 2416 0.05
2416 2227 0.2
2416 4102 0.01
2416 230 0.2
1784 1629 0.2
964 964 0.05
964 2334 0.05
964 1139 0.05
4895 4895 0.01
4895 157 0.01
4895 1361 0.2
4895 622 0.01
4895 604 0.2
4129 116 0.01
4129 1105 0.05
4129 925 0.01
4129 2396 0.01
4129 22 0.2
4129 5008 0.2
4129 859 0.05
4129 4113 0.01
4129 2912 0.2
4129 2762 0.2
4129 3784 0.05
3357 1064 0.05
2233 126 0.05
2233 2233 0.01
2233 4254 0.01
2233 2227 0.2
2233 787 0.2
2233 644 0.05
2233 727 0.05
2233 30 0.01
2233 429 0.01
2233 1247 0.05
2233 428 0.05
2233 2259 0.01
5009 3179 0.01
5009 1162 0.2
5009 336 0.01
5009 227 0.01
5009 2042 0.05
5009 1653 0.2
5009 224 0.05
5009 1092 0.2
1049 990 0.2
1049 30 0.2
1049 577 0.05
1049 1490 0.2
1049 346 0.01
1049 780 0.2
1049 1165 0.2
1049 492 0.05
1049 1851 0.2
1049 2614 0.2
1049 1566 0.05
1049 2450 0.05
1049 328 0.2
1049 348 0.2
1049 678 0.05
1049 1662 0.01
1049 1001 0.2
1049 1418 0.05
1049 830 0.2
1049 791 0.01
1049 807 0.2
1049 712 0.2
1049 1622 0.2
1254 3455 0.2
1254 2085 0.01
1254 610 0.2
1254 3443 0.01
1254 597 0.05
1254 328 0.05
1254 1981 0.2
1254 126 0.01
1254 1373 0.05
1254 1236 0.2
1254 125 0.01
1254 1634 0.05
1254 1254 0.05
1254 4130 0.2
1254 880 0.01
1254 625 0.01
1254 944 0.01
1254 128 0.01
1254 3259 0.2
1254 773 0.05
1254 1366 0.01
1254 1258 0.05
1254 1964 0.05
1254 3038 0.01
1254 2345 0.05
1254 2664 0.2
1254 3906 0.01
1254 457 0.01
1254 46 0.05
1254 286 0.2
1254 658 0.01
1254 5010 0.2
1254 3931 0.05
1254 904 0.01
1254 157 0.2
1254 5011 0.01
1254 2130 0.05
1254 1255 0.01
1254 5012 0.2
1254 3258 0.01
1254 5013 0.2
1254 1947 0.01
1254 2688 0.2
1254 2689 0.05
1254 5014 0.01
1254 5015 0.2
1254 2277 0.2
1254 5016 0.2
1254 1266 0.2
1254 5017 0.01
1254 5018 0.01
1254 1259 0.05
1254 763 0.2
1254 2635 0.01
1254 1261 0.01
1254 129 0.2
1254 3934 0.01
1254 2314 0.05
1254 1986 0.05
1254 5019 0.05
1254 5020 0.01
1254 1223 0.01
1254 5021 0.2
1254 1378 0.01
1254 1264 0.2
1254 1241 0.05
1254 5022 0.05
1254 3511 0.05
1254 846 0.01
1254 2793 0.05
1254 1251 0.2
3085 2749 0.05
3085 3186 0.01
5023 5023 0.2
5024 5024 0.2
5024 424 0.01
5024 22 0.01
5024 426 0.2
5024 3064 0.05
939 712 0.01
939 588 0.05
939 492 0.01
939 934 0.2
939 346 0.2
939 1798 0.05
939 804 0.05
939 528 0.05
939 939 0.05
939 525 0.2
939 172 0.01
939 780 0.01
939 1645 0.2
939 2614 0.2
939 1658 0.2
939 1844 0.05
939 735 0.2
939 935 0.01
939 791 0.05
939 1948 0.05
939 577 0.05
939 990 0.01
939 324 0.2
939 171 0.2
939 933 0.05
939 2272 0.01
939 913 0.05
939 438 0.05
939 511 0.05
939 2535 0.01
939 830 0.2
939 1020 0.2
939 912 0.2
939 298 0.2
939 1616 0.01
939 523 0.01
939 2061 0.05
939 949 0.01
939 711 0.05
939 1362 0.05
939 1370 0.2
939 1657 0.01
5025 3989 0.05
3388 3388 0.05
3388 584 0.01
3388 860 0.2
1502 673 0.2
1502 1490 0.2
1502 1493 0.01
1502 30 0.2
1502 1108 0.01
1502 937 0.05
1502 1492 0.01
1502 46 0.2
1502 719 0.01
1502 1503 0.01
1502 1502 0.2
1502 735 0.01
111 255 0.05
111 277 0.05
111 703 0.05
111 770 0.2
111 597 0.05
111 503 0.01
111 113 0.2
111 1207 0.2
111 46 0.2
111 1306 0.01
111 3102 0.01
111 1586 0.2
111 1650 0.01
111 914 0.01
111 1033 0.05
111 5026 0.05
111 795 0.2
111 2616 0.05
111 2214 0.05
111 893 0.2
111 577 0.2
111 240 0.05
111 258 0.2
111 316 0.01
111 919 0.01
111 4542 0.2
111 960 0.05
111 1172 0.01
111 271 0.01
111 948 0.2
111 346 0.05
111 429 0.01
111 3386 0.2
111 214 0.05
111 5027 0.01
111 596 0.01
111 199 0.2
111 1047 0.2
111 651 0.01
111 1483 0.2
111 751 0.2
111 44 0.01
111 1485 0.2
111 34 0.01
111 1301 0.05
111 631 0.01
111 584 0.05
111 1318 0.2
111 469 0.2
111 19 0.01
111 334 0.05
111 322 0.01
111 1216 0.05
111 588 0.05
111 157 0.2
111 617 0.01
111 1550 0.2
111 1849 0.2
111 1819 0.01
111 525 0.05
5028 5028 0.05
1223 1223 0.01
1223 638 0.01
1223 328 0.05
1223 2789 0.2
1223 2725 0.2
1223 167 0.2
1223 2572 0.2
1223 94 0.01
1223 5029 0.01
1223 922 0.05
1223 1485 0.01
1223 599 0.05
1223 518 0.05
1223 791 0.01
1223 187 0.2
1223 5030 0.2
1223 89 0.05
1223 258 0.05
1223 5031 0.2
1223 1281 0.05
1223 1702 0.2
1223 103 0.01
1223 3397 0.2
1223 956 0.05
1223 613 0.05
1223 1551 0.05
1223 3940 0.01
1223 4204 0.05
1223 261 0.01
1223 62 0.2
1223 4751 0.2
1223 3037 0.01
1223 1642 0.05
1223 5032 0.2
1223 608 0.01
1223 3032 0.2
1223 4205 0.05
1223 888 0.05
1223 4949 0.01
1223 1153 0.05
1223 605 0.05
1223 3028 0.01
1223 757 0.05
1223 738 0.01
1223 4893 0.2
1223 162 0.05
1223 2150 0.01
1223 17 0.2
1223 498 0.2
1223 1849 0.2
1223 3850 0.2
1223 188 0.05
1223 5033 0.2
1223 1390 0.05
1223 4580 0.05
1223 4206 0.2
1223 1963 0.01
1223 5034 0.01
1223 107 0.2
1223 4288 0.05
1223 5035 0.2
1223 1641 0.05
1223 893 0.05
1223 525 0.05
1223 2034 0.01
1223 1545 0.05
1223 335 0.2
1223 5036 0.01
1223 2274 0.05
1223 5037 0.05
1223 1154 0.05
1223 193 0.01
1223 438 0.05
1223 5038 0.05
1223 5039 0.01
1223 628 0.2
1223 1145 0.2
1223 5040 0.01
1223 1768 0.01
1223 3033 0.01
1223 1201 0.2
1223 1646 0.2
1223 3370 0.05
1223 1653 0.05
1223 2108 0.01
1223 5041 0.2
1223 4189 0.2
1223 1630 0.05
1223 5042 0.01
1223 210 0.05
1223 788 0.05
1223 461 0.2
1223 1971 0.2
1223 776 0.2
1223 1246 0.2
1223 3651 0.05
1223 5043 0.2
1223 5044 0.05
1223 1349 0.2
1223 1178 0.05
1223 2864 0.05
1223 1629 0.05
1223 5045 0.2
1223 4499 0.2
1223 4276 0.2
1223 4943 0.2
1223 708 0.05
1223 890 0.05
1223 5046 0.01
1223 2671 0.05
1223 1917 0.2
1223 2090 0.01
1223 1782 0.05
1223 4232 0.2
1223 5047 0.2
1223 2372 0.01
1223 5048 0.05
1223 1451 0.2
1223 3432 0.01
1223 5004 0.01
1223 701 0.05
1223 5049 0.2
1223 403 0.05
1223 1373 0.01
1223 2970 0.01
1223 2436 0.01
1223 5050 0.01
1223 5051 0.2
1223 3455 0.05
1223 3316 0.2
1223 1381 0.05
1223 157 0.01
1223 4926 0.05
1223 186 0.05
1223 5052 0.05
1223 5053 0.05
1223 5054 0.05
1223 1357 0.05
1223 1964 0.2
1223 1265 0.05
1223 2267 0.01
1223 1643 0.2
1223 2470 0.05
1223 5055 0.01
1223 234 0.2
1223 1263 0.2
1223 629 0.2
1223 238 0.05
1223 5056 0.01
2217 442 0.2
2217 429 0.01
2217 1028 0.05
2217 1065 0.05
2217 431 0.2
2217 2217 0.05
2217 1803 0.05
2217 2697 0.2
4308 4308 0.2
154 154 0.2
154 46 0.01
154 5057 0.01
154 155 0.05
154 153 0.2
1871 1871 0.01
1871 653 0.05
1871 303 0.2
503 503 0.2
503 2789 0.05
503 438 0.2
503 582 0.2
503 887 0.05
503 872 0.01
503 111 0.05
503 548 0.05
503 4885 0.01
503 2539 0.2
5058 5058 0.05
805 2945 0.05
805 576 0.05
805 46 0.2
805 1176 0.2
805 431 0.01
805 97 0.05
805 801 0.05
805 329 0.05
805 22 0.01
805 1019 0.01
805 750 0.2
805 353 0.2
805 1023 0.05
805 879 0.01
805 746 0.2
805 714 0.05
805 65 0.01
805 87 0.05
805 95 0.2
805 436 0.2
805 1687 0.2
805 738 0.01
805 2299 0.05
805 469 0.05
805 647 0.01
805 1024 0.05
805 751 0.01
805 1686 0.01
805 126 0.05
805 119 0.01
805 394 0.2
805 4580 0.01
805 1153 0.2
325 325 0.05
325 46 0.2
325 1075 0.05
325 324 0.05
325 326 0.2
325 1117 0.01
325 328 0.05
325 323 0.05
325 791 0.2
325 1028 0.01
325 719 0.2
325 1021 0.05
325 2247 0.01
325 3 0.2
325 1087 0.2
325 2248 0.05
325 1434 0.2
325 1022 0.01
325 1078 0.2
325 306 0.05
325 441 0.2
325 797 0.01
325 2101 0.2
325 110 0.05
325 2249 0.01
325 1753 0.05
325 438 0.2
325 2094 0.05
325 345 0.01
325 915 0.01
325 304 0.2
325 2607 0.01
325 344 0.01
325 5059 0.01
325 2536 0.01
634 634 0.05
634 613 0.2
634 2350 0.2
634 5060 0.05
634 45 0.2
634 751 0.05
634 919 0.01
634 1964 0.2
634 80 0.2
634 3918 0.01
634 1161 0.01
634 3862 0.05
634 552 0.2
634 757 0.2
634 1178 0.05
634 1514 0.01
634 786 0.2
634 780 0.05
634 2784 0.05
634 1277 0.05
634 362 0.2
634 813 0.05
634 3481 0.05
634 5061 0.01
634 1575 0.01
634 421 0.05
634 3090 0.05
634 3288 0.05
634 658 0.01
634 1774 0.01
634 1510 0.01
634 1247 0.2
634 1076 0.05
634 23 0.01
634 5062 0.05
634 3652 0.05
634 1629 0.2
634 4974 0.05
634 1773 0.01
634 42 0.2
634 1237 0.2
634 1775 0.05
634 2429 0.05
634 1656 0.2
634 3347 0.2
634 2625 0.05
634 1248 0.2
634 4900 0.2
634 420 0.2
634 1586 0.01
634 207 0.01
634 1636 0.01
634 904 0.2
634 1975 0.01
634 1182 0.2
634 708 0.01
634 1622 0.01
634 2018 0.01
634 1326 0.05
634 400 0.05
634 188 0.2
634 2671 0.05
634 1495 0.01
634 711 0.05
634 794 0.2
634 157 0.2
634 346 0.01
634 3455 0.05
634 1971 0.01
634 3424 0.01
634 597 0.05
634 1394 0.05
634 3538 0.05
634 1085 0.05
634 577 0.05
634 1650 0.05
634 124 0.05
634 128 0.01
634 3885 0.2
634 3640 0.05
634 3228 0.01
5063 5063 0.05
5063 267 0.01
5063 46 0.05
5063 286 0.05
1289 1026 0.2
1289 3246 0.05
1289 985 0.2
1289 1287 0.01
1289 1285 0.2
1289 1286 0.2
1289 1289 0.2
1289 30 0.2
1289 860 0.05
1289 857 0.05
1289 2417 0.05
5057 5057 0.05
5057 154 0.05
5057 555 0.2
5057 1450 0.05
5064 1306 0.2
5064 3117 0.05
5064 736 0.2
5065 5065 0.01
5065 192 0.05
5065 1450 0.2
39 39 0.2
39 362 0.05
39 677 0.01
39 841 0.2
39 1126 0.05
39 1176 0.01
39 736 0.05
39 3121 0.2
39 232 0.05
39 579 0.05
39 586 0.01
39 9 0.01
39 739 0.05
39 126 0.05
39 46 0.05
39 1960 0.05
39 1116 0.2
39 30 0.05
39 431 0.05
39 743 0.01
39 747 0.05
39 652 0.01
39 1222 0.01
39 659 0.05
39 290 0.05
39 79 0.05
39 87 0.05
39 255 0.01
18 548 0.05
18 739 0.2
18 741 0.05
18 1053 0.05
18 142 0.01
18 789 0.05
18 736 0.01
18 86 0.01
18 656 0.05
18 859 0.05
18 1895 0.01
18 467 0.2
18 440 0.01
18 329 0.01
18 126 0.2
18 261 0.2
18 157 0.01
18 1930 0.01
18 362 0.2
18 855 0.2
18 1278 0.01
18 15 0.2
18 528 0.05
18 963 0.2
18 1702 0.01
18 711 0.05
18 2539 0.05
18 3069 0.05
18 609 0.05
18 577 0.2
18 65 0.2
18 1067 0.01
18 633 0.01
18 525 0.2
18 864 0.05
18 1642 0.2
18 1068 0.05
18 2865 0.05
18 3507 0.01
18 439 0.2
18 214 0.05
18 3028 0.2
18 1998 0.2
18 927 0.05
18 2535 0.05
4611 2226 0.01
4611 304 0.05
4611 301 0.01
4611 2218 0.01
4876 4876 0.2
4876 1613 0.01
4876 2215 0.05
4876 2214 0.05
4876 1318 0.01
4876 3892 0.2
4876 1816 0.2
4876 4405 0.2
4876 307 0.01
4876 4406 0.01
5066 82 0.05
2886 1898 0.05
2886 4067 0.01
2886 3100 0.2
2886 1343 0.2
2886 3102 0.01
1873 1153 0.01
5067 5067 0.01
4892 3334 0.2
4892 157 0.01
5068 5068 0.05
2927 2927 0.2
2927 357 0.2
2927 2926 0.05
2927 424 0.05
2611 202 0.01
2611 646 0.01
3623 3622 0.2
5069 5069 0.2
2109 1653 0.2
5070 5070 0.2
68 68 0.2
68 67 0.2
68 1987 0.2
3393 3393 0.05
3393 9 0.05
3393 597 0.01
5071 5071 0.01
5072 5072 0.2
5072 1407 0.01
3805 3805 0.2
3805 624 0.05
3805 30 0.2
3805 3117 0.01
3805 1306 0.2
3805 5073 0.05
3805 2622 0.05
3805 2108 0.05
3805 1094 0.05
3805 925 0.01
3805 1524 0.05
3805 3438 0.2
3805 1519 0.05
5074 5074 0.05
2599 2184 0.05
2599 2599 0.05
2599 1062 0.01
2599 741 0.2
2599 1454 0.2
4239 1768 0.2
4107 429 0.05
4107 2205 0.2
4107 725 0.05
4107 2091 0.2
4107 442 0.01
4107 431 0.05
4107 2208 0.2
5075 5075 0.05
364 788 0.2
364 328 0.2
364 30 0.05
364 1020 0.05
364 2103 0.2
364 1804 0.2
364 46 0.05
364 430 0.2
364 364 0.01
364 737 0.2
364 1246 0.2
364 853 0.01
364 1930 0.2
364 1752 0.05
364 2307 0.2
364 2725 0.01
364 5076 0.05
364 888 0.05
364 599 0.05
364 922 0.2
364 1780 0.2
364 1360 0.05
364 2134 0.01
364 776 0.2
364 2276 0.2
364 3597 0.2
364 2274 0.01
364 517 0.05
364 701 0.2
364 1248 0.01
364 4650 0.2
364 610 0.01
364 576 0.2
364 207 0.01
364 2847 0.01
364 206 0.2
364 5077 0.01
364 2940 0.2
364 711 0.2
364 2255 0.01
364 1399 0.05
364 769 0.05
364 2181 0.05
364 1394 0.01
364 1592 0.05
364 363 0.05
364 1826 0.05
364 708 0.2
364 1816 0.01
364 424 0.2
364 893 0.2
364 587 0.05
364 231 0.01
364 919 0.01
364 1920 0.01
364 2149 0.05
364 779 0.01
364 1277 0.05
364 1373 0.01
364 1387 0.01
364 1629 0.01
364 2439 0.2
5078 5078 0.05
5079 5080 0.05
5079 5079 0.01
5081 5081 0.05
5082 5082 0.05
373 506 0.05
373 445 0.05
373 1557 0.01
373 30 0.01
373 1518 0.2
373 1020 0.2
373 1908 0.01
373 431 0.05
373 1996 0.05
373 1065 0.2
373 316 0.2
373 46 0.2
373 1591 0.05
373 714 0.01
373 5 0.05
373 1993 0.05
373 148 0.05
373 318 0.05
373 548 0.01
373 441 0.01
373 353 0.01
373 45 0.05
373 432 0.2
373 440 0.05
373 44 0.05
373 175 0.01
373 436 0.01
373 1291 0.2
373 126 0.2
373 1893 0.01
373 428 0.2
373 1160 0.01
373 1407 0.2
373 438 0.05
373 373 0.2
373 4888 0.01
1685 1685 0.05
1685 703 0.01
1685 469 0.2
1685 705 0.2
1685 93 0.2
1685 2713 0.2
1685 2652 0.05
1685 1682 0.05
1685 1447 0.05
1685 922 0.05
1685 30 0.05
1685 3088 0.05
1685 2550 0.01
1685 3940 0.01
1685 291 0.01
1685 1846 0.01
1685 3856 0.05
1685 4406 0.01
1685 525 0.2
1685 631 0.2
1685 438 0.01
1685 157 0.01
1685 323 0.01
1685 242 0.05
1685 1169 0.2
1685 615 0.05
1685 1042 0.01
1685 1415 0.05
1685 955 0.05
1685 1034 0.05
1685 1998 0.2
1685 335 0.01
1685 3509 0.05
1685 2334 0.01
1685 917 0.2
1685 357 0.2
1685 175 0.2
1685 2412 0.05
1685 2524 0.2
1685 19 0.01
1685 240 0.2
1685 985 0.01
1685 597 0.05
1685 5083 0.2
1685 1139 0.2
1685 893 0.05
1685 519 0.05
1685 2388 0.2
1685 804 0.2
1685 2324 0.01
1685 1671 0.2
1685 1165 0.2
1685 920 0.05
1685 638 0.2
1685 860 0.2
1685 604 0.01
1685 904 0.01
1685 89 0.2
1685 243 0.05
1685 4581 0.05
1685 2428 0.05
1685 336 0.2
1685 3002 0.01
1685 5084 0.05
1685 3826 0.05
1685 2835 0.05
5085 1302 0.2
5086 376 0.01
5087 1578 0.01
5087 683 0.2
5087 194 0.01
5087 1975 0.01
5087 2792 0.2
5087 5088 0.01
5087 1017 0.05
5087 1305 0.2
5087 1050 0.2
5089 5089 0.01
5089 5090 0.2
5091 5091 0.2
467 327 0.01
467 175 0.2
467 797 0.01
467 642 0.01
467 829 0.2
467 791 0.01
467 1117 0.05
467 46 0.05
467 908 0.01
467 1663 0.05
467 638 0.01
467 1247 0.2
467 2555 0.2
467 174 0.01
467 286 0.05
467 329 0.01
467 1278 0.01
467 787 0.2
467 644 0.2
467 147 0.05
5092 126 0.2
498 498 0.05
498 2505 0.2
498 46 0.01
498 893 0.01
498 1582 0.2
498 5093 0.2
1557 1160 0.01
5094 5094 0.01
5094 647 0.01
5094 3601 0.2
5094 1450 0.05
5094 5095 0.01
5096 5096 0.05
1722 274 0.01
1722 1722 0.05
1722 1609 0.01
1722 1724 0.01
5097 5097 0.05
5097 615 0.2
5098 5098 0.05
5099 5099 0.01
5100 5100 0.01
5100 42 0.01
5100 1156 0.01
5101 2298 0.05
5102 5102 0.2
5103 5103 0.05
3642 764 0.05
3642 3642 0.01
2574 2574 0.01
2574 46 0.01
2574 883 0.05
2574 1176 0.01
2574 1211 0.01
717 639 0.01
717 353 0.01
717 431 0.05
717 432 0.05
717 44 0.01
717 428 0.05
717 445 0.05
717 46 0.2
717 215 0.01
717 1908 0.2
717 30 0.2
717 1020 0.01
717 1160 0.01
717 429 0.2
717 326 0.2
717 4302 0.05
717 1770 0.05
717 807 0.2
717 1910 0.2
5104 5104 0.05
1555 1555 0.2
1555 618 0.05
1555 1191 0.05
1555 643 0.05
1555 3239 0.05
1555 429 0.2
1555 578 0.2
1555 2090 0.05
1555 2091 0.01
1555 442 0.2
1555 1561 0.05
1555 1554 0.05
1555 1065 0.05
1555 2206 0.01
1555 720 0.2
1555 584 0.2
1555 1247 0.01
1555 2219 0.2
1555 2092 0.2
1555 428 0.01
1555 1066 0.01
1555 2207 0.05
1555 1270 0.2
1555 2228 0.2
1555 1816 0.05
1555 619 0.05
1555 725 0.01
5105 5105 0.01
5106 59 0.05
5106 1420 0.05
5106 2197 0.2
5106 162 0.01
5106 1149 0.2
5106 572 0.2
5106 171 0.01
5106 4906 0.01
5106 1202 0.05
5106 739 0.01
5106 1343 0.2
5106 2443 0.2
5106 373 0.05
5106 1434 0.2
5106 1009 0.05
5106 1548 0.2
5106 377 0.2
5106 2284 0.01
5106 3482 0.01
5106 506 0.01
5106 4648 0.2
5106 425 0.2
5106 508 0.2
5106 3774 0.2
5106 2474 0.01
5106 445 0.01
5106 242 0.2
5106 1515 0.05
5106 854 0.01
5107 5107 0.2
5108 3408 0.01
5108 4663 0.05
5108 5108 0.2
1278 644 0.01
1278 126 0.05
1278 1580 0.2
1278 163 0.01
1278 826 0.01
1278 329 0.2
1278 1991 0.01
1278 467 0.2
1278 147 0.05
1278 642 0.05
1278 1565 0.2
1278 1568 0.05
1278 2446 0.01
1278 3556 0.2
1278 1992 0.05
1278 657 0.2
1278 1053 0.2
5109 385 0.05
5110 5110 0.01
5110 22 0.01
5111 5111 0.2
580 2324 0.01
580 310 0.2
580 729 0.05
580 581 0.05
580 205 0.2
580 362 0.2
580 2086 0.01
580 2407 0.2
580 2615 0.01
580 1390 0.01
580 5112 0.05
580 988 0.2
580 1224 0.01
580 2514 0.01
580 1624 0.2
580 3117 0.2
580 234 0.2
580 191 0.2
580 565 0.05
580 960 0.05
580 1185 0.01
580 2307 0.01
580 309 0.2
580 2309 0.2
580 2411 0.05
580 2406 0.01
580 919 0.2
580 1677 0.01
580 888 0.01
580 593 0.01
580 605 0.01
580 597 0.01
580 2405 0.2
580 242 0.2
580 3524 0.05
580 1418 0.05
580 4942 0.2
580 1026 0.05
580 5113 0.2
580 3030 0.05
580 21 0.2
580 5114 0.01
580 4893 0.05
580 3434 0.01
580 335 0.2
580 1512 0.05
580 3312 0.01
580 625 0.01
580 776 0.2
5115 5115 0.05
5115 5116 0.01
5117 5117 0.05
1403 1403 0.05
1403 466 0.01
1403 174 0.2
1403 1400 0.01
1403 30 0.05
1403 324 0.2
1403 719 0.2
1403 46 0.2
1403 438 0.01
1403 286 0.2
1403 328 0.01
1403 323 0.2
1403 915 0.2
1403 934 0.05
1403 645 0.01
1403 1754 0.05
1403 329 0.01
1403 1404 0.05
1403 349 0.2
1403 467 0.01
298 595 0.01
298 934 0.01
298 121 0.05
298 1079 0.01
298 1356 0.05
298 915 0.05
298 324 0.05
298 2985 0.05
298 990 0.05
298 1750 0.05
298 34 0.05
298 594 0.2
298 1020 0.2
298 32 0.05
298 587 0.01
298 3442 0.2
298 1167 0.2
298 780 0.01
298 810 0.05
298 481 0.01
298 1928 0.2
298 2631 0.2
298 807 0.2
298 53 0.2
298 54 0.2
298 4179 0.05
298 2272 0.05
298 277 0.05
298 933 0.2
298 638 0.05
298 1485 0.01
298 346 0.01
298 4399 0.01
298 632 0.05
298 4398 0.05
298 3266 0.2
440 440 0.05
440 316 0.05
440 318 0.01
440 46 0.01
440 438 0.2
440 1996 0.2
440 1447 0.05
440 437 0.2
440 2210 0.2
440 4191 0.2
440 1086 0.05
440 436 0.2
440 947 0.05
440 1894 0.05
440 3737 0.05
440 1906 0.2
440 1908 0.2
440 5 0.2
440 441 0.01
440 432 0.01
440 2078 0.01
440 429 0.05
440 1270 0.2
440 44 0.01
440 428 0.05
440 435 0.2
440 445 0.01
440 93 0.01
440 1072 0.2
3071 3071 0.01
3071 118 0.01
3071 287 0.01
3071 22 0.2
3071 1962 0.01
3071 3070 0.2
3071 966 0.05
3071 112 0.01
3071 426 0.05
3071 1124 0.05
3071 770 0.2
5118 3705 0.05
5118 3704 0.2
3704 682 0.05
5119 5119 0.01
5120 5120 0.2
5120 1689 0.2
5120 934 0.01
5120 46 0.01
5120 2535 0.2
5121 5121 0.01
3171 1838 0.01
3171 444 0.05
3171 2073 0.01
3171 807 0.2
5122 5122 0.2
2049 2049 0.05
1213 1213 0.2
1213 746 0.2
1213 652 0.05
1213 1215 0.2
1213 748 0.01
1213 1605 0.2
1213 749 0.01
1213 747 0.2
1213 860 0.2
1213 2417 0.05
1213 3335 0.05
1213 1201 0.01
1213 1214 0.2
1213 1222 0.2
1213 1212 0.01
5123 5123 0.05
914 914 0.05
914 916 0.2
914 2550 0.2
914 624 0.01
914 1671 0.05
2951 119 0.01
2951 887 0.05
2951 1340 0.05
2951 1338 0.01
2951 764 0.2
2951 2951 0.01
1092 1116 0.2
1092 2538 0.05
1092 1238 0.01
1092 1247 0.2
1092 1797 0.05
1092 813 0.05
1092 1511 0.01
1092 597 0.2
1092 44 0.01
1092 46 0.2
1092 506 0.05
1092 126 0.2
1092 30 0.01
1880 1880 0.01
1880 65 0.2
1880 2303 0.2
1880 248 0.05
1880 792 0.05
1880 4486 0.01
1880 1879 0.2
1880 1881 0.05
2699 2699 0.2
1465 658 0.2
1465 852 0.05
1465 1211 0.2
1465 2196 0.2
285 284 0.2
285 285 0.05
285 22 0.05
285 281 0.05
285 424 0.2
285 287 0.2
285 2859 0.01
285 1010 0.2
5124 5124 0.01
5124 4548 0.05
5124 640 0.2
5125 5125 0.2
2639 2635 0.2
4098 279 0.2
4098 441 0.01
4098 4096 0.01
4098 4097 0.2
4098 5126 0.01
642 30 0.2
642 719 0.2
642 735 0.01
642 1020 0.01
642 1082 0.2
642 2291 0.01
642 305 0.01
642 5127 0.01
642 858 0.05
642 791 0.01
642 1123 0.01
642 147 0.05
642 467 0.2
642 3347 0.2
642 787 0.05
642 1278 0.05
642 2913 0.2
642 779 0.2
3591 3591 0.05
3591 175 0.2
3591 53 0.05
3591 637 0.05
3591 332 0.05
3591 49 0.2
1543 46 0.05
1543 764 0.2
1543 1211 0.01
1543 119 0.2
1543 110 0.05
1543 647 0.05
1543 1542 0.05
1543 1091 0.2
1543 1021 0.01
1543 1097 0.05
1543 2672 0.05
1543 747 0.2
1543 748 0.05
1543 1222 0.2
1543 290 0.05
1543 2996 0.2
1543 2997 0.05
2934 2452 0.05
2934 1570 0.01
2934 2934 0.01
2934 1145 0.01
2934 773 0.05
2934 625 0.2
2934 927 0.01
2934 3409 0.01
2934 157 0.05
2934 1991 0.05
2934 399 0.05
2934 2126 0.2
2934 5128 0.2
2934 791 0.05
2934 1301 0.2
2934 646 0.2
2934 188 0.01
100 1768 0.2
100 334 0.2
100 51 0.2
100 332 0.05
100 49 0.05
100 144 0.2
100 333 0.2
100 5129 0.05
100 577 0.05
100 282 0.01
100 2578 0.2
100 157 0.01
100 335 0.2
100 1586 0.2
100 627 0.05
100 29 0.2
100 1766 0.05
100 329 0.2
100 1517 0.01
100 1278 0.05
5130 5130 0.05
336 336 0.05
336 362 0.01
336 583 0.2
336 602 0.2
336 592 0.01
336 601 0.2
336 1971 0.2
336 335 0.05
1435 1435 0.05
1435 286 0.05
1435 2666 0.05
1435 2237 0.01
1435 1762 0.05
1435 2561 0.2
1435 1496 0.05
1435 736 0.05
1435 104 0.05
1435 1176 0.01
1435 92 0.05
1435 1097 0.2
1435 836 0.05
1435 4067 0.05
1435 1433 0.01
1435 1751 0.2
1435 2307 0.05
1435 2942 0.05
5131 5131 0.2
192 192 0.2
1392 1362 0.05
1392 1397 0.01
1392 678 0.2
1392 2487 0.01
1392 3117 0.01
586 46 0.2
586 30 0.01
586 586 0.05
586 197 0.2
586 199 0.2
586 200 0.01
586 205 0.01
586 203 0.01
586 196 0.05
586 329 0.01
586 307 0.01
586 1190 0.01
586 1602 0.2
586 1270 0.05
586 144 0.2
586 514 0.05
586 191 0.2
586 1692 0.2
586 1216 0.01
586 331 0.01
586 429 0.05
586 92 0.01
586 1339 0.01
586 1761 0.2
586 1839 0.05
586 1047 0.2
586 362 0.2
586 1172 0.01
586 1663 0.05
586 841 0.2
586 39 0.2
586 442 0.01
586 431 0.05
586 4472 0.05
586 3776 0.05
586 2529 0.2
586 737 0.01
586 1022 0.2
586 214 0.2
586 577 0.2
586 934 0.05
586 759 0.05
586 1033 0.2
586 610 0.2
586 840 0.01
586 298 0.01
586 618 0.2
586 807 0.2
586 277 0.01
586 944 0.05
586 175 0.01
586 915 0.01
586 1658 0.01
586 528 0.05
586 34 0.2
586 784 0.01
586 328 0.01
586 1801 0.05
586 703 0.01
586 2021 0.05
586 1756 0.2
586 791 0.01
586 2261 0.05
586 990 0.2
586 943 0.05
586 2614 0.05
586 2323 0.2
586 947 0.05
586 83 0.01
586 638 0.05
586 166 0.05
586 2211 0.05
586 45 0.05
586 44 0.05
586 306 0.01
586 1290 0.05
586 65 0.01
586 297 0.2
586 578 0.01
586 441 0.05
586 198 0.01
586 1675 0.2
586 9 0.05
586 780 0.05
586 1485 0.05
586 3276 0.2
586 887 0.05
586 311 0.2
586 2329 0.2
586 234 0.01
586 255 0.05
586 316 0.01
586 1992 0.01
586 1671 0.2
586 2004 0.05
586 1486 0.2
586 241 0.01
586 593 0.05
586 806 0.2
586 631 0.05
586 195 0.2
586 1333 0.2
586 1497 0.01
2136 2136 0.01
2136 2134 0.2
2136 492 0.2
2136 859 0.01
2136 4599 0.2
2136 349 0.2
2136 780 0.05
2136 597 0.05
2136 346 0.05
2136 791 0.2
2136 1643 0.2
2136 1004 0.2
2136 324 0.01
2136 830 0.2
2136 513 0.05
2136 65 0.2
2136 1020 0.01
2136 2464 0.01
2136 717 0.01
2136 792 0.05
2136 712 0.05
2136 649 0.2
2136 2137 0.2
2136 318 0.2
2136 2939 0.01
2136 2135 0.2
2136 1384 0.01
2136 234 0.01
2136 1847 0.2
2136 990 0.05
2136 1988 0.05
2136 4670 0.05
4066 46 0.05
5132 5133 0.2
5132 5132 0.01
5134 5134 0.01
852 852 0.01
852 1464 0.05
852 883 0.01
852 1176 0.05
852 1211 0.05
852 2852 0.01
852 1126 0.2
852 784 0.05
852 658 0.05
950 950 0.05
950 937 0.2
950 1495 0.2
950 1844 0.05
950 2883 0.05
950 5135 0.2
651 104 0.05
651 2945 0.01
651 22 0.05
651 1022 0.2
651 1019 0.2
651 92 0.01
651 65 0.05
651 1027 0.05
651 238 0.01
651 1683 0.2
651 1898 0.2
651 1682 0.2
651 2290 0.2
651 3101 0.01
651 1688 0.2
651 1341 0.2
651 1687 0.01
651 791 0.05
651 388 0.05
651 1485 0.05
651 2667 0.05
651 392 0.01
651 389 0.01
651 390 0.2
651 2843 0.2
651 1684 0.2
651 187 0.05
651 912 0.05
651 5056 0.01
651 379 0.05
651 1230 0.2
651 1315 0.01
651 312 0.05
651 1226 0.01
651 1227 0.2
651 998 0.01
651 1440 0.05
681 681 0.05
681 584 0.2
681 4026 0.2
681 739 0.01
681 1000 0.2
681 86 0.2
681 736 0.01
681 1406 0.2
681 3085 0.2
681 1407 0.05
681 2013 0.2
681 837 0.2
681 2594 0.05
681 2749 0.05
681 786 0.05
681 2747 0.05
681 2593 0.05
681 2750 0.05
681 1750 0.05
5136 5136 0.05
4227 3438 0.2
3490 2629 0.01
3490 91 0.05
3490 656 0.01
3490 142 0.05
3490 3490 0.05
3490 739 0.05
3490 789 0.2
3490 90 0.2
738 801 0.05
738 46 0.2
738 1309 0.2
738 1081 0.01
738 738 0.2
738 431 0.05
738 2284 0.01
738 443 0.05
738 435 0.2
738 1635 0.05
738 1022 0.2
738 209 0.05
738 1086 0.01
738 95 0.05
738 2652 0.05
738 2078 0.2
738 316 0.01
738 318 0.01
738 792 0.2
738 736 0.01
738 436 0.2
738 1690 0.05
738 4066 0.2
738 883 0.01
738 701 0.05
738 92 0.05
738 104 0.2
738 739 0.01
738 1023 0.05
738 741 0.01
738 1627 0.05
738 1720 0.01
738 648 0.05
738 1176 0.2
738 584 0.05
738 86 0.05
738 1298 0.01
738 97 0.01
738 1116 0.2
738 1692 0.01
738 1454 0.01
738 859 0.01
738 3313 0.05
738 3191 0.2
738 292 0.05
738 857 0.05
738 1464 0.05
738 388 0.01
738 2667 0.05
738 392 0.2
738 1856 0.05
738 2002 0.01
738 5137 0.2
738 2713 0.01
738 1686 0.2
5138 5138 0.05
4101 4101 0.2
4101 1064 0.2
4101 3398 0.05
4101 3357 0.01
4101 4516 0.01
4101 2091 0.05
4101 1823 0.05
4101 46 0.05
4101 3292 0.2
4101 584 0.05
4101 126 0.05
4101 2781 0.05
4101 2222 0.01
4101 175 0.01
4101 5139 0.05
4101 4519 0.05
4101 2259 0.2
4101 3742 0.2
4101 3647 0.2
4101 2227 0.05
5140 5140 0.05
3055 3055 0.01
3055 2239 0.05
3461 3461 0.2
1251 3449 0.05
1251 1373 0.2
1251 148 0.05
1251 3566 0.05
1251 2463 0.01
1251 2484 0.2
1251 4926 0.2
1251 778 0.05
1251 3259 0.01
1251 625 0.01
1251 610 0.01
1251 2258 0.2
1251 634 0.05
1251 1271 0.05
1251 1254 0.05
5141 5141 0.2
5142 5142 0.01
5142 316 0.2
5142 46 0.2
5142 329 0.2
2062 1633 0.05
2062 328 0.05
2062 50 0.2
2062 2062 0.2
2062 282 0.05
2062 558 0.05
2062 2103 0.05
2062 46 0.2
1362 1362 0.01
1362 2487 0.2
1362 1392 0.05
1362 939 0.05
1362 892 0.01
1362 2251 0.01
1362 348 0.2
1362 830 0.05
1362 349 0.2
1362 711 0.2
1362 1869 0.01
1362 1490 0.01
1362 912 0.05
1362 2252 0.01
1362 492 0.01
1362 620 0.01
1362 780 0.2
1362 511 0.2
1362 1436 0.2
1362 3289 0.2
1362 1657 0.05
1362 721 0.05
1362 1364 0.01
1362 4468 0.05
1362 719 0.01
1362 2255 0.05
2170 2170 0.01
2170 1085 0.05
3317 3317 0.05
5143 5143 0.2
5144 5144 0.05
5145 5145 0.2
2977 46 0.2
2977 2977 0.01
2977 22 0.05
2977 126 0.2
2977 246 0.05
2977 328 0.2
2977 719 0.2
2977 30 0.05
2977 157 0.2
2977 898 0.2
2977 578 0.01
5146 277 0.05
5146 296 0.01
5146 1579 0.2
5146 3024 0.05
5146 1562 0.2
5146 375 0.05
5146 1052 0.2
5146 3127 0.05
5146 1569 0.01
5146 5146 0.2
5146 1778 0.2
5146 2268 0.01
5146 612 0.05
5146 5147 0.05
5146 3124 0.05
5146 2625 0.2
5146 2100 0.05
5146 2349 0.01
5148 5148 0.01
508 508 0.05
5149 5149 0.01
5150 764 0.01
1010 2859 0.2
1010 576 0.05
1010 669 0.01
1010 285 0.01
5151 5151 0.01
5152 5152 0.05
5153 49 0.05
5154 5154 0.2
4559 4559 0.2
4559 2206 0.01
4559 1856 0.2
5155 5155 0.01
5156 5157 0.01
5156 5156 0.05
1242 1243 0.2
501 328 0.01
501 501 0.05
501 638 0.05
501 791 0.2
501 172 0.2
501 34 0.05
501 303 0.2
501 46 0.01
501 121 0.05
501 431 0.2
501 349 0.05
501 1028 0.2
501 171 0.2
501 1754 0.01
501 353 0.2
501 514 0.05
501 831 0.05
501 2646 0.2
501 99 0.01
501 577 0.05
501 810 0.2
501 523 0.01
3292 3292 0.01
3292 3394 0.2
3292 3398 0.05
3292 4699 0.2
5158 5158 0.01
406 406 0.2
406 1895 0.2
406 610 0.2
406 4165 0.05
406 1964 0.05
406 2615 0.05
5159 5159 0.2
5160 5160 0.01
5160 1117 0.05
2799 2799 0.01
2799 582 0.05
2799 1518 0.05
2799 271 0.01
2799 4927 0.05
2799 736 0.2
2799 2323 0.05
2799 148 0.2
2799 5161 0.2
2799 1306 0.2
1283 1284 0.05
1283 1280 0.01
1283 1283 0.05
1283 30 0.01
1283 112 0.05
1283 258 0.01
2795 2795 0.01
2795 438 0.2
2795 2072 0.2
2795 597 0.01
2795 2790 0.05
2795 1371 0.01
2795 902 0.01
2795 719 0.01
2795 12 0.05
2795 987 0.01
2795 708 0.01
2795 397 0.2
2795 1820 0.01
2795 802 0.01
2795 2141 0.05
2795 30 0.01
2795 46 0.01
2795 1418 0.2
2795 328 0.05
2795 4031 0.05
2795 1301 0.01
2795 1236 0.05
2795 1473 0.2
2795 1075 0.05
2795 3004 0.2
2795 2774 0.01
2795 1065 0.05
2795 1968 0.05
2795 1370 0.2
2795 2080 0.01
2795 2940 0.05
2795 5077 0.05
2795 3205 0.2
5162 5162 0.2
747 747 0.2
747 659 0.05
747 652 0.05
747 1212 0.01
747 1218 0.2
747 110 0.05
747 1222 0.2
747 137 0.01
747 290 0.01
747 1479 0.2
747 2453 0.2
747 1210 0.01
747 2454 0.2
747 2457 0.01
747 1127 0.05
747 1499 0.2
747 2455 0.2
747 2378 0.01
747 1605 0.05
747 79 0.2
747 105 0.05
747 377 0.05
747 2458 0.2
747 2461 0.01
747 1215 0.05
747 3338 0.01
747 748 0.2
747 1214 0.01
747 2459 0.05
747 746 0.01
747 1219 0.2
747 1590 0.05
747 749 0.01
747 1213 0.2
747 2460 0.05
747 743 0.2
747 764 0.05
4111 739 0.2
4111 46 0.01
4111 800 0.01
4111 148 0.2
4111 438 0.2
4111 4111 0.05
4964 4964 0.05
4964 293 0.2
5163 2366 0.01
5163 2267 0.01
5163 5163 0.01
5164 5164 0.2
2675 148 0.01
2675 1369 0.01
1191 429 0.01
1191 1823 0.01
1191 431 0.05
1191 428 0.2
1191 2091 0.2
1191 2090 0.01
1191 2092 0.05
1191 3239 0.01
1191 618 0.05
1191 444 0.01
1191 643 0.01
1191 1555 0.2
1191 1554 0.05
1191 2219 0.2
1191 1092 0.2
5165 5165 0.2
5166 441 0.01
5166 4644 0.05
5166 1783 0.2
5167 5167 0.05
5168 329 0.05
5168 13 0.05
2034 2034 0.05
2034 1831 0.05
2073 2073 0.2
2073 444 0.2
2073 2355 0.05
5169 5169 0.05
5170 148 0.05
5171 5171 0.2
613 1068 0.01
613 1134 0.01
613 813 0.05
613 654 0.2
613 998 0.05
613 238 0.05
613 187 0.05
613 400 0.01
613 1711 0.01
613 301 0.2
613 1249 0.01
613 1710 0.2
613 2423 0.2
613 5172 0.2
1550 1550 0.2
879 879 0.05
5173 5173 0.01
2319 2319 0.01
2319 764 0.05
2319 555 0.05
2319 2201 0.01
2319 172 0.2
2319 2320 0.01
2319 286 0.2
2319 1157 0.05
2319 2290 0.01
5174 5174 0.01
3649 3649 0.01
3649 915 0.2
3649 30 0.2
3649 34 0.2
3649 1074 0.2
3649 439 0.01
3649 1791 0.2
5175 5175 0.2
5176 1961 0.01
5177 5177 0.05
886 438 0.2
886 1022 0.05
886 784 0.2
886 887 0.05
886 2613 0.01
886 1111 0.2
5178 5178 0.05
5179 5179 0.05
2930 2930 0.01
2930 565 0.05
2245 1378 0.05
5180 5180 0.2
5180 1521 0.01
1595 1491 0.01
1595 1167 0.01
1595 1234 0.01
1595 30 0.05
1595 438 0.2
1595 121 0.2
1595 807 0.01
1595 1600 0.01
1595 175 0.01
5181 5181 0.05
5182 5182 0.05
2328 512 0.01
2328 577 0.01
5183 5183 0.01
4968 4968 0.01
5184 969 0.05
1418 1418 0.01
1418 779 0.2
1418 594 0.01
1418 2482 0.05
1418 780 0.01
1418 20 0.01
1418 805 0.01
1418 1001 0.2
1418 492 0.05
1418 712 0.05
1418 174 0.05
1418 3112 0.05
1418 2126 0.05
1418 1416 0.01
1418 717 0.2
1418 1075 0.2
1076 1079 0.01
1076 328 0.05
1076 306 0.2
1076 30 0.2
1076 1117 0.05
1076 719 0.05
1076 645 0.01
1076 324 0.2
1076 1434 0.01
1076 352 0.05
1076 2972 0.05
1076 1860 0.01
1076 323 0.2
3923 1160 0.2
3923 1247 0.05
3923 813 0.01
3923 737 0.05
3923 3082 0.05
4902 157 0.2
4902 242 0.05
4902 5185 0.2
4902 4696 0.01
4902 3417 0.2
5186 167 0.05
5186 1515 0.01
5186 194 0.01
5186 737 0.05
7 1 0.01
7 4 0.01
7 7 0.05
7 4002 0.2
7 2450 0.2
7 3 0.2
7 597 0.05
7 1521 0.2
7 399 0.01
7 157 0.2
7 80 0.05
7 1137 0.01
7 400 0.2
7 1542 0.05
7 1965 0.2
7 717 0.01
7 23 0.01
7 2282 0.01
7 1971 0.2
7 2671 0.01
7 8 0.05
7 4276 0.05
7 2193 0.2
7 708 0.05
7 3520 0.05
7 4749 0.05
4157 4156 0.2
4157 4155 0.05
4157 126 0.05
4157 328 0.05
4157 781 0.01
5187 5187 0.2
5188 5188 0.2
5188 617 0.01
5189 5189 0.05
776 776 0.01
776 2716 0.05
776 3001 0.2
776 711 0.2
776 3524 0.01
776 3525 0.2
776 3526 0.2
776 5190 0.01
776 157 0.05
776 580 0.05
322 111 0.2
322 4083 0.01
322 4492 0.2
322 322 0.2
322 3394 0.2
322 46 0.05
322 126 0.2
322 1247 0.01
322 4351 0.01
322 3292 0.05
322 429 0.01
322 5191 0.05
322 2078 0.2
322 1650 0.01
322 506 0.2
322 1757 0.2
322 643 0.05
322 431 0.2
322 2090 0.01
322 1306 0.01
322 846 0.2
322 316 0.01
322 1281 0.2
322 35 0.05
322 916 0.2
322 323 0.2
322 770 0.01
322 528 0.01
322 328 0.05
322 3316 0.2
322 917 0.01
322 893 0.2
322 795 0.05
322 44 0.05
322 1162 0.01
322 265 0.05
322 109 0.05
322 1393 0.01
322 104 0.01
322 944 0.05
322 807 0.01
322 113 0.01
322 65 0.2
322 1547 0.01
322 297 0.2
322 578 0.05
322 2886 0.2
322 3396 0.01
322 2355 0.05
322 2562 0.01
322 956 0.05
322 1487 0.01
322 593 0.01
322 1497 0.01
322 215 0.01
322 638 0.05
322 1819 0.2
322 751 0.2
322 45 0.01
322 863 0.2
322 594 0.2
322 532 0.2
322 3398 0.05
322 3293 0.05
322 321 0.05
322 997 0.2
322 538 0.01
322 2199 0.01
322 1301 0.2
322 19 0.01
322 1066 0.01
322 4625 0.05
322 336 0.2
5192 5192 0.01
625 2970 0.2
625 1978 0.05
625 2969 0.01
625 699 0.2
625 1538 0.2
625 5193 0.2
625 2085 0.01
625 812 0.01
625 2585 0.05
625 5194 0.05
625 1795 0.05
625 5195 0.01
625 2084 0.05
625 3259 0.01
625 778 0.05
625 1254 0.05
625 944 0.05
625 3228 0.05
625 2313 0.05
625 399 0.2
625 1774 0.01
625 675 0.2
625 1178 0.2
625 889 0.05
625 20 0.01
625 1970 0.01
625 577 0.01
625 403 0.2
625 526 0.01
625 2938 0.05
625 891 0.01
625 232 0.01
625 2274 0.01
625 335 0.2
625 711 0.01
625 2911 0.01
625 362 0.01
625 3177 0.2
625 4505 0.05
625 1174 0.05
625 2898 0.2
625 413 0.2
625 336 0.2
625 5196 0.2
625 583 0.05
625 326 0.2
625 62 0.2
625 421 0.01
625 4703 0.01
625 34 0.05
625 1145 0.2
625 1971 0.05
625 984 0.01
625 3426 0.05
625 1779 0.05
625 2787 0.01
625 552 0.05
625 2671 0.2
625 3414 0.01
625 1360 0.01
625 1574 0.01
625 3609 0.05
625 1575 0.05
1407 1407 0.2
1407 1237 0.05
1407 1464 0.01
1407 584 0.2
1407 2593 0.05
1407 5197 0.01
1407 3085 0.01
1407 3186 0.05
1407 2749 0.2
1407 1406 0.05
1407 445 0.01
1407 4 0.05
1407 44 0.01
1407 46 0.05
1407 1893 0.05
1407 1892 0.2
1407 1041 0.01
1407 1400 0.2
1407 2014 0.2
1407 3388 0.2
1407 242 0.2
1407 1906 0.05
1407 2702 0.01
1407 428 0.01
1407 2747 0.05
5198 5198 0.05
5199 5199 0.2
5200 5200 0.05
3335 652 0.01
2595 2595 0.2
5201 801 0.05
5201 1309 0.05
5202 2246 0.05
5203 5203 0.05
1166 1166 0.2
1166 791 0.05
1166 638 0.01
1166 737 0.01
1166 934 0.05
1166 328 0.05
1166 915 0.01
1166 577 0.05
1166 349 0.05
1166 1930 0.2
1166 232 0.2
1166 174 0.2
1166 1844 0.2
1166 214 0.05
1166 1159 0.2
1166 172 0.2
1166 830 0.2
1166 517 0.01
1166 780 0.01
1166 1397 0.2
5204 5204 0.05
94 94 0.01
94 2183 0.01
94 1137 0.01
94 2435 0.01
94 3195 0.01
94 1650 0.05
94 918 0.2
94 3179 0.05
1142 1142 0.2
1142 5205 0.2
1142 126 0.2
1142 62 0.05
1142 646 0.05
1142 1187 0.05
1142 4119 0.05
1142 5206 0.05
1142 194 0.01
1142 629 0.01
1142 329 0.05
1142 1175 0.2
1142 193 0.05
1142 1394 0.2
1142 625 0.01
1142 214 0.2
1142 2136 0.05
1142 955 0.2
1142 2634 0.05
1142 1223 0.2
1142 2881 0.01
1142 919 0.01
1142 1370 0.2
1142 3206 0.01
1142 2789 0.05
1142 1650 0.05
1142 1418 0.01
1142 1001 0.05
1142 1126 0.05
1142 708 0.01
1142 1141 0.05
1142 2990 0.01
1142 1968 0.05
1142 2938 0.2
1142 642 0.2
1142 644 0.05
1142 787 0.2
1142 1278 0.2
1142 328 0.05
1142 719 0.05
1142 46 0.05
1142 819 0.01
1142 1831 0.01
1142 624 0.01
1142 1524 0.01
1142 2791 0.05
1142 20 0.2
1142 349 0.05
1142 795 0.05
1142 2298 0.05
1142 606 0.05
1142 1137 0.05
1142 501 0.05
1142 1970 0.2
1142 2578 0.2
1142 715 0.05
1142 461 0.05
1142 1662 0.05
1142 492 0.05
1142 1047 0.01
1142 23 0.2
1142 1634 0.2
1142 3482 0.05
1142 960 0.01
1142 2964 0.01
1142 830 0.05
1142 1415 0.2
1142 2467 0.2
1142 864 0.01
1142 890 0.05
1142 4714 0.2
1142 2774 0.05
1142 773 0.05
1142 1238 0.2
1142 2538 0.01
1142 1116 0.01
1142 1247 0.2
1142 813 0.01
1142 3304 0.2
1142 3283 0.2
1142 804 0.05
1142 898 0.2
1142 904 0.05
1142 1309 0.2
1142 1395 0.05
1142 737 0.2
1142 1630 0.05
1142 1076 0.01
1142 2478 0.05
1142 1734 0.05
1142 1679 0.2
1142 173 0.2
5207 2781 0.2
5207 2227 0.2
5207 121 0.01
5207 2259 0.2
5207 1379 0.2
5207 1386 0.05
5207 643 0.01
5207 428 0.01
5207 30 0.2
589 647 0.01
589 746 0.05
589 589 0.2
589 888 0.05
589 107 0.01
589 963 0.2
589 2507 0.05
589 2508 0.05
589 2568 0.05
589 749 0.05
589 1222 0.2
589 377 0.05
589 108 0.05
589 2459 0.01
589 3645 0.2
589 659 0.01
589 1213 0.2
589 1479 0.2
589 1214 0.05
589 1210 0.01
589 290 0.05
589 748 0.01
589 1605 0.05
589 747 0.05
589 137 0.2
589 2457 0.01
589 2458 0.2
589 2323 0.05
589 642 0.01
589 657 0.2
5208 5208 0.01
5209 5209 0.01
5210 5210 0.05
5210 3285 0.01
5211 5211 0.05
5212 5212 0.01
5213 5213 0.01
3730 2171 0.2
3730 3730 0.2
5214 5214 0.05
789 739 0.01
789 740 0.01
789 792 0.2
789 736 0.01
789 1309 0.05
789 738 0.2
789 741 0.2
789 84 0.01
789 1053 0.05
789 833 0.01
789 1176 0.01
789 648 0.01
789 142 0.01
789 1628 0.2
789 802 0.01
789 1033 0.01
789 3491 0.01
789 790 0.01
5215 5215 0.2
5216 2732 0.2
5216 2733 0.01
5217 5217 0.05
5217 1154 0.05
5046 5046 0.05
5046 1223 0.01
5046 788 0.05
5218 286 0.2
5218 4067 0.01
5219 5219 0.05
1693 741 0.2
1693 740 0.05
1693 1516 0.2
1693 106 0.01
1693 736 0.2
1693 142 0.01
1693 739 0.05
1693 835 0.2
1693 656 0.05
1693 834 0.2
1693 837 0.01
1693 86 0.01
1693 1694 0.05
1693 855 0.05
1693 1024 0.2
1693 329 0.05
1693 801 0.05
1693 1308 0.01
1693 1053 0.2
1693 286 0.05
1693 324 0.01
1693 84 0.01
1693 91 0.2
1693 102 0.05
1693 737 0.01
1693 71 0.05
1693 1628 0.2
1693 789 0.01
1693 738 0.01
1693 648 0.05
1693 327 0.05
1693 859 0.05
1693 2237 0.2
1693 1306 0.2
5220 5220 0.05
1511 1511 0.05
1511 1247 0.2
1511 2538 0.05
1511 695 0.05
4850 4850 0.01
4850 4849 0.01
4850 439 0.01
4850 46 0.2
4850 5221 0.2
4850 2066 0.2
4850 4019 0.01
723 1538 0.05
723 716 0.01
1975 1975 0.05
5222 1768 0.05
5222 1202 0.05
5222 1515 0.01
5222 2535 0.2
5222 346 0.01
5222 1652 0.05
5222 2536 0.01
5222 2537 0.05
5222 2538 0.05
5222 167 0.05
5222 703 0.01
5222 318 0.05
5222 1306 0.05
5222 2964 0.01
5222 627 0.05
5222 1939 0.2
5222 1420 0.05
5222 2197 0.2
5222 1149 0.2
5222 572 0.2
5222 171 0.05
5222 4906 0.2
5222 739 0.05
5222 59 0.01
5222 1343 0.2
5222 192 0.01
5222 373 0.01
5222 672 0.01
5222 1434 0.2
5222 1009 0.2
5222 1548 0.01
5222 377 0.01
2859 2859 0.01
2859 1453 0.01
2859 1126 0.01
2859 46 0.05
2859 1449 0.01
2859 714 0.01
2859 1186 0.2
2859 3527 0.2
2859 1176 0.05
2859 101 0.2
2859 286 0.05
2859 1010 0.05
2859 1123 0.01
2859 1172 0.2
2859 385 0.2
2859 1232 0.2
2859 285 0.01
533 542 0.2
533 306 0.05
533 438 0.2
533 1817 0.2
533 2217 0.05
533 2002 0.01
533 577 0.2
1742 512 0.05
1742 1742 0.01
1742 30 0.2
1742 2226 0.01
1742 990 0.05
1742 1020 0.01
1742 46 0.05
1742 492 0.2
1742 348 0.05
1742 712 0.05
1742 303 0.01
1742 438 0.2
1742 719 0.01
1742 4583 0.05
1742 653 0.2
1742 1871 0.2
1742 1490 0.05
1742 577 0.05
1742 286 0.05
1742 1868 0.01
1742 1870 0.05
1742 3744 0.01
1742 128 0.01
4219 4219 0.01
4219 2739 0.01
4219 426 0.2
4219 1701 0.2
4219 444 0.2
4219 1629 0.01
5223 5223 0.05
5223 1278 0.01
378 378 0.01
378 4363 0.05
378 2507 0.01
378 19 0.2
378 3394 0.01
378 2064 0.01
378 121 0.2
378 518 0.05
378 268 0.05
378 263 0.05
378 597 0.2
378 1440 0.01
378 2694 0.01
378 271 0.01
378 939 0.01
378 584 0.2
378 2965 0.01
378 3389 0.2
378 3384 0.2
378 1549 0.2
378 335 0.01
378 860 0.01
378 857 0.2
378 716 0.05
378 2782 0.05
378 157 0.05
378 1551 0.05
378 246 0.05
378 46 0.01
378 1126 0.05
378 3399 0.05
378 711 0.2
378 589 0.05
378 431 0.2
378 345 0.01
378 1811 0.2
378 1816 0.2
5224 5224 0.01
3224 943 0.01
3224 3224 0.05
5225 5225 0.05
1195 2071 0.05
1195 2660 0.01
1195 30 0.05
1195 46 0.05
1195 438 0.2
1195 431 0.2
1195 643 0.01
1195 434 0.01
1195 858 0.05
1195 1195 0.01
1195 2276 0.05
1195 2317 0.2
1195 2318 0.2
1195 427 0.2
1195 327 0.05
1195 353 0.05
1195 329 0.05
1195 1799 0.01
1195 1765 0.01
1195 286 0.01
1195 3150 0.2
1195 2839 0.05
1195 594 0.01
1195 2057 0.05
1195 385 0.2
1195 1912 0.05
1195 737 0.05
1195 1194 0.2
1195 4694 0.2
1195 3064 0.01
1195 356 0.01
1195 1451 0.01
1195 1208 0.2
1195 2378 0.05
1068 562 0.2
1068 1122 0.05
1068 316 0.01
1068 1230 0.01
1068 273 0.2
1068 22 0.2
1068 2823 0.01
1068 1723 0.05
1068 282 0.2
1068 65 0.2
1068 1134 0.2
1068 1171 0.01
1068 764 0.05
1068 613 0.01
1068 598 0.01
1068 577 0.05
1068 2141 0.05
1068 4696 0.05
1068 424 0.2
1068 813 0.01
1068 2226 0.01
1068 2154 0.01
1068 1594 0.05
1068 2949 0.05
1068 1981 0.01
489 555 0.05
3066 2622 0.2
3066 112 0.2
3066 3067 0.2
3066 966 0.05
3066 1961 0.2
3066 770 0.2
3066 426 0.01
3066 22 0.2
3066 118 0.2
3066 1560 0.05
5226 5226 0.01
3384 210 0.01
3384 880 0.05
3384 211 0.01
3384 207 0.2
5227 2337 0.01
3510 3510 0.2
3510 543 0.05
3510 1000 0.05
3510 512 0.2
3510 3213 0.05
3510 1703 0.2
3510 20 0.01
3510 1195 0.01
3510 1917 0.2
3510 1113 0.01
3510 2377 0.05
3510 2078 0.01
3510 1689 0.2
3510 1823 0.01
3510 1399 0.01
3510 2376 0.01
3510 3240 0.2
3510 2795 0.01
3510 1592 0.2
3510 947 0.2
3510 1041 0.2
3510 414 0.05
3510 4491 0.01
3510 4581 0.01
3510 2257 0.01
3510 2539 0.2
3510 3440 0.01
3510 374 0.2
3510 197 0.05
3510 1927 0.01
3510 258 0.05
3510 1591 0.2
3510 699 0.2
3510 758 0.01
3510 2550 0.05
3510 1860 0.2
3510 1743 0.05
3510 4751 0.2
3510 1870 0.01
3510 1765 0.2
3510 1004 0.01
3510 1764 0.05
3510 891 0.2
3510 674 0.2
3510 2412 0.05
3510 677 0.05
3510 376 0.01
3510 1840 0.01
3510 2535 0.05
3510 1393 0.01
3510 1150 0.2
3510 1093 0.2
3510 2061 0.05
3510 1312 0.01
3510 790 0.05
3510 2366 0.2
3510 240 0.01
3510 2969 0.01
3510 630 0.05
3510 1073 0.05
3510 846 0.05
3510 317 0.05
3510 387 0.2
3510 1110 0.01
3510 825 0.05
3510 2487 0.01
3510 1514 0.05
3510 861 0.2
3510 3986 0.05
3510 4067 0.01
3510 4642 0.2
3510 1395 0.05
3510 2032 0.01
3510 84 0.05
3510 553 0.01
3510 3476 0.05
3510 2883 0.2
3510 2790 0.01
3510 2739 0.2
3510 1952 0.2
3510 1034 0.01
3510 2350 0.2
3510 85 0.01
3510 615 0.01
3510 89 0.05
3510 88 0.2
3510 87 0.2
3510 86 0.05
3510 233 0.2
3510 890 0.05
3510 18 0.01
3510 603 0.2
3510 556 0.05
3510 2126 0.2
63 63 0.05
63 175 0.05
63 286 0.01
63 1603 0.05
63 30 0.05
63 555 0.01
63 329 0.2
63 126 0.05
63 48 0.01
63 1641 0.2
63 629 0.05
63 3671 0.05
63 577 0.2
63 780 0.05
63 3774 0.2
827 1117 0.05
827 30 0.01
827 825 0.2
827 172 0.05
827 915 0.05
827 934 0.05
3117 736 0.01
3117 739 0.05
3117 740 0.05
3117 84 0.2
3117 855 0.05
3117 30 0.01
3117 1306 0.2
3117 293 0.2
3117 2629 0.2
3117 267 0.01
3117 1089 0.01
3117 837 0.2
3117 142 0.2
3117 926 0.01
3117 1021 0.01
3117 718 0.05
3117 5064 0.2
3117 2976 0.2
3117 2277 0.01
3117 1586 0.2
3117 939 0.05
3117 1775 0.01
3117 1075 0.05
3117 1392 0.05
3741 1512 0.2
3741 214 0.05
3741 3126 0.01
5228 1491 0.2
5228 346 0.01
5228 1237 0.2
5229 5229 0.01
5229 5230 0.2
5231 52 0.05
5232 5232 0.01
5233 797 0.2
5234 5234 0.01
5235 5235 0.05
5235 5236 0.2
5235 5237 0.05
3480 3480 0.05
3480 506 0.01
3480 46 0.05
3480 1549 0.05
3480 1781 0.01
3480 1052 0.05
5238 5238 0.01
260 260 0.05
260 904 0.05
9 739 0.2
9 126 0.2
9 46 0.01
9 1960 0.01
9 506 0.05
9 30 0.05
9 1517 0.2
9 86 0.01
9 3237 0.01
9 311 0.01
9 736 0.05
9 586 0.2
9 2515 0.01
9 1229 0.01
9 329 0.2
9 9 0.01
9 3629 0.2
9 83 0.05
9 1135 0.2
9 2188 0.01
9 837 0.01
9 791 0.2
9 583 0.05
9 2858 0.01
9 1165 0.05
9 1798 0.01
9 5239 0.01
9 803 0.2
9 1705 0.01
9 70 0.05
9 255 0.01
9 1424 0.01
9 172 0.05
9 1422 0.05
9 3380 0.01
9 3343 0.05
9 1801 0.05
9 703 0.05
9 1127 0.05
9 34 0.2
9 3268 0.01
9 986 0.01
9 4885 0.2
9 1291 0.01
9 234 0.2
9 640 0.05
9 5124 0.01
9 1171 0.2
9 738 0.01
9 514 0.01
9 1290 0.05
9 316 0.2
9 1595 0.2
9 239 0.2
9 1415 0.05
9 349 0.05
9 65 0.05
9 1881 0.01
9 2363 0.01
9 39 0.2
9 822 0.2
9 113 0.2
9 1185 0.01
9 492 0.2
9 841 0.05
9 1498 0.2
9 1434 0.05
9 943 0.2
9 2420 0.05
9 5240 0.2
9 2135 0.05
9 512 0.05
9 1033 0.01
9 1083 0.05
9 610 0.01
9 1812 0.2
9 334 0.01
9 1172 0.01
9 1166 0.01
9 844 0.05
9 764 0.01
9 2331 0.2
9 276 0.05
9 807 0.05
9 362 0.2
9 3172 0.01
9 1186 0.05
9 4271 0.05
9 784 0.01
9 674 0.01
9 718 0.2
9 2377 0.01
9 1216 0.01
9 2518 0.2
9 1737 0.2
9 488 0.01
9 2329 0.2
9 1711 0.01
9 590 0.2
9 564 0.2
9 3382 0.01
9 3490 0.05
9 585 0.05
9 240 0.05
9 44 0.05
9 1703 0.01
9 5241 0.2
9 1047 0.05
9 19 0.05
9 1153 0.01
9 2698 0.05
9 1844 0.2
9 495 0.05
9 356 0.01
9 965 0.2
9 904 0.2
9 2519 0.05
9 1160 0.05
9 1192 0.05
9 1695 0.2
9 1123 0.01
9 1280 0.2
9 251 0.05
9 3491 0.01
9 695 0.2
9 1592 0.01
9 282 0.01
9 1136 0.05
9 638 0.2
9 1243 0.05
9 1998 0.2
9 651 0.01
9 1856 0.2
9 4 0.2
9 3269 0.2
9 556 0.01
9 2918 0.2
9 501 0.05
9 259 0.05
9 292 0.05
9 214 0.05
9 298 0.2
9 335 0.01
9 4186 0.2
9 3385 0.01
9 3393 0.05
9 658 0.01
9 1494 0.2
9 1072 0.2
9 94 0.05
9 14 0.2
9 81 0.01
9 1112 0.05
9 2819 0.05
9 471 0.01
9 2002 0.2
9 442 0.2
9 1495 0.2
9 1139 0.01
9 87 0.2
9 729 0.05
9 2945 0.01
9 348 0.2
9 1999 0.05
9 2003 0.2
9 1000 0.2
9 1486 0.01
9 513 0.05
9 93 0.05
9 438 0.01
9 1585 0.01
9 3119 0.2
9 1561 0.01
9 2097 0.01
9 1586 0.01
9 3319 0.01
9 1282 0.05
9 714 0.01
9 199 0.05
9 1391 0.05
9 2482 0.01
9 3175 0.2
9 1991 0.2
9 1483 0.01
9 956 0.01
9 711 0.01
9 531 0.01
9 952 0.05
9 1545 0.05
9 103 0.01
9 987 0.01
9 2551 0.01
9 1 0.05
9 5242 0.05
5243 5243 0.05
3970 3970 0.01
5244 5244 0.2
5244 1515 0.2
5244 1200 0.2
5244 167 0.05
5244 1023 0.01
5244 1123 0.2
1203 1203 0.05
1203 749 0.01
5245 5245 0.01
4307 4307 0.01
4307 4030 0.01
1967 5246 0.05
1967 457 0.01
1967 328 0.05
1967 1390 0.01
1967 910 0.05
5247 5247 0.01
3115 3115 0.01
3115 741 0.01
3115 3079 0.01
3115 739 0.05
5248 648 0.01
5248 5249 0.01
5248 1491 0.05
5248 352 0.2
5248 1930 0.01
5248 1001 0.05
5248 1620 0.05
3447 1495 0.05
3447 713 0.2
3447 780 0.05
3447 623 0.01
3447 344 0.2
3447 324 0.05
3447 1004 0.2
3447 624 0.2
3447 46 0.01
3447 3447 0.05
3447 5250 0.01
3447 3986 0.01
3447 1731 0.2
3180 4459 0.2
3180 807 0.2
3180 3180 0.05
5251 5251 0.05
5252 282 0.05
5252 326 0.05
5252 5253 0.01
5252 869 0.01
5252 4114 0.2
5254 5254 0.2
5255 5255 0.01
5256 5256 0.05
5256 121 0.05
5256 328 0.01
5256 30 0.01
5256 719 0.05
5256 46 0.01
5257 5257 0.2
5257 1374 0.01
5258 5258 0.05
5258 5259 0.2
5258 701 0.01
5258 429 0.2
5258 1816 0.01
5260 5260 0.01
2877 328 0.2
2877 719 0.05
2877 1616 0.01
2877 30 0.05
2877 1020 0.2
2877 174 0.2
2877 1356 0.01
2877 797 0.2
2877 1495 0.2
2877 2067 0.05
2877 1077 0.2
2877 858 0.05
2877 638 0.01
5261 151 0.2
5261 3497 0.2
5262 5262 0.05
5263 5263 0.01
1354 1354 0.05
5264 5264 0.2
1777 1777 0.05
1777 967 0.05
1777 782 0.05
1777 15 0.05
1777 1629 0.01
1777 2274 0.05
1777 209 0.05
1777 4917 0.01
1777 1332 0.01
1777 4031 0.2
1777 1980 0.2
1777 1774 0.2
1777 610 0.01
1777 801 0.05
1777 3124 0.05
1777 1656 0.01
1777 3809 0.01
1777 4028 0.05
1777 1126 0.01
5265 5265 0.2
5265 2349 0.05
431 438 0.01
431 46 0.01
431 435 0.2
431 1086 0.2
431 30 0.2
431 1727 0.2
431 1718 0.05
431 5266 0.2
431 1022 0.05
431 1720 0.01
431 352 0.05
431 209 0.01
431 318 0.01
431 1288 0.01
431 1160 0.05
431 2210 0.05
431 1447 0.01
431 1894 0.05
431 1996 0.01
431 432 0.05
431 44 0.01
431 429 0.01
431 428 0.05
431 444 0.2
431 442 0.2
431 506 0.2
431 1024 0.05
431 5267 0.2
431 353 0.05
431 1191 0.2
431 578 0.2
431 2091 0.05
431 1838 0.2
431 725 0.05
431 1065 0.05
431 2206 0.01
431 1591 0.05
431 4865 0.01
431 437 0.2
431 4 0.01
431 445 0.2
431 3269 0.05
431 2208 0.01
431 2225 0.2
431 1893 0.01
431 643 0.2
431 5268 0.2
431 2090 0.01
431 1856 0.01
431 5 0.01
431 720 0.01
431 1270 0.05
431 1165 0.05
431 2443 0.2
431 3189 0.01
431 2784 0.01
431 1208 0.2
431 1816 0.01
431 1522 0.2
431 2507 0.01
431 1554 0.05
431 639 0.2
431 4970 0.2
431 1770 0.2
431 1910 0.2
431 618 0.01
431 1906 0.2
431 440 0.2
431 1908 0.01
431 2704 0.01
431 2219 0.05
431 2222 0.05
431 2228 0.2
431 1795 0.01
5269 5269 0.05
4097 4097 0.01
4097 279 0.2
4097 4098 0.2
225 3659 0.01
225 1801 0.05
225 3495 0.2
225 5270 0.05
225 219 0.2
225 233 0.2
225 2682 0.2
225 220 0.05
225 5271 0.01
225 2506 0.2
225 203 0.2
225 2490 0.05
225 1147 0.05
225 1442 0.2
225 222 0.01
225 4640 0.05
225 5272 0.2
225 4689 0.01
225 3122 0.2
225 1047 0.2
225 89 0.05
225 252 0.05
225 5273 0.05
225 3343 0.2
225 3190 0.2
225 228 0.01
225 610 0.05
225 575 0.05
225 3591 0.01
225 3324 0.2
225 96 0.01
225 1241 0.01
225 485 0.05
225 4379 0.01
225 2838 0.2
225 2858 0.05
225 588 0.01
225 1459 0.01
2849 1653 0.2
5259 5259 0.2
5259 5258 0.2
2981 46 0.01
2981 2981 0.2
2981 1009 0.2
2981 506 0.05
2981 30 0.05
2981 353 0.01
2981 126 0.2
2981 431 0.01
1113 784 0.05
1113 2757 0.01
1113 1498 0.05
1113 1663 0.05
1113 2214 0.05
1113 251 0.01
1113 1110 0.05
1113 108 0.2
1113 261 0.01
1113 214 0.2
1113 1111 0.2
4802 780 0.2
1319 1317 0.01
1319 4405 0.2
1319 1318 0.01
1319 307 0.01
1319 46 0.05
1319 2495 0.2
1319 1319 0.05
1319 4406 0.2
1319 242 0.2
1319 984 0.2
1319 1316 0.2
1319 173 0.2
1319 2141 0.05
5274 5274 0.01
5274 1361 0.2
2470 2470 0.05
2470 1056 0.05
2470 181 0.05
2470 2243 0.2
2470 182 0.2
2470 2108 0.01
2470 2112 0.05
2470 2107 0.05
2470 2849 0.01
2470 2109 0.05
2470 1653 0.05
2470 2848 0.05
2470 2110 0.05
2470 1247 0.2
2470 112 0.01
2470 1047 0.05
2470 2671 0.05
2470 328 0.2
2470 865 0.2
2470 950 0.2
2470 188 0.05
2470 904 0.05
2470 1384 0.05
2470 513 0.01
2470 5275 0.2
2470 1650 0.05
963 963 0.05
963 3951 0.01
963 492 0.01
963 142 0.05
963 46 0.05
963 751 0.05
963 1643 0.05
963 3240 0.01
963 286 0.05
963 588 0.2
963 514 0.2
963 1702 0.05
963 2782 0.05
963 234 0.01
963 555 0.05
963 2985 0.01
963 4784 0.01
963 4785 0.2
963 1181 0.01
963 1394 0.2
963 1114 0.2
963 3087 0.05
963 438 0.01
963 2295 0.2
963 2483 0.01
963 2151 0.01
963 65 0.2
963 2141 0.01
963 2739 0.01
963 66 0.05
963 2135 0.2
963 802 0.05
963 789 0.05
963 837 0.05
963 1092 0.01
963 91 0.01
963 740 0.05
963 2629 0.2
963 718 0.05
963 3778 0.05
963 1988 0.01
963 3091 0.01
2420 1230 0.2
2420 764 0.01
2420 640 0.01
2420 282 0.05
2420 22 0.05
2420 424 0.2
2420 1434 0.2
2420 2949 0.05
2420 1123 0.01
2420 1171 0.2
2420 273 0.01
2420 3770 0.05
2420 562 0.01
2420 1231 0.05
2420 1723 0.05
2420 1126 0.2
2420 1656 0.05
2420 2823 0.2
2420 4547 0.01
2420 1337 0.01
2420 588 0.01
4861 4861 0.01
583 543 0.05
583 1000 0.2
583 1703 0.01
583 512 0.01
583 3213 0.05
583 2078 0.05
583 1113 0.05
583 20 0.05
583 2377 0.01
583 1195 0.2
583 1917 0.01
583 1689 0.05
583 1399 0.05
583 2795 0.2
583 1823 0.01
583 1592 0.2
583 2376 0.2
583 3240 0.2
583 2539 0.01
583 414 0.2
583 947 0.2
583 633 0.2
583 1041 0.2
583 2257 0.01
583 4581 0.2
583 729 0.05
583 1521 0.05
583 3440 0.2
583 197 0.05
583 374 0.01
583 1927 0.2
583 758 0.2
583 258 0.05
583 1591 0.01
583 2550 0.05
583 699 0.05
583 1860 0.01
583 1004 0.05
583 1743 0.01
583 1765 0.01
583 1764 0.01
583 1870 0.05
583 1393 0.01
583 891 0.2
583 1727 0.01
583 2535 0.2
583 4751 0.01
583 1383 0.01
583 1840 0.01
583 674 0.2
583 677 0.01
583 376 0.05
583 2412 0.01
583 1150 0.05
583 1093 0.01
583 2061 0.2
583 1312 0.05
583 790 0.2
583 2366 0.01
583 240 0.01
583 2969 0.05
583 630 0.2
583 1073 0.2
583 846 0.05
583 1110 0.01
583 1514 0.05
583 387 0.2
583 2487 0.2
583 825 0.2
583 861 0.05
583 4067 0.05
583 4642 0.05
583 2222 0.05
583 553 0.05
583 3986 0.01
583 317 0.2
583 1395 0.2
583 3476 0.05
583 2032 0.2
583 84 0.01
583 1952 0.05
583 2883 0.01
583 2739 0.2
583 2790 0.2
583 2361 0.05
583 1034 0.01
583 2350 0.01
583 85 0.05
583 86 0.01
583 615 0.05
583 89 0.05
583 603 0.2
583 2126 0.05
583 88 0.01
583 87 0.01
583 556 0.01
583 233 0.01
583 18 0.01
583 890 0.01
4654 346 0.01
4507 296 0.01
4507 286 0.05
4507 649 0.01
4507 328 0.05
2433 2433 0.05
5276 5276 0.2
5277 5277 0.05
570 5278 0.05
570 3281 0.01
2025 2025 0.01
2025 232 0.05
3443 3443 0.01
3443 1869 0.2
3443 1047 0.05
2708 2708 0.2
2708 441 0.2
2708 431 0.2
2708 46 0.01
2708 639 0.05
2708 1910 0.01
2708 632 0.2
2708 2749 0.2
2708 2141 0.01
3599 431 0.2
3599 432 0.01
3599 328 0.05
3599 167 0.01
3599 437 0.05
3599 433 0.05
3599 165 0.05
3599 904 0.01
3599 1646 0.2
3599 194 0.2
3599 1450 0.01
4922 4922 0.01
5279 5279 0.01
803 803 0.2
803 917 0.01
803 3343 0.05
803 993 0.2
803 626 0.2
803 1998 0.05
803 1446 0.05
803 1447 0.05
2373 290 0.2
2373 375 0.2
2373 612 0.01
2373 292 0.2
2373 1562 0.2
2373 1052 0.05
2373 746 0.01
2373 1203 0.05
2373 747 0.01
2373 1856 0.05
2373 2349 0.01
2373 1569 0.05
2373 1812 0.05
2373 2370 0.2
4635 4635 0.05
4635 1648 0.2
4635 104 0.05
4635 583 0.05
4635 1898 0.05
4635 1315 0.01
4635 46 0.01
4635 324 0.01
4635 30 0.01
4635 329 0.05
4635 1378 0.2
5280 5280 0.2
5281 5281 0.01
5282 5282 0.05
5283 5283 0.2
5283 46 0.2
5283 1799 0.05
5283 3425 0.01
5283 353 0.2
5283 431 0.01
4132 4132 0.01
4132 1823 0.05
4132 2227 0.01
4132 429 0.05
4132 863 0.01
4132 1386 0.05
4052 4052 0.05
4052 925 0.01
4052 1105 0.01
4052 2396 0.01
4052 2397 0.01
4052 30 0.2
4052 719 0.01
5284 5284 0.2
511 174 0.01
511 2255 0.05
2474 2474 0.2
2474 1711 0.05
2474 400 0.2
2474 2473 0.2
2474 2361 0.01
5285 5286 0.05
5285 103 0.01
5285 5287 0.2
2985 2985 0.01
2985 298 0.2
2985 30 0.2
3543 3543 0.05
3543 910 0.01
3543 142 0.05
3543 648 0.01
3543 739 0.01
3543 1053 0.05
3543 736 0.05
5288 964 0.01
5288 5289 0.2
5288 5290 0.2
5288 2487 0.2
5288 1135 0.01
5288 20 0.01
5288 3615 0.2
5291 5291 0.2
5291 328 0.01
5010 5010 0.2
5010 328 0.05
5010 1930 0.05
5010 774 0.2
5292 710 0.2
4238 917 0.2
4238 708 0.01
4238 1394 0.05
4238 661 0.2
4238 3986 0.05
4238 3427 0.05
4238 4238 0.2
1886 1886 0.2
1886 46 0.2
1886 561 0.01
1886 1075 0.05
1886 5127 0.01
1886 89 0.01
1886 175 0.01
1886 1241 0.05
3430 1025 0.01
5293 5293 0.05
1753 326 0.01
2575 658 0.01
2575 2198 0.01
2575 1211 0.2
2575 1176 0.01
2575 852 0.01
2575 2694 0.2
2575 851 0.2
2575 850 0.01
2575 1126 0.05
2575 848 0.01
2575 126 0.05
2967 2967 0.01
2967 13 0.2
2967 12 0.2
2967 3574 0.01
2967 374 0.01
2967 1180 0.05
2705 2705 0.2
2705 764 0.01
2705 1222 0.05
2705 749 0.2
2705 2248 0.2
2705 677 0.01
2705 1176 0.05
2705 326 0.05
2705 1203 0.05
2705 587 0.01
2705 163 0.2
2705 1663 0.05
2705 3014 0.05
2705 4423 0.01
2705 2076 0.2
2705 328 0.2
2705 1495 0.05
2705 126 0.01
2705 1160 0.05
2705 1910 0.05
2705 610 0.01
2705 717 0.05
2705 45 0.2
2705 1181 0.2
2705 1974 0.05
5294 438 0.2
1996 1894 0.01
1996 318 0.01
1996 439 0.01
1996 172 0.01
1996 431 0.01
1996 1086 0.05
1996 4643 0.05
1996 46 0.05
1996 2210 0.05
1996 352 0.05
1996 1447 0.05
1996 438 0.01
1996 577 0.01
1996 435 0.05
1996 2078 0.05
1996 437 0.2
1996 436 0.05
1996 326 0.2
1996 440 0.05
1996 316 0.01
1996 209 0.05
1996 907 0.2
1996 1892 0.05
1996 441 0.01
1996 286 0.01
1996 908 0.01
1996 2133 0.05
1996 1583 0.05
1996 290 0.05
1996 1719 0.2
1996 317 0.2
1996 353 0.2
1996 329 0.2
2276 2276 0.2
2276 579 0.05
2206 429 0.01
2206 2206 0.2
2206 2091 0.01
2206 2207 0.01
2206 428 0.2
2206 2092 0.01
2206 1856 0.2
2206 4 0.01
2206 4559 0.05
2206 618 0.2
2206 578 0.2
2206 1065 0.05
2206 1247 0.01
2206 643 0.01
2235 5 0.2
2235 1160 0.05
2235 1435 0.05
2235 1176 0.01
2235 429 0.01
2235 46 0.05
2235 318 0.01
2235 431 0.01
2235 432 0.01
2235 436 0.05
2235 440 0.05
2235 428 0.05
2235 1910 0.01
2235 506 0.01
2235 215 0.2
2235 2235 0.2
2235 1237 0.2
2235 1770 0.01
2235 1893 0.05
2235 1908 0.05
2235 445 0.05
2235 1548 0.01
2235 434 0.01
2235 373 0.2
2235 303 0.01
2235 1856 0.01
2235 290 0.01
2235 701 0.2
2235 441 0.2
2549 572 0.05
2549 3408 0.2
2549 194 0.05
2549 4663 0.05
2549 2051 0.05
2549 2548 0.01
2549 2547 0.01
2835 2835 0.05
2835 2713 0.01
2835 1518 0.05
2835 2652 0.01
2835 352 0.05
2835 46 0.05
2835 353 0.01
2835 888 0.01
1690 738 0.05
1690 736 0.05
1690 46 0.05
1690 30 0.2
1690 431 0.05
1690 792 0.05
1690 1635 0.2
1690 1309 0.05
1690 740 0.2
1690 739 0.05
1690 1689 0.2
1690 97 0.2
1690 142 0.2
1690 835 0.2
1690 648 0.2
1690 1176 0.05
1690 837 0.2
1690 1692 0.05
1690 329 0.2
1690 3982 0.01
1690 856 0.05
1690 1663 0.01
1690 5295 0.2
3814 718 0.01
2562 2563 0.05
2562 934 0.01
2562 1020 0.01
2562 1167 0.01
2562 791 0.05
2562 1476 0.05
2562 324 0.01
2562 30 0.01
2562 1754 0.05
2562 719 0.05
2562 438 0.01
2562 915 0.2
2562 577 0.05
2562 990 0.05
2562 584 0.2
2562 328 0.05
5296 5296 0.2
5296 30 0.01
5296 126 0.01
5296 207 0.01
5296 323 0.05
1405 1405 0.2
1405 555 0.01
1405 1400 0.01
1405 583 0.01
1405 438 0.05
1405 46 0.01
4849 4849 0.2
4849 4019 0.2
4849 4850 0.05
3896 3438 0.01
3896 3544 0.01
5297 5297 0.05
1622 1622 0.2
1622 126 0.01
1622 30 0.01
1622 1248 0.01
1622 1618 0.05
1622 708 0.05
1622 2746 0.05
1622 46 0.01
1622 1277 0.05
1622 1278 0.05
1622 1182 0.2
1622 791 0.05
1622 165 0.05
1622 51 0.05
1622 3324 0.01
1622 163 0.01
1622 718 0.01
1622 813 0.2
1622 2352 0.2
1622 794 0.2
1622 1580 0.05
1622 1418 0.2
1622 776 0.2
1622 610 0.2
1622 418 0.05
1622 719 0.2
1622 713 0.05
1622 1584 0.05
1622 634 0.01
1622 1049 0.01
1622 715 0.2
1622 5007 0.01
1622 349 0.05
1622 2473 0.2
1622 717 0.01
1622 779 0.01
1622 186 0.2
5298 5298 0.01
4081 4081 0.05
4081 3474 0.01
4081 931 0.01
4081 892 0.01
5299 5299 0.05
5300 46 0.2
5300 1221 0.2
5300 1582 0.2
5300 3102 0.2
5300 1415 0.01
5301 5301 0.05
5301 126 0.2
5301 46 0.05
5301 785 0.05
5301 3618 0.01
1846 1846 0.2
1846 1492 0.05
1846 1490 0.2
1846 1568 0.01
1846 30 0.2
1846 126 0.2
1846 2902 0.05
1846 1848 0.2
5302 5302 0.05
5303 5304 0.01
5303 4621 0.01
1895 739 0.05
1895 445 0.01
1895 1546 0.2
1895 736 0.05
1895 1518 0.05
1895 807 0.2
1895 1517 0.01
5305 5305 0.05
1336 119 0.2
1336 3573 0.05
1336 1341 0.2
712 588 0.2
712 517 0.01
712 990 0.01
712 492 0.2
712 934 0.2
712 804 0.05
712 827 0.2
712 438 0.05
712 791 0.05
712 83 0.2
712 523 0.01
712 172 0.2
712 2437 0.01
712 939 0.05
712 346 0.2
712 1645 0.05
712 174 0.2
712 577 0.05
712 830 0.2
712 780 0.01
712 545 0.05
712 513 0.2
712 915 0.01
712 46 0.01
712 2782 0.05
712 525 0.2
712 947 0.01
712 2828 0.01
712 5306 0.05
712 1469 0.2
712 938 0.05
712 349 0.05
712 1001 0.01
712 522 0.05
712 595 0.01
712 1418 0.05
712 1490 0.05
712 2761 0.2
712 1356 0.2
712 1616 0.01
712 30 0.05
712 324 0.01
712 344 0.05
712 807 0.05
712 530 0.2
712 2450 0.01
712 1003 0.01
712 2255 0.2
712 1851 0.01
712 808 0.05
712 813 0.01
712 460 0.05
5307 5307 0.01
407 148 0.05
407 397 0.2
407 407 0.2
407 406 0.2
407 5308 0.2
407 5062 0.01
407 1629 0.05
5309 5309 0.05
439 318 0.05
439 1996 0.05
439 1894 0.05
439 3649 0.01
439 915 0.2
439 46 0.2
439 1086 0.2
439 431 0.2
439 4019 0.05
439 2210 0.01
439 439 0.01
439 1288 0.05
439 438 0.2
439 1447 0.2
439 30 0.2
439 1022 0.05
439 352 0.05
439 437 0.05
439 320 0.01
439 441 0.01
439 432 0.2
439 2078 0.2
439 4491 0.01
439 4940 0.05
439 429 0.2
439 918 0.01
439 5310 0.05
439 316 0.2
439 286 0.01
439 45 0.2
439 351 0.2
439 436 0.05
439 1567 0.05
3396 377 0.2
3396 764 0.2
3396 652 0.01
3396 137 0.05
3396 1222 0.05
3396 110 0.01
3396 3077 0.2
3396 4026 0.2
3396 322 0.01
3396 1218 0.05
5311 5311 0.01
1711 1711 0.2
1711 813 0.01
1711 328 0.05
1711 492 0.01
1711 400 0.01
1711 405 0.01
1711 540 0.2
1711 2616 0.01
1711 654 0.01
1711 2352 0.2
1711 165 0.2
1711 2466 0.01
1711 2469 0.01
1711 577 0.05
1711 737 0.05
1711 2467 0.01
1711 2468 0.05
1711 3209 0.01
1711 2474 0.2
1711 2473 0.05
1711 2361 0.01
1711 2475 0.2
1711 4977 0.05
1711 1980 0.05
1711 613 0.2
1711 1955 0.2
1711 2257 0.2
1711 1249 0.2
1711 2423 0.01
1711 1710 0.01
1711 4615 0.01
33 32 0.01
33 33 0.01
33 34 0.01
33 31 0.2
33 28 0.2
33 71 0.2
33 26 0.2
33 29 0.01
33 30 0.2
33 27 0.01
33 1651 0.2
33 191 0.05
33 1022 0.2
33 142 0.05
33 753 0.2
33 843 0.2
33 893 0.01
33 438 0.2
33 1314 0.2
5088 5088 0.2
5312 5312 0.2
5313 5313 0.05
5314 5314 0.05
5314 879 0.01
3731 188 0.01
3731 3078 0.2
3731 3731 0.01
3731 5315 0.01
3372 30 0.01
3372 719 0.05
3372 326 0.2
3372 46 0.05
3372 1002 0.2
3372 174 0.01
3372 320 0.05
3372 1086 0.2
3372 2078 0.05
3372 907 0.2
3372 1022 0.01
3372 1447 0.2
3372 437 0.05
3372 436 0.05
3372 1892 0.05
3372 1996 0.2
3372 2068 0.05
3372 584 0.01
3372 1720 0.2
3372 317 0.01
3372 413 0.01
5316 5316 0.01
1907 1407 0.2
1907 440 0.2
1907 46 0.01
1907 431 0.01
1907 43 0.01
1907 1548 0.05
2459 2459 0.01
2459 746 0.01
2459 747 0.2
2459 110 0.2
2459 1218 0.05
2459 137 0.05
2459 2457 0.01
2459 105 0.05
2459 652 0.05
2459 1222 0.01
2459 748 0.2
2459 79 0.2
2459 2461 0.2
2459 290 0.2
2459 1499 0.01
2459 1479 0.01
2459 2289 0.01
2459 1605 0.01
2459 1214 0.05
2459 1219 0.05
2459 1212 0.01
2459 2456 0.2
2459 659 0.2
2459 2278 0.05
2459 1213 0.2
2459 1210 0.01
2459 749 0.05
2459 2460 0.2
2459 2501 0.01
2459 954 0.05
2754 5317 0.2
2754 242 0.2
2754 716 0.2
2754 126 0.01
2754 644 0.05
2754 1578 0.05
2754 46 0.05
2754 329 0.05
2754 787 0.01
2754 467 0.01
2754 128 0.01
2754 1584 0.01
2754 802 0.2
2754 859 0.2
2754 5318 0.01
2754 1650 0.2
2754 715 0.2
2754 2081 0.2
2754 4951 0.01
2754 2755 0.2
2754 2664 0.01
1533 1909 0.05
1533 194 0.01
1533 274 0.2
1533 1450 0.01
1533 126 0.2
1533 175 0.05
1533 106 0.05
1533 2160 0.01
1533 1042 0.01
1533 598 0.05
5319 30 0.2
5320 46 0.01
5093 498 0.05
5093 46 0.2
5321 5321 0.05
5321 864 0.2
5322 3179 0.2
3478 3478 0.2
3478 1049 0.05
3478 1877 0.01
3478 2450 0.01
3478 793 0.05
3478 577 0.01
3478 346 0.2
3478 678 0.05
3478 1048 0.05
3478 708 0.05
3478 2614 0.05
3478 1566 0.2
3478 990 0.2
3478 46 0.05
3478 780 0.01
3478 1418 0.2
3478 3801 0.2
3478 2251 0.05
3478 711 0.2
3478 6 0.2
3478 3440 0.2
3478 1943 0.05
5323 5323 0.2
5324 5324 0.01
4112 4112 0.01
4112 1109 0.01
4112 950 0.05
3257 3257 0.01
3257 1370 0.01
3257 774 0.01
3257 2463 0.05
3257 711 0.05
3257 2464 0.01
3257 2348 0.2
3257 898 0.2
3257 5325 0.2
3257 786 0.01
3257 1992 0.05
3257 4583 0.2
3257 441 0.05
3257 1495 0.05
3257 715 0.01
3257 5326 0.05
3257 902 0.05
3257 4097 0.2
3257 1255 0.05
3257 3424 0.2
5327 639 0.2
5327 1237 0.2
5327 1910 0.2
5327 5327 0.01
5327 3445 0.2
5327 5328 0.05
1081 1081 0.2
1081 303 0.01
5329 710 0.05
5329 743 0.2
5329 1278 0.05
5329 856 0.2
5329 750 0.01
5329 1430 0.01
5329 1546 0.05
5329 46 0.2
5329 1306 0.01
5329 2964 0.2
5329 627 0.01
5329 1768 0.01
5329 2435 0.2
5329 1073 0.2
5329 230 0.05
5329 948 0.05
5329 4906 0.01
5329 83 0.05
5329 86 0.01
5329 89 0.01
5329 88 0.05
5329 1216 0.01
5329 1079 0.2
5329 461 0.05
5329 1026 0.05
5329 2852 0.2
5329 481 0.01
5329 658 0.01
5329 523 0.01
5329 712 0.01
5329 3319 0.05
5329 1092 0.2
5329 649 0.05
1303 1021 0.01
5330 5330 0.2
5331 5332 0.01
251 251 0.01
251 1616 0.2
251 30 0.05
251 46 0.05
251 2700 0.2
251 784 0.2
251 486 0.2
251 860 0.2
251 584 0.05
251 822 0.05
251 83 0.01
251 1171 0.2
251 556 0.05
5172 1711 0.2
5172 813 0.01
5172 400 0.2
5172 1710 0.05
5172 4383 0.05
5172 1249 0.2
4893 4893 0.05
5333 642 0.05
5334 5334 0.01
3475 3475 0.2
3475 530 0.2
3475 1339 0.01
3475 893 0.05
3475 328 0.2
3475 2032 0.05
3475 974 0.05
3050 3050 0.2
3050 1002 0.01
3050 349 0.01
3050 1001 0.01
3050 174 0.05
3050 1589 0.2
3050 348 0.01
3050 543 0.05
3050 791 0.05
3050 2199 0.01
3050 583 0.01
3050 3049 0.2
3050 492 0.2
3050 728 0.05
2777 2777 0.01
2777 1650 0.05
2777 588 0.05
2777 812 0.2
2777 3609 0.05
2777 1963 0.05
2777 587 0.01
2777 830 0.01
2777 680 0.01
5335 5335 0.05
2822 869 0.2
2983 2983 0.05
2983 2317 0.2
2983 643 0.01
2983 4958 0.01
3377 3377 0.01
3377 739 0.01
3377 610 0.01
3377 1247 0.2
3377 597 0.01
3377 2324 0.05
3377 328 0.05
3377 1116 0.01
3377 2538 0.01
3377 1797 0.2
4839 4839 0.2
4839 2227 0.2
4839 2415 0.01
4839 4627 0.2
4839 4016 0.01
4839 4120 0.2
5336 5336 0.05
5337 5337 0.2
5337 440 0.2
490 490 0.01
242 242 0.2
242 623 0.05
242 232 0.01
242 943 0.01
242 1521 0.01
242 430 0.01
242 214 0.05
242 646 0.2
242 2495 0.2
242 2214 0.2
242 4542 0.2
242 528 0.01
242 1316 0.01
242 1317 0.01
242 3892 0.2
242 4405 0.05
242 1318 0.01
242 4406 0.2
242 329 0.05
242 1301 0.05
242 1319 0.05
242 2239 0.2
242 757 0.05
242 1053 0.01
242 1407 0.01
242 3400 0.01
242 1685 0.05
242 215 0.01
242 429 0.01
242 1126 0.01
242 107 0.2
242 597 0.05
242 841 0.01
242 633 0.2
242 603 0.05
242 938 0.01
242 297 0.2
242 1023 0.05
242 1163 0.05
242 711 0.2
242 791 0.01
242 1415 0.05
242 577 0.2
242 703 0.2
242 583 0.01
242 3384 0.05
242 2933 0.2
242 610 0.2
242 1495 0.05
242 760 0.01
242 525 0.2
242 1170 0.05
242 1057 0.05
242 316 0.01
242 919 0.01
242 683 0.2
242 584 0.2
242 2295 0.2
242 63 0.05
242 1043 0.05
242 65 0.05
242 830 0.01
242 987 0.2
242 81 0.2
242 864 0.01
242 1815 0.01
242 638 0.05
242 1811 0.01
242 1241 0.01
242 888 0.2
242 2713 0.01
242 1660 0.2
242 631 0.05
242 780 0.2
242 19 0.2
242 1440 0.05
242 996 0.2
242 1413 0.01
242 1494 0.01
242 1216 0.05
242 22 0.01
242 582 0.01
242 328 0.2
242 1817 0.01
242 960 0.01
242 658 0.01
242 934 0.05
242 34 0.01
242 1881 0.05
242 1162 0.01
242 591 0.01
242 1034 0.01
242 2004 0.05
242 1042 0.01
242 379 0.01
242 1998 0.2
242 240 0.2
242 912 0.2
242 545 0.01
242 261 0.01
242 362 0.2
242 955 0.01
242 949 0.2
242 613 0.05
242 517 0.2
242 248 0.01
242 624 0.2
242 1166 0.05
242 335 0.01
242 2333 0.05
242 194 0.05
242 956 0.01
242 959 0.2
242 2002 0.01
242 991 0.05
242 138 0.2
242 615 0.01
242 751 0.2
242 954 0.01
242 604 0.2
242 921 0.01
242 958 0.05
242 1171 0.2
242 580 0.05
242 1159 0.01
242 1154 0.01
242 1899 0.05
242 526 0.05
242 1450 0.2
242 1650 0.05
242 44 0.2
242 1000 0.05
242 399 0.2
242 606 0.2
242 1418 0.05
242 1824 0.01
242 2685 0.01
242 2013 0.01
242 712 0.01
242 3519 0.05
242 1991 0.05
242 4902 0.05
242 716 0.05
3778 3778 0.01
5338 736 0.01
5338 739 0.05
5338 1053 0.01
5339 5339 0.05
2544 2543 0.05
2544 2544 0.05
2544 1683 0.2
5340 3380 0.05
5340 293 0.01
5340 5340 0.01
5340 22 0.2
5341 5341 0.2
5341 3048 0.05
5342 5342 0.05
5343 5343 0.2
814 712 0.05
5344 5344 0.2
5345 5345 0.01
922 214 0.01
922 1223 0.05
922 3864 0.2
922 438 0.2
922 2021 0.01
922 1839 0.05
922 804 0.05
922 944 0.05
922 1812 0.01
922 328 0.2
922 93 0.05
922 584 0.2
922 1022 0.01
922 651 0.2
922 3256 0.01
922 1339 0.2
922 2880 0.01
922 888 0.05
922 1162 0.01
922 1515 0.01
922 1216 0.05
922 523 0.01
922 577 0.05
922 530 0.01
922 846 0.2
922 1447 0.2
922 1549 0.05
922 703 0.2
922 3389 0.2
922 113 0.2
922 524 0.05
922 103 0.01
922 784 0.2
922 469 0.2
922 1485 0.01
922 258 0.01
922 1166 0.05
922 1127 0.01
922 949 0.2
922 887 0.05
922 234 0.05
922 760 0.01
922 71 0.2
922 5346 0.01
922 1545 0.2
922 1393 0.01
922 44 0.01
922 290 0.2
922 989 0.2
922 918 0.01
922 917 0.05
922 1685 0.2
922 528 0.2
922 987 0.01
922 743 0.05
922 1631 0.2
922 1514 0.05
922 98 0.2
922 779 0.05
922 1091 0.01
922 349 0.05
922 2250 0.05
922 728 0.2
922 3918 0.01
922 2149 0.2
5347 5347 0.2
5347 286 0.05
5347 30 0.05
5347 1175 0.05
5347 126 0.01
5347 1384 0.05
5347 5348 0.2
5278 3281 0.2
5278 5278 0.01
5278 570 0.2
5278 1123 0.05
84 1698 0.01
3424 3424 0.01
3424 5349 0.01
3424 4455 0.01
3678 4729 0.05
3678 2578 0.01
3678 2142 0.05
3678 1277 0.05
3678 186 0.2
3678 126 0.2
3678 3678 0.05
5350 5350 0.01
5351 286 0.05
5351 5351 0.05
5352 5352 0.2
3892 3892 0.2
3892 1318 0.2
3892 4405 0.2
3892 1317 0.01
3892 242 0.05
3892 2214 0.01
3892 1316 0.01
3892 1032 0.01
3892 646 0.05
3892 4406 0.05
3892 307 0.2
3892 1816 0.2
3892 683 0.01
3892 173 0.01
3892 1319 0.01
3892 3838 0.05
3892 1745 0.05
3892 1093 0.2
3892 2141 0.2
5353 5353 0.01
4954 4954 0.2
4954 4717 0.2
4954 825 0.05
4954 2852 0.01
4954 1597 0.2
5354 5354 0.05
5355 5355 0.01
3795 3795 0.05
3795 2911 0.01
3795 3560 0.01
3795 1236 0.2
3795 5016 0.01
103 46 0.05
103 103 0.2
103 989 0.05
103 4434 0.2
103 2226 0.05
678 678 0.2
678 793 0.2
678 577 0.05
678 30 0.2
678 514 0.01
678 1798 0.01
678 807 0.05
678 1049 0.2
678 1490 0.05
678 157 0.2
678 1629 0.05
678 46 0.05
678 468 0.05
678 2450 0.05
678 1754 0.05
678 324 0.2
678 719 0.2
678 6 0.01
678 22 0.01
678 990 0.2
678 892 0.01
678 2905 0.05
678 126 0.2
678 1484 0.2
678 3141 0.01
678 2020 0.01
678 1492 0.2
678 1805 0.05
678 5356 0.05
678 905 0.05
678 1775 0.05
678 780 0.01
678 791 0.05
678 1418 0.05
678 492 0.05
678 5357 0.2
678 346 0.01
678 1566 0.01
678 2614 0.05
678 4179 0.01
678 328 0.2
678 1656 0.2
678 438 0.05
678 624 0.2
678 1247 0.2
678 523 0.05
678 1085 0.01
678 4662 0.01
678 3 0.05
678 1 0.2
678 2 0.01
678 1032 0.01
678 5 0.01
678 830 0.01
678 776 0.01
678 712 0.05
678 525 0.2
678 718 0.2
678 1495 0.2
678 1277 0.05
678 774 0.01
678 378 0.01
678 1662 0.2
678 1356 0.01
678 625 0.05
678 2182 0.05
678 335 0.05
678 1047 0.2
678 2264 0.2
678 2265 0.01
678 4378 0.01
678 2830 0.2
678 5358 0.2
678 2557 0.2
678 1558 0.2
678 3386 0.2
678 5359 0.2
678 469 0.2
678 67 0.2
678 1399 0.01
678 751 0.01
678 2945 0.2
678 711 0.05
678 1370 0.05
678 5306 0.05
678 4582 0.01
678 174 0.2
678 2437 0.01
678 1852 0.2
678 349 0.01
678 1840 0.2
678 5325 0.2
678 799 0.2
678 1020 0.2
678 2251 0.05
678 788 0.2
678 172 0.2
678 2348 0.01
678 3288 0.05
678 422 0.01
678 1851 0.2
678 513 0.05
678 3801 0.2
678 2252 0.05
678 1491 0.01
678 1392 0.01
678 3444 0.01
678 1993 0.2
5147 612 0.2
5147 1562 0.05
5360 224 0.2
1905 3579 0.2
1905 1904 0.2
5361 5361 0.2
424 424 0.05
424 770 0.01
424 118 0.2
424 112 0.05
424 425 0.2
424 642 0.2
424 22 0.2
424 1124 0.2
424 426 0.2
424 427 0.05
424 46 0.2
424 5362 0.2
424 273 0.01
424 2420 0.2
424 640 0.05
424 1122 0.01
424 764 0.2
424 282 0.05
424 1230 0.05
424 1171 0.2
424 1221 0.01
424 3758 0.01
424 2926 0.2
424 1177 0.2
424 3064 0.01
424 1660 0.2
424 1123 0.01
424 3102 0.05
424 2823 0.01
424 598 0.05
424 1723 0.2
424 285 0.05
424 3065 0.2
424 287 0.2
424 4965 0.2
424 2721 0.2
424 1520 0.2
424 806 0.05
424 647 0.05
424 747 0.05
424 1116 0.05
424 277 0.2
424 423 0.2
424 271 0.2
424 255 0.05
424 1222 0.05
424 562 0.05
424 1560 0.01
424 45 0.01
424 966 0.05
424 4696 0.05
424 3067 0.2
424 2622 0.01
424 3068 0.2
424 1068 0.05
424 609 0.01
2236 2219 0.05
2236 1386 0.2
1488 658 0.05
1488 2568 0.05
1488 2571 0.2
1488 591 0.01
1488 770 0.05
1488 1498 0.05
1488 587 0.05
1488 246 0.2
1488 240 0.01
1488 1487 0.2
1488 1483 0.05
1488 5363 0.01
1488 1541 0.2
1488 646 0.05
1488 4950 0.01
2272 933 0.05
2272 2614 0.2
2272 1917 0.2
2272 171 0.2
2272 913 0.01
2272 810 0.2
2272 298 0.2
2272 511 0.05
2272 172 0.2
2272 982 0.2
2272 1535 0.2
2272 523 0.2
2272 949 0.2
2272 525 0.01
2272 255 0.05
2272 530 0.2
5364 5364 0.2
5364 719 0.2
5364 782 0.05
5365 5365 0.05
5366 5366 0.2
5367 1373 0.05
5368 5368 0.05
5368 22 0.2
5368 4511 0.01
5368 433 0.2
5368 428 0.05
5368 426 0.05
5368 424 0.05
5369 5369 0.2
1265 1236 0.2
1265 328 0.01
1265 610 0.05
1265 1223 0.05
1265 62 0.2
1265 2084 0.05
1265 1264 0.01
2503 1356 0.05
2503 804 0.2
2503 1754 0.01
4921 4921 0.05
5370 5370 0.2
5371 391 0.01
5371 389 0.01
5371 1684 0.05
5371 2751 0.2
5371 2961 0.2
5371 5371 0.01
3483 3483 0.2
3483 62 0.05
3483 1781 0.05
3483 1775 0.05
3483 1779 0.01
5372 5372 0.2
5372 186 0.2
141 329 0.01
141 739 0.05
141 827 0.2
141 736 0.01
141 30 0.2
141 286 0.2
141 1754 0.01
141 385 0.05
141 175 0.2
141 1020 0.2
141 324 0.01
141 3576 0.05
141 860 0.2
141 734 0.01
141 2164 0.01
141 555 0.01
141 346 0.01
141 297 0.2
141 3150 0.2
141 5373 0.2
141 3303 0.05
141 283 0.05
141 1756 0.01
141 2405 0.01
141 2069 0.01
141 1518 0.05
141 1752 0.2
141 1172 0.2
141 3586 0.2
141 5374 0.05
141 5375 0.01
141 1703 0.2
141 405 0.05
141 1765 0.2
141 868 0.01
141 4539 0.2
1527 1527 0.01
1527 1525 0.01
1527 1526 0.01
1527 1490 0.01
1527 1529 0.2
1527 1528 0.05
4519 4519 0.05
4519 863 0.01
4519 429 0.01
4519 2786 0.05
4519 46 0.01
4519 643 0.05
4519 431 0.2
4519 4101 0.2
4519 1840 0.2
4519 3292 0.05
4519 3394 0.01
4519 2215 0.05
4519 1064 0.2
4519 4516 0.05
4519 148 0.01
5376 5376 0.05
5376 708 0.2
5377 5377 0.2
5377 444 0.01
5378 5378 0.01
5379 1518 0.01
5380 5380 0.01
5381 5381 0.01
5381 46 0.05
5382 5382 0.05
3323 714 0.05
3323 642 0.01
3323 2652 0.05
3323 46 0.05
3323 2805 0.2
3323 4100 0.05
5383 5383 0.01
5384 5384 0.2
5384 454 0.01
3403 157 0.2
3403 2171 0.05
3403 4891 0.05
3403 85 0.05
3403 5385 0.05
3403 1512 0.2
3403 4106 0.05
3403 1794 0.01
3403 23 0.01
3403 1175 0.01
3403 1961 0.01
3403 3178 0.05
3403 1237 0.01
3403 2450 0.05
3403 4 0.05
3403 1842 0.01
3403 1996 0.01
3403 516 0.05
3403 888 0.05
3403 374 0.05
224 286 0.05
224 46 0.2
224 126 0.05
224 578 0.05
224 310 0.05
224 1033 0.01
224 2586 0.01
224 292 0.01
224 656 0.2
224 589 0.2
224 597 0.01
224 1246 0.2
224 2619 0.2
224 1150 0.01
224 5360 0.2
224 741 0.01
224 35 0.05
224 887 0.2
224 751 0.2
224 1478 0.01
224 113 0.05
224 3544 0.05
224 1116 0.01
224 3904 0.05
224 316 0.2
224 4255 0.05
224 5386 0.01
224 2609 0.01
224 146 0.01
224 2721 0.01
224 2608 0.2
224 1559 0.2
224 3242 0.01
224 3679 0.2
224 1964 0.2
224 787 0.2
224 3772 0.01
224 2856 0.05
224 428 0.05
224 357 0.05
224 1068 0.05
224 614 0.05
224 5289 0.2
224 1162 0.2
224 62 0.05
224 1619 0.01
224 577 0.2
224 1277 0.01
224 1473 0.05
224 1770 0.05
224 2231 0.05
224 307 0.05
5387 5387 0.05
5388 5388 0.2
2092 2092 0.05
2092 428 0.01
2092 2090 0.01
2092 431 0.05
2092 429 0.01
4167 4167 0.2
4167 157 0.05
4167 610 0.05
4167 1809 0.01
4167 914 0.05
4167 4499 0.05
4167 1824 0.05
4167 2790 0.2
4167 2004 0.2
4167 4170 0.2
4619 4619 0.05
4619 205 0.01
4619 286 0.01
1036 656 0.2
1036 1036 0.01
5389 5389 0.05
272 272 0.05
272 267 0.01
272 273 0.2
272 2094 0.2
272 2093 0.2
42 918 0.01
42 1773 0.05
42 1679 0.2
42 3553 0.05
42 41 0.01
42 5100 0.01
42 4744 0.2
42 597 0.01
42 1250 0.2
42 1248 0.2
42 1649 0.01
42 1377 0.05
42 45 0.2
42 1254 0.05
42 3228 0.2
42 5390 0.2
4343 1402 0.01
4343 591 0.05
4343 4343 0.2
4343 157 0.01
5391 988 0.01
5392 5392 0.2
5393 5393 0.01
5393 2824 0.01
444 431 0.01
444 429 0.2
444 46 0.05
444 444 0.05
444 2073 0.05
444 584 0.2
444 1838 0.01
444 3171 0.05
444 318 0.01
444 44 0.05
444 151 0.2
444 445 0.01
444 807 0.05
444 1191 0.2
444 5377 0.05
444 3173 0.01
444 93 0.2
444 436 0.01
444 994 0.05
444 578 0.2
444 1561 0.01
444 2091 0.01
444 2891 0.01
444 1220 0.01
444 35 0.01
444 3179 0.2
444 658 0.01
444 1582 0.05
5394 5394 0.05
5394 5395 0.2
2868 2867 0.01
2868 2868 0.05
5396 5396 0.05
5397 5397 0.2
2460 2460 0.05
2460 652 0.01
2460 79 0.01
2460 747 0.05
2460 748 0.01
2460 1218 0.2
2460 746 0.01
2460 2457 0.2
2460 749 0.2
2460 1605 0.01
2460 110 0.2
2460 1219 0.01
2460 1499 0.2
2460 2459 0.01
2460 1222 0.2
2460 105 0.2
2460 290 0.2
2460 1214 0.01
2460 2378 0.2
2460 647 0.2
2460 1213 0.01
2460 2453 0.2
1649 1649 0.05
1649 1869 0.2
1649 42 0.2
5398 5398 0.01
4738 174 0.01
4738 4737 0.01
4738 1764 0.05
3487 1781 0.01
3487 1052 0.01
3487 1579 0.05
3487 4243 0.01
3487 328 0.01
3487 30 0.01
3749 3749 0.05
3749 2456 0.01
3749 105 0.01
3749 2455 0.2
3749 2454 0.01
3749 110 0.01
3749 2501 0.2
3749 749 0.01
3749 652 0.2
3749 1214 0.05
5399 5399 0.05
3341 3340 0.2
5400 1486 0.05
5400 328 0.01
3140 106 0.05
3140 445 0.01
3140 323 0.05
3140 2726 0.05
3140 46 0.2
3140 324 0.2
3140 1516 0.05
3140 3103 0.05
3140 3189 0.2
3140 1484 0.2
3140 4067 0.2
3140 345 0.05
30 719 0.01
30 46 0.2
30 1495 0.01
30 1116 0.01
30 353 0.05
30 1847 0.01
30 126 0.01
5401 5401 0.01
5402 5402 0.2
4547 1231 0.2
4547 2521 0.2
4547 282 0.2
4547 3770 0.2
4547 1723 0.2
4547 3807 0.01
4547 1171 0.01
4547 2420 0.01
3912 3912 0.05
67 67 0.2
67 334 0.2
67 1958 0.01
67 70 0.05
67 71 0.05
67 53 0.05
67 48 0.2
67 295 0.05
67 51 0.05
67 3856 0.2
67 66 0.2
67 69 0.05
67 68 0.01
67 328 0.2
67 286 0.05
67 1609 0.05
67 632 0.05
67 461 0.01
67 739 0.2
67 74 0.05
67 22 0.2
67 5403 0.01
5404 62 0.2
5405 5405 0.05
5406 5406 0.05
550 550 0.05
550 438 0.01
550 437 0.2
550 549 0.2
550 44 0.05
550 93 0.05
550 1270 0.01
550 1854 0.05
1157 1157 0.05
1157 764 0.01
1157 2320 0.05
1157 2319 0.2
1157 555 0.05
1157 2201 0.2
1157 2290 0.05
5407 5407 0.05
5407 328 0.05
5016 5016 0.2
5016 1349 0.2
5408 5408 0.05
5408 1318 0.01
2749 2782 0.05
2749 2750 0.01
2749 2704 0.2
2749 92 0.2
5409 5409 0.2
5410 5410 0.05
5411 326 0.05
5411 2536 0.05
5411 325 0.05
5411 324 0.05
5411 2247 0.05
2304 2304 0.01
2304 323 0.05
2304 326 0.01
2304 3049 0.01
1020 328 0.2
1020 1616 0.2
1020 30 0.2
1020 1117 0.2
1020 306 0.05
1020 46 0.01
1020 171 0.2
1020 101 0.05
5412 286 0.01
5412 3017 0.05
5413 5413 0.2
5414 5414 0.01
5415 5415 0.2
5415 352 0.01
5415 2290 0.2
5415 1022 0.01
943 3224 0.05
943 943 0.2
943 46 0.2
943 784 0.01
943 4066 0.2
943 427 0.2
943 883 0.05
943 880 0.05
943 438 0.01
943 2189 0.05
943 431 0.01
943 434 0.01
943 436 0.05
943 739 0.01
943 30 0.05
943 1157 0.01
943 1116 0.2
943 1247 0.2
943 1065 0.05
943 506 0.01
943 2538 0.05
943 647 0.05
943 1755 0.2
943 352 0.2
943 1024 0.05
943 353 0.2
943 445 0.2
943 440 0.01
943 1756 0.01
943 1536 0.01
943 1931 0.2
943 1089 0.2
943 1518 0.05
943 578 0.05
943 5 0.05
943 441 0.05
943 2188 0.2
943 101 0.05
943 1430 0.2
943 1270 0.01
943 2517 0.01
943 2216 0.05
943 1517 0.2
943 1856 0.2
943 2190 0.01
943 1579 0.01
943 1318 0.01
943 1908 0.05
943 1834 0.01
943 3537 0.2
943 711 0.2
943 550 0.05
943 44 0.01
943 2787 0.05
943 420 0.2
943 1741 0.2
943 437 0.05
943 1818 0.01
5416 5416 0.05
5417 904 0.01
1375 1375 0.01
1375 2227 0.2
1375 721 0.2
1375 4132 0.01
1375 1005 0.2
1375 1386 0.2
1375 261 0.2
1375 2256 0.05
1375 1379 0.2
1375 1380 0.01
1375 1389 0.2
5418 5418 0.05
5419 5419 0.01
661 661 0.2
661 4238 0.01
661 2492 0.05
661 261 0.01
661 660 0.2
5420 5420 0.2
4785 4784 0.2
4690 4690 0.2
5421 5422 0.05
5421 1160 0.05
5421 714 0.01
5421 4994 0.05
2706 5327 0.01
2706 632 0.01
2706 1237 0.05
2706 1910 0.05
2706 639 0.2
2706 3412 0.01
2706 215 0.2
2706 717 0.01
2706 1831 0.05
2706 1775 0.05
2706 3476 0.01
2706 1906 0.05
2706 2704 0.01
2706 2240 0.01
2706 1795 0.05
2706 1160 0.2
2706 3125 0.2
2706 429 0.05
3920 716 0.2
3920 2754 0.05
3920 194 0.2
471 471 0.05
471 2604 0.05
471 1750 0.2
471 1757 0.01
471 488 0.2
471 2603 0.05
471 2606 0.05
471 2602 0.01
471 1536 0.2
471 457 0.01
471 1751 0.05
4941 4941 0.01
5423 5423 0.01
1371 1065 0.01
1371 784 0.2
5424 5424 0.01
2325 2325 0.01
2325 3308 0.2
2325 2971 0.05
2325 3307 0.01
2325 2326 0.01
2325 3382 0.05
4290 2781 0.2
4290 4288 0.2
4290 4291 0.05
1160 326 0.01
1160 1086 0.2
1160 316 0.01
1160 1799 0.01
1160 436 0.05
1160 46 0.01
1160 175 0.01
1160 1116 0.05
1160 506 0.2
1160 1583 0.05
1160 438 0.2
1160 1024 0.05
1160 747 0.01
1160 1591 0.2
1160 912 0.2
1160 2238 0.01
1160 1081 0.2
1160 353 0.2
1160 3350 0.2
1160 1557 0.01
1160 30 0.01
1160 5 0.01
1160 647 0.01
1160 1895 0.2
1160 432 0.01
1160 445 0.2
1160 435 0.05
1160 1089 0.05
1160 1892 0.2
1160 943 0.2
1160 3224 0.05
1160 855 0.05
1160 250 0.2
1160 523 0.05
1160 911 0.2
1160 3387 0.2
1160 2518 0.2
1160 962 0.2
1160 280 0.05
1160 328 0.2
1160 1834 0.01
1160 2880 0.2
1160 4534 0.05
1160 1020 0.05
1160 215 0.2
1160 1908 0.2
1160 2224 0.05
1160 1652 0.2
1160 373 0.05
1160 2221 0.05
1160 1471 0.01
1160 1247 0.05
1160 813 0.01
1160 639 0.05
1160 2226 0.2
1160 1893 0.2
1160 305 0.2
1160 2218 0.2
1160 1856 0.2
1160 431 0.05
1160 844 0.2
1160 717 0.2
1160 5425 0.01
1160 93 0.01
1160 5165 0.05
1160 4302 0.01
1160 2231 0.05
1160 1775 0.05
1160 2787 0.01
1160 400 0.05
1160 1242 0.2
1160 441 0.01
1160 5426 0.05
1160 308 0.05
1160 2267 0.01
1160 773 0.2
1160 2084 0.05
1160 2807 0.01
1160 437 0.01
1160 3432 0.01
1160 1632 0.05
1160 3678 0.2
1160 3640 0.01
1160 2033 0.05
1160 737 0.05
1160 3923 0.05
1160 2085 0.2
1160 5395 0.2
1160 4906 0.2
1160 2219 0.2
1160 5055 0.05
1160 5421 0.05
1160 2635 0.2
1160 5390 0.01
4023 1398 0.2
4023 4023 0.2
4023 3514 0.05
4023 4024 0.01
4023 4020 0.2
4023 1742 0.05
5427 540 0.05
5427 5427 0.05
5428 5428 0.01
5428 1816 0.05
5429 5429 0.05
3615 3615 0.2
3615 1211 0.2
3615 784 0.01
3615 1411 0.05
3615 883 0.2
3615 4075 0.05
3615 286 0.2
3615 121 0.2
3615 657 0.05
3615 46 0.2
3615 3240 0.2
3615 328 0.01
3615 5430 0.05
978 978 0.05
1388 165 0.2
1388 167 0.2
1388 1450 0.01
1388 497 0.2
1750 1750 0.01
1750 457 0.01
1750 1751 0.05
1750 1536 0.2
1750 2985 0.05
1750 5431 0.01
1750 1246 0.05
1750 2602 0.2
1750 488 0.01
1750 1757 0.2
1750 126 0.05
1750 324 0.05
1750 2606 0.05
1750 2604 0.05
1750 471 0.05
1750 2013 0.01
1750 2016 0.2
1750 2008 0.2
1750 2601 0.2
1750 2605 0.2
1750 3084 0.05
1750 2551 0.01
1750 2888 0.01
1750 681 0.05
1750 905 0.05
5432 5432 0.01
5432 5433 0.05
4116 174 0.01
4116 1404 0.05
4116 1002 0.2
5434 2781 0.2
2064 2064 0.01
2064 1639 0.01
2064 46 0.01
2064 719 0.01
2064 857 0.2
457 46 0.01
457 642 0.2
457 2666 0.2
457 1022 0.05
457 1518 0.2
457 1308 0.01
457 829 0.2
457 4564 0.05
457 282 0.05
457 33 0.2
457 440 0.05
457 385 0.2
457 784 0.2
457 1751 0.2
457 328 0.2
457 584 0.2
457 142 0.05
457 789 0.2
457 739 0.01
457 445 0.01
457 1750 0.01
457 226 0.01
457 456 0.05
457 887 0.2
457 1606 0.05
457 501 0.01
457 1757 0.2
457 1216 0.2
457 3119 0.01
457 2601 0.01
457 1967 0.2
457 4942 0.05
457 2042 0.2
457 776 0.2
457 2034 0.01
457 274 0.2
457 1779 0.05
457 1774 0.2
457 788 0.2
457 1603 0.01
457 1386 0.01
457 1601 0.01
457 1383 0.01
457 3449 0.2
457 2486 0.05
457 3259 0.05
457 3228 0.01
457 2142 0.05
457 918 0.2
457 2913 0.05
4328 92 0.2
4328 1023 0.01
4328 1017 0.01
4328 22 0.05
3228 500 0.05
3228 1939 0.05
3228 3228 0.2
3228 634 0.01
3228 1868 0.2
3228 1362 0.2
3228 2486 0.05
3228 990 0.2
3228 42 0.01
3228 708 0.2
3228 46 0.2
3228 719 0.01
3228 30 0.01
3228 328 0.05
3228 3226 0.05
3107 3107 0.2
3107 3475 0.05
3107 126 0.2
3107 530 0.2
3107 4539 0.2
3107 1247 0.05
3107 805 0.05
3107 3106 0.05
3107 614 0.05
3107 888 0.01
3107 326 0.05
211 3384 0.01
211 210 0.2
211 1451 0.01
211 1549 0.05
211 207 0.01
5435 5435 0.05
5435 46 0.2
5435 1116 0.2
5435 353 0.05
5435 2312 0.2
5435 506 0.05
5435 126 0.01
5435 5112 0.01
5435 610 0.05
1561 1561 0.05
1561 618 0.01
1561 3239 0.05
1561 2091 0.01
1561 578 0.05
1561 1065 0.05
1561 643 0.2
1561 428 0.01
1561 4 0.05
1561 1191 0.05
1561 736 0.01
1561 855 0.2
1561 2215 0.01
1561 1554 0.05
1561 2092 0.05
1561 2090 0.05
1561 429 0.2
1561 2208 0.2
1561 1555 0.2
1561 2219 0.2
1561 1816 0.2
1561 1270 0.05
1379 1380 0.2
1379 1386 0.2
1379 3441 0.2
1379 1379 0.05
726 706 0.05
614 614 0.05
614 739 0.05
614 855 0.05
614 2950 0.05
614 91 0.2
614 789 0.05
614 736 0.05
614 740 0.05
614 834 0.01
614 318 0.01
614 329 0.05
614 2678 0.01
614 837 0.01
614 2679 0.2
614 648 0.01
614 1982 0.2
614 805 0.2
614 632 0.2
614 5034 0.01
614 893 0.05
614 785 0.01
614 525 0.2
1841 990 0.05
1841 1842 0.2
1841 1840 0.05
4490 1486 0.01
811 811 0.2
811 328 0.05
811 719 0.05
811 30 0.2
811 785 0.01
811 46 0.2
4581 1993 0.2
4581 438 0.01
4581 523 0.05
4581 934 0.05
4581 2272 0.01
4581 530 0.2
4581 469 0.2
4581 547 0.01
4581 1685 0.01
4581 1447 0.01
4581 492 0.05
4581 712 0.2
4581 34 0.05
4581 525 0.05
4581 4581 0.05
5436 5436 0.2
5436 3002 0.01
5436 4779 0.05
5436 5437 0.2
5438 5438 0.2
5438 739 0.05
5438 353 0.05
5438 46 0.01
5438 329 0.01
5438 718 0.05
5438 855 0.05
5438 656 0.2
5438 296 0.05
3464 3464 0.01
4076 44 0.2
4076 232 0.01
5439 5439 0.2
1656 30 0.01
1656 46 0.01
1656 4043 0.05
1656 1656 0.01
1656 346 0.2
1656 157 0.05
1656 1049 0.05
1656 214 0.2
1656 328 0.05
1656 215 0.2
1656 779 0.01
1656 717 0.05
1656 793 0.01
1656 107 0.01
1656 675 0.05
1656 1384 0.01
1656 438 0.01
1656 776 0.2
1656 2420 0.01
1656 2733 0.05
1656 22 0.2
1656 461 0.05
1656 44 0.01
1656 440 0.01
1656 1781 0.01
1656 1569 0.01
1656 165 0.05
1656 597 0.2
1656 1874 0.01
1656 1917 0.2
5440 5440 0.2
4539 822 0.05
4539 141 0.01
4539 232 0.2
4539 4539 0.05
4539 5270 0.2
4539 46 0.2
4539 1936 0.01
4539 113 0.05
4955 1229 0.05
4955 274 0.05
4955 4955 0.05
1182 3424 0.05
1182 793 0.01
1182 1223 0.01
1182 157 0.01
1182 4703 0.01
1182 2782 0.2
1182 1160 0.01
1182 1630 0.01
1182 1236 0.2
1182 20 0.2
1182 583 0.01
1182 3918 0.05
1182 905 0.2
1182 276 0.01
1182 4283 0.2
1182 597 0.05
1182 1366 0.2
1182 718 0.01
1182 2199 0.05
1182 1248 0.05
1182 2578 0.01
1182 634 0.05
1182 1495 0.2
1182 1384 0.05
1182 214 0.05
1182 1174 0.2
1182 4196 0.2
1182 960 0.05
1182 22 0.2
1182 1964 0.05
1182 610 0.05
1182 2269 0.01
1182 708 0.05
1182 779 0.05
1182 3455 0.05
1182 2634 0.2
1182 124 0.05
1182 125 0.01
1182 642 0.2
1182 2892 0.01
1182 888 0.01
1182 3125 0.2
1182 3415 0.2
1182 2200 0.2
1182 791 0.2
1182 1394 0.01
1182 109 0.05
1182 646 0.01
1182 3021 0.01
1182 2793 0.01
1182 1872 0.2
1182 830 0.2
1182 3986 0.2
1182 4035 0.2
1182 3520 0.05
1182 2372 0.05
1182 1782 0.2
1182 5289 0.01
1182 2080 0.05
1182 2197 0.2
1182 4868 0.05
1182 1775 0.05
1182 5441 0.2
1182 5442 0.2
1182 3181 0.2
1182 3419 0.2
1182 3427 0.05
1182 5443 0.01
1182 5444 0.2
1182 1293 0.2
1182 2352 0.01
1182 5445 0.2
1182 1978 0.2
1182 1636 0.05
1182 1622 0.05
1182 3915 0.01
1182 844 0.05
1182 165 0.01
1182 5446 0.01
1182 353 0.01
1182 3051 0.01
1182 1092 0.2
1182 2153 0.01
1182 5447 0.2
1182 3508 0.01
5448 5448 0.2
5449 5449 0.2
5450 5450 0.2
5451 22 0.05
5452 2277 0.01
5452 5453 0.2
5452 5317 0.01
5452 3424 0.01
5452 1053 0.2
5452 789 0.01
2259 2259 0.01
2259 2222 0.01
2259 4102 0.05
2259 2992 0.05
2259 1065 0.2
2259 3398 0.05
2259 597 0.05
2259 4101 0.01
2259 1816 0.05
2259 4254 0.2
2259 431 0.05
2259 2774 0.2
2259 324 0.05
2259 323 0.01
2259 619 0.05
2259 3441 0.2
2259 2414 0.2
2259 1386 0.2
2259 2227 0.05
2259 429 0.01
2259 1375 0.05
2259 1379 0.01
2259 1067 0.2
2259 578 0.05
2259 2233 0.2
2259 984 0.05
463 370 0.01
463 463 0.2
463 464 0.01
463 46 0.01
463 1378 0.01
463 1630 0.2
463 776 0.05
463 2350 0.05
463 712 0.2
463 2141 0.01
463 461 0.05
463 2705 0.05
463 4942 0.01
463 397 0.2
463 858 0.01
463 1147 0.05
463 1183 0.01
463 2126 0.2
463 462 0.2
463 2274 0.01
463 214 0.01
463 157 0.05
463 465 0.2
463 369 0.2
3308 3308 0.05
3308 1086 0.2
3308 3307 0.2
3308 3309 0.05
3308 2666 0.05
3308 2971 0.01
427 427 0.05
427 426 0.05
427 118 0.01
427 46 0.01
427 1075 0.2
427 1124 0.01
427 30 0.05
427 642 0.05
427 22 0.2
427 424 0.2
427 425 0.01
427 112 0.01
427 770 0.05
427 624 0.05
427 1799 0.01
427 3574 0.05
5454 5454 0.2
5455 830 0.05
5455 5455 0.2
2793 414 0.2
2793 1182 0.05
2793 526 0.01
2793 1394 0.01
2793 1160 0.01
2793 1731 0.05
2793 2130 0.01
2793 978 0.2
2793 1254 0.2
2793 1009 0.2
2793 4616 0.01
2793 4615 0.01
2793 1266 0.2
2793 944 0.05
2793 776 0.05
2793 1270 0.01
2793 736 0.05
2793 4124 0.2
2793 819 0.01
2793 1373 0.05
2793 784 0.01
2793 615 0.2
2793 785 0.01
2793 2740 0.05
2793 1964 0.05
2793 1398 0.05
2793 779 0.05
2852 1692 0.05
2852 1211 0.2
3453 3453 0.2
4063 4062 0.2
4063 1389 0.2
4063 1047 0.2
5456 5456 0.01
1380 1380 0.2
1380 2227 0.05
1380 1379 0.05
5457 5457 0.2
5458 5458 0.01
5459 683 0.05
5328 5327 0.01
5328 5328 0.01
5328 5460 0.05
3119 3119 0.05
3119 106 0.2
3119 514 0.2
3119 2020 0.01
3119 86 0.05
3119 9 0.2
5461 819 0.05
5461 328 0.2
5461 46 0.05
5461 3099 0.05
5461 429 0.2
5461 5461 0.05
5462 17 0.01
5462 2251 0.2
5462 2147 0.05
5462 1093 0.05
5462 4239 0.05
5462 163 0.2
5462 417 0.01
5462 1827 0.05
5463 5463 0.05
5464 5464 0.2
5465 5465 0.2
552 552 0.05
552 328 0.2
5466 5466 0.2
5466 5467 0.05
3983 3983 0.05
5363 5363 0.2
5363 1498 0.01
5363 526 0.01
5363 1488 0.01
5363 677 0.2
5363 1371 0.01
5363 784 0.2
4628 4628 0.01
5468 46 0.2
5468 441 0.01
5469 5469 0.05
5470 5470 0.2
5470 1538 0.2
5470 716 0.05
5470 59 0.05
5471 5471 0.2
2878 118 0.05
2878 1918 0.2
2878 829 0.05
2878 797 0.01
2878 2878 0.01
1811 2922 0.2
1811 345 0.05
1811 597 0.01
1811 378 0.01
1811 242 0.2
1811 584 0.2
1811 996 0.05
1811 791 0.05
4729 4729 0.2
574 574 0.2
574 558 0.2
574 3233 0.05
574 736 0.01
574 792 0.05
574 738 0.05
574 739 0.01
574 467 0.05
574 1308 0.05
574 701 0.01
574 1307 0.2
574 741 0.2
574 84 0.2
574 1053 0.05
574 1176 0.01
574 648 0.01
574 142 0.01
574 789 0.01
574 86 0.2
574 835 0.01
574 656 0.01
574 1505 0.01
574 106 0.2
574 286 0.2
574 46 0.01
574 837 0.2
574 506 0.01
574 30 0.01
574 1286 0.2
574 859 0.2
574 855 0.05
574 3078 0.01
574 3230 0.05
574 329 0.01
574 2103 0.2
574 352 0.01
574 1454 0.01
574 353 0.05
574 1452 0.05
574 2213 0.2
574 801 0.2
574 1694 0.01
574 90 0.05
574 405 0.2
574 163 0.01
1535 46 0.01
1535 1534 0.2
1535 1233 0.2
1535 1353 0.01
1535 5472 0.01
1535 540 0.05
1535 1797 0.01
1535 328 0.01
1535 1616 0.05
1535 591 0.05
1535 1216 0.01
1535 273 0.05
1535 4083 0.05
1535 1996 0.05
1535 2272 0.01
1535 933 0.01
1535 1917 0.2
1535 34 0.2
1535 126 0.05
1535 81 0.05
1535 523 0.01
1535 545 0.2
1535 1436 0.05
3527 3527 0.01
2728 30 0.05
2728 1307 0.05
2728 2728 0.05
2728 719 0.2
2728 1434 0.05
2728 1117 0.2
2728 646 0.2
2728 1804 0.05
2728 791 0.05
2728 46 0.2
2728 431 0.2
2728 2918 0.2
2728 1165 0.05
5473 5473 0.05
5474 5474 0.05
5475 351 0.05
5475 1943 0.2
5475 303 0.05
5475 2485 0.2
5475 3537 0.2
5476 2412 0.05
5476 996 0.05
5476 3099 0.01
5476 1313 0.05
5476 1030 0.05
5476 825 0.2
5476 286 0.01
5476 344 0.2
5476 1860 0.2
5476 586 0.05
5476 48 0.01
5476 599 0.2
5476 1915 0.2
5476 4751 0.2
5477 1365 0.01
5477 2634 0.05
5477 552 0.01
1616 174 0.05
1616 468 0.2
1616 1117 0.05
1616 326 0.05
1616 1079 0.01
1616 1437 0.2
1616 501 0.01
5478 5478 0.2
5479 19 0.05
5479 481 0.01
5479 3067 0.2
5479 81 0.05
5479 305 0.01
5479 2247 0.2
5479 5480 0.2
5479 1934 0.05
5395 1160 0.01
5395 5394 0.01
5481 5481 0.05
4918 4918 0.2
5482 5482 0.2
1968 1968 0.2
1968 1370 0.2
1968 1418 0.01
1968 780 0.01
1968 1004 0.05
1968 30 0.2
1968 126 0.05
1968 346 0.01
1968 46 0.01
1968 2350 0.2
5483 469 0.2
612 407 0.2
612 1156 0.01
612 438 0.01
612 2278 0.05
612 286 0.05
612 618 0.05
612 1778 0.05
612 2625 0.2
612 2342 0.05
612 711 0.05
612 290 0.01
612 148 0.01
612 1158 0.01
612 1116 0.01
612 1579 0.2
612 1154 0.01
612 283 0.05
612 1471 0.2
612 2268 0.05
612 2343 0.2
612 292 0.05
612 746 0.05
612 1626 0.01
612 911 0.01
612 764 0.2
612 1969 0.2
612 296 0.2
612 747 0.01
612 3198 0.05
612 1545 0.01
612 578 0.01
612 1145 0.2
612 3128 0.05
612 5147 0.2
612 4721 0.01
612 375 0.01
612 1562 0.2
612 1569 0.01
612 3127 0.01
612 2269 0.2
612 1052 0.05
612 1781 0.05
612 962 0.01
612 2230 0.2
612 1160 0.2
612 474 0.01
612 1222 0.2
612 3787 0.01
612 4513 0.05
612 4720 0.01
612 5484 0.05
612 1308 0.2
612 3706 0.01
612 3707 0.2
612 346 0.05
612 46 0.01
612 506 0.01
612 1024 0.2
612 30 0.01
612 5 0.2
612 44 0.01
612 445 0.05
612 215 0.2
612 1856 0.2
612 431 0.01
612 328 0.05
612 716 0.05
612 904 0.2
612 2449 0.05
612 2349 0.2
5485 5485 0.2
5486 5486 0.01
5486 46 0.2
215 328 0.01
215 735 0.05
215 737 0.05
215 1638 0.2
215 1753 0.05
215 1028 0.01
215 34 0.01
215 1086 0.2
215 405 0.01
215 1041 0.01
215 297 0.05
215 1703 0.05
215 1834 0.05
215 638 0.01
215 44 0.01
215 3347 0.2
215 2880 0.2
215 1016 0.01
215 3153 0.01
215 5487 0.01
215 227 0.05
215 214 0.2
215 893 0.2
215 757 0.01
215 2925 0.05
215 3275 0.2
215 358 0.2
215 1240 0.05
215 1186 0.05
215 232 0.01
215 703 0.01
215 1602 0.01
215 759 0.2
215 19 0.2
215 1801 0.2
215 1150 0.05
215 2700 0.2
215 5488 0.01
215 4271 0.05
215 390 0.05
215 887 0.2
215 246 0.05
215 841 0.01
215 579 0.01
215 2610 0.05
215 1585 0.01
215 2221 0.05
215 191 0.01
215 429 0.01
215 1333 0.01
215 1160 0.01
215 322 0.01
215 3287 0.01
215 989 0.2
215 711 0.01
215 5072 0.2
215 614 0.2
215 802 0.01
215 1959 0.2
5489 5489 0.01
5489 1386 0.01
5489 214 0.01
5489 215 0.01
237 237 0.05
237 1314 0.2
237 1422 0.05
237 5490 0.2
237 1706 0.01
237 3808 0.01
237 377 0.2
237 5491 0.2
237 5492 0.2
105 105 0.01
105 2453 0.2
105 652 0.2
105 1210 0.2
105 1499 0.2
105 2454 0.2
105 286 0.01
105 858 0.2
105 1212 0.05
105 430 0.2
105 1123 0.05
105 2455 0.05
105 290 0.05
105 377 0.01
105 1127 0.01
105 659 0.01
105 113 0.2
105 110 0.01
105 1222 0.2
105 747 0.2
105 1479 0.2
105 748 0.01
105 1605 0.2
105 137 0.01
105 746 0.01
105 1205 0.2
105 1214 0.01
105 836 0.01
105 1219 0.05
105 2460 0.05
105 749 0.2
105 1213 0.2
105 2501 0.2
105 743 0.01
105 647 0.01
105 2458 0.05
105 954 0.01
627 5493 0.01
627 2221 0.05
627 629 0.2
627 2550 0.05
627 624 0.05
627 577 0.01
627 650 0.05
627 193 0.2
627 1352 0.2
627 627 0.01
627 274 0.05
627 1768 0.01
627 49 0.01
627 655 0.2
627 5494 0.01
627 194 0.2
627 918 0.2
627 1229 0.2
627 1177 0.01
627 29 0.2
627 333 0.01
627 100 0.2
627 1524 0.05
627 497 0.05
1492 1492 0.01
1492 937 0.05
1492 1490 0.01
1492 1491 0.01
1492 673 0.01
1492 2762 0.2
1492 1002 0.01
1492 1001 0.01
1492 2252 0.01
1492 719 0.01
1492 3625 0.05
1492 2911 0.05
1492 5495 0.2
1492 3935 0.05
1964 1964 0.05
1964 3679 0.01
1964 46 0.05
1964 224 0.01
1964 1652 0.05
1964 1586 0.2
1964 736 0.05
1964 802 0.05
1964 44 0.05
1964 428 0.01
1964 329 0.2
1964 30 0.05
1964 353 0.05
5496 5496 0.05
5496 984 0.2
5497 5498 0.01
5497 1170 0.05
5497 2789 0.2
5497 1361 0.2
5497 96 0.05
5497 574 0.01
5497 739 0.01
5497 2263 0.01
2702 1407 0.05
2702 1906 0.2
2702 46 0.01
1447 2210 0.01
1447 431 0.05
1447 1086 0.01
1447 439 0.01
1447 2078 0.2
1447 437 0.05
1447 1996 0.2
1447 46 0.2
1447 438 0.2
1447 1894 0.01
1447 318 0.01
1447 1160 0.2
1447 5267 0.2
1447 4643 0.2
1447 95 0.01
1447 738 0.05
1447 2652 0.2
1447 440 0.05
1447 1233 0.01
1447 93 0.01
1447 1446 0.2
3450 1195 0.2
3450 1194 0.05
5499 5499 0.01
2715 90 0.01
2715 1898 0.05
2715 1818 0.05
2715 736 0.05
2715 1343 0.01
2715 4067 0.01
2715 3380 0.05
2715 38 0.2
2715 194 0.2
2715 2714 0.05
2715 318 0.05
5500 5500 0.2
5501 5501 0.05
5502 5031 0.05
5502 5502 0.2
5502 801 0.2
2781 429 0.01
2781 2207 0.2
2781 431 0.01
2781 2092 0.01
2781 2090 0.01
2781 969 0.2
2781 1067 0.05
2781 863 0.01
2781 4290 0.01
2781 4101 0.05
2781 782 0.01
2781 4288 0.2
2781 3972 0.2
2781 4291 0.05
2781 720 0.2
2781 618 0.01
2781 2222 0.01
2781 1386 0.2
2781 2227 0.05
2781 2415 0.01
2781 2259 0.05
2781 4230 0.2
2781 4412 0.01
2781 707 0.2
2781 3398 0.05
2781 1823 0.01
2781 1065 0.01
2781 282 0.01
2781 1816 0.01
2781 1379 0.05
2781 578 0.01
2781 1270 0.01
2781 984 0.05
2781 324 0.05
2781 725 0.2
2781 1247 0.05
2781 46 0.05
2781 4413 0.05
2781 1191 0.2
2781 2091 0.2
2781 1554 0.2
2781 643 0.2
2781 428 0.2
2781 853 0.01
2781 2215 0.2
2781 2219 0.2
2781 2228 0.01
2781 22 0.01
2781 1058 0.05
2781 2208 0.05
2781 329 0.2
2781 739 0.2
2781 2205 0.01
2781 112 0.2
2781 859 0.05
2781 3678 0.01
2781 5434 0.01
2781 4699 0.2
621 621 0.05
2603 1757 0.2
2603 2602 0.2
1583 46 0.01
1583 352 0.2
1583 438 0.05
1583 1086 0.2
1583 1160 0.05
5503 5503 0.2
5503 326 0.05
5503 1661 0.05
4043 1656 0.05
5504 1167 0.01
5505 5506 0.01
5507 5508 0.2
3256 3256 0.01
3256 1339 0.2
5509 5509 0.05
5510 5510 0.01
4147 4147 0.01
4959 4959 0.05
4959 809 0.2
4959 4958 0.01
4959 3482 0.01
305 30 0.05
305 1020 0.05
305 328 0.2
305 1079 0.2
305 323 0.01
305 719 0.2
305 324 0.2
305 352 0.05
305 46 0.01
305 303 0.05
305 1072 0.2
305 1633 0.2
305 174 0.01
305 353 0.01
305 1116 0.01
305 511 0.2
305 1075 0.01
305 304 0.01
305 101 0.05
305 1162 0.2
305 2218 0.01
305 349 0.05
305 307 0.05
1679 248 0.05
1679 812 0.05
1679 1586 0.2
1679 370 0.05
1679 793 0.05
1679 1047 0.05
1679 316 0.05
1679 214 0.2
1679 776 0.05
1679 328 0.2
1679 1971 0.05
1679 1142 0.2
1679 2157 0.05
1679 1277 0.01
1862 1123 0.05
1862 1863 0.01
1862 642 0.05
1862 652 0.01
1862 1862 0.01
1862 2291 0.01
1862 5127 0.05
1862 858 0.01
1862 110 0.01
1862 1861 0.05
1862 1200 0.05
1862 167 0.05
1862 49 0.01
1862 290 0.2
1862 1212 0.05
1862 659 0.05
1862 1499 0.05
1862 328 0.01
1862 1214 0.01
1862 747 0.05
1862 748 0.05
1862 764 0.2
1862 647 0.05
1862 590 0.01
1862 1864 0.2
1671 324 0.01
1671 328 0.01
1671 1671 0.2
1671 326 0.05
1671 1185 0.05
1671 586 0.01
1671 2135 0.05
1671 887 0.05
1671 45 0.01
1671 860 0.2
1671 857 0.01
1671 1557 0.2
1671 83 0.05
1671 277 0.2
1671 1135 0.01
1671 858 0.2
1671 1132 0.05
1671 38 0.01
1671 788 0.01
1671 2190 0.05
1671 584 0.2
1671 323 0.05
1671 2363 0.01
1671 1022 0.01
1671 904 0.05
1671 1702 0.05
1671 3491 0.01
1671 1162 0.01
1671 4277 0.05
1671 94 0.01
1671 2565 0.01
1671 5511 0.2
1671 292 0.2
1671 3316 0.01
1671 1670 0.05
1671 4150 0.2
1671 255 0.2
1671 918 0.01
1671 271 0.05
1671 246 0.05
1671 795 0.05
1671 214 0.2
1671 643 0.2
1671 1559 0.05
1671 17 0.05
1671 306 0.05
1671 4973 0.05
1671 776 0.01
1671 364 0.2
5512 5512 0.05
5513 166 0.2
5513 22 0.01
5513 3856 0.05
5513 233 0.2
5513 332 0.05
5513 2614 0.01
5513 1798 0.05
5513 1356 0.05
5513 948 0.01
5513 1816 0.05
5513 1685 0.01
5513 1089 0.01
5273 5273 0.05
5273 649 0.2
3561 45 0.05
3561 1384 0.2
3561 595 0.2
3561 328 0.05
3561 1159 0.05
3561 610 0.05
3561 1365 0.2
3561 1514 0.05
3561 1385 0.2
3561 1626 0.05
3561 5514 0.05
3561 1154 0.01
3561 1747 0.01
3561 716 0.01
3268 3268 0.01
3268 3343 0.01
3268 3342 0.01
3268 803 0.2
3268 993 0.05
3268 626 0.2
3268 3904 0.01
3268 3395 0.01
5515 5515 0.05
5516 329 0.01
5516 30 0.01
5516 739 0.2
5517 5517 0.05
5518 5519 0.2
5520 5520 0.05
5521 5521 0.05
2152 2152 0.2
2152 2134 0.01
5430 5430 0.2
5522 5522 0.01
1230 1230 0.2
1230 359 0.2
1230 764 0.05
1230 282 0.2
1230 22 0.01
1230 2521 0.05
4600 4600 0.2
4600 45 0.01
5523 5523 0.2
5056 5056 0.05
5056 651 0.2
263 263 0.01
263 1551 0.2
263 2308 0.05
263 993 0.2
263 1586 0.2
263 214 0.05
263 258 0.01
263 1486 0.2
263 666 0.01
263 737 0.05
263 2306 0.01
263 597 0.2
263 378 0.2
263 5524 0.2
263 712 0.01
263 323 0.05
263 518 0.2
263 2307 0.05
263 2232 0.01
263 269 0.2
263 148 0.01
263 19 0.01
263 89 0.01
263 364 0.05
263 271 0.2
263 919 0.05
263 2657 0.01
263 1246 0.01
263 329 0.05
263 857 0.2
263 613 0.2
263 773 0.05
263 4695 0.2
355 46 0.05
355 286 0.01
355 3281 0.2
355 355 0.05
355 1027 0.05
778 778 0.01
778 449 0.01
778 1212 0.2
778 1031 0.05
778 1020 0.01
778 4468 0.05
822 822 0.2
822 638 0.05
822 572 0.2
822 312 0.2
822 1450 0.2
822 1756 0.05
822 807 0.2
822 3376 0.01
822 200 0.05
822 1543 0.01
822 1917 0.2
822 251 0.05
822 1219 0.05
822 1033 0.05
822 724 0.2
70 70 0.2
70 1165 0.05
70 3655 0.05
70 3380 0.2
70 1422 0.05
70 311 0.05
70 3382 0.01
70 2186 0.01
70 1498 0.2
70 3343 0.2
70 3490 0.05
70 965 0.2
70 1984 0.2
70 578 0.05
70 1737 0.05
70 1047 0.01
70 597 0.05
70 1192 0.05
70 471 0.01
70 5240 0.2
70 488 0.01
70 251 0.01
70 917 0.01
70 1958 0.05
70 67 0.2
70 334 0.2
70 724 0.01
70 68 0.2
70 74 0.05
523 523 0.01
523 438 0.05
523 1078 0.05
523 2272 0.05
523 933 0.2
523 807 0.2
523 501 0.05
523 33 0.2
523 34 0.05
523 1160 0.2
523 492 0.01
523 893 0.01
523 2271 0.05
523 511 0.2
523 712 0.01
523 1000 0.05
523 525 0.2
523 1020 0.01
523 719 0.2
523 1075 0.01
523 324 0.01
523 466 0.05
523 304 0.05
523 829 0.2
523 659 0.2
523 934 0.2
523 915 0.05
523 171 0.2
523 172 0.01
523 1754 0.2
523 2614 0.2
523 349 0.01
523 1052 0.01
523 1847 0.01
523 577 0.05
523 1557 0.01
523 353 0.05
523 2208 0.2
523 2985 0.01
523 298 0.01
523 1535 0.2
523 530 0.2
523 949 0.2
523 1798 0.05
523 2482 0.2
523 2224 0.2
523 547 0.05
523 1019 0.05
523 939 0.05
523 469 0.01
523 255 0.2
523 780 0.2
523 804 0.01
523 990 0.01
523 2002 0.05
523 46 0.2
523 543 0.05
523 2226 0.2
523 1352 0.05
523 4581 0.01
523 830 0.2
523 1004 0.05
523 45 0.01
523 982 0.2
987 987 0.2
987 751 0.2
987 928 0.01
987 597 0.05
987 638 0.2
987 19 0.05
987 4147 0.01
987 923 0.2
987 801 0.01
987 741 0.2
987 584 0.01
987 1172 0.05
987 2239 0.01
987 856 0.2
987 1500 0.2
987 4940 0.05
987 960 0.2
987 528 0.05
987 258 0.05
987 1306 0.2
987 1640 0.05
987 2789 0.2
987 167 0.2
987 1703 0.01
987 242 0.2
987 2013 0.01
987 107 0.01
987 5250 0.01
987 1243 0.05
987 297 0.05
987 893 0.05
987 362 0.05
987 524 0.2
987 46 0.05
987 194 0.2
987 232 0.05
987 9 0.01
987 703 0.01
987 988 0.05
987 81 0.2
987 610 0.2
987 996 0.01
987 3032 0.2
987 467 0.2
3061 3061 0.01
3061 126 0.2
2756 2756 0.05
2756 1604 0.01
2756 1605 0.2
2756 2989 0.2
3652 3652 0.2
3652 390 0.05
3652 593 0.01
5525 5525 0.2
5525 2756 0.01
5525 286 0.05
5525 1450 0.2
5526 1809 0.2
5527 62 0.01
5527 4155 0.01
5527 4604 0.05
3948 438 0.01
3948 3947 0.01
1402 1402 0.05
1402 2059 0.05
1402 1400 0.05
1402 574 0.05
1402 4491 0.05
1402 439 0.2
1402 46 0.2
1402 658 0.01
1402 4343 0.01
5528 4713 0.2
5529 5529 0.2
5530 5530 0.01
5531 2153 0.01
5531 2979 0.2
5531 3463 0.05
5531 2062 0.05
5531 3651 0.05
5531 2050 0.01
5531 2276 0.2
5531 284 0.05
5532 5532 0.05
5533 5533 0.01
1852 1852 0.2
1852 349 0.2
1852 678 0.2
1852 2974 0.2
1852 624 0.2
1852 2975 0.05
1852 830 0.2
1852 2255 0.01
1852 3538 0.01
1852 2254 0.05
1039 991 0.2
1039 1038 0.2
1039 1016 0.05
1039 1030 0.05
1039 1039 0.2
1039 1034 0.2
5534 5534 0.2
1640 736 0.05
1640 739 0.05
1640 584 0.01
1640 648 0.01
1640 789 0.05
1640 142 0.2
1640 91 0.2
1640 86 0.01
1640 835 0.2
1640 837 0.01
1640 329 0.05
1640 855 0.01
1640 2213 0.01
1139 9 0.05
1139 107 0.01
1139 923 0.01
1139 631 0.01
1139 46 0.2
1139 499 0.2
1139 1585 0.2
1139 582 0.01
1139 1407 0.2
1139 887 0.01
1139 646 0.01
1139 214 0.05
1139 964 0.05
1139 681 0.2
1139 1685 0.2
1139 712 0.01
1139 5535 0.2
1139 83 0.05
1139 1113 0.2
1139 607 0.05
1139 261 0.05
1139 3130 0.2
1767 296 0.01
1767 3281 0.01
1767 58 0.2
1767 1767 0.05
1767 57 0.05
1767 50 0.2
1767 61 0.01
1767 51 0.2
1767 333 0.01
1767 331 0.2
5536 5536 0.2
5537 5537 0.05
5538 1939 0.05
5538 5538 0.01
988 807 0.05
988 1546 0.05
988 3103 0.05
988 324 0.2
988 1167 0.2
988 1650 0.01
988 1839 0.01
988 322 0.2
988 804 0.01
988 286 0.01
988 1075 0.01
988 1589 0.2
988 987 0.2
988 511 0.05
988 631 0.01
988 630 0.2
988 1154 0.2
988 624 0.01
988 779 0.05
988 2482 0.01
988 1964 0.01
988 2255 0.05
5539 5539 0.2
2751 391 0.01
2751 739 0.2
2751 1689 0.2
2751 106 0.2
2751 801 0.2
2751 390 0.05
2751 1309 0.2
2751 91 0.2
2751 789 0.05
2751 855 0.2
2751 741 0.01
2751 84 0.01
2751 856 0.01
2751 1659 0.05
2751 1754 0.2
2751 2751 0.01
2751 792 0.2
2751 740 0.2
2751 2961 0.01
2751 3313 0.05
2751 648 0.2
2751 1684 0.05
1052 1052 0.2
1052 175 0.01
1052 296 0.2
1052 1579 0.2
1052 375 0.2
1052 1781 0.05
1052 336 0.05
1052 3127 0.2
1052 1626 0.05
1052 2269 0.2
1052 1562 0.05
2478 2478 0.05
89 89 0.2
89 22 0.01
89 30 0.2
89 286 0.05
89 1047 0.05
89 19 0.01
89 1886 0.05
89 92 0.05
89 1898 0.2
89 518 0.05
89 893 0.05
89 764 0.05
89 917 0.05
89 2171 0.05
89 328 0.01
89 966 0.05
89 1650 0.05
89 1685 0.05
89 98 0.05
89 157 0.2
89 1159 0.05
89 255 0.01
89 773 0.2
89 103 0.2
89 630 0.01
89 1624 0.2
89 214 0.01
89 1175 0.05
89 1399 0.2
89 165 0.05
3634 5066 0.05
3634 82 0.05
5540 357 0.2
5540 5540 0.05
5540 584 0.01
1892 320 0.01
1892 46 0.01
1892 1086 0.05
1892 738 0.05
1892 431 0.01
1892 1996 0.01
1892 436 0.01
1892 1718 0.01
1892 907 0.05
1892 1892 0.01
1892 30 0.05
1892 2210 0.2
1892 352 0.01
1892 209 0.01
1892 316 0.01
1892 437 0.01
1892 1288 0.2
1892 439 0.05
1892 2078 0.2
1892 1719 0.05
1892 1160 0.05
1892 326 0.01
1892 441 0.05
1892 112 0.05
1892 701 0.01
1892 2068 0.01
1892 584 0.01
1892 3116 0.2
1892 317 0.2
1892 445 0.01
1892 429 0.05
1892 631 0.05
1892 154 0.01
5541 5541 0.2
5541 1704 0.05
1733 1732 0.01
1733 1731 0.05
5542 5542 0.01
5356 469 0.05
5356 1507 0.2
5356 2652 0.05
5356 5356 0.01
5356 1886 0.2
5543 5543 0.01
5544 919 0.05
5544 214 0.05
5544 89 0.05
5544 632 0.2
5544 799 0.05
5544 813 0.05
5544 93 0.01
4026 584 0.01
4026 1406 0.05
5545 5545 0.2
5546 1981 0.2
5546 1970 0.01
1659 855 0.05
1659 142 0.2
1659 1659 0.2
1659 736 0.2
1659 837 0.01
304 1754 0.01
304 30 0.2
304 1020 0.05
304 719 0.01
304 739 0.05
304 324 0.2
304 316 0.05
304 511 0.2
304 353 0.01
304 329 0.01
304 1799 0.01
304 46 0.05
304 434 0.05
304 303 0.01
304 2078 0.01
304 174 0.05
304 328 0.01
304 432 0.01
304 1720 0.2
2579 2243 0.05
2579 2106 0.2
2579 1653 0.05
1244 1244 0.01
1244 1237 0.2
1244 4775 0.01
1244 233 0.05
5547 5547 0.01
5548 5548 0.01
71 71 0.05
71 31 0.2
71 33 0.01
71 737 0.01
71 753 0.05
71 334 0.2
71 67 0.01
71 70 0.01
71 1764 0.01
71 1515 0.01
71 29 0.01
71 2400 0.2
71 53 0.05
71 1078 0.2
71 295 0.2
71 68 0.2
4851 385 0.01
4851 286 0.01
4851 49 0.2
4851 2984 0.2
5549 5549 0.2
703 1233 0.05
703 642 0.01
703 786 0.2
703 44 0.01
703 643 0.05
703 1233 0.01
703 438 0.01
703 1022 0.2
703 718 0.05
703 1685 0.01
703 738 0.05
703 215 0.01
703 784 0.01
703 316 0.01
703 1894 0.01
703 705 0.2
703 429 0.01
703 1998 0.2
703 4581 0.2
703 46 0.2
703 2835 0.2
703 739 0.01
703 1446 0.2
703 2334 0.05
703 405 0.05
703 3826 0.05
703 469 0.2
703 2713 0.01
703 2652 0.01
703 93 0.05
703 803 0.2
2788 242 0.05
2788 2788 0.2
2788 588 0.2
2788 715 0.01
2788 2686 0.05
5550 5550 0.05
841 841 0.01
841 844 0.05
841 780 0.01
841 34 0.2
841 843 0.2
841 328 0.2
841 658 0.2
841 200 0.2
841 1936 0.05
841 19 0.2
841 1127 0.2
841 5490 0.01
841 311 0.05
841 2614 0.05
841 2615 0.2
841 9 0.2
841 1658 0.05
841 3276 0.2
841 577 0.01
841 148 0.2
841 31 0.2
841 1537 0.05
841 492 0.05
841 214 0.05
841 39 0.2
841 303 0.05
841 1761 0.05
841 1701 0.05
841 1190 0.2
841 1126 0.2
841 1542 0.01
841 385 0.01
841 387 0.05
841 918 0.05
841 840 0.2
841 586 0.2
841 1270 0.2
841 575 0.01
841 934 0.05
841 2616 0.2
841 2515 0.2
841 215 0.01
841 1984 0.05
841 888 0.05
2672 2672 0.01
3412 1910 0.05
3412 1237 0.01
3412 632 0.2
3412 639 0.01
3412 4006 0.2
4254 4254 0.05
4254 1809 0.01
4254 2780 0.2
4254 429 0.2
4254 2227 0.05
4254 126 0.2
1037 1037 0.2
1037 2307 0.05
1037 3750 0.2
3703 682 0.01
3703 3705 0.05
3703 3703 0.2
1752 937 0.01
1752 46 0.2
1752 1075 0.2
1752 1476 0.01
1752 349 0.2
1752 144 0.2
1752 30 0.01
1752 1117 0.01
1752 324 0.2
1752 791 0.05
1752 1847 0.2
1752 328 0.2
1752 1436 0.05
1752 719 0.2
1752 351 0.2
1752 1020 0.2
1752 1754 0.01
1752 329 0.2
1752 1490 0.01
1752 172 0.01
1752 918 0.2
5551 5551 0.05
3102 175 0.01
3102 1343 0.01
3102 22 0.01
3102 1176 0.01
3102 2886 0.2
3102 1221 0.2
3102 3769 0.05
3102 498 0.2
3102 2891 0.2
3102 739 0.05
3102 1306 0.05
3102 1220 0.05
3102 5552 0.01
4580 2782 0.2
4580 584 0.2
4580 4580 0.2
4580 1202 0.01
2861 1171 0.01
2861 2521 0.05
2861 1216 0.01
2861 2845 0.05
2861 588 0.05
2861 801 0.05
512 1616 0.2
512 468 0.2
512 501 0.2
512 512 0.05
512 2328 0.2
512 3337 0.2
512 1655 0.01
512 492 0.05
512 5553 0.2
512 5554 0.05
512 1237 0.01
512 5555 0.05
512 4010 0.05
512 1835 0.05
512 1167 0.05
512 44 0.01
512 1742 0.05
1547 737 0.2
1547 1246 0.2
1547 2984 0.2
1547 1435 0.2
1547 2307 0.05
1547 286 0.01
1547 46 0.01
1547 328 0.2
1547 1312 0.2
1547 121 0.05
1547 4067 0.2
1547 1247 0.2
1547 324 0.01
1547 232 0.2
1547 22 0.01
1547 1750 0.01
1547 710 0.2
1547 3386 0.05
1547 3718 0.01
1547 646 0.05
1547 2008 0.01
1547 2657 0.05
2912 116 0.05
2912 1105 0.01
2912 925 0.01
2912 1107 0.01
2912 30 0.05
2912 3784 0.05
2912 4113 0.2
2912 1109 0.05
2912 673 0.01
2912 2762 0.2
1772 1772 0.05
1772 2703 0.05
1772 1241 0.01
1864 1861 0.2
1864 1862 0.2
5083 1685 0.05
5083 522 0.01
532 1247 0.2
532 780 0.2
532 322 0.05
532 2227 0.2
532 4254 0.05
532 1809 0.2
1334 1334 0.05
1334 1125 0.01
1334 5556 0.01
5557 126 0.2
2697 95 0.2
2697 306 0.05
2697 2698 0.05
2697 46 0.2
2697 2002 0.05
2697 2697 0.05
2697 307 0.05
2697 305 0.05
2697 844 0.2
5558 3743 0.2
5558 1653 0.05
5559 5559 0.01
5560 5561 0.01
3155 5562 0.05
3155 3155 0.01
3155 1415 0.2
2205 429 0.05
2205 2205 0.01
2205 1823 0.01
2205 578 0.01
2205 643 0.01
2205 70 0.2
3188 175 0.01
3188 1546 0.01
3188 1898 0.2
3188 4067 0.01
3188 90 0.2
3188 736 0.05
3188 3100 0.01
3188 2886 0.05
3188 327 0.2
3188 3187 0.05
3188 3185 0.01
3188 328 0.2
3188 1343 0.2
3188 22 0.01
3601 3601 0.05
3601 167 0.2
3601 5094 0.05
3601 194 0.2
3601 1660 0.05
3601 168 0.01
3601 72 0.2
1286 739 0.2
1286 1026 0.01
1286 740 0.01
1286 736 0.2
1286 1287 0.01
1286 1285 0.05
1286 142 0.2
1286 648 0.05
1286 837 0.05
1286 985 0.2
1286 1289 0.01
1286 1454 0.2
1286 90 0.01
1286 2629 0.05
1286 835 0.2
5562 3155 0.05
5042 46 0.01
5042 30 0.01
5042 5563 0.2
5042 696 0.01
5564 1175 0.01
5565 5565 0.2
5565 2070 0.01
5565 193 0.05
5565 4861 0.2
5566 1698 0.2
5566 5566 0.05
4704 4704 0.05
3212 3212 0.2
3212 1108 0.2
3212 1492 0.01
3212 674 0.2
3212 2902 0.05
3212 718 0.01
3212 1568 0.2
3212 3210 0.01
3212 646 0.05
3212 202 0.05
3212 2611 0.05
3212 30 0.05
3212 126 0.2
2340 129 0.2
2340 3799 0.2
2340 629 0.2
2340 2339 0.01
2340 4226 0.2
2185 2185 0.05
2185 614 0.2
2185 329 0.05
3118 789 0.2
3118 1176 0.05
3118 142 0.2
3118 736 0.05
3118 3118 0.01
3118 90 0.05
3118 837 0.05
3118 584 0.01
3118 739 0.2
3118 656 0.2
3118 835 0.01
3118 86 0.2
3118 855 0.01
3118 329 0.05
3118 2213 0.01
3118 1454 0.05
3118 856 0.05
3118 405 0.2
3118 286 0.2
3118 84 0.2
3118 648 0.05
3118 2237 0.2
3118 91 0.2
3118 1693 0.01
3118 1692 0.01
3118 1628 0.05
3118 801 0.05
3118 1898 0.05
3118 92 0.01
3118 3491 0.2
3118 647 0.05
3118 3141 0.05
3118 1020 0.05
3118 2261 0.2
3118 786 0.05
3118 740 0.05
5567 1219 0.05
5568 5568 0.01
1582 1582 0.2
5569 5569 0.01
5570 5570 0.2
3917 3917 0.05
1087 328 0.2
1087 719 0.01
1087 466 0.2
1087 30 0.2
1087 306 0.05
1087 1434 0.01
1087 1400 0.2
1087 2401 0.2
1087 645 0.01
1087 324 0.2
1087 1075 0.05
1087 1020 0.05
1087 1117 0.05
1087 174 0.05
1087 2101 0.01
1087 326 0.2
1087 323 0.01
1087 2103 0.05
1087 1401 0.2
1087 1076 0.05
1087 305 0.2
1087 3231 0.05
1087 1804 0.05
1087 46 0.01
1087 3 0.2
1087 1028 0.2
1087 1860 0.2
1087 1546 0.2
1087 2247 0.01
1087 325 0.05
1087 569 0.05
1087 944 0.01
1087 5571 0.05
1087 591 0.05
1087 1072 0.01
1087 943 0.2
1087 3338 0.05
5572 5572 0.2
363 1370 0.05
363 711 0.2
363 793 0.01
363 1370 0.2
363 1154 0.01
1963 1963 0.05
1963 4703 0.01
1963 622 0.2
1963 374 0.05
1963 1223 0.01
1963 1650 0.01
1963 1816 0.01
1963 1498 0.01
1963 2777 0.2
1963 5034 0.2
1963 3609 0.2
1963 757 0.2
1963 45 0.2
1963 403 0.05
1963 20 0.05
1963 83 0.05
1963 2796 0.2
1963 4830 0.2
1963 2147 0.01
1963 2199 0.05
1963 3916 0.01
1963 4094 0.05
1963 927 0.01
1963 469 0.05
1963 4959 0.05
1963 5573 0.2
1963 34 0.05
1963 804 0.2
1963 457 0.05
1963 2539 0.01
1963 923 0.01
1963 944 0.01
1963 617 0.01
1963 1047 0.2
1963 3404 0.05
1963 812 0.05
1963 5274 0.01
1963 2034 0.01
1963 1899 0.2
1963 40 0.05
1963 3409 0.01
1963 1964 0.01
1963 2775 0.2
1963 399 0.2
1963 919 0.01
5574 5574 0.01
352 1022 0.05
352 303 0.05
352 1720 0.05
352 328 0.2
352 95 0.05
352 2290 0.05
352 2157 0.05
352 1116 0.01
352 1076 0.05
352 353 0.2
352 1924 0.01
352 2076 0.01
352 1961 0.05
3425 1242 0.05
3425 1243 0.05
3425 46 0.05
3425 577 0.05
3425 438 0.05
3425 513 0.05
3425 2080 0.2
3425 306 0.2
3425 1075 0.01
3425 610 0.2
3425 346 0.2
3425 934 0.01
3425 1711 0.05
3425 2372 0.01
3574 577 0.01
3574 46 0.01
3574 30 0.01
3574 13 0.05
3574 2967 0.01
3574 12 0.01
3574 126 0.2
426 426 0.2
426 425 0.2
426 118 0.05
426 22 0.2
426 770 0.05
426 424 0.05
426 112 0.2
426 1124 0.05
426 46 0.2
273 764 0.2
273 65 0.2
273 282 0.2
273 1122 0.01
273 1126 0.2
273 598 0.2
273 426 0.2
273 1123 0.01
273 22 0.01
273 112 0.05
273 770 0.01
273 427 0.05
273 1125 0.2
273 273 0.2
273 46 0.01
273 642 0.01
273 175 0.01
273 148 0.05
273 121 0.01
273 1127 0.2
273 561 0.05
273 2323 0.2
273 640 0.2
273 2949 0.2
273 1171 0.05
273 2521 0.01
273 1230 0.01
273 1228 0.01
273 2420 0.2
273 424 0.05
273 425 0.05
273 118 0.2
273 3807 0.01
273 267 0.01
273 272 0.01
273 1068 0.2
273 2094 0.05
273 1156 0.05
273 2823 0.01
273 2093 0.2
273 474 0.01
273 2517 0.01
273 4696 0.01
273 1723 0.01
273 3770 0.01
273 801 0.05
273 1134 0.05
273 1560 0.05
273 4547 0.01
273 1337 0.2
273 2861 0.01
273 4697 0.05
273 588 0.2
273 562 0.01
273 2216 0.05
273 2956 0.2
4544 398 0.2
4544 3218 0.01
4544 399 0.2
4544 1717 0.05
3572 3786 0.2
3572 351 0.2
3572 1717 0.2
3572 4146 0.01
3572 3006 0.01
3572 303 0.05
3572 2646 0.2
3572 2307 0.2
2865 107 0.05
2865 378 0.01
2865 1360 0.05
2865 1068 0.05
5575 5575 0.01
5576 5576 0.2
1043 4379 0.01
1043 4353 0.2
1043 3033 0.2
1043 126 0.2
1043 1974 0.01
1043 1898 0.2
1043 644 0.05
1043 1886 0.2
1043 1207 0.05
1043 1043 0.01
1043 3742 0.2
1043 3608 0.05
1043 716 0.2
1043 2740 0.05
1043 3640 0.01
1043 1241 0.05
1043 561 0.01
1043 45 0.2
2298 2298 0.01
2298 629 0.2
2298 129 0.05
1869 1869 0.2
1869 460 0.01
1869 1491 0.2
1869 2260 0.01
1869 793 0.2
1869 780 0.01
1869 1248 0.2
1869 2254 0.2
1869 2227 0.05
1869 2372 0.01
1869 1362 0.05
1869 709 0.2
1869 1364 0.01
1869 1649 0.2
1869 1657 0.05
1869 653 0.01
1869 1870 0.01
1869 774 0.2
1869 721 0.01
1869 1868 0.01
1972 1972 0.01
1972 418 0.01
5577 5577 0.01
1486 1486 0.05
1486 9 0.2
1486 258 0.05
1486 83 0.01
1486 597 0.01
1486 263 0.01
5578 5578 0.2
5578 296 0.05
5578 286 0.01
5579 5579 0.2
5580 5580 0.01
4920 4920 0.01
4920 30 0.05
4920 126 0.2
4920 90 0.01
5581 5581 0.05
72 167 0.05
72 165 0.05
72 328 0.2
72 3601 0.2
72 48 0.05
5582 555 0.05
3091 1988 0.01
3091 492 0.2
3091 234 0.05
3091 66 0.05
3091 2483 0.2
3091 963 0.01
3091 1643 0.05
40 46 0.05
40 121 0.01
40 326 0.01
40 351 0.2
40 327 0.01
40 323 0.05
40 324 0.2
40 719 0.01
40 1020 0.2
40 467 0.01
40 3016 0.2
40 147 0.01
40 282 0.01
40 1648 0.05
40 112 0.2
40 3774 0.05
40 4754 0.01
40 40 0.05
40 3189 0.05
40 1021 0.05
40 1480 0.2
40 5583 0.01
40 677 0.01
40 1759 0.01
40 2248 0.01
40 788 0.2
40 1918 0.05
40 5584 0.01
40 3099 0.2
40 2405 0.01
40 4753 0.2
40 1072 0.01
40 846 0.01
40 1915 0.2
40 328 0.2
40 1920 0.01
40 638 0.2
40 1132 0.2
40 912 0.2
40 1791 0.01
40 2727 0.2
40 2333 0.2
40 1028 0.2
40 301 0.01
40 737 0.01
40 643 0.01
40 835 0.01
40 356 0.05
40 658 0.05
40 858 0.2
40 1084 0.2
40 943 0.2
40 1673 0.05
40 1880 0.2
40 346 0.2
40 232 0.01
40 1464 0.01
40 852 0.05
40 1211 0.01
40 764 0.01
40 918 0.01
40 738 0.05
40 126 0.2
40 928 0.05
40 1415 0.2
40 599 0.05
40 189 0.2
40 1360 0.2
40 4005 0.2
3759 286 0.2
3759 22 0.2
3759 118 0.2
3759 652 0.01
3759 2878 0.01
3759 3759 0.2
3759 282 0.2
957 151 0.05
957 450 0.2
957 3497 0.01
957 1580 0.2
957 175 0.05
957 957 0.2
957 657 0.01
957 1717 0.05
957 1673 0.05
957 449 0.01
957 451 0.05
957 844 0.01
5585 5585 0.01
5586 5586 0.01
5587 5587 0.01
5587 3133 0.01
5588 792 0.01
5588 191 0.05
5588 1961 0.01
5588 1798 0.2
5588 2103 0.01
1169 1169 0.05
1169 295 0.05
1169 3251 0.01
1169 603 0.2
1169 157 0.2
1169 1685 0.01
1169 4442 0.05
1169 582 0.05
5589 5589 0.2
5590 5590 0.05
728 728 0.01
728 349 0.2
728 2250 0.2
728 1002 0.01
728 174 0.2
728 649 0.2
728 780 0.05
728 1418 0.01
728 779 0.05
728 1397 0.01
728 492 0.2
728 3288 0.01
728 2483 0.05
728 1416 0.05
728 2911 0.2
728 727 0.05
5591 5591 0.05
5591 349 0.05
228 228 0.2
5592 5592 0.05
5592 1148 0.01
5592 1965 0.05
5592 2024 0.01
5592 500 0.2
2463 774 0.2
2463 711 0.2
2463 2462 0.05
2463 1370 0.2
2463 2464 0.01
2463 1495 0.05
1070 290 0.01
1070 1479 0.2
1070 377 0.05
1070 747 0.05
1070 746 0.05
1070 110 0.05
1070 749 0.05
1070 1222 0.2
1070 748 0.2
1070 764 0.01
1070 1214 0.2
1070 119 0.2
1070 292 0.2
1070 3642 0.2
1070 647 0.05
1070 282 0.2
1070 332 0.2
1070 1346 0.01
5593 5593 0.05
3907 3907 0.05
3907 3206 0.01
2282 2282 0.2
2282 7 0.05
2282 597 0.01
2282 2281 0.05
2282 1385 0.01
2282 1971 0.2
2282 2832 0.2
2282 1780 0.2
2282 2671 0.01
2282 788 0.05
2282 4379 0.2
2282 45 0.05
2282 2417 0.05
2282 860 0.2
2282 1278 0.05
2282 1451 0.05
2282 1630 0.01
2282 708 0.05
2282 773 0.01
2282 468 0.2
2282 214 0.2
2282 715 0.2
2282 23 0.05
2282 830 0.05
2282 703 0.05
2282 2141 0.05
2282 62 0.2
2282 1586 0.01
2282 1399 0.2
2282 1377 0.05
2282 1378 0.01
2282 397 0.01
2282 794 0.01
2282 904 0.05
2282 2219 0.05
2282 982 0.05
2282 950 0.01
2282 2274 0.2
2282 3892 0.2
2282 1047 0.05
2282 880 0.01
2282 2578 0.05
2282 346 0.05
2282 30 0.2
2282 328 0.2
2282 719 0.05
2282 46 0.2
1377 124 0.05
1377 188 0.2
1377 2803 0.01
1377 1373 0.01
1377 1068 0.2
1377 1742 0.05
1377 2257 0.01
1377 919 0.2
1377 1028 0.05
1377 2282 0.05
1377 42 0.01
1377 701 0.01
1377 1154 0.05
1377 157 0.05
1377 5010 0.01
1377 3259 0.2
1377 5594 0.2
1377 4131 0.05
1377 1562 0.05
1377 1219 0.01
1377 1339 0.01
1394 963 0.05
1394 1988 0.2
1394 286 0.2
1394 46 0.01
1394 555 0.05
1394 126 0.05
1394 3387 0.2
1394 1241 0.2
1394 859 0.2
1394 649 0.2
1394 846 0.05
1394 1908 0.05
1394 1116 0.2
1394 2268 0.01
1394 807 0.01
1394 719 0.05
1394 30 0.05
1394 328 0.05
1394 1181 0.01
1394 695 0.05
1394 694 0.2
1394 43 0.05
1394 4779 0.2
1394 165 0.05
1394 346 0.01
1394 1558 0.01
1394 577 0.01
1394 708 0.05
1394 1831 0.05
1394 1142 0.01
1394 644 0.01
1394 830 0.01
1394 1586 0.2
1394 634 0.01
1394 4238 0.05
1394 3635 0.01
1394 780 0.05
1394 2793 0.01
1394 1043 0.01
1394 1160 0.05
1394 215 0.01
1394 2372 0.05
1394 2789 0.2
1394 1365 0.05
1394 3427 0.01
1394 777 0.01
1394 157 0.2
1394 597 0.05
1394 364 0.2
1394 1775 0.2
4492 4492 0.2
4492 4083 0.05
4492 322 0.2
4492 4625 0.05
4721 4721 0.01
4721 283 0.05
4721 612 0.01
4721 1052 0.01
4721 1579 0.05
4721 1569 0.01
5027 5027 0.05
5595 5595 0.01
1085 1085 0.01
1085 1020 0.2
1085 638 0.05
1085 34 0.2
1085 4360 0.01
1085 1313 0.05
1085 646 0.01
1085 324 0.01
1085 829 0.01
1085 468 0.2
1085 30 0.01
1085 328 0.2
1085 1616 0.05
1085 501 0.05
1085 1917 0.05
1085 46 0.01
1085 947 0.05
1085 174 0.2
1085 1916 0.2
1085 1918 0.01
1085 1356 0.05
1085 577 0.2
1085 1860 0.01
1085 797 0.01
1085 1021 0.01
1085 623 0.01
1085 323 0.2
1085 1298 0.2
1085 172 0.2
1085 1754 0.01
1085 303 0.01
1085 719 0.2
1085 830 0.01
1085 438 0.01
1085 804 0.2
1085 2435 0.05
1085 1814 0.05
1085 562 0.2
1085 492 0.01
1085 2170 0.2
1085 4183 0.01
1085 349 0.05
1085 346 0.2
1085 5596 0.2
1085 1495 0.01
1085 1878 0.05
1085 1851 0.01
1085 3763 0.2
2948 739 0.05
2948 126 0.2
2948 30 0.01
2948 142 0.05
2948 3616 0.2
3598 2528 0.01
3598 3462 0.2
3598 918 0.2
1567 1278 0.05
1567 1567 0.05
1567 1568 0.2
1567 439 0.2
1567 46 0.01
1567 438 0.2
1567 644 0.05
5597 5597 0.01
5598 5598 0.01
5599 5599 0.01
1706 1704 0.01
1706 237 0.05
446 46 0.2
446 429 0.01
446 431 0.01
446 446 0.01
446 428 0.01
446 353 0.05
1466 1466 0.2
5600 5600 0.2
5601 5601 0.2
3150 3150 0.2
3150 46 0.2
3150 329 0.01
3150 141 0.2
3150 2503 0.01
3150 1703 0.2
3150 4775 0.01
3150 2587 0.01
2854 2854 0.2
2284 1086 0.2
2284 738 0.05
2284 95 0.01
2284 434 0.05
2284 303 0.01
2284 46 0.05
2284 1720 0.05
2284 30 0.05
2284 701 0.2
5315 5315 0.2
5315 3078 0.05
5315 3731 0.01
5315 188 0.2
62 62 0.05
62 1451 0.05
62 737 0.2
62 45 0.05
62 209 0.05
62 1650 0.05
62 610 0.05
62 157 0.01
62 775 0.05
62 1012 0.01
62 1772 0.2
62 224 0.05
62 4219 0.2
62 1236 0.2
62 1629 0.2
62 1776 0.01
62 801 0.01
62 1775 0.2
62 827 0.05
62 1514 0.2
62 2787 0.01
62 2938 0.05
62 5602 0.05
62 819 0.05
62 1654 0.2
62 3675 0.01
62 2664 0.01
62 4926 0.2
62 779 0.05
62 5603 0.01
62 1258 0.05
62 5604 0.01
62 5605 0.01
62 5172 0.05
62 5606 0.2
62 5607 0.2
62 5608 0.2
62 5609 0.01
62 5610 0.2
62 5611 0.01
62 5612 0.05
62 4455 0.01
62 5613 0.01
62 5614 0.05
62 5615 0.05
62 5616 0.05
62 5016 0.01
62 5617 0.2
62 4603 0.2
62 5618 0.2
62 5619 0.01
62 1197 0.2
62 4413 0.05
62 5620 0.01
62 3617 0.01
62 4159 0.05
62 5621 0.05
62 5622 0.05
62 2129 0.05
62 148 0.05
62 5527 0.05
62 1393 0.05
62 4604 0.2
62 5421 0.01
62 4606 0.2
62 4314 0.01
62 5623 0.2
62 3755 0.2
62 5008 0.05
62 5624 0.05
62 5625 0.05
62 4156 0.2
62 5014 0.2
62 5626 0.2
62 4607 0.05
62 5627 0.01
62 3593 0.2
62 1256 0.2
62 5628 0.01
62 5629 0.01
62 5630 0.2
62 3933 0.05
62 3260 0.05
62 1978 0.01
62 1543 0.01
62 5631 0.2
62 128 0.01
62 5632 0.2
62 1257 0.05
62 120 0.2
62 2181 0.05
62 245 0.2
62 1263 0.01
62 1898 0.01
62 5020 0.05
62 1265 0.2
62 788 0.01
62 5633 0.05
62 1071 0.01
62 5634 0.01
62 5635 0.2
62 5636 0.2
62 1259 0.01
62 778 0.05
62 5637 0.05
62 5638 0.2
62 5639 0.01
62 5640 0.05
62 5641 0.05
62 960 0.01
62 1269 0.01
62 5642 0.2
62 1270 0.01
62 5643 0.01
62 4133 0.05
62 5644 0.01
62 5645 0.05
62 5646 0.05
62 5647 0.05
62 5648 0.01
62 3934 0.2
62 1271 0.2
1597 646 0.05
1597 202 0.05
1597 172 0.05
1597 1247 0.2
1597 854 0.05
1597 1592 0.05
1597 3078 0.05
1597 1924 0.01
1597 825 0.01
5649 5649 0.01
5650 5650 0.2
5651 5651 0.2
5652 5652 0.05
3031 3031 0.01
109 109 0.01
109 1033 0.2
109 945 0.05
109 3546 0.01
109 3547 0.01
109 3420 0.01
109 2468 0.05
109 699 0.2
5653 5653 0.05
5653 46 0.01
5654 5654 0.2
3122 1597 0.05
3122 286 0.2
3122 202 0.05
3122 46 0.01
3122 643 0.01
3122 1020 0.01
3122 928 0.01
3122 225 0.2
3122 232 0.01
3122 1518 0.2
3122 1150 0.05
3122 87 0.01
3122 646 0.05
3122 1801 0.05
5655 4596 0.2
5656 5656 0.2
5657 5658 0.05
5657 3130 0.05
5657 2865 0.2
5657 3403 0.2
5657 112 0.2
5657 4167 0.2
5657 416 0.05
5657 2831 0.2
5657 409 0.2
5137 5137 0.05
5137 46 0.2
5137 738 0.01
5137 2699 0.2
2068 907 0.2
2068 1892 0.2
2068 2078 0.2
2068 437 0.01
2068 46 0.05
2068 1720 0.2
2068 1894 0.05
2068 436 0.01
2068 316 0.2
5491 5492 0.01
5491 377 0.01
5491 237 0.05
2941 1616 0.2
2941 1024 0.2
2941 46 0.01
2941 1495 0.05
2941 438 0.2
2941 1020 0.05
2941 1041 0.01
2941 695 0.05
3981 1533 0.05
5659 1886 0.01
5659 5659 0.2
3507 3507 0.01
3507 2432 0.05
3507 93 0.05
3507 157 0.2
3507 18 0.01
3507 864 0.01
3507 1642 0.01
3507 1068 0.01
3507 2865 0.01
3507 316 0.01
3507 65 0.01
3507 1160 0.01
3507 3319 0.2
3507 846 0.05
3507 440 0.05
3507 1930 0.2
3507 121 0.01
3507 1645 0.05
3507 912 0.01
3507 1165 0.05
3507 760 0.05
3507 617 0.01
3507 3807 0.2
3507 1307 0.01
3507 3837 0.05
3507 4218 0.2
3507 1652 0.2
3507 757 0.2
3507 1398 0.01
3549 3549 0.05
4854 310 0.2
5660 5660 0.05
5660 2332 0.05
5660 521 0.05
1029 1016 0.05
1029 1027 0.2
1029 175 0.05
1029 144 0.05
5661 3218 0.01
5661 2703 0.05
3098 773 0.01
5662 5662 0.01
5662 2911 0.05
5662 1492 0.05
5662 728 0.05
5662 2250 0.05
5663 1373 0.05
5663 724 0.01
5664 5664 0.01
5665 5665 0.2
4953 46 0.05
4953 1886 0.05
4953 1885 0.2
2585 2583 0.01
4884 1092 0.01
4884 1277 0.2
750 750 0.01
750 436 0.01
750 1023 0.01
750 4329 0.2
750 434 0.2
750 46 0.2
750 1546 0.01
750 1075 0.01
750 736 0.2
750 119 0.01
750 30 0.2
750 642 0.05
750 1123 0.2
750 22 0.01
750 328 0.05
750 104 0.2
750 1583 0.05
750 1019 0.05
750 5666 0.01
750 65 0.05
750 301 0.05
750 92 0.2
750 1176 0.01
750 431 0.2
750 1017 0.01
750 746 0.01
750 584 0.01
750 648 0.05
750 1923 0.2
750 5667 0.05
750 1065 0.2
750 1591 0.2
750 175 0.05
750 506 0.2
750 651 0.01
750 1755 0.2
750 647 0.01
750 1027 0.05
750 3347 0.05
750 2238 0.2
2250 728 0.05
2250 2250 0.01
2250 349 0.05
2250 3105 0.2
5668 5668 0.05
2518 9 0.01
2518 2515 0.01
2518 764 0.01
2518 576 0.01
2518 1229 0.05
4415 4415 0.2
4771 4771 0.05
5669 5669 0.01
5669 1893 0.05
5669 46 0.2
5669 431 0.2
5669 44 0.05
5669 5 0.2
1687 651 0.2
1687 172 0.01
1687 801 0.01
1687 1019 0.2
1687 171 0.2
1687 326 0.05
1687 810 0.05
1687 1754 0.05
3415 3415 0.01
3415 1182 0.01
3415 1248 0.05
3415 5289 0.01
1790 1789 0.01
5670 5670 0.01
5671 5671 0.05
5672 5672 0.2
5673 3002 0.01
5674 5674 0.05
4868 4868 0.2
4868 296 0.2
4868 1630 0.01
4868 1182 0.05
1814 1085 0.2
918 737 0.01
918 577 0.05
918 2727 0.2
918 286 0.2
918 916 0.2
918 2157 0.01
918 5675 0.05
918 743 0.05
918 175 0.2
918 826 0.2
918 947 0.01
918 1072 0.01
918 1673 0.2
918 274 0.05
918 1671 0.2
918 638 0.05
918 1609 0.2
918 1676 0.05
918 1482 0.05
918 492 0.2
918 2246 0.2
918 1678 0.2
918 1679 0.2
918 1680 0.05
918 627 0.2
918 1571 0.05
918 42 0.01
918 4642 0.01
918 629 0.2
918 1978 0.01
918 1373 0.05
5676 5676 0.2
5677 5677 0.01
5678 5678 0.01
5679 5679 0.01
5679 121 0.05
5487 1211 0.01
880 880 0.2
880 883 0.05
880 784 0.05
880 878 0.2
880 438 0.05
880 1583 0.01
880 79 0.05
880 175 0.05
880 743 0.05
880 2839 0.05
880 3384 0.2
880 1110 0.05
880 1288 0.05
880 3032 0.05
880 207 0.05
880 213 0.2
880 210 0.01
880 1514 0.05
880 1981 0.2
1079 1073 0.05
1079 719 0.01
1079 735 0.01
1079 1434 0.05
1079 645 0.01
1079 934 0.05
1079 306 0.05
1079 1075 0.2
1079 511 0.01
1079 30 0.2
1079 468 0.05
1079 1616 0.01
1079 328 0.2
1079 326 0.01
1079 305 0.2
1079 1076 0.2
1079 324 0.2
1079 351 0.05
1079 46 0.01
1079 1356 0.05
1079 323 0.05
1079 797 0.01
1079 4364 0.01
1079 3099 0.01
1079 5584 0.2
1079 677 0.2
1079 327 0.01
1079 1028 0.2
1079 1020 0.05
1079 1860 0.05
1079 1288 0.01
1079 298 0.05
1079 2101 0.01
1079 171 0.01
1079 2271 0.01
1506 1506 0.01
1506 1961 0.01
1506 5680 0.01
1506 348 0.2
1506 286 0.01
1506 46 0.05
1506 329 0.05
935 1436 0.2
935 2614 0.01
935 1658 0.05
935 501 0.05
935 524 0.01
935 1075 0.2
935 1645 0.01
5681 142 0.05
5681 101 0.05
5681 5681 0.05
5681 736 0.2
5681 1546 0.01
5681 739 0.01
5681 329 0.05
2214 430 0.2
2214 854 0.2
2214 2551 0.01
2214 1113 0.01
2214 796 0.01
2214 1032 0.2
2214 4596 0.2
2214 2987 0.05
2214 4405 0.01
2214 784 0.05
2214 307 0.05
2214 2464 0.05
2214 172 0.2
2214 934 0.2
2214 646 0.01
2214 242 0.05
2214 802 0.2
2214 3887 0.2
2214 2495 0.2
2214 4542 0.2
2214 113 0.01
2214 1318 0.05
2214 2214 0.05
2214 1316 0.01
2214 460 0.2
2214 1319 0.2
2214 1768 0.01
2214 2141 0.05
2214 546 0.05
5682 5682 0.2
5683 5683 0.2
4209 4209 0.05
5680 1961 0.05
5680 351 0.2
5680 303 0.01
5680 352 0.05
5680 3669 0.05
5680 176 0.01
5680 4146 0.01
5680 3006 0.2
5680 3884 0.2
5680 1179 0.05
5684 3186 0.01
640 22 0.01
640 426 0.01
640 1124 0.01
640 1122 0.05
640 273 0.01
640 1123 0.05
640 2521 0.05
640 1230 0.01
640 282 0.2
640 425 0.01
640 2420 0.01
640 2949 0.05
640 1171 0.2
640 1177 0.05
640 770 0.2
640 764 0.2
640 2823 0.05
640 424 0.01
640 1723 0.05
640 1231 0.05
640 3770 0.2
640 3204 0.05
640 4696 0.01
5685 5685 0.2
2685 2685 0.2
2685 207 0.05
2685 2745 0.05
2685 548 0.2
2685 715 0.05
2685 4448 0.2
2685 786 0.01
2685 2687 0.01
2685 1471 0.05
1058 1058 0.05
1058 429 0.01
1058 1816 0.01
2033 2033 0.01
3434 5686 0.2
3434 3434 0.05
5687 5687 0.05
2296 8 0.2
2296 46 0.2
4680 4680 0.01
1795 2706 0.05
1390 46 0.2
1390 1430 0.05
1390 739 0.01
1390 355 0.2
1390 328 0.01
1390 297 0.2
1390 157 0.05
1390 658 0.01
1390 188 0.2
1390 1826 0.05
1390 1967 0.2
1390 849 0.05
1429 1429 0.05
1429 433 0.2
1429 1426 0.2
1429 1427 0.2
1429 5688 0.2
2646 172 0.2
2646 350 0.2
2646 171 0.2
2646 1754 0.05
2646 1020 0.01
2646 912 0.01
2646 915 0.2
2646 2172 0.05
2646 303 0.2
2646 2646 0.2
2646 2076 0.05
2646 3006 0.01
2646 3572 0.05
2646 1314 0.2
2646 2271 0.05
2646 933 0.05
2646 99 0.2
2646 501 0.05
2646 810 0.01
2646 791 0.2
2646 934 0.01
2646 328 0.05
436 1086 0.05
436 46 0.05
436 440 0.05
436 2210 0.01
436 95 0.01
436 303 0.05
436 434 0.01
436 1996 0.01
436 1894 0.05
436 326 0.05
436 435 0.05
436 209 0.2
436 352 0.05
436 318 0.05
436 30 0.2
436 438 0.05
436 1720 0.05
436 1160 0.2
436 738 0.05
436 1022 0.2
436 443 0.05
436 437 0.2
436 316 0.2
436 441 0.05
436 3372 0.05
436 1116 0.2
5689 5689 0.05
2389 2388 0.2
2389 2387 0.2
5690 1227 0.05
5691 5691 0.05
5691 807 0.2
5691 713 0.01
3888 3888 0.05
3888 45 0.05
3888 802 0.2
3888 2151 0.2
3888 792 0.01
3888 739 0.05
3888 84 0.05
3888 740 0.05
3888 142 0.05
3888 789 0.2
3888 91 0.01
3888 65 0.2
3888 859 0.2
3888 855 0.01
3888 90 0.05
3888 1519 0.01
3888 681 0.05
3888 736 0.01
3888 9 0.05
317 318 0.05
317 121 0.01
317 119 0.2
317 46 0.2
317 4643 0.01
317 1583 0.2
317 328 0.2
317 584 0.05
317 1086 0.2
317 1031 0.2
317 319 0.2
317 439 0.2
317 555 0.05
317 286 0.05
317 352 0.01
317 314 0.2
317 2002 0.2
317 437 0.05
317 290 0.05
317 16 0.01
317 431 0.01
317 1996 0.05
317 30 0.05
317 1719 0.05
317 1211 0.2
317 209 0.01
317 743 0.05
317 316 0.2
317 2210 0.01
317 719 0.05
317 3372 0.01
317 1028 0.2
317 784 0.01
317 1022 0.01
317 883 0.2
317 320 0.2
317 1160 0.05
317 1892 0.05
317 2078 0.2
317 438 0.01
317 428 0.01
317 305 0.2
317 764 0.2
317 1116 0.01
317 506 0.01
317 353 0.05
317 1924 0.2
317 329 0.05
317 739 0.05
317 697 0.2
317 698 0.2
624 624 0.01
624 655 0.2
624 297 0.05
624 2550 0.01
624 194 0.05
624 577 0.01
624 193 0.05
624 2246 0.01
624 627 0.01
624 215 0.05
624 1768 0.01
624 349 0.05
624 830 0.01
624 620 0.2
624 2221 0.05
624 2200 0.01
624 629 0.01
624 2478 0.2
624 1524 0.05
624 1852 0.01
801 801 0.05
801 391 0.01
801 65 0.01
801 172 0.2
801 829 0.01
801 1086 0.05
801 736 0.05
801 1309 0.2
801 1691 0.01
801 738 0.2
801 22 0.05
801 1505 0.2
801 1125 0.2
801 1023 0.05
801 434 0.01
801 1019 0.01
801 1097 0.05
801 104 0.05
801 1307 0.05
801 92 0.05
801 739 0.2
801 1018 0.05
801 1053 0.05
801 1428 0.2
801 584 0.05
801 648 0.05
801 142 0.2
801 91 0.01
801 750 0.01
801 833 0.01
801 1017 0.01
801 86 0.05
801 1628 0.01
801 1298 0.2
801 97 0.2
801 835 0.05
801 1308 0.05
801 436 0.01
801 2945 0.05
801 792 0.2
801 5692 0.01
801 1692 0.01
801 837 0.2
801 1754 0.2
801 647 0.05
801 506 0.01
801 651 0.01
801 329 0.01
801 1024 0.01
801 855 0.01
801 390 0.2
801 859 0.05
801 2238 0.05
801 1081 0.01
801 353 0.05
801 1454 0.2
801 2213 0.01
801 1062 0.2
801 1452 0.2
801 853 0.05
801 1682 0.01
801 805 0.05
801 469 0.05
801 2312 0.2
801 856 0.05
801 90 0.2
801 405 0.05
801 1687 0.05
801 163 0.2
801 282 0.2
801 1041 0.05
801 1016 0.01
801 2751 0.2
801 101 0.01
801 1675 0.01
801 2299 0.01
801 1229 0.05
801 3313 0.01
801 2263 0.05
801 2032 0.05
801 2961 0.01
801 2216 0.05
801 1684 0.05
801 1177 0.2
801 562 0.05
801 1557 0.05
801 424 0.2
801 388 0.05
801 1723 0.2
801 389 0.2
801 392 0.01
801 2667 0.05
801 2843 0.01
801 751 0.05
801 3491 0.2
801 3118 0.2
801 393 0.2
801 1457 0.01
801 770 0.05
801 1640 0.01
801 1171 0.01
801 1126 0.05
801 2171 0.01
801 640 0.2
801 1548 0.05
801 1686 0.2
801 3237 0.05
801 863 0.05
801 5502 0.05
801 992 0.05
801 788 0.01
801 106 0.05
801 394 0.01
801 786 0.2
801 2141 0.2
801 1231 0.2
801 4696 0.2
801 5483 0.01
801 813 0.01
801 588 0.2
801 5274 0.01
801 2861 0.01
801 885 0.2
801 895 0.05
801 5201 0.01
801 2824 0.01
801 869 0.2
801 2104 0.01
801 2772 0.01
801 650 0.01
801 1770 0.05
801 1248 0.05
801 4283 0.05
801 5693 0.05
801 273 0.2
801 1197 0.2
973 973 0.2
973 40 0.2
973 121 0.05
973 582 0.2
973 2843 0.01
973 2506 0.2
973 1548 0.2
973 597 0.01
973 19 0.01
973 1440 0.05
973 1899 0.05
973 274 0.2
973 952 0.05
973 126 0.01
973 162 0.05
5694 424 0.2
1680 918 0.2
5431 5431 0.01
5431 46 0.05
5431 876 0.2
2581 126 0.01
2581 562 0.01
2581 22 0.2
2581 426 0.05
2581 46 0.2
2581 1124 0.05
2581 3885 0.01
2208 30 0.01
2208 46 0.05
2208 2208 0.05
2208 429 0.01
2208 4107 0.05
2208 2207 0.01
2208 2069 0.05
2208 725 0.2
2208 431 0.01
2208 3189 0.2
2208 2091 0.2
2208 4593 0.2
2208 3239 0.05
2208 1554 0.05
2208 5268 0.2
2208 442 0.2
5695 5695 0.05
5696 5696 0.2
5697 5697 0.01
5697 2361 0.01
5013 323 0.01
5013 151 0.05
5013 5013 0.2
5013 22 0.05
5013 1762 0.05
5013 2950 0.01
5013 658 0.05
5013 983 0.05
5013 647 0.2
5013 714 0.05
3236 3236 0.2
3236 739 0.2
3236 323 0.01
1702 638 0.05
1702 791 0.05
1702 587 0.2
1702 1675 0.01
1702 1153 0.05
1702 5698 0.01
1702 1671 0.2
1702 1223 0.01
1702 963 0.2
1702 18 0.01
1702 1175 0.01
1702 232 0.01
1702 3209 0.05
5699 5699 0.2
5506 802 0.2
5506 5505 0.01
5700 5700 0.2
1341 119 0.05
1341 1336 0.05
1341 2356 0.01
1341 2354 0.2
1341 651 0.01
1341 2290 0.05
1341 1341 0.05
1341 2357 0.2
5701 5701 0.2
3051 2240 0.05
3051 739 0.2
5702 1858 0.2
486 486 0.2
2354 1818 0.05
2354 405 0.05
2354 46 0.05
2354 30 0.01
2354 2354 0.2
2354 328 0.2
2354 719 0.2
2354 1341 0.2
2354 3280 0.05
2354 2357 0.2
2354 2356 0.2
2354 1505 0.01
5703 5703 0.01
5704 5704 0.01
5390 5390 0.01
5390 5705 0.2
5390 1202 0.01
5390 449 0.05
5390 42 0.2
5390 1649 0.05
5390 5421 0.05
5390 1973 0.01
5390 232 0.2
5390 1154 0.05
5390 1834 0.01
5390 215 0.05
5390 43 0.2
5390 41 0.2
5706 46 0.01
5706 5706 0.01
3930 3455 0.2
5707 492 0.05
4713 2165 0.01
4713 126 0.01
4713 431 0.2
4713 632 0.01
4713 62 0.01
4713 587 0.2
4713 4714 0.2
4713 1133 0.2
4713 1142 0.2
4713 1557 0.05
4713 944 0.05
4713 5528 0.01
5011 1254 0.01
5011 1160 0.01
5011 162 0.2
3616 2948 0.01
3616 377 0.01
3616 749 0.05
3616 1222 0.05
3616 334 0.05
3616 747 0.05
3616 3181 0.01
787 787 0.01
787 126 0.01
787 1278 0.05
787 644 0.2
787 1991 0.2
787 642 0.2
787 467 0.01
787 438 0.05
787 1992 0.05
787 1580 0.01
787 240 0.01
787 329 0.2
787 2199 0.05
787 3130 0.01
787 147 0.01
787 30 0.01
787 144 0.01
787 146 0.01
787 145 0.2
787 1020 0.2
787 1650 0.05
787 3556 0.01
787 582 0.01
787 1567 0.2
787 1684 0.05
787 391 0.01
787 1459 0.01
787 785 0.05
787 191 0.01
5708 5708 0.01
5709 5709 0.01
5710 740 0.2
5710 743 0.2
5710 1919 0.01
5710 175 0.2
5710 5711 0.01
5710 1176 0.2
5710 1209 0.05
5710 2290 0.2
5710 296 0.01
5710 126 0.01
5710 5350 0.05
5710 286 0.2
5712 286 0.01
1047 990 0.2
1047 1046 0.01
1047 806 0.2
1047 617 0.01
1047 1653 0.01
1047 181 0.05
5713 5713 0.05
5714 399 0.2
5714 398 0.05
5714 3218 0.2
2759 2759 0.05
2759 30 0.01
2759 46 0.2
2759 1960 0.05
2759 1490 0.05
2759 1635 0.05
2759 1627 0.2
2759 1493 0.05
2759 1108 0.01
2759 673 0.2
2759 126 0.2
2759 353 0.2
2759 305 0.01
2759 2906 0.05
5715 5715 0.2
1678 918 0.05
5716 46 0.2
1740 1739 0.2
1740 426 0.05
1740 53 0.01
1740 632 0.2
1740 1740 0.01
1740 1741 0.05
1740 80 0.01
1740 2165 0.2
5717 647 0.01
2388 2388 0.05
2388 4074 0.01
5718 135 0.2
5719 5719 0.01
876 5431 0.2
876 876 0.01
876 2932 0.05
876 46 0.05
876 1514 0.01
5720 5720 0.2
1574 1574 0.05
1574 1575 0.01
1574 625 0.2
1574 4029 0.05
1574 157 0.01
1574 148 0.05
1574 328 0.05
1574 1573 0.2
1574 1576 0.05
1386 2219 0.2
1386 1809 0.05
1386 2227 0.2
1386 4132 0.2
1386 1375 0.2
1386 157 0.2
1386 5721 0.01
1386 457 0.05
1386 597 0.05
1386 708 0.2
1386 429 0.01
1386 2236 0.01
1386 2259 0.01
1386 3441 0.2
1386 2222 0.01
1386 261 0.2
1386 1380 0.05
1386 1379 0.2
1386 1005 0.2
1386 4231 0.2
1386 5453 0.05
1386 5489 0.05
1386 1519 0.05
1386 4230 0.2
1386 3647 0.2
1386 1823 0.05
1386 3521 0.05
1386 1389 0.01
1386 2256 0.2
1386 721 0.05
1386 1586 0.01
1386 792 0.2
1386 736 0.05
1386 859 0.2
1386 2233 0.2
1386 4151 0.05
1386 5722 0.2
1386 4414 0.2
1386 4413 0.01
1386 5723 0.2
1386 4412 0.05
1386 2786 0.2
1386 5724 0.01
1386 2144 0.2
1386 707 0.2
1386 2228 0.01
1386 1270 0.2
1386 1554 0.05
1386 5725 0.05
1386 2781 0.05
5726 5726 0.2
5727 5727 0.05
2409 2409 0.01
2409 2405 0.01
2409 449 0.05
5728 5728 0.01
2071 2071 0.05
2071 2660 0.05
3328 825 0.2
3328 286 0.05
3328 126 0.05
3328 522 0.05
3328 162 0.2
5729 5730 0.2
5731 45 0.01
1642 1642 0.05
1642 324 0.05
1642 1754 0.2
1642 30 0.2
1642 46 0.01
1642 329 0.01
1642 1835 0.2
1642 316 0.2
1642 44 0.01
1642 1834 0.2
1642 1356 0.01
1642 286 0.05
1642 791 0.05
1642 171 0.05
1642 858 0.05
1642 813 0.05
1642 893 0.05
1642 3954 0.2
1642 934 0.05
1642 711 0.05
1642 620 0.05
1642 492 0.05
1642 807 0.2
1642 780 0.01
1642 1851 0.05
1642 2125 0.05
1642 1495 0.2
1642 2252 0.01
1642 437 0.01
1642 990 0.01
1642 2348 0.2
1642 1075 0.05
5732 858 0.01
5732 2201 0.05
3631 129 0.2
4726 329 0.2
4726 2819 0.01
4726 3297 0.05
4726 978 0.2
4726 126 0.05
2832 2832 0.2
2832 4094 0.01
2832 2831 0.01
23 157 0.05
23 5185 0.01
23 1563 0.2
23 2678 0.05
23 3403 0.05
23 15 0.05
23 1512 0.2
23 3467 0.05
23 2774 0.2
23 646 0.05
23 791 0.2
23 326 0.2
23 719 0.2
23 645 0.05
23 346 0.05
5733 5733 0.05
414 414 0.2
414 126 0.01
414 46 0.05
414 852 0.05
414 175 0.01
414 3350 0.01
414 167 0.2
414 1583 0.2
414 647 0.05
414 1217 0.05
414 1343 0.2
414 4202 0.05
414 717 0.01
414 1373 0.01
414 1978 0.05
414 2969 0.05
414 1538 0.2
414 728 0.01
5734 5734 0.05
1820 1820 0.01
1820 209 0.01
1820 210 0.05
1820 3389 0.05
1820 3314 0.05
1820 2750 0.05
1820 3384 0.2
1820 207 0.2
1820 1549 0.01
1820 211 0.05
5735 5735 0.05
1318 2214 0.01
1318 646 0.01
1318 430 0.01
1318 4405 0.05
1318 943 0.01
1318 683 0.2
1318 3892 0.05
1318 1319 0.05
1318 4406 0.05
1318 1745 0.01
1318 3838 0.01
1318 5408 0.05
1318 4285 0.05
1318 2141 0.01
1318 4296 0.2
1318 173 0.2
1318 1788 0.01
925 925 0.05
925 30 0.01
925 46 0.05
925 617 0.2
925 98 0.01
925 950 0.01
925 428 0.05
925 323 0.05
925 116 0.05
925 22 0.05
925 1020 0.2
925 492 0.01
925 115 0.05
925 114 0.05
925 1525 0.05
925 4512 0.2
925 3467 0.05
925 2193 0.05
925 1105 0.05
925 675 0.01
925 4052 0.01
925 5736 0.05
925 4051 0.2
925 1109 0.2
925 3805 0.01
925 2396 0.01
5737 3632 0.05
5738 5738 0.2
5738 1407 0.05
4365 2879 0.2
4365 1183 0.05
4365 4366 0.05
4365 108 0.2
3792 3792 0.01
3792 3491 0.2
3792 714 0.2
3792 1430 0.05
5739 165 0.01
82 3389 0.05
82 646 0.2
82 584 0.2
82 3384 0.01
82 211 0.01
82 210 0.2
82 286 0.05
82 1671 0.2
82 1560 0.01
82 944 0.05
82 157 0.01
82 638 0.01
82 82 0.05
82 5740 0.01
82 934 0.05
82 328 0.05
82 993 0.2
82 3587 0.05
82 1165 0.2
82 346 0.05
82 3397 0.01
82 793 0.01
82 880 0.2
82 46 0.2
82 719 0.2
82 30 0.05
82 126 0.2
82 1378 0.01
82 750 0.01
82 469 0.05
82 45 0.2
82 1319 0.05
82 594 0.01
82 1223 0.2
82 751 0.2
82 399 0.01
82 362 0.01
82 2578 0.2
82 418 0.2
82 175 0.05
2268 2268 0.01
2268 612 0.2
2268 1569 0.2
2268 1562 0.2
2268 375 0.2
2268 1145 0.2
2268 2269 0.05
2268 711 0.2
2268 1778 0.2
2268 1626 0.01
2268 3127 0.01
2268 1553 0.01
2268 4591 0.05
2268 126 0.05
2268 1394 0.2
2268 642 0.01
2268 1052 0.2
2268 5146 0.01
1653 1653 0.01
1653 1965 0.01
1653 1046 0.05
1653 624 0.01
1653 2700 0.01
1653 2332 0.01
1653 5741 0.01
1653 5655 0.05
1653 3590 0.05
1653 1229 0.01
1653 879 0.01
1653 3360 0.2
1653 91 0.2
1653 282 0.01
1653 3064 0.2
1653 865 0.2
1653 1202 0.2
1653 3730 0.01
1653 2109 0.2
1653 182 0.01
1653 183 0.2
1653 4509 0.05
1653 194 0.01
1653 2171 0.05
1653 22 0.2
1653 1723 0.01
1653 2849 0.01
1653 2850 0.01
1653 2111 0.2
1653 4510 0.2
1653 2108 0.01
1653 2113 0.2
1653 2107 0.2
1653 3812 0.2
1653 2106 0.05
1653 2112 0.2
1653 181 0.01
1653 1056 0.2
1653 2848 0.01
1653 2110 0.2
1653 5110 0.2
1653 5742 0.2
1653 2428 0.01
1653 2427 0.2
1653 2579 0.05
1653 2243 0.05
1653 2580 0.05
1653 3604 0.2
1653 673 0.01
1653 3743 0.05
1518 431 0.05
1518 46 0.05
1518 30 0.05
1518 457 0.01
1518 5743 0.2
1518 1517 0.05
1518 1895 0.01
5744 716 0.2
2999 178 0.01
2999 954 0.2
2999 647 0.01
2999 177 0.05
2999 2790 0.2
5745 297 0.2
5745 2450 0.01
5745 1315 0.01
2732 2731 0.05
2732 1325 0.01
2732 2733 0.2
1626 1626 0.05
1626 2516 0.05
1626 4885 0.05
1626 1579 0.05
1626 375 0.05
1626 612 0.01
1626 296 0.2
1626 1562 0.05
1626 5746 0.05
1626 1052 0.05
1626 3024 0.01
1626 1969 0.05
1626 283 0.05
1626 3198 0.2
1626 2342 0.2
1626 46 0.01
1626 30 0.2
1626 353 0.01
1626 329 0.05
1626 303 0.2
1626 4694 0.05
1626 352 0.05
1626 351 0.01
1626 286 0.05
1626 1218 0.2
1626 290 0.2
1626 241 0.05
1626 1961 0.2
1626 277 0.01
1626 2268 0.2
1626 3127 0.2
1626 2269 0.2
1626 2625 0.05
1626 714 0.05
1626 294 0.05
1626 227 0.05
1626 2343 0.2
1626 1569 0.2
1626 2100 0.01
1626 4513 0.05
5747 5747 0.05
975 975 0.2
975 524 0.05
975 1216 0.2
4106 1202 0.01
4106 927 0.05
4106 632 0.05
5748 5748 0.05
5749 5749 0.2
5749 2716 0.01
5749 1028 0.2
5750 5750 0.2
1647 1647 0.2
1647 1917 0.05
1647 576 0.01
1647 1022 0.01
1647 438 0.05
1647 642 0.05
1647 1847 0.05
1647 4492 0.05
1647 13 0.05
1647 943 0.2
1647 719 0.01
1647 325 0.01
1647 1097 0.2
1647 30 0.05
1647 506 0.01
1647 323 0.01
1647 1616 0.2
1647 511 0.05
1647 349 0.2
1647 1117 0.01
1647 305 0.2
1647 324 0.2
1647 934 0.05
1647 308 0.05
5751 5751 0.2
2888 2551 0.05
2888 2888 0.05
5752 5752 0.05
5753 5753 0.2
5754 5754 0.2
218 312 0.01
2050 375 0.01
5755 5755 0.2
2612 2615 0.2
2612 2612 0.01
2612 1912 0.01
2612 584 0.2
2352 1249 0.01
2352 813 0.01
2352 593 0.2
2352 3906 0.2
2352 654 0.2
2352 1116 0.2
2352 1711 0.01
2352 405 0.05
2352 400 0.05
2352 126 0.2
2352 1247 0.05
2352 2538 0.01
3944 916 0.01
3944 3943 0.01
2458 1218 0.01
2458 1222 0.05
2458 377 0.01
2458 290 0.01
2458 652 0.05
2458 110 0.2
2458 2457 0.2
2458 2278 0.05
2458 2289 0.01
2458 1479 0.05
2458 137 0.2
2458 1205 0.2
2458 748 0.01
2458 747 0.01
2458 79 0.2
2458 1499 0.05
2458 1605 0.05
2458 659 0.05
2458 2454 0.2
2458 746 0.2
2458 2459 0.05
2458 286 0.05
2458 1176 0.2
2458 1214 0.01
2458 1213 0.01
2458 749 0.05
2458 647 0.05
2458 2501 0.05
5756 5756 0.2
4424 1663 0.05
4424 3014 0.2
2382 2382 0.05
2382 1356 0.2
2382 1353 0.05
2382 546 0.2
2382 2260 0.05
5757 121 0.2
1900 1900 0.2
1900 48 0.05
1900 797 0.05
5758 5758 0.2
5759 5759 0.05
3442 298 0.2
3442 780 0.2
3442 34 0.01
3442 587 0.01
3442 934 0.05
3442 171 0.05
3442 791 0.01
3442 918 0.2
3442 427 0.01
3442 2255 0.05
1912 2247 0.2
1912 1912 0.2
1912 148 0.05
1912 2290 0.2
1912 714 0.05
1912 2615 0.05
1912 2612 0.2
5760 5760 0.05
4005 4005 0.2
1721 274 0.05
1721 1721 0.01
2792 46 0.05
2792 30 0.01
2792 2792 0.01
2792 4581 0.05
2792 3937 0.01
2792 466 0.05
2792 467 0.05
2792 1085 0.01
2792 928 0.05
2792 471 0.05
2792 468 0.05
2792 1899 0.01
2792 829 0.05
2792 1407 0.05
2792 830 0.01
2792 454 0.01
2792 5384 0.01
2792 215 0.05
2792 100 0.01
2792 1384 0.01
2792 2774 0.2
5688 1426 0.2
5688 647 0.05
2881 2881 0.05
2881 353 0.05
2881 46 0.05
2881 797 0.2
2881 30 0.01
2881 1436 0.05
2847 2847 0.01
2847 1788 0.01
2847 1768 0.01
2847 1920 0.05
2847 1781 0.01
2847 675 0.2
2847 846 0.2
2847 1740 0.01
2847 1971 0.2
2847 72 0.2
2847 890 0.05
2847 2399 0.2
2847 4260 0.2
2847 4327 0.01
2847 780 0.05
2847 1813 0.05
2847 403 0.05
2847 800 0.2
2847 4111 0.01
2847 492 0.01
2847 3597 0.01
2847 1153 0.05
2847 658 0.2
2847 370 0.05
2847 214 0.01
2847 65 0.2
2847 1998 0.01
2847 2104 0.2
2847 346 0.05
2847 2134 0.01
2847 624 0.01
2847 297 0.01
2847 4957 0.2
2847 2782 0.2
2847 4342 0.2
2847 1382 0.05
2847 2468 0.05
2847 1704 0.05
2847 4615 0.2
3791 3791 0.01
5761 1886 0.01
5761 5762 0.05
5761 4398 0.2
1198 1198 0.2
5666 5666 0.2
5666 2726 0.2
5666 327 0.01
5666 3103 0.05
1177 22 0.01
1177 1124 0.01
1177 426 0.01
1177 424 0.2
1177 1171 0.01
1177 3770 0.01
1177 30 0.05
3208 3208 0.01
3208 1171 0.2
5763 5763 0.2
1479 747 0.2
1479 746 0.01
1479 748 0.2
1479 290 0.05
1479 764 0.01
898 711 0.01
898 774 0.05
898 2464 0.01
898 780 0.01
898 683 0.2
898 528 0.01
898 165 0.2
898 813 0.05
898 1370 0.05
898 5325 0.05
898 13 0.2
898 701 0.05
898 904 0.2
898 903 0.05
898 902 0.05
898 897 0.2
898 2348 0.2
898 3257 0.01
898 3428 0.05
898 905 0.01
898 901 0.05
898 782 0.01
898 900 0.2
898 899 0.01
898 727 0.05
898 45 0.2
898 1538 0.2
898 2142 0.05
898 1364 0.01
898 723 0.01
898 892 0.05
898 1851 0.01
898 449 0.05
17 841 0.2
17 603 0.01
17 17 0.01
17 1671 0.05
17 243 0.01
17 328 0.2
17 167 0.05
17 329 0.05
17 44 0.2
17 5764 0.2
17 1521 0.2
17 46 0.05
17 15 0.01
17 767 0.01
17 625 0.01
17 165 0.05
17 4215 0.01
17 1021 0.01
17 1332 0.2
17 4523 0.01
5765 5765 0.01
3216 3216 0.01
3216 1590 0.05
3216 110 0.2
3216 652 0.2
3216 747 0.05
3216 2453 0.05
3216 1663 0.05
3216 4423 0.01
3216 5766 0.05
3216 1499 0.01
3216 297 0.05
3216 3014 0.05
3216 4424 0.01
5767 5767 0.01
5135 328 0.01
5135 30 0.05
5135 46 0.01
5135 126 0.01
5135 5135 0.2
5135 950 0.01
5135 1738 0.05
5135 827 0.05
5135 1249 0.01
5135 1053 0.01
5135 1428 0.01
5135 58 0.05
5135 2226 0.05
5135 1908 0.05
5135 1392 0.05
5135 1757 0.05
5135 1447 0.01
5135 716 0.01
5135 119 0.01
5135 1002 0.01
5135 1092 0.05
5135 639 0.01
5135 640 0.05
5135 641 0.05
5135 305 0.05
5135 637 0.2
5135 265 0.01
5135 331 0.05
5135 330 0.01
5135 440 0.05
5135 427 0.05
5135 1362 0.05
5135 2615 0.05
5135 644 0.05
5135 2214 0.01
5135 1752 0.05
5135 1116 0.05
5135 432 0.01
5135 334 0.01
5135 645 0.2
5135 642 0.01
5135 348 0.05
5135 863 0.2
5135 1847 0.05
5135 2213 0.2
5135 2747 0.01
5135 1519 0.01
5135 63 0.05
5135 1123 0.2
5135 1167 0.05
5135 345 0.01
5135 4583 0.01
5135 623 0.01
5135 746 0.05
5135 241 0.2
5135 717 0.2
5135 805 0.05
5135 379 0.2
5135 2847 0.05
5135 332 0.01
5135 2103 0.05
5135 1961 0.2
5135 327 0.01
5135 2348 0.05
5135 1898 0.05
5135 578 0.01
5135 1436 0.01
5135 1993 0.01
5135 912 0.01
5135 13 0.2
5135 57 0.2
5135 614 0.01
5135 1052 0.05
5135 619 0.05
5135 1030 0.2
5135 1955 0.2
5135 422 0.01
5135 618 0.01
5135 104 0.01
5135 295 0.05
5135 2232 0.01
5135 3288 0.2
5135 31 0.01
5135 2823 0.2
5135 1286 0.01
5135 830 0.01
5135 1910 0.2
5135 1211 0.05
5135 2247 0.05
5135 363 0.2
5135 1313 0.05
5135 1089 0.2
5135 325 0.2
5135 2218 0.2
5135 1479 0.05
5135 167 0.01
5135 1768 0.05
5135 1247 0.05
5135 915 0.05
5135 1134 0.01
1812 1812 0.05
1812 171 0.2
1812 92 0.05
1812 292 0.01
1812 647 0.01
1812 5768 0.01
1812 2291 0.2
1812 1082 0.2
1812 922 0.01
1812 858 0.01
1812 1240 0.01
1827 1827 0.05
1827 30 0.01
1827 126 0.05
1827 522 0.2
1827 271 0.05
1827 956 0.05
1827 919 0.2
1827 951 0.2
1827 1028 0.05
1827 336 0.2
1827 157 0.2
2048 2048 0.05
5740 5740 0.2
5740 82 0.01
4028 4028 0.2
1162 1162 0.01
1162 434 0.01
1162 46 0.2
1162 1847 0.01
1162 437 0.05
1162 305 0.01
1162 306 0.2
1162 844 0.01
1162 2698 0.05
1162 2002 0.2
1162 584 0.05
1162 2218 0.2
1162 301 0.2
1162 631 0.01
1162 743 0.05
1162 630 0.01
1162 846 0.01
1162 1447 0.2
1162 927 0.01
5769 5769 0.01
5770 45 0.05
5770 1154 0.05
5770 30 0.05
2201 2201 0.2
2201 555 0.01
2201 286 0.01
2201 1157 0.05
2201 764 0.01
2201 1202 0.01
5771 5771 0.01
1562 296 0.05
1562 1579 0.05
1562 3024 0.2
1562 375 0.05
1562 3198 0.2
1562 3787 0.05
1562 1222 0.01
1562 2342 0.05
1562 3127 0.2
1562 1385 0.01
1562 1569 0.01
1562 2269 0.2
1562 747 0.2
1562 5147 0.05
1562 5146 0.01
1562 1052 0.05
1562 2268 0.05
1562 2100 0.01
1562 1626 0.05
2419 2419 0.05
2419 1123 0.01
2419 126 0.2
2419 286 0.2
2419 695 0.01
2419 4067 0.01
2419 649 0.05
2419 2853 0.01
3324 1062 0.2
5772 5772 0.05
1799 1799 0.05
1799 46 0.01
1799 506 0.01
1799 30 0.01
4504 3269 0.05
4504 4503 0.2
5773 5773 0.2
1662 1662 0.2
1662 1490 0.01
1662 1492 0.2
1662 2497 0.2
1662 1636 0.01
1662 469 0.01
1662 1049 0.2
1662 335 0.2
1662 791 0.2
1662 1237 0.05
1662 801 0.01
1662 30 0.05
1662 1001 0.2
1662 46 0.2
1662 1774 0.05
1662 2496 0.05
1662 1840 0.2
1662 708 0.01
1662 1178 0.05
1662 807 0.05
1662 26 0.2
1662 673 0.05
1662 2498 0.05
1662 3625 0.01
1662 2911 0.05
1662 1094 0.2
1662 2913 0.01
4038 357 0.05
1514 1514 0.2
1514 1515 0.01
1514 2932 0.2
1514 1957 0.2
1514 65 0.01
1514 864 0.01
1514 876 0.2
1514 328 0.01
1514 209 0.01
2372 620 0.2
516 121 0.05
516 46 0.2
516 438 0.05
516 81 0.2
516 1996 0.01
516 1126 0.05
516 1543 0.2
516 1457 0.2
516 30 0.01
516 214 0.01
516 3403 0.2
516 2578 0.2
516 418 0.01
516 1642 0.05
516 553 0.2
516 990 0.01
516 2940 0.05
516 778 0.05
1078 1401 0.2
1078 934 0.05
1078 2562 0.01
1078 351 0.2
1078 328 0.2
1078 1117 0.2
1078 1434 0.05
1078 858 0.2
1078 1083 0.05
1078 912 0.01
1078 430 0.05
1078 1028 0.05
1078 1753 0.2
1078 1916 0.2
1078 325 0.2
1078 2247 0.05
1078 323 0.05
1078 326 0.01
1078 656 0.2
1078 3317 0.05
1078 5374 0.2
1078 1104 0.01
1078 4946 0.05
1078 4716 0.05
1078 205 0.01
1078 167 0.2
1078 166 0.05
1078 1765 0.05
331 332 0.05
331 335 0.01
331 333 0.2
331 637 0.05
331 1766 0.05
331 729 0.01
331 349 0.01
331 282 0.05
331 49 0.2
331 51 0.2
419 419 0.05
5774 5774 0.05
5775 5775 0.01
1382 1382 0.2
1920 1604 0.2
4260 4260 0.01
1558 3386 0.05
1558 166 0.01
5776 5776 0.2
5777 5777 0.2
5778 51 0.01
5778 1723 0.05
5778 1001 0.01
5778 58 0.01
5778 1908 0.2
5778 650 0.2
5778 649 0.05
5778 648 0.2
5778 334 0.01
5778 647 0.01
5778 119 0.2
5778 579 0.05
5778 1116 0.2
5778 1428 0.01
5778 1450 0.2
5778 738 0.01
5778 317 0.01
5778 49 0.2
5778 2210 0.01
5778 501 0.05
5778 22 0.01
5778 1840 0.2
5778 1490 0.2
5778 98 0.01
5778 96 0.2
5778 95 0.05
5778 93 0.2
5778 92 0.01
5778 91 0.2
5778 90 0.01
5778 352 0.2
5778 466 0.05
5778 678 0.01
5778 677 0.01
5778 230 0.01
5778 2841 0.01
5375 5375 0.05
5375 141 0.2
1531 1531 0.05
1531 344 0.2
1531 324 0.01
1531 1526 0.2
1531 5779 0.01
5780 5780 0.05
5780 271 0.2
5780 34 0.2
4124 207 0.2
4124 202 0.2
5781 5781 0.05
252 252 0.05
252 92 0.05
252 597 0.05
252 540 0.01
252 3287 0.01
1353 1353 0.05
1353 623 0.2
1353 1356 0.2
1353 3172 0.05
1353 1754 0.01
1353 1495 0.2
5295 5295 0.05
5295 1284 0.2
5295 1227 0.01
5295 349 0.01
5295 348 0.01
5295 29 0.2
5295 324 0.05
5295 943 0.05
5295 1690 0.2
793 793 0.2
793 577 0.2
793 1278 0.2
793 157 0.05
793 791 0.05
793 540 0.05
793 438 0.01
793 3328 0.05
793 646 0.05
793 2851 0.01
793 766 0.2
793 597 0.05
793 2331 0.2
793 3210 0.05
793 1568 0.05
793 718 0.2
793 3587 0.2
793 82 0.2
793 722 0.01
793 46 0.2
793 103 0.01
793 924 0.01
793 17 0.01
793 593 0.05
793 606 0.01
793 757 0.01
793 5032 0.05
793 934 0.05
793 1126 0.01
793 2134 0.2
793 1399 0.2
793 617 0.2
793 938 0.2
793 1545 0.05
793 6 0.05
793 3028 0.2
793 1390 0.2
793 923 0.2
793 112 0.2
793 525 0.01
793 1908 0.05
793 1319 0.01
793 1316 0.01
793 1418 0.05
793 22 0.05
793 214 0.01
793 1154 0.05
793 1961 0.05
793 44 0.2
793 1453 0.05
793 3032 0.2
793 3507 0.2
793 503 0.05
793 544 0.2
793 785 0.05
793 788 0.01
793 4795 0.05
793 1565 0.2
793 162 0.01
793 805 0.2
793 613 0.01
793 893 0.2
793 712 0.01
793 15 0.05
793 87 0.2
793 399 0.05
793 2141 0.05
793 242 0.2
793 683 0.05
793 62 0.05
793 795 0.05
793 621 0.05
793 189 0.2
793 1182 0.01
793 955 0.05
793 34 0.2
793 627 0.2
793 625 0.2
793 1092 0.2
793 1521 0.05
793 1352 0.2
793 890 0.2
793 1768 0.05
793 232 0.01
793 650 0.2
793 335 0.01
793 892 0.05
793 3853 0.05
793 801 0.2
793 2861 0.2
793 265 0.2
793 1586 0.05
793 583 0.01
793 830 0.01
793 2792 0.05
793 362 0.01
793 4581 0.01
793 623 0.01
793 346 0.2
793 2042 0.01
793 100 0.01
793 1630 0.2
793 418 0.05
793 612 0.05
793 1991 0.05
793 776 0.2
793 711 0.2
793 638 0.01
793 2703 0.01
793 680 0.05
793 1 0.05
793 960 0.01
793 2847 0.2
793 4956 0.01
793 4029 0.2
793 53 0.05
793 4712 0.2
793 370 0.2
793 1679 0.01
793 1277 0.01
793 678 0.05
793 1524 0.01
793 2450 0.2
793 1566 0.01
793 1049 0.01
793 1656 0.2
793 3181 0.01
793 2948 0.01
793 2251 0.2
793 799 0.05
793 3444 0.2
793 1869 0.01
793 780 0.01
793 774 0.05
793 422 0.2
793 1851 0.05
793 2537 0.2
793 363 0.01
793 5782 0.2
793 1392 0.2
793 3478 0.2
793 3440 0.05
793 1896 0.05
793 1236 0.01
3079 3079 0.01
3079 1020 0.05
3079 739 0.05
3079 1307 0.01
3079 648 0.05
3079 142 0.2
3079 789 0.01
3079 736 0.01
3079 855 0.01
3079 837 0.2
3079 656 0.2
3079 46 0.05
3079 84 0.2
3079 3115 0.05
3079 1075 0.05
3079 324 0.05
3079 642 0.2
3079 741 0.01
3079 90 0.01
3079 2680 0.01
3079 859 0.2
5783 5783 0.01
5784 3182 0.05
4149 4148 0.2
4149 350 0.2
5785 5785 0.2
5785 1393 0.01
5785 19 0.05
5785 271 0.2
5785 584 0.05
5785 316 0.01
5785 760 0.05
5498 5498 0.01
5498 469 0.2
5786 1193 0.01
5787 5787 0.01
5787 2667 0.01
5788 5788 0.2
5788 1148 0.01
5789 5789 0.01
5790 5790 0.05
5791 5791 0.2
5791 4580 0.05
5791 1153 0.2
5792 5792 0.05
5793 5793 0.05
5794 209 0.01
5794 2078 0.01
1978 625 0.2
1978 2970 0.2
1978 5795 0.05
297 3067 0.2
297 112 0.2
297 1030 0.05
297 65 0.05
297 3067 0.2
297 694 0.2
297 3032 0.01
297 329 0.05
297 440 0.05
297 148 0.05
297 282 0.2
297 762 0.2
297 624 0.05
297 1126 0.2
297 1134 0.05
297 46 0.2
297 495 0.01
297 987 0.05
297 265 0.05
297 157 0.01
297 1981 0.01
297 1390 0.01
297 764 0.2
297 3928 0.05
297 1123 0.01
297 696 0.05
297 2312 0.2
297 2031 0.05
297 3328 0.01
2910 2910 0.05
2910 1492 0.01
2910 30 0.2
2910 713 0.2
5796 5796 0.01
5797 5797 0.01
609 112 0.2
609 118 0.05
609 426 0.05
609 425 0.05
609 1124 0.01
609 3069 0.2
609 22 0.01
609 3067 0.05
609 424 0.01
609 3066 0.01
5798 5798 0.2
5799 5799 0.05
5800 5800 0.2
5801 5801 0.01
3374 3373 0.2
4739 4739 0.01
4739 22 0.05
641 641 0.2
641 1921 0.2
641 46 0.05
641 30 0.05
641 327 0.2
641 329 0.05
641 467 0.05
641 3032 0.01
5802 5802 0.2
5803 5803 0.05
5803 2449 0.01
5803 6 0.01
5803 126 0.2
5803 2447 0.01
5803 2448 0.05
5803 1277 0.2
5803 1731 0.05
5803 2251 0.05
5803 1565 0.01
5803 1991 0.2
5803 1278 0.2
5803 9 0.05
3411 3411 0.05
3411 642 0.01
1109 1109 0.05
1109 950 0.2
1109 4112 0.05
1109 116 0.01
1109 30 0.2
1109 925 0.2
1109 1094 0.05
1109 719 0.05
1109 46 0.01
1109 115 0.01
1109 114 0.2
1109 5804 0.01
1109 2396 0.01
1109 1105 0.05
3471 916 0.01
3471 911 0.05
3471 3471 0.2
5805 1052 0.2
5492 5491 0.05
5492 237 0.05
5492 1422 0.2
5806 5806 0.01
5806 1565 0.05
5804 5804 0.05
5807 5807 0.2
5807 3002 0.01
5807 4779 0.01
912 912 0.01
912 915 0.01
912 1028 0.2
912 83 0.01
912 1605 0.2
912 171 0.2
912 172 0.2
912 1754 0.2
912 349 0.05
912 506 0.2
912 2646 0.2
912 641 0.2
912 1314 0.01
912 13 0.01
912 735 0.01
912 2089 0.2
912 712 0.2
912 1441 0.01
912 274 0.05
912 526 0.05
912 807 0.05
912 1440 0.01
912 1631 0.2
912 2134 0.05
912 3564 0.2
912 2138 0.2
912 799 0.01
912 165 0.01
5808 5808 0.01
223 223 0.05
223 928 0.2
223 643 0.05
223 214 0.01
2568 658 0.01
2568 2568 0.05
2568 576 0.05
2568 1488 0.05
2568 297 0.05
2568 3085 0.01
2568 5809 0.2
2568 1407 0.01
2568 2593 0.05
2568 1000 0.05
2568 3740 0.2
2568 2749 0.01
5810 242 0.05
5810 438 0.01
5810 1521 0.05
4037 4037 0.05
4037 784 0.05
4037 743 0.05
4037 286 0.05
4037 289 0.01
4037 312 0.01
4037 3275 0.01
4037 328 0.01
4037 2528 0.01
4037 623 0.05
4951 3432 0.2
4951 843 0.05
4951 2081 0.05
4951 844 0.2
4951 1243 0.2
4951 1242 0.2
4951 2754 0.01
2997 1543 0.01
2997 764 0.2
2997 2998 0.01
2997 911 0.2
2997 647 0.05
2997 1454 0.01
2997 353 0.05
2997 175 0.01
2997 1222 0.05
2997 555 0.01
2997 1603 0.2
5811 5811 0.05
2594 584 0.01
5812 5812 0.05
5813 5813 0.05
5814 5814 0.05
5815 960 0.01
5815 1844 0.2
5815 5257 0.05
5815 943 0.05
5815 801 0.05
5815 4499 0.2
5815 841 0.01
2252 2252 0.2
2252 937 0.2
2252 492 0.01
2252 30 0.05
2252 719 0.01
2252 830 0.01
2252 990 0.2
2252 1851 0.2
2252 1491 0.01
2252 3625 0.01
2252 1362 0.05
5816 5816 0.2
5817 5817 0.05
5818 1160 0.01
5246 5246 0.05
5246 328 0.01
5246 1967 0.05
5819 5820 0.01
5698 286 0.01
5698 289 0.05
5698 1984 0.2
5698 126 0.2
5698 175 0.01
5698 1702 0.2
5698 2619 0.01
5698 1117 0.01
5698 1176 0.01
5698 5554 0.01
5698 5698 0.05
5698 385 0.2
5698 387 0.01
5032 5032 0.05
5032 5821 0.05
1741 64 0.05
1741 1741 0.01
1741 1740 0.05
1741 943 0.2
1741 653 0.01
504 504 0.2
5822 2631 0.05
5822 1800 0.05
5822 1322 0.05
5822 3116 0.2
5822 2732 0.01
5822 1600 0.2
5822 1333 0.2
5822 2173 0.05
5823 5823 0.05
5824 135 0.01
5824 2274 0.01
5824 1494 0.01
5824 1378 0.2
5824 328 0.01
5824 429 0.05
5824 1655 0.05
5825 5825 0.05
1955 1711 0.2
1955 400 0.01
173 173 0.01
173 175 0.2
173 328 0.05
173 431 0.2
173 30 0.01
173 1318 0.05
173 4405 0.05
173 1316 0.2
173 1319 0.05
173 1301 0.2
173 893 0.01
173 583 0.05
173 646 0.2
173 157 0.2
173 1745 0.01
173 683 0.2
173 984 0.05
173 780 0.2
173 1418 0.05
173 2482 0.2
173 3838 0.01
173 1237 0.2
173 1910 0.01
173 639 0.2
173 242 0.05
173 1317 0.01
173 815 0.2
173 1447 0.05
173 348 0.2
173 445 0.01
173 46 0.01
173 1908 0.01
173 717 0.2
173 5826 0.01
173 4919 0.2
173 2214 0.2
173 2141 0.01
173 2232 0.2
173 4296 0.05
173 1149 0.01
173 3892 0.2
173 4406 0.2
173 3754 0.2
173 1309 0.05
173 1142 0.2
173 1020 0.01
173 1181 0.05
173 855 0.01
173 1663 0.05
173 4648 0.01
173 5827 0.01
173 652 0.01
173 5828 0.2
173 170 0.05
173 169 0.2
173 171 0.2
173 174 0.05
173 172 0.2
173 555 0.2
173 1153 0.01
173 1872 0.2
173 4207 0.01
5829 5829 0.05
3032 495 0.01
3032 297 0.05
3032 3928 0.05
3032 4353 0.01
3032 92 0.01
3032 104 0.01
3032 989 0.01
3032 3032 0.2
3032 467 0.01
3032 385 0.01
3032 793 0.05
3032 15 0.05
3032 1315 0.01
3032 1485 0.01
3032 1898 0.01
3032 328 0.2
2974 2974 0.2
2974 2255 0.2
2974 2614 0.05
2974 990 0.2
2974 2975 0.05
2974 1852 0.05
5830 5830 0.2
1462 1462 0.2
5831 5831 0.2
1960 320 0.2
4179 298 0.05
4179 2985 0.05
4179 4179 0.05
4179 1645 0.2
5832 5832 0.05
1836 1836 0.2
1836 437 0.01
1836 1834 0.2
2688 1947 0.2
2688 2832 0.01
2688 45 0.05
2688 1254 0.01
2688 4315 0.2
2688 5624 0.01
5833 3177 0.01
5833 700 0.2
5833 4902 0.05
5833 4206 0.05
5833 2333 0.2
5833 621 0.05
5833 480 0.2
5833 3489 0.01
5833 5681 0.05
2061 46 0.05
2061 2061 0.05
2061 1075 0.2
2061 352 0.2
2061 1633 0.2
2061 349 0.01
2061 348 0.05
2061 435 0.01
2061 318 0.01
2061 1894 0.2
2061 2284 0.01
2061 1052 0.2
2061 316 0.2
2061 1073 0.01
2061 328 0.01
2061 939 0.01
2061 958 0.01
2061 142 0.01
2061 1519 0.2
2061 736 0.05
2061 4286 0.01
2061 186 0.01
5834 1310 0.01
5834 2889 0.05
5834 165 0.05
5834 164 0.2
5835 5835 0.01
891 889 0.01
891 2986 0.05
891 126 0.01
891 885 0.2
891 711 0.05
891 142 0.2
891 736 0.01
891 175 0.2
891 30 0.01
891 597 0.01
891 3716 0.2
891 329 0.2
891 46 0.05
1427 328 0.05
1427 30 0.01
1427 1426 0.05
1427 1429 0.05
1427 1496 0.01
1427 165 0.2
1427 286 0.01
1427 555 0.01
1427 175 0.01
1427 329 0.01
1427 829 0.05
1427 1021 0.01
1427 154 0.05
1427 1671 0.01
1427 45 0.01
1427 1343 0.2
1427 647 0.05
1427 5688 0.05
1427 3360 0.01
1427 1400 0.05
1427 944 0.05
1427 40 0.05
1427 658 0.01
1427 2950 0.05
5836 5836 0.01
5837 385 0.2
2173 2173 0.2
2173 2260 0.01
2173 937 0.2
2173 2792 0.2
2173 780 0.2
2173 492 0.2
2173 346 0.2
2173 1004 0.2
2173 1851 0.05
3838 1316 0.2
3838 1318 0.2
3838 2214 0.05
3838 646 0.2
3838 3892 0.05
3838 212 0.05
3154 5838 0.05
3154 2765 0.01
3154 1415 0.2
3154 976 0.2
3154 836 0.05
3154 648 0.05
3154 736 0.01
3154 5705 0.01
5839 5839 0.01
2260 2260 0.05
2667 2667 0.2
2667 388 0.05
2667 1684 0.01
2667 801 0.05
2667 390 0.2
2667 1309 0.01
2667 392 0.01
2667 389 0.01
2667 651 0.01
2667 126 0.2
2667 714 0.01
2667 2843 0.05
2667 738 0.01
2667 391 0.01
2667 393 0.2
2667 797 0.2
3433 604 0.2
3433 2432 0.2
3433 5840 0.05
2787 780 0.01
2787 2787 0.05
2787 1756 0.05
2787 1741 0.01
2787 943 0.05
2787 399 0.05
2787 1732 0.01
2787 1875 0.05
2787 2372 0.05
2211 1165 0.05
5841 1065 0.01
5841 46 0.05
5842 5842 0.2
1636 1636 0.2
1636 335 0.2
1636 1662 0.2
1636 1967 0.2
1636 283 0.01
1636 801 0.2
1636 1768 0.01
1636 634 0.05
1636 904 0.05
1636 532 0.2
1636 214 0.2
1636 1384 0.2
1636 701 0.01
5725 5725 0.2
3672 3672 0.2
3672 450 0.05
3672 449 0.2
3672 3671 0.01
289 289 0.01
289 46 0.2
289 3598 0.2
289 2528 0.01
289 916 0.2
289 191 0.01
289 312 0.2
289 860 0.2
289 288 0.01
5843 5843 0.05
5026 5026 0.2
2720 1247 0.01
2720 1092 0.2
2720 1238 0.2
2720 353 0.01
2720 1123 0.05
2720 167 0.2
2720 737 0.2
2720 2719 0.05
2720 1200 0.2
2720 2538 0.01
1241 1241 0.05
1241 1496 0.2
1051 1051 0.01
1051 736 0.05
1051 1400 0.01
1051 2887 0.2
1051 53 0.01
1051 718 0.05
1051 73 0.05
2727 2727 0.2
2727 1211 0.01
2727 918 0.01
2727 1031 0.2
2727 883 0.2
5844 5844 0.2
5722 5722 0.05
5722 1386 0.2
5722 1554 0.01
5722 997 0.01
5722 1264 0.01
5845 333 0.2
5845 776 0.05
5845 716 0.2
5845 786 0.2
74 69 0.2
74 67 0.01
74 48 0.2
74 70 0.01
74 71 0.2
74 1958 0.01
74 68 0.05
1211 623 0.01
1211 1860 0.05
1211 1546 0.2
1211 1449 0.05
1211 784 0.2
1211 1411 0.01
1211 883 0.05
1211 4075 0.01
1211 286 0.05
1211 1031 0.2
1211 3615 0.01
1211 2727 0.05
1211 1176 0.05
1211 2574 0.05
1211 598 0.01
1211 3240 0.2
1211 1126 0.2
1211 2076 0.2
1211 2852 0.05
1211 1204 0.2
1211 3668 0.05
1211 385 0.2
1211 1464 0.2
1211 764 0.2
1211 1201 0.2
1211 1202 0.05
1211 1216 0.01
1211 177 0.05
1211 194 0.05
1211 1154 0.05
1211 850 0.2
5846 5846 0.05
5034 5034 0.2
5034 46 0.05
5847 5847 0.01
5848 5848 0.01
5848 5538 0.01
3724 3724 0.2
3724 3482 0.01
3724 1499 0.05
1395 522 0.2
1395 807 0.05
1395 804 0.01
1395 780 0.2
1395 2774 0.05
1395 2182 0.2
1395 1968 0.05
1395 1395 0.2
1395 1384 0.05
1395 1142 0.05
1395 2251 0.2
4413 4414 0.01
4413 1386 0.01
4413 1005 0.05
4413 2253 0.2
4413 4412 0.05
5849 5849 0.05
3205 3205 0.01
3205 2795 0.01
3205 652 0.01
3205 2940 0.2
2918 2918 0.01
2918 1165 0.2
2918 597 0.05
2918 556 0.2
2918 791 0.01
2918 2728 0.05
5850 5850 0.05
5850 1515 0.01
2867 2867 0.2
2867 2866 0.05
2867 3252 0.01
2867 2868 0.2
2867 157 0.2
2867 46 0.05
2867 1175 0.01
4905 4905 0.2
4905 148 0.2
1665 124 0.01
1665 399 0.01
1665 4544 0.2
1665 1731 0.05
1665 1732 0.05
1665 121 0.05
1665 1664 0.05
5851 5851 0.01
3193 3193 0.2
3193 739 0.01
3193 3663 0.05
3193 3664 0.01
3193 2516 0.05
3193 433 0.05
3193 175 0.2
3193 784 0.2
3193 46 0.01
3193 943 0.05
3193 438 0.2
2148 2148 0.01
3826 241 0.05
3826 703 0.01
3826 803 0.05
3826 1446 0.01
3826 1447 0.05
3826 352 0.01
3826 2076 0.01
3826 303 0.01
3826 351 0.05
3826 2652 0.01
3826 3826 0.05
5596 1085 0.2
3476 3476 0.05
3476 739 0.2
3476 1580 0.05
3476 467 0.01
3476 736 0.2
3476 329 0.01
3476 837 0.2
3476 3078 0.01
3476 175 0.01
3476 741 0.2
3476 855 0.2
3476 126 0.01
3476 30 0.01
3476 46 0.2
3476 647 0.01
3476 286 0.05
3476 324 0.01
3476 3544 0.2
3476 786 0.2
3476 142 0.2
3476 1370 0.2
3476 711 0.2
3476 128 0.01
1420 1420 0.05
5852 2571 0.05
5853 5853 0.2
3885 3885 0.05
3885 426 0.2
3885 1124 0.2
3885 424 0.2
3885 425 0.05
3885 22 0.01
3885 45 0.01
3885 4896 0.01
2519 9 0.01
2519 46 0.05
2519 506 0.2
2519 855 0.05
2519 576 0.2
2519 1032 0.05
2519 562 0.01
2519 1075 0.05
5854 5854 0.01
2254 982 0.01
2254 492 0.01
2254 810 0.05
2254 1356 0.2
2254 1004 0.01
2254 1020 0.01
2254 780 0.01
2254 807 0.01
2254 460 0.2
2254 2975 0.2
2254 1852 0.05
2254 545 0.01
5855 5855 0.01
5855 918 0.01
5856 46 0.05
5856 5856 0.2
5856 435 0.05
4919 4919 0.2
4919 173 0.05
1156 1156 0.2
1156 2320 0.01
1156 1155 0.01
1156 286 0.01
1156 292 0.2
1156 1190 0.01
1156 2312 0.2
1156 273 0.01
1156 2216 0.01
1156 911 0.2
1156 290 0.05
1156 764 0.05
1156 1240 0.2
1156 1158 0.05
1156 962 0.2
1156 1157 0.01
1156 1218 0.2
1156 1270 0.01
4087 302 0.01
4087 191 0.01
4087 286 0.01
4087 4087 0.2
2674 1809 0.01
3564 3564 0.05
5604 129 0.01
5604 74 0.2
5604 714 0.05
5604 715 0.01
5604 2911 0.2
5604 1117 0.01
5604 643 0.05
5604 62 0.01
5604 3774 0.01
5604 45 0.2
3013 3013 0.05
3013 3225 0.05
1575 1575 0.01
1575 1574 0.05
1575 1573 0.2
5857 5857 0.2
4743 4743 0.05
4743 329 0.2
4743 126 0.05
4743 175 0.2
4743 324 0.2
4743 576 0.01
4743 1248 0.01
4743 286 0.01
4743 353 0.05
4743 30 0.2
4743 46 0.2
4743 438 0.2
4743 1343 0.05
4743 658 0.01
4743 1068 0.01
4743 883 0.2
4743 776 0.01
4743 2789 0.01
4743 1075 0.05
5858 46 0.01
5858 286 0.2
5859 5859 0.05
813 1247 0.2
813 695 0.05
813 1116 0.05
813 30 0.01
813 1020 0.2
813 1711 0.01
813 328 0.05
813 126 0.05
813 577 0.01
813 613 0.01
102 102 0.01
102 3116 0.05
102 1644 0.05
102 30 0.01
102 65 0.01
102 2876 0.01
102 142 0.05
102 739 0.05
102 736 0.01
102 740 0.01
102 84 0.01
102 741 0.2
102 584 0.05
102 1288 0.01
102 5860 0.01
102 91 0.01
102 2376 0.01
102 1516 0.05
102 1605 0.05
102 323 0.05
102 886 0.2
102 106 0.05
102 2162 0.2
102 1693 0.05
102 329 0.01
102 1097 0.01
102 345 0.2
102 2261 0.05
102 5161 0.01
102 792 0.2
102 3316 0.2
102 859 0.01
102 5861 0.2
102 831 0.01
102 836 0.2
102 912 0.05
102 2629 0.05
102 3317 0.2
102 2961 0.05
102 1167 0.01
102 4373 0.2
102 5862 0.01
102 2782 0.05
102 587 0.05
102 1064 0.01
102 801 0.2
102 789 0.2
5863 5863 0.2
4204 4204 0.2
4204 1223 0.2
294 294 0.2
294 227 0.05
294 283 0.2
1779 1779 0.2
1779 776 0.05
1779 328 0.05
1779 457 0.05
1779 46 0.05
1779 286 0.2
1779 157 0.05
1779 555 0.05
1779 126 0.01
1779 576 0.01
1779 1343 0.2
1779 764 0.05
1779 438 0.05
1779 526 0.2
1779 658 0.01
1779 1971 0.01
1779 4342 0.01
1779 188 0.2
1779 4410 0.2
1779 1980 0.01
1779 1629 0.2
1779 1248 0.2
1779 2429 0.01
1779 3483 0.2
3816 3816 0.05
3816 1156 0.2
3816 3815 0.2
5864 915 0.01
5864 2133 0.01
5864 1644 0.05
5864 1591 0.2
5864 1837 0.05
5864 3585 0.01
5864 772 0.01
5864 1858 0.05
5864 2282 0.05
5864 173 0.01
5864 891 0.2
5864 1968 0.05
5864 2792 0.05
5864 1780 0.05
5864 1092 0.2
5864 4635 0.2
5864 546 0.05
5864 373 0.2
5864 548 0.01
5864 5135 0.2
5864 2483 0.2
5864 1163 0.05
5864 378 0.2
5864 2883 0.01
5864 1844 0.05
5864 2239 0.01
5864 3394 0.2
3592 1766 0.2
3592 637 0.2
3592 49 0.01
3592 331 0.05
3592 53 0.2
3592 332 0.2
3592 335 0.05
3592 3591 0.05
3592 46 0.2
3592 858 0.2
3592 736 0.01
3592 353 0.01
5865 5865 0.2
3982 1690 0.2
3982 329 0.01
3982 353 0.05
3982 739 0.05
3982 782 0.05
3982 2638 0.2
3426 3426 0.05
3426 126 0.2
3426 175 0.01
3426 577 0.2
2573 2573 0.01
2573 1126 0.2
2573 46 0.2
2573 2950 0.05
2573 883 0.01
1953 1953 0.2
1953 325 0.05
1953 188 0.2
1953 727 0.01
1953 363 0.01
1953 2247 0.05
974 974 0.05
974 2829 0.05
974 983 0.2
974 1545 0.01
974 1808 0.01
974 2390 0.2
974 1909 0.01
974 1174 0.05
5866 5866 0.01
4366 710 0.2
4366 4366 0.2
5867 5867 0.05
5868 30 0.05
4787 4787 0.01
4787 666 0.05
4787 2614 0.01
2584 1397 0.2
2584 2583 0.05
2584 1117 0.05
2584 202 0.05
2069 2069 0.01
2069 2207 0.01
2069 429 0.01
2069 2205 0.2
2069 1823 0.05
2069 46 0.2
2069 30 0.01
2069 1309 0.05
2069 303 0.01
2069 22 0.05
2069 578 0.2
2069 1020 0.2
2069 175 0.05
2069 2208 0.01
2069 431 0.01
2069 44 0.2
2069 725 0.05
2069 857 0.05
2069 5268 0.2
2069 141 0.2
2069 126 0.05
2069 1065 0.2
2069 1066 0.05
1154 632 0.01
1154 46 0.2
1154 54 0.05
1154 157 0.05
1154 175 0.05
1154 53 0.01
1154 329 0.05
1154 796 0.2
1154 242 0.2
1154 126 0.2
1154 653 0.2
1154 1740 0.05
1154 80 0.05
1154 4674 0.05
1154 1738 0.2
1154 1739 0.2
1154 2246 0.2
1154 1741 0.2
1154 431 0.2
1154 1743 0.01
1154 4198 0.2
1154 37 0.2
1154 2782 0.2
1154 1237 0.01
1154 717 0.01
1154 1171 0.01
1154 2240 0.2
1154 173 0.01
1154 639 0.05
1154 1747 0.01
1154 1126 0.2
1154 1211 0.2
1154 883 0.01
1154 3182 0.05
1154 694 0.01
1154 737 0.2
1154 5770 0.05
1154 30 0.05
1154 1075 0.01
1154 325 0.01
1154 2536 0.01
1154 2247 0.05
1154 2304 0.05
1154 363 0.01
1154 297 0.2
1154 1147 0.05
1154 850 0.05
1154 1370 0.2
1154 45 0.05
1154 1113 0.2
1154 696 0.2
1154 148 0.01
1154 1495 0.05
5869 5869 0.01
5870 5870 0.01
5871 5871 0.2
5871 282 0.05
5872 356 0.2
5872 387 0.05
5872 385 0.05
5872 3274 0.05
5872 3271 0.01
5872 3273 0.2
5872 3133 0.05
349 30 0.05
349 577 0.05
349 719 0.01
349 1020 0.05
349 1073 0.01
349 934 0.05
349 1079 0.05
349 328 0.05
349 1437 0.01
349 912 0.2
349 791 0.05
349 1993 0.2
349 172 0.2
349 144 0.05
349 50 0.05
349 481 0.01
349 1356 0.01
349 121 0.01
349 1847 0.01
349 1309 0.2
349 501 0.05
349 110 0.05
349 348 0.01
349 65 0.01
349 1133 0.01
349 1021 0.01
349 829 0.05
349 623 0.05
349 2616 0.01
349 4009 0.2
349 3749 0.05
349 304 0.2
349 331 0.05
349 1752 0.01
349 174 0.01
349 588 0.05
349 333 0.01
349 3088 0.01
349 804 0.05
349 511 0.05
349 438 0.2
349 523 0.05
349 1117 0.2
349 735 0.2
349 1589 0.2
349 492 0.05
349 332 0.2
349 3050 0.05
349 712 0.2
349 303 0.2
349 513 0.01
349 2134 0.01
349 157 0.2
349 326 0.01
349 813 0.05
349 799 0.01
349 1072 0.2
349 620 0.01
349 2450 0.05
349 2255 0.05
349 171 0.2
349 918 0.2
349 1001 0.2
349 5873 0.2
349 346 0.2
349 728 0.2
349 808 0.01
349 2250 0.05
349 335 0.05
349 1495 0.2
349 1851 0.01
349 3206 0.05
349 4583 0.05
349 2173 0.01
349 1384 0.05
349 2246 0.2
349 2975 0.01
349 715 0.01
349 1852 0.2
349 2136 0.01
349 191 0.01
349 779 0.01
349 2464 0.2
349 2251 0.05
349 1326 0.05
349 1362 0.01
349 1988 0.01
349 3897 0.01
349 5874 0.01
349 4468 0.05
454 454 0.05
454 448 0.2
454 5384 0.05
454 46 0.05
454 2792 0.01
5607 5607 0.2
537 537 0.01
537 438 0.01
4627 4120 0.05
4627 2227 0.05
1350 1350 0.2
1350 623 0.01
1851 1049 0.05
1851 490 0.01
1851 1968 0.01
1851 513 0.01
1851 572 0.05
3343 1047 0.01
3343 584 0.05
3343 993 0.05
3343 3342 0.01
3343 803 0.2
3343 3343 0.01
3343 9 0.05
3343 3268 0.05
3343 626 0.2
3343 3904 0.05
3343 70 0.05
5875 5875 0.01
1192 1192 0.2
1192 917 0.05
1192 9 0.01
1192 582 0.05
1192 1047 0.01
1192 2420 0.05
1192 328 0.01
1192 175 0.2
1192 93 0.2
1192 286 0.01
1192 597 0.01
1192 1123 0.01
1192 1219 0.01
1192 904 0.05
1192 282 0.05
1192 313 0.01
1192 257 0.2
1192 214 0.01
1192 556 0.01
1192 1992 0.2
1192 245 0.01
2377 2377 0.2
2377 324 0.01
2377 1799 0.01
2377 1023 0.05
2377 2945 0.01
2377 92 0.05
2377 13 0.01
2377 348 0.01
2377 349 0.2
2377 22 0.05
2377 1028 0.2
2377 1519 0.2
5876 5876 0.01
5877 5877 0.01
11 1589 0.01
11 4117 0.05
11 584 0.01
11 30 0.01
11 46 0.01
11 1156 0.2
5878 5878 0.05
5878 1692 0.05
5878 584 0.01
5878 4026 0.2
370 463 0.05
370 464 0.05
370 462 0.2
370 465 0.01
370 3298 0.2
370 265 0.05
370 399 0.01
370 369 0.2
5879 5879 0.05
5879 30 0.2
5879 46 0.01
5879 1116 0.05
5879 126 0.05
5879 1162 0.01
5879 286 0.01
5879 710 0.05
5880 1609 0.01
5880 1648 0.2
5880 861 0.05
5880 2171 0.2
5880 296 0.2
5880 101 0.2
5880 102 0.2
5880 103 0.2
5880 104 0.05
5880 105 0.05
5880 1769 0.2
5880 949 0.01
5880 2905 0.05
5880 199 0.2
5880 677 0.01
5880 678 0.2
5880 466 0.05
5880 603 0.05
5880 352 0.05
5880 825 0.01
5880 1030 0.05
5880 3099 0.05
5880 996 0.2
5880 263 0.01
5880 1963 0.05
5880 1645 0.2
5880 17 0.01
5880 2247 0.2
5880 1894 0.2
5880 1641 0.2
5880 1182 0.05
5880 2246 0.01
5880 740 0.2
5880 1849 0.01
5881 5881 0.05
5882 5882 0.2
5882 1549 0.2
5882 126 0.2
5883 1377 0.05
1901 658 0.01
1901 1220 0.01
1901 945 0.01
1901 4053 0.01
1901 1161 0.01
1901 1537 0.05
1399 1399 0.2
1399 157 0.05
1399 593 0.2
1399 633 0.01
1399 1165 0.05
1399 4 0.2
1399 950 0.01
1399 3587 0.2
1399 718 0.01
1399 793 0.2
1399 597 0.2
1399 1789 0.2
1399 4892 0.05
1399 1967 0.2
1399 457 0.01
1399 265 0.2
1399 1047 0.2
1399 704 0.01
1399 246 0.05
1399 594 0.01
1399 5884 0.05
1399 2824 0.05
1399 620 0.01
1399 1882 0.05
1399 4795 0.2
1399 89 0.2
1399 2013 0.2
1399 316 0.01
1399 232 0.2
1399 890 0.2
1399 807 0.2
1399 4900 0.05
1399 2265 0.01
1399 2264 0.05
1399 678 0.05
1399 364 0.05
5885 5885 0.01
890 890 0.05
890 157 0.01
890 107 0.05
890 632 0.2
890 3407 0.2
890 210 0.05
890 399 0.05
890 346 0.05
890 683 0.05
890 793 0.05
890 2934 0.05
890 966 0.05
890 1494 0.2
890 429 0.05
890 46 0.05
890 328 0.2
890 3033 0.01
890 812 0.01
890 1153 0.05
890 794 0.05
890 892 0.05
890 1399 0.01
890 1512 0.01
890 1145 0.05
890 888 0.01
890 806 0.05
890 461 0.2
890 885 0.2
890 588 0.2
890 239 0.01
890 1586 0.05
890 630 0.05
890 1181 0.2
890 2847 0.05
890 45 0.01
2172 2172 0.2
2172 171 0.2
2172 172 0.05
2172 1028 0.05
2172 34 0.05
2172 1603 0.01
2172 947 0.05
2172 328 0.05
2172 934 0.2
2172 1754 0.01
2172 933 0.2
947 30 0.05
947 306 0.2
947 719 0.05
947 1356 0.2
947 947 0.05
947 468 0.01
947 1077 0.2
947 328 0.01
947 915 0.01
947 1434 0.01
947 827 0.01
947 1993 0.05
947 2561 0.01
947 349 0.05
947 1028 0.01
947 1085 0.05
947 112 0.05
947 1616 0.05
947 174 0.2
947 1075 0.01
947 1123 0.2
947 1020 0.05
947 1495 0.01
947 466 0.01
947 46 0.05
947 1476 0.01
947 303 0.2
947 440 0.2
947 172 0.01
947 316 0.01
947 286 0.2
947 1072 0.2
947 2172 0.05
947 918 0.05
947 2271 0.01
947 807 0.05
947 121 0.2
947 1937 0.01
947 804 0.05
947 1719 0.01
947 936 0.05
947 949 0.2
947 1076 0.01
947 712 0.2
947 3736 0.05
947 813 0.05
961 1663 0.01
961 1119 0.01
961 233 0.2
961 1190 0.05
961 593 0.01
961 582 0.01
961 1000 0.01
961 524 0.05
5886 5886 0.01
5887 167 0.2
5887 1863 0.01
5887 590 0.2
5887 1703 0.2
5887 3316 0.2
4207 1147 0.2
4207 1153 0.05
4207 3509 0.01
4207 1874 0.2
4207 2694 0.2
4207 2695 0.2
5888 5888 0.2
5888 46 0.2
5888 126 0.05
5888 286 0.05
5888 30 0.01
5888 328 0.05
3420 109 0.2
3420 3547 0.2
3420 2468 0.05
3420 3546 0.01
3420 3420 0.2
5889 5889 0.01
4096 279 0.05
4096 4098 0.01
4096 441 0.05
4096 4637 0.2
509 509 0.05
509 438 0.2
929 1512 0.05
929 599 0.2
929 98 0.05
929 1992 0.05
929 604 0.05
929 4122 0.2
929 630 0.2
929 62 0.2
5890 5890 0.05
1930 4884 0.2
1930 328 0.2
1930 1012 0.05
3769 22 0.05
3769 3102 0.2
3769 1221 0.2
3769 46 0.01
3769 1176 0.01
3769 30 0.05
3769 175 0.2
3769 2715 0.01
5891 46 0.2
1291 431 0.01
1291 175 0.05
1291 353 0.2
1291 30 0.05
1291 457 0.2
1291 46 0.2
1291 5 0.2
1291 1291 0.01
1291 506 0.05
1291 445 0.2
1291 4 0.01
1291 44 0.2
375 375 0.01
375 1562 0.01
375 296 0.01
375 3024 0.2
375 290 0.05
375 1579 0.01
375 283 0.01
375 2343 0.01
375 1052 0.2
375 286 0.01
375 329 0.05
375 647 0.2
375 353 0.01
375 227 0.05
375 1156 0.05
375 277 0.01
375 748 0.05
375 3198 0.05
375 2050 0.05
375 46 0.2
375 719 0.01
375 30 0.2
5892 5892 0.05
5893 5893 0.01
2079 843 0.05
2079 844 0.2
5894 590 0.05
5894 362 0.05
5895 5895 0.2
4817 4817 0.05
4817 3285 0.01
4817 4816 0.01
4817 212 0.01
5896 5896 0.2
3440 3440 0.05
3440 2487 0.01
3440 30 0.2
3440 126 0.01
3440 346 0.01
3440 2251 0.01
3440 990 0.05
3440 3478 0.01
2535 2535 0.01
2535 517 0.2
2535 2828 0.01
2535 499 0.2
2535 438 0.2
2535 829 0.2
2535 528 0.01
2535 30 0.01
2535 46 0.05
2535 316 0.2
2535 19 0.05
2535 324 0.2
2535 326 0.2
2535 892 0.05
2535 986 0.2
2535 886 0.05
2535 2945 0.01
2535 4083 0.2
2535 1022 0.2
2535 2304 0.01
2535 712 0.05
2535 919 0.05
2535 857 0.05
2535 5120 0.05
2535 934 0.05
2535 939 0.01
2535 638 0.01
443 443 0.2
443 1086 0.01
443 738 0.05
443 46 0.2
443 30 0.05
443 351 0.01
443 352 0.01
443 437 0.2
443 320 0.05
4640 4640 0.01
4640 1442 0.2
1970 1970 0.01
1970 928 0.2
1970 625 0.05
1970 495 0.2
1970 3032 0.01
1970 1917 0.2
1970 1981 0.05
1970 186 0.2
1970 1978 0.2
1970 1277 0.01
5897 5897 0.01
79 747 0.05
79 1222 0.01
79 110 0.01
79 1218 0.01
79 290 0.01
79 1499 0.05
79 1479 0.01
79 748 0.05
79 79 0.05
79 1212 0.01
79 2457 0.01
79 2458 0.05
79 659 0.01
79 2461 0.2
79 746 0.2
79 1219 0.05
79 1214 0.2
79 880 0.2
79 878 0.05
79 652 0.2
79 749 0.2
79 2460 0.05
79 743 0.05
79 1605 0.01
79 647 0.05
79 1203 0.01
79 1213 0.05
79 1201 0.05
79 134 0.05
79 135 0.01
79 138 0.01
79 5549 0.01
5898 5898 0.05
5899 2444 0.01
5899 2450 0.01
3661 850 0.2
3661 3661 0.2
3661 849 0.2
3661 851 0.01
4901 4901 0.01
5900 5900 0.2
5900 1494 0.05
5900 791 0.01
5901 5901 0.01
5902 5902 0.2
5903 5903 0.2
5904 5904 0.05
5904 45 0.01
5905 1643 0.05
3799 129 0.2
3799 629 0.01
3799 2298 0.01
3799 944 0.05
3799 2340 0.05
5906 5906 0.01
5907 5907 0.01
5191 5191 0.01
5908 5908 0.2
5909 2170 0.05
5909 4296 0.01
5909 440 0.05
5909 5909 0.01
4406 1318 0.2
4406 1319 0.05
4406 46 0.2
4406 307 0.05
4406 242 0.01
4406 3892 0.01
4406 646 0.2
4406 442 0.2
4406 1316 0.05
5128 5128 0.2
989 5910 0.05
989 989 0.2
989 1546 0.2
989 5911 0.2
989 1023 0.01
989 1898 0.2
989 1159 0.01
989 965 0.05
989 920 0.2
989 1043 0.2
989 3032 0.01
989 2135 0.01
5912 5912 0.2
4002 4002 0.01
4002 7 0.05
4002 246 0.01
4002 1586 0.01
4002 328 0.01
4002 711 0.2
4002 22 0.2
5913 5913 0.2
5914 5914 0.05
2349 2349 0.01
2349 1569 0.01
2349 5146 0.01
2349 2625 0.2
2349 612 0.2
2349 375 0.05
2349 3124 0.05
2349 2100 0.01
2349 597 0.01
2349 1562 0.2
2349 1781 0.2
54 1746 0.2
54 53 0.05
54 298 0.2
54 48 0.05
4767 4767 0.01
4767 2578 0.01
5915 5915 0.01
5916 5916 0.01
3647 3293 0.01
3647 3647 0.05
3647 863 0.2
3647 3292 0.2
3647 126 0.2
3647 30 0.2
3647 4519 0.05
3647 4101 0.05
3647 2227 0.01
3647 2144 0.05
3647 1386 0.05
3647 1379 0.05
4917 4917 0.2
1212 137 0.01
1212 1222 0.01
1212 377 0.01
1212 1499 0.01
1212 105 0.01
1212 1218 0.2
1212 2453 0.2
1212 110 0.2
1212 2457 0.01
1212 108 0.05
1212 748 0.01
1212 79 0.2
1212 1605 0.05
1212 1127 0.01
1212 746 0.05
1212 1205 0.05
1212 647 0.01
4022 4022 0.01
5917 5917 0.2
3223 2317 0.05
3223 2983 0.01
3223 3223 0.01
3223 2617 0.01
3223 2618 0.01
3223 1555 0.05
3223 618 0.2
3223 1191 0.2
3223 46 0.2
3223 399 0.05
3223 324 0.05
3223 328 0.2
3223 431 0.05
1349 3281 0.2
1349 5918 0.2
1349 4114 0.05
5919 5919 0.05
5919 813 0.05
5919 737 0.2
3961 3961 0.2
3961 2783 0.05
3961 584 0.01
3961 3409 0.2
4889 4889 0.05
4889 46 0.2
4885 4885 0.01
4885 5746 0.05
4885 2516 0.05
4885 1450 0.01
4885 19 0.05
4885 5920 0.2
4885 9 0.05
4885 1898 0.01
4885 45 0.01
4885 1280 0.05
4885 157 0.05
4885 503 0.2
4885 599 0.05
4885 1067 0.2
4885 751 0.05
4885 1278 0.01
4885 121 0.05
4885 3007 0.01
4885 780 0.2
4885 3319 0.05
4885 22 0.05
4885 92 0.01
4885 5921 0.2
4885 1626 0.01
5922 5922 0.05
1608 1608 0.2
1608 1607 0.01
4925 157 0.01
4925 1153 0.05
4925 126 0.01
5923 1278 0.2
2451 2451 0.2
2451 2444 0.05
2451 1 0.2
2451 5242 0.05
2451 9 0.01
1086 326 0.2
1086 719 0.2
1086 30 0.05
1086 352 0.05
1086 1719 0.01
1086 3310 0.01
1086 623 0.05
1086 3116 0.05
1086 46 0.05
1086 3308 0.2
1086 3307 0.01
1086 3309 0.05
1086 2971 0.2
1086 351 0.01
1086 858 0.2
1086 327 0.05
1086 1081 0.01
1086 1133 0.05
1086 1028 0.2
1086 1022 0.05
1086 438 0.05
1086 1072 0.05
1086 1720 0.01
1086 95 0.05
1086 303 0.2
1086 209 0.2
1086 435 0.2
1086 65 0.2
1086 801 0.2
1086 431 0.05
1086 1546 0.2
1086 827 0.2
1086 2284 0.2
1086 443 0.2
1086 738 0.05
1086 784 0.2
1086 318 0.05
1086 1996 0.05
1086 1894 0.05
1086 439 0.2
1086 4643 0.01
1086 1160 0.01
1086 2210 0.01
1086 1447 0.05
1086 2078 0.2
1086 437 0.05
1086 436 0.05
1086 316 0.2
1086 440 0.01
1086 434 0.05
1086 441 0.05
1086 432 0.01
1086 286 0.2
1086 736 0.05
1086 215 0.2
1086 433 0.01
1086 104 0.2
1086 1023 0.2
1086 1116 0.05
1086 1583 0.2
1086 2002 0.2
1086 1521 0.05
1086 855 0.01
1086 783 0.05
1086 1024 0.05
1086 2945 0.01
1086 353 0.01
1086 1557 0.01
1086 998 0.05
1086 739 0.2
1086 304 0.01
1086 90 0.01
1086 44 0.05
1086 2273 0.2
1086 631 0.05
1086 751 0.05
1086 563 0.2
1086 2872 0.2
1086 1471 0.2
1086 1834 0.2
1086 413 0.01
1086 713 0.05
528 1798 0.01
528 290 0.05
528 638 0.2
528 230 0.01
528 1927 0.05
528 5487 0.05
528 4186 0.01
528 822 0.05
528 1091 0.01
528 586 0.05
528 2212 0.2
528 2327 0.2
528 1932 0.01
528 1437 0.05
528 1167 0.05
528 587 0.01
528 1047 0.2
528 1839 0.05
528 361 0.05
528 234 0.05
528 791 0.2
528 311 0.01
528 3380 0.05
528 255 0.2
528 70 0.2
528 2858 0.01
528 1076 0.01
528 1543 0.01
528 1136 0.2
528 892 0.2
528 631 0.01
528 5924 0.05
528 346 0.01
528 647 0.05
528 2819 0.05
528 1819 0.01
528 1216 0.01
528 588 0.05
528 517 0.05
528 2003 0.05
528 2844 0.01
528 1677 0.01
528 5925 0.01
528 1171 0.01
528 241 0.01
528 734 0.01
528 615 0.2
528 923 0.05
528 2828 0.05
528 2535 0.2
528 593 0.2
528 918 0.2
528 2503 0.05
528 764 0.2
528 1206 0.01
528 987 0.05
528 5026 0.01
528 2214 0.01
528 242 0.2
528 1826 0.05
528 1219 0.01
528 711 0.05
528 956 0.05
528 972 0.05
528 1301 0.01
528 526 0.01
528 5926 0.2
528 1483 0.2
528 322 0.2
528 939 0.01
528 492 0.05
528 1072 0.05
528 1535 0.2
528 214 0.01
528 643 0.05
528 941 0.2
528 954 0.2
528 194 0.01
528 922 0.2
528 2270 0.01
528 994 0.01
528 716 0.01
528 1433 0.05
528 1815 0.01
528 1938 0.01
528 2768 0.2
528 1631 0.05
528 530 0.05
528 399 0.2
528 950 0.01
528 3218 0.01
528 4005 0.2
528 403 0.2
528 898 0.05
528 1370 0.05
528 3597 0.2
528 135 0.2
528 5927 0.05
528 1387 0.2
3627 3627 0.2
4650 30 0.2
4650 286 0.05
4650 649 0.2
4650 46 0.05
4650 4650 0.01
4650 1490 0.2
4650 364 0.05
5928 5928 0.01
5928 46 0.05
5928 1060 0.01
5928 2522 0.01
5929 5929 0.05
5929 431 0.05
3088 2711 0.05
5930 2556 0.01
2270 2270 0.05
2270 2543 0.01
2270 1815 0.01
5931 5931 0.05
2592 2592 0.01
2592 2013 0.01
1134 282 0.05
1134 46 0.2
1134 858 0.2
1134 2307 0.01
1134 737 0.2
1134 405 0.2
1134 943 0.05
1134 562 0.05
1134 1068 0.05
1134 751 0.01
1134 2246 0.05
2253 2253 0.2
2253 1005 0.05
2253 1375 0.01
2253 721 0.2
2253 2256 0.2
2253 1379 0.2
2253 2227 0.05
5932 5932 0.01
5933 1840 0.2
5933 3028 0.2
5933 22 0.05
5933 501 0.05
5933 1622 0.01
5933 1663 0.01
5933 49 0.05
5933 317 0.05
5933 351 0.2
5933 1849 0.05
5933 650 0.05
5933 649 0.01
5933 648 0.2
5933 334 0.05
5933 647 0.05
5933 119 0.05
5933 579 0.2
5933 1116 0.05
5933 1428 0.05
5933 1450 0.01
5933 738 0.2
5933 638 0.01
5933 30 0.05
5933 640 0.2
5933 641 0.2
5933 305 0.05
5933 747 0.05
5933 2214 0.01
5933 1752 0.05
5933 233 0.01
5933 440 0.05
5934 5934 0.2
5935 5935 0.05
1284 3517 0.01
1284 112 0.2
1284 1580 0.01
1284 2199 0.05
1284 638 0.01
1284 92 0.2
1284 915 0.2
1284 1464 0.2
1284 5295 0.2
1284 3079 0.2
1284 1280 0.05
1284 1283 0.01
1284 1485 0.05
1284 1487 0.01
1284 658 0.2
934 328 0.05
934 1117 0.2
934 174 0.2
934 645 0.01
934 719 0.01
934 1616 0.2
934 468 0.01
934 326 0.01
934 30 0.01
934 1079 0.2
934 324 0.01
934 1073 0.2
934 2563 0.2
934 2562 0.2
934 466 0.01
934 1167 0.01
934 172 0.05
934 351 0.2
934 511 0.01
934 286 0.01
934 1847 0.05
934 739 0.2
934 1754 0.01
934 171 0.01
934 915 0.01
934 175 0.2
934 46 0.2
934 1086 0.01
934 791 0.05
934 2945 0.2
934 646 0.05
934 1028 0.2
934 121 0.05
934 584 0.05
934 882 0.05
934 329 0.05
934 327 0.05
934 1020 0.01
934 350 0.05
934 827 0.2
934 2271 0.05
934 912 0.01
934 2363 0.2
934 2646 0.05
934 1993 0.2
934 438 0.2
934 933 0.05
934 2647 0.05
934 735 0.01
934 2214 0.05
934 431 0.05
934 712 0.05
934 1441 0.2
934 857 0.2
5197 584 0.01
5197 5197 0.2
5197 1407 0.01
5197 175 0.01
5197 631 0.05
5197 1086 0.2
5197 46 0.2
1288 1288 0.05
1288 1718 0.05
1288 1160 0.05
1288 431 0.2
1288 318 0.05
1288 439 0.05
5936 5936 0.2
2020 1484 0.05
2020 514 0.05
2020 2020 0.05
2020 1516 0.05
2020 106 0.2
2020 3141 0.05
2020 1090 0.05
2020 1149 0.05
2020 3119 0.05
2020 3163 0.05
2020 1151 0.05
5937 576 0.01
5938 5938 0.2
3319 4114 0.05
3319 286 0.01
3319 49 0.01
3319 282 0.2
3319 126 0.2
3319 175 0.2
3319 3319 0.05
3319 329 0.2
3319 1229 0.01
3319 9 0.2
3319 232 0.05
3319 46 0.05
3319 328 0.05
3319 500 0.05
3319 1402 0.01
3319 790 0.01
3319 3122 0.05
3319 1150 0.05
3319 594 0.01
3319 887 0.05
3319 45 0.2
3319 1839 0.2
3319 332 0.2
3319 61 0.2
3319 51 0.05
3319 58 0.2
3319 214 0.01
3319 1192 0.2
3319 56 0.2
3319 167 0.2
3319 864 0.05
3319 48 0.01
3319 1663 0.05
3319 57 0.05
3319 335 0.05
3319 29 0.2
3319 22 0.05
3319 595 0.01
3319 1767 0.01
3319 5939 0.01
3319 19 0.05
3319 1450 0.01
3319 274 0.2
3319 2550 0.2
3319 1703 0.2
3319 770 0.05
3319 598 0.2
3319 1126 0.01
3319 853 0.05
3319 50 0.2
3319 53 0.01
3319 70 0.2
3319 67 0.2
3319 3591 0.05
3319 737 0.2
3319 113 0.01
3319 292 0.2
3319 44 0.2
3319 261 0.05
3319 584 0.2
3319 265 0.05
3319 2171 0.01
3319 1127 0.01
3319 1139 0.05
3319 757 0.05
3319 1642 0.01
3319 1451 0.05
3319 2883 0.05
3319 577 0.05
3319 4189 0.01
3319 938 0.2
3319 227 0.01
3319 1159 0.01
3319 3507 0.01
3319 15 0.01
3319 21 0.05
3319 1301 0.01
3319 2332 0.01
3319 788 0.01
3319 780 0.01
3319 193 0.2
3319 819 0.2
3319 2157 0.01
3319 4379 0.2
3319 4353 0.01
3319 1369 0.01
3319 804 0.01
3319 2274 0.01
3319 862 0.01
5940 5940 0.01
5941 5941 0.2
5373 5373 0.05
5373 286 0.2
5373 29 0.01
5373 34 0.05
5373 28 0.05
633 593 0.05
633 157 0.2
633 126 0.2
633 46 0.05
633 328 0.05
633 242 0.2
633 997 0.05
633 1960 0.05
633 893 0.05
633 1399 0.01
633 18 0.2
633 22 0.05
633 1190 0.05
633 362 0.01
633 1178 0.2
4977 2473 0.05
4977 400 0.01
4977 813 0.05
4977 30 0.01
4977 1711 0.05
4008 278 0.01
4008 587 0.05
4008 277 0.2
4008 4008 0.05
4008 46 0.05
4008 279 0.05
4008 1521 0.05
4008 34 0.2
4008 88 0.2
4008 735 0.01
5942 5942 0.05
670 670 0.01
670 668 0.05
670 1009 0.2
670 2538 0.2
670 669 0.01
670 1008 0.2
3233 3233 0.2
3233 558 0.05
3233 323 0.2
3233 2666 0.01
3233 1087 0.2
3233 1759 0.01
3233 385 0.05
3233 652 0.05
5943 879 0.05
4423 4423 0.05
4423 1663 0.2
5944 996 0.05
5944 3099 0.01
5944 705 0.2
5944 1313 0.01
5944 825 0.2
5944 3102 0.2
5944 595 0.2
5944 295 0.05
5944 258 0.2
5944 1122 0.2
5944 786 0.2
5944 1176 0.05
5944 439 0.2
5944 1633 0.05
5944 70 0.01
5944 3625 0.05
5944 2795 0.2
5944 2307 0.2
5944 574 0.01
5944 142 0.05
5944 110 0.2
5944 111 0.05
5944 112 0.01
5944 1578 0.2
5944 113 0.01
5944 1587 0.2
5944 1078 0.2
5944 194 0.2
5944 316 0.2
5944 191 0.01
5944 1961 0.2
5944 582 0.05
5944 332 0.01
769 769 0.05
5945 126 0.05
5945 22 0.2
5946 5946 0.05
5946 5947 0.2
5946 1505 0.05
5948 5948 0.05
5949 5949 0.2
1903 1903 0.01
5950 1809 0.2
1745 298 0.01
1745 3850 0.05
1745 632 0.2
1745 1318 0.2
1745 1745 0.05
2004 764 0.01
2004 1123 0.05
2004 642 0.2
2004 2521 0.05
2004 22 0.01
2004 640 0.05
2004 1723 0.2
2004 3770 0.05
2004 46 0.01
2004 2004 0.05
2004 1126 0.05
2004 425 0.2
5951 351 0.2
5711 5711 0.2
5952 5952 0.01
5952 1834 0.01
5953 5953 0.01
1505 13 0.01
1505 1020 0.2
1505 46 0.05
1505 736 0.01
3839 3913 0.2
3839 3839 0.01
3839 212 0.2
3839 5954 0.2
1993 1022 0.05
1993 303 0.2
1993 46 0.2
1993 438 0.2
1993 30 0.01
1993 511 0.01
1993 1117 0.01
1993 305 0.2
1993 328 0.2
1993 1436 0.05
1993 719 0.01
1993 1020 0.01
1993 2067 0.01
1993 349 0.01
1993 172 0.05
1993 34 0.2
1993 2614 0.01
1993 791 0.2
1993 525 0.01
5362 5362 0.2
5362 424 0.05
5362 46 0.05
5362 719 0.2
5362 324 0.05
5362 427 0.01
1343 1343 0.05
1343 3102 0.2
1343 2886 0.05
1343 1818 0.05
1343 2715 0.2
1361 1361 0.01
1361 4251 0.01
1361 5274 0.01
1361 2482 0.01
1361 780 0.05
1361 779 0.05
1361 286 0.05
1361 4886 0.05
1361 892 0.01
1361 2551 0.2
1361 385 0.01
1361 178 0.2
1361 3422 0.01
1361 1085 0.2
1361 5456 0.05
1361 4434 0.01
1361 830 0.2
1361 4895 0.01
1361 2659 0.05
1361 5955 0.01
1361 1794 0.2
1361 549 0.01
1361 2832 0.05
5956 781 0.01
5488 587 0.05
5488 791 0.01
5488 1167 0.2
5488 4071 0.2
5488 4691 0.01
5957 5957 0.05
5957 3566 0.01
917 524 0.01
917 89 0.01
917 958 0.2
917 948 0.05
917 953 0.05
917 3652 0.05
917 1068 0.2
917 2164 0.2
917 98 0.05
917 2782 0.01
917 993 0.2
917 1487 0.05
917 194 0.01
917 362 0.01
917 773 0.01
917 992 0.05
917 956 0.2
917 2550 0.05
917 1494 0.01
917 923 0.05
917 498 0.01
917 4238 0.05
5958 5959 0.05
5960 45 0.05
3541 736 0.01
3541 1691 0.2
3541 934 0.2
3541 1635 0.01
3541 1309 0.2
3541 574 0.01
3541 1308 0.01
3541 701 0.2
3541 739 0.01
3541 741 0.2
3541 84 0.2
3541 1053 0.2
3541 142 0.2
3541 86 0.05
3541 656 0.01
3541 837 0.01
3541 562 0.05
3541 1301 0.05
3541 1586 0.01
3541 2745 0.05
3541 1978 0.01
4153 3193 0.01
5556 1231 0.01
5556 598 0.2
5556 1334 0.01
5556 1125 0.05
5556 1122 0.05
5556 2521 0.01
5556 3204 0.2
5556 5556 0.2
5961 5961 0.01
5030 1135 0.01
2824 2824 0.2
2824 2275 0.05
2824 869 0.2
2824 1177 0.2
2824 1227 0.01
2824 1171 0.01
2824 1229 0.05
2824 5962 0.05
2824 157 0.2
2824 126 0.2
2824 30 0.01
2824 46 0.05
2824 5393 0.05
2016 2601 0.05
2016 2602 0.05
2016 2604 0.05
2016 2605 0.05
2016 2606 0.05
2016 5431 0.01
5963 5963 0.05
5964 5964 0.01
5965 5965 0.05
5965 328 0.05
1117 328 0.05
1117 719 0.01
1117 30 0.05
1117 1072 0.05
1117 466 0.05
1117 306 0.2
1117 1434 0.01
1117 324 0.05
1117 1075 0.05
1117 1020 0.01
1117 174 0.01
1117 1616 0.05
1117 2101 0.05
1117 934 0.05
1117 511 0.01
1117 645 0.05
1117 623 0.2
1117 326 0.01
1117 1087 0.2
1117 1313 0.01
1117 2401 0.2
1117 1082 0.2
1117 323 0.01
1117 882 0.2
1117 1401 0.05
1117 46 0.01
1117 646 0.05
1117 2103 0.2
1117 1076 0.01
1117 351 0.01
1117 1804 0.01
1117 325 0.05
1117 352 0.01
1117 468 0.2
1117 3517 0.01
1117 305 0.01
1117 1753 0.05
1117 172 0.01
1117 1074 0.2
1117 431 0.01
1117 735 0.2
1117 303 0.01
1117 1238 0.05
1117 1356 0.01
1117 1917 0.05
1117 947 0.2
1117 1546 0.2
1117 1476 0.2
1117 827 0.2
1117 349 0.2
1117 1079 0.05
1117 1028 0.2
1117 1081 0.01
1117 1083 0.05
1117 1309 0.05
1117 915 0.05
1117 1021 0.01
1117 577 0.01
1117 3230 0.2
1117 467 0.2
1117 791 0.01
1117 438 0.01
1117 1993 0.2
1117 126 0.2
1117 2972 0.01
1117 2247 0.01
1117 5966 0.05
901 701 0.01
901 902 0.2
901 904 0.2
901 903 0.01
901 898 0.01
901 897 0.05
901 905 0.05
901 899 0.2
3 3 0.01
3 328 0.2
3 2 0.2
3 1 0.05
579 579 0.05
579 2276 0.05
579 46 0.2
579 232 0.01
579 19 0.05
579 3015 0.01
579 2324 0.01
579 1270 0.2
579 893 0.01
579 944 0.05
579 578 0.2
579 887 0.01
579 1091 0.01
579 739 0.01
579 501 0.2
579 759 0.05
579 1800 0.2
579 1754 0.2
579 172 0.2
579 328 0.05
579 2319 0.2
579 1157 0.01
579 214 0.01
579 215 0.01
579 233 0.2
579 362 0.05
579 312 0.05
579 784 0.01
579 2503 0.05
579 1704 0.05
579 1072 0.01
579 764 0.05
579 22 0.05
579 2615 0.05
579 96 0.05
579 2616 0.01
579 13 0.01
579 703 0.2
579 310 0.2
579 2002 0.05
579 822 0.2
579 3316 0.01
579 1756 0.05
579 1839 0.01
579 943 0.01
579 430 0.2
579 205 0.2
579 577 0.01
579 880 0.2
579 791 0.01
579 797 0.05
579 1078 0.2
579 202 0.01
579 265 0.01
579 2954 0.05
579 334 0.05
579 1613 0.2
579 2124 0.2
579 1536 0.01
579 2505 0.05
579 204 0.01
579 290 0.05
579 126 0.2
579 4100 0.01
579 1127 0.2
579 199 0.2
579 4472 0.05
579 658 0.2
579 4353 0.05
579 738 0.2
579 429 0.05
579 92 0.01
579 5490 0.01
579 65 0.2
579 1162 0.01
579 3122 0.01
579 335 0.2
579 276 0.05
579 109 0.01
579 1801 0.01
579 1167 0.01
579 1992 0.01
579 331 0.2
579 1190 0.01
579 191 0.01
579 316 0.2
579 587 0.05
579 53 0.01
579 1166 0.2
579 1936 0.01
579 1047 0.05
579 112 0.2
579 638 0.2
579 584 0.05
579 361 0.2
579 988 0.05
579 513 0.05
579 1844 0.05
579 1123 0.05
579 1171 0.05
579 4397 0.05
579 2284 0.2
579 118 0.05
579 1557 0.01
579 209 0.05
579 511 0.01
579 2732 0.2
579 2733 0.2
579 643 0.05
579 1247 0.05
2806 2806 0.2
2806 5967 0.01
592 592 0.01
592 255 0.05
592 583 0.05
592 362 0.05
592 336 0.2
592 601 0.01
5968 5968 0.01
5968 110 0.01
5968 1222 0.2
5968 290 0.05
5968 647 0.05
667 667 0.05
667 668 0.2
667 328 0.2
667 1082 0.05
667 2291 0.2
667 666 0.05
667 5969 0.01
5970 5970 0.05
4781 4781 0.05
3068 426 0.2
3068 5971 0.05
3068 2622 0.2
3068 3067 0.01
3068 22 0.05
3068 1171 0.01
3068 966 0.05
249 249 0.05
518 1408 0.05
518 2307 0.01
518 2942 0.05
518 121 0.01
518 263 0.2
518 89 0.05
518 2306 0.01
518 946 0.2
518 599 0.05
518 4003 0.05
4696 273 0.2
4696 1126 0.2
4696 764 0.05
4696 2949 0.05
4696 2521 0.2
4696 424 0.2
4696 1171 0.05
4696 1230 0.2
4696 1123 0.05
4696 1068 0.05
4696 640 0.05
4696 1122 0.01
4696 562 0.01
4696 1560 0.2
4696 282 0.01
4696 22 0.2
4696 1231 0.01
4696 1723 0.05
4696 3770 0.2
4696 1177 0.05
4696 3807 0.01
1317 1318 0.01
1317 1316 0.2
1317 242 0.05
1317 1317 0.2
1317 4405 0.05
1317 1319 0.2
1148 2668 0.05
1264 1254 0.2
1264 2227 0.01
1264 5972 0.01
1264 4615 0.01
1264 1711 0.2
1264 642 0.01
1264 5973 0.01
1264 5974 0.01
1264 3316 0.05
1264 1223 0.01
1264 5021 0.2
1264 2790 0.05
1264 1091 0.05
1264 1154 0.05
1264 126 0.05
1264 2081 0.2
1264 1357 0.2
1264 1261 0.05
1264 3755 0.2
1264 1270 0.01
1264 793 0.05
1264 1236 0.2
1264 1263 0.01
1264 62 0.01
1264 5020 0.05
1264 610 0.05
1264 3934 0.05
1264 1258 0.01
1264 1237 0.05
1264 983 0.01
1264 1986 0.05
1264 430 0.01
1264 1318 0.05
1264 5722 0.05
1264 4221 0.01
1264 457 0.01
1264 267 0.01
1264 1339 0.2
1264 2674 0.05
1264 20 0.01
1264 1043 0.2
1264 5624 0.01
1264 776 0.01
1264 157 0.05
1264 1368 0.01
1264 3319 0.01
1264 4227 0.2
1264 2130 0.2
1264 2129 0.01
1264 3228 0.01
1264 328 0.01
1264 716 0.2
1264 3933 0.01
1264 944 0.05
1264 577 0.2
1264 629 0.01
1264 788 0.05
1264 45 0.2
1264 2636 0.01
1264 1265 0.2
1264 2256 0.01
3786 3006 0.01
3786 350 0.2
3786 352 0.2
3786 351 0.05
3786 3572 0.01
3786 2076 0.01
1255 716 0.2
1255 328 0.2
1255 859 0.2
1255 715 0.05
1255 126 0.2
1255 1742 0.05
1255 3257 0.01
1255 711 0.2
1255 349 0.05
1255 2251 0.01
1255 990 0.05
1255 128 0.05
1255 1961 0.2
1255 3424 0.2
1255 13 0.2
530 523 0.2
530 2272 0.05
530 438 0.01
530 525 0.2
530 511 0.01
530 937 0.2
530 391 0.05
530 3475 0.2
530 1489 0.01
530 2512 0.2
530 531 0.2
530 934 0.05
530 5975 0.05
530 490 0.05
530 949 0.05
530 2031 0.2
530 1628 0.2
530 893 0.01
720 578 0.01
720 429 0.05
720 643 0.2
720 1823 0.01
720 2092 0.05
720 428 0.05
720 431 0.05
720 2090 0.05
720 2207 0.05
720 1065 0.05
720 53 0.2
720 1270 0.05
720 2222 0.2
720 1247 0.2
720 1856 0.01
5976 5976 0.05
1239 830 0.2
1239 1239 0.01
1239 1236 0.2
1239 577 0.2
1239 4182 0.2
5977 5977 0.05
971 971 0.01
971 597 0.2
971 271 0.05
5978 5978 0.2
2472 2472 0.01
2984 914 0.2
2984 1065 0.2
2984 4851 0.05
5979 5307 0.2
5980 610 0.01
5980 45 0.2
2989 2989 0.05
2989 2756 0.05
2989 3768 0.2
2989 1605 0.01
5981 739 0.05
5981 426 0.2
5982 5982 0.05
2829 2829 0.01
2829 1500 0.2
2829 499 0.05
4427 4427 0.01
933 2947 0.05
933 172 0.05
933 2271 0.2
933 99 0.01
933 171 0.01
933 912 0.01
933 2647 0.05
650 629 0.05
650 286 0.2
650 1692 0.01
650 1571 0.05
650 918 0.01
650 577 0.2
650 101 0.05
650 193 0.2
650 1768 0.05
650 2772 0.2
5983 5983 0.2
5984 5984 0.2
5985 708 0.2
5985 66 0.01
5985 855 0.05
5985 144 0.01
5985 4034 0.2
5985 1798 0.2
1620 1620 0.05
1620 1618 0.05
1620 1621 0.01
1620 492 0.01
1620 1622 0.2
1620 819 0.2
1620 124 0.01
1620 2784 0.05
1620 791 0.2
1620 683 0.05
1620 708 0.05
1620 919 0.05
1620 399 0.05
5040 5040 0.01
5986 5986 0.01
5987 5987 0.05
2928 2928 0.01
1661 326 0.05
1661 719 0.2
1661 466 0.2
1661 324 0.2
1661 1075 0.05
1661 1401 0.01
1661 1028 0.2
1661 2094 0.01
1661 304 0.05
1661 543 0.2
1661 934 0.05
1661 329 0.01
1661 174 0.2
1661 351 0.2
1661 286 0.05
1661 1847 0.2
1661 2703 0.2
1661 327 0.2
1661 912 0.2
1661 438 0.2
1661 46 0.05
1661 529 0.2
1661 248 0.01
1661 325 0.05
1661 5503 0.05
1498 784 0.2
1498 1498 0.05
1498 2757 0.01
1498 658 0.01
1498 677 0.2
1498 4539 0.2
1498 2327 0.2
1498 1488 0.2
1498 526 0.05
1498 1371 0.01
1498 5363 0.2
1498 5926 0.05
1498 1113 0.2
1498 1483 0.2
1498 9 0.05
1498 70 0.05
282 1123 0.01
282 46 0.01
282 22 0.2
282 30 0.05
282 1134 0.05
282 51 0.01
282 1020 0.2
282 719 0.2
282 303 0.01
282 1117 0.2
282 1125 0.2
282 764 0.01
282 2062 0.01
282 332 0.2
282 331 0.01
282 2521 0.2
282 1171 0.01
282 3770 0.01
282 2420 0.05
282 333 0.2
282 695 0.2
282 696 0.01
282 1723 0.05
282 637 0.05
282 1231 0.05
282 3385 0.2
282 1560 0.01
282 3010 0.01
282 855 0.2
282 697 0.01
282 1337 0.05
5988 5988 0.05
2742 2742 0.2
148 148 0.01
148 1912 0.2
148 1270 0.2
148 271 0.2
148 1548 0.01
3610 3610 0.01
3610 1650 0.2
3610 588 0.01
3610 2777 0.01
3610 3609 0.01
3610 1229 0.01
3610 1591 0.05
5989 5989 0.01
5990 5990 0.01
5990 925 0.2
5991 5991 0.05
5992 5992 0.01
5359 5359 0.01
5359 2317 0.01
2664 2664 0.2
2664 944 0.01
2664 62 0.01
2664 1254 0.2
2664 45 0.01
2664 610 0.05
2664 2754 0.01
2664 5420 0.01
5993 5993 0.01
1559 1430 0.01
1559 30 0.01
1559 1171 0.05
1559 1154 0.2
5994 45 0.2
405 739 0.01
405 856 0.2
405 736 0.01
405 46 0.05
405 30 0.01
405 1116 0.2
405 353 0.2
405 801 0.01
405 1307 0.01
405 1799 0.01
405 90 0.05
405 835 0.01
405 741 0.01
405 1693 0.01
405 859 0.01
405 86 0.2
405 836 0.2
405 84 0.05
405 1628 0.05
405 648 0.01
405 2237 0.01
405 1435 0.01
405 286 0.01
405 326 0.2
405 719 0.05
405 506 0.2
405 445 0.01
405 436 0.01
405 440 0.01
405 328 0.2
405 576 0.05
405 175 0.05
405 22 0.2
405 853 0.05
405 142 0.05
405 1688 0.2
405 789 0.2
405 584 0.2
405 738 0.01
405 1454 0.01
405 1452 0.2
405 106 0.01
405 91 0.2
405 97 0.01
405 855 0.2
405 2213 0.2
405 1694 0.2
405 701 0.2
405 1097 0.01
405 1818 0.05
405 1023 0.05
405 4329 0.05
405 303 0.01
405 434 0.01
405 5995 0.05
405 2238 0.05
405 1546 0.2
405 1075 0.01
405 3186 0.05
405 714 0.01
405 438 0.2
405 1428 0.05
405 349 0.01
405 737 0.05
405 1847 0.01
405 1692 0.05
405 643 0.05
405 555 0.2
405 441 0.05
405 3099 0.05
405 1898 0.05
405 318 0.2
405 1086 0.01
405 327 0.01
405 351 0.05
405 1081 0.2
405 104 0.01
405 1024 0.2
405 305 0.2
405 1309 0.2
405 577 0.05
405 1089 0.01
405 1176 0.01
405 1247 0.05
405 2660 0.01
405 1298 0.2
405 1893 0.01
405 290 0.01
405 797 0.05
405 3138 0.01
405 3281 0.01
405 916 0.2
405 1490 0.01
405 1343 0.2
405 2356 0.2
405 1119 0.2
405 1037 0.2
405 837 0.01
405 1895 0.2
405 641 0.2
405 172 0.01
405 400 0.05
405 2473 0.2
405 1711 0.2
405 2361 0.2
405 813 0.2
5996 5996 0.01
5996 1494 0.01
5996 3995 0.01
5996 328 0.01
5997 5997 0.01
5998 5998 0.05
5999 5999 0.2
2265 2265 0.2
2265 1153 0.01
2265 1378 0.01
2265 157 0.05
2265 846 0.2
2265 4209 0.2
2265 4744 0.01
2265 708 0.01
2265 2847 0.05
2265 142 0.2
2265 805 0.01
2265 2141 0.2
2265 718 0.01
2265 3814 0.01
2265 1373 0.2
2265 2264 0.2
2265 329 0.05
2265 714 0.01
2265 1492 0.2
2265 1383 0.05
2265 1846 0.05
2265 428 0.01
2265 678 0.05
2265 2904 0.01
2265 46 0.2
2265 22 0.01
2265 431 0.01
2265 5495 0.01
2265 597 0.01
2265 674 0.01
2265 2056 0.01
2265 780 0.05
2265 126 0.05
2265 324 0.2
2265 1399 0.05
3613 3613 0.2
652 1082 0.05
652 1123 0.01
652 858 0.2
652 118 0.2
652 46 0.01
652 426 0.01
652 764 0.05
652 286 0.05
652 1218 0.2
652 2453 0.01
652 1210 0.01
652 1499 0.2
652 2454 0.01
652 105 0.05
652 1212 0.05
652 2456 0.2
652 3642 0.01
652 2289 0.01
652 377 0.05
652 290 0.05
652 659 0.2
652 110 0.2
652 3335 0.05
652 1222 0.2
652 2278 0.01
652 1479 0.2
652 2457 0.01
652 2458 0.01
652 2461 0.05
652 748 0.01
652 1214 0.05
652 746 0.01
652 1215 0.2
652 2459 0.05
652 1219 0.05
652 79 0.01
652 1205 0.05
652 747 0.05
652 1213 0.01
652 1605 0.01
652 2460 0.01
652 749 0.01
652 743 0.01
652 3216 0.2
652 2501 0.2
652 3749 0.05
652 647 0.01
652 3147 0.05
652 2410 0.2
652 1343 0.05
652 3645 0.01
6000 6000 0.2
6000 1020 0.01
6000 1961 0.05
19 893 0.2
19 3190 0.01
19 198 0.05
19 2570 0.01
19 4660 0.01
19 3276 0.2
19 1390 0.2
19 985 0.05
19 1113 0.01
19 1938 0.01
19 19 0.2
19 252 0.05
19 81 0.01
19 704 0.05
19 2506 0.05
19 948 0.05
19 2097 0.01
19 1137 0.2
19 3088 0.05
19 195 0.2
19 2721 0.05
19 2302 0.01
19 1360 0.2
19 1650 0.05
19 2021 0.05
19 1391 0.05
19 2089 0.05
19 4628 0.01
19 4629 0.01
19 599 0.05
19 788 0.2
19 4073 0.05
19 93 0.05
19 960 0.05
19 987 0.2
19 923 0.05
19 972 0.01
19 98 0.2
19 3319 0.01
19 5664 0.2
19 3729 0.2
19 378 0.2
19 1091 0.01
19 263 0.01
19 5524 0.2
19 269 0.05
19 2306 0.05
19 973 0.05
19 255 0.2
19 1223 0.05
19 1333 0.01
19 5544 0.05
19 1522 0.2
19 2127 0.01
19 2535 0.05
19 967 0.05
19 4516 0.2
19 3187 0.01
19 6001 0.01
19 2182 0.05
19 2656 0.01
19 194 0.05
19 2860 0.01
19 773 0.05
19 989 0.2
19 3820 0.2
19 533 0.05
19 1170 0.01
19 2270 0.2
19 1034 0.01
19 2508 0.2
19 1057 0.01
19 930 0.2
19 357 0.01
19 3856 0.01
19 376 0.2
19 1625 0.2
19 3400 0.01
19 1042 0.01
19 4878 0.01
19 4844 0.05
19 3032 0.01
19 604 0.01
19 965 0.01
19 1064 0.01
19 997 0.01
19 4880 0.05
19 1556 0.01
19 1164 0.05
19 2185 0.01
19 241 0.05
19 1028 0.2
19 784 0.01
19 928 0.01
19 5517 0.2
19 4942 0.2
19 1425 0.01
19 1069 0.05
19 2523 0.01
19 1671 0.01
19 617 0.05
19 3402 0.01
19 4379 0.05
19 1961 0.05
19 1495 0.01
19 1964 0.01
19 552 0.2
19 924 0.05
19 17 0.2
19 4886 0.2
19 2539 0.05
19 15 0.05
19 3534 0.01
19 745 0.2
5161 5161 0.01
5161 148 0.05
5161 1912 0.01
5161 286 0.2
5161 357 0.05
5161 1052 0.05
5161 175 0.2
5161 3152 0.05
5161 860 0.05
5161 857 0.2
5161 1301 0.05
159 555 0.2
159 1603 0.2
159 845 0.05
159 4564 0.01
6002 3396 0.2
6003 175 0.2
6003 46 0.01
6003 2207 0.01
6003 429 0.05
6003 126 0.01
2212 2212 0.05
2212 46 0.2
2212 30 0.2
2212 719 0.2
2212 431 0.01
2212 2529 0.05
2212 528 0.2
2212 429 0.05
2212 1190 0.2
6004 6004 0.2
6004 286 0.01
2199 2199 0.01
2199 22 0.2
2199 16 0.2
2199 5256 0.2
2199 2945 0.01
2199 1284 0.2
2199 3872 0.01
2199 573 0.01
2199 3316 0.01
2199 538 0.05
2199 3050 0.05
2199 787 0.2
2199 5388 0.05
2199 3031 0.05
2199 1567 0.2
2199 5905 0.05
2199 4580 0.05
2199 1963 0.05
2199 6005 0.05
2199 2195 0.01
6006 30 0.2
6006 126 0.05
6006 46 0.01
1080 30 0.05
1080 328 0.2
1080 1087 0.05
1080 934 0.2
1080 34 0.01
1080 4400 0.01
1080 1495 0.05
6007 6007 0.01
6008 6008 0.2
3234 323 0.01
2448 2448 0.01
2448 2444 0.05
2448 2445 0.05
2448 2447 0.05
2448 2446 0.05
2448 786 0.01
2448 837 0.05
2448 1565 0.05
2448 801 0.01
2448 1278 0.01
2448 2750 0.01
2448 536 0.2
2448 2887 0.01
2448 5809 0.2
2448 142 0.01
2448 9 0.05
2448 1379 0.2
2014 584 0.05
2014 632 0.01
2014 1407 0.05
2014 4026 0.05
3141 46 0.2
3141 3141 0.01
3141 1484 0.05
3141 1090 0.05
3141 1075 0.2
3141 1602 0.01
3141 324 0.05
3141 1516 0.01
3141 353 0.2
3141 1151 0.01
1408 1408 0.01
2679 2679 0.2
2679 614 0.05
2679 747 0.2
2679 647 0.2
6009 6009 0.2
6010 121 0.2
255 34 0.01
255 255 0.2
255 30 0.05
255 46 0.2
255 385 0.2
255 584 0.2
255 719 0.05
255 31 0.01
255 324 0.05
255 583 0.2
255 362 0.2
255 328 0.05
255 29 0.01
255 32 0.05
255 591 0.01
255 33 0.2
255 28 0.2
255 345 0.01
255 327 0.01
255 3380 0.2
255 638 0.2
255 3121 0.05
255 807 0.2
255 511 0.05
255 913 0.2
255 827 0.2
255 753 0.01
255 111 0.01
255 271 0.2
255 39 0.05
255 1136 0.01
255 1926 0.2
255 592 0.01
255 1671 0.2
255 94 0.2
255 599 0.05
255 19 0.2
255 3316 0.05
255 1087 0.01
255 268 0.2
255 944 0.2
255 4046 0.2
255 298 0.05
255 810 0.05
255 764 0.05
255 172 0.2
255 934 0.05
255 112 0.05
255 22 0.01
255 1116 0.2
255 524 0.05
255 915 0.01
255 804 0.2
255 1798 0.2
255 35 0.01
255 26 0.05
255 113 0.2
255 2002 0.05
255 888 0.2
255 523 0.05
255 89 0.01
255 4236 0.2
255 545 0.01
255 830 0.2
255 992 0.01
255 242 0.2
255 1535 0.2
255 958 0.2
255 577 0.05
255 98 0.2
255 593 0.05
255 711 0.05
255 751 0.01
255 157 0.01
255 525 0.05
255 191 0.01
255 336 0.05
255 631 0.01
255 630 0.01
255 887 0.05
255 2141 0.01
255 766 0.05
255 767 0.2
255 322 0.01
255 1361 0.01
255 1313 0.01
255 6011 0.05
255 1020 0.05
255 4958 0.01
255 4183 0.01
6012 6012 0.05
6012 6013 0.01
6014 6014 0.01
6015 802 0.05
6015 431 0.2
6015 739 0.01
6015 1691 0.01
6015 2214 0.05
6015 784 0.05
6015 1065 0.2
6015 46 0.01
6015 113 0.05
6015 175 0.2
6015 3887 0.05
6016 6016 0.01
6017 6017 0.05
6018 6018 0.01
6019 3225 0.05
6019 43 0.01
6019 1489 0.2
6019 440 0.2
6019 6019 0.05
6019 649 0.01
1363 597 0.01
1363 708 0.01
1363 2795 0.05
1363 719 0.05
1363 597 0.01
1363 3445 0.05
1363 30 0.05
6020 6020 0.05
1899 2002 0.05
1899 923 0.05
1899 2522 0.2
1899 3316 0.01
1899 1393 0.2
1899 6021 0.2
1899 973 0.05
1899 271 0.01
1899 1522 0.05
1899 3397 0.05
1899 2127 0.01
1899 303 0.01
1899 518 0.01
1899 89 0.01
1899 513 0.05
1899 103 0.05
1899 1535 0.05
1899 952 0.2
1899 1819 0.05
1899 751 0.05
1899 242 0.2
1899 606 0.05
1899 2131 0.05
1899 857 0.2
1899 860 0.05
1899 1998 0.01
1899 3028 0.01
1899 3407 0.2
1899 461 0.2
725 442 0.2
725 1823 0.2
725 2091 0.05
725 6022 0.01
1585 46 0.2
1585 564 0.05
1585 582 0.05
1585 1585 0.01
1585 30 0.2
1585 9 0.01
1585 791 0.05
1585 2217 0.01
1585 126 0.01
1585 762 0.2
1585 751 0.01
1585 641 0.01
1585 2202 0.05
1585 285 0.05
1585 2218 0.05
1585 303 0.2
1585 304 0.2
1585 348 0.01
1585 191 0.05
1585 215 0.2
1585 307 0.05
1585 324 0.05
1585 103 0.01
1585 157 0.2
1585 593 0.2
1585 1 0.2
1585 805 0.05
1585 346 0.01
1585 1243 0.05
1585 1242 0.05
1585 844 0.2
1585 780 0.01
1585 3288 0.05
6023 6023 0.01
1523 1523 0.2
1523 1047 0.2
1523 806 0.2
6024 6024 0.2
1521 46 0.05
1521 385 0.05
1521 438 0.2
1521 30 0.2
1521 44 0.01
1521 584 0.05
1521 327 0.01
1521 719 0.01
1521 1020 0.01
1521 329 0.05
1521 175 0.05
1521 623 0.01
1521 286 0.05
1521 559 0.05
1521 1086 0.2
1521 2333 0.01
1521 1309 0.2
1521 242 0.01
1521 1187 0.05
1521 806 0.05
1521 788 0.2
1521 1000 0.01
1521 1650 0.2
1521 1846 0.01
1521 4432 0.01
1521 3382 0.05
1521 1126 0.05
1521 328 0.2
1521 107 0.01
1521 194 0.05
1521 514 0.05
1521 760 0.2
1521 45 0.01
1521 469 0.01
1521 157 0.01
1521 17 0.2
1521 1219 0.2
1521 3389 0.01
1521 1201 0.01
1521 1642 0.05
1521 1366 0.05
1521 1964 0.05
1521 5180 0.01
1521 166 0.2
1521 2173 0.05
1521 461 0.2
1521 4749 0.2
1521 34 0.2
1521 4029 0.05
1521 7 0.01
1521 2316 0.05
1521 1153 0.01
1521 3840 0.2
1521 2195 0.01
1521 4748 0.2
1521 1978 0.01
5239 5239 0.05
2436 2434 0.2
6025 6025 0.05
775 9 0.01
775 610 0.05
775 597 0.05
775 328 0.2
775 62 0.2
775 92 0.2
775 888 0.05
775 4100 0.01
775 400 0.2
775 437 0.01
775 165 0.05
775 768 0.2
775 1384 0.2
2198 1126 0.05
2198 1176 0.01
2198 658 0.2
2198 429 0.05
2198 852 0.05
2198 1211 0.2
2198 1031 0.01
2098 2097 0.01
2098 2099 0.01
6026 6026 0.2
6026 286 0.05
6026 175 0.2
6026 428 0.2
559 559 0.2
559 557 0.01
5308 407 0.05
1041 1041 0.05
1041 215 0.01
1041 739 0.05
1041 1343 0.01
1041 506 0.05
1041 445 0.05
1041 118 0.01
1041 434 0.05
1041 1024 0.2
1041 46 0.01
1041 710 0.01
1041 2238 0.01
1041 1546 0.01
1041 1075 0.05
1041 2941 0.01
1041 714 0.01
1041 5 0.2
1041 4067 0.01
1041 647 0.01
1041 305 0.05
1041 44 0.01
1041 747 0.01
1041 1123 0.05
1041 1847 0.01
1041 746 0.01
1041 22 0.05
1041 719 0.01
1041 353 0.2
1041 1583 0.2
1041 1020 0.2
1041 329 0.05
1041 405 0.2
1041 1799 0.01
1041 4 0.2
1041 175 0.01
1041 431 0.01
1041 286 0.01
1041 801 0.01
1041 119 0.2
1041 2667 0.05
1041 389 0.01
1041 3287 0.05
1041 2097 0.2
1778 1569 0.2
1778 612 0.2
1778 1562 0.2
1778 2625 0.05
1778 375 0.01
1778 3124 0.05
1778 110 0.01
1778 2268 0.05
1778 2269 0.2
1778 5146 0.05
1778 4513 0.05
952 9 0.2
952 757 0.2
2923 2923 0.2
2923 2922 0.05
2923 2921 0.2
2923 4397 0.05
2923 345 0.01
4783 4783 0.01
4783 1938 0.01
356 643 0.2
356 2276 0.01
356 30 0.05
356 1195 0.01
356 764 0.05
356 1765 0.05
356 231 0.01
356 356 0.05
356 357 0.05
356 1185 0.01
356 584 0.2
356 40 0.05
356 1028 0.01
356 232 0.05
356 928 0.01
356 579 0.01
356 257 0.2
356 556 0.2
356 5872 0.05
2775 2775 0.01
2775 3409 0.2
2775 1963 0.05
2775 2783 0.2
2775 399 0.05
2775 2774 0.01
6027 6027 0.2
6028 6028 0.2
6029 6029 0.05
6030 6030 0.2
1464 1407 0.2
1312 1312 0.2
1312 90 0.2
1312 329 0.05
1312 837 0.05
1312 163 0.05
1312 1517 0.2
1312 1452 0.05
1312 572 0.2
1312 328 0.05
1312 789 0.01
1312 86 0.05
1312 855 0.2
1312 1925 0.2
1312 1514 0.2
1290 1009 0.01
1290 576 0.2
1290 910 0.01
6031 6031 0.01
6032 6032 0.05
748 748 0.05
748 1222 0.05
748 137 0.05
6033 6033 0.2
1313 30 0.05
1313 2102 0.2
1313 646 0.2
1313 610 0.2
6034 6034 0.2
6035 6035 0.01
4004 4004 0.05
4004 157 0.05
4004 983 0.05
4004 3409 0.01
4465 6036 0.05
4465 1247 0.05
1598 1598 0.2
1598 696 0.2
6037 1849 0.01
6037 1643 0.01
6037 1201 0.05
6037 542 0.2
6037 1165 0.01
6037 3032 0.2
6037 2313 0.05
6037 2216 0.2
6037 619 0.2
6038 6038 0.2
6038 2201 0.01
6039 5767 0.05
842 842 0.01
842 844 0.05
842 2002 0.01
842 843 0.2
842 306 0.01
842 1717 0.01
842 780 0.05
842 34 0.05
3803 30 0.2
3803 328 0.01
3803 324 0.01
3803 1020 0.2
3803 645 0.05
3803 1313 0.2
3803 1433 0.2
3803 1356 0.05
3803 4091 0.2
3803 349 0.2
3803 1079 0.05
3803 1076 0.05
3803 1495 0.2
3803 1798 0.01
3803 1754 0.2
3803 492 0.05
3803 1616 0.01
3803 719 0.05
3803 511 0.05
3803 1028 0.2
3803 1437 0.05
3803 830 0.05
1042 1042 0.01
1042 1533 0.05
1042 991 0.05
1042 1016 0.01
1042 1034 0.01
1042 598 0.01
1042 1408 0.01
3408 572 0.01
3408 3408 0.2
3408 2549 0.05
3408 194 0.01
3408 1450 0.05
3408 624 0.01
3408 2615 0.2
3408 4663 0.01
3408 2051 0.05
3408 6040 0.05
1734 1734 0.2
1734 1968 0.05
1734 3538 0.01
1734 2182 0.2
1734 1731 0.01
1734 1142 0.01
6041 6041 0.05
6041 757 0.05
6042 6042 0.2
4648 173 0.05
4648 646 0.01
4648 652 0.2
6043 6043 0.05
6043 1147 0.2
737 46 0.2
737 1075 0.01
737 1428 0.05
737 30 0.05
737 328 0.05
737 1759 0.01
737 352 0.05
737 666 0.01
737 918 0.05
737 71 0.2
737 736 0.01
737 434 0.05
737 2157 0.05
737 2805 0.2
737 303 0.2
737 348 0.05
737 584 0.01
737 648 0.05
737 656 0.2
737 86 0.05
737 789 0.2
737 84 0.05
737 1628 0.05
737 1246 0.05
737 230 0.01
737 240 0.05
737 1551 0.05
737 1245 0.2
737 44 0.2
737 62 0.2
737 167 0.05
737 813 0.2
737 577 0.2
737 1116 0.01
737 695 0.05
737 1247 0.01
737 1711 0.01
737 1160 0.01
737 65 0.05
737 400 0.2
737 654 0.2
737 3082 0.05
737 405 0.05
737 2538 0.05
737 610 0.2
737 1237 0.2
737 1249 0.01
6044 6044 0.01
6045 6045 0.2
6046 103 0.05
6046 6046 0.05
6047 6047 0.01
6048 6048 0.01
3467 1490 0.05
3467 346 0.2
3467 1845 0.2
3467 1846 0.01
3467 1492 0.2
3467 1848 0.05
3467 1491 0.2
3467 3467 0.2
3467 1527 0.05
3467 1502 0.05
3467 1356 0.01
6049 6049 0.01
1644 30 0.2
1644 3116 0.05
1644 102 0.05
1644 1644 0.05
1644 648 0.2
1644 91 0.2
1644 789 0.2
1644 739 0.2
1644 142 0.01
1644 738 0.01
1644 736 0.01
1644 835 0.01
1644 327 0.2
1644 1690 0.2
1644 46 0.05
1644 584 0.05
1644 1176 0.01
1644 1663 0.05
1644 345 0.01
1644 106 0.01
1644 2376 0.2
1644 837 0.05
1644 1635 0.01
1644 329 0.05
1644 1754 0.2
1644 893 0.2
1644 22 0.01
1644 2600 0.01
6050 6050 0.05
1882 1882 0.01
1882 292 0.05
5484 1385 0.2
5484 375 0.2
5484 1562 0.05
5484 5484 0.05
2616 30 0.05
2616 328 0.01
2616 324 0.2
2616 577 0.2
2616 326 0.05
2616 1434 0.01
2616 349 0.2
2616 352 0.01
2616 174 0.2
2616 1428 0.2
2616 1123 0.05
2616 642 0.05
2616 1243 0.2
2616 1495 0.01
2616 282 0.05
2616 46 0.01
2616 2942 0.2
2616 172 0.05
2616 1996 0.05
2616 719 0.01
2616 348 0.05
2616 943 0.01
2616 764 0.2
2616 2656 0.05
2616 973 0.2
2616 923 0.01
2616 974 0.01
2616 1711 0.05
2616 813 0.01
6051 6051 0.2
6052 6052 0.05
6053 6053 0.01
1766 51 0.01
1766 331 0.05
1766 49 0.01
1766 282 0.01
1766 335 0.05
1766 4526 0.05
1766 53 0.01
1766 637 0.01
1766 3591 0.2
1766 3592 0.2
1766 4643 0.05
2950 5013 0.2
6054 6054 0.05
5386 5386 0.01
5386 224 0.05
5386 3242 0.01
6055 6055 0.2
6056 6056 0.01
1133 1133 0.2
1133 1616 0.05
1133 797 0.05
1133 735 0.2
1133 511 0.01
1133 174 0.2
1133 46 0.01
1133 1075 0.2
1133 1073 0.2
1133 1495 0.01
1133 1476 0.05
1133 349 0.01
1133 30 0.2
1133 1117 0.2
1133 324 0.01
1133 791 0.05
1133 645 0.01
1133 934 0.05
1133 1356 0.01
1133 328 0.01
1133 1436 0.01
1133 1081 0.2
1133 719 0.2
1133 915 0.01
1133 351 0.01
1133 1020 0.2
1133 1437 0.05
1133 352 0.05
1133 326 0.05
1133 172 0.01
1133 1074 0.2
1133 1086 0.2
1133 623 0.05
1133 577 0.01
1133 468 0.05
1133 1798 0.2
1133 1022 0.05
1133 1720 0.01
1133 638 0.2
1133 2210 0.01
1133 1894 0.2
1133 318 0.01
1133 437 0.2
1133 348 0.2
1133 1927 0.01
198 197 0.01
198 196 0.01
198 199 0.05
198 204 0.2
198 203 0.2
198 200 0.01
198 205 0.2
198 195 0.01
244 244 0.2
2076 303 0.01
2076 352 0.01
2076 351 0.2
2076 2307 0.01
2076 4146 0.05
2076 350 0.05
2076 3006 0.2
2076 1211 0.2
2076 171 0.05
2076 3669 0.05
2076 6057 0.05
2076 3572 0.05
2076 2587 0.05
2076 176 0.01
6058 70 0.05
6059 6059 0.05
1916 1916 0.05
1916 34 0.05
1916 1085 0.05
2569 2569 0.05
2569 2985 0.05
2569 1437 0.05
2569 1751 0.05
2569 886 0.2
2569 353 0.01
2569 1073 0.01
2569 1020 0.05
2569 345 0.2
2569 658 0.01
2929 2929 0.2
2929 271 0.05
2929 597 0.2
2929 2410 0.05
2929 565 0.01
2929 960 0.05
4805 4805 0.2
4805 546 0.2
4805 2214 0.01
4805 780 0.01
5012 5437 0.01
5012 3002 0.01
5012 2267 0.05
632 1703 0.2
632 2014 0.01
632 1009 0.2
632 2443 0.05
632 944 0.05
632 597 0.01
632 1738 0.01
632 54 0.01
632 1740 0.2
632 46 0.2
632 1393 0.2
632 157 0.01
632 92 0.01
632 53 0.2
632 335 0.01
632 1240 0.01
632 5072 0.2
632 1745 0.01
632 1739 0.01
632 44 0.05
632 438 0.2
632 1746 0.2
632 653 0.01
632 4902 0.05
632 165 0.2
632 4198 0.2
632 923 0.05
632 121 0.05
632 1237 0.2
632 48 0.01
632 66 0.05
632 126 0.01
632 614 0.01
632 4674 0.05
632 613 0.05
632 1092 0.01
632 429 0.05
632 296 0.01
632 80 0.05
632 362 0.01
632 2042 0.05
632 1741 0.05
632 1910 0.05
632 1906 0.2
632 1893 0.01
632 215 0.05
632 1743 0.2
632 1744 0.01
632 717 0.2
632 1962 0.05
632 1245 0.05
632 2232 0.2
632 3412 0.05
632 2240 0.05
632 1747 0.01
632 2165 0.01
632 1447 0.05
632 437 0.05
632 2655 0.2
632 2706 0.01
632 4006 0.2
632 2166 0.05
2103 328 0.2
2103 324 0.01
2103 719 0.05
2103 1117 0.2
2103 326 0.2
2103 645 0.05
2103 1075 0.01
2103 323 0.01
2103 934 0.01
2103 1434 0.2
2103 30 0.05
2103 1633 0.01
2103 1020 0.05
2103 1082 0.2
2103 577 0.05
2103 1072 0.05
2103 558 0.01
2103 352 0.05
2103 1076 0.01
2103 466 0.2
2103 3233 0.01
1125 801 0.01
1125 282 0.01
1125 1122 0.2
1125 770 0.05
1125 118 0.2
1125 22 0.2
1125 1124 0.01
1125 426 0.05
1125 424 0.05
1125 30 0.01
4425 4425 0.01
4425 1692 0.05
4425 641 0.2
4425 506 0.01
4425 323 0.2
4425 46 0.05
4425 350 0.2
4425 1075 0.2
704 703 0.2
704 702 0.01
704 705 0.2
4623 4623 0.2
4623 920 0.2
2258 2258 0.2
2258 3625 0.05
2258 1531 0.2
2258 5869 0.05
2258 721 0.01
2258 1525 0.05
2258 778 0.2
2258 1436 0.2
2258 4468 0.05
2258 709 0.2
5205 5205 0.2
5205 282 0.01
5205 332 0.2
5205 30 0.2
5205 175 0.2
5205 1142 0.2
919 919 0.05
919 111 0.05
919 4003 0.05
919 1832 0.2
919 757 0.05
919 1021 0.05
919 988 0.05
919 199 0.05
919 113 0.05
919 356 0.01
919 265 0.01
919 605 0.2
919 2005 0.01
919 1703 0.01
919 592 0.05
919 948 0.01
919 2535 0.05
919 711 0.01
919 1827 0.05
919 917 0.01
919 4629 0.2
919 1091 0.2
919 593 0.05
919 5544 0.05
919 263 0.2
919 893 0.05
919 4954 0.05
919 1522 0.05
919 971 0.05
919 953 0.01
919 5764 0.01
919 107 0.2
919 194 0.2
919 157 0.05
919 242 0.05
919 996 0.2
919 1304 0.2
919 2732 0.05
919 813 0.01
919 173 0.01
919 620 0.2
919 399 0.05
919 1163 0.05
919 613 0.05
919 548 0.01
919 603 0.2
919 140 0.2
6060 6060 0.2
4782 4782 0.01
6061 6061 0.05
6062 6062 0.05
186 1417 0.01
186 1622 0.2
186 779 0.05
186 2482 0.01
186 780 0.2
186 126 0.01
186 1970 0.2
186 5960 0.2
186 2149 0.01
186 6063 0.01
186 773 0.2
186 546 0.05
186 2122 0.2
510 510 0.01
510 44 0.05
510 297 0.05
510 13 0.2
510 232 0.01
510 586 0.2
5272 5272 0.05
5447 5447 0.01
5447 175 0.05
5447 720 0.2
5447 46 0.05
1909 1909 0.01
1909 1189 0.2
1909 194 0.01
1909 3565 0.01
1909 1906 0.05
1909 1533 0.01
1909 175 0.01
335 332 0.2
335 282 0.05
335 51 0.01
335 331 0.2
335 49 0.05
335 3786 0.2
335 144 0.2
335 210 0.01
335 324 0.2
335 729 0.2
335 53 0.01
335 637 0.05
335 1764 0.05
335 1451 0.05
335 807 0.05
335 349 0.05
335 3591 0.01
335 1766 0.05
335 3592 0.05
335 209 0.05
335 2124 0.2
335 61 0.01
335 333 0.2
335 334 0.2
335 695 0.2
335 3384 0.2
335 4147 0.01
335 864 0.01
335 251 0.2
335 207 0.05
335 720 0.05
335 336 0.2
335 1668 0.2
335 328 0.05
335 85 0.01
335 1092 0.05
335 289 0.2
335 191 0.01
335 48 0.05
335 1366 0.05
335 4022 0.2
335 100 0.2
335 165 0.01
335 4342 0.05
335 330 0.05
335 1024 0.2
335 75 0.05
335 4167 0.01
335 3855 0.2
6064 6064 0.05
6064 30 0.05
6064 555 0.05
6064 1495 0.2
5555 5555 0.05
5555 46 0.01
5555 576 0.05
5555 647 0.05
5555 30 0.2
5555 329 0.2
5555 175 0.05
5555 286 0.01
5555 328 0.2
5555 1227 0.01
5555 2984 0.05
6065 6065 0.2
6065 46 0.01
6065 883 0.05
6066 6066 0.05
6067 6067 0.05
727 30 0.2
727 346 0.01
727 719 0.05
727 46 0.2
727 1798 0.05
727 1049 0.05
727 1490 0.01
727 492 0.2
727 438 0.05
727 513 0.01
727 174 0.01
727 1020 0.01
727 1309 0.01
727 349 0.2
727 126 0.05
727 1495 0.05
727 898 0.01
727 1952 0.01
727 1953 0.01
727 1954 0.05
727 1955 0.05
727 1956 0.01
727 1988 0.2
727 6068 0.01
727 2233 0.05
727 6069 0.05
727 782 0.2
727 625 0.05
727 2434 0.01
727 2149 0.2
727 45 0.01
727 1391 0.01
727 1375 0.01
727 2638 0.2
727 1978 0.2
727 1872 0.05
727 6070 0.2
727 261 0.05
727 1384 0.2
727 1416 0.05
727 774 0.2
727 597 0.2
727 348 0.05
727 990 0.2
727 1840 0.05
727 768 0.2
727 1377 0.05
727 1930 0.2
727 610 0.05
727 897 0.2
727 2352 0.2
727 328 0.2
727 961 0.2
727 1370 0.05
727 186 0.2
727 214 0.01
727 1981 0.01
727 1662 0.2
727 20 0.05
727 1777 0.01
727 1373 0.01
727 1178 0.05
727 699 0.01
727 1742 0.05
727 1398 0.2
727 2350 0.01
727 2464 0.05
727 1920 0.2
727 3802 0.01
727 2911 0.05
1306 3117 0.2
1306 739 0.01
1306 84 0.01
1306 102 0.05
1306 1659 0.2
1306 792 0.2
1306 1053 0.01
1306 736 0.05
1306 3491 0.05
1306 855 0.01
1306 740 0.01
1306 2799 0.01
1306 1693 0.01
1306 2629 0.01
1306 834 0.05
1306 1304 0.05
1306 91 0.05
1306 5064 0.2
1306 679 0.2
1306 716 0.01
1306 2277 0.01
1306 1929 0.05
1306 165 0.05
1306 2993 0.01
6071 6071 0.01
6072 6072 0.2
2744 2744 0.01
2744 142 0.2
6073 1589 0.2
6073 2685 0.05
6073 2861 0.01
6073 2997 0.05
6073 1682 0.2
6073 547 0.2
6073 1191 0.01
6073 3178 0.2
2216 2216 0.05
2216 582 0.2
2216 405 0.05
2216 743 0.01
2216 2517 0.05
2216 2323 0.01
2216 429 0.05
2216 536 0.01
2216 46 0.01
2216 736 0.01
2216 2141 0.01
2216 1311 0.05
2216 4580 0.01
2216 837 0.05
2216 437 0.05
2216 595 0.05
6074 712 0.01
6074 1077 0.2
6074 6075 0.2
6074 2100 0.05
6074 2273 0.05
6074 6076 0.05
6074 480 0.05
5403 22 0.05
6077 6077 0.2
6078 6078 0.2
6078 722 0.05
6079 129 0.01
6079 1315 0.2
1409 2261 0.2
1409 1409 0.05
1409 1400 0.01
1409 859 0.01
1409 142 0.05
1409 46 0.01
1409 837 0.2
1409 1696 0.01
1409 53 0.01
1077 1077 0.2
6080 6080 0.01
475 1012 0.05
475 1430 0.01
475 328 0.01
475 2662 0.01
5268 5268 0.01
5268 1823 0.05
5268 429 0.2
5268 2207 0.01
5268 1191 0.2
5268 431 0.05
5268 2208 0.05
5268 2069 0.2
5268 725 0.05
5268 2091 0.01
6081 6081 0.2
6081 6082 0.05
2949 2420 0.01
2949 640 0.2
2949 22 0.2
2949 2521 0.01
2949 282 0.05
2949 764 0.05
2949 1125 0.01
2949 770 0.01
2949 1123 0.2
2949 1230 0.2
2949 273 0.2
2949 2806 0.01
2949 1068 0.01
2949 207 0.01
6083 6083 0.2
5127 328 0.01
2726 34 0.2
2726 3103 0.05
2726 2726 0.2
2726 327 0.2
2726 5666 0.2
2726 501 0.2
2726 4395 0.05
2726 3708 0.2
2726 1335 0.2
2726 1921 0.05
2726 2946 0.01
2726 734 0.2
2726 172 0.01
2726 1028 0.2
2726 286 0.05
2726 345 0.01
2726 1421 0.2
2726 6084 0.2
2726 1009 0.01
2726 498 0.2
2726 355 0.01
3386 1547 0.01
3386 2307 0.2
3386 1246 0.01
3386 737 0.2
3386 3718 0.01
3386 712 0.05
3386 597 0.05
3386 806 0.2
3386 1171 0.01
3386 2657 0.01
3386 1558 0.2
6085 6085 0.05
529 323 0.05
529 438 0.05
2133 436 0.05
2133 318 0.01
2133 1996 0.05
2133 46 0.2
1875 2695 0.2
1875 2694 0.2
1875 1873 0.05
1875 1153 0.05
1875 1875 0.01
1875 2709 0.2
1875 2787 0.01
1875 1078 0.2
594 438 0.01
594 431 0.01
594 46 0.05
594 701 0.05
594 506 0.2
594 353 0.2
594 1195 0.05
594 2057 0.05
594 1343 0.01
594 45 0.01
594 736 0.01
594 308 0.2
594 14 0.05
594 587 0.2
594 316 0.01
594 1097 0.2
594 4775 0.01
594 298 0.2
594 2821 0.2
594 2092 0.2
594 2090 0.05
594 1162 0.01
594 3269 0.01
594 1919 0.05
594 710 0.05
594 810 0.01
594 943 0.05
594 1091 0.2
594 232 0.2
594 1150 0.01
594 2271 0.2
594 171 0.2
594 328 0.01
594 92 0.2
594 2377 0.01
594 988 0.01
594 805 0.2
594 1047 0.05
594 594 0.2
594 214 0.05
594 593 0.01
594 362 0.2
594 579 0.05
594 2505 0.2
594 498 0.05
594 893 0.05
594 101 0.05
594 322 0.01
594 1167 0.2
594 807 0.2
594 1546 0.05
594 30 0.01
594 719 0.2
594 801 0.01
594 111 0.01
594 1246 0.05
594 1418 0.05
594 780 0.2
594 580 0.05
594 3028 0.2
594 2482 0.01
594 779 0.05
594 1174 0.01
594 793 0.01
594 1399 0.2
594 1646 0.05
594 492 0.05
594 1004 0.01
594 345 0.05
594 809 0.2
594 785 0.05
594 811 0.2
594 157 0.2
594 1586 0.01
594 1512 0.2
594 3218 0.05
594 597 0.01
594 401 0.2
594 858 0.2
594 1378 0.2
594 82 0.01
594 644 0.2
594 329 0.2
594 2792 0.01
594 680 0.01
594 711 0.2
594 632 0.01
594 1740 0.05
594 418 0.01
594 1453 0.05
594 683 0.2
594 62 0.05
594 1339 0.05
594 192 0.05
594 1851 0.05
812 812 0.05
812 2777 0.2
812 1650 0.01
812 3609 0.01
812 625 0.05
812 680 0.2
812 328 0.01
812 165 0.05
812 3067 0.05
812 121 0.05
812 346 0.05
812 72 0.05
812 791 0.01
812 795 0.2
812 1631 0.01
812 2106 0.01
812 1586 0.2
812 597 0.05
812 45 0.01
812 2243 0.2
812 921 0.2
812 400 0.05
812 214 0.2
812 4130 0.05
812 3795 0.2
812 6086 0.2
812 5016 0.2
4407 1473 0.01
6087 6087 0.01
4223 4223 0.2
4223 4221 0.05
3327 3327 0.2
6088 6088 0.05
6089 6089 0.2
1425 1425 0.05
1425 1424 0.01
1425 1423 0.2
1425 1422 0.2
1425 1421 0.05
6090 6090 0.2
6091 6091 0.05
4596 4596 0.05
4596 5655 0.05
4596 427 0.05
2286 441 0.05
2286 701 0.01
2286 904 0.2
3109 3108 0.01
3109 3109 0.2
3109 46 0.2
3109 328 0.05
3645 3645 0.05
3645 748 0.2
3645 1222 0.05
3645 2457 0.01
3645 1214 0.2
3645 2453 0.01
3645 747 0.2
3645 2460 0.2
3645 79 0.01
3645 652 0.2
3645 1210 0.05
3645 1499 0.2
3645 2454 0.05
3645 286 0.2
3645 2455 0.05
3645 290 0.2
3645 377 0.05
3645 1127 0.2
3645 659 0.01
3645 110 0.01
3645 1479 0.01
3645 1605 0.2
3645 137 0.2
3645 746 0.2
3645 1205 0.2
3645 1219 0.05
3645 749 0.2
3645 1213 0.01
3645 647 0.05
3645 2458 0.01
3840 3840 0.01
3840 849 0.2
3840 851 0.05
1939 1939 0.01
2602 1750 0.01
4516 4516 0.2
4516 429 0.05
4516 148 0.01
4516 1064 0.05
4516 4519 0.05
4516 126 0.01
4516 2207 0.2
4516 643 0.05
6092 6092 0.2
6093 6093 0.01
6093 1032 0.05
2510 403 0.01
2510 2244 0.2
6094 6094 0.2
3909 3909 0.05
3909 46 0.2
3909 2887 0.01
3909 1051 0.05
5827 5827 0.01
5827 173 0.01
5827 4919 0.2
1111 2613 0.01
1111 887 0.01
1111 784 0.01
1111 886 0.2
1111 1110 0.2
3707 1156 0.01
3707 1068 0.2
3707 46 0.2
3707 292 0.01
3707 3432 0.01
3707 44 0.01
3707 844 0.01
3707 303 0.2
3707 4906 0.2
3707 3425 0.05
3707 1242 0.05
3707 1243 0.05
3707 346 0.05
3707 843 0.01
3707 441 0.05
3707 3136 0.01
3707 577 0.01
4218 3837 0.01
4218 506 0.2
4218 1155 0.05
4218 1187 0.01
4218 1563 0.05
5460 5460 0.05
5460 3124 0.2
5460 5328 0.01
5460 328 0.05
5460 6048 0.05
5460 5327 0.05
5460 1237 0.05
5460 2948 0.01
5460 768 0.05
5460 775 0.2
5460 3447 0.01
5460 3431 0.2
1387 1387 0.2
1387 1378 0.2
1387 528 0.01
1387 364 0.05
1387 1153 0.05
1387 2790 0.2
1387 157 0.05
1387 708 0.05
1387 597 0.05
1387 261 0.01
1387 30 0.2
1387 46 0.05
1387 126 0.05
1387 719 0.05
1387 116 0.01
6095 6095 0.05
6096 126 0.05
6096 1699 0.05
6096 1020 0.05
643 643 0.01
643 429 0.2
643 431 0.01
643 1555 0.01
643 3239 0.05
227 227 0.05
227 277 0.2
227 137 0.2
227 215 0.01
227 1752 0.2
227 357 0.2
227 5487 0.05
227 2506 0.05
227 214 0.05
227 1179 0.2
227 1135 0.2
227 296 0.2
227 1579 0.05
227 58 0.2
227 1562 0.01
227 6097 0.2
227 3547 0.2
227 2990 0.01
227 3340 0.05
227 3297 0.2
227 3367 0.2
227 1704 0.05
227 4942 0.2
227 3826 0.01
227 3266 0.01
227 21 0.01
227 927 0.05
227 4189 0.01
227 1060 0.01
227 770 0.01
227 121 0.2
227 1769 0.01
6098 6098 0.05
556 556 0.05
556 1135 0.01
556 1136 0.05
556 1033 0.05
556 92 0.05
556 3119 0.2
556 106 0.01
556 257 0.2
556 914 0.01
556 904 0.2
556 2276 0.05
556 4271 0.2
556 1415 0.01
556 780 0.05
556 254 0.01
556 311 0.01
556 1165 0.05
556 65 0.05
556 243 0.01
556 2918 0.05
556 6099 0.2
556 282 0.05
556 943 0.2
556 356 0.01
556 1998 0.01
556 251 0.01
556 1673 0.01
556 1997 0.2
556 3384 0.2
556 554 0.01
556 514 0.01
556 582 0.05
556 1494 0.01
556 44 0.2
556 19 0.2
556 2377 0.05
556 259 0.05
556 1992 0.05
556 597 0.05
556 4795 0.2
556 1512 0.01
6100 1587 0.2
6100 1078 0.05
6100 194 0.2
6100 316 0.05
6100 191 0.05
6100 1961 0.01
6100 2103 0.05
6100 582 0.2
6100 332 0.01
6100 306 0.2
6100 584 0.2
6100 1167 0.01
6100 746 0.2
6100 645 0.2
6100 643 0.05
2992 1065 0.01
3754 30 0.01
3754 1309 0.01
3754 1798 0.2
3754 1020 0.2
3754 126 0.05
6101 6101 0.2
4962 4962 0.05
6102 766 0.05
6102 3218 0.01
6102 808 0.2
6102 4635 0.01
6102 1619 0.01
6102 4886 0.01
6102 5289 0.01
6102 419 0.01
4258 4258 0.05
4258 1823 0.05
4258 46 0.01
4258 863 0.2
4258 429 0.2
4258 3742 0.2
4258 4253 0.05
4258 4257 0.2
1584 467 0.2
1584 1673 0.01
1584 644 0.05
1584 336 0.2
1584 473 0.01
1584 1277 0.01
1584 4763 0.01
1584 3468 0.2
1938 1938 0.2
1938 171 0.01
1938 30 0.01
1938 719 0.05
1938 172 0.2
1938 328 0.05
1938 34 0.2
1938 807 0.01
1938 1616 0.2
1938 1100 0.05
1938 1002 0.01
1938 46 0.2
1938 174 0.2
1938 4783 0.05
1938 1847 0.01
1938 1437 0.01
1938 912 0.05
1938 638 0.2
1938 1957 0.05
1938 736 0.2
1938 126 0.2
1938 1076 0.2
1938 918 0.2
1938 345 0.01
1938 643 0.2
1938 466 0.2
1938 712 0.01
1938 346 0.01
1938 324 0.01
1938 990 0.2
1938 595 0.2
1938 1754 0.2
1938 1497 0.05
1938 1001 0.2
1938 545 0.05
1938 1589 0.05
1938 528 0.05
4911 4911 0.05
6103 6103 0.01
6104 6104 0.2
4940 4491 0.05
4940 830 0.01
6105 6106 0.2
6107 6107 0.2
6108 1047 0.2
6109 6109 0.05
5779 5779 0.01
6110 524 0.01
6110 46 0.05
6111 353 0.01
6111 855 0.2
6111 739 0.01
6111 142 0.2
6111 1416 0.2
1764 1764 0.05
1764 51 0.2
1764 282 0.01
1764 710 0.2
1764 332 0.05
1764 49 0.05
1764 864 0.05
1764 1660 0.2
1764 1704 0.2
1764 53 0.2
1764 637 0.01
1764 334 0.01
1764 65 0.2
1764 1515 0.01
1764 639 0.2
1764 70 0.01
1764 1404 0.05
1764 174 0.01
1764 73 0.01
1764 71 0.2
1764 48 0.2
1764 3259 0.2
3971 3971 0.01
3971 52 0.2
3971 1364 0.2
3971 214 0.2
3971 437 0.05
3971 1954 0.2
3971 1538 0.01
3054 3054 0.01
3054 739 0.05
3054 2239 0.05
3054 856 0.01
3054 6112 0.2
6113 6113 0.01
5553 5553 0.01
6114 6114 0.05
3566 3566 0.01
3566 5957 0.05
3566 3288 0.05
6115 6115 0.2
2556 174 0.01
2556 2555 0.2
2556 5930 0.05
2556 2554 0.01
2556 467 0.01
2556 1002 0.01
2556 1001 0.01
6116 6116 0.01
4744 4744 0.05
4744 2265 0.2
4744 625 0.05
4744 1485 0.01
6117 6117 0.05
2725 2725 0.05
2725 119 0.05
2725 323 0.05
2725 555 0.05
2725 2323 0.05
2725 325 0.01
2725 2247 0.2
2725 1408 0.01
4801 4801 0.2
4801 804 0.2
4801 46 0.2
4801 30 0.2
4801 577 0.2
4801 1418 0.01
6118 6118 0.01
271 3137 0.01
271 148 0.01
271 1089 0.01
271 429 0.2
271 597 0.05
271 44 0.05
271 2799 0.05
271 1011 0.05
271 1189 0.01
271 5780 0.05
271 265 0.2
271 960 0.2
271 255 0.01
271 1899 0.01
271 2522 0.2
271 1126 0.01
271 1303 0.01
271 267 0.05
271 263 0.01
271 112 0.05
271 3475 0.05
271 378 0.05
271 1671 0.2
271 5705 0.05
271 958 0.01
271 971 0.2
271 613 0.2
618 1191 0.01
618 578 0.05
618 429 0.2
618 428 0.05
618 431 0.2
618 3239 0.01
618 2091 0.05
618 1554 0.05
618 643 0.05
618 2092 0.05
618 2090 0.01
618 3120 0.01
618 720 0.05
618 1561 0.05
618 442 0.2
618 1856 0.05
618 1065 0.05
618 2206 0.05
618 2219 0.2
618 1555 0.05
618 1064 0.01
618 1545 0.2
618 586 0.2
618 1066 0.05
618 2222 0.05
618 863 0.01
618 612 0.05
618 1247 0.05
618 619 0.01
618 362 0.05
618 2228 0.05
618 1092 0.2
618 722 0.05
618 1270 0.05
6119 2246 0.2
6119 1182 0.2
6119 1483 0.2
6119 1641 0.01
6119 1894 0.05
6119 2247 0.01
6119 1963 0.2
6119 227 0.05
6119 263 0.2
6119 2412 0.2
6119 1996 0.2
6119 1213 0.01
6119 2420 0.2
6119 3986 0.01
6119 353 0.2
6119 306 0.05
6119 584 0.01
6119 1167 0.01
6119 746 0.01
6119 1123 0.05
6119 645 0.2
6119 643 0.05
6119 810 0.05
6119 440 0.01
6119 233 0.01
6119 1752 0.2
6119 747 0.05
6119 305 0.01
6119 30 0.05
6119 638 0.05
6119 738 0.05
6119 1450 0.05
6119 1428 0.2
6119 1116 0.05
6120 6120 0.05
6121 6121 0.01
2193 2193 0.2
2193 675 0.05
2193 719 0.01
2193 2879 0.2
2193 7 0.05
2193 617 0.2
2193 3803 0.01
2193 925 0.2
2193 904 0.2
3179 444 0.01
3179 3179 0.2
3179 2073 0.2
3179 1838 0.01
3179 3171 0.01
3179 807 0.2
3179 35 0.01
3179 327 0.05
3179 94 0.05
3179 4067 0.05
3179 22 0.2
3179 425 0.01
3179 424 0.01
3179 118 0.05
3179 770 0.05
3179 112 0.2
3179 30 0.05
3179 46 0.01
3179 1124 0.01
3179 426 0.2
3179 2622 0.05
3179 1137 0.2
3179 584 0.2
3179 3068 0.05
4869 4869 0.05
1723 1723 0.01
1723 1231 0.2
1723 22 0.01
1723 282 0.01
1723 1171 0.2
469 1023 0.2
469 469 0.01
469 1682 0.01
469 750 0.05
469 651 0.2
469 1022 0.05
469 104 0.01
469 1898 0.05
469 92 0.05
469 22 0.05
469 584 0.01
469 801 0.05
469 1024 0.01
469 1290 0.05
469 103 0.05
469 45 0.2
469 1834 0.05
469 751 0.2
469 893 0.2
469 659 0.01
469 523 0.05
469 951 0.01
469 987 0.2
469 989 0.2
469 705 0.01
469 703 0.2
469 93 0.01
469 577 0.01
469 1685 0.05
469 917 0.2
469 1233 0.2
469 2334 0.01
469 760 0.05
469 2550 0.01
469 357 0.05
469 394 0.01
469 1571 0.2
469 2715 0.2
469 335 0.2
469 1963 0.2
469 1352 0.05
469 5483 0.01
469 525 0.2
469 362 0.2
469 4581 0.2
469 1768 0.2
469 224 0.05
469 318 0.2
2137 3438 0.05
2137 2136 0.2
2137 2134 0.05
2137 2137 0.05
2137 4312 0.05
2137 1643 0.2
2137 2141 0.01
2137 2135 0.01
2137 318 0.2
2137 625 0.05
4215 4215 0.01
2267 2267 0.01
2267 1011 0.2
2267 1579 0.2
2267 1001 0.05
2267 2266 0.2
2267 2555 0.05
2267 2366 0.05
2267 212 0.2
2267 716 0.05
2267 2899 0.2
2267 6122 0.01
2267 4145 0.05
2267 2952 0.2
2267 5210 0.01
2267 3002 0.2
2267 5437 0.01
2267 4576 0.01
2267 5163 0.2
2267 6123 0.01
2267 3285 0.01
2267 2367 0.2
2267 2365 0.2
2267 2368 0.05
2267 3739 0.01
2267 148 0.2
4575 4575 0.01
181 1653 0.2
181 182 0.01
181 2107 0.01
181 2108 0.2
181 2106 0.2
181 22 0.01
181 2110 0.05
181 417 0.01
181 418 0.05
181 397 0.01
181 6124 0.2
181 501 0.2
181 2243 0.05
181 1046 0.2
181 1277 0.01
181 2580 0.2
181 2105 0.05
181 2470 0.05
181 1047 0.05
181 1965 0.05
181 1056 0.05
4010 4010 0.01
4010 1313 0.2
4010 646 0.2
4010 3337 0.01
4010 88 0.05
4010 4660 0.2
1898 750 0.2
1898 1546 0.01
1898 4067 0.01
1898 736 0.05
1898 104 0.01
1898 92 0.01
1898 1023 0.01
1898 1893 0.05
1898 1027 0.05
1898 2886 0.01
1898 3913 0.01
1898 651 0.01
1898 3100 0.01
1898 584 0.2
1898 652 0.01
1898 90 0.05
1898 760 0.05
1898 2715 0.01
1898 1818 0.05
1898 3188 0.2
1898 1537 0.05
1898 596 0.2
1898 644 0.01
1898 126 0.05
1898 4635 0.05
1898 215 0.2
1053 739 0.2
1053 1053 0.05
1053 736 0.05
1053 1052 0.05
1053 741 0.01
1053 46 0.05
1053 1308 0.2
1053 45 0.2
1053 142 0.2
1053 789 0.05
1053 648 0.2
1053 30 0.01
1053 86 0.01
1053 833 0.01
1053 792 0.01
1053 97 0.2
1053 837 0.05
1053 1696 0.01
1053 1089 0.2
1053 1278 0.05
1053 3491 0.01
1053 242 0.2
1053 561 0.05
1053 3543 0.2
1053 175 0.05
2757 784 0.05
2757 46 0.05
2757 108 0.2
2757 119 0.01
2757 30 0.05
2757 1065 0.05
5006 1930 0.05
5006 2487 0.01
5006 3440 0.2
5006 126 0.2
5006 1495 0.2
5006 326 0.2
5006 2672 0.01
5006 1244 0.01
5006 4775 0.01
5006 233 0.2
5006 2464 0.01
5006 62 0.05
3065 3065 0.2
3065 736 0.05
3065 424 0.01
3065 22 0.2
3065 1124 0.2
3065 426 0.2
3065 640 0.2
3065 1177 0.05
6125 9 0.05
6125 6125 0.05
6126 1655 0.2
6126 46 0.01
6126 353 0.05
6126 3099 0.01
6127 6127 0.01
4665 4665 0.05
4665 4664 0.01
6128 3498 0.01
6128 2352 0.01
1515 1515 0.2
1515 922 0.05
1515 1200 0.05
1515 918 0.01
1515 295 0.01
1515 1764 0.05
1515 71 0.01
1515 53 0.2
1515 67 0.05
1515 328 0.01
1515 167 0.2
1515 5346 0.01
1515 2636 0.01
1515 3389 0.01
1515 6129 0.2
1515 603 0.05
1515 1514 0.05
1515 6130 0.2
1515 639 0.01
1515 801 0.2
1515 5244 0.05
1515 2200 0.2
1515 2313 0.05
1515 1513 0.05
1515 5850 0.2
1515 1373 0.01
1089 1089 0.2
1089 506 0.01
1089 1238 0.05
1089 743 0.01
1089 1075 0.05
1089 859 0.2
1089 349 0.2
1089 30 0.01
1089 1117 0.2
1089 2225 0.01
1089 934 0.01
1089 328 0.01
1089 1682 0.01
1089 879 0.2
1089 916 0.2
1089 175 0.01
1089 1176 0.05
1089 92 0.05
1089 577 0.01
1089 1031 0.05
1089 286 0.05
1089 610 0.01
1089 305 0.01
4384 2318 0.2
4384 506 0.05
4653 328 0.05
6131 6131 0.05
6132 852 0.05
6132 1176 0.01
6132 290 0.05
6132 2681 0.01
6132 1898 0.2
6132 126 0.2
3178 3178 0.05
3178 1356 0.05
6133 6133 0.2
6134 94 0.05
4643 4643 0.01
4643 318 0.01
4643 1996 0.2
4643 1894 0.05
107 107 0.01
107 65 0.01
107 792 0.2
107 328 0.01
107 30 0.2
107 492 0.05
107 918 0.2
107 3501 0.05
107 113 0.01
107 1631 0.01
107 1881 0.05
107 4456 0.2
107 3464 0.05
107 5403 0.2
107 960 0.01
1676 918 0.2
6135 6135 0.2
1771 1770 0.01
3273 3271 0.01
3273 387 0.05
3273 385 0.01
3273 3273 0.05
1463 3505 0.05
1463 1126 0.2
1463 1211 0.01
1463 852 0.2
1463 1465 0.01
1463 658 0.05
1463 883 0.05
1463 46 0.2
1463 714 0.2
1463 1464 0.05
1463 2196 0.01
1463 1462 0.2
1463 1463 0.2
1463 126 0.2
1463 674 0.01
1463 751 0.2
983 1601 0.05
983 457 0.01
983 1603 0.05
983 226 0.05
983 858 0.01
983 2883 0.01
983 843 0.05
983 1606 0.05
983 6136 0.2
983 845 0.05
983 555 0.2
983 2789 0.2
983 1237 0.05
983 4642 0.05
983 3350 0.05
983 783 0.01
983 632 0.01
983 5013 0.01
983 723 0.05
983 1988 0.05
1850 1840 0.01
6099 292 0.01
4848 4848 0.2
4848 2482 0.05
6137 6137 0.01
3455 1182 0.01
3455 3455 0.2
3455 292 0.2
3455 634 0.01
3455 126 0.05
3455 714 0.05
3455 429 0.2
3455 708 0.05
3455 1223 0.01
3455 1254 0.05
3455 4410 0.01
3455 707 0.01
3455 157 0.2
3455 1383 0.01
3455 597 0.2
3455 2085 0.05
3455 610 0.01
3455 3930 0.2
3103 2726 0.2
3103 327 0.05
3103 324 0.01
3103 3103 0.01
3103 345 0.01
3103 30 0.2
3103 5666 0.2
3103 3140 0.01
3103 1650 0.05
3103 4067 0.2
3103 344 0.2
3103 3104 0.01
6138 6138 0.05
4983 4983 0.05
4983 1533 0.05
4983 2160 0.01
4983 194 0.05
4983 1200 0.2
4983 1280 0.05
4983 165 0.01
4983 6139 0.01
6140 6140 0.2
6141 6141 0.01
6141 1136 0.01
1529 1529 0.05
1529 1526 0.01
1529 1525 0.05
1529 1527 0.05
1529 1528 0.2
1529 1495 0.05
1529 1490 0.05
1529 780 0.05
1529 2807 0.2
1529 990 0.01
1529 30 0.01
1529 719 0.2
1529 1848 0.2
1529 1493 0.2
1529 1492 0.01
1529 2911 0.05
1529 673 0.2
1529 2252 0.01
1529 1742 0.01
1529 1020 0.01
1529 3560 0.01
1529 3625 0.2
1529 2762 0.2
1529 1851 0.2
1529 3880 0.01
1529 721 0.05
1529 728 0.2
1529 349 0.01
1529 2258 0.01
946 2213 0.2
946 45 0.2
946 327 0.2
946 103 0.05
946 469 0.01
946 104 0.01
946 405 0.05
946 518 0.05
946 2059 0.2
6129 5346 0.01
6142 6142 0.01
6143 6143 0.01
5954 5954 0.05
5954 3839 0.2
5954 43 0.05
5954 3483 0.01
5954 881 0.05
5954 843 0.01
3723 1479 0.05
3723 3482 0.01
3723 647 0.05
3723 747 0.2
3723 1222 0.01
3723 3469 0.2
3723 2278 0.01
3723 659 0.05
3723 746 0.2
3723 1213 0.2
3723 2378 0.01
3723 1499 0.01
4166 4166 0.2
4166 1237 0.05
3086 3087 0.01
3086 492 0.01
3086 1114 0.01
3086 1643 0.2
3086 45 0.01
3556 3555 0.05
3556 644 0.01
3556 328 0.2
3556 1278 0.01
3556 467 0.05
3556 787 0.05
6144 844 0.2
14 2565 0.05
14 1491 0.01
14 2561 0.01
14 1167 0.2
14 14 0.01
14 92 0.2
14 1343 0.05
14 94 0.05
14 13 0.01
14 2183 0.2
14 6145 0.01
14 2464 0.05
14 3275 0.2
14 284 0.05
14 4379 0.05
14 4353 0.05
14 311 0.01
306 46 0.2
306 1401 0.2
306 305 0.2
306 328 0.05
306 2002 0.01
306 434 0.2
306 95 0.2
306 303 0.05
306 119 0.2
306 2699 0.2
306 843 0.01
306 1117 0.01
306 324 0.01
306 2249 0.01
306 882 0.2
306 1753 0.05
306 1074 0.2
306 645 0.05
306 1075 0.01
306 947 0.05
306 1020 0.2
306 881 0.05
306 1162 0.2
306 2698 0.01
306 2225 0.01
306 2700 0.2
306 2696 0.2
306 959 0.01
306 1817 0.2
306 577 0.05
306 323 0.01
306 533 0.05
306 542 0.01
306 2217 0.05
2113 1653 0.2
2113 4510 0.2
2113 2111 0.05
2113 2850 0.2
2113 2849 0.01
2113 182 0.05
2113 2109 0.2
2113 2113 0.01
2113 2108 0.05
2113 2578 0.01
2113 2112 0.2
2113 2243 0.01
2113 181 0.01
2113 673 0.05
6146 6146 0.05
5275 2470 0.01
5275 46 0.01
5275 30 0.01
5275 719 0.2
5275 328 0.01
6147 6147 0.05
357 5161 0.05
357 2926 0.05
683 258 0.05
683 1415 0.05
683 30 0.2
683 719 0.2
683 46 0.01
683 126 0.2
683 737 0.01
683 1157 0.2
683 286 0.01
683 425 0.05
683 118 0.01
683 303 0.05
683 1992 0.05
683 582 0.2
683 1703 0.01
683 2945 0.01
683 1756 0.01
683 187 0.2
683 846 0.05
683 1586 0.05
683 242 0.05
683 1318 0.2
683 157 0.2
683 4405 0.2
683 4406 0.2
683 646 0.05
683 307 0.2
683 1316 0.05
683 1816 0.05
683 429 0.2
683 1560 0.05
683 45 0.01
683 329 0.05
683 898 0.05
683 3838 0.05
683 3892 0.2
683 793 0.05
683 3032 0.05
683 785 0.05
683 5459 0.01
683 1495 0.05
683 173 0.01
683 912 0.01
683 711 0.05
683 774 0.05
683 1490 0.2
683 1752 0.01
683 1370 0.05
683 13 0.05
683 712 0.05
683 801 0.01
683 53 0.01
683 1418 0.01
683 594 0.2
683 1618 0.01
683 830 0.2
683 2141 0.01
683 1620 0.01
683 4041 0.05
4261 4261 0.2
269 6148 0.2
269 269 0.01
269 333 0.2
269 268 0.2
269 267 0.01
4208 4208 0.05
4208 1153 0.01
4208 128 0.2
4208 2803 0.2
4208 1383 0.2
4208 2807 0.2
4208 2789 0.05
1692 1692 0.01
1692 142 0.05
1692 836 0.01
1692 1298 0.2
1692 801 0.01
1692 835 0.05
1692 740 0.01
1692 736 0.05
1692 1627 0.01
1692 97 0.01
1692 106 0.05
1692 1516 0.2
1692 648 0.2
1692 738 0.05
1692 741 0.05
1692 837 0.05
1692 2376 0.05
1692 792 0.01
1692 1690 0.2
1692 855 0.05
1692 4425 0.05
1692 1696 0.2
1692 856 0.05
1692 2852 0.2
1692 405 0.01
1692 1311 0.01
1692 650 0.2
1692 2261 0.2
1692 2263 0.01
1692 1999 0.05
1692 790 0.01
1692 2262 0.05
1692 5849 0.05
1692 5878 0.2
1692 718 0.01
1692 1304 0.05
1692 3118 0.05
1692 248 0.01
1692 1819 0.05
1692 3491 0.2
1692 2851 0.2
1692 2101 0.01
1692 2448 0.01
1692 1775 0.05
52 51 0.01
52 52 0.05
52 303 0.05
52 286 0.05
52 50 0.01
52 352 0.2
52 1760 0.2
52 624 0.01
52 332 0.2
52 48 0.01
52 53 0.01
52 61 0.01
52 57 0.2
52 334 0.05
52 853 0.01
52 58 0.2
52 1961 0.05
52 126 0.01
52 4148 0.2
52 1768 0.2
52 335 0.05
52 331 0.01
6149 6150 0.2
5723 5723 0.2
5723 429 0.2
5723 1386 0.05
5723 2259 0.01
5723 2227 0.01
5723 1379 0.2
5723 736 0.2
5723 121 0.05
5514 500 0.01
5514 4239 0.05
5514 2261 0.2
5514 1860 0.01
5514 948 0.01
5514 1195 0.01
5514 677 0.05
5514 1167 0.2
5514 1113 0.2
5514 1020 0.05
5514 199 0.2
5514 1812 0.05
5514 540 0.05
5514 897 0.05
6151 6151 0.05
5426 5426 0.2
2953 1030 0.05
2953 2953 0.01
2953 1162 0.2
2953 759 0.2
2953 703 0.05
3337 3517 0.05
3337 944 0.01
3337 1028 0.05
3337 1720 0.2
3337 2726 0.2
3337 870 0.01
3337 44 0.2
3337 880 0.05
3337 2332 0.05
3337 1227 0.2
3337 3320 0.01
3337 3708 0.2
3337 104 0.05
3337 652 0.05
3337 1434 0.05
3337 501 0.05
3337 1222 0.2
3337 914 0.05
3337 175 0.05
3337 13 0.01
3337 4010 0.2
3337 88 0.05
3337 113 0.01
3337 576 0.01
3337 893 0.2
3337 658 0.01
3337 610 0.2
3337 4178 0.05
3337 1451 0.01
543 543 0.05
543 804 0.05
543 323 0.01
543 1401 0.05
543 438 0.2
543 3050 0.2
543 326 0.2
543 2247 0.01
543 2094 0.01
543 492 0.2
543 2304 0.2
543 2302 0.01
543 324 0.05
543 523 0.01
543 346 0.2
543 344 0.2
543 595 0.05
543 1076 0.05
543 174 0.05
543 466 0.2
543 645 0.2
543 1075 0.05
543 345 0.01
3254 3254 0.01
6152 6152 0.05
6153 6153 0.2
6154 6154 0.01
6155 3542 0.01
4216 4216 0.2
4216 6156 0.2
4216 30 0.2
4216 53 0.2
4216 48 0.05
4216 46 0.2
4216 632 0.05
4216 126 0.01
3538 3538 0.2
3538 1852 0.2
2143 4890 0.05
2143 4209 0.2
2143 1211 0.2
2143 852 0.01
2143 2143 0.05
2143 4691 0.05
2658 1246 0.2
2658 2658 0.05
2658 2659 0.01
2658 1930 0.01
2658 2008 0.05
6157 6157 0.01
4942 4942 0.05
4942 457 0.01
4942 227 0.01
4942 776 0.01
101 101 0.05
101 3102 0.2
101 175 0.05
101 46 0.05
101 30 0.2
101 329 0.2
101 506 0.05
101 5 0.05
101 1020 0.01
1326 1326 0.01
1326 998 0.05
1326 762 0.05
1326 2251 0.05
6158 6158 0.2
6159 6159 0.01
6159 1309 0.2
6159 392 0.01
6159 801 0.2
505 505 0.01
1592 3314 0.2
1592 1957 0.01
1592 2860 0.01
1592 1549 0.05
1592 1234 0.2
1592 3314 0.2
1592 854 0.2
1592 207 0.2
1592 1925 0.2
1592 295 0.05
1592 3192 0.2
1592 1598 0.01
1592 1451 0.05
1592 286 0.2
1592 172 0.2
1592 853 0.2
1592 3384 0.01
1592 209 0.2
1592 827 0.05
1592 962 0.01
1592 825 0.2
1592 695 0.2
1592 210 0.05
1592 3475 0.01
1592 2988 0.2
1592 2914 0.2
1592 522 0.05
1592 449 0.2
1592 2942 0.2
1592 506 0.05
1592 5820 0.05
1592 739 0.01
1592 826 0.05
1592 2101 0.2
1592 213 0.01
1592 3389 0.01
1592 1597 0.2
1592 126 0.05
1592 3237 0.01
1592 6160 0.05
1592 696 0.05
927 927 0.01
927 2539 0.01
927 1047 0.2
927 18 0.05
927 1135 0.05
927 3807 0.2
927 98 0.05
927 1418 0.05
927 701 0.01
927 1809 0.05
927 1162 0.01
927 399 0.05
927 4106 0.2
927 1963 0.05
927 4959 0.05
927 2147 0.2
927 3237 0.2
927 2934 0.01
927 397 0.05
927 3409 0.2
927 2164 0.05
927 1779 0.01
129 629 0.01
129 3799 0.01
129 2340 0.2
6161 6161 0.2
3807 282 0.05
3807 1122 0.01
3807 3807 0.05
3807 2521 0.05
3807 3770 0.05
3807 1123 0.01
3807 1230 0.01
3807 1231 0.01
3807 1723 0.01
3807 1171 0.01
3807 4547 0.2
495 297 0.05
495 3928 0.05
495 495 0.01
495 438 0.05
495 348 0.2
495 3032 0.05
495 104 0.01
495 92 0.2
495 641 0.05
235 235 0.2
6162 6162 0.2
281 13 0.01
281 191 0.01
281 783 0.2
281 175 0.2
27 29 0.2
27 32 0.2
27 27 0.05
27 31 0.2
27 33 0.05
27 28 0.01
27 46 0.05
27 1651 0.01
27 320 0.2
27 26 0.05
27 34 0.05
27 286 0.2
27 71 0.2
27 753 0.05
4888 4888 0.2
4888 373 0.2
6163 6163 0.2
5768 2291 0.01
5768 328 0.05
293 293 0.01
293 1707 0.2
293 1705 0.2
1069 19 0.05
1069 2412 0.2
1069 261 0.01
829 797 0.05
829 829 0.05
829 1434 0.2
829 1428 0.05
829 511 0.05
829 577 0.05
829 1075 0.2
829 306 0.05
829 642 0.2
829 2666 0.05
829 426 0.2
829 1124 0.2
829 424 0.2
829 1918 0.2
829 349 0.01
829 1077 0.2
829 351 0.05
829 467 0.01
829 112 0.01
829 677 0.2
829 638 0.05
829 652 0.01
829 1638 0.2
829 481 0.2
829 438 0.2
829 827 0.01
829 2878 0.05
829 4980 0.2
829 175 0.2
829 1485 0.2
829 1213 0.01
829 6164 0.05
829 804 0.2
829 2327 0.05
829 807 0.05
829 2019 0.01
829 6165 0.2
829 2171 0.05
829 713 0.01
5766 5766 0.2
6166 126 0.05
6166 30 0.01
6166 1075 0.2
6166 316 0.01
6166 329 0.05
6166 714 0.05
6166 440 0.01
6166 215 0.2
6166 373 0.01
790 736 0.05
790 90 0.01
790 790 0.01
790 739 0.05
790 405 0.05
790 1452 0.01
790 789 0.01
790 86 0.05
790 656 0.01
790 142 0.01
790 106 0.01
790 84 0.05
790 3192 0.2
790 1692 0.05
790 329 0.05
790 1428 0.05
790 1308 0.05
790 648 0.01
790 792 0.05
790 2961 0.01
790 1304 0.05
790 2263 0.01
790 1504 0.01
790 2213 0.05
790 1659 0.2
790 2629 0.2
790 46 0.2
790 126 0.2
790 3191 0.05
790 4704 0.01
6167 4581 0.05
6167 4703 0.05
6167 2739 0.01
6167 618 0.2
6167 958 0.05
6167 519 0.01
6167 927 0.05
6167 1813 0.05
4981 4981 0.01
4296 1318 0.2
4296 4286 0.05
6168 6168 0.01
6168 1489 0.2
6168 677 0.2
6168 1220 0.2
6168 4690 0.01
1569 1569 0.2
1569 375 0.05
1569 2625 0.01
1569 1562 0.2
1569 714 0.2
1569 1778 0.2
1569 3124 0.01
1569 283 0.05
1569 1626 0.2
1569 2100 0.05
1569 6169 0.05
1569 110 0.05
1569 1579 0.01
1569 1049 0.01
1569 2269 0.05
1569 2268 0.01
1569 2342 0.01
1569 1563 0.2
1569 1781 0.05
1569 3127 0.05
1569 1145 0.01
1569 277 0.01
1569 1052 0.05
1569 4591 0.2
1569 3024 0.01
1569 227 0.2
1569 3128 0.01
1569 157 0.05
1569 708 0.2
1569 1553 0.05
1569 5146 0.05
1569 5147 0.05
1569 1385 0.05
1569 2343 0.01
1569 3198 0.05
1569 2349 0.05
1569 51 0.01
1569 2373 0.05
1569 4513 0.05
1569 4721 0.05
1569 2266 0.2
1569 5484 0.01
1569 294 0.2
1569 1545 0.01
1569 3616 0.2
1569 1656 0.01
1569 6043 0.05
1569 3986 0.2
1569 297 0.01
1569 286 0.05
1569 336 0.2
1569 4131 0.01
1569 4720 0.05
1648 1648 0.2
1648 1434 0.2
1648 1401 0.05
1648 202 0.01
1648 46 0.2
1648 350 0.01
1648 1075 0.05
1648 1495 0.01
1648 349 0.01
1648 30 0.05
1648 305 0.01
1648 324 0.2
1648 1123 0.2
1648 345 0.05
1648 306 0.01
1648 1020 0.01
1648 326 0.01
1648 282 0.01
1648 1074 0.2
1648 577 0.01
1648 323 0.2
1648 325 0.05
1648 3280 0.05
1648 3683 0.05
1648 3612 0.05
1648 145 0.05
1648 22 0.05
1648 31 0.05
1648 1339 0.2
1648 1305 0.01
166 215 0.05
166 46 0.01
166 1546 0.2
166 784 0.2
166 167 0.01
166 578 0.05
166 736 0.01
166 328 0.2
166 1422 0.2
166 780 0.01
166 437 0.2
166 651 0.05
166 598 0.2
166 165 0.05
166 434 0.01
166 2292 0.05
166 1558 0.01
166 1010 0.2
166 882 0.01
166 1097 0.2
166 282 0.2
166 5490 0.05
166 1761 0.01
166 104 0.05
166 332 0.2
166 277 0.2
166 4215 0.01
166 2332 0.05
166 1047 0.2
166 4073 0.01
166 70 0.01
166 6170 0.2
166 1450 0.01
166 53 0.05
166 948 0.05
166 1160 0.01
166 1677 0.01
166 164 0.01
166 1551 0.01
166 1012 0.05
166 1200 0.05
166 49 0.2
166 295 0.2
166 1494 0.2
166 2507 0.05
166 4878 0.05
166 98 0.05
166 1660 0.05
166 1390 0.05
166 766 0.01
166 607 0.05
166 2950 0.01
166 45 0.05
166 622 0.01
166 1126 0.01
166 1521 0.05
166 461 0.01
166 4597 0.2
166 812 0.05
166 72 0.2
166 274 0.05
166 233 0.05
166 48 0.01
166 80 0.05
166 1174 0.01
166 1566 0.2
20 20 0.05
20 2939 0.01
20 774 0.2
20 14 0.05
20 1454 0.2
20 1704 0.05
20 711 0.05
20 21 0.05
20 165 0.01
20 3526 0.01
20 335 0.01
20 555 0.05
20 1153 0.2
977 977 0.2
1151 1151 0.2
1151 327 0.2
1151 1602 0.2
1151 1516 0.2
1151 106 0.05
1151 46 0.2
1151 1484 0.01
1151 2020 0.05
1151 3141 0.2
1151 1090 0.05
1151 3113 0.2
1151 1933 0.01
1151 1149 0.05
1151 3163 0.01
1151 22 0.05
1151 324 0.05
1151 4067 0.01
1151 3103 0.01
1151 3140 0.05
1151 587 0.2
1151 791 0.01
1151 3890 0.05
488 488 0.2
488 2329 0.05
488 1171 0.01
488 1750 0.05
488 1757 0.01
488 2619 0.05
488 2602 0.2
488 385 0.05
488 387 0.2
488 2604 0.05
488 2603 0.01
488 471 0.2
6171 6172 0.01
6173 6173 0.05
6173 819 0.2
6173 2672 0.05
6173 788 0.2
6173 1047 0.05
6173 165 0.01
6173 135 0.01
6173 2274 0.01
6173 328 0.05
6173 429 0.01
6173 1655 0.05
6173 46 0.05
6173 353 0.05
6173 3099 0.2
553 438 0.2
553 995 0.01
553 553 0.2
553 516 0.01
553 46 0.2
553 718 0.05
553 990 0.05
553 45 0.2
553 1943 0.01
553 2141 0.01
553 588 0.01
4604 5527 0.05
4604 62 0.05
4604 4155 0.01
4604 126 0.05
6174 6174 0.05
6175 6175 0.2
6175 46 0.05
6176 6176 0.01
6177 6177 0.05
3404 157 0.01
3404 214 0.2
3404 265 0.05
3404 3404 0.05
3404 552 0.01
3404 597 0.01
3404 5274 0.01
3404 4900 0.01
3404 1963 0.2
3404 898 0.05
3404 788 0.05
3404 94 0.01
6178 6178 0.2
2224 2224 0.2
2224 2002 0.2
2224 1447 0.01
2224 523 0.01
2224 316 0.01
2224 438 0.05
2224 1437 0.2
2224 3172 0.2
2224 645 0.01
2224 1433 0.01
2224 5 0.2
2224 431 0.2
2224 506 0.05
2224 1893 0.01
2224 2217 0.2
2224 428 0.2
2224 436 0.2
2224 44 0.05
2224 429 0.01
2224 432 0.2
2224 304 0.2
2224 2078 0.2
2224 441 0.05
2224 1160 0.01
2224 1908 0.05
2224 1993 0.05
2224 639 0.2
1633 719 0.2
1633 328 0.2
1633 1117 0.2
1633 326 0.2
1633 1082 0.01
1633 30 0.01
1633 1434 0.05
1633 323 0.2
1633 305 0.01
1633 352 0.05
1633 1860 0.2
1633 797 0.01
1633 1072 0.01
1633 351 0.2
1633 2061 0.01
1633 286 0.2
1633 1020 0.01
1633 91 0.05
1633 46 0.2
1633 587 0.2
1633 466 0.2
1633 468 0.2
1633 2062 0.01
1633 1847 0.05
1633 438 0.2
1633 303 0.2
1633 1075 0.01
1633 511 0.2
1633 350 0.01
1633 829 0.05
1633 175 0.01
1633 623 0.01
135 138 0.01
135 136 0.05
135 134 0.2
6179 2200 0.01
2262 1304 0.05
2262 4142 0.01
2262 2629 0.2
2262 736 0.2
1315 1315 0.01
1315 1485 0.2
1315 104 0.2
1315 1603 0.01
1315 1898 0.05
1315 92 0.05
1315 651 0.2
1315 3101 0.01
1315 187 0.05
1315 679 0.2
2975 982 0.2
2975 1968 0.2
2975 2255 0.2
2975 2974 0.05
2975 810 0.2
2975 545 0.2
2975 1852 0.01
2975 348 0.2
59 59 0.01
59 58 0.01
59 51 0.01
59 48 0.01
59 57 0.01
59 333 0.05
4811 385 0.2
4491 4491 0.05
4491 4940 0.2
4491 286 0.05
4491 2059 0.05
4491 6180 0.01
4491 5221 0.01
1277 1991 0.2
1277 1992 0.01
1277 2746 0.01
1277 1991 0.05
1277 1652 0.05
1277 461 0.05
1277 787 0.05
1277 793 0.05
1277 1775 0.01
1277 163 0.2
1277 1580 0.01
1277 1568 0.01
1277 1584 0.2
1277 126 0.2
1277 6 0.2
1277 644 0.2
1277 1278 0.05
1277 2733 0.2
6181 6181 0.2
4517 4517 0.01
4517 912 0.05
4517 1069 0.01
4517 584 0.01
4517 2977 0.05
4517 719 0.05
4517 30 0.2
4517 1816 0.2
4517 1064 0.2
4517 1559 0.05
4517 1497 0.2
4517 643 0.2
4517 720 0.2
4517 3680 0.05
4517 316 0.2
4517 362 0.01
4517 601 0.01
965 965 0.05
965 328 0.01
965 121 0.2
965 175 0.01
965 329 0.01
965 1315 0.01
965 555 0.01
965 126 0.01
965 63 0.2
965 658 0.05
965 750 0.2
965 273 0.05
965 1546 0.05
965 1430 0.05
965 714 0.2
965 101 0.05
965 30 0.05
965 646 0.2
965 1089 0.01
965 852 0.05
965 3770 0.05
965 286 0.05
1228 1228 0.05
1228 1230 0.2
2527 312 0.2
2527 309 0.01
2527 126 0.01
2527 658 0.01
2527 3611 0.05
2527 2171 0.2
2527 1450 0.2
2527 2615 0.05
3770 3770 0.01
3770 1723 0.05
3770 22 0.01
3770 282 0.2
6182 6182 0.2
178 639 0.2
178 108 0.05
178 954 0.05
178 1222 0.2
178 1213 0.01
178 3645 0.05
178 647 0.05
178 747 0.05
178 1218 0.01
178 177 0.2
178 2457 0.05
178 290 0.01
5826 5826 0.2
515 515 0.2
515 739 0.2
515 1434 0.05
515 328 0.01
515 30 0.01
515 46 0.01
515 719 0.01
515 468 0.01
515 434 0.05
515 1020 0.01
515 286 0.05
515 1117 0.2
515 789 0.2
6183 1974 0.05
6183 714 0.05
6183 126 0.05
2607 2607 0.01
2607 325 0.01
2607 2601 0.05
6184 6184 0.01
308 1020 0.01
308 308 0.2
308 46 0.2
308 305 0.05
308 1647 0.05
308 307 0.05
308 301 0.05
308 2226 0.05
308 1160 0.2
645 719 0.05
645 30 0.01
645 1075 0.2
645 1020 0.2
645 468 0.01
645 511 0.2
645 324 0.05
645 328 0.2
645 1117 0.01
645 934 0.2
645 326 0.01
645 46 0.05
645 1133 0.01
645 172 0.2
645 1074 0.01
645 1927 0.05
645 306 0.05
645 1437 0.2
5925 119 0.05
5925 5925 0.01
5925 385 0.2
6185 6185 0.2
16 1176 0.05
16 1211 0.2
16 883 0.2
16 1031 0.05
16 1411 0.2
16 784 0.2
16 623 0.2
16 4075 0.01
16 1860 0.2
16 317 0.01
16 2727 0.01
16 944 0.05
16 22 0.2
16 30 0.05
16 126 0.05
16 852 0.05
16 1126 0.2
16 241 0.01
16 15 0.01
5059 5059 0.05
5059 325 0.2
5059 328 0.2
5059 324 0.05
6186 6186 0.01
6187 296 0.05
6188 6188 0.05
450 449 0.2
6189 6189 0.01
6190 6190 0.01
6191 6191 0.01
6191 812 0.05
753 33 0.2
753 753 0.01
753 32 0.01
753 31 0.01
753 29 0.05
753 142 0.05
753 30 0.01
753 28 0.05
753 27 0.01
753 34 0.2
753 26 0.01
753 46 0.2
753 71 0.2
3683 30 0.2
3683 324 0.2
3683 1020 0.05
6192 1270 0.05
6192 46 0.2
985 985 0.05
985 1289 0.2
985 1286 0.2
985 1026 0.01
985 1285 0.01
985 1287 0.01
985 2103 0.2
985 50 0.01
985 48 0.01
985 55 0.05
985 658 0.05
4914 4914 0.01
6193 655 0.2
6193 434 0.01
6193 620 0.05
6193 656 0.01
6193 657 0.2
6193 658 0.05
6193 835 0.05
6193 1065 0.01
6193 651 0.01
6193 51 0.2
6193 1723 0.05
6193 1001 0.2
6193 58 0.2
6193 1908 0.05
6193 650 0.05
6193 649 0.05
6193 648 0.01
6193 334 0.05
6193 647 0.2
6193 119 0.01
6193 1430 0.05
6193 385 0.01
6193 1530 0.2
6193 1568 0.05
6193 671 0.2
6193 631 0.01
6193 1318 0.2
6193 526 0.01
6193 1132 0.01
6193 920 0.2
6193 19 0.01
6193 583 0.01
6193 242 0.01
6193 3251 0.2
6193 985 0.2
6193 597 0.01
6193 255 0.2
6193 449 0.05
6194 6194 0.2
6195 6195 0.2
6196 6196 0.05
6197 514 0.05
6197 3140 0.2
6198 6198 0.2
6199 6199 0.01
1298 1298 0.05
1298 1689 0.05
1298 741 0.2
1298 84 0.05
1298 739 0.2
1298 142 0.05
1298 648 0.05
1298 86 0.05
1298 656 0.2
1298 1085 0.2
1298 46 0.01
1298 736 0.01
1298 1628 0.2
1298 97 0.01
1298 801 0.01
1298 738 0.2
1298 701 0.01
1298 789 0.05
1298 1692 0.01
1298 1727 0.2
1298 837 0.01
1298 855 0.2
1298 2213 0.05
2366 2267 0.01
2366 2899 0.2
2366 148 0.05
2366 4576 0.2
2366 157 0.01
2366 3285 0.05
3489 46 0.01
3489 3489 0.01
3489 1961 0.2
6200 6200 0.2
4273 4273 0.05
6201 6201 0.05
6202 6202 0.2
6203 6203 0.05
1961 351 0.2
1961 352 0.05
1961 303 0.2
1961 3006 0.01
1961 1961 0.01
1961 5680 0.2
1961 4148 0.05
1961 241 0.01
1961 3009 0.01
1961 3786 0.05
1961 4146 0.01
1961 2076 0.2
6204 6204 0.01
6204 1408 0.2
3519 514 0.01
3519 3519 0.01
3519 3564 0.05
3519 157 0.01
3519 242 0.05
4443 606 0.05
6205 6205 0.05
2884 2884 0.05
2884 1597 0.01
2884 30 0.05
2884 349 0.05
2884 584 0.05
2884 1663 0.05
2884 736 0.05
6206 6206 0.2
6207 6207 0.05
6208 6208 0.01
6208 1416 0.01
6208 799 0.01
6208 2251 0.2
6208 719 0.2
6208 546 0.2
6209 6209 0.05
6210 6210 0.01
6211 6211 0.01
6212 6212 0.01
3121 362 0.05
3121 39 0.2
3121 3121 0.05
6213 6213 0.05
6213 6214 0.01
6215 6215 0.01
6216 6216 0.2
615 584 0.05
615 46 0.01
615 1290 0.2
615 30 0.01
615 1754 0.2
2454 2455 0.05
2454 2456 0.2
2454 2289 0.2
2454 1218 0.05
2454 105 0.2
2454 1127 0.2
2844 2844 0.05
6217 6217 0.01
4205 4205 0.01
4205 1223 0.2
2334 737 0.2
2334 349 0.05
2334 964 0.05
2334 4660 0.05
4140 4140 0.2
6112 6112 0.2
6112 739 0.2
6112 121 0.2
6112 4394 0.2
6112 506 0.01
6112 425 0.05
6112 445 0.2
6112 855 0.2
6112 46 0.2
6112 856 0.05
6112 714 0.05
6112 736 0.05
6112 175 0.01
6112 1893 0.05
6112 431 0.2
6112 2239 0.2
6112 3053 0.2
6112 3055 0.01
6112 3054 0.2
6112 209 0.2
549 1548 0.01
549 549 0.2
549 46 0.05
549 5 0.01
549 438 0.01
549 1116 0.2
549 1471 0.2
549 353 0.01
549 886 0.01
182 182 0.05
182 1653 0.05
182 2109 0.05
182 2849 0.01
182 183 0.05
182 1965 0.2
182 91 0.2
182 22 0.2
182 424 0.2
182 2850 0.05
182 4510 0.2
182 2111 0.05
182 426 0.05
182 1124 0.2
182 112 0.05
182 427 0.2
182 46 0.05
182 2108 0.2
182 1047 0.2
182 3812 0.01
182 233 0.2
182 2107 0.2
182 1223 0.2
182 157 0.05
182 461 0.01
182 328 0.2
182 30 0.05
182 719 0.2
182 2106 0.01
182 2112 0.01
182 1056 0.2
182 2105 0.05
182 181 0.2
182 2110 0.2
182 2848 0.05
182 180 0.2
182 89 0.05
6218 6218 0.2
6219 683 0.01
2747 1406 0.2
2747 1407 0.01
2747 3085 0.01
2747 2141 0.2
2747 1000 0.2
2747 2749 0.05
2747 1310 0.2
2747 2965 0.05
2747 2593 0.01
2747 86 0.01
2747 3130 0.2
2747 681 0.05
2747 739 0.2
2747 855 0.01
2747 837 0.01
2747 2747 0.2
2747 1694 0.05
2747 740 0.05
2747 1516 0.01
2747 3240 0.05
2747 438 0.05
2747 142 0.2
2747 834 0.05
2747 2750 0.01
2747 3186 0.05
2747 84 0.2
2747 2629 0.01
2747 792 0.2
2747 5884 0.2
2747 91 0.05
2747 2739 0.05
2747 802 0.05
2747 53 0.2
2747 716 0.2
2747 2744 0.05
2747 736 0.2
2747 1693 0.05
2747 3491 0.2
2747 963 0.01
2747 863 0.2
2747 789 0.05
2747 2961 0.2
2747 492 0.2
6220 6220 0.2
5971 3068 0.01
3784 3784 0.01
3784 1105 0.01
3784 116 0.01
3784 1107 0.2
6221 6221 0.2
6221 5389 0.2
1813 1813 0.01
1813 326 0.01
1813 2102 0.01
1813 1804 0.01
1813 1313 0.2
1813 46 0.05
1813 429 0.01
1813 329 0.2
1813 30 0.05
1813 1518 0.2
1813 1104 0.05
1813 306 0.2
1813 1025 0.01
1813 512 0.05
1813 456 0.01
1813 578 0.05
1813 248 0.01
1813 1839 0.05
1813 1819 0.05
1813 996 0.05
1813 467 0.2
1813 717 0.05
1813 353 0.01
1813 431 0.05
1813 432 0.2
1813 44 0.01
1813 428 0.2
1813 2296 0.2
1813 65 0.05
2229 2229 0.05
2229 46 0.01
2229 429 0.2
2229 6222 0.2
2229 3469 0.2
1189 244 0.01
1189 245 0.2
1189 2501 0.2
1189 6223 0.01
1189 659 0.01
1189 46 0.2
1189 1430 0.05
1189 652 0.2
1189 562 0.05
1189 696 0.2
1189 2457 0.2
1189 714 0.05
1189 5 0.01
1189 457 0.05
1189 1459 0.01
1189 1212 0.2
1189 110 0.01
1189 746 0.05
1189 3644 0.2
1189 647 0.2
1189 30 0.05
1189 747 0.2
1189 427 0.2
1189 2607 0.2
1189 1123 0.05
1189 1753 0.05
1189 290 0.05
1189 2461 0.2
1189 1479 0.2
1189 1020 0.01
1189 137 0.2
1189 175 0.05
1189 3137 0.2
1189 764 0.01
1189 1213 0.01
1189 2453 0.05
1189 126 0.01
1189 101 0.05
1189 2454 0.01
1189 555 0.2
1189 286 0.05
1189 282 0.01
1189 1186 0.2
1189 297 0.05
1189 70 0.01
1189 3035 0.01
1189 246 0.2
1189 1339 0.01
1189 2343 0.05
1189 751 0.01
1189 113 0.01
1189 512 0.05
1189 597 0.01
1189 695 0.05
1189 172 0.05
1189 854 0.05
1189 669 0.2
4980 797 0.05
4980 2878 0.2
4980 30 0.05
4980 829 0.05
4980 1918 0.05
5446 126 0.01
5446 1182 0.05
5446 1254 0.2
883 209 0.01
883 46 0.05
883 22 0.05
883 880 0.2
883 1211 0.05
883 784 0.05
883 1411 0.01
883 1031 0.01
6224 6224 0.2
344 797 0.01
344 323 0.01
344 1401 0.05
344 174 0.2
344 1860 0.2
344 1075 0.2
344 4067 0.05
344 1117 0.2
344 324 0.01
344 345 0.05
344 328 0.01
344 1753 0.05
344 327 0.05
344 3231 0.01
344 595 0.2
344 2346 0.2
344 326 0.2
344 623 0.01
344 466 0.2
344 934 0.01
6225 3314 0.05
6226 6226 0.01
6226 2296 0.2
6226 46 0.2
6227 6227 0.2
142 142 0.01
142 648 0.05
142 792 0.05
142 789 0.05
142 736 0.05
142 584 0.2
142 739 0.05
142 1635 0.2
142 801 0.05
142 738 0.2
142 1309 0.05
142 1690 0.05
142 574 0.01
142 467 0.2
142 1663 0.01
142 1308 0.05
142 701 0.01
142 1307 0.01
142 741 0.05
142 84 0.01
142 740 0.05
142 1053 0.05
142 2249 0.05
142 833 0.2
142 3541 0.2
142 1627 0.01
142 1176 0.2
142 2376 0.01
142 2132 0.01
142 835 0.01
142 1644 0.05
142 1692 0.01
142 1454 0.05
142 1012 0.2
6228 6228 0.05
6229 6229 0.2
6230 6230 0.01
4029 3414 0.05
4029 3288 0.05
4029 924 0.2
4029 5062 0.05
4029 1774 0.2
6231 6231 0.2
6232 427 0.05
4200 4200 0.05
4200 1126 0.01
4200 81 0.05
4200 4201 0.2
4200 883 0.01
4200 65 0.05
4200 784 0.2
374 374 0.01
374 438 0.2
374 12 0.01
374 3574 0.2
374 2967 0.05
374 582 0.01
374 3566 0.2
374 923 0.2
374 2350 0.01
374 2831 0.2
374 329 0.2
374 1963 0.05
374 282 0.05
374 261 0.05
374 3403 0.05
374 3503 0.2
374 214 0.05
374 399 0.2
374 1160 0.2
374 328 0.01
374 335 0.01
374 625 0.2
374 584 0.05
374 3807 0.01
374 622 0.05
374 15 0.2
374 2865 0.2
6233 6233 0.2
928 2877 0.2
928 643 0.01
928 1505 0.2
928 2164 0.05
928 297 0.2
928 342 0.01
928 223 0.01
928 3122 0.2
928 3284 0.05
928 356 0.01
928 1021 0.05
928 495 0.05
928 751 0.05
928 1585 0.2
928 2381 0.05
928 858 0.05
928 987 0.01
928 599 0.2
928 2523 0.01
928 1998 0.2
928 613 0.05
928 983 0.01
928 1841 0.2
928 2295 0.2
928 919 0.05
928 3032 0.05
928 3283 0.05
928 5979 0.01
928 5307 0.01
928 1610 0.01
928 497 0.2
928 98 0.05
928 165 0.01
928 6234 0.05
928 802 0.01
928 22 0.2
928 46 0.01
928 328 0.01
928 1494 0.05
928 1970 0.2
928 577 0.01
928 2793 0.05
928 3468 0.05
928 1826 0.01
6235 4207 0.05
6235 1153 0.2
4746 208 0.05
4746 3117 0.2
4746 2789 0.2
6236 6236 0.2
2550 2550 0.01
2550 194 0.05
2550 274 0.2
2550 655 0.01
2550 624 0.01
2550 312 0.01
2550 1450 0.2
2550 914 0.2
2550 627 0.05
2550 193 0.01
2550 1768 0.2
2550 1524 0.2
6040 6040 0.05
6040 353 0.2
6040 2002 0.2
6040 3408 0.2
6040 2549 0.2
6040 4663 0.01
6040 5108 0.2
6040 2548 0.05
4644 441 0.05
4644 1783 0.01
3436 1043 0.05
6237 310 0.2
6237 2331 0.01
6238 6238 0.2
6238 2839 0.05
6238 2403 0.2
127 2468 0.2
127 125 0.2
1751 438 0.05
1751 1751 0.05
1751 1028 0.05
1751 457 0.05
1751 1435 0.2
1751 4492 0.01
1751 887 0.05
1751 1018 0.05
1751 110 0.05
1751 1750 0.2
1751 1536 0.2
1751 2660 0.2
1751 234 0.2
1751 2602 0.01
1751 1757 0.05
1751 2606 0.01
1751 2604 0.01
1751 471 0.2
6239 6239 0.2
522 1957 0.2
522 126 0.05
522 644 0.2
522 1020 0.2
522 1580 0.01
522 209 0.05
522 438 0.05
522 648 0.2
522 855 0.2
522 739 0.01
522 789 0.05
522 825 0.01
522 1181 0.01
522 826 0.2
522 3192 0.01
522 827 0.2
522 695 0.01
522 854 0.01
522 1592 0.2
522 802 0.01
522 792 0.01
522 780 0.01
522 824 0.05
522 1278 0.2
522 2182 0.2
522 801 0.01
522 211 0.05
522 3389 0.05
522 584 0.05
522 431 0.01
522 3384 0.01
522 3328 0.01
522 786 0.01
522 2239 0.05
522 318 0.2
522 1286 0.2
522 758 0.05
522 835 0.01
522 2629 0.05
522 1301 0.05
522 1167 0.05
522 90 0.01
522 84 0.2
522 681 0.01
522 65 0.2
522 712 0.2
522 5083 0.01
522 536 0.2
522 1454 0.05
522 142 0.01
522 791 0.2
522 346 0.2
522 813 0.2
522 3102 0.05
522 349 0.01
522 162 0.2
522 2632 0.2
522 624 0.05
522 4583 0.05
522 815 0.01
522 1384 0.05
522 1968 0.05
522 588 0.2
522 53 0.05
522 1391 0.05
522 2482 0.2
522 1418 0.2
522 1293 0.01
522 1243 0.01
522 5325 0.01
113 93 0.2
113 764 0.05
113 119 0.05
113 352 0.01
113 714 0.2
113 151 0.2
113 1641 0.05
113 784 0.2
113 4067 0.05
113 887 0.2
113 290 0.01
113 736 0.05
113 105 0.01
113 1339 0.01
113 587 0.2
113 2488 0.01
113 4395 0.01
113 4236 0.2
113 648 0.2
113 1920 0.01
113 492 0.2
113 175 0.01
113 292 0.01
113 1812 0.05
113 45 0.01
113 1189 0.2
113 760 0.05
113 1135 0.2
113 1112 0.2
113 4539 0.05
113 4599 0.01
113 580 0.05
113 1643 0.2
113 746 0.01
113 107 0.05
113 261 0.2
113 3088 0.2
113 318 0.05
113 111 0.05
113 802 0.05
113 919 0.01
113 6015 0.05
113 240 0.2
113 3319 0.2
113 98 0.05
113 1201 0.2
113 3316 0.05
113 1880 0.05
113 233 0.05
5073 2277 0.05
5073 3805 0.2
5060 634 0.05
5060 329 0.05
6240 6240 0.01
1759 324 0.05
1759 792 0.2
1759 323 0.01
1759 1546 0.2
1759 385 0.01
1759 737 0.01
1759 1246 0.01
4511 4511 0.01
4511 22 0.2
4511 5368 0.05
864 864 0.2
864 5321 0.2
864 57 0.01
3635 3635 0.2
3635 328 0.2
3635 1183 0.01
3635 2716 0.2
3635 776 0.05
3635 1394 0.05
3635 286 0.05
3635 46 0.2
3635 126 0.05
3635 30 0.05
3635 1153 0.01
2054 2054 0.2
6241 6241 0.2
197 46 0.05
197 198 0.2
197 196 0.01
197 506 0.2
197 1024 0.01
197 199 0.05
197 172 0.2
197 1452 0.01
197 4344 0.01
197 1078 0.01
197 112 0.2
197 584 0.2
197 195 0.2
197 200 0.2
197 286 0.05
197 353 0.05
197 305 0.2
197 204 0.05
197 203 0.05
197 205 0.05
197 586 0.05
197 191 0.05
197 245 0.01
197 258 0.2
197 201 0.01
197 613 0.05
6242 6242 0.2
6242 46 0.2
6242 6243 0.2
3381 916 0.05
3381 46 0.05
43 43 0.01
43 1548 0.05
43 40 0.2
43 329 0.05
43 1907 0.05
43 1906 0.05
43 440 0.01
43 431 0.01
43 126 0.01
43 1908 0.05
43 802 0.05
43 441 0.05
43 2093 0.05
43 1732 0.2
43 3013 0.2
43 3225 0.05
43 1489 0.01
43 413 0.01
43 1799 0.05
43 1733 0.2
2671 282 0.01
2671 1768 0.01
2671 332 0.2
2671 1451 0.05
2671 2470 0.01
2671 1223 0.2
2671 66 0.01
2671 919 0.2
2671 625 0.01
2671 157 0.05
2671 328 0.01
2671 334 0.01
2671 675 0.01
2671 469 0.05
2671 7 0.05
2671 2282 0.01
2671 583 0.2
2671 336 0.2
2671 189 0.05
2671 751 0.01
2671 830 0.05
2671 4597 0.05
2671 3519 0.01
2671 3986 0.05
2671 3427 0.01
2671 610 0.01
2671 1399 0.2
2671 634 0.05
2671 597 0.01
2671 3911 0.05
2671 1963 0.2
2671 238 0.01
2671 2373 0.05
2671 960 0.05
2671 1377 0.01
2671 187 0.05
2671 1242 0.01
2671 2940 0.2
2671 1369 0.05
2671 3545 0.2
2671 4333 0.2
2671 1153 0.05
2671 1373 0.01
2671 1370 0.2
2671 1416 0.01
2671 62 0.05
2671 261 0.05
2671 773 0.2
2671 1366 0.05
2671 2134 0.05
2671 1301 0.01
2671 897 0.05
2671 3321 0.05
2671 577 0.01
6244 6244 0.2
361 735 0.2
361 1403 0.2
361 46 0.05
361 1580 0.2
361 438 0.01
361 1993 0.2
361 30 0.2
361 719 0.01
6245 1852 0.05
6245 2463 0.05
6245 1607 0.05
6245 1005 0.2
6245 191 0.01
6245 2126 0.05
6245 5502 0.05
6245 1314 0.05
6245 5049 0.01
6246 6246 0.2
3173 3173 0.05
3173 994 0.2
1073 1616 0.2
1073 735 0.2
1073 466 0.05
1073 1917 0.2
1073 3116 0.05
1073 1072 0.05
1073 1020 0.2
1073 324 0.2
1073 1079 0.2
1073 30 0.2
1073 797 0.2
1073 1434 0.05
1073 323 0.2
1073 882 0.05
1073 511 0.05
1073 1401 0.01
1073 2401 0.01
1073 1860 0.01
1073 46 0.2
1073 1075 0.2
1073 328 0.2
1073 1074 0.05
1073 1133 0.05
1073 934 0.05
1073 1476 0.2
1073 1356 0.2
1073 304 0.05
1073 947 0.01
1073 306 0.05
1073 351 0.01
1073 829 0.2
1073 1720 0.05
1073 645 0.01
1073 1495 0.05
1073 172 0.05
1073 1754 0.05
1073 1993 0.05
1073 1117 0.05
1073 719 0.05
1073 1076 0.05
1073 126 0.01
1073 438 0.05
1073 598 0.2
1073 349 0.01
4119 126 0.01
4119 1957 0.01
4119 1187 0.01
4119 6247 0.2
4119 4119 0.05
4119 208 0.2
4119 1704 0.05
4119 3761 0.05
4119 593 0.05
6248 6248 0.05
6249 2366 0.01
6249 2267 0.2
6249 126 0.01
6249 788 0.2
1187 1187 0.2
1187 584 0.2
1187 207 0.05
1187 861 0.05
2784 2784 0.05
2784 1816 0.05
2784 431 0.2
2784 708 0.2
2784 922 0.2
2784 429 0.01
2489 497 0.01
2489 710 0.2
2489 438 0.01
2489 316 0.2
2489 1720 0.01
2489 2078 0.2
2489 286 0.01
6250 6250 0.01
5095 584 0.05
6251 6251 0.2
6252 674 0.01
6252 14 0.05
6252 2831 0.05
6252 1552 0.05
6252 2503 0.2
6252 2984 0.01
6252 3629 0.05
6252 1240 0.01
6253 6253 0.05
2078 1447 0.05
2078 209 0.2
2078 303 0.05
2078 46 0.05
2078 1719 0.01
2078 438 0.05
2078 738 0.2
2078 30 0.2
2078 719 0.01
2078 439 0.2
2078 435 0.01
2078 1894 0.05
2078 2210 0.05
2078 1996 0.01
2078 1022 0.05
2078 1720 0.05
2078 352 0.01
2078 1133 0.2
2078 326 0.2
2078 95 0.05
2078 318 0.01
2078 1086 0.01
2078 437 0.01
2078 577 0.2
2078 431 0.01
2078 1160 0.01
2078 320 0.01
2078 1892 0.05
2078 907 0.05
2078 2078 0.01
2078 316 0.01
2078 436 0.05
2078 5794 0.01
2078 441 0.2
2078 1477 0.05
2078 432 0.2
2078 4191 0.05
2078 286 0.05
2078 2077 0.2
2078 3372 0.2
2078 2068 0.2
2078 304 0.01
2078 555 0.2
2078 538 0.05
2467 2467 0.01
2467 400 0.2
2467 405 0.01
2467 1711 0.2
2467 43 0.2
2467 1548 0.01
451 449 0.2
1436 719 0.05
1436 1436 0.01
1436 797 0.2
1436 118 0.05
1436 735 0.2
1436 46 0.05
1436 1075 0.2
1436 1002 0.05
1436 346 0.2
1436 830 0.05
1436 1293 0.2
6254 6254 0.2
6255 6255 0.2
1638 327 0.01
1638 4882 0.2
1638 46 0.05
2468 109 0.01
2468 3420 0.05
2468 3547 0.05
2468 540 0.01
2468 3546 0.01
2468 1940 0.2
6256 6256 0.05
2673 3797 0.05
2673 328 0.01
3614 642 0.2
3614 3614 0.2
6257 6257 0.2
1730 1730 0.2
1730 323 0.01
1730 316 0.05
1730 658 0.05
1730 93 0.05
1730 6258 0.01
1730 1729 0.2
771 771 0.05
771 597 0.2
6259 1649 0.2
6260 6260 0.05
5185 3417 0.2
5185 23 0.05
2571 2571 0.05
2571 555 0.01
2571 46 0.01
2571 286 0.2
2571 658 0.2
2571 92 0.05
2571 2237 0.05
2571 651 0.05
2571 1081 0.2
2571 2941 0.01
2571 587 0.05
2571 1692 0.2
2571 5852 0.01
2571 329 0.2
2571 760 0.05
2571 738 0.01
2571 2538 0.2
2571 1028 0.2
2571 45 0.2
2571 1496 0.01
2571 1488 0.2
2571 1027 0.01
2652 2652 0.01
2652 46 0.05
2652 438 0.2
2652 738 0.01
2652 1447 0.2
2652 30 0.01
2652 642 0.2
2652 1022 0.01
2652 1720 0.05
2652 352 0.05
1832 1832 0.01
1832 919 0.05
1832 89 0.2
1832 214 0.01
1832 1830 0.05
1832 157 0.05
1832 1831 0.05
1832 1833 0.01
1832 532 0.01
1593 1593 0.05
1593 1234 0.2
3252 3252 0.05
3252 194 0.2
3252 167 0.01
3252 165 0.2
6261 2838 0.05
461 461 0.05
461 1899 0.05
461 1521 0.01
461 890 0.01
461 1154 0.05
461 166 0.05
461 3087 0.05
461 399 0.01
461 680 0.2
461 3409 0.2
461 1653 0.2
461 2108 0.05
461 188 0.01
461 233 0.05
461 182 0.2
461 80 0.05
461 53 0.2
461 1223 0.01
461 1181 0.2
461 1052 0.2
461 4189 0.2
461 1378 0.05
461 646 0.2
461 2034 0.01
461 463 0.2
461 1743 0.2
461 2243 0.2
461 3073 0.05
461 67 0.01
461 57 0.05
461 337 0.05
461 232 0.2
461 181 0.05
461 610 0.01
461 1277 0.2
461 1178 0.2
461 683 0.01
461 3090 0.05
461 1160 0.01
461 1881 0.2
461 1190 0.05
461 1592 0.05
461 1316 0.2
461 1319 0.2
461 815 0.05
461 1656 0.01
461 50 0.05
461 1545 0.2
461 3416 0.01
461 773 0.2
461 804 0.05
461 1142 0.01
461 2964 0.05
461 1246 0.2
461 1975 0.2
461 460 0.01
461 862 0.05
461 1415 0.01
461 62 0.01
2536 326 0.01
2536 466 0.05
2536 2247 0.2
2536 325 0.05
2536 323 0.05
2536 5503 0.01
2536 1661 0.01
2536 529 0.01
2536 1021 0.2
2536 306 0.01
2536 2304 0.05
2536 1401 0.05
2536 2094 0.2
2536 543 0.01
2536 2401 0.2
2536 1075 0.05
2536 324 0.01
2536 345 0.01
2536 1117 0.05
2536 719 0.2
2536 6262 0.05
2536 523 0.01
2536 3049 0.05
2536 791 0.2
1688 751 0.2
1688 6263 0.01
1688 45 0.01
4939 4939 0.05
6264 6264 0.2
6265 6265 0.2
6266 2023 0.01
6266 2192 0.05
6267 6267 0.01
6268 3281 0.01
6269 6269 0.05
4979 286 0.01
4979 126 0.05
4979 248 0.01
4979 4979 0.01
6021 2522 0.05
6021 46 0.2
6021 439 0.01
3250 295 0.2
3250 3250 0.01
6270 6270 0.2
6271 6271 0.05
6272 6272 0.2
1293 1293 0.01
1293 1292 0.01
1293 4612 0.05
878 328 0.2
878 719 0.05
878 30 0.2
878 1079 0.2
878 326 0.01
878 323 0.05
878 858 0.2
878 882 0.01
878 880 0.05
878 79 0.05
878 1401 0.01
878 659 0.01
878 743 0.2
878 1075 0.05
878 438 0.05
878 305 0.05
878 440 0.2
878 746 0.05
878 22 0.01
878 1583 0.05
878 1799 0.05
878 3017 0.05
878 784 0.05
878 286 0.05
878 466 0.2
878 878 0.05
878 881 0.05
6273 6273 0.01
6274 6274 0.2
6275 6275 0.05
1316 1316 0.05
1316 242 0.01
1316 4405 0.01
1316 2214 0.05
1316 430 0.2
1316 4527 0.2
1316 3892 0.2
1316 34 0.05
1316 4406 0.05
1316 1319 0.2
1316 683 0.01
1316 1613 0.05
1316 1745 0.01
1316 984 0.05
1316 3850 0.01
1316 1816 0.01
1316 802 0.05
1316 646 0.2
1316 1156 0.2
1316 2215 0.2
1316 3340 0.2
1316 173 0.2
1316 377 0.2
1316 1788 0.2
1316 3370 0.2
1316 1058 0.01
944 613 0.01
944 1373 0.2
944 2142 0.2
944 3820 0.05
944 2635 0.05
944 4601 0.2
944 157 0.05
944 5603 0.01
944 1258 0.01
944 1254 0.05
944 2664 0.05
944 129 0.2
944 3799 0.05
944 5527 0.05
1217 1223 0.05
1217 1217 0.2
1217 1022 0.01
1217 513 0.01
1217 597 0.2
1217 518 0.01
1217 46 0.01
1217 1201 0.05
1217 328 0.01
1217 30 0.01
1217 352 0.05
1217 1123 0.01
1217 3316 0.05
1217 104 0.01
1217 1378 0.05
1217 45 0.2
1217 1021 0.05
1217 605 0.2
1217 232 0.01
1217 62 0.01
1217 946 0.05
1217 1154 0.05
1217 449 0.01
5884 5884 0.2
5884 2747 0.2
5884 2750 0.01
5884 681 0.05
3072 3072 0.2
3072 2721 0.01
3072 2722 0.01
3072 1520 0.05
3072 424 0.2
3072 22 0.05
3072 425 0.2
3072 3071 0.05
3072 118 0.05
6276 6276 0.01
6276 1229 0.01
2729 1449 0.2
6277 6277 0.05
6277 2196 0.01
2100 2100 0.2
2100 3124 0.05
2100 1569 0.05
2100 1778 0.2
2100 612 0.2
2100 1156 0.05
2100 148 0.01
2100 2625 0.01
2100 1912 0.01
2100 375 0.05
2100 1579 0.05
2100 283 0.2
2100 1969 0.05
2100 3670 0.01
2100 1562 0.2
2100 3024 0.2
2100 277 0.2
2100 296 0.01
2100 271 0.01
2100 2799 0.2
2100 1089 0.05
2100 2517 0.01
2100 800 0.05
2100 2797 0.2
2100 399 0.2
2100 2269 0.2
2100 3127 0.01
2100 1626 0.2
2100 1473 0.05
2100 2267 0.05
2100 1795 0.2
2210 209 0.05
2210 352 0.2
2210 318 0.01
2210 46 0.05
2210 30 0.05
2210 438 0.2
2210 1720 0.05
2210 1160 0.2
2210 738 0.2
2210 1022 0.2
2210 95 0.2
2210 431 0.01
2210 1894 0.2
2210 443 0.01
2210 1086 0.2
2210 435 0.05
2210 2210 0.01
2210 1081 0.2
2210 1288 0.01
2210 1447 0.05
2210 439 0.05
2210 2078 0.05
2210 1996 0.01
2210 437 0.01
2210 5236 0.05
2210 6278 0.05
2210 316 0.05
2210 436 0.2
2210 440 0.2
2210 1892 0.01
2210 93 0.05
2210 434 0.01
2210 907 0.2
2210 441 0.2
2210 2553 0.01
2210 4066 0.01
2210 908 0.05
2210 1583 0.01
2210 286 0.05
2210 1116 0.2
2210 506 0.2
2210 353 0.01
2943 172 0.05
2943 2320 0.05
2943 555 0.2
2231 441 0.2
2231 639 0.2
2231 431 0.2
2231 318 0.2
2231 373 0.05
2231 1770 0.05
2231 2231 0.2
2231 1910 0.01
2231 429 0.2
2231 1160 0.2
2231 584 0.01
2231 2703 0.01
2231 1022 0.2
1067 1067 0.01
1067 157 0.05
777 777 0.05
777 5923 0.01
777 1277 0.2
777 126 0.2
777 2232 0.2
777 1378 0.01
777 1394 0.05
777 711 0.2
777 3423 0.2
777 3427 0.2
777 2125 0.2
777 2774 0.2
777 3288 0.05
777 2126 0.05
777 1384 0.2
777 708 0.01
777 775 0.05
777 173 0.01
777 1020 0.05
777 1174 0.01
777 2782 0.2
777 3425 0.2
777 768 0.05
777 3436 0.01
777 1331 0.2
777 6279 0.05
777 6043 0.01
777 714 0.2
777 1890 0.2
1378 62 0.2
1378 1420 0.05
1378 6280 0.01
1378 2740 0.01
1378 2265 0.05
1378 188 0.01
1378 4612 0.2
1378 37 0.2
1378 186 0.01
1378 6281 0.05
1378 187 0.05
1378 2085 0.2
1378 6282 0.2
1378 6283 0.01
1378 214 0.01
1378 6284 0.01
1378 5244 0.01
1378 276 0.2
1378 6285 0.2
1378 708 0.05
1378 4060 0.05
1378 2177 0.2
1378 3259 0.01
1378 5876 0.2
1378 4130 0.01
1378 457 0.2
1378 162 0.01
1378 3795 0.05
1378 4565 0.01
1378 819 0.01
1378 2083 0.05
1378 2149 0.05
1378 516 0.05
1378 6286 0.05
1378 638 0.05
1378 80 0.05
1378 167 0.01
1378 6287 0.05
1378 4171 0.05
1378 4953 0.01
1378 1160 0.01
1378 1860 0.01
1378 604 0.05
1378 627 0.01
1378 1178 0.05
1378 1826 0.01
1378 6288 0.01
1378 858 0.05
1378 3766 0.05
1378 231 0.2
1378 5040 0.2
1378 82 0.05
1378 1319 0.05
1378 2969 0.01
1378 258 0.01
1378 1494 0.2
1378 65 0.05
1378 807 0.05
1378 1373 0.2
1378 768 0.2
1378 1642 0.2
1378 613 0.05
1378 919 0.05
1378 946 0.05
1378 441 0.05
1378 683 0.01
1378 232 0.2
1378 6289 0.01
1378 124 0.2
1378 885 0.2
1378 3032 0.2
1378 2296 0.2
1378 1673 0.2
1378 598 0.05
1378 2162 0.01
1378 1611 0.05
1378 261 0.01
1378 461 0.2
1378 1965 0.01
1378 1377 0.01
1378 2245 0.05
1378 4635 0.05
1378 2940 0.01
1378 1858 0.05
1378 413 0.01
1378 336 0.05
1378 2953 0.01
1378 4714 0.05
1378 4261 0.01
1378 45 0.05
1378 104 0.05
1378 836 0.05
1378 2034 0.01
1378 2240 0.05
1378 1145 0.05
1378 40 0.01
1378 2705 0.05
1378 6290 0.05
1378 1971 0.01
1378 4958 0.05
1378 274 0.01
1378 125 0.05
1378 809 0.05
1378 1874 0.05
1378 6291 0.05
1378 1360 0.2
1378 1387 0.2
1378 5069 0.2
1378 2934 0.2
1378 1485 0.2
1378 3510 0.01
1378 93 0.2
1378 1182 0.05
1378 6292 0.2
1378 965 0.2
1378 5824 0.05
1378 1369 0.2
1378 1667 0.05
1378 1254 0.05
1378 1651 0.01
1378 6293 0.2
1378 2673 0.2
1378 6294 0.2
1378 5604 0.01
1378 5393 0.01
1378 2664 0.2
1378 3258 0.05
1378 5054 0.2
1378 1623 0.01
1378 1263 0.05
1378 6295 0.2
1378 1289 0.2
1378 5021 0.05
1378 2710 0.05
1378 778 0.01
1378 439 0.01
1378 5973 0.2
1378 430 0.01
1378 788 0.2
1378 1031 0.01
1378 1057 0.05
1378 577 0.01
1378 2286 0.2
1378 1268 0.05
1378 1261 0.05
1378 5643 0.2
1378 4616 0.01
1378 4615 0.05
1378 629 0.01
1378 2298 0.05
1378 234 0.2
1378 110 0.05
1378 2793 0.01
1378 3424 0.2
1378 5698 0.05
1378 197 0.05
1378 297 0.2
1378 1246 0.2
1378 275 0.01
1378 4237 0.05
1378 3629 0.05
1378 934 0.05
1378 2690 0.05
1378 2672 0.01
6296 6296 0.01
6297 6297 0.05
4395 4395 0.2
4395 238 0.01
4395 4236 0.01
4395 113 0.05
4395 3338 0.01
4395 290 0.05
4395 747 0.01
4395 137 0.05
6298 6298 0.05
6299 6299 0.05
1018 92 0.05
1018 801 0.01
1018 104 0.2
1018 1751 0.01
1018 652 0.01
547 547 0.05
547 438 0.2
547 523 0.01
547 525 0.01
547 2512 0.01
547 1993 0.2
547 577 0.05
547 1495 0.01
547 4581 0.2
3776 1847 0.05
3776 577 0.05
3776 348 0.01
3776 642 0.01
3776 710 0.2
3776 310 0.2
3776 3776 0.05
3776 858 0.05
3776 2355 0.01
6300 885 0.2
6300 894 0.05
6300 3716 0.01
6300 891 0.05
6301 6301 0.05
6302 6302 0.01
1833 1833 0.05
1833 1830 0.05
1833 1832 0.2
1833 2222 0.2
2457 1222 0.2
2457 1499 0.01
2457 377 0.2
2457 137 0.05
2457 110 0.2
2457 1479 0.2
2457 2454 0.01
2457 747 0.2
2457 1127 0.01
2457 290 0.05
2457 105 0.01
2457 2453 0.05
2457 659 0.01
2457 2456 0.01
2457 1604 0.05
2457 2459 0.01
2457 748 0.01
2457 2461 0.05
2457 2289 0.01
2457 1205 0.2
2457 1210 0.2
2457 746 0.01
2457 2278 0.2
2457 2455 0.2
2457 22 0.01
2457 426 0.05
2457 424 0.2
2457 112 0.01
2457 1214 0.2
2457 2378 0.01
2457 749 0.01
2457 1605 0.05
2457 1219 0.05
2457 79 0.01
2457 2460 0.05
2457 647 0.01
2457 13 0.01
2457 3216 0.01
2457 3147 0.05
2457 2458 0.01
6303 6303 0.05
6303 148 0.05
2271 171 0.2
2271 172 0.05
2271 1314 0.05
2271 2271 0.05
2271 350 0.05
2271 933 0.2
2271 934 0.05
2271 1019 0.2
2271 525 0.2
2271 827 0.01
598 1211 0.2
598 1122 0.2
598 2332 0.05
598 1126 0.05
598 273 0.2
598 282 0.05
598 297 0.2
598 424 0.2
598 764 0.05
598 641 0.05
598 1603 0.2
598 845 0.2
598 2521 0.01
598 1453 0.2
598 3807 0.05
598 4697 0.05
598 770 0.2
598 2823 0.2
598 1171 0.01
598 3770 0.01
598 2420 0.01
598 3204 0.05
598 1723 0.05
598 1230 0.05
598 1123 0.2
598 562 0.05
598 640 0.01
598 2845 0.2
598 2861 0.05
598 1068 0.05
598 801 0.2
598 4664 0.05
598 2949 0.2
598 274 0.2
598 5556 0.01
598 1134 0.2
598 5002 0.05
598 362 0.01
598 593 0.05
598 539 0.2
598 63 0.05
598 1042 0.05
598 1533 0.2
598 541 0.2
598 1560 0.01
598 1337 0.01
598 2457 0.01
598 1924 0.01
598 1909 0.01
598 290 0.05
598 2785 0.01
598 588 0.2
6304 286 0.2
6304 324 0.01
6304 52 0.01
6305 6305 0.05
6306 6306 0.05
6307 6307 0.2
6307 4539 0.01
6222 643 0.05
6222 2229 0.01
6222 46 0.05
6222 429 0.01
6308 6308 0.01
1757 2602 0.2
1757 5431 0.2
1757 1751 0.2
1757 126 0.01
1757 2619 0.01
1757 2603 0.01
1757 2606 0.01
1757 2604 0.2
1757 780 0.05
1757 3466 0.2
6309 6309 0.2
6310 30 0.01
548 438 0.2
548 548 0.01
548 329 0.01
548 34 0.05
548 316 0.05
548 46 0.05
548 467 0.2
548 525 0.01
548 736 0.01
548 2745 0.01
548 1697 0.05
548 103 0.01
548 503 0.2
548 207 0.01
548 362 0.01
548 2950 0.2
548 157 0.01
548 261 0.2
548 4887 0.2
548 751 0.2
548 757 0.2
548 1427 0.2
548 373 0.2
548 919 0.05
548 18 0.01
548 3105 0.01
548 4189 0.01
548 2539 0.05
548 4218 0.05
548 2685 0.2
6311 6311 0.01
6312 4691 0.2
6313 6313 0.05
6314 6315 0.2
6316 3384 0.01
3001 193 0.05
3001 5153 0.05
3001 5004 0.01
3001 3001 0.05
3001 2790 0.01
6317 6317 0.05
1631 1631 0.2
1631 624 0.01
1631 1524 0.01
1631 2246 0.2
1631 30 0.05
1631 349 0.05
1631 807 0.01
1631 577 0.2
1631 1643 0.05
1631 297 0.01
1631 1517 0.01
1631 2551 0.2
1631 1356 0.05
6318 6318 0.05
6319 6319 0.01
5221 5221 0.05
6320 6320 0.05
986 986 0.01
986 764 0.01
986 30 0.05
986 46 0.2
986 719 0.01
986 1075 0.01
986 121 0.05
986 328 0.05
986 584 0.2
986 438 0.2
986 1839 0.2
986 892 0.01
986 2828 0.01
986 1356 0.05
986 807 0.01
986 1616 0.2
986 1437 0.2
986 468 0.2
986 291 0.01
2240 2240 0.05
1843 1841 0.2
411 411 0.01
6321 6321 0.01
6321 286 0.05
6321 2312 0.01
6321 1135 0.05
6321 1637 0.01
2741 2741 0.01
2741 708 0.01
2741 6322 0.2
2741 349 0.05
2741 30 0.01
2741 46 0.01
2741 151 0.05
2741 555 0.05
2741 714 0.2
2741 233 0.2
2741 2556 0.05
2741 5930 0.2
2741 3531 0.01
2741 2939 0.05
2741 20 0.01
2397 2397 0.2
2397 30 0.2
2397 1493 0.2
187 187 0.01
187 238 0.01
187 121 0.2
187 6323 0.2
187 104 0.05
187 92 0.2
187 651 0.05
187 998 0.01
187 1485 0.05
6324 6324 0.2
1248 1248 0.05
1248 1247 0.05
1248 1092 0.05
1248 1116 0.01
1248 1065 0.2
1248 719 0.01
1248 328 0.05
1248 46 0.2
1248 2538 0.01
1248 1511 0.05
1248 1454 0.2
1248 157 0.2
1248 1629 0.01
1248 576 0.01
1248 1779 0.05
1248 813 0.01
1248 634 0.05
1248 801 0.01
1248 467 0.05
1248 644 0.01
1248 1775 0.01
1248 1586 0.2
1248 417 0.2
1248 1182 0.05
1248 3415 0.01
1248 1163 0.05
1248 2439 0.01
1248 1510 0.2
1248 708 0.01
1248 1622 0.01
1248 1797 0.2
1248 1869 0.01
1248 364 0.2
1248 4743 0.01
1248 2361 0.01
1248 597 0.01
1248 1249 0.05
1248 2352 0.2
1248 1250 0.2
1248 2664 0.05
1248 2085 0.01
1248 1236 0.05
1248 669 0.01
1248 172 0.05
4543 4543 0.01
4543 3218 0.2
4543 399 0.01
3394 3292 0.2
3394 438 0.05
3394 46 0.05
3394 30 0.05
3394 33 0.2
3394 506 0.05
3394 322 0.2
695 172 0.05
695 854 0.2
695 669 0.2
695 1511 0.2
695 697 0.2
2538 1247 0.2
2538 741 0.2
2538 1925 0.01
2538 1663 0.01
6325 6325 0.01
4291 126 0.01
85 85 0.05
85 332 0.01
85 331 0.2
85 637 0.01
85 335 0.05
85 53 0.01
85 48 0.01
85 67 0.2
85 1766 0.01
85 3592 0.01
85 333 0.01
85 144 0.2
85 334 0.05
85 864 0.2
85 720 0.2
85 46 0.01
85 431 0.05
85 148 0.05
85 3385 0.01
85 69 0.01
85 3313 0.05
85 4100 0.2
85 4022 0.2
85 100 0.2
85 330 0.01
85 74 0.2
6326 6326 0.2
3465 3465 0.05
3465 385 0.05
3465 1673 0.05
3465 2409 0.05
3465 3466 0.01
3465 473 0.2
3465 46 0.01
3465 30 0.2
3465 449 0.2
3465 450 0.05
3465 453 0.05
6327 1222 0.05
6327 747 0.2
6327 1562 0.05
6327 296 0.05
6327 295 0.2
6327 3251 0.01
6327 1579 0.01
6327 375 0.05
6327 1052 0.2
6327 647 0.2
6327 110 0.01
6327 79 0.2
6327 290 0.05
6327 286 0.05
6327 137 0.01
6327 165 0.05
6327 30 0.05
6327 3787 0.2
6327 659 0.2
6327 2457 0.01
6327 1218 0.05
6327 1479 0.05
6327 1499 0.05
6327 749 0.2
6327 1213 0.2
6327 46 0.05
6327 1546 0.2
6327 714 0.01
6327 872 0.05
6327 746 0.05
6327 22 0.2
6327 751 0.01
6327 764 0.2
6327 426 0.05
6327 424 0.05
6327 1503 0.01
6327 292 0.01
6327 1583 0.2
6327 329 0.05
6327 175 0.2
6327 2290 0.05
6327 157 0.01
6327 1169 0.2
6327 603 0.2
6327 582 0.01
6327 1781 0.2
6327 708 0.01
6327 1145 0.01
6327 3202 0.05
6327 425 0.01
6327 640 0.01
6327 2420 0.2
6327 598 0.01
6327 1156 0.01
6327 1203 0.05
6327 652 0.2
6327 2453 0.2
6327 105 0.2
6327 108 0.01
6327 4959 0.05
6327 2456 0.01
6327 911 0.01
6327 3725 0.01
6327 1176 0.01
6327 3742 0.05
6327 2578 0.2
6328 1344 0.05
6329 6330 0.2
2243 2861 0.05
2243 181 0.05
2243 1653 0.01
2243 80 0.01
6331 6331 0.01
6331 1416 0.01
2563 934 0.05
2563 2562 0.05
2563 457 0.01
2563 1308 0.01
2563 1167 0.2
2449 2449 0.2
2449 5803 0.01
2449 6 0.01
2449 612 0.05
2449 2452 0.01
2449 2444 0.01
2449 2446 0.05
6332 6332 0.01
6332 59 0.01
6333 336 0.05
892 892 0.01
892 1798 0.2
892 986 0.2
892 346 0.01
892 807 0.01
892 2535 0.05
892 779 0.2
892 1418 0.05
892 1512 0.01
892 711 0.05
892 3112 0.05
892 774 0.01
892 2254 0.01
4405 4405 0.01
4405 1318 0.05
4405 646 0.01
4405 2214 0.05
4405 1316 0.01
4405 242 0.2
4405 1317 0.01
4405 2495 0.01
4405 430 0.01
4405 3892 0.01
4405 1319 0.01
4405 307 0.05
4405 4406 0.01
6334 764 0.2
6335 6335 0.05
3407 4057 0.01
3407 23 0.2
995 44 0.2
995 797 0.05
995 938 0.05
995 597 0.05
995 438 0.2
995 157 0.05
995 4077 0.01
995 524 0.05
995 593 0.01
995 959 0.2
995 261 0.2
995 712 0.2
995 1472 0.2
4622 4622 0.05
4622 46 0.01
4622 438 0.2
311 311 0.01
311 232 0.2
311 841 0.2
311 9 0.01
311 214 0.01
311 30 0.05
311 1941 0.05
311 329 0.05
311 234 0.01
311 556 0.2
311 346 0.05
6336 6336 0.01
6337 6337 0.05
6338 424 0.01
2408 2405 0.05
2408 2408 0.2
1646 1646 0.05
1646 121 0.01
1646 328 0.05
1646 165 0.05
1646 167 0.01
1646 295 0.05
1646 603 0.01
1646 194 0.05
1646 1450 0.01
1646 3599 0.01
1646 3565 0.2
1646 2314 0.01
1646 3250 0.01
1646 594 0.2
1646 1223 0.01
1646 639 0.2
1646 2993 0.05
1646 679 0.05
1646 296 0.01
1270 943 0.01
1270 19 0.05
1270 232 0.05
1270 1022 0.05
1270 431 0.2
1270 596 0.05
1270 126 0.01
1270 148 0.01
1270 1912 0.05
1270 579 0.2
1270 2652 0.01
1270 30 0.01
1270 642 0.05
1270 46 0.05
1270 438 0.05
1270 4066 0.05
1270 714 0.05
1270 5 0.01
1270 2417 0.2
1270 436 0.05
1270 435 0.2
1270 429 0.01
1270 44 0.05
1270 428 0.05
1270 2141 0.01
1270 643 0.05
1270 2090 0.05
1270 2092 0.01
1270 918 0.01
1270 578 0.01
1270 720 0.2
1270 2215 0.05
1270 1065 0.2
1270 2216 0.2
1270 550 0.2
1270 802 0.05
1270 2361 0.2
2464 2464 0.2
2464 1364 0.05
2464 2890 0.01
6339 4767 0.05
6339 593 0.01
6339 255 0.05
6339 582 0.2
6339 623 0.05
6339 841 0.2
6339 2550 0.2
6339 442 0.2
6339 21 0.2
6340 6340 0.2
4206 1624 0.2
4206 613 0.01
4206 1316 0.05
4206 795 0.2
4206 328 0.2
4206 625 0.01
4206 1964 0.01
4206 4206 0.05
3288 780 0.01
3288 2482 0.05
3288 346 0.01
3288 3112 0.01
3288 1418 0.01
3288 174 0.05
3288 4582 0.01
3288 3288 0.2
3288 779 0.05
3288 3050 0.01
3288 349 0.01
3288 3566 0.05
3288 1436 0.2
3288 1417 0.2
3288 1391 0.05
3288 678 0.05
3288 1585 0.05
3288 2125 0.05
6341 6341 0.05
5287 5285 0.01
6342 6342 0.01
6342 119 0.2
1817 1817 0.01
1817 2002 0.05
1817 306 0.01
1817 577 0.2
1817 533 0.05
1817 542 0.2
1114 1114 0.05
1114 784 0.01
1114 1691 0.2
1114 3323 0.01
1114 492 0.2
1114 760 0.05
6343 6343 0.05
3002 441 0.2
3002 431 0.05
3002 46 0.05
3002 1288 0.05
3002 5436 0.2
3002 3002 0.01
3002 1548 0.2
3002 4779 0.05
3002 1634 0.05
3002 2635 0.2
3002 408 0.01
3002 6344 0.01
3002 1385 0.05
3002 6345 0.01
3002 3324 0.01
3002 3558 0.2
3002 2225 0.01
3002 1685 0.05
3002 5084 0.05
3002 5437 0.01
3002 5807 0.05
3002 5673 0.01
3002 6186 0.05
3002 6086 0.01
3002 2235 0.01
3002 3458 0.2
3002 4369 0.01
3002 5166 0.01
3002 5012 0.01
6346 6346 0.2
4526 335 0.01
4526 1766 0.05
4526 332 0.01
6347 1343 0.2
6347 506 0.01
6347 859 0.01
6347 2246 0.2
247 247 0.2
247 1464 0.2
247 254 0.2
6348 6348 0.01
6349 6349 0.05
4025 4025 0.01
4025 714 0.01
4025 286 0.01
4025 327 0.05
4025 126 0.05
4025 46 0.2
4025 1921 0.05
4025 329 0.05
4025 324 0.05
4025 2681 0.05
4025 30 0.01
4025 1343 0.01
4025 1075 0.01
4025 385 0.2
4025 387 0.01
6350 6350 0.2
6351 6351 0.2
5693 5693 0.2
5693 801 0.05
5693 2667 0.05
5693 2772 0.01
5693 650 0.05
2860 854 0.2
2860 735 0.01
2860 724 0.2
2860 695 0.05
2860 1598 0.2
2860 46 0.01
2860 1592 0.05
2860 30 0.01
2860 719 0.01
6352 6352 0.05
1227 1227 0.05
1227 869 0.01
1227 1226 0.05
1227 282 0.2
1227 379 0.01
1227 998 0.05
1227 1230 0.2
1227 694 0.2
1227 1723 0.01
6148 6148 0.01
6148 269 0.05
1314 237 0.05
1314 1422 0.05
1314 2332 0.05
1314 1534 0.2
1314 2271 0.05
1314 791 0.05
1314 810 0.01
1314 934 0.05
1314 172 0.2
1314 2172 0.01
1314 171 0.01
1314 350 0.01
1314 933 0.01
1314 912 0.2
1314 501 0.05
1314 913 0.05
1314 827 0.01
1314 34 0.2
1314 762 0.01
1314 134 0.01
1314 135 0.05
4958 4958 0.2
4958 399 0.05
3397 3397 0.05
3397 956 0.01
3397 972 0.01
3397 316 0.2
3397 1223 0.2
3397 923 0.05
3397 703 0.01
3397 858 0.2
3397 19 0.2
3397 188 0.05
3397 2199 0.2
3397 82 0.01
6353 6353 0.01
144 145 0.05
144 642 0.2
144 352 0.05
144 13 0.05
144 1022 0.05
144 145 0.01
144 286 0.01
144 1434 0.05
144 349 0.05
144 332 0.05
144 1020 0.05
144 328 0.05
144 53 0.01
144 282 0.01
144 46 0.01
144 1766 0.05
144 3591 0.05
144 265 0.2
144 147 0.05
144 1752 0.01
144 637 0.05
144 30 0.01
144 51 0.05
2303 2303 0.2
2303 34 0.05
2303 591 0.01
2303 1114 0.01
2303 238 0.2
2303 4009 0.01
6354 6354 0.05
736 736 0.2
736 801 0.01
736 1635 0.01
736 738 0.2
736 792 0.2
736 1546 0.05
736 858 0.2
736 1075 0.05
736 286 0.2
736 737 0.01
736 1691 0.2
736 345 0.01
736 1309 0.2
736 327 0.01
736 1211 0.05
736 1690 0.2
736 1516 0.2
736 1086 0.2
736 1799 0.01
736 574 0.2
736 467 0.05
736 1023 0.2
736 1663 0.05
736 1097 0.2
736 104 0.2
736 1307 0.2
736 1308 0.05
736 701 0.05
736 92 0.2
736 734 0.05
736 739 0.01
736 84 0.01
736 741 0.2
736 740 0.2
736 1053 0.01
736 1428 0.01
736 833 0.05
736 835 0.01
736 3541 0.2
736 2132 0.2
736 2249 0.05
736 1627 0.2
736 4236 0.05
736 750 0.2
736 1176 0.05
736 648 0.05
736 142 0.05
736 2376 0.05
736 789 0.01
736 1644 0.01
736 584 0.05
736 91 0.2
736 86 0.01
736 1628 0.05
736 1689 0.2
736 656 0.2
736 834 0.2
736 97 0.05
736 3076 0.01
736 1298 0.05
736 836 0.2
736 106 0.05
736 1435 0.01
736 1020 0.01
736 175 0.2
736 879 0.05
736 1692 0.2
736 837 0.05
736 3077 0.01
736 1024 0.05
736 1693 0.01
736 1694 0.01
736 855 0.2
736 1286 0.2
736 2237 0.05
736 1026 0.05
736 859 0.01
736 3078 0.05
736 353 0.01
736 795 0.2
736 1659 0.01
736 1454 0.05
736 2213 0.01
736 1452 0.01
736 3100 0.2
736 856 0.01
736 853 0.2
736 3079 0.05
736 90 0.2
736 2666 0.05
736 5995 0.2
736 1818 0.2
736 405 0.2
736 610 0.05
736 163 0.05
736 1895 0.2
736 1311 0.01
736 1027 0.2
736 2681 0.2
736 2261 0.05
736 3065 0.01
736 2629 0.2
736 1033 0.01
736 1697 0.05
736 1304 0.2
736 3117 0.2
736 2262 0.05
736 2799 0.01
736 790 0.2
736 2263 0.05
736 2961 0.05
736 3191 0.2
736 1698 0.01
736 3491 0.2
736 3118 0.01
736 3490 0.2
736 802 0.05
6355 6356 0.05
6357 6357 0.2
5253 5253 0.01
993 3343 0.05
993 3268 0.05
993 626 0.2
993 3904 0.01
993 737 0.05
993 263 0.01
993 45 0.2
993 923 0.2
993 3395 0.2
993 597 0.2
993 1116 0.01
993 751 0.05
993 282 0.01
6358 6358 0.05
6359 51 0.2
6359 6359 0.01
1857 1857 0.01
1857 1855 0.2
1857 3096 0.05
1857 1688 0.05
1857 1775 0.01
6360 285 0.2
6360 284 0.2
6360 287 0.2
6360 6360 0.2
6360 277 0.05
6361 6361 0.01
6362 6362 0.2
6363 316 0.05
6363 6363 0.2
6363 46 0.2
6363 1447 0.2
6363 431 0.01
6363 352 0.2
6363 440 0.2
6363 286 0.2
6363 1086 0.2
6363 2078 0.2
6363 1892 0.01
6363 642 0.05
6363 326 0.2
6363 329 0.01
6363 506 0.01
6363 1116 0.01
6363 428 0.01
6363 1847 0.2
796 796 0.01
796 2214 0.05
796 1024 0.2
796 2226 0.05
796 785 0.2
4894 4894 0.01
6364 2150 0.2
6364 4005 0.01
6364 970 0.01
6364 1959 0.01
6364 1164 0.01
6364 1069 0.01
6364 4499 0.01
6364 3089 0.05
6365 6365 0.05
4249 2505 0.05
1124 112 0.05
1124 118 0.01
1124 424 0.05
1124 425 0.01
1124 22 0.2
1124 770 0.2
3414 3414 0.01
3414 625 0.2
3414 6366 0.05
3414 4679 0.05
3414 2742 0.01
3414 716 0.05
3414 68 0.01
3414 4281 0.2
3414 6367 0.05
2883 2883 0.2
2883 445 0.01
2883 1451 0.05
2883 649 0.01
2883 1495 0.01
2883 438 0.05
2883 1117 0.01
2883 1752 0.05
2883 324 0.2
2883 1847 0.2
2883 3667 0.05
2883 332 0.01
2883 1436 0.01
2883 1597 0.01
2883 701 0.05
2883 826 0.2
2883 916 0.05
2883 1181 0.01
2883 172 0.2
2883 807 0.05
2883 1844 0.05
2883 6136 0.01
2883 950 0.01
2883 2614 0.2
2883 577 0.05
2883 774 0.2
2883 780 0.01
2883 14 0.01
2883 2464 0.2
2883 349 0.05
2883 46 0.01
2883 983 0.01
2883 2887 0.05
5242 5242 0.2
3435 3435 0.01
1024 1024 0.05
1024 4546 0.05
1024 431 0.01
1024 469 0.05
1024 1818 0.2
6368 6368 0.2
2151 2151 0.05
2151 963 0.01
2151 603 0.2
2151 1047 0.2
2151 45 0.2
2151 2517 0.05
2151 1068 0.01
2151 22 0.05
2151 1065 0.01
2151 2141 0.2
2151 113 0.05
2151 1643 0.2
2151 739 0.01
2151 119 0.2
2151 2739 0.05
2151 5905 0.01
6369 6369 0.2
1809 399 0.01
1809 4632 0.2
1809 1716 0.05
1809 4511 0.05
1809 4167 0.2
1809 157 0.2
1809 1060 0.2
1809 429 0.2
1809 328 0.05
1809 4540 0.05
1809 2332 0.2
1809 4254 0.2
1809 362 0.2
1809 1808 0.01
1809 20 0.05
1809 3621 0.05
2443 431 0.2
2443 5 0.01
2443 2443 0.05
2443 46 0.01
2443 1165 0.05
2443 632 0.2
2443 4674 0.05
3017 1074 0.05
3017 30 0.01
3017 305 0.01
3017 46 0.2
3017 286 0.2
6370 6370 0.2
4751 1135 0.01
4751 4751 0.05
4751 666 0.2
4751 669 0.01
4751 670 0.01
4751 154 0.2
4751 274 0.01
4751 2932 0.01
4751 876 0.01
4751 1223 0.05
4751 5030 0.01
4751 331 0.01
4751 282 0.2
4751 1764 0.2
4751 334 0.01
4751 70 0.01
4751 1515 0.2
4751 3781 0.01
4751 1272 0.01
4751 1273 0.01
4751 629 0.01
1782 1782 0.05
6371 6371 0.05
6371 429 0.01
6371 643 0.05
6371 3239 0.2
6371 1554 0.01
2292 2292 0.01
2292 166 0.05
2292 167 0.05
2292 165 0.2
4278 4278 0.05
4278 1799 0.2
4278 191 0.05
4278 4281 0.2
786 837 0.2
786 718 0.01
786 893 0.01
786 801 0.01
786 584 0.01
786 715 0.2
786 3118 0.01
786 522 0.01
786 792 0.01
786 802 0.01
786 2629 0.01
786 2687 0.2
1848 1848 0.05
1848 1490 0.01
1848 791 0.2
1848 1493 0.05
1848 1492 0.2
1370 774 0.05
1370 46 0.01
1370 1370 0.2
1370 711 0.2
1370 3206 0.05
1370 780 0.01
1370 712 0.2
1370 5306 0.01
1370 1968 0.01
1370 898 0.05
1370 13 0.01
1370 438 0.2
1370 492 0.05
1370 3257 0.2
1370 306 0.05
1370 1753 0.2
1370 2463 0.01
1370 1084 0.05
1370 1851 0.2
1370 30 0.01
1370 1364 0.01
1370 2464 0.01
1370 1757 0.01
1370 2372 0.05
6372 6372 0.2
709 2251 0.2
709 2232 0.01
709 1020 0.01
709 717 0.05
709 830 0.2
709 1049 0.01
709 157 0.2
709 2252 0.01
709 30 0.2
709 719 0.2
709 3429 0.01
709 1869 0.05
709 1539 0.01
4877 4877 0.05
6373 6373 0.01
6374 97 0.2
1221 1221 0.01
1221 22 0.01
1221 1343 0.05
1221 1124 0.2
1221 424 0.05
1221 426 0.05
1221 46 0.2
1221 112 0.2
1221 1220 0.2
1221 282 0.2
6375 6375 0.01
948 741 0.2
948 1211 0.01
948 1031 0.01
948 2312 0.05
948 2681 0.2
948 883 0.05
948 1464 0.2
948 852 0.05
948 1216 0.2
948 1176 0.01
948 738 0.2
948 736 0.01
948 3240 0.01
948 46 0.01
948 2727 0.01
948 1860 0.05
948 948 0.01
948 148 0.2
948 1218 0.05
948 1411 0.2
948 296 0.05
948 290 0.05
948 137 0.01
948 784 0.05
948 4075 0.05
948 1408 0.05
948 919 0.05
948 45 0.01
948 297 0.05
948 648 0.05
948 286 0.01
948 166 0.01
948 111 0.05
948 1548 0.01
948 506 0.05
948 805 0.05
948 1441 0.2
948 525 0.2
948 917 0.2
948 751 0.01
948 103 0.01
948 323 0.05
948 801 0.2
948 1126 0.2
948 429 0.01
948 987 0.2
948 187 0.01
948 992 0.2
948 328 0.01
948 658 0.2
948 2861 0.2
948 2521 0.01
948 1089 0.2
948 19 0.2
948 1816 0.2
948 17 0.01
948 385 0.2
948 1278 0.05
948 794 0.01
948 1047 0.01
948 207 0.2
948 2439 0.2
948 850 0.05
948 209 0.05
948 206 0.05
948 375 0.2
948 1579 0.2
948 1562 0.01
6376 6376 0.05
6376 4855 0.2
1756 943 0.05
1756 1756 0.2
1756 1837 0.05
1756 1931 0.01
1756 2188 0.05
1756 101 0.01
1756 2190 0.05
1376 1376 0.05
6377 6377 0.05
4697 4697 0.01
6378 789 0.05
6378 506 0.01
6379 6379 0.01
1161 1809 0.2
1161 1147 0.01
1161 1373 0.05
5008 716 0.01
5008 4129 0.05
5008 116 0.05
5008 1107 0.05
3677 3677 0.2
3677 1028 0.05
60 60 0.01
60 791 0.2
60 328 0.2
60 646 0.2
5721 1386 0.05
6380 6380 0.01
3897 3897 0.01
3897 1988 0.01
3897 349 0.01
3897 2670 0.2
3897 66 0.01
3897 716 0.2
3897 4152 0.05
4515 4515 0.2
1894 435 0.01
1894 318 0.01
1894 1996 0.2
1894 436 0.05
1894 1086 0.05
1894 2284 0.2
1894 209 0.01
1894 1616 0.01
1894 434 0.2
1894 316 0.01
1894 46 0.05
1894 438 0.01
1894 1447 0.2
1894 30 0.01
1894 440 0.01
1894 432 0.05
1894 1436 0.2
1894 437 0.01
1894 719 0.01
1894 4643 0.05
1894 2210 0.05
1894 1022 0.2
1894 1720 0.01
1894 352 0.05
1894 1133 0.01
1894 326 0.01
1894 95 0.05
1894 431 0.2
1894 441 0.2
1894 1160 0.2
1894 439 0.01
1894 1116 0.01
6381 46 0.05
5318 5318 0.01
5318 126 0.2
5318 2913 0.2
5318 642 0.01
5318 467 0.01
5318 787 0.01
5318 1584 0.05
5318 2754 0.05
5318 128 0.2
6382 6382 0.01
1404 1400 0.01
1404 1404 0.05
1404 174 0.01
1404 466 0.01
1404 1002 0.05
1404 1403 0.01
1404 2555 0.05
1404 4116 0.05
6383 2284 0.2
35 887 0.05
35 1150 0.01
35 32 0.05
35 33 0.05
35 753 0.2
35 25 0.05
35 34 0.05
35 31 0.01
35 26 0.01
35 29 0.05
35 28 0.05
35 27 0.01
35 71 0.05
35 224 0.05
35 35 0.01
35 3839 0.2
35 2609 0.2
35 3179 0.2
35 807 0.01
284 277 0.05
284 1015 0.2
284 647 0.01
284 46 0.05
284 22 0.05
284 285 0.2
284 287 0.2
284 284 0.01
284 1162 0.01
284 193 0.01
284 2246 0.05
5157 5157 0.01
6384 6384 0.2
6385 209 0.2
5031 5031 0.01
2361 405 0.2
2361 400 0.05
2361 1711 0.05
2361 654 0.2
2361 2474 0.2
2361 2473 0.2
2361 30 0.01
2361 1980 0.01
2361 2352 0.05
2361 813 0.2
2361 2467 0.2
2361 708 0.05
2361 1248 0.01
2361 737 0.2
2361 192 0.01
2361 2466 0.2
2361 931 0.2
2361 2469 0.05
2361 1858 0.2
2361 2360 0.2
2361 2361 0.05
2361 1662 0.05
2361 1309 0.05
2361 188 0.05
2361 4591 0.05
2361 1770 0.2
2361 793 0.05
6386 6386 0.2
2324 4126 0.2
2324 2249 0.2
2324 2891 0.2
2324 3276 0.01
2324 19 0.2
2324 2503 0.05
2324 6387 0.05
2324 232 0.05
2324 591 0.01
2324 4125 0.01
2324 2941 0.05
2324 841 0.05
2324 1701 0.01
2324 474 0.2
2324 1675 0.05
2324 251 0.01
2324 764 0.05
2324 747 0.2
2324 3377 0.2
2324 578 0.05
2324 2325 0.05
2324 2326 0.05
2324 1886 0.05
2324 638 0.01
2324 2412 0.2
2324 2324 0.01
6388 6388 0.01
6389 6389 0.01
835 835 0.2
835 736 0.05
835 739 0.2
835 740 0.05
835 1627 0.05
835 648 0.2
835 142 0.2
835 2376 0.2
835 1644 0.2
835 1689 0.01
835 584 0.01
835 741 0.01
835 834 0.01
835 656 0.01
835 1628 0.05
835 86 0.2
835 91 0.01
835 833 0.05
835 801 0.01
835 84 0.05
835 1690 0.2
835 3186 0.2
835 1692 0.2
835 837 0.01
835 738 0.05
835 1298 0.2
835 1454 0.05
835 855 0.01
835 90 0.2
835 3491 0.01
835 859 0.05
835 1548 0.05
835 1286 0.05
835 318 0.05
835 2629 0.05
835 522 0.2
6390 6390 0.05
2486 242 0.01
2486 1632 0.01
2486 5810 0.01
5045 5045 0.01
5045 1634 0.05
1307 1307 0.01
1307 736 0.01
1307 1308 0.05
1307 801 0.2
1307 739 0.05
1307 142 0.05
1307 648 0.05
1307 574 0.05
1307 405 0.2
1307 2799 0.05
6391 6391 0.05
860 857 0.2
860 175 0.01
860 329 0.05
860 86 0.2
860 141 0.2
860 734 0.05
860 2727 0.05
860 351 0.01
3446 445 0.05
3446 2919 0.05
3446 151 0.01
3446 1153 0.05
3446 747 0.2
4397 4397 0.2
4397 2923 0.2
4397 2922 0.01
4397 345 0.05
4397 327 0.05
6392 6392 0.05
2827 2827 0.01
31 34 0.05
31 46 0.05
31 1075 0.05
31 30 0.01
31 324 0.01
31 32 0.01
31 328 0.2
31 719 0.01
31 1020 0.2
31 737 0.05
31 29 0.2
31 28 0.05
31 26 0.2
31 27 0.01
31 33 0.01
31 638 0.2
31 753 0.01
31 807 0.01
6393 6393 0.2
6393 9 0.01
4196 45 0.05
4196 1337 0.05
4196 2798 0.01
4196 4196 0.2
4326 4131 0.2
4353 92 0.05
4353 4379 0.01
2401 328 0.2
2401 719 0.2
2401 1075 0.01
2401 1087 0.05
2401 326 0.2
2401 1117 0.05
2401 1401 0.2
2401 30 0.01
2401 323 0.05
2401 306 0.01
2401 324 0.01
2401 1020 0.05
2401 46 0.01
2401 1073 0.05
2401 1104 0.01
2401 1490 0.05
6394 6394 0.05
4012 4012 0.01
4012 3477 0.2
6395 6395 0.05
6396 6396 0.2
3612 328 0.05
3612 30 0.05
3612 2877 0.05
3612 46 0.2
6397 6397 0.2
3000 35 0.05
3000 178 0.01
3000 177 0.01
3000 1326 0.2
4164 4164 0.01
4164 4163 0.2
6398 6398 0.01
3330 3099 0.01
653 632 0.2
653 1154 0.01
653 175 0.01
653 653 0.2
653 30 0.05
653 126 0.05
653 1742 0.05
653 80 0.01
653 506 0.01
653 46 0.05
653 438 0.05
653 303 0.05
653 431 0.01
653 353 0.05
653 2014 0.2
653 882 0.05
653 1740 0.05
653 1356 0.05
653 805 0.05
653 727 0.2
653 649 0.05
653 1847 0.05
653 349 0.05
653 2226 0.2
653 511 0.2
653 326 0.2
653 1020 0.01
653 346 0.05
653 719 0.2
653 492 0.05
653 1490 0.01
653 513 0.2
653 1495 0.2
653 1416 0.01
653 1930 0.01
653 715 0.2
653 577 0.01
653 1362 0.01
653 711 0.01
653 1393 0.05
653 717 0.2
653 1871 0.01
653 1741 0.05
653 324 0.2
653 2348 0.2
653 2464 0.2
653 774 0.05
653 645 0.05
653 348 0.2
653 345 0.2
653 1753 0.2
653 1471 0.01
653 2260 0.2
653 1869 0.05
653 709 0.2
653 718 0.2
653 1436 0.05
653 830 0.2
653 1293 0.01
5573 578 0.2
5573 5573 0.05
5573 431 0.05
5573 429 0.2
5573 428 0.2
5573 612 0.05
5573 46 0.01
5573 618 0.01
5573 720 0.2
5573 1247 0.2
5573 175 0.05
5573 126 0.05
5573 1816 0.05
5573 1049 0.2
6399 6399 0.05
6400 6400 0.05
6401 6401 0.01
408 408 0.2
6005 6005 0.01
57 59 0.2
57 58 0.2
57 50 0.05
57 61 0.2
57 1767 0.2
57 51 0.2
57 333 0.05
57 331 0.2
57 48 0.01
57 6402 0.2
57 864 0.05
57 2874 0.01
57 337 0.05
57 1769 0.05
57 861 0.2
57 227 0.2
57 67 0.2
57 853 0.05
57 637 0.05
57 1766 0.05
57 282 0.2
57 330 0.05
57 57 0.01
57 1988 0.05
5495 1492 0.2
5495 3935 0.01
5495 2831 0.05
6403 6403 0.01
5112 5435 0.05
1565 1278 0.01
1565 1991 0.05
1565 126 0.01
1565 1990 0.2
4364 4364 0.01
4364 46 0.2
4364 30 0.05
4364 677 0.01
4364 328 0.05
4364 2879 0.01
4364 1022 0.2
4364 90 0.2
4364 856 0.05
4364 348 0.05
4364 1227 0.05
4364 329 0.05
4364 175 0.05
4364 286 0.05
4364 49 0.05
4364 405 0.2
6404 6404 0.05
1136 4003 0.01
1136 14 0.2
1136 764 0.2
1136 1136 0.01
1136 1554 0.2
6405 1439 0.01
6405 786 0.2
6405 715 0.01
6405 549 0.05
6405 506 0.01
6405 536 0.05
6405 2251 0.05
6405 1326 0.01
4800 826 0.05
4800 282 0.2
4800 328 0.2
3579 3579 0.2
3579 3578 0.2
3400 3400 0.01
3400 1816 0.01
3400 242 0.05
3400 157 0.05
6406 6406 0.2
3508 3911 0.05
3508 3508 0.01
525 1993 0.2
525 438 0.05
525 501 0.05
525 523 0.05
525 2272 0.05
525 1633 0.2
525 791 0.01
525 577 0.01
525 934 0.2
525 174 0.05
525 1117 0.2
525 34 0.05
525 1927 0.2
525 807 0.01
525 525 0.2
525 913 0.2
525 350 0.2
525 323 0.2
525 531 0.05
525 126 0.05
525 939 0.01
525 530 0.2
525 2512 0.05
525 391 0.05
525 1314 0.05
525 1441 0.05
525 171 0.05
525 2271 0.01
525 949 0.05
525 977 0.01
525 1436 0.05
525 469 0.05
525 714 0.05
525 1495 0.01
525 242 0.01
525 780 0.05
525 545 0.2
525 712 0.01
525 893 0.2
525 336 0.01
525 547 0.05
525 912 0.05
525 1 0.05
525 2 0.05
525 1004 0.2
525 1001 0.05
525 492 0.01
525 1352 0.2
525 2246 0.2
525 3405 0.2
525 4581 0.2
525 328 0.2
525 460 0.05
525 511 0.05
525 513 0.05
525 1831 0.01
525 2173 0.05
525 1851 0.05
525 1968 0.2
6407 6407 0.01
6408 6408 0.05
953 14 0.05
953 827 0.05
953 858 0.2
953 739 0.2
953 736 0.05
953 1548 0.05
953 1797 0.05
953 863 0.2
953 718 0.05
953 40 0.2
6409 6410 0.2
1958 1957 0.2
1958 67 0.05
1958 74 0.05
1958 1283 0.2
1958 48 0.05
1958 70 0.01
1958 1764 0.01
1958 234 0.05
6411 6411 0.2
6412 6412 0.05
6412 1187 0.01
6412 578 0.01
6412 802 0.2
1000 3740 0.05
1000 1407 0.01
1000 584 0.2
1000 1406 0.05
1000 1521 0.01
1000 242 0.01
1000 1835 0.2
1000 438 0.05
1000 2568 0.01
1000 2747 0.05
1000 1694 0.2
1000 142 0.05
1000 739 0.01
1000 736 0.2
1000 46 0.2
1000 2749 0.2
1000 523 0.2
1000 1000 0.01
1000 961 0.05
1000 2013 0.05
1000 9 0.2
1000 681 0.05
1000 2965 0.2
1000 525 0.2
1000 4432 0.2
1000 241 0.05
1000 864 0.01
1000 194 0.2
1000 934 0.2
1000 2141 0.2
1000 1943 0.05
1000 837 0.01
784 438 0.2
784 1022 0.2
784 3099 0.05
784 65 0.05
784 886 0.01
784 887 0.01
784 883 0.05
784 1411 0.05
784 1211 0.2
784 108 0.2
784 1641 0.01
784 113 0.2
784 6413 0.01
784 1113 0.05
784 1984 0.05
784 1882 0.2
784 1216 0.05
784 1110 0.05
784 1112 0.2
784 3615 0.01
784 1605 0.2
784 1114 0.2
784 104 0.05
784 1065 0.01
784 2757 0.2
784 2501 0.05
784 3240 0.01
784 878 0.01
784 492 0.05
784 1338 0.2
784 1643 0.05
784 342 0.01
784 527 0.05
784 4037 0.05
784 232 0.01
784 1126 0.05
784 579 0.05
784 1111 0.05
784 258 0.2
3348 3348 0.2
3348 2452 0.05
3348 1991 0.01
3045 3045 0.05
326 328 0.05
326 719 0.01
326 466 0.05
326 1073 0.05
326 30 0.2
326 735 0.01
326 1087 0.2
326 306 0.01
326 1072 0.05
326 1434 0.01
326 1400 0.2
326 2972 0.05
326 2401 0.2
326 645 0.05
326 468 0.01
326 324 0.2
326 1075 0.05
326 1074 0.01
326 623 0.05
326 1020 0.2
326 1117 0.01
326 174 0.05
326 2101 0.01
326 511 0.01
326 934 0.05
326 1313 0.2
326 2102 0.01
326 1084 0.05
326 577 0.05
326 1433 0.2
326 1082 0.05
326 1633 0.2
326 1401 0.01
326 323 0.05
326 345 0.2
326 2103 0.2
326 797 0.01
326 1436 0.01
326 558 0.01
326 349 0.05
326 352 0.2
326 350 0.01
326 1079 0.01
326 668 0.2
326 1086 0.01
326 1719 0.01
326 1076 0.01
326 652 0.2
326 858 0.05
326 1428 0.2
326 642 0.2
326 1123 0.01
326 305 0.01
326 46 0.01
326 325 0.05
326 2971 0.05
326 3307 0.01
326 40 0.01
326 3262 0.05
326 3612 0.2
326 846 0.2
326 1759 0.01
326 327 0.05
326 2402 0.2
326 677 0.05
326 878 0.01
326 2588 0.2
326 3569 0.01
326 1637 0.01
326 3517 0.2
326 1081 0.05
326 1100 0.2
326 1021 0.2
326 1860 0.2
326 1085 0.05
326 3649 0.2
326 1753 0.2
326 1022 0.01
326 438 0.01
326 2078 0.2
326 436 0.2
326 379 0.01
326 1160 0.2
326 2626 0.05
326 286 0.05
326 1023 0.05
326 104 0.01
326 92 0.01
326 555 0.01
326 739 0.01
326 1116 0.2
326 764 0.01
326 746 0.2
326 647 0.05
326 506 0.2
326 353 0.01
326 1430 0.05
326 4214 0.05
326 1661 0.05
326 2536 0.2
4085 3101 0.05
4085 4085 0.01
2189 286 0.01
2189 943 0.2
2189 2189 0.01
2189 578 0.01
2189 1755 0.01
2189 1756 0.01
2189 1931 0.2
2189 101 0.2
6414 6414 0.01
6415 6415 0.05
6416 3189 0.2
6416 30 0.05
6416 46 0.05
6417 6417 0.2
4582 4582 0.05
4582 1416 0.2
2218 316 0.2
2218 303 0.05
2218 304 0.01
1202 1202 0.01
6292 6292 0.2
6292 825 0.05
6292 126 0.01
6292 522 0.2
6292 286 0.2
6292 121 0.01
6292 1476 0.2
6292 1957 0.05
6292 175 0.05
6292 644 0.2
6292 1280 0.2
2031 2031 0.05
2031 1451 0.01
2031 1992 0.2
2031 1898 0.2
2031 1994 0.05
2031 1995 0.05
2031 1628 0.01
2031 2032 0.05
2031 1339 0.2
1966 418 0.05
1966 2578 0.01
1966 328 0.05
1966 1586 0.2
1966 184 0.2
1966 1775 0.2
1966 165 0.05
6418 6418 0.01
3509 2134 0.2
3509 1168 0.01
3509 469 0.01
6419 6419 0.2
6420 6420 0.01
6421 6421 0.05
593 126 0.05
593 593 0.01
593 597 0.2
593 1992 0.01
593 251 0.05
593 197 0.2
593 48 0.01
593 2020 0.01
593 914 0.05
593 1602 0.01
593 556 0.05
593 801 0.01
593 564 0.05
593 791 0.05
593 63 0.01
593 858 0.01
593 1921 0.05
593 1585 0.05
593 2420 0.2
593 3296 0.2
593 1819 0.01
593 961 0.05
593 214 0.2
593 1486 0.2
593 2211 0.05
593 1756 0.2
593 1880 0.2
593 44 0.2
593 586 0.01
593 1165 0.2
593 1172 0.05
593 108 0.01
593 658 0.05
593 528 0.2
593 4163 0.2
593 757 0.05
593 599 0.2
593 703 0.05
593 429 0.2
593 712 0.01
593 919 0.2
593 19 0.2
593 1047 0.2
593 904 0.2
593 322 0.2
593 2141 0.05
593 524 0.2
593 943 0.01
593 274 0.01
593 362 0.2
593 1415 0.05
593 594 0.05
593 2021 0.01
593 954 0.2
593 958 0.05
593 953 0.05
593 89 0.05
593 644 0.05
593 45 0.2
593 329 0.05
593 971 0.2
593 805 0.01
593 3652 0.01
593 469 0.05
593 613 0.01
593 841 0.05
593 959 0.05
593 103 0.2
593 207 0.01
593 1650 0.2
593 1072 0.05
593 804 0.2
593 718 0.05
593 157 0.05
593 580 0.01
593 598 0.2
593 846 0.05
593 939 0.01
593 34 0.2
593 917 0.05
593 751 0.05
593 1393 0.01
593 93 0.01
593 1167 0.2
593 987 0.2
593 633 0.01
593 610 0.01
593 995 0.01
593 1660 0.05
593 242 0.01
593 357 0.05
593 996 0.01
593 261 0.2
593 255 0.01
593 1091 0.05
593 2412 0.01
593 246 0.2
593 997 0.01
593 631 0.01
593 2185 0.2
593 596 0.05
593 928 0.01
593 2522 0.2
593 1545 0.01
593 985 0.05
593 793 0.01
593 17 0.01
593 606 0.05
593 766 0.05
593 2405 0.05
593 46 0.2
593 1399 0.01
593 926 0.05
593 1278 0.2
593 18 0.05
593 3028 0.01
593 349 0.05
593 348 0.05
593 711 0.01
593 2377 0.01
593 110 0.2
593 893 0.01
593 934 0.05
593 4892 0.01
593 6 0.01
593 162 0.2
593 1190 0.01
593 3312 0.01
593 2824 0.01
593 399 0.2
593 617 0.05
593 620 0.2
593 2732 0.05
593 619 0.05
593 1494 0.05
593 20 0.05
593 1849 0.01
593 328 0.01
593 525 0.01
593 2745 0.05
593 585 0.01
593 23 0.2
593 1154 0.01
593 1405 0.2
593 3218 0.2
593 891 0.2
593 418 0.01
593 3809 0.2
593 1774 0.2
593 80 0.05
593 1779 0.05
593 773 0.2
593 1187 0.01
593 1163 0.01
593 208 0.05
593 2193 0.05
593 2182 0.05
593 62 0.01
3067 46 0.05
3067 3068 0.01
3067 2622 0.01
3067 3066 0.01
3067 5971 0.01
3067 609 0.2
3067 424 0.2
6422 6422 0.05
1655 1655 0.01
1655 329 0.05
1655 46 0.01
1655 353 0.01
1655 3099 0.2
1655 126 0.05
1655 30 0.2
1655 1898 0.2
1655 1451 0.01
1655 175 0.01
1655 506 0.01
1655 1315 0.01
1655 1809 0.2
6423 6423 0.05
724 592 0.2
724 724 0.01
724 972 0.05
724 251 0.01
724 1216 0.01
222 222 0.2
222 214 0.2
222 2225 0.01
222 225 0.01
6424 6424 0.2
472 472 0.2
425 424 0.05
425 118 0.01
425 770 0.01
425 22 0.05
425 112 0.01
425 425 0.01
425 1124 0.2
425 426 0.05
425 427 0.05
425 423 0.05
425 3758 0.2
425 640 0.2
425 273 0.05
425 1171 0.05
425 2721 0.01
425 1520 0.01
425 1177 0.2
425 3770 0.05
425 2004 0.01
425 764 0.05
425 1123 0.01
425 2521 0.05
425 2420 0.2
425 282 0.2
425 1723 0.01
425 1231 0.05
1356 735 0.05
1356 1616 0.01
1356 468 0.01
1356 623 0.2
1356 934 0.2
1356 1313 0.01
1356 577 0.01
1356 30 0.05
1356 1633 0.05
1356 1079 0.01
1356 1020 0.01
1356 1075 0.05
1356 349 0.2
1356 46 0.01
1356 1074 0.01
1356 511 0.2
1356 1476 0.01
1356 829 0.2
1356 791 0.05
1356 34 0.2
1356 2761 0.2
1356 1925 0.05
1356 481 0.01
1356 1353 0.01
1356 937 0.05
1356 174 0.05
1356 1360 0.2
1356 3178 0.01
1356 2382 0.2
1356 808 0.05
1356 1851 0.05
1356 712 0.05
1356 2347 0.2
6425 6425 0.05
3277 3277 0.05
6426 6426 0.01
2498 2498 0.05
2498 30 0.05
2498 1309 0.2
2498 1798 0.05
2498 46 0.05
2498 2497 0.01
2498 2762 0.05
2498 673 0.05
2498 1493 0.05
2498 1848 0.01
2498 1492 0.05
2498 2904 0.01
2498 3625 0.01
2498 2902 0.05
2498 2252 0.05
2498 126 0.05
3705 3705 0.01
3705 682 0.05
3705 3702 0.2
3705 2227 0.05
3705 722 0.2
3705 3704 0.2
3705 3703 0.2
3705 1519 0.2
3705 1108 0.05
3705 5118 0.01
2066 2066 0.2
2066 4019 0.05
1819 248 0.05
1819 1692 0.05
1819 528 0.01
1819 597 0.2
1819 593 0.2
1819 1813 0.01
1819 996 0.05
1819 1998 0.05
1819 34 0.01
945 431 0.01
945 258 0.05
6427 6427 0.2
997 997 0.2
997 429 0.01
997 30 0.05
997 643 0.01
997 2205 0.05
997 46 0.2
997 431 0.01
997 1823 0.01
997 2207 0.2
997 2208 0.05
997 428 0.2
997 983 0.05
997 2883 0.05
997 248 0.05
997 2561 0.01
997 525 0.2
997 523 0.01
997 1497 0.05
997 3292 0.05
997 2091 0.2
997 430 0.2
997 579 0.05
997 356 0.05
997 393 0.01
997 739 0.05
997 764 0.05
997 1301 0.2
997 329 0.05
997 322 0.01
997 846 0.05
997 362 0.05
997 1483 0.2
997 858 0.01
997 1586 0.2
997 282 0.05
997 246 0.01
997 442 0.2
997 328 0.05
997 613 0.05
997 773 0.2
997 1816 0.01
997 646 0.2
997 2786 0.2
997 3401 0.01
997 1625 0.2
997 19 0.05
997 316 0.01
997 4107 0.01
997 3010 0.05
997 694 0.01
997 379 0.01
997 863 0.05
997 853 0.2
997 3092 0.2
997 425 0.2
997 1028 0.05
997 2522 0.01
997 214 0.05
997 597 0.2
997 524 0.05
997 438 0.2
997 599 0.05
997 996 0.01
997 633 0.05
997 1163 0.01
997 242 0.05
997 6428 0.01
997 1042 0.05
997 1034 0.2
997 631 0.2
997 2782 0.2
997 234 0.2
997 513 0.01
997 418 0.05
997 2259 0.01
997 2780 0.01
997 4101 0.05
997 62 0.05
997 1830 0.2
997 708 0.2
997 2803 0.01
997 1554 0.05
997 2227 0.2
997 2233 0.01
997 619 0.01
997 1893 0.05
997 162 0.2
997 610 0.01
997 703 0.05
997 2673 0.01
997 1545 0.05
997 5722 0.05
997 722 0.2
997 2416 0.05
2407 2406 0.01
2407 2407 0.2
2407 2405 0.01
2407 30 0.2
2407 565 0.2
2407 2410 0.2
2407 960 0.05
1881 1881 0.05
1881 65 0.05
1881 784 0.2
1881 792 0.01
1881 108 0.2
1881 2135 0.01
1881 22 0.05
1881 1879 0.05
1881 2456 0.01
1881 1110 0.05
1881 1880 0.01
1881 107 0.05
1881 45 0.01
1881 3501 0.01
1881 4456 0.05
1881 2226 0.05
1881 461 0.01
1219 746 0.01
1219 652 0.2
1219 2453 0.05
1219 659 0.05
1219 2457 0.01
1219 747 0.2
1219 1214 0.2
1219 2459 0.2
1219 748 0.01
1219 2289 0.01
1219 1218 0.05
1219 1205 0.05
1219 2454 0.2
1219 749 0.05
1219 2460 0.01
1219 3249 0.2
1219 1695 0.05
1219 647 0.05
1219 71 0.05
1219 48 0.05
1219 67 0.05
1364 2464 0.01
1364 774 0.2
1364 711 0.2
1364 1364 0.05
1364 2462 0.05
1364 2348 0.05
1364 2890 0.01
1364 2463 0.05
1364 1869 0.05
6429 6429 0.05
5035 5035 0.01
6322 708 0.2
1936 1117 0.01
1936 841 0.2
1936 1936 0.2
1936 1167 0.01
1936 822 0.01
1936 934 0.2
1936 2327 0.01
1936 4539 0.05
1936 292 0.2
1936 13 0.01
1936 579 0.05
1936 121 0.01
5795 1978 0.01
6430 6430 0.2
6214 6213 0.2
6214 6214 0.01
1699 739 0.01
1699 1699 0.05
1699 3192 0.01
1699 741 0.05
1699 6096 0.01
1699 126 0.2
604 2432 0.05
604 438 0.2
604 46 0.05
604 1151 0.2
604 1047 0.01
604 242 0.01
604 533 0.05
604 536 0.05
604 739 0.05
604 714 0.2
604 857 0.01
604 860 0.2
604 584 0.2
604 286 0.2
604 328 0.01
604 175 0.01
604 157 0.2
604 595 0.01
604 345 0.05
604 525 0.2
604 214 0.2
604 316 0.05
604 4217 0.05
604 2412 0.2
604 1159 0.05
604 895 0.2
604 138 0.05
604 996 0.2
604 1060 0.2
604 1390 0.2
604 297 0.2
604 1154 0.01
604 121 0.01
604 4878 0.01
604 6431 0.2
604 1302 0.01
604 6432 0.05
604 5954 0.05
604 6425 0.01
604 4266 0.01
604 2426 0.2
604 4210 0.01
604 3032 0.05
604 94 0.01
604 4844 0.2
604 19 0.01
604 3910 0.2
604 6130 0.2
604 1164 0.01
604 898 0.01
604 1556 0.05
604 4880 0.05
604 514 0.2
604 4879 0.01
604 44 0.01
604 3509 0.05
604 5306 0.2
604 4942 0.01
604 3008 0.2
604 4622 0.01
604 449 0.2
604 448 0.2
604 1828 0.05
604 452 0.2
604 6433 0.01
604 999 0.05
604 394 0.01
604 617 0.01
604 658 0.05
604 3402 0.05
604 5083 0.2
604 3297 0.05
604 17 0.2
604 215 0.01
604 329 0.05
604 3433 0.01
604 2075 0.05
604 2865 0.05
604 722 0.05
604 2866 0.01
604 2768 0.05
604 4883 0.2
604 1908 0.05
604 172 0.01
604 929 0.2
604 2036 0.05
604 6434 0.05
604 4895 0.2
604 3070 0.05
604 362 0.2
604 2979 0.01
604 125 0.05
604 4434 0.01
604 5448 0.01
604 4273 0.05
604 1467 0.01
604 1471 0.05
604 2687 0.2
604 4899 0.05
604 402 0.01
604 3797 0.01
604 3822 0.01
604 1068 0.2
604 1959 0.01
604 6435 0.01
604 3409 0.05
604 2777 0.05
604 6436 0.05
604 5840 0.01
604 782 0.2
604 63 0.01
6437 6437 0.05
631 630 0.2
21 21 0.05
21 126 0.01
21 1430 0.2
21 46 0.05
21 30 0.2
21 15 0.05
21 2634 0.01
21 757 0.2
21 1849 0.2
21 563 0.05
21 6076 0.01
21 1049 0.2
21 614 0.01
21 4189 0.2
21 20 0.05
21 2141 0.01
21 1190 0.01
21 1814 0.01
21 242 0.2
21 703 0.01
21 107 0.05
21 1064 0.05
21 622 0.05
21 3319 0.2
21 617 0.05
21 2745 0.2
21 93 0.05
21 580 0.01
21 788 0.2
3069 112 0.2
3069 3070 0.01
2561 2561 0.01
6438 974 0.01
6438 1472 0.05
6438 3427 0.05
6438 2615 0.01
6438 729 0.01
6438 110 0.2
6438 1133 0.05
6438 842 0.2
6438 434 0.2
6438 1192 0.05
3484 1575 0.01
3484 1781 0.2
3484 610 0.2
4995 4995 0.2
4995 1025 0.2
4871 4871 0.2
4871 126 0.05
3187 3187 0.01
3187 3188 0.05
4009 2303 0.05
4009 34 0.2
4408 345 0.2
4408 2922 0.01
4408 4067 0.05
6439 6439 0.05
1171 1171 0.2
1171 640 0.01
1171 22 0.05
1171 2949 0.05
1171 2521 0.05
1171 764 0.2
1171 1230 0.01
1171 282 0.2
1171 1228 0.05
1171 2420 0.2
1171 424 0.2
1171 273 0.01
1171 1122 0.01
1171 1126 0.05
1171 1123 0.05
1171 770 0.01
1171 46 0.01
1171 1125 0.05
1171 1177 0.2
1171 359 0.2
1171 869 0.2
1171 425 0.01
1171 1068 0.01
1171 4697 0.05
1171 649 0.05
1171 2823 0.05
1171 3770 0.05
1171 1430 0.01
1171 598 0.01
1171 1723 0.01
1171 3807 0.2
1171 1231 0.01
1171 65 0.05
1171 118 0.2
1171 562 0.01
1171 1124 0.01
1171 647 0.2
1171 5002 0.2
1171 2861 0.05
1171 251 0.05
1171 1047 0.05
1171 488 0.05
1171 1303 0.05
1171 1494 0.01
1171 1190 0.2
1171 3385 0.2
1171 696 0.01
1171 1009 0.2
1171 2441 0.05
1171 2845 0.01
1171 3387 0.05
1171 1229 0.05
1171 4990 0.01
1171 4696 0.05
1171 850 0.01
6440 6440 0.2
1345 2757 0.01
1345 784 0.2
1345 119 0.05
1345 282 0.01
1345 1134 0.05
1345 1345 0.01
1345 624 0.05
1345 2478 0.05
4020 4020 0.01
4020 1398 0.01
5001 5001 0.01
5001 5000 0.05
5358 5358 0.2
1621 1620 0.01
1621 1621 0.2
6441 1915 0.05
6441 316 0.01
6441 111 0.05
6441 174 0.05
6441 439 0.01
6441 1515 0.01
6441 680 0.01
3537 45 0.05
3537 3537 0.01
3537 943 0.05
3537 2190 0.05
3537 261 0.01
3537 157 0.01
3537 1931 0.05
3537 1756 0.2
3537 2188 0.2
3537 1755 0.05
3537 1741 0.2
3537 2787 0.05
1654 1306 0.01
1654 739 0.2
1654 142 0.05
1654 3117 0.01
1654 837 0.01
1654 926 0.2
1654 30 0.2
1654 779 0.2
6442 6442 0.01
6442 326 0.2
6442 324 0.2
6442 30 0.05
6442 561 0.01
6442 4071 0.2
6443 1027 0.01
6443 467 0.05
6443 1765 0.2
6443 1041 0.01
6443 649 0.05
6443 1596 0.01
6443 1594 0.01
6443 3276 0.01
6443 1189 0.2
6443 3319 0.01
6443 982 0.05
6443 1427 0.05
6443 1361 0.2
6443 809 0.01
6443 4003 0.05
6443 1779 0.2
6443 3742 0.05
6443 53 0.01
6443 329 0.05
4724 385 0.05
2 2 0.2
2 3 0.2
2 1 0.01
6444 6444 0.01
6445 6445 0.01
4386 4386 0.05
4386 643 0.05
4386 2318 0.2
4386 2317 0.2
4386 1497 0.01
4386 118 0.05
4386 770 0.2
4386 22 0.2
4386 332 0.2
4386 49 0.05
4386 424 0.05
4386 426 0.01
4386 112 0.2
4396 137 0.05
4396 4396 0.2
6446 6446 0.01
6446 747 0.01
6446 126 0.2
1842 1928 0.01
1842 1658 0.2
1842 2614 0.05
1842 990 0.01
1842 2272 0.01
1842 933 0.2
1842 735 0.01
1842 323 0.05
6447 6447 0.01
856 856 0.05
856 837 0.05
856 1454 0.01
856 97 0.05
856 1692 0.01
856 855 0.05
856 286 0.01
856 739 0.01
856 792 0.05
856 789 0.01
856 1690 0.01
856 4142 0.05
856 142 0.01
856 1799 0.2
856 329 0.05
856 584 0.2
856 86 0.01
856 84 0.01
856 859 0.2
856 3054 0.05
856 2239 0.2
856 3053 0.01
1934 1934 0.2
1934 810 0.01
1934 1626 0.05
1934 1609 0.05
1934 923 0.2
1934 1216 0.05
1934 1079 0.01
1934 905 0.05
1934 1627 0.05
1934 1391 0.01
1934 841 0.05
1934 1628 0.05
1934 1026 0.2
1934 42 0.2
1934 948 0.01
1934 972 0.01
1934 1629 0.2
1934 1201 0.05
1934 922 0.2
1934 1298 0.05
1934 1630 0.2
1934 277 0.2
1934 617 0.05
1934 1631 0.05
1934 853 0.05
1934 795 0.2
1934 1632 0.01
1934 806 0.05
1934 1633 0.01
1934 1634 0.2
1934 1635 0.2
1934 982 0.05
1934 1638 0.01
1934 548 0.05
1934 225 0.05
1934 1087 0.2
1934 1637 0.01
1934 439 0.2
1934 1360 0.01
1934 1636 0.2
1934 1639 0.05
1934 680 0.2
1934 878 0.2
1934 1019 0.2
1934 1640 0.05
1934 1174 0.05
1934 251 0.01
1934 1641 0.01
1934 263 0.2
1934 1642 0.01
1934 1183 0.01
1934 1643 0.01
1934 23 0.01
1934 1644 0.05
1934 1645 0.01
1934 1646 0.01
1934 61 0.01
1934 90 0.01
1934 1647 0.2
1934 958 0.2
1934 1648 0.2
1934 1622 0.2
1934 141 0.01
1934 1650 0.01
1934 357 0.2
1934 1566 0.2
1934 1187 0.05
1934 1651 0.01
1934 1652 0.01
1934 1653 0.05
1934 1064 0.01
1934 96 0.2
1934 1655 0.2
1934 1656 0.2
1934 1585 0.2
1934 98 0.01
1934 1657 0.05
1934 988 0.01
1934 1368 0.05
1934 1658 0.01
1934 91 0.01
1934 1394 0.05
1934 1601 0.01
1934 1352 0.2
1934 1027 0.05
1934 1659 0.05
1934 681 0.05
1934 1660 0.2
1934 1661 0.05
1934 1662 0.05
1934 298 0.01
1934 1182 0.05
1934 785 0.2
1934 587 0.01
1934 1663 0.05
3750 1037 0.01
972 972 0.2
972 1047 0.01
972 67 0.05
972 19 0.05
972 2072 0.05
972 531 0.2
972 34 0.2
972 1172 0.2
972 836 0.05
972 89 0.05
972 528 0.01
972 724 0.05
972 1302 0.2
972 1301 0.01
972 757 0.05
972 956 0.01
972 4122 0.05
972 841 0.01
972 846 0.2
972 1703 0.01
972 518 0.2
972 623 0.2
972 1415 0.01
972 712 0.01
972 923 0.01
972 598 0.01
972 319 0.2
972 429 0.05
972 1927 0.01
972 1019 0.01
972 1281 0.2
972 2021 0.2
972 305 0.2
972 22 0.01
972 3126 0.05
1520 2721 0.05
1520 425 0.05
1520 118 0.01
1520 22 0.2
1520 424 0.2
1520 427 0.05
1520 426 0.05
1520 1124 0.01
1520 112 0.2
1520 2722 0.2
1520 3072 0.05
6448 323 0.01
6448 1842 0.01
6448 1850 0.01
6449 6449 0.2
6449 1046 0.2
6450 6450 0.2
6451 6451 0.2
6452 879 0.2
6452 505 0.05
1023 4329 0.01
1023 1428 0.05
1023 2652 0.05
1023 1546 0.2
1023 738 0.2
1023 30 0.01
1023 1123 0.2
1023 22 0.2
1023 327 0.2
1023 1020 0.01
1023 1799 0.05
1023 3017 0.2
1023 1720 0.2
1023 352 0.05
1023 326 0.01
1023 436 0.01
1023 95 0.05
1023 801 0.05
1023 318 0.2
1023 286 0.2
1023 1022 0.2
1023 104 0.01
1023 92 0.01
1023 1496 0.05
1023 739 0.2
1023 2238 0.01
1023 1027 0.05
1023 1898 0.2
1023 1682 0.01
1023 1119 0.05
1023 1687 0.01
1023 5244 0.2
1023 751 0.2
1023 103 0.05
1023 5490 0.05
1023 1686 0.05
1023 921 0.2
1023 394 0.01
1023 895 0.05
6453 6453 0.2
6453 610 0.01
1844 2614 0.2
1844 1353 0.05
1844 1495 0.2
1844 30 0.01
1844 2883 0.01
1844 579 0.2
1844 1658 0.05
1844 3442 0.01
1844 9 0.2
1844 126 0.2
1844 735 0.2
1844 791 0.05
1844 1024 0.2
1844 46 0.05
1844 807 0.01
1844 939 0.01
1844 577 0.01
1844 1166 0.01
1844 774 0.2
1844 949 0.01
1844 172 0.2
1844 780 0.01
1844 171 0.05
1844 719 0.2
1844 1752 0.2
1844 1847 0.01
1844 950 0.2
1844 174 0.2
1844 103 0.05
1844 1840 0.2
1844 157 0.05
1844 856 0.05
2637 2635 0.2
2637 1892 0.05
2637 907 0.2
2637 1288 0.2
46 46 0.01
46 719 0.05
46 30 0.2
46 1075 0.01
46 1518 0.01
46 13 0.05
46 1022 0.05
46 438 0.05
46 435 0.2
46 303 0.05
46 431 0.2
46 95 0.05
46 1894 0.2
46 1996 0.2
46 318 0.01
46 1720 0.05
46 352 0.01
46 439 0.01
46 305 0.01
46 738 0.01
46 440 0.01
46 316 0.2
46 1447 0.2
46 2210 0.2
46 4643 0.01
46 1160 0.05
46 434 0.2
46 441 0.05
46 432 0.2
46 286 0.2
46 736 0.05
46 883 0.05
46 1477 0.01
46 324 0.05
46 701 0.2
46 2715 0.2
46 2553 0.2
46 1086 0.05
46 436 0.2
46 2078 0.2
46 1892 0.05
46 437 0.01
46 443 0.2
46 351 0.01
46 1123 0.2
46 642 0.05
46 467 0.2
46 468 0.2
46 326 0.01
46 645 0.2
46 4066 0.01
46 1993 0.05
46 22 0.2
46 429 0.01
46 1799 0.2
46 320 0.05
46 1583 0.2
46 780 0.01
46 329 0.05
46 445 0.01
46 506 0.01
46 1116 0.05
46 2002 0.2
46 428 0.2
46 1162 0.2
46 1847 0.05
46 934 0.01
46 1647 0.05
46 446 0.01
46 1818 0.05
46 3136 0.05
46 577 0.05
46 5 0.2
46 647 0.2
46 844 0.01
46 513 0.01
46 1024 0.2
46 405 0.2
46 714 0.05
46 2216 0.01
46 943 0.2
46 1270 0.01
46 643 0.05
46 882 0.01
46 712 0.01
46 523 0.05
46 511 0.2
46 172 0.05
46 525 0.05
46 859 0.01
46 353 0.05
46 328 0.05
46 1068 0.2
73 73 0.2
73 1764 0.05
3029 3029 0.2
3029 46 0.05
4077 4077 0.01
4077 1411 0.01
4077 438 0.01
4077 46 0.05
4077 44 0.2
4077 431 0.01
4077 995 0.05
4077 4076 0.01
4077 30 0.2
4077 385 0.01
4077 784 0.05
4077 286 0.2
4077 714 0.2
4077 1337 0.05
4077 858 0.05
1568 1568 0.05
1568 1278 0.01
1568 126 0.01
1568 1108 0.2
1568 718 0.05
1568 674 0.01
1568 3210 0.05
1568 2902 0.2
3573 45 0.05
3573 13 0.2
3573 1336 0.05
3573 1660 0.05
3573 2610 0.01
453 2749 0.01
453 584 0.05
453 1407 0.05
453 5197 0.05
453 2013 0.05
453 2965 0.05
453 449 0.05
453 524 0.01
453 241 0.01
453 450 0.2
453 452 0.2
453 448 0.2
453 4997 0.05
453 1674 0.2
453 2782 0.2
453 157 0.05
6454 6454 0.05
941 524 0.05
3006 350 0.2
3006 352 0.01
3006 2076 0.05
3006 3786 0.05
3006 4148 0.2
3006 4694 0.05
3006 3572 0.01
6455 6455 0.05
3481 3481 0.05
3481 4679 0.2
3481 634 0.05
3481 1781 0.05
526 1065 0.05
526 1371 0.01
194 194 0.2
194 1450 0.01
194 2171 0.2
194 126 0.2
194 1609 0.01
194 274 0.05
194 624 0.01
194 629 0.01
194 286 0.2
194 30 0.05
194 1641 0.05
194 1571 0.2
194 49 0.05
194 577 0.01
194 764 0.05
194 191 0.2
194 45 0.01
194 289 0.01
194 3598 0.05
194 3408 0.05
194 572 0.01
194 2549 0.01
194 1312 0.2
194 92 0.01
194 167 0.05
194 3565 0.2
194 2615 0.01
194 4220 0.2
194 165 0.05
194 241 0.2
194 584 0.2
194 1000 0.2
194 1909 0.01
194 1533 0.01
194 2160 0.2
194 121 0.01
194 329 0.01
194 336 0.2
194 2917 0.2
194 3601 0.2
194 5094 0.2
194 3252 0.05
194 332 0.01
194 282 0.01
194 331 0.05
194 457 0.2
194 637 0.05
194 1515 0.05
194 1200 0.2
194 603 0.2
194 166 0.2
194 295 0.05
194 3250 0.01
194 67 0.2
194 175 0.05
194 3102 0.05
194 4983 0.01
194 739 0.01
194 918 0.01
194 3599 0.05
194 2292 0.05
194 1175 0.05
194 2550 0.05
194 710 0.05
194 46 0.2
194 193 0.2
194 1768 0.01
194 627 0.2
194 1023 0.05
194 2729 0.01
194 1449 0.05
194 1448 0.2
194 5095 0.01
194 2314 0.2
194 379 0.05
194 385 0.2
194 1211 0.01
194 4653 0.05
194 65 0.01
194 2548 0.05
194 805 0.01
194 2051 0.2
194 328 0.05
194 770 0.01
194 2831 0.2
194 1126 0.05
194 168 0.01
194 333 0.01
194 48 0.2
779 1418 0.01
779 780 0.01
779 346 0.05
779 892 0.05
779 2482 0.05
779 3112 0.05
779 610 0.2
779 2939 0.01
779 1391 0.2
779 2126 0.05
779 3288 0.01
779 2125 0.05
779 1654 0.2
779 349 0.01
779 2144 0.2
779 1373 0.01
779 128 0.01
779 1586 0.01
779 1649 0.2
779 3675 0.01
779 3424 0.05
779 2254 0.05
779 6128 0.05
779 5010 0.2
779 880 0.2
3429 3429 0.05
3429 4166 0.05
3429 2232 0.05
3429 1910 0.05
3429 46 0.2
3429 506 0.01
3429 445 0.01
3429 432 0.01
3429 2 0.01
3429 373 0.05
3429 1171 0.2
3429 2231 0.05
3429 597 0.05
3429 3428 0.01
3429 709 0.2
3429 708 0.2
3429 1654 0.05
3429 324 0.2
3429 438 0.05
6456 6456 0.2
6457 6457 0.2
6457 4386 0.01
6457 770 0.01
6457 22 0.2
6457 426 0.05
6457 424 0.01
6458 6458 0.2
2587 2587 0.01
2587 351 0.05
2587 2076 0.2
2587 2586 0.2
6459 1750 0.2
1674 1674 0.2
1674 1673 0.2
1674 449 0.05
1674 452 0.2
1674 450 0.01
1674 451 0.01
1674 448 0.05
1674 657 0.01
1674 3465 0.01
1674 4997 0.01
1674 453 0.05
1865 1218 0.05
1865 1127 0.05
1865 652 0.05
1865 747 0.2
1865 110 0.01
1865 1499 0.01
1865 138 0.2
1865 1222 0.05
6460 6460 0.01
1237 44 0.2
1237 1236 0.2
1237 431 0.2
1237 435 0.2
1237 4 0.05
1237 1244 0.01
1237 491 0.01
1237 1893 0.05
1237 4775 0.01
1237 1407 0.01
1237 1393 0.2
1237 2141 0.05
1237 531 0.01
1237 4674 0.2
1237 2232 0.01
1237 486 0.05
1237 1908 0.01
1237 639 0.01
1237 1910 0.05
1237 1906 0.05
1237 577 0.01
1237 1352 0.01
1237 790 0.05
1237 5072 0.05
1237 1668 0.05
1237 3095 0.01
1237 1842 0.05
1237 221 0.2
1237 2246 0.2
1237 1512 0.05
1237 737 0.2
1237 623 0.05
1237 1245 0.05
1237 2898 0.01
1237 1825 0.05
1237 1630 0.2
1237 1830 0.2
1237 2240 0.05
1237 2350 0.01
1237 597 0.05
1237 1237 0.01
1237 1514 0.05
1237 632 0.05
1237 2706 0.05
1237 5512 0.2
1237 5327 0.05
1237 2707 0.01
1237 2970 0.01
1237 2235 0.05
1237 983 0.01
1237 2020 0.01
2145 2145 0.2
2990 2482 0.05
2990 2990 0.2
2990 126 0.2
2990 1418 0.05
2990 780 0.01
2428 2427 0.2
2428 1653 0.2
2428 865 0.2
1897 1897 0.2
1897 1896 0.05
4270 4270 0.05
1351 1351 0.05
1351 853 0.2
1351 623 0.2
1351 1370 0.2
1351 1775 0.05
5959 5959 0.05
6461 6461 0.2
6462 6462 0.2
6463 30 0.01
6463 46 0.01
1393 1244 0.05
1393 1237 0.2
1393 5785 0.01
1393 759 0.2
1393 531 0.05
1393 268 0.05
1393 3316 0.01
1393 922 0.2
1393 349 0.2
1393 632 0.01
1393 1738 0.01
1393 988 0.01
1393 938 0.01
1393 335 0.05
1393 1154 0.05
1393 54 0.2
1393 98 0.01
1393 888 0.01
1393 653 0.2
1393 776 0.01
1393 80 0.2
1393 6008 0.01
1393 1741 0.2
1393 597 0.05
1393 1740 0.05
1393 1388 0.2
1393 1277 0.05
6464 1047 0.05
4527 2214 0.2
1519 1519 0.05
1519 806 0.01
1519 2377 0.01
6465 6465 0.2
5554 5554 0.01
5554 1313 0.2
5554 30 0.2
5554 46 0.05
6466 6466 0.05
6467 6467 0.2
6467 642 0.05
1650 1914 0.2
1650 588 0.05
1650 19 0.05
1650 1650 0.2
1650 988 0.2
1650 3103 0.2
1650 94 0.05
1650 144 0.2
1650 1521 0.01
1650 1000 0.05
1650 322 0.05
1650 199 0.05
1650 246 0.01
1650 613 0.05
1650 209 0.2
1650 242 0.2
1650 1496 0.05
1650 157 0.2
1650 809 0.05
1650 1549 0.2
1650 3087 0.05
1650 703 0.01
1650 3433 0.2
1650 787 0.2
1650 1154 0.01
1650 2141 0.2
1650 89 0.05
1650 62 0.01
1650 682 0.2
1650 3609 0.01
1650 2777 0.05
1650 812 0.05
1650 642 0.2
1650 1963 0.2
1650 1153 0.01
1650 625 0.01
1650 1142 0.01
1650 6468 0.2
1650 2754 0.2
1650 802 0.05
3880 3880 0.2
3880 2807 0.05
3880 1529 0.05
3880 708 0.01
3880 2803 0.2
3880 30 0.2
3880 46 0.01
3880 9 0.2
675 675 0.2
675 673 0.01
675 893 0.01
675 671 0.05
675 672 0.2
675 116 0.05
675 2193 0.01
675 925 0.01
6469 2355 0.01
6469 274 0.2
2638 727 0.01
2638 443 0.05
2638 437 0.05
2638 30 0.2
2638 353 0.05
2638 782 0.2
2638 3982 0.05
2638 1049 0.01
2274 62 0.01
2274 92 0.05
2274 1378 0.2
2274 893 0.2
2274 295 0.01
2274 711 0.01
2274 22 0.05
2274 1126 0.2
2274 2570 0.05
2274 882 0.05
2274 45 0.2
2274 469 0.2
2274 751 0.2
2274 2803 0.01
2274 67 0.05
2274 2774 0.2
2274 519 0.2
2274 1369 0.05
561 273 0.01
561 353 0.05
561 1052 0.2
561 561 0.05
1417 1417 0.05
1417 1418 0.05
1417 3288 0.01
1417 2482 0.2
1417 1391 0.01
1417 1517 0.01
1417 789 0.05
1417 1416 0.01
1417 2125 0.05
1417 780 0.05
1104 30 0.01
1104 719 0.2
1104 328 0.05
1104 2401 0.2
6470 6471 0.01
437 437 0.2
437 209 0.01
437 2078 0.05
437 443 0.2
437 46 0.01
437 438 0.01
437 1447 0.2
437 30 0.01
437 1718 0.2
437 1123 0.05
437 439 0.2
437 318 0.2
437 1894 0.05
437 2210 0.01
437 352 0.05
437 1720 0.05
437 1086 0.2
437 431 0.2
437 435 0.2
437 1996 0.05
437 577 0.05
437 1160 0.2
437 440 0.01
437 4191 0.2
437 1860 0.05
437 93 0.01
437 434 0.2
437 1181 0.2
437 1892 0.01
437 858 0.01
437 2553 0.2
437 2290 0.01
437 316 0.01
437 1477 0.2
437 2068 0.01
437 2002 0.01
437 433 0.01
437 314 0.05
437 584 0.05
437 506 0.2
437 1162 0.01
437 441 0.01
437 2725 0.2
437 1834 0.2
437 445 0.01
437 2323 0.05
437 1835 0.05
437 512 0.05
437 582 0.05
437 550 0.2
437 394 0.2
437 429 0.2
437 2216 0.01
437 639 0.05
437 80 0.2
437 1642 0.05
437 215 0.01
437 943 0.05
1581 438 0.01
1581 46 0.05
1581 1123 0.01
1581 1996 0.05
990 1100 0.01
990 1400 0.2
990 1002 0.05
990 30 0.2
990 46 0.2
990 174 0.01
990 324 0.2
990 719 0.05
990 1404 0.01
990 121 0.05
990 1754 0.2
990 466 0.01
990 467 0.01
990 286 0.05
990 1133 0.05
990 329 0.01
990 298 0.05
990 4371 0.2
990 1663 0.2
990 2555 0.01
990 1101 0.01
990 1927 0.05
990 8 0.05
990 1211 0.05
990 304 0.01
990 1047 0.01
990 2614 0.05
990 1001 0.2
990 307 0.2
990 1928 0.01
990 1020 0.05
990 301 0.2
990 1658 0.05
990 1436 0.01
990 171 0.05
990 172 0.2
990 915 0.2
990 2272 0.2
990 1842 0.2
990 934 0.01
990 438 0.05
990 348 0.2
990 2891 0.2
990 2271 0.05
990 350 0.05
990 1841 0.2
990 735 0.05
990 623 0.01
990 512 0.2
990 1840 0.2
990 712 0.01
990 829 0.2
990 349 0.2
990 577 0.2
990 844 0.05
990 780 0.01
990 524 0.05
990 511 0.2
990 305 0.01
990 1752 0.2
990 1495 0.05
990 1847 0.05
990 791 0.05
990 523 0.05
990 3269 0.01
990 1589 0.2
990 1893 0.2
990 810 0.2
990 1049 0.2
990 939 0.01
990 1938 0.2
990 1645 0.05
990 807 0.05
990 1004 0.2
990 2226 0.2
990 892 0.01
990 346 0.2
990 525 0.01
990 4583 0.05
990 2450 0.01
990 1588 0.2
990 126 0.2
990 492 0.01
990 1851 0.01
990 620 0.05
990 303 0.05
990 718 0.01
990 513 0.05
990 1529 0.2
990 982 0.2
990 2302 0.2
990 1075 0.05
990 532 0.01
990 2974 0.05
990 1850 0.05
990 843 0.05
990 1817 0.2
990 4581 0.2
990 4179 0.05
990 2556 0.01
990 1384 0.05
990 2149 0.2
990 728 0.05
4069 2318 0.2
4069 310 0.01
4069 4069 0.01
6472 6472 0.01
6472 2512 0.01
1943 1000 0.2
1943 715 0.05
1943 553 0.2
6473 6473 0.01
6474 6474 0.01
6475 6475 0.2
2698 2002 0.01
2698 306 0.2
2698 1162 0.05
2698 95 0.05
2698 305 0.05
2698 46 0.05
2698 303 0.01
2698 432 0.2
2698 304 0.05
2698 2697 0.2
620 620 0.01
620 593 0.05
620 492 0.05
620 712 0.05
620 830 0.2
620 2450 0.01
620 346 0.01
620 715 0.01
620 2251 0.01
620 780 0.01
3149 3149 0.01
3149 87 0.01
3149 4395 0.05
3149 1179 0.2
3149 2363 0.05
3149 841 0.05
3149 5490 0.2
1366 1366 0.2
1366 289 0.2
1084 1084 0.05
1084 328 0.2
1084 326 0.2
1084 2994 0.05
1084 1371 0.01
1084 1753 0.01
6476 6476 0.05
4144 4144 0.01
4144 234 0.2
110 1590 0.01
110 1499 0.05
110 1127 0.01
110 652 0.2
110 105 0.2
110 1218 0.01
110 108 0.2
110 1862 0.05
110 2453 0.01
110 659 0.01
110 290 0.2
110 764 0.2
110 1122 0.01
110 2289 0.05
110 377 0.01
110 2456 0.05
110 2454 0.05
110 2455 0.2
110 1212 0.01
110 1210 0.01
110 110 0.2
110 349 0.2
110 348 0.05
110 3642 0.2
110 46 0.2
110 3335 0.2
110 1123 0.01
110 1222 0.2
110 1117 0.05
110 1993 0.05
110 325 0.2
110 351 0.05
110 1604 0.01
110 1020 0.01
110 424 0.05
110 324 0.2
110 137 0.2
110 2458 0.2
110 2457 0.05
110 1479 0.05
110 2461 0.01
110 584 0.01
110 747 0.01
110 1605 0.2
110 2378 0.05
110 4395 0.01
110 79 0.2
110 1214 0.05
110 746 0.01
110 748 0.2
110 2459 0.05
110 836 0.01
110 1219 0.2
110 1213 0.01
110 1205 0.05
110 1751 0.05
110 749 0.05
110 1215 0.2
110 743 0.01
110 2460 0.2
110 3338 0.01
110 2501 0.05
110 175 0.2
110 3749 0.05
110 3147 0.05
110 3216 0.2
110 121 0.2
110 1434 0.05
110 209 0.01
110 1921 0.2
110 22 0.2
110 2278 0.2
110 118 0.05
110 1075 0.2
110 858 0.05
110 1847 0.05
110 2320 0.2
110 1247 0.2
110 5127 0.2
110 577 0.05
110 647 0.01
110 1603 0.2
110 112 0.05
110 326 0.2
110 346 0.01
110 3644 0.2
110 3725 0.05
110 3645 0.01
110 1189 0.2
110 1497 0.2
110 3396 0.01
110 1206 0.05
110 1201 0.05
110 3217 0.2
110 376 0.01
110 994 0.05
110 1170 0.05
110 1070 0.01
110 593 0.2
110 1910 0.2
6477 6477 0.05
4671 442 0.2
4671 232 0.05
6478 6478 0.01
1797 1797 0.2
1797 2538 0.05
4749 4349 0.01
4749 1586 0.05
4749 2291 0.2
2295 751 0.01
2295 2164 0.2
2295 2523 0.01
2295 928 0.05
4322 4322 0.01
4322 165 0.2
5270 4539 0.01
5270 46 0.01
5270 225 0.01
5969 5969 0.01
29 29 0.2
29 32 0.2
29 33 0.05
29 31 0.05
29 26 0.01
29 28 0.01
29 27 0.05
29 3241 0.05
6479 6479 0.2
6480 6480 0.01
6481 813 0.05
6482 6482 0.05
2367 2267 0.2
2367 3285 0.05
2367 2367 0.05
2367 2368 0.05
2367 2365 0.01
1937 2879 0.2
1937 1752 0.05
1858 1858 0.05
1858 1856 0.2
1858 1855 0.05
1858 126 0.2
1858 46 0.05
1858 4 0.01
1858 1065 0.01
1858 428 0.2
1858 431 0.05
1858 717 0.01
1858 429 0.2
1858 1223 0.05
1858 3063 0.01
1858 5702 0.05
1383 1383 0.01
1383 45 0.01
1383 2134 0.01
1383 261 0.01
1383 1397 0.05
1383 552 0.2
1383 773 0.05
1383 891 0.05
1383 3455 0.05
1383 597 0.05
1383 4208 0.2
1683 1683 0.05
1683 651 0.05
1683 2543 0.05
1683 2544 0.05
5332 5331 0.2
5332 5332 0.05
5524 5524 0.05
5524 148 0.2
5524 46 0.05
6483 6483 0.01
158 158 0.2
6484 6484 0.01
6485 6485 0.2
6486 1912 0.2
6486 1369 0.05
3201 3201 0.05
207 207 0.05
207 209 0.01
207 210 0.01
207 1549 0.05
207 2745 0.01
207 715 0.05
207 2687 0.2
207 206 0.05
207 6487 0.2
207 4124 0.01
2314 2314 0.2
2314 295 0.01
2314 165 0.01
2314 3250 0.01
2314 603 0.01
2314 1450 0.2
2314 167 0.05
2314 3565 0.05
2314 1646 0.2
2314 2274 0.01
4688 4688 0.01
4688 677 0.05
4688 30 0.2
4688 46 0.05
4688 2891 0.2
6488 6488 0.01
5490 5490 0.05
5490 1023 0.01
5490 1123 0.05
5490 352 0.05
5490 3100 0.01
5490 1898 0.05
5490 841 0.01
5490 3149 0.01
5490 1179 0.05
5490 92 0.01
5490 175 0.05
5490 329 0.01
5490 4353 0.2
5490 784 0.2
5490 1692 0.01
5490 126 0.05
5490 579 0.2
5490 759 0.2
5490 46 0.01
5490 166 0.2
5490 1761 0.05
5490 45 0.01
1012 142 0.2
1012 669 0.01
1012 1430 0.01
1012 649 0.2
1012 328 0.2
1012 1930 0.05
1012 1637 0.01
1012 512 0.05
1012 475 0.01
1012 2662 0.05
1012 861 0.01
2722 1520 0.01
2722 2721 0.05
2722 22 0.05
2722 3072 0.01
2722 2722 0.05
2823 2823 0.2
2823 1177 0.01
2823 3770 0.01
2823 764 0.05
2823 1171 0.05
2823 640 0.01
2823 770 0.05
2823 869 0.2
2823 2949 0.01
2823 22 0.05
2823 282 0.01
2823 1230 0.01
2823 359 0.05
2823 1123 0.2
2823 1122 0.2
2823 2521 0.2
2823 1723 0.2
2823 598 0.05
2823 424 0.05
2823 1231 0.2
2823 837 0.05
2823 3807 0.2
2823 2420 0.01
2823 273 0.01
2823 1068 0.2
6489 1961 0.2
2154 3547 0.05
2154 1068 0.05
6490 6490 0.05
1737 1737 0.01
1737 148 0.2
1737 1912 0.2
3501 107 0.05
3501 65 0.2
2913 2913 0.01
2913 126 0.2
2913 1662 0.05
2913 1580 0.05
2913 1568 0.2
2913 1278 0.05
2913 2746 0.01
2913 718 0.01
2913 584 0.01
2913 3761 0.2
2913 5318 0.2
2913 1668 0.01
2913 128 0.01
2913 457 0.2
2913 672 0.2
2913 2762 0.05
2913 1065 0.2
2913 787 0.2
2913 1492 0.05
2913 5495 0.2
2913 2902 0.05
2913 788 0.05
2913 2754 0.2
2913 4221 0.2
2913 779 0.2
573 362 0.2
573 928 0.01
573 1021 0.05
573 578 0.01
573 703 0.05
573 1091 0.05
6491 6491 0.2
6491 1351 0.05
4226 2340 0.2
4226 2339 0.2
5076 1406 0.05
1512 1512 0.2
1512 1548 0.2
1512 34 0.05
1512 2076 0.01
1512 1313 0.05
1512 830 0.05
1512 904 0.2
1512 303 0.01
1512 929 0.2
1512 4795 0.01
1512 556 0.01
1512 577 0.01
1512 934 0.2
1512 349 0.2
1512 813 0.05
1512 23 0.01
1512 2246 0.05
1512 1175 0.05
1512 193 0.05
1512 4057 0.05
1512 46 0.2
1512 328 0.05
1512 1899 0.01
1512 1237 0.01
1512 3407 0.01
1512 1145 0.01
1512 3403 0.05
1512 1847 0.05
1512 888 0.01
1512 2792 0.2
1512 1586 0.2
1512 892 0.01
1512 1183 0.01
1512 1982 0.05
1512 188 0.05
1512 1418 0.05
1512 1085 0.2
1512 610 0.2
1512 1773 0.01
1512 791 0.05
1512 1510 0.01
1512 1782 0.2
1512 1734 0.01
1512 919 0.2
1512 3915 0.01
1512 124 0.05
1512 230 0.05
1512 1752 0.05
1512 1636 0.2
6492 1562 0.2
6492 1579 0.01
6493 6493 0.2
800 148 0.01
800 2517 0.05
800 118 0.01
800 126 0.05
800 286 0.05
800 714 0.01
800 647 0.2
800 582 0.05
800 327 0.2
6494 6494 0.2
6495 6495 0.01
302 302 0.2
1774 1774 0.01
1774 3482 0.2
1774 1178 0.01
1774 1662 0.05
1774 904 0.2
1774 207 0.05
1774 776 0.2
1774 403 0.01
4257 4257 0.05
4257 5268 0.2
4257 1823 0.01
4257 428 0.01
4257 3742 0.01
4257 4253 0.2
4257 4258 0.2
4257 1974 0.01
4257 46 0.05
4257 863 0.01
6496 6496 0.2
4231 1386 0.2
4231 1379 0.01
4231 5725 0.2
4231 4230 0.01
863 863 0.05
863 801 0.2
863 1823 0.01
863 739 0.01
863 84 0.05
863 1635 0.05
863 142 0.2
863 3292 0.01
863 46 0.05
863 324 0.05
863 855 0.2
863 792 0.05
863 1308 0.05
863 837 0.2
863 91 0.05
863 736 0.01
863 429 0.05
863 802 0.2
863 1000 0.2
863 2751 0.01
863 584 0.05
863 286 0.01
863 714 0.2
863 126 0.01
863 860 0.2
863 4519 0.05
863 30 0.01
863 175 0.05
863 1659 0.2
863 86 0.2
863 857 0.01
863 853 0.2
863 643 0.2
863 3293 0.01
863 3291 0.2
863 718 0.2
863 618 0.01
863 1067 0.05
863 2781 0.2
863 3647 0.2
863 292 0.01
863 3742 0.01
863 1974 0.2
1101 1101 0.2
1101 1616 0.05
1101 46 0.2
1101 30 0.01
1101 1002 0.2
1101 1100 0.05
1101 328 0.2
1101 934 0.01
1101 791 0.05
1101 735 0.05
1101 172 0.01
1101 1075 0.05
1101 595 0.2
1101 326 0.05
1101 719 0.2
1101 324 0.05
1101 344 0.01
1101 2600 0.01
1101 990 0.05
3413 3413 0.05
3413 597 0.2
3413 714 0.01
3413 1579 0.2
3413 1052 0.05
6497 6497 0.01
6498 6498 0.01
1352 577 0.05
1352 2246 0.05
1352 659 0.01
1352 523 0.2
1352 2208 0.01
1352 469 0.05
1352 858 0.2
1352 983 0.2
1352 274 0.2
1352 525 0.05
1352 193 0.2
1352 624 0.01
1352 2550 0.05
1352 1352 0.2
1352 623 0.01
1352 627 0.05
1352 194 0.2
1352 893 0.2
1352 1154 0.05
1352 1246 0.05
1352 547 0.2
1352 793 0.2
1352 621 0.2
1352 2986 0.2
4493 112 0.05
4117 4117 0.2
4117 584 0.05
4117 1407 0.01
6499 6499 0.05
4150 746 0.01
4150 2460 0.01
4150 749 0.01
4150 2289 0.01
4150 659 0.01
4150 747 0.01
4150 290 0.05
4150 1479 0.01
4150 748 0.2
4150 4150 0.2
4150 1671 0.05
4150 1499 0.01
4150 652 0.05
4150 1218 0.05
4150 108 0.2
4150 1862 0.2
4150 2453 0.2
4150 377 0.05
4150 2455 0.01
4150 1212 0.01
4150 3642 0.2
4150 46 0.05
4150 1222 0.2
4150 137 0.05
4150 2457 0.2
4150 1605 0.05
4150 1214 0.05
4150 2459 0.05
4150 1219 0.2
4150 1213 0.01
4150 2501 0.2
4150 647 0.05
4150 4485 0.2
4150 714 0.05
4150 3725 0.2
4150 3645 0.01
6500 1512 0.01
6500 604 0.05
6500 1747 0.01
6501 6502 0.2
1453 1453 0.2
1453 351 0.01
1453 1126 0.01
4583 4183 0.01
4583 1020 0.01
4583 522 0.05
4583 649 0.01
4583 2855 0.01
4583 30 0.05
4583 858 0.2
4583 990 0.01
4583 349 0.01
4583 2226 0.05
4583 1012 0.05
4583 1742 0.2
4583 511 0.05
4583 326 0.01
1927 1927 0.2
1927 172 0.05
1927 1133 0.2
1927 645 0.05
1927 638 0.2
1927 30 0.01
1927 1663 0.05
1927 1616 0.2
1927 1437 0.01
1927 3172 0.01
1927 807 0.2
6503 6503 0.2
6504 6504 0.2
401 397 0.05
401 401 0.2
401 3112 0.05
401 4911 0.05
401 597 0.01
401 594 0.2
4182 4182 0.05
2600 2600 0.05
2600 587 0.2
2600 1167 0.01
2600 323 0.01
2600 46 0.01
2600 1101 0.2
2600 353 0.2
2600 30 0.01
2600 22 0.01
2600 352 0.01
3084 3084 0.05
3084 2593 0.2
881 881 0.05
881 843 0.05
881 2002 0.05
881 882 0.2
881 878 0.05
881 877 0.01
881 306 0.2
881 844 0.05
6505 6505 0.01
5494 577 0.01
2196 2729 0.2
2196 1411 0.2
2196 2195 0.05
1123 1123 0.05
1123 282 0.01
1123 1122 0.01
1985 1984 0.01
1985 576 0.05
1600 1600 0.05
1600 1595 0.01
1600 1234 0.2
6278 2210 0.01
6278 6278 0.2
2850 1653 0.05
2970 2970 0.01
2970 1978 0.01
2970 1238 0.05
2970 597 0.05
2970 625 0.01
2970 1237 0.05
3437 3437 0.01
6506 126 0.2
6506 1117 0.2
3318 912 0.01
6507 6507 0.01
6508 1199 0.05
6508 6508 0.01
581 1190 0.05
581 580 0.2
581 19 0.01
581 579 0.01
581 214 0.2
581 703 0.01
581 2002 0.2
581 362 0.05
581 1162 0.2
581 581 0.05
581 96 0.2
581 2615 0.05
581 2611 0.05
6509 442 0.05
6509 429 0.01
6509 2207 0.2
6509 6509 0.01
6509 1123 0.05
6509 151 0.01
6509 4671 0.01
2522 2522 0.05
2522 46 0.01
2522 431 0.01
2522 439 0.05
2522 271 0.2
2522 1899 0.05
2522 584 0.2
2522 5785 0.05
2522 959 0.05
2522 6021 0.2
2522 5928 0.2
2522 632 0.01
2522 429 0.05
2522 997 0.2
2522 261 0.01
2522 593 0.2
2522 3402 0.05
2522 44 0.01
2522 428 0.05
2522 1060 0.2
2522 1237 0.2
2522 4729 0.01
5206 5206 0.2
5206 1142 0.05
3064 1195 0.01
3064 22 0.05
3064 426 0.2
3064 424 0.05
3064 285 0.2
3064 3064 0.05
1579 296 0.2
1579 943 0.01
1579 1052 0.2
1579 1562 0.01
1579 3024 0.2
1798 1798 0.2
1798 30 0.05
1798 1915 0.01
1798 1133 0.05
1798 827 0.01
1798 328 0.2
1798 1917 0.2
1798 286 0.05
1798 908 0.2
1798 1932 0.05
1798 1633 0.2
1798 1604 0.01
1798 1754 0.05
1798 46 0.01
1798 1454 0.2
1798 345 0.01
1798 2184 0.05
1798 1062 0.05
1798 1815 0.2
1798 1216 0.01
1798 90 0.2
1798 1752 0.01
1798 1314 0.05
1798 1961 0.01
1798 1929 0.01
1798 1602 0.2
1798 514 0.2
1798 647 0.01
1798 1090 0.05
1798 3172 0.05
1798 831 0.05
1798 528 0.01
1798 1083 0.01
1798 1179 0.01
1798 1937 0.05
1798 892 0.01
1798 3476 0.01
1798 60 0.2
1798 910 0.05
1798 9 0.2
1798 1076 0.01
1798 712 0.01
1798 2171 0.05
1798 1356 0.01
1798 171 0.05
1798 2531 0.05
1798 956 0.05
1798 379 0.05
1798 1440 0.05
1798 912 0.2
1798 918 0.2
1798 791 0.2
1798 346 0.2
1798 949 0.2
1798 513 0.05
1798 1091 0.01
1798 525 0.2
1798 2270 0.05
1798 1471 0.01
1798 522 0.01
1798 2985 0.05
1798 3802 0.2
3217 994 0.2
3217 110 0.2
3217 376 0.05
3217 1590 0.01
3217 1170 0.2
3217 3217 0.01
1060 1060 0.2
1060 5928 0.05
1060 604 0.01
1060 996 0.2
1060 261 0.01
1060 1153 0.2
1060 157 0.2
1060 214 0.2
1060 545 0.2
1060 438 0.01
1060 536 0.01
1060 736 0.2
1060 46 0.01
1060 2522 0.2
1060 431 0.01
1060 597 0.2
1060 556 0.2
1060 985 0.05
1060 2134 0.05
1060 3807 0.05
1060 638 0.2
1060 1809 0.2
1060 399 0.05
1060 751 0.01
1060 2143 0.2
1060 1211 0.05
1060 764 0.05
1060 316 0.05
1060 98 0.05
1060 89 0.05
1060 121 0.01
6510 6510 0.01
4712 22 0.2
6511 6511 0.05
5764 919 0.05
6512 6512 0.01
6513 6513 0.01
2248 2248 0.01
2248 326 0.01
2248 352 0.2
2248 30 0.2
2248 46 0.01
2248 40 0.05
2248 1021 0.05
2248 1860 0.05
2248 829 0.2
2248 1915 0.05
2248 1546 0.01
2248 1434 0.2
2248 827 0.2
2248 918 0.2
2248 1720 0.2
2248 1022 0.05
2248 1081 0.01
2248 430 0.01
2248 65 0.2
2248 791 0.01
2248 282 0.05
2248 1616 0.01
2248 784 0.2
2248 33 0.2
2248 121 0.05
2248 719 0.01
2248 1075 0.2
2248 438 0.05
2248 325 0.2
2248 501 0.2
2248 2247 0.2
2248 1798 0.01
2248 434 0.2
2248 112 0.2
2248 165 0.05
6284 6284 0.05
1639 1639 0.01
1639 1020 0.01
1639 328 0.05
1639 46 0.2
1639 30 0.2
1639 719 0.01
1639 737 0.2
1639 112 0.2
1639 172 0.01
1639 934 0.2
1639 797 0.01
1639 791 0.01
1639 2064 0.05
1639 22 0.01
1639 303 0.2
1639 736 0.2
1639 468 0.2
1639 577 0.05
1639 324 0.01
1639 764 0.05
6514 6514 0.2
1552 46 0.01
1552 353 0.05
1552 438 0.2
1552 121 0.05
1552 1545 0.2
1552 506 0.05
1552 431 0.01
1552 714 0.01
1552 157 0.01
1552 3402 0.05
1552 623 0.2
1552 22 0.01
1552 642 0.2
1552 1564 0.01
1552 167 0.05
1552 175 0.05
1552 329 0.2
1552 6515 0.05
1689 1689 0.2
1689 648 0.2
1689 2376 0.05
1689 736 0.01
1689 738 0.05
1689 1690 0.2
1689 739 0.01
1689 741 0.2
1689 84 0.2
1689 1053 0.05
1689 833 0.2
1689 1176 0.05
1689 142 0.01
1689 789 0.01
1689 740 0.01
1689 656 0.05
1689 46 0.01
1689 86 0.2
1689 801 0.2
1689 1635 0.2
1689 835 0.2
1689 1298 0.2
1689 91 0.2
1689 106 0.01
1689 1628 0.2
1689 97 0.2
1689 837 0.2
1689 3077 0.2
1689 3541 0.05
1689 1627 0.01
1689 834 0.2
1689 1640 0.01
2350 2350 0.01
2350 399 0.01
2350 3856 0.05
2350 235 0.01
2350 1754 0.05
2350 780 0.2
2350 1968 0.2
2350 2173 0.01
2350 346 0.01
2350 326 0.2
2350 922 0.05
2350 271 0.01
2350 522 0.01
2350 719 0.05
2350 349 0.2
2350 624 0.01
2350 3282 0.2
2350 802 0.2
6516 6516 0.05
2435 2435 0.2
2435 328 0.2
2435 719 0.2
2435 30 0.05
2435 577 0.05
2435 326 0.05
2435 735 0.01
2435 623 0.05
2435 468 0.01
2435 466 0.01
2435 797 0.01
2435 1754 0.01
2435 1847 0.05
2435 915 0.2
2435 791 0.2
2435 1117 0.05
2435 645 0.05
2435 46 0.05
2435 324 0.01
2435 1075 0.2
2435 1798 0.01
2435 1860 0.01
2435 1020 0.2
2435 121 0.2
2435 1434 0.01
2435 934 0.2
2435 174 0.2
2435 804 0.01
2435 323 0.05
2435 172 0.01
2435 1490 0.2
2435 126 0.05
2435 1652 0.2
2435 1309 0.01
2435 805 0.01
2435 807 0.2
2435 119 0.05
2435 2434 0.2
6517 6517 0.05
1695 1219 0.05
1695 739 0.05
1695 3249 0.2
1695 46 0.2
1695 1695 0.05
1695 142 0.01
1695 22 0.01
1695 855 0.2
1695 97 0.01
1695 647 0.2
1695 736 0.01
1695 856 0.01
1695 837 0.2
1695 6518 0.2
1695 329 0.05
2348 711 0.05
2348 774 0.05
2348 2348 0.01
2348 2464 0.2
2348 898 0.01
6519 6519 0.2
6519 46 0.2
6519 385 0.01
6520 6520 0.01
6521 6521 0.01
385 385 0.01
385 430 0.05
385 1172 0.05
385 2333 0.2
385 1211 0.2
385 387 0.05
385 3133 0.05
385 3132 0.05
3668 1211 0.01
3668 1176 0.01
3668 764 0.01
6522 6522 0.01
3542 3186 0.2
3542 3861 0.01
290 290 0.01
290 659 0.01
290 652 0.01
290 286 0.05
290 1127 0.2
290 1499 0.01
290 1218 0.05
290 105 0.01
290 764 0.05
290 137 0.01
290 2458 0.2
290 2457 0.01
290 747 0.01
290 79 0.05
290 1479 0.05
290 748 0.2
290 1214 0.2
290 746 0.2
290 749 0.01
290 743 0.01
290 1210 0.2
290 647 0.05
290 1070 0.2
2331 540 0.01
2331 310 0.01
2331 1411 0.05
2331 729 0.01
6523 6523 0.01
6524 6524 0.05
6525 857 0.01
6525 385 0.05
6525 46 0.05
1845 1845 0.01
1845 1846 0.05
1845 1490 0.01
1845 937 0.05
1845 1492 0.01
1845 780 0.2
799 65 0.2
799 34 0.01
799 799 0.01
799 2503 0.2
6526 6526 0.05
2234 429 0.01
2234 2092 0.01
6527 6527 0.01
6528 6528 0.01
2521 1230 0.01
2521 764 0.05
2521 282 0.2
2521 22 0.2
2521 1126 0.01
2521 770 0.05
2521 1122 0.01
2521 598 0.01
2521 3807 0.05
2521 1123 0.2
2521 640 0.01
2521 1723 0.01
2521 1231 0.01
2521 273 0.2
2521 1171 0.2
2521 2420 0.01
2521 3770 0.01
2521 3204 0.01
2521 1125 0.2
2521 4697 0.05
2521 2949 0.01
2521 2861 0.01
6529 121 0.01
6529 34 0.2
6529 584 0.2
6530 6530 0.2
4903 4903 0.01
4903 261 0.2
4903 157 0.05
3644 3644 0.01
3644 1218 0.01
3644 377 0.05
3644 110 0.05
3644 2278 0.2
3644 2461 0.05
3644 647 0.01
3644 46 0.2
3644 659 0.01
3644 747 0.05
6531 328 0.01
409 603 0.05
409 6532 0.05
409 165 0.01
3887 2214 0.05
3887 802 0.01
923 923 0.01
923 3237 0.2
923 262 0.2
923 1139 0.05
923 528 0.05
923 1517 0.01
923 987 0.2
923 19 0.2
923 993 0.2
923 972 0.2
923 258 0.01
923 1899 0.05
923 271 0.2
923 1303 0.01
923 864 0.2
923 2616 0.2
923 211 0.05
923 103 0.01
923 613 0.01
923 587 0.01
923 524 0.05
923 917 0.01
5306 3177 0.01
2207 1823 0.05
2207 429 0.2
2207 2069 0.01
2207 2091 0.05
2207 442 0.01
2207 720 0.05
2207 2236 0.01
4804 4804 0.01
4804 126 0.05
6533 6533 0.2
3416 3416 0.05
3416 597 0.05
3416 708 0.01
3416 2790 0.05
3416 1153 0.01
3416 1363 0.01
3416 1971 0.05
3416 461 0.2
3416 3420 0.01
3416 1636 0.2
3416 2832 0.05
3416 807 0.01
3416 1974 0.01
5240 5240 0.01
6534 6534 0.2
1368 1368 0.01
1368 3986 0.01
1368 3427 0.2
1368 261 0.05
1368 400 0.05
1368 773 0.01
1368 701 0.01
1368 3446 0.2
1368 597 0.01
1368 2969 0.05
1368 124 0.01
1368 781 0.05
6535 6535 0.05
3802 3754 0.01
3802 30 0.2
3802 1309 0.01
3802 1798 0.05
3802 3802 0.2
3802 1072 0.2
3802 2404 0.2
718 5438 0.05
718 739 0.05
718 84 0.05
718 1692 0.01
718 674 0.01
718 736 0.2
718 855 0.01
718 648 0.01
718 837 0.05
718 142 0.01
718 1165 0.2
718 584 0.2
718 863 0.05
718 9 0.05
718 141 0.05
718 1490 0.01
718 1108 0.01
718 3491 0.2
718 90 0.01
718 835 0.2
718 1640 0.05
718 329 0.2
718 1502 0.01
718 2918 0.2
718 792 0.01
718 438 0.01
718 1568 0.2
718 3210 0.05
718 2141 0.01
718 643 0.05
718 740 0.01
718 1053 0.2
718 988 0.05
718 30 0.05
718 1286 0.05
718 2629 0.01
718 8 0.01
718 106 0.2
718 1298 0.05
718 4700 0.05
718 789 0.2
718 3119 0.01
718 701 0.2
718 859 0.01
718 2681 0.05
718 157 0.05
718 703 0.05
718 536 0.01
718 912 0.01
718 1519 0.01
718 2902 0.2
718 3587 0.05
718 801 0.2
718 1278 0.05
718 3541 0.05
718 525 0.2
718 712 0.2
718 22 0.2
718 786 0.2
718 1849 0.2
718 1000 0.05
718 963 0.05
718 2739 0.2
718 346 0.05
718 1001 0.2
718 492 0.01
718 53 0.01
718 3814 0.01
718 1051 0.2
718 990 0.01
718 399 0.2
718 1586 0.2
718 1622 0.01
718 2746 0.01
718 1851 0.01
718 2251 0.01
718 4194 0.01
718 2743 0.01
718 716 0.05
6536 6536 0.05
265 710 0.01
265 126 0.2
265 4966 0.2
265 5023 0.2
265 19 0.2
265 225 0.01
265 232 0.05
265 1246 0.2
265 1430 0.01
265 297 0.2
265 234 0.01
265 251 0.05
265 3776 0.05
265 271 0.01
265 258 0.05
265 2333 0.05
265 144 0.01
265 956 0.2
265 98 0.2
265 1451 0.01
265 945 0.05
265 965 0.05
265 788 0.05
265 240 0.2
265 1089 0.05
265 328 0.01
265 2865 0.05
265 1827 0.05
265 786 0.01
265 23 0.05
265 552 0.2
1847 1847 0.01
1847 1162 0.2
1847 1167 0.01
93 434 0.2
93 46 0.2
93 738 0.2
93 1447 0.2
93 440 0.05
93 319 0.01
93 328 0.2
93 2652 0.2
93 1720 0.2
93 760 0.05
93 4344 0.05
93 384 0.05
93 280 0.2
93 6022 0.2
93 4071 0.2
93 4083 0.2
93 4862 0.2
93 1607 0.05
93 3407 0.01
93 2568 0.01
93 163 0.01
93 2527 0.01
93 1216 0.05
93 1730 0.2
93 540 0.05
93 1311 0.01
93 1041 0.01
93 361 0.01
93 244 0.05
93 1188 0.2
93 70 0.05
93 1192 0.01
93 246 0.05
93 904 0.05
93 1585 0.05
93 489 0.05
93 2411 0.01
93 893 0.05
93 240 0.05
93 1393 0.01
93 804 0.2
93 531 0.2
93 922 0.2
93 2931 0.05
93 1854 0.01
93 613 0.2
93 751 0.2
93 705 0.05
93 2506 0.05
93 1685 0.05
93 2334 0.01
93 316 0.01
93 104 0.05
93 258 0.05
93 1894 0.2
93 5862 0.05
93 19 0.05
93 436 0.01
93 439 0.2
93 3033 0.01
93 1070 0.01
93 1998 0.01
93 703 0.2
93 461 0.2
93 438 0.01
93 399 0.05
93 65 0.2
6537 6537 0.2
6538 6538 0.05
6539 632 0.05
622 6540 0.05
622 4895 0.01
6541 6542 0.05
6543 497 0.05
6544 172 0.05
6544 224 0.01
6544 1190 0.05
6544 1150 0.2
6544 165 0.01
6544 6545 0.2
6544 1569 0.05
6546 6546 0.01
6546 643 0.05
6547 6547 0.2
1126 22 0.01
1126 297 0.01
1126 1122 0.2
1126 883 0.01
1126 1211 0.2
1126 598 0.2
1126 770 0.01
1126 1453 0.05
1126 784 0.05
1126 2874 0.01
1126 282 0.2
1126 2521 0.2
1126 2261 0.01
1126 640 0.05
1126 1171 0.2
1126 2420 0.05
1126 273 0.2
1126 2949 0.05
1126 4697 0.05
1126 1723 0.01
1126 2845 0.01
1126 2861 0.01
1126 137 0.05
1126 1230 0.01
1126 1280 0.05
1126 1068 0.05
1126 3770 0.01
1126 2004 0.05
1126 271 0.01
1126 4200 0.05
1126 4633 0.01
1126 3399 0.01
1126 1560 0.01
1126 2573 0.05
1126 2572 0.01
1126 4696 0.05
1126 3027 0.05
1126 4382 0.01
1126 849 0.2
1126 848 0.2
1126 2198 0.01
1564 4057 0.01
1564 1564 0.05
1564 346 0.2
1564 1545 0.01
1564 1552 0.05
2785 3807 0.05
2785 1122 0.01
2785 1123 0.01
2785 273 0.2
2785 1171 0.01
2785 2420 0.2
2785 1723 0.05
2785 3770 0.05
2785 4547 0.01
2785 4696 0.05
2785 2785 0.05
2785 1177 0.05
2785 1231 0.2
2785 640 0.01
2785 424 0.01
2785 2949 0.05
2785 1126 0.01
2785 598 0.05
2785 647 0.2
2785 1127 0.01
2785 30 0.05
2785 708 0.2
2785 125 0.05
2785 328 0.2
2785 719 0.01
2785 67 0.2
2785 604 0.01
2785 830 0.05
2785 335 0.01
2785 2352 0.2
2785 2136 0.01
2785 189 0.01
2785 597 0.2
2785 2774 0.2
6548 6548 0.05
1127 1127 0.2
1127 290 0.2
1127 659 0.01
1127 652 0.01
1127 2454 0.2
1127 1218 0.01
1127 105 0.2
1127 110 0.05
1127 2457 0.2
1127 137 0.2
1127 1479 0.05
1127 79 0.05
1127 747 0.01
1127 746 0.01
1127 748 0.01
1127 1214 0.05
1127 1605 0.05
1127 749 0.05
1127 647 0.05
1127 2453 0.2
1127 1212 0.05
1127 2278 0.05
1127 2289 0.05
1127 2461 0.05
1127 1210 0.05
1127 764 0.2
1127 1222 0.05
1127 296 0.05
1127 858 0.01
1127 1499 0.05
1127 2458 0.01
1127 1213 0.2
1127 2460 0.05
1127 872 0.05
1127 297 0.01
1127 19 0.2
1127 954 0.2
6549 6549 0.01
6549 1104 0.2
6550 6550 0.05
6551 658 0.01
6551 167 0.2
