0 2 0.2
0 6531 0.01
0 9998 0.01
1 2 0.2
1 3 0.05
1 9999 0.01
2 3 0.01
2 4 0.01
3 4 0.2
3 7534 0.01
3 943 0.2
4 5 0.2
4 6 0.2
5 6 0.01
5 7 0.2
6 4854 0.05
6 7 0.01
7 8 0.01
7 9 0.01
8 9 0.01
8 10 0.01
9 288 0.2
9 10 0.2
10 11 0.01
10 12 0.2
11 12 0.01
11 13 0.2
12 13 0.2
12 14 0.2
13 6462 0.2
13 14 0.05
14 16 0.01
14 15 0.05
15 16 0.2
15 17 0.05
16 18 0.01
16 206 0.01
17 18 0.2
17 4596 0.05
18 19 0.05
18 20 0.05
19 20 0.01
19 21 0.01
20 8964 0.05
20 21 0.01
21 708 0.01
21 7430 0.05
22 24 0.01
22 23 0.05
23 7176 0.05
23 25 0.2
24 25 0.05
24 26 0.01
25 1385 0.2
25 4938 0.05
25 26 0.2
26 27 0.01
26 28 0.05
27 28 0.01
27 29 0.2
28 3008 0.05
28 29 0.2
28 30 0.2
29 30 0.05
29 31 0.2
30 32 0.01
30 4239 0.2
31 32 0.01
31 33 0.01
32 33 0.2
32 34 0.01
32 5373 0.05
33 34 0.01
33 35 0.01
34 35 0.01
34 36 0.05
35 36 0.05
35 37 0.05
36 37 0.2
36 38 0.05
37 38 0.01
37 39 0.05
38 40 0.05
38 39 0.01
39 40 0.2
39 41 0.05
39 6869 0.2
40 41 0.2
40 42 0.2
41 43 0.01
41 3260 0.2
42 43 0.2
42 44 0.01
42 3319 0.2
43 44 0.2
43 45 0.01
44 45 0.01
44 46 0.05
45 46 0.05
45 47 0.05
46 48 0.2
46 8749 0.2
47 48 0.2
47 49 0.01
48 50 0.2
48 9636 0.05
49 50 0.01
49 51 0.01
50 5320 0.01
50 51 0.05
50 52 0.05
51 53 0.05
51 9525 0.01
52 53 0.01
52 54 0.2
53 54 0.2
53 55 0.05
54 56 0.01
54 3659 0.2
54 55 0.05
55 56 0.05
55 57 0.2
55 7050 0.05
56 57 0.01
56 58 0.05
57 6578 0.01
57 59 0.01
57 2034 0.2
58 59 0.2
58 60 0.2
59 60 0.05
59 61 0.2
60 4715 0.2
60 62 0.05
61 62 0.2
61 63 0.05
62 2150 0.05
62 4181 0.01
62 63 0.01
63 64 0.2
63 65 0.05
63 1255 0.01
64 65 0.01
64 66 0.01
65 66 0.01
65 6488 0.2
65 505 0.01
65 5439 0.2
66 67 0.05
66 68 0.2
67 68 0.01
67 69 0.05
68 69 0.05
68 70 0.2
69 70 0.05
69 71 0.2
70 72 0.05
70 71 0.2
71 72 0.01
71 73 0.2
71 5432 0.2
72 73 0.01
72 74 0.2
73 74 0.2
73 8622 0.05
74 3798 0.2
74 1215 0.05
75 76 0.01
75 77 0.05
76 4582 0.05
76 77 0.01
76 78 0.05
77 981 0.01
77 78 0.2
77 79 0.2
78 80 0.05
78 79 0.2
79 80 0.01
79 6067 0.2
80 81 0.01
80 82 0.2
81 82 0.05
81 83 0.2
82 2163 0.2
82 83 0.2
83 84 0.01
83 85 0.01
84 85 0.05
84 86 0.01
85 8165 0.2
85 534 0.2
85 87 0.01
86 88 0.2
86 87 0.05
87 4307 0.05
87 89 0.01
87 9757 0.01
88 6009 0.05
88 5719 0.05
89 90 0.01
89 91 0.01
90 91 0.01
90 92 0.2
91 92 0.01
91 93 0.01
92 5210 0.2
92 93 0.05
92 94 0.01
93 94 0.2
93 95 0.01
94 96 0.01
94 95 0.2
95 96 0.05
95 97 0.2
96 97 0.01
96 98 0.05
97 5737 0.2
97 98 0.2
97 99 0.05
98 99 0.01
98 100 0.2
99 100 0.2
99 101 0.2
100 101 0.01
100 102 0.2
101 102 0.05
101 103 0.05
102 104 0.2
102 103 0.2
103 2746 0.05
103 7099 0.05
104 105 0.2
104 106 0.05
105 106 0.01
105 107 0.01
106 107 0.01
106 108 0.01
107 1611 0.05
107 108 0.01
107 109 0.2
108 109 0.2
108 110 0.01
109 7240 0.2
109 110 0.01
109 111 0.01
110 112 0.01
110 111 0.2
111 112 0.2
111 113 0.01
112 113 0.01
112 114 0.01
113 114 0.01
113 115 0.05
114 115 0.01
114 116 0.2
115 116 0.01
115 117 0.05
115 4158 0.2
116 117 0.05
116 118 0.01
116 6763 0.2
117 118 0.01
117 119 0.2
118 694 0.2
118 119 0.2
119 120 0.05
119 121 0.01
120 121 0.05
120 122 0.05
121 122 0.01
121 123 0.01
122 123 0.01
122 2703 0.2
123 124 0.05
123 125 0.05
124 125 0.05
124 126 0.05
125 126 0.05
125 127 0.2
126 128 0.01
126 127 0.2
127 128 0.2
127 129 0.2
128 129 0.01
128 130 0.01
129 130 0.05
129 131 0.2
130 3173 0.05
130 1313 0.01
130 7343 0.01
131 132 0.01
131 133 0.01
132 133 0.2
132 134 0.05
133 134 0.01
133 7175 0.05
134 136 0.01
134 135 0.05
135 136 0.05
135 137 0.01
136 137 0.01
136 138 0.05
137 138 0.2
137 139 0.01
138 139 0.01
138 140 0.2
138 7990 0.2
139 140 0.01
139 141 0.01
140 141 0.01
140 142 0.01
141 142 0.05
141 143 0.05
142 144 0.05
142 1121 0.01
143 144 0.05
143 145 0.01
144 145 0.01
144 146 0.05
144 6217 0.01
145 146 0.05
145 147 0.05
145 3661 0.05
146 147 0.05
146 148 0.05
146 3636 0.2
147 7864 0.2
147 148 0.2
147 149 0.2
148 149 0.2
148 150 0.05
149 150 0.01
149 151 0.01
150 152 0.05
150 151 0.01
151 152 0.01
151 153 0.2
152 4320 0.2
152 153 0.2
152 154 0.01
153 154 0.2
153 7382 0.05
154 155 0.01
154 156 0.01
154 5649 0.2
155 156 0.05
155 157 0.2
156 157 0.2
156 158 0.01
157 158 0.01
157 159 0.2
158 160 0.01
158 159 0.01
159 160 0.01
159 242 0.2
160 161 0.01
160 162 0.2
161 5873 0.01
161 162 0.05
162 163 0.01
162 164 0.2
163 165 0.01
163 2726 0.2
164 165 0.2
164 166 0.01
165 166 0.2
165 167 0.01
166 168 0.05
166 167 0.2
167 168 0.2
167 576 0.2
168 169 0.2
168 170 0.05
168 8867 0.05
169 170 0.01
169 171 0.2
169 491 0.2
170 171 0.05
170 172 0.01
171 172 0.05
171 173 0.05
172 9123 0.01
172 173 0.2
173 174 0.2
173 175 0.05
174 176 0.05
174 175 0.05
175 176 0.01
175 177 0.01
176 5828 0.05
176 4559 0.2
176 178 0.2
177 178 0.01
177 179 0.01
178 179 0.2
178 180 0.01
179 180 0.2
179 181 0.05
180 181 0.01
180 182 0.05
181 182 0.01
181 183 0.01
182 184 0.05
182 183 0.05
183 184 0.01
183 185 0.05
184 185 0.2
184 186 0.2
184 6292 0.05
185 6537 0.2
185 7375 0.2
185 3667 0.2
185 186 0.01
185 187 0.2
186 9219 0.2
186 187 0.05
186 188 0.2
187 188 0.01
187 189 0.01
188 189 0.05
188 190 0.01
189 9244 0.01
189 191 0.2
190 192 0.2
190 3462 0.01
191 192 0.05
191 193 0.05
192 4761 0.2
192 194 0.01
192 1701 0.2
193 194 0.05
193 195 0.01
194 195 0.2
194 196 0.2
195 2555 0.05
195 197 0.2
196 197 0.05
196 198 0.05
197 8097 0.01
197 198 0.01
197 199 0.2
198 200 0.05
198 199 0.05
199 200 0.01
199 201 0.01
200 201 0.05
200 8047 0.01
200 8475 0.2
201 202 0.05
201 203 0.01
202 203 0.2
202 204 0.05
202 9208 0.2
203 204 0.2
203 205 0.05
204 205 0.2
204 206 0.01
205 206 0.01
205 207 0.01
206 1348 0.2
206 208 0.01
207 208 0.2
207 209 0.01
208 209 0.05
208 210 0.2
209 210 0.2
209 211 0.01
210 211 0.05
210 212 0.01
211 9675 0.01
211 212 0.05
212 2257 0.05
212 213 0.01
212 214 0.05
213 214 0.01
213 215 0.2
214 216 0.01
214 215 0.2
215 216 0.01
215 217 0.05
216 217 0.2
216 218 0.05
216 3827 0.2
217 218 0.2
217 219 0.01
217 9710 0.01
218 219 0.01
218 220 0.01
219 5179 0.05
219 220 0.01
219 221 0.01
220 221 0.2
220 222 0.05
221 222 0.05
221 223 0.2
222 6254 0.2
222 223 0.01
223 225 0.05
223 8538 0.01
224 225 0.2
224 226 0.01
225 226 0.05
225 227 0.01
226 227 0.05
226 228 0.01
227 411 0.01
227 229 0.05
228 229 0.05
228 230 0.05
229 230 0.01
229 231 0.01
230 232 0.01
230 231 0.2
231 232 0.01
231 233 0.05
232 233 0.05
232 234 0.05
232 2191 0.01
233 234 0.05
233 235 0.05
233 4154 0.2
233 1470 0.2
234 235 0.05
234 236 0.2
235 237 0.2
235 7965 0.05
236 237 0.01
236 238 0.01
237 1970 0.05
237 238 0.01
238 240 0.2
238 239 0.05
239 240 0.01
239 2138 0.01
240 241 0.2
240 242 0.05
241 242 0.05
241 243 0.2
242 243 0.05
242 244 0.05
243 244 0.2
243 245 0.2
244 245 0.01
244 246 0.05
245 9975 0.2
245 247 0.01
246 248 0.05
246 5915 0.01
246 247 0.2
247 248 0.05
247 249 0.01
248 250 0.2
248 5763 0.2
249 4705 0.2
249 250 0.2
250 251 0.2
250 252 0.2
251 252 0.2
251 253 0.01
252 253 0.05
252 254 0.05
253 254 0.01
253 255 0.2
254 256 0.05
254 255 0.2
255 256 0.05
255 257 0.2
256 257 0.01
256 258 0.2
257 258 0.05
257 259 0.2
258 260 0.05
258 6199 0.2
259 260 0.05
259 261 0.05
260 261 0.05
260 262 0.2
261 1618 0.05
261 262 0.2
261 263 0.01
262 264 0.01
262 263 0.05
263 264 0.2
263 265 0.05
264 265 0.2
264 5253 0.2
265 266 0.01
265 267 0.2
266 267 0.2
266 268 0.05
267 9155 0.05
267 268 0.2
267 269 0.01
268 269 0.05
268 270 0.05
269 270 0.01
269 271 0.05
270 272 0.2
270 8657 0.2
270 271 0.2
271 272 0.05
271 273 0.05
272 274 0.05
272 6148 0.05
273 274 0.2
273 275 0.01
274 275 0.2
274 276 0.05
275 276 0.2
275 277 0.01
276 4352 0.2
276 277 0.01
276 278 0.05
277 2683 0.2
277 279 0.2
278 280 0.2
278 279 0.2
279 280 0.05
279 281 0.01
280 282 0.01
280 6790 0.2
281 282 0.05
281 283 0.01
282 283 0.01
282 284 0.01
283 284 0.01
283 285 0.01
284 285 0.01
284 286 0.05
285 286 0.2
285 287 0.01
286 288 0.05
286 6166 0.05
287 288 0.2
287 289 0.2
288 289 0.01
288 290 0.2
288 8085 0.2
289 291 0.05
289 6253 0.05
290 291 0.05
290 292 0.01
291 293 0.01
291 7711 0.2
292 293 0.2
292 294 0.01
293 294 0.01
293 295 0.05
294 8736 0.01
294 295 0.01
294 296 0.2
294 9210 0.2
295 296 0.05
295 297 0.01
296 297 0.2
296 4058 0.01
297 298 0.01
297 299 0.05
298 8962 0.01
298 299 0.05
298 300 0.2
299 301 0.2
299 1071 0.2
300 301 0.2
300 302 0.05
301 302 0.05
301 303 0.2
302 304 0.2
302 303 0.2
303 304 0.05
303 305 0.2
304 305 0.05
304 306 0.01
305 306 0.2
305 307 0.05
306 307 0.05
306 308 0.05
307 308 0.01
307 309 0.2
308 309 0.05
308 310 0.2
309 310 0.05
309 311 0.2
310 312 0.01
310 2774 0.05
310 311 0.05
311 312 0.01
311 313 0.2
312 313 0.05
312 314 0.01
313 314 0.05
313 315 0.05
314 315 0.05
314 316 0.2
314 5188 0.01
315 316 0.01
315 317 0.01
315 1469 0.01
316 9356 0.05
316 317 0.2
316 318 0.01
317 318 0.2
317 319 0.01
318 320 0.01
318 319 0.05
319 320 0.05
319 321 0.05
320 321 0.2
320 322 0.05
321 322 0.05
321 323 0.01
322 323 0.01
322 324 0.05
323 324 0.05
323 325 0.2
324 325 0.2
324 326 0.01
325 1637 0.2
325 326 0.05
325 327 0.05
326 4338 0.01
326 597 0.05
327 329 0.05
327 8018 0.05
327 1294 0.05
328 329 0.2
328 330 0.2
329 330 0.2
329 331 0.2
330 331 0.2
330 8353 0.01
331 332 0.05
331 333 0.01
332 333 0.05
332 334 0.05
333 334 0.05
333 335 0.01
334 336 0.05
334 335 0.05
335 337 0.2
335 2015 0.2
336 337 0.05
336 338 0.2
337 338 0.01
337 339 0.05
338 339 0.01
338 340 0.2
339 340 0.2
339 341 0.01
340 341 0.05
340 342 0.2
341 5851 0.2
341 343 0.2
342 1850 0.01
342 5565 0.01
342 343 0.2
343 344 0.05
343 345 0.01
344 345 0.05
344 346 0.01
344 2221 0.01
345 347 0.05
345 1965 0.05
346 347 0.05
346 348 0.01
346 963 0.05
347 348 0.05
347 349 0.05
348 6691 0.05
348 349 0.05
348 350 0.05
349 4546 0.05
349 351 0.01
350 352 0.05
350 351 0.01
351 352 0.2
351 353 0.2
352 353 0.01
352 354 0.05
353 354 0.01
353 355 0.2
354 355 0.01
354 356 0.2
354 5072 0.01
355 356 0.01
355 357 0.01
356 357 0.01
356 358 0.01
357 358 0.2
357 359 0.01
358 360 0.01
358 359 0.01
359 360 0.05
359 361 0.2
359 7849 0.01
360 361 0.2
360 362 0.01
361 362 0.05
361 363 0.2
362 4298 0.05
362 363 0.05
362 364 0.01
363 364 0.2
363 365 0.2
364 365 0.2
364 366 0.2
365 366 0.01
365 367 0.01
366 368 0.05
366 367 0.01
367 368 0.2
367 369 0.01
367 520 0.05
368 369 0.2
368 370 0.2
368 4004 0.05
369 9112 0.05
369 370 0.2
369 371 0.01
370 371 0.01
370 372 0.2
371 372 0.2
371 373 0.2
371 2370 0.01
372 373 0.01
372 374 0.2
373 374 0.05
373 375 0.2
374 376 0.2
374 375 0.01
375 376 0.2
375 9057 0.01
376 377 0.05
376 378 0.2
377 378 0.05
377 379 0.2
378 379 0.05
378 380 0.01
378 3108 0.2
379 380 0.2
379 381 0.05
380 4162 0.01
380 382 0.05
381 382 0.05
381 383 0.01
382 384 0.05
382 383 0.05
383 384 0.2
383 385 0.05
384 7625 0.2
384 386 0.01
385 386 0.05
385 387 0.01
385 7997 0.2
386 387 0.2
386 388 0.2
386 5463 0.05
387 388 0.2
387 389 0.2
388 389 0.05
388 390 0.05
389 390 0.05
389 391 0.2
390 392 0.2
390 391 0.05
391 392 0.05
391 393 0.01
391 3999 0.01
392 394 0.05
392 4215 0.05
392 5482 0.01
393 394 0.05
393 395 0.2
394 395 0.2
394 396 0.2
395 397 0.05
395 6593 0.05
396 397 0.01
396 398 0.05
397 398 0.05
397 399 0.01
398 400 0.05
398 399 0.01
399 400 0.05
399 1266 0.05
400 401 0.05
400 402 0.05
401 402 0.2
401 403 0.2
402 4115 0.05
402 5288 0.2
402 403 0.01
403 9768 0.2
403 404 0.01
403 3885 0.01
404 405 0.01
404 406 0.2
405 406 0.05
405 407 0.05
406 408 0.2
406 407 0.01
407 408 0.2
407 409 0.05
408 909 0.2
408 6132 0.2
408 409 0.05
409 410 0.05
409 411 0.01
409 1218 0.01
410 411 0.05
410 412 0.01
411 4327 0.05
411 412 0.2
412 414 0.01
412 711 0.05
413 2703 0.2
413 414 0.2
413 415 0.05
414 416 0.05
414 415 0.2
415 416 0.2
415 417 0.05
416 417 0.05
416 418 0.2
417 418 0.2
417 419 0.05
418 419 0.05
418 420 0.2
419 6936 0.05
419 420 0.05
419 421 0.05
420 421 0.05
420 422 0.01
421 422 0.01
421 423 0.2
422 424 0.01
422 423 0.05
423 424 0.01
423 425 0.2
424 425 0.2
424 426 0.2
425 426 0.01
425 427 0.01
426 428 0.01
426 2324 0.2
427 428 0.05
427 429 0.05
428 3106 0.2
428 430 0.2
429 6518 0.2
429 430 0.2
429 431 0.05
430 432 0.01
430 9618 0.01
430 431 0.05
431 432 0.01
431 433 0.05
432 433 0.01
432 4661 0.05
433 434 0.01
433 435 0.2
434 435 0.2
434 436 0.01
435 436 0.05
435 437 0.01
436 4936 0.01
436 437 0.2
437 438 0.05
437 439 0.2
438 440 0.01
438 439 0.2
439 6187 0.05
439 2457 0.01
439 440 0.01
439 441 0.2
440 442 0.05
440 1335 0.05
441 442 0.05
441 443 0.05
442 443 0.05
442 9929 0.01
443 444 0.01
443 445 0.05
444 6150 0.05
444 446 0.01
445 446 0.01
445 447 0.05
446 448 0.05
446 447 0.01
447 448 0.2
447 449 0.2
448 449 0.2
448 450 0.01
448 3785 0.01
449 450 0.01
449 451 0.2
450 451 0.05
450 452 0.01
451 452 0.01
451 453 0.01
452 2075 0.2
452 454 0.05
453 454 0.2
453 455 0.2
454 456 0.2
454 455 0.01
455 456 0.2
455 457 0.05
456 457 0.05
456 458 0.05
457 459 0.05
457 7111 0.2
458 459 0.05
458 460 0.05
459 460 0.2
459 461 0.2
460 3955 0.01
460 461 0.2
460 462 0.2
461 462 0.01
461 463 0.01
462 464 0.2
462 5591 0.01
463 464 0.05
463 465 0.2
464 465 0.01
464 466 0.01
465 466 0.01
465 467 0.01
466 490 0.2
466 467 0.01
467 468 0.01
467 469 0.01
468 469 0.05
468 470 0.05
469 470 0.2
469 471 0.2
470 472 0.05
470 8769 0.05
471 472 0.01
471 473 0.01
472 473 0.05
472 474 0.2
473 474 0.05
473 475 0.2
474 475 0.05
474 476 0.01
475 476 0.2
475 477 0.01
476 477 0.05
476 478 0.2
477 478 0.2
477 479 0.2
478 480 0.01
478 6967 0.05
479 480 0.01
479 481 0.2
480 481 0.01
480 482 0.2
481 482 0.01
481 483 0.05
482 483 0.01
482 484 0.01
483 484 0.01
483 485 0.01
484 485 0.05
484 486 0.2
485 486 0.2
485 487 0.2
486 488 0.05
486 3282 0.05
486 487 0.01
487 488 0.05
487 489 0.2
487 9021 0.05
488 489 0.2
488 490 0.05
489 490 0.05
489 491 0.2
490 492 0.2
490 6327 0.05
491 492 0.05
491 6233 0.01
492 493 0.2
492 494 0.01
492 8191 0.05
493 494 0.2
493 495 0.05
494 496 0.2
494 495 0.05
495 496 0.01
495 497 0.01
495 7461 0.01
496 497 0.2
496 498 0.2
497 498 0.2
497 499 0.01
498 499 0.2
498 500 0.05
499 5027 0.2
499 501 0.01
500 501 0.01
500 502 0.05
501 502 0.2
501 503 0.2
502 504 0.05
502 503 0.05
503 504 0.01
503 505 0.2
503 3179 0.05
504 505 0.2
504 506 0.05
505 506 0.01
505 507 0.05
506 507 0.05
506 508 0.05
507 508 0.05
507 509 0.05
508 509 0.2
508 510 0.01
509 510 0.01
509 511 0.05
510 512 0.05
510 8222 0.2
510 511 0.05
511 512 0.05
511 513 0.2
512 513 0.05
512 514 0.2
513 514 0.01
513 515 0.05
514 516 0.01
514 7237 0.05
515 516 0.05
515 517 0.05
516 517 0.01
516 518 0.05
517 2552 0.2
517 518 0.01
518 520 0.2
518 519 0.2
519 520 0.05
519 521 0.05
520 522 0.01
521 522 0.01
521 523 0.2
522 523 0.05
522 524 0.2
523 524 0.05
523 839 0.2
524 525 0.05
524 526 0.01
525 526 0.01
525 527 0.05
526 528 0.2
526 527 0.01
527 528 0.05
527 529 0.05
528 529 0.2
528 530 0.05
529 1800 0.01
529 530 0.01
530 531 0.2
530 532 0.2
531 532 0.01
531 533 0.2
531 3506 0.01
532 533 0.05
532 534 0.2
533 534 0.01
533 535 0.2
534 536 0.05
534 535 0.01
535 536 0.01
535 537 0.01
536 537 0.05
536 538 0.01
537 7296 0.2
537 5807 0.01
537 538 0.05
538 539 0.2
538 540 0.05
539 9436 0.2
539 540 0.2
539 541 0.05
540 541 0.05
540 542 0.05
540 1021 0.05
541 542 0.01
541 543 0.05
542 544 0.2
542 9993 0.01
542 543 0.05
543 544 0.01
543 545 0.2
544 545 0.2
544 7655 0.2
545 8688 0.01
545 546 0.01
545 547 0.05
546 547 0.05
546 548 0.05
547 1291 0.2
547 548 0.05
547 549 0.01
548 549 0.05
548 550 0.2
549 7120 0.05
549 550 0.2
550 552 0.2
550 551 0.2
551 552 0.05
551 553 0.01
551 6138 0.05
551 8701 0.2
552 553 0.05
552 554 0.05
553 554 0.05
553 555 0.2
554 555 0.2
554 556 0.05
555 556 0.05
555 557 0.05
556 557 0.01
556 558 0.2
557 558 0.01
557 559 0.2
558 560 0.05
558 559 0.01
559 561 0.05
559 5010 0.01
560 561 0.05
560 562 0.2
561 562 0.05
561 563 0.2
562 563 0.05
562 564 0.05
563 9016 0.2
563 565 0.2
564 3148 0.01
564 565 0.05
565 566 0.01
565 567 0.01
566 568 0.2
566 567 0.2
567 568 0.05
567 569 0.01
568 6209 0.05
568 569 0.01
568 570 0.2
568 2525 0.05
569 570 0.01
569 878 0.2
570 571 0.01
570 572 0.05
571 572 0.2
571 573 0.01
571 5039 0.01
572 7168 0.05
572 573 0.05
572 574 0.05
573 574 0.2
573 575 0.2
574 576 0.05
574 9220 0.2
575 576 0.01
575 577 0.05
575 3521 0.2
576 577 0.2
576 578 0.05
577 578 0.05
577 9774 0.2
578 579 0.2
578 580 0.05
579 2864 0.2
579 580 0.01
579 581 0.2
580 581 0.01
580 582 0.01
581 582 0.2
581 583 0.2
582 584 0.05
582 583 0.01
583 584 0.2
583 585 0.01
584 585 0.05
584 586 0.01
585 586 0.2
585 587 0.2
586 587 0.01
586 588 0.05
586 7760 0.01
587 588 0.2
587 589 0.05
588 589 0.01
588 590 0.01
589 590 0.05
589 591 0.01
590 592 0.05
590 591 0.05
591 592 0.05
591 593 0.05
592 593 0.01
592 594 0.01
593 7276 0.2
593 594 0.05
593 8058 0.2
594 595 0.2
594 596 0.01
595 596 0.01
595 597 0.01
596 597 0.01
596 598 0.2
597 598 0.05
597 599 0.2
598 600 0.2
598 2883 0.01
599 600 0.05
599 601 0.2
600 601 0.01
600 602 0.01
601 602 0.05
601 603 0.2
602 603 0.05
602 604 0.05
603 604 0.05
603 605 0.2
604 605 0.01
604 606 0.05
605 606 0.05
605 607 0.2
606 2732 0.2
606 607 0.01
607 9726 0.01
607 4597 0.05
608 609 0.05
608 610 0.2
609 610 0.05
609 611 0.2
610 611 0.05
610 612 0.2
611 612 0.05
611 613 0.05
612 993 0.05
612 613 0.01
612 614 0.05
613 7527 0.05
613 614 0.01
613 615 0.01
614 896 0.05
614 615 0.2
615 616 0.05
615 617 0.2
615 4691 0.05
616 617 0.2
616 618 0.05
617 618 0.01
617 6573 0.2
617 8431 0.05
618 619 0.05
618 620 0.01
619 620 0.2
619 621 0.2
620 621 0.2
620 622 0.01
621 5112 0.2
621 622 0.2
621 623 0.05
622 624 0.05
622 623 0.01
623 624 0.2
623 625 0.05
623 5411 0.01
624 625 0.2
624 626 0.01
625 626 0.2
625 627 0.05
626 627 0.2
626 628 0.2
627 628 0.2
627 629 0.2
628 6358 0.01
628 630 0.2
629 630 0.01
629 631 0.2
630 632 0.2
630 631 0.01
631 2512 0.05
631 633 0.05
631 9802 0.01
632 633 0.2
632 634 0.05
633 634 0.2
633 635 0.01
634 635 0.01
634 636 0.05
635 1232 0.05
635 636 0.2
635 637 0.05
636 637 0.01
636 638 0.01
637 638 0.01
637 639 0.2
638 4421 0.05
638 639 0.2
639 640 0.2
639 641 0.05
640 641 0.01
640 642 0.05
641 642 0.05
641 643 0.05
642 643 0.2
642 644 0.05
642 875 0.01
643 644 0.05
643 645 0.01
644 645 0.01
644 646 0.01
645 646 0.2
645 647 0.2
646 648 0.2
646 647 0.05
647 648 0.2
647 649 0.05
648 649 0.01
648 650 0.05
649 650 0.01
649 651 0.05
650 651 0.2
650 652 0.01
651 652 0.05
651 653 0.05
652 653 0.2
652 654 0.2
653 2260 0.2
653 654 0.05
653 655 0.2
654 656 0.05
654 655 0.2
655 656 0.05
655 657 0.01
656 657 0.2
656 658 0.01
656 9532 0.05
657 658 0.01
657 659 0.2
658 659 0.2
658 660 0.05
659 660 0.2
659 661 0.01
660 4921 0.2
660 662 0.01
661 662 0.2
661 663 0.05
662 664 0.2
662 663 0.05
663 664 0.2
663 665 0.05
663 7805 0.01
664 665 0.01
664 666 0.01
665 666 0.01
665 667 0.05
666 667 0.05
666 668 0.01
666 2438 0.01
667 668 0.01
667 669 0.2
668 669 0.01
668 670 0.05
669 5568 0.05
669 670 0.05
669 671 0.2
670 672 0.2
670 671 0.2
671 672 0.2
671 673 0.05
672 673 0.2
672 674 0.2
672 1306 0.2
673 674 0.01
673 675 0.05
673 3003 0.2
674 675 0.01
674 676 0.05
674 3927 0.2
675 676 0.05
675 677 0.05
676 677 0.01
676 678 0.2
677 678 0.05
677 679 0.01
678 680 0.05
678 1981 0.05
679 680 0.01
679 3940 0.05
680 8529 0.01
680 682 0.2
681 682 0.05
681 683 0.2
682 7322 0.2
682 683 0.05
683 684 0.01
683 685 0.05
683 6298 0.05
684 685 0.01
684 686 0.01
685 987 0.05
685 687 0.01
686 688 0.2
686 1910 0.01
686 687 0.2
687 688 0.2
687 689 0.2
688 690 0.01
688 6836 0.01
689 690 0.05
689 691 0.01
690 691 0.01
690 692 0.2
691 7396 0.01
691 693 0.01
691 1094 0.2
692 693 0.01
692 694 0.2
693 976 0.01
693 694 0.01
693 695 0.05
694 4789 0.01
694 695 0.2
694 696 0.01
695 696 0.05
695 697 0.01
695 5003 0.01
696 698 0.2
696 3882 0.05
697 698 0.01
697 699 0.01
698 700 0.2
698 6334 0.01
699 700 0.01
699 701 0.01
700 701 0.05
700 702 0.01
701 6471 0.2
701 3629 0.05
701 702 0.01
701 703 0.01
702 4189 0.05
702 7095 0.01
702 703 0.01
703 1921 0.2
703 6817 0.05
703 7141 0.2
704 705 0.01
704 706 0.2
704 5679 0.01
705 706 0.05
705 707 0.05
705 9957 0.05
706 707 0.2
706 708 0.2
707 3008 0.01
707 708 0.05
707 709 0.2
708 709 0.01
708 710 0.2
709 710 0.01
709 711 0.2
710 712 0.2
710 711 0.2
711 712 0.05
711 713 0.05
712 713 0.2
712 714 0.01
712 2913 0.01
713 714 0.05
713 715 0.05
714 715 0.05
714 716 0.2
715 716 0.01
715 717 0.05
716 6201 0.2
716 717 0.05
716 718 0.01
717 8392 0.01
717 718 0.05
718 720 0.2
718 719 0.01
719 720 0.01
719 721 0.01
720 721 0.05
720 722 0.2
721 6018 0.2
721 723 0.2
722 723 0.2
722 724 0.2
723 724 0.05
723 725 0.05
724 725 0.2
724 726 0.2
725 6151 0.05
725 7990 0.05
725 8855 0.2
726 7961 0.2
726 727 0.05
727 728 0.01
727 729 0.2
728 729 0.01
728 730 0.2
729 730 0.2
729 731 0.2
730 731 0.2
730 732 0.01
731 732 0.05
731 6381 0.05
732 5145 0.01
732 733 0.05
732 734 0.05
733 734 0.05
733 735 0.05
734 736 0.05
734 6632 0.2
735 736 0.01
735 2565 0.05
736 737 0.05
736 738 0.05
737 738 0.2
737 739 0.05
738 739 0.05
738 740 0.01
739 740 0.2
739 741 0.05
739 9217 0.01
739 9879 0.01
740 741 0.01
740 7255 0.01
741 742 0.05
741 743 0.01
742 744 0.2
742 743 0.2
743 744 0.05
743 745 0.01
743 5953 0.2
744 2472 0.01
744 745 0.2
744 746 0.2
745 746 0.2
745 747 0.05
746 747 0.2
746 748 0.01
747 748 0.05
747 749 0.05
748 749 0.2
748 750 0.05
749 750 0.2
749 751 0.01
750 752 0.05
750 751 0.2
751 752 0.05
751 753 0.05
751 6099 0.01
752 753 0.2
752 754 0.2
753 754 0.01
753 755 0.01
754 755 0.2
754 756 0.05
755 756 0.01
755 757 0.01
755 5546 0.05
756 4573 0.2
756 9837 0.05
757 758 0.01
757 759 0.05
758 760 0.2
758 759 0.01
759 760 0.05
759 761 0.2
760 761 0.2
760 762 0.2
761 762 0.2
761 6229 0.2
762 763 0.2
762 764 0.01
763 6243 0.2
763 764 0.2
764 765 0.2
764 766 0.05
765 7612 0.01
765 766 0.01
766 3885 0.05
766 767 0.2
767 768 0.05
767 769 0.05
768 769 0.05
768 770 0.01
769 770 0.01
769 771 0.01
769 2759 0.2
770 2906 0.2
770 771 0.05
771 772 0.01
771 773 0.01
772 773 0.2
772 774 0.2
773 774 0.01
773 775 0.01
774 776 0.2
774 775 0.2
775 776 0.01
775 9949 0.05
776 777 0.05
776 778 0.05
777 778 0.05
777 779 0.01
778 779 0.05
778 780 0.05
779 780 0.2
779 781 0.05
780 781 0.2
780 782 0.2
781 4809 0.01
781 782 0.01
782 784 0.01
782 783 0.01
783 784 0.2
783 785 0.01
784 785 0.2
784 786 0.01
785 786 0.05
785 787 0.05
786 787 0.2
786 788 0.05
787 788 0.05
787 789 0.2
788 789 0.05
788 790 0.05
789 6976 0.05
789 7432 0.01
789 790 0.2
790 792 0.01
790 1084 0.05
790 3461 0.05
791 792 0.01
791 793 0.05
792 793 0.2
792 794 0.2
793 794 0.2
793 795 0.05
794 795 0.2
794 796 0.2
795 796 0.05
795 797 0.01
796 797 0.01
796 798 0.05
797 798 0.2
797 799 0.01
798 800 0.01
798 1843 0.01
798 2716 0.05
798 799 0.01
799 800 0.01
799 801 0.05
800 801 0.05
800 802 0.05
801 803 0.01
801 4283 0.01
802 803 0.05
802 804 0.2
802 6478 0.05
803 804 0.01
803 805 0.01
804 805 0.05
804 806 0.2
805 806 0.2
805 807 0.01
806 808 0.2
806 807 0.2
807 808 0.2
807 809 0.05
808 809 0.01
808 810 0.05
809 1139 0.2
809 810 0.01
809 811 0.05
810 4794 0.01
810 811 0.05
811 812 0.01
811 813 0.05
812 813 0.2
812 814 0.05
813 2694 0.2
813 814 0.05
813 815 0.2
814 816 0.2
814 9958 0.05
815 816 0.05
815 817 0.01
816 817 0.05
816 818 0.01
817 818 0.05
817 819 0.01
818 819 0.2
818 820 0.05
819 820 0.2
819 821 0.05
820 821 0.01
820 822 0.05
821 822 0.01
821 823 0.01
822 824 0.05
822 823 0.2
823 824 0.05
823 825 0.2
823 9638 0.01
824 826 0.05
824 5394 0.05
825 826 0.2
825 827 0.05
826 7546 0.01
826 828 0.05
827 828 0.01
827 829 0.01
828 829 0.2
828 830 0.2
829 830 0.01
829 831 0.2
830 832 0.2
830 831 0.01
831 832 0.05
831 833 0.05
832 833 0.2
832 834 0.2
833 834 0.01
833 7364 0.01
834 835 0.01
834 836 0.01
834 7150 0.05
835 836 0.01
835 837 0.01
836 837 0.2
836 838 0.01
837 838 0.2
837 839 0.01
838 7489 0.01
838 839 0.2
839 840 0.05
839 841 0.05
840 841 0.2
840 842 0.2
841 842 0.05
841 843 0.2
842 843 0.2
842 844 0.2
843 844 0.2
843 6293 0.2
844 845 0.05
844 846 0.2
845 2307 0.05
845 846 0.01
845 847 0.05
846 848 0.01
846 7159 0.05
846 847 0.05
847 849 0.2
847 6964 0.05
847 2719 0.05
848 849 0.2
848 850 0.01
848 8651 0.05
849 850 0.2
849 851 0.01
850 851 0.05
850 852 0.05
851 4492 0.05
851 853 0.01
852 5590 0.01
852 853 0.05
852 854 0.05
853 854 0.01
853 855 0.2
854 856 0.01
854 855 0.2
855 856 0.2
855 857 0.2
856 857 0.05
856 858 0.05
857 859 0.2
857 2142 0.2
858 859 0.2
858 860 0.01
859 861 0.05
859 6629 0.2
860 861 0.2
860 862 0.01
860 930 0.05
861 862 0.2
861 863 0.05
862 864 0.2
862 8159 0.01
863 864 0.01
863 865 0.05
864 4249 0.01
864 865 0.05
864 866 0.2
865 866 0.01
865 867 0.2
865 8725 0.2
866 8546 0.01
866 868 0.01
867 868 0.01
867 869 0.2
868 869 0.05
868 870 0.05
869 870 0.2
869 871 0.2
870 872 0.2
870 871 0.01
871 872 0.05
871 873 0.05
872 873 0.05
872 874 0.05
872 5284 0.05
873 874 0.05
873 875 0.2
874 875 0.2
874 876 0.01
875 877 0.2
876 877 0.2
876 878 0.05
877 878 0.01
877 879 0.05
878 880 0.01
878 1658 0.2
879 880 0.2
879 881 0.05
880 881 0.05
880 882 0.05
881 882 0.2
881 883 0.2
882 883 0.2
882 884 0.01
883 884 0.05
883 885 0.01
884 885 0.2
884 886 0.2
885 886 0.01
885 887 0.05
886 888 0.05
886 887 0.2
887 888 0.2
887 889 0.2
888 890 0.05
888 4980 0.01
889 890 0.2
889 891 0.2
890 891 0.01
890 892 0.05
891 892 0.2
891 893 0.05
892 893 0.2
892 6159 0.05
893 894 0.01
893 895 0.2
894 896 0.2
894 2540 0.2
895 896 0.2
895 897 0.2
896 2336 0.01
896 897 0.2
896 898 0.2
897 898 0.05
897 899 0.2
898 899 0.05
898 900 0.01
899 900 0.05
899 4523 0.05
899 6998 0.01
900 901 0.01
900 902 0.05
901 902 0.05
901 903 0.01
902 904 0.01
902 903 0.01
903 904 0.01
903 905 0.01
904 905 0.05
904 1871 0.01
905 906 0.2
905 907 0.2
906 908 0.2
906 3125 0.2
907 908 0.01
907 909 0.2
908 909 0.05
908 910 0.2
909 910 0.01
910 912 0.2
910 911 0.05
911 912 0.01
911 913 0.01
911 9409 0.01
912 914 0.2
912 2003 0.2
913 6409 0.01
913 915 0.2
914 9905 0.05
914 915 0.01
914 916 0.05
915 916 0.05
915 917 0.2
916 917 0.2
916 918 0.01
917 918 0.05
917 919 0.2
918 920 0.05
918 919 0.2
919 920 0.05
919 921 0.01
920 921 0.2
920 922 0.01
921 923 0.05
921 2748 0.05
922 923 0.01
922 924 0.05
923 924 0.2
923 925 0.2
923 3972 0.05
924 925 0.05
924 926 0.05
925 8671 0.05
925 926 0.2
925 927 0.2
926 928 0.05
926 927 0.01
927 928 0.01
927 929 0.2
928 929 0.01
928 930 0.05
929 930 0.01
929 931 0.2
930 932 0.05
930 7226 0.05
931 932 0.2
931 933 0.01
932 933 0.2
932 934 0.2
933 934 0.01
933 935 0.05
934 936 0.01
934 935 0.01
935 936 0.05
935 937 0.05
936 937 0.2
936 938 0.01
937 938 0.05
937 939 0.01
938 939 0.01
938 940 0.05
939 940 0.05
939 941 0.01
940 941 0.05
940 942 0.01
941 942 0.05
941 943 0.2
942 944 0.05
942 943 0.01
943 9705 0.05
943 945 0.01
944 945 0.05
944 946 0.01
944 8879 0.01
944 1663 0.05
945 946 0.01
945 947 0.2
946 947 0.2
946 948 0.05
946 3144 0.01
947 948 0.01
947 949 0.01
947 5306 0.05
948 949 0.05
948 950 0.2
949 2840 0.01
949 950 0.2
950 952 0.05
950 951 0.05
951 952 0.2
951 953 0.01
952 954 0.01
952 7282 0.01
953 954 0.05
953 955 0.01
953 7533 0.01
954 956 0.2
954 1068 0.2
955 956 0.2
955 957 0.2
956 957 0.05
956 958 0.01
957 958 0.05
957 959 0.01
958 960 0.05
958 959 0.01
959 960 0.01
959 961 0.01
960 961 0.05
960 962 0.2
961 962 0.2
961 4468 0.05
962 963 0.01
962 964 0.01
962 8520 0.05
963 965 0.2
964 965 0.2
964 966 0.01
965 2604 0.2
965 966 0.2
966 968 0.2
966 8862 0.01
966 967 0.2
967 968 0.01
967 969 0.05
968 969 0.05
968 970 0.01
968 3239 0.2
969 970 0.05
969 971 0.01
970 971 0.2
970 972 0.05
971 972 0.01
971 973 0.2
972 973 0.2
972 974 0.01
973 974 0.2
973 975 0.05
974 976 0.01
974 6856 0.2
974 975 0.2
975 976 0.2
975 977 0.2
976 978 0.2
977 978 0.01
977 979 0.05
978 979 0.05
978 980 0.01
978 8416 0.2
979 5371 0.05
979 980 0.05
979 981 0.05
980 2373 0.2
980 982 0.01
981 8119 0.05
982 984 0.01
982 983 0.05
983 984 0.01
983 985 0.2
984 985 0.2
984 986 0.2
985 986 0.01
985 987 0.2
986 987 0.2
986 988 0.05
987 988 0.01
987 989 0.01
988 8373 0.05
988 3406 0.2
988 5611 0.05
989 990 0.2
989 991 0.01
990 992 0.2
990 991 0.05
991 992 0.2
991 993 0.05
992 993 0.2
992 994 0.01
993 995 0.01
993 1416 0.01
994 995 0.2
994 996 0.05
994 4595 0.01
995 997 0.05
995 6603 0.01
995 8911 0.01
995 2996 0.01
996 997 0.01
996 998 0.05
996 3181 0.05
997 998 0.2
997 999 0.05
998 1000 0.2
998 999 0.05
999 1000 0.05
999 1001 0.01
1000 1001 0.2
1000 1002 0.01
1001 1002 0.05
1001 1003 0.05
1002 1003 0.01
1002 1004 0.2
1002 7027 0.05
1003 1004 0.05
1003 1005 0.01
1004 1005 0.05
1004 8119 0.05
1005 7821 0.05
1005 1006 0.2
1005 1007 0.05
1006 1008 0.05
1006 3089 0.05
1007 1008 0.01
1007 1009 0.05
1008 1009 0.2
1008 1010 0.05
1008 5316 0.05
1009 1010 0.2
1009 1011 0.05
1010 1011 0.01
1010 1012 0.2
1010 8649 0.05
1011 1012 0.01
1011 1013 0.05
1012 1013 0.2
1012 1014 0.01
1013 1014 0.2
1013 1015 0.05
1014 1016 0.05
1014 1015 0.01
1015 1016 0.01
1015 1017 0.05
1016 1017 0.2
1016 1018 0.05
1017 1018 0.05
1017 1019 0.05
1018 1019 0.2
1018 1020 0.2
1018 5941 0.05
1019 1020 0.01
1019 6149 0.2
1020 1021 0.05
1020 1022 0.05
1021 8796 0.05
1022 1024 0.01
1022 1023 0.2
1023 1024 0.05
1023 1025 0.2
1023 5523 0.05
1023 8953 0.05
1024 1025 0.2
1024 1026 0.01
1025 1026 0.01
1025 1027 0.2
1026 1027 0.2
1026 1028 0.05
1027 5500 0.05
1027 1028 0.2
1027 1029 0.2
1028 1029 0.2
1028 1030 0.01
1029 1030 0.01
1029 1031 0.01
1030 1032 0.2
1030 1031 0.2
1031 1032 0.05
1031 1033 0.01
1032 1033 0.01
1032 1034 0.01
1032 5723 0.01
1033 1034 0.2
1033 1035 0.05
1034 1035 0.05
1034 1036 0.05
1035 1036 0.2
1035 1037 0.01
1036 1037 0.2
1036 1038 0.01
1037 1038 0.2
1037 1039 0.05
1038 1040 0.05
1038 1039 0.05
1039 1040 0.05
1039 4211 0.01
1040 1041 0.2
1040 1042 0.01
1041 1042 0.2
1041 1043 0.05
1042 1044 0.05
1042 1382 0.05
1043 1044 0.2
1043 1045 0.05
1044 1045 0.01
1044 1046 0.01
1045 1046 0.01
1045 1047 0.2
1046 1048 0.01
1046 1047 0.05
1047 1048 0.2
1047 1049 0.05
1048 1049 0.2
1048 1050 0.01
1049 1050 0.05
1049 1051 0.05
1050 1051 0.2
1050 1052 0.05
1051 1053 0.01
1051 9457 0.2
1052 1053 0.05
1052 1054 0.2
1053 1054 0.05
1053 1055 0.01
1054 1056 0.01
1054 1055 0.01
1055 1056 0.01
1055 1057 0.05
1056 1057 0.01
1056 1058 0.2
1057 1058 0.05
1057 1059 0.01
1058 3794 0.2
1058 1059 0.05
1058 1060 0.2
1059 1060 0.05
1059 1061 0.2
1060 1061 0.01
1060 1062 0.2
1061 1062 0.2
1061 1063 0.05
1062 2609 0.05
1062 1063 0.01
1063 1064 0.2
1063 1065 0.2
1064 1065 0.2
1064 1066 0.2
1065 1066 0.01
1065 1067 0.05
1066 5097 0.2
1066 1068 0.01
1066 1887 0.01
1067 1068 0.01
1067 1297 0.01
1068 1069 0.01
1068 1070 0.05
1069 1070 0.01
1069 1071 0.05
1070 1072 0.2
1070 1071 0.2
1071 1072 0.05
1071 1073 0.05
1072 1073 0.2
1072 1074 0.01
1073 1074 0.2
1073 1075 0.01
1073 1173 0.01
1074 1075 0.05
1074 1076 0.05
1075 1076 0.2
1075 1077 0.2
1075 5615 0.05
1076 1077 0.2
1076 1078 0.05
1077 1078 0.05
1077 1079 0.2
1078 1080 0.01
1078 9593 0.01
1079 1080 0.05
1079 1081 0.2
1080 1081 0.01
1080 1082 0.05
1081 1082 0.05
1081 1083 0.2
1082 1083 0.2
1082 1084 0.05
1083 1084 0.01
1083 1085 0.2
1084 1085 0.2
1084 1086 0.2
1085 1086 0.01
1085 1087 0.01
1086 1088 0.05
1086 1087 0.2
1087 1088 0.01
1087 1089 0.01
1088 1089 0.2
1088 1090 0.01
1089 1090 0.05
1089 1091 0.01
1090 1091 0.01
1090 1092 0.05
1091 1840 0.2
1091 1092 0.01
1092 1093 0.05
1092 1094 0.2
1093 1094 0.05
1093 1095 0.01
1094 1096 0.05
1095 1096 0.01
1095 1097 0.2
1096 1097 0.2
1096 1098 0.05
1097 1098 0.01
1097 1099 0.2
1098 1099 0.05
1098 4839 0.2
1099 1100 0.2
1099 1101 0.01
1099 5662 0.2
1100 1101 0.2
1100 1102 0.01
1101 1102 0.2
1101 1103 0.2
1102 1104 0.01
1102 1103 0.01
1103 1104 0.2
1103 1105 0.2
1104 1105 0.2
1104 1106 0.2
1105 1106 0.05
1105 7467 0.2
1106 1107 0.01
1106 1108 0.01
1107 1108 0.01
1107 1109 0.01
1108 1109 0.2
1108 1110 0.2
1109 1110 0.05
1109 1111 0.2
1110 1112 0.01
1110 1111 0.2
1111 1112 0.05
1111 1113 0.2
1112 1113 0.2
1112 1114 0.01
1113 1114 0.05
1113 1115 0.2
1114 1116 0.2
1114 9328 0.05
1115 1116 0.2
1115 1117 0.05
1116 4235 0.05
1116 1118 0.01
1117 1118 0.2
1117 1119 0.05
1118 1120 0.05
1118 5617 0.05
1118 1119 0.01
1119 1120 0.2
1119 1121 0.01
1119 9487 0.01
1120 1121 0.05
1120 1122 0.05
1121 1122 0.05
1121 1123 0.05
1122 1123 0.01
1122 1124 0.05
1122 6464 0.2
1123 1124 0.01
1123 1125 0.05
1123 2345 0.2
1124 1125 0.05
1124 1126 0.2
1125 1126 0.05
1125 1127 0.05
1126 1128 0.01
1126 6652 0.05
1127 1128 0.2
1127 1129 0.2
1128 1129 0.01
1128 1130 0.05
1129 1130 0.01
1129 1562 0.05
1130 1131 0.01
1130 1132 0.05
1131 1132 0.05
1131 1133 0.01
1132 1133 0.01
1132 1134 0.01
1133 1134 0.01
1133 1135 0.05
1134 1136 0.05
1134 8025 0.2
1134 1135 0.05
1135 1137 0.01
1135 6805 0.01
1136 1137 0.05
1136 1138 0.2
1137 3416 0.2
1137 1138 0.05
1138 1139 0.01
1138 1140 0.01
1139 1140 0.05
1140 1141 0.2
1140 1142 0.05
1141 1142 0.05
1141 1143 0.05
1142 1144 0.05
1142 8511 0.01
1142 1143 0.01
1143 1144 0.05
1143 1145 0.2
1144 1145 0.05
1144 1146 0.01
1145 8217 0.01
1145 1146 0.2
1145 1147 0.05
1146 7235 0.01
1146 5512 0.01
1146 1147 0.05
1147 1148 0.05
1147 1149 0.2
1148 1149 0.2
1148 1150 0.2
1149 3138 0.05
1149 1150 0.05
1149 1151 0.2
1150 1152 0.01
1150 1151 0.01
1151 1152 0.05
1151 1153 0.01
1152 1153 0.05
1152 1154 0.2
1152 5356 0.05
1153 1154 0.05
1153 1155 0.05
1154 1155 0.01
1154 1156 0.05
1155 1156 0.01
1155 1157 0.2
1156 1157 0.2
1156 1158 0.01
1157 1158 0.05
1157 1159 0.2
1158 1160 0.05
1158 1838 0.01
1158 1159 0.05
1159 8837 0.2
1159 2455 0.05
1160 1161 0.2
1160 1162 0.05
1161 1162 0.2
1161 1163 0.2
1162 7683 0.2
1162 1164 0.01
1163 1164 0.01
1163 1165 0.01
1164 5120 0.05
1164 1165 0.05
1164 1166 0.05
1165 7142 0.2
1165 1167 0.05
1166 1168 0.01
1166 1167 0.01
1167 1168 0.2
1167 1169 0.2
1168 1169 0.05
1168 1170 0.2
1168 4734 0.01
1169 1170 0.01
1169 1171 0.01
1169 5164 0.01
1170 1171 0.2
1170 1172 0.05
1171 1172 0.05
1171 1173 0.2
1172 1173 0.05
1172 1174 0.01
1173 1175 0.2
1174 1176 0.2
1174 1175 0.01
1175 1176 0.05
1175 1177 0.2
1176 8295 0.05
1176 9747 0.01
1176 1177 0.05
1176 1178 0.2
1177 1178 0.2
1177 1179 0.05
1177 8180 0.2
1178 1179 0.05
1178 1180 0.2
1179 1180 0.2
1179 1181 0.2
1180 1181 0.05
1180 1182 0.2
1181 1182 0.2
1181 1183 0.05
1182 1184 0.05
1182 1183 0.01
1183 1184 0.05
1183 1185 0.05
1184 1185 0.2
1184 1186 0.01
1184 2530 0.05
1185 1186 0.2
1185 1187 0.05
1186 8234 0.2
1186 1188 0.2
1187 1188 0.2
1187 1189 0.01
1188 1189 0.2
1188 1190 0.05
1189 1190 0.05
1189 1191 0.2
1190 1192 0.2
1190 4179 0.2
1190 1191 0.01
1191 1192 0.2
1191 1193 0.01
1192 1193 0.2
1192 1194 0.05
1193 1194 0.01
1193 1195 0.2
1194 1195 0.2
1194 1196 0.2
1195 1196 0.2
1195 1197 0.05
1196 1197 0.01
1196 1198 0.2
1197 1198 0.01
1197 1199 0.01
1198 1200 0.2
1198 1199 0.2
1199 1201 0.01
1199 7676 0.01
1200 1201 0.01
1200 1202 0.05
1201 1202 0.05
1201 1203 0.05
1202 1203 0.01
1202 1204 0.05
1203 1204 0.2
1203 1205 0.01
1204 1205 0.05
1204 1206 0.2
1205 1206 0.2
1205 1207 0.05
1206 1208 0.2
1206 1207 0.2
1207 1208 0.01
1207 1209 0.2
1208 1209 0.01
1208 1210 0.2
1209 1210 0.01
1209 1211 0.2
1209 5295 0.05
1210 1211 0.2
1210 1212 0.05
1211 1212 0.2
1211 1213 0.05
1212 1213 0.05
1212 1214 0.01
1213 1214 0.05
1213 1215 0.2
1214 1216 0.05
1214 1215 0.2
1215 1216 0.05
1215 1217 0.2
1216 1218 0.2
1216 7370 0.2
1216 6775 0.2
1217 1218 0.2
1217 1219 0.05
1218 1220 0.2
1219 1220 0.05
1219 1221 0.01
1220 1221 0.01
1220 1222 0.05
1221 1222 0.2
1221 1223 0.05
1222 1224 0.01
1222 1223 0.05
1223 1224 0.05
1223 1225 0.2
1224 1225 0.01
1224 1226 0.2
1225 1226 0.2
1225 1227 0.05
1225 5531 0.05
1226 5698 0.05
1226 1227 0.05
1227 1228 0.2
1227 1229 0.2
1228 1229 0.05
1228 1230 0.05
1229 1230 0.01
1229 1231 0.2
1230 1232 0.2
1230 1231 0.2
1231 1232 0.05
1231 1233 0.05
1232 1495 0.05
1233 1234 0.01
1233 1235 0.05
1234 1235 0.01
1234 1236 0.05
1235 1236 0.2
1235 1237 0.01
1235 6958 0.05
1236 1237 0.05
1236 1238 0.2
1237 8653 0.05
1237 1239 0.2
1238 1240 0.05
1238 1239 0.01
1239 1240 0.01
1239 1241 0.2
1240 1241 0.05
1240 8203 0.2
1241 1242 0.2
1241 1243 0.05
1242 1243 0.01
1242 1244 0.01
1243 1244 0.2
1243 1245 0.2
1244 3521 0.2
1244 9591 0.01
1244 1245 0.01
1245 7960 0.01
1245 1246 0.2
1245 1247 0.2
1246 1248 0.01
1246 1247 0.2
1247 1248 0.01
1247 1249 0.01
1248 1249 0.01
1248 1250 0.05
1249 1251 0.05
1249 3605 0.2
1250 1251 0.05
1250 1252 0.01
1251 1252 0.2
1251 1253 0.01
1252 6064 0.01
1252 1253 0.2
1252 1254 0.01
1253 6418 0.05
1253 1254 0.2
1253 1255 0.05
1254 2514 0.05
1254 1255 0.2
1255 1256 0.01
1256 1257 0.05
1256 1258 0.05
1257 1259 0.05
1257 1581 0.2
1258 1259 0.01
1258 1260 0.01
1258 4350 0.2
1259 9576 0.2
1259 1260 0.01
1260 1261 0.2
1260 1262 0.2
1261 1262 0.2
1261 1263 0.01
1262 1264 0.01
1262 1263 0.05
1263 1265 0.01
1263 8676 0.01
1264 1265 0.05
1264 7487 0.05
1265 1266 0.01
1265 1267 0.2
1266 1267 0.05
1266 1268 0.01
1267 1268 0.01
1267 1269 0.05
1268 1269 0.2
1268 1270 0.2
1269 5798 0.01
1269 1270 0.05
1270 3508 0.05
1270 1272 0.05
1270 5754 0.2
1271 1272 0.2
1271 1273 0.2
1271 2338 0.05
1272 6851 0.01
1272 7403 0.2
1273 1274 0.05
1273 8879 0.05
1274 1275 0.01
1274 1276 0.01
1275 1276 0.05
1275 1277 0.01
1276 5844 0.2
1276 1277 0.05
1277 1278 0.2
1277 1279 0.05
1278 1280 0.2
1278 1279 0.01
1279 1280 0.01
1279 1281 0.2
1280 2673 0.05
1280 1282 0.05
1281 1282 0.2
1281 1283 0.2
1282 1283 0.01
1282 1284 0.01
1283 1284 0.2
1283 1285 0.2
1284 6236 0.05
1284 1286 0.05
1285 1286 0.2
1285 1287 0.05
1286 1288 0.01
1286 1287 0.05
1287 1288 0.2
1287 1289 0.01
1288 4325 0.01
1288 1289 0.01
1288 1290 0.05
1288 8619 0.05
1288 6540 0.01
1288 2928 0.01
1289 1290 0.05
1289 2207 0.05
1290 1291 0.01
1290 1292 0.05
1291 9144 0.05
1291 4220 0.05
1292 1293 0.05
1292 1294 0.2
1293 1294 0.2
1293 1295 0.2
1294 1296 0.01
1294 1295 0.05
1295 1296 0.2
1295 1297 0.05
1296 2810 0.2
1296 8139 0.01
1297 1298 0.01
1297 1299 0.2
1298 1299 0.01
1298 1300 0.05
1299 8611 0.05
1299 1300 0.01
1300 1301 0.05
1300 1302 0.2
1301 1302 0.2
1301 1303 0.2
1302 1304 0.05
1302 1303 0.2
1303 1304 0.01
1303 1305 0.2
1304 1305 0.05
1304 1306 0.05
1305 1306 0.2
1305 1307 0.01
1306 1308 0.01
1307 1308 0.01
1307 1309 0.05
1308 1309 0.01
1308 1310 0.05
1309 1310 0.2
1309 1311 0.2
1310 6664 0.05
1310 1311 0.05
1311 1312 0.2
1311 1313 0.2
1312 1313 0.05
1312 1314 0.2
1312 6186 0.2
1313 1315 0.01
1313 9179 0.01
1314 1315 0.2
1314 1316 0.2
1315 1316 0.01
1315 1317 0.2
1316 1317 0.05
1316 1318 0.2
1317 1318 0.2
1317 1319 0.05
1317 9995 0.01
1317 6990 0.2
1318 1320 0.01
1318 1319 0.01
1319 1320 0.2
1319 9325 0.2
1320 1321 0.01
1320 1322 0.2
1321 1322 0.2
1321 1323 0.01
1322 1323 0.01
1322 1324 0.05
1323 2748 0.2
1323 1324 0.05
1323 1325 0.01
1324 2401 0.2
1324 8221 0.01
1325 1326 0.2
1325 1327 0.2
1326 1328 0.05
1326 1327 0.01
1327 1328 0.2
1327 4735 0.05
1328 1329 0.01
1328 1330 0.05
1329 1330 0.01
1329 1331 0.2
1330 1331 0.05
1330 1332 0.05
1331 1332 0.2
1331 1333 0.01
1332 1333 0.2
1332 1334 0.05
1333 1334 0.2
1333 1335 0.05
1334 1336 0.2
1334 1335 0.01
1335 1336 0.05
1335 1337 0.05
1336 1337 0.01
1336 1338 0.2
1337 6232 0.01
1337 1338 0.2
1338 1339 0.01
1338 1340 0.01
1339 1340 0.05
1339 1341 0.05
1340 1341 0.2
1340 1342 0.01
1341 1542 0.2
1341 9842 0.01
1341 6933 0.01
1342 1344 0.05
1342 1343 0.01
1343 1345 0.05
1343 6602 0.05
1343 7359 0.01
1344 1345 0.01
1344 1346 0.2
1345 1346 0.2
1345 1347 0.2
1346 1347 0.05
1346 1348 0.05
1347 1348 0.05
1347 1349 0.05
1348 1349 0.05
1348 1350 0.05
1349 1350 0.01
1349 1351 0.2
1350 1352 0.2
1350 1351 0.2
1351 1352 0.01
1351 1353 0.2
1352 1353 0.05
1352 1354 0.01
1353 1354 0.01
1353 1355 0.2
1354 1355 0.05
1354 1356 0.2
1354 2496 0.01
1355 1356 0.2
1355 1357 0.01
1356 4450 0.01
1356 1358 0.01
1356 5266 0.05
1356 9749 0.05
1357 1358 0.2
1357 1359 0.2
1358 1360 0.2
1358 6710 0.05
1358 1359 0.2
1359 1360 0.05
1359 4080 0.01
1359 4272 0.01
1360 1361 0.05
1360 1362 0.05
1361 1362 0.01
1361 1363 0.05
1362 1363 0.01
1362 1364 0.2
1363 6183 0.01
1363 9999 0.01
1363 1364 0.2
1364 1365 0.05
1364 1366 0.2
1364 8239 0.01
1365 1366 0.01
1365 1367 0.01
1366 1368 0.01
1366 1367 0.01
1367 1368 0.2
1367 1369 0.01
1368 1369 0.05
1368 1370 0.2
1368 5767 0.2
1369 1370 0.2
1369 1371 0.01
1370 1371 0.01
1370 1372 0.2
1371 1372 0.01
1371 1373 0.05
1372 1373 0.05
1372 1374 0.01
1373 1374 0.2
1373 1375 0.01
1374 1376 0.01
1374 1375 0.01
1375 1376 0.2
1375 1377 0.05
1375 5725 0.01
1375 8284 0.2
1376 1377 0.2
1376 1378 0.05
1376 4630 0.2
1376 3614 0.2
1377 1378 0.2
1377 1379 0.05
1378 1379 0.01
1378 1380 0.05
1379 1380 0.01
1379 1381 0.2
1380 1381 0.2
1380 1382 0.01
1381 9316 0.05
1381 1382 0.05
1381 1383 0.05
1382 1384 0.01
1382 1383 0.2
1383 1384 0.2
1383 1385 0.2
1384 1385 0.01
1384 1386 0.2
1385 1386 0.2
1385 1387 0.05
1386 1387 0.2
1386 1388 0.05
1387 1388 0.01
1387 1389 0.05
1388 1389 0.2
1388 1390 0.2
1389 1390 0.05
1389 1391 0.2
1390 2009 0.05
1390 1391 0.2
1391 1392 0.05
1391 1393 0.05
1392 1393 0.01
1392 1394 0.05
1393 1394 0.05
1393 1395 0.01
1394 1395 0.2
1394 1396 0.05
1395 1396 0.01
1395 1397 0.01
1396 1398 0.05
1396 9279 0.2
1397 4463 0.01
1397 1399 0.05
1398 1400 0.01
1398 1399 0.2
1399 1400 0.05
1399 1401 0.05
1399 8956 0.2
1400 1401 0.2
1400 1402 0.01
1401 1402 0.05
1401 1403 0.01
1402 1403 0.05
1402 1404 0.01
1403 1404 0.05
1403 1405 0.2
1403 9497 0.01
1404 6715 0.05
1404 1405 0.05
1405 1406 0.01
1405 1407 0.2
1406 1408 0.2
1406 1407 0.01
1407 1408 0.01
1407 1409 0.05
1408 1409 0.05
1408 1410 0.2
1408 3702 0.2
1409 1410 0.2
1409 1411 0.01
1410 1411 0.01
1410 1412 0.01
1411 1482 0.2
1411 1412 0.2
1411 1413 0.2
1412 1413 0.2
1412 1414 0.01
1413 1414 0.05
1413 1415 0.01
1414 1416 0.05
1414 1415 0.05
1415 1416 0.01
1415 1417 0.01
1416 1417 0.01
1417 1418 0.2
1417 7979 0.01
1418 1419 0.2
1418 1420 0.05
1419 1420 0.01
1419 1421 0.2
1420 1421 0.2
1420 1422 0.2
1421 1422 0.01
1421 1423 0.05
1422 3927 0.01
1422 1423 0.2
1423 1424 0.05
1423 1425 0.05
1424 1425 0.05
1424 1426 0.05
1425 1426 0.2
1425 1427 0.2
1426 1427 0.05
1426 1428 0.05
1427 4299 0.05
1427 1644 0.05
1427 1428 0.2
1428 1429 0.05
1428 1430 0.05
1429 1430 0.01
1429 1431 0.2
1430 1432 0.05
1430 1431 0.05
1431 1432 0.01
1431 1433 0.05
1432 1433 0.05
1432 1434 0.05
1433 1434 0.01
1433 1435 0.2
1434 1435 0.01
1434 1436 0.2
1435 1436 0.01
1435 1437 0.01
1436 1437 0.05
1436 1438 0.2
1437 1438 0.2
1437 1439 0.2
1438 1440 0.2
1438 5669 0.05
1439 1440 0.05
1439 1441 0.01
1439 7525 0.01
1440 1441 0.05
1440 1442 0.01
1441 1442 0.05
1441 1443 0.2
1442 1443 0.01
1442 1444 0.05
1443 9876 0.2
1443 1445 0.2
1444 1445 0.2
1444 1446 0.05
1445 1446 0.05
1445 1447 0.05
1446 1459 0.2
1446 1447 0.2
1447 1448 0.2
1447 1449 0.05
1448 1449 0.05
1448 7165 0.01
1449 1450 0.2
1449 1451 0.05
1450 1451 0.01
1450 1452 0.01
1451 1452 0.2
1451 1453 0.2
1452 1453 0.05
1452 1454 0.01
1453 1454 0.2
1453 1455 0.2
1454 1456 0.01
1454 1455 0.2
1455 1456 0.01
1455 1457 0.01
1456 1457 0.2
1456 1458 0.01
1456 8738 0.01
1457 9360 0.05
1457 1459 0.01
1458 1459 0.2
1458 1460 0.01
1459 1460 0.01
1459 1461 0.2
1460 1461 0.01
1460 1462 0.01
1461 8731 0.01
1461 1462 0.2
1461 1463 0.05
1462 1464 0.05
1462 1463 0.01
1463 1464 0.2
1463 1465 0.2
1464 1465 0.2
1464 1466 0.2
1464 1734 0.05
1465 1466 0.2
1465 9915 0.05
1466 1467 0.01
1466 1468 0.01
1467 1468 0.2
1467 1469 0.2
1468 1469 0.05
1468 1470 0.01
1469 1470 0.01
1470 1472 0.2
1471 1472 0.2
1471 1473 0.05
1472 1473 0.2
1472 1474 0.05
1473 1474 0.01
1473 1475 0.2
1474 1475 0.2
1474 1476 0.2
1475 1476 0.05
1475 1477 0.01
1476 1477 0.01
1476 1478 0.01
1477 1478 0.2
1477 1479 0.01
1478 1480 0.01
1478 1479 0.01
1479 1480 0.2
1479 1481 0.2
1480 1481 0.05
1480 1482 0.05
1481 1482 0.05
1481 1483 0.05
1482 1483 0.01
1483 1484 0.05
1483 1485 0.05
1484 4676 0.05
1484 1485 0.2
1485 1486 0.01
1485 1487 0.2
1486 1488 0.01
1486 1487 0.05
1487 1488 0.2
1487 1489 0.01
1488 1489 0.2
1488 1490 0.2
1489 1490 0.01
1489 1491 0.01
1490 1491 0.05
1490 1492 0.05
1491 1492 0.05
1491 1493 0.2
1492 1493 0.05
1492 1494 0.01
1493 1494 0.2
1493 1495 0.01
1494 1496 0.2
1494 1495 0.01
1495 1496 0.01
1495 1497 0.05
1496 1497 0.05
1496 1498 0.2
1497 1498 0.05
1497 1499 0.2
1497 2372 0.01
1498 1499 0.2
1498 1500 0.01
1499 1500 0.01
1499 1501 0.01
1500 1501 0.2
1500 1502 0.2
1501 1502 0.05
1501 1503 0.05
1502 1504 0.01
1502 9141 0.01
1502 1503 0.2
1503 1504 0.05
1503 6741 0.2
1503 5148 0.2
1504 1505 0.2
1504 1506 0.01
1505 1506 0.01
1505 1507 0.05
1506 1507 0.01
1506 1508 0.01
1507 1508 0.2
1507 1509 0.01
1508 1509 0.2
1508 1510 0.05
1509 1510 0.01
1509 1511 0.05
1510 1512 0.01
1510 1511 0.2
1511 1512 0.01
1511 1513 0.2
1512 1513 0.05
1512 1514 0.2
1512 4921 0.2
1513 1514 0.05
1513 1515 0.05
1514 1515 0.2
1514 1516 0.01
1515 4204 0.2
1515 1516 0.2
1515 1517 0.01
1516 1517 0.2
1516 1518 0.2
1517 1518 0.05
1517 1519 0.01
1518 1520 0.01
1518 1519 0.05
1519 1520 0.01
1519 1521 0.01
1520 1521 0.05
1520 1522 0.2
1521 1522 0.2
1521 1523 0.2
1522 1523 0.05
1522 1524 0.05
1523 1524 0.01
1523 1525 0.2
1524 1526 0.05
1524 8455 0.05
1525 1526 0.05
1525 1527 0.01
1526 1528 0.05
1526 1527 0.2
1527 1528 0.05
1527 1529 0.05
1528 1529 0.01
1528 1530 0.2
1529 1530 0.2
1529 1531 0.2
1530 1531 0.05
1530 1532 0.01
1531 1532 0.2
1531 1533 0.05
1532 9193 0.01
1532 1533 0.2
1532 1534 0.01
1533 1534 0.01
1533 1535 0.05
1534 1536 0.01
1534 1535 0.05
1535 1536 0.2
1535 1537 0.2
1535 9729 0.01
1536 1538 0.2
1536 3179 0.05
1536 8748 0.05
1537 1538 0.05
1537 1539 0.01
1538 1539 0.01
1538 1540 0.01
1539 1540 0.05
1539 1541 0.05
1540 5572 0.05
1540 1541 0.05
1541 1542 0.01
1541 1543 0.01
1542 1544 0.01
1543 1544 0.01
1543 9502 0.05
1544 1546 0.05
1544 4655 0.2
1545 1546 0.2
1545 1547 0.2
1546 1547 0.05
1546 1548 0.01
1546 1831 0.01
1547 7012 0.01
1547 1548 0.05
1547 1549 0.2
1548 1549 0.01
1548 1550 0.2
1549 7732 0.2
1549 1550 0.05
1550 7446 0.05
1550 9437 0.01
1551 1552 0.05
1551 1553 0.05
1552 1553 0.05
1552 1554 0.01
1553 1554 0.2
1553 1555 0.2
1554 1555 0.01
1554 1556 0.2
1554 7689 0.2
1555 1556 0.01
1555 1557 0.2
1556 1557 0.05
1556 1558 0.01
1557 1558 0.01
1557 1559 0.05
1558 1560 0.05
1558 1559 0.05
1559 1560 0.05
1559 1561 0.01
1560 1561 0.01
1560 1562 0.01
1561 1562 0.05
1561 1563 0.05
1562 1563 0.05
1562 1564 0.05
1563 1564 0.05
1563 1565 0.01
1564 3910 0.05
1564 1565 0.05
1564 1566 0.01
1565 1566 0.2
1565 1567 0.2
1566 3922 0.05
1566 1567 0.2
1567 1569 0.2
1567 3706 0.01
1568 1569 0.05
1568 1570 0.01
1569 1570 0.01
1569 1571 0.05
1569 6563 0.01
1570 1571 0.05
1570 1572 0.05
1571 1572 0.2
1571 1573 0.05
1572 1573 0.05
1572 1574 0.05
1573 1574 0.05
1573 1575 0.05
1574 1576 0.2
1574 1575 0.2
1575 1576 0.01
1575 9749 0.05
1575 7045 0.05
1576 1577 0.2
1576 1578 0.2
1576 9577 0.01
1576 7129 0.05
1577 1578 0.05
1577 1579 0.01
1578 1579 0.05
1578 1580 0.05
1579 1580 0.05
1579 2551 0.2
1580 1581 0.2
1580 1582 0.2
1581 9805 0.05
1581 1583 0.2
1582 1584 0.01
1582 8589 0.05
1582 1583 0.05
1583 1584 0.05
1583 1585 0.05
1584 1586 0.05
1584 4415 0.01
1585 1586 0.2
1585 1587 0.01
1586 1587 0.2
1586 1588 0.2
1587 1588 0.01
1587 1589 0.2
1588 1589 0.2
1588 1590 0.01
1589 1590 0.2
1589 1591 0.05
1590 1592 0.2
1590 1591 0.01
1591 1592 0.05
1591 1593 0.05
1592 1593 0.2
1592 1594 0.01
1593 1594 0.05
1593 1595 0.2
1594 1595 0.05
1594 1596 0.01
1595 1596 0.2
1595 1597 0.05
1596 7491 0.01
1596 2193 0.05
1596 1597 0.2
1597 9309 0.01
1597 1598 0.2
1597 1599 0.05
1598 1600 0.05
1598 6062 0.01
1598 1599 0.05
1599 1600 0.2
1599 1601 0.05
1600 1601 0.2
1600 1602 0.05
1601 1602 0.2
1601 1603 0.2
1602 1603 0.2
1602 1604 0.05
1603 1604 0.2
1603 1605 0.01
1604 1605 0.05
1604 1606 0.2
1604 8787 0.2
1604 6685 0.2
1605 1606 0.2
1605 1607 0.01
1606 1608 0.01
1606 1607 0.01
1607 1609 0.2
1607 7780 0.2
1608 1609 0.05
1608 1610 0.01
1609 1610 0.2
1609 1611 0.2
1610 1611 0.01
1610 1612 0.2
1611 5547 0.2
1611 1613 0.2
1612 1613 0.2
1612 1614 0.05
1613 2922 0.05
1613 1614 0.05
1613 1615 0.01
1614 1616 0.01
1614 3907 0.01
1614 1615 0.05
1615 1616 0.01
1615 1617 0.2
1616 1617 0.2
1616 1618 0.2
1617 1618 0.2
1617 1619 0.2
1618 9391 0.2
1619 1620 0.2
1619 1621 0.01
1619 9189 0.05
1620 3611 0.05
1620 1622 0.05
1621 1622 0.05
1621 1623 0.2
1622 6797 0.2
1622 6717 0.2
1622 1623 0.2
1623 1625 0.01
1623 3678 0.05
1624 1625 0.01
1624 1626 0.05
1625 8417 0.01
1625 1626 0.05
1625 1627 0.05
1626 1627 0.01
1626 1628 0.01
1627 1628 0.2
1627 1629 0.01
1628 1629 0.05
1628 1630 0.05
1629 1630 0.05
1629 1631 0.05
1630 1632 0.01
1630 1631 0.2
1631 1632 0.05
1631 1633 0.05
1632 1633 0.05
1632 1634 0.01
1632 5926 0.05
1633 1634 0.2
1633 1635 0.2
1634 1635 0.05
1634 1636 0.05
1635 1636 0.01
1635 1637 0.05
1636 1637 0.01
1636 1638 0.2
1637 1639 0.01
1638 1640 0.01
1638 1639 0.05
1639 1640 0.2
1639 1641 0.01
1639 9034 0.2
1640 1641 0.01
1640 1642 0.2
1641 1642 0.01
1641 1643 0.2
1642 1643 0.01
1642 6286 0.2
1643 1644 0.01
1643 1645 0.05
1644 1645 0.2
1644 1646 0.05
1645 1646 0.05
1645 1647 0.01
1646 1648 0.05
1646 1647 0.2
1647 6223 0.01
1647 1649 0.01
1647 3001 0.2
1648 1649 0.2
1648 1650 0.05
1649 1650 0.05
1649 1651 0.01
1650 1651 0.2
1650 1652 0.2
1651 1652 0.01
1651 6530 0.05
1652 8068 0.2
1652 1654 0.05
1653 6611 0.05
1653 1654 0.01
1654 1656 0.2
1654 1655 0.01
1655 1656 0.01
1655 1657 0.05
1656 9745 0.2
1656 1658 0.01
1657 1658 0.2
1657 1659 0.01
1658 8810 0.2
1658 1659 0.01
1659 1660 0.05
1659 1661 0.05
1660 1661 0.01
1660 1662 0.05
1661 1662 0.01
1661 1663 0.05
1662 1664 0.2
1662 1663 0.05
1663 1664 0.2
1664 1665 0.2
1664 1666 0.05
1665 1666 0.2
1665 1667 0.05
1666 7714 0.2
1666 1667 0.05
1666 1668 0.2
1667 1669 0.01
1667 6670 0.05
1668 1669 0.05
1668 1670 0.05
1669 8945 0.2
1669 1670 0.01
1669 1671 0.2
1670 1727 0.2
1670 1671 0.05
1671 1672 0.2
1671 1673 0.2
1671 6980 0.01
1672 1673 0.2
1672 1674 0.01
1673 1674 0.05
1673 1675 0.01
1673 5484 0.01
1674 1675 0.05
1674 1676 0.01
1675 1676 0.01
1675 1677 0.05
1676 7329 0.2
1676 1678 0.01
1677 1678 0.2
1677 1679 0.05
1678 1680 0.05
1678 1679 0.2
1679 1680 0.01
1679 1681 0.2
1679 4496 0.05
1680 1681 0.05
1680 1682 0.01
1680 8051 0.05
1681 1682 0.2
1681 1683 0.2
1682 1683 0.2
1682 1684 0.2
1683 1684 0.01
1683 1685 0.2
1684 1685 0.01
1684 1686 0.05
1685 1686 0.05
1685 1687 0.01
1686 1688 0.01
1686 6229 0.05
1686 1687 0.05
1687 1688 0.2
1687 1689 0.01
1687 2458 0.05
1688 1690 0.01
1688 8918 0.05
1689 1690 0.01
1689 1691 0.01
1690 1691 0.05
1690 1692 0.2
1691 1692 0.2
1691 1693 0.2
1692 1693 0.05
1692 1694 0.05
1693 4373 0.2
1693 1694 0.05
1693 1695 0.05
1694 1696 0.2
1694 1695 0.05
1695 1696 0.05
1695 1697 0.01
1696 1697 0.01
1696 1698 0.2
1697 1698 0.01
1697 1699 0.01
1698 7333 0.05
1698 2761 0.01
1699 1700 0.05
1699 1701 0.01
1699 2965 0.2
1700 1701 0.05
1700 1702 0.01
1701 1702 0.05
1701 1703 0.2
1702 1704 0.2
1702 1703 0.05
1703 1704 0.2
1703 1705 0.2
1704 1705 0.01
1704 1706 0.2
1705 1707 0.01
1705 7950 0.05
1705 7473 0.2
1706 1707 0.05
1706 1708 0.2
1707 1708 0.01
1707 1709 0.2
1708 1709 0.05
1708 1710 0.2
1709 1710 0.01
1709 1711 0.05
1710 1712 0.01
1710 1711 0.2
1711 1712 0.2
1711 2862 0.01
1712 1713 0.05
1712 1714 0.01
1713 1714 0.05
1713 1715 0.05
1714 1715 0.05
1714 9493 0.01
1715 1716 0.05
1715 1717 0.01
1716 1717 0.01
1716 1718 0.01
1717 1718 0.2
1717 1719 0.2
1718 1720 0.2
1718 9372 0.05
1718 1719 0.2
1719 1720 0.2
1719 1721 0.2
1720 3952 0.05
1720 9010 0.01
1720 1721 0.2
1720 1722 0.01
1721 1722 0.01
1721 1723 0.01
1722 9286 0.01
1722 5205 0.2
1722 1724 0.05
1723 1725 0.2
1723 3590 0.05
1724 5652 0.2
1724 1726 0.2
1725 1726 0.01
1725 1727 0.05
1726 1728 0.2
1726 4859 0.05
1727 1728 0.05
1727 1729 0.2
1728 1730 0.05
1728 6864 0.2
1728 3963 0.2
1729 1730 0.01
1729 1731 0.01
1730 8101 0.05
1730 8863 0.01
1731 1732 0.05
1731 1733 0.2
1732 1733 0.01
1732 1734 0.2
1733 3902 0.01
1733 1734 0.01
1733 1735 0.01
1734 7112 0.2
1734 8694 0.05
1735 1736 0.01
1735 1737 0.2
1736 1737 0.05
1736 1738 0.05
1736 8014 0.01
1737 1738 0.2
1737 1739 0.2
1738 1739 0.05
1738 1740 0.2
1739 1740 0.05
1739 1741 0.05
1740 1741 0.05
1740 1742 0.01
1740 2637 0.2
1741 1742 0.01
1741 1743 0.05
1742 6204 0.2
1742 1743 0.2
1743 1744 0.05
1743 1745 0.2
1744 1745 0.05
1744 1746 0.05
1744 5988 0.05
1745 4464 0.05
1745 1746 0.2
1746 1747 0.01
1746 1748 0.2
1746 7949 0.01
1747 1748 0.2
1747 1749 0.05
1748 7889 0.2
1748 1749 0.2
1748 9106 0.2
1749 1750 0.05
1749 1751 0.01
1750 1752 0.2
1750 1751 0.05
1751 1752 0.01
1751 1753 0.05
1752 1753 0.01
1752 1754 0.05
1753 1754 0.05
1753 1755 0.05
1754 1755 0.05
1754 7863 0.05
1755 1756 0.2
1755 1757 0.2
1756 1757 0.01
1756 1758 0.2
1757 8715 0.05
1757 1758 0.05
1757 1759 0.2
1758 1760 0.01
1758 1759 0.01
1759 1761 0.01
1759 2417 0.2
1759 7548 0.05
1760 1761 0.01
1760 1762 0.01
1761 7048 0.01
1761 1762 0.05
1761 1763 0.05
1762 1763 0.01
1762 1764 0.05
1763 1764 0.01
1763 1765 0.2
1764 1765 0.01
1764 1766 0.2
1765 7601 0.05
1765 1766 0.01
1766 1768 0.05
1766 1767 0.01
1767 1768 0.2
1767 1769 0.05
1768 1769 0.05
1768 1770 0.01
1769 6736 0.05
1769 1770 0.2
1770 1771 0.2
1770 1772 0.01
1771 1772 0.01
1771 1773 0.05
1772 6209 0.2
1772 1773 0.05
1772 5592 0.2
1773 1774 0.2
1773 1775 0.01
1774 1776 0.05
1774 1775 0.2
1775 1776 0.01
1775 1777 0.2
1776 1777 0.01
1776 1778 0.01
1777 1778 0.01
1777 1779 0.05
1778 4066 0.01
1778 1779 0.01
1779 1780 0.2
1779 4846 0.01
1780 1781 0.2
1780 1782 0.2
1781 2084 0.05
1781 1782 0.01
1781 1783 0.01
1782 1784 0.2
1782 1783 0.05
1783 1784 0.01
1783 1785 0.05
1784 1785 0.2
1784 1786 0.01
1785 1786 0.05
1785 1787 0.01
1786 1787 0.01
1786 1788 0.05
1787 1788 0.01
1787 1789 0.2
1788 1789 0.01
1788 1790 0.01
1789 8370 0.05
1789 1790 0.05
1790 1792 0.05
1790 5985 0.01
1790 1791 0.05
1791 1792 0.01
1791 5048 0.2
1792 1794 0.2
1792 6312 0.01
1792 5042 0.01
1793 1795 0.2
1793 9966 0.2
1794 1795 0.01
1794 1796 0.2
1795 1796 0.2
1795 1797 0.01
1796 1797 0.05
1796 1798 0.05
1797 1798 0.2
1797 1799 0.01
1798 8808 0.2
1798 1799 0.2
1799 1800 0.01
1799 1801 0.05
1800 1801 0.2
1800 1802 0.2
1801 1802 0.05
1801 1803 0.01
1802 1803 0.01
1802 1804 0.01
1803 1804 0.01
1803 1805 0.01
1804 1805 0.2
1804 1806 0.2
1805 1806 0.05
1805 1807 0.05
1806 3632 0.05
1806 1807 0.05
1806 1808 0.01
1806 2097 0.01
1806 1938 0.05
1807 1808 0.2
1807 1809 0.01
1807 7171 0.01
1808 1809 0.2
1808 1810 0.2
1808 6330 0.2
1809 1810 0.2
1809 1811 0.2
1810 1811 0.05
1810 1812 0.2
1811 1812 0.01
1811 1813 0.2
1812 1813 0.05
1812 1814 0.01
1813 1814 0.2
1813 1815 0.2
1814 1816 0.2
1814 1815 0.01
1815 1816 0.2
1815 1817 0.05
1816 1817 0.05
1816 1818 0.2
1817 1818 0.01
1817 1819 0.01
1818 1819 0.05
1818 1820 0.05
1819 1820 0.01
1819 1821 0.01
1820 1821 0.05
1820 1822 0.2
1821 1822 0.2
1821 1823 0.01
1822 1824 0.2
1822 5142 0.01
1822 4793 0.05
1822 1823 0.05
1823 1824 0.01
1823 1825 0.05
1824 1825 0.2
1824 1826 0.05
1825 1826 0.05
1825 1827 0.2
1826 1827 0.2
1826 1828 0.01
1827 1828 0.05
1827 1829 0.01
1828 1829 0.01
1828 1830 0.2
1829 6005 0.01
1829 1830 0.01
1829 1831 0.05
1830 1832 0.01
1830 1831 0.01
1831 1832 0.01
1832 1833 0.05
1832 1834 0.2
1833 1834 0.05
1833 1835 0.2
1834 1835 0.2
1834 1836 0.2
1835 6513 0.05
1835 4057 0.05
1836 1837 0.2
1836 1838 0.05
1837 4981 0.01
1837 1838 0.2
1837 1839 0.2
1838 1839 0.2
1839 1840 0.2
1839 1841 0.01
1840 1841 0.05
1840 1842 0.01
1841 1842 0.05
1841 1843 0.01
1842 1843 0.2
1842 1844 0.01
1843 1844 0.01
1844 1845 0.2
1844 1846 0.05
1845 4540 0.05
1845 1846 0.2
1845 1847 0.2
1846 1848 0.2
1846 1847 0.2
1847 1848 0.2
1847 1849 0.01
1848 1849 0.05
1848 1850 0.2
1849 1850 0.05
1849 1851 0.2
1850 1851 0.01
1851 1852 0.01
1851 9580 0.01
1852 1853 0.01
1852 1854 0.05
1853 1854 0.01
1853 1855 0.05
1854 1856 0.2
1854 1855 0.2
1855 1856 0.01
1855 1857 0.05
1856 1857 0.2
1856 1858 0.2
1857 1858 0.2
1857 1859 0.2
1858 1859 0.01
1858 1860 0.01
1859 1860 0.01
1859 1861 0.2
1860 1861 0.01
1860 1862 0.2
1861 1862 0.01
1861 1863 0.01
1862 1864 0.05
1862 1863 0.05
1863 1864 0.2
1863 9895 0.2
1864 1865 0.2
1864 1866 0.05
1865 1866 0.01
1865 1867 0.05
1866 1867 0.01
1866 1868 0.2
1867 1868 0.05
1867 1869 0.2
1868 1869 0.01
1868 1870 0.01
1869 1870 0.05
1869 1871 0.05
1870 1872 0.05
1870 1871 0.2
1871 7242 0.01
1871 1872 0.05
1871 1873 0.2
1872 1873 0.2
1872 1874 0.2
1873 1874 0.01
1873 1875 0.05
1874 1875 0.05
1874 1876 0.2
1875 1876 0.05
1875 1877 0.01
1876 1877 0.05
1876 1878 0.2
1877 1878 0.01
1877 1879 0.05
1878 1880 0.01
1878 5230 0.05
1878 1879 0.01
1879 1880 0.2
1879 1881 0.2
1879 7518 0.2
1880 1881 0.01
1880 1882 0.01
1881 1882 0.2
1881 1883 0.2
1882 1883 0.01
1882 9476 0.01
1883 1884 0.01
1883 1885 0.01
1884 1885 0.01
1884 1886 0.05
1885 6236 0.05
1885 1886 0.05
1885 1887 0.01
1886 1888 0.01
1886 1903 0.01
1886 1887 0.2
1887 1888 0.2
1887 1889 0.2
1888 1889 0.2
1888 1890 0.05
1889 1890 0.01
1889 1891 0.05
1890 1891 0.01
1890 1892 0.05
1891 1892 0.2
1891 1893 0.05
1892 7251 0.05
1892 1893 0.01
1892 1894 0.2
1893 1894 0.05
1893 1895 0.01
1894 1896 0.2
1894 5699 0.2
1895 1896 0.01
1895 1897 0.01
1895 4201 0.01
1896 1897 0.2
1896 1898 0.01
1897 1898 0.05
1897 1899 0.01
1898 1900 0.05
1898 2630 0.05
1899 1900 0.05
1899 4620 0.05
1900 1901 0.01
1900 1902 0.2
1901 1902 0.05
1901 1903 0.01
1902 1904 0.05
1902 1903 0.01
1903 1904 0.05
1904 1905 0.2
1904 1906 0.05
1905 1906 0.2
1905 1907 0.2
1906 1907 0.01
1906 1908 0.05
1907 1908 0.05
1907 1909 0.2
1908 1909 0.05
1908 1910 0.01
1909 1910 0.2
1909 1911 0.2
1910 1911 0.01
1911 1912 0.01
1911 1913 0.01
1912 1913 0.05
1912 1914 0.01
1913 1914 0.01
1913 1915 0.2
1914 1915 0.05
1914 1916 0.2
1915 1916 0.2
1915 1917 0.01
1916 1917 0.05
1916 1918 0.01
1917 1918 0.2
1917 1919 0.05
1918 1920 0.2
1918 1919 0.2
1919 1920 0.05
1919 1921 0.01
1920 1921 0.01
1920 1922 0.2
1921 1923 0.01
1921 4669 0.05
1922 1923 0.05
1922 1924 0.01
1923 1924 0.01
1923 1925 0.2
1924 1925 0.05
1924 1926 0.01
1925 1926 0.01
1925 1927 0.01
1926 1928 0.2
1926 1927 0.05
1927 1928 0.2
1927 1929 0.05
1927 7609 0.05
1928 1929 0.2
1928 1930 0.01
1929 1930 0.2
1929 1931 0.01
1930 1931 0.2
1930 1932 0.01
1931 1933 0.2
1931 2246 0.05
1932 1933 0.01
1932 1934 0.2
1933 1934 0.2
1933 1935 0.01
1934 1936 0.05
1934 1935 0.2
1935 1936 0.01
1935 1937 0.01
1936 1937 0.05
1936 1938 0.05
1936 4812 0.05
1937 1938 0.05
1937 1939 0.2
1938 1940 0.2
1939 1940 0.05
1939 1941 0.05
1940 6226 0.05
1940 1942 0.05
1941 5127 0.01
1941 1942 0.01
1941 1943 0.01
1942 1944 0.01
1942 1943 0.2
1943 1944 0.01
1943 1945 0.01
1944 1945 0.01
1944 1946 0.01
1945 1946 0.05
1945 1947 0.05
1946 1947 0.05
1946 1948 0.05
1946 2997 0.01
1947 1948 0.2
1947 1949 0.05
1947 5182 0.01
1948 1949 0.05
1948 1950 0.05
1949 1950 0.05
1949 1951 0.05
1950 1952 0.01
1950 1951 0.01
1951 1952 0.01
1951 1953 0.2
1952 1953 0.05
1952 1954 0.2
1953 1954 0.2
1953 1955 0.2
1953 5957 0.01
1954 1955 0.01
1954 1956 0.05
1955 1956 0.01
1955 1957 0.01
1956 8030 0.2
1956 1957 0.01
1956 1958 0.05
1957 1958 0.05
1957 1959 0.2
1958 1960 0.01
1958 1959 0.2
1959 1960 0.05
1959 1961 0.05
1960 1961 0.01
1960 1962 0.01
1961 1962 0.05
1961 1963 0.05
1962 9253 0.2
1962 1963 0.2
1962 1964 0.2
1962 9758 0.01
1963 1964 0.01
1963 1965 0.05
1964 1965 0.01
1964 1966 0.01
1965 1966 0.01
1965 1967 0.01
1966 1968 0.01
1966 1967 0.01
1967 1969 0.01
1967 3175 0.01
1968 1969 0.05
1968 1970 0.05
1969 1970 0.2
1969 1971 0.2
1970 1971 0.2
1970 1972 0.01
1971 7650 0.2
1971 1972 0.2
1971 1973 0.05
1972 1973 0.01
1972 1974 0.01
1973 1974 0.01
1973 1975 0.01
1974 1976 0.2
1974 3461 0.05
1974 1975 0.01
1975 1976 0.01
1975 1977 0.05
1975 2359 0.01
1976 1977 0.01
1976 1978 0.05
1977 1978 0.01
1977 1979 0.01
1978 1979 0.2
1978 1980 0.05
1979 1980 0.2
1979 1981 0.05
1980 1981 0.05
1980 1982 0.01
1981 1982 0.05
1981 1983 0.2
1982 1984 0.05
1982 1983 0.01
1983 1984 0.05
1983 1985 0.01
1984 1985 0.01
1984 1986 0.05
1985 1986 0.05
1985 1987 0.05
1986 1987 0.01
1986 1988 0.01
1987 1988 0.2
1987 1989 0.2
1988 1989 0.2
1988 1990 0.01
1989 1990 0.2
1989 1991 0.05
1990 5714 0.05
1990 1991 0.05
1991 1992 0.2
1991 1993 0.05
1991 6865 0.01
1992 1993 0.01
1992 1994 0.05
1993 1994 0.05
1993 1995 0.01
1994 1995 0.05
1994 1996 0.01
1995 1996 0.2
1995 1997 0.2
1996 1997 0.01
1996 1998 0.2
1997 1998 0.2
1997 1999 0.01
1998 2000 0.05
1998 1999 0.2
1999 2000 0.05
1999 2001 0.05
2000 2001 0.2
2000 2002 0.05
2001 2002 0.05
2001 2003 0.2
2002 2003 0.2
2002 2004 0.05
2003 2004 0.05
2003 2005 0.05
2004 6577 0.01
2004 2005 0.01
2005 2006 0.05
2005 2007 0.2
2006 2008 0.01
2006 2007 0.01
2007 2008 0.05
2007 2009 0.01
2008 2009 0.05
2008 2010 0.2
2009 2010 0.05
2009 2011 0.2
2010 2011 0.01
2010 2012 0.01
2011 2012 0.01
2011 2013 0.01
2012 2013 0.2
2012 2014 0.01
2013 2014 0.05
2013 2015 0.2
2014 2016 0.2
2014 3359 0.01
2014 2015 0.01
2015 2016 0.2
2015 2017 0.05
2016 2017 0.05
2016 2018 0.01
2017 2018 0.01
2017 2019 0.01
2018 2019 0.2
2018 2020 0.05
2019 2020 0.2
2019 2021 0.2
2020 2021 0.05
2020 2022 0.2
2021 2022 0.01
2021 2023 0.2
2022 2024 0.2
2022 2023 0.05
2023 2024 0.2
2023 2025 0.2
2023 4781 0.01
2024 2025 0.2
2024 2026 0.01
2025 2026 0.05
2025 2027 0.2
2026 2027 0.05
2026 2028 0.01
2027 2028 0.05
2027 2029 0.01
2028 5380 0.01
2028 2029 0.01
2028 2030 0.01
2029 2030 0.2
2029 2031 0.01
2030 2032 0.01
2030 2031 0.2
2031 2032 0.05
2031 2033 0.01
2032 2033 0.05
2032 2034 0.2
2033 2035 0.01
2033 3014 0.01
2034 2035 0.05
2035 2036 0.2
2035 2037 0.01
2036 2037 0.05
2036 2038 0.01
2037 2038 0.01
2037 2039 0.01
2038 2040 0.2
2038 2039 0.2
2039 2041 0.01
2039 9948 0.01
2040 2041 0.2
2040 2042 0.05
2041 2042 0.01
2041 2043 0.05
2042 2043 0.2
2042 2044 0.2
2043 2044 0.05
2043 2045 0.2
2044 5901 0.01
2044 2046 0.05
2045 4412 0.05
2045 2046 0.05
2045 2047 0.01
2046 2048 0.01
2046 2047 0.2
2047 2048 0.05
2047 2049 0.2
2048 2049 0.05
2048 5468 0.2
2049 2050 0.05
2049 2051 0.01
2050 2051 0.2
2050 2052 0.2
2051 2052 0.2
2051 2053 0.2
2052 2053 0.05
2052 2054 0.01
2053 2054 0.2
2053 2055 0.2
2054 2056 0.01
2054 2055 0.05
2055 2056 0.05
2055 2057 0.2
2056 2057 0.2
2056 2058 0.05
2057 2058 0.01
2057 2059 0.01
2058 2059 0.2
2058 9534 0.01
2059 2060 0.2
2059 2061 0.2
2060 2061 0.05
2060 2062 0.2
2061 2062 0.01
2061 2063 0.01
2062 2064 0.2
2062 2063 0.05
2063 2064 0.2
2063 2065 0.01
2063 6523 0.2
2064 2065 0.2
2064 2066 0.01
2065 2066 0.05
2065 2067 0.01
2066 2067 0.05
2066 2068 0.2
2067 2068 0.01
2067 2069 0.01
2068 3424 0.05
2068 2069 0.05
2068 2070 0.01
2069 6194 0.2
2069 2071 0.01
2070 2072 0.2
2070 2071 0.2
2071 2072 0.2
2071 2073 0.2
2072 2073 0.05
2072 2074 0.05
2073 2074 0.01
2073 2075 0.05
2074 2075 0.01
2074 2076 0.01
2074 4422 0.2
2075 2076 0.01
2075 2077 0.05
2076 2077 0.05
2076 2078 0.01
2077 2078 0.2
2077 2079 0.01
2078 2080 0.01
2078 2079 0.05
2079 2080 0.05
2079 2081 0.2
2080 2081 0.05
2080 2082 0.01
2081 2082 0.05
2081 2083 0.05
2082 2083 0.05
2082 2084 0.05
2083 2084 0.2
2083 2085 0.05
2084 2085 0.01
2085 2086 0.05
2085 2087 0.2
2086 2088 0.2
2086 7107 0.2
2086 2087 0.01
2087 2088 0.01
2087 2089 0.05
2088 5528 0.01
2088 2090 0.01
2089 2090 0.05
2089 2091 0.01
2090 2091 0.05
2090 2092 0.05
2091 2092 0.01
2091 2093 0.01
2092 2093 0.05
2092 2094 0.01
2093 2094 0.05
2093 2095 0.01
2094 2096 0.2
2094 2095 0.01
2095 2096 0.2
2095 2097 0.01
2095 9878 0.05
2096 2097 0.2
2096 2098 0.2
2097 2099 0.05
2098 2099 0.2
2098 2100 0.01
2099 2100 0.05
2099 2101 0.2
2100 2101 0.01
2100 2102 0.2
2101 2102 0.05
2101 2103 0.01
2102 2104 0.01
2102 2103 0.01
2103 2104 0.05
2103 2105 0.01
2104 2105 0.01
2104 2106 0.05
2105 2106 0.2
2105 2107 0.2
2106 2107 0.2
2106 2108 0.2
2107 2108 0.2
2107 5501 0.05
2108 2109 0.2
2108 2110 0.05
2109 6153 0.05
2109 2111 0.01
2110 3770 0.01
2110 2111 0.01
2111 2112 0.05
2111 2113 0.2
2112 2113 0.2
2112 2114 0.05
2113 2114 0.01
2113 2115 0.01
2114 2115 0.05
2114 2116 0.01
2115 2116 0.05
2115 2117 0.01
2115 9053 0.05
2115 7839 0.2
2116 2117 0.2
2116 2118 0.2
2117 2118 0.05
2117 2119 0.01
2118 2120 0.01
2118 2119 0.01
2119 2120 0.01
2119 2121 0.01
2119 6512 0.2
2120 2122 0.05
2120 9599 0.01
2121 2122 0.05
2121 2123 0.01
2121 7646 0.05
2122 2123 0.05
2122 2124 0.05
2123 2124 0.05
2123 2125 0.2
2124 2125 0.05
2124 2126 0.01
2125 2312 0.2
2125 2126 0.2
2126 5770 0.05
2126 8379 0.01
2126 3679 0.05
2127 2128 0.05
2127 2129 0.05
2127 4046 0.01
2128 2129 0.05
2128 2130 0.01
2129 2130 0.05
2129 2131 0.05
2130 2131 0.05
2130 2132 0.05
2130 2207 0.01
2131 2132 0.05
2131 9926 0.2
2132 9932 0.01
2132 2134 0.01
2133 2134 0.2
2133 2135 0.2
2134 2136 0.01
2134 2135 0.01
2135 2136 0.2
2135 2137 0.05
2136 2137 0.2
2136 2138 0.05
2137 2138 0.2
2137 2139 0.01
2138 2139 0.2
2138 2140 0.01
2139 2140 0.05
2139 2141 0.2
2140 2141 0.05
2140 2142 0.2
2141 2142 0.2
2141 2143 0.05
2142 2144 0.2
2142 2143 0.01
2143 2144 0.05
2143 2145 0.05
2144 2145 0.01
2144 2146 0.05
2145 2146 0.2
2145 2147 0.01
2146 2147 0.2
2146 2148 0.2
2147 2148 0.2
2147 6476 0.2
2147 3988 0.2
2148 2149 0.2
2148 2150 0.01
2149 2150 0.01
2149 6317 0.05
2149 8116 0.01
2150 2151 0.01
2150 2152 0.01
2150 7690 0.01
2151 2152 0.01
2151 2153 0.01
2151 7821 0.05
2152 2153 0.01
2152 2154 0.2
2152 4964 0.05
2153 2154 0.01
2153 2155 0.2
2153 4869 0.01
2154 2155 0.2
2154 2156 0.05
2155 2156 0.05
2155 2157 0.2
2156 2157 0.01
2156 2158 0.01
2157 5507 0.05
2157 2158 0.2
2158 2160 0.05
2158 2159 0.2
2159 2160 0.05
2159 2161 0.05
2160 2161 0.2
2160 2162 0.05
2161 2440 0.01
2161 2163 0.2
2162 2163 0.2
2162 2164 0.2
2163 2164 0.2
2163 2165 0.05
2164 2165 0.01
2164 2166 0.05
2165 6075 0.01
2165 2167 0.01
2166 2168 0.2
2166 2167 0.2
2167 2168 0.2
2167 2169 0.01
2168 2169 0.01
2168 9956 0.2
2169 7763 0.01
2169 2171 0.05
2170 2171 0.2
2170 2172 0.05
2171 2172 0.05
2171 2173 0.05
2172 2173 0.05
2172 2174 0.2
2173 2174 0.05
2173 2175 0.2
2174 2176 0.2
2174 2175 0.05
2175 2176 0.01
2175 2177 0.01
2176 2177 0.05
2176 2178 0.05
2177 2178 0.01
2177 7943 0.2
2178 2179 0.2
2178 2180 0.2
2179 2180 0.2
2179 2181 0.05
2180 2181 0.01
2180 2182 0.05
2181 2182 0.05
2181 2183 0.2
2181 9775 0.01
2181 2514 0.01
2182 2184 0.2
2182 2183 0.05
2183 2184 0.05
2183 2185 0.05
2184 2185 0.01
2184 2186 0.05
2185 2186 0.05
2185 2187 0.05
2186 2187 0.05
2186 2188 0.05
2187 2188 0.2
2187 2189 0.2
2188 2948 0.01
2188 2189 0.01
2188 2190 0.01
2189 2190 0.05
2189 2191 0.2
2190 2192 0.05
2190 3534 0.05
2191 2193 0.05
2191 9380 0.2
2192 2193 0.05
2192 2194 0.2
2193 2194 0.2
2193 2195 0.01
2194 2195 0.01
2194 2196 0.05
2195 8192 0.01
2195 2197 0.05
2196 2197 0.2
2196 2198 0.05
2197 2198 0.2
2197 2199 0.05
2198 2200 0.01
2198 2199 0.2
2199 2200 0.01
2199 2201 0.01
2200 2201 0.05
2200 2202 0.2
2201 2202 0.2
2201 2203 0.05
2202 2203 0.01
2202 2204 0.2
2203 3500 0.2
2203 2205 0.01
2204 2205 0.01
2204 2206 0.01
2205 2206 0.01
2205 2207 0.01
2206 2208 0.01
2206 2207 0.01
2207 2208 0.05
2207 3926 0.01
2208 2209 0.05
2208 2210 0.2
2209 2210 0.01
2209 2211 0.05
2210 2211 0.05
2210 2212 0.05
2211 6464 0.2
2211 2212 0.05
2212 6027 0.2
2212 2213 0.01
2213 2214 0.2
2213 3511 0.01
2214 2216 0.01
2214 2215 0.05
2215 2216 0.05
2215 2217 0.2
2216 2217 0.05
2216 2218 0.01
2217 2218 0.05
2217 2733 0.2
2218 2220 0.2
2218 2519 0.05
2219 2220 0.05
2219 2221 0.01
2220 2984 0.05
2220 2221 0.2
2220 2222 0.2
2221 2222 0.01
2222 2224 0.05
2222 6670 0.01
2222 2223 0.05
2223 2224 0.01
2223 2225 0.01
2224 2225 0.2
2224 2226 0.01
2224 7758 0.01
2225 2226 0.2
2225 2227 0.01
2226 2227 0.2
2226 7716 0.01
2227 2228 0.05
2227 2229 0.2
2228 2229 0.05
2228 2230 0.2
2229 9978 0.01
2229 2230 0.2
2229 2231 0.01
2230 2232 0.05
2230 2231 0.01
2231 2232 0.2
2231 2233 0.01
2232 2233 0.2
2232 2234 0.01
2233 2235 0.01
2233 8452 0.05
2234 2235 0.2
2234 2236 0.05
2235 2236 0.2
2235 2237 0.2
2236 2237 0.2
2236 2238 0.05
2237 2238 0.05
2237 2239 0.05
2238 2240 0.05
2238 2239 0.05
2239 2240 0.05
2239 2241 0.01
2240 2241 0.05
2240 2242 0.05
2241 2243 0.2
2241 5492 0.2
2242 2243 0.2
2242 2244 0.05
2243 2244 0.2
2243 2245 0.01
2244 2245 0.01
2244 2246 0.2
2245 2246 0.2
2245 2247 0.05
2246 3776 0.2
2246 2247 0.2
2246 2248 0.2
2247 2248 0.2
2247 2249 0.05
2247 6075 0.05
2248 2249 0.2
2248 2250 0.01
2249 2250 0.05
2249 2251 0.01
2250 2251 0.05
2250 2252 0.05
2251 2252 0.2
2251 2253 0.05
2252 2254 0.05
2252 5375 0.05
2253 2254 0.2
2253 2255 0.2
2254 2256 0.2
2254 2255 0.05
2255 2256 0.01
2255 2257 0.01
2256 2257 0.2
2256 2258 0.01
2257 2259 0.01
2258 8636 0.2
2258 2260 0.05
2259 2260 0.2
2259 2261 0.05
2260 2261 0.2
2260 5464 0.01
2261 5225 0.2
2261 2262 0.01
2261 2263 0.2
2262 2264 0.05
2262 2263 0.05
2263 2264 0.05
2263 2265 0.05
2264 2265 0.05
2264 2266 0.05
2264 4300 0.2
2265 2266 0.01
2265 2267 0.2
2266 2267 0.2
2266 2268 0.2
2267 2268 0.01
2267 2269 0.05
2268 6657 0.2
2268 2269 0.2
2268 2270 0.01
2269 3784 0.2
2269 2271 0.2
2270 2272 0.2
2270 2271 0.05
2271 2272 0.2
2271 2273 0.05
2272 2273 0.2
2272 2274 0.05
2273 2274 0.01
2273 2275 0.2
2274 2275 0.2
2274 3206 0.01
2274 3758 0.05
2274 2353 0.01
2275 2276 0.05
2275 2277 0.01
2276 6177 0.2
2276 6947 0.05
2276 2278 0.2
2276 5531 0.2
2277 2278 0.01
2277 2279 0.2
2278 2280 0.05
2278 2279 0.2
2279 2280 0.01
2279 2281 0.01
2280 2281 0.05
2280 2282 0.01
2281 2282 0.2
2281 2283 0.05
2282 2283 0.05
2282 2284 0.05
2283 3291 0.05
2283 2284 0.05
2284 2285 0.2
2284 2286 0.05
2285 2286 0.05
2285 2287 0.01
2286 2288 0.05
2286 2287 0.01
2287 2288 0.2
2287 2289 0.2
2288 2289 0.2
2288 2290 0.2
2289 2290 0.01
2289 2291 0.05
2290 2291 0.01
2290 2292 0.2
2291 2292 0.01
2291 2293 0.2
2292 2293 0.05
2292 2294 0.2
2293 2294 0.05
2293 2295 0.05
2294 2296 0.01
2294 2295 0.01
2295 2296 0.01
2295 2297 0.01
2296 2297 0.05
2296 2298 0.05
2297 2298 0.2
2297 2299 0.05
2298 2299 0.01
2298 2300 0.05
2298 4631 0.2
2299 2301 0.01
2299 8657 0.01
2300 2301 0.05
2300 2302 0.05
2301 2302 0.2
2301 2303 0.01
2302 2304 0.05
2302 2303 0.2
2303 2304 0.01
2303 2305 0.01
2304 2305 0.05
2304 2306 0.05
2305 2306 0.01
2305 2307 0.01
2306 2307 0.2
2306 2308 0.01
2307 2308 0.05
2308 2309 0.01
2308 2310 0.01
2309 2310 0.2
2309 2311 0.05
2310 2312 0.2
2310 2311 0.05
2311 2312 0.05
2311 2313 0.05
2312 2499 0.05
2312 2313 0.05
2312 2314 0.01
2313 2314 0.01
2313 2315 0.2
2314 2315 0.01
2314 2316 0.2
2315 2316 0.05
2315 2317 0.01
2316 9952 0.05
2316 2317 0.2
2316 3610 0.01
2317 9497 0.01
2317 2318 0.2
2317 2319 0.01
2318 2320 0.2
2318 2319 0.2
2319 4364 0.01
2319 2320 0.01
2319 2321 0.2
2319 5364 0.05
2320 2322 0.05
2320 7172 0.01
2321 2322 0.01
2321 2323 0.05
2322 8650 0.2
2322 2323 0.2
2323 2324 0.05
2323 2325 0.01
2324 9512 0.01
2324 2326 0.01
2325 2326 0.05
2325 2327 0.05
2326 2328 0.05
2326 2327 0.2
2327 2328 0.2
2327 2329 0.2
2328 2330 0.2
2328 4031 0.05
2329 2330 0.05
2329 2331 0.2
2330 2331 0.01
2330 2332 0.05
2331 2332 0.05
2331 2333 0.05
2332 2333 0.01
2332 2334 0.01
2333 8017 0.05
2333 2335 0.01
2334 2336 0.01
2334 2335 0.01
2335 2336 0.2
2335 2337 0.01
2336 2337 0.01
2337 9008 0.2
2337 2338 0.01
2338 2339 0.2
2339 2340 0.2
2339 2341 0.01
2340 2341 0.01
2340 2342 0.05
2341 2342 0.2
2341 2343 0.2
2342 2344 0.01
2342 2343 0.05
2343 2345 0.2
2343 6686 0.05
2344 2345 0.2
2344 2346 0.2
2345 5430 0.01
2346 2347 0.2
2346 2348 0.01
2347 4324 0.2
2347 2348 0.01
2348 2349 0.2
2348 2350 0.01
2349 2350 0.01
2349 2351 0.2
2350 3433 0.01
2350 2351 0.05
2351 2353 0.05
2351 6709 0.05
2352 2353 0.01
2352 2354 0.2
2353 2355 0.05
2353 5794 0.05
2354 2355 0.2
2354 2356 0.01
2355 2356 0.01
2355 2357 0.2
2356 9384 0.2
2356 4254 0.2
2357 2358 0.01
2357 2359 0.05
2358 2360 0.05
2358 5062 0.2
2358 2359 0.01
2359 2361 0.2
2360 2361 0.2
2360 2362 0.05
2361 2362 0.2
2361 2363 0.2
2362 2363 0.2
2362 2364 0.01
2363 2364 0.05
2363 2365 0.01
2364 9060 0.2
2364 2365 0.2
2365 2366 0.2
2365 2367 0.01
2366 2368 0.05
2366 2367 0.01
2367 2368 0.01
2367 2369 0.05
2368 2369 0.01
2368 2370 0.2
2368 7345 0.01
2369 2370 0.05
2369 2371 0.2
2370 2371 0.01
2371 2372 0.05
2371 2373 0.2
2372 2374 0.05
2373 2374 0.05
2373 2375 0.01
2374 2376 0.01
2374 2375 0.2
2375 2376 0.05
2375 2377 0.01
2376 2377 0.2
2376 2378 0.05
2377 2378 0.05
2377 2379 0.01
2378 2379 0.01
2378 2380 0.01
2379 2380 0.2
2379 2381 0.01
2380 2381 0.01
2380 2382 0.2
2381 2382 0.2
2381 2383 0.05
2382 2384 0.01
2382 2383 0.01
2383 2384 0.2
2383 2983 0.01
2384 2385 0.2
2384 9885 0.2
2385 2386 0.01
2385 2387 0.05
2386 2387 0.2
2386 2388 0.01
2387 4772 0.05
2387 2389 0.05
2388 2389 0.05
2388 9430 0.05
2389 2390 0.01
2389 2391 0.01
2390 2392 0.01
2390 2391 0.01
2391 2392 0.05
2391 2393 0.05
2392 2393 0.2
2392 2394 0.05
2393 2394 0.05
2393 2395 0.2
2394 2395 0.01
2394 2396 0.01
2395 2396 0.01
2395 2397 0.01
2396 2397 0.01
2396 2398 0.2
2397 2398 0.2
2397 2399 0.01
2398 2400 0.05
2398 2399 0.05
2399 2400 0.05
2399 2401 0.2
2400 2402 0.05
2400 7843 0.2
2401 2402 0.01
2401 2403 0.05
2402 2403 0.05
2402 2404 0.01
2402 5651 0.01
2403 2404 0.05
2403 2405 0.05
2404 2405 0.05
2404 3254 0.05
2404 2565 0.05
2405 7638 0.2
2405 2406 0.05
2406 2408 0.05
2406 2407 0.2
2407 2408 0.01
2407 2409 0.01
2408 2409 0.01
2408 2410 0.2
2409 2410 0.2
2409 2411 0.01
2410 2411 0.01
2410 8196 0.01
2411 2412 0.05
2411 2413 0.2
2412 2413 0.05
2412 2414 0.2
2413 2414 0.2
2413 2415 0.05
2414 2416 0.01
2414 8979 0.2
2414 2415 0.05
2415 2416 0.05
2415 2417 0.2
2416 2417 0.01
2416 2418 0.2
2417 2419 0.2
2418 2419 0.01
2418 2420 0.05
2419 2420 0.05
2419 2421 0.01
2420 2421 0.05
2420 2422 0.05
2421 9756 0.01
2421 2423 0.01
2422 2424 0.05
2422 2423 0.2
2423 2424 0.05
2423 2425 0.01
2424 9088 0.2
2424 2425 0.2
2425 8048 0.2
2425 2426 0.2
2425 5405 0.2
2426 2427 0.2
2426 2428 0.2
2427 2428 0.01
2427 2429 0.2
2427 7153 0.05
2428 2712 0.2
2428 2429 0.2
2428 2430 0.2
2429 2430 0.2
2429 2431 0.2
2430 2432 0.01
2430 9765 0.05
2430 2431 0.2
2431 2432 0.2
2431 9181 0.01
2432 2433 0.05
2432 2434 0.05
2433 2434 0.2
2433 2435 0.2
2434 2435 0.2
2434 2436 0.05
2435 2436 0.01
2435 2437 0.2
2436 2437 0.2
2436 2438 0.01
2437 2438 0.01
2437 2439 0.2
2438 2440 0.01
2439 2440 0.2
2439 2441 0.05
2440 2441 0.05
2440 4009 0.01
2441 2442 0.01
2441 2443 0.05
2442 2443 0.05
2442 2444 0.01
2443 2444 0.05
2443 2445 0.05
2444 7254 0.01
2444 2446 0.2
2445 2446 0.01
2445 2447 0.2
2446 2448 0.2
2446 2447 0.05
2447 2448 0.05
2447 4721 0.01
2448 2449 0.01
2448 2450 0.05
2448 7507 0.05
2449 2450 0.2
2449 2451 0.05
2450 2451 0.01
2450 2452 0.05
2450 7227 0.05
2451 8154 0.05
2451 2452 0.01
2451 2453 0.05
2452 2453 0.2
2452 2454 0.2
2453 3269 0.01
2453 2455 0.01
2454 2456 0.05
2454 2455 0.05
2455 2456 0.01
2455 2457 0.2
2456 2457 0.2
2456 2458 0.01
2457 2459 0.01
2458 2459 0.2
2459 2460 0.2
2459 2461 0.2
2460 2461 0.05
2460 2462 0.2
2461 2462 0.2
2461 2463 0.01
2462 6859 0.2
2462 2463 0.2
2463 2464 0.05
2463 2465 0.05
2464 2465 0.05
2464 2466 0.01
2464 5507 0.01
2465 9744 0.05
2465 2466 0.05
2466 5882 0.2
2466 2467 0.2
2466 2468 0.2
2467 6664 0.05
2467 2468 0.2
2468 2469 0.2
2468 2470 0.05
2469 2470 0.2
2469 2471 0.05
2470 2472 0.01
2470 2471 0.01
2471 2472 0.2
2471 2473 0.01
2472 2474 0.01
2473 2474 0.05
2473 2475 0.05
2474 2475 0.2
2474 2476 0.05
2475 2476 0.2
2475 2477 0.2
2476 4772 0.05
2476 2477 0.2
2476 2478 0.01
2477 9713 0.01
2477 2478 0.01
2477 2479 0.05
2478 2480 0.01
2478 2479 0.2
2479 2480 0.2
2479 2481 0.2
2480 2481 0.05
2480 2482 0.01
2481 2482 0.05
2481 2483 0.2
2482 2483 0.01
2482 2484 0.01
2483 2484 0.01
2483 2485 0.05
2484 2485 0.01
2484 2486 0.05
2485 2486 0.01
2485 2487 0.2
2486 2488 0.05
2486 2487 0.01
2487 2488 0.05
2487 9433 0.01
2488 2490 0.2
2488 7820 0.2
2489 2490 0.2
2489 2491 0.01
2490 2491 0.05
2490 2492 0.05
2491 2492 0.2
2491 2493 0.2
2492 2493 0.2
2492 2494 0.01
2493 2494 0.05
2493 2495 0.01
2494 2496 0.2
2494 2495 0.2
2495 2496 0.01
2495 2497 0.2
2495 9299 0.05
2496 2497 0.2
2497 2498 0.05
2497 2499 0.2
2498 2499 0.01
2498 2500 0.2
2499 2501 0.2
2500 2501 0.01
2500 2502 0.2
2501 5056 0.01
2501 2503 0.01
2502 2504 0.05
2502 3061 0.2
2502 2503 0.2
2503 2504 0.2
2503 2505 0.05
2504 2505 0.2
2504 2506 0.05
2505 2506 0.05
2505 2507 0.2
2506 2507 0.2
2506 2508 0.01
2507 2508 0.05
2507 2509 0.05
2508 2509 0.05
2508 2510 0.05
2509 2510 0.05
2509 2511 0.01
2510 2512 0.01
2510 2511 0.05
2511 2512 0.2
2511 2513 0.2
2512 2513 0.2
2512 2514 0.2
2513 2514 0.05
2513 2515 0.2
2514 2516 0.2
2515 2516 0.05
2515 2517 0.2
2516 2517 0.2
2516 2518 0.2
2517 2518 0.2
2517 2519 0.01
2518 2520 0.01
2518 2519 0.01
2519 2520 0.2
2519 2521 0.2
2520 2521 0.05
2520 6871 0.2
2521 2522 0.05
2521 2523 0.2
2521 7741 0.01
2522 2523 0.2
2522 2524 0.2
2523 2524 0.01
2523 2525 0.2
2524 2525 0.2
2524 2526 0.2
2525 9992 0.2
2525 2526 0.05
2526 2528 0.2
2526 2527 0.01
2527 2528 0.05
2527 2529 0.2
2528 2529 0.05
2528 2530 0.2
2529 2530 0.2
2529 2531 0.2
2530 2532 0.2
2531 2532 0.05
2531 5124 0.2
2532 2533 0.2
2532 2534 0.2
2533 5684 0.05
2533 2534 0.05
2533 2535 0.01
2534 2536 0.2
2534 6077 0.01
2535 2536 0.01
2535 2537 0.05
2536 2537 0.01
2536 2538 0.01
2537 2538 0.2
2537 2539 0.01
2538 2539 0.01
2538 2540 0.05
2538 7889 0.01
2539 2540 0.05
2539 2541 0.2
2540 2541 0.05
2540 2542 0.01
2541 2542 0.01
2541 2543 0.2
2542 2544 0.05
2542 2543 0.01
2543 2544 0.2
2543 9400 0.01
2544 2545 0.05
2544 2546 0.05
2545 2546 0.01
2545 4997 0.2
2546 2547 0.2
2546 2548 0.2
2547 9924 0.2
2547 2548 0.01
2548 2549 0.2
2548 2550 0.2
2549 5750 0.2
2549 2550 0.05
2549 2551 0.01
2550 2552 0.2
2550 7855 0.2
2550 2551 0.05
2551 2634 0.2
2551 2552 0.2
2551 2553 0.01
2552 2553 0.05
2552 2554 0.05
2553 2554 0.05
2553 2555 0.2
2554 2555 0.05
2554 2556 0.2
2555 9510 0.01
2555 2556 0.01
2556 2557 0.2
2556 2558 0.05
2557 2558 0.01
2557 2559 0.2
2558 2560 0.05
2558 2559 0.01
2559 2560 0.2
2559 2561 0.2
2559 5314 0.2
2560 2561 0.2
2560 2562 0.05
2560 7137 0.2
2561 2562 0.2
2561 2563 0.2
2562 2563 0.2
2562 2564 0.01
2563 2565 0.2
2563 9658 0.01
2564 2565 0.05
2564 2566 0.05
2565 2566 0.01
2566 2568 0.2
2566 2567 0.01
2567 2568 0.01
2567 2569 0.01
2567 8511 0.2
2568 3608 0.2
2568 2569 0.01
2568 2570 0.05
2569 2570 0.01
2569 2571 0.05
2570 2571 0.05
2570 2572 0.2
2571 7764 0.05
2571 2572 0.01
2571 2573 0.01
2572 2573 0.2
2572 2574 0.05
2573 2574 0.01
2573 2575 0.05
2574 2576 0.05
2574 7600 0.2
2574 2575 0.01
2575 2576 0.01
2575 2577 0.01
2576 2577 0.05
2576 2578 0.2
2577 2578 0.01
2577 2579 0.2
2578 2579 0.2
2578 2580 0.2
2579 2580 0.05
2579 2581 0.05
2580 8228 0.2
2580 2581 0.2
2580 2582 0.05
2581 9315 0.01
2581 2582 0.2
2581 2583 0.05
2582 2584 0.2
2582 2583 0.01
2583 2584 0.01
2583 2585 0.2
2584 2585 0.01
2584 2586 0.2
2585 2586 0.01
2585 2587 0.05
2585 3708 0.2
2586 2587 0.2
2586 2588 0.05
2587 2588 0.01
2587 2589 0.05
2588 2589 0.01
2588 8757 0.01
2589 2590 0.2
2589 2591 0.05
2590 2592 0.05
2590 2591 0.05
2591 2592 0.05
2591 2593 0.01
2591 8209 0.2
2592 2593 0.2
2592 2594 0.05
2593 2594 0.2
2593 2595 0.2
2594 2595 0.01
2594 8022 0.01
2594 3386 0.2
2595 2596 0.05
2595 2597 0.05
2596 2597 0.01
2596 2598 0.2
2597 8170 0.2
2597 2598 0.2
2598 2600 0.01
2598 2599 0.01
2599 2600 0.2
2599 2601 0.05
2600 2601 0.05
2600 2602 0.01
2601 2602 0.05
2601 2603 0.05
2602 2603 0.2
2602 9604 0.2
2603 2604 0.05
2603 2605 0.01
2604 2605 0.2
2604 2606 0.05
2605 2606 0.2
2605 2607 0.2
2606 2608 0.05
2606 2607 0.05
2607 2608 0.01
2607 2609 0.05
2608 2609 0.2
2608 2610 0.01
2609 2610 0.05
2609 2611 0.2
2610 6416 0.01
2610 5096 0.01
2610 2611 0.01
2611 2612 0.2
2611 2613 0.2
2612 2613 0.01
2612 2614 0.2
2613 2614 0.01
2613 2615 0.01
2614 2616 0.2
2614 2615 0.2
2615 2617 0.01
2615 3932 0.2
2616 2617 0.05
2616 2618 0.01
2617 2618 0.01
2617 2619 0.2
2618 2619 0.2
2618 2620 0.2
2619 2620 0.05
2619 2621 0.2
2620 6032 0.01
2620 2622 0.2
2621 2622 0.2
2621 2623 0.01
2622 2624 0.01
2622 2623 0.05
2623 2624 0.2
2623 2625 0.05
2624 2625 0.01
2624 2626 0.01
2625 5716 0.01
2625 8637 0.01
2626 2627 0.01
2626 2628 0.05
2627 2628 0.2
2627 2629 0.01
2628 2629 0.2
2628 2630 0.01
2629 2630 0.05
2629 2631 0.05
2630 2632 0.05
2630 2631 0.05
2631 2632 0.2
2631 2633 0.05
2632 2633 0.05
2632 2634 0.05
2633 2635 0.01
2633 7860 0.05
2634 2636 0.2
2635 4552 0.01
2635 2636 0.2
2636 2637 0.01
2636 2638 0.2
2637 2639 0.2
2638 2640 0.2
2638 7704 0.01
2638 2639 0.2
2639 2640 0.2
2639 2641 0.01
2640 2641 0.2
2640 2642 0.01
2641 7169 0.05
2641 2642 0.2
2642 2643 0.01
2642 2644 0.05
2643 2644 0.2
2643 2645 0.05
2644 3920 0.2
2644 5933 0.01
2644 2646 0.05
2645 2646 0.05
2645 2647 0.05
2646 2648 0.05
2646 2647 0.2
2647 2648 0.01
2647 2649 0.05
2648 2649 0.01
2648 2650 0.2
2649 7545 0.01
2649 2650 0.01
2650 2651 0.2
2650 2652 0.05
2651 2652 0.2
2651 2653 0.05
2652 2653 0.2
2652 2654 0.01
2653 2654 0.05
2653 2655 0.2
2654 2656 0.2
2654 2655 0.2
2655 2656 0.05
2655 2657 0.01
2656 2657 0.2
2656 2658 0.2
2656 5909 0.01
2657 8447 0.01
2657 9891 0.01
2658 3092 0.01
2658 2659 0.2
2658 2660 0.2
2659 3324 0.05
2659 2660 0.2
2659 2661 0.2
2660 2661 0.01
2660 2662 0.05
2661 2662 0.01
2661 2663 0.2
2662 2664 0.2
2662 2663 0.2
2663 2664 0.05
2663 2665 0.01
2664 2665 0.05
2664 2666 0.2
2665 2666 0.2
2665 2667 0.01
2666 3306 0.01
2666 2667 0.01
2667 2668 0.01
2667 2669 0.2
2668 2669 0.05
2668 2670 0.01
2669 2670 0.01
2669 2671 0.01
2670 2672 0.2
2670 2671 0.2
2671 2672 0.01
2671 2673 0.2
2672 2673 0.05
2672 2674 0.2
2673 2674 0.2
2673 2675 0.01
2674 2676 0.05
2674 8273 0.2
2675 8251 0.01
2675 2676 0.05
2676 2677 0.01
2676 9831 0.01
2677 2678 0.2
2677 2679 0.2
2678 2680 0.05
2678 2679 0.05
2679 2680 0.05
2679 2681 0.01
2680 2681 0.2
2680 9947 0.2
2681 2682 0.01
2681 2683 0.01
2682 2683 0.05
2682 2684 0.2
2683 2684 0.01
2683 2685 0.01
2684 2685 0.05
2684 7462 0.05
2685 2686 0.05
2685 2687 0.05
2686 2688 0.2
2686 2687 0.2
2687 2688 0.05
2687 2689 0.2
2688 2689 0.2
2688 2690 0.01
2689 2690 0.2
2689 4792 0.2
2689 5310 0.05
2690 2691 0.05
2690 2692 0.05
2691 2692 0.01
2691 2693 0.01
2691 9873 0.05
2692 2693 0.01
2692 2694 0.01
2693 2694 0.2
2693 2695 0.2
2694 2696 0.2
2695 2696 0.05
2695 2697 0.05
2696 2697 0.05
2696 2698 0.01
2697 2698 0.2
2697 2699 0.2
2698 2699 0.05
2698 2700 0.05
2699 2700 0.05
2699 2701 0.05
2700 9497 0.05
2700 2701 0.05
2701 2702 0.05
2701 2703 0.2
2702 4249 0.01
2702 2703 0.01
2703 2705 0.2
2704 2705 0.2
2704 2706 0.01
2705 2706 0.05
2705 2707 0.01
2706 2707 0.2
2706 2708 0.01
2707 2708 0.05
2707 2709 0.2
2708 2709 0.2
2708 2710 0.01
2709 2710 0.2
2709 2711 0.01
2710 2712 0.01
2710 2711 0.2
2711 2712 0.2
2711 8906 0.01
2712 2714 0.2
2713 2714 0.2
2713 2715 0.05
2714 2715 0.2
2714 2716 0.01
2715 2716 0.01
2715 2717 0.2
2716 2718 0.05
2716 6943 0.2
2717 2718 0.2
2717 2719 0.05
2718 2720 0.2
2718 6332 0.01
2718 6857 0.05
2719 2720 0.05
2719 2721 0.01
2720 2721 0.2
2720 2722 0.2
2721 2722 0.05
2721 2723 0.01
2722 2723 0.05
2722 2724 0.2
2723 2724 0.2
2723 2725 0.01
2724 2725 0.05
2724 2726 0.05
2725 2726 0.2
2725 2727 0.01
2726 2728 0.2
2726 2727 0.01
2727 2728 0.2
2727 2729 0.2
2728 2729 0.01
2728 2730 0.2
2729 2730 0.01
2729 2731 0.05
2730 2731 0.01
2730 2732 0.01
2731 2732 0.2
2731 2733 0.2
2732 2733 0.2
2732 2734 0.01
2733 2734 0.2
2733 2735 0.2
2734 9977 0.05
2734 2735 0.05
2735 2736 0.01
2735 2737 0.01
2736 2737 0.05
2736 2738 0.01
2737 2738 0.01
2737 2739 0.05
2738 2739 0.05
2738 2740 0.01
2739 2740 0.01
2739 2741 0.2
2740 2741 0.01
2740 2742 0.2
2740 8229 0.05
2741 2742 0.05
2741 2743 0.05
2742 2744 0.05
2742 2743 0.01
2743 2744 0.01
2743 2745 0.2
2744 2745 0.05
2744 2746 0.01
2745 2746 0.2
2745 2747 0.2
2746 2747 0.2
2746 2748 0.05
2747 2748 0.2
2747 2749 0.05
2748 8449 0.2
2748 7241 0.2
2749 2750 0.2
2749 2751 0.01
2750 4048 0.05
2750 2751 0.2
2751 2752 0.05
2751 2753 0.05
2752 2753 0.2
2752 2754 0.2
2753 3984 0.01
2753 2754 0.2
2753 2755 0.05
2754 2755 0.05
2754 2756 0.01
2755 2756 0.2
2755 2757 0.05
2756 2757 0.05
2756 2758 0.05
2757 7885 0.05
2757 2758 0.05
2757 2759 0.2
2758 2760 0.01
2758 2759 0.2
2759 2760 0.01
2760 2761 0.05
2760 2762 0.01
2761 2762 0.01
2761 2763 0.01
2762 2763 0.2
2762 2764 0.2
2763 2764 0.05
2763 2765 0.01
2764 2765 0.01
2764 3602 0.01
2765 2766 0.01
2765 2767 0.05
2766 2768 0.2
2766 2767 0.2
2767 2768 0.01
2767 2769 0.2
2768 2769 0.01
2768 2770 0.05
2769 9906 0.05
2769 2771 0.2
2770 2856 0.01
2770 2771 0.05
2771 2772 0.2
2771 2773 0.05
2772 2773 0.05
2772 2774 0.01
2773 2774 0.2
2773 2775 0.01
2774 2776 0.2
2774 3355 0.05
2775 2776 0.01
2775 2777 0.01
2776 2777 0.01
2776 2778 0.01
2777 2778 0.2
2777 2779 0.2
2778 4402 0.01
2778 2779 0.01
2778 2780 0.2
2779 2780 0.2
2779 2781 0.01
2780 2781 0.2
2780 2782 0.01
2781 2782 0.01
2781 2783 0.01
2782 2784 0.05
2782 2783 0.01
2783 2784 0.2
2783 2785 0.05
2784 2785 0.2
2784 2786 0.2
2785 7257 0.2
2785 2786 0.01
2785 2787 0.2
2786 2787 0.2
2786 2788 0.2
2787 2788 0.05
2787 2789 0.01
2788 2789 0.01
2788 2790 0.05
2789 2790 0.2
2789 2791 0.05
2790 2792 0.05
2790 2791 0.01
2791 2792 0.01
2791 2793 0.05
2792 2793 0.2
2792 2794 0.01
2793 2794 0.2
2793 2795 0.01
2794 2795 0.2
2794 2796 0.2
2795 2796 0.2
2795 9279 0.05
2796 2797 0.01
2796 2798 0.2
2796 7349 0.2
2797 2798 0.05
2797 2799 0.05
2798 2800 0.2
2798 2799 0.2
2799 2800 0.01
2799 2801 0.01
2800 2802 0.05
2800 9838 0.05
2801 2802 0.01
2801 2803 0.01
2802 2803 0.01
2802 2804 0.01
2803 2804 0.2
2803 2805 0.2
2803 7074 0.2
2804 2805 0.05
2804 2806 0.01
2805 8169 0.2
2805 2806 0.01
2805 2807 0.01
2806 2808 0.05
2806 2807 0.2
2807 2808 0.2
2807 2809 0.01
2807 3456 0.2
2808 2809 0.2
2808 2810 0.01
2809 2810 0.01
2809 2811 0.05
2810 2811 0.2
2810 2812 0.01
2811 2812 0.2
2811 2813 0.2
2812 2813 0.01
2812 2814 0.2
2813 2814 0.2
2813 2815 0.05
2814 2816 0.2
2814 8639 0.05
2815 2816 0.05
2815 2817 0.01
2816 3608 0.2
2816 2817 0.2
2817 2818 0.05
2817 2819 0.01
2818 2819 0.05
2818 2820 0.05
2819 2820 0.05
2819 2821 0.2
2820 2821 0.2
2820 2822 0.2
2821 2822 0.2
2821 2823 0.01
2822 2824 0.05
2822 2823 0.01
2823 2824 0.05
2823 2825 0.05
2824 2825 0.01
2824 2826 0.01
2825 2826 0.05
2825 2827 0.2
2826 2827 0.2
2826 2828 0.05
2827 2828 0.05
2827 2829 0.01
2828 2829 0.01
2828 2830 0.2
2828 9467 0.2
2829 2830 0.01
2829 2831 0.2
2830 2832 0.2
2830 2831 0.01
2831 2832 0.2
2831 2833 0.01
2832 2833 0.05
2832 2834 0.2
2833 2834 0.01
2833 2835 0.2
2834 2835 0.05
2834 2836 0.05
2835 2836 0.05
2835 2837 0.01
2835 3076 0.01
2836 2837 0.05
2836 2838 0.2
2837 5285 0.2
2837 2838 0.05
2837 2839 0.05
2838 2840 0.2
2838 2839 0.05
2839 2840 0.2
2839 3823 0.05
2840 2841 0.2
2840 2842 0.05
2841 2842 0.2
2841 2843 0.05
2842 2843 0.01
2842 2844 0.05
2843 2844 0.2
2843 2845 0.2
2844 2845 0.05
2844 2846 0.01
2844 5986 0.05
2845 2846 0.2
2845 2847 0.2
2846 3000 0.05
2846 2847 0.05
2847 2849 0.05
2847 5178 0.2
2848 2849 0.05
2848 2850 0.2
2849 2850 0.05
2849 2851 0.2
2850 2851 0.01
2850 2852 0.2
2851 2852 0.01
2851 2853 0.2
2852 5430 0.01
2852 2854 0.05
2853 3719 0.2
2853 2855 0.01
2854 2856 0.01
2854 2855 0.01
2855 2856 0.2
2855 2857 0.05
2856 2857 0.05
2856 2858 0.2
2857 2858 0.2
2857 2859 0.2
2858 2859 0.2
2858 2860 0.2
2859 2860 0.01
2859 2861 0.01
2860 2861 0.05
2860 2862 0.2
2861 4019 0.01
2861 2862 0.01
2862 2864 0.01
2862 2863 0.05
2863 2864 0.2
2863 2865 0.05
2864 2866 0.01
2865 2866 0.01
2865 2867 0.05
2866 2867 0.01
2866 2868 0.05
2867 2868 0.01
2867 2869 0.2
2868 2869 0.01
2868 2870 0.2
2868 7607 0.05
2869 2870 0.05
2869 2871 0.2
2870 2872 0.2
2870 2871 0.2
2871 2872 0.05
2871 2873 0.2
2872 2873 0.2
2872 2874 0.01
2873 2874 0.01
2873 2875 0.2
2874 8930 0.05
2874 2875 0.05
2875 2876 0.01
2875 2877 0.01
2876 2877 0.2
2876 2878 0.2
2877 2878 0.05
2877 2879 0.01
2878 2880 0.01
2878 8318 0.2
2879 2880 0.2
2879 2881 0.2
2880 2881 0.2
2880 2882 0.01
2880 5950 0.2
2881 2883 0.01
2881 4726 0.2
2882 7209 0.01
2882 2883 0.05
2882 2884 0.01
2883 2884 0.2
2883 2885 0.01
2883 4043 0.01
2884 2885 0.01
2884 2886 0.05
2885 2886 0.05
2885 2887 0.05
2886 9849 0.2
2886 2887 0.05
2887 2888 0.05
2887 2889 0.2
2888 2889 0.01
2888 2890 0.2
2888 8758 0.01
2889 2890 0.2
2889 2891 0.2
2890 2891 0.01
2890 2892 0.01
2890 9829 0.2
2891 2892 0.05
2891 2893 0.2
2892 5945 0.2
2892 2894 0.2
2893 2894 0.05
2893 2895 0.05
2894 2896 0.05
2894 2895 0.01
2895 2896 0.2
2895 2897 0.01
2896 2897 0.05
2896 2898 0.05
2897 2898 0.2
2897 2899 0.01
2898 2899 0.05
2898 2900 0.01
2898 7959 0.05
2899 2900 0.2
2899 2901 0.01
2900 2901 0.2
2900 2902 0.01
2901 2902 0.2
2901 2903 0.05
2902 2904 0.05
2902 2903 0.01
2903 2905 0.2
2903 9834 0.05
2904 2905 0.2
2904 2906 0.2
2905 2906 0.05
2905 2907 0.2
2906 2907 0.05
2906 2908 0.05
2907 2908 0.2
2907 2909 0.05
2908 2909 0.01
2908 2910 0.05
2909 2910 0.05
2909 2911 0.2
2910 2912 0.05
2910 7335 0.2
2910 8261 0.01
2911 2912 0.05
2911 3563 0.01
2912 2913 0.05
2912 2914 0.01
2913 2914 0.05
2914 2915 0.2
2914 2916 0.01
2915 2916 0.2
2915 2917 0.2
2916 2917 0.01
2916 2918 0.05
2917 2918 0.05
2917 2919 0.05
2918 2920 0.2
2918 2919 0.2
2919 2920 0.01
2919 2921 0.2
2920 2921 0.05
2920 2922 0.01
2921 2922 0.05
2921 2923 0.01
2922 4851 0.05
2923 2924 0.2
2923 2925 0.2
2924 2925 0.05
2924 2926 0.01
2925 3502 0.2
2925 2926 0.01
2925 2927 0.05
2926 2928 0.05
2926 9016 0.05
2926 2927 0.01
2927 2928 0.2
2927 2929 0.05
2928 2930 0.01
2929 2930 0.2
2929 2931 0.2
2930 2931 0.01
2930 2932 0.05
2931 2932 0.2
2931 2933 0.01
2932 2933 0.01
2932 2934 0.2
2933 2934 0.01
2933 2935 0.05
2934 2936 0.01
2934 2935 0.01
2935 2936 0.01
2935 2937 0.01
2936 2938 0.2
2936 3151 0.05
2937 2938 0.01
2937 2939 0.01
2938 2939 0.01
2938 2940 0.01
2939 2940 0.2
2939 2941 0.2
2940 2941 0.05
2940 2942 0.2
2941 2942 0.01
2941 2943 0.2
2942 2944 0.01
2942 2943 0.05
2943 2944 0.05
2943 2945 0.2
2944 4753 0.05
2944 2945 0.05
2944 2946 0.2
2945 2946 0.05
2945 2947 0.05
2945 5581 0.01
2946 2947 0.2
2946 2948 0.05
2947 2948 0.05
2947 9682 0.01
2947 3390 0.2
2948 2950 0.01
2949 2950 0.01
2949 2951 0.2
2950 2952 0.05
2950 2951 0.05
2951 2952 0.2
2951 2953 0.01
2952 2953 0.2
2952 2954 0.05
2953 2955 0.05
2953 7206 0.2
2954 6148 0.01
2954 2955 0.05
2954 2956 0.01
2955 2956 0.2
2955 2957 0.2
2956 2957 0.05
2956 2958 0.05
2957 6970 0.2
2957 2959 0.01
2958 2960 0.01
2958 8359 0.2
2959 2960 0.01
2959 2961 0.05
2959 5394 0.2
2960 2961 0.01
2960 2962 0.05
2961 2962 0.05
2961 2963 0.2
2962 2963 0.05
2962 2964 0.01
2963 2964 0.2
2963 3743 0.05
2964 2965 0.01
2964 2966 0.05
2965 2966 0.05
2966 2968 0.2
2966 2967 0.05
2967 2968 0.05
2967 2969 0.01
2968 2969 0.05
2968 2970 0.05
2968 9321 0.01
2969 2970 0.05
2969 2971 0.2
2970 2971 0.05
2970 2972 0.05
2971 2972 0.05
2971 2973 0.05
2972 4096 0.05
2972 2974 0.01
2973 2974 0.2
2973 2975 0.01
2974 2976 0.2
2974 9783 0.2
2975 2976 0.01
2975 2977 0.01
2976 2977 0.2
2976 2978 0.05
2977 2978 0.01
2977 2979 0.2
2978 2979 0.05
2978 2980 0.05
2978 9886 0.01
2979 2980 0.01
2979 2981 0.2
2980 2981 0.01
2980 2982 0.05
2981 2982 0.01
2981 2983 0.01
2982 2984 0.05
2982 2983 0.05
2983 2984 0.01
2983 3046 0.2
2984 2986 0.2
2985 2986 0.2
2985 2987 0.2
2986 2987 0.05
2986 2988 0.05
2987 2988 0.05
2987 2989 0.05
2988 2989 0.2
2988 2990 0.2
2988 4474 0.01
2989 2990 0.05
2989 2991 0.01
2990 2992 0.2
2990 2991 0.01
2991 2992 0.01
2991 2993 0.01
2992 2993 0.05
2992 2994 0.05
2993 2995 0.2
2993 9038 0.01
2994 2995 0.05
2994 2996 0.2
2995 2996 0.05
2995 2997 0.05
2996 2997 0.05
2997 2998 0.05
2998 3000 0.2
2998 2999 0.2
2999 3000 0.05
2999 3001 0.05
3000 3001 0.01
3000 3002 0.05
3001 3002 0.01
3001 3003 0.05
3002 3003 0.2
3002 4019 0.2
3003 3005 0.01
3004 3005 0.2
3004 4373 0.2
3005 3006 0.2
3005 3007 0.2
3006 8556 0.2
3006 8102 0.01
3006 3007 0.05
3007 3008 0.05
3007 3009 0.05
3009 3010 0.2
3009 3011 0.2
3010 3011 0.05
3010 3012 0.2
3011 3012 0.05
3011 3013 0.01
3012 3013 0.05
3012 3014 0.2
3013 9421 0.05
3013 3015 0.05
3014 3016 0.2
3014 8061 0.01
3014 3015 0.01
3015 3016 0.2
3015 3017 0.05
3016 5700 0.05
3016 3017 0.2
3016 3018 0.2
3016 6201 0.2
3016 5180 0.05
3017 3018 0.01
3017 3019 0.01
3018 3019 0.01
3018 3020 0.05
3019 3020 0.01
3019 3021 0.05
3019 6818 0.05
3020 3021 0.2
3020 3022 0.05
3021 3022 0.2
3021 3023 0.05
3022 3024 0.2
3022 3023 0.2
3023 3024 0.05
3023 3025 0.05
3024 3025 0.05
3024 3026 0.05
3025 3026 0.2
3025 3027 0.2
3026 3027 0.2
3026 3028 0.05
3027 3028 0.05
3027 3029 0.01
3028 5746 0.01
3028 3030 0.01
3029 3030 0.01
3029 3031 0.2
3030 3032 0.01
3030 3031 0.2
3031 3032 0.05
3031 3033 0.2
3032 3033 0.2
3032 3034 0.2
3033 5353 0.01
3033 3034 0.01
3033 3035 0.01
3034 3035 0.05
3034 3036 0.01
3035 8560 0.01
3035 3036 0.01
3035 4301 0.05
3036 3037 0.2
3036 3038 0.01
3037 3038 0.01
3037 3039 0.05
3038 3040 0.2
3038 3039 0.01
3039 3040 0.01
3039 3041 0.05
3040 3041 0.2
3040 3042 0.01
3041 3042 0.01
3041 3043 0.2
3042 3043 0.05
3042 3044 0.05
3043 3044 0.01
3043 3045 0.01
3044 3045 0.2
3044 3046 0.05
3045 3046 0.05
3045 3047 0.2
3046 3048 0.01
3046 3047 0.01
3047 3049 0.2
3047 5789 0.01
3048 3049 0.01
3048 3050 0.01
3049 3050 0.2
3049 3051 0.05
3050 3051 0.05
3050 3052 0.05
3051 5880 0.05
3051 3052 0.2
3051 3053 0.05
3052 3053 0.2
3052 3054 0.05
3053 3054 0.01
3053 3055 0.2
3054 3056 0.2
3054 3055 0.01
3055 3056 0.2
3055 3057 0.2
3056 3057 0.05
3056 3058 0.2
3057 3058 0.2
3057 3059 0.2
3058 3059 0.2
3058 3060 0.05
3058 9599 0.2
3059 3060 0.2
3059 3061 0.2
3060 3061 0.2
3060 3062 0.05
3060 7231 0.05
3061 3062 0.05
3062 9976 0.2
3062 8593 0.01
3063 3064 0.01
3063 3065 0.05
3064 3065 0.05
3064 3066 0.05
3065 3066 0.05
3065 3067 0.05
3065 6858 0.01
3066 3067 0.05
3066 3068 0.01
3067 3068 0.01
3067 3069 0.2
3068 3069 0.01
3068 3070 0.05
3069 3070 0.05
3069 3071 0.05
3070 3072 0.2
3070 3071 0.01
3071 3072 0.2
3071 3073 0.05
3072 4425 0.05
3072 3074 0.05
3073 4339 0.01
3073 3074 0.05
3073 3075 0.05
3074 3075 0.2
3074 3076 0.01
3075 3076 0.01
3075 4969 0.2
3075 8841 0.05
3076 3077 0.01
3077 5919 0.05
3077 3079 0.2
3078 3080 0.05
3078 3079 0.05
3079 3080 0.01
3079 3081 0.01
3080 3081 0.2
3080 3082 0.2
3081 3082 0.2
3081 3083 0.05
3082 3083 0.05
3082 3084 0.01
3083 3084 0.05
3083 3085 0.01
3084 3085 0.05
3084 5031 0.2
3085 3086 0.01
3085 3087 0.2
3086 6125 0.2
3086 3087 0.2
3087 3088 0.2
3087 3089 0.05
3087 4354 0.05
3088 3089 0.2
3088 3090 0.2
3089 3090 0.2
3089 3091 0.05
3090 3091 0.05
3090 3092 0.01
3091 3092 0.01
3091 3093 0.01
3092 3094 0.01
3093 3094 0.05
3093 3095 0.01
3094 3096 0.2
3094 3095 0.05
3095 3096 0.2
3095 3097 0.05
3096 3098 0.05
3096 5582 0.2
3097 3098 0.2
3097 3099 0.05
3098 7674 0.01
3098 3099 0.05
3098 3100 0.01
3099 3100 0.01
3099 3101 0.01
3100 3101 0.2
3100 3102 0.01
3101 3102 0.01
3101 3103 0.01
3102 3104 0.05
3102 3103 0.05
3103 3104 0.01
3103 3105 0.2
3104 3105 0.05
3104 3106 0.2
3105 3106 0.01
3105 3107 0.01
3106 3107 0.01
3106 3108 0.01
3107 3108 0.01
3107 3109 0.05
3108 7328 0.01
3108 3109 0.05
3109 5244 0.05
3109 3110 0.05
3109 8463 0.05
3110 3112 0.05
3110 3111 0.05
3111 3112 0.2
3111 3113 0.01
3112 3113 0.05
3112 3114 0.01
3112 7357 0.01
3113 3114 0.01
3113 3115 0.05
3114 3115 0.05
3114 3116 0.01
3115 3116 0.2
3115 3117 0.05
3116 3117 0.01
3116 3118 0.01
3117 3118 0.05
3117 3119 0.05
3118 3120 0.01
3118 8001 0.01
3119 3120 0.2
3119 3121 0.01
3119 8476 0.05
3120 3121 0.05
3120 3122 0.01
3121 6712 0.2
3121 3122 0.01
3122 3123 0.01
3122 3124 0.05
3123 6344 0.2
3123 6944 0.01
3123 3124 0.2
3123 3125 0.2
3124 3125 0.01
3124 3126 0.05
3125 3126 0.05
3125 3127 0.2
3126 3332 0.05
3126 3128 0.05
3126 4988 0.01
3127 3128 0.2
3127 3129 0.2
3128 3129 0.01
3128 3130 0.2
3129 3130 0.2
3129 3262 0.2
3130 3131 0.01
3130 3132 0.05
3131 3132 0.05
3131 3133 0.2
3132 3133 0.05
3132 3134 0.01
3133 3134 0.05
3133 3135 0.01
3134 3136 0.2
3134 3135 0.01
3135 3136 0.01
3135 3137 0.01
3136 3137 0.2
3136 3138 0.05
3136 5059 0.05
3137 3138 0.01
3137 3139 0.01
3137 9351 0.05
3138 3139 0.2
3139 3140 0.01
3139 3141 0.05
3140 3141 0.01
3140 3142 0.01
3141 3142 0.01
3141 3143 0.2
3142 3144 0.2
3142 7886 0.05
3142 3143 0.2
3143 3144 0.2
3143 3145 0.01
3144 3145 0.05
3145 3146 0.01
3145 3147 0.01
3146 3147 0.01
3146 3148 0.05
3147 3148 0.01
3147 3149 0.2
3148 7374 0.2
3148 3150 0.05
3148 7929 0.2
3149 3150 0.01
3149 3151 0.01
3150 3152 0.05
3150 3151 0.2
3151 3152 0.01
3151 3153 0.2
3152 3153 0.2
3152 3154 0.01
3153 3154 0.01
3153 3155 0.05
3154 3155 0.01
3154 3156 0.05
3155 3156 0.2
3155 3157 0.2
3155 3985 0.05
3156 3157 0.05
3156 3158 0.2
3157 3158 0.01
3157 3159 0.01
3158 3160 0.2
3158 3159 0.05
3159 3160 0.05
3159 3161 0.2
3160 3161 0.01
3160 3162 0.05
3161 3162 0.01
3161 8430 0.05
3162 3163 0.2
3162 3164 0.05
3163 3164 0.2
3163 3165 0.05
3164 3165 0.2
3164 3166 0.2
3165 3166 0.05
3165 3167 0.01
3166 3168 0.2
3166 3167 0.01
3167 3168 0.2
3167 3169 0.05
3168 3169 0.05
3168 3170 0.2
3169 3170 0.05
3169 3171 0.05
3170 3171 0.2
3170 3172 0.2
3171 3172 0.01
3171 3173 0.01
3172 3173 0.2
3172 3174 0.01
3173 3174 0.05
3173 3175 0.05
3174 3176 0.05
3174 3175 0.2
3175 3176 0.05
3175 3177 0.05
3176 3177 0.01
3176 3178 0.2
3177 3626 0.2
3177 3763 0.05
3177 5593 0.2
3178 3179 0.01
3178 3180 0.01
3179 3181 0.2
3180 3181 0.05
3180 3182 0.2
3181 3183 0.01
3182 3184 0.05
3182 3183 0.2
3183 3184 0.01
3183 3185 0.2
3184 3185 0.2
3184 3186 0.05
3185 3186 0.01
3185 3187 0.2
3186 3187 0.2
3186 3188 0.05
3187 3188 0.2
3187 4574 0.01
3188 3189 0.2
3188 3190 0.05
3189 8612 0.05
3189 3190 0.05
3190 6964 0.2
3190 3191 0.05
3191 3192 0.01
3191 3193 0.01
3192 3193 0.2
3192 3194 0.2
3193 3194 0.01
3193 3195 0.01
3194 3195 0.01
3194 3196 0.01
3195 3196 0.01
3195 3197 0.01
3196 9253 0.01
3196 3198 0.05
3197 3643 0.01
3197 3198 0.01
3197 3199 0.01
3198 3200 0.2
3198 3199 0.2
3199 3200 0.05
3199 3201 0.2
3200 3201 0.05
3200 3202 0.2
3201 3202 0.2
3201 3203 0.2
3202 3203 0.2
3202 3204 0.05
3203 3204 0.01
3203 3205 0.05
3203 8533 0.01
3204 3205 0.2
3204 3206 0.2
3205 3206 0.01
3205 3207 0.01
3206 3208 0.01
3206 3207 0.2
3207 3208 0.05
3207 3209 0.01
3208 3209 0.05
3208 3210 0.2
3209 3210 0.01
3209 3211 0.05
3210 3211 0.2
3210 3212 0.2
3211 3212 0.05
3211 3213 0.05
3212 3213 0.2
3212 3214 0.01
3213 8669 0.2
3213 3215 0.05
3214 3216 0.2
3214 3215 0.01
3215 3216 0.2
3215 3217 0.01
3215 3697 0.05
3216 3217 0.01
3216 3218 0.01
3217 3218 0.2
3217 3219 0.01
3218 3219 0.01
3218 3220 0.2
3218 9308 0.01
3218 6877 0.2
3219 3220 0.05
3219 3221 0.01
3220 7897 0.01
3220 3221 0.2
3220 3222 0.2
3221 3222 0.01
3221 3223 0.2
3222 3224 0.2
3222 3223 0.01
3223 3224 0.2
3223 3225 0.2
3224 3225 0.2
3224 3226 0.05
3225 3226 0.2
3225 3227 0.01
3226 3227 0.2
3226 3228 0.2
3227 3228 0.05
3227 3229 0.2
3228 3229 0.05
3228 3230 0.2
3229 3230 0.2
3229 3231 0.05
3230 3232 0.01
3230 7704 0.01
3230 3231 0.01
3231 3232 0.2
3231 3233 0.05
3232 3233 0.2
3232 3234 0.05
3233 3234 0.2
3233 3235 0.01
3234 3235 0.2
3234 3236 0.2
3235 7440 0.05
3235 3236 0.05
3235 3237 0.05
3236 3237 0.2
3236 3687 0.05
3237 3238 0.05
3237 3239 0.05
3238 3240 0.2
3238 3239 0.05
3239 3240 0.2
3240 3241 0.05
3240 3242 0.2
3241 3242 0.01
3241 3243 0.2
3242 8315 0.2
3242 3244 0.01
3243 3244 0.05
3243 3245 0.2
3244 3245 0.2
3244 3246 0.05
3245 3246 0.05
3245 3247 0.05
3246 3248 0.05
3246 8386 0.05
3247 3248 0.01
3247 3249 0.2
3248 3249 0.01
3248 3250 0.05
3249 3250 0.2
3249 3251 0.01
3250 3251 0.2
3250 3252 0.01
3251 8020 0.05
3251 3252 0.01
3252 3253 0.05
3252 3254 0.01
3253 3254 0.01
3253 3255 0.05
3254 3256 0.01
3254 3255 0.2
3255 3256 0.05
3255 9366 0.2
3256 3257 0.2
3256 3258 0.2
3257 3258 0.2
3257 3259 0.2
3258 3259 0.01
3258 3260 0.01
3259 3260 0.01
3259 3261 0.05
3259 9962 0.05
3260 3261 0.01
3260 3262 0.01
3261 3262 0.05
3261 3263 0.05
3262 4696 0.2
3262 4283 0.01
3262 3263 0.01
3263 3264 0.05
3263 3265 0.05
3264 3265 0.01
3264 3266 0.2
3265 3266 0.05
3265 3267 0.2
3266 3268 0.01
3266 6480 0.2
3267 4600 0.01
3267 3268 0.2
3267 3269 0.05
3268 3269 0.05
3268 3270 0.01
3269 6789 0.05
3269 3270 0.2
3269 3271 0.2
3270 3272 0.2
3270 3271 0.01
3271 3272 0.2
3271 3700 0.2
3272 3274 0.05
3272 7869 0.01
3273 3274 0.2
3273 3275 0.2
3274 3275 0.05
3274 3276 0.01
3275 3276 0.01
3275 3277 0.05
3276 3277 0.05
3276 3278 0.05
3277 3278 0.05
3277 3279 0.01
3278 3280 0.01
3278 3279 0.2
3279 3280 0.2
3279 3281 0.2
3280 3281 0.01
3280 3282 0.2
3281 3282 0.2
3281 7052 0.05
3282 3284 0.01
3282 7162 0.05
3283 3284 0.2
3283 3285 0.01
3284 3285 0.05
3284 3286 0.2
3285 3286 0.2
3285 3287 0.01
3286 3288 0.05
3286 3287 0.2
3287 3288 0.2
3287 3289 0.01
3288 3289 0.01
3288 3290 0.01
3289 3290 0.2
3289 3291 0.2
3290 3291 0.05
3290 3292 0.05
3291 3292 0.2
3291 3293 0.2
3292 3293 0.2
3292 3294 0.01
3293 3294 0.01
3293 3295 0.05
3294 3296 0.05
3294 3310 0.05
3295 3296 0.01
3295 3297 0.01
3296 3297 0.05
3296 3298 0.01
3297 3298 0.05
3297 3299 0.2
3298 3299 0.2
3298 8507 0.01
3299 3300 0.2
3299 3301 0.05
3300 3301 0.05
3300 3302 0.01
3301 3302 0.05
3301 3303 0.2
3302 3304 0.05
3302 3303 0.2
3303 3304 0.01
3303 3305 0.01
3304 3305 0.05
3304 3306 0.2
3305 3306 0.01
3305 3307 0.05
3306 3307 0.05
3306 3308 0.2
3307 3309 0.2
3307 6041 0.01
3308 3309 0.2
3308 3310 0.2
3309 3310 0.2
3309 3311 0.2
3310 3312 0.01
3310 3311 0.01
3311 3312 0.01
3311 3313 0.05
3312 3313 0.05
3312 3314 0.05
3313 3314 0.2
3313 3315 0.2
3314 3315 0.01
3314 3316 0.01
3315 3316 0.2
3315 3317 0.05
3316 3317 0.05
3316 3318 0.05
3317 3318 0.05
3317 3319 0.01
3318 7061 0.05
3318 4059 0.05
3318 3319 0.2
3319 6694 0.2
3320 3321 0.01
3320 3322 0.05
3321 6136 0.01
3321 3322 0.05
3322 3323 0.2
3322 3324 0.05
3323 9240 0.2
3323 3325 0.01
3324 5720 0.05
3325 3326 0.01
3325 3327 0.01
3326 3328 0.01
3326 3327 0.2
3327 3328 0.05
3327 3329 0.01
3328 3329 0.2
3328 3330 0.01
3329 3330 0.01
3329 3331 0.2
3330 3331 0.01
3330 3332 0.01
3330 8508 0.2
3331 3332 0.01
3331 3333 0.05
3332 3334 0.01
3333 3334 0.05
3333 3335 0.2
3334 3336 0.01
3334 3335 0.05
3335 3336 0.05
3335 3337 0.05
3336 3337 0.01
3336 3338 0.05
3337 8763 0.01
3337 3338 0.2
3337 3339 0.2
3338 3339 0.01
3338 3340 0.01
3339 3340 0.2
3339 3341 0.2
3340 3341 0.05
3340 3342 0.2
3341 3342 0.05
3341 3343 0.2
3342 3344 0.2
3342 6834 0.01
3343 3344 0.2
3343 3345 0.2
3344 3345 0.2
3344 3346 0.01
3345 3346 0.05
3345 3347 0.2
3346 3347 0.2
3346 3348 0.2
3347 3348 0.01
3347 3349 0.05
3348 3349 0.01
3348 7205 0.01
3349 8844 0.05
3349 3350 0.01
3349 3351 0.2
3350 3352 0.2
3350 3351 0.05
3351 3352 0.01
3351 3353 0.05
3352 3353 0.2
3352 3354 0.01
3353 3354 0.01
3353 3355 0.05
3354 3355 0.2
3354 3356 0.05
3355 3357 0.2
3356 3357 0.2
3356 3358 0.05
3357 3358 0.01
3357 3359 0.01
3358 3360 0.05
3358 3359 0.2
3359 3360 0.05
3360 3361 0.01
3360 3362 0.05
3361 3362 0.2
3361 3363 0.2
3362 3363 0.01
3362 3364 0.05
3363 3364 0.05
3363 3365 0.2
3364 3365 0.2
3364 3366 0.01
3365 3366 0.01
3365 3367 0.01
3366 3368 0.2
3366 3367 0.05
3367 3368 0.2
3367 3369 0.2
3368 3369 0.01
3368 3370 0.01
3369 3370 0.01
3369 3371 0.2
3370 3371 0.05
3370 3372 0.05
3371 3372 0.05
3371 3373 0.05
3372 3373 0.2
3372 3374 0.01
3373 3374 0.01
3373 3375 0.05
3374 6822 0.2
3374 3375 0.05
3375 3376 0.05
3375 3377 0.2
3376 3377 0.05
3376 3378 0.01
3376 9919 0.2
3377 3378 0.05
3377 3379 0.01
3378 3379 0.2
3378 3380 0.05
3379 3380 0.05
3379 4478 0.01
3380 3381 0.2
3380 3382 0.05
3381 6342 0.01
3381 3382 0.01
3382 3384 0.05
3382 3383 0.05
3383 3384 0.2
3383 3385 0.01
3384 3385 0.01
3384 3386 0.2
3385 3386 0.05
3385 3387 0.2
3386 5701 0.2
3386 3387 0.2
3387 3388 0.2
3387 3389 0.2
3388 3389 0.01
3388 3390 0.05
3389 9346 0.01
3389 3390 0.2
3390 3391 0.01
3391 3393 0.05
3391 7362 0.05
3392 3393 0.2
3392 3394 0.05
3393 3394 0.05
3393 3395 0.2
3394 3395 0.01
3394 3396 0.01
3395 3397 0.2
3395 9406 0.01
3396 3397 0.2
3396 3398 0.2
3397 3398 0.2
3397 3399 0.01
3398 3400 0.01
3398 3399 0.05
3399 3400 0.2
3399 3401 0.2
3399 5053 0.2
3400 3401 0.01
3400 3402 0.05
3401 3402 0.01
3401 3403 0.2
3402 3403 0.2
3402 3404 0.01
3403 3404 0.05
3403 3405 0.01
3404 4666 0.2
3404 3405 0.2
3404 3406 0.2
3405 8449 0.01
3405 3407 0.01
3406 3408 0.05
3406 3407 0.01
3407 3408 0.2
3407 3409 0.01
3408 3409 0.05
3408 3410 0.05
3409 3410 0.05
3409 3411 0.05
3410 9690 0.05
3410 3412 0.2
3411 3412 0.2
3411 3413 0.2
3412 3413 0.05
3412 3414 0.01
3413 3414 0.01
3413 3415 0.01
3414 3416 0.01
3414 3415 0.01
3415 3416 0.01
3415 3417 0.2
3416 4321 0.2
3416 3417 0.05
3416 3418 0.2
3417 6192 0.2
3417 3418 0.2
3417 3419 0.01
3418 3507 0.2
3418 3419 0.01
3418 3420 0.01
3418 8286 0.2
3419 3420 0.01
3419 3421 0.05
3420 3421 0.01
3420 5573 0.2
3421 5143 0.05
3421 3423 0.01
3422 3424 0.2
3422 3423 0.2
3423 3424 0.05
3423 3425 0.2
3424 3426 0.2
3424 9624 0.05
3425 3426 0.01
3425 3427 0.05
3426 3427 0.05
3426 3428 0.05
3427 3428 0.01
3427 3429 0.01
3428 6626 0.01
3428 3429 0.01
3428 3430 0.01
3429 9426 0.05
3429 3430 0.01
3429 3431 0.05
3430 3432 0.05
3430 3431 0.01
3431 3432 0.2
3431 3433 0.2
3431 7773 0.01
3432 3433 0.01
3432 3434 0.01
3433 3434 0.01
3433 3435 0.05
3434 4282 0.2
3434 3435 0.05
3435 3436 0.2
3435 3437 0.05
3436 9769 0.05
3436 3437 0.01
3436 3438 0.05
3437 3438 0.05
3437 3439 0.01
3438 3440 0.2
3438 4794 0.2
3438 3439 0.05
3439 3440 0.2
3439 3441 0.05
3440 3441 0.05
3440 3442 0.2
3441 3442 0.2
3441 3443 0.2
3442 4674 0.2
3442 3443 0.2
3442 3444 0.2
3443 3444 0.2
3443 3445 0.2
3444 3445 0.01
3444 3446 0.2
3445 3446 0.01
3445 3447 0.05
3446 3448 0.05
3446 3447 0.01
3447 3448 0.01
3447 3449 0.2
3448 3449 0.2
3448 3450 0.05
3449 3450 0.2
3449 3451 0.01
3450 3451 0.2
3450 3452 0.05
3451 3452 0.2
3451 3453 0.2
3452 3453 0.01
3452 3454 0.01
3452 4083 0.05
3453 3454 0.05
3453 3455 0.05
3454 3456 0.05
3454 8201 0.05
3455 3456 0.05
3455 3457 0.01
3456 3458 0.05
3457 3458 0.05
3457 3459 0.2
3458 3459 0.01
3458 3460 0.2
3459 3460 0.2
3459 3461 0.01
3460 3461 0.05
3460 3462 0.2
3462 3464 0.05
3462 3463 0.01
3463 3464 0.2
3463 3465 0.2
3464 3465 0.01
3464 3466 0.01
3465 3466 0.2
3465 3467 0.2
3466 3467 0.2
3466 3468 0.01
3467 3468 0.05
3467 3469 0.05
3468 5588 0.05
3468 3469 0.05
3468 3470 0.01
3469 3470 0.01
3469 3471 0.05
3470 3472 0.2
3470 3471 0.2
3471 3472 0.01
3471 3473 0.05
3472 3473 0.01
3472 3474 0.05
3473 3474 0.05
3473 9746 0.2
3474 3475 0.2
3474 3476 0.2
3475 3476 0.01
3475 3477 0.2
3476 3477 0.2
3476 3478 0.01
3477 3478 0.01
3477 3479 0.01
3478 3480 0.2
3478 3479 0.05
3479 3481 0.2
3479 7067 0.05
3480 3481 0.01
3480 3482 0.2
3481 3482 0.2
3481 3483 0.05
3482 3483 0.2
3482 3484 0.2
3483 3484 0.2
3483 3485 0.01
3484 6675 0.05
3484 4437 0.2
3484 3485 0.05
3484 3486 0.01
3485 3486 0.01
3485 3487 0.05
3486 3488 0.2
3486 3487 0.2
3487 4304 0.01
3487 3489 0.01
3488 3489 0.01
3488 3490 0.01
3489 3490 0.2
3489 3491 0.01
3490 3492 0.05
3490 4680 0.05
3491 3492 0.05
3491 3493 0.2
3492 7849 0.05
3492 3493 0.05
3493 3494 0.2
3493 3495 0.01
3494 3496 0.01
3494 3495 0.01
3495 3496 0.01
3495 3497 0.01
3495 8219 0.2
3496 3497 0.05
3496 3498 0.01
3497 3498 0.05
3497 3499 0.05
3497 6162 0.05
3498 3499 0.2
3498 3500 0.01
3499 3500 0.2
3499 3501 0.05
3500 3501 0.01
3500 3502 0.01
3501 3502 0.2
3501 3503 0.2
3502 3504 0.05
3503 3504 0.05
3503 3505 0.05
3504 3505 0.05
3504 3506 0.01
3505 3506 0.2
3505 3507 0.2
3506 3507 0.01
3507 3509 0.01
3507 4610 0.2
3508 3509 0.05
3508 3510 0.2
3509 3510 0.2
3509 3511 0.2
3510 3512 0.01
3510 3511 0.01
3511 3512 0.01
3511 3513 0.01
3512 3513 0.01
3512 3514 0.2
3513 8385 0.05
3513 5273 0.01
3514 6256 0.01
3514 3515 0.01
3514 3516 0.2
3515 3516 0.2
3515 3517 0.2
3516 3517 0.05
3516 5050 0.05
3517 3518 0.01
3517 3519 0.01
3518 3520 0.01
3518 3519 0.05
3519 3520 0.01
3519 3521 0.01
3520 3521 0.2
3520 3522 0.05
3521 3522 0.2
3521 5702 0.2
3522 3523 0.2
3522 3524 0.2
3523 3524 0.2
3523 3525 0.2
3524 3525 0.2
3524 3526 0.01
3525 3526 0.05
3525 3527 0.2
3526 3528 0.2
3526 9852 0.05
3527 3528 0.01
3527 3529 0.01
3528 3529 0.05
3528 3530 0.05
3529 3530 0.05
3529 3531 0.05
3530 3531 0.01
3530 3532 0.05
3531 3532 0.2
3531 3533 0.01
3531 5551 0.05
3532 3533 0.05
3532 3534 0.01
3533 3534 0.01
3533 3535 0.2
3534 3536 0.05
3534 3535 0.05
3535 3536 0.2
3535 3537 0.05
3536 3537 0.2
3536 3538 0.01
3536 9884 0.2
3537 5187 0.01
3537 3539 0.2
3538 3539 0.01
3538 3540 0.01
3539 3540 0.2
3539 3541 0.2
3540 3541 0.2
3540 3542 0.2
3541 6078 0.01
3541 3542 0.05
3542 3544 0.2
3542 3543 0.2
3543 3544 0.2
3543 3545 0.2
3543 8579 0.05
3544 3545 0.05
3544 3546 0.2
3545 3547 0.05
3545 8859 0.05
3546 3547 0.2
3546 3548 0.2
3547 3548 0.2
3547 3549 0.05
3548 3549 0.01
3548 3550 0.2
3549 3550 0.2
3549 3551 0.05
3550 3552 0.2
3550 3551 0.2
3551 3552 0.2
3551 3553 0.05
3552 3553 0.05
3552 3554 0.01
3553 3554 0.2
3553 3555 0.01
3554 9428 0.2
3554 3836 0.05
3554 9535 0.01
3555 9224 0.01
3555 3556 0.01
3555 3557 0.01
3556 3558 0.05
3556 9467 0.2
3557 3558 0.01
3557 3559 0.2
3558 3560 0.01
3558 3559 0.2
3559 3560 0.05
3559 3561 0.05
3560 3561 0.01
3560 3562 0.05
3561 3562 0.05
3561 3563 0.2
3562 3563 0.2
3562 3564 0.01
3563 3564 0.01
3563 3565 0.2
3564 3565 0.01
3564 3566 0.2
3565 9542 0.05
3565 3566 0.05
3566 3568 0.01
3566 3567 0.05
3567 3568 0.05
3567 3569 0.2
3568 3569 0.2
3568 3570 0.05
3569 3571 0.01
3569 7414 0.01
3570 3571 0.2
3570 3572 0.05
3571 3572 0.05
3571 3573 0.05
3572 3573 0.2
3572 3574 0.2
3573 3574 0.2
3573 3575 0.01
3574 3576 0.01
3574 3575 0.01
3575 3576 0.05
3575 3577 0.05
3576 3577 0.2
3576 3578 0.05
3577 3578 0.05
3577 3579 0.01
3578 3579 0.2
3578 8676 0.01
3579 3580 0.05
3579 3581 0.01
3580 3581 0.2
3580 3582 0.05
3581 8930 0.2
3581 3582 0.05
3581 3583 0.05
3582 3584 0.05
3582 8015 0.2
3582 3583 0.01
3583 3584 0.2
3583 3585 0.05
3584 3586 0.2
3584 8071 0.2
3585 3586 0.2
3585 3587 0.05
3586 3587 0.2
3586 3588 0.2
3587 3588 0.01
3587 3589 0.01
3588 3589 0.2
3588 3590 0.2
3589 3590 0.05
3589 3591 0.05
3590 3592 0.01
3590 3591 0.01
3591 3592 0.05
3591 6333 0.01
3592 3593 0.05
3592 3594 0.05
3593 3594 0.2
3593 3595 0.2
3594 3595 0.01
3594 3596 0.2
3595 3596 0.2
3595 3597 0.05
3596 5628 0.01
3596 3598 0.2
3597 3598 0.01
3597 3599 0.05
3598 3600 0.2
3598 3599 0.05
3599 3600 0.2
3599 3601 0.01
3600 3601 0.05
3600 3602 0.05
3601 3602 0.01
3601 3603 0.05
3602 3603 0.01
3602 3604 0.05
3603 3604 0.05
3603 3605 0.05
3604 3605 0.01
3604 3606 0.2
3605 3606 0.05
3605 3607 0.01
3606 3608 0.01
3606 6631 0.05
3607 3608 0.01
3607 3609 0.01
3608 5583 0.01
3608 3609 0.05
3609 3610 0.2
3609 3611 0.01
3610 3612 0.05
3611 3612 0.2
3611 3613 0.01
3612 3613 0.01
3612 3614 0.05
3613 3614 0.05
3613 3615 0.2
3614 3938 0.2
3614 3798 0.05
3614 3615 0.05
3615 3616 0.01
3615 3617 0.01
3616 3617 0.2
3616 3618 0.2
3617 3618 0.01
3617 3619 0.01
3618 3619 0.2
3618 3620 0.01
3619 3620 0.05
3619 3621 0.05
3620 3621 0.2
3620 3622 0.2
3621 7006 0.01
3621 3622 0.01
3622 3624 0.05
3622 3623 0.01
3623 3625 0.2
3623 5157 0.2
3623 4221 0.01
3624 3625 0.05
3624 3626 0.05
3625 9681 0.01
3625 3626 0.01
3626 3627 0.2
3626 3628 0.2
3627 5212 0.2
3627 3628 0.05
3627 3629 0.01
3628 3629 0.2
3628 3630 0.05
3629 3631 0.2
3630 3632 0.01
3630 3631 0.05
3631 3632 0.01
3631 3633 0.01
3632 3633 0.05
3632 7865 0.05
3633 3634 0.2
3633 3635 0.05
3634 3635 0.05
3634 3636 0.2
3635 3636 0.01
3635 3637 0.05
3636 3637 0.01
3637 3638 0.01
3637 3639 0.05
3638 3640 0.01
3638 3639 0.01
3639 3640 0.2
3639 9487 0.2
3640 3641 0.2
3640 3642 0.01
3641 3642 0.01
3641 3643 0.2
3642 3643 0.05
3642 3644 0.2
3643 3645 0.05
3644 3645 0.05
3644 3646 0.01
3645 6032 0.2
3645 3646 0.05
3645 3647 0.2
3646 3648 0.01
3646 3647 0.01
3647 3648 0.01
3647 3649 0.05
3648 3650 0.2
3648 7099 0.05
3649 5554 0.2
3649 3651 0.05
3650 7512 0.01
3650 3651 0.01
3650 3652 0.01
3651 3652 0.05
3651 3653 0.2
3652 3653 0.01
3652 3654 0.01
3653 6360 0.05
3653 3654 0.01
3653 3655 0.01
3654 3656 0.05
3654 7853 0.05
3654 3655 0.01
3655 3656 0.2
3655 3657 0.2
3656 3657 0.2
3656 3658 0.2
3657 3658 0.2
3657 3659 0.2
3658 3659 0.05
3658 3660 0.2
3659 3661 0.05
3660 3661 0.05
3660 3662 0.05
3661 3663 0.01
3662 5129 0.2
3662 3663 0.2
3663 3664 0.2
3663 3665 0.01
3663 5286 0.05
3664 3665 0.2
3664 3666 0.01
3665 3666 0.01
3665 7815 0.2
3666 3667 0.05
3666 3668 0.01
3667 9445 0.05
3667 3669 0.05
3668 3669 0.2
3668 3670 0.2
3669 3670 0.2
3669 3671 0.05
3670 3672 0.05
3670 3671 0.01
3671 3672 0.01
3671 3673 0.01
3672 3673 0.2
3672 6254 0.05
3673 3674 0.05
3673 3675 0.05
3673 7772 0.01
3674 3675 0.2
3674 3676 0.2
3675 3676 0.05
3675 3677 0.05
3676 3677 0.05
3676 9111 0.05
3677 3678 0.01
3677 3679 0.01
3678 3680 0.05
3678 3679 0.01
3679 9584 0.05
3679 3681 0.05
3680 3681 0.05
3680 3682 0.01
3681 3682 0.05
3681 3683 0.05
3682 3683 0.2
3682 3684 0.2
3683 3684 0.01
3683 3685 0.2
3684 3844 0.01
3684 3685 0.05
3684 3686 0.2
3685 3686 0.01
3685 3687 0.05
3686 3688 0.2
3686 3687 0.2
3687 3688 0.01
3687 8958 0.05
3688 3689 0.2
3688 3690 0.05
3689 3690 0.05
3689 3691 0.2
3690 3691 0.05
3690 3692 0.01
3691 3692 0.2
3691 3693 0.01
3691 6854 0.2
3692 3693 0.01
3692 3694 0.05
3692 6251 0.05
3693 3694 0.01
3693 3695 0.05
3694 3696 0.01
3694 3695 0.2
3695 3696 0.2
3695 3697 0.05
3696 3697 0.05
3696 3698 0.2
3697 3698 0.05
3698 3699 0.2
3698 3700 0.2
3699 3700 0.01
3699 3701 0.01
3700 3701 0.2
3700 3702 0.2
3701 3702 0.01
3701 3703 0.2
3702 3704 0.2
3703 3704 0.2
3703 3705 0.05
3703 4643 0.01
3704 3705 0.2
3704 3706 0.2
3705 3706 0.05
3705 3707 0.05
3706 3707 0.2
3706 3708 0.01
3707 3708 0.05
3707 3709 0.01
3708 3709 0.05
3709 3710 0.05
3709 3711 0.01
3710 3712 0.2
3710 3711 0.01
3711 3712 0.2
3711 3713 0.2
3712 3713 0.05
3712 3714 0.05
3713 3714 0.05
3713 3715 0.2
3714 3715 0.2
3714 3716 0.01
3715 8683 0.01
3715 3716 0.01
3715 3717 0.01
3716 3717 0.2
3716 3718 0.2
3717 3718 0.01
3717 3719 0.01
3718 3720 0.2
3718 7779 0.01
3718 3719 0.05
3719 3720 0.2
3719 3721 0.05
3720 3721 0.05
3720 3722 0.2
3721 3722 0.2
3721 3723 0.05
3721 5069 0.01
3722 3723 0.01
3722 3724 0.2
3723 3724 0.05
3723 3725 0.05
3724 3725 0.2
3724 3726 0.2
3725 3726 0.05
3725 3727 0.05
3726 3728 0.2
3726 3727 0.05
3727 3728 0.01
3727 3729 0.2
3728 3729 0.01
3728 3730 0.2
3729 3730 0.2
3729 3731 0.05
3729 6527 0.01
3730 4571 0.05
3730 3732 0.01
3731 6563 0.05
3731 3732 0.2
3731 3733 0.01
3732 3733 0.01
3732 3734 0.2
3733 3734 0.2
3733 3735 0.05
3734 3736 0.01
3734 3735 0.05
3735 3736 0.01
3735 3737 0.01
3736 3737 0.05
3736 3738 0.2
3737 3738 0.2
3737 3739 0.05
3738 3739 0.2
3738 3740 0.05
3738 9197 0.2
3739 3740 0.05
3739 3741 0.05
3740 3741 0.05
3740 3742 0.05
3741 3742 0.2
3741 3743 0.01
3742 3744 0.2
3742 3743 0.01
3743 3744 0.05
3743 3745 0.01
3744 3745 0.01
3744 3746 0.2
3745 3746 0.05
3745 3747 0.05
3746 3747 0.05
3746 3748 0.01
3747 4472 0.05
3747 3749 0.2
3748 3749 0.01
3748 3750 0.01
3749 3750 0.01
3749 3751 0.01
3750 3752 0.2
3750 3751 0.01
3751 3752 0.01
3751 3753 0.2
3752 3753 0.05
3752 3754 0.2
3753 3754 0.05
3753 3755 0.01
3754 3755 0.01
3754 3756 0.01
3755 3756 0.2
3755 3757 0.05
3756 3757 0.05
3756 3758 0.2
3757 3758 0.2
3757 3759 0.05
3758 3760 0.2
3759 3760 0.01
3759 3761 0.05
3760 3761 0.2
3760 3762 0.05
3761 3762 0.2
3761 3763 0.05
3762 3763 0.05
3762 3764 0.05
3763 3764 0.01
3763 3765 0.01
3763 4543 0.05
3764 3765 0.2
3764 3766 0.01
3765 3766 0.2
3765 3767 0.05
3766 3768 0.2
3766 3767 0.01
3767 3768 0.2
3767 3769 0.2
3768 4998 0.05
3768 6319 0.05
3769 3770 0.2
3769 3771 0.2
3770 3771 0.05
3770 3772 0.01
3771 3772 0.01
3771 3773 0.2
3772 3773 0.05
3772 3774 0.2
3773 3774 0.05
3773 3775 0.01
3774 3776 0.2
3774 5842 0.05
3774 5529 0.2
3775 3776 0.01
3775 3777 0.01
3776 3778 0.2
3776 4887 0.2
3777 3778 0.2
3777 3779 0.05
3778 3779 0.05
3778 7017 0.2
3779 3780 0.01
3779 3781 0.2
3780 3781 0.2
3780 3782 0.01
3780 8073 0.01
3780 4505 0.05
3781 3782 0.2
3781 3783 0.2
3782 3784 0.2
3782 3783 0.2
3783 3784 0.01
3783 3785 0.2
3784 3786 0.2
3784 4659 0.2
3785 3786 0.2
3786 3787 0.05
3786 3788 0.2
3787 7259 0.01
3787 3788 0.05
3788 9160 0.2
3788 3790 0.01
3789 3790 0.05
3789 3791 0.05
3790 3792 0.2
3790 3791 0.05
3791 3792 0.2
3791 3793 0.2
3792 3793 0.05
3792 3794 0.05
3793 3794 0.05
3793 3795 0.05
3794 3795 0.05
3795 3796 0.01
3795 3797 0.01
3796 3797 0.2
3796 3798 0.2
3797 3798 0.2
3797 3799 0.05
3798 3800 0.2
3799 3800 0.2
3799 3801 0.05
3800 7080 0.01
3800 3802 0.2
3801 3802 0.05
3801 3803 0.2
3802 3803 0.01
3802 9312 0.2
3803 7572 0.01
3803 3805 0.2
3804 3805 0.05
3804 3806 0.2
3805 3806 0.2
3805 3807 0.01
3806 3808 0.05
3806 3807 0.05
3807 3808 0.01
3807 3809 0.01
3808 3809 0.2
3808 3810 0.01
3809 3810 0.05
3809 3926 0.05
3810 3811 0.01
3810 3812 0.2
3811 3812 0.05
3811 3813 0.05
3812 3813 0.05
3812 3814 0.01
3813 3814 0.2
3813 3815 0.01
3814 3816 0.2
3814 3815 0.01
3815 3816 0.2
3815 3817 0.2
3816 3817 0.01
3816 3818 0.2
3817 3818 0.05
3817 3819 0.05
3818 3819 0.01
3818 3820 0.05
3819 3820 0.2
3819 3821 0.01
3820 3821 0.05
3820 3822 0.01
3821 3822 0.2
3821 3823 0.01
3822 3824 0.05
3822 3823 0.01
3823 4581 0.01
3823 8876 0.2
3823 3824 0.01
3823 3825 0.05
3824 3825 0.05
3824 3826 0.05
3825 3826 0.01
3825 3827 0.2
3826 3827 0.05
3826 3828 0.2
3827 3829 0.2
3828 3829 0.01
3828 3830 0.01
3829 3830 0.2
3829 3831 0.2
3830 3832 0.05
3830 8132 0.01
3830 3831 0.2
3831 3832 0.05
3831 3833 0.01
3832 3833 0.01
3832 8233 0.01
3833 3834 0.05
3833 3835 0.05
3834 3835 0.05
3834 3836 0.05
3835 3836 0.05
3835 3837 0.2
3836 3838 0.2
3837 8958 0.01
3837 3838 0.05
3838 3840 0.2
3838 3839 0.2
3839 3840 0.05
3839 3841 0.05
3840 3841 0.05
3840 3842 0.01
3841 9352 0.2
3841 3842 0.05
3842 3843 0.01
3842 3844 0.05
3843 3844 0.05
3843 3845 0.05
3844 3845 0.2
3845 3846 0.05
3845 3847 0.2
3846 3848 0.2
3846 4978 0.01
3846 8031 0.01
3847 3848 0.2
3847 6192 0.2
3848 3849 0.05
3848 3850 0.05
3849 3850 0.2
3849 3851 0.2
3850 3851 0.05
3850 3852 0.05
3851 3852 0.05
3851 3853 0.05
3852 3853 0.01
3852 3854 0.05
3853 3854 0.2
3853 3855 0.2
3854 3856 0.05
3854 3855 0.05
3855 3856 0.2
3855 3857 0.2
3856 3857 0.01
3856 9930 0.2
3857 3858 0.2
3857 8228 0.2
3858 3859 0.01
3858 3860 0.2
3859 3860 0.05
3859 3861 0.2
3860 4808 0.2
3860 3861 0.01
3860 3862 0.05
3861 3862 0.2
3861 3863 0.01
3862 3864 0.2
3862 3863 0.01
3863 3864 0.01
3863 3865 0.01
3864 3865 0.05
3864 3866 0.01
3865 4282 0.2
3865 3867 0.01
3866 3867 0.2
3866 3868 0.05
3867 3868 0.05
3867 6229 0.01
3868 3869 0.2
3868 3870 0.05
3869 5060 0.05
3869 9953 0.01
3869 3870 0.01
3869 3871 0.01
3870 3872 0.2
3870 3871 0.01
3871 3872 0.01
3871 3873 0.2
3872 3873 0.2
3872 3874 0.01
3873 3874 0.2
3873 3875 0.2
3874 3875 0.01
3874 3876 0.2
3875 3876 0.01
3875 3877 0.01
3876 3877 0.2
3876 3878 0.01
3877 3878 0.05
3877 3879 0.2
3878 6019 0.2
3878 7667 0.2
3879 3880 0.01
3879 8038 0.01
3880 3881 0.2
3880 3882 0.01
3881 3882 0.05
3881 3883 0.05
3882 3883 0.05
3882 3884 0.2
3883 3884 0.01
3883 3885 0.2
3884 5785 0.05
3884 3886 0.05
3885 9021 0.05
3885 3887 0.2
3886 3888 0.2
3886 3887 0.05
3887 3888 0.05
3887 3889 0.01
3887 8571 0.01
3888 3889 0.05
3888 8809 0.01
3889 3890 0.05
3889 3891 0.05
3890 3891 0.05
3890 3892 0.01
3891 3892 0.05
3891 3893 0.05
3892 3893 0.01
3892 3894 0.05
3893 5098 0.01
3893 3895 0.05
3894 3896 0.01
3894 3895 0.2
3895 3896 0.05
3895 3897 0.01
3896 3897 0.2
3896 3898 0.05
3897 3898 0.01
3897 3899 0.01
3898 3899 0.2
3898 3900 0.05
3899 3900 0.01
3899 3901 0.2
3900 3901 0.2
3900 3902 0.01
3901 3902 0.05
3901 3903 0.2
3902 3903 0.05
3903 3905 0.01
3903 4262 0.01
3903 7595 0.01
3904 3905 0.01
3904 6590 0.2
3905 3906 0.2
3905 3907 0.05
3906 3907 0.05
3906 3908 0.01
3907 3908 0.05
3908 3909 0.01
3908 3910 0.2
3909 3910 0.2
3909 3911 0.01
3910 3912 0.01
3911 3912 0.2
3911 3913 0.05
3912 3913 0.05
3912 3914 0.01
3913 3914 0.2
3913 3915 0.05
3914 3915 0.05
3914 3916 0.2
3915 3916 0.01
3915 3917 0.2
3916 3917 0.2
3916 3918 0.05
3917 3918 0.05
3917 3919 0.05
3918 3920 0.05
3918 3919 0.2
3919 3920 0.01
3919 3921 0.2
3920 9797 0.01
3921 3922 0.01
3921 3923 0.05
3922 3923 0.2
3922 3924 0.05
3923 3924 0.01
3923 3925 0.2
3924 3925 0.2
3924 3926 0.05
3925 6803 0.05
3925 3926 0.2
3925 3927 0.05
3925 7263 0.05
3926 3928 0.01
3927 3929 0.2
3928 3929 0.2
3928 3930 0.01
3929 3930 0.05
3929 3931 0.2
3930 3932 0.05
3930 7513 0.01
3931 3932 0.05
3931 3933 0.05
3932 3933 0.2
3932 3934 0.01
3933 3934 0.01
3933 3935 0.2
3934 3936 0.01
3934 3935 0.05
3935 3936 0.2
3935 3937 0.01
3936 3937 0.05
3936 3938 0.2
3937 3938 0.05
3937 3939 0.01
3938 3939 0.2
3939 3940 0.2
3939 3941 0.05
3940 3942 0.05
3940 7184 0.01
3941 3942 0.2
3941 3943 0.05
3942 3944 0.2
3942 3943 0.01
3943 3944 0.01
3943 3945 0.01
3943 5040 0.01
3944 3945 0.01
3944 3946 0.2
3945 3946 0.2
3945 3947 0.01
3946 3947 0.05
3946 3948 0.05
3947 3948 0.01
3947 3949 0.2
3948 3949 0.2
3948 3950 0.05
3949 3950 0.05
3949 3951 0.2
3950 3952 0.05
3950 3951 0.01
3951 3952 0.01
3951 3953 0.05
3952 3953 0.01
3953 3954 0.05
3953 3955 0.2
3954 3955 0.01
3954 3956 0.05
3955 3956 0.01
3956 3957 0.01
3956 3958 0.2
3957 3958 0.2
3957 3959 0.2
3958 3960 0.05
3958 3959 0.2
3959 3960 0.2
3959 3961 0.01
3960 3961 0.2
3960 3962 0.2
3961 3962 0.01
3961 3963 0.01
3961 8638 0.01
3962 3963 0.2
3962 3964 0.01
3963 3964 0.05
3963 4725 0.2
3964 3965 0.01
3964 3966 0.05
3965 3966 0.2
3965 3967 0.01
3966 3968 0.01
3966 3967 0.2
3967 3968 0.2
3967 3969 0.01
3968 3969 0.01
3968 3970 0.01
3969 3970 0.2
3969 3971 0.01
3969 6580 0.05
3970 3972 0.01
3970 5838 0.05
3971 3972 0.2
3971 3973 0.01
3972 3973 0.2
3973 3974 0.01
3973 3975 0.01
3974 3976 0.01
3974 4992 0.05
3975 3976 0.2
3975 3977 0.2
3976 3977 0.01
3976 3978 0.01
3977 3978 0.01
3977 3979 0.05
3978 3979 0.05
3978 3980 0.2
3979 3980 0.2
3979 3981 0.05
3980 3981 0.05
3980 3982 0.01
3981 3982 0.2
3981 3983 0.2
3982 3984 0.2
3982 3983 0.01
3983 3984 0.05
3983 7125 0.01
3984 3985 0.01
3985 3987 0.2
3986 3987 0.01
3986 3988 0.05
3987 3988 0.01
3987 3989 0.01
3988 3989 0.05
3988 7867 0.01
3988 7453 0.05
3989 3990 0.01
3989 3991 0.2
3990 3992 0.05
3990 3991 0.2
3991 3992 0.01
3991 3993 0.05
3992 3993 0.01
3992 3994 0.2
3993 3994 0.01
3993 3995 0.01
3994 3995 0.01
3994 3996 0.2
3995 3996 0.2
3995 3997 0.05
3996 3997 0.01
3996 3998 0.01
3997 3998 0.05
3997 3999 0.01
3998 4000 0.01
3998 3999 0.01
3999 4001 0.01
4000 4001 0.01
4000 4002 0.2
4001 4002 0.2
4001 4003 0.2
4002 4003 0.05
4002 4004 0.05
4003 4004 0.2
4003 4005 0.05
4004 4006 0.2
4005 7982 0.01
4005 4006 0.01
4005 4007 0.01
4006 4008 0.2
4006 4007 0.05
4007 4008 0.2
4007 4009 0.05
4008 4009 0.05
4008 4010 0.01
4009 4010 0.01
4009 4011 0.2
4010 4011 0.2
4010 4012 0.01
4011 4013 0.2
4011 7462 0.01
4012 4013 0.2
4012 4014 0.05
4013 4014 0.2
4013 4015 0.01
4014 4016 0.2
4014 4015 0.05
4015 4017 0.05
4015 5107 0.05
4016 4017 0.01
4016 4018 0.2
4017 4018 0.01
4017 4019 0.01
4018 4019 0.01
4018 4020 0.2
4019 4020 0.01
4019 4021 0.2
4020 4021 0.05
4020 4022 0.2
4021 6770 0.2
4021 4022 0.01
4021 4023 0.05
4021 8315 0.2
4022 7093 0.2
4022 4023 0.01
4023 4024 0.05
4023 4025 0.01
4024 4025 0.01
4024 4026 0.01
4024 4890 0.01
4025 4026 0.2
4025 4027 0.05
4026 4027 0.05
4026 4028 0.01
4027 4028 0.01
4027 4029 0.2
4028 4029 0.01
4028 4030 0.01
4029 4030 0.2
4029 4031 0.05
4030 4032 0.05
4030 4031 0.01
4031 4032 0.05
4031 4033 0.05
4032 4033 0.05
4032 4034 0.2
4033 4034 0.05
4033 4035 0.01
4034 4035 0.01
4034 4036 0.2
4034 9460 0.01
4035 4036 0.2
4035 4037 0.01
4035 9201 0.01
4036 4037 0.01
4036 4038 0.05
4037 6634 0.2
4037 4039 0.01
4038 4040 0.01
4038 4039 0.01
4039 4040 0.2
4039 4041 0.05
4039 5115 0.2
4040 4041 0.2
4040 4042 0.05
4041 4042 0.05
4041 4043 0.01
4042 4043 0.2
4042 4044 0.2
4043 4044 0.05
4043 9468 0.01
4044 4045 0.01
4044 4046 0.05
4045 4046 0.01
4045 4047 0.01
4046 4047 0.01
4047 4048 0.2
4047 4049 0.05
4048 4049 0.01
4048 7863 0.05
4049 4050 0.01
4049 4051 0.01
4050 4051 0.05
4050 4052 0.2
4051 4052 0.05
4051 4053 0.01
4052 4053 0.05
4052 4054 0.01
4053 4054 0.01
4053 4055 0.2
4054 4056 0.05
4054 4055 0.01
4055 4056 0.05
4055 5459 0.05
4056 4057 0.01
4056 4058 0.05
4057 4058 0.2
4057 4059 0.01
4058 4059 0.2
4058 4060 0.05
4059 8404 0.05
4059 4060 0.01
4059 4061 0.05
4060 4061 0.01
4060 4062 0.01
4061 4062 0.2
4061 4063 0.2
4062 4064 0.01
4062 6189 0.05
4062 4063 0.01
4063 4064 0.01
4063 4065 0.05
4064 4065 0.05
4064 4066 0.05
4065 4066 0.01
4065 4067 0.05
4066 4067 0.01
4066 4068 0.05
4067 4068 0.2
4067 4069 0.01
4068 4069 0.2
4068 4070 0.2
4069 4070 0.01
4069 4071 0.2
4070 4072 0.2
4070 4071 0.01
4071 4072 0.01
4071 4073 0.05
4072 4073 0.2
4072 4074 0.05
4073 4074 0.01
4073 4075 0.2
4074 4075 0.05
4074 4076 0.05
4075 4076 0.05
4075 4077 0.01
4076 4077 0.2
4076 4078 0.05
4077 4078 0.2
4077 4079 0.01
4078 4080 0.01
4078 4079 0.05
4079 4080 0.05
4079 4081 0.2
4080 4081 0.01
4080 4082 0.2
4081 4082 0.01
4081 4083 0.2
4081 7994 0.01
4082 4083 0.05
4082 4084 0.01
4083 4084 0.01
4084 4085 0.05
4084 4086 0.2
4085 4976 0.2
4085 5170 0.01
4085 4086 0.05
4085 4087 0.2
4086 4088 0.05
4086 4087 0.05
4087 4088 0.2
4087 4089 0.01
4088 4089 0.05
4088 4090 0.05
4089 4090 0.01
4089 5476 0.01
4090 4091 0.2
4090 4092 0.01
4091 4092 0.2
4091 4093 0.2
4092 7534 0.05
4092 4093 0.01
4092 4094 0.01
4093 4094 0.05
4093 4095 0.05
4094 4096 0.01
4094 4095 0.2
4095 4096 0.01
4095 4097 0.01
4096 4097 0.05
4096 4098 0.2
4097 9783 0.05
4097 4099 0.01
4098 4099 0.2
4098 4100 0.05
4099 4100 0.2
4099 4101 0.2
4100 4101 0.2
4100 4102 0.01
4101 4102 0.05
4101 4103 0.05
4102 4104 0.01
4102 4103 0.2
4103 4104 0.05
4103 4105 0.01
4104 9152 0.05
4104 4105 0.2
4105 4106 0.05
4105 4107 0.2
4106 4107 0.2
4106 4108 0.01
4107 4108 0.2
4107 4109 0.01
4108 4109 0.05
4108 4110 0.2
4109 4110 0.05
4109 4111 0.2
4110 4112 0.01
4110 4111 0.05
4111 4112 0.05
4111 4113 0.05
4112 4113 0.2
4112 4114 0.2
4113 4114 0.2
4113 4115 0.2
4114 4115 0.01
4114 4116 0.2
4115 4116 0.01
4115 4117 0.2
4116 4117 0.05
4116 4118 0.2
4116 7078 0.01
4117 4118 0.2
4117 4119 0.2
4118 4120 0.05
4118 4119 0.01
4119 4120 0.01
4119 4121 0.05
4120 4121 0.05
4120 4122 0.05
4121 4122 0.2
4121 4123 0.01
4122 4123 0.05
4122 4124 0.05
4123 7323 0.01
4123 4125 0.2
4124 8904 0.2
4124 4126 0.2
4125 4126 0.01
4125 4127 0.2
4126 4128 0.2
4126 4127 0.01
4127 4128 0.01
4127 4129 0.05
4128 4129 0.01
4128 4130 0.2
4129 4130 0.01
4129 4131 0.2
4130 4131 0.05
4130 4132 0.2
4131 4132 0.2
4131 4133 0.2
4132 4133 0.01
4132 4134 0.2
4133 4134 0.01
4133 4135 0.05
4134 4136 0.05
4134 4135 0.05
4135 4136 0.2
4135 4137 0.2
4136 4137 0.05
4136 4138 0.05
4136 5155 0.01
4137 4138 0.01
4137 4139 0.05
4138 4139 0.05
4138 4140 0.05
4139 4140 0.05
4139 4141 0.2
4140 4141 0.2
4140 4142 0.01
4141 4142 0.05
4141 4143 0.2
4142 4144 0.2
4142 4567 0.2
4143 4144 0.2
4143 4145 0.05
4144 4145 0.05
4144 4146 0.2
4145 4146 0.05
4145 4147 0.2
4146 4147 0.2
4146 4148 0.01
4147 4148 0.01
4147 4149 0.05
4148 4149 0.01
4148 4150 0.01
4149 4150 0.05
4149 4151 0.01
4150 4152 0.05
4150 4151 0.01
4151 4152 0.01
4151 4153 0.01
4152 4153 0.05
4152 4154 0.01
4153 4154 0.2
4153 4155 0.01
4154 4155 0.05
4155 4156 0.01
4155 4157 0.01
4156 6861 0.2
4156 4158 0.2
4157 4158 0.01
4157 4159 0.05
4158 4159 0.05
4159 4160 0.2
4159 4161 0.2
4159 6087 0.01
4160 4162 0.05
4160 6477 0.05
4161 4162 0.05
4161 4163 0.05
4162 4163 0.2
4162 4164 0.2
4163 4164 0.01
4163 4165 0.05
4164 4165 0.01
4164 4166 0.01
4165 4166 0.01
4165 4167 0.01
4166 4168 0.2
4166 4167 0.2
4167 4168 0.05
4167 4169 0.05
4168 4169 0.2
4168 4170 0.05
4169 4170 0.2
4169 4171 0.2
4170 4171 0.05
4170 4172 0.05
4171 4172 0.2
4171 4173 0.2
4172 4173 0.2
4172 4174 0.2
4173 4174 0.2
4173 4175 0.05
4174 4176 0.05
4174 4175 0.05
4175 4176 0.2
4175 4177 0.01
4176 4177 0.05
4176 4178 0.01
4176 5668 0.05
4177 4178 0.01
4177 7810 0.05
4178 4179 0.05
4178 4180 0.05
4179 4181 0.01
4180 9464 0.01
4180 4181 0.05
4180 4182 0.05
4181 4182 0.05
4182 4184 0.01
4182 4183 0.2
4183 4184 0.01
4183 4185 0.2
4183 4811 0.2
4184 4185 0.05
4184 4186 0.01
4185 4186 0.01
4185 4187 0.2
4186 4187 0.2
4186 4188 0.2
4187 4188 0.01
4187 4189 0.01
4188 4189 0.01
4188 4190 0.01
4189 4191 0.01
4190 4192 0.05
4190 4191 0.2
4191 4192 0.01
4191 4193 0.05
4192 4193 0.05
4192 4194 0.05
4193 4194 0.01
4193 4195 0.01
4194 4195 0.2
4194 4196 0.2
4194 7471 0.01
4195 4196 0.2
4195 4197 0.05
4196 4197 0.05
4196 4198 0.01
4197 4198 0.05
4197 4199 0.05
4198 4200 0.2
4198 4199 0.01
4199 4200 0.2
4199 4201 0.05
4199 4459 0.01
4200 4201 0.01
4200 4202 0.05
4201 4202 0.05
4202 4203 0.01
4202 4204 0.05
4203 4204 0.05
4203 4205 0.01
4204 4205 0.01
4205 8684 0.2
4205 4207 0.2
4205 4701 0.2
4206 4208 0.05
4206 4207 0.2
4207 4208 0.2
4207 4209 0.05
4208 4209 0.05
4208 4210 0.05
4209 4210 0.2
4209 4211 0.2
4210 4211 0.01
4210 4212 0.2
4211 4212 0.2
4211 4213 0.05
4212 4213 0.05
4212 4214 0.2
4213 4214 0.01
4213 4215 0.2
4214 4216 0.05
4214 4215 0.01
4215 4217 0.01
4215 7545 0.2
4216 4217 0.2
4216 4218 0.01
4216 8471 0.05
4217 4218 0.01
4217 4219 0.05
4218 4219 0.2
4218 4220 0.01
4219 4220 0.05
4219 4221 0.05
4220 4221 0.01
4220 4222 0.05
4221 4222 0.01
4221 4223 0.2
4222 4224 0.2
4222 4223 0.01
4223 4224 0.2
4223 4225 0.2
4223 7574 0.01
4224 4225 0.05
4224 4226 0.01
4225 4226 0.01
4225 4227 0.01
4226 4227 0.2
4226 4228 0.05
4227 4228 0.2
4227 4229 0.2
4228 4229 0.01
4228 4230 0.2
4229 4230 0.05
4229 4231 0.01
4230 4232 0.05
4230 4231 0.05
4231 4232 0.2
4231 4233 0.2
4232 4233 0.2
4232 4234 0.01
4233 8161 0.2
4233 4234 0.05
4233 4235 0.05
4233 4876 0.01
4234 4235 0.2
4234 4236 0.05
4235 4236 0.05
4235 4237 0.05
4236 4237 0.05
4236 4238 0.01
4237 4238 0.05
4237 4239 0.05
4238 4240 0.05
4238 4239 0.05
4239 4240 0.05
4239 4241 0.2
4240 4241 0.01
4240 4242 0.01
4241 4242 0.2
4241 4243 0.05
4242 4243 0.2
4242 4244 0.05
4243 4244 0.05
4243 4245 0.05
4244 4245 0.01
4244 4246 0.2
4245 4246 0.05
4245 4247 0.2
4246 4248 0.05
4246 9755 0.01
4246 4247 0.2
4247 4248 0.2
4247 4249 0.01
4248 4249 0.01
4248 4250 0.01
4248 9989 0.05
4249 4251 0.05
4250 4251 0.2
4250 4252 0.05
4251 4252 0.01
4251 4253 0.2
4252 4253 0.05
4252 4254 0.01
4253 4254 0.01
4253 4255 0.05
4254 4256 0.2
4254 4255 0.05
4255 4256 0.05
4255 4257 0.01
4256 4257 0.2
4256 4258 0.05
4257 4258 0.2
4257 8091 0.2
4258 4259 0.01
4258 4260 0.01
4258 5349 0.01
4259 4260 0.05
4259 4261 0.05
4260 4320 0.2
4260 4261 0.05
4260 4262 0.01
4261 4262 0.05
4261 4263 0.2
4262 4263 0.05
4262 4264 0.05
4262 6057 0.2
4262 7844 0.2
4263 4264 0.05
4263 4265 0.01
4264 4265 0.01
4264 4266 0.01
4265 4266 0.01
4265 4267 0.05
4266 4267 0.05
4266 4268 0.2
4267 4268 0.2
4267 4269 0.05
4268 4269 0.01
4268 4270 0.2
4269 4270 0.2
4269 4271 0.05
4270 4272 0.05
4270 7103 0.01
4271 4272 0.05
4271 4273 0.2
4272 4274 0.2
4273 4274 0.01
4273 4275 0.01
4274 4275 0.01
4274 4276 0.05
4275 4277 0.05
4275 5381 0.01
4276 4277 0.2
4276 4278 0.2
4277 4278 0.05
4277 4279 0.2
4278 4280 0.05
4278 4279 0.2
4279 4280 0.05
4279 4281 0.05
4280 4281 0.2
4280 4282 0.2
4281 4282 0.05
4281 4283 0.2
4281 7095 0.01
4282 7600 0.05
4282 4283 0.2
4283 4284 0.2
4283 4285 0.2
4284 4285 0.01
4284 4286 0.05
4285 4286 0.01
4285 4287 0.2
4286 4288 0.01
4286 4287 0.01
4287 4288 0.05
4287 4289 0.05
4287 8820 0.2
4288 4289 0.01
4288 4290 0.05
4289 4290 0.01
4289 4291 0.01
4290 4291 0.05
4290 4525 0.05
4291 4292 0.05
4291 4293 0.2
4292 4293 0.05
4292 4294 0.01
4293 4579 0.05
4293 4295 0.05
4294 4296 0.2
4294 4295 0.2
4295 4296 0.01
4295 4297 0.2
4296 4297 0.01
4296 4298 0.2
4297 4298 0.01
4297 4299 0.01
4298 4299 0.2
4299 4300 0.01
4300 9000 0.2
4301 7957 0.05
4301 4303 0.05
4302 4304 0.2
4302 4303 0.05
4303 4304 0.05
4303 4305 0.2
4304 4305 0.2
4304 4306 0.2
4305 4306 0.05
4305 4307 0.01
4306 4307 0.2
4306 4308 0.2
4307 8066 0.05
4308 4309 0.01
4308 4310 0.01
4309 4310 0.01
4309 4311 0.2
4310 4312 0.05
4310 4311 0.05
4311 4312 0.05
4311 5915 0.05
4312 4313 0.05
4312 4314 0.01
4313 4314 0.01
4313 4315 0.01
4314 4315 0.01
4314 4316 0.2
4315 4316 0.01
4315 9121 0.01
4316 4317 0.2
4316 4318 0.2
4317 4318 0.2
4317 4319 0.2
4318 4320 0.2
4318 4319 0.2
4319 4320 0.2
4319 4321 0.2
4321 4322 0.01
4322 4323 0.05
4322 4324 0.05
4323 4324 0.01
4323 4325 0.01
4324 4325 0.01
4324 4326 0.01
4325 4326 0.05
4326 4328 0.05
4326 4327 0.05
4327 4328 0.2
4327 4329 0.05
4328 4329 0.01
4328 4330 0.05
4329 8256 0.2
4329 4331 0.2
4329 6617 0.05
4330 4331 0.01
4330 4332 0.2
4331 4332 0.05
4331 4333 0.01
4332 4333 0.2
4332 4334 0.01
4333 4334 0.01
4333 4335 0.01
4334 4336 0.2
4334 4335 0.01
4335 4336 0.2
4335 4337 0.01
4336 7944 0.05
4336 4337 0.01
4336 4338 0.01
4337 4338 0.01
4337 4339 0.01
4338 4339 0.05
4338 4340 0.2
4339 4341 0.01
4340 4341 0.01
4340 4342 0.01
4341 4342 0.05
4341 4343 0.05
4342 4344 0.01
4342 8677 0.01
4342 4343 0.01
4343 4344 0.01
4343 4345 0.2
4344 4345 0.2
4344 4346 0.2
4345 4346 0.01
4345 4347 0.05
4346 4347 0.01
4346 4348 0.05
4346 5337 0.01
4347 4348 0.01
4347 4349 0.05
4348 4349 0.2
4348 4350 0.01
4349 4350 0.01
4349 4351 0.01
4350 4351 0.2
4351 4352 0.01
4351 4353 0.2
4352 4354 0.01
4353 4354 0.01
4353 4355 0.2
4354 7091 0.05
4354 4356 0.01
4355 4356 0.01
4355 4357 0.01
4356 4357 0.2
4356 4358 0.05
4357 4358 0.2
4357 4359 0.05
4358 4360 0.05
4358 4359 0.01
4359 4360 0.2
4359 4361 0.2
4360 4361 0.2
4360 4362 0.01
4361 4362 0.2
4361 4363 0.2
4362 4364 0.01
4362 8361 0.01
4363 4364 0.2
4363 4365 0.01
4364 4366 0.2
4365 4366 0.01
4365 4367 0.2
4366 7305 0.01
4366 5526 0.05
4367 4368 0.01
4367 4369 0.2
4368 4369 0.01
4368 6381 0.2
4369 4370 0.01
4369 4371 0.01
4370 4371 0.2
4370 4372 0.2
4371 4372 0.05
4371 4373 0.05
4372 4373 0.2
4372 4374 0.2
4373 4374 0.01
4374 4376 0.05
4374 7004 0.2
4374 4375 0.01
4375 4376 0.01
4375 5870 0.05
4376 4377 0.05
4376 4378 0.05
4377 8360 0.01
4377 4379 0.2
4378 4379 0.01
4378 4380 0.05
4379 4380 0.01
4379 4381 0.05
4380 4381 0.01
4380 4382 0.05
4381 4382 0.01
4381 4383 0.2
4382 4384 0.01
4382 4383 0.05
4383 4384 0.05
4383 4385 0.2
4384 4385 0.05
4384 4386 0.2
4385 4386 0.2
4385 4387 0.01
4386 4388 0.01
4386 6197 0.05
4387 7132 0.05
4387 4388 0.01
4388 4389 0.05
4388 4390 0.05
4389 4390 0.05
4389 4391 0.2
4390 4392 0.2
4390 5218 0.05
4391 4392 0.2
4391 4393 0.05
4392 4393 0.01
4392 4394 0.2
4392 7564 0.05
4393 4394 0.05
4393 4395 0.05
4394 4395 0.01
4394 4396 0.01
4395 4396 0.05
4395 4397 0.2
4395 4885 0.05
4396 5412 0.01
4396 4397 0.01
4396 4398 0.2
4397 8582 0.05
4397 4399 0.2
4398 4400 0.01
4398 4399 0.05
4399 4400 0.05
4399 4401 0.2
4400 4401 0.2
4400 4402 0.2
4401 4402 0.01
4401 4403 0.01
4402 9779 0.01
4402 4404 0.05
4403 4404 0.05
4403 4405 0.2
4404 9500 0.2
4404 4405 0.01
4405 4406 0.2
4405 4407 0.01
4406 4408 0.01
4406 4407 0.05
4407 4408 0.01
4407 4409 0.05
4407 7899 0.01
4408 4409 0.2
4408 4410 0.05
4409 4410 0.01
4409 4743 0.01
4410 4411 0.05
4410 4412 0.2
4411 4412 0.05
4411 4413 0.05
4412 4414 0.2
4413 4414 0.2
4413 4415 0.2
4414 4416 0.05
4414 4415 0.2
4415 4416 0.05
4415 4417 0.05
4416 4417 0.05
4416 4418 0.2
4417 4418 0.2
4417 4419 0.05
4418 4419 0.05
4418 4420 0.2
4419 4420 0.05
4419 4421 0.01
4420 4421 0.05
4420 4422 0.01
4421 4422 0.01
4421 4423 0.05
4422 4424 0.05
4423 4425 0.05
4423 5636 0.01
4424 4425 0.2
4424 4426 0.01
4425 6183 0.01
4425 6683 0.01
4426 7458 0.2
4426 4428 0.01
4427 4428 0.01
4427 4429 0.05
4428 7700 0.2
4428 4429 0.01
4429 4430 0.01
4429 4431 0.05
4430 4432 0.2
4430 4431 0.2
4431 4432 0.05
4431 4433 0.01
4432 4433 0.05
4432 4434 0.2
4433 4434 0.2
4433 4435 0.01
4433 7214 0.01
4434 4435 0.2
4434 4436 0.2
4435 4436 0.05
4435 4437 0.05
4436 4437 0.01
4436 4438 0.05
4437 4438 0.2
4438 4440 0.05
4438 4439 0.05
4439 4440 0.2
4439 4441 0.05
4440 4441 0.2
4440 4442 0.05
4441 4442 0.2
4441 4443 0.2
4442 4443 0.01
4442 4444 0.01
4443 4444 0.05
4443 4445 0.01
4444 4445 0.05
4444 4446 0.05
4444 5975 0.05
4445 8994 0.05
4445 4446 0.05
4446 4448 0.05
4446 4447 0.01
4447 4448 0.01
4447 7133 0.01
4448 4449 0.2
4448 4450 0.2
4449 4450 0.05
4449 4451 0.2
4450 4451 0.01
4451 4452 0.05
4451 4453 0.05
4452 4453 0.01
4452 5037 0.05
4453 4454 0.2
4453 4455 0.05
4454 4456 0.05
4454 4455 0.01
4455 4456 0.2
4455 4457 0.2
4456 8366 0.05
4456 6836 0.2
4457 4458 0.2
4457 4459 0.2
4458 4459 0.2
4458 4460 0.2
4459 4460 0.05
4460 7179 0.05
4460 6687 0.2
4461 4462 0.01
4461 4463 0.2
4462 4464 0.01
4462 4463 0.05
4463 4464 0.05
4463 4465 0.05
4464 4465 0.2
4464 4466 0.05
4465 4466 0.2
4465 4467 0.2
4466 4467 0.05
4466 4468 0.05
4467 4468 0.05
4467 4469 0.01
4468 4469 0.01
4468 4470 0.2
4469 4470 0.01
4469 4471 0.01
4470 4472 0.05
4470 4471 0.05
4471 4472 0.2
4471 4473 0.2
4472 4473 0.01
4472 4474 0.2
4473 4474 0.05
4473 4475 0.05
4474 4475 0.01
4475 4476 0.05
4475 4477 0.05
4476 4477 0.05
4476 4478 0.05
4477 4478 0.05
4477 4479 0.01
4478 4480 0.2
4478 9480 0.01
4478 8158 0.01
4478 4479 0.01
4479 4480 0.2
4479 5263 0.05
4479 6613 0.2
4480 4481 0.01
4480 4482 0.2
4481 4482 0.01
4481 4483 0.05
4482 4483 0.01
4482 4484 0.05
4483 4484 0.01
4483 4485 0.01
4484 4485 0.2
4484 4486 0.05
4485 4486 0.01
4485 4487 0.05
4486 4488 0.2
4486 9667 0.05
4487 4488 0.2
4487 4489 0.2
4488 4489 0.05
4488 4490 0.05
4489 4490 0.01
4489 4491 0.2
4490 4492 0.05
4490 6214 0.2
4491 9698 0.01
4491 4492 0.05
4491 4493 0.05
4492 4493 0.2
4492 4494 0.05
4493 4494 0.05
4493 4495 0.2
4494 4496 0.01
4494 4495 0.05
4495 4496 0.01
4495 4497 0.2
4496 4498 0.2
4497 4498 0.01
4497 7882 0.05
4498 4499 0.05
4498 4500 0.2
4499 4500 0.2
4499 4501 0.05
4500 4501 0.01
4500 4502 0.2
4501 4502 0.05
4501 4503 0.05
4502 4504 0.05
4502 4503 0.01
4503 4504 0.05
4503 4505 0.2
4504 4505 0.01
4504 4506 0.2
4505 4507 0.01
4506 4507 0.05
4506 4508 0.05
4507 4508 0.01
4507 4509 0.05
4507 9814 0.2
4508 4509 0.05
4508 4510 0.01
4509 4510 0.2
4509 4511 0.2
4510 4512 0.01
4510 5033 0.2
4511 4512 0.2
4511 4513 0.01
4512 4513 0.2
4512 4514 0.05
4513 7154 0.05
4513 4515 0.01
4514 4515 0.2
4514 4516 0.2
4515 4516 0.05
4515 4517 0.05
4516 8196 0.01
4516 4518 0.05
4517 6669 0.01
4517 4519 0.2
4518 4520 0.05
4518 4519 0.2
4519 4520 0.05
4519 4521 0.05
4520 4521 0.2
4520 4522 0.2
4521 4523 0.05
4521 4735 0.01
4522 4523 0.05
4522 4524 0.05
4523 5186 0.05
4523 4525 0.2
4524 4525 0.2
4524 4526 0.05
4525 7405 0.2
4525 4526 0.2
4525 4527 0.01
4526 4528 0.01
4526 4527 0.2
4527 4528 0.2
4527 4529 0.2
4528 4529 0.01
4528 4530 0.2
4529 4530 0.05
4529 4531 0.01
4530 4531 0.2
4530 4532 0.2
4531 4532 0.05
4531 4533 0.05
4532 4533 0.2
4532 4534 0.2
4533 5609 0.2
4533 4535 0.05
4534 4536 0.2
4534 4535 0.2
4535 4536 0.2
4535 4537 0.01
4536 4537 0.2
4536 4538 0.01
4537 4538 0.05
4537 4539 0.05
4538 4539 0.01
4538 4540 0.01
4539 4540 0.01
4539 4541 0.2
4540 7963 0.2
4540 4541 0.05
4541 4542 0.05
4541 4543 0.05
4542 4544 0.05
4542 4543 0.01
4543 4544 0.2
4544 4545 0.01
4544 4546 0.05
4545 4546 0.05
4545 4547 0.05
4546 4547 0.2
4546 4548 0.01
4546 8883 0.05
4547 4548 0.2
4547 4549 0.2
4548 4549 0.01
4548 4550 0.05
4549 4550 0.01
4549 4551 0.01
4550 4552 0.01
4550 4551 0.01
4551 4552 0.01
4551 4553 0.01
4552 4553 0.05
4552 4554 0.05
4553 4554 0.05
4553 4555 0.2
4554 4555 0.05
4554 4556 0.05
4555 6724 0.2
4555 4556 0.01
4555 4557 0.01
4556 4557 0.01
4556 4558 0.05
4557 4558 0.01
4557 4559 0.01
4558 4560 0.05
4558 4559 0.05
4559 4561 0.2
4560 4562 0.2
4560 8459 0.01
4561 4562 0.2
4561 4563 0.01
4562 4563 0.2
4562 4564 0.05
4563 4564 0.01
4563 4565 0.01
4564 4565 0.01
4564 4566 0.05
4564 8643 0.2
4565 8159 0.05
4565 4566 0.01
4565 4567 0.05
4566 4568 0.05
4566 4567 0.2
4567 4568 0.2
4567 4569 0.01
4568 4569 0.05
4568 4570 0.2
4569 7187 0.01
4569 4571 0.01
4570 9280 0.01
4570 4571 0.2
4571 4572 0.2
4571 4573 0.2
4572 4573 0.01
4572 4574 0.2
4573 4574 0.2
4573 4575 0.2
4574 4576 0.2
4574 4575 0.05
4575 4576 0.05
4575 4577 0.01
4576 4577 0.01
4576 4578 0.2
4577 4578 0.01
4577 4579 0.05
4578 4579 0.05
4578 7525 0.2
4579 4580 0.2
4579 4581 0.05
4580 4581 0.2
4580 4582 0.2
4581 4582 0.01
4582 4584 0.05
4583 4584 0.01
4583 4585 0.01
4584 4585 0.01
4584 4586 0.01
4585 4586 0.01
4585 4587 0.05
4586 4587 0.05
4586 4588 0.05
4587 4588 0.05
4587 4589 0.2
4588 4589 0.01
4588 4590 0.05
4589 5856 0.2
4589 4591 0.05
4590 4592 0.2
4590 4591 0.01
4591 4592 0.05
4591 4593 0.2
4592 4593 0.05
4592 4594 0.05
4593 4594 0.2
4593 4595 0.01
4594 8043 0.05
4594 7037 0.01
4595 4597 0.05
4596 4597 0.05
4596 4598 0.2
4597 4598 0.05
4597 4599 0.05
4598 4600 0.01
4598 4599 0.2
4599 4600 0.2
4599 4601 0.01
4600 4601 0.2
4601 4602 0.2
4601 4603 0.01
4602 4603 0.2
4602 4604 0.2
4603 4604 0.01
4603 4605 0.05
4604 6408 0.2
4604 4605 0.05
4604 4606 0.05
4605 4606 0.2
4605 4607 0.2
4606 4608 0.05
4606 4607 0.2
4607 4608 0.01
4607 4609 0.2
4608 4609 0.01
4608 4610 0.05
4609 4610 0.05
4609 4611 0.01
4610 4611 0.05
4611 4612 0.05
4611 4613 0.05
4612 4613 0.01
4612 4614 0.01
4613 4614 0.05
4613 4615 0.01
4614 4616 0.01
4614 4615 0.05
4615 4616 0.2
4615 4617 0.05
4616 4617 0.2
4616 4618 0.05
4617 4618 0.01
4617 4619 0.05
4618 4619 0.01
4618 4620 0.05
4619 4620 0.05
4619 4621 0.2
4620 4621 0.05
4620 4622 0.05
4621 4622 0.2
4621 4623 0.05
4622 4624 0.01
4622 4623 0.01
4623 4624 0.2
4623 4625 0.05
4624 4626 0.2
4624 8524 0.01
4625 4626 0.05
4625 4627 0.05
4626 4627 0.2
4626 4628 0.2
4627 4628 0.2
4627 4629 0.2
4628 4629 0.05
4628 4630 0.05
4629 4630 0.2
4629 4631 0.01
4630 4631 0.01
4631 4633 0.2
4632 4633 0.2
4632 4634 0.01
4632 4907 0.2
4633 4634 0.05
4633 4635 0.2
4634 4635 0.01
4634 4636 0.01
4635 4636 0.05
4635 9977 0.01
4636 4637 0.2
4636 4638 0.05
4637 4638 0.05
4637 4639 0.2
4638 4640 0.01
4638 4639 0.01
4639 4640 0.01
4639 4641 0.01
4640 4641 0.2
4640 4642 0.2
4641 4642 0.2
4641 4643 0.01
4642 4643 0.2
4642 4644 0.2
4642 5895 0.05
4643 4645 0.05
4644 4645 0.05
4644 4646 0.05
4645 6906 0.2
4645 4646 0.01
4646 4648 0.05
4646 4647 0.01
4647 4648 0.2
4647 4649 0.2
4648 4649 0.05
4648 4650 0.05
4649 4650 0.01
4649 4651 0.01
4650 4651 0.05
4650 4652 0.05
4651 4652 0.01
4651 4653 0.05
4652 4653 0.05
4652 4654 0.2
4653 7323 0.01
4653 4655 0.01
4654 4656 0.01
4654 4655 0.2
4655 4656 0.2
4655 4657 0.2
4656 4657 0.2
4656 4658 0.01
4656 6118 0.01
4657 8783 0.05
4657 4658 0.01
4657 4659 0.05
4658 8794 0.2
4658 4660 0.01
4659 4660 0.01
4659 4661 0.05
4660 7696 0.2
4660 4661 0.05
4661 4662 0.2
4661 4663 0.05
4662 4664 0.01
4662 4663 0.01
4663 4664 0.05
4663 4665 0.01
4664 4665 0.2
4664 4666 0.01
4665 8008 0.01
4665 4666 0.2
4665 4667 0.2
4666 4668 0.05
4667 4668 0.05
4667 4669 0.2
4668 4669 0.05
4668 4670 0.01
4669 6117 0.01
4669 4670 0.2
4670 4672 0.01
4670 4671 0.01
4671 4672 0.05
4671 4673 0.05
4671 7640 0.2
4672 4673 0.05
4672 4674 0.05
4673 4674 0.01
4673 4675 0.05
4674 7683 0.01
4675 4676 0.2
4675 4677 0.01
4676 4677 0.05
4676 4678 0.2
4677 4678 0.2
4677 4679 0.01
4678 4680 0.05
4678 4679 0.01
4679 4680 0.05
4679 4681 0.01
4680 4681 0.01
4680 4682 0.05
4681 4682 0.05
4681 4683 0.01
4682 4683 0.2
4682 4684 0.05
4682 7569 0.01
4683 4684 0.05
4683 4685 0.2
4684 4685 0.2
4684 4686 0.2
4685 4686 0.05
4685 4687 0.01
4686 4688 0.01
4686 4687 0.05
4687 4688 0.01
4687 4689 0.05
4688 4689 0.2
4688 4690 0.05
4688 9001 0.2
4689 4690 0.01
4689 4691 0.2
4690 4691 0.05
4690 4692 0.2
4690 9195 0.05
4691 4693 0.2
4692 4693 0.2
4692 4694 0.05
4693 4694 0.01
4693 4695 0.01
4694 4696 0.2
4694 4695 0.01
4695 4696 0.01
4695 4697 0.05
4696 4697 0.01
4697 4698 0.05
4697 4699 0.05
4698 4699 0.2
4698 4700 0.2
4699 4700 0.2
4699 4701 0.2
4700 4701 0.2
4700 4702 0.01
4701 4703 0.01
4701 4702 0.05
4701 9279 0.2
4702 4704 0.2
4702 4703 0.05
4703 4704 0.05
4703 4705 0.05
4704 4705 0.2
4704 4706 0.05
4705 4706 0.01
4705 4707 0.2
4706 4707 0.01
4706 4708 0.2
4707 4708 0.01
4707 4709 0.05
4708 4709 0.01
4708 4710 0.2
4709 4710 0.05
4709 4711 0.05
4710 4712 0.05
4710 4711 0.01
4711 4712 0.01
4711 4713 0.05
4712 4713 0.2
4712 4714 0.2
4713 4714 0.05
4713 4715 0.01
4714 4715 0.05
4714 4716 0.01
4715 4716 0.05
4715 4717 0.01
4716 7529 0.01
4716 7929 0.05
4717 4718 0.05
4717 4719 0.2
4718 4720 0.05
4718 4719 0.05
4719 4720 0.05
4719 4721 0.05
4720 4721 0.2
4720 4722 0.05
4721 4722 0.2
4721 4723 0.05
4722 4723 0.05
4722 4724 0.01
4723 4724 0.05
4723 4725 0.2
4723 6927 0.05
4724 4725 0.01
4724 6581 0.2
4725 4726 0.2
4725 4727 0.2
4726 6059 0.05
4726 4728 0.01
4727 4728 0.01
4727 4729 0.01
4728 4729 0.01
4728 4730 0.01
4729 4730 0.01
4729 4731 0.01
4730 4732 0.05
4730 7117 0.05
4731 4732 0.01
4731 4733 0.2
4732 4733 0.05
4732 4734 0.05
4733 4734 0.01
4733 4735 0.05
4734 4736 0.01
4735 4736 0.05
4735 4737 0.05
4736 4737 0.2
4736 4738 0.2
4737 8175 0.05
4737 4739 0.05
4738 4739 0.05
4738 4740 0.01
4739 4740 0.2
4739 4741 0.01
4740 4741 0.01
4740 4742 0.05
4741 8179 0.01
4741 4743 0.01
4742 4744 0.05
4742 9914 0.01
4743 4744 0.01
4743 4745 0.2
4744 4745 0.2
4744 4746 0.05
4745 4746 0.2
4745 4747 0.2
4746 4747 0.2
4746 4748 0.01
4747 4748 0.2
4747 4749 0.01
4748 4749 0.2
4748 4750 0.2
4749 8948 0.01
4749 4750 0.05
4750 4752 0.01
4750 4751 0.01
4751 4752 0.05
4751 4753 0.2
4752 4753 0.01
4752 4754 0.05
4753 4755 0.01
4754 4755 0.05
4754 4756 0.2
4755 4756 0.2
4755 4757 0.01
4756 4757 0.05
4756 4758 0.05
4757 4758 0.2
4757 4759 0.01
4758 4760 0.05
4758 4759 0.01
4759 4760 0.01
4759 4761 0.01
4759 4846 0.05
4760 9536 0.2
4760 4762 0.2
4761 4763 0.05
4762 4763 0.05
4762 4764 0.2
4763 4764 0.05
4763 4765 0.2
4764 4765 0.2
4764 4766 0.01
4765 4766 0.05
4765 4767 0.01
4766 4768 0.2
4766 4767 0.2
4767 4768 0.05
4767 4769 0.05
4768 4769 0.2
4768 8135 0.2
4769 8584 0.2
4769 4770 0.01
4770 4771 0.01
4770 4772 0.01
4771 4772 0.2
4771 4773 0.05
4771 8046 0.05
4772 4773 0.01
4773 4774 0.2
4773 4775 0.01
4774 4776 0.2
4774 4775 0.2
4775 4776 0.05
4775 4777 0.01
4776 4777 0.05
4776 4778 0.05
4777 4778 0.01
4777 4779 0.01
4777 7212 0.05
4778 4779 0.01
4778 4780 0.01
4779 4780 0.01
4779 4781 0.01
4780 4781 0.05
4780 4782 0.05
4781 4783 0.05
4782 4784 0.2
4782 4783 0.2
4783 4784 0.01
4783 6364 0.01
4784 4785 0.05
4784 4786 0.05
4785 4786 0.05
4785 4787 0.2
4786 4787 0.05
4786 4788 0.2
4787 4788 0.2
4787 4789 0.01
4788 4789 0.05
4788 4790 0.2
4789 4791 0.01
4790 4792 0.05
4790 4791 0.2
4791 4792 0.01
4791 4793 0.05
4792 4793 0.05
4792 4794 0.05
4793 4795 0.05
4794 4796 0.05
4795 4796 0.2
4795 4797 0.2
4796 4797 0.05
4796 4798 0.01
4797 4798 0.05
4797 4799 0.05
4798 4800 0.2
4798 4799 0.01
4799 4800 0.05
4799 4801 0.2
4799 7699 0.05
4800 4801 0.01
4800 4802 0.01
4801 4803 0.2
4801 6149 0.05
4802 4803 0.05
4802 4804 0.2
4803 4804 0.01
4803 4805 0.2
4804 4805 0.2
4804 4806 0.2
4805 4806 0.01
4805 4807 0.05
4806 4808 0.2
4806 4807 0.2
4807 4808 0.2
4807 4809 0.2
4808 4810 0.01
4809 4810 0.05
4809 4811 0.05
4810 4811 0.05
4810 4812 0.01
4811 4813 0.05
4812 4813 0.05
4813 4814 0.01
4813 4815 0.01
4814 4816 0.2
4814 4815 0.05
4815 4816 0.01
4815 4817 0.2
4816 4817 0.05
4816 4818 0.05
4817 6257 0.2
4817 4818 0.01
4818 4819 0.2
4818 4820 0.01
4819 4820 0.01
4819 4821 0.2
4819 5533 0.01
4820 4821 0.2
4820 4822 0.05
4821 4822 0.05
4821 4823 0.01
4822 4824 0.05
4822 4823 0.2
4823 4824 0.2
4823 4825 0.2
4824 4825 0.05
4824 4826 0.05
4825 4827 0.05
4825 5238 0.2
4826 4827 0.01
4826 4828 0.2
4827 4828 0.01
4827 7319 0.01
4828 4829 0.2
4828 4830 0.2
4829 4830 0.05
4829 4831 0.01
4830 4832 0.01
4830 4831 0.05
4831 4832 0.01
4831 4833 0.01
4832 4833 0.05
4832 4834 0.2
4833 4834 0.05
4833 4835 0.05
4834 4835 0.2
4834 4836 0.2
4835 4836 0.05
4835 4837 0.2
4836 4837 0.05
4836 4838 0.2
4837 4838 0.05
4837 4839 0.05
4838 4840 0.01
4838 4839 0.01
4839 6496 0.01
4839 4840 0.01
4839 4841 0.2
4840 4841 0.2
4840 4842 0.05
4841 4842 0.2
4841 4843 0.01
4841 4871 0.05
4842 4843 0.2
4842 4844 0.01
4843 4844 0.01
4843 4845 0.05
4844 4845 0.01
4844 4846 0.01
4845 4846 0.01
4845 4847 0.2
4846 4848 0.05
4847 4848 0.05
4847 4849 0.2
4848 6412 0.05
4848 6392 0.2
4849 4850 0.2
4849 4851 0.2
4850 4851 0.2
4850 4852 0.05
4851 4852 0.05
4851 4853 0.2
4852 4853 0.2
4852 4854 0.05
4852 9413 0.2
4853 5315 0.2
4853 4855 0.2
4854 4856 0.2
4854 4855 0.05
4855 4856 0.05
4855 4857 0.01
4856 4857 0.01
4856 5850 0.01
4857 4858 0.01
4857 4859 0.01
4858 4859 0.01
4858 4860 0.01
4859 4860 0.2
4859 4861 0.01
4860 4861 0.01
4860 4862 0.01
4861 4862 0.05
4861 4863 0.2
4862 4864 0.01
4862 4863 0.2
4863 4864 0.01
4863 4865 0.05
4864 4865 0.2
4864 4866 0.2
4865 7800 0.01
4865 4866 0.01
4866 4867 0.05
4866 4868 0.05
4867 4868 0.01
4867 4869 0.05
4868 4869 0.05
4868 4870 0.01
4868 9642 0.01
4869 4871 0.01
4870 4872 0.01
4870 4871 0.2
4871 4873 0.2
4872 4873 0.05
4872 4874 0.05
4872 7986 0.05
4873 4874 0.01
4873 4875 0.05
4874 4875 0.2
4874 4876 0.01
4875 4877 0.01
4875 9925 0.05
4876 4878 0.2
4877 4878 0.05
4877 4879 0.01
4878 4880 0.05
4878 6078 0.01
4878 4879 0.01
4879 4880 0.2
4879 4881 0.2
4880 4881 0.05
4880 4882 0.05
4881 4882 0.05
4881 4883 0.2
4882 4883 0.2
4882 4884 0.2
4883 9801 0.2
4883 5071 0.2
4883 4884 0.05
4884 4885 0.01
4884 4886 0.05
4885 4886 0.05
4886 4888 0.05
4886 4887 0.2
4887 4888 0.2
4888 4889 0.2
4888 4890 0.2
4889 4890 0.2
4889 4891 0.05
4890 4892 0.01
4891 4892 0.2
4891 4893 0.01
4892 4893 0.2
4892 4894 0.01
4893 4894 0.05
4893 4895 0.2
4894 4896 0.05
4894 4895 0.2
4895 4896 0.01
4895 4897 0.05
4896 4897 0.2
4896 4898 0.05
4896 6901 0.05
4897 4898 0.01
4897 4899 0.05
4898 4899 0.2
4898 4900 0.2
4899 4900 0.05
4899 4901 0.05
4900 4901 0.2
4900 4902 0.05
4901 4902 0.01
4901 4903 0.01
4902 4904 0.05
4902 4903 0.2
4903 4904 0.01
4903 4905 0.05
4904 4905 0.05
4904 4906 0.05
4905 4906 0.01
4905 4907 0.2
4906 4907 0.01
4906 4908 0.2
4907 4908 0.2
4908 8560 0.05
4908 4909 0.2
4908 4910 0.2
4909 4910 0.2
4909 4911 0.05
4910 4912 0.01
4910 4911 0.05
4911 4912 0.2
4911 4913 0.2
4912 4913 0.05
4912 4914 0.05
4913 4914 0.2
4913 4915 0.2
4914 4915 0.2
4914 4916 0.05
4915 4916 0.05
4915 7012 0.01
4916 9664 0.2
4916 4917 0.01
4917 6153 0.05
4917 8203 0.2
4917 4918 0.2
4917 4919 0.01
4918 4920 0.2
4918 4919 0.05
4919 5000 0.01
4919 4921 0.01
4920 4921 0.01
4920 4922 0.01
4921 9207 0.2
4922 4923 0.05
4922 4924 0.01
4923 4924 0.05
4923 4925 0.05
4924 4925 0.05
4924 4926 0.01
4925 9826 0.01
4925 4927 0.2
4926 4928 0.01
4926 4927 0.01
4927 4928 0.05
4927 4929 0.05
4928 4929 0.05
4928 4930 0.2
4929 4930 0.01
4929 4931 0.01
4930 4931 0.2
4930 4932 0.01
4931 7859 0.01
4931 4933 0.05
4932 4933 0.05
4932 4934 0.01
4933 4934 0.2
4933 4935 0.01
4934 4936 0.01
4934 4935 0.2
4935 4936 0.01
4935 4937 0.05
4936 4937 0.05
4936 4938 0.05
4937 4938 0.05
4937 4939 0.01
4938 4939 0.2
4939 4940 0.05
4939 4941 0.01
4940 4941 0.2
4940 4942 0.2
4941 4942 0.2
4941 4943 0.2
4942 4944 0.01
4942 4943 0.2
4943 4944 0.01
4943 4945 0.05
4944 4945 0.05
4944 4946 0.01
4945 4946 0.01
4945 4947 0.2
4946 4947 0.2
4946 4948 0.01
4947 9124 0.2
4947 4948 0.01
4948 4949 0.2
4948 4950 0.01
4949 4950 0.01
4949 4951 0.2
4950 4952 0.01
4950 7131 0.01
4951 4952 0.05
4951 4953 0.01
4952 4953 0.2
4952 4954 0.05
4952 9762 0.2
4953 4954 0.05
4953 4955 0.2
4954 4955 0.05
4954 4956 0.2
4955 4956 0.01
4955 4957 0.01
4956 4957 0.2
4956 4958 0.05
4957 4958 0.05
4957 4959 0.01
4958 4960 0.01
4958 4959 0.01
4959 4960 0.05
4959 4961 0.05
4960 4961 0.01
4960 4962 0.01
4961 4962 0.05
4961 4963 0.05
4962 4963 0.05
4962 4964 0.2
4963 4964 0.01
4963 4965 0.01
4964 4965 0.05
4965 4966 0.05
4965 4967 0.2
4966 4968 0.05
4966 5743 0.05
4967 4968 0.2
4967 4969 0.2
4968 4969 0.01
4968 4970 0.01
4969 4970 0.2
4969 4971 0.05
4970 4971 0.01
4970 4972 0.01
4971 7324 0.05
4971 4973 0.05
4972 6113 0.05
4972 4973 0.05
4972 4974 0.2
4973 4974 0.2
4973 4975 0.05
4974 4976 0.01
4974 4975 0.05
4975 4976 0.01
4975 4977 0.01
4976 4977 0.2
4977 5681 0.2
4977 4978 0.01
4977 4979 0.01
4978 4980 0.05
4979 4980 0.05
4979 4981 0.05
4980 7187 0.01
4980 4981 0.05
4980 4982 0.01
4981 4982 0.05
4982 4984 0.01
4982 4983 0.2
4983 4985 0.2
4983 5750 0.01
4984 4985 0.2
4984 4986 0.01
4985 4986 0.2
4985 4987 0.2
4986 4987 0.2
4986 4988 0.2
4987 6995 0.05
4987 4988 0.05
4987 4989 0.05
4988 4989 0.2
4988 4990 0.2
4989 4990 0.2
4989 4991 0.05
4990 4992 0.2
4990 7355 0.2
4991 4992 0.05
4991 4993 0.05
4992 4993 0.01
4992 6077 0.05
4993 4994 0.2
4993 4995 0.2
4993 8734 0.01
4994 4995 0.2
4994 4996 0.05
4995 4996 0.05
4995 4997 0.2
4996 4997 0.01
4996 4998 0.2
4997 4998 0.2
4997 4999 0.2
4998 5000 0.2
4998 4999 0.05
4999 5000 0.2
4999 5001 0.05
5000 5001 0.2
5000 5002 0.05
5001 5002 0.01
5001 5003 0.05
5002 5003 0.01
5002 5004 0.01
5003 5004 0.2
5004 5005 0.05
5004 5006 0.05
5005 5006 0.2
5005 5007 0.2
5006 5008 0.2
5006 5007 0.01
5007 5008 0.2
5007 5009 0.2
5007 5563 0.05
5008 5009 0.01
5008 5010 0.01
5009 5010 0.2
5009 5011 0.2
5009 8043 0.05
5010 5011 0.2
5010 5012 0.05
5011 5012 0.2
5011 5013 0.01
5012 5013 0.01
5012 5014 0.01
5013 5014 0.2
5013 5015 0.2
5014 5016 0.05
5014 5015 0.01
5015 5016 0.05
5015 5017 0.2
5016 5017 0.05
5016 5018 0.2
5017 5018 0.01
5017 5019 0.2
5018 5019 0.01
5018 5020 0.05
5019 5020 0.05
5019 5021 0.2
5020 5021 0.2
5020 5022 0.05
5021 5022 0.01
5021 5023 0.01
5022 5024 0.2
5022 5023 0.01
5023 5024 0.05
5023 5025 0.05
5024 5025 0.2
5024 5026 0.2
5025 5026 0.01
5025 5027 0.05
5026 5027 0.05
5026 5028 0.01
5027 5028 0.2
5027 5029 0.2
5028 5029 0.2
5028 5030 0.2
5029 8845 0.2
5029 5030 0.2
5030 5032 0.2
5030 5031 0.2
5031 5032 0.01
5031 5033 0.05
5032 5033 0.05
5032 5034 0.05
5033 5034 0.2
5033 5035 0.2
5034 5035 0.2
5034 5036 0.2
5035 5036 0.01
5035 5037 0.2
5036 5037 0.05
5036 5038 0.2
5037 5038 0.2
5037 5039 0.01
5038 5040 0.01
5038 5039 0.05
5039 5041 0.2
5040 5041 0.2
5040 9425 0.01
5041 5042 0.05
5041 5043 0.05
5042 5043 0.01
5042 5044 0.01
5042 9946 0.2
5043 5044 0.05
5043 5045 0.05
5044 5045 0.01
5044 5046 0.01
5045 7015 0.01
5045 5046 0.05
5045 5047 0.01
5046 5048 0.05
5046 5047 0.01
5047 5048 0.05
5047 5049 0.01
5048 5049 0.05
5048 5050 0.2
5049 5050 0.2
5049 5051 0.05
5050 5051 0.2
5050 5052 0.2
5051 5052 0.2
5051 5053 0.05
5052 5053 0.05
5052 5054 0.2
5053 5055 0.05
5054 5056 0.2
5054 5055 0.05
5055 5056 0.05
5055 5057 0.2
5056 5057 0.05
5056 5058 0.2
5056 7489 0.05
5057 5058 0.01
5057 5059 0.01
5058 5059 0.2
5058 5060 0.01
5059 5061 0.05
5060 5061 0.2
5061 5062 0.05
5061 5063 0.01
5062 5064 0.2
5063 5064 0.2
5063 5065 0.2
5063 8703 0.01
5064 5065 0.2
5064 5066 0.01
5065 5066 0.05
5065 5067 0.05
5066 5067 0.01
5066 5068 0.2
5067 5068 0.01
5067 5069 0.2
5068 5069 0.05
5068 5070 0.01
5069 5070 0.2
5070 5072 0.05
5070 5071 0.01
5071 5073 0.01
5072 5074 0.05
5073 5191 0.2
5073 5074 0.05
5073 5075 0.01
5074 5075 0.2
5074 5076 0.01
5075 5076 0.01
5075 5077 0.05
5076 5077 0.05
5076 5078 0.05
5077 5078 0.05
5077 5079 0.05
5078 5080 0.05
5078 5079 0.01
5079 5080 0.01
5079 5081 0.01
5080 5081 0.2
5080 5082 0.05
5081 7979 0.01
5081 5082 0.05
5081 5083 0.05
5082 5083 0.01
5082 5084 0.01
5083 5084 0.2
5083 5085 0.05
5084 5085 0.01
5084 5086 0.01
5085 5086 0.2
5085 5087 0.05
5086 7711 0.01
5086 7371 0.01
5086 5087 0.05
5087 5088 0.05
5087 5089 0.2
5088 5089 0.05
5088 5090 0.2
5088 7203 0.05
5089 6474 0.05
5089 5091 0.05
5089 8101 0.05
5090 5091 0.2
5090 5092 0.2
5091 5092 0.01
5091 5093 0.01
5092 5093 0.2
5092 5094 0.2
5093 5094 0.05
5093 5095 0.05
5094 5096 0.2
5094 5095 0.05
5095 5096 0.01
5095 5097 0.2
5096 5097 0.05
5096 5098 0.01
5097 5098 0.2
5098 5099 0.2
5098 5100 0.2
5099 5100 0.05
5099 5101 0.05
5100 5101 0.01
5100 5102 0.05
5101 8626 0.05
5101 5102 0.2
5101 5103 0.01
5102 5104 0.2
5102 5103 0.05
5103 5104 0.2
5103 5105 0.05
5104 5105 0.2
5104 5106 0.01
5105 5106 0.01
5105 5107 0.2
5106 5107 0.01
5106 5108 0.2
5107 5108 0.2
5107 5109 0.2
5108 5109 0.05
5108 5110 0.2
5109 5110 0.2
5109 5111 0.01
5110 5112 0.2
5110 7437 0.2
5110 5111 0.01
5111 5112 0.01
5111 5113 0.2
5112 5114 0.2
5113 7362 0.2
5113 7310 0.01
5113 5114 0.2
5114 7114 0.2
5114 5115 0.01
5115 5117 0.05
5116 5117 0.2
5116 5118 0.01
5117 9280 0.01
5117 7969 0.2
5117 5118 0.2
5118 5120 0.01
5118 5119 0.01
5119 5120 0.05
5119 5121 0.01
5119 6807 0.01
5120 5121 0.2
5121 5122 0.2
5121 5123 0.05
5122 5123 0.01
5122 5124 0.2
5123 5124 0.2
5123 5125 0.05
5124 5125 0.05
5124 5126 0.2
5124 7551 0.01
5125 9728 0.05
5125 5126 0.01
5126 5128 0.05
5126 5127 0.05
5127 5128 0.01
5128 5129 0.05
5128 5130 0.01
5129 5130 0.2
5129 5131 0.05
5130 5131 0.05
5130 5132 0.05
5131 5132 0.01
5131 5133 0.01
5132 5133 0.01
5132 5134 0.2
5132 6077 0.01
5133 5344 0.05
5133 5134 0.01
5133 5135 0.01
5134 7468 0.05
5134 5135 0.01
5135 5136 0.01
5135 5137 0.05
5136 5137 0.05
5136 5138 0.2
5137 5138 0.01
5137 5139 0.01
5137 9138 0.2
5138 5139 0.05
5138 5140 0.01
5139 5140 0.01
5139 5141 0.2
5140 5141 0.01
5140 5142 0.05
5141 5142 0.05
5141 5143 0.01
5142 5143 0.05
5143 5144 0.01
5143 5145 0.05
5144 5145 0.05
5144 5146 0.05
5145 5146 0.05
5146 5147 0.01
5146 5148 0.01
5147 8359 0.01
5147 5173 0.01
5147 5149 0.2
5148 5149 0.2
5148 5150 0.01
5149 8633 0.05
5149 5151 0.2
5150 5152 0.2
5150 6378 0.05
5151 5152 0.01
5151 5153 0.05
5152 5153 0.01
5152 5154 0.05
5153 7608 0.05
5153 5154 0.2
5154 5155 0.05
5154 5156 0.01
5155 5157 0.05
5155 7091 0.01
5156 5157 0.05
5156 5158 0.2
5157 5158 0.01
5158 5160 0.01
5158 5159 0.05
5159 5160 0.2
5159 5161 0.2
5160 5162 0.2
5160 9829 0.01
5161 5162 0.01
5161 5163 0.2
5162 5163 0.2
5162 5164 0.01
5163 5164 0.05
5163 5165 0.2
5164 5166 0.05
5165 5166 0.05
5165 5167 0.01
5166 5168 0.2
5166 5167 0.2
5167 5168 0.01
5167 5169 0.01
5167 7587 0.05
5168 5169 0.2
5168 5170 0.01
5169 5170 0.01
5169 5171 0.2
5170 5171 0.05
5171 5172 0.2
5171 5173 0.05
5171 7679 0.01
5172 5173 0.01
5172 5174 0.05
5173 5174 0.2
5173 5175 0.05
5174 5176 0.2
5174 5175 0.01
5175 5176 0.01
5175 5177 0.01
5176 5177 0.05
5176 5178 0.05
5177 5178 0.2
5177 5179 0.05
5178 8810 0.2
5178 5179 0.05
5178 5180 0.05
5179 5181 0.2
5180 5182 0.01
5181 5182 0.2
5181 5183 0.2
5182 5183 0.05
5183 5184 0.01
5183 5185 0.01
5184 5185 0.2
5184 5186 0.2
5185 5186 0.2
5185 5187 0.01
5186 5187 0.05
5186 5188 0.01
5187 5188 0.05
5187 5189 0.2
5188 5189 0.01
5189 5190 0.01
5189 5191 0.2
5190 5192 0.2
5190 5672 0.05
5190 5191 0.05
5191 5192 0.01
5192 5193 0.2
5192 5194 0.2
5193 5194 0.05
5193 5195 0.2
5194 5195 0.05
5194 5196 0.2
5195 5196 0.05
5195 5197 0.2
5196 5197 0.05
5196 5198 0.05
5197 5198 0.01
5197 5199 0.2
5198 5200 0.05
5198 7509 0.05
5198 5199 0.01
5199 5200 0.05
5199 5201 0.2
5200 5201 0.05
5200 5202 0.01
5201 5202 0.2
5201 5203 0.01
5201 8698 0.2
5202 5203 0.01
5202 5204 0.2
5203 5204 0.05
5203 5205 0.01
5204 5205 0.01
5204 5206 0.2
5205 5206 0.01
5205 9854 0.05
5206 5208 0.2
5206 5207 0.2
5207 5208 0.2
5207 5209 0.05
5208 5209 0.05
5208 5210 0.2
5209 5210 0.01
5209 5211 0.2
5210 5212 0.2
5211 5212 0.01
5211 5213 0.2
5212 5213 0.01
5213 5214 0.2
5213 5215 0.05
5214 5216 0.2
5214 5215 0.01
5215 5216 0.05
5215 5217 0.05
5216 5217 0.2
5216 5218 0.05
5217 5218 0.05
5217 6247 0.01
5218 5219 0.2
5218 5220 0.01
5219 5220 0.01
5219 5221 0.05
5220 5221 0.05
5220 5222 0.01
5221 5222 0.05
5221 5223 0.01
5222 5224 0.01
5222 5223 0.2
5223 5224 0.01
5223 5225 0.05
5223 5312 0.2
5224 5225 0.2
5224 5226 0.05
5225 5227 0.01
5226 5227 0.01
5226 5228 0.2
5227 5228 0.2
5227 5229 0.05
5228 5229 0.2
5228 5230 0.01
5229 5230 0.01
5229 5231 0.05
5230 5231 0.05
5231 5232 0.01
5231 5233 0.05
5231 7112 0.05
5232 5234 0.2
5232 6031 0.2
5233 5234 0.2
5233 5235 0.01
5234 9122 0.01
5234 5235 0.01
5234 5236 0.2
5235 5236 0.05
5235 5237 0.01
5236 5237 0.05
5236 5238 0.2
5237 5238 0.2
5237 5239 0.05
5238 5240 0.01
5238 5239 0.2
5239 5240 0.01
5239 5241 0.2
5240 5241 0.2
5240 5242 0.2
5241 5242 0.2
5241 5243 0.2
5242 5243 0.2
5242 5244 0.2
5242 8435 0.01
5243 5244 0.01
5243 5245 0.2
5243 7225 0.01
5244 6079 0.2
5245 5246 0.01
5245 5247 0.01
5246 5248 0.05
5246 5247 0.2
5247 5249 0.01
5247 6283 0.2
5248 5250 0.2
5248 8615 0.05
5249 5250 0.01
5249 5251 0.2
5250 5251 0.01
5250 5252 0.2
5251 5252 0.2
5251 5253 0.2
5252 5253 0.2
5252 5254 0.05
5253 5254 0.2
5253 5255 0.2
5254 5256 0.05
5254 5255 0.01
5255 5256 0.05
5255 5257 0.2
5256 5257 0.2
5256 5258 0.2
5257 5258 0.01
5257 5259 0.05
5258 5259 0.05
5258 5260 0.05
5258 6659 0.05
5259 5260 0.01
5259 5261 0.2
5260 5261 0.2
5260 5262 0.05
5261 8509 0.05
5261 5262 0.05
5261 5263 0.2
5262 5264 0.01
5262 5263 0.2
5263 5265 0.01
5264 5265 0.01
5264 5266 0.05
5264 5993 0.05
5265 5266 0.2
5265 5267 0.05
5266 5267 0.05
5267 5268 0.01
5267 5269 0.05
5268 5269 0.01
5268 5270 0.05
5269 7862 0.01
5269 5270 0.2
5269 5271 0.01
5270 5272 0.2
5270 6049 0.01
5270 5271 0.2
5271 5272 0.05
5271 5273 0.01
5272 5274 0.01
5272 6238 0.01
5273 5274 0.01
5273 5275 0.05
5274 5275 0.05
5274 5276 0.01
5275 9483 0.2
5275 5276 0.2
5275 5277 0.01
5276 5277 0.01
5276 5278 0.05
5277 9835 0.05
5277 5279 0.01
5278 5280 0.2
5278 5279 0.2
5279 5280 0.05
5279 5281 0.05
5280 5281 0.01
5280 5282 0.01
5281 5282 0.05
5281 5283 0.01
5282 5283 0.05
5282 5284 0.01
5283 5284 0.05
5283 5285 0.2
5284 5285 0.01
5285 5286 0.01
5286 5288 0.2
5287 5288 0.2
5287 5289 0.05
5288 5289 0.01
5288 8242 0.2
5289 5290 0.05
5289 5291 0.2
5290 5291 0.01
5290 5292 0.01
5291 5292 0.01
5291 5293 0.01
5291 8951 0.05
5292 5293 0.05
5292 5294 0.2
5293 5294 0.01
5293 5295 0.01
5294 5296 0.01
5294 5295 0.05
5295 5297 0.01
5296 5297 0.05
5296 5298 0.2
5297 5298 0.2
5297 5299 0.05
5298 5299 0.01
5298 5300 0.01
5299 5300 0.2
5299 5301 0.01
5300 5301 0.2
5300 5302 0.01
5301 5302 0.05
5301 5303 0.05
5302 5304 0.05
5302 5303 0.01
5303 5304 0.2
5303 5305 0.05
5304 5305 0.01
5304 6462 0.2
5305 5306 0.2
5305 5307 0.2
5306 5308 0.01
5307 5308 0.05
5307 5309 0.05
5308 5309 0.05
5308 5310 0.05
5309 5310 0.2
5309 5311 0.2
5310 7720 0.01
5310 5311 0.05
5311 5312 0.2
5311 5313 0.2
5312 5314 0.01
5313 5314 0.05
5313 5315 0.2
5313 6989 0.05
5314 5315 0.2
5315 5316 0.01
5315 5317 0.01
5316 5317 0.01
5317 5318 0.01
5317 5319 0.2
5318 5320 0.2
5318 5319 0.01
5319 5320 0.2
5319 5321 0.01
5320 5321 0.2
5321 9129 0.01
5321 5322 0.2
5321 5323 0.2
5322 5323 0.05
5322 5324 0.05
5323 5324 0.05
5323 5325 0.05
5324 5325 0.2
5324 5326 0.2
5325 5326 0.05
5325 5327 0.01
5326 5328 0.01
5326 5327 0.01
5327 5328 0.01
5327 5329 0.01
5328 5329 0.01
5328 5330 0.05
5329 6257 0.2
5329 5330 0.05
5329 5331 0.2
5330 5331 0.2
5330 5332 0.05
5331 5332 0.05
5331 5333 0.2
5332 5333 0.2
5332 5334 0.01
5333 5334 0.01
5333 5335 0.05
5334 5336 0.05
5334 5335 0.2
5335 5336 0.05
5335 5337 0.05
5336 5338 0.05
5336 9842 0.01
5337 5339 0.2
5338 5339 0.2
5338 5340 0.2
5339 5340 0.2
5339 5341 0.01
5340 5341 0.01
5340 5342 0.01
5341 5342 0.2
5341 5343 0.2
5342 5344 0.01
5342 5343 0.05
5343 5344 0.05
5343 5345 0.01
5344 5345 0.01
5345 5346 0.2
5345 5347 0.01
5346 5347 0.01
5346 5348 0.05
5347 5348 0.01
5347 5349 0.2
5348 5349 0.05
5348 5350 0.2
5349 5351 0.2
5350 5352 0.05
5350 5351 0.2
5351 5352 0.2
5351 5353 0.05
5352 5353 0.2
5352 5354 0.2
5353 5355 0.05
5354 5355 0.2
5354 5876 0.05
5355 5356 0.05
5355 5357 0.05
5356 8873 0.01
5357 5358 0.01
5357 5359 0.05
5358 5360 0.01
5358 8525 0.05
5358 5359 0.01
5359 5360 0.01
5359 5361 0.2
5360 5361 0.01
5360 5362 0.2
5361 5362 0.01
5361 5363 0.05
5362 5363 0.2
5362 5364 0.01
5363 5364 0.01
5363 5365 0.05
5364 5365 0.2
5365 5366 0.05
5365 5367 0.2
5366 5368 0.05
5366 5367 0.01
5367 5368 0.05
5367 5369 0.01
5368 5369 0.01
5368 5370 0.05
5369 7208 0.01
5369 8141 0.01
5369 9332 0.05
5369 5370 0.01
5370 5371 0.2
5370 5372 0.01
5371 5372 0.01
5372 5373 0.05
5372 5374 0.05
5372 7267 0.01
5373 5375 0.2
5374 5376 0.2
5374 5375 0.05
5375 5376 0.01
5375 5377 0.01
5376 5377 0.01
5376 5378 0.01
5377 5378 0.05
5377 5379 0.01
5378 5379 0.01
5378 5380 0.05
5379 5380 0.2
5379 5381 0.01
5380 8173 0.05
5380 5382 0.2
5381 5382 0.01
5381 5383 0.01
5382 5384 0.01
5382 5383 0.01
5383 5384 0.01
5383 5385 0.05
5384 5386 0.01
5384 8045 0.01
5385 5386 0.2
5385 5387 0.01
5386 5387 0.05
5386 5388 0.2
5387 5388 0.01
5387 5389 0.05
5388 5389 0.01
5388 5390 0.05
5389 5390 0.05
5389 5391 0.01
5390 5392 0.05
5390 5391 0.05
5391 5392 0.2
5391 5393 0.01
5392 5393 0.2
5392 5394 0.2
5393 5394 0.05
5393 7647 0.2
5393 8927 0.01
5394 5395 0.01
5395 5396 0.01
5395 5397 0.01
5396 5397 0.01
5396 5398 0.01
5397 5398 0.2
5397 5399 0.05
5398 5400 0.2
5398 5399 0.05
5399 5400 0.05
5399 5401 0.2
5400 5401 0.05
5400 8492 0.2
5401 5402 0.01
5401 5403 0.01
5402 5403 0.2
5402 5404 0.2
5403 5404 0.01
5403 5405 0.2
5404 5405 0.05
5404 5406 0.01
5405 5406 0.05
5405 5407 0.01
5406 5408 0.01
5406 5407 0.2
5407 5408 0.05
5407 5409 0.01
5407 9184 0.2
5408 5409 0.2
5408 5410 0.05
5409 5410 0.01
5409 5411 0.2
5410 5411 0.01
5410 5412 0.05
5410 7047 0.2
5411 5413 0.2
5412 6944 0.01
5412 5413 0.01
5413 5414 0.2
5413 5415 0.05
5414 5416 0.2
5414 5415 0.2
5415 5417 0.05
5415 8699 0.05
5416 5418 0.2
5416 9658 0.05
5417 5418 0.01
5417 5419 0.05
5418 5419 0.2
5418 5420 0.05
5419 5420 0.2
5419 5421 0.2
5420 5421 0.05
5420 5422 0.2
5421 8672 0.05
5421 5422 0.05
5422 5424 0.05
5422 5423 0.2
5423 5424 0.05
5423 8073 0.2
5424 5425 0.2
5424 5426 0.2
5425 5426 0.01
5425 5427 0.01
5426 5427 0.01
5426 5428 0.01
5427 5428 0.05
5427 5429 0.01
5428 5429 0.05
5428 5430 0.01
5429 5430 0.05
5429 5431 0.05
5430 5431 0.05
5430 5432 0.2
5431 5432 0.01
5431 5433 0.05
5432 5434 0.05
5433 5434 0.2
5433 5435 0.01
5434 5435 0.01
5434 5436 0.01
5435 5436 0.05
5435 5437 0.05
5436 5437 0.2
5436 5438 0.05
5436 6462 0.01
5437 8037 0.2
5437 5439 0.01
5438 5440 0.05
5438 5439 0.2
5439 5440 0.2
5440 5441 0.05
5440 5442 0.05
5441 5442 0.05
5441 5443 0.05
5442 5443 0.05
5442 5444 0.05
5443 5444 0.05
5443 5445 0.05
5444 5445 0.05
5444 5446 0.05
5445 5446 0.05
5445 5447 0.01
5446 5448 0.01
5446 9767 0.05
5446 5447 0.01
5447 5448 0.05
5447 5449 0.2
5448 5449 0.01
5448 5450 0.05
5449 5450 0.01
5449 5451 0.05
5450 5451 0.2
5450 5452 0.2
5451 5452 0.2
5451 5453 0.2
5452 5453 0.01
5452 5454 0.05
5453 5454 0.01
5453 5455 0.01
5454 5456 0.01
5454 5455 0.01
5455 5456 0.05
5455 5457 0.01
5456 5457 0.2
5456 5458 0.01
5457 5458 0.05
5457 5459 0.01
5458 5459 0.2
5458 5460 0.05
5459 5460 0.05
5459 5461 0.05
5460 5461 0.2
5460 5462 0.2
5461 5462 0.05
5461 5463 0.01
5462 5464 0.2
5462 5463 0.2
5463 5464 0.01
5464 5465 0.2
5465 5466 0.2
5465 7957 0.2
5466 5467 0.05
5466 5468 0.01
5467 5468 0.05
5467 5469 0.05
5468 5469 0.05
5468 5470 0.05
5469 5471 0.05
5469 6740 0.2
5469 5470 0.2
5469 9855 0.01
5470 5472 0.05
5470 5471 0.2
5471 5472 0.2
5471 5473 0.01
5472 5473 0.05
5472 5474 0.01
5473 5474 0.01
5473 5475 0.2
5474 5475 0.2
5474 5476 0.01
5475 5476 0.05
5475 5477 0.01
5476 5477 0.2
5476 5478 0.2
5477 5478 0.2
5477 5479 0.05
5478 5480 0.2
5478 5479 0.05
5479 5480 0.05
5479 5481 0.01
5480 5481 0.05
5480 5482 0.01
5481 5482 0.05
5481 5483 0.2
5482 5483 0.05
5482 5484 0.01
5483 5484 0.05
5483 5485 0.05
5483 6392 0.2
5483 9913 0.01
5484 8757 0.05
5484 5486 0.01
5485 5486 0.2
5485 5487 0.01
5486 5488 0.05
5486 5487 0.2
5487 5488 0.01
5487 5489 0.05
5488 5489 0.2
5488 5490 0.05
5489 5490 0.05
5489 5491 0.01
5490 5491 0.05
5490 5492 0.05
5491 5492 0.2
5491 5493 0.05
5492 5493 0.2
5492 5494 0.2
5493 5494 0.05
5493 5495 0.05
5494 5496 0.2
5494 5495 0.01
5495 5497 0.2
5495 8546 0.01
5496 5497 0.01
5496 5498 0.01
5497 5498 0.05
5497 5499 0.2
5498 5499 0.2
5498 6144 0.2
5499 5500 0.2
5499 5501 0.2
5500 5501 0.05
5501 6773 0.05
5501 5503 0.01
5502 5504 0.05
5502 5503 0.01
5503 5504 0.2
5503 5505 0.05
5504 5505 0.01
5504 5506 0.05
5505 5506 0.01
5505 5507 0.05
5506 9636 0.2
5506 5508 0.05
5507 7924 0.2
5508 9081 0.05
5508 5510 0.01
5509 5510 0.01
5509 5511 0.01
5510 5512 0.2
5510 5511 0.2
5511 5512 0.01
5511 5513 0.01
5512 5513 0.2
5512 5514 0.2
5513 5514 0.05
5513 5515 0.01
5514 5515 0.01
5514 5516 0.01
5515 5516 0.01
5515 5517 0.05
5516 5517 0.05
5516 5518 0.01
5517 5518 0.01
5517 5519 0.05
5518 5520 0.2
5518 5519 0.2
5519 5520 0.01
5519 5521 0.05
5520 5521 0.01
5520 5522 0.05
5521 5522 0.2
5521 5523 0.01
5522 5523 0.01
5522 5524 0.05
5523 5524 0.05
5524 5525 0.05
5524 5526 0.01
5525 5526 0.01
5525 5527 0.01
5526 5528 0.2
5526 5527 0.05
5527 5528 0.05
5527 5529 0.2
5527 7071 0.01
5528 5529 0.05
5528 5530 0.01
5529 5530 0.01
5529 5531 0.01
5530 5531 0.05
5530 5532 0.05
5532 5533 0.2
5532 5534 0.2
5533 5534 0.05
5534 5536 0.01
5534 5535 0.2
5535 5536 0.2
5535 5537 0.05
5536 5537 0.2
5536 5538 0.01
5537 5538 0.2
5537 5539 0.2
5538 5539 0.2
5538 5540 0.05
5539 5540 0.05
5539 5541 0.01
5540 5541 0.01
5540 5542 0.01
5541 5542 0.05
5541 5543 0.01
5542 5544 0.05
5542 5543 0.2
5543 5544 0.01
5543 5545 0.2
5544 5545 0.05
5544 5546 0.2
5545 5546 0.05
5545 5547 0.05
5546 5547 0.05
5547 5548 0.2
5548 5549 0.01
5548 5550 0.2
5549 5550 0.01
5549 5551 0.05
5550 5552 0.2
5550 5551 0.05
5551 5553 0.05
5552 5553 0.2
5552 5554 0.2
5553 5554 0.05
5553 5555 0.05
5554 5864 0.2
5554 5555 0.01
5555 5556 0.05
5555 5557 0.01
5556 9892 0.01
5556 5558 0.2
5557 5558 0.2
5557 5559 0.05
5558 5560 0.05
5558 5559 0.05
5559 5560 0.2
5559 5561 0.01
5560 5561 0.2
5560 5562 0.2
5561 5562 0.01
5561 5563 0.05
5562 5563 0.2
5562 5564 0.01
5563 5565 0.01
5564 5565 0.01
5564 5566 0.05
5565 5566 0.2
5565 5567 0.2
5566 5568 0.05
5566 5567 0.2
5567 5568 0.01
5567 5569 0.2
5568 5570 0.2
5568 5623 0.2
5569 5570 0.01
5569 5571 0.05
5570 5571 0.05
5570 5572 0.2
5571 5572 0.01
5571 5573 0.05
5572 5573 0.01
5572 5574 0.01
5573 5574 0.2
5573 5575 0.05
5574 5576 0.05
5574 5575 0.05
5575 5576 0.01
5575 5577 0.05
5576 5577 0.01
5576 5578 0.2
5577 5578 0.01
5577 5579 0.05
5578 5579 0.01
5578 7460 0.01
5579 5580 0.2
5579 5581 0.2
5580 6502 0.2
5580 5581 0.2
5580 5582 0.05
5581 5582 0.05
5582 5584 0.05
5582 5583 0.2
5583 5584 0.05
5584 5585 0.01
5584 5586 0.05
5585 5586 0.01
5585 5587 0.01
5586 5587 0.05
5586 5588 0.01
5587 5588 0.2
5587 5589 0.01
5588 5589 0.05
5589 5590 0.2
5589 5591 0.2
5590 5591 0.05
5591 5927 0.05
5591 5592 0.05
5591 5593 0.01
5592 5594 0.01
5593 5594 0.2
5594 5595 0.2
5594 7060 0.01
5595 5596 0.2
5595 5597 0.05
5595 9614 0.01
5596 5597 0.05
5596 9022 0.05
5597 5598 0.01
5597 5599 0.01
5598 5600 0.01
5598 5599 0.2
5599 5600 0.01
5599 5601 0.01
5600 5601 0.05
5600 5602 0.01
5601 5602 0.2
5601 5603 0.2
5602 5603 0.05
5602 5604 0.01
5603 5604 0.01
5603 5605 0.2
5604 5605 0.01
5604 5606 0.2
5605 5606 0.05
5605 5607 0.01
5606 5608 0.05
5606 5607 0.05
5607 5608 0.01
5607 5609 0.01
5608 5609 0.2
5608 5610 0.01
5609 5610 0.2
5609 5611 0.2
5610 5611 0.01
5610 5612 0.05
5611 5612 0.2
5611 5613 0.01
5612 5613 0.2
5612 5614 0.2
5613 9444 0.2
5613 5614 0.2
5614 5616 0.2
5614 5615 0.2
5615 5616 0.01
5616 5617 0.05
5616 5618 0.2
5617 5618 0.05
5617 6135 0.05
5618 5619 0.01
5618 5620 0.2
5619 5620 0.01
5619 5621 0.01
5620 5621 0.05
5620 5622 0.01
5621 5622 0.01
5621 5623 0.05
5622 9553 0.01
5622 6387 0.01
5622 5624 0.01
5623 5624 0.01
5624 5625 0.05
5624 5626 0.01
5625 5626 0.01
5625 9518 0.05
5626 5627 0.01
5626 5628 0.2
5627 5628 0.2
5627 5629 0.01
5628 5629 0.01
5628 5630 0.01
5629 5630 0.2
5629 5631 0.01
5630 5632 0.2
5630 5631 0.01
5631 5632 0.01
5631 5633 0.05
5631 8903 0.2
5632 5633 0.01
5632 5634 0.05
5632 6306 0.05
5633 5634 0.2
5633 5635 0.2
5634 5635 0.01
5634 5636 0.2
5635 5636 0.01
5635 5637 0.2
5636 5637 0.05
5636 5638 0.05
5637 7277 0.01
5637 8887 0.01
5638 5640 0.01
5638 5639 0.01
5639 5640 0.05
5639 5641 0.05
5640 5641 0.01
5640 5642 0.01
5641 9771 0.05
5641 5643 0.2
5642 5643 0.05
5642 5644 0.01
5643 5644 0.05
5643 5645 0.01
5644 5645 0.05
5644 5646 0.01
5645 5646 0.01
5645 5647 0.2
5646 5648 0.05
5646 5647 0.2
5647 5648 0.2
5647 5649 0.05
5648 5649 0.01
5648 5650 0.01
5649 5651 0.01
5650 5651 0.05
5650 5652 0.05
5651 5653 0.2
5652 5653 0.05
5652 5654 0.01
5653 5654 0.2
5653 5655 0.2
5654 5656 0.2
5654 5655 0.01
5655 5656 0.05
5655 5657 0.01
5655 6929 0.2
5656 5657 0.05
5656 5658 0.2
5657 5658 0.2
5657 5659 0.05
5658 5659 0.2
5658 5660 0.2
5659 5660 0.01
5659 5661 0.05
5660 5661 0.01
5660 5662 0.2
5661 5662 0.2
5661 5663 0.05
5662 5663 0.2
5663 5664 0.05
5663 5665 0.01
5664 5666 0.05
5664 9398 0.01
5665 5666 0.2
5665 5667 0.2
5666 5667 0.05
5666 5668 0.05
5667 5668 0.2
5667 5669 0.2
5668 5669 0.2
5669 5670 0.01
5669 5671 0.2
5670 5672 0.2
5670 5671 0.2
5671 5672 0.01
5671 5673 0.01
5672 5674 0.01
5673 5674 0.2
5673 5675 0.01
5674 5675 0.05
5674 5676 0.01
5675 5676 0.2
5675 5677 0.05
5676 5677 0.01
5676 5678 0.2
5677 6761 0.01
5677 5678 0.01
5677 5679 0.01
5678 5680 0.05
5678 5679 0.05
5679 5681 0.05
5680 5681 0.01
5680 5701 0.01
5681 5683 0.05
5682 5683 0.01
5682 5684 0.2
5683 5684 0.01
5683 5685 0.01
5684 5686 0.2
5684 9607 0.2
5685 8990 0.05
5685 5686 0.2
5686 5688 0.05
5686 5687 0.01
5687 5688 0.05
5687 5689 0.05
5688 5689 0.2
5688 5690 0.01
5689 5690 0.2
5689 5691 0.05
5690 5691 0.2
5690 5692 0.05
5691 5692 0.01
5691 8513 0.01
5692 5693 0.2
5692 5694 0.05
5693 5694 0.05
5693 5695 0.01
5694 5696 0.01
5694 5695 0.2
5695 5857 0.01
5695 9782 0.2
5696 5697 0.01
5696 5698 0.2
5697 5698 0.2
5697 5699 0.2
5698 5699 0.01
5698 5700 0.2
5699 5700 0.05
5699 5701 0.2
5700 5702 0.05
5701 5703 0.01
5702 5704 0.05
5703 5704 0.2
5703 5705 0.01
5704 5705 0.01
5704 5706 0.05
5705 5706 0.01
5705 5707 0.01
5705 7874 0.01
5706 5707 0.2
5706 5708 0.01
5707 5708 0.01
5707 5709 0.01
5708 5709 0.01
5708 5710 0.01
5709 7855 0.2
5709 5710 0.2
5709 5711 0.01
5710 5712 0.01
5710 5711 0.2
5711 5713 0.01
5711 6379 0.05
5712 5713 0.2
5712 5714 0.05
5713 5714 0.05
5713 5715 0.01
5714 5715 0.2
5714 5716 0.01
5715 5716 0.01
5715 5717 0.05
5716 5717 0.01
5716 5718 0.2
5717 5718 0.01
5717 5719 0.05
5718 5720 0.05
5718 5719 0.2
5719 5720 0.05
5719 5721 0.2
5720 5721 0.01
5720 5722 0.05
5721 5722 0.05
5721 5723 0.01
5722 5723 0.05
5722 5724 0.05
5723 5724 0.05
5724 5725 0.01
5724 5726 0.05
5725 5726 0.05
5726 5728 0.05
5726 5727 0.2
5727 5729 0.2
5727 8385 0.2
5728 5729 0.05
5728 5730 0.01
5729 5730 0.05
5729 5731 0.01
5730 5731 0.05
5730 5732 0.05
5731 5732 0.01
5731 5733 0.05
5732 5733 0.2
5732 5734 0.2
5733 5734 0.01
5733 5735 0.2
5734 5736 0.2
5734 8616 0.01
5734 5735 0.05
5735 5736 0.05
5735 5737 0.05
5736 5737 0.05
5736 5738 0.05
5737 5739 0.05
5738 5739 0.05
5738 6885 0.2
5739 5740 0.2
5739 5741 0.05
5740 5741 0.01
5740 5742 0.05
5741 5742 0.01
5741 5743 0.2
5742 8999 0.05
5742 5743 0.01
5742 5744 0.01
5742 9333 0.01
5743 5744 0.01
5743 5745 0.01
5744 5745 0.2
5744 5746 0.2
5745 5746 0.2
5745 5747 0.05
5746 5747 0.05
5746 5748 0.05
5747 5748 0.05
5747 5749 0.05
5748 5749 0.2
5748 5750 0.05
5749 7770 0.05
5749 5750 0.05
5749 5751 0.05
5750 5752 0.2
5751 5752 0.2
5751 5753 0.01
5752 5753 0.05
5752 5754 0.01
5753 5754 0.01
5753 5755 0.05
5754 5755 0.2
5755 5756 0.01
5755 5757 0.01
5756 5757 0.05
5756 5758 0.05
5757 5758 0.2
5757 5759 0.05
5758 5760 0.2
5758 5759 0.2
5759 5760 0.05
5759 5761 0.2
5759 7937 0.2
5760 5761 0.05
5760 5762 0.2
5761 5762 0.01
5761 5763 0.2
5762 5763 0.05
5762 5764 0.05
5763 5764 0.2
5763 5765 0.01
5764 5765 0.01
5764 5766 0.05
5765 5766 0.01
5765 5767 0.05
5766 7519 0.2
5766 5767 0.2
5767 5768 0.2
5768 5769 0.01
5768 5770 0.2
5769 5770 0.2
5769 5771 0.2
5770 5771 0.01
5770 5772 0.05
5771 5772 0.2
5771 5773 0.05
5772 5773 0.2
5772 5774 0.01
5773 5774 0.05
5773 5775 0.01
5774 5776 0.2
5774 5775 0.2
5775 5776 0.2
5775 5777 0.01
5776 5778 0.01
5776 7411 0.01
5777 5778 0.01
5777 5779 0.2
5778 5779 0.2
5778 5780 0.05
5779 5780 0.05
5779 5781 0.2
5780 5781 0.2
5780 5782 0.01
5781 5782 0.2
5781 5783 0.01
5782 5784 0.05
5782 5783 0.01
5783 5784 0.05
5783 5785 0.05
5784 5785 0.2
5784 5786 0.05
5785 5786 0.2
5785 5787 0.2
5786 5787 0.2
5786 5788 0.05
5787 5788 0.2
5787 5789 0.05
5788 5789 0.2
5788 5790 0.05
5789 8563 0.2
5789 5790 0.01
5790 5792 0.01
5790 5791 0.2
5791 5792 0.2
5791 5793 0.05
5792 5793 0.01
5792 5794 0.05
5793 5794 0.2
5793 5795 0.01
5794 5796 0.2
5795 5796 0.05
5795 5797 0.2
5796 5797 0.05
5796 5798 0.01
5797 5798 0.01
5797 5799 0.05
5798 5799 0.01
5798 7741 0.01
5798 6165 0.01
5799 5800 0.2
5799 5801 0.05
5800 5801 0.2
5800 5802 0.05
5801 5802 0.2
5801 5803 0.05
5802 5803 0.2
5802 5804 0.05
5803 5804 0.01
5803 5805 0.01
5804 5805 0.05
5804 5806 0.01
5805 5806 0.2
5805 5807 0.01
5806 5808 0.01
5806 5807 0.05
5807 5809 0.01
5808 5809 0.2
5808 5810 0.01
5809 5810 0.05
5809 5811 0.2
5810 5811 0.01
5810 5812 0.01
5811 5812 0.01
5811 5813 0.01
5811 7425 0.2
5812 5813 0.01
5812 5814 0.01
5813 5814 0.05
5813 5815 0.05
5814 8177 0.05
5814 5815 0.2
5815 9438 0.2
5815 5817 0.01
5816 5817 0.2
5816 5818 0.01
5817 5818 0.01
5817 5819 0.05
5818 5819 0.01
5818 5820 0.05
5819 5820 0.01
5819 5821 0.05
5820 9529 0.01
5820 5821 0.05
5820 5822 0.01
5821 7113 0.2
5821 5822 0.01
5821 5823 0.05
5822 6574 0.05
5822 5823 0.2
5823 5824 0.01
5823 5825 0.01
5823 6042 0.01
5824 5825 0.05
5824 5826 0.01
5825 5826 0.2
5825 5827 0.2
5826 5827 0.01
5826 5828 0.01
5827 5828 0.01
5827 5829 0.2
5828 5829 0.01
5828 5830 0.05
5829 5830 0.2
5829 5831 0.2
5830 5832 0.05
5830 5831 0.05
5831 5832 0.05
5831 5833 0.05
5832 5833 0.2
5832 5834 0.05
5832 8574 0.05
5833 5834 0.05
5833 5835 0.2
5834 5835 0.05
5834 5836 0.05
5835 5836 0.01
5835 5837 0.05
5836 5837 0.2
5836 5838 0.05
5837 5838 0.05
5837 5839 0.2
5838 6945 0.01
5838 5839 0.05
5838 5840 0.05
5839 5840 0.01
5839 5841 0.01
5840 5841 0.05
5840 5842 0.2
5841 5842 0.05
5841 5843 0.2
5842 5843 0.01
5843 5844 0.01
5843 5845 0.2
5844 5845 0.01
5844 5846 0.2
5845 5846 0.05
5845 5847 0.2
5846 5848 0.01
5846 5847 0.05
5847 5848 0.05
5847 5849 0.2
5848 5849 0.2
5848 5850 0.2
5849 5850 0.05
5849 5851 0.2
5850 5851 0.05
5850 5852 0.2
5851 5852 0.01
5851 5853 0.01
5852 5853 0.2
5852 5854 0.05
5853 5854 0.01
5853 5855 0.2
5854 5856 0.05
5854 5855 0.01
5855 5856 0.2
5855 5857 0.05
5856 5857 0.2
5856 5858 0.05
5857 5858 0.01
5857 5859 0.2
5858 5859 0.05
5858 5860 0.05
5859 5860 0.2
5859 5861 0.2
5860 5861 0.01
5860 5862 0.05
5861 9351 0.05
5861 5862 0.05
5861 5863 0.2
5862 5864 0.2
5862 7928 0.01
5862 5863 0.2
5863 5864 0.05
5863 5865 0.05
5864 5865 0.2
5864 5866 0.01
5865 5866 0.2
5865 5867 0.01
5866 5867 0.2
5866 5868 0.2
5867 5868 0.2
5867 5869 0.2
5868 5869 0.01
5868 5870 0.01
5869 5870 0.05
5869 5871 0.01
5870 5872 0.05
5870 5871 0.2
5871 5872 0.2
5871 5873 0.05
5872 5873 0.01
5872 5874 0.05
5873 5874 0.01
5873 5875 0.05
5874 5875 0.2
5874 7779 0.2
5875 5876 0.01
5875 5877 0.01
5876 5877 0.01
5876 5878 0.01
5877 5878 0.2
5877 5879 0.2
5878 5880 0.01
5878 5879 0.01
5879 5880 0.05
5879 5881 0.2
5880 5882 0.01
5881 5882 0.01
5881 5883 0.05
5882 5883 0.05
5883 5884 0.05
5883 5885 0.01
5884 5885 0.2
5884 5886 0.05
5885 5886 0.2
5885 5887 0.05
5886 5888 0.2
5886 5887 0.01
5887 5888 0.2
5887 5889 0.01
5888 5889 0.2
5888 5890 0.2
5888 7937 0.2
5889 8865 0.05
5889 5890 0.01
5889 5891 0.2
5890 5891 0.05
5890 5892 0.01
5891 5892 0.2
5891 5893 0.2
5892 5893 0.01
5892 5894 0.2
5893 5894 0.05
5893 5895 0.05
5894 5896 0.2
5894 5895 0.2
5895 5896 0.2
5896 5897 0.2
5896 5898 0.05
5897 5898 0.2
5897 5899 0.2
5898 5899 0.2
5898 5900 0.05
5899 5900 0.01
5899 5901 0.01
5900 5901 0.05
5900 5902 0.01
5901 5902 0.05
5901 5903 0.01
5902 5904 0.01
5902 5903 0.01
5903 5904 0.05
5903 5905 0.2
5904 5905 0.2
5904 5906 0.01
5905 5906 0.2
5905 5907 0.01
5906 5907 0.2
5906 5908 0.05
5906 8605 0.01
5907 5908 0.05
5907 5909 0.05
5908 5909 0.2
5908 5910 0.2
5909 5911 0.01
5910 5912 0.05
5910 5911 0.01
5911 5912 0.2
5911 5913 0.2
5912 5913 0.01
5912 5914 0.05
5913 5914 0.05
5913 5915 0.05
5914 5915 0.05
5914 5916 0.2
5915 5917 0.01
5916 5917 0.2
5916 5918 0.2
5917 5918 0.2
5917 5919 0.2
5918 5920 0.01
5918 5919 0.01
5919 5920 0.05
5919 5921 0.01
5920 5921 0.2
5920 5922 0.05
5921 5922 0.05
5921 5923 0.01
5922 5923 0.05
5922 5924 0.01
5923 5924 0.05
5923 5925 0.2
5924 5925 0.05
5924 5926 0.01
5925 5926 0.2
5925 5927 0.05
5926 5928 0.01
5927 5928 0.2
5928 5929 0.2
5928 5930 0.2
5929 5930 0.01
5929 5931 0.2
5930 5931 0.05
5930 5932 0.05
5931 5932 0.2
5931 5933 0.2
5932 5933 0.01
5932 5934 0.05
5933 5934 0.2
5933 5935 0.2
5934 5936 0.05
5934 5935 0.2
5935 5936 0.01
5935 5937 0.05
5936 7849 0.05
5936 5938 0.2
5937 5938 0.05
5937 5939 0.01
5938 5939 0.05
5938 5940 0.01
5939 5940 0.2
5939 5941 0.01
5940 5941 0.2
5940 5942 0.01
5940 9023 0.2
5941 5942 0.2
5942 5944 0.01
5942 5943 0.01
5943 5944 0.05
5943 5945 0.2
5944 5945 0.05
5944 5946 0.05
5945 5946 0.2
5945 5947 0.01
5946 5947 0.01
5946 5948 0.2
5946 6750 0.05
5947 5948 0.05
5947 5949 0.05
5948 5949 0.2
5948 5950 0.05
5949 5950 0.05
5949 5951 0.05
5950 5951 0.05
5951 5952 0.01
5951 5953 0.2
5951 6202 0.2
5952 5953 0.05
5952 5954 0.05
5953 5955 0.2
5954 6348 0.01
5954 5955 0.2
5954 5956 0.2
5955 5956 0.05
5955 5957 0.01
5956 5957 0.01
5956 5958 0.05
5957 5958 0.2
5958 5960 0.01
5958 5959 0.2
5959 5960 0.05
5959 5961 0.05
5960 5961 0.2
5960 9211 0.01
5961 5962 0.2
5961 5963 0.01
5962 5963 0.05
5962 5964 0.2
5963 5964 0.05
5963 5965 0.05
5964 5965 0.01
5964 5966 0.01
5965 5966 0.01
5965 5967 0.2
5966 5968 0.01
5966 9453 0.2
5966 5967 0.2
5967 5968 0.01
5967 5969 0.05
5967 9650 0.2
5968 5969 0.2
5968 5970 0.01
5969 5970 0.2
5969 5971 0.01
5970 5971 0.05
5970 5972 0.05
5971 5972 0.2
5971 5973 0.01
5972 5973 0.01
5972 5974 0.01
5973 5974 0.05
5973 5975 0.05
5974 5976 0.01
5974 5975 0.01
5975 5976 0.01
5976 5977 0.2
5976 5978 0.2
5977 5978 0.05
5977 5979 0.2
5978 5979 0.05
5978 5980 0.01
5979 5980 0.2
5979 5981 0.2
5980 5981 0.05
5980 5982 0.01
5981 5982 0.01
5981 5983 0.01
5982 5984 0.01
5982 5983 0.05
5983 5984 0.05
5983 5985 0.05
5984 5985 0.2
5984 5986 0.2
5985 5987 0.01
5986 5988 0.2
5987 5988 0.2
5987 5989 0.05
5988 5990 0.2
5989 5990 0.2
5989 5991 0.2
5990 5992 0.01
5990 5991 0.05
5991 5992 0.2
5991 6947 0.05
5992 5993 0.05
5992 5994 0.2
5993 5994 0.2
5994 5995 0.05
5994 5996 0.05
5995 5996 0.01
5995 5997 0.01
5996 5997 0.01
5996 5998 0.01
5997 5998 0.01
5997 5999 0.05
5998 6000 0.2
5998 8847 0.2
5999 6001 0.2
5999 8935 0.01
6000 6001 0.01
6000 6002 0.2
6001 6002 0.2
6001 6003 0.2
6002 6003 0.05
6002 6004 0.05
6003 6004 0.2
6003 6005 0.2
6004 7739 0.01
6004 6005 0.2
6005 6006 0.01
6006 6008 0.05
6006 6007 0.05
6007 6008 0.2
6007 6009 0.2
6008 6009 0.05
6008 6010 0.05
6009 6010 0.2
6009 6011 0.01
6010 6011 0.01
6010 6012 0.05
6011 6012 0.01
6011 6053 0.2
6012 8238 0.2
6012 6013 0.01
6012 6014 0.05
6013 6014 0.2
6013 6015 0.01
6014 6016 0.05
6014 6015 0.2
6015 6016 0.2
6015 6017 0.2
6016 6017 0.05
6016 6018 0.01
6017 6018 0.2
6017 6019 0.2
6018 6019 0.2
6018 6020 0.2
6019 6020 0.2
6019 6021 0.01
6020 6641 0.01
6020 6021 0.2
6021 6022 0.01
6021 6023 0.01
6022 6909 0.2
6022 6023 0.2
6023 6024 0.01
6023 6025 0.01
6024 6025 0.2
6024 6026 0.05
6025 6026 0.05
6025 6027 0.01
6026 6027 0.01
6026 6028 0.01
6027 6028 0.2
6027 6029 0.01
6028 6029 0.2
6028 6030 0.01
6029 6030 0.01
6029 6031 0.2
6030 6032 0.05
6030 6031 0.01
6031 6032 0.01
6031 6033 0.01
6032 6033 0.2
6033 6034 0.05
6033 6035 0.05
6034 6035 0.2
6034 6036 0.01
6035 6036 0.05
6035 6037 0.2
6036 6037 0.01
6036 6038 0.01
6037 6038 0.05
6037 6039 0.01
6038 9035 0.2
6038 6039 0.05
6039 6040 0.2
6039 6041 0.2
6040 6041 0.05
6040 6042 0.01
6041 6042 0.2
6041 6043 0.05
6042 6043 0.2
6043 6044 0.05
6043 6045 0.2
6044 6045 0.05
6044 6046 0.2
6045 6046 0.2
6045 6047 0.2
6046 6048 0.01
6046 6047 0.2
6047 6049 0.01
6047 7745 0.2
6048 6049 0.01
6048 6050 0.01
6049 6051 0.01
6050 6051 0.01
6050 6052 0.01
6051 6052 0.05
6051 6053 0.01
6052 6053 0.01
6052 6054 0.2
6053 6054 0.2
6053 6055 0.01
6054 6056 0.2
6054 9159 0.05
6054 6055 0.05
6055 6057 0.01
6055 6875 0.2
6056 6057 0.2
6056 6058 0.05
6057 6058 0.01
6058 6059 0.2
6058 6060 0.05
6059 6060 0.05
6059 6061 0.05
6060 6061 0.2
6060 6062 0.01
6061 6062 0.05
6061 6063 0.05
6062 6064 0.01
6063 6064 0.05
6063 6065 0.2
6064 6065 0.05
6065 6066 0.2
6065 6067 0.01
6066 6067 0.2
6066 6068 0.01
6067 6068 0.01
6067 6069 0.2
6068 6069 0.2
6068 6070 0.05
6069 6070 0.2
6069 6071 0.2
6070 6072 0.2
6070 8561 0.01
6071 6072 0.2
6071 6073 0.05
6071 6322 0.2
6072 6073 0.2
6072 6074 0.2
6073 6075 0.2
6073 7331 0.2
6074 6075 0.01
6074 6076 0.05
6075 6077 0.01
6076 6077 0.05
6076 6078 0.05
6077 6078 0.05
6078 6080 0.01
6079 6080 0.2
6079 6081 0.01
6080 6082 0.01
6080 7133 0.05
6081 6082 0.01
6081 6083 0.2
6082 6083 0.01
6082 6084 0.2
6083 6084 0.2
6083 6085 0.05
6084 6085 0.01
6084 6086 0.05
6085 6086 0.2
6085 6087 0.01
6086 6088 0.05
6086 6087 0.05
6087 6088 0.05
6088 6089 0.01
6088 6090 0.01
6089 6090 0.05
6089 6091 0.01
6090 6091 0.01
6090 6092 0.05
6091 6093 0.01
6091 9653 0.05
6092 6093 0.01
6092 6094 0.01
6093 6094 0.01
6093 6095 0.2
6094 7134 0.2
6094 6095 0.05
6095 6096 0.2
6095 6097 0.05
6096 6097 0.01
6096 6098 0.2
6097 6098 0.05
6097 6099 0.2
6098 6099 0.2
6098 6100 0.05
6099 8913 0.2
6100 6101 0.05
6100 6102 0.2
6100 6853 0.01
6101 8066 0.01
6101 6102 0.01
6101 6103 0.05
6102 6104 0.05
6102 6103 0.01
6103 6104 0.05
6103 6105 0.2
6104 6105 0.2
6104 6106 0.2
6105 6106 0.2
6105 6107 0.2
6106 6107 0.05
6106 6108 0.05
6107 6108 0.2
6107 6109 0.01
6108 6109 0.05
6108 6110 0.01
6109 6110 0.2
6109 6111 0.2
6110 6112 0.2
6110 6111 0.01
6111 6112 0.2
6111 6113 0.01
6112 6113 0.01
6112 6114 0.05
6113 6115 0.2
6114 6115 0.2
6114 6116 0.05
6115 6116 0.01
6115 6117 0.2
6116 6117 0.2
6116 6118 0.05
6117 6119 0.2
6118 6119 0.01
6119 6120 0.2
6119 6121 0.2
6120 6121 0.05
6120 6122 0.2
6121 6122 0.05
6121 6123 0.01
6122 6123 0.05
6122 6124 0.05
6123 6124 0.05
6123 6125 0.2
6124 6125 0.05
6124 6126 0.05
6125 6126 0.05
6125 6127 0.2
6126 6128 0.2
6126 6127 0.01
6127 6128 0.05
6127 9126 0.2
6128 6129 0.01
6128 6130 0.05
6129 6130 0.05
6129 6131 0.05
6130 6131 0.01
6130 6132 0.2
6131 6132 0.01
6131 6133 0.01
6132 6133 0.2
6132 6134 0.01
6133 6134 0.01
6133 6135 0.01
6134 6136 0.2
6134 6135 0.01
6135 6137 0.01
6136 6137 0.2
6136 6138 0.05
6137 6138 0.2
6137 6139 0.05
6138 6140 0.01
6139 6140 0.05
6139 6141 0.2
6140 6141 0.2
6140 6142 0.2
6141 6142 0.01
6141 6143 0.05
6142 6144 0.05
6142 6143 0.2
6143 6144 0.2
6143 6145 0.2
6144 6145 0.2
6144 6146 0.2
6145 8569 0.01
6145 9842 0.05
6145 6147 0.01
6146 6147 0.2
6146 6148 0.01
6147 6148 0.2
6147 6149 0.01
6148 6150 0.2
6149 6150 0.05
6149 6151 0.2
6150 6152 0.2
6150 6151 0.2
6151 6152 0.05
6151 6153 0.01
6152 6153 0.2
6152 6154 0.2
6153 6155 0.2
6154 6155 0.2
6154 6156 0.2
6155 6156 0.01
6155 6157 0.2
6156 6157 0.05
6156 6158 0.01
6157 6158 0.2
6157 6159 0.2
6158 6160 0.01
6158 6159 0.01
6159 6160 0.01
6159 6161 0.05
6160 6161 0.01
6160 6162 0.2
6160 9179 0.05
6161 6162 0.01
6161 6163 0.05
6162 6164 0.05
6163 6164 0.05
6163 6165 0.01
6164 6165 0.05
6164 6166 0.01
6165 6167 0.05
6166 7850 0.2
6166 6167 0.01
6166 6168 0.2
6167 6168 0.01
6167 6169 0.05
6167 6265 0.05
6168 6169 0.05
6168 6170 0.05
6169 6170 0.05
6169 6171 0.01
6170 6171 0.01
6170 6172 0.2
6171 9026 0.2
6171 6172 0.2
6171 6173 0.05
6172 6173 0.01
6172 6174 0.05
6173 6174 0.2
6173 6175 0.2
6174 6176 0.01
6174 7823 0.05
6174 6175 0.2
6175 6177 0.05
6175 9699 0.01
6176 6177 0.05
6176 6178 0.01
6177 6179 0.2
6178 6179 0.05
6178 6180 0.05
6179 6180 0.05
6179 6181 0.05
6180 6181 0.01
6180 6182 0.01
6181 6182 0.05
6181 6183 0.2
6182 6184 0.01
6182 6183 0.05
6183 6184 0.05
6183 6185 0.01
6184 6185 0.01
6184 6186 0.05
6185 6186 0.05
6185 6187 0.01
6186 6188 0.01
6187 6189 0.2
6188 6189 0.2
6188 6190 0.01
6189 6190 0.05
6190 6192 0.01
6190 6191 0.05
6191 6192 0.01
6191 6193 0.01
6192 9865 0.2
6192 6194 0.05
6193 6194 0.01
6193 6195 0.05
6194 6195 0.05
6194 6196 0.05
6195 6196 0.05
6195 6197 0.05
6195 8126 0.05
6196 6197 0.01
6196 6198 0.2
6197 6198 0.05
6197 6199 0.01
6198 6200 0.05
6198 6199 0.2
6199 8777 0.05
6199 6200 0.01
6199 6201 0.01
6200 6201 0.05
6200 6202 0.2
6202 6203 0.05
6203 6204 0.01
6203 6205 0.05
6204 6205 0.2
6204 6206 0.01
6205 6206 0.01
6205 6207 0.01
6206 6208 0.05
6206 7461 0.01
6206 6207 0.01
6207 6208 0.05
6207 6209 0.05
6208 6209 0.2
6208 6210 0.05
6209 6211 0.01
6210 6211 0.01
6210 6212 0.2
6211 6212 0.01
6211 6213 0.05
6212 6213 0.2
6212 6214 0.05
6213 6214 0.01
6213 6215 0.05
6214 6216 0.05
6214 9963 0.2
6215 6216 0.05
6215 9926 0.2
6216 6217 0.2
6216 6218 0.01
6217 6218 0.05
6218 6219 0.05
6218 6220 0.2
6219 6220 0.2
6219 6221 0.2
6220 6221 0.05
6220 6222 0.01
6221 8902 0.01
6221 6223 0.01
6222 6224 0.01
6222 6223 0.01
6223 6225 0.01
6224 6225 0.05
6224 6226 0.2
6225 6226 0.01
6225 6227 0.2
6226 6227 0.01
6226 6228 0.01
6227 8755 0.2
6227 6228 0.05
6227 6229 0.05
6228 8355 0.2
6228 6229 0.2
6228 6230 0.01
6229 6231 0.05
6230 6232 0.05
6230 6231 0.05
6231 6232 0.05
6231 6233 0.05
6232 6233 0.01
6232 6234 0.05
6233 6235 0.01
6234 6235 0.2
6234 6236 0.01
6235 6236 0.2
6235 6237 0.2
6236 6238 0.01
6237 6238 0.01
6237 6239 0.05
6238 6240 0.01
6238 6239 0.05
6239 6240 0.2
6239 6241 0.01
6240 6241 0.2
6240 6242 0.05
6241 6242 0.01
6241 6243 0.05
6242 6243 0.2
6242 9456 0.01
6243 6244 0.2
6243 6245 0.2
6244 6245 0.2
6244 6246 0.2
6245 6246 0.01
6245 6247 0.01
6246 6248 0.2
6246 6247 0.2
6247 7395 0.2
6247 6248 0.01
6247 6249 0.01
6248 6249 0.01
6248 6250 0.01
6249 6250 0.05
6249 6251 0.01
6250 6251 0.05
6250 6252 0.01
6251 6253 0.01
6252 6253 0.05
6252 6254 0.01
6253 6254 0.2
6253 6255 0.01
6254 6255 0.01
6254 6256 0.01
6255 6256 0.05
6255 6257 0.05
6256 6258 0.2
6257 6259 0.05
6258 6259 0.2
6258 6260 0.2
6259 6260 0.01
6259 6261 0.01
6260 6261 0.05
6260 6262 0.05
6261 6262 0.05
6261 6263 0.01
6262 6264 0.2
6262 6263 0.05
6263 6264 0.2
6263 6265 0.01
6264 6265 0.05
6264 6266 0.01
6265 8578 0.05
6266 6267 0.05
6266 6268 0.05
6267 6268 0.05
6267 6269 0.2
6268 6269 0.05
6268 6270 0.01
6269 6270 0.05
6269 6271 0.01
6270 6272 0.01
6270 6271 0.01
6271 6272 0.01
6271 6273 0.01
6272 6273 0.2
6272 6274 0.2
6273 6274 0.05
6273 6275 0.01
6274 6275 0.05
6274 6276 0.05
6275 6276 0.05
6275 6277 0.2
6276 6277 0.01
6276 6278 0.05
6277 6278 0.01
6277 6279 0.05
6278 6280 0.05
6278 6279 0.05
6279 6280 0.05
6279 6281 0.05
6280 6281 0.01
6280 6282 0.01
6280 7206 0.2
6281 6282 0.01
6281 6283 0.2
6282 6283 0.2
6282 6284 0.01
6283 6284 0.05
6283 6285 0.05
6284 6285 0.2
6284 6286 0.05
6285 6286 0.2
6285 6287 0.2
6286 6288 0.2
6286 6287 0.2
6287 6288 0.05
6287 6289 0.01
6288 6289 0.2
6288 6290 0.05
6289 6290 0.01
6289 6291 0.2
6290 6291 0.05
6290 6292 0.01
6291 6292 0.01
6291 6293 0.01
6292 6293 0.2
6293 6294 0.2
6293 6295 0.2
6294 6296 0.01
6294 6295 0.01
6295 6296 0.2
6295 6297 0.2
6296 6297 0.01
6296 9738 0.01
6297 6298 0.2
6297 6299 0.05
6298 6299 0.01
6299 6300 0.01
6299 6301 0.2
6300 8089 0.2
6300 6301 0.05
6301 6302 0.05
6301 6303 0.2
6302 6304 0.05
6302 6303 0.01
6303 6304 0.2
6303 6305 0.2
6304 6305 0.01
6304 6306 0.01
6305 6306 0.01
6305 6307 0.01
6306 6307 0.05
6307 6308 0.2
6307 6309 0.2
6308 6309 0.05
6308 6310 0.2
6309 6310 0.05
6309 6311 0.05
6310 6312 0.05
6310 6311 0.2
6311 6313 0.2
6311 9387 0.01
6311 8997 0.05
6312 6314 0.01
6313 6314 0.05
6313 6766 0.05
6314 6315 0.2
6314 6316 0.2
6314 6477 0.01
6315 7796 0.01
6315 6316 0.2
6315 6317 0.05
6316 6904 0.2
6316 6318 0.01
6317 6318 0.05
6318 6320 0.01
6318 7002 0.2
6318 6319 0.01
6319 6320 0.2
6319 6321 0.01
6320 6321 0.2
6320 6322 0.05
6321 6322 0.05
6321 8821 0.2
6322 6323 0.2
6323 6324 0.2
6323 6325 0.01
6324 6325 0.01
6324 6326 0.05
6325 6326 0.2
6325 6327 0.05
6326 6328 0.2
6326 6327 0.05
6327 6328 0.05
6327 6329 0.2
6328 6329 0.05
6328 6330 0.01
6329 6330 0.01
6329 6331 0.01
6330 7368 0.01
6330 6331 0.2
6331 6332 0.01
6331 6333 0.2
6332 6333 0.2
6332 6334 0.01
6333 6334 0.2
6333 6335 0.05
6334 6336 0.2
6334 6335 0.2
6335 6336 0.2
6335 6337 0.2
6336 6337 0.05
6336 6338 0.05
6337 6338 0.01
6337 6339 0.05
6338 6339 0.2
6338 6340 0.05
6339 6340 0.2
6339 6341 0.01
6340 6341 0.01
6340 6342 0.01
6341 6606 0.01
6341 6342 0.2
6342 6344 0.01
6342 6343 0.05
6343 6344 0.01
6343 6345 0.2
6344 6345 0.01
6345 6346 0.05
6345 6347 0.01
6346 6347 0.05
6346 6348 0.01
6347 6348 0.2
6347 6349 0.01
6348 6350 0.01
6349 8228 0.2
6349 6350 0.01
6350 6352 0.01
6350 6351 0.2
6351 6352 0.05
6351 6353 0.2
6352 6353 0.2
6352 8715 0.05
6353 6354 0.05
6353 6355 0.01
6354 6355 0.2
6354 6356 0.2
6355 6356 0.05
6355 6357 0.2
6356 6357 0.01
6356 6358 0.05
6357 6358 0.2
6357 6359 0.05
6358 6360 0.05
6358 6359 0.01
6359 6360 0.2
6359 6589 0.01
6360 6362 0.05
6361 6362 0.01
6361 6363 0.2
6362 6363 0.05
6362 6364 0.01
6363 6364 0.05
6363 6365 0.01
6364 8851 0.2
6364 6365 0.2
6364 6366 0.2
6365 6366 0.01
6365 6367 0.2
6366 6368 0.2
6366 6433 0.2
6366 9712 0.05
6367 6368 0.2
6367 6369 0.05
6367 7151 0.2
6368 6369 0.2
6368 6370 0.2
6369 6370 0.2
6369 6371 0.01
6370 6371 0.05
6370 6372 0.01
6371 6372 0.05
6371 6373 0.05
6372 6373 0.01
6372 6374 0.2
6373 6374 0.2
6373 6375 0.05
6374 6376 0.01
6374 6375 0.05
6375 6376 0.01
6375 6377 0.2
6376 6377 0.2
6376 6378 0.05
6377 6378 0.05
6377 6379 0.01
6378 6379 0.05
6378 6380 0.01
6379 6380 0.05
6379 6381 0.01
6380 6381 0.05
6380 6382 0.01
6381 6382 0.01
6381 6383 0.01
6382 6384 0.2
6382 6383 0.05
6383 6384 0.2
6383 6385 0.01
6384 6385 0.2
6384 6386 0.05
6385 6386 0.01
6385 7500 0.05
6386 6387 0.01
6386 6388 0.01
6387 6389 0.05
6388 6389 0.2
6388 6390 0.2
6389 6390 0.01
6389 6391 0.01
6390 6392 0.01
6390 6391 0.01
6391 6392 0.05
6391 6393 0.01
6392 6393 0.05
6393 6394 0.2
6393 6395 0.05
6394 6395 0.01
6394 6396 0.2
6395 6396 0.2
6395 6397 0.01
6396 7203 0.2
6396 6397 0.01
6397 6398 0.2
6397 6399 0.01
6398 6400 0.05
6398 6399 0.05
6399 6400 0.01
6399 6401 0.01
6400 6401 0.01
6400 6402 0.2
6401 6402 0.01
6401 6403 0.01
6402 6403 0.01
6402 6404 0.01
6403 6404 0.05
6403 6405 0.01
6404 6405 0.2
6404 6406 0.2
6405 8711 0.01
6405 6407 0.01
6406 6408 0.01
6406 6407 0.2
6407 6408 0.2
6407 6409 0.05
6408 6410 0.2
6409 6410 0.01
6409 6411 0.01
6409 8597 0.01
6410 6411 0.05
6410 6412 0.2
6411 6412 0.05
6411 6413 0.01
6412 6413 0.05
6412 6414 0.05
6412 6609 0.05
6413 9533 0.01
6413 6414 0.01
6413 6415 0.01
6414 8894 0.2
6414 6415 0.2
6415 6416 0.05
6415 6417 0.2
6416 6418 0.2
6417 6418 0.01
6417 6419 0.01
6418 6420 0.01
6419 6420 0.01
6419 6421 0.2
6420 6421 0.05
6420 6422 0.01
6421 7598 0.2
6421 6422 0.05
6422 6424 0.01
6422 6423 0.01
6423 6424 0.01
6423 6425 0.01
6424 6425 0.01
6424 6426 0.05
6425 6426 0.05
6425 6427 0.01
6426 6427 0.05
6426 6428 0.2
6427 6428 0.05
6427 6429 0.01
6428 6429 0.2
6428 6430 0.05
6429 8745 0.2
6429 9590 0.2
6429 6430 0.01
6430 6432 0.05
6430 6431 0.01
6431 6432 0.01
6431 6433 0.01
6432 6433 0.01
6432 6434 0.05
6433 6434 0.05
6433 6435 0.01
6434 6435 0.2
6434 6436 0.05
6435 6436 0.01
6435 6437 0.05
6436 6437 0.01
6436 6438 0.01
6437 7047 0.2
6437 6438 0.01
6437 6439 0.01
6438 6440 0.05
6438 6439 0.2
6439 6440 0.05
6439 6441 0.2
6440 6441 0.01
6440 6442 0.2
6441 6442 0.05
6441 6443 0.01
6442 6443 0.2
6442 6444 0.2
6443 6444 0.05
6443 6445 0.2
6444 6445 0.05
6444 6446 0.05
6445 6446 0.01
6445 6447 0.05
6446 6448 0.05
6446 6447 0.2
6447 6448 0.05
6447 6449 0.05
6448 6449 0.2
6448 6450 0.01
6449 6450 0.01
6449 6451 0.01
6450 6451 0.2
6450 6452 0.01
6451 6452 0.05
6451 6453 0.01
6452 6453 0.05
6452 6454 0.05
6453 6454 0.2
6453 6455 0.05
6454 6456 0.01
6454 6455 0.01
6455 6456 0.2
6455 6457 0.05
6456 6457 0.2
6456 6458 0.05
6457 8215 0.01
6457 6459 0.01
6458 6459 0.05
6458 6460 0.01
6459 9552 0.01
6459 6460 0.05
6460 6461 0.05
6460 6462 0.05
6461 6462 0.05
6461 6463 0.05
6462 6464 0.05
6463 6464 0.2
6463 6465 0.05
6464 6466 0.2
6465 6466 0.2
6465 6467 0.05
6466 6467 0.01
6466 6468 0.2
6467 6468 0.01
6467 6469 0.05
6468 6469 0.05
6468 6470 0.2
6469 6470 0.05
6469 6471 0.2
6470 6472 0.2
6470 6471 0.05
6471 6473 0.2
6472 6473 0.2
6472 6474 0.01
6473 6474 0.05
6473 6475 0.01
6474 6475 0.2
6474 6476 0.2
6475 6476 0.05
6475 6477 0.2
6476 6477 0.2
6477 6479 0.2
6478 6480 0.2
6479 6480 0.01
6479 6481 0.2
6480 6481 0.01
6480 6482 0.01
6481 6482 0.05
6481 6483 0.01
6482 6483 0.01
6482 6484 0.01
6483 9696 0.05
6483 6485 0.2
6484 6485 0.05
6484 6486 0.01
6485 6486 0.01
6485 6487 0.01
6486 6488 0.05
6486 6487 0.05
6487 6488 0.01
6487 6489 0.05
6488 6490 0.05
6489 6490 0.01
6489 6491 0.2
6490 6492 0.05
6490 6581 0.01
6491 6492 0.01
6491 6493 0.01
6492 6493 0.01
6492 6494 0.2
6493 6494 0.01
6493 6495 0.01
6494 6496 0.2
6494 6495 0.2
6495 6496 0.01
6495 6497 0.05
6496 6497 0.2
6497 6498 0.01
6497 6499 0.2
6498 6499 0.05
6498 6500 0.05
6499 6500 0.01
6499 6501 0.2
6500 6501 0.01
6500 6502 0.2
6501 6502 0.2
6501 6503 0.01
6502 6503 0.05
6503 6504 0.2
6503 6505 0.01
6504 6505 0.01
6504 6506 0.01
6505 6506 0.05
6505 6507 0.01
6506 6507 0.01
6506 6508 0.01
6507 6508 0.01
6507 6509 0.01
6508 6509 0.2
6508 6510 0.05
6509 6510 0.01
6509 6511 0.01
6510 6512 0.05
6510 6511 0.2
6511 6512 0.01
6511 6513 0.2
6512 6513 0.2
6513 6514 0.2
6513 6515 0.05
6514 6515 0.05
6514 6516 0.05
6515 6516 0.2
6515 6517 0.05
6516 6517 0.05
6516 6518 0.2
6516 6781 0.2
6517 6518 0.01
6517 6519 0.05
6518 8965 0.01
6518 6519 0.01
6519 6520 0.01
6519 6521 0.2
6520 6521 0.01
6520 6522 0.2
6521 6522 0.01
6521 6523 0.2
6522 6523 0.01
6522 6524 0.01
6523 6524 0.05
6524 6525 0.05
6524 6526 0.2
6525 6526 0.05
6525 6527 0.2
6526 6528 0.2
6526 6527 0.05
6527 6529 0.2
6528 6529 0.2
6528 6530 0.05
6529 6530 0.2
6529 6531 0.01
6530 6531 0.05
6530 6532 0.01
6531 6532 0.05
6531 6533 0.01
6532 6533 0.2
6532 6534 0.05
6533 6534 0.01
6533 6535 0.2
6534 6536 0.01
6534 8153 0.05
6535 6536 0.2
6535 6537 0.01
6536 6537 0.01
6536 6538 0.05
6537 6538 0.01
6538 6539 0.2
6538 6540 0.2
6539 6540 0.2
6539 6541 0.01
6540 9994 0.2
6540 8415 0.05
6541 6542 0.05
6541 6543 0.05
6542 6544 0.2
6542 6543 0.2
6543 6544 0.05
6543 6545 0.05
6544 6545 0.01
6544 6546 0.01
6545 6546 0.05
6545 6547 0.2
6546 6547 0.05
6546 6548 0.01
6547 6548 0.05
6547 6549 0.01
6548 6549 0.01
6548 6550 0.01
6549 6550 0.05
6549 6551 0.2
6550 6552 0.05
6550 6551 0.01
6551 6552 0.01
6551 6553 0.05
6552 6553 0.01
6552 6554 0.2
6553 6602 0.01
6553 6555 0.01
6554 6555 0.01
6554 6556 0.2
6555 6556 0.01
6555 6557 0.05
6556 6557 0.01
6556 6558 0.2
6557 6558 0.01
6557 6559 0.2
6558 6560 0.01
6558 6559 0.01
6559 6560 0.05
6559 6561 0.01
6560 6561 0.2
6560 6562 0.2
6560 9010 0.01
6561 6562 0.2
6561 6563 0.05
6562 6563 0.01
6562 6564 0.01
6564 6565 0.05
6564 6566 0.01
6565 6566 0.05
6565 6567 0.01
6566 6568 0.05
6566 6567 0.05
6567 6569 0.05
6567 7734 0.2
6568 6569 0.01
6568 6570 0.05
6569 6570 0.05
6569 6571 0.2
6570 6571 0.05
6570 6572 0.01
6571 6572 0.2
6571 6573 0.2
6571 8862 0.01
6572 6573 0.05
6572 6574 0.05
6573 6574 0.2
6573 6575 0.2
6574 6576 0.01
6574 9723 0.2
6575 6576 0.01
6575 6577 0.01
6576 6577 0.2
6576 6578 0.05
6577 6578 0.05
6577 6579 0.2
6578 6579 0.01
6578 6580 0.05
6579 6580 0.01
6579 6581 0.01
6580 6581 0.2
6581 6582 0.05
6581 6583 0.01
6582 6584 0.2
6582 6583 0.01
6583 6584 0.2
6583 6585 0.01
6584 6585 0.01
6584 6586 0.2
6584 9340 0.2
6585 6586 0.01
6585 6955 0.2
6586 6587 0.01
6586 6588 0.2
6587 6588 0.2
6587 6589 0.2
6588 6589 0.2
6588 6590 0.2
6589 6590 0.2
6589 6591 0.05
6590 6592 0.05
6590 6591 0.01
6591 6592 0.05
6591 6593 0.05
6592 6593 0.05
6592 6594 0.2
6593 6594 0.05
6593 6595 0.01
6594 6595 0.2
6594 6596 0.2
6595 6596 0.05
6595 6597 0.01
6596 6597 0.01
6596 6598 0.2
6597 6598 0.2
6597 6599 0.01
6598 6600 0.01
6598 6599 0.2
6599 6600 0.2
6599 6601 0.05
6599 9418 0.01
6600 6601 0.01
6600 6602 0.01
6601 6602 0.05
6601 9037 0.2
6602 6603 0.01
6602 7469 0.05
6602 8061 0.01
6603 6605 0.05
6604 6605 0.05
6604 6606 0.01
6605 6606 0.05
6605 6607 0.01
6606 6608 0.01
6606 6607 0.05
6607 6608 0.2
6607 6609 0.05
6608 6609 0.05
6608 6610 0.01
6609 6611 0.01
6610 6611 0.01
6610 6612 0.2
6611 8372 0.05
6611 6613 0.05
6611 6612 0.05
6612 6613 0.05
6612 6614 0.05
6613 6614 0.2
6613 6615 0.01
6614 6616 0.01
6614 6615 0.2
6615 6616 0.05
6615 6617 0.01
6616 6617 0.05
6616 6618 0.05
6617 6618 0.05
6617 6619 0.05
6618 6619 0.2
6618 6620 0.2
6619 6620 0.01
6619 6621 0.05
6620 6621 0.05
6620 6622 0.2
6620 9173 0.2
6621 6622 0.05
6621 6623 0.05
6622 6624 0.01
6622 6623 0.2
6623 6624 0.05
6623 6625 0.2
6624 6625 0.05
6624 6626 0.05
6625 6626 0.2
6625 6627 0.01
6626 6628 0.2
6627 6628 0.2
6627 6629 0.01
6628 6629 0.2
6628 6630 0.01
6629 6630 0.2
6629 6631 0.2
6630 6632 0.01
6630 6631 0.01
6631 6632 0.01
6631 6633 0.05
6632 6633 0.05
6632 6634 0.01
6632 8087 0.2
6633 6634 0.05
6633 6635 0.01
6634 6635 0.01
6634 6636 0.05
6635 6636 0.05
6635 6637 0.2
6636 6637 0.01
6636 6638 0.05
6637 6638 0.05
6637 6639 0.05
6638 9379 0.2
6638 6639 0.2
6639 6640 0.05
6639 6641 0.01
6640 6641 0.01
6640 6642 0.01
6641 6642 0.2
6641 6643 0.01
6642 6643 0.05
6642 6644 0.05
6643 6644 0.01
6643 6645 0.05
6644 6645 0.05
6644 6646 0.01
6645 9829 0.05
6645 6647 0.05
6645 8955 0.2
6646 6648 0.05
6646 6647 0.01
6647 6648 0.2
6647 6649 0.2
6648 6649 0.05
6648 6650 0.01
6649 8791 0.05
6649 6650 0.05
6649 6651 0.01
6650 6651 0.2
6650 6652 0.01
6651 6652 0.05
6651 6653 0.01
6652 6653 0.2
6652 6654 0.01
6653 6654 0.05
6653 6655 0.2
6654 6656 0.01
6654 6655 0.2
6655 6656 0.05
6655 6657 0.01
6656 6657 0.05
6656 6658 0.05
6657 6658 0.05
6657 9069 0.01
6658 6659 0.01
6658 6660 0.01
6659 6661 0.01
6660 6661 0.2
6660 6662 0.05
6661 6662 0.05
6661 6663 0.05
6662 6664 0.2
6662 6663 0.01
6663 6664 0.01
6663 6665 0.01
6664 6665 0.01
6664 6666 0.05
6665 6666 0.05
6665 6667 0.01
6666 6667 0.05
6666 6668 0.2
6667 6668 0.05
6667 6669 0.05
6668 6669 0.2
6668 6670 0.01
6669 6670 0.2
6669 6671 0.05
6670 6672 0.01
6671 6672 0.01
6671 6673 0.01
6672 6673 0.05
6672 6674 0.05
6673 6674 0.05
6673 6675 0.01
6674 6675 0.01
6674 6676 0.05
6675 6676 0.05
6676 6677 0.05
6676 6678 0.05
6677 6678 0.2
6677 6679 0.2
6678 6680 0.01
6678 6679 0.2
6679 6680 0.05
6679 7241 0.05
6680 6681 0.2
6680 6682 0.2
6681 6682 0.05
6681 6683 0.01
6681 8454 0.2
6682 6683 0.2
6682 6684 0.01
6683 6684 0.01
6683 6685 0.2
6684 6685 0.2
6684 6686 0.2
6685 6687 0.2
6686 6688 0.01
6686 6687 0.05
6687 6688 0.2
6687 6689 0.2
6688 6689 0.2
6688 6690 0.2
6689 6690 0.2
6689 6691 0.05
6690 6691 0.01
6690 6692 0.01
6691 6692 0.05
6692 6693 0.01
6692 6694 0.05
6693 6694 0.05
6693 6695 0.01
6694 6696 0.2
6694 6695 0.05
6695 6696 0.05
6695 6697 0.2
6695 9777 0.2
6695 7479 0.01
6695 7006 0.05
6696 6697 0.01
6696 6698 0.2
6697 6698 0.05
6697 6699 0.2
6698 6699 0.2
6698 6700 0.01
6698 9785 0.01
6699 6700 0.01
6699 6701 0.2
6700 6701 0.01
6700 6702 0.05
6701 6702 0.2
6701 6703 0.2
6702 6704 0.01
6702 9087 0.2
6702 6703 0.05
6703 8394 0.01
6703 6705 0.05
6703 8022 0.01
6704 6705 0.01
6704 6706 0.2
6705 6706 0.2
6705 6707 0.01
6706 6707 0.05
6706 6708 0.05
6707 6708 0.01
6707 6709 0.05
6708 6709 0.05
6708 6710 0.2
6709 6710 0.01
6709 6711 0.2
6710 6711 0.05
6711 6712 0.2
6711 8987 0.05
6712 6713 0.05
6712 6714 0.05
6713 6715 0.05
6713 8982 0.05
6714 6715 0.2
6714 6716 0.05
6715 6717 0.2
6715 9262 0.05
6716 6717 0.01
6716 6718 0.01
6717 6719 0.05
6718 6720 0.05
6718 6719 0.05
6719 6720 0.01
6719 6721 0.2
6720 6721 0.2
6720 6722 0.01
6721 6722 0.2
6721 6723 0.05
6722 6723 0.05
6722 6724 0.05
6723 6724 0.2
6723 6725 0.2
6724 6725 0.2
6725 6726 0.05
6725 6727 0.2
6726 6728 0.05
6726 6727 0.2
6727 6728 0.2
6727 6729 0.01
6728 6729 0.01
6728 6730 0.01
6729 6730 0.01
6729 6731 0.2
6730 6731 0.01
6730 6732 0.2
6731 7632 0.05
6731 6732 0.01
6731 6733 0.05
6732 6733 0.2
6732 6734 0.2
6733 6734 0.2
6733 6735 0.01
6734 6736 0.2
6734 6735 0.05
6735 6736 0.2
6735 6737 0.2
6736 8610 0.01
6736 9291 0.2
6737 7856 0.05
6737 6738 0.05
6738 6739 0.01
6738 6740 0.01
6739 6740 0.05
6739 6741 0.2
6740 6741 0.05
6741 6742 0.01
6742 6744 0.01
6742 6743 0.05
6743 6744 0.01
6743 6745 0.05
6744 6745 0.05
6744 6746 0.05
6745 6746 0.2
6745 6747 0.2
6746 6747 0.2
6746 6748 0.05
6747 6748 0.01
6747 6749 0.05
6748 6749 0.01
6748 6750 0.2
6749 6750 0.05
6749 6751 0.05
6750 6751 0.2
6751 6752 0.05
6751 6753 0.05
6752 6753 0.05
6752 6754 0.2
6753 6754 0.01
6753 6755 0.01
6754 6755 0.05
6754 6756 0.01
6755 6756 0.01
6755 6757 0.01
6756 6757 0.01
6756 6758 0.05
6757 6758 0.2
6757 6759 0.2
6758 6760 0.2
6758 6759 0.05
6759 6760 0.05
6759 6761 0.01
6760 6761 0.2
6760 6762 0.05
6761 6762 0.01
6762 6763 0.2
6762 6764 0.05
6763 6764 0.01
6764 6765 0.2
6764 6766 0.2
6765 6766 0.05
6765 6767 0.01
6766 6768 0.2
6766 8265 0.05
6767 6768 0.01
6767 6769 0.2
6768 6769 0.05
6768 6770 0.2
6769 6770 0.01
6769 6771 0.05
6770 9782 0.05
6771 6772 0.2
6771 6773 0.01
6772 6773 0.05
6772 6867 0.01
6773 6774 0.01
6773 6775 0.2
6774 6776 0.01
6774 6775 0.2
6775 6776 0.01
6776 6777 0.2
6776 6778 0.2
6777 6778 0.05
6777 6779 0.2
6778 6779 0.05
6778 6780 0.2
6779 6780 0.01
6779 6781 0.05
6780 6781 0.01
6780 6782 0.01
6781 6782 0.01
6782 6784 0.01
6782 6783 0.05
6783 6784 0.01
6783 6785 0.2
6784 6785 0.2
6784 6786 0.01
6785 6786 0.01
6785 6787 0.2
6786 6787 0.2
6786 7611 0.2
6787 6788 0.01
6787 6789 0.2
6788 6789 0.05
6788 6790 0.01
6789 7349 0.2
6789 6790 0.2
6790 6792 0.01
6790 6791 0.05
6791 6792 0.2
6791 6793 0.2
6792 6793 0.05
6792 6794 0.01
6793 6794 0.01
6793 6795 0.2
6794 6795 0.01
6794 6796 0.05
6795 6796 0.01
6795 6797 0.2
6795 9458 0.01
6796 6797 0.2
6796 6798 0.05
6797 6798 0.05
6797 6799 0.2
6798 6800 0.01
6798 6799 0.05
6799 6800 0.01
6799 6801 0.01
6800 6801 0.2
6800 6802 0.01
6801 6803 0.2
6801 6884 0.2
6802 6803 0.01
6802 6804 0.01
6803 6805 0.05
6804 6805 0.2
6804 6806 0.01
6805 6806 0.01
6805 6807 0.01
6806 6808 0.05
6806 6807 0.05
6807 6808 0.01
6808 6809 0.01
6808 6810 0.01
6809 6811 0.05
6809 8564 0.05
6810 6811 0.01
6810 6812 0.05
6811 6812 0.01
6811 6813 0.05
6812 6813 0.01
6812 6814 0.05
6813 6814 0.01
6813 6815 0.05
6814 6816 0.2
6814 6815 0.01
6815 6816 0.01
6815 6817 0.2
6816 6817 0.05
6816 6818 0.05
6817 6818 0.05
6817 6819 0.2
6818 6820 0.05
6819 6820 0.01
6819 6821 0.01
6820 6821 0.05
6820 6822 0.01
6821 6822 0.01
6821 6823 0.2
6822 6824 0.2
6822 6823 0.2
6823 6824 0.2
6823 6825 0.01
6824 6825 0.01
6824 6826 0.05
6825 6826 0.05
6825 6827 0.05
6826 6827 0.2
6826 6828 0.2
6827 6828 0.2
6827 6829 0.01
6828 9401 0.01
6828 6829 0.2
6828 6830 0.2
6829 6830 0.05
6829 6831 0.01
6830 6832 0.01
6830 6831 0.2
6831 6832 0.01
6831 6833 0.2
6832 6833 0.01
6832 6834 0.2
6833 6834 0.2
6833 6835 0.01
6834 6835 0.01
6834 6836 0.05
6835 6836 0.01
6835 6837 0.01
6836 6837 0.01
6836 6838 0.05
6837 6838 0.01
6837 6839 0.01
6838 6840 0.01
6838 6839 0.2
6839 6840 0.2
6839 6841 0.01
6840 6841 0.05
6840 6842 0.05
6840 8260 0.05
6841 6842 0.01
6841 6843 0.01
6842 6843 0.05
6842 6844 0.2
6843 6844 0.2
6843 6845 0.2
6844 6845 0.05
6844 6846 0.05
6845 8104 0.2
6845 6847 0.05
6846 6848 0.05
6846 6847 0.2
6847 6848 0.05
6847 6849 0.01
6848 6849 0.05
6848 6850 0.01
6849 6850 0.01
6849 6851 0.2
6850 6851 0.2
6850 6852 0.05
6851 6852 0.05
6851 6853 0.01
6852 6853 0.2
6852 6854 0.2
6853 6855 0.05
6854 6856 0.01
6855 6856 0.01
6855 6857 0.2
6856 6857 0.05
6857 6859 0.05
6858 6859 0.05
6859 6860 0.05
6859 6861 0.2
6860 6861 0.2
6860 6862 0.05
6861 6862 0.05
6861 6863 0.2
6862 6864 0.01
6862 6863 0.2
6863 6864 0.05
6863 6865 0.05
6863 9791 0.01
6864 6865 0.2
6865 6866 0.05
6866 6867 0.05
6866 6868 0.2
6867 6868 0.01
6867 6869 0.05
6868 6869 0.01
6868 6870 0.01
6869 6871 0.2
6870 6872 0.05
6870 6871 0.2
6871 6872 0.05
6871 6873 0.05
6872 6873 0.2
6872 6874 0.2
6873 6874 0.2
6873 6875 0.05
6874 6875 0.05
6874 6876 0.01
6875 6876 0.01
6875 6877 0.01
6876 6877 0.05
6876 6878 0.05
6877 6879 0.01
6878 6880 0.05
6878 6879 0.01
6879 6880 0.01
6879 6881 0.01
6880 6881 0.2
6880 6882 0.05
6881 6882 0.05
6881 6883 0.01
6882 6883 0.05
6882 6884 0.01
6883 6884 0.01
6883 6885 0.05
6884 6885 0.2
6884 6886 0.01
6885 6886 0.2
6885 6887 0.05
6886 6888 0.01
6886 6887 0.05
6887 6888 0.2
6887 6889 0.05
6888 6889 0.01
6888 6890 0.2
6889 6890 0.01
6889 6891 0.05
6889 9250 0.05
6890 6891 0.2
6890 6892 0.01
6891 6892 0.2
6891 6893 0.01
6892 6893 0.01
6892 6894 0.2
6893 7046 0.05
6893 6894 0.2
6893 6895 0.2
6894 6896 0.2
6894 6895 0.01
6895 6896 0.2
6895 6897 0.2
6896 6897 0.05
6896 6898 0.2
6896 8084 0.05
6897 6898 0.05
6897 6899 0.05
6898 6899 0.01
6898 6900 0.01
6899 6900 0.01
6899 6901 0.05
6900 6901 0.05
6900 6902 0.01
6901 6903 0.05
6902 6904 0.05
6902 6903 0.01
6903 6904 0.01
6903 6905 0.05
6904 7513 0.01
6904 6905 0.2
6905 6906 0.05
6905 6907 0.2
6906 6907 0.05
6906 6908 0.01
6907 6908 0.2
6907 6909 0.01
6908 6909 0.05
6908 6910 0.01
6909 6910 0.2
6909 6911 0.2
6910 6912 0.01
6910 6911 0.05
6911 6912 0.05
6911 6913 0.01
6912 6913 0.05
6912 6914 0.01
6913 6914 0.2
6913 6915 0.2
6914 6915 0.01
6914 6916 0.05
6915 6916 0.2
6915 6917 0.01
6916 6917 0.01
6916 6918 0.05
6917 6918 0.01
6917 6919 0.05
6918 6920 0.2
6918 6919 0.05
6919 6921 0.05
6919 7135 0.05
6920 6921 0.05
6920 6922 0.05
6921 6922 0.01
6921 6923 0.2
6922 6923 0.05
6922 6924 0.05
6923 6924 0.2
6923 6925 0.01
6924 6925 0.05
6924 6926 0.05
6925 6926 0.2
6925 6927 0.05
6926 6928 0.05
6926 6927 0.2
6927 6928 0.01
6928 6929 0.05
6928 6930 0.2
6929 7491 0.01
6930 9099 0.01
6930 9861 0.01
6931 6932 0.01
6931 6933 0.01
6932 6933 0.01
6932 6934 0.01
6933 6934 0.05
6933 6935 0.2
6934 6936 0.2
6934 6935 0.05
6935 6936 0.01
6935 6937 0.01
6936 6938 0.01
6937 6938 0.01
6937 6939 0.2
6938 6939 0.05
6938 6940 0.2
6939 6940 0.01
6939 6941 0.2
6940 6941 0.01
6940 6942 0.05
6941 6942 0.01
6941 6943 0.01
6942 6944 0.01
6942 6943 0.05
6943 6944 0.01
6943 7589 0.05
6945 6947 0.05
6946 6947 0.2
6946 6948 0.2
6947 6949 0.05
6947 6948 0.05
6948 6949 0.2
6948 6950 0.01
6949 6950 0.01
6949 6951 0.2
6950 6952 0.05
6950 6951 0.01
6951 6952 0.01
6951 6953 0.05
6952 6953 0.01
6952 6954 0.2
6952 8843 0.05
6953 6954 0.2
6953 6955 0.05
6954 6955 0.2
6954 6956 0.01
6955 6956 0.2
6955 6957 0.2
6956 6957 0.01
6956 6958 0.2
6957 6958 0.05
6957 6959 0.2
6958 6959 0.05
6959 6960 0.05
6959 6961 0.05
6960 6961 0.2
6960 6962 0.05
6961 6962 0.01
6961 6963 0.01
6962 6963 0.05
6962 6964 0.05
6963 6964 0.2
6963 6965 0.01
6964 6966 0.05
6965 6966 0.2
6965 6967 0.01
6966 6968 0.2
6966 6967 0.2
6967 6968 0.2
6967 6969 0.01
6968 6969 0.2
6968 6970 0.01
6969 6970 0.01
6969 6971 0.05
6970 6971 0.01
6970 6972 0.01
6971 6972 0.01
6971 6973 0.2
6972 6973 0.01
6972 6974 0.05
6973 6974 0.05
6973 6975 0.01
6974 6976 0.05
6974 6975 0.01
6975 6976 0.05
6975 6977 0.01
6976 6977 0.2
6976 6978 0.2
6977 6978 0.2
6977 6979 0.05
6978 6979 0.05
6978 6980 0.2
6979 6980 0.05
6979 6981 0.2
6980 6981 0.01
6981 6982 0.2
6981 6983 0.01
6982 6984 0.01
6982 6983 0.01
6983 6984 0.05
6983 6985 0.05
6984 6985 0.05
6984 6986 0.2
6985 6986 0.2
6985 6987 0.01
6986 6987 0.05
6986 6988 0.01
6987 6988 0.01
6987 6989 0.05
6988 6989 0.05
6988 6990 0.01
6989 8172 0.2
6990 6992 0.05
6991 6992 0.2
6991 6993 0.2
6992 6993 0.01
6992 6994 0.01
6993 6994 0.05
6993 6995 0.01
6994 6995 0.2
6994 6996 0.01
6995 9802 0.01
6995 6997 0.01
6996 6997 0.05
6996 6998 0.01
6997 6998 0.05
6997 6999 0.01
6998 7000 0.05
6999 7000 0.2
6999 7001 0.2
7000 7001 0.05
7000 7002 0.05
7001 7002 0.05
7001 7003 0.01
7002 7003 0.2
7002 7324 0.01
7003 7004 0.05
7003 7005 0.05
7004 7006 0.01
7005 7006 0.01
7005 7007 0.05
7006 7007 0.2
7007 7008 0.05
7007 7009 0.2
7008 7009 0.05
7008 7010 0.01
7009 7010 0.05
7009 7011 0.05
7010 7011 0.05
7010 7012 0.01
7011 7012 0.01
7011 7013 0.2
7012 7014 0.05
7013 7014 0.2
7013 7015 0.05
7014 7016 0.01
7014 7015 0.05
7015 7017 0.01
7016 7017 0.05
7016 7018 0.01
7016 8182 0.2
7017 7018 0.05
7017 7019 0.2
7018 7019 0.2
7018 7020 0.05
7019 7020 0.2
7019 7021 0.05
7020 7021 0.01
7020 7022 0.2
7020 7045 0.01
7021 7493 0.2
7021 7023 0.01
7022 7024 0.01
7022 7023 0.01
7023 7024 0.01
7023 7025 0.01
7024 7025 0.01
7024 7026 0.2
7025 7026 0.05
7025 7027 0.01
7026 7027 0.01
7026 7028 0.2
7027 7029 0.01
7028 7029 0.05
7028 7030 0.01
7029 7030 0.2
7029 7031 0.2
7030 7032 0.2
7030 7031 0.05
7031 7032 0.05
7031 7033 0.05
7032 7033 0.01
7032 7034 0.01
7033 7034 0.2
7033 7035 0.2
7034 7035 0.05
7034 7036 0.05
7034 8005 0.01
7035 7036 0.01
7035 7037 0.01
7036 7037 0.05
7036 7038 0.2
7037 7038 0.05
7037 7039 0.2
7038 7040 0.2
7038 7039 0.05
7039 7040 0.2
7039 7041 0.01
7040 7041 0.01
7040 7042 0.01
7041 7042 0.2
7041 7043 0.2
7042 7043 0.2
7042 7044 0.05
7043 7044 0.2
7043 7045 0.05
7044 7045 0.2
7044 7046 0.01
7045 7047 0.01
7046 7048 0.05
7048 7050 0.2
7049 7050 0.01
7049 7051 0.01
7050 7052 0.01
7051 7052 0.05
7051 7053 0.05
7052 7053 0.01
7052 7054 0.01
7053 7054 0.2
7053 7055 0.05
7054 7056 0.05
7054 7055 0.05
7055 7056 0.01
7055 7057 0.01
7056 7057 0.05
7056 7058 0.01
7057 7058 0.01
7057 7059 0.2
7058 7059 0.01
7058 7060 0.2
7059 7060 0.05
7059 7061 0.05
7060 7061 0.2
7060 7062 0.01
7061 7062 0.05
7062 7064 0.01
7062 9448 0.05
7062 7063 0.01
7063 7064 0.01
7063 8545 0.01
7064 7065 0.2
7064 7066 0.2
7065 7066 0.05
7065 7067 0.01
7066 7067 0.2
7066 7068 0.2
7067 7068 0.01
7067 7069 0.01
7068 8184 0.01
7068 7070 0.01
7069 7070 0.05
7069 7071 0.2
7070 7072 0.05
7070 7071 0.05
7071 7073 0.05
7072 7073 0.2
7072 7074 0.05
7073 7074 0.2
7073 7565 0.05
7074 7076 0.2
7075 7076 0.05
7075 7077 0.05
7076 7077 0.05
7076 7078 0.05
7077 7078 0.01
7077 7079 0.05
7078 7080 0.05
7078 7864 0.2
7079 7080 0.05
7079 7081 0.2
7079 7082 0.2
7080 7081 0.2
7080 7082 0.05
7081 7082 0.01
7081 7083 0.05
7082 7083 0.2
7083 7084 0.2
7083 7085 0.2
7084 7085 0.2
7084 7086 0.01
7085 7086 0.01
7085 7087 0.05
7086 7088 0.01
7086 7087 0.2
7087 7088 0.01
7087 7089 0.05
7088 7089 0.05
7088 7090 0.01
7089 7090 0.01
7089 7091 0.2
7090 7091 0.2
7090 7092 0.2
7090 9934 0.05
7092 7093 0.05
7092 7094 0.01
7093 7094 0.2
7093 7095 0.01
7094 8548 0.01
7094 7095 0.05
7095 7097 0.2
7096 7097 0.01
7096 7098 0.05
7096 7701 0.2
7097 7098 0.2
7097 7099 0.2
7098 7099 0.05
7098 7100 0.2
7099 7100 0.01
7099 7101 0.05
7100 7101 0.2
7100 7102 0.05
7101 7102 0.05
7101 7103 0.05
7102 7104 0.2
7102 7103 0.05
7103 7104 0.05
7103 7105 0.05
7104 7105 0.01
7104 7106 0.01
7104 9622 0.2
7105 7106 0.2
7105 7107 0.2
7106 7107 0.05
7106 7108 0.2
7107 7108 0.01
7108 7109 0.05
7108 7110 0.05
7109 7110 0.2
7109 7111 0.05
7110 7112 0.05
7110 7111 0.01
7111 7112 0.01
7111 7113 0.05
7112 7113 0.2
7113 7114 0.01
7114 7115 0.05
7114 7116 0.2
7115 7116 0.01
7115 7117 0.2
7116 7117 0.05
7116 7118 0.2
7117 7118 0.2
7117 7119 0.2
7118 7120 0.01
7118 7119 0.05
7119 7120 0.05
7119 7121 0.05
7120 7121 0.01
7120 7122 0.05
7121 7122 0.01
7121 7123 0.05
7122 7123 0.01
7122 7124 0.01
7123 7124 0.05
7123 7125 0.2
7124 7125 0.01
7124 7126 0.01
7125 7126 0.05
7125 7127 0.05
7126 7128 0.01
7126 7127 0.05
7127 7128 0.05
7127 7129 0.2
7128 7129 0.01
7128 7130 0.01
7129 7131 0.05
7130 7131 0.01
7130 7132 0.05
7131 7132 0.05
7131 7133 0.2
7132 7133 0.2
7132 7134 0.2
7133 9062 0.01
7133 7134 0.01
7133 7135 0.2
7134 7136 0.05
7134 7135 0.01
7135 7137 0.2
7135 9925 0.01
7136 7137 0.05
7136 7138 0.2
7137 7138 0.01
7138 7139 0.05
7138 7140 0.01
7139 7140 0.01
7139 7141 0.05
7140 7141 0.05
7140 7142 0.01
7141 7142 0.2
7141 7143 0.2
7142 7144 0.05
7142 7143 0.05
7143 7144 0.05
7143 7145 0.01
7144 7145 0.05
7144 7146 0.05
7145 7146 0.2
7145 7147 0.05
7146 7147 0.01
7146 7148 0.2
7147 7148 0.05
7147 7149 0.2
7148 7149 0.05
7148 7150 0.2
7149 7150 0.01
7149 7151 0.2
7150 7151 0.01
7151 7152 0.05
7152 7153 0.01
7152 7154 0.05
7152 9515 0.2
7153 7155 0.01
7154 7155 0.05
7154 7156 0.05
7155 7156 0.01
7155 7157 0.05
7156 7157 0.2
7156 7158 0.2
7157 7158 0.05
7157 7159 0.2
7158 7160 0.01
7158 7159 0.05
7159 7160 0.05
7160 7161 0.01
7160 7162 0.01
7161 7162 0.2
7161 7163 0.05
7162 7164 0.2
7163 7165 0.05
7163 8653 0.2
7164 7165 0.2
7164 7166 0.2
7165 7166 0.05
7165 7167 0.05
7166 7168 0.05
7166 7167 0.05
7167 7168 0.05
7167 7169 0.05
7168 7169 0.05
7169 7170 0.05
7169 7171 0.01
7169 7629 0.2
7170 7171 0.01
7170 7172 0.05
7171 7172 0.01
7172 7173 0.01
7172 7174 0.2
7173 7174 0.05
7173 7175 0.01
7174 7176 0.2
7174 7175 0.2
7175 7176 0.05
7175 7177 0.01
7176 7177 0.2
7176 7178 0.2
7177 7178 0.2
7177 7179 0.05
7178 7179 0.01
7178 7180 0.05
7179 7180 0.01
7179 7181 0.05
7180 7181 0.2
7180 7182 0.01
7181 7182 0.05
7181 7183 0.2
7182 7184 0.05
7182 7183 0.01
7183 7184 0.01
7183 7185 0.01
7184 7185 0.05
7184 7186 0.2
7185 7186 0.01
7185 7187 0.05
7186 7187 0.2
7186 7188 0.01
7187 7189 0.05
7188 7189 0.2
7188 7190 0.05
7189 9890 0.2
7189 7190 0.05
7189 7191 0.01
7190 7192 0.01
7190 7191 0.2
7191 7193 0.2
7191 8210 0.2
7192 7817 0.2
7192 7194 0.2
7193 7194 0.2
7193 7195 0.01
7194 7195 0.2
7194 7196 0.01
7195 7196 0.2
7195 7197 0.01
7196 7197 0.2
7196 7198 0.2
7197 7198 0.05
7197 7199 0.01
7198 7200 0.01
7198 7199 0.2
7199 7200 0.2
7199 7201 0.01
7200 7201 0.05
7200 7202 0.2
7201 7202 0.05
7201 7203 0.2
7202 7203 0.01
7202 7204 0.05
7203 7205 0.2
7204 7205 0.2
7204 7206 0.01
7204 7743 0.01
7205 7206 0.01
7205 7207 0.01
7206 7208 0.01
7207 7209 0.2
7207 7883 0.01
7207 9711 0.2
7208 7209 0.01
7209 7211 0.01
7210 7211 0.01
7210 7212 0.01
7211 7212 0.05
7211 7213 0.01
7212 7213 0.2
7213 7214 0.05
7213 7215 0.05
7214 7216 0.01
7215 7216 0.01
7215 7217 0.05
7216 7217 0.05
7216 7218 0.05
7217 7218 0.01
7217 7219 0.01
7218 7219 0.2
7218 7220 0.05
7219 7220 0.2
7219 7221 0.2
7220 7484 0.05
7220 7222 0.2
7221 7222 0.2
7221 7223 0.01
7222 7224 0.05
7222 7223 0.01
7223 7224 0.2
7223 7225 0.01
7224 7225 0.01
7224 7226 0.01
7225 7226 0.2
7226 7227 0.2
7227 7229 0.01
7228 7229 0.01
7228 7230 0.2
7229 7230 0.2
7229 7231 0.2
7230 7232 0.2
7230 7231 0.01
7231 7233 0.05
7232 7233 0.05
7232 7234 0.05
7233 7234 0.05
7233 7235 0.2
7234 7235 0.01
7234 7236 0.2
7235 7237 0.05
7236 9128 0.05
7236 7237 0.2
7236 7238 0.05
7237 7238 0.05
7237 7239 0.05
7237 7682 0.2
7238 7240 0.01
7238 7239 0.05
7239 7240 0.05
7239 7241 0.05
7240 7242 0.01
7241 7242 0.01
7241 7243 0.05
7242 7244 0.05
7243 7244 0.01
7243 7245 0.2
7244 7245 0.05
7244 7246 0.01
7245 7246 0.2
7245 7247 0.05
7246 7248 0.01
7246 7247 0.2
7247 7248 0.2
7247 7249 0.2
7248 7249 0.2
7248 7250 0.05
7249 7250 0.01
7249 7251 0.05
7250 7251 0.01
7250 7252 0.05
7251 7253 0.2
7252 7253 0.05
7252 7254 0.05
7253 7254 0.01
7253 7255 0.01
7254 7256 0.05
7254 7255 0.2
7255 7256 0.2
7255 7257 0.01
7256 7257 0.05
7256 7258 0.2
7257 7258 0.2
7258 7259 0.05
7258 7260 0.2
7259 8320 0.01
7259 7260 0.01
7259 7261 0.2
7260 7261 0.01
7260 7262 0.05
7261 7262 0.2
7261 7263 0.2
7262 7264 0.2
7262 7263 0.05
7263 7264 0.05
7264 7265 0.2
7264 7266 0.01
7265 7266 0.05
7265 7267 0.2
7266 7267 0.05
7266 7268 0.05
7267 7268 0.01
7268 7269 0.2
7268 7270 0.05
7269 7270 0.05
7269 7271 0.05
7270 7272 0.2
7270 7271 0.2
7271 7272 0.01
7271 7273 0.2
7272 7273 0.2
7272 7274 0.2
7273 7274 0.2
7273 7275 0.2
7274 7275 0.05
7274 7276 0.01
7275 7276 0.2
7275 7277 0.05
7276 7277 0.2
7277 7278 0.2
7277 7279 0.05
7278 7280 0.2
7278 7279 0.2
7279 7280 0.05
7279 7281 0.01
7280 7281 0.01
7280 7282 0.01
7281 7282 0.2
7281 7283 0.01
7282 7283 0.01
7282 7284 0.01
7283 7284 0.2
7283 7285 0.01
7284 7285 0.05
7284 7286 0.2
7285 7286 0.05
7285 7287 0.05
7286 7288 0.01
7286 9169 0.2
7286 7287 0.01
7287 7288 0.01
7287 7289 0.01
7288 7289 0.2
7288 7290 0.05
7289 7290 0.05
7289 7291 0.01
7290 7291 0.01
7290 7292 0.2
7291 7292 0.05
7291 7293 0.01
7292 7293 0.01
7292 7294 0.2
7293 7294 0.01
7293 7295 0.05
7294 7296 0.05
7294 7295 0.2
7295 7296 0.2
7295 7297 0.01
7296 7297 0.01
7296 7298 0.05
7296 9285 0.01
7297 7298 0.2
7297 7299 0.05
7298 7299 0.05
7298 7300 0.01
7299 7300 0.2
7299 7301 0.2
7300 7301 0.2
7300 7302 0.01
7301 7302 0.01
7301 7303 0.05
7302 7304 0.05
7302 7303 0.05
7303 7304 0.2
7303 7305 0.05
7304 8568 0.01
7304 7305 0.01
7305 7306 0.2
7305 7307 0.01
7306 7307 0.05
7306 7308 0.2
7307 7308 0.01
7307 7309 0.01
7308 7309 0.2
7308 7310 0.01
7309 7310 0.2
7309 7311 0.2
7310 7311 0.01
7311 7312 0.01
7311 7313 0.01
7312 7313 0.01
7312 7314 0.01
7313 7314 0.05
7313 7315 0.05
7314 7315 0.2
7314 7316 0.2
7315 7316 0.01
7315 7317 0.05
7316 7317 0.01
7316 7318 0.2
7317 7318 0.2
7317 7319 0.2
7318 7320 0.2
7318 7319 0.2
7319 7320 0.05
7319 7321 0.01
7320 7321 0.01
7320 7322 0.2
7321 7322 0.05
7321 7323 0.2
7322 7323 0.05
7322 7324 0.05
7323 7324 0.2
7323 7325 0.2
7324 7326 0.01
7325 7326 0.01
7325 7327 0.05
7326 7328 0.05
7326 7327 0.2
7327 7328 0.05
7327 7329 0.01
7328 7329 0.2
7329 7330 0.01
7329 7331 0.01
7330 7331 0.2
7330 7332 0.05
7331 7332 0.01
7331 7333 0.01
7332 7333 0.05
7332 7334 0.01
7333 7334 0.01
7333 7335 0.2
7334 7336 0.2
7334 7335 0.05
7335 7336 0.01
7336 7337 0.01
7336 7338 0.05
7337 7338 0.05
7337 7339 0.05
7338 7339 0.2
7338 7340 0.05
7339 8459 0.01
7339 7340 0.01
7339 7341 0.05
7340 7341 0.01
7340 7342 0.2
7341 7342 0.2
7341 7343 0.01
7342 7344 0.2
7342 7343 0.2
7343 7344 0.2
7344 7345 0.05
7344 7346 0.05
7345 7346 0.2
7346 7347 0.01
7346 7348 0.2
7347 7348 0.2
7347 7349 0.01
7348 7349 0.2
7348 7350 0.05
7350 7352 0.05
7350 7351 0.2
7351 7352 0.01
7351 7353 0.01
7351 8127 0.05
7352 7353 0.05
7352 7354 0.05
7353 7354 0.01
7353 7355 0.05
7354 7355 0.01
7354 7356 0.01
7355 7356 0.01
7355 7357 0.2
7356 9552 0.2
7356 7357 0.05
7357 7359 0.2
7358 7360 0.01
7358 7359 0.01
7359 7361 0.05
7360 7361 0.01
7360 7362 0.2
7361 7362 0.2
7361 7363 0.2
7362 7363 0.01
7362 7364 0.05
7363 7364 0.01
7363 7365 0.05
7364 7365 0.2
7364 7366 0.2
7365 7366 0.2
7365 7367 0.01
7366 7368 0.2
7366 8048 0.05
7366 7367 0.01
7367 7368 0.05
7367 7369 0.2
7368 7370 0.01
7369 7370 0.01
7369 7371 0.01
7370 7371 0.05
7370 7372 0.2
7371 7372 0.01
7371 7373 0.2
7372 7373 0.05
7372 7374 0.05
7373 7374 0.05
7373 7375 0.05
7374 7376 0.01
7374 7375 0.01
7375 7377 0.01
7376 7377 0.01
7376 7378 0.01
7377 7378 0.2
7377 7379 0.2
7378 7379 0.05
7378 7380 0.2
7378 9537 0.2
7379 7380 0.2
7379 7381 0.01
7380 7381 0.2
7380 7382 0.05
7381 7382 0.01
7381 7383 0.05
7382 7384 0.05
7382 7383 0.2
7383 7384 0.01
7383 7385 0.05
7384 7386 0.2
7384 7742 0.05
7385 7386 0.2
7385 7387 0.01
7386 7387 0.01
7386 7388 0.05
7387 7389 0.01
7387 9809 0.2
7388 7389 0.05
7388 7390 0.05
7389 7390 0.01
7389 7391 0.05
7390 7392 0.05
7390 7391 0.01
7391 7392 0.01
7391 7393 0.01
7392 7393 0.01
7392 7394 0.2
7393 7394 0.01
7393 7395 0.01
7393 7526 0.05
7394 7395 0.2
7394 7396 0.2
7395 7396 0.2
7396 7397 0.01
7396 7398 0.01
7397 7398 0.2
7397 7399 0.01
7398 7400 0.01
7398 9379 0.01
7398 7399 0.01
7399 7400 0.01
7399 7401 0.05
7400 7401 0.01
7400 7402 0.05
7401 7402 0.01
7401 7403 0.05
7402 7403 0.05
7402 7404 0.2
7403 7404 0.2
7403 7405 0.01
7404 7405 0.05
7404 7406 0.01
7405 7406 0.2
7406 7408 0.05
7406 8492 0.05
7406 7407 0.2
7407 7408 0.01
7407 7409 0.2
7408 7409 0.01
7408 7410 0.01
7409 7410 0.05
7409 7411 0.2
7410 7411 0.01
7410 7412 0.05
7411 7412 0.2
7411 7413 0.2
7412 7413 0.05
7412 7414 0.01
7413 7414 0.05
7413 7415 0.2
7414 7416 0.05
7414 7415 0.05
7415 7416 0.2
7415 7417 0.05
7416 7417 0.2
7416 7418 0.01
7417 7418 0.2
7417 7419 0.05
7418 7419 0.05
7418 7420 0.2
7419 7420 0.2
7419 7421 0.2
7420 7421 0.01
7420 7422 0.01
7421 7422 0.05
7421 7423 0.05
7422 7424 0.2
7422 7423 0.2
7423 7424 0.05
7423 7425 0.05
7424 7425 0.01
7424 7426 0.01
7425 7426 0.01
7426 7427 0.2
7426 7428 0.01
7427 7428 0.05
7427 7429 0.2
7428 7429 0.2
7428 7430 0.01
7429 7430 0.01
7429 7431 0.05
7430 7432 0.2
7430 7431 0.01
7431 7432 0.01
7431 7433 0.01
7432 7434 0.2
7433 7434 0.05
7433 7435 0.2
7434 7435 0.05
7434 7436 0.01
7435 7436 0.01
7435 7437 0.05
7436 7437 0.01
7436 7438 0.05
7437 7438 0.05
7438 7440 0.2
7438 7439 0.05
7439 7440 0.05
7439 7441 0.01
7440 7441 0.01
7441 7442 0.05
7441 9213 0.2
7442 7443 0.05
7442 8091 0.05
7443 7444 0.01
7443 7445 0.05
7444 7445 0.05
7444 7446 0.05
7445 7446 0.01
7445 7447 0.01
7446 7448 0.01
7446 7447 0.05
7447 7448 0.01
7447 7449 0.2
7448 7449 0.05
7448 7450 0.2
7449 7450 0.01
7449 7451 0.2
7450 7451 0.05
7450 7452 0.01
7451 7452 0.2
7451 7453 0.05
7452 7453 0.01
7452 7454 0.2
7453 7454 0.05
7453 7455 0.05
7454 7456 0.2
7454 7455 0.01
7455 7456 0.01
7455 7457 0.05
7456 7457 0.2
7456 7458 0.2
7457 7458 0.05
7457 7459 0.05
7458 7459 0.2
7458 7460 0.2
7459 7460 0.01
7459 7461 0.01
7460 7461 0.2
7460 7462 0.05
7461 8466 0.2
7462 7463 0.2
7462 7464 0.05
7463 7464 0.2
7463 7465 0.05
7464 7465 0.05
7464 7466 0.2
7465 7466 0.2
7465 7467 0.2
7466 7467 0.2
7466 7468 0.05
7467 7468 0.01
7467 7469 0.05
7468 7469 0.05
7468 7470 0.2
7469 7470 0.01
7470 7472 0.01
7470 7471 0.01
7471 7472 0.05
7472 7473 0.2
7472 7474 0.05
7473 9923 0.01
7473 7475 0.01
7474 7475 0.2
7474 7476 0.05
7475 7476 0.05
7475 7477 0.2
7476 7477 0.05
7476 7478 0.01
7477 7478 0.2
7477 7479 0.05
7478 9949 0.05
7478 7479 0.05
7479 8801 0.2
7480 7481 0.05
7480 7482 0.2
7481 7482 0.2
7481 7483 0.01
7482 7483 0.01
7482 7484 0.05
7483 7484 0.2
7483 7485 0.2
7484 7485 0.05
7484 7486 0.05
7485 7486 0.01
7485 7487 0.05
7486 7488 0.05
7486 7487 0.01
7487 7488 0.05
7487 7489 0.01
7488 7489 0.05
7488 7490 0.01
7489 7490 0.05
7490 7491 0.05
7490 7492 0.2
7491 7493 0.2
7492 7493 0.01
7492 7494 0.05
7493 7494 0.01
7493 7495 0.2
7494 7496 0.01
7494 7495 0.05
7495 7497 0.2
7495 7963 0.2
7496 7497 0.05
7496 7498 0.01
7497 7498 0.05
7497 7499 0.01
7498 7499 0.05
7498 7500 0.05
7499 7500 0.05
7499 7501 0.05
7500 7501 0.01
7500 7502 0.01
7501 7502 0.2
7501 7503 0.01
7502 7943 0.01
7502 7503 0.2
7503 7504 0.2
7503 7505 0.01
7504 7505 0.01
7504 7506 0.01
7505 7506 0.2
7505 7507 0.01
7506 7507 0.01
7506 7508 0.2
7507 7509 0.2
7508 7509 0.05
7508 7510 0.2
7509 7511 0.05
7510 9892 0.01
7510 7511 0.2
7511 7512 0.2
7511 7513 0.01
7512 7514 0.01
7513 7514 0.2
7513 7515 0.05
7514 7515 0.05
7514 7516 0.01
7515 7516 0.2
7515 7517 0.05
7516 7517 0.2
7516 7518 0.2
7517 7518 0.01
7517 7519 0.2
7518 7519 0.01
7519 7520 0.05
7519 7521 0.01
7520 7521 0.01
7520 7522 0.2
7521 7522 0.05
7521 7523 0.01
7522 7523 0.2
7522 7524 0.01
7523 7524 0.01
7523 7525 0.01
7524 7525 0.05
7524 7526 0.2
7525 7527 0.05
7526 7528 0.2
7527 7528 0.05
7528 7529 0.01
7528 7530 0.2
7529 7530 0.05
7529 7531 0.05
7530 7531 0.01
7530 7532 0.01
7531 7532 0.05
7531 7533 0.2
7532 7533 0.05
7532 7534 0.05
7533 7534 0.05
7534 7536 0.2
7535 7536 0.05
7535 7537 0.05
7536 7537 0.05
7536 7538 0.2
7537 7538 0.01
7537 7539 0.01
7538 7539 0.05
7538 7540 0.01
7539 7540 0.05
7539 7541 0.01
7540 7541 0.2
7540 7542 0.01
7541 7542 0.01
7541 7543 0.2
7542 7544 0.01
7542 7543 0.05
7543 7544 0.2
7543 7545 0.2
7544 7545 0.2
7544 7546 0.2
7545 7546 0.2
7546 7547 0.2
7546 7548 0.05
7547 7548 0.01
7547 7549 0.05
7548 7549 0.2
7548 7550 0.01
7549 7550 0.2
7549 7551 0.2
7550 7552 0.01
7550 8591 0.05
7550 7551 0.2
7551 7552 0.01
7552 7553 0.01
7552 7554 0.01
7552 9655 0.2
7553 7554 0.2
7553 7555 0.2
7554 7555 0.2
7554 7556 0.2
7555 7556 0.2
7555 7557 0.05
7556 7557 0.2
7556 7558 0.2
7557 7558 0.01
7557 7559 0.2
7558 7560 0.01
7558 7559 0.2
7559 7560 0.05
7559 7561 0.2
7560 7561 0.2
7560 7562 0.2
7561 7562 0.05
7561 7563 0.05
7562 7563 0.05
7562 7564 0.01
7563 7564 0.2
7563 7565 0.05
7564 7565 0.01
7565 7566 0.05
7565 7567 0.01
7565 9912 0.05
7566 7568 0.01
7566 7567 0.05
7567 7568 0.05
7567 7569 0.2
7568 7569 0.01
7568 7570 0.2
7569 7571 0.01
7570 7571 0.05
7570 7572 0.2
7571 7572 0.05
7571 7573 0.05
7572 7573 0.01
7572 7574 0.05
7573 7574 0.2
7573 7575 0.2
7574 7576 0.01
7575 7576 0.05
7575 7577 0.2
7575 9746 0.05
7576 7577 0.2
7576 7578 0.01
7577 8425 0.05
7577 7579 0.05
7578 7579 0.01
7578 7580 0.2
7579 7580 0.01
7579 7581 0.2
7580 7581 0.01
7580 7582 0.05
7581 7582 0.2
7581 7583 0.2
7582 7584 0.2
7582 7583 0.01
7583 7584 0.2
7583 7585 0.05
7584 7585 0.05
7584 7586 0.05
7585 7586 0.05
7585 7587 0.01
7585 8839 0.01
7586 7587 0.05
7586 7588 0.05
7587 9521 0.2
7588 7589 0.01
7588 7590 0.2
7589 7591 0.05
7590 7592 0.2
7590 7591 0.01
7591 7592 0.01
7591 7593 0.05
7592 7593 0.01
7592 7594 0.01
7593 7594 0.01
7593 7595 0.05
7594 7595 0.05
7594 7596 0.2
7595 7596 0.2
7596 7597 0.05
7596 7598 0.2
7597 7598 0.01
7597 7599 0.01
7598 7600 0.01
7598 7599 0.05
7599 7600 0.01
7599 7601 0.2
7600 7601 0.01
7601 7602 0.01
7601 7603 0.01
7602 7603 0.2
7602 7604 0.2
7603 7604 0.05
7603 7605 0.05
7604 7605 0.05
7604 7606 0.01
7605 7606 0.05
7605 7607 0.2
7606 7608 0.2
7606 7607 0.01
7607 7608 0.2
7608 7609 0.05
7608 7610 0.01
7609 7610 0.05
7610 7611 0.05
7610 7612 0.2
7611 8797 0.2
7611 7612 0.2
7611 7613 0.01
7612 7613 0.2
7612 7614 0.01
7613 7614 0.01
7613 7615 0.2
7614 7616 0.05
7614 7615 0.05
7615 7616 0.05
7615 7617 0.2
7616 7617 0.05
7616 7618 0.2
7617 7618 0.05
7617 7619 0.05
7618 7620 0.05
7618 7661 0.2
7618 9182 0.01
7619 7620 0.2
7619 7621 0.01
7620 7621 0.2
7620 7622 0.2
7621 7622 0.2
7621 7623 0.01
7622 7624 0.01
7622 7623 0.01
7623 7624 0.2
7623 7625 0.2
7624 7625 0.05
7624 7626 0.2
7625 7626 0.2
7625 7627 0.05
7626 7627 0.05
7626 7628 0.05
7627 7628 0.05
7627 7629 0.01
7628 7629 0.2
7628 7630 0.2
7629 7631 0.2
7630 7632 0.05
7630 7631 0.01
7631 7632 0.01
7631 7633 0.05
7632 7633 0.05
7633 7634 0.05
7633 7635 0.01
7634 7635 0.2
7634 7636 0.2
7635 7636 0.2
7635 7637 0.2
7636 7637 0.2
7636 7638 0.05
7637 7638 0.05
7637 7639 0.05
7638 7640 0.05
7638 7639 0.05
7639 7640 0.01
7639 7641 0.01
7640 7642 0.01
7641 7642 0.2
7641 7643 0.2
7642 7643 0.01
7642 7644 0.05
7643 7644 0.2
7643 7645 0.05
7644 7645 0.2
7644 7646 0.2
7645 7646 0.05
7645 7647 0.01
7646 7648 0.05
7647 7648 0.05
7647 7649 0.01
7648 7649 0.01
7648 7650 0.05
7649 7650 0.05
7649 7651 0.05
7650 7651 0.05
7651 7652 0.01
7651 7653 0.01
7652 7653 0.05
7652 7654 0.05
7653 7654 0.2
7653 7655 0.01
7654 7656 0.01
7654 7655 0.2
7655 7656 0.05
7655 7657 0.01
7656 7657 0.01
7656 7658 0.01
7657 7658 0.2
7657 7659 0.2
7658 7659 0.01
7658 7660 0.01
7659 7660 0.2
7659 7661 0.01
7660 7661 0.2
7660 7662 0.2
7661 7662 0.01
7661 7663 0.01
7661 9682 0.05
7662 7664 0.01
7662 7663 0.05
7663 7664 0.01
7663 7665 0.05
7664 7665 0.2
7664 7666 0.05
7665 8080 0.2
7665 7666 0.05
7666 7667 0.2
7666 7668 0.01
7667 7668 0.05
7667 7669 0.05
7668 7669 0.01
7668 7670 0.2
7669 7670 0.2
7669 7671 0.01
7670 7672 0.05
7670 7671 0.05
7671 7672 0.05
7671 7673 0.05
7672 7673 0.01
7672 7674 0.01
7673 7674 0.05
7673 7675 0.2
7674 7676 0.2
7675 7676 0.01
7675 7677 0.05
7676 7677 0.01
7676 7678 0.2
7677 7678 0.01
7677 7679 0.2
7678 7680 0.01
7678 7679 0.05
7679 7680 0.01
7680 7681 0.2
7680 9755 0.05
7681 7682 0.05
7681 7683 0.05
7682 7684 0.2
7683 7684 0.2
7683 7685 0.2
7684 7685 0.2
7684 7686 0.01
7685 7686 0.2
7685 7687 0.2
7686 7688 0.05
7686 7687 0.01
7687 7688 0.05
7687 7689 0.01
7688 7689 0.2
7688 7690 0.2
7689 7690 0.05
7690 7692 0.01
7691 7692 0.2
7691 7693 0.2
7692 7693 0.2
7692 7694 0.01
7693 7694 0.2
7693 7695 0.2
7694 7696 0.01
7694 7695 0.01
7695 7696 0.01
7695 7697 0.2
7696 7697 0.05
7696 7698 0.01
7697 7698 0.2
7697 7699 0.01
7698 7699 0.05
7698 7700 0.05
7699 7701 0.01
7700 7701 0.05
7700 7702 0.01
7701 7828 0.2
7702 7704 0.05
7702 7703 0.05
7703 7704 0.01
7703 7705 0.01
7705 7706 0.2
7705 7707 0.01
7706 7707 0.2
7706 7708 0.2
7707 7708 0.2
7707 7709 0.01
7708 7709 0.01
7708 7710 0.05
7709 7710 0.01
7709 7711 0.05
7710 7712 0.2
7710 7711 0.2
7711 7712 0.01
7712 7713 0.2
7712 7714 0.01
7713 7714 0.01
7713 7715 0.05
7714 7716 0.2
7715 7716 0.05
7715 7717 0.2
7716 7717 0.05
7716 7718 0.2
7717 7718 0.2
7717 7719 0.01
7718 7720 0.2
7718 7719 0.05
7719 7720 0.05
7719 7721 0.2
7720 7721 0.2
7720 9335 0.01
7721 7722 0.05
7721 7723 0.01
7722 8107 0.05
7722 7724 0.2
7723 7724 0.05
7723 7725 0.05
7724 7725 0.2
7724 7726 0.05
7725 7726 0.2
7725 7727 0.05
7726 7728 0.2
7726 7727 0.05
7727 7728 0.05
7727 7729 0.01
7728 7729 0.01
7728 7730 0.01
7729 9409 0.05
7729 7730 0.05
7729 7731 0.05
7730 7731 0.05
7730 7732 0.01
7731 7732 0.2
7731 9321 0.05
7732 7733 0.01
7732 7734 0.01
7733 7836 0.05
7733 7734 0.05
7733 7735 0.2
7734 7736 0.01
7734 7735 0.05
7735 7736 0.2
7735 7737 0.05
7736 7737 0.2
7736 7738 0.01
7737 7738 0.05
7737 7739 0.05
7738 7739 0.2
7738 7740 0.05
7739 7740 0.2
7739 7741 0.01
7740 7741 0.01
7740 7742 0.05
7741 7742 0.05
7742 7744 0.2
7742 7743 0.01
7743 7744 0.05
7744 7745 0.01
7744 7746 0.2
7745 7746 0.05
7745 7747 0.05
7746 7747 0.2
7746 7748 0.05
7747 7748 0.05
7747 7749 0.05
7748 7749 0.05
7748 7750 0.05
7749 7750 0.05
7749 7751 0.05
7750 7752 0.01
7750 7751 0.05
7751 7752 0.05
7751 7753 0.2
7752 7753 0.01
7752 7754 0.05
7753 7754 0.2
7753 7755 0.01
7754 7755 0.05
7754 7756 0.05
7755 7756 0.05
7755 7757 0.01
7756 7757 0.2
7756 7758 0.01
7757 7758 0.2
7757 7759 0.01
7758 7760 0.2
7759 7760 0.01
7759 7761 0.2
7760 7762 0.2
7761 9601 0.05
7761 7762 0.01
7761 7763 0.2
7762 7763 0.2
7762 7764 0.01
7763 7764 0.2
7763 7765 0.01
7764 7766 0.05
7765 9430 0.01
7765 7766 0.2
7765 7767 0.05
7766 7768 0.05
7766 7767 0.2
7767 7768 0.01
7767 7769 0.2
7768 7769 0.01
7768 7770 0.2
7769 7770 0.01
7769 7771 0.05
7770 7771 0.2
7771 7772 0.01
7771 7773 0.01
7772 7774 0.2
7773 7775 0.05
7774 7776 0.2
7774 7775 0.01
7775 7776 0.05
7775 7777 0.01
7776 7777 0.05
7776 7778 0.05
7777 7778 0.05
7777 7779 0.01
7778 7779 0.2
7778 7780 0.2
7779 7781 0.01
7780 7781 0.01
7780 7782 0.01
7781 7782 0.01
7781 7783 0.2
7782 7784 0.01
7782 7783 0.2
7783 7784 0.05
7783 7785 0.05
7784 7785 0.01
7784 7786 0.01
7785 7786 0.05
7785 7787 0.05
7786 7787 0.01
7786 7788 0.01
7787 9660 0.2
7787 7788 0.2
7787 7789 0.01
7788 7789 0.01
7788 7790 0.05
7789 7790 0.2
7789 7791 0.01
7790 7792 0.05
7790 7791 0.2
7791 7792 0.05
7791 7793 0.01
7792 7793 0.2
7792 7794 0.05
7793 7794 0.01
7793 7795 0.01
7794 7795 0.01
7794 7796 0.2
7795 8400 0.2
7795 7796 0.2
7795 7797 0.2
7796 7866 0.05
7797 9828 0.01
7797 7798 0.01
7798 7800 0.2
7798 7799 0.2
7799 7800 0.2
7799 7801 0.01
7800 7801 0.01
7800 7802 0.2
7801 7802 0.2
7801 7803 0.05
7802 7803 0.01
7802 8368 0.2
7803 7804 0.05
7803 7805 0.05
7804 7805 0.05
7804 7806 0.2
7805 7806 0.2
7806 7808 0.01
7806 7807 0.05
7807 7808 0.05
7807 7809 0.05
7808 7809 0.01
7808 7810 0.01
7809 7810 0.05
7809 7811 0.2
7810 7811 0.2
7810 7812 0.05
7811 7812 0.05
7811 7813 0.05
7812 7813 0.05
7812 7814 0.01
7813 7832 0.01
7813 7814 0.05
7813 7815 0.2
7814 7816 0.05
7814 7815 0.05
7815 7816 0.05
7815 7817 0.2
7816 7817 0.2
7816 7818 0.2
7817 7818 0.01
7817 7819 0.05
7818 7819 0.01
7818 7820 0.05
7819 7820 0.2
7819 7821 0.05
7820 7821 0.05
7820 7822 0.2
7822 7824 0.2
7822 7823 0.01
7823 7824 0.05
7824 7825 0.01
7824 7826 0.2
7825 7826 0.01
7825 7827 0.05
7826 7827 0.01
7826 7828 0.05
7827 7828 0.05
7827 7829 0.05
7828 7829 0.2
7828 7830 0.01
7829 7830 0.2
7829 7831 0.05
7830 7832 0.05
7830 7831 0.01
7831 7832 0.2
7831 7833 0.01
7832 7834 0.01
7832 8253 0.2
7833 7834 0.01
7833 7835 0.01
7834 7835 0.05
7834 7836 0.2
7835 7836 0.01
7835 7837 0.01
7836 7838 0.01
7837 7838 0.05
7837 7839 0.2
7838 7840 0.05
7838 7839 0.2
7839 7841 0.2
7840 7841 0.2
7840 7842 0.01
7841 7842 0.01
7841 7843 0.05
7842 7843 0.05
7842 7844 0.05
7843 7844 0.05
7843 7845 0.2
7844 7845 0.05
7845 7846 0.01
7845 7847 0.01
7846 7848 0.05
7846 7847 0.2
7847 7848 0.2
7847 7849 0.2
7847 8563 0.05
7848 7849 0.01
7848 7850 0.05
7849 7851 0.2
7850 7851 0.01
7851 7852 0.2
7851 7853 0.05
7852 7853 0.2
7852 7854 0.05
7853 7855 0.05
7854 7856 0.2
7854 7855 0.01
7856 7857 0.05
7856 7858 0.05
7857 7858 0.2
7857 7859 0.05
7858 7859 0.2
7858 7860 0.2
7859 7860 0.2
7859 7861 0.2
7860 7861 0.01
7860 7862 0.01
7861 7862 0.05
7861 7863 0.2
7862 7864 0.01
7863 7864 0.05
7863 7865 0.01
7865 9146 0.01
7865 7867 0.01
7866 7867 0.2
7866 7868 0.2
7867 7868 0.01
7868 7869 0.01
7868 7870 0.01
7869 7870 0.05
7869 7871 0.01
7870 7872 0.01
7870 7871 0.05
7871 7872 0.05
7871 8780 0.01
7871 8334 0.2
7872 7873 0.2
7872 7874 0.05
7873 7874 0.01
7873 7875 0.2
7874 7875 0.2
7875 7876 0.05
7875 7877 0.05
7876 7877 0.01
7876 7878 0.05
7877 7878 0.01
7877 7879 0.05
7878 7880 0.05
7878 7879 0.2
7879 7880 0.2
7879 7881 0.05
7880 7881 0.2
7880 7882 0.05
7881 7882 0.2
7881 7883 0.05
7882 7883 0.2
7882 7884 0.2
7883 7884 0.01
7884 7885 0.01
7884 7886 0.05
7885 7887 0.2
7886 7887 0.2
7887 7889 0.01
7887 9409 0.2
7888 7889 0.2
7888 7890 0.05
7890 7891 0.2
7890 7892 0.2
7891 7892 0.05
7891 7893 0.05
7892 9745 0.05
7892 7893 0.01
7893 7894 0.05
7893 7895 0.2
7894 7896 0.2
7894 7895 0.01
7895 7896 0.01
7895 7897 0.2
7896 7897 0.2
7896 7898 0.05
7897 7898 0.01
7898 7899 0.05
7898 7900 0.05
7899 7900 0.01
7900 7901 0.01
7900 7902 0.05
7901 7902 0.01
7901 7903 0.01
7902 7904 0.05
7902 7903 0.2
7903 7904 0.01
7903 7905 0.01
7904 7905 0.2
7904 7906 0.01
7905 7906 0.2
7905 7907 0.05
7906 7907 0.05
7906 7908 0.01
7907 7908 0.01
7907 7909 0.2
7908 7909 0.05
7908 7910 0.2
7909 7910 0.01
7909 7911 0.01
7910 7912 0.05
7910 7911 0.2
7911 7912 0.2
7911 7913 0.01
7912 7913 0.05
7912 7914 0.2
7913 7914 0.01
7913 7915 0.01
7913 9893 0.05
7914 7915 0.05
7914 7916 0.05
7915 7916 0.2
7915 7917 0.2
7916 7917 0.05
7916 7918 0.05
7917 7918 0.2
7917 7919 0.05
7918 7920 0.05
7918 8350 0.2
7918 7919 0.2
7919 7920 0.2
7919 7921 0.2
7920 7921 0.01
7920 7922 0.01
7921 7922 0.2
7921 7923 0.01
7922 7923 0.01
7922 7924 0.2
7923 7924 0.01
7923 7925 0.05
7924 7925 0.01
7924 7926 0.05
7925 7926 0.2
7925 7927 0.01
7926 7928 0.01
7926 7927 0.2
7927 7928 0.2
7927 7929 0.2
7928 7930 0.05
7929 7931 0.05
7930 7931 0.2
7930 7932 0.2
7931 7932 0.2
7931 7933 0.05
7932 7933 0.2
7932 7934 0.2
7933 7934 0.2
7933 7935 0.05
7934 7936 0.01
7934 7935 0.01
7935 7936 0.01
7935 7937 0.01
7936 7937 0.01
7936 7938 0.01
7938 7939 0.2
7938 7940 0.01
7939 7940 0.01
7939 7941 0.01
7940 7941 0.05
7940 7942 0.01
7941 7942 0.05
7941 7943 0.01
7942 7944 0.01
7942 7943 0.01
7943 7944 0.2
7943 7945 0.05
7944 7945 0.05
7945 7946 0.2
7945 7947 0.05
7946 7947 0.05
7946 7948 0.05
7947 7948 0.2
7947 7949 0.01
7948 8162 0.01
7948 7949 0.2
7948 7950 0.05
7949 7951 0.05
7950 7952 0.05
7951 7952 0.2
7951 7953 0.05
7952 7953 0.05
7952 7954 0.05
7953 7954 0.2
7953 7955 0.05
7954 7955 0.2
7954 7956 0.01
7955 7956 0.2
7955 7957 0.01
7956 7957 0.01
7956 7958 0.2
7957 7958 0.05
7957 7959 0.2
7958 7960 0.01
7958 7959 0.05
7959 7961 0.2
7960 7961 0.05
7961 7962 0.05
7961 7963 0.2
7962 9509 0.05
7962 8815 0.2
7962 7963 0.01
7962 7964 0.2
7963 7964 0.05
7964 7965 0.2
7964 7966 0.05
7965 7966 0.01
7965 7967 0.01
7966 7968 0.05
7966 7967 0.05
7967 7968 0.2
7967 7969 0.05
7968 7969 0.2
7968 7970 0.05
7969 7970 0.01
7969 7971 0.2
7970 7971 0.2
7970 7972 0.01
7971 7972 0.05
7971 7973 0.05
7972 7973 0.01
7972 7974 0.2
7973 7974 0.01
7973 7975 0.01
7974 7976 0.05
7974 7975 0.05
7975 7976 0.2
7975 7977 0.01
7976 7977 0.01
7976 7978 0.2
7977 7978 0.05
7977 7979 0.05
7978 7979 0.01
7978 7980 0.05
7979 7981 0.05
7980 7981 0.2
7980 7990 0.01
7981 7982 0.2
7981 7983 0.05
7982 7984 0.01
7983 7984 0.2
7983 7985 0.05
7984 7985 0.2
7984 7986 0.05
7985 7986 0.05
7985 7987 0.01
7985 9542 0.2
7986 7987 0.2
7986 9876 0.05
7987 7988 0.05
7987 7989 0.2
7988 7989 0.01
7988 7990 0.2
7989 7990 0.01
7989 7991 0.2
7991 7992 0.05
7991 7993 0.2
7992 7993 0.2
7992 7994 0.05
7993 7994 0.05
7993 7995 0.01
7994 7996 0.05
7995 7996 0.2
7995 7997 0.2
7996 7997 0.2
7996 7998 0.01
7997 7999 0.01
7998 8000 0.05
7998 7999 0.01
7999 8000 0.2
7999 8001 0.2
8000 8001 0.01
8000 8002 0.2
8001 8002 0.2
8001 8003 0.01
8002 8003 0.01
8002 8004 0.01
8003 8004 0.05
8003 8005 0.01
8004 8005 0.01
8004 8006 0.05
8005 8006 0.2
8006 8008 0.2
8006 8007 0.01
8007 8008 0.05
8007 8009 0.01
8008 8010 0.2
8009 8010 0.05
8009 8011 0.01
8010 8011 0.2
8010 8012 0.2
8011 8012 0.2
8011 8013 0.01
8012 8013 0.05
8012 8014 0.2
8013 8014 0.05
8013 8015 0.2
8014 8015 0.01
8015 8017 0.2
8016 8017 0.2
8016 8018 0.05
8017 9363 0.2
8017 8019 0.01
8018 8020 0.2
8019 8020 0.05
8019 8021 0.05
8020 8021 0.2
8020 8022 0.2
8021 8022 0.01
8021 8023 0.01
8022 8024 0.01
8023 8024 0.2
8023 8025 0.01
8024 8025 0.2
8024 8026 0.05
8025 8860 0.01
8026 8027 0.01
8026 8028 0.05
8027 8028 0.01
8027 8029 0.05
8028 8029 0.2
8028 8030 0.01
8028 9229 0.2
8029 8030 0.2
8029 8031 0.05
8030 8032 0.01
8031 8032 0.2
8031 8033 0.2
8032 8033 0.01
8032 8034 0.05
8033 8034 0.05
8033 8035 0.2
8034 8035 0.05
8034 8036 0.01
8034 8760 0.05
8035 8036 0.05
8035 8037 0.2
8036 8037 0.2
8036 8038 0.01
8037 8038 0.2
8037 8039 0.05
8038 9316 0.01
8038 8039 0.01
8038 8911 0.01
8039 8040 0.01
8039 8041 0.2
8040 8041 0.01
8040 8042 0.01
8041 8042 0.05
8041 8043 0.2
8042 8043 0.2
8042 8044 0.01
8043 8045 0.01
8044 8045 0.01
8044 8046 0.01
8045 8046 0.2
8045 8047 0.05
8046 8048 0.05
8047 8048 0.01
8049 8050 0.2
8049 8051 0.01
8050 8051 0.05
8050 8052 0.2
8051 8052 0.2
8052 8053 0.01
8052 8054 0.2
8053 8054 0.2
8053 8055 0.01
8054 8056 0.05
8054 8055 0.01
8055 8056 0.05
8055 8057 0.2
8056 8057 0.05
8056 8058 0.01
8057 8058 0.05
8057 8059 0.01
8058 8059 0.2
8058 8060 0.05
8059 8060 0.05
8059 8061 0.01
8060 8061 0.01
8060 8062 0.05
8061 8062 0.01
8062 8064 0.01
8062 8063 0.05
8063 8064 0.05
8063 8065 0.2
8064 8065 0.05
8064 8066 0.05
8065 8066 0.01
8065 8067 0.05
8066 8067 0.05
8067 8068 0.2
8067 8069 0.05
8068 8069 0.05
8068 8070 0.2
8069 8070 0.2
8069 8071 0.05
8070 8072 0.2
8070 8071 0.2
8071 8072 0.01
8071 8073 0.01
8072 8073 0.2
8072 8074 0.05
8073 8075 0.01
8074 8075 0.2
8074 8076 0.2
8075 8076 0.01
8075 8077 0.2
8076 8077 0.05
8076 8078 0.05
8077 8078 0.2
8077 8079 0.2
8078 8080 0.05
8078 8079 0.01
8079 8080 0.05
8079 8081 0.2
8080 8081 0.2
8080 8082 0.2
8081 8082 0.2
8081 8083 0.05
8082 8083 0.01
8082 8084 0.2
8083 8084 0.01
8083 8085 0.05
8084 8086 0.01
8085 8086 0.05
8086 8088 0.05
8086 8087 0.01
8087 8089 0.01
8088 8089 0.2
8088 8090 0.2
8089 8090 0.2
8089 8091 0.01
8090 8091 0.05
8090 8092 0.01
8091 8092 0.05
8091 8093 0.2
8092 8093 0.05
8092 8094 0.05
8093 8094 0.2
8093 8095 0.05
8094 8096 0.2
8094 8095 0.2
8095 8096 0.01
8095 8097 0.05
8096 8097 0.2
8096 8098 0.01
8097 8099 0.2
8098 8920 0.05
8098 8099 0.01
8099 8100 0.01
8099 8101 0.05
8100 8101 0.05
8100 8102 0.05
8101 8102 0.05
8102 8104 0.2
8102 8103 0.01
8103 8104 0.01
8103 8105 0.05
8104 8105 0.05
8104 8106 0.01
8105 8106 0.05
8105 8479 0.2
8106 8107 0.01
8106 8108 0.01
8107 8326 0.05
8107 8108 0.2
8107 8109 0.05
8108 8109 0.2
8108 8110 0.2
8109 8110 0.2
8109 8111 0.05
8110 8112 0.2
8110 8111 0.05
8111 8112 0.05
8111 8113 0.01
8111 8526 0.05
8112 8113 0.2
8112 8114 0.05
8113 8114 0.2
8113 8115 0.05
8114 8115 0.05
8114 8116 0.2
8115 8116 0.05
8115 8117 0.05
8116 8117 0.01
8116 8118 0.01
8117 8118 0.2
8117 8119 0.01
8118 8120 0.05
8118 8119 0.05
8119 8120 0.05
8119 8121 0.2
8120 8121 0.05
8120 8122 0.2
8121 8122 0.01
8121 8123 0.01
8122 8123 0.2
8122 8124 0.01
8123 8124 0.05
8123 8125 0.2
8124 8125 0.2
8124 8126 0.2
8125 8126 0.01
8125 8127 0.2
8126 8128 0.01
8127 8128 0.01
8128 8129 0.2
8128 8130 0.05
8129 8130 0.01
8129 8131 0.01
8130 8131 0.05
8130 8132 0.01
8131 8132 0.05
8131 8133 0.05
8132 8133 0.05
8133 8134 0.01
8133 8135 0.05
8134 8136 0.01
8134 8135 0.2
8135 8136 0.01
8135 8137 0.01
8136 8137 0.01
8136 8138 0.05
8137 8138 0.05
8137 8139 0.01
8138 8139 0.01
8138 8140 0.01
8139 8140 0.01
8139 8141 0.05
8140 8141 0.01
8140 8142 0.2
8141 8142 0.01
8141 8143 0.01
8142 8144 0.2
8142 8143 0.2
8143 8145 0.05
8143 9929 0.01
8144 8145 0.05
8144 8146 0.01
8145 8146 0.05
8145 8147 0.01
8146 8147 0.05
8146 8148 0.2
8147 8148 0.2
8147 8149 0.05
8148 8149 0.2
8148 8150 0.01
8149 8150 0.05
8149 8151 0.2
8150 8152 0.05
8150 8151 0.05
8151 8152 0.2
8151 8153 0.01
8151 9417 0.01
8152 9512 0.05
8152 8153 0.01
8152 8154 0.05
8153 8154 0.01
8153 8155 0.05
8154 8155 0.05
8155 8156 0.05
8155 8157 0.2
8156 8157 0.2
8156 8158 0.05
8157 8158 0.2
8157 8159 0.05
8158 8159 0.2
8159 8161 0.01
8160 8161 0.05
8160 8162 0.05
8161 8163 0.2
8162 8163 0.2
8163 8164 0.2
8163 8165 0.01
8164 8165 0.01
8164 8166 0.2
8165 8166 0.01
8166 8168 0.01
8166 8167 0.05
8167 8168 0.05
8167 8169 0.05
8168 8169 0.2
8168 8170 0.01
8169 8171 0.2
8170 8171 0.2
8170 8172 0.05
8171 8172 0.01
8171 8173 0.2
8172 8173 0.01
8172 8174 0.01
8173 8174 0.05
8174 8176 0.01
8174 8175 0.01
8175 8176 0.01
8175 8177 0.05
8176 8177 0.05
8176 8178 0.01
8177 8178 0.05
8177 8179 0.05
8178 8179 0.2
8178 8180 0.01
8179 8180 0.05
8179 8181 0.01
8180 8182 0.05
8181 8182 0.05
8181 8183 0.05
8182 8184 0.2
8183 8184 0.05
8183 8185 0.01
8184 8185 0.05
8184 8186 0.05
8185 8186 0.01
8185 8187 0.01
8186 8187 0.05
8186 8188 0.2
8187 8424 0.2
8187 8188 0.01
8187 8189 0.05
8188 8189 0.01
8188 8190 0.05
8189 8190 0.2
8189 8191 0.2
8190 8192 0.01
8190 8191 0.2
8191 8193 0.05
8192 8193 0.01
8192 8194 0.01
8192 8510 0.05
8193 8194 0.01
8193 8195 0.2
8194 8195 0.2
8194 8196 0.05
8195 8196 0.2
8195 8197 0.05
8196 8197 0.01
8196 8198 0.05
8196 9933 0.2
8197 8198 0.2
8197 8199 0.05
8198 8200 0.05
8198 8199 0.01
8199 8200 0.05
8199 8201 0.05
8200 8201 0.05
8200 8202 0.2
8201 8202 0.2
8201 8203 0.01
8202 8203 0.2
8202 8204 0.05
8203 8205 0.2
8204 8205 0.05
8204 8206 0.05
8205 8206 0.2
8205 8207 0.05
8206 8208 0.2
8206 8207 0.05
8207 8208 0.01
8207 9733 0.01
8208 8209 0.05
8208 8210 0.2
8209 8211 0.05
8210 8211 0.2
8210 8212 0.01
8211 8212 0.01
8211 8213 0.01
8212 8213 0.05
8212 8214 0.2
8213 8214 0.2
8213 8215 0.05
8214 8216 0.01
8214 8215 0.2
8215 8216 0.2
8215 8217 0.2
8216 8217 0.05
8216 8218 0.05
8217 8218 0.01
8218 8219 0.05
8218 8220 0.05
8219 8220 0.01
8220 8221 0.01
8220 8222 0.05
8221 8222 0.05
8221 8223 0.05
8222 8224 0.01
8223 8224 0.2
8223 8225 0.2
8224 8225 0.05
8224 8226 0.05
8225 8226 0.05
8225 8227 0.05
8226 8227 0.2
8226 8228 0.05
8227 8228 0.01
8227 8229 0.2
8228 8230 0.05
8229 9409 0.01
8230 8232 0.05
8230 8231 0.05
8231 8232 0.05
8231 8233 0.01
8232 8233 0.05
8232 8234 0.05
8232 8235 0.05
8233 8234 0.2
8233 8235 0.01
8234 8235 0.2
8234 8236 0.01
8235 8237 0.05
8236 8237 0.2
8236 8238 0.01
8237 8238 0.2
8237 8239 0.2
8238 8239 0.05
8239 8240 0.01
8240 8241 0.01
8240 8242 0.01
8241 8242 0.2
8241 8243 0.01
8242 8244 0.01
8243 8244 0.2
8243 8245 0.01
8244 8245 0.2
8244 8246 0.05
8245 8246 0.05
8245 8247 0.05
8246 8248 0.05
8246 8247 0.05
8247 8248 0.2
8247 8249 0.2
8248 8249 0.01
8248 8250 0.2
8249 8250 0.2
8249 8251 0.2
8250 8251 0.05
8250 8252 0.01
8251 8252 0.01
8251 8253 0.05
8252 8253 0.05
8252 8254 0.01
8253 8255 0.01
8254 8256 0.2
8254 8255 0.2
8255 8256 0.2
8255 8257 0.01
8255 9403 0.05
8256 8258 0.2
8257 8258 0.2
8257 8259 0.01
8258 8259 0.05
8258 8260 0.2
8259 8260 0.2
8259 8261 0.05
8260 8262 0.05
8261 8262 0.05
8261 8263 0.01
8262 8264 0.01
8262 8263 0.2
8263 8264 0.05
8263 8265 0.2
8264 8265 0.2
8264 8266 0.2
8265 8266 0.01
8265 8267 0.05
8266 8267 0.01
8266 8268 0.01
8267 8268 0.2
8267 8269 0.05
8268 8269 0.05
8268 8270 0.2
8269 8270 0.2
8269 8271 0.2
8270 8272 0.01
8270 8271 0.2
8271 8272 0.01
8271 8273 0.05
8272 8274 0.2
8272 9132 0.05
8273 8274 0.01
8273 8275 0.05
8274 8275 0.05
8274 8276 0.2
8275 8276 0.2
8275 8277 0.01
8276 8277 0.05
8276 8278 0.2
8277 8278 0.2
8277 8279 0.01
8278 8280 0.2
8278 8279 0.05
8279 8280 0.01
8279 8281 0.2
8280 8281 0.05
8280 8282 0.05
8281 8282 0.01
8281 8283 0.05
8282 8283 0.01
8282 8284 0.01
8283 8284 0.05
8283 8285 0.2
8284 8286 0.01
8285 8286 0.05
8285 8287 0.05
8286 8288 0.05
8287 8288 0.2
8287 8289 0.2
8288 8289 0.05
8288 8290 0.01
8289 8290 0.01
8289 8291 0.01
8290 8291 0.01
8290 8292 0.2
8291 8292 0.05
8291 8293 0.01
8292 8293 0.01
8292 8294 0.2
8293 8294 0.05
8293 8295 0.2
8294 8296 0.2
8294 8295 0.2
8295 8297 0.05
8296 8297 0.2
8296 8298 0.05
8297 8298 0.2
8297 8299 0.2
8298 8299 0.05
8298 8300 0.2
8299 8300 0.05
8299 8301 0.05
8300 8301 0.2
8300 8302 0.01
8301 8302 0.05
8301 8303 0.05
8302 8304 0.05
8302 8303 0.05
8303 8304 0.05
8303 8305 0.01
8304 8305 0.05
8304 8306 0.2
8305 8306 0.05
8305 8307 0.01
8306 8307 0.2
8306 8308 0.2
8307 8308 0.01
8307 8309 0.2
8308 8309 0.05
8308 8310 0.05
8309 8310 0.05
8309 8311 0.01
8310 8312 0.2
8310 8311 0.2
8311 8312 0.01
8311 8313 0.2
8312 8313 0.05
8312 8314 0.2
8313 8314 0.05
8313 8315 0.01
8314 8315 0.01
8314 8316 0.2
8315 8728 0.2
8316 8317 0.05
8316 8551 0.05
8317 8666 0.05
8317 8318 0.05
8317 8319 0.05
8318 8320 0.2
8318 8319 0.05
8319 8320 0.01
8319 8321 0.01
8320 8321 0.2
8321 8322 0.2
8321 8323 0.01
8322 9954 0.2
8322 8323 0.05
8322 8324 0.2
8323 8324 0.05
8323 8325 0.05
8324 8325 0.01
8324 8326 0.05
8325 8326 0.2
8325 8327 0.2
8326 8328 0.05
8327 8328 0.01
8327 8329 0.05
8328 8329 0.2
8328 8330 0.01
8329 8330 0.05
8329 8331 0.2
8330 8331 0.01
8330 8332 0.01
8331 8332 0.05
8331 8333 0.01
8332 8333 0.01
8332 8334 0.01
8333 8334 0.2
8333 8335 0.05
8334 8336 0.01
8334 8335 0.01
8335 8336 0.2
8335 8337 0.05
8336 8337 0.2
8336 8338 0.05
8337 8338 0.05
8337 8339 0.01
8338 8339 0.05
8338 8340 0.2
8339 8340 0.05
8339 8341 0.05
8340 8341 0.05
8340 8342 0.2
8341 8342 0.01
8341 8343 0.2
8342 8344 0.2
8342 9102 0.2
8342 8343 0.2
8343 8344 0.05
8343 8345 0.2
8344 8345 0.2
8344 8346 0.2
8345 8346 0.05
8345 8347 0.01
8346 8347 0.05
8346 8348 0.05
8347 9496 0.05
8347 8348 0.05
8347 8349 0.05
8348 8349 0.01
8348 8350 0.01
8349 8350 0.05
8349 8351 0.05
8350 8352 0.01
8351 8352 0.2
8351 8353 0.05
8352 8353 0.05
8352 8354 0.2
8353 8354 0.01
8353 8355 0.2
8354 8355 0.01
8354 8356 0.05
8355 8357 0.2
8356 8357 0.2
8356 8358 0.05
8357 8358 0.05
8357 8359 0.05
8358 8360 0.01
8358 8359 0.2
8359 8361 0.01
8360 8361 0.2
8360 8362 0.01
8361 8362 0.01
8361 8363 0.2
8362 8363 0.2
8362 8364 0.2
8363 8364 0.01
8363 8365 0.2
8364 8365 0.2
8364 8366 0.2
8365 8366 0.05
8365 8367 0.01
8366 8368 0.05
8366 8367 0.2
8367 8368 0.01
8367 8369 0.01
8368 8369 0.2
8368 8370 0.2
8369 8370 0.05
8369 8371 0.2
8370 8371 0.01
8370 8372 0.05
8371 8372 0.01
8371 8373 0.2
8372 8374 0.2
8373 8375 0.2
8374 8376 0.05
8374 8375 0.2
8375 8376 0.2
8375 8377 0.01
8376 8377 0.01
8376 8378 0.05
8377 8378 0.05
8377 8379 0.2
8378 8379 0.01
8378 8380 0.01
8379 8381 0.05
8380 8381 0.2
8380 8382 0.01
8381 8382 0.05
8381 8383 0.01
8382 8384 0.05
8382 8749 0.01
8382 8383 0.01
8383 8384 0.01
8383 8385 0.2
8384 8385 0.05
8384 8386 0.05
8385 8386 0.01
8385 8387 0.2
8386 8387 0.2
8386 8388 0.05
8387 8388 0.01
8387 8389 0.01
8388 8389 0.05
8388 8390 0.2
8389 8390 0.2
8389 8391 0.01
8390 8392 0.2
8390 8391 0.05
8391 8392 0.01
8391 8393 0.01
8392 8393 0.05
8392 8394 0.2
8393 8394 0.01
8393 8395 0.01
8394 8395 0.2
8394 8396 0.01
8395 8396 0.2
8395 8397 0.2
8396 8397 0.05
8396 8398 0.2
8397 8398 0.05
8397 8399 0.05
8398 8400 0.01
8398 8399 0.05
8399 8400 0.05
8399 8401 0.2
8400 9681 0.2
8400 8401 0.01
8401 8402 0.2
8401 8403 0.2
8402 8403 0.2
8402 8404 0.2
8403 8404 0.2
8403 8405 0.01
8404 8406 0.05
8405 8406 0.05
8405 8407 0.2
8406 8408 0.01
8406 8407 0.05
8407 8408 0.05
8407 8409 0.2
8408 8409 0.01
8408 8410 0.05
8409 8410 0.05
8409 8411 0.2
8410 8411 0.2
8410 9812 0.2
8411 8412 0.2
8411 8413 0.05
8412 8413 0.05
8412 8414 0.01
8413 9428 0.01
8413 8934 0.01
8414 8416 0.05
8414 8415 0.2
8415 8416 0.01
8415 8417 0.2
8416 8417 0.01
8417 8419 0.05
8418 8419 0.05
8418 8420 0.2
8419 8420 0.05
8419 8421 0.01
8420 8421 0.01
8420 8422 0.05
8421 8422 0.01
8421 8423 0.05
8422 8424 0.01
8422 8423 0.05
8423 8424 0.2
8423 8425 0.2
8424 8425 0.01
8425 8426 0.05
8425 8427 0.2
8426 8427 0.05
8426 8428 0.01
8427 8428 0.05
8427 8429 0.05
8428 8429 0.05
8428 8430 0.2
8429 8430 0.05
8429 8431 0.05
8430 8432 0.05
8430 8431 0.2
8431 8433 0.05
8432 8433 0.2
8432 8434 0.05
8433 8434 0.2
8433 8435 0.01
8434 8435 0.01
8434 8436 0.01
8435 8436 0.2
8436 8437 0.05
8436 8438 0.01
8437 8438 0.01
8437 8439 0.05
8438 8440 0.2
8438 8439 0.05
8439 8440 0.2
8439 8441 0.05
8440 8441 0.05
8440 8442 0.2
8441 8442 0.01
8441 8443 0.2
8442 8443 0.2
8442 8444 0.05
8443 8444 0.05
8443 8445 0.2
8444 8445 0.05
8444 8446 0.2
8445 8446 0.05
8445 8447 0.01
8446 8448 0.2
8446 8447 0.2
8447 8448 0.01
8447 8449 0.01
8448 8449 0.2
8448 8450 0.05
8449 8450 0.05
8450 8451 0.05
8450 8452 0.2
8451 8452 0.01
8451 8453 0.01
8452 8453 0.01
8452 8454 0.2
8453 8989 0.05
8453 8454 0.01
8454 8456 0.2
8455 8456 0.01
8455 8457 0.05
8456 8457 0.05
8456 8458 0.2
8457 8458 0.2
8457 8459 0.2
8458 8459 0.2
8458 8460 0.05
8459 8460 0.05
8460 8564 0.2
8460 8461 0.01
8460 8462 0.05
8461 8462 0.2
8461 8463 0.01
8462 8464 0.2
8462 8463 0.2
8463 8464 0.05
8463 8465 0.2
8464 8465 0.05
8464 8466 0.05
8465 8466 0.05
8465 8467 0.2
8466 8468 0.01
8467 8469 0.2
8467 9293 0.05
8468 8469 0.01
8468 8470 0.05
8469 8470 0.05
8469 8471 0.01
8470 8472 0.2
8470 8471 0.01
8471 8473 0.05
8472 8473 0.01
8472 8474 0.05
8473 8474 0.01
8473 8475 0.01
8474 8475 0.01
8474 8476 0.05
8475 8476 0.2
8475 8477 0.2
8476 8478 0.01
8477 8478 0.2
8477 8479 0.01
8478 8480 0.05
8478 8479 0.05
8479 8480 0.05
8479 8651 0.2
8480 8481 0.2
8480 8482 0.01
8481 8482 0.2
8481 8483 0.2
8482 8483 0.01
8482 8484 0.2
8483 8484 0.01
8483 8485 0.05
8484 8485 0.2
8484 8486 0.01
8485 8486 0.05
8485 8487 0.2
8486 8488 0.01
8486 8487 0.05
8487 8488 0.2
8487 8489 0.01
8488 8489 0.05
8488 8490 0.2
8488 8514 0.2
8489 8490 0.2
8489 8491 0.2
8490 8491 0.01
8490 8492 0.01
8491 8492 0.05
8491 8493 0.2
8492 8493 0.2
8493 8494 0.01
8493 8495 0.01
8494 8496 0.05
8494 8495 0.2
8495 8496 0.01
8495 8497 0.2
8496 8497 0.2
8496 8498 0.01
8497 8498 0.01
8497 8499 0.2
8498 8499 0.2
8498 8500 0.05
8499 8500 0.01
8499 8501 0.01
8500 8501 0.2
8500 8502 0.05
8501 8502 0.2
8501 8503 0.05
8502 8504 0.01
8502 8503 0.2
8503 8504 0.01
8503 8505 0.2
8504 8505 0.01
8504 8506 0.01
8505 8506 0.2
8505 8507 0.05
8506 8507 0.01
8506 8508 0.01
8507 8508 0.01
8507 8509 0.01
8508 8510 0.2
8509 8511 0.2
8510 8511 0.05
8512 8513 0.05
8512 8514 0.01
8513 8514 0.2
8513 8515 0.01
8514 8515 0.05
8515 8516 0.2
8515 8517 0.01
8516 8517 0.01
8516 8518 0.05
8517 8518 0.01
8517 8519 0.05
8518 8520 0.01
8518 8822 0.05
8519 8520 0.01
8519 8521 0.01
8519 9601 0.2
8520 8522 0.2
8521 8522 0.01
8521 8523 0.2
8522 8523 0.05
8522 8524 0.05
8523 8524 0.2
8523 8525 0.01
8524 8525 0.2
8524 8526 0.05
8525 8526 0.01
8526 8527 0.2
8527 8528 0.05
8527 8529 0.2
8528 8529 0.01
8528 8530 0.2
8529 8530 0.2
8529 8531 0.2
8530 8531 0.05
8530 8532 0.01
8531 8532 0.05
8531 8533 0.05
8532 8533 0.2
8532 8534 0.05
8533 8535 0.05
8534 8536 0.2
8534 8535 0.01
8535 8536 0.05
8535 8537 0.2
8536 8537 0.05
8536 8538 0.2
8537 8538 0.05
8537 8539 0.2
8538 8539 0.05
8538 8540 0.05
8539 8540 0.2
8539 8541 0.01
8540 8541 0.05
8540 8542 0.05
8541 8542 0.2
8541 8543 0.2
8542 8544 0.2
8542 8543 0.05
8543 8544 0.2
8543 8545 0.05
8544 8545 0.01
8544 8546 0.01
8545 8546 0.05
8545 8547 0.01
8546 8547 0.05
8546 8548 0.2
8547 8548 0.05
8547 8549 0.05
8548 8549 0.01
8548 8550 0.01
8549 8550 0.01
8549 8551 0.05
8550 8552 0.2
8550 8551 0.05
8551 8552 0.01
8551 8553 0.05
8552 8553 0.05
8552 8554 0.2
8553 8554 0.2
8553 8555 0.2
8554 8555 0.01
8554 8556 0.01
8555 8556 0.01
8555 8557 0.01
8556 8557 0.01
8557 8558 0.05
8557 8559 0.2
8558 8560 0.05
8558 8559 0.05
8559 8560 0.2
8559 8561 0.05
8561 8562 0.01
8561 8563 0.2
8562 8563 0.05
8562 8564 0.2
8563 8564 0.01
8564 8565 0.2
8565 8566 0.2
8565 8567 0.01
8566 8568 0.05
8566 8567 0.01
8567 8568 0.01
8567 8569 0.05
8568 8569 0.01
8568 8570 0.01
8569 8570 0.2
8569 8571 0.2
8570 8571 0.01
8570 8572 0.05
8571 8573 0.2
8572 8573 0.05
8572 8574 0.2
8573 8574 0.2
8573 8575 0.05
8574 8576 0.2
8575 8576 0.05
8575 8577 0.01
8576 8577 0.05
8576 8578 0.05
8577 8578 0.05
8577 8579 0.05
8578 8579 0.01
8578 8580 0.05
8579 8581 0.05
8580 8581 0.2
8580 8582 0.05
8581 8582 0.2
8581 8583 0.05
8582 8584 0.05
8582 8583 0.05
8583 8584 0.05
8583 8585 0.2
8584 8585 0.05
8584 8586 0.05
8585 8586 0.01
8585 8587 0.05
8586 8587 0.01
8586 8588 0.05
8587 8588 0.05
8587 8589 0.2
8588 8589 0.01
8588 8590 0.05
8589 8590 0.05
8590 8592 0.01
8590 8591 0.2
8591 8593 0.01
8592 8593 0.01
8592 8594 0.2
8593 8594 0.2
8593 8595 0.05
8594 8595 0.05
8594 8596 0.05
8595 8596 0.01
8595 8597 0.05
8596 8597 0.05
8596 8598 0.05
8597 9398 0.05
8597 8599 0.2
8598 8600 0.2
8598 8599 0.2
8599 8600 0.01
8599 8601 0.01
8600 8601 0.2
8600 8602 0.2
8601 8602 0.05
8601 8603 0.05
8602 8603 0.01
8602 8604 0.01
8603 8604 0.01
8603 8605 0.01
8604 8605 0.05
8604 8606 0.2
8605 8607 0.05
8606 8608 0.2
8606 8607 0.2
8607 8608 0.05
8607 8609 0.01
8608 8609 0.2
8608 8610 0.05
8609 8610 0.2
8609 8611 0.2
8610 8611 0.05
8610 8612 0.01
8610 9239 0.05
8611 8612 0.2
8611 8613 0.2
8612 8613 0.05
8612 8614 0.01
8613 8614 0.01
8613 8615 0.01
8614 8616 0.2
8614 8615 0.05
8615 8616 0.05
8615 8617 0.2
8616 8617 0.05
8617 8618 0.05
8617 8619 0.05
8618 8619 0.01
8618 8620 0.05
8619 8621 0.01
8620 8621 0.2
8620 8622 0.01
8621 8622 0.05
8621 8623 0.2
8622 8624 0.05
8622 8623 0.01
8623 8624 0.01
8623 8625 0.2
8624 8625 0.05
8624 8626 0.2
8625 8626 0.01
8625 8627 0.2
8626 8628 0.01
8627 8628 0.05
8627 8629 0.01
8628 8629 0.05
8628 8630 0.2
8629 8630 0.2
8629 8631 0.2
8630 8632 0.05
8630 8631 0.2
8631 8632 0.2
8631 8633 0.05
8632 8633 0.2
8632 8634 0.01
8633 8634 0.01
8633 8635 0.01
8634 8635 0.2
8634 8636 0.2
8635 8636 0.2
8635 8637 0.05
8636 8637 0.05
8636 8638 0.05
8637 8638 0.2
8637 8639 0.01
8638 8639 0.01
8639 8640 0.05
8639 8641 0.05
8640 8641 0.01
8640 8642 0.05
8641 8642 0.05
8641 8643 0.05
8642 8643 0.01
8642 8644 0.2
8643 8644 0.2
8644 8645 0.05
8644 8646 0.05
8645 9770 0.2
8645 8646 0.2
8645 8647 0.01
8646 8648 0.01
8646 8647 0.01
8647 8648 0.2
8647 8649 0.05
8648 8649 0.05
8648 8650 0.05
8649 8651 0.05
8650 8651 0.01
8650 8652 0.2
8651 8653 0.01
8652 9667 0.2
8652 8653 0.05
8652 8866 0.01
8653 8654 0.2
8653 8655 0.05
8654 8656 0.01
8654 8655 0.2
8655 8656 0.05
8655 8657 0.2
8656 8657 0.05
8656 8658 0.05
8657 8659 0.2
8658 8659 0.05
8658 8660 0.2
8659 8660 0.01
8659 8661 0.2
8660 8661 0.01
8660 8662 0.2
8661 8662 0.01
8661 8663 0.2
8662 8664 0.01
8662 8663 0.2
8663 8664 0.01
8663 8665 0.2
8664 8665 0.01
8664 8666 0.2
8665 8666 0.05
8665 8667 0.2
8666 8668 0.2
8667 8668 0.01
8667 8669 0.01
8668 8669 0.2
8668 8670 0.05
8669 9832 0.05
8669 8670 0.05
8669 8671 0.05
8670 8672 0.2
8670 8671 0.01
8671 8672 0.2
8672 8673 0.05
8672 8674 0.01
8673 8674 0.01
8673 8675 0.2
8674 8675 0.2
8674 8676 0.05
8675 8676 0.05
8675 8677 0.2
8676 8677 0.2
8676 8678 0.2
8677 8678 0.05
8678 8680 0.01
8678 8679 0.05
8679 8680 0.2
8679 8681 0.05
8680 8681 0.01
8680 8682 0.2
8681 8682 0.05
8681 8683 0.01
8682 8683 0.01
8682 8684 0.01
8683 8684 0.05
8684 8686 0.05
8685 8686 0.01
8685 8687 0.05
8686 8688 0.01
8686 8687 0.2
8687 8688 0.2
8687 8689 0.05
8688 8689 0.2
8689 8690 0.05
8689 8691 0.2
8690 8691 0.2
8690 8692 0.01
8691 8692 0.2
8691 8693 0.05
8692 8693 0.2
8692 8694 0.2
8693 8694 0.01
8693 8695 0.01
8694 8696 0.01
8695 8696 0.01
8695 8697 0.05
8696 8697 0.01
8696 8698 0.01
8697 8698 0.01
8697 8699 0.2
8698 8699 0.2
8699 8700 0.01
8699 8701 0.01
8700 9542 0.2
8700 8701 0.05
8700 8702 0.01
8701 8702 0.05
8702 8704 0.05
8702 8703 0.01
8703 8705 0.2
8704 8705 0.01
8704 8706 0.01
8705 8706 0.05
8705 8707 0.01
8706 8707 0.05
8706 8708 0.05
8707 8708 0.01
8707 8709 0.01
8708 8709 0.05
8708 8710 0.01
8709 8710 0.01
8709 8711 0.05
8710 8712 0.01
8710 8711 0.05
8711 8712 0.01
8711 8713 0.05
8712 8713 0.2
8712 8714 0.2
8713 8714 0.01
8713 8715 0.05
8714 8715 0.01
8714 8716 0.05
8715 8717 0.05
8716 8717 0.05
8716 8718 0.01
8717 8718 0.01
8717 8719 0.05
8718 8720 0.2
8718 8719 0.01
8719 8720 0.01
8719 9525 0.01
8720 8721 0.2
8720 8722 0.2
8721 8722 0.2
8721 9972 0.2
8722 8723 0.01
8722 8724 0.01
8723 8724 0.01
8723 8725 0.01
8724 8725 0.05
8724 8726 0.2
8725 8726 0.2
8726 8728 0.05
8726 8727 0.2
8727 8728 0.05
8727 8729 0.05
8728 8729 0.01
8728 8730 0.01
8729 8730 0.01
8729 8731 0.2
8730 8731 0.05
8730 8732 0.05
8730 9632 0.05
8731 8732 0.2
8732 8733 0.01
8732 8734 0.05
8733 8734 0.01
8733 8735 0.01
8734 8735 0.05
8735 8736 0.05
8735 8737 0.05
8736 8737 0.01
8737 8738 0.05
8737 8739 0.05
8738 8740 0.05
8739 8740 0.01
8739 8741 0.05
8740 8741 0.2
8740 8742 0.05
8741 8742 0.01
8741 8743 0.2
8742 8744 0.01
8742 8743 0.2
8743 8744 0.2
8743 8745 0.05
8744 8745 0.05
8744 8746 0.01
8745 8746 0.05
8745 8747 0.2
8746 8747 0.2
8746 8748 0.05
8747 8748 0.01
8747 8749 0.01
8748 8749 0.01
8749 8750 0.01
8750 8752 0.2
8750 8751 0.01
8751 8752 0.01
8751 8753 0.2
8752 8753 0.01
8752 8754 0.01
8753 8754 0.2
8753 8755 0.05
8754 8755 0.01
8754 8756 0.01
8755 8756 0.2
8756 8757 0.01
8756 8758 0.2
8757 8758 0.2
8758 8760 0.05
8759 8760 0.05
8759 8761 0.2
8760 8762 0.05
8761 8762 0.01
8761 8763 0.05
8762 8763 0.01
8762 8764 0.01
8763 8764 0.2
8764 8765 0.01
8764 8766 0.2
8765 8766 0.2
8765 8767 0.01
8766 8768 0.05
8766 8767 0.01
8767 8768 0.01
8767 8769 0.01
8768 8769 0.05
8768 9926 0.01
8769 8770 0.05
8769 8771 0.05
8770 8771 0.2
8770 8772 0.05
8771 9067 0.05
8771 8772 0.2
8771 8773 0.05
8772 8773 0.01
8772 8774 0.01
8773 8774 0.05
8773 8775 0.01
8774 8776 0.05
8774 8775 0.01
8775 8776 0.2
8775 8777 0.01
8776 8777 0.05
8776 8778 0.01
8777 9194 0.2
8778 8779 0.05
8778 8780 0.2
8779 8780 0.2
8779 8781 0.2
8780 8781 0.01
8781 8782 0.01
8781 8783 0.01
8782 8784 0.01
8782 8783 0.05
8783 8785 0.01
8784 8785 0.01
8784 8786 0.05
8785 8786 0.01
8785 8787 0.01
8786 8787 0.05
8786 8788 0.05
8787 8789 0.05
8788 8789 0.2
8788 8790 0.05
8789 8790 0.01
8789 8791 0.2
8790 8792 0.2
8790 8791 0.01
8791 8792 0.05
8792 8793 0.05
8792 8794 0.05
8793 8794 0.05
8793 8795 0.01
8794 8795 0.05
8794 8796 0.2
8795 8796 0.2
8795 8797 0.05
8796 8797 0.2
8796 8798 0.2
8797 8799 0.2
8798 8800 0.01
8798 8799 0.05
8799 8800 0.05
8799 8801 0.2
8800 8801 0.2
8800 8802 0.01
8801 8802 0.01
8801 8803 0.01
8802 8803 0.2
8802 8804 0.01
8803 8804 0.01
8803 8805 0.01
8804 8805 0.2
8804 8806 0.01
8805 9554 0.2
8805 8806 0.01
8805 8807 0.2
8806 8808 0.05
8806 8807 0.05
8807 8808 0.2
8807 8809 0.01
8808 8809 0.01
8808 8810 0.01
8809 8810 0.05
8809 8811 0.01
8810 8812 0.2
8811 8812 0.2
8811 8813 0.05
8812 8813 0.05
8812 8814 0.2
8813 8814 0.05
8813 8815 0.2
8814 8816 0.2
8814 8815 0.2
8815 8817 0.2
8816 8817 0.2
8816 8818 0.05
8817 8818 0.01
8817 8819 0.05
8818 8819 0.05
8818 8820 0.05
8819 8820 0.2
8819 8821 0.01
8820 8822 0.2
8821 8822 0.2
8821 8823 0.01
8822 8824 0.2
8822 8823 0.05
8823 8824 0.2
8823 8825 0.01
8824 8825 0.01
8824 8826 0.01
8825 8826 0.01
8825 8827 0.01
8826 8827 0.2
8826 8828 0.01
8827 8828 0.01
8827 8829 0.01
8828 8829 0.05
8828 8830 0.05
8829 8830 0.01
8829 8831 0.2
8830 8832 0.05
8830 8831 0.05
8831 8832 0.05
8831 8833 0.01
8832 8833 0.2
8832 8834 0.2
8833 8834 0.05
8833 8835 0.05
8834 8835 0.01
8834 8836 0.05
8835 8836 0.2
8835 8837 0.05
8836 8837 0.2
8836 8838 0.05
8837 8838 0.01
8837 8839 0.2
8838 8840 0.05
8838 8839 0.2
8839 8841 0.2
8840 8841 0.05
8840 8842 0.05
8841 8843 0.01
8842 8843 0.05
8842 8844 0.05
8843 8845 0.05
8844 8845 0.2
8845 8846 0.05
8845 8847 0.2
8846 8848 0.01
8846 8847 0.2
8847 8848 0.05
8847 8849 0.2
8848 8849 0.05
8848 8850 0.01
8849 8850 0.05
8849 8851 0.05
8850 8851 0.2
8850 8852 0.01
8851 8853 0.2
8852 8853 0.01
8852 8854 0.01
8853 8854 0.01
8853 8855 0.05
8854 8856 0.01
8854 8855 0.01
8855 8856 0.2
8855 8857 0.2
8856 8857 0.05
8856 8858 0.01
8857 8858 0.05
8857 8859 0.05
8858 8859 0.05
8858 8860 0.05
8859 8860 0.2
8859 8861 0.01
8860 8861 0.2
8860 8862 0.01
8861 8862 0.05
8861 8863 0.2
8863 8864 0.01
8863 8865 0.01
8864 8865 0.2
8864 8866 0.01
8865 8867 0.01
8866 8867 0.01
8867 8869 0.2
8868 8869 0.2
8868 8870 0.05
8869 8870 0.2
8869 8871 0.2
8870 8872 0.01
8870 8871 0.2
8871 8872 0.2
8871 8873 0.2
8872 8873 0.01
8872 8874 0.2
8873 8874 0.05
8873 8875 0.2
8874 8875 0.01
8874 8876 0.2
8875 8876 0.2
8875 8877 0.01
8876 8877 0.05
8877 8878 0.01
8877 8879 0.01
8878 8880 0.2
8878 8879 0.01
8879 8880 0.2
8880 8881 0.2
8880 8882 0.2
8881 8882 0.01
8881 8883 0.2
8882 8883 0.01
8882 8884 0.2
8883 8884 0.2
8884 8885 0.05
8884 8886 0.01
8885 8886 0.05
8885 8887 0.01
8886 8888 0.05
8886 8887 0.05
8887 8888 0.05
8887 8889 0.2
8888 8889 0.05
8888 8890 0.05
8889 8890 0.05
8889 8891 0.05
8890 8891 0.01
8890 8892 0.2
8891 8892 0.05
8891 8893 0.01
8892 8893 0.01
8892 8894 0.05
8893 8894 0.2
8893 8895 0.2
8894 8896 0.2
8894 8895 0.05
8895 8896 0.01
8895 8897 0.2
8896 8897 0.2
8896 8898 0.2
8897 8898 0.01
8897 8899 0.01
8898 8899 0.05
8898 8900 0.01
8899 8900 0.01
8899 8901 0.05
8900 8901 0.01
8900 8902 0.01
8901 8902 0.05
8901 8903 0.01
8902 8904 0.2
8902 8903 0.05
8903 8904 0.05
8904 8905 0.2
8904 8906 0.01
8905 8906 0.01
8905 8907 0.05
8906 8907 0.01
8906 8908 0.01
8907 8908 0.05
8907 8909 0.01
8908 8909 0.05
8908 8910 0.01
8909 8910 0.2
8909 8911 0.2
8910 8912 0.2
8910 8911 0.2
8911 8912 0.01
8912 8913 0.01
8912 8914 0.05
8913 8914 0.01
8913 8915 0.2
8914 8915 0.05
8914 8916 0.05
8915 8916 0.01
8915 8917 0.2
8916 8917 0.01
8916 8918 0.2
8917 8918 0.05
8917 8919 0.2
8918 8920 0.01
8918 8919 0.2
8919 8920 0.2
8919 8921 0.05
8920 8921 0.01
8920 8922 0.2
8921 8922 0.05
8921 8923 0.05
8922 8923 0.01
8922 8924 0.2
8923 8924 0.2
8923 9369 0.2
8924 8925 0.05
8924 8926 0.01
8925 8926 0.01
8925 8927 0.2
8926 8928 0.05
8926 8927 0.05
8927 8928 0.01
8928 8929 0.05
8928 8930 0.05
8929 8930 0.01
8929 8931 0.2
8930 8931 0.05
8931 8932 0.05
8931 8933 0.2
8932 8933 0.01
8932 8934 0.2
8933 8934 0.2
8933 8935 0.05
8934 8936 0.05
8934 8935 0.01
8935 8936 0.2
8935 8937 0.01
8936 8937 0.01
8936 8938 0.2
8937 8938 0.2
8937 8939 0.2
8938 8939 0.05
8938 8940 0.01
8939 8940 0.2
8939 8941 0.05
8940 8941 0.2
8940 8942 0.05
8941 9424 0.05
8941 8942 0.01
8941 8943 0.2
8942 8944 0.01
8942 8943 0.05
8943 8944 0.2
8943 8945 0.2
8944 8945 0.05
8944 8946 0.05
8945 8947 0.2
8946 8947 0.2
8946 8948 0.05
8947 8948 0.05
8947 8949 0.2
8948 8949 0.05
8948 8950 0.05
8949 8950 0.01
8949 8951 0.01
8950 8952 0.01
8950 8951 0.2
8951 9414 0.05
8951 8953 0.01
8952 8953 0.2
8952 8954 0.05
8953 8954 0.01
8954 8955 0.2
8954 8956 0.05
8955 8956 0.2
8956 8958 0.05
8957 8958 0.01
8957 8959 0.2
8958 8960 0.05
8958 8959 0.2
8959 8960 0.2
8959 8961 0.2
8959 9079 0.05
8960 8961 0.2
8960 8962 0.2
8961 8962 0.2
8961 8963 0.05
8962 8964 0.01
8963 8964 0.2
8963 8965 0.01
8964 8965 0.2
8964 8966 0.2
8965 8966 0.01
8966 8968 0.2
8966 8967 0.01
8967 8968 0.01
8967 8969 0.01
8968 8969 0.05
8968 8970 0.2
8969 8970 0.2
8969 8971 0.2
8970 8971 0.2
8970 8972 0.05
8971 8972 0.05
8971 8973 0.2
8972 8973 0.2
8972 8974 0.01
8973 8974 0.05
8973 8975 0.2
8974 8976 0.05
8974 8975 0.05
8975 8976 0.2
8975 8977 0.2
8976 8977 0.01
8976 8978 0.05
8976 9462 0.2
8977 8978 0.2
8977 8979 0.05
8978 8979 0.2
8978 8980 0.01
8979 8980 0.01
8980 8981 0.2
8980 8982 0.01
8981 8982 0.01
8981 8983 0.2
8982 8984 0.05
8982 8983 0.01
8983 8984 0.05
8983 9360 0.05
8984 8985 0.01
8984 8986 0.2
8985 8986 0.05
8985 8987 0.05
8986 8987 0.05
8986 8988 0.2
8987 8988 0.05
8987 8989 0.05
8988 8989 0.01
8988 8990 0.05
8989 8990 0.05
8989 8991 0.01
8990 8992 0.05
8990 8991 0.05
8991 8992 0.2
8991 8993 0.2
8992 8993 0.05
8992 8994 0.01
8993 8994 0.01
8993 8995 0.2
8994 8995 0.2
8994 8996 0.2
8994 9888 0.05
8995 8996 0.2
8995 8997 0.05
8996 8997 0.05
8996 8998 0.01
8997 8999 0.05
8998 9000 0.01
8998 8999 0.05
8999 9000 0.05
9000 9001 0.2
9000 9002 0.2
9001 9002 0.2
9002 9003 0.01
9002 9004 0.05
9003 9004 0.05
9003 9005 0.01
9004 9005 0.2
9004 9006 0.01
9005 9006 0.2
9005 9007 0.05
9006 9008 0.05
9006 9007 0.2
9007 9008 0.05
9007 9009 0.2
9008 9009 0.01
9008 9010 0.05
9009 9010 0.01
9009 9011 0.05
9011 9012 0.2
9011 9013 0.05
9012 9013 0.05
9012 9014 0.05
9013 9014 0.05
9013 9015 0.05
9014 9016 0.01
9014 9015 0.01
9015 9016 0.05
9015 9017 0.01
9016 9018 0.01
9017 9018 0.01
9017 9019 0.2
9018 9019 0.05
9018 9020 0.2
9019 9020 0.2
9019 9021 0.2
9020 9021 0.2
9020 9022 0.05
9021 9022 0.2
9022 9024 0.2
9022 9023 0.01
9023 9025 0.05
9024 9025 0.2
9024 9026 0.2
9025 9026 0.01
9025 9027 0.01
9026 9027 0.01
9027 9028 0.01
9027 9029 0.2
9028 9029 0.2
9028 9030 0.2
9029 9030 0.05
9029 9031 0.05
9030 9032 0.01
9030 9031 0.2
9031 9032 0.05
9031 9033 0.2
9032 9033 0.05
9032 9034 0.05
9033 9034 0.01
9033 9035 0.05
9034 9035 0.01
9035 9036 0.2
9035 9037 0.05
9036 9037 0.2
9036 9038 0.2
9037 9038 0.01
9037 9039 0.05
9038 9040 0.01
9038 9039 0.05
9039 9040 0.01
9039 9041 0.01
9040 9041 0.2
9040 9042 0.01
9041 9042 0.2
9041 9043 0.05
9042 9043 0.01
9042 9044 0.05
9043 9044 0.01
9043 9045 0.2
9044 9045 0.01
9044 9046 0.01
9045 9046 0.01
9045 9047 0.05
9046 9048 0.2
9046 9047 0.01
9047 9048 0.01
9047 9049 0.01
9048 9049 0.05
9048 9050 0.01
9049 9050 0.01
9049 9051 0.2
9050 9051 0.05
9050 9052 0.05
9051 9052 0.05
9051 9053 0.2
9052 9053 0.2
9052 9054 0.2
9053 9054 0.01
9054 9056 0.05
9054 9055 0.01
9055 9056 0.2
9055 9057 0.2
9056 9057 0.05
9056 9058 0.2
9057 9058 0.2
9057 9059 0.05
9058 9059 0.2
9058 9060 0.05
9059 9060 0.2
9059 9061 0.05
9060 9061 0.05
9060 9062 0.05
9061 9062 0.05
9061 9063 0.05
9062 9064 0.01
9063 9064 0.05
9063 9065 0.2
9064 9065 0.05
9064 9066 0.01
9065 9066 0.2
9065 9067 0.01
9066 9067 0.05
9066 9068 0.2
9067 9069 0.01
9068 9069 0.2
9068 9070 0.2
9069 9071 0.01
9070 9072 0.01
9070 9071 0.2
9071 9072 0.2
9071 9073 0.05
9072 9073 0.2
9072 9074 0.05
9073 9074 0.01
9073 9075 0.2
9074 9075 0.01
9074 9076 0.2
9075 9076 0.05
9075 9077 0.2
9076 9077 0.2
9076 9078 0.2
9077 9078 0.2
9077 9079 0.01
9078 9080 0.05
9078 9079 0.05
9079 9080 0.2
9080 9081 0.01
9080 9082 0.05
9081 9082 0.2
9081 9083 0.05
9082 9083 0.05
9082 9084 0.2
9083 9084 0.05
9083 9085 0.01
9084 9085 0.01
9084 9086 0.01
9085 9086 0.2
9085 9087 0.05
9086 9088 0.2
9086 9087 0.2
9087 9088 0.01
9088 9089 0.05
9088 9090 0.05
9089 9090 0.2
9089 9091 0.01
9090 9091 0.01
9090 9092 0.2
9091 9092 0.05
9091 9093 0.01
9092 9093 0.2
9092 9094 0.05
9093 9094 0.2
9093 9095 0.05
9094 9096 0.2
9094 9095 0.01
9095 9096 0.2
9095 9097 0.2
9096 9097 0.05
9096 9098 0.05
9097 9098 0.2
9097 9099 0.01
9098 9099 0.05
9098 9100 0.01
9099 9100 0.2
9099 9101 0.05
9100 9101 0.05
9100 9102 0.2
9101 9102 0.2
9101 9103 0.2
9102 9104 0.05
9103 9104 0.05
9103 9105 0.01
9104 9105 0.2
9104 9106 0.2
9105 9106 0.05
9105 9107 0.01
9106 9107 0.2
9106 9108 0.2
9107 9108 0.2
9107 9109 0.05
9108 9109 0.01
9108 9110 0.2
9109 9110 0.01
9109 9111 0.2
9110 9112 0.05
9110 9111 0.2
9111 9112 0.01
9111 9113 0.01
9112 9113 0.2
9113 9114 0.01
9113 9115 0.2
9114 9115 0.05
9114 9116 0.2
9115 9116 0.01
9115 9117 0.2
9116 9117 0.01
9116 9118 0.01
9117 9118 0.2
9117 9119 0.01
9118 9120 0.01
9118 9119 0.01
9119 9120 0.2
9119 9121 0.05
9120 9121 0.2
9120 9122 0.01
9121 9122 0.05
9121 9123 0.01
9122 9123 0.01
9123 9124 0.05
9123 9125 0.2
9124 9125 0.2
9124 9126 0.2
9125 9126 0.05
9125 9127 0.05
9126 9128 0.05
9126 9127 0.2
9127 9128 0.05
9127 9129 0.01
9128 9129 0.05
9129 9131 0.01
9130 9131 0.01
9130 9132 0.05
9131 9132 0.05
9131 9133 0.01
9132 9133 0.2
9132 9134 0.05
9133 9134 0.05
9133 9135 0.05
9134 9136 0.01
9134 9135 0.01
9135 9136 0.05
9135 9137 0.05
9136 9137 0.01
9136 9138 0.01
9137 9138 0.05
9137 9139 0.2
9138 9139 0.2
9139 9140 0.01
9139 9141 0.05
9140 9141 0.05
9140 9142 0.01
9141 9143 0.2
9142 9144 0.05
9142 9143 0.01
9143 9144 0.2
9143 9145 0.01
9144 9145 0.2
9145 9146 0.01
9145 9147 0.2
9146 9148 0.05
9147 9148 0.01
9147 9149 0.01
9148 9149 0.01
9148 9150 0.2
9149 9150 0.01
9149 9151 0.01
9150 9152 0.05
9150 9151 0.05
9151 9152 0.05
9151 9153 0.01
9152 9153 0.2
9152 9154 0.2
9153 9154 0.05
9153 9155 0.01
9154 9155 0.01
9154 9156 0.01
9155 9157 0.2
9156 9157 0.2
9156 9158 0.05
9157 9158 0.01
9157 9159 0.2
9158 9160 0.01
9158 9159 0.05
9159 9161 0.01
9160 9161 0.2
9160 9162 0.01
9161 9162 0.2
9161 9163 0.05
9162 9163 0.2
9162 9164 0.01
9163 9164 0.05
9163 9165 0.2
9164 9165 0.01
9164 9166 0.2
9165 9166 0.01
9165 9167 0.05
9166 9168 0.01
9166 9167 0.2
9167 9168 0.01
9167 9169 0.2
9168 9169 0.01
9168 9170 0.05
9169 9170 0.05
9170 9171 0.01
9170 9172 0.05
9171 9172 0.2
9171 9173 0.01
9172 9173 0.2
9172 9174 0.2
9173 9174 0.01
9174 9176 0.01
9174 9175 0.05
9175 9176 0.01
9175 9177 0.2
9176 9177 0.01
9176 9989 0.2
9177 9178 0.05
9177 9179 0.05
9178 9179 0.2
9178 9180 0.2
9179 9181 0.05
9180 9181 0.05
9180 9182 0.01
9181 9182 0.2
9181 9183 0.2
9182 9183 0.01
9183 9184 0.05
9183 9185 0.01
9184 9185 0.05
9185 9186 0.01
9185 9187 0.01
9186 9187 0.05
9186 9188 0.01
9187 9188 0.05
9187 9189 0.01
9188 9189 0.05
9188 9190 0.01
9189 9190 0.05
9190 9192 0.2
9190 9582 0.2
9190 9619 0.2
9191 9192 0.01
9191 9193 0.2
9192 9193 0.01
9192 9194 0.2
9193 9194 0.2
9194 9195 0.05
9194 9196 0.2
9195 9196 0.2
9196 9197 0.2
9196 9198 0.2
9197 9198 0.2
9198 9200 0.2
9198 9199 0.05
9199 9200 0.2
9199 9201 0.2
9200 9201 0.01
9200 9202 0.05
9201 9202 0.05
9202 9203 0.01
9202 9204 0.05
9203 9204 0.01
9203 9205 0.05
9204 9205 0.2
9204 9206 0.05
9205 9206 0.05
9205 9207 0.05
9206 9208 0.05
9206 9207 0.01
9207 9208 0.05
9207 9209 0.01
9208 9210 0.05
9209 9210 0.01
9209 9211 0.05
9210 9212 0.2
9211 9212 0.05
9211 9213 0.2
9212 9213 0.05
9212 9214 0.05
9213 9214 0.05
9213 9215 0.05
9214 9216 0.2
9214 9215 0.2
9215 9216 0.01
9215 9217 0.2
9216 9217 0.01
9216 9218 0.01
9217 9219 0.01
9218 9219 0.05
9218 9220 0.2
9219 9220 0.2
9220 9221 0.2
9220 9222 0.2
9221 9222 0.01
9221 9223 0.2
9222 9224 0.05
9222 9223 0.2
9223 9224 0.01
9223 9225 0.2
9224 9226 0.01
9225 9226 0.01
9225 9227 0.05
9226 9227 0.05
9226 9228 0.01
9227 9228 0.05
9227 9229 0.2
9228 9229 0.01
9228 9230 0.2
9229 9231 0.05
9230 9232 0.2
9230 9231 0.2
9231 9232 0.2
9231 9233 0.01
9232 9233 0.2
9232 9234 0.05
9233 9234 0.2
9233 9235 0.2
9234 9235 0.01
9234 9236 0.01
9235 9236 0.01
9235 9237 0.05
9236 9237 0.01
9236 9238 0.01
9237 9238 0.2
9237 9239 0.05
9238 9240 0.01
9238 9239 0.2
9239 9240 0.01
9240 9241 0.05
9240 9242 0.01
9241 9242 0.2
9241 9243 0.2
9242 9243 0.2
9242 9244 0.01
9243 9244 0.01
9243 9245 0.05
9244 9245 0.01
9244 9246 0.2
9245 9246 0.01
9245 9247 0.05
9246 9248 0.01
9246 9247 0.01
9247 9248 0.2
9247 9249 0.05
9248 9249 0.01
9248 9250 0.05
9249 9250 0.01
9249 9251 0.05
9250 9252 0.05
9251 9252 0.01
9251 9253 0.01
9252 9253 0.01
9252 9254 0.2
9253 9255 0.01
9254 9256 0.2
9254 9255 0.2
9255 9256 0.05
9255 9257 0.05
9256 9257 0.2
9256 9258 0.2
9257 9258 0.2
9257 9259 0.2
9258 9259 0.05
9258 9260 0.01
9259 9260 0.2
9259 9261 0.2
9260 9261 0.05
9260 9262 0.05
9261 9262 0.2
9261 9263 0.01
9262 9264 0.05
9262 9263 0.05
9263 9264 0.05
9263 9265 0.05
9264 9265 0.01
9264 9266 0.05
9265 9266 0.05
9265 9267 0.2
9266 9267 0.01
9266 9268 0.2
9267 9268 0.2
9267 9269 0.05
9268 9269 0.01
9268 9270 0.2
9269 9270 0.05
9269 9271 0.01
9270 9272 0.2
9270 9271 0.2
9271 9272 0.01
9271 9876 0.01
9272 9273 0.2
9272 9274 0.01
9273 9274 0.01
9273 9275 0.01
9274 9275 0.05
9274 9276 0.01
9275 9288 0.01
9275 9277 0.2
9276 9277 0.05
9276 9278 0.01
9277 9278 0.2
9277 9279 0.05
9278 9280 0.2
9278 9279 0.2
9279 9281 0.2
9280 9281 0.05
9281 9282 0.05
9281 9283 0.2
9282 9283 0.05
9282 9284 0.05
9283 9284 0.2
9283 9285 0.05
9284 9285 0.01
9284 9286 0.01
9285 9286 0.05
9286 9288 0.01
9286 9287 0.01
9287 9288 0.2
9287 9289 0.05
9288 9289 0.01
9288 9290 0.01
9289 9290 0.2
9289 9291 0.01
9290 9291 0.05
9290 9292 0.05
9291 9292 0.01
9291 9293 0.01
9292 9293 0.01
9292 9294 0.01
9293 9294 0.05
9293 9295 0.01
9294 9296 0.01
9294 9295 0.2
9295 9296 0.01
9295 9297 0.01
9296 9297 0.05
9296 9298 0.2
9297 9298 0.05
9297 9299 0.05
9298 9299 0.2
9298 9300 0.01
9299 9300 0.05
9300 9301 0.2
9300 9302 0.01
9301 9302 0.2
9301 9303 0.2
9302 9304 0.01
9302 9303 0.01
9303 9304 0.2
9303 9305 0.05
9304 9305 0.01
9304 9306 0.2
9305 9306 0.01
9305 9307 0.01
9306 9307 0.05
9306 9308 0.05
9307 9308 0.01
9307 9309 0.05
9308 9309 0.05
9309 9327 0.01
9309 9311 0.2
9310 9312 0.01
9310 9311 0.05
9311 9312 0.05
9311 9313 0.01
9312 9313 0.05
9312 9314 0.2
9313 9314 0.01
9313 9315 0.01
9314 9315 0.01
9314 9316 0.2
9315 9316 0.01
9316 9317 0.05
9317 9318 0.2
9317 9319 0.2
9318 9320 0.05
9318 9319 0.01
9319 9320 0.05
9319 9321 0.01
9320 9321 0.01
9320 9322 0.2
9321 9322 0.2
9322 9323 0.05
9322 9324 0.2
9323 9324 0.01
9323 9325 0.01
9324 9325 0.2
9324 9326 0.05
9325 9326 0.01
9325 9327 0.01
9326 9328 0.2
9326 9327 0.01
9327 9328 0.05
9328 9329 0.2
9328 9330 0.2
9329 9330 0.01
9329 9331 0.2
9330 9331 0.2
9330 9332 0.01
9331 9332 0.2
9331 9333 0.05
9332 9333 0.05
9333 9335 0.01
9334 9336 0.01
9334 9335 0.01
9335 9336 0.2
9336 9337 0.01
9336 9338 0.01
9337 9338 0.05
9337 9339 0.01
9338 9339 0.2
9338 9340 0.01
9339 9340 0.05
9339 9341 0.2
9340 9341 0.01
9341 9342 0.01
9341 9343 0.2
9342 9344 0.01
9342 9343 0.2
9343 9344 0.2
9343 9345 0.01
9344 9345 0.01
9344 9346 0.2
9345 9346 0.05
9345 9347 0.2
9346 9347 0.2
9346 9348 0.05
9347 9348 0.05
9347 9349 0.2
9348 9349 0.2
9348 9350 0.05
9349 9350 0.05
9349 9351 0.2
9350 9352 0.01
9350 9351 0.2
9352 9353 0.05
9352 9354 0.2
9353 9354 0.05
9353 9355 0.05
9354 9355 0.2
9354 9356 0.05
9355 9356 0.05
9355 9357 0.01
9356 9358 0.05
9357 9358 0.2
9357 9359 0.05
9358 9360 0.01
9358 9359 0.01
9359 9360 0.05
9359 9361 0.2
9360 9361 0.2
9360 9362 0.01
9361 9362 0.05
9361 9363 0.05
9362 9363 0.01
9362 9364 0.05
9363 9364 0.2
9363 9365 0.01
9364 9365 0.05
9364 9366 0.05
9365 9366 0.01
9365 9367 0.01
9366 9368 0.05
9366 9367 0.05
9367 9368 0.2
9367 9369 0.2
9368 9369 0.01
9368 9370 0.05
9369 9370 0.01
9369 9371 0.2
9370 9371 0.05
9370 9372 0.01
9371 9372 0.05
9371 9373 0.05
9372 9374 0.05
9373 9374 0.05
9373 9375 0.2
9374 9376 0.05
9374 9375 0.05
9375 9376 0.05
9375 9377 0.05
9376 9377 0.05
9376 9378 0.05
9377 9378 0.05
9377 9379 0.2
9378 9379 0.05
9378 9380 0.01
9379 9381 0.2
9380 9381 0.2
9381 9382 0.01
9381 9383 0.01
9382 9384 0.01
9382 9383 0.2
9383 9384 0.01
9383 9385 0.2
9384 9385 0.01
9384 9386 0.2
9385 9386 0.2
9385 9387 0.2
9386 9387 0.05
9386 9388 0.05
9387 9388 0.2
9387 9389 0.05
9388 9389 0.05
9388 9390 0.2
9389 9390 0.05
9389 9391 0.01
9390 9392 0.05
9390 9391 0.01
9391 9392 0.05
9391 9393 0.01
9392 9393 0.2
9392 9394 0.2
9393 9394 0.05
9393 9395 0.05
9394 9395 0.2
9394 9396 0.05
9395 9396 0.01
9395 9397 0.01
9396 9397 0.01
9396 9398 0.05
9397 9783 0.2
9397 9399 0.01
9398 9400 0.2
9399 9400 0.05
9399 9401 0.2
9400 9401 0.05
9400 9402 0.01
9401 9403 0.05
9402 9403 0.01
9402 9404 0.2
9403 9405 0.01
9404 9405 0.05
9404 9406 0.2
9405 9406 0.2
9405 9407 0.01
9406 9408 0.05
9406 9407 0.2
9407 9408 0.2
9407 9409 0.2
9407 9589 0.01
9408 9409 0.2
9408 9410 0.05
9410 9411 0.2
9410 9412 0.01
9411 9412 0.01
9411 9413 0.05
9412 9413 0.05
9412 9414 0.05
9413 9415 0.01
9414 9415 0.2
9415 9416 0.01
9415 9417 0.05
9416 9417 0.05
9416 9418 0.2
9417 9418 0.2
9418 9419 0.2
9419 9420 0.2
9419 9421 0.2
9420 9421 0.01
9420 9422 0.2
9421 9422 0.01
9421 9423 0.01
9422 9424 0.01
9422 9423 0.01
9423 9424 0.01
9423 9425 0.01
9424 9426 0.05
9425 9427 0.01
9426 9427 0.05
9427 9428 0.05
9427 9429 0.01
9428 9429 0.2
9428 9430 0.01
9429 9430 0.01
9429 9431 0.05
9430 9567 0.01
9431 9432 0.05
9431 9433 0.2
9432 9433 0.05
9432 9434 0.2
9433 9434 0.05
9433 9435 0.05
9434 9435 0.05
9434 9436 0.2
9435 9436 0.01
9435 9437 0.05
9436 9437 0.05
9437 9438 0.01
9437 9439 0.2
9438 9440 0.01
9438 9439 0.01
9439 9440 0.01
9439 9441 0.05
9440 9441 0.01
9440 9442 0.2
9441 9442 0.2
9441 9443 0.05
9442 9443 0.01
9442 9444 0.2
9443 9444 0.2
9443 9445 0.2
9444 9920 0.05
9444 9445 0.2
9445 9446 0.05
9446 9448 0.2
9446 9447 0.01
9447 9448 0.01
9447 9449 0.2
9448 9449 0.01
9449 9450 0.05
9449 9451 0.01
9450 9451 0.01
9450 9452 0.01
9451 9452 0.05
9451 9453 0.05
9452 9453 0.05
9452 9454 0.05
9453 9454 0.01
9454 9456 0.01
9454 9455 0.2
9455 9456 0.2
9455 9457 0.05
9456 9457 0.05
9456 9458 0.2
9457 9458 0.2
9457 9459 0.01
9458 9459 0.05
9459 9460 0.01
9459 9461 0.05
9460 9462 0.2
9461 9462 0.2
9461 9463 0.05
9462 9464 0.05
9463 9464 0.01
9463 9465 0.05
9464 9465 0.01
9465 9466 0.01
9465 9467 0.01
9466 9467 0.2
9466 9468 0.05
9467 9469 0.2
9468 9469 0.05
9469 9942 0.01
9469 9470 0.01
9470 9472 0.2
9470 9471 0.01
9471 9472 0.2
9471 9473 0.05
9472 9473 0.05
9472 9474 0.2
9473 9474 0.01
9473 9475 0.05
9474 9475 0.2
9474 9476 0.05
9475 9476 0.01
9475 9477 0.2
9476 9477 0.2
9476 9478 0.05
9477 9478 0.01
9477 9479 0.05
9478 9480 0.05
9478 9479 0.01
9479 9480 0.2
9479 9939 0.05
9480 9481 0.2
9481 9482 0.01
9481 9483 0.05
9482 9483 0.05
9482 9484 0.01
9483 9484 0.01
9484 9485 0.2
9484 9486 0.01
9485 9486 0.2
9485 9487 0.05
9486 9488 0.05
9486 9487 0.05
9487 9489 0.05
9488 9489 0.05
9488 9490 0.01
9489 9490 0.05
9489 9491 0.2
9490 9491 0.2
9490 9492 0.05
9491 9492 0.2
9491 9493 0.01
9492 9493 0.05
9492 9494 0.2
9493 9494 0.01
9493 9495 0.01
9494 9496 0.2
9494 9495 0.01
9495 9496 0.2
9495 9497 0.2
9496 9498 0.01
9498 9499 0.05
9498 9500 0.05
9499 9500 0.01
9499 9501 0.05
9500 9501 0.05
9500 9502 0.05
9501 9502 0.01
9501 9503 0.2
9502 9504 0.2
9502 9503 0.05
9503 9504 0.2
9503 9505 0.05
9504 9505 0.05
9504 9506 0.05
9505 9506 0.2
9505 9507 0.05
9506 9507 0.05
9506 9508 0.2
9507 9508 0.05
9507 9509 0.01
9508 9509 0.05
9508 9510 0.2
9509 9511 0.05
9510 9512 0.2
9510 9511 0.01
9511 9512 0.05
9511 9513 0.05
9512 9514 0.05
9513 9514 0.01
9513 9515 0.05
9514 9515 0.2
9514 9516 0.01
9515 9516 0.2
9516 9517 0.05
9516 9518 0.2
9517 9518 0.01
9517 9519 0.01
9518 9520 0.01
9518 9519 0.01
9519 9520 0.01
9519 9521 0.01
9520 9521 0.01
9520 9522 0.05
9521 9522 0.01
9521 9523 0.01
9522 9523 0.2
9522 9524 0.01
9523 9524 0.01
9523 9525 0.01
9524 9525 0.01
9524 9526 0.2
9525 9526 0.01
9525 9527 0.2
9526 9528 0.05
9526 9527 0.2
9527 9528 0.01
9527 9529 0.01
9528 9529 0.2
9528 9530 0.2
9529 9531 0.05
9530 9531 0.2
9530 9532 0.05
9531 9532 0.2
9531 9533 0.01
9532 9534 0.2
9533 9535 0.01
9534 9536 0.01
9534 9535 0.2
9535 9536 0.01
9535 9537 0.01
9536 9537 0.2
9536 9538 0.01
9537 9539 0.01
9538 9539 0.01
9538 9540 0.2
9539 9540 0.01
9539 9541 0.01
9540 9541 0.05
9540 9542 0.2
9541 9542 0.01
9541 9543 0.01
9543 9544 0.01
9543 9545 0.2
9544 9545 0.01
9544 9546 0.05
9545 9546 0.05
9545 9547 0.2
9546 9547 0.2
9546 9548 0.01
9547 9548 0.05
9547 9549 0.01
9548 9549 0.2
9548 9550 0.05
9548 9981 0.2
9549 9550 0.2
9549 9551 0.01
9550 9552 0.05
9550 9551 0.05
9551 9552 0.2
9551 9553 0.2
9552 9553 0.2
9552 9554 0.01
9553 9554 0.05
9553 9555 0.01
9554 9555 0.2
9555 9556 0.01
9555 9557 0.01
9556 9557 0.01
9556 9558 0.01
9557 9558 0.05
9557 9559 0.01
9558 9560 0.2
9558 9559 0.2
9559 9560 0.01
9559 9561 0.2
9560 9561 0.01
9560 9562 0.2
9561 9562 0.01
9561 9563 0.01
9562 9563 0.01
9562 9564 0.05
9563 9564 0.01
9563 9565 0.01
9564 9565 0.05
9564 9566 0.2
9565 9566 0.2
9565 9567 0.05
9566 9568 0.2
9566 9567 0.05
9567 9568 0.2
9567 9569 0.2
9568 9569 0.05
9568 9570 0.01
9569 9570 0.05
9569 9571 0.05
9570 9571 0.05
9570 9572 0.2
9571 9572 0.01
9571 9573 0.2
9572 9573 0.01
9572 9574 0.2
9573 9574 0.2
9573 9575 0.05
9574 9576 0.05
9574 9575 0.01
9575 9576 0.01
9575 9577 0.01
9576 9577 0.01
9576 9578 0.05
9577 9578 0.05
9578 9579 0.2
9578 9580 0.01
9579 9580 0.2
9579 9581 0.05
9580 9581 0.01
9580 9582 0.2
9581 9582 0.2
9581 9583 0.05
9582 9584 0.01
9582 9583 0.2
9583 9584 0.2
9583 9585 0.01
9584 9585 0.05
9584 9586 0.2
9585 9586 0.05
9585 9587 0.2
9586 9587 0.2
9586 9588 0.2
9587 9588 0.2
9587 9589 0.01
9588 9589 0.2
9588 9590 0.05
9589 9590 0.2
9590 9591 0.05
9591 9592 0.05
9592 9593 0.05
9592 9594 0.2
9593 9594 0.05
9593 9595 0.05
9594 9595 0.05
9594 9596 0.05
9595 9596 0.05
9595 9597 0.05
9596 9597 0.2
9596 9598 0.2
9597 9598 0.01
9597 9599 0.01
9598 9600 0.2
9598 9599 0.01
9599 9601 0.01
9600 9601 0.2
9600 9602 0.05
9602 9603 0.05
9602 9604 0.05
9603 9604 0.05
9603 9605 0.05
9604 9605 0.05
9604 9606 0.05
9605 9606 0.05
9605 9607 0.05
9606 9608 0.01
9606 9607 0.01
9607 9609 0.2
9608 9609 0.05
9608 9610 0.05
9609 9610 0.01
9609 9611 0.01
9610 9611 0.05
9610 9612 0.05
9611 9612 0.2
9611 9613 0.01
9612 9613 0.05
9612 9614 0.05
9613 9614 0.01
9613 9615 0.05
9614 9615 0.2
9615 9616 0.01
9615 9617 0.01
9616 9617 0.2
9616 9618 0.01
9617 9618 0.01
9617 9619 0.01
9618 9620 0.01
9619 9620 0.05
9620 9621 0.05
9620 9622 0.01
9621 9622 0.05
9621 9623 0.05
9622 9623 0.01
9623 9624 0.01
9623 9625 0.05
9624 9625 0.05
9625 9626 0.01
9625 9627 0.05
9626 9627 0.2
9626 9628 0.05
9627 9628 0.01
9627 9629 0.01
9628 9629 0.05
9628 9630 0.2
9629 9630 0.2
9629 9631 0.05
9630 9632 0.05
9630 9631 0.05
9631 9632 0.01
9631 9633 0.05
9632 9634 0.2
9633 9634 0.01
9633 9635 0.05
9634 9635 0.01
9634 9636 0.01
9635 9636 0.05
9635 9637 0.2
9636 9637 0.05
9636 9638 0.2
9637 9638 0.05
9637 9639 0.01
9638 9640 0.01
9639 9640 0.2
9639 9641 0.05
9640 9641 0.01
9640 9642 0.05
9641 9642 0.05
9641 9643 0.01
9642 9643 0.05
9643 9644 0.2
9643 9645 0.01
9644 9645 0.05
9644 9646 0.2
9645 9646 0.05
9645 9647 0.2
9646 9648 0.2
9646 9647 0.05
9647 9648 0.2
9647 9649 0.01
9648 9649 0.2
9648 9650 0.01
9649 9650 0.2
9649 9651 0.05
9650 9652 0.05
9651 9652 0.2
9651 9653 0.05
9652 9653 0.2
9652 9654 0.01
9653 9654 0.05
9653 9655 0.2
9654 9656 0.05
9654 9655 0.01
9655 9657 0.01
9656 9657 0.05
9656 9658 0.05
9657 9658 0.05
9657 9659 0.01
9658 9659 0.01
9658 9660 0.05
9659 9660 0.2
9659 9661 0.01
9660 9661 0.05
9661 9662 0.2
9661 9663 0.05
9662 9664 0.05
9662 9663 0.2
9663 9664 0.05
9663 9665 0.2
9664 9665 0.05
9664 9666 0.2
9665 9666 0.01
9665 9667 0.01
9666 9667 0.05
9666 9668 0.2
9667 9668 0.2
9667 9669 0.01
9668 9669 0.2
9668 9670 0.2
9669 9670 0.2
9669 9671 0.01
9670 9672 0.01
9670 9671 0.05
9671 9672 0.2
9671 9673 0.05
9672 9674 0.01
9672 9926 0.05
9673 9674 0.2
9673 9675 0.01
9674 9675 0.05
9674 9676 0.01
9675 9676 0.2
9675 9677 0.05
9676 9677 0.01
9676 9678 0.2
9677 9678 0.05
9677 9679 0.05
9678 9680 0.2
9678 9679 0.2
9679 9680 0.05
9679 9681 0.01
9680 9681 0.05
9680 9682 0.05
9681 9683 0.01
9682 9683 0.05
9683 9684 0.2
9683 9685 0.01
9684 9685 0.05
9684 9686 0.01
9685 9686 0.05
9685 9687 0.01
9686 9688 0.01
9686 9687 0.2
9687 9688 0.01
9687 9689 0.05
9688 9689 0.05
9688 9690 0.2
9689 9690 0.05
9689 9691 0.2
9690 9691 0.01
9690 9692 0.05
9691 9692 0.05
9691 9693 0.05
9692 9693 0.05
9692 9694 0.2
9693 9694 0.2
9693 9695 0.01
9694 9696 0.2
9694 9695 0.01
9695 9696 0.2
9695 9697 0.2
9696 9697 0.01
9696 9698 0.05
9697 9698 0.2
9697 9699 0.01
9698 9700 0.2
9699 9700 0.01
9699 9701 0.2
9700 9701 0.2
9700 9702 0.05
9701 9702 0.01
9701 9703 0.05
9702 9704 0.05
9702 9703 0.2
9703 9704 0.01
9703 9705 0.05
9704 9705 0.05
9704 9706 0.01
9705 9706 0.01
9706 9707 0.05
9706 9708 0.01
9707 9708 0.01
9707 9709 0.2
9708 9709 0.2
9708 9710 0.05
9709 9710 0.01
9709 9711 0.05
9710 9712 0.05
9710 9951 0.01
9711 9712 0.05
9711 9713 0.2
9712 9714 0.05
9713 9715 0.2
9714 9715 0.01
9714 9716 0.2
9715 9716 0.05
9715 9717 0.05
9716 9717 0.01
9716 9718 0.05
9717 9718 0.05
9717 9719 0.05
9718 9720 0.01
9718 9719 0.2
9719 9720 0.2
9719 9721 0.05
9720 9721 0.05
9720 9722 0.01
9721 9722 0.2
9721 9723 0.01
9722 9723 0.05
9722 9724 0.01
9723 9724 0.01
9723 9725 0.01
9724 9725 0.05
9724 9726 0.2
9725 9726 0.05
9725 9727 0.05
9726 9728 0.01
9726 9727 0.05
9727 9728 0.2
9727 9729 0.05
9728 9729 0.2
9728 9730 0.01
9729 9730 0.2
9730 9731 0.05
9730 9732 0.2
9731 9732 0.05
9731 9733 0.05
9732 9733 0.01
9732 9734 0.05
9733 9734 0.2
9733 9735 0.01
9734 9736 0.2
9734 9735 0.05
9735 9736 0.05
9735 9737 0.2
9736 9737 0.2
9736 9738 0.01
9737 9738 0.2
9737 9739 0.01
9738 9739 0.2
9738 9740 0.2
9739 9740 0.2
9739 9741 0.01
9740 9741 0.05
9740 9742 0.01
9741 9966 0.01
9741 9742 0.01
9741 9743 0.01
9742 9744 0.01
9742 9743 0.2
9743 9744 0.01
9743 9745 0.2
9744 9745 0.01
9744 9746 0.01
9745 9746 0.05
9745 9747 0.05
9746 9747 0.05
9747 9748 0.01
9748 9749 0.05
9748 9750 0.05
9749 9750 0.01
9750 9752 0.05
9750 9751 0.05
9751 9752 0.2
9751 9753 0.01
9752 9753 0.2
9752 9754 0.05
9753 9754 0.2
9753 9755 0.05
9754 9755 0.2
9754 9756 0.01
9755 9757 0.2
9756 9757 0.01
9756 9758 0.01
9757 9758 0.05
9757 9759 0.01
9758 9760 0.01
9759 9760 0.05
9759 9761 0.01
9760 9761 0.01
9760 9762 0.01
9761 9762 0.2
9761 9763 0.2
9762 9763 0.2
9763 9764 0.01
9763 9765 0.01
9764 9765 0.2
9764 9766 0.2
9765 9766 0.01
9766 9768 0.05
9766 9767 0.01
9767 9769 0.01
9768 9769 0.01
9769 9770 0.01
9770 9771 0.01
9771 9772 0.01
9771 9773 0.2
9772 9773 0.05
9772 9774 0.05
9773 9774 0.05
9773 9775 0.2
9774 9776 0.2
9774 9775 0.05
9775 9776 0.01
9776 9777 0.2
9776 9778 0.05
9777 9779 0.05
9778 9779 0.01
9778 9780 0.2
9779 9780 0.2
9780 9781 0.2
9780 9782 0.05
9781 9782 0.2
9781 9783 0.01
9782 9783 0.01
9782 9784 0.01
9783 9784 0.2
9783 9785 0.01
9784 9785 0.01
9784 9786 0.01
9785 9786 0.2
9786 9787 0.05
9786 9788 0.01
9787 9788 0.05
9787 9789 0.2
9788 9789 0.01
9788 9790 0.2
9789 9790 0.05
9789 9791 0.2
9790 9792 0.01
9790 9791 0.05
9791 9793 0.01
9792 9793 0.01
9792 9794 0.2
9793 9794 0.01
9793 9795 0.2
9794 9795 0.2
9794 9796 0.2
9795 9796 0.05
9795 9797 0.05
9796 9797 0.2
9796 9798 0.05
9797 9798 0.2
9797 9799 0.05
9798 9800 0.01
9798 9799 0.01
9799 9800 0.2
9799 9801 0.05
9800 9801 0.05
9800 9802 0.01
9801 9802 0.05
9801 9803 0.05
9803 9804 0.05
9803 9805 0.01
9804 9805 0.2
9804 9806 0.05
9805 9806 0.05
9805 9807 0.01
9806 9808 0.05
9806 9807 0.2
9807 9808 0.2
9807 9809 0.2
9808 9809 0.2
9808 9810 0.05
9809 9810 0.01
9809 9811 0.01
9810 9811 0.01
9810 9812 0.01
9811 9812 0.05
9811 9813 0.01
9812 9813 0.2
9812 9814 0.01
9813 9814 0.01
9813 9815 0.2
9814 9816 0.2
9815 9816 0.2
9815 9817 0.05
9816 9817 0.2
9816 9818 0.2
9817 9818 0.01
9817 9819 0.2
9818 9819 0.05
9818 9820 0.05
9819 9820 0.05
9819 9821 0.01
9820 9821 0.2
9820 9822 0.2
9821 9822 0.01
9821 9823 0.2
9822 9824 0.05
9822 9823 0.01
9823 9824 0.2
9823 9825 0.01
9824 9825 0.05
9824 9826 0.01
9825 9826 0.01
9825 9827 0.01
9826 9827 0.05
9826 9828 0.01
9827 9828 0.05
9827 9829 0.2
9828 9829 0.05
9828 9830 0.2
9829 9831 0.05
9830 9832 0.05
9830 9831 0.05
9831 9832 0.2
9831 9833 0.01
9832 9833 0.05
9833 9834 0.05
9833 9835 0.2
9834 9835 0.2
9834 9836 0.05
9835 9836 0.2
9835 9837 0.01
9836 9837 0.01
9836 9838 0.2
9837 9838 0.01
9837 9839 0.01
9838 9840 0.01
9838 9839 0.2
9839 9840 0.01
9839 9841 0.01
9840 9841 0.05
9840 9842 0.01
9841 9842 0.05
9841 9843 0.05
9842 9844 0.05
9843 9844 0.2
9843 9845 0.2
9844 9845 0.01
9844 9846 0.01
9845 9846 0.01
9845 9847 0.05
9846 9848 0.01
9846 9847 0.2
9847 9848 0.01
9847 9849 0.05
9848 9849 0.2
9848 9850 0.05
9849 9850 0.01
9849 9851 0.05
9850 9851 0.05
9850 9852 0.2
9851 9852 0.01
9851 9853 0.05
9852 9853 0.01
9852 9854 0.01
9853 9854 0.05
9853 9855 0.01
9854 9856 0.05
9855 9857 0.05
9856 9857 0.01
9856 9858 0.01
9857 9858 0.2
9857 9859 0.2
9858 9859 0.2
9858 9860 0.01
9859 9860 0.05
9859 9861 0.01
9860 9861 0.01
9860 9862 0.01
9861 9862 0.01
9861 9863 0.2
9862 9864 0.01
9862 9863 0.05
9863 9864 0.2
9863 9865 0.2
9864 9865 0.2
9864 9866 0.05
9865 9866 0.05
9866 9867 0.01
9866 9868 0.2
9867 9868 0.2
9867 9869 0.05
9868 9869 0.01
9868 9870 0.2
9869 9870 0.2
9869 9871 0.01
9870 9872 0.01
9870 9871 0.01
9871 9872 0.05
9871 9873 0.2
9872 9873 0.05
9872 9874 0.01
9873 9875 0.01
9874 9875 0.05
9874 9876 0.05
9875 9876 0.05
9875 9877 0.05
9876 9877 0.01
9877 9878 0.01
9877 9879 0.2
9878 9880 0.01
9879 9881 0.2
9880 9881 0.01
9880 9882 0.05
9881 9882 0.2
9881 9883 0.05
9882 9883 0.2
9882 9884 0.05
9883 9884 0.01
9883 9885 0.05
9884 9886 0.01
9885 9886 0.2
9885 9887 0.05
9886 9888 0.01
9887 9888 0.01
9887 9889 0.2
9888 9890 0.05
9889 9890 0.01
9889 9891 0.2
9890 9892 0.01
9891 9892 0.2
9891 9893 0.05
9892 9893 0.2
9892 9894 0.2
9893 9894 0.05
9894 9896 0.01
9894 9895 0.2
9895 9896 0.2
9895 9897 0.01
9896 9897 0.05
9896 9898 0.05
9897 9898 0.01
9897 9899 0.2
9898 9899 0.05
9898 9900 0.05
9899 9900 0.05
9899 9901 0.2
9900 9901 0.01
9900 9902 0.05
9901 9902 0.2
9901 9903 0.05
9902 9904 0.2
9902 9903 0.2
9903 9904 0.2
9903 9905 0.01
9904 9905 0.05
9904 9906 0.2
9905 9906 0.2
9906 9907 0.05
9906 9908 0.05
9907 9908 0.01
9907 9909 0.2
9908 9909 0.05
9908 9910 0.05
9909 9910 0.05
9909 9911 0.05
9910 9912 0.05
9910 9911 0.01
9911 9912 0.2
9911 9913 0.05
9912 9914 0.2
9913 9915 0.2
9914 9915 0.05
9914 9916 0.05
9915 9916 0.05
9915 9917 0.01
9916 9917 0.2
9916 9918 0.05
9917 9918 0.01
9917 9919 0.05
9918 9920 0.05
9918 9919 0.2
9919 9921 0.05
9920 9921 0.05
9920 9922 0.2
9921 9922 0.2
9921 9923 0.01
9922 9923 0.01
9922 9924 0.05
9923 9924 0.2
9923 9925 0.2
9924 9925 0.01
9924 9926 0.2
9925 9926 0.05
9925 9927 0.2
9926 9927 0.2
9926 9928 0.2
9927 9928 0.01
9927 9929 0.2
9928 9929 0.01
9928 9930 0.01
9929 9930 0.2
9929 9931 0.05
9930 9931 0.01
9930 9932 0.05
9931 9932 0.01
9931 9933 0.2
9932 9933 0.2
9932 9934 0.01
9933 9935 0.2
9934 9935 0.01
9935 9936 0.2
9935 9937 0.01
9936 9937 0.05
9936 9938 0.2
9937 9938 0.2
9937 9939 0.01
9938 9939 0.2
9938 9940 0.01
9939 9940 0.2
9939 9941 0.2
9940 9941 0.05
9940 9942 0.05
9941 9942 0.01
9941 9943 0.05
9942 9944 0.2
9942 9943 0.05
9943 9944 0.2
9943 9945 0.05
9944 9945 0.2
9944 9946 0.2
9945 9946 0.05
9945 9947 0.01
9946 9948 0.2
9947 9948 0.05
9947 9949 0.2
9948 9949 0.05
9948 9950 0.2
9949 9950 0.01
9949 9951 0.01
9950 9952 0.2
9950 9951 0.2
9951 9953 0.05
9952 9953 0.01
9952 9954 0.2
9953 9954 0.01
9954 9955 0.2
9955 9956 0.01
9955 9957 0.2
9956 9957 0.01
9956 9958 0.05
9957 9958 0.01
9958 9960 0.01
9958 9959 0.2
9959 9960 0.05
9959 9961 0.01
9960 9961 0.05
9960 9962 0.05
9961 9962 0.01
9961 9963 0.2
9962 9963 0.2
9963 9964 0.01
9963 9965 0.01
9964 9965 0.01
9964 9966 0.01
9965 9966 0.01
9965 9967 0.05
9966 9967 0.01
9967 9968 0.01
9967 9969 0.01
9968 9969 0.2
9968 9970 0.01
9969 9970 0.01
9969 9971 0.05
9970 9971 0.05
9970 9972 0.01
9971 9972 0.05
9971 9973 0.05
9972 9973 0.2
9972 9974 0.05
9973 9974 0.01
9973 9975 0.2
9974 9976 0.2
9974 9975 0.05
9975 9976 0.05
9975 9977 0.05
9976 9977 0.05
9976 9978 0.01
9977 9978 0.05
9977 9979 0.05
9978 9980 0.2
9979 9980 0.2
9979 9981 0.05
9980 9981 0.2
9980 9982 0.2
9981 9983 0.2
9982 9984 0.01
9982 9983 0.2
9983 9984 0.05
9983 9985 0.01
9984 9985 0.05
9984 9986 0.05
9985 9986 0.05
9985 9987 0.01
9986 9987 0.05
9986 9988 0.2
9987 9988 0.05
9987 9989 0.05
9988 9989 0.2
9988 9990 0.01
9989 9990 0.05
9990 9992 0.2
9990 9991 0.2
9991 9992 0.2
9991 9993 0.05
9992 9993 0.2
9993 9995 0.05
9994 9996 0.01
9995 9997 0.05
9996 9997 0.01
9996 9998 0.05
9997 9998 0.01
9997 9999 0.05
9998 9999 0.05
