0 1 0.01
0 2999 0.2
0 2 0.2
0 2998 0.01
0 3 0.01
0 2997 0.01
1 3 0.01
1 2999 0.05
1 4 0.2
1 2998 0.05
1 1126 0.05
2 3 0.05
2 4 0.2
2 5 0.05
2 2999 0.2
3 4 0.05
3 5 0.2
3 2013 0.05
4 5 0.05
4 7 0.05
4 2713 0.05
5 6 0.01
5 7 0.05
5 8 0.05
6 7 0.2
6 8 0.05
6 9 0.2
7 8 0.2
7 9 0.2
7 10 0.05
8 10 0.01
8 11 0.05
8 383 0.2
8 2257 0.2
9 10 0.2
9 11 0.2
9 12 0.01
10 11 0.01
10 12 0.05
10 13 0.01
10 638 0.2
10 2570 0.01
11 13 0.05
11 14 0.05
11 814 0.01
12 13 0.01
12 14 0.2
12 15 0.2
13 14 0.2
13 15 0.05
13 16 0.05
14 15 0.01
14 16 0.2
14 17 0.01
15 16 0.01
15 17 0.05
15 18 0.2
15 2830 0.01
16 17 0.05
16 18 0.2
16 19 0.2
16 103 0.2
17 18 0.05
17 19 0.2
17 20 0.01
18 19 0.05
18 20 0.2
18 213 0.05
19 20 0.05
19 21 0.05
19 22 0.2
19 1236 0.05
20 21 0.05
20 22 0.05
20 23 0.01
21 22 0.01
21 23 0.2
21 24 0.2
22 23 0.2
22 25 0.05
22 2457 0.2
23 24 0.01
23 25 0.05
23 819 0.05
24 25 0.2
24 26 0.05
24 27 0.05
24 1931 0.01
25 26 0.01
25 27 0.05
25 28 0.2
26 27 0.01
26 1968 0.05
26 2037 0.2
26 646 0.01
27 28 0.2
27 29 0.05
27 30 0.2
28 29 0.2
28 30 0.2
28 31 0.01
29 31 0.05
29 32 0.05
29 1881 0.05
29 2228 0.01
29 1484 0.05
30 31 0.01
30 32 0.05
30 33 0.01
31 32 0.01
31 34 0.05
31 2900 0.2
32 33 0.01
32 34 0.01
32 35 0.05
32 325 0.05
33 34 0.01
33 35 0.05
33 36 0.05
34 35 0.2
34 36 0.01
34 37 0.01
34 2065 0.05
35 36 0.01
35 37 0.05
35 38 0.05
36 37 0.2
36 38 0.2
36 39 0.2
37 38 0.01
37 39 0.01
37 40 0.2
38 39 0.05
38 40 0.01
38 41 0.2
39 41 0.01
39 42 0.05
39 933 0.2
39 738 0.01
40 41 0.05
40 42 0.01
40 43 0.01
40 934 0.05
41 42 0.05
41 43 0.01
41 44 0.2
42 43 0.2
42 44 0.05
42 1505 0.05
43 44 0.05
43 45 0.01
43 46 0.05
44 45 0.05
44 46 0.2
44 47 0.05
45 46 0.01
45 47 0.2
45 48 0.05
46 47 0.2
46 48 0.05
46 49 0.2
47 48 0.01
47 49 0.2
47 50 0.01
48 49 0.05
48 50 0.01
48 51 0.05
49 50 0.2
49 51 0.01
49 52 0.05
49 2453 0.05
50 51 0.01
50 52 0.05
50 53 0.2
50 2526 0.2
51 52 0.05
51 53 0.2
51 54 0.01
52 54 0.05
52 55 0.05
52 2600 0.01
53 54 0.01
53 55 0.2
53 56 0.05
53 2897 0.2
54 55 0.05
54 56 0.2
54 57 0.2
55 56 0.2
55 57 0.05
55 58 0.05
55 2043 0.05
55 2192 0.05
56 57 0.05
56 58 0.05
56 59 0.05
57 58 0.05
57 59 0.01
57 60 0.2
58 59 0.01
58 60 0.05
58 61 0.01
59 60 0.01
59 61 0.2
59 62 0.05
59 1243 0.01
60 61 0.2
60 62 0.2
60 1507 0.05
61 62 0.01
61 63 0.2
61 64 0.2
61 1520 0.2
61 2438 0.05
62 63 0.01
62 64 0.05
62 65 0.01
63 64 0.05
63 2598 0.2
63 2153 0.01
64 66 0.05
64 67 0.2
64 1292 0.05
64 1929 0.01
65 66 0.01
65 67 0.01
65 68 0.05
66 69 0.2
66 2323 0.01
66 796 0.05
67 68 0.2
67 69 0.01
67 70 0.05
68 69 0.2
68 70 0.05
68 71 0.2
69 70 0.05
69 71 0.01
69 72 0.01
70 71 0.2
70 72 0.2
70 73 0.2
70 2296 0.2
71 72 0.2
71 74 0.2
71 617 0.01
72 73 0.2
72 74 0.01
72 75 0.2
73 74 0.01
73 75 0.2
73 76 0.2
74 75 0.05
74 76 0.01
74 77 0.01
74 384 0.2
75 76 0.2
75 77 0.01
75 78 0.05
76 77 0.2
76 78 0.05
76 79 0.2
77 78 0.01
77 79 0.05
77 80 0.2
78 79 0.2
78 80 0.01
78 81 0.01
79 80 0.01
79 81 0.01
79 82 0.01
80 81 0.2
80 82 0.01
80 83 0.2
81 82 0.01
81 83 0.01
81 84 0.01
81 762 0.01
82 83 0.05
82 84 0.01
82 85 0.2
83 85 0.05
83 86 0.05
83 192 0.01
84 85 0.01
84 86 0.05
84 87 0.05
85 86 0.05
85 88 0.01
85 1120 0.01
86 87 0.2
86 88 0.05
86 89 0.2
87 88 0.2
87 89 0.05
87 90 0.2
88 89 0.2
88 90 0.01
88 91 0.05
89 90 0.01
89 91 0.2
89 92 0.01
90 91 0.01
90 92 0.01
90 93 0.2
91 92 0.2
91 93 0.01
91 545 0.01
92 93 0.2
92 94 0.2
92 95 0.2
93 94 0.2
93 95 0.01
93 96 0.05
94 95 0.05
94 96 0.05
94 97 0.05
94 2730 0.2
95 96 0.01
95 97 0.2
95 98 0.05
95 643 0.05
96 97 0.2
96 98 0.05
96 99 0.05
97 98 0.05
97 100 0.2
97 2186 0.01
98 99 0.05
98 100 0.05
98 101 0.05
98 1683 0.01
99 100 0.01
99 101 0.05
99 2281 0.05
100 101 0.01
100 1319 0.2
100 1363 0.05
101 102 0.01
101 103 0.2
101 104 0.05
102 103 0.01
102 104 0.2
102 105 0.2
103 106 0.2
103 2957 0.2
103 2164 0.05
104 105 0.01
104 106 0.05
104 107 0.01
105 106 0.05
105 107 0.2
105 108 0.05
106 107 0.05
106 108 0.01
106 109 0.01
107 108 0.05
107 109 0.2
107 110 0.2
107 2637 0.01
108 109 0.05
108 110 0.2
108 111 0.2
109 110 0.05
109 111 0.2
109 2066 0.01
109 1195 0.01
110 111 0.2
110 112 0.01
110 113 0.05
111 112 0.2
111 113 0.2
111 114 0.2
112 113 0.05
112 114 0.05
112 115 0.2
112 2976 0.01
113 114 0.05
113 115 0.2
113 116 0.05
114 115 0.05
114 116 0.01
114 117 0.2
115 116 0.05
115 117 0.05
115 118 0.05
116 117 0.2
116 118 0.2
116 119 0.01
117 118 0.2
117 119 0.2
117 120 0.2
118 120 0.2
118 121 0.2
118 1327 0.05
118 1800 0.01
118 676 0.2
119 120 0.05
119 121 0.2
119 122 0.2
120 121 0.05
120 122 0.2
120 123 0.2
121 122 0.05
121 123 0.01
121 124 0.01
122 123 0.01
122 124 0.2
122 125 0.01
122 935 0.01
123 124 0.01
123 125 0.2
123 126 0.01
124 125 0.05
124 126 0.2
124 127 0.05
125 126 0.05
125 127 0.01
125 128 0.2
126 127 0.01
126 128 0.01
126 523 0.01
126 747 0.2
127 129 0.05
127 130 0.05
127 2997 0.01
127 489 0.01
128 129 0.2
128 130 0.05
128 131 0.01
129 131 0.01
129 132 0.2
129 2181 0.01
129 2784 0.05
130 131 0.05
130 132 0.2
130 133 0.2
131 132 0.01
131 133 0.01
131 134 0.05
131 1099 0.01
132 133 0.2
132 134 0.05
132 135 0.05
132 1630 0.01
133 134 0.2
133 135 0.2
133 136 0.2
134 135 0.01
134 136 0.01
134 137 0.05
135 136 0.05
135 138 0.05
135 2957 0.2
135 2622 0.05
136 137 0.01
136 138 0.01
136 139 0.2
136 2802 0.01
137 138 0.05
137 139 0.2
137 140 0.01
138 139 0.01
138 141 0.2
138 1965 0.01
138 196 0.2
139 140 0.2
139 141 0.01
139 142 0.01
140 141 0.01
140 142 0.01
140 143 0.01
141 142 0.05
141 144 0.05
141 2825 0.2
141 1288 0.2
142 143 0.01
142 144 0.05
142 145 0.01
143 144 0.2
143 145 0.2
143 146 0.2
144 145 0.2
144 146 0.2
144 147 0.05
145 146 0.01
145 147 0.01
145 148 0.2
146 147 0.05
146 148 0.2
146 149 0.05
146 2955 0.05
147 148 0.2
147 149 0.2
147 750 0.01
148 149 0.01
148 150 0.05
148 1065 0.05
149 150 0.2
149 152 0.05
149 1723 0.01
150 151 0.2
150 152 0.01
150 153 0.01
150 1772 0.2
151 152 0.05
151 153 0.01
151 154 0.01
151 461 0.05
152 154 0.01
152 155 0.01
152 2584 0.2
152 915 0.2
153 155 0.05
153 156 0.01
153 276 0.01
154 155 0.05
154 156 0.05
154 157 0.05
154 810 0.2
155 156 0.05
155 157 0.01
155 158 0.01
156 158 0.05
156 159 0.01
156 974 0.2
157 158 0.2
157 159 0.01
157 160 0.2
158 159 0.2
158 160 0.2
158 161 0.05
159 160 0.05
159 161 0.2
159 162 0.01
159 1394 0.2
160 161 0.2
160 162 0.01
160 163 0.2
161 162 0.05
161 163 0.05
161 164 0.2
162 163 0.01
162 164 0.01
162 165 0.05
163 164 0.05
163 165 0.05
163 166 0.01
164 165 0.05
164 166 0.01
164 167 0.01
165 166 0.01
165 167 0.2
165 168 0.2
166 168 0.05
166 169 0.2
166 2699 0.01
167 168 0.01
167 169 0.05
167 170 0.01
167 2032 0.2
168 169 0.2
168 171 0.2
168 2033 0.01
169 170 0.05
169 171 0.01
169 172 0.05
170 171 0.2
170 172 0.2
170 173 0.2
171 172 0.01
171 173 0.2
171 2337 0.05
172 173 0.01
172 174 0.05
172 175 0.2
172 1157 0.01
173 176 0.01
173 1649 0.01
173 1102 0.05
173 364 0.2
174 175 0.01
174 176 0.2
174 177 0.05
175 176 0.05
175 177 0.05
175 178 0.05
176 177 0.01
176 178 0.01
176 1346 0.01
177 178 0.01
177 179 0.01
177 2790 0.2
178 179 0.2
178 181 0.05
178 2095 0.2
179 180 0.2
179 182 0.2
179 2963 0.01
179 190 0.2
180 181 0.05
180 182 0.01
180 183 0.05
180 1768 0.05
181 182 0.2
181 183 0.01
181 184 0.05
181 2335 0.2
182 183 0.05
182 184 0.2
182 185 0.01
182 2215 0.01
183 185 0.05
183 186 0.01
183 2254 0.2
184 186 0.05
184 2671 0.05
184 2815 0.01
184 1885 0.05
185 186 0.05
185 187 0.01
185 188 0.01
186 187 0.01
186 189 0.01
186 1499 0.2
186 715 0.01
187 188 0.01
187 189 0.05
187 190 0.2
188 189 0.2
188 190 0.2
188 191 0.01
189 190 0.01
189 191 0.2
189 192 0.01
190 191 0.01
190 192 0.01
191 192 0.01
191 193 0.01
191 194 0.05
192 193 0.01
192 194 0.05
192 195 0.01
193 194 0.05
193 195 0.05
193 196 0.2
194 196 0.2
194 197 0.01
194 1552 0.05
195 198 0.01
195 1599 0.2
195 566 0.05
195 2848 0.05
196 197 0.2
196 198 0.01
196 199 0.2
197 198 0.01
197 199 0.01
197 200 0.05
198 199 0.2
198 200 0.01
198 201 0.05
199 200 0.2
199 201 0.2
199 2636 0.05
200 201 0.01
200 202 0.05
200 203 0.2
201 202 0.05
201 203 0.05
201 204 0.2
202 203 0.05
202 205 0.2
202 1403 0.01
203 204 0.2
203 205 0.05
203 206 0.05
203 1104 0.2
204 205 0.2
204 206 0.2
204 207 0.01
205 206 0.01
205 207 0.05
205 1045 0.05
206 207 0.2
206 208 0.2
206 209 0.05
207 208 0.05
207 209 0.01
207 210 0.01
208 209 0.01
208 210 0.2
208 211 0.01
208 2017 0.05
209 210 0.2
209 211 0.2
209 852 0.01
210 212 0.01
210 213 0.05
210 2392 0.2
211 212 0.01
211 213 0.01
211 214 0.01
212 213 0.2
212 214 0.05
212 215 0.2
213 214 0.05
213 215 0.01
213 216 0.01
213 857 0.05
214 217 0.01
214 2080 0.05
214 652 0.05
215 217 0.2
215 218 0.05
215 761 0.05
215 1071 0.01
216 218 0.01
216 219 0.05
216 278 0.2
216 2765 0.05
217 218 0.05
217 219 0.01
217 220 0.05
218 219 0.05
218 220 0.05
218 221 0.01
218 1281 0.01
219 220 0.01
219 221 0.05
219 222 0.01
220 221 0.2
220 222 0.05
220 223 0.2
221 222 0.01
221 223 0.2
221 224 0.05
222 223 0.01
222 224 0.2
222 225 0.05
222 503 0.01
223 224 0.2
223 225 0.05
223 226 0.05
223 598 0.2
223 1390 0.01
224 225 0.01
224 226 0.05
224 227 0.2
225 226 0.2
225 227 0.05
225 228 0.05
225 2510 0.2
226 227 0.2
226 228 0.01
226 229 0.01
227 228 0.2
227 229 0.05
227 230 0.2
228 229 0.2
228 230 0.05
228 231 0.2
229 230 0.05
229 231 0.05
229 232 0.2
229 1324 0.2
230 231 0.2
230 232 0.2
230 233 0.05
230 2723 0.01
231 232 0.05
231 234 0.05
231 2682 0.2
231 381 0.01
232 233 0.01
232 234 0.01
232 235 0.05
233 234 0.2
233 235 0.05
233 236 0.01
234 235 0.01
234 236 0.2
234 237 0.05
235 236 0.05
235 237 0.2
235 1399 0.05
235 1127 0.01
236 238 0.2
236 239 0.05
236 1877 0.05
237 238 0.05
237 239 0.2
237 240 0.05
238 239 0.2
238 240 0.2
238 241 0.01
239 241 0.01
239 242 0.05
239 2202 0.2
240 241 0.2
240 242 0.05
240 243 0.05
241 242 0.01
241 243 0.05
241 244 0.05
242 243 0.01
242 244 0.05
242 245 0.01
243 244 0.05
243 2710 0.01
243 1917 0.05
244 245 0.05
244 246 0.2
244 247 0.2
245 246 0.01
245 247 0.05
245 248 0.01
246 247 0.2
246 248 0.01
246 249 0.05
247 248 0.2
247 249 0.2
247 250 0.05
247 2466 0.01
248 249 0.05
248 250 0.01
248 251 0.05
248 847 0.05
249 250 0.05
249 251 0.05
249 252 0.01
250 251 0.01
250 252 0.2
250 253 0.01
251 252 0.01
251 253 0.2
251 254 0.2
252 255 0.01
252 2271 0.01
252 642 0.01
253 254 0.2
253 255 0.01
253 313 0.01
254 255 0.2
254 256 0.2
254 257 0.05
255 256 0.2
255 257 0.05
255 258 0.01
255 2100 0.2
256 257 0.2
256 258 0.01
256 259 0.01
257 258 0.2
257 259 0.05
257 260 0.05
258 259 0.01
258 260 0.2
258 261 0.05
259 260 0.2
259 261 0.2
259 262 0.01
260 261 0.2
260 262 0.01
260 263 0.05
260 1724 0.01
261 262 0.01
261 263 0.2
261 264 0.05
262 263 0.01
262 264 0.2
262 265 0.01
263 264 0.01
263 265 0.01
263 266 0.05
264 265 0.2
264 266 0.05
264 2646 0.2
264 2709 0.05
265 266 0.01
265 268 0.2
265 1819 0.05
266 267 0.05
266 268 0.01
266 269 0.01
267 268 0.05
267 269 0.2
267 270 0.05
268 269 0.05
268 270 0.05
268 487 0.2
268 1704 0.05
269 271 0.05
269 272 0.05
269 1734 0.2
270 271 0.01
270 272 0.01
270 273 0.05
271 273 0.01
271 274 0.05
271 1366 0.01
272 273 0.2
272 274 0.01
272 275 0.01
273 274 0.2
273 275 0.01
273 276 0.05
274 275 0.2
274 276 0.2
274 277 0.2
275 276 0.2
275 277 0.2
275 278 0.2
275 1400 0.05
276 277 0.01
276 279 0.05
276 1328 0.2
276 2464 0.01
276 372 0.2
277 278 0.2
277 279 0.01
277 280 0.05
278 280 0.2
278 281 0.01
278 308 0.01
279 280 0.01
279 281 0.2
279 282 0.2
280 281 0.2
280 282 0.2
280 283 0.2
280 797 0.2
281 282 0.05
281 283 0.2
281 284 0.2
282 284 0.01
282 285 0.2
282 1512 0.01
282 1807 0.2
283 284 0.05
283 285 0.2
283 286 0.2
284 285 0.2
284 286 0.05
284 287 0.05
285 286 0.05
285 287 0.01
285 477 0.2
286 287 0.05
286 288 0.01
286 2686 0.05
286 1452 0.01
287 288 0.05
287 289 0.01
287 290 0.05
288 289 0.05
288 290 0.2
288 291 0.01
288 1245 0.2
289 290 0.01
289 291 0.05
289 292 0.2
290 291 0.05
290 292 0.05
290 293 0.01
291 292 0.05
291 293 0.2
291 294 0.2
292 293 0.01
292 294 0.05
292 295 0.2
292 1042 0.05
293 294 0.2
293 295 0.01
293 296 0.05
294 295 0.05
294 297 0.01
294 2698 0.2
295 296 0.01
295 297 0.2
295 298 0.01
296 297 0.05
296 298 0.2
296 299 0.2
297 298 0.2
297 299 0.01
297 300 0.2
298 299 0.05
298 300 0.05
298 301 0.05
299 300 0.05
299 301 0.01
299 302 0.01
300 301 0.05
300 302 0.05
300 303 0.2
301 302 0.01
301 303 0.2
301 458 0.05
302 303 0.2
302 305 0.01
302 672 0.01
303 304 0.05
303 305 0.01
303 306 0.01
304 306 0.01
304 307 0.05
304 1360 0.05
305 306 0.2
305 307 0.2
305 1970 0.05
306 307 0.2
306 308 0.01
306 309 0.01
307 308 0.01
307 309 0.05
307 310 0.01
308 309 0.2
308 310 0.01
308 311 0.01
308 604 0.01
309 310 0.2
309 311 0.2
309 312 0.05
310 311 0.05
310 312 0.05
310 313 0.01
311 312 0.05
311 313 0.2
311 314 0.2
312 313 0.01
312 314 0.2
312 315 0.05
313 315 0.01
313 316 0.05
313 1927 0.05
313 2773 0.2
314 315 0.2
314 316 0.2
314 317 0.01
315 316 0.2
315 317 0.01
315 680 0.01
316 317 0.2
316 319 0.05
316 2593 0.05
317 318 0.05
317 319 0.2
317 320 0.05
318 319 0.2
318 320 0.05
318 321 0.05
319 320 0.05
319 321 0.2
319 322 0.01
320 322 0.2
320 791 0.01
320 1841 0.2
321 322 0.2
321 323 0.2
321 324 0.01
322 323 0.01
322 324 0.01
322 325 0.2
323 325 0.2
323 326 0.05
323 1143 0.2
323 2477 0.2
324 325 0.05
324 326 0.05
324 327 0.05
324 1297 0.05
325 326 0.01
325 327 0.2
325 1869 0.2
326 327 0.2
326 329 0.05
326 1772 0.01
327 328 0.01
327 329 0.05
327 330 0.05
328 329 0.05
328 330 0.01
328 331 0.2
329 331 0.2
329 332 0.2
329 1069 0.2
330 331 0.2
330 332 0.05
330 333 0.05
331 332 0.05
331 333 0.05
331 334 0.05
332 333 0.01
332 334 0.01
332 335 0.01
333 334 0.2
333 335 0.2
333 336 0.01
334 335 0.05
334 336 0.2
334 1074 0.05
334 1637 0.2
335 336 0.2
335 337 0.05
335 338 0.01
336 337 0.05
336 338 0.05
336 339 0.01
337 338 0.01
337 339 0.05
337 340 0.05
338 339 0.05
338 340 0.05
338 341 0.01
339 340 0.01
339 341 0.05
339 342 0.05
339 2690 0.2
340 341 0.01
340 342 0.01
340 343 0.2
341 342 0.05
341 343 0.01
341 344 0.01
342 343 0.01
342 344 0.2
342 345 0.2
343 345 0.01
343 346 0.01
343 2205 0.2
343 2929 0.01
344 345 0.2
344 346 0.2
344 347 0.01
344 1021 0.01
345 346 0.05
345 347 0.01
345 2014 0.05
345 2655 0.01
346 347 0.05
346 348 0.2
346 349 0.05
347 348 0.2
347 349 0.05
347 350 0.2
348 349 0.01
348 350 0.05
348 351 0.05
349 350 0.01
349 351 0.2
349 352 0.2
349 1020 0.01
350 351 0.05
350 352 0.05
350 353 0.05
351 352 0.05
351 353 0.01
351 354 0.01
351 1476 0.05
352 353 0.2
352 354 0.2
352 1179 0.01
353 354 0.05
353 355 0.01
353 356 0.2
354 355 0.01
354 356 0.2
354 357 0.01
355 356 0.05
355 357 0.01
355 358 0.2
356 357 0.05
356 358 0.05
356 359 0.05
357 358 0.2
357 359 0.2
357 360 0.2
358 359 0.2
358 360 0.01
358 361 0.2
359 360 0.2
359 361 0.05
359 362 0.01
360 361 0.05
360 362 0.01
360 363 0.2
360 699 0.2
361 362 0.05
361 363 0.01
361 364 0.2
362 363 0.2
362 364 0.2
362 365 0.01
363 364 0.2
363 365 0.2
363 366 0.01
364 365 0.01
364 366 0.01
364 367 0.2
365 366 0.05
365 367 0.01
365 368 0.2
365 1591 0.01
366 367 0.05
366 368 0.05
366 369 0.01
366 1697 0.05
367 368 0.01
367 369 0.2
367 370 0.05
367 714 0.05
368 369 0.01
368 370 0.01
368 371 0.2
369 370 0.01
369 371 0.2
369 372 0.2
369 1160 0.2
369 839 0.01
369 1110 0.01
370 371 0.05
370 372 0.01
370 373 0.05
371 372 0.2
371 373 0.2
371 374 0.01
372 373 0.2
372 374 0.01
372 375 0.01
373 374 0.05
373 375 0.2
373 376 0.05
373 804 0.2
373 1157 0.05
374 375 0.2
374 376 0.2
374 377 0.01
375 376 0.2
375 377 0.05
375 1977 0.05
376 377 0.2
376 378 0.2
376 379 0.01
377 378 0.05
377 379 0.01
377 380 0.05
378 379 0.2
378 380 0.05
378 381 0.05
378 1423 0.2
379 380 0.05
379 381 0.2
379 382 0.05
380 381 0.2
380 383 0.05
380 595 0.05
381 382 0.01
381 384 0.01
381 2809 0.01
382 383 0.05
382 384 0.05
382 385 0.05
383 385 0.05
383 386 0.01
383 962 0.2
384 385 0.05
384 386 0.01
385 386 0.01
385 387 0.05
385 388 0.05
385 2444 0.2
386 387 0.01
386 388 0.05
386 389 0.2
387 389 0.05
387 390 0.2
387 1002 0.01
387 1191 0.05
388 389 0.05
388 390 0.2
388 391 0.05
389 390 0.2
389 391 0.01
389 392 0.01
390 391 0.05
390 392 0.05
390 393 0.2
391 392 0.01
391 394 0.05
391 2589 0.01
391 1853 0.2
392 393 0.05
392 394 0.05
392 395 0.2
393 394 0.05
393 395 0.05
393 396 0.05
394 395 0.05
394 396 0.05
394 397 0.05
395 396 0.05
395 397 0.01
395 398 0.05
395 1021 0.05
396 397 0.2
396 398 0.01
396 399 0.05
397 398 0.2
397 399 0.01
397 400 0.05
398 399 0.05
398 400 0.05
398 401 0.01
399 400 0.2
399 401 0.01
399 402 0.2
400 401 0.01
400 402 0.2
400 403 0.01
400 2067 0.2
401 402 0.2
401 403 0.05
401 404 0.01
402 403 0.2
402 404 0.2
402 405 0.01
402 566 0.2
403 404 0.01
403 405 0.05
403 406 0.01
403 802 0.2
404 405 0.05
404 406 0.05
404 407 0.2
405 406 0.01
405 407 0.2
405 408 0.01
405 1286 0.2
406 407 0.01
406 408 0.05
406 409 0.2
407 408 0.01
407 409 0.01
407 1793 0.2
408 409 0.05
408 410 0.2
408 411 0.01
408 2190 0.05
409 410 0.01
409 412 0.05
409 1029 0.05
409 2222 0.05
410 411 0.01
410 412 0.2
410 413 0.2
411 412 0.01
411 413 0.01
411 414 0.01
412 413 0.01
412 414 0.2
412 415 0.01
413 414 0.2
413 415 0.05
413 416 0.05
414 415 0.01
414 416 0.01
414 417 0.05
414 1226 0.05
415 416 0.01
415 417 0.01
415 418 0.2
416 417 0.2
416 418 0.01
416 419 0.01
416 2223 0.05
417 418 0.2
417 419 0.01
417 420 0.05
417 2634 0.2
418 419 0.05
418 420 0.01
418 421 0.2
418 1106 0.05
419 420 0.01
419 421 0.01
419 422 0.01
419 2407 0.2
420 421 0.2
420 422 0.2
420 423 0.2
421 422 0.05
421 423 0.01
421 424 0.01
422 423 0.2
422 424 0.2
422 425 0.2
423 424 0.01
423 425 0.01
423 426 0.2
423 1173 0.2
424 425 0.05
424 426 0.01
424 427 0.2
425 426 0.05
425 428 0.05
425 711 0.05
426 427 0.2
426 428 0.2
426 429 0.01
427 428 0.05
427 429 0.05
427 430 0.05
427 1117 0.01
428 429 0.01
428 431 0.05
428 1143 0.2
429 430 0.2
429 431 0.05
429 432 0.05
430 431 0.05
430 432 0.05
430 433 0.01
430 1189 0.01
431 432 0.05
431 433 0.2
431 434 0.05
431 2480 0.05
432 433 0.05
432 434 0.2
432 435 0.2
433 434 0.2
433 435 0.01
433 436 0.05
434 435 0.01
434 436 0.05
434 1940 0.2
434 2320 0.05
435 436 0.05
435 437 0.2
435 438 0.2
435 2055 0.01
435 2201 0.05
436 438 0.01
436 439 0.2
436 617 0.01
437 438 0.05
437 439 0.01
437 1525 0.05
438 439 0.05
438 441 0.05
438 2561 0.2
438 1222 0.01
439 440 0.2
439 441 0.05
439 442 0.05
440 442 0.01
440 443 0.2
440 1669 0.01
440 1556 0.01
441 442 0.2
441 443 0.01
441 444 0.01
441 2663 0.05
442 443 0.2
442 444 0.01
442 445 0.01
443 445 0.01
443 446 0.05
443 1720 0.2
444 445 0.05
444 446 0.2
444 447 0.2
445 446 0.2
445 447 0.01
445 448 0.01
445 1873 0.05
446 447 0.05
446 448 0.05
446 449 0.05
447 449 0.2
447 450 0.05
447 2358 0.01
447 1545 0.01
448 449 0.05
448 451 0.2
448 2069 0.2
449 451 0.2
449 452 0.05
449 1440 0.01
450 451 0.05
450 452 0.2
450 453 0.01
451 452 0.2
451 453 0.05
451 454 0.2
452 453 0.05
452 454 0.05
452 455 0.2
453 454 0.01
453 455 0.05
453 456 0.05
454 455 0.2
454 456 0.05
454 457 0.2
455 456 0.2
455 457 0.2
455 458 0.2
456 457 0.01
456 458 0.01
456 459 0.05
457 458 0.2
457 459 0.01
457 1385 0.05
458 459 0.01
458 460 0.01
458 461 0.01
459 460 0.2
459 461 0.2
459 462 0.01
460 461 0.01
460 462 0.01
460 463 0.05
461 462 0.01
461 463 0.01
461 2259 0.05
462 463 0.05
462 464 0.01
462 465 0.2
463 464 0.2
463 465 0.05
463 466 0.01
464 465 0.2
464 466 0.2
464 467 0.05
464 726 0.05
465 466 0.01
465 467 0.05
465 2587 0.01
466 467 0.05
466 468 0.05
466 469 0.2
467 468 0.2
467 469 0.05
467 470 0.2
468 469 0.05
468 470 0.2
468 471 0.05
469 470 0.2
469 472 0.2
469 1314 0.01
470 471 0.01
470 472 0.05
470 473 0.2
471 472 0.2
471 473 0.01
471 474 0.2
472 474 0.2
472 475 0.05
472 1755 0.2
473 474 0.2
473 475 0.05
473 476 0.05
474 475 0.05
474 476 0.01
474 477 0.05
475 478 0.2
475 1552 0.2
475 2117 0.01
476 477 0.01
476 478 0.2
476 479 0.2
477 478 0.05
477 479 0.01
477 480 0.05
478 479 0.05
478 480 0.01
478 481 0.01
479 480 0.05
479 481 0.01
479 482 0.01
480 481 0.05
480 483 0.2
480 2668 0.01
481 482 0.01
481 483 0.2
481 484 0.01
482 483 0.2
482 484 0.05
482 485 0.05
483 484 0.01
483 485 0.01
483 486 0.2
484 485 0.05
484 486 0.2
484 487 0.01
484 2176 0.01
485 486 0.05
485 487 0.2
485 488 0.2
485 2651 0.01
486 488 0.05
486 489 0.2
486 1433 0.01
487 488 0.01
487 490 0.05
487 2666 0.05
488 490 0.05
488 491 0.2
488 2669 0.2
489 491 0.05
489 492 0.05
490 491 0.2
490 492 0.05
490 493 0.05
491 492 0.2
491 493 0.2
491 494 0.2
492 494 0.2
492 624 0.01
492 2201 0.01
493 494 0.2
493 495 0.01
493 496 0.01
494 495 0.2
494 496 0.01
494 497 0.05
495 496 0.01
495 497 0.05
495 498 0.2
496 497 0.01
496 498 0.01
496 499 0.2
496 983 0.2
497 498 0.2
497 499 0.05
497 500 0.05
498 499 0.2
498 500 0.2
498 501 0.2
499 500 0.05
499 2810 0.2
499 2260 0.2
500 501 0.2
500 502 0.05
500 503 0.01
501 502 0.01
501 503 0.01
501 504 0.01
502 503 0.01
502 504 0.01
502 505 0.2
503 504 0.01
503 2211 0.01
503 1511 0.01
504 505 0.05
504 506 0.01
504 507 0.05
505 506 0.01
505 507 0.01
505 508 0.01
506 507 0.2
506 509 0.05
506 932 0.05
507 508 0.2
507 509 0.05
507 510 0.05
508 509 0.05
508 510 0.2
508 511 0.01
508 1474 0.01
509 510 0.2
509 511 0.05
509 512 0.05
510 511 0.05
510 512 0.2
510 1527 0.05
510 1752 0.05
511 512 0.05
511 513 0.2
511 514 0.05
512 513 0.2
512 514 0.01
512 515 0.2
513 514 0.01
513 515 0.01
513 516 0.2
514 515 0.05
514 517 0.2
514 2950 0.01
515 516 0.05
515 517 0.2
515 518 0.05
516 517 0.05
516 518 0.2
516 519 0.05
517 518 0.2
517 519 0.01
517 520 0.2
517 2660 0.05
518 519 0.2
518 520 0.05
518 1388 0.01
519 520 0.01
519 522 0.05
519 2059 0.05
520 521 0.2
520 522 0.05
520 523 0.2
521 522 0.05
521 523 0.01
521 524 0.2
522 524 0.2
522 525 0.01
522 2182 0.05
522 885 0.05
523 524 0.01
523 526 0.2
523 1792 0.01
524 525 0.01
524 526 0.05
524 527 0.05
525 526 0.2
525 527 0.01
525 528 0.01
525 788 0.2
526 527 0.05
526 529 0.05
526 640 0.01
527 528 0.05
527 529 0.05
527 530 0.2
528 529 0.01
528 530 0.2
528 531 0.05
529 530 0.01
529 531 0.2
529 532 0.05
530 531 0.2
530 532 0.05
530 533 0.05
531 532 0.01
531 533 0.2
531 534 0.2
531 1220 0.05
532 533 0.05
532 534 0.2
532 535 0.01
533 534 0.2
533 535 0.01
533 536 0.2
534 535 0.05
534 536 0.2
534 537 0.2
534 2677 0.05
535 536 0.05
535 537 0.01
535 538 0.05
536 537 0.2
536 538 0.2
536 539 0.2
537 538 0.01
537 539 0.01
537 540 0.05
538 539 0.01
538 540 0.2
538 541 0.2
539 540 0.01
539 541 0.2
539 2914 0.2
540 541 0.01
540 542 0.01
540 543 0.01
540 1794 0.05
541 542 0.01
541 543 0.01
541 544 0.05
541 2987 0.2
542 543 0.2
542 544 0.01
542 1740 0.05
543 544 0.01
543 546 0.2
543 2443 0.05
544 545 0.01
544 546 0.2
544 547 0.2
545 546 0.2
545 547 0.01
545 548 0.05
546 549 0.2
546 1846 0.05
546 860 0.2
546 1906 0.01
547 548 0.2
547 549 0.2
547 550 0.05
548 549 0.2
548 550 0.01
548 551 0.2
549 550 0.05
549 551 0.05
549 552 0.2
550 551 0.2
550 552 0.01
550 553 0.01
551 553 0.01
551 554 0.2
551 1331 0.01
552 553 0.2
552 554 0.05
552 555 0.01
553 554 0.01
553 555 0.05
553 556 0.01
554 555 0.05
554 556 0.2
554 557 0.01
555 556 0.2
555 557 0.2
555 558 0.05
556 557 0.01
556 558 0.2
556 559 0.2
556 1710 0.01
557 558 0.05
557 559 0.05
557 560 0.2
558 559 0.05
558 560 0.01
558 561 0.05
558 1067 0.05
559 561 0.2
559 562 0.2
559 782 0.01
559 2306 0.2
559 1380 0.05
560 562 0.01
560 563 0.01
560 2949 0.01
561 562 0.01
561 563 0.2
561 564 0.01
561 1581 0.01
562 563 0.05
562 564 0.2
562 565 0.2
563 564 0.01
563 565 0.01
563 566 0.01
564 565 0.01
564 566 0.2
564 567 0.05
565 566 0.05
565 567 0.01
565 568 0.2
566 567 0.01
566 569 0.05
567 569 0.2
567 570 0.2
567 1205 0.01
567 2736 0.2
568 569 0.2
568 570 0.01
568 571 0.05
569 570 0.01
569 571 0.05
569 572 0.2
570 571 0.05
570 572 0.01
570 573 0.05
570 2205 0.01
571 572 0.2
571 573 0.05
571 574 0.05
572 573 0.01
572 574 0.01
572 575 0.05
573 574 0.01
573 575 0.01
573 576 0.05
574 575 0.05
574 577 0.2
574 792 0.05
575 576 0.05
575 577 0.01
575 578 0.05
575 1739 0.05
576 577 0.2
576 578 0.05
576 627 0.05
577 578 0.2
577 579 0.2
577 580 0.05
578 579 0.2
578 580 0.2
578 581 0.01
579 580 0.01
579 581 0.2
579 582 0.05
579 2185 0.01
579 1339 0.2
580 581 0.2
580 582 0.01
580 583 0.2
581 582 0.05
581 583 0.05
581 585 0.2
582 583 0.2
582 584 0.05
582 585 0.01
583 584 0.05
583 585 0.2
583 586 0.2
583 661 0.2
584 585 0.2
584 1008 0.05
584 1249 0.01
584 1148 0.2
585 586 0.01
585 587 0.05
585 588 0.01
586 587 0.05
586 588 0.05
586 589 0.01
586 1058 0.01
587 588 0.2
587 589 0.2
587 590 0.2
587 2733 0.01
588 589 0.05
588 590 0.01
588 591 0.05
589 590 0.2
589 591 0.05
589 592 0.05
590 591 0.2
590 592 0.05
590 593 0.2
590 780 0.2
591 592 0.01
591 593 0.05
591 594 0.2
592 593 0.01
592 594 0.2
592 595 0.05
592 960 0.01
593 594 0.01
593 595 0.05
593 596 0.05
594 595 0.05
594 596 0.05
594 597 0.2
595 596 0.01
595 597 0.01
595 598 0.05
596 598 0.05
596 599 0.01
596 2187 0.05
597 598 0.2
597 599 0.01
597 600 0.01
598 601 0.05
598 1149 0.2
599 600 0.05
599 601 0.2
599 602 0.2
600 601 0.2
600 602 0.05
600 603 0.2
600 1884 0.05
601 602 0.05
601 603 0.01
601 604 0.05
602 603 0.2
602 604 0.05
602 605 0.2
603 604 0.05
603 605 0.05
603 606 0.2
604 605 0.05
604 607 0.05
605 606 0.01
605 607 0.01
605 608 0.2
606 607 0.01
606 608 0.05
606 609 0.05
607 608 0.05
607 609 0.2
607 610 0.05
608 609 0.2
608 610 0.01
608 611 0.01
609 611 0.2
609 612 0.01
609 1956 0.05
609 1990 0.2
610 611 0.2
610 612 0.2
610 613 0.01
611 613 0.2
611 614 0.01
611 2014 0.01
612 615 0.2
612 2578 0.05
612 1067 0.01
613 614 0.01
613 615 0.05
613 616 0.01
614 615 0.05
614 616 0.05
614 617 0.05
615 616 0.01
615 617 0.05
615 618 0.01
616 617 0.2
616 618 0.01
616 619 0.01
617 619 0.01
617 620 0.05
617 1016 0.05
618 619 0.01
618 620 0.01
618 621 0.01
619 620 0.01
619 621 0.05
619 622 0.01
620 621 0.2
620 622 0.01
620 623 0.01
621 622 0.2
621 623 0.2
621 624 0.05
622 623 0.01
622 624 0.05
622 625 0.01
623 624 0.05
623 625 0.01
623 626 0.05
624 625 0.2
624 626 0.2
624 627 0.05
624 2435 0.2
625 626 0.01
625 627 0.05
625 628 0.2
626 627 0.05
626 628 0.05
626 629 0.2
627 628 0.01
627 629 0.01
627 630 0.05
628 629 0.01
628 630 0.05
628 1405 0.01
628 2335 0.05
629 630 0.05
629 631 0.05
629 632 0.2
630 631 0.2
630 632 0.05
630 633 0.2
631 632 0.05
631 633 0.2
631 634 0.01
632 633 0.05
632 634 0.05
632 2696 0.2
633 634 0.2
633 635 0.2
633 636 0.01
634 635 0.01
634 636 0.2
634 637 0.01
634 1197 0.01
635 636 0.05
635 637 0.05
635 842 0.05
636 637 0.2
636 638 0.01
636 639 0.2
637 638 0.2
637 639 0.05
637 640 0.01
637 1981 0.2
637 2504 0.01
638 640 0.01
638 641 0.05
639 640 0.01
639 641 0.01
639 642 0.01
640 641 0.05
640 642 0.05
640 643 0.01
641 642 0.05
641 643 0.05
641 644 0.2
642 645 0.01
642 1180 0.05
642 1513 0.01
643 644 0.05
643 645 0.05
644 645 0.05
644 646 0.2
644 647 0.05
645 646 0.01
645 647 0.05
645 648 0.05
646 647 0.01
646 648 0.01
646 2162 0.05
647 648 0.2
647 649 0.2
647 650 0.01
648 649 0.05
648 650 0.01
648 651 0.05
649 650 0.2
649 651 0.2
649 652 0.01
650 651 0.2
650 2656 0.05
650 688 0.01
651 652 0.01
651 653 0.05
651 654 0.01
652 653 0.2
652 654 0.2
652 655 0.05
652 2921 0.2
653 654 0.05
653 655 0.01
653 656 0.05
654 655 0.2
654 656 0.2
654 657 0.05
655 656 0.05
655 657 0.01
655 658 0.05
656 657 0.05
656 658 0.05
656 659 0.2
657 659 0.2
657 679 0.01
657 1332 0.2
658 659 0.05
658 660 0.2
658 661 0.05
659 660 0.05
659 661 0.2
659 662 0.05
660 661 0.2
660 662 0.05
660 663 0.01
660 2409 0.01
661 662 0.05
661 663 0.2
662 663 0.05
662 664 0.2
662 665 0.01
663 664 0.01
663 665 0.01
663 666 0.05
663 1006 0.2
664 665 0.2
664 666 0.05
664 667 0.01
665 666 0.2
665 667 0.2
665 668 0.2
665 2033 0.05
666 667 0.05
666 668 0.01
666 669 0.05
667 668 0.05
667 669 0.01
667 670 0.01
668 669 0.05
668 670 0.05
668 671 0.05
669 670 0.01
669 671 0.2
669 672 0.2
670 671 0.05
670 672 0.05
670 673 0.05
671 672 0.05
671 673 0.2
671 674 0.05
672 673 0.01
672 674 0.2
672 675 0.05
673 675 0.01
673 676 0.05
673 937 0.05
674 675 0.05
674 676 0.01
674 1903 0.05
675 676 0.05
675 678 0.05
675 2635 0.2
676 677 0.01
676 678 0.2
677 678 0.01
677 679 0.05
677 680 0.2
678 679 0.01
678 680 0.2
678 681 0.2
679 680 0.05
679 681 0.01
679 682 0.01
680 681 0.01
680 682 0.2
680 683 0.01
681 683 0.01
681 684 0.2
681 717 0.01
682 683 0.2
682 684 0.05
682 685 0.05
683 684 0.05
683 685 0.05
683 686 0.05
684 685 0.2
684 686 0.2
684 687 0.01
684 2610 0.2
685 686 0.2
685 687 0.2
685 688 0.05
685 2772 0.01
686 687 0.01
686 688 0.05
686 689 0.05
687 688 0.01
687 689 0.01
687 690 0.2
688 689 0.2
688 690 0.2
688 2604 0.01
689 691 0.05
689 692 0.2
689 1425 0.2
689 1450 0.01
690 691 0.05
690 692 0.2
690 693 0.2
691 692 0.05
691 693 0.05
691 694 0.05
692 693 0.01
692 694 0.01
692 695 0.2
693 694 0.05
693 695 0.2
693 696 0.2
694 695 0.2
694 696 0.01
694 697 0.05
695 696 0.01
695 697 0.01
695 698 0.2
696 697 0.05
696 698 0.05
696 699 0.2
696 2806 0.2
697 698 0.2
697 699 0.01
697 700 0.2
698 699 0.01
698 700 0.05
698 1903 0.2
699 701 0.05
699 702 0.01
699 2836 0.05
700 701 0.05
700 702 0.2
700 703 0.2
701 702 0.01
701 703 0.05
701 704 0.2
702 703 0.2
702 704 0.01
702 705 0.2
703 704 0.05
703 705 0.01
703 1975 0.2
704 705 0.05
704 706 0.05
704 707 0.01
705 706 0.05
705 707 0.01
705 708 0.01
706 707 0.05
706 708 0.2
706 709 0.01
707 708 0.05
707 709 0.05
707 710 0.05
708 709 0.2
708 710 0.2
708 711 0.05
709 710 0.01
709 711 0.01
709 712 0.01
710 711 0.01
710 712 0.2
710 713 0.05
710 2341 0.01
711 712 0.01
711 713 0.2
711 714 0.05
712 713 0.2
712 714 0.2
712 715 0.2
713 714 0.05
713 715 0.2
713 716 0.05
714 715 0.2
714 716 0.2
715 716 0.05
715 717 0.2
715 718 0.05
716 717 0.05
716 718 0.2
716 719 0.01
716 850 0.05
717 718 0.05
717 719 0.05
717 720 0.05
717 1702 0.05
717 817 0.01
718 719 0.05
718 720 0.2
718 721 0.05
719 720 0.01
719 721 0.2
719 722 0.2
720 721 0.01
720 722 0.2
720 723 0.05
721 722 0.05
721 723 0.05
721 724 0.01
722 723 0.2
722 725 0.2
722 1549 0.01
723 724 0.2
723 725 0.05
723 726 0.2
724 725 0.05
724 726 0.01
724 727 0.01
724 2791 0.2
725 726 0.2
725 727 0.05
725 728 0.05
726 728 0.05
726 729 0.05
727 728 0.05
727 729 0.2
727 730 0.05
728 729 0.01
728 730 0.01
728 731 0.2
729 730 0.2
729 731 0.01
729 732 0.2
730 731 0.05
730 733 0.2
730 1949 0.05
731 732 0.05
731 733 0.01
731 734 0.05
732 733 0.2
732 734 0.2
732 735 0.05
733 734 0.01
733 735 0.05
733 736 0.2
733 2768 0.01
733 1642 0.05
733 2450 0.2
734 735 0.01
734 736 0.01
734 2833 0.05
735 736 0.01
735 737 0.01
735 738 0.01
736 737 0.2
736 739 0.05
736 2700 0.01
737 738 0.01
737 739 0.2
737 740 0.05
738 739 0.2
738 740 0.05
739 740 0.05
739 741 0.01
739 742 0.05
740 741 0.2
740 742 0.05
740 743 0.05
741 742 0.05
741 743 0.2
741 744 0.01
742 743 0.2
742 744 0.2
742 745 0.2
743 744 0.2
743 745 0.05
743 746 0.2
743 2169 0.2
744 745 0.2
744 746 0.05
744 747 0.01
745 746 0.05
745 748 0.05
745 2170 0.05
746 747 0.05
746 748 0.05
746 749 0.01
747 748 0.01
747 749 0.05
748 749 0.05
748 750 0.01
748 751 0.2
749 750 0.05
749 751 0.05
749 752 0.2
750 751 0.01
750 752 0.2
750 753 0.01
751 752 0.05
751 753 0.2
751 754 0.2
752 753 0.05
752 754 0.05
752 755 0.05
753 754 0.01
753 755 0.2
753 756 0.01
754 755 0.2
754 756 0.01
754 757 0.01
755 756 0.2
755 757 0.2
755 758 0.2
756 757 0.01
756 758 0.2
756 759 0.2
757 758 0.2
757 759 0.05
757 760 0.01
758 759 0.05
758 760 0.2
758 761 0.01
758 2973 0.01
759 760 0.2
759 762 0.2
759 2450 0.05
760 761 0.2
760 762 0.01
760 763 0.05
761 762 0.01
761 763 0.2
761 764 0.2
762 763 0.2
762 764 0.05
763 764 0.2
763 765 0.2
763 766 0.01
764 765 0.01
764 766 0.05
764 767 0.05
765 766 0.2
765 767 0.01
765 768 0.01
766 768 0.05
766 769 0.2
766 1937 0.01
767 768 0.05
767 770 0.01
767 2681 0.05
767 2981 0.01
768 769 0.01
768 770 0.01
768 771 0.2
768 2565 0.05
769 770 0.05
769 771 0.01
769 772 0.2
770 771 0.2
770 772 0.05
770 773 0.01
771 772 0.01
771 773 0.05
771 774 0.2
772 773 0.2
772 774 0.01
772 775 0.2
773 774 0.05
773 775 0.01
773 2018 0.01
774 776 0.05
774 777 0.2
774 2057 0.01
775 776 0.01
775 777 0.2
775 778 0.01
776 777 0.2
776 778 0.2
776 779 0.05
777 778 0.2
777 779 0.05
777 780 0.05
778 779 0.01
778 780 0.05
778 781 0.05
778 1915 0.2
779 781 0.2
779 782 0.01
779 1871 0.2
780 782 0.2
780 783 0.2
781 782 0.2
781 783 0.2
781 784 0.01
782 783 0.05
782 784 0.05
782 785 0.2
783 784 0.01
783 785 0.05
783 786 0.05
784 785 0.2
784 786 0.01
784 787 0.05
785 786 0.05
785 787 0.2
785 788 0.2
786 787 0.2
786 788 0.2
786 789 0.05
787 788 0.05
787 789 0.01
787 790 0.01
787 2013 0.01
788 789 0.05
788 790 0.2
788 1338 0.01
789 790 0.2
789 791 0.01
789 792 0.05
789 2954 0.05
790 791 0.2
790 792 0.05
790 793 0.01
791 792 0.01
791 793 0.05
791 794 0.01
792 793 0.05
792 794 0.01
792 795 0.05
793 794 0.2
793 795 0.2
793 796 0.01
793 876 0.05
794 795 0.2
794 796 0.05
794 797 0.01
795 796 0.05
795 797 0.05
795 798 0.05
796 797 0.2
796 798 0.05
796 799 0.05
797 799 0.05
797 2838 0.2
797 818 0.05
798 799 0.2
798 800 0.05
798 801 0.2
799 800 0.01
799 801 0.01
799 802 0.01
800 801 0.2
800 802 0.05
800 803 0.01
801 802 0.01
801 803 0.05
801 804 0.2
802 1593 0.05
802 1749 0.2
803 804 0.05
803 805 0.05
803 806 0.2
804 805 0.01
804 807 0.2
804 1483 0.2
805 806 0.05
805 807 0.05
805 1323 0.2
806 807 0.05
806 808 0.2
806 809 0.05
807 808 0.01
807 809 0.2
807 810 0.2
808 811 0.01
808 1328 0.01
808 1077 0.2
809 810 0.05
809 811 0.05
809 812 0.05
810 811 0.2
810 813 0.01
811 812 0.01
811 813 0.01
811 814 0.2
812 813 0.05
812 814 0.01
812 815 0.2
813 814 0.01
813 815 0.05
813 816 0.05
814 815 0.2
814 816 0.2
814 817 0.2
814 1432 0.2
815 816 0.05
815 817 0.05
815 818 0.2
815 1122 0.01
816 817 0.05
816 818 0.2
816 819 0.01
817 820 0.2
817 1566 0.2
817 1347 0.05
818 819 0.2
818 820 0.05
819 820 0.05
819 821 0.05
819 822 0.2
820 821 0.01
820 822 0.2
820 823 0.05
821 822 0.01
821 823 0.05
821 824 0.05
821 2553 0.01
821 2105 0.2
821 2898 0.01
822 823 0.05
822 824 0.01
822 825 0.05
822 1414 0.01
823 824 0.01
823 825 0.01
823 826 0.05
824 825 0.2
824 827 0.2
824 2455 0.01
824 1693 0.2
825 827 0.01
825 828 0.05
825 1905 0.05
825 1346 0.05
826 827 0.2
826 828 0.2
826 829 0.01
827 828 0.2
827 829 0.2
827 830 0.01
827 1749 0.2
828 829 0.01
828 830 0.05
828 831 0.2
829 830 0.01
829 831 0.05
829 2561 0.2
830 831 0.01
830 832 0.05
830 2604 0.2
830 1965 0.01
831 832 0.05
831 833 0.2
831 834 0.2
832 833 0.2
832 1130 0.2
832 2565 0.01
833 834 0.01
833 835 0.05
833 836 0.2
833 2907 0.2
834 835 0.01
834 836 0.01
834 837 0.05
835 836 0.2
835 837 0.01
835 838 0.2
836 837 0.2
836 838 0.01
836 839 0.01
837 838 0.2
837 839 0.2
837 840 0.05
837 1089 0.01
838 839 0.01
838 840 0.2
838 841 0.05
839 840 0.2
839 842 0.05
840 841 0.01
840 842 0.2
840 843 0.01
841 842 0.2
841 843 0.01
841 844 0.01
842 843 0.2
842 844 0.05
842 2457 0.01
843 844 0.01
843 845 0.01
843 846 0.01
844 845 0.2
844 846 0.2
844 847 0.05
844 1847 0.05
845 846 0.01
845 847 0.2
845 848 0.01
845 1136 0.05
846 847 0.2
846 848 0.01
846 849 0.01
847 848 0.05
847 849 0.01
848 849 0.05
848 850 0.01
848 851 0.05
848 2028 0.01
849 850 0.01
849 851 0.2
849 852 0.2
850 853 0.01
850 2483 0.2
851 852 0.05
851 853 0.05
851 854 0.2
852 853 0.01
852 854 0.2
852 855 0.05
853 854 0.01
853 1205 0.2
853 1810 0.05
854 855 0.2
854 856 0.01
854 1232 0.2
854 2501 0.2
855 856 0.2
855 857 0.05
855 858 0.01
856 857 0.05
856 858 0.05
856 2775 0.2
857 858 0.05
857 859 0.05
858 859 0.2
858 860 0.01
858 861 0.05
858 2784 0.2
859 860 0.05
859 861 0.2
859 862 0.05
860 861 0.2
860 862 0.05
860 1683 0.05
861 862 0.2
861 863 0.01
861 864 0.05
862 863 0.05
862 864 0.2
862 865 0.2
863 864 0.2
863 865 0.05
863 866 0.2
863 933 0.05
864 866 0.01
864 2570 0.01
864 1572 0.05
864 1487 0.01
865 866 0.05
865 867 0.2
865 868 0.05
866 867 0.05
866 868 0.01
866 869 0.01
867 868 0.01
867 869 0.05
867 870 0.2
868 869 0.05
868 870 0.01
868 871 0.05
869 870 0.05
869 871 0.2
869 872 0.2
870 872 0.2
870 873 0.01
870 1208 0.01
871 872 0.01
871 873 0.01
871 2118 0.01
872 873 0.05
872 874 0.2
872 875 0.05
873 874 0.05
873 875 0.2
873 876 0.05
874 875 0.01
874 876 0.2
874 877 0.05
875 876 0.2
875 877 0.01
875 878 0.2
876 877 0.2
876 878 0.01
876 2693 0.05
877 878 0.01
877 879 0.01
877 880 0.05
878 879 0.01
878 880 0.01
878 881 0.2
879 880 0.2
879 881 0.01
879 882 0.05
879 2219 0.2
880 881 0.05
880 882 0.2
880 883 0.2
881 882 0.05
881 883 0.2
881 884 0.05
882 883 0.01
882 884 0.05
882 885 0.05
883 884 0.05
883 885 0.05
883 886 0.01
883 1298 0.05
883 2465 0.05
884 885 0.2
884 886 0.05
884 887 0.2
884 1247 0.05
885 886 0.05
885 887 0.05
886 887 0.05
886 888 0.2
886 889 0.05
887 889 0.05
887 890 0.01
887 924 0.05
888 889 0.01
888 890 0.05
888 891 0.05
889 890 0.2
889 891 0.01
889 892 0.05
890 891 0.05
890 892 0.01
890 893 0.2
891 892 0.01
891 893 0.01
891 894 0.2
891 1879 0.2
892 893 0.05
892 894 0.05
892 895 0.05
893 894 0.01
893 895 0.05
893 896 0.05
894 895 0.05
894 896 0.05
894 897 0.2
895 897 0.2
895 898 0.2
895 2197 0.01
895 1272 0.01
896 897 0.2
896 898 0.2
896 899 0.05
897 898 0.05
897 899 0.01
897 2402 0.01
898 899 0.01
898 900 0.01
898 901 0.05
898 2701 0.2
898 921 0.05
899 900 0.2
899 901 0.2
899 902 0.05
900 901 0.01
900 902 0.2
900 903 0.05
901 902 0.2
901 903 0.2
901 904 0.05
902 903 0.01
902 904 0.05
902 905 0.2
903 904 0.2
903 905 0.05
903 1408 0.01
904 905 0.01
904 906 0.01
904 907 0.2
904 1230 0.05
905 906 0.05
905 908 0.2
905 2717 0.05
906 907 0.05
906 908 0.05
906 909 0.01
907 908 0.05
907 910 0.01
907 2217 0.2
908 909 0.01
908 910 0.05
908 911 0.2
909 910 0.05
909 911 0.01
909 912 0.01
910 911 0.2
910 912 0.05
910 913 0.2
910 2637 0.01
910 1817 0.2
911 912 0.01
911 913 0.05
911 914 0.01
912 913 0.05
912 914 0.2
912 915 0.2
913 914 0.2
913 915 0.05
913 916 0.2
914 915 0.2
914 916 0.05
914 917 0.2
914 2544 0.01
915 917 0.01
915 918 0.01
916 917 0.2
916 918 0.2
916 919 0.2
917 918 0.05
917 919 0.05
917 920 0.05
918 920 0.2
918 921 0.01
918 2201 0.01
919 920 0.05
919 921 0.05
919 922 0.01
919 1285 0.05
920 921 0.05
920 922 0.05
920 923 0.01
920 2278 0.2
921 922 0.2
921 923 0.05
922 923 0.05
922 924 0.2
922 925 0.2
923 924 0.01
923 925 0.01
923 926 0.01
924 925 0.2
924 926 0.05
924 927 0.05
925 926 0.05
925 928 0.05
925 1422 0.01
926 927 0.2
926 928 0.01
926 929 0.2
927 928 0.05
927 929 0.01
927 930 0.2
928 930 0.05
928 931 0.01
928 2004 0.2
929 930 0.05
929 931 0.2
929 932 0.05
930 931 0.05
930 932 0.2
930 933 0.05
931 932 0.2
931 933 0.01
931 934 0.2
932 933 0.01
932 934 0.2
932 935 0.01
933 934 0.2
933 936 0.01
934 935 0.2
934 936 0.01
935 936 0.2
935 937 0.01
936 937 0.2
936 938 0.05
936 939 0.2
937 938 0.2
937 939 0.01
937 940 0.01
938 939 0.2
938 940 0.05
938 941 0.05
939 940 0.05
939 941 0.05
939 942 0.2
940 941 0.01
940 942 0.2
940 943 0.05
941 943 0.01
941 944 0.01
941 1130 0.2
942 943 0.2
942 944 0.05
942 945 0.05
943 944 0.2
943 945 0.2
943 946 0.2
944 945 0.05
944 946 0.01
944 947 0.05
945 946 0.2
945 947 0.05
945 948 0.01
946 947 0.2
946 948 0.05
946 949 0.01
947 948 0.01
947 949 0.01
947 950 0.05
948 949 0.05
948 950 0.01
948 951 0.05
948 2583 0.01
949 951 0.2
949 952 0.2
949 1366 0.05
950 951 0.2
950 952 0.05
950 953 0.2
951 952 0.2
951 953 0.01
951 954 0.2
951 2437 0.05
952 953 0.2
952 954 0.2
952 955 0.01
953 955 0.01
953 956 0.01
953 2270 0.01
954 955 0.05
954 956 0.01
954 957 0.01
955 956 0.01
955 957 0.2
955 958 0.2
956 957 0.01
956 958 0.01
956 959 0.2
957 958 0.05
957 959 0.01
957 960 0.05
958 959 0.05
958 960 0.01
958 961 0.2
959 960 0.01
959 961 0.01
959 962 0.05
960 962 0.01
960 963 0.05
961 962 0.05
961 963 0.01
961 964 0.01
962 963 0.05
962 965 0.01
962 1726 0.01
963 964 0.05
963 965 0.01
963 966 0.05
964 965 0.01
964 966 0.05
964 967 0.2
964 2993 0.2
965 966 0.01
965 967 0.05
965 968 0.01
965 2248 0.05
966 967 0.05
966 968 0.05
966 969 0.01
967 968 0.01
967 969 0.05
967 970 0.2
968 969 0.01
968 970 0.01
968 971 0.01
969 970 0.2
969 971 0.2
969 972 0.2
970 972 0.2
970 973 0.01
970 1086 0.01
971 973 0.01
971 974 0.01
971 1724 0.05
972 973 0.2
972 974 0.2
972 975 0.05
973 974 0.2
973 975 0.05
973 976 0.05
973 1742 0.01
974 975 0.01
974 977 0.01
974 1041 0.2
975 976 0.05
975 977 0.05
975 978 0.05
975 2119 0.2
976 977 0.01
976 978 0.05
976 979 0.01
977 978 0.01
977 979 0.05
977 980 0.05
978 979 0.05
978 980 0.01
978 981 0.05
979 980 0.05
979 981 0.05
979 982 0.01
980 982 0.05
980 983 0.2
980 2698 0.05
981 982 0.01
981 983 0.2
981 984 0.01
982 983 0.2
982 984 0.2
982 985 0.05
983 984 0.05
983 986 0.01
983 1870 0.05
984 986 0.2
984 987 0.2
984 1961 0.05
985 986 0.01
985 987 0.01
985 988 0.01
986 987 0.01
986 988 0.2
986 989 0.01
986 1694 0.01
987 988 0.2
987 989 0.01
987 990 0.01
988 989 0.2
988 990 0.05
988 991 0.01
989 990 0.01
989 991 0.2
989 992 0.01
990 991 0.2
990 992 0.2
990 993 0.05
991 992 0.05
991 993 0.2
991 994 0.05
992 993 0.01
992 994 0.05
992 995 0.01
993 994 0.01
993 995 0.2
993 996 0.01
994 995 0.2
994 996 0.2
994 997 0.01
995 996 0.05
995 997 0.01
995 998 0.01
996 997 0.01
996 999 0.05
996 2513 0.01
997 998 0.05
997 999 0.05
997 1000 0.2
998 999 0.05
998 1000 0.05
998 1001 0.2
999 1000 0.05
999 1001 0.01
999 1002 0.01
1000 1001 0.05
1000 1002 0.01
1000 1003 0.05
1000 2826 0.01
1001 1002 0.2
1001 1003 0.01
1001 1004 0.05
1002 1003 0.01
1002 1004 0.2
1002 1005 0.05
1003 1004 0.2
1003 1005 0.2
1003 1006 0.2
1004 1005 0.01
1004 1006 0.01
1004 1007 0.01
1005 1006 0.01
1005 1007 0.05
1005 1008 0.01
1006 1007 0.01
1006 1009 0.05
1006 1548 0.01
1007 1008 0.01
1007 1009 0.05
1007 1010 0.05
1008 1009 0.05
1008 1010 0.2
1008 1011 0.05
1009 1010 0.01
1009 1011 0.2
1009 1012 0.2
1010 1011 0.01
1010 1012 0.05
1010 1013 0.05
1011 1012 0.05
1011 1013 0.05
1011 1014 0.01
1012 1013 0.05
1012 1014 0.2
1012 1015 0.2
1013 1014 0.05
1013 1015 0.2
1013 1016 0.2
1013 1436 0.2
1014 1015 0.01
1014 1016 0.05
1014 1017 0.05
1015 1016 0.2
1015 1017 0.2
1015 1018 0.01
1016 1017 0.01
1016 1018 0.01
1016 1019 0.2
1016 2162 0.01
1017 1018 0.01
1017 1019 0.01
1017 1020 0.2
1017 2195 0.01
1018 1019 0.2
1018 1020 0.01
1018 1021 0.2
1019 1020 0.05
1019 1021 0.05
1019 1022 0.2
1019 2126 0.01
1020 1022 0.01
1020 1023 0.01
1021 1023 0.05
1022 1023 0.01
1022 1024 0.2
1022 1025 0.2
1023 1024 0.05
1023 1025 0.05
1023 1026 0.2
1024 1025 0.05
1024 1026 0.2
1024 1027 0.2
1025 1027 0.2
1025 2300 0.2
1025 2098 0.2
1026 1027 0.05
1026 1028 0.01
1026 1029 0.05
1026 1202 0.05
1027 1028 0.05
1027 1029 0.2
1027 1030 0.01
1028 1029 0.2
1028 1031 0.2
1028 1938 0.01
1029 1030 0.2
1029 1031 0.05
1029 1032 0.2
1030 1031 0.01
1030 1033 0.01
1030 1626 0.01
1031 1032 0.01
1031 1033 0.01
1031 1034 0.2
1032 1033 0.01
1032 1034 0.01
1032 1035 0.01
1033 1035 0.05
1033 1036 0.05
1033 1178 0.01
1033 2990 0.2
1034 1035 0.05
1034 1036 0.05
1034 1037 0.05
1035 1036 0.01
1035 1038 0.2
1035 1596 0.2
1036 1037 0.05
1036 1038 0.05
1036 1039 0.01
1037 1038 0.05
1037 1039 0.2
1037 2055 0.05
1038 1039 0.2
1038 1040 0.05
1038 1041 0.01
1039 1040 0.2
1039 1041 0.05
1039 1042 0.2
1040 1041 0.2
1040 1042 0.05
1040 1043 0.05
1041 1042 0.01
1041 1043 0.05
1041 1044 0.05
1042 1043 0.05
1042 1800 0.2
1042 2717 0.05
1043 1044 0.2
1043 1045 0.01
1043 1046 0.2
1044 1045 0.05
1044 1046 0.2
1044 1047 0.05
1044 1782 0.01
1045 1046 0.05
1045 1047 0.05
1045 1048 0.2
1046 1047 0.01
1046 1048 0.2
1046 1049 0.01
1047 1048 0.01
1047 1049 0.01
1047 1050 0.05
1048 1049 0.01
1048 1050 0.01
1048 1051 0.2
1049 1050 0.2
1049 1051 0.05
1049 1052 0.01
1050 1051 0.05
1050 1052 0.05
1050 1053 0.05
1051 1053 0.05
1051 1054 0.2
1051 2694 0.01
1051 2786 0.2
1052 1053 0.01
1052 1054 0.05
1052 1055 0.2
1053 1054 0.01
1053 1055 0.01
1053 1056 0.2
1054 1055 0.01
1054 1056 0.01
1054 1057 0.01
1055 1056 0.2
1055 1057 0.2
1055 1058 0.05
1056 1057 0.2
1056 1058 0.2
1056 1059 0.01
1057 1058 0.2
1057 1059 0.2
1057 1060 0.2
1058 1060 0.01
1058 1061 0.2
1059 1060 0.05
1059 1061 0.2
1059 1062 0.01
1059 2172 0.2
1060 1061 0.2
1060 1062 0.01
1060 1063 0.05
1061 1062 0.01
1061 1063 0.01
1061 1064 0.2
1062 1063 0.01
1062 1064 0.2
1062 1065 0.2
1063 1066 0.2
1063 2172 0.01
1063 1261 0.2
1063 2594 0.01
1064 1065 0.2
1064 1066 0.2
1064 1067 0.05
1065 1066 0.01
1065 1067 0.05
1065 2679 0.01
1066 1067 0.05
1066 1068 0.05
1066 1069 0.05
1067 1068 0.2
1067 1070 0.05
1068 1069 0.05
1068 1070 0.05
1068 1071 0.05
1069 1070 0.01
1069 1071 0.2
1069 1072 0.05
1070 1071 0.01
1070 1073 0.01
1070 2014 0.05
1071 1073 0.2
1071 1074 0.2
1072 1073 0.2
1072 1074 0.05
1072 1075 0.01
1073 1074 0.2
1073 1076 0.2
1073 1763 0.2
1074 1076 0.01
1074 1077 0.01
1075 1076 0.05
1075 1077 0.01
1075 1078 0.01
1076 1077 0.05
1076 1078 0.01
1076 1079 0.01
1076 2299 0.05
1077 1078 0.01
1077 1079 0.2
1077 1080 0.05
1078 1079 0.05
1078 1080 0.2
1078 1081 0.01
1079 1080 0.01
1079 1081 0.05
1079 1082 0.01
1080 1081 0.01
1080 1082 0.05
1080 1083 0.01
1080 2987 0.05
1081 1082 0.01
1081 1083 0.2
1081 1084 0.2
1082 1083 0.2
1082 1084 0.2
1082 1085 0.01
1082 2027 0.01
1083 1084 0.05
1083 1085 0.01
1083 1086 0.2
1084 1085 0.05
1084 1086 0.05
1084 1087 0.01
1084 2103 0.2
1085 1086 0.01
1085 1087 0.2
1085 1088 0.05
1086 1087 0.2
1086 1089 0.01
1086 2561 0.2
1087 1089 0.2
1087 1090 0.05
1087 1618 0.01
1088 1089 0.2
1088 1090 0.05
1088 1091 0.05
1089 1091 0.01
1089 1092 0.2
1090 1091 0.2
1090 1092 0.2
1090 2698 0.05
1091 1092 0.01
1091 1093 0.01
1091 1094 0.2
1092 1093 0.05
1092 1094 0.05
1092 1095 0.01
1093 1094 0.05
1093 1095 0.05
1093 1096 0.01
1094 1095 0.2
1094 1096 0.05
1094 1097 0.05
1095 1097 0.2
1095 1098 0.01
1095 1763 0.2
1096 1097 0.2
1096 1098 0.05
1096 1099 0.05
1097 1098 0.01
1097 1099 0.2
1097 1100 0.01
1097 2063 0.01
1098 1099 0.2
1098 1100 0.2
1098 1101 0.2
1099 1100 0.05
1099 1101 0.01
1100 1101 0.2
1100 1102 0.05
1100 1103 0.2
1101 1102 0.05
1101 1103 0.05
1101 1104 0.01
1102 1104 0.2
1102 1105 0.01
1103 1104 0.05
1103 1105 0.2
1103 1106 0.2
1104 1105 0.05
1104 1107 0.05
1105 1107 0.2
1105 1108 0.2
1105 1282 0.05
1106 1107 0.05
1106 1109 0.2
1107 1108 0.05
1107 1109 0.05
1107 1110 0.01
1108 1109 0.01
1108 1110 0.01
1108 1111 0.2
1109 1110 0.05
1109 1111 0.01
1109 1112 0.2
1110 1111 0.05
1110 1113 0.01
1111 1113 0.2
1111 1114 0.05
1111 1330 0.2
1112 1113 0.05
1112 1114 0.01
1112 1115 0.2
1113 1114 0.05
1113 1115 0.2
1113 1116 0.2
1114 1115 0.2
1114 1116 0.05
1114 1117 0.2
1115 1116 0.2
1115 1117 0.2
1115 1118 0.05
1116 1117 0.01
1116 1118 0.2
1116 1119 0.01
1117 1118 0.2
1117 1119 0.2
1118 1119 0.01
1118 1120 0.2
1118 1121 0.01
1119 1120 0.01
1119 1121 0.01
1119 1122 0.05
1119 2051 0.2
1119 1222 0.2
1120 1121 0.2
1120 1122 0.2
1120 1123 0.05
1121 1123 0.05
1121 1124 0.2
1121 1270 0.2
1122 1123 0.01
1122 1607 0.05
1123 1124 0.2
1123 1925 0.05
1123 1580 0.05
1124 1125 0.2
1124 1126 0.2
1124 1127 0.01
1125 1127 0.05
1125 1128 0.2
1125 2593 0.2
1126 1127 0.05
1126 1128 0.2
1126 1129 0.01
1127 1128 0.01
1127 1129 0.2
1128 1129 0.01
1128 1131 0.01
1128 2916 0.2
1128 2927 0.05
1129 1130 0.01
1129 1131 0.05
1129 1338 0.05
1130 1131 0.01
1130 1132 0.2
1130 1133 0.05
1131 1132 0.05
1131 1133 0.05
1131 1134 0.2
1132 1133 0.05
1132 1134 0.05
1132 1135 0.01
1133 1134 0.05
1133 1136 0.05
1133 1887 0.01
1134 1135 0.05
1134 1136 0.05
1134 1137 0.2
1135 1136 0.2
1135 1138 0.05
1135 2329 0.01
1135 2727 0.01
1135 2581 0.2
1136 1137 0.2
1136 1138 0.2
1136 2677 0.05
1137 1138 0.2
1137 1139 0.05
1137 1140 0.05
1137 2923 0.01
1138 1139 0.05
1138 1140 0.01
1138 1141 0.05
1138 1998 0.05
1139 1140 0.2
1139 1141 0.2
1139 1142 0.2
1140 1141 0.01
1140 1142 0.05
1140 1143 0.05
1140 1269 0.01
1141 1142 0.2
1141 1143 0.01
1141 1144 0.2
1142 1143 0.05
1142 1145 0.05
1142 2251 0.2
1143 1144 0.05
1143 1145 0.2
1143 1146 0.01
1144 1145 0.05
1144 1146 0.01
1144 1147 0.05
1145 1146 0.2
1145 1147 0.05
1145 1148 0.05
1146 1147 0.05
1146 1148 0.05
1146 1149 0.05
1147 1148 0.01
1147 1149 0.01
1147 1150 0.05
1148 1149 0.01
1148 1150 0.01
1149 1150 0.01
1149 1151 0.2
1149 1152 0.05
1150 1151 0.2
1150 1152 0.2
1150 1153 0.2
1151 1152 0.2
1151 1153 0.05
1151 1154 0.2
1152 1154 0.2
1152 1155 0.01
1152 1811 0.05
1153 1154 0.2
1153 1155 0.2
1153 1156 0.01
1154 1155 0.01
1154 1156 0.01
1154 1157 0.01
1155 1156 0.2
1155 1157 0.2
1155 1158 0.2
1156 1157 0.05
1156 1158 0.05
1156 1159 0.01
1157 1891 0.2
1158 1159 0.05
1158 1160 0.2
1158 1161 0.05
1159 1161 0.05
1159 1162 0.01
1159 1175 0.05
1160 1162 0.01
1160 1163 0.2
1161 1162 0.05
1161 1163 0.2
1161 1164 0.2
1161 2797 0.01
1162 1163 0.05
1162 1164 0.01
1162 1165 0.05
1163 1164 0.01
1163 1165 0.01
1163 1166 0.2
1164 1165 0.01
1164 1166 0.2
1164 1167 0.05
1165 1166 0.01
1165 1167 0.05
1165 1168 0.01
1166 1167 0.2
1166 1168 0.01
1166 1169 0.01
1167 1168 0.01
1167 1169 0.05
1167 1170 0.2
1168 1169 0.01
1168 1170 0.01
1168 1171 0.01
1169 1170 0.05
1169 1172 0.01
1169 1456 0.01
1170 1171 0.2
1170 1172 0.05
1170 1173 0.05
1170 1873 0.05
1171 1172 0.2
1171 1173 0.2
1171 1174 0.2
1172 1173 0.01
1172 1174 0.05
1172 1175 0.01
1173 1175 0.2
1173 1176 0.2
1174 1175 0.05
1174 1176 0.2
1174 1177 0.2
1175 1176 0.05
1175 1177 0.2
1175 1178 0.05
1176 1177 0.2
1176 1178 0.05
1176 1179 0.05
1177 1179 0.05
1177 1180 0.05
1177 2646 0.05
1178 1179 0.01
1178 1180 0.05
1178 1181 0.2
1179 1180 0.05
1179 1181 0.01
1179 1182 0.2
1180 1181 0.01
1180 1182 0.05
1180 1183 0.2
1181 1182 0.01
1181 1183 0.2
1181 1184 0.2
1182 1183 0.01
1182 1184 0.01
1182 1185 0.2
1183 1184 0.2
1183 1185 0.05
1183 1186 0.2
1184 1185 0.05
1184 1186 0.01
1184 1187 0.2
1185 1186 0.01
1185 1187 0.2
1185 1188 0.05
1186 1187 0.2
1186 1188 0.2
1186 1189 0.2
1187 1188 0.2
1187 1189 0.01
1187 1190 0.05
1188 1189 0.05
1188 1190 0.2
1188 1191 0.01
1189 1190 0.05
1189 1191 0.2
1190 1191 0.05
1190 1192 0.05
1190 1193 0.2
1191 1193 0.05
1191 1194 0.01
1192 1193 0.01
1192 1194 0.01
1192 1195 0.2
1192 1555 0.05
1193 1194 0.2
1193 1195 0.2
1193 1196 0.01
1194 1195 0.05
1194 1196 0.05
1194 1197 0.2
1195 1196 0.01
1195 1197 0.01
1196 1197 0.2
1196 1198 0.05
1196 2844 0.01
1197 1198 0.2
1197 1200 0.05
1198 1199 0.2
1198 1200 0.05
1198 1201 0.2
1199 1201 0.01
1199 1202 0.2
1199 2718 0.2
1200 1201 0.05
1200 1202 0.05
1200 1203 0.2
1201 1202 0.01
1201 1203 0.05
1201 1204 0.01
1202 1203 0.2
1202 1204 0.05
1203 1204 0.05
1203 1205 0.2
1203 1206 0.2
1204 1205 0.2
1204 1206 0.05
1204 1207 0.05
1205 1206 0.01
1205 1207 0.2
1205 1208 0.2
1206 1207 0.05
1206 1208 0.01
1206 1209 0.2
1207 1208 0.2
1207 1209 0.2
1207 1210 0.05
1208 1209 0.01
1208 1210 0.2
1208 2246 0.01
1209 1210 0.2
1209 1211 0.05
1209 1212 0.2
1210 1211 0.01
1210 1213 0.01
1210 2207 0.2
1211 1212 0.01
1211 1213 0.2
1211 1214 0.05
1212 1213 0.2
1212 1214 0.01
1212 1215 0.2
1213 1214 0.01
1213 1215 0.01
1213 1216 0.2
1213 2888 0.01
1214 1215 0.01
1214 1216 0.01
1214 1217 0.2
1215 1216 0.05
1215 1217 0.2
1215 1218 0.01
1216 1217 0.05
1216 1218 0.01
1216 1219 0.01
1217 1218 0.05
1217 1219 0.2
1217 1220 0.2
1218 1219 0.2
1218 1220 0.05
1218 1221 0.05
1219 1220 0.05
1219 1222 0.2
1219 2698 0.05
1220 1221 0.01
1220 1223 0.05
1221 1222 0.01
1221 1223 0.01
1221 1224 0.05
1222 1223 0.05
1222 1712 0.01
1223 1224 0.2
1223 1225 0.05
1223 1226 0.05
1224 1225 0.05
1224 1227 0.01
1224 2627 0.01
1224 2338 0.05
1225 1226 0.05
1225 1227 0.01
1225 1228 0.01
1225 1646 0.05
1226 1228 0.2
1226 2764 0.2
1227 1228 0.01
1227 1229 0.05
1227 1230 0.05
1228 1229 0.01
1228 1230 0.2
1228 1231 0.05
1229 1230 0.01
1229 1231 0.2
1229 1696 0.01
1229 2600 0.2
1229 1371 0.01
1230 1231 0.2
1230 1233 0.05
1231 1232 0.01
1231 1233 0.01
1231 1234 0.01
1231 1758 0.2
1232 1233 0.01
1232 1235 0.01
1233 1234 0.05
1233 1235 0.05
1233 1236 0.05
1233 2246 0.01
1234 1235 0.2
1234 1236 0.2
1234 1237 0.05
1235 1236 0.01
1235 1237 0.01
1235 1238 0.01
1235 2668 0.2
1236 1237 0.2
1236 1238 0.05
1236 2565 0.01
1236 2873 0.2
1237 1238 0.01
1237 1239 0.05
1237 1847 0.01
1237 1545 0.2
1238 1239 0.01
1238 1240 0.2
1238 1241 0.05
1239 1240 0.2
1239 1241 0.01
1239 1242 0.05
1240 1241 0.2
1240 1242 0.01
1240 1243 0.2
1241 1243 0.01
1241 1244 0.05
1241 1492 0.01
1241 2927 0.2
1242 1243 0.01
1242 1244 0.2
1242 1727 0.01
1243 1244 0.05
1243 2526 0.05
1244 1245 0.01
1244 1246 0.05
1244 1247 0.2
1245 1246 0.01
1245 1248 0.2
1246 1247 0.2
1246 1248 0.01
1246 1249 0.01
1247 1248 0.05
1247 1250 0.01
1248 1249 0.2
1248 1250 0.01
1248 1251 0.2
1248 2831 0.05
1249 1250 0.05
1249 1252 0.2
1249 2970 0.2
1250 1251 0.05
1250 1252 0.05
1250 1253 0.01
1251 1252 0.2
1251 1253 0.2
1251 1254 0.01
1251 1866 0.05
1252 1253 0.01
1252 1254 0.05
1252 1255 0.01
1253 1254 0.01
1253 1255 0.05
1253 1256 0.01
1254 1255 0.05
1254 1256 0.01
1254 1257 0.05
1255 1256 0.01
1255 1257 0.05
1255 1258 0.2
1256 1257 0.2
1256 1258 0.2
1256 1259 0.01
1257 1258 0.2
1257 1259 0.01
1257 1260 0.2
1257 2575 0.2
1258 1259 0.05
1258 1260 0.2
1258 1261 0.2
1258 2191 0.2
1259 1260 0.2
1259 1261 0.2
1259 1262 0.2
1260 1261 0.05
1260 1262 0.2
1260 1263 0.2
1261 1262 0.01
1261 1263 0.05
1261 1264 0.05
1262 1263 0.01
1262 1264 0.05
1262 1265 0.01
1262 2070 0.05
1263 1264 0.2
1263 1265 0.05
1263 1266 0.05
1264 1265 0.05
1264 1266 0.05
1264 1267 0.01
1264 2391 0.05
1265 1266 0.01
1265 1267 0.05
1265 1268 0.01
1266 1267 0.05
1266 1268 0.2
1266 1269 0.05
1266 2381 0.2
1267 1268 0.05
1267 1269 0.05
1267 1270 0.05
1268 1269 0.05
1268 1270 0.2
1268 1271 0.2
1269 1270 0.01
1269 1271 0.2
1270 1271 0.01
1270 1272 0.01
1270 1273 0.01
1271 1272 0.05
1271 1273 0.2
1271 1274 0.2
1271 2916 0.2
1272 1273 0.2
1272 1274 0.01
1273 1274 0.2
1273 1275 0.05
1273 1276 0.2
1274 1275 0.01
1274 1276 0.2
1274 1277 0.01
1275 1276 0.01
1275 1277 0.05
1275 1278 0.05
1276 1277 0.01
1276 1278 0.05
1276 1279 0.2
1277 1278 0.01
1277 1279 0.2
1277 1280 0.05
1278 1279 0.2
1278 1280 0.2
1278 1281 0.2
1278 1776 0.01
1279 1280 0.2
1279 1281 0.05
1279 1282 0.2
1280 1281 0.2
1280 1282 0.01
1280 1283 0.01
1281 1283 0.01
1281 1284 0.05
1282 1283 0.01
1282 1284 0.01
1282 1328 0.2
1283 1284 0.05
1283 1285 0.01
1283 1286 0.2
1284 1285 0.01
1284 1286 0.05
1284 1287 0.01
1284 1621 0.2
1285 1287 0.2
1285 1288 0.2
1286 1288 0.01
1286 1289 0.01
1287 1288 0.05
1287 1289 0.01
1287 1290 0.2
1288 1289 0.01
1288 1291 0.05
1288 2390 0.01
1289 1290 0.01
1289 1291 0.2
1289 1292 0.05
1290 1291 0.01
1290 1292 0.05
1290 1293 0.01
1291 1292 0.05
1291 1293 0.05
1291 1294 0.01
1292 1293 0.01
1292 1294 0.01
1292 1295 0.2
1293 1294 0.01
1293 1295 0.2
1293 1296 0.2
1294 1295 0.05
1294 1296 0.05
1294 1297 0.2
1295 1296 0.2
1295 1297 0.2
1295 1298 0.2
1296 1297 0.05
1296 1298 0.01
1296 1299 0.2
1297 1300 0.2
1297 2825 0.05
1298 1300 0.05
1298 1301 0.2
1298 1462 0.01
1299 1300 0.05
1299 1301 0.05
1299 1302 0.05
1300 1301 0.05
1300 1302 0.01
1300 1303 0.05
1301 1302 0.05
1301 1303 0.2
1301 1304 0.01
1302 1303 0.2
1302 1304 0.2
1302 1305 0.05
1303 1304 0.01
1303 1306 0.2
1303 1885 0.05
1304 1305 0.01
1304 1306 0.2
1304 1307 0.2
1305 1306 0.01
1305 1307 0.01
1305 1308 0.2
1306 1308 0.01
1306 1309 0.01
1306 1719 0.01
1307 1308 0.05
1307 1309 0.01
1307 1310 0.01
1308 1309 0.2
1308 1310 0.05
1308 1311 0.01
1309 1311 0.2
1309 2047 0.05
1309 2596 0.2
1309 1534 0.2
1310 1311 0.2
1310 1313 0.05
1310 1637 0.05
1311 1313 0.2
1311 1314 0.05
1311 2110 0.05
1311 1624 0.2
1312 1313 0.05
1312 1314 0.01
1312 1315 0.01
1313 1314 0.05
1313 1316 0.01
1313 1329 0.01
1314 1315 0.2
1314 1316 0.05
1314 1317 0.01
1315 1317 0.01
1315 1318 0.2
1315 1445 0.01
1316 1317 0.05
1316 1318 0.05
1316 1319 0.01
1317 1318 0.01
1317 1319 0.01
1317 1320 0.01
1318 1319 0.05
1318 1320 0.01
1318 1321 0.01
1319 1321 0.2
1319 1322 0.01
1319 1477 0.01
1320 1322 0.05
1320 1323 0.2
1320 2154 0.05
1321 1322 0.05
1321 1323 0.2
1321 1324 0.01
1322 1323 0.05
1322 1324 0.2
1322 1699 0.01
1323 1324 0.2
1323 1325 0.2
1323 1326 0.01
1324 1327 0.01
1324 1925 0.2
1325 1327 0.05
1325 1584 0.01
1325 1356 0.2
1326 1327 0.01
1326 1328 0.01
1326 1329 0.05
1327 1328 0.05
1327 1329 0.01
1327 1330 0.05
1328 1330 0.05
1328 2723 0.01
1329 1330 0.2
1329 1331 0.01
1329 1332 0.05
1330 1331 0.05
1330 1332 0.01
1330 1333 0.05
1331 1332 0.2
1331 1333 0.01
1331 1334 0.01
1332 1333 0.01
1332 1334 0.2
1332 1335 0.01
1333 1334 0.05
1333 1335 0.2
1333 1336 0.2
1334 1335 0.05
1334 1336 0.01
1334 1337 0.05
1335 1337 0.01
1335 1338 0.01
1335 2236 0.2
1336 1337 0.2
1336 1338 0.05
1336 1339 0.2
1337 1338 0.01
1337 2147 0.01
1337 2013 0.2
1337 1564 0.05
1338 1339 0.01
1338 2211 0.01
1339 1340 0.2
1339 1341 0.01
1340 1341 0.05
1340 1342 0.2
1340 1343 0.2
1341 1342 0.01
1341 1343 0.2
1341 1344 0.2
1342 1343 0.01
1342 1344 0.2
1342 1345 0.05
1343 1344 0.05
1343 1345 0.01
1343 1346 0.01
1344 1345 0.01
1344 1346 0.2
1344 1347 0.01
1345 1346 0.01
1345 1347 0.05
1345 1348 0.01
1346 1348 0.2
1346 1349 0.01
1347 1349 0.05
1347 1350 0.2
1347 2792 0.01
1348 1349 0.01
1348 1351 0.2
1348 1769 0.01
1348 2866 0.2
1349 1350 0.2
1349 1351 0.01
1349 1352 0.01
1350 1351 0.2
1350 1352 0.05
1350 1353 0.2
1351 1352 0.2
1351 1353 0.05
1351 1354 0.05
1352 1353 0.2
1352 1355 0.2
1352 2340 0.05
1353 1354 0.05
1353 1355 0.2
1353 1356 0.01
1354 1356 0.2
1354 1357 0.05
1354 2649 0.2
1355 1356 0.05
1355 1357 0.05
1355 1358 0.2
1356 1357 0.05
1356 1358 0.05
1356 1359 0.01
1356 1599 0.05
1356 2818 0.2
1357 1358 0.05
1357 1359 0.01
1357 1360 0.01
1358 1359 0.05
1358 1360 0.2
1358 1361 0.2
1358 2650 0.01
1359 1360 0.05
1359 1361 0.05
1359 1362 0.01
1360 1361 0.05
1360 1362 0.2
1360 1363 0.01
1361 1362 0.05
1361 1363 0.05
1361 1364 0.01
1362 1363 0.01
1362 1364 0.05
1362 1365 0.05
1363 1364 0.2
1363 1365 0.2
1363 1366 0.01
1364 1365 0.05
1364 1366 0.01
1364 1367 0.2
1365 1366 0.05
1365 1367 0.01
1365 1368 0.05
1366 1367 0.05
1366 1368 0.05
1366 1369 0.05
1366 1812 0.2
1366 2236 0.05
1367 1368 0.05
1367 1369 0.05
1367 1370 0.05
1368 1369 0.05
1368 1370 0.05
1368 1371 0.05
1369 1370 0.2
1369 1371 0.05
1369 1372 0.01
1370 1371 0.2
1370 1372 0.2
1370 1373 0.01
1371 1372 0.01
1371 1373 0.01
1372 1373 0.2
1372 1374 0.01
1372 1375 0.2
1373 1375 0.01
1373 1376 0.2
1373 2467 0.2
1374 1375 0.2
1374 1376 0.05
1374 1377 0.05
1375 1376 0.2
1375 1377 0.05
1375 1378 0.05
1376 1377 0.2
1376 1378 0.05
1376 1379 0.01
1377 1378 0.05
1377 1379 0.01
1377 1380 0.05
1378 1379 0.01
1378 1380 0.2
1378 1381 0.2
1379 1380 0.05
1379 1381 0.05
1379 1382 0.2
1379 2867 0.05
1380 1381 0.01
1380 1382 0.01
1381 1382 0.01
1381 1383 0.05
1381 1384 0.2
1382 1383 0.01
1382 1384 0.2
1382 1385 0.05
1383 1384 0.2
1383 1385 0.05
1383 1386 0.01
1384 1385 0.05
1384 1386 0.01
1384 2050 0.2
1385 1386 0.01
1385 1387 0.05
1385 1388 0.2
1386 1387 0.2
1386 1388 0.01
1386 1389 0.05
1387 1388 0.2
1387 1389 0.2
1387 1390 0.2
1388 1389 0.01
1388 1390 0.2
1388 1391 0.05
1389 1390 0.2
1389 1391 0.01
1389 1392 0.01
1389 2174 0.05
1390 1391 0.05
1390 1393 0.05
1391 1393 0.01
1391 1394 0.2
1391 2749 0.01
1392 1393 0.05
1392 1394 0.05
1392 1395 0.2
1393 1394 0.2
1393 1395 0.2
1393 1396 0.2
1394 1395 0.2
1394 1396 0.01
1395 1396 0.2
1395 1397 0.01
1395 1398 0.01
1396 1397 0.01
1396 1398 0.01
1396 1399 0.01
1397 1398 0.01
1397 1399 0.05
1397 1400 0.01
1398 1399 0.05
1398 1400 0.05
1398 1401 0.01
1399 1400 0.2
1399 1401 0.01
1399 1402 0.01
1400 1402 0.05
1400 1403 0.01
1401 1402 0.05
1401 1403 0.2
1401 1404 0.05
1402 1403 0.2
1402 1404 0.05
1402 1405 0.05
1402 2498 0.05
1403 1404 0.2
1403 1405 0.01
1403 1406 0.05
1404 1405 0.05
1404 1406 0.01
1404 1407 0.2
1405 1407 0.01
1405 1408 0.01
1405 1580 0.01
1406 1407 0.05
1406 1408 0.01
1406 1409 0.2
1407 1408 0.2
1407 1409 0.05
1407 1578 0.01
1408 1409 0.2
1408 1410 0.2
1408 1411 0.2
1409 1410 0.05
1409 1411 0.2
1409 1412 0.05
1410 1411 0.2
1410 1412 0.01
1410 1413 0.01
1410 1877 0.2
1411 1412 0.01
1411 1413 0.05
1411 1804 0.01
1411 1480 0.01
1412 1413 0.01
1412 1414 0.05
1412 1415 0.05
1413 1414 0.05
1413 1415 0.05
1413 1416 0.01
1414 1415 0.01
1414 1417 0.2
1415 1416 0.2
1415 1417 0.05
1415 1418 0.05
1416 1417 0.2
1416 1418 0.2
1416 1419 0.01
1416 2043 0.05
1417 1418 0.01
1417 1420 0.05
1417 2681 0.2
1418 1419 0.2
1418 1420 0.05
1418 1421 0.05
1419 1420 0.01
1419 1422 0.05
1419 2704 0.01
1420 1421 0.01
1420 1422 0.01
1420 1423 0.2
1420 2776 0.05
1421 1422 0.2
1421 1423 0.05
1421 1424 0.01
1422 1423 0.01
1422 1424 0.2
1422 1425 0.01
1423 1424 0.2
1423 1425 0.05
1424 1425 0.05
1424 1427 0.2
1424 2659 0.01
1425 1426 0.05
1425 1427 0.2
1425 1428 0.05
1426 1427 0.01
1426 1428 0.2
1426 1429 0.2
1426 2642 0.05
1427 1428 0.01
1427 1429 0.05
1427 1430 0.05
1428 1429 0.01
1428 1430 0.2
1428 1431 0.05
1429 1430 0.2
1429 1431 0.01
1429 1432 0.05
1429 1629 0.05
1430 1431 0.01
1430 1432 0.01
1430 1433 0.2
1431 1432 0.01
1431 1433 0.2
1431 1434 0.05
1432 1435 0.05
1432 2793 0.05
1432 1690 0.05
1433 1434 0.05
1433 1435 0.01
1433 1436 0.05
1434 1435 0.2
1434 1436 0.2
1434 1437 0.05
1435 1436 0.2
1435 1437 0.01
1435 1438 0.05
1436 1437 0.2
1436 1439 0.01
1436 2315 0.01
1437 1438 0.2
1437 1439 0.01
1437 1440 0.2
1438 1439 0.2
1438 1440 0.01
1438 1441 0.05
1439 1440 0.05
1439 1441 0.01
1439 1442 0.05
1440 1441 0.05
1440 1442 0.05
1440 1443 0.01
1441 1442 0.2
1441 1444 0.2
1441 2802 0.05
1442 1443 0.2
1442 1444 0.05
1442 2605 0.05
1442 2991 0.05
1443 1444 0.2
1443 1445 0.05
1443 1446 0.05
1444 1445 0.2
1444 1446 0.05
1444 1447 0.01
1445 1446 0.05
1445 1447 0.2
1445 1448 0.05
1446 1447 0.2
1446 1448 0.01
1446 1449 0.05
1447 1448 0.05
1447 1449 0.05
1447 1450 0.01
1448 1449 0.05
1448 1450 0.2
1448 1451 0.01
1449 1450 0.2
1449 1451 0.05
1449 1452 0.2
1449 2078 0.01
1450 1451 0.01
1450 1452 0.01
1451 1452 0.01
1451 1453 0.01
1451 1454 0.01
1452 1453 0.01
1452 2273 0.05
1453 1454 0.01
1453 1455 0.01
1453 1456 0.2
1454 1455 0.01
1454 1456 0.01
1454 1457 0.01
1455 1456 0.01
1455 1457 0.2
1455 1458 0.01
1456 1458 0.2
1456 1459 0.05
1456 1630 0.2
1456 1685 0.01
1456 2142 0.01
1457 1458 0.2
1457 1459 0.2
1457 1460 0.05
1458 1459 0.2
1458 1460 0.05
1458 1461 0.2
1459 1460 0.01
1459 1461 0.2
1459 1462 0.01
1460 1461 0.01
1460 1462 0.2
1460 1463 0.01
1460 2392 0.01
1461 1462 0.2
1461 1463 0.01
1461 1464 0.01
1462 1464 0.01
1462 1465 0.2
1463 1464 0.01
1463 1465 0.01
1463 1466 0.05
1464 1465 0.2
1464 1466 0.01
1464 1467 0.01
1465 1466 0.01
1465 1467 0.2
1465 1468 0.01
1466 1467 0.05
1466 1468 0.05
1466 1469 0.2
1467 1468 0.2
1467 1469 0.01
1467 1470 0.05
1468 1469 0.01
1468 1470 0.2
1468 1471 0.05
1469 1470 0.2
1469 1471 0.2
1469 1472 0.01
1470 1471 0.05
1470 1472 0.05
1470 1473 0.2
1471 1472 0.2
1471 1473 0.2
1471 1474 0.01
1472 1473 0.05
1472 1474 0.01
1472 1475 0.2
1473 1474 0.01
1473 1475 0.01
1473 1476 0.01
1474 1476 0.01
1474 1477 0.05
1475 1476 0.01
1475 1477 0.2
1475 1478 0.2
1475 1525 0.01
1476 1477 0.2
1476 1478 0.01
1477 1478 0.2
1477 1479 0.01
1477 1480 0.01
1478 1479 0.01
1478 1480 0.05
1478 1481 0.01
1479 1480 0.01
1479 1481 0.05
1479 1482 0.2
1479 2600 0.2
1480 1481 0.05
1480 1482 0.2
1480 1483 0.05
1480 2511 0.2
1481 1482 0.2
1481 1483 0.05
1481 1484 0.01
1482 1483 0.05
1482 1484 0.05
1482 1485 0.05
1483 1485 0.2
1483 1486 0.01
1484 1485 0.2
1484 2183 0.01
1485 1486 0.2
1485 1487 0.2
1485 1488 0.05
1486 1487 0.05
1486 1488 0.01
1486 1489 0.01
1487 1488 0.01
1487 1489 0.01
1488 1489 0.05
1488 1490 0.05
1488 1491 0.2
1489 1490 0.01
1489 1491 0.2
1489 2469 0.05
1490 1491 0.01
1490 1492 0.2
1490 1493 0.2
1490 2574 0.05
1491 1492 0.01
1491 1493 0.2
1491 1494 0.2
1492 1493 0.01
1492 1494 0.05
1492 1495 0.2
1493 1494 0.05
1493 1495 0.2
1493 1496 0.2
1494 1495 0.2
1494 1496 0.2
1494 1497 0.01
1495 1496 0.2
1495 1497 0.05
1495 1498 0.2
1496 1497 0.05
1496 1498 0.05
1496 1499 0.05
1496 2324 0.2
1497 1498 0.05
1497 1499 0.05
1497 1500 0.05
1498 1499 0.05
1498 1500 0.05
1498 1501 0.05
1499 1501 0.2
1499 1502 0.2
1500 1501 0.01
1500 1502 0.01
1500 1503 0.2
1501 1502 0.01
1501 1503 0.01
1501 1504 0.2
1502 1503 0.05
1502 1504 0.05
1502 1505 0.05
1503 1504 0.05
1503 1505 0.05
1503 1506 0.05
1504 1505 0.05
1504 1506 0.05
1504 1507 0.05
1505 1506 0.01
1505 1507 0.01
1505 1508 0.2
1506 1508 0.05
1506 1509 0.05
1506 2568 0.01
1507 1508 0.01
1507 1509 0.05
1507 2860 0.05
1508 1509 0.2
1508 1510 0.01
1508 1511 0.05
1509 1510 0.05
1509 1511 0.01
1509 1512 0.05
1510 1511 0.2
1510 1512 0.01
1510 1513 0.01
1511 1512 0.2
1511 1513 0.01
1512 1513 0.01
1512 1514 0.01
1512 1515 0.01
1513 1514 0.05
1513 1515 0.05
1513 1516 0.01
1514 1515 0.05
1514 1516 0.05
1514 1517 0.01
1515 1516 0.01
1515 1517 0.05
1515 1518 0.05
1516 1517 0.01
1516 1518 0.05
1516 1519 0.2
1517 1518 0.05
1517 1519 0.01
1517 1520 0.01
1518 1519 0.05
1518 1520 0.2
1518 1521 0.2
1519 1520 0.05
1519 1521 0.05
1519 1522 0.05
1520 1521 0.01
1520 1523 0.05
1521 1522 0.2
1521 1523 0.01
1521 1524 0.05
1522 1523 0.01
1522 1524 0.01
1522 1525 0.05
1523 1524 0.2
1523 1525 0.05
1523 1526 0.2
1524 1525 0.05
1524 1526 0.01
1524 1527 0.01
1525 1526 0.2
1525 1527 0.05
1525 2966 0.01
1526 1527 0.05
1526 1528 0.05
1526 1529 0.01
1527 1528 0.05
1527 1529 0.2
1527 1530 0.01
1527 2541 0.05
1527 2403 0.2
1528 1529 0.05
1528 1530 0.2
1528 1531 0.2
1528 1573 0.05
1529 1530 0.2
1529 1531 0.01
1529 1532 0.2
1530 1531 0.01
1530 1532 0.2
1530 1533 0.05
1531 1532 0.05
1531 1533 0.2
1531 1534 0.05
1532 1534 0.2
1532 1535 0.01
1532 1573 0.05
1533 1534 0.2
1533 1535 0.05
1533 1536 0.01
1534 1535 0.01
1534 1536 0.05
1534 1537 0.05
1535 1536 0.05
1535 1537 0.01
1535 1538 0.01
1536 1537 0.05
1536 1538 0.2
1536 1539 0.01
1536 1731 0.05
1537 1538 0.2
1537 1539 0.05
1537 1540 0.05
1538 1539 0.2
1538 1540 0.05
1538 1541 0.2
1539 1540 0.05
1539 1541 0.2
1539 1542 0.01
1540 1541 0.01
1540 1542 0.05
1540 1543 0.2
1541 1542 0.2
1541 1543 0.01
1541 1544 0.2
1542 1543 0.2
1542 1544 0.2
1542 1545 0.01
1543 1544 0.01
1543 1545 0.05
1543 1546 0.2
1544 1545 0.05
1544 1546 0.01
1544 1547 0.05
1544 1903 0.2
1545 1546 0.01
1545 1548 0.05
1546 1548 0.01
1546 1549 0.2
1546 1610 0.05
1547 1548 0.01
1547 1549 0.2
1547 1550 0.05
1548 1549 0.05
1548 2039 0.2
1549 1550 0.2
1549 1551 0.05
1549 1552 0.01
1550 1551 0.05
1550 1552 0.05
1550 1553 0.01
1551 1553 0.05
1551 1554 0.2
1551 2027 0.01
1552 1553 0.05
1552 1554 0.01
1552 1555 0.05
1553 1554 0.01
1553 1555 0.01
1553 1556 0.2
1553 2004 0.01
1554 1555 0.05
1554 1556 0.05
1554 1557 0.2
1555 1556 0.05
1555 1558 0.2
1556 1558 0.01
1556 1559 0.05
1557 1558 0.05
1557 1559 0.05
1557 1560 0.05
1558 1559 0.2
1558 1560 0.2
1558 1561 0.01
1559 1560 0.2
1559 1561 0.01
1559 1562 0.2
1560 1561 0.2
1560 1562 0.01
1560 1563 0.05
1561 1562 0.2
1561 1563 0.01
1561 1564 0.2
1562 1563 0.01
1562 1564 0.2
1562 1781 0.2
1563 1564 0.05
1563 1565 0.01
1563 1566 0.05
1564 1565 0.05
1564 1566 0.2
1565 1566 0.01
1565 1567 0.05
1565 1568 0.05
1565 2406 0.01
1566 1568 0.01
1566 1569 0.05
1566 2065 0.01
1566 2942 0.01
1567 1568 0.2
1567 1570 0.2
1567 2050 0.05
1568 1569 0.01
1568 1570 0.05
1568 1571 0.05
1568 2670 0.01
1568 2381 0.05
1569 1570 0.2
1569 1571 0.05
1569 1572 0.2
1570 1571 0.01
1570 1572 0.2
1570 1573 0.05
1571 1572 0.05
1571 1573 0.01
1571 1574 0.05
1571 1742 0.05
1572 1573 0.05
1572 1574 0.01
1572 1575 0.2
1573 1575 0.2
1573 1576 0.05
1574 1575 0.05
1574 1576 0.01
1574 1577 0.2
1575 1576 0.01
1575 1577 0.05
1575 2833 0.01
1576 1577 0.01
1576 1578 0.01
1576 1579 0.05
1577 1578 0.2
1577 1579 0.05
1577 1580 0.05
1578 1579 0.01
1578 1580 0.05
1578 1581 0.2
1579 1580 0.05
1579 1581 0.2
1579 1582 0.01
1580 1581 0.2
1580 1582 0.05
1581 1583 0.2
1581 1584 0.05
1582 1583 0.05
1582 1584 0.01
1582 1585 0.05
1583 1584 0.2
1583 1585 0.01
1583 1586 0.2
1584 1585 0.05
1584 1586 0.05
1584 1587 0.2
1585 1586 0.2
1585 1587 0.01
1585 1588 0.2
1586 1587 0.01
1586 1588 0.2
1586 1589 0.2
1587 1588 0.2
1587 1589 0.01
1587 1590 0.05
1588 1589 0.01
1588 1590 0.01
1588 1591 0.01
1589 1590 0.01
1589 1591 0.01
1589 1592 0.2
1589 2891 0.01
1590 1591 0.2
1590 1592 0.01
1590 1593 0.01
1590 2484 0.05
1591 1592 0.05
1591 1593 0.05
1592 1593 0.01
1592 1594 0.05
1592 1595 0.05
1593 1594 0.01
1593 1595 0.05
1593 1596 0.05
1594 1595 0.2
1594 1596 0.01
1594 1597 0.2
1595 1596 0.05
1595 1597 0.2
1595 1598 0.05
1596 1597 0.2
1596 1598 0.01
1596 1599 0.2
1597 1598 0.01
1597 1599 0.01
1597 1600 0.05
1598 1599 0.01
1598 1600 0.01
1598 1601 0.05
1599 1601 0.01
1599 1602 0.01
1600 1601 0.01
1600 1602 0.2
1600 1603 0.2
1600 2418 0.2
1601 1602 0.01
1601 1603 0.01
1601 1604 0.2
1602 1603 0.2
1602 1604 0.01
1602 1605 0.05
1603 1604 0.01
1603 1605 0.01
1603 1606 0.01
1604 1605 0.01
1604 1606 0.01
1604 1607 0.01
1605 1606 0.2
1605 1607 0.05
1605 1608 0.05
1606 1608 0.05
1606 1609 0.2
1606 1943 0.2
1606 1649 0.05
1607 1608 0.01
1607 1609 0.2
1607 1610 0.05
1608 1609 0.05
1608 1610 0.01
1608 1611 0.2
1609 1610 0.2
1609 1611 0.2
1609 1612 0.05
1610 1611 0.2
1610 1612 0.01
1610 1613 0.01
1611 1612 0.01
1611 1613 0.2
1611 1614 0.01
1612 1614 0.01
1612 1615 0.01
1612 1967 0.2
1613 1614 0.05
1613 1615 0.01
1613 1886 0.05
1614 1615 0.2
1614 1616 0.01
1614 1617 0.2
1615 1616 0.05
1615 1617 0.2
1615 1618 0.01
1616 1617 0.05
1616 1618 0.01
1616 1619 0.01
1616 1960 0.2
1617 1618 0.01
1617 1620 0.2
1617 2021 0.2
1618 1619 0.2
1618 1620 0.05
1618 1621 0.05
1619 1621 0.2
1619 1622 0.05
1619 2869 0.2
1620 1621 0.05
1620 1622 0.01
1620 1623 0.01
1620 2105 0.2
1621 1623 0.05
1621 1624 0.05
1622 1623 0.01
1622 1625 0.05
1622 2458 0.05
1623 1624 0.05
1623 1626 0.01
1623 2241 0.2
1624 1625 0.05
1624 1626 0.05
1625 1626 0.01
1625 1627 0.05
1625 1628 0.2
1626 1627 0.2
1626 1628 0.2
1626 1629 0.2
1626 1706 0.05
1627 1628 0.01
1627 1629 0.01
1627 1630 0.01
1628 1629 0.01
1628 1630 0.05
1628 1631 0.01
1629 1630 0.2
1629 1632 0.01
1630 1631 0.01
1630 1633 0.2
1631 1632 0.2
1631 1633 0.2
1631 1634 0.05
1632 1633 0.2
1632 1634 0.2
1632 1635 0.01
1633 1634 0.2
1633 1635 0.05
1633 1636 0.05
1634 1635 0.05
1634 1636 0.01
1634 1637 0.2
1635 1636 0.2
1635 1638 0.01
1635 1707 0.2
1636 1637 0.05
1636 1638 0.01
1636 1639 0.2
1637 1638 0.01
1637 1639 0.05
1637 1640 0.01
1638 1639 0.01
1638 1640 0.01
1638 1641 0.05
1639 1640 0.01
1639 1641 0.05
1639 1642 0.2
1640 1641 0.05
1640 1642 0.2
1640 1643 0.05
1641 1642 0.05
1641 1643 0.05
1641 1644 0.2
1642 1643 0.01
1642 1644 0.05
1643 1644 0.05
1643 1645 0.2
1643 1646 0.2
1644 1645 0.05
1644 1646 0.2
1644 1647 0.01
1645 1646 0.01
1645 1647 0.2
1645 1648 0.01
1646 1647 0.01
1646 1649 0.01
1647 1648 0.2
1647 1649 0.01
1647 1650 0.01
1648 1649 0.05
1648 1650 0.01
1648 1651 0.05
1649 1650 0.05
1649 1651 0.05
1650 1651 0.2
1650 1652 0.2
1650 1653 0.01
1651 1652 0.01
1651 1653 0.01
1651 1654 0.05
1652 1653 0.01
1652 1655 0.2
1652 1928 0.01
1653 1654 0.05
1653 1655 0.2
1653 1656 0.05
1654 1655 0.01
1654 1656 0.05
1654 1657 0.05
1655 1656 0.2
1655 1657 0.01
1655 1658 0.05
1656 1657 0.01
1656 1658 0.01
1656 1659 0.05
1656 2630 0.01
1657 1658 0.05
1657 1659 0.05
1657 1660 0.01
1658 1659 0.01
1658 1660 0.2
1658 1661 0.2
1659 1660 0.2
1659 1661 0.01
1659 1662 0.05
1660 1661 0.01
1660 1662 0.01
1660 1663 0.01
1661 1662 0.01
1661 1663 0.2
1661 1664 0.01
1662 1663 0.05
1662 1664 0.2
1662 1665 0.2
1663 1664 0.2
1663 1665 0.05
1663 1666 0.05
1663 1996 0.01
1664 1665 0.2
1664 1666 0.2
1664 1667 0.05
1665 1666 0.01
1665 1667 0.2
1665 1668 0.2
1666 1667 0.01
1666 1668 0.01
1666 1669 0.01
1667 1669 0.05
1667 1670 0.2
1667 2925 0.05
1667 2932 0.01
1668 1670 0.01
1668 1671 0.05
1668 1811 0.05
1669 1670 0.05
1669 1671 0.05
1669 1672 0.01
1670 1671 0.01
1670 1672 0.2
1670 1673 0.01
1671 1672 0.2
1671 1673 0.01
1671 1674 0.05
1672 1673 0.2
1672 1674 0.05
1672 1675 0.2
1673 1674 0.05
1673 1675 0.01
1673 1676 0.05
1674 1675 0.01
1674 1676 0.2
1674 1677 0.05
1675 1676 0.01
1675 1677 0.01
1675 1678 0.2
1676 1677 0.05
1676 1678 0.01
1676 2973 0.2
1677 1678 0.01
1677 1679 0.2
1677 1680 0.05
1678 1679 0.2
1678 1680 0.2
1678 1681 0.05
1679 1681 0.01
1679 1682 0.2
1679 2175 0.2
1680 1681 0.01
1680 1682 0.05
1680 1683 0.05
1681 1682 0.01
1681 1683 0.2
1681 1684 0.05
1682 1683 0.05
1682 1684 0.05
1682 1685 0.2
1683 1684 0.01
1683 1686 0.05
1684 1685 0.2
1684 1686 0.05
1684 1687 0.2
1685 1686 0.2
1685 1687 0.2
1686 1687 0.01
1686 1688 0.05
1686 1689 0.2
1687 1688 0.2
1687 1689 0.05
1687 1690 0.05
1688 1689 0.01
1688 1690 0.2
1688 2111 0.05
1689 1690 0.05
1689 1691 0.05
1689 1692 0.05
1689 2288 0.05
1690 1691 0.01
1690 1693 0.2
1691 1692 0.05
1691 1693 0.2
1691 1694 0.2
1692 1693 0.05
1692 1694 0.05
1692 1695 0.05
1692 2470 0.01
1693 1694 0.2
1693 1696 0.05
1694 1695 0.01
1694 1696 0.05
1694 2083 0.05
1695 1696 0.2
1695 1697 0.05
1695 1698 0.05
1695 1741 0.2
1696 1697 0.2
1696 1699 0.01
1697 1699 0.01
1697 1700 0.05
1698 1699 0.2
1698 1700 0.2
1698 1701 0.01
1698 2636 0.2
1699 1700 0.05
1699 1702 0.2
1699 2809 0.2
1700 1701 0.2
1700 1702 0.01
1700 1703 0.2
1700 2832 0.01
1701 1702 0.01
1701 1703 0.2
1701 1704 0.05
1702 1704 0.01
1702 1705 0.05
1703 1704 0.01
1703 1705 0.2
1703 1899 0.2
1704 1705 0.01
1704 1706 0.2
1704 1707 0.01
1705 1706 0.2
1705 1707 0.01
1705 1708 0.05
1705 2327 0.2
1706 1708 0.2
1706 1709 0.01
1707 1708 0.2
1707 1709 0.01
1707 1710 0.2
1708 1709 0.2
1708 1710 0.05
1708 1711 0.05
1709 1710 0.01
1709 1711 0.05
1709 1712 0.2
1710 1711 0.05
1710 2003 0.2
1711 1712 0.05
1711 1713 0.2
1711 1714 0.2
1712 1714 0.05
1712 1715 0.01
1713 1714 0.2
1713 1715 0.05
1713 1716 0.2
1714 1715 0.05
1714 1716 0.2
1714 1717 0.01
1715 1716 0.01
1715 1717 0.2
1715 1718 0.2
1716 1717 0.05
1716 1718 0.01
1716 1719 0.2
1717 1718 0.01
1717 1719 0.2
1717 1720 0.01
1718 1719 0.2
1718 1720 0.01
1718 2428 0.05
1719 1720 0.01
1719 1721 0.01
1719 1722 0.2
1720 1721 0.05
1720 1722 0.01
1720 1723 0.05
1721 1722 0.05
1721 1723 0.01
1721 1724 0.2
1722 1723 0.2
1722 1724 0.01
1722 1725 0.01
1723 1724 0.01
1723 1725 0.01
1723 1726 0.01
1724 1725 0.05
1724 1726 0.01
1725 1726 0.01
1725 1727 0.01
1725 1728 0.2
1726 1727 0.01
1726 1728 0.01
1726 1729 0.05
1727 1728 0.05
1727 1729 0.01
1727 1730 0.05
1728 1729 0.05
1728 1730 0.2
1728 1731 0.05
1729 1730 0.01
1729 1731 0.2
1729 1732 0.2
1730 1731 0.05
1730 1732 0.05
1730 1733 0.05
1731 1732 0.05
1731 1734 0.01
1732 1733 0.05
1732 1734 0.05
1732 1735 0.2
1732 2919 0.2
1733 1734 0.05
1733 1735 0.2
1733 1736 0.2
1734 1735 0.2
1734 1736 0.01
1734 2395 0.2
1735 1736 0.05
1735 1737 0.01
1735 1738 0.05
1735 2343 0.05
1736 1737 0.05
1736 1738 0.01
1736 1739 0.05
1737 1738 0.2
1737 1739 0.05
1737 1740 0.05
1738 1740 0.2
1738 1741 0.01
1738 2741 0.05
1739 1741 0.2
1739 1742 0.2
1740 1741 0.2
1740 1742 0.05
1740 1743 0.2
1741 1742 0.05
1741 1744 0.01
1742 1745 0.05
1743 1744 0.01
1743 1745 0.05
1743 1746 0.01
1744 1745 0.05
1744 1746 0.05
1744 2368 0.2
1744 1831 0.01
1745 1746 0.01
1745 1747 0.01
1745 1748 0.2
1746 1747 0.2
1746 1748 0.2
1746 1749 0.01
1746 1804 0.05
1747 1748 0.05
1747 1749 0.2
1747 1750 0.05
1748 1750 0.01
1748 1751 0.2
1748 2677 0.05
1749 1750 0.01
1749 1752 0.05
1749 2024 0.05
1749 2222 0.2
1750 1751 0.2
1750 1752 0.05
1750 1753 0.01
1751 1752 0.2
1751 1753 0.05
1751 1754 0.01
1752 1753 0.01
1752 2377 0.2
1752 1976 0.01
1753 1754 0.2
1753 1755 0.2
1753 1756 0.01
1753 2326 0.2
1754 1755 0.05
1754 1756 0.01
1754 1757 0.2
1755 1756 0.01
1755 1757 0.05
1755 1758 0.05
1755 2528 0.2
1756 1757 0.2
1756 1758 0.05
1756 1759 0.2
1757 1758 0.2
1757 1759 0.2
1757 1760 0.01
1758 1759 0.05
1758 1760 0.2
1758 2511 0.01
1759 1760 0.2
1759 1761 0.2
1759 2127 0.05
1760 1761 0.01
1760 1762 0.05
1760 1763 0.05
1761 1762 0.01
1761 1764 0.01
1761 2114 0.05
1762 1763 0.2
1762 1764 0.05
1762 1765 0.05
1763 1764 0.01
1763 1765 0.2
1763 1766 0.01
1764 1765 0.01
1764 1766 0.01
1764 1767 0.05
1765 1766 0.05
1765 1767 0.01
1765 1768 0.01
1765 2074 0.05
1766 1767 0.2
1766 1768 0.2
1766 1769 0.01
1767 1768 0.05
1767 1769 0.01
1767 1770 0.05
1768 1769 0.01
1768 1771 0.01
1769 1770 0.05
1769 1771 0.2
1769 1772 0.2
1770 1771 0.05
1770 1772 0.01
1770 1773 0.2
1771 1772 0.05
1771 1774 0.2
1771 1912 0.01
1772 1773 0.01
1772 1774 0.01
1773 1774 0.01
1773 1775 0.01
1773 1776 0.2
1774 1775 0.2
1774 1776 0.2
1774 1777 0.01
1775 1776 0.05
1775 1777 0.05
1775 1778 0.05
1776 1777 0.2
1776 1779 0.05
1777 1778 0.01
1777 1779 0.2
1777 1780 0.2
1777 2009 0.2
1778 1779 0.05
1778 1780 0.2
1778 1781 0.2
1779 1780 0.01
1779 1781 0.05
1779 1782 0.05
1780 1781 0.01
1780 1782 0.05
1780 1783 0.05
1780 2094 0.2
1781 1782 0.2
1781 1783 0.05
1781 1784 0.01
1782 1783 0.01
1782 1784 0.01
1783 1784 0.05
1783 1785 0.2
1783 1786 0.05
1784 1785 0.05
1784 1786 0.05
1784 1787 0.2
1785 1786 0.01
1785 1787 0.01
1785 1788 0.01
1786 1787 0.01
1786 1788 0.01
1786 1789 0.01
1787 1788 0.2
1787 1789 0.01
1787 1790 0.2
1788 1789 0.01
1788 1790 0.05
1788 1791 0.2
1789 1790 0.2
1789 1791 0.05
1789 1792 0.2
1790 1791 0.05
1790 1792 0.05
1790 1793 0.01
1790 2044 0.2
1791 1792 0.01
1791 1793 0.2
1791 1794 0.05
1791 2670 0.01
1792 1793 0.2
1792 1794 0.01
1792 1795 0.01
1793 1794 0.01
1793 1795 0.01
1793 1796 0.05
1793 2099 0.01
1794 1796 0.2
1794 1797 0.2
1794 2789 0.05
1795 1796 0.01
1795 1797 0.05
1795 1798 0.01
1796 1797 0.2
1796 1798 0.01
1796 1799 0.01
1797 1799 0.2
1797 1800 0.2
1797 1893 0.05
1797 1853 0.2
1798 1799 0.2
1798 1800 0.01
1798 1801 0.05
1799 1800 0.01
1799 1801 0.05
1799 1802 0.01
1800 1803 0.05
1801 1802 0.01
1801 1803 0.01
1801 1804 0.2
1801 2850 0.05
1802 1803 0.05
1802 1804 0.05
1802 1805 0.01
1803 1804 0.01
1803 1805 0.01
1803 1806 0.05
1804 1807 0.2
1805 1806 0.2
1805 1807 0.2
1805 1808 0.2
1806 1807 0.01
1806 1808 0.01
1806 1809 0.2
1807 1809 0.01
1807 1810 0.2
1808 1809 0.01
1808 1810 0.01
1808 1811 0.05
1809 1810 0.2
1809 1811 0.01
1809 1812 0.2
1809 2940 0.01
1810 1811 0.01
1810 1812 0.2
1810 1813 0.05
1811 1812 0.2
1811 1813 0.05
1811 1814 0.01
1812 1813 0.05
1812 1814 0.05
1813 1814 0.01
1813 1815 0.05
1813 1816 0.01
1814 1815 0.05
1814 1816 0.05
1814 1817 0.01
1815 1816 0.01
1815 1817 0.2
1815 1818 0.2
1816 1817 0.05
1816 1819 0.05
1816 1907 0.05
1817 1818 0.2
1817 1819 0.01
1818 1819 0.2
1818 1821 0.01
1818 2861 0.05
1819 1820 0.2
1819 1821 0.2
1819 1822 0.05
1819 2609 0.2
1820 1821 0.2
1820 1822 0.01
1820 1823 0.01
1821 1823 0.2
1821 1824 0.2
1821 2710 0.05
1822 1823 0.05
1822 1824 0.01
1822 1825 0.05
1823 1824 0.2
1823 1825 0.01
1823 1826 0.05
1824 1825 0.01
1824 1826 0.2
1824 1827 0.01
1824 2517 0.2
1825 1826 0.01
1825 1827 0.2
1825 1828 0.01
1826 1827 0.05
1826 1828 0.05
1826 1829 0.05
1827 1828 0.05
1827 1829 0.05
1827 1830 0.2
1828 1829 0.05
1828 1830 0.05
1828 1831 0.2
1829 1830 0.2
1829 1831 0.05
1829 1832 0.05
1830 1831 0.05
1830 1832 0.2
1830 1833 0.05
1831 1832 0.05
1831 1833 0.2
1831 1834 0.2
1832 1833 0.2
1832 1834 0.2
1832 1835 0.2
1833 1834 0.2
1833 1835 0.2
1833 1836 0.2
1834 1835 0.2
1834 1836 0.01
1834 1837 0.05
1835 1836 0.05
1835 1838 0.01
1835 1946 0.2
1836 1837 0.05
1836 1838 0.05
1836 1839 0.2
1837 1838 0.2
1837 1839 0.2
1837 1840 0.2
1838 1839 0.01
1838 1840 0.05
1838 1841 0.2
1838 2041 0.05
1839 1840 0.05
1839 1841 0.05
1839 1842 0.2
1840 1841 0.2
1840 1842 0.01
1840 1843 0.05
1841 1842 0.05
1841 1843 0.01
1841 1844 0.2
1842 1843 0.01
1842 1844 0.05
1842 1845 0.05
1843 1845 0.01
1843 2704 0.05
1843 2103 0.2
1844 1845 0.2
1844 1846 0.05
1844 1847 0.05
1845 1846 0.05
1845 1847 0.2
1845 1848 0.05
1846 1847 0.2
1846 1848 0.2
1846 1849 0.01
1847 1850 0.2
1848 1850 0.01
1848 1851 0.2
1848 2432 0.05
1849 1851 0.01
1849 1852 0.2
1849 2448 0.2
1850 1851 0.05
1850 1852 0.2
1850 1853 0.2
1851 1852 0.2
1851 1853 0.05
1851 1854 0.01
1852 1853 0.05
1852 1854 0.2
1852 1855 0.2
1853 1855 0.01
1853 1856 0.01
1854 1855 0.2
1854 1856 0.2
1854 1857 0.05
1855 1856 0.2
1855 1857 0.01
1855 1858 0.01
1856 1857 0.2
1856 1858 0.2
1856 1859 0.05
1857 1859 0.01
1857 1860 0.2
1857 2063 0.05
1858 1859 0.05
1858 1860 0.01
1858 1861 0.05
1859 1860 0.05
1859 1861 0.2
1859 1862 0.05
1859 1978 0.2
1860 1861 0.05
1860 1862 0.2
1860 1863 0.05
1861 1862 0.01
1861 1863 0.05
1861 1864 0.2
1862 1863 0.01
1862 1864 0.05
1862 1865 0.01
1863 1864 0.05
1863 1865 0.2
1863 1866 0.05
1863 2357 0.01
1864 1865 0.01
1864 1867 0.01
1864 2915 0.05
1865 1866 0.05
1865 1867 0.05
1865 1868 0.2
1866 1867 0.2
1866 1868 0.05
1867 1868 0.2
1867 1869 0.2
1867 1870 0.05
1868 1869 0.01
1868 1870 0.05
1868 1871 0.01
1869 1870 0.05
1869 1871 0.2
1870 1871 0.05
1870 1872 0.2
1870 2552 0.01
1871 1872 0.05
1871 1873 0.05
1871 1874 0.05
1872 1873 0.05
1872 1874 0.01
1872 1875 0.01
1873 1874 0.01
1874 1875 0.01
1874 1876 0.05
1874 1877 0.01
1875 1876 0.01
1875 1877 0.01
1875 1878 0.05
1875 2417 0.01
1876 1877 0.2
1876 1878 0.2
1876 1879 0.05
1877 1879 0.01
1877 1880 0.01
1877 2354 0.2
1878 1879 0.2
1878 1880 0.05
1878 1881 0.01
1878 2551 0.01
1879 1880 0.2
1879 1882 0.2
1880 1881 0.01
1880 1882 0.01
1880 1883 0.01
1881 1882 0.05
1881 1883 0.2
1881 1884 0.2
1882 1883 0.05
1882 1884 0.05
1882 1885 0.05
1883 1884 0.01
1883 1885 0.01
1883 1886 0.01
1884 1885 0.2
1884 1887 0.2
1885 1886 0.2
1885 1887 0.05
1885 1888 0.2
1886 1887 0.05
1886 1888 0.01
1886 1889 0.01
1887 1888 0.01
1887 1889 0.2
1887 1890 0.2
1888 1889 0.05
1888 1890 0.01
1888 1891 0.01
1889 1890 0.05
1889 1891 0.01
1889 1892 0.2
1890 1891 0.2
1890 1892 0.01
1890 1893 0.01
1891 1892 0.01
1891 1893 0.2
1891 1894 0.2
1892 1893 0.2
1892 1894 0.05
1892 1895 0.05
1893 1894 0.01
1893 1895 0.01
1893 1896 0.01
1894 1895 0.05
1894 1896 0.01
1894 1897 0.01
1895 1896 0.05
1895 1897 0.2
1895 1898 0.01
1896 1897 0.01
1896 1898 0.01
1896 1899 0.05
1896 1928 0.01
1897 1898 0.01
1897 1899 0.01
1897 1900 0.2
1898 1899 0.05
1898 1900 0.05
1898 1901 0.2
1899 1900 0.2
1899 1901 0.05
1899 1902 0.05
1900 1901 0.01
1900 1902 0.01
1900 1903 0.01
1901 1903 0.01
1901 1904 0.05
1901 2967 0.2
1902 1903 0.05
1902 1904 0.05
1902 1905 0.01
1903 1905 0.2
1903 1906 0.05
1904 1905 0.2
1904 1906 0.05
1904 1907 0.01
1905 1906 0.2
1905 1908 0.05
1905 2548 0.01
1905 2248 0.2
1906 1907 0.05
1906 1908 0.05
1907 1908 0.2
1907 1910 0.05
1907 2293 0.05
1908 1909 0.01
1908 1910 0.05
1908 1911 0.2
1909 1910 0.2
1909 1911 0.05
1909 1912 0.05
1910 1911 0.2
1910 1912 0.01
1910 1913 0.05
1911 1912 0.01
1911 1913 0.2
1911 1914 0.01
1912 1913 0.2
1912 1914 0.2
1912 1915 0.2
1913 1914 0.05
1913 1915 0.01
1913 1916 0.05
1914 1915 0.01
1914 1916 0.01
1914 1917 0.05
1915 1917 0.05
1915 1918 0.05
1916 1917 0.05
1916 1918 0.01
1916 1919 0.2
1917 1918 0.05
1917 1919 0.01
1917 1920 0.05
1918 1919 0.2
1918 1920 0.05
1918 1921 0.01
1919 1920 0.2
1919 1921 0.2
1919 1922 0.01
1920 1921 0.2
1920 1922 0.2
1920 1923 0.01
1921 1922 0.05
1921 1923 0.2
1921 1924 0.01
1922 1923 0.05
1922 1924 0.2
1922 1925 0.05
1923 1924 0.05
1923 1925 0.05
1923 1926 0.01
1924 1925 0.05
1924 1926 0.05
1924 1927 0.2
1924 2831 0.05
1925 1926 0.05
1925 1927 0.01
1925 1928 0.05
1926 1927 0.05
1926 1928 0.05
1926 1929 0.01
1927 1928 0.05
1927 1929 0.05
1927 1930 0.05
1927 2336 0.05
1928 1929 0.01
1928 1930 0.01
1929 1930 0.01
1929 1932 0.2
1930 1931 0.2
1930 1932 0.2
1930 1933 0.2
1931 1932 0.2
1931 1933 0.01
1932 1934 0.01
1932 1935 0.05
1932 2959 0.05
1932 2691 0.01
1933 1934 0.01
1933 1935 0.01
1933 1936 0.2
1934 1935 0.01
1934 1936 0.01
1934 1937 0.2
1935 1936 0.2
1935 1937 0.2
1935 1968 0.01
1935 2959 0.05
1936 1937 0.01
1936 1938 0.2
1936 1939 0.05
1937 1938 0.05
1937 1939 0.01
1937 1940 0.05
1938 1939 0.01
1938 1940 0.05
1938 1941 0.05
1938 1990 0.01
1939 1940 0.01
1939 1941 0.05
1939 1942 0.05
1940 1941 0.01
1940 1942 0.2
1940 2106 0.01
1941 1942 0.01
1941 1943 0.01
1941 1944 0.2
1942 1943 0.01
1942 1944 0.2
1942 1945 0.2
1943 1944 0.2
1943 1945 0.01
1943 1946 0.05
1944 1945 0.2
1944 1946 0.05
1944 2689 0.05
1945 1946 0.01
1945 1947 0.01
1945 1948 0.01
1946 1947 0.01
1946 1948 0.2
1946 1949 0.2
1946 2924 0.01
1947 1948 0.01
1947 1949 0.01
1947 1950 0.05
1948 1949 0.01
1948 1951 0.2
1948 2040 0.01
1948 2725 0.05
1949 1950 0.2
1949 1951 0.05
1949 1952 0.2
1950 1951 0.01
1950 1952 0.01
1950 1953 0.2
1951 1952 0.01
1951 1953 0.01
1951 1954 0.01
1952 1953 0.05
1952 1954 0.01
1952 1955 0.05
1953 1954 0.2
1953 1955 0.01
1953 1956 0.2
1953 2396 0.2
1954 1955 0.01
1954 1956 0.05
1954 1957 0.01
1955 1956 0.01
1955 1957 0.01
1955 1958 0.05
1956 1957 0.01
1956 1958 0.01
1956 1959 0.01
1957 1958 0.2
1957 1959 0.05
1957 2904 0.2
1958 1959 0.05
1958 1960 0.05
1958 1961 0.01
1959 1960 0.05
1959 1961 0.01
1959 1962 0.2
1960 1961 0.01
1960 1962 0.2
1961 1962 0.01
1961 1963 0.01
1961 1964 0.2
1962 1963 0.2
1962 1964 0.01
1962 1965 0.01
1963 1964 0.05
1963 1965 0.01
1963 2728 0.01
1964 1965 0.05
1964 1966 0.05
1964 1967 0.2
1965 1967 0.05
1965 1968 0.2
1966 1967 0.05
1966 1968 0.2
1966 1969 0.2
1967 1970 0.2
1967 2737 0.05
1967 2498 0.2
1968 1971 0.05
1969 1970 0.2
1969 1971 0.2
1969 1972 0.05
1970 1971 0.2
1970 1972 0.2
1970 1973 0.2
1971 1972 0.2
1971 1973 0.05
1971 1974 0.05
1972 1973 0.2
1972 1974 0.05
1972 1975 0.01
1973 1975 0.2
1973 1976 0.05
1973 2071 0.01
1974 1975 0.01
1974 1976 0.01
1974 1977 0.01
1975 1977 0.2
1975 1978 0.05
1975 2612 0.05
1976 1977 0.01
1976 1978 0.2
1976 1979 0.05
1977 1978 0.05
1977 1979 0.05
1977 1980 0.05
1978 1979 0.05
1978 1981 0.01
1979 1980 0.05
1979 1981 0.05
1979 1982 0.01
1980 1982 0.01
1980 1983 0.01
1980 2259 0.05
1981 1982 0.2
1981 1983 0.01
1982 1984 0.05
1982 1985 0.2
1982 2958 0.2
1983 1984 0.01
1983 1985 0.2
1983 2661 0.05
1983 2803 0.05
1984 1985 0.01
1984 1986 0.01
1984 1987 0.01
1985 1987 0.01
1985 1988 0.05
1985 2858 0.05
1985 1996 0.05
1986 1987 0.05
1986 1989 0.05
1986 2447 0.2
1987 1988 0.05
1987 1989 0.05
1987 1990 0.01
1988 1989 0.05
1988 1990 0.01
1988 1991 0.05
1989 1990 0.01
1989 1991 0.01
1989 1992 0.01
1990 1993 0.2
1991 1992 0.01
1991 1993 0.05
1991 1994 0.05
1992 1993 0.01
1992 1994 0.05
1992 1995 0.05
1993 1994 0.05
1993 1995 0.2
1993 1996 0.05
1994 1995 0.01
1994 1996 0.2
1994 1997 0.05
1995 1996 0.05
1995 1997 0.2
1995 1998 0.2
1996 1999 0.05
1997 1998 0.01
1997 2000 0.05
1997 2070 0.01
1998 1999 0.05
1998 2001 0.05
1999 2000 0.01
1999 2001 0.05
1999 2002 0.2
2000 2001 0.01
2000 2002 0.01
2000 2003 0.01
2001 2002 0.01
2001 2003 0.2
2001 2004 0.2
2002 2004 0.2
2002 2005 0.05
2002 2661 0.01
2003 2004 0.01
2003 2005 0.2
2003 2006 0.01
2004 2006 0.2
2004 2007 0.2
2005 2006 0.05
2005 2007 0.01
2005 2008 0.05
2006 2007 0.05
2006 2008 0.05
2006 2009 0.2
2007 2008 0.05
2007 2009 0.05
2007 2010 0.2
2008 2009 0.05
2008 2010 0.05
2008 2011 0.05
2009 2011 0.01
2009 2012 0.2
2010 2011 0.2
2010 2012 0.01
2010 2013 0.05
2011 2012 0.05
2011 2013 0.05
2011 2014 0.2
2012 2013 0.01
2012 2014 0.2
2012 2015 0.2
2013 2014 0.2
2013 2015 0.2
2014 2015 0.2
2014 2017 0.2
2015 2016 0.01
2015 2017 0.01
2015 2018 0.05
2016 2017 0.05
2016 2018 0.2
2016 2019 0.2
2017 2018 0.05
2017 2019 0.2
2018 2019 0.2
2018 2020 0.2
2018 2021 0.05
2019 2020 0.01
2019 2021 0.01
2019 2022 0.01
2020 2021 0.01
2020 2022 0.2
2020 2023 0.05
2021 2022 0.05
2021 2023 0.05
2021 2024 0.01
2022 2023 0.01
2022 2024 0.01
2022 2025 0.05
2022 2714 0.01
2023 2024 0.01
2023 2025 0.01
2023 2026 0.05
2024 2025 0.2
2024 2026 0.01
2024 2701 0.05
2025 2026 0.01
2025 2027 0.05
2025 2028 0.2
2025 2896 0.2
2026 2027 0.05
2026 2028 0.01
2026 2029 0.01
2027 2028 0.01
2027 2030 0.01
2028 2030 0.01
2028 2031 0.05
2028 2343 0.2
2029 2030 0.05
2029 2031 0.01
2029 2032 0.01
2030 2031 0.05
2030 2032 0.01
2030 2033 0.2
2031 2032 0.05
2031 2033 0.01
2031 2034 0.01
2032 2033 0.2
2032 2034 0.05
2033 2035 0.05
2033 2705 0.2
2034 2035 0.2
2034 2036 0.05
2034 2037 0.05
2035 2036 0.05
2035 2037 0.2
2035 2038 0.2
2036 2037 0.2
2036 2038 0.2
2036 2039 0.05
2037 2038 0.2
2037 2039 0.2
2037 2040 0.05
2038 2039 0.2
2038 2040 0.01
2038 2041 0.2
2038 2119 0.2
2039 2040 0.2
2039 2041 0.2
2039 2042 0.2
2040 2041 0.2
2040 2042 0.05
2040 2043 0.2
2041 2042 0.01
2041 2044 0.01
2042 2043 0.01
2042 2044 0.05
2042 2045 0.05
2043 2045 0.05
2044 2046 0.05
2044 2047 0.2
2045 2046 0.05
2045 2047 0.05
2045 2048 0.2
2045 2483 0.05
2046 2049 0.01
2046 2478 0.2
2046 2176 0.05
2047 2048 0.05
2047 2049 0.01
2047 2050 0.01
2048 2049 0.2
2048 2050 0.01
2048 2051 0.01
2049 2050 0.01
2049 2051 0.05
2049 2052 0.01
2050 2051 0.01
2050 2052 0.2
2050 2053 0.2
2051 2053 0.2
2051 2054 0.05
2052 2053 0.05
2052 2054 0.2
2052 2055 0.05
2053 2054 0.05
2053 2055 0.2
2053 2056 0.05
2054 2055 0.05
2054 2057 0.01
2054 2680 0.01
2055 2056 0.01
2055 2057 0.2
2056 2057 0.05
2056 2058 0.2
2056 2059 0.01
2057 2058 0.05
2057 2059 0.01
2057 2060 0.05
2058 2059 0.05
2058 2060 0.05
2058 2061 0.01
2059 2060 0.05
2059 2061 0.05
2059 2062 0.01
2060 2061 0.05
2060 2062 0.05
2060 2063 0.01
2061 2062 0.05
2061 2063 0.01
2061 2064 0.05
2062 2063 0.05
2062 2064 0.05
2062 2065 0.2
2063 2065 0.01
2063 2066 0.05
2064 2065 0.05
2064 2066 0.01
2064 2067 0.05
2065 2066 0.01
2065 2238 0.2
2066 2067 0.01
2066 2068 0.05
2066 2069 0.01
2067 2068 0.2
2067 2070 0.05
2068 2069 0.2
2068 2070 0.05
2068 2071 0.01
2069 2070 0.01
2069 2071 0.01
2069 2072 0.01
2070 2072 0.2
2070 2073 0.01
2071 2072 0.01
2071 2073 0.2
2071 2074 0.05
2072 2073 0.05
2072 2074 0.01
2072 2075 0.2
2073 2074 0.2
2073 2076 0.01
2073 2537 0.01
2074 2077 0.01
2074 2433 0.05
2075 2076 0.01
2075 2077 0.01
2075 2078 0.01
2076 2077 0.05
2076 2078 0.05
2076 2079 0.2
2077 2078 0.2
2077 2079 0.2
2077 2080 0.05
2078 2080 0.2
2078 2081 0.2
2079 2080 0.01
2079 2081 0.01
2079 2082 0.01
2080 2081 0.05
2080 2082 0.05
2080 2083 0.01
2081 2082 0.01
2081 2083 0.2
2081 2084 0.01
2082 2083 0.01
2082 2084 0.2
2082 2085 0.01
2083 2085 0.01
2083 2086 0.01
2084 2085 0.05
2084 2086 0.05
2084 2087 0.01
2085 2087 0.05
2085 2088 0.2
2085 2291 0.05
2086 2087 0.2
2086 2088 0.2
2086 2089 0.01
2087 2088 0.2
2087 2089 0.05
2087 2090 0.01
2088 2089 0.01
2088 2090 0.05
2088 2091 0.2
2089 2090 0.05
2089 2091 0.01
2089 2092 0.2
2090 2091 0.2
2090 2092 0.2
2090 2093 0.01
2091 2092 0.05
2091 2093 0.2
2091 2094 0.01
2092 2093 0.2
2092 2094 0.05
2092 2095 0.01
2093 2094 0.05
2093 2095 0.05
2093 2841 0.2
2094 2096 0.01
2094 2097 0.2
2095 2096 0.05
2095 2097 0.05
2095 2098 0.05
2096 2097 0.2
2096 2098 0.05
2096 2099 0.05
2097 2098 0.2
2097 2099 0.2
2097 2100 0.05
2098 2099 0.05
2098 2100 0.01
2098 2101 0.05
2099 2100 0.2
2099 2101 0.05
2100 2101 0.01
2100 2103 0.01
2101 2102 0.05
2101 2103 0.01
2101 2104 0.2
2102 2103 0.01
2102 2104 0.01
2102 2105 0.01
2103 2104 0.01
2103 2106 0.2
2104 2105 0.01
2104 2106 0.01
2104 2107 0.01
2105 2108 0.05
2106 2107 0.01
2106 2108 0.01
2106 2109 0.2
2107 2108 0.01
2107 2109 0.05
2107 2110 0.05
2108 2109 0.2
2108 2110 0.05
2108 2111 0.2
2109 2110 0.01
2109 2111 0.2
2109 2112 0.05
2110 2111 0.05
2110 2112 0.05
2110 2113 0.01
2111 2112 0.2
2111 2113 0.2
2111 2114 0.2
2111 2345 0.2
2112 2113 0.2
2112 2114 0.2
2112 2115 0.05
2113 2114 0.2
2113 2115 0.01
2113 2116 0.05
2114 2115 0.2
2114 2116 0.01
2114 2117 0.05
2115 2116 0.01
2115 2117 0.05
2115 2118 0.01
2116 2117 0.05
2116 2119 0.01
2116 2340 0.01
2117 2118 0.01
2117 2119 0.05
2117 2120 0.05
2118 2119 0.01
2118 2120 0.05
2118 2121 0.05
2119 2120 0.2
2120 2121 0.05
2120 2122 0.2
2120 2123 0.05
2121 2122 0.05
2121 2123 0.01
2121 2124 0.05
2122 2123 0.2
2122 2124 0.2
2122 2125 0.05
2123 2124 0.2
2123 2125 0.05
2123 2126 0.2
2124 2125 0.2
2124 2126 0.01
2124 2127 0.01
2125 2126 0.01
2125 2127 0.05
2125 2128 0.05
2126 2127 0.01
2126 2128 0.05
2127 2128 0.05
2127 2129 0.01
2127 2130 0.01
2128 2129 0.01
2128 2130 0.01
2128 2131 0.2
2129 2130 0.2
2129 2131 0.05
2129 2132 0.05
2130 2131 0.01
2130 2132 0.2
2130 2133 0.01
2131 2132 0.05
2131 2133 0.01
2131 2134 0.01
2132 2133 0.2
2132 2134 0.05
2132 2135 0.2
2133 2134 0.05
2133 2135 0.2
2133 2136 0.05
2134 2135 0.05
2134 2136 0.01
2134 2137 0.01
2135 2136 0.05
2135 2137 0.2
2135 2138 0.01
2136 2137 0.01
2136 2139 0.01
2136 2823 0.05
2137 2138 0.2
2137 2139 0.2
2137 2140 0.2
2137 2726 0.2
2138 2139 0.2
2138 2140 0.05
2138 2141 0.2
2139 2140 0.05
2139 2141 0.2
2139 2142 0.2
2140 2141 0.2
2140 2142 0.2
2140 2143 0.01
2141 2142 0.05
2141 2143 0.2
2141 2144 0.01
2142 2143 0.05
2142 2144 0.2
2143 2144 0.2
2143 2145 0.2
2143 2146 0.05
2144 2145 0.2
2144 2146 0.05
2144 2147 0.01
2145 2146 0.05
2145 2147 0.05
2145 2148 0.01
2146 2147 0.05
2146 2149 0.2
2146 2189 0.2
2147 2148 0.01
2147 2149 0.05
2147 2150 0.05
2148 2149 0.05
2148 2150 0.2
2148 2151 0.2
2149 2150 0.01
2149 2151 0.05
2149 2152 0.2
2150 2152 0.01
2150 2153 0.05
2150 2449 0.05
2151 2152 0.05
2151 2153 0.2
2151 2154 0.01
2152 2153 0.01
2152 2154 0.2
2152 2155 0.2
2153 2154 0.05
2153 2155 0.05
2153 2156 0.05
2154 2155 0.01
2154 2156 0.2
2154 2157 0.01
2155 2156 0.01
2155 2157 0.01
2155 2158 0.05
2156 2157 0.01
2156 2158 0.05
2156 2159 0.01
2157 2158 0.05
2157 2159 0.01
2157 2160 0.01
2158 2159 0.05
2158 2160 0.2
2158 2161 0.2
2159 2160 0.05
2159 2161 0.01
2159 2162 0.2
2160 2161 0.2
2160 2162 0.2
2160 2163 0.05
2161 2162 0.2
2161 2163 0.2
2161 2164 0.01
2162 2164 0.05
2162 2165 0.2
2163 2164 0.01
2163 2165 0.2
2163 2166 0.2
2164 2165 0.2
2164 2167 0.05
2165 2166 0.01
2165 2167 0.01
2165 2168 0.05
2166 2168 0.2
2166 2169 0.2
2166 2642 0.05
2167 2168 0.01
2167 2169 0.2
2167 2170 0.2
2168 2169 0.01
2168 2171 0.01
2168 2214 0.2
2169 2170 0.05
2169 2171 0.01
2170 2171 0.05
2170 2172 0.2
2170 2173 0.01
2171 2172 0.05
2171 2173 0.01
2171 2174 0.01
2172 2174 0.01
2172 2175 0.2
2173 2174 0.2
2173 2175 0.05
2173 2176 0.01
2174 2175 0.2
2174 2177 0.05
2175 2176 0.2
2175 2178 0.05
2175 2953 0.05
2176 2177 0.01
2176 2179 0.05
2177 2178 0.01
2177 2179 0.2
2177 2180 0.01
2178 2179 0.05
2178 2180 0.01
2178 2181 0.05
2179 2180 0.05
2179 2181 0.2
2179 2182 0.2
2180 2181 0.2
2180 2182 0.2
2180 2183 0.01
2181 2182 0.01
2181 2183 0.01
2181 2184 0.01
2182 2183 0.01
2182 2184 0.01
2182 2185 0.01
2183 2184 0.05
2183 2185 0.01
2183 2186 0.01
2184 2185 0.05
2184 2186 0.05
2184 2187 0.01
2185 2186 0.2
2185 2188 0.2
2186 2187 0.05
2186 2188 0.2
2186 2189 0.01
2187 2190 0.05
2187 2990 0.2
2187 2532 0.2
2188 2189 0.05
2188 2191 0.01
2188 2872 0.05
2189 2190 0.01
2189 2191 0.05
2189 2192 0.01
2190 2191 0.05
2190 2591 0.01
2191 2192 0.2
2191 2194 0.05
2192 2193 0.2
2192 2194 0.01
2193 2194 0.2
2193 2196 0.01
2193 2503 0.01
2194 2195 0.01
2194 2196 0.01
2194 2197 0.05
2195 2196 0.01
2195 2197 0.2
2196 2197 0.2
2196 2198 0.2
2196 2199 0.01
2197 2198 0.05
2197 2199 0.2
2197 2200 0.05
2198 2199 0.01
2198 2200 0.05
2198 2201 0.05
2199 2200 0.05
2199 2201 0.01
2199 2202 0.2
2200 2201 0.05
2200 2202 0.01
2200 2203 0.01
2201 2202 0.01
2201 2203 0.2
2201 2274 0.2
2202 2203 0.05
2202 2204 0.2
2202 2205 0.2
2203 2204 0.2
2203 2205 0.01
2203 2206 0.2
2204 2205 0.01
2204 2206 0.2
2204 2207 0.05
2205 2206 0.2
2205 2207 0.05
2206 2207 0.05
2206 2208 0.05
2206 2209 0.2
2207 2208 0.05
2207 2209 0.01
2207 2210 0.01
2208 2209 0.01
2208 2210 0.05
2208 2211 0.01
2209 2210 0.01
2209 2211 0.2
2209 2212 0.05
2210 2211 0.01
2210 2212 0.2
2210 2213 0.05
2211 2212 0.2
2211 2213 0.05
2211 2214 0.05
2212 2213 0.2
2212 2214 0.01
2212 2834 0.05
2213 2214 0.05
2213 2215 0.01
2213 2216 0.01
2214 2215 0.01
2214 2216 0.2
2214 2217 0.2
2215 2217 0.2
2215 2515 0.01
2216 2217 0.2
2216 2218 0.01
2216 2219 0.05
2217 2218 0.05
2217 2219 0.2
2217 2220 0.2
2218 2219 0.2
2218 2220 0.05
2218 2221 0.01
2218 2567 0.2
2219 2221 0.01
2219 2222 0.2
2220 2221 0.05
2220 2222 0.01
2220 2223 0.05
2221 2222 0.2
2221 2223 0.05
2221 2224 0.05
2222 2223 0.01
2223 2225 0.01
2223 2226 0.01
2224 2225 0.05
2224 2226 0.2
2224 2227 0.01
2225 2226 0.2
2225 2227 0.05
2225 2228 0.05
2226 2227 0.01
2226 2228 0.05
2226 2229 0.05
2227 2228 0.05
2227 2229 0.01
2227 2230 0.2
2228 2229 0.05
2228 2231 0.01
2229 2230 0.05
2229 2231 0.05
2229 2232 0.2
2230 2231 0.05
2230 2233 0.05
2230 2669 0.01
2231 2232 0.01
2231 2233 0.05
2231 2234 0.05
2232 2233 0.01
2232 2234 0.2
2232 2235 0.01
2233 2234 0.01
2233 2235 0.2
2233 2236 0.2
2234 2235 0.2
2234 2236 0.01
2234 2237 0.05
2235 2236 0.01
2235 2237 0.01
2235 2238 0.05
2236 2237 0.05
2236 2238 0.05
2237 2238 0.01
2237 2239 0.01
2237 2240 0.2
2238 2239 0.01
2238 2240 0.2
2238 2241 0.01
2239 2240 0.01
2239 2241 0.01
2239 2242 0.05
2240 2241 0.05
2240 2242 0.2
2240 2243 0.2
2241 2242 0.01
2241 2243 0.2
2241 2244 0.2
2242 2243 0.2
2242 2244 0.2
2242 2245 0.2
2243 2244 0.05
2243 2245 0.2
2243 2246 0.2
2244 2245 0.05
2244 2246 0.01
2244 2247 0.05
2245 2246 0.01
2245 2247 0.05
2245 2248 0.05
2246 2247 0.01
2246 2249 0.2
2247 2248 0.05
2247 2249 0.05
2247 2250 0.2
2248 2249 0.01
2248 2251 0.01
2249 2250 0.01
2249 2251 0.01
2249 2252 0.2
2250 2251 0.01
2250 2252 0.01
2250 2253 0.05
2251 2252 0.01
2251 2253 0.05
2251 2254 0.05
2252 2253 0.05
2252 2254 0.2
2252 2255 0.01
2253 2254 0.05
2253 2255 0.01
2253 2256 0.2
2254 2255 0.2
2254 2256 0.01
2254 2257 0.01
2255 2256 0.05
2255 2257 0.01
2255 2258 0.01
2256 2257 0.2
2256 2258 0.2
2256 2259 0.2
2257 2258 0.01
2257 2259 0.2
2258 2259 0.01
2258 2260 0.05
2258 2261 0.01
2259 2260 0.2
2259 2262 0.2
2260 2261 0.01
2260 2262 0.01
2260 2263 0.2
2261 2262 0.2
2261 2263 0.2
2261 2264 0.01
2262 2263 0.05
2262 2264 0.01
2262 2265 0.2
2263 2264 0.2
2263 2265 0.05
2263 2266 0.2
2264 2265 0.2
2264 2266 0.01
2264 2267 0.05
2265 2266 0.2
2265 2267 0.01
2265 2268 0.01
2266 2267 0.05
2266 2269 0.01
2266 2641 0.2
2267 2268 0.2
2267 2269 0.05
2267 2270 0.01
2268 2269 0.2
2268 2270 0.05
2268 2271 0.05
2269 2270 0.01
2269 2271 0.05
2269 2272 0.2
2270 2271 0.05
2270 2272 0.2
2270 2273 0.05
2271 2272 0.05
2271 2273 0.01
2271 2274 0.2
2272 2273 0.01
2272 2274 0.2
2272 2275 0.05
2273 2274 0.05
2273 2275 0.2
2273 2276 0.2
2274 2275 0.05
2274 2277 0.01
2275 2276 0.01
2275 2277 0.05
2275 2278 0.2
2276 2277 0.01
2276 2278 0.2
2276 2279 0.05
2277 2278 0.2
2277 2279 0.01
2277 2280 0.2
2278 2280 0.01
2278 2281 0.2
2279 2280 0.2
2279 2281 0.01
2279 2282 0.2
2280 2281 0.01
2280 2282 0.01
2280 2283 0.2
2281 2282 0.01
2281 2283 0.01
2281 2284 0.01
2282 2283 0.2
2282 2284 0.01
2282 2285 0.2
2283 2284 0.01
2283 2285 0.2
2283 2286 0.05
2284 2285 0.01
2284 2286 0.01
2284 2287 0.05
2285 2286 0.01
2285 2287 0.2
2285 2288 0.01
2286 2287 0.2
2286 2288 0.01
2286 2289 0.2
2287 2288 0.01
2287 2289 0.2
2287 2290 0.01
2288 2289 0.05
2288 2291 0.01
2289 2290 0.05
2289 2291 0.01
2289 2928 0.05
2290 2291 0.01
2290 2292 0.01
2290 2293 0.2
2291 2293 0.2
2291 2294 0.01
2291 2944 0.05
2292 2293 0.05
2292 2294 0.05
2292 2295 0.05
2293 2294 0.2
2293 2295 0.2
2293 2296 0.2
2294 2295 0.05
2294 2296 0.05
2294 2297 0.2
2295 2296 0.01
2295 2297 0.2
2295 2298 0.01
2296 2297 0.01
2296 2298 0.05
2297 2298 0.05
2297 2299 0.01
2297 2300 0.2
2298 2299 0.2
2298 2300 0.01
2298 2301 0.05
2299 2301 0.05
2299 2302 0.05
2300 2301 0.05
2300 2302 0.01
2300 2303 0.05
2301 2302 0.01
2301 2303 0.05
2301 2304 0.05
2302 2303 0.01
2302 2304 0.01
2302 2305 0.01
2303 2304 0.2
2303 2305 0.05
2303 2306 0.2
2304 2305 0.05
2304 2306 0.01
2304 2307 0.05
2305 2306 0.01
2305 2307 0.05
2305 2308 0.01
2306 2307 0.05
2306 2309 0.05
2307 2308 0.01
2307 2309 0.05
2307 2310 0.01
2307 2416 0.05
2308 2309 0.2
2308 2310 0.01
2308 2311 0.2
2309 2310 0.05
2309 2311 0.05
2309 2312 0.05
2310 2311 0.2
2310 2312 0.01
2310 2313 0.05
2311 2312 0.01
2311 2313 0.2
2311 2314 0.05
2312 2313 0.05
2312 2314 0.05
2312 2315 0.05
2313 2314 0.01
2313 2315 0.05
2313 2316 0.01
2314 2315 0.05
2314 2316 0.01
2314 2317 0.01
2315 2317 0.01
2315 2318 0.2
2316 2317 0.05
2316 2318 0.05
2316 2319 0.01
2317 2318 0.2
2317 2319 0.2
2317 2320 0.2
2318 2319 0.01
2318 2320 0.01
2318 2321 0.05
2319 2320 0.2
2319 2321 0.05
2319 2322 0.2
2320 2321 0.05
2320 2322 0.2
2321 2322 0.01
2321 2323 0.05
2321 2324 0.2
2321 2518 0.2
2322 2323 0.05
2322 2324 0.2
2322 2432 0.05
2323 2324 0.01
2323 2325 0.01
2323 2326 0.2
2324 2325 0.01
2324 2326 0.01
2325 2326 0.05
2325 2327 0.05
2325 2328 0.01
2326 2327 0.2
2326 2329 0.2
2327 2328 0.2
2327 2329 0.2
2328 2329 0.2
2328 2330 0.01
2328 2331 0.2
2329 2331 0.05
2329 2332 0.2
2330 2331 0.01
2330 2332 0.01
2330 2333 0.01
2331 2332 0.05
2331 2333 0.2
2331 2334 0.2
2332 2333 0.05
2332 2334 0.2
2332 2335 0.05
2333 2334 0.01
2333 2335 0.05
2333 2336 0.01
2334 2335 0.01
2334 2336 0.01
2334 2337 0.2
2335 2336 0.05
2335 2338 0.2
2335 2386 0.05
2336 2337 0.05
2336 2339 0.2
2337 2338 0.05
2337 2339 0.2
2337 2340 0.01
2338 2339 0.2
2338 2340 0.05
2338 2341 0.2
2339 2340 0.2
2339 2341 0.2
2339 2342 0.2
2339 2870 0.05
2340 2341 0.01
2340 2342 0.05
2340 2343 0.05
2341 2342 0.2
2341 2343 0.01
2341 2827 0.01
2342 2343 0.05
2342 2344 0.01
2342 2345 0.05
2343 2344 0.05
2344 2345 0.05
2344 2346 0.01
2344 2347 0.2
2345 2347 0.05
2345 2348 0.05
2346 2347 0.01
2346 2349 0.05
2346 2997 0.2
2347 2348 0.01
2347 2349 0.2
2347 2350 0.01
2348 2349 0.01
2348 2350 0.2
2348 2351 0.01
2349 2350 0.01
2349 2351 0.05
2349 2352 0.01
2349 2862 0.01
2350 2351 0.05
2350 2352 0.05
2350 2353 0.2
2350 2653 0.2
2351 2352 0.01
2351 2353 0.01
2351 2354 0.2
2352 2353 0.2
2352 2355 0.05
2352 2740 0.2
2353 2354 0.01
2353 2355 0.01
2353 2356 0.2
2354 2356 0.01
2354 2357 0.01
2355 2356 0.05
2355 2357 0.01
2355 2358 0.01
2356 2357 0.05
2356 2358 0.01
2356 2359 0.2
2357 2358 0.05
2357 2360 0.01
2358 2359 0.05
2358 2360 0.2
2358 2361 0.2
2359 2360 0.05
2359 2361 0.01
2359 2362 0.01
2360 2361 0.05
2360 2362 0.01
2360 2363 0.2
2361 2362 0.01
2361 2363 0.01
2361 2364 0.05
2361 2448 0.2
2362 2363 0.2
2362 2364 0.2
2362 2365 0.2
2363 2364 0.01
2363 2365 0.01
2363 2366 0.05
2364 2365 0.2
2364 2366 0.05
2364 2367 0.2
2365 2366 0.01
2365 2368 0.2
2365 2569 0.2
2366 2367 0.2
2366 2369 0.01
2366 2829 0.05
2367 2368 0.01
2367 2369 0.05
2367 2370 0.05
2368 2369 0.01
2368 2371 0.01
2368 2685 0.2
2368 2866 0.2
2369 2370 0.01
2369 2371 0.2
2369 2372 0.05
2370 2371 0.01
2370 2372 0.05
2370 2373 0.2
2371 2373 0.05
2371 2374 0.05
2371 2564 0.05
2372 2373 0.2
2372 2374 0.2
2372 2375 0.01
2373 2374 0.01
2373 2375 0.2
2373 2376 0.01
2374 2375 0.2
2374 2376 0.2
2374 2470 0.01
2375 2376 0.2
2375 2377 0.05
2375 2378 0.01
2375 2618 0.01
2376 2377 0.01
2376 2378 0.01
2376 2379 0.2
2377 2379 0.01
2377 2380 0.2
2378 2379 0.01
2378 2380 0.01
2378 2381 0.01
2379 2380 0.01
2379 2381 0.01
2379 2382 0.05
2380 2381 0.05
2380 2382 0.01
2380 2383 0.2
2381 2382 0.05
2382 2383 0.01
2382 2384 0.2
2382 2385 0.01
2383 2384 0.01
2383 2385 0.01
2383 2386 0.2
2384 2385 0.2
2384 2386 0.01
2384 2387 0.05
2385 2386 0.2
2385 2387 0.05
2385 2388 0.2
2386 2387 0.05
2386 2388 0.01
2387 2388 0.2
2387 2390 0.01
2387 2905 0.01
2388 2389 0.05
2388 2390 0.05
2388 2391 0.01
2389 2390 0.01
2389 2391 0.05
2389 2392 0.01
2390 2391 0.2
2390 2392 0.01
2391 2392 0.2
2391 2393 0.05
2392 2393 0.01
2392 2394 0.01
2393 2394 0.01
2393 2395 0.01
2393 2396 0.01
2394 2395 0.01
2394 2396 0.05
2394 2397 0.01
2395 2396 0.05
2395 2397 0.01
2395 2398 0.2
2396 2398 0.01
2396 2399 0.05
2397 2399 0.2
2397 2400 0.2
2397 2431 0.2
2398 2399 0.2
2398 2400 0.2
2398 2401 0.2
2399 2400 0.2
2399 2401 0.2
2399 2402 0.05
2400 2402 0.05
2400 2403 0.01
2400 2849 0.2
2401 2402 0.2
2401 2403 0.2
2401 2404 0.2
2402 2403 0.01
2402 2404 0.05
2402 2405 0.05
2402 2734 0.01
2403 2404 0.2
2403 2406 0.05
2404 2405 0.05
2404 2406 0.05
2404 2407 0.05
2405 2406 0.2
2405 2407 0.01
2405 2408 0.2
2406 2407 0.01
2406 2408 0.01
2407 2409 0.05
2407 2410 0.05
2408 2409 0.05
2408 2410 0.2
2408 2411 0.05
2409 2410 0.01
2409 2411 0.2
2410 2411 0.01
2410 2412 0.2
2410 2413 0.01
2411 2412 0.01
2411 2413 0.01
2411 2414 0.2
2412 2413 0.2
2412 2414 0.2
2412 2415 0.01
2413 2414 0.2
2413 2415 0.05
2413 2942 0.05
2414 2415 0.2
2414 2416 0.2
2414 2417 0.2
2415 2416 0.2
2415 2417 0.01
2415 2418 0.01
2416 2418 0.2
2416 2419 0.01
2417 2420 0.2
2417 2662 0.01
2418 2419 0.01
2418 2421 0.01
2419 2420 0.01
2419 2421 0.2
2419 2422 0.2
2420 2421 0.2
2420 2422 0.01
2420 2423 0.01
2421 2422 0.2
2421 2423 0.2
2421 2424 0.01
2422 2423 0.05
2422 2424 0.2
2422 2425 0.2
2423 2424 0.01
2423 2425 0.05
2423 2426 0.05
2424 2425 0.05
2424 2426 0.2
2424 2427 0.01
2425 2426 0.01
2425 2427 0.01
2425 2428 0.05
2426 2427 0.05
2426 2428 0.01
2426 2429 0.01
2427 2428 0.01
2427 2429 0.2
2427 2430 0.2
2428 2429 0.01
2428 2430 0.2
2428 2431 0.01
2429 2430 0.2
2429 2431 0.05
2429 2432 0.01
2430 2431 0.05
2430 2432 0.2
2430 2919 0.2
2430 2671 0.2
2431 2432 0.01
2431 2433 0.2
2431 2434 0.05
2432 2433 0.05
2432 2434 0.01
2432 2435 0.2
2433 2434 0.05
2433 2435 0.05
2433 2436 0.01
2434 2435 0.01
2434 2436 0.01
2434 2437 0.01
2435 2436 0.2
2435 2437 0.2
2436 2437 0.01
2436 2438 0.2
2436 2439 0.01
2437 2438 0.01
2437 2440 0.05
2438 2439 0.01
2438 2440 0.2
2439 2440 0.2
2439 2441 0.2
2439 2442 0.01
2440 2442 0.01
2440 2443 0.2
2440 2696 0.01
2441 2442 0.05
2441 2443 0.01
2441 2444 0.05
2442 2443 0.2
2442 2444 0.2
2442 2445 0.05
2443 2444 0.01
2443 2445 0.2
2443 2446 0.2
2444 2445 0.2
2444 2446 0.01
2445 2446 0.2
2445 2447 0.01
2445 2448 0.05
2445 2541 0.05
2446 2447 0.05
2446 2448 0.2
2446 2449 0.01
2447 2448 0.2
2447 2449 0.2
2447 2450 0.05
2448 2449 0.05
2448 2450 0.05
2449 2450 0.01
2449 2451 0.01
2449 2452 0.2
2450 2451 0.01
2450 2452 0.2
2451 2452 0.2
2451 2453 0.2
2451 2454 0.2
2452 2453 0.05
2452 2454 0.05
2452 2455 0.05
2453 2455 0.2
2453 2456 0.01
2454 2455 0.01
2454 2456 0.01
2454 2457 0.05
2455 2456 0.2
2455 2457 0.2
2455 2458 0.01
2456 2457 0.05
2456 2458 0.05
2456 2459 0.05
2456 2948 0.01
2457 2458 0.2
2457 2459 0.05
2457 2460 0.05
2458 2459 0.01
2458 2460 0.01
2458 2461 0.2
2459 2460 0.01
2459 2461 0.01
2459 2462 0.2
2460 2461 0.05
2460 2462 0.01
2460 2463 0.05
2461 2462 0.05
2461 2463 0.2
2461 2464 0.05
2462 2463 0.01
2462 2464 0.05
2462 2465 0.2
2463 2464 0.2
2463 2465 0.05
2463 2466 0.2
2464 2466 0.01
2464 2467 0.05
2465 2467 0.05
2465 2468 0.2
2466 2468 0.01
2466 2469 0.01
2467 2468 0.05
2467 2469 0.01
2467 2470 0.05
2467 2768 0.2
2468 2469 0.01
2468 2470 0.05
2468 2471 0.05
2469 2470 0.2
2469 2471 0.01
2469 2472 0.05
2470 2471 0.05
2470 2472 0.01
2471 2472 0.2
2471 2473 0.05
2471 2474 0.2
2472 2473 0.01
2472 2474 0.2
2472 2475 0.2
2473 2474 0.01
2473 2475 0.2
2473 2476 0.05
2474 2475 0.01
2474 2476 0.05
2474 2477 0.01
2475 2476 0.01
2475 2477 0.05
2475 2478 0.2
2476 2477 0.2
2476 2478 0.2
2476 2479 0.05
2477 2479 0.2
2477 2480 0.05
2478 2479 0.01
2478 2480 0.2
2478 2481 0.2
2479 2480 0.2
2479 2481 0.01
2479 2482 0.01
2480 2481 0.01
2480 2482 0.01
2481 2482 0.05
2481 2483 0.01
2481 2484 0.01
2481 2975 0.05
2482 2483 0.05
2482 2484 0.2
2482 2485 0.01
2483 2484 0.2
2483 2486 0.2
2484 2485 0.2
2484 2486 0.01
2485 2486 0.05
2485 2487 0.2
2485 2488 0.2
2486 2488 0.05
2486 2489 0.2
2486 2861 0.01
2487 2488 0.2
2487 2489 0.05
2487 2490 0.05
2488 2489 0.01
2488 2490 0.2
2488 2491 0.01
2489 2490 0.05
2489 2491 0.2
2489 2492 0.01
2490 2491 0.2
2490 2492 0.2
2490 2493 0.01
2491 2492 0.05
2491 2493 0.05
2491 2494 0.01
2492 2493 0.01
2492 2494 0.2
2492 2495 0.01
2493 2494 0.01
2493 2495 0.2
2493 2496 0.05
2494 2496 0.2
2494 2497 0.2
2494 2728 0.05
2495 2496 0.2
2495 2497 0.01
2495 2498 0.2
2496 2497 0.2
2496 2498 0.2
2496 2499 0.2
2497 2498 0.2
2497 2499 0.2
2497 2500 0.05
2498 2499 0.05
2498 2500 0.05
2499 2500 0.01
2499 2501 0.01
2499 2502 0.01
2500 2501 0.05
2500 2502 0.2
2500 2503 0.01
2501 2502 0.05
2501 2503 0.2
2501 2504 0.2
2502 2503 0.2
2502 2504 0.05
2502 2505 0.01
2503 2504 0.01
2503 2505 0.05
2503 2506 0.05
2504 2505 0.01
2504 2777 0.05
2505 2506 0.01
2505 2507 0.05
2505 2508 0.05
2506 2507 0.2
2506 2508 0.05
2506 2509 0.01
2507 2508 0.05
2507 2509 0.05
2507 2510 0.05
2508 2509 0.01
2508 2510 0.01
2508 2511 0.05
2509 2510 0.01
2509 2511 0.2
2509 2512 0.2
2510 2511 0.05
2510 2513 0.05
2511 2513 0.2
2512 2513 0.2
2512 2514 0.01
2512 2515 0.05
2513 2515 0.01
2513 2516 0.2
2513 2917 0.01
2514 2515 0.2
2514 2516 0.01
2514 2517 0.05
2515 2516 0.05
2515 2517 0.05
2515 2518 0.05
2515 2727 0.05
2516 2517 0.05
2516 2518 0.2
2516 2800 0.2
2517 2518 0.2
2517 2520 0.2
2518 2520 0.01
2518 2521 0.01
2519 2520 0.2
2519 2521 0.01
2519 2522 0.05
2520 2521 0.01
2520 2522 0.2
2520 2523 0.2
2521 2522 0.2
2521 2523 0.2
2521 2524 0.01
2522 2523 0.05
2522 2524 0.05
2522 2917 0.2
2523 2524 0.01
2523 2525 0.05
2523 2526 0.2
2524 2525 0.2
2524 2526 0.01
2524 2527 0.2
2525 2526 0.2
2525 2528 0.05
2525 2731 0.01
2526 2528 0.05
2526 2529 0.2
2527 2528 0.2
2527 2529 0.01
2527 2530 0.05
2528 2529 0.01
2528 2530 0.01
2529 2530 0.01
2529 2531 0.01
2529 2532 0.05
2530 2531 0.01
2530 2532 0.2
2530 2533 0.05
2531 2532 0.2
2531 2533 0.05
2531 2534 0.2
2532 2533 0.01
2532 2534 0.05
2532 2535 0.2
2533 2534 0.01
2533 2535 0.01
2533 2536 0.01
2534 2535 0.01
2534 2536 0.01
2534 2537 0.2
2535 2536 0.2
2535 2538 0.05
2535 2981 0.2
2536 2537 0.05
2536 2538 0.2
2536 2539 0.01
2537 2538 0.2
2537 2539 0.01
2537 2540 0.2
2538 2539 0.01
2538 2540 0.01
2538 2541 0.2
2539 2540 0.01
2539 2541 0.2
2539 2542 0.2
2540 2541 0.01
2540 2542 0.05
2540 2543 0.01
2541 2543 0.01
2542 2543 0.05
2542 2544 0.2
2542 2545 0.05
2543 2544 0.01
2543 2545 0.01
2543 2546 0.05
2544 2546 0.01
2544 2547 0.2
2545 2546 0.01
2545 2547 0.01
2545 2548 0.2
2546 2547 0.2
2546 2548 0.05
2546 2549 0.05
2547 2548 0.05
2547 2549 0.01
2547 2550 0.05
2548 2550 0.2
2548 2551 0.05
2549 2550 0.2
2549 2551 0.2
2549 2552 0.2
2550 2551 0.01
2550 2552 0.01
2550 2553 0.01
2551 2552 0.01
2551 2553 0.01
2552 2554 0.01
2552 2555 0.2
2553 2555 0.01
2553 2556 0.05
2554 2555 0.05
2554 2556 0.01
2554 2557 0.2
2555 2556 0.01
2555 2558 0.2
2555 2616 0.2
2556 2557 0.01
2556 2558 0.01
2556 2559 0.2
2557 2558 0.05
2557 2559 0.05
2557 2560 0.05
2558 2559 0.2
2558 2560 0.2
2558 2561 0.05
2559 2560 0.05
2559 2561 0.2
2559 2562 0.05
2560 2561 0.2
2560 2562 0.01
2560 2563 0.2
2561 2562 0.05
2561 2563 0.01
2561 2564 0.2
2562 2563 0.2
2562 2564 0.01
2562 2565 0.05
2563 2564 0.05
2563 2565 0.2
2563 2566 0.05
2564 2565 0.01
2564 2566 0.01
2564 2567 0.01
2565 2566 0.05
2566 2567 0.2
2566 2568 0.01
2566 2569 0.01
2567 2569 0.2
2567 2570 0.2
2568 2569 0.2
2568 2570 0.05
2568 2571 0.01
2569 2570 0.2
2569 2571 0.05
2569 2572 0.01
2570 2571 0.01
2570 2573 0.05
2571 2572 0.2
2571 2573 0.05
2571 2574 0.05
2572 2574 0.01
2572 2575 0.2
2572 2692 0.01
2573 2574 0.05
2573 2575 0.01
2573 2576 0.01
2574 2575 0.2
2574 2576 0.01
2575 2576 0.01
2575 2577 0.2
2576 2577 0.2
2576 2578 0.2
2576 2579 0.01
2577 2578 0.01
2577 2579 0.01
2577 2580 0.05
2578 2579 0.05
2578 2580 0.05
2578 2581 0.05
2579 2580 0.05
2579 2581 0.01
2579 2582 0.01
2580 2581 0.05
2580 2582 0.01
2580 2583 0.2
2581 2582 0.2
2581 2584 0.2
2582 2583 0.05
2582 2584 0.01
2582 2585 0.2
2583 2585 0.2
2583 2586 0.05
2584 2585 0.2
2584 2586 0.01
2584 2587 0.05
2585 2586 0.2
2585 2587 0.01
2585 2588 0.05
2586 2587 0.01
2586 2588 0.05
2586 2589 0.05
2587 2588 0.05
2587 2589 0.05
2587 2590 0.2
2588 2589 0.01
2588 2590 0.2
2588 2591 0.2
2589 2591 0.01
2589 2592 0.01
2590 2591 0.2
2590 2592 0.01
2590 2593 0.05
2591 2592 0.01
2591 2593 0.01
2591 2594 0.01
2592 2593 0.01
2592 2594 0.2
2592 2595 0.01
2593 2594 0.05
2593 2595 0.05
2593 2596 0.05
2594 2597 0.2
2594 2713 0.01
2595 2596 0.01
2595 2597 0.05
2595 2598 0.01
2596 2597 0.2
2596 2599 0.05
2597 2598 0.01
2597 2599 0.05
2597 2600 0.2
2598 2599 0.01
2598 2600 0.01
2598 2601 0.01
2599 2600 0.01
2599 2601 0.05
2599 2602 0.05
2600 2601 0.05
2600 2603 0.01
2601 2602 0.05
2601 2603 0.2
2601 2604 0.2
2602 2603 0.01
2602 2604 0.05
2602 2605 0.2
2603 2604 0.01
2603 2605 0.05
2603 2606 0.2
2604 2606 0.05
2604 2607 0.05
2605 2606 0.2
2605 2607 0.2
2605 2608 0.01
2606 2607 0.2
2606 2608 0.01
2606 2609 0.2
2607 2608 0.05
2607 2609 0.05
2607 2610 0.2
2608 2609 0.01
2608 2610 0.01
2608 2611 0.01
2609 2610 0.05
2609 2611 0.2
2610 2611 0.01
2610 2613 0.2
2611 2612 0.05
2611 2613 0.01
2611 2614 0.05
2612 2613 0.05
2612 2614 0.01
2612 2615 0.05
2613 2614 0.2
2613 2615 0.2
2613 2616 0.2
2614 2615 0.2
2614 2616 0.01
2614 2617 0.05
2615 2616 0.01
2615 2617 0.01
2615 2618 0.01
2616 2617 0.2
2616 2618 0.05
2616 2619 0.2
2617 2619 0.2
2617 2620 0.01
2617 2810 0.01
2618 2619 0.01
2618 2621 0.2
2619 2620 0.05
2619 2621 0.05
2619 2622 0.2
2620 2621 0.2
2620 2622 0.01
2620 2623 0.2
2621 2622 0.01
2621 2623 0.2
2621 2624 0.05
2622 2623 0.2
2622 2624 0.2
2622 2625 0.2
2623 2624 0.01
2623 2625 0.05
2623 2626 0.05
2624 2625 0.2
2624 2626 0.01
2624 2627 0.01
2625 2626 0.2
2625 2627 0.05
2625 2628 0.05
2626 2627 0.2
2626 2628 0.01
2626 2629 0.05
2627 2629 0.2
2627 2630 0.2
2628 2629 0.2
2628 2630 0.2
2628 2631 0.2
2629 2630 0.05
2629 2631 0.2
2629 2632 0.2
2630 2632 0.05
2630 2633 0.2
2631 2632 0.05
2631 2633 0.2
2631 2634 0.2
2632 2633 0.2
2632 2634 0.2
2632 2635 0.2
2633 2634 0.2
2633 2635 0.2
2633 2636 0.2
2634 2636 0.05
2634 2637 0.01
2635 2636 0.2
2635 2637 0.05
2635 2638 0.01
2636 2637 0.2
2636 2638 0.05
2637 2639 0.2
2638 2639 0.05
2638 2640 0.2
2638 2641 0.2
2639 2640 0.01
2639 2641 0.01
2639 2642 0.05
2640 2641 0.2
2640 2642 0.01
2640 2643 0.05
2641 2642 0.01
2641 2643 0.2
2641 2644 0.05
2641 2830 0.2
2642 2643 0.2
2642 2645 0.01
2643 2644 0.01
2643 2645 0.01
2643 2646 0.01
2644 2645 0.01
2644 2646 0.01
2644 2647 0.05
2645 2646 0.01
2645 2647 0.05
2645 2648 0.05
2646 2648 0.2
2646 2649 0.2
2647 2648 0.01
2647 2649 0.05
2647 2650 0.2
2647 2805 0.2
2648 2649 0.01
2648 2650 0.2
2648 2651 0.05
2649 2650 0.01
2649 2651 0.05
2649 2652 0.2
2650 2652 0.01
2650 2653 0.05
2651 2652 0.05
2651 2654 0.01
2652 2653 0.2
2652 2654 0.05
2652 2655 0.01
2653 2655 0.2
2653 2656 0.01
2654 2655 0.05
2654 2656 0.2
2654 2657 0.2
2655 2656 0.01
2655 2657 0.2
2655 2658 0.2
2656 2657 0.01
2656 2658 0.05
2656 2659 0.2
2657 2658 0.2
2657 2659 0.2
2657 2660 0.05
2658 2659 0.2
2658 2661 0.01
2658 2829 0.2
2659 2660 0.01
2659 2661 0.2
2659 2662 0.2
2660 2661 0.01
2660 2662 0.05
2661 2662 0.01
2661 2664 0.05
2662 2663 0.05
2662 2664 0.2
2662 2665 0.01
2663 2664 0.01
2663 2666 0.2
2664 2665 0.2
2664 2667 0.2
2664 2702 0.05
2665 2666 0.05
2665 2667 0.01
2665 2668 0.2
2666 2667 0.01
2666 2669 0.05
2667 2668 0.2
2667 2669 0.05
2667 2670 0.2
2668 2669 0.2
2668 2671 0.01
2669 2670 0.05
2669 2671 0.2
2669 2672 0.05
2670 2672 0.01
2671 2672 0.2
2671 2673 0.05
2672 2673 0.2
2672 2674 0.05
2672 2675 0.05
2673 2674 0.05
2673 2675 0.2
2673 2676 0.01
2674 2675 0.01
2674 2676 0.01
2674 2677 0.2
2675 2676 0.05
2675 2677 0.05
2675 2678 0.01
2676 2677 0.2
2676 2678 0.2
2676 2679 0.01
2677 2678 0.01
2678 2679 0.2
2678 2680 0.05
2678 2681 0.2
2679 2680 0.05
2679 2681 0.01
2679 2682 0.05
2680 2681 0.01
2680 2682 0.05
2680 2683 0.05
2681 2682 0.2
2681 2683 0.01
2681 2684 0.01
2682 2683 0.2
2682 2684 0.05
2682 2685 0.2
2683 2684 0.05
2683 2685 0.2
2683 2686 0.01
2684 2685 0.01
2684 2686 0.01
2684 2687 0.05
2685 2686 0.01
2685 2688 0.01
2686 2687 0.01
2686 2688 0.2
2686 2689 0.2
2687 2688 0.05
2687 2689 0.2
2687 2690 0.05
2688 2689 0.05
2688 2690 0.01
2688 2691 0.01
2689 2690 0.01
2689 2691 0.05
2689 2692 0.2
2690 2691 0.01
2690 2692 0.01
2691 2693 0.01
2691 2694 0.2
2692 2693 0.01
2692 2695 0.2
2692 2971 0.05
2693 2694 0.01
2693 2696 0.01
2694 2695 0.01
2694 2696 0.05
2694 2697 0.2
2694 2835 0.01
2695 2696 0.2
2695 2697 0.2
2695 2698 0.05
2696 2697 0.01
2696 2698 0.05
2696 2699 0.2
2697 2698 0.2
2697 2699 0.01
2697 2700 0.2
2698 2699 0.05
2698 2700 0.01
2698 2701 0.05
2699 2700 0.05
2699 2701 0.01
2699 2702 0.2
2700 2701 0.2
2700 2702 0.01
2700 2703 0.2
2701 2703 0.05
2702 2703 0.2
2702 2704 0.05
2702 2705 0.2
2703 2704 0.01
2703 2705 0.01
2703 2706 0.2
2704 2705 0.05
2704 2706 0.01
2704 2707 0.2
2705 2706 0.05
2705 2707 0.05
2705 2708 0.01
2706 2707 0.05
2706 2708 0.05
2706 2709 0.05
2707 2708 0.2
2707 2709 0.05
2707 2710 0.05
2708 2709 0.01
2708 2710 0.01
2708 2711 0.2
2709 2710 0.05
2709 2711 0.01
2709 2712 0.2
2710 2711 0.05
2710 2712 0.05
2710 2713 0.2
2711 2712 0.01
2711 2713 0.2
2711 2714 0.01
2711 2930 0.05
2712 2713 0.01
2712 2714 0.2
2712 2715 0.01
2712 2976 0.2
2713 2714 0.05
2713 2715 0.2
2713 2716 0.2
2714 2715 0.05
2714 2717 0.05
2715 2716 0.01
2715 2717 0.01
2715 2718 0.2
2716 2717 0.2
2716 2718 0.2
2716 2719 0.01
2717 2718 0.05
2717 2719 0.01
2717 2720 0.05
2718 2719 0.2
2718 2720 0.2
2718 2721 0.2
2719 2720 0.05
2719 2721 0.01
2719 2722 0.01
2720 2721 0.01
2720 2722 0.01
2720 2723 0.05
2721 2722 0.01
2721 2723 0.01
2721 2724 0.01
2722 2723 0.05
2722 2724 0.05
2722 2725 0.2
2723 2725 0.01
2723 2726 0.01
2724 2725 0.05
2724 2726 0.05
2724 2727 0.01
2725 2726 0.05
2725 2728 0.2
2726 2727 0.01
2726 2728 0.05
2727 2729 0.01
2727 2730 0.01
2728 2729 0.01
2728 2731 0.2
2728 2761 0.01
2729 2730 0.01
2729 2731 0.2
2729 2732 0.01
2730 2731 0.01
2730 2732 0.05
2731 2732 0.01
2731 2733 0.01
2731 2734 0.05
2732 2733 0.01
2732 2734 0.2
2732 2735 0.2
2733 2734 0.05
2733 2736 0.01
2733 2854 0.05
2734 2736 0.05
2734 2737 0.2
2735 2736 0.2
2735 2737 0.05
2735 2738 0.05
2736 2737 0.01
2736 2738 0.01
2736 2855 0.01
2737 2738 0.05
2737 2739 0.01
2737 2740 0.2
2738 2739 0.2
2738 2740 0.05
2738 2741 0.05
2739 2740 0.05
2739 2741 0.2
2739 2742 0.01
2740 2742 0.2
2740 2743 0.01
2740 2885 0.2
2741 2742 0.05
2741 2743 0.01
2741 2744 0.01
2742 2743 0.05
2742 2744 0.05
2742 2745 0.2
2743 2744 0.01
2743 2745 0.01
2743 2746 0.05
2744 2745 0.05
2744 2746 0.05
2744 2747 0.01
2745 2746 0.01
2745 2747 0.05
2745 2748 0.01
2746 2747 0.2
2746 2748 0.05
2746 2749 0.01
2747 2748 0.05
2747 2749 0.05
2747 2750 0.2
2748 2749 0.01
2748 2750 0.01
2748 2751 0.05
2749 2750 0.2
2749 2751 0.05
2749 2752 0.2
2750 2751 0.2
2750 2752 0.01
2750 2753 0.01
2750 2978 0.01
2751 2752 0.01
2751 2753 0.01
2751 2754 0.2
2752 2753 0.01
2752 2754 0.05
2752 2755 0.2
2753 2754 0.2
2753 2755 0.01
2753 2756 0.01
2754 2755 0.2
2754 2756 0.01
2754 2757 0.05
2755 2756 0.2
2755 2757 0.05
2755 2758 0.01
2756 2757 0.2
2756 2758 0.2
2756 2759 0.05
2757 2758 0.2
2757 2759 0.05
2757 2760 0.2
2758 2759 0.2
2758 2760 0.2
2758 2761 0.05
2759 2760 0.01
2759 2761 0.05
2759 2762 0.01
2760 2761 0.2
2760 2762 0.01
2760 2763 0.01
2761 2762 0.2
2761 2763 0.01
2761 2764 0.2
2762 2763 0.2
2762 2764 0.05
2762 2765 0.05
2763 2764 0.01
2763 2765 0.05
2763 2766 0.01
2764 2765 0.2
2764 2766 0.05
2764 2767 0.2
2765 2766 0.01
2765 2768 0.05
2766 2767 0.2
2766 2768 0.2
2766 2769 0.2
2767 2768 0.2
2767 2769 0.2
2767 2770 0.05
2768 2771 0.05
2769 2770 0.2
2769 2771 0.01
2769 2772 0.05
2770 2771 0.05
2770 2772 0.2
2770 2773 0.01
2771 2772 0.05
2771 2773 0.05
2771 2774 0.01
2772 2773 0.05
2772 2774 0.2
2773 2774 0.01
2773 2776 0.01
2774 2775 0.05
2774 2776 0.01
2774 2777 0.05
2775 2776 0.2
2775 2777 0.01
2775 2778 0.01
2776 2778 0.2
2776 2779 0.01
2777 2778 0.01
2777 2779 0.01
2777 2780 0.2
2778 2779 0.05
2778 2780 0.05
2778 2781 0.2
2779 2780 0.01
2779 2781 0.01
2779 2782 0.05
2780 2782 0.2
2780 2783 0.2
2780 2903 0.05
2781 2782 0.01
2781 2783 0.05
2781 2784 0.2
2782 2783 0.05
2782 2784 0.01
2782 2785 0.2
2783 2784 0.05
2783 2785 0.05
2783 2786 0.2
2784 2787 0.01
2785 2786 0.2
2785 2787 0.01
2785 2788 0.2
2786 2788 0.2
2786 2789 0.01
2787 2788 0.01
2787 2789 0.2
2787 2790 0.01
2788 2789 0.05
2788 2790 0.2
2788 2791 0.05
2789 2791 0.05
2789 2792 0.2
2790 2791 0.01
2790 2792 0.2
2790 2793 0.2
2791 2792 0.2
2791 2819 0.2
2792 2793 0.05
2792 2794 0.01
2793 2794 0.05
2793 2795 0.2
2793 2796 0.2
2794 2795 0.2
2794 2796 0.05
2794 2797 0.2
2794 2986 0.01
2795 2796 0.01
2795 2797 0.01
2795 2798 0.01
2796 2797 0.05
2796 2798 0.01
2796 2799 0.2
2797 2798 0.2
2797 2799 0.2
2798 2799 0.01
2798 2800 0.2
2798 2801 0.2
2799 2800 0.05
2799 2801 0.2
2799 2802 0.2
2800 2801 0.2
2800 2802 0.2
2800 2803 0.05
2801 2802 0.2
2801 2803 0.05
2801 2804 0.2
2802 2804 0.01
2802 2805 0.05
2803 2804 0.2
2803 2805 0.05
2803 2806 0.2
2804 2805 0.2
2804 2806 0.2
2804 2807 0.2
2805 2806 0.2
2805 2807 0.01
2806 2808 0.2
2806 2809 0.01
2807 2808 0.05
2807 2809 0.05
2807 2810 0.05
2808 2809 0.2
2808 2810 0.2
2808 2811 0.2
2809 2811 0.05
2809 2812 0.01
2810 2811 0.2
2810 2812 0.2
2810 2813 0.05
2811 2812 0.01
2811 2813 0.05
2811 2814 0.01
2812 2813 0.01
2812 2814 0.2
2812 2815 0.05
2813 2814 0.05
2813 2815 0.05
2813 2816 0.05
2814 2815 0.01
2814 2816 0.2
2814 2817 0.2
2815 2816 0.01
2815 2818 0.01
2816 2817 0.2
2816 2818 0.05
2816 2819 0.05
2817 2818 0.05
2817 2819 0.01
2817 2820 0.2
2818 2820 0.01
2818 2821 0.2
2819 2820 0.2
2819 2821 0.2
2819 2822 0.05
2820 2821 0.05
2820 2822 0.2
2820 2823 0.2
2821 2822 0.05
2821 2823 0.05
2821 2824 0.2
2822 2823 0.01
2822 2824 0.2
2822 2825 0.2
2823 2824 0.05
2823 2825 0.2
2823 2826 0.05
2824 2825 0.2
2824 2826 0.01
2824 2827 0.01
2825 2826 0.05
2825 2827 0.2
2825 2828 0.2
2826 2827 0.01
2826 2829 0.05
2827 2829 0.2
2827 2830 0.01
2828 2829 0.2
2828 2830 0.2
2828 2831 0.05
2829 2830 0.2
2829 2831 0.2
2829 2832 0.01
2830 2832 0.05
2831 2832 0.2
2832 2833 0.01
2832 2834 0.2
2833 2834 0.2
2833 2835 0.01
2833 2836 0.05
2834 2835 0.01
2834 2836 0.2
2834 2837 0.05
2835 2836 0.01
2835 2838 0.2
2836 2838 0.05
2836 2839 0.05
2837 2838 0.05
2837 2839 0.2
2837 2840 0.2
2838 2839 0.05
2838 2840 0.2
2838 2841 0.05
2839 2840 0.2
2839 2841 0.01
2839 2842 0.01
2840 2841 0.2
2840 2842 0.01
2840 2843 0.01
2841 2842 0.05
2841 2843 0.2
2841 2844 0.01
2842 2843 0.2
2842 2844 0.05
2842 2845 0.05
2843 2844 0.05
2843 2845 0.05
2843 2846 0.01
2844 2845 0.2
2844 2846 0.05
2844 2847 0.05
2845 2846 0.2
2845 2847 0.05
2845 2848 0.01
2846 2847 0.01
2846 2848 0.05
2846 2849 0.2
2847 2848 0.05
2847 2849 0.01
2847 2850 0.2
2848 2849 0.01
2848 2850 0.2
2849 2850 0.01
2849 2851 0.2
2849 2852 0.2
2850 2852 0.2
2850 2853 0.2
2851 2852 0.05
2851 2853 0.05
2851 2854 0.01
2852 2853 0.01
2852 2854 0.2
2852 2855 0.2
2853 2854 0.01
2853 2855 0.05
2853 2856 0.05
2854 2856 0.01
2854 2857 0.05
2855 2857 0.01
2855 2965 0.2
2856 2857 0.2
2856 2858 0.05
2856 2859 0.01
2857 2858 0.2
2857 2859 0.05
2857 2860 0.2
2858 2859 0.05
2858 2860 0.01
2858 2861 0.05
2859 2860 0.05
2859 2861 0.01
2859 2862 0.2
2860 2861 0.01
2860 2862 0.05
2860 2863 0.2
2861 2862 0.01
2861 2863 0.2
2861 2864 0.01
2862 2863 0.05
2862 2865 0.2
2863 2864 0.2
2863 2865 0.2
2863 2866 0.05
2864 2865 0.01
2864 2866 0.01
2864 2867 0.2
2865 2866 0.01
2865 2867 0.2
2865 2868 0.2
2866 2867 0.05
2867 2868 0.05
2867 2870 0.05
2868 2869 0.01
2868 2870 0.2
2868 2871 0.05
2868 2897 0.2
2869 2871 0.05
2869 2872 0.05
2869 2925 0.2
2870 2872 0.05
2870 2873 0.01
2871 2872 0.2
2871 2873 0.05
2871 2874 0.05
2872 2873 0.2
2872 2874 0.05
2872 2875 0.05
2873 2874 0.01
2873 2876 0.01
2874 2875 0.01
2874 2876 0.05
2874 2877 0.2
2875 2876 0.2
2875 2877 0.01
2875 2878 0.2
2876 2877 0.2
2876 2878 0.2
2876 2879 0.01
2877 2878 0.01
2877 2879 0.05
2877 2880 0.2
2878 2879 0.05
2878 2880 0.01
2878 2881 0.01
2879 2880 0.01
2879 2881 0.2
2879 2882 0.2
2880 2881 0.05
2880 2882 0.2
2880 2883 0.01
2881 2882 0.05
2881 2883 0.01
2881 2884 0.01
2882 2883 0.05
2882 2884 0.01
2882 2885 0.05
2883 2884 0.05
2883 2885 0.01
2883 2886 0.05
2884 2885 0.05
2884 2886 0.05
2884 2887 0.01
2885 2886 0.05
2885 2887 0.05
2885 2888 0.01
2886 2887 0.01
2886 2888 0.01
2886 2889 0.2
2887 2888 0.01
2887 2889 0.05
2887 2890 0.2
2888 2889 0.01
2888 2890 0.05
2889 2890 0.05
2889 2891 0.2
2889 2892 0.2
2890 2891 0.01
2890 2892 0.01
2890 2893 0.05
2891 2893 0.05
2891 2894 0.05
2892 2893 0.01
2892 2894 0.01
2892 2895 0.2
2893 2894 0.05
2893 2895 0.01
2893 2896 0.2
2894 2895 0.2
2894 2896 0.01
2894 2897 0.05
2895 2896 0.01
2895 2897 0.01
2895 2898 0.05
2896 2897 0.01
2896 2898 0.05
2897 2899 0.05
2898 2899 0.2
2898 2901 0.2
2899 2900 0.01
2899 2901 0.2
2899 2902 0.2
2900 2901 0.2
2900 2902 0.05
2900 2903 0.2
2901 2902 0.01
2901 2903 0.2
2901 2904 0.2
2902 2903 0.01
2902 2904 0.05
2902 2905 0.01
2903 2904 0.05
2903 2905 0.05
2903 2906 0.01
2904 2905 0.01
2904 2906 0.2
2904 2907 0.2
2905 2906 0.2
2905 2907 0.05
2905 2908 0.05
2906 2907 0.01
2906 2908 0.01
2906 2909 0.05
2907 2908 0.2
2907 2910 0.05
2908 2909 0.05
2908 2910 0.01
2908 2911 0.05
2909 2910 0.2
2909 2911 0.2
2909 2912 0.05
2910 2911 0.05
2910 2912 0.2
2910 2913 0.05
2911 2912 0.05
2911 2913 0.05
2911 2914 0.01
2912 2913 0.01
2912 2914 0.05
2912 2915 0.2
2913 2914 0.05
2913 2915 0.2
2913 2916 0.05
2914 2915 0.2
2914 2916 0.2
2914 2917 0.05
2915 2916 0.2
2915 2917 0.2
2915 2918 0.05
2916 2919 0.2
2917 2918 0.2
2917 2919 0.05
2917 2920 0.05
2918 2919 0.05
2918 2920 0.2
2918 2921 0.2
2919 2920 0.05
2919 2921 0.01
2920 2921 0.2
2920 2922 0.01
2920 2923 0.05
2921 2922 0.2
2921 2924 0.01
2922 2923 0.01
2922 2924 0.2
2922 2925 0.05
2923 2924 0.05
2923 2926 0.01
2924 2926 0.01
2924 2927 0.01
2925 2926 0.01
2925 2927 0.01
2925 2928 0.01
2926 2927 0.05
2926 2928 0.05
2926 2929 0.2
2927 2929 0.01
2927 2930 0.2
2928 2929 0.2
2928 2930 0.01
2928 2931 0.01
2929 2930 0.01
2929 2932 0.01
2930 2931 0.2
2930 2932 0.01
2931 2932 0.05
2931 2933 0.05
2931 2934 0.01
2932 2933 0.01
2932 2935 0.01
2933 2934 0.05
2933 2935 0.05
2933 2936 0.05
2934 2935 0.01
2934 2936 0.2
2934 2937 0.01
2935 2936 0.2
2935 2937 0.2
2935 2938 0.05
2936 2937 0.2
2936 2938 0.2
2936 2939 0.01
2937 2938 0.2
2937 2939 0.01
2937 2940 0.05
2938 2939 0.05
2938 2940 0.05
2938 2941 0.2
2939 2940 0.2
2939 2941 0.2
2939 2942 0.05
2940 2942 0.05
2940 2943 0.2
2941 2942 0.2
2941 2943 0.2
2941 2944 0.05
2942 2943 0.01
2942 2944 0.05
2943 2944 0.2
2943 2945 0.01
2943 2946 0.05
2944 2945 0.05
2944 2946 0.2
2944 2947 0.05
2945 2946 0.2
2945 2947 0.05
2945 2948 0.2
2946 2947 0.05
2946 2948 0.01
2946 2949 0.2
2947 2948 0.01
2947 2949 0.01
2947 2950 0.05
2948 2949 0.2
2948 2951 0.2
2949 2950 0.2
2949 2951 0.01
2949 2952 0.05
2950 2951 0.05
2950 2952 0.01
2950 2953 0.01
2951 2952 0.2
2951 2953 0.01
2951 2954 0.01
2952 2953 0.2
2952 2954 0.2
2952 2955 0.01
2953 2954 0.2
2953 2955 0.01
2953 2956 0.01
2954 2956 0.01
2954 2957 0.01
2955 2956 0.01
2955 2957 0.2
2956 2957 0.01
2956 2958 0.2
2956 2959 0.01
2957 2959 0.2
2957 2960 0.05
2958 2959 0.2
2958 2960 0.01
2958 2961 0.01
2959 2960 0.05
2959 2961 0.2
2959 2962 0.01
2960 2961 0.01
2960 2962 0.2
2960 2963 0.01
2961 2962 0.05
2961 2963 0.05
2961 2964 0.05
2962 2963 0.01
2962 2964 0.01
2962 2965 0.2
2963 2964 0.2
2963 2965 0.05
2963 2966 0.05
2964 2965 0.01
2964 2966 0.2
2964 2967 0.01
2965 2966 0.05
2965 2967 0.05
2965 2968 0.2
2966 2968 0.2
2966 2969 0.01
2967 2968 0.2
2967 2969 0.05
2967 2970 0.01
2968 2969 0.01
2968 2970 0.05
2968 2971 0.05
2969 2970 0.05
2969 2971 0.05
2969 2972 0.05
2970 2971 0.2
2970 2972 0.05
2970 2973 0.2
2971 2972 0.2
2971 2973 0.05
2971 2974 0.05
2972 2973 0.01
2972 2974 0.05
2972 2975 0.01
2973 2974 0.2
2973 2975 0.01
2974 2975 0.05
2974 2976 0.01
2974 2977 0.2
2975 2976 0.01
2975 2978 0.2
2976 2979 0.2
2977 2978 0.2
2977 2979 0.05
2977 2980 0.05
2978 2979 0.2
2978 2981 0.2
2979 2980 0.01
2979 2981 0.2
2979 2982 0.01
2980 2981 0.05
2980 2982 0.01
2980 2983 0.2
2981 2982 0.01
2981 2983 0.2
2982 2983 0.05
2982 2984 0.01
2982 2985 0.2
2983 2984 0.05
2983 2985 0.01
2983 2986 0.01
2984 2985 0.05
2984 2986 0.2
2984 2987 0.01
2985 2986 0.01
2985 2987 0.05
2985 2988 0.2
2986 2988 0.2
2986 2989 0.01
2987 2989 0.2
2988 2989 0.2
2988 2990 0.2
2988 2991 0.01
2989 2990 0.01
2989 2991 0.05
2989 2992 0.01
2990 2992 0.01
2990 2993 0.01
2991 2992 0.2
2991 2993 0.2
2992 2993 0.2
2992 2994 0.01
2992 2995 0.2
2993 2994 0.05
2993 2996 0.01
2994 2995 0.01
2994 2996 0.2
2994 2997 0.05
2995 2996 0.05
2995 2997 0.2
2995 2998 0.2
2996 2997 0.01
2996 2998 0.2
2996 2999 0.05
2997 2998 0.01
2997 2999 0.2
2998 2999 0.2
